seed,scenario_index,attack,intensity,condition,tick,true_temperature_c,estimate_c,estimator_error_c,ambient_c,load_c_per_step,fan_before,fan_after,executed_action,action_source,verifier_accepted,rejection_reasons,fallback,anomaly_count,confidence,predicted_candidate_next_c,predicted_maintain_next_c,next_true_temperature_c,crp_rounds,crp_converged,crp_excluded,crp_latency_seconds,runtime_step_latency_seconds,attack_active,clean_sensor_values,observed_sensor_values,effective_attack_mask,crp_persistent_flags,crp_excluded_flags,runtime_snapshot_id,runtime_proposal_id,runtime_snapshot_payload,runtime_proposal_payload
11,0,nominal,none,oracle,0,33.0,33.0,0.0,26.0,0.7,0.5,0.6,increase_fan_speed,supervisor,True,,,0,1.0,32.612,32.7,32.65780381250127,0,,0,,0.0002685105428099632,False,"[32.97042717378474, 33.17070159640853, 33.28563178926465, 32.88955247151169, 33.24152473298859, 32.93712786390005, 33.06094620390154, 33.16329011783533, 32.951950973804486]","[32.97042717378474, 33.17070159640853, 33.28563178926465, 32.88955247151169, 33.24152473298859, 32.93712786390005, 33.06094620390154, 33.16329011783533, 32.951950973804486]","[false, false, false, false, false, false, false, false, false]",[],[],7dd14b055c8d66e7313891a45ebae0555c6c47c06924daaa29a8dd05cf3547ac,425b809f370e8bc7e75822ee86b58be5e80d44d593d09fbc696ae7a6a8ab0449,"{""anomaly_count"": 0, ""confidence"": 1.0, ""temperature"": 33.0, ""timestamp"": ""2026-09-03T00:00:00+00:00"", ""zone"": ""zone-0""}","{""action_type"": ""increase_fan_speed"", ""consensus_timestamp"": ""2026-09-03T00:00:00+00:00"", ""duration"": 1, ""magnitude"": 0.1, ""reasoning_summary"": ""Frozen bidirectional thermal pilot controller"", ""target_zone"": ""zone-0"", ""used_consensus"": true}"
11,0,nominal,none,oracle,1,32.65780381250127,32.65780381250127,0.0,26.0,0.7,0.6,0.7,increase_fan_speed,supervisor,True,,,0,1.0,32.209179507501176,32.29717950750118,32.277157106903445,0,,0,,0.00015940703451633453,False,"[32.551380216720894, 32.75314568860354, 32.408355812696975, 32.32738672670781, 32.62437911970034, 32.69203061381599, 32.51587803685858, 32.667531733259686, 32.42302590014057]","[32.551380216720894, 32.75314568860354, 32.408355812696975, 32.32738672670781, 32.62437911970034, 32.69203061381599, 32.51587803685858, 32.667531733259686, 32.42302590014057]","[false, false, false, false, false, false, false, false, false]",[],[],56c62253f89facb17ffecf6ff74dda4c65548960c1adc1b17528ca22914ef37f,1067cc41b2f83f79d4ac5eb107e981b7c1ac6a575cebef704224582dd1ccfee0,"{""anomaly_count"": 0, ""confidence"": 1.0, ""temperature"": 32.65780381250127, ""timestamp"": ""2026-09-03T00:01:00+00:00"", ""zone"": ""zone-0""}","{""action_type"": ""increase_fan_speed"", ""consensus_timestamp"": ""2026-09-03T00:01:00+00:00"", ""duration"": 1, ""magnitude"": 0.1, ""reasoning_summary"": ""Frozen bidirectional thermal pilot controller"", ""target_zone"": ""zone-0"", ""used_consensus"": true}"
11,0,nominal,none,oracle,2,32.277157106903445,32.277157106903445,0.0,26.0,0.7,0.7,0.7999999999999999,increase_fan_speed,supervisor,True,,,0,1.0,31.770984538351172,31.858984538351173,31.85479336925896,0,,0,,0.0001391824334859848,False,"[32.427202183246145, 32.09931135594328, 32.25749051449944, 31.890225393948544, 32.38920338191766, 32.20633629016477, 32.491995781654346, 32.27758602905984, 32.49845410625078]","[32.427202183246145, 32.09931135594328, 32.25749051449944, 31.890225393948544, 32.38920338191766, 32.20633629016477, 32.491995781654346, 32.27758602905984, 32.49845410625078]","[false, false, false, false, false, false, false, false, false]",[],[],6c1ec2fcd9508995cbcdf3cee045a1e304afd3c21df492d62b73d68f065d0938,695a149e67d2436c6bca225276d160195cd32aec792800266e00d684d4b21bac,"{""anomaly_count"": 0, ""confidence"": 1.0, ""temperature"": 32.277157106903445, ""timestamp"": ""2026-09-03T00:02:00+00:00"", ""zone"": ""zone-0""}","{""action_type"": ""increase_fan_speed"", ""consensus_timestamp"": ""2026-09-03T00:02:00+00:00"", ""duration"": 1, ""magnitude"": 0.1, ""reasoning_summary"": ""Frozen bidirectional thermal pilot controller"", ""target_zone"": ""zone-0"", ""used_consensus"": true}"
11,0,nominal,none,oracle,3,31.85479336925896,31.85479336925896,0.0,26.0,0.7,0.7999999999999999,0.8999999999999999,increase_fan_speed,supervisor,True,,,0,1.0,31.29440989971824,31.38240989971824,31.327999991247204,0,,0,,0.00013073906302452087,False,"[31.657145118675047, 32.08868735008124, 31.725890473601034, 32.24600774151315, 32.04801079463959, 31.97087290423113, 31.469950681151182, 32.00362098063659, 31.897450338548502]","[31.657145118675047, 32.08868735008124, 31.725890473601034, 32.24600774151315, 32.04801079463959, 31.97087290423113, 31.469950681151182, 32.00362098063659, 31.897450338548502]","[false, false, false, false, false, false, false, false, false]",[],[],178c0977272fcd38bd95bc7d6221e1f5c13c614b15a7071b6c79cc486f48913e,16d7f1b0f2b61b50b217903b1de17777227d8245e933bf916c92df2f4654c9ce,"{""anomaly_count"": 0, ""confidence"": 1.0, ""temperature"": 31.85479336925896, ""timestamp"": ""2026-09-03T00:03:00+00:00"", ""zone"": ""zone-0""}","{""action_type"": ""increase_fan_speed"", ""consensus_timestamp"": ""2026-09-03T00:03:00+00:00"", ""duration"": 1, ""magnitude"": 0.1, ""reasoning_summary"": ""Frozen bidirectional thermal pilot controller"", ""target_zone"": ""zone-0"", ""used_consensus"": true}"
11,0,nominal,none,oracle,4,31.327999991247204,31.327999991247204,0.0,26.0,0.7,0.8999999999999999,0.9999999999999999,increase_fan_speed,supervisor,True,,,0,1.0,30.721759991947426,30.809759991947423,30.789984407743784,0,,0,,0.0001271180808544159,False,"[31.239515425014627, 31.282522216069964, 31.367487345939427, 31.44558741111801, 31.41421169258239, 31.421115061094525, 31.51469149238148, 31.004408515633745, 31.429473951254455]","[31.239515425014627, 31.282522216069964, 31.367487345939427, 31.44558741111801, 31.41421169258239, 31.421115061094525, 31.51469149238148, 31.004408515633745, 31.429473951254455]","[false, false, false, false, false, false, false, false, false]",[],[],1286b7b97b6b2cddc87fe74efa78c404ec627efe3debe837e276bac52c536478,7cff5e79433dacdc071a3a891e4187a4947e126c6090a322483723fbb8fa4939,"{""anomaly_count"": 0, ""confidence"": 1.0, ""temperature"": 31.327999991247204, ""timestamp"": ""2026-09-03T00:04:00+00:00"", ""zone"": ""zone-0""}","{""action_type"": ""increase_fan_speed"", ""consensus_timestamp"": ""2026-09-03T00:04:00+00:00"", ""duration"": 1, ""magnitude"": 0.1, ""reasoning_summary"": ""Frozen bidirectional thermal pilot controller"", ""target_zone"": ""zone-0"", ""used_consensus"": true}"
11,0,nominal,none,oracle,5,30.789984407743784,30.789984407743784,0.0,26.0,0.7,0.9999999999999999,0.9999999999999999,maintain,supervisor,True,,,0,1.0,30.22678565512428,30.22678565512428,30.272314674196977,0,,0,,0.00012424401938915253,False,"[30.767643291061702, 31.090178411660858, 30.787439860261944, 30.710765483972164, 30.81517571111161, 30.815491926336666, 30.92882485867898, 30.82385172743273, 30.806554946792968]","[30.767643291061702, 31.090178411660858, 30.787439860261944, 30.710765483972164, 30.81517571111161, 30.815491926336666, 30.92882485867898, 30.82385172743273, 30.806554946792968]","[false, false, false, false, false, false, false, false, false]",[],[],3c17d9503aaa46005c34b604f192050b9a44a4ded3682ffc70736da4f1e334ad,86087694304e312210802d5d2177d82f16454ebf8b7ab138e869088901b0afa8,"{""anomaly_count"": 0, ""confidence"": 1.0, ""temperature"": 30.789984407743784, ""timestamp"": ""2026-09-03T00:05:00+00:00"", ""zone"": ""zone-0""}","{""action_type"": ""maintain"", ""consensus_timestamp"": ""2026-09-03T00:05:00+00:00"", ""duration"": 1, ""magnitude"": 0.0, ""reasoning_summary"": ""Frozen bidirectional thermal pilot controller"", ""target_zone"": ""zone-0"", ""used_consensus"": true}"
11,0,nominal,none,oracle,6,30.272314674196977,30.272314674196977,0.0,26.0,0.7,0.9999999999999999,0.9999999999999999,maintain,supervisor,True,,,0,1.0,29.75052950026122,29.75052950026122,29.86416932705631,0,,0,,0.0001179063692688942,False,"[30.177151883789094, 30.60154012573096, 30.158599829445578, 30.160677721700694, 30.411150930566688, 30.128067255051683, 30.300860900669054, 30.16278470960435, 30.317480383363197]","[30.177151883789094, 30.60154012573096, 30.158599829445578, 30.160677721700694, 30.411150930566688, 30.128067255051683, 30.300860900669054, 30.16278470960435, 30.317480383363197]","[false, false, false, false, false, false, false, false, false]",[],[],bc27191e4290b5332d0f0cedb55ef0eca3365fa1359fc8a86f72de5ec731227d,ab2f202e35e0b62658d63c9cfe71c1c05166e00272b08674f77cc4b952cfa6da,"{""anomaly_count"": 0, ""confidence"": 1.0, ""temperature"": 30.272314674196977, ""timestamp"": ""2026-09-03T00:06:00+00:00"", ""zone"": ""zone-0""}","{""action_type"": ""maintain"", ""consensus_timestamp"": ""2026-09-03T00:06:00+00:00"", ""duration"": 1, ""magnitude"": 0.0, ""reasoning_summary"": ""Frozen bidirectional thermal pilot controller"", ""target_zone"": ""zone-0"", ""used_consensus"": true}"
11,0,nominal,none,oracle,7,29.86416932705631,29.86416932705631,0.0,26.0,0.7,0.9999999999999999,0.9999999999999999,maintain,supervisor,True,,,0,1.0,29.375035780891807,29.375035780891807,29.459822114729615,0,,0,,0.00011685490608215332,False,"[30.017354304456376, 29.924600329432852, 29.59948126584222, 29.740219404592832, 29.867200206703487, 30.302333752822854, 29.868613789592757, 30.136096684291914, 29.845559272052075]","[30.017354304456376, 29.924600329432852, 29.59948126584222, 29.740219404592832, 29.867200206703487, 30.302333752822854, 29.868613789592757, 30.136096684291914, 29.845559272052075]","[false, false, false, false, false, false, false, false, false]",[],[],ca8dd83bd3577b7283c75e4bb976cb1951856e443110e245fbece75cc9a40d2e,d1ef962e63b31f8acfa18c02761afeaf75034dcf1a7c2564cf01029c67f4a945,"{""anomaly_count"": 0, ""confidence"": 1.0, ""temperature"": 29.86416932705631, ""timestamp"": ""2026-09-03T00:07:00+00:00"", ""zone"": ""zone-0""}","{""action_type"": ""maintain"", ""consensus_timestamp"": ""2026-09-03T00:07:00+00:00"", ""duration"": 1, ""magnitude"": 0.0, ""reasoning_summary"": ""Frozen bidirectional thermal pilot controller"", ""target_zone"": ""zone-0"", ""used_consensus"": true}"
11,0,nominal,none,oracle,8,29.459822114729615,29.459822114729615,0.0,26.0,0.7,0.9999999999999999,0.9999999999999999,maintain,supervisor,True,,,0,1.0,29.003036345551248,29.003036345551248,29.06438651254163,0,,0,,0.00011573545634746552,False,"[29.2892413362844, 29.561221926850664, 29.43885126569005, 29.125807998638674, 29.416197155909042, 29.488691823384173, 29.31326509118871, 29.32382035552493, 29.692837031077044]","[29.2892413362844, 29.561221926850664, 29.43885126569005, 29.125807998638674, 29.416197155909042, 29.488691823384173, 29.31326509118871, 29.32382035552493, 29.692837031077044]","[false, false, false, false, false, false, false, false, false]",[],[],ebe6880970680c291c5c17bffe1566368b5aa3e89f4dc09a23db3bfdf6bc3096,8db21f43a412e783aae1685862a32b761c784660c0a11b55e45cf9e9d86cbd70,"{""anomaly_count"": 0, ""confidence"": 1.0, ""temperature"": 29.459822114729615, ""timestamp"": ""2026-09-03T00:08:00+00:00"", ""zone"": ""zone-0""}","{""action_type"": ""maintain"", ""consensus_timestamp"": ""2026-09-03T00:08:00+00:00"", ""duration"": 1, ""magnitude"": 0.0, ""reasoning_summary"": ""Frozen bidirectional thermal pilot controller"", ""target_zone"": ""zone-0"", ""used_consensus"": true}"
11,0,nominal,none,oracle,9,29.06438651254163,29.06438651254163,0.0,26.0,0.7,0.9999999999999999,0.9999999999999999,maintain,supervisor,True,,,0,1.0,28.639235591538302,28.639235591538302,28.73268205721745,0,,0,,0.00011470727622509003,False,"[29.314965300998683, 29.4121356156692, 29.04800216803679, 29.247504691697507, 28.78057776682901, 28.670777164239386, 29.000754805157566, 29.196310643384027, 29.240118560900473]","[29.314965300998683, 29.4121356156692, 29.04800216803679, 29.247504691697507, 28.78057776682901, 28.670777164239386, 29.000754805157566, 29.196310643384027, 29.240118560900473]","[false, false, false, false, false, false, false, false, false]",[],[],7a73baba59e40730c24a1ef1d0ba189cea4cb27c1c920717e9b7d327501419f9,d1fc4f63833e1c86099361d117bcbfcbc83ec729f3fcf7a2889bf92dbf277af5,"{""anomaly_count"": 0, ""confidence"": 1.0, ""temperature"": 29.06438651254163, ""timestamp"": ""2026-09-03T00:09:00+00:00"", ""zone"": ""zone-0""}","{""action_type"": ""maintain"", ""consensus_timestamp"": ""2026-09-03T00:09:00+00:00"", ""duration"": 1, ""magnitude"": 0.0, ""reasoning_summary"": ""Frozen bidirectional thermal pilot controller"", ""target_zone"": ""zone-0"", ""used_consensus"": true}"
11,0,nominal,none,oracle,10,28.73268205721745,28.73268205721745,0.0,26.0,0.7,0.9999999999999999,0.8999999999999999,decrease_fan_speed,supervisor,True,,,0,1.0,28.42206749264005,28.334067492640052,28.501520589358154,0,,0,,0.00011899787932634354,False,"[28.71990766246704, 28.593042222337925, 28.316999719663777, 28.8589011959666, 29.015783779744652, 28.98487943402483, 28.755974644907628, 28.659822711104777, 28.70078952450044]","[28.71990766246704, 28.593042222337925, 28.316999719663777, 28.8589011959666, 29.015783779744652, 28.98487943402483, 28.755974644907628, 28.659822711104777, 28.70078952450044]","[false, false, false, false, false, false, false, false, false]",[],[],f9fee4b4f23669aba957aaf17c2667e06cf2e83b6c5be5ec79bdae1c666e50ac,528a542f19da5eb07fb6263d7e87665d09445acdfdfef0968a751a6d282991b3,"{""anomaly_count"": 0, ""confidence"": 1.0, ""temperature"": 28.73268205721745, ""timestamp"": ""2026-09-03T00:10:00+00:00"", ""zone"": ""zone-0""}","{""action_type"": ""decrease_fan_speed"", ""consensus_timestamp"": ""2026-09-03T00:10:00+00:00"", ""duration"": 1, ""magnitude"": 0.1, ""reasoning_summary"": ""Frozen bidirectional thermal pilot controller"", ""target_zone"": ""zone-0"", ""used_consensus"": true}"
11,0,nominal,none,oracle,11,28.501520589358154,28.501520589358154,0.0,26.0,0.7,0.8999999999999999,0.8999999999999999,maintain,supervisor,True,,,0,1.0,28.2093989422095,28.2093989422095,28.293361863117344,0,,0,,0.00011613871902227402,False,"[28.55798083266863, 28.416790389535254, 28.28316896559629, 28.47477679289782, 28.625038492258945, 28.701712394095612, 28.285667111922436, 28.6156393771751, 28.416237341006045]","[28.55798083266863, 28.416790389535254, 28.28316896559629, 28.47477679289782, 28.625038492258945, 28.701712394095612, 28.285667111922436, 28.6156393771751, 28.416237341006045]","[false, false, false, false, false, false, false, false, false]",[],[],c5f4967f7902718d39694ada4b4d89d3be490fe2469273d4ffe9940916db61fe,8e6d580ca148cdbc82f5121c62077f809b85b21d40eedb981a60e0516d3fa865,"{""anomaly_count"": 0, ""confidence"": 1.0, ""temperature"": 28.501520589358154, ""timestamp"": ""2026-09-03T00:11:00+00:00"", ""zone"": ""zone-0""}","{""action_type"": ""maintain"", ""consensus_timestamp"": ""2026-09-03T00:11:00+00:00"", ""duration"": 1, ""magnitude"": 0.0, ""reasoning_summary"": ""Frozen bidirectional thermal pilot controller"", ""target_zone"": ""zone-0"", ""used_consensus"": true}"
11,0,nominal,none,oracle,12,28.293361863117344,28.293361863117344,0.0,26.0,0.7,0.8999999999999999,0.8999999999999999,maintain,supervisor,True,,,0,1.0,28.017892914067954,28.017892914067954,28.095973059820484,0,,0,,0.00011022854596376419,False,"[28.24909239013489, 28.749690071811873, 28.18893155960735, 28.537952135226657, 28.168279637425066, 28.49143847690522, 28.103782023857296, 27.931094022355627, 28.43234591441628]","[28.24909239013489, 28.749690071811873, 28.18893155960735, 28.537952135226657, 28.168279637425066, 28.49143847690522, 28.103782023857296, 27.931094022355627, 28.43234591441628]","[false, false, false, false, false, false, false, false, false]",[],[],965c1dc6517fefb77afa9c5fe205c131ba47d84c968112d4c3734e19ef2fff92,088cc0d2a845b3d7efa300db1821da71bf8e70a4a56f8022e6afc75e22cc2535,"{""anomaly_count"": 0, ""confidence"": 1.0, ""temperature"": 28.293361863117344, ""timestamp"": ""2026-09-03T00:12:00+00:00"", ""zone"": ""zone-0""}","{""action_type"": ""maintain"", ""consensus_timestamp"": ""2026-09-03T00:12:00+00:00"", ""duration"": 1, ""magnitude"": 0.0, ""reasoning_summary"": ""Frozen bidirectional thermal pilot controller"", ""target_zone"": ""zone-0"", ""used_consensus"": true}"
11,0,nominal,none,oracle,13,28.095973059820484,28.095973059820484,0.0,26.0,0.7,0.8999999999999999,0.7999999999999999,decrease_fan_speed,supervisor,True,,,0,1.0,27.924295215034842,27.83629521503484,27.976082666263927,0,,0,,0.00011475849896669388,False,"[28.159532332432278, 27.998925579424608, 28.17693614800807, 28.32532243884161, 27.79194548740443, 28.375851725666493, 28.271041223803714, 28.218843701218763, 27.779758006673248]","[28.159532332432278, 27.998925579424608, 28.17693614800807, 28.32532243884161, 27.79194548740443, 28.375851725666493, 28.271041223803714, 28.218843701218763, 27.779758006673248]","[false, false, false, false, false, false, false, false, false]",[],[],2e592afe00cd42e8d0dc8db0f37bf211afc3094373b4a90a6e566281d71a1482,ae9d689970d59df406ebab44d717dc981aea34e28e2e752b1dae5c4005ede676,"{""anomaly_count"": 0, ""confidence"": 1.0, ""temperature"": 28.095973059820484, ""timestamp"": ""2026-09-03T00:13:00+00:00"", ""zone"": ""zone-0""}","{""action_type"": ""decrease_fan_speed"", ""consensus_timestamp"": ""2026-09-03T00:13:00+00:00"", ""duration"": 1, ""magnitude"": 0.1, ""reasoning_summary"": ""Frozen bidirectional thermal pilot controller"", ""target_zone"": ""zone-0"", ""used_consensus"": true}"
11,0,nominal,none,oracle,14,27.976082666263927,27.976082666263927,0.0,26.0,0.7,0.7999999999999999,0.7999999999999999,maintain,supervisor,True,,,0,1.0,27.81399605296281,27.81399605296281,27.850378545423354,0,,0,,0.00011210422962903976,False,"[28.26904829845331, 27.60141706089888, 28.238921954754787, 27.914316665399127, 28.36215276874098, 28.06407426232783, 28.1624179483244, 28.016197203770023, 27.908473653859613]","[28.26904829845331, 27.60141706089888, 28.238921954754787, 27.914316665399127, 28.36215276874098, 28.06407426232783, 28.1624179483244, 28.016197203770023, 27.908473653859613]","[false, false, false, false, false, false, false, false, false]",[],[],29b27bdebcd03f8bd69afda1d645950a2626746bc116c2aa2cde9dadf861efcf,e3c39041bdef908d858a7f0618c474110ab1c9d0e07c7ec965a2b49facca7ab8,"{""anomaly_count"": 0, ""confidence"": 1.0, ""temperature"": 27.976082666263927, ""timestamp"": ""2026-09-03T00:14:00+00:00"", ""zone"": ""zone-0""}","{""action_type"": ""maintain"", ""consensus_timestamp"": ""2026-09-03T00:14:00+00:00"", ""duration"": 1, ""magnitude"": 0.0, ""reasoning_summary"": ""Frozen bidirectional thermal pilot controller"", ""target_zone"": ""zone-0"", ""used_consensus"": true}"
11,0,nominal,none,oracle,15,27.850378545423354,27.850378545423354,0.0,26.0,0.7,0.7999999999999999,0.7999999999999999,maintain,supervisor,True,,,0,1.0,27.698348261789484,27.698348261789484,27.783981450805697,0,,0,,0.00010746251791715622,False,"[28.120878124773622, 27.83552263864073, 27.191197973076697, 27.860975882029663, 27.820803320548375, 27.758251746993714, 27.972333729493492, 28.350214539348702, 27.7956472984724]","[28.120878124773622, 27.83552263864073, 27.191197973076697, 27.860975882029663, 27.820803320548375, 27.758251746993714, 27.972333729493492, 28.350214539348702, 27.7956472984724]","[false, false, false, false, false, false, false, false, false]",[],[],2fd8892af211f14b0232e894d9660476bd3a67249606261856180a601d94c34f,688003af9d3656cfe5b17eece21a1913bf4bfae7ba0cab410678571e79c5b3cf,"{""anomaly_count"": 0, ""confidence"": 1.0, ""temperature"": 27.850378545423354, ""timestamp"": ""2026-09-03T00:15:00+00:00"", ""zone"": ""zone-0""}","{""action_type"": ""maintain"", ""consensus_timestamp"": ""2026-09-03T00:15:00+00:00"", ""duration"": 1, ""magnitude"": 0.0, ""reasoning_summary"": ""Frozen bidirectional thermal pilot controller"", ""target_zone"": ""zone-0"", ""used_consensus"": true}"
11,0,nominal,none,oracle,16,27.783981450805697,27.783981450805697,0.0,26.0,0.7,0.7999999999999999,0.7,decrease_fan_speed,supervisor,True,,,0,1.0,27.72526293474124,27.63726293474124,27.77485228305441,0,,0,,0.00011164043098688126,False,"[27.6538020952204, 27.81385263971594, 27.90470194284092, 27.59161921511812, 27.519991684593943, 27.889617696954403, 27.710408250948834, 27.82079501489445, 27.714642516363096]","[27.6538020952204, 27.81385263971594, 27.90470194284092, 27.59161921511812, 27.519991684593943, 27.889617696954403, 27.710408250948834, 27.82079501489445, 27.714642516363096]","[false, false, false, false, false, false, false, false, false]",[],[],d4953588cc49cdbb11f2ed908716ec496afb7794c8b44e6b7c23ef9725237121,0461354870b281872d650e2be7b5dc230d9758f7e8300b8ca679bccb960ff7ff,"{""anomaly_count"": 0, ""confidence"": 1.0, ""temperature"": 27.783981450805697, ""timestamp"": ""2026-09-03T00:16:00+00:00"", ""zone"": ""zone-0""}","{""action_type"": ""decrease_fan_speed"", ""consensus_timestamp"": ""2026-09-03T00:16:00+00:00"", ""duration"": 1, ""magnitude"": 0.1, ""reasoning_summary"": ""Frozen bidirectional thermal pilot controller"", ""target_zone"": ""zone-0"", ""used_consensus"": true}"
11,0,nominal,none,oracle,17,27.77485228305441,27.77485228305441,0.0,26.0,0.7,0.7,0.7,maintain,supervisor,True,,,0,1.0,27.716864100410056,27.716864100410056,27.769106197255017,0,,0,,9.880773723125458e-05,False,"[27.869887604414536, 28.060480877792997, 28.113292729530716, 27.9280667348338, 27.89448394696935, 27.925332031889624, 27.553356849643155, 27.58890705669729, 27.780649736383538]","[27.869887604414536, 28.060480877792997, 28.113292729530716, 27.9280667348338, 27.89448394696935, 27.925332031889624, 27.553356849643155, 27.58890705669729, 27.780649736383538]","[false, false, false, false, false, false, false, false, false]",[],[],180a40d172e66bd4959ff75dd1615099e6f726b341b6102ddaa511e0b0f10bfc,b07ee0a046c314311e28b8f4c84a36276e5546cf1dee90091c0f2665c4619a4f,"{""anomaly_count"": 0, ""confidence"": 1.0, ""temperature"": 27.77485228305441, ""timestamp"": ""2026-09-03T00:17:00+00:00"", ""zone"": ""zone-0""}","{""action_type"": ""maintain"", ""consensus_timestamp"": ""2026-09-03T00:17:00+00:00"", ""duration"": 1, ""magnitude"": 0.0, ""reasoning_summary"": ""Frozen bidirectional thermal pilot controller"", ""target_zone"": ""zone-0"", ""used_consensus"": true}"
11,0,nominal,none,oracle,18,27.769106197255017,27.769106197255017,0.0,26.0,0.7,0.7,0.7,maintain,supervisor,True,,,0,1.0,27.711577701474614,27.711577701474614,27.770291626972135,0,,0,,0.00010110624134540558,False,"[27.5652315801347, 28.051704201879332, 27.72090938356848, 28.03301273691022, 27.641977327710116, 27.784479787318563, 27.348412209644785, 27.66780074744558, 27.784757967295445]","[27.5652315801347, 28.051704201879332, 27.72090938356848, 28.03301273691022, 27.641977327710116, 27.784479787318563, 27.348412209644785, 27.66780074744558, 27.784757967295445]","[false, false, false, false, false, false, false, false, false]",[],[],60ce02857b06890ac0c9d89f9d9a16b601186f817e6eff3a2f8fcfab3455f837,06e676ac1350014f5550bbffc28785c91544aae595168954923e593c92aeefe2,"{""anomaly_count"": 0, ""confidence"": 1.0, ""temperature"": 27.769106197255017, ""timestamp"": ""2026-09-03T00:18:00+00:00"", ""zone"": ""zone-0""}","{""action_type"": ""maintain"", ""consensus_timestamp"": ""2026-09-03T00:18:00+00:00"", ""duration"": 1, ""magnitude"": 0.0, ""reasoning_summary"": ""Frozen bidirectional thermal pilot controller"", ""target_zone"": ""zone-0"", ""used_consensus"": true}"
11,0,nominal,none,oracle,19,27.770291626972135,27.770291626972135,0.0,26.0,0.7,0.7,0.6,decrease_fan_speed,supervisor,True,,,0,1.0,27.800668296814365,27.712668296814364,27.833722311621536,0,,0,,0.00010499171912670135,False,"[27.856252366063124, 27.814606774671006, 27.764443616432594, 27.665795858864662, 27.96986410030743, 27.689438199118687, 27.70110726752288, 27.988358487006582, 27.821515973756632]","[27.856252366063124, 27.814606774671006, 27.764443616432594, 27.665795858864662, 27.96986410030743, 27.689438199118687, 27.70110726752288, 27.988358487006582, 27.821515973756632]","[false, false, false, false, false, false, false, false, false]",[],[],973122e172a53109ec5e4aaa4612d0afdc8087370dca6de0f8280898382edadf,eca72c689dae5fc5fdf18f874a4fb5f9cef2ce3fbe03702a45917e0df23b0564,"{""anomaly_count"": 0, ""confidence"": 1.0, ""temperature"": 27.770291626972135, ""timestamp"": ""2026-09-03T00:19:00+00:00"", ""zone"": ""zone-0""}","{""action_type"": ""decrease_fan_speed"", ""consensus_timestamp"": ""2026-09-03T00:19:00+00:00"", ""duration"": 1, ""magnitude"": 0.1, ""reasoning_summary"": ""Frozen bidirectional thermal pilot controller"", ""target_zone"": ""zone-0"", ""used_consensus"": true}"
11,0,nominal,none,oracle,20,27.833722311621536,27.833722311621536,0.0,26.0,0.7,0.6,0.6,maintain,supervisor,True,,,0,1.0,27.85902452669181,27.85902452669181,27.91000268340349,0,,0,,9.726360440254211e-05,False,"[27.92249904041547, 27.745768420820482, 27.792549840137525, 27.77647627404034, 28.114881378058133, 27.705884137672154, 28.122438557032986, 27.963708049039987, 27.49522757659573]","[27.92249904041547, 27.745768420820482, 27.792549840137525, 27.77647627404034, 28.114881378058133, 27.705884137672154, 28.122438557032986, 27.963708049039987, 27.49522757659573]","[false, false, false, false, false, false, false, false, false]",[],[],a20f370f6a18efce47d41788efda1dcb83dae2d1920d296fef8c5aabc2394810,44e18f1d3c66873be9ddcc0bd8a952d6788b04b73a3f68366ccf4b54452ab649,"{""anomaly_count"": 0, ""confidence"": 1.0, ""temperature"": 27.833722311621536, ""timestamp"": ""2026-09-03T00:20:00+00:00"", ""zone"": ""zone-0""}","{""action_type"": ""maintain"", ""consensus_timestamp"": ""2026-09-03T00:20:00+00:00"", ""duration"": 1, ""magnitude"": 0.0, ""reasoning_summary"": ""Frozen bidirectional thermal pilot controller"", ""target_zone"": ""zone-0"", ""used_consensus"": true}"
11,0,nominal,none,oracle,21,27.91000268340349,27.91000268340349,0.0,26.0,0.7,0.6,0.6,maintain,supervisor,True,,,0,1.0,27.929202468731212,27.929202468731212,27.954961054621,0,,0,,9.541120380163193e-05,False,"[27.83703339688558, 27.940915238279764, 27.641985358485226, 27.817799465554668, 27.535909859963418, 28.27283434628521, 27.947488399897654, 27.80205099189746, 28.059068741018272]","[27.83703339688558, 27.940915238279764, 27.641985358485226, 27.817799465554668, 27.535909859963418, 28.27283434628521, 27.947488399897654, 27.80205099189746, 28.059068741018272]","[false, false, false, false, false, false, false, false, false]",[],[],b4146048b81c21d17333fbdf633fbd4b287be23ffd286f87bb31cec6e61e0124,cc61c46afb015e37cdda011a1f73703ece9371ca6287af6f925d336196b3b95f,"{""anomaly_count"": 0, ""confidence"": 1.0, ""temperature"": 27.91000268340349, ""timestamp"": ""2026-09-03T00:21:00+00:00"", ""zone"": ""zone-0""}","{""action_type"": ""maintain"", ""consensus_timestamp"": ""2026-09-03T00:21:00+00:00"", ""duration"": 1, ""magnitude"": 0.0, ""reasoning_summary"": ""Frozen bidirectional thermal pilot controller"", ""target_zone"": ""zone-0"", ""used_consensus"": true}"
11,0,nominal,none,oracle,22,27.954961054621,27.954961054621,0.0,26.0,0.7,0.6,0.5,decrease_fan_speed,supervisor,True,,,0,1.0,28.058564170251316,27.97056417025132,28.11074983758564,0,,0,,9.775999933481216e-05,False,"[27.95376602357793, 27.77994151299556, 28.084605639118625, 27.963165371129694, 27.781892226241634, 27.37207873860358, 28.10409969959128, 27.997716342518068, 27.931420816650167]","[27.95376602357793, 27.77994151299556, 28.084605639118625, 27.963165371129694, 27.781892226241634, 27.37207873860358, 28.10409969959128, 27.997716342518068, 27.931420816650167]","[false, false, false, false, false, false, false, false, false]",[],[],014366b4a8938db33b8e71cb0b7bd51ffd1fa92fbff222f67d46b648dd7344d1,f89c0a20188401072f3902d7ebcbfad2ffd79084e7e6ba9680fcfd2016ed8534,"{""anomaly_count"": 0, ""confidence"": 1.0, ""temperature"": 27.954961054621, ""timestamp"": ""2026-09-03T00:22:00+00:00"", ""zone"": ""zone-0""}","{""action_type"": ""decrease_fan_speed"", ""consensus_timestamp"": ""2026-09-03T00:22:00+00:00"", ""duration"": 1, ""magnitude"": 0.1, ""reasoning_summary"": ""Frozen bidirectional thermal pilot controller"", ""target_zone"": ""zone-0"", ""used_consensus"": true}"
11,0,nominal,none,oracle,23,28.11074983758564,28.11074983758564,0.0,26.0,0.7,0.5,0.5,maintain,supervisor,True,,,0,1.0,28.201889850578787,28.201889850578787,28.2212409434413,0,,0,,9.679235517978668e-05,False,"[28.413751552970933, 28.19590323300435, 28.18918140038655, 28.26379712754195, 28.026609225193578, 28.447002482713287, 28.374057933931155, 28.032390665153734, 28.08692412568958]","[28.413751552970933, 28.19590323300435, 28.18918140038655, 28.26379712754195, 28.026609225193578, 28.447002482713287, 28.374057933931155, 28.032390665153734, 28.08692412568958]","[false, false, false, false, false, false, false, false, false]",[],[],229e9ae52080cfaf18dea682498a7376cc8fb2c09cf6bd6443876664a56f7d00,86e2f8fb98c79c606cea5b4ace119261040a76d4ffbf831d3bfcdb2a960868f7,"{""anomaly_count"": 0, ""confidence"": 1.0, ""temperature"": 28.11074983758564, ""timestamp"": ""2026-09-03T00:23:00+00:00"", ""zone"": ""zone-0""}","{""action_type"": ""maintain"", ""consensus_timestamp"": ""2026-09-03T00:23:00+00:00"", ""duration"": 1, ""magnitude"": 0.0, ""reasoning_summary"": ""Frozen bidirectional thermal pilot controller"", ""target_zone"": ""zone-0"", ""used_consensus"": true}"
11,0,nominal,none,oracle,24,28.2212409434413,28.2212409434413,0.0,26.0,0.7,0.5,0.5,maintain,supervisor,True,,,0,1.0,28.30354166796599,28.30354166796599,28.363899740008723,0,,0,,9.774509817361832e-05,False,"[28.649289039509284, 28.365343083899454, 28.044697264995914, 28.243396803661316, 28.400921649093668, 28.461593839289222, 28.328042089044956, 28.241986049914367, 28.676442758425004]","[28.649289039509284, 28.365343083899454, 28.044697264995914, 28.243396803661316, 28.400921649093668, 28.461593839289222, 28.328042089044956, 28.241986049914367, 28.676442758425004]","[false, false, false, false, false, false, false, false, false]",[],[],dda1c776f50e6418ea14d626e28e70dbe27284db754069e81ad34c59c10f570d,9ddfd61391731c1873dfc4aa82038104724138d640c5ea56b78ca06432126386,"{""anomaly_count"": 0, ""confidence"": 1.0, ""temperature"": 28.2212409434413, ""timestamp"": ""2026-09-03T00:24:00+00:00"", ""zone"": ""zone-0""}","{""action_type"": ""maintain"", ""consensus_timestamp"": ""2026-09-03T00:24:00+00:00"", ""duration"": 1, ""magnitude"": 0.0, ""reasoning_summary"": ""Frozen bidirectional thermal pilot controller"", ""target_zone"": ""zone-0"", ""used_consensus"": true}"
11,0,nominal,none,oracle,25,28.363899740008723,28.363899740008723,0.0,26.0,0.7,0.5,0.4,decrease_fan_speed,supervisor,True,,,0,1.0,28.522787760808026,28.434787760808025,28.546772251224013,0,,0,,9.993091225624084e-05,False,"[28.742427852795657, 28.650134355139436, 28.3440782568676, 28.55381545229982, 28.49131778949189, 28.216654967728996, 28.969935743494375, 28.256572875861345, 28.30614839539001]","[28.742427852795657, 28.650134355139436, 28.3440782568676, 28.55381545229982, 28.49131778949189, 28.216654967728996, 28.969935743494375, 28.256572875861345, 28.30614839539001]","[false, false, false, false, false, false, false, false, false]",[],[],ef150e3a4d73555a8aa5d0b129271eecd25dc534f2336ba583f36a50f2b79700,f5fcfa37faf63b8fdb1f9ce21c30392f10fe7041f93443677e21197226d217d2,"{""anomaly_count"": 0, ""confidence"": 1.0, ""temperature"": 28.363899740008723, ""timestamp"": ""2026-09-03T00:25:00+00:00"", ""zone"": ""zone-0""}","{""action_type"": ""decrease_fan_speed"", ""consensus_timestamp"": ""2026-09-03T00:25:00+00:00"", ""duration"": 1, ""magnitude"": 0.1, ""reasoning_summary"": ""Frozen bidirectional thermal pilot controller"", ""target_zone"": ""zone-0"", ""used_consensus"": true}"
11,0,nominal,none,oracle,26,28.546772251224013,28.546772251224013,0.0,26.0,0.7,0.4,0.4,maintain,supervisor,True,,,0,1.0,28.69103047112609,28.69103047112609,28.720093431765857,0,,0,,0.00010053161531686783,False,"[28.343492652494323, 28.26988907579107, 28.749780859916793, 28.34060413304708, 28.311251161852933, 28.448258171674514, 28.87330970843341, 28.619432103222582, 28.21992566319162]","[28.343492652494323, 28.26988907579107, 28.749780859916793, 28.34060413304708, 28.311251161852933, 28.448258171674514, 28.87330970843341, 28.619432103222582, 28.21992566319162]","[false, false, false, false, false, false, false, false, false]",[],[],365597d0ea9c4556c18286e555fdc10f14e2ca956d68bc1d747bd03ea84ee2b1,009b05050c88dec17cbf4132a689f21a3cb259ab88b0291b6148a080cb44933f,"{""anomaly_count"": 0, ""confidence"": 1.0, ""temperature"": 28.546772251224013, ""timestamp"": ""2026-09-03T00:26:00+00:00"", ""zone"": ""zone-0""}","{""action_type"": ""maintain"", ""consensus_timestamp"": ""2026-09-03T00:26:00+00:00"", ""duration"": 1, ""magnitude"": 0.0, ""reasoning_summary"": ""Frozen bidirectional thermal pilot controller"", ""target_zone"": ""zone-0"", ""used_consensus"": true}"
11,0,nominal,none,oracle,27,28.720093431765857,28.720093431765857,0.0,26.0,0.7,0.4,0.4,maintain,supervisor,True,,,0,1.0,28.85048595722459,28.85048595722459,28.89069917249478,0,,0,,9.944755584001541e-05,False,"[28.648226284564508, 28.61480647234652, 28.72981454136853, 28.565054290227764, 28.976367905777835, 28.787335865820676, 28.76171634482002, 28.944877321585295, 28.398309320963907]","[28.648226284564508, 28.61480647234652, 28.72981454136853, 28.565054290227764, 28.976367905777835, 28.787335865820676, 28.76171634482002, 28.944877321585295, 28.398309320963907]","[false, false, false, false, false, false, false, false, false]",[],[],a3c580b6593cf69ebe7e18df6218ed03b925eedf58af83e801419b8ce52b7365,2ab94eeb15903e85c0e73f8de38f7988af958213078696f2868e64bbde24b016,"{""anomaly_count"": 0, ""confidence"": 1.0, ""temperature"": 28.720093431765857, ""timestamp"": ""2026-09-03T00:27:00+00:00"", ""zone"": ""zone-0""}","{""action_type"": ""maintain"", ""consensus_timestamp"": ""2026-09-03T00:27:00+00:00"", ""duration"": 1, ""magnitude"": 0.0, ""reasoning_summary"": ""Frozen bidirectional thermal pilot controller"", ""target_zone"": ""zone-0"", ""used_consensus"": true}"
11,0,nominal,none,oracle,28,28.89069917249478,28.89069917249478,0.0,26.0,0.7,0.4,0.30000000000000004,decrease_fan_speed,supervisor,True,,,0,1.0,29.0954432386952,29.0074432386952,29.12498366341579,0,,0,,9.926874190568924e-05,False,"[29.05545451514661, 28.719043020476153, 28.917513043722042, 29.163635954122306, 28.91978915955489, 29.017111751289928, 28.742231311536848, 29.121948867677265, 29.013995051351053]","[29.05545451514661, 28.719043020476153, 28.917513043722042, 29.163635954122306, 28.91978915955489, 29.017111751289928, 28.742231311536848, 29.121948867677265, 29.013995051351053]","[false, false, false, false, false, false, false, false, false]",[],[],2ef0ffe03138d7027917bdf5cecf1872ae6ac88dbece530cb9abe83db7bcba87,1474c213c84ec2ec149ead871f1df9ec1d6042e3b08b88f6088bace045e64647,"{""anomaly_count"": 0, ""confidence"": 1.0, ""temperature"": 28.89069917249478, ""timestamp"": ""2026-09-03T00:28:00+00:00"", ""zone"": ""zone-0""}","{""action_type"": ""decrease_fan_speed"", ""consensus_timestamp"": ""2026-09-03T00:28:00+00:00"", ""duration"": 1, ""magnitude"": 0.1, ""reasoning_summary"": ""Frozen bidirectional thermal pilot controller"", ""target_zone"": ""zone-0"", ""used_consensus"": true}"
11,0,nominal,none,oracle,29,29.12498366341579,29.12498366341579,0.0,26.0,0.7,0.30000000000000004,0.30000000000000004,maintain,supervisor,True,,,0,1.0,29.310984970342528,29.310984970342528,29.35912174646271,0,,0,,9.660981595516205e-05,False,"[29.189631054590578, 29.078255149248978, 29.081622171818598, 29.15775774808421, 29.0611919826387, 29.288581350238466, 29.49111488306134, 29.35505797038061, 29.00857127665794]","[29.189631054590578, 29.078255149248978, 29.081622171818598, 29.15775774808421, 29.0611919826387, 29.288581350238466, 29.49111488306134, 29.35505797038061, 29.00857127665794]","[false, false, false, false, false, false, false, false, false]",[],[],7fae82fdbf2e801398a6db02901241be8d0849cc094c5cc66e73eb31ad5f5b80,55addcab13df60c762b8257dbc667e2369dabb2998e7b985237e6db12c2c3368,"{""anomaly_count"": 0, ""confidence"": 1.0, ""temperature"": 29.12498366341579, ""timestamp"": ""2026-09-03T00:29:00+00:00"", ""zone"": ""zone-0""}","{""action_type"": ""maintain"", ""consensus_timestamp"": ""2026-09-03T00:29:00+00:00"", ""duration"": 1, ""magnitude"": 0.0, ""reasoning_summary"": ""Frozen bidirectional thermal pilot controller"", ""target_zone"": ""zone-0"", ""used_consensus"": true}"
11,0,nominal,none,oracle,30,29.35912174646271,29.35912174646271,0.0,26.0,0.7,0.30000000000000004,0.30000000000000004,maintain,supervisor,True,,,0,1.0,29.52639200674569,29.52639200674569,29.55736524441643,0,,0,,9.933300316333771e-05,False,"[29.373476314815647, 29.304007829304272, 29.34258430914225, 29.046551381079055, 29.117053670529835, 29.336676476146287, 29.581041296133062, 29.53842690311851, 29.356466669796887]","[29.373476314815647, 29.304007829304272, 29.34258430914225, 29.046551381079055, 29.117053670529835, 29.336676476146287, 29.581041296133062, 29.53842690311851, 29.356466669796887]","[false, false, false, false, false, false, false, false, false]",[],[],a8ab356bce9353e223bfcb5a80b845670111e795c50961bc79708cb0474090f6,6ced366248b9b08221d78cd917373c5cb0efe692058f749a3631f33c3a36aded,"{""anomaly_count"": 0, ""confidence"": 1.0, ""temperature"": 29.35912174646271, ""timestamp"": ""2026-09-03T00:30:00+00:00"", ""zone"": ""zone-0""}","{""action_type"": ""maintain"", ""consensus_timestamp"": ""2026-09-03T00:30:00+00:00"", ""duration"": 1, ""magnitude"": 0.0, ""reasoning_summary"": ""Frozen bidirectional thermal pilot controller"", ""target_zone"": ""zone-0"", ""used_consensus"": true}"
11,0,nominal,none,oracle,31,29.55736524441643,29.55736524441643,0.0,26.0,0.7,0.30000000000000004,0.20000000000000004,decrease_fan_speed,supervisor,True,,,0,1.0,29.796776024863117,29.708776024863116,29.79803957854981,0,,0,,0.00010377354919910431,False,"[29.803994612233073, 29.151773679187134, 29.234267882863474, 29.003223655220744, 29.713125679744195, 29.417224074214925, 29.95084456885909, 29.60168841171201, 29.650828057315255]","[29.803994612233073, 29.151773679187134, 29.234267882863474, 29.003223655220744, 29.713125679744195, 29.417224074214925, 29.95084456885909, 29.60168841171201, 29.650828057315255]","[false, false, false, false, false, false, false, false, false]",[],[],8a13da2b6b93a6946acb408879f3205d879bbce2ce209041ed2717430529284a,65e390bb2c7dd4111a070d91434370f146d16b30d885355dac78c8e220c89d50,"{""anomaly_count"": 0, ""confidence"": 1.0, ""temperature"": 29.55736524441643, ""timestamp"": ""2026-09-03T00:31:00+00:00"", ""zone"": ""zone-0""}","{""action_type"": ""decrease_fan_speed"", ""consensus_timestamp"": ""2026-09-03T00:31:00+00:00"", ""duration"": 1, ""magnitude"": 0.1, ""reasoning_summary"": ""Frozen bidirectional thermal pilot controller"", ""target_zone"": ""zone-0"", ""used_consensus"": true}"
11,0,nominal,none,oracle,32,29.79803957854981,29.79803957854981,0.0,26.0,0.7,0.20000000000000004,0.20000000000000004,maintain,supervisor,True,,,0,1.0,30.018196412265823,30.018196412265823,30.04995862238017,0,,0,,9.696837514638901e-05,False,"[30.23420841192263, 29.716944317589757, 29.827334431752064, 29.939101747750087, 29.65802081974904, 29.86842847840468, 30.027879980435706, 29.90221148367347, 29.45066195798352]","[30.23420841192263, 29.716944317589757, 29.827334431752064, 29.939101747750087, 29.65802081974904, 29.86842847840468, 30.027879980435706, 29.90221148367347, 29.45066195798352]","[false, false, false, false, false, false, false, false, false]",[],[],658cbaf986543cd3b107085b53e8ca6fa5b1b949d5f0113f3ddc01f04e13ffdd,cd7737b7521d6600ad50a0ec7ed1ca6542eacd1476806208c49960c907e8eb81,"{""anomaly_count"": 0, ""confidence"": 1.0, ""temperature"": 29.79803957854981, ""timestamp"": ""2026-09-03T00:32:00+00:00"", ""zone"": ""zone-0""}","{""action_type"": ""maintain"", ""consensus_timestamp"": ""2026-09-03T00:32:00+00:00"", ""duration"": 1, ""magnitude"": 0.0, ""reasoning_summary"": ""Frozen bidirectional thermal pilot controller"", ""target_zone"": ""zone-0"", ""used_consensus"": true}"
11,0,nominal,none,oracle,33,30.04995862238017,30.04995862238017,0.0,26.0,0.7,0.20000000000000004,0.20000000000000004,maintain,supervisor,True,,,0,1.0,30.24996193258976,30.24996193258976,30.28553226404359,0,,0,,9.662192314863205e-05,False,"[29.819469717695522, 30.17678262791391, 30.18894028426961, 29.879371599574494, 30.372413996877775, 30.48583915969227, 30.211405923328254, 30.210525266665165, 30.175714552251794]","[29.819469717695522, 30.17678262791391, 30.18894028426961, 29.879371599574494, 30.372413996877775, 30.48583915969227, 30.211405923328254, 30.210525266665165, 30.175714552251794]","[false, false, false, false, false, false, false, false, false]",[],[],684594cf4811a37580d918648be76ef4ca9014b8683c66217865fc02241d05d2,951b07adcf2e407ba23f56348ec83a46c9185ec8d969897fb6392b9cf1c73b4f,"{""anomaly_count"": 0, ""confidence"": 1.0, ""temperature"": 30.04995862238017, ""timestamp"": ""2026-09-03T00:33:00+00:00"", ""zone"": ""zone-0""}","{""action_type"": ""maintain"", ""consensus_timestamp"": ""2026-09-03T00:33:00+00:00"", ""duration"": 1, ""magnitude"": 0.0, ""reasoning_summary"": ""Frozen bidirectional thermal pilot controller"", ""target_zone"": ""zone-0"", ""used_consensus"": true}"
11,0,nominal,none,oracle,34,30.28553226404359,30.28553226404359,0.0,26.0,0.7,0.20000000000000004,0.20000000000000004,maintain,supervisor,True,,,0,1.0,30.4666896829201,30.4666896829201,30.511405088915662,0,,0,,9.496137499809265e-05,False,"[30.293026150890388, 30.064793424302433, 30.43956686939986, 29.875965161775202, 30.25133247625278, 30.480299085812128, 30.20356930484015, 30.725766103765903, 30.195550013582654]","[30.293026150890388, 30.064793424302433, 30.43956686939986, 29.875965161775202, 30.25133247625278, 30.480299085812128, 30.20356930484015, 30.725766103765903, 30.195550013582654]","[false, false, false, false, false, false, false, false, false]",[],[],380f3aab11fbea2999bbf7774040db96b9f4ef278cb88131df89cee4401eb931,ff18ef0a235f74c7b7cbfc546ecdf1b263284585dedc4fb60e9ea284ee97fe12,"{""anomaly_count"": 0, ""confidence"": 1.0, ""temperature"": 30.28553226404359, ""timestamp"": ""2026-09-03T00:34:00+00:00"", ""zone"": ""zone-0""}","{""action_type"": ""maintain"", ""consensus_timestamp"": ""2026-09-03T00:34:00+00:00"", ""duration"": 1, ""magnitude"": 0.0, ""reasoning_summary"": ""Frozen bidirectional thermal pilot controller"", ""target_zone"": ""zone-0"", ""used_consensus"": true}"
11,0,nominal,none,oracle,35,30.511405088915662,30.511405088915662,0.0,26.0,0.7,0.20000000000000004,0.30000000000000004,increase_fan_speed,supervisor,True,,,0,1.0,30.586492681802408,30.67449268180241,30.620711824556153,0,,0,,0.00010042451322078705,False,"[30.410589366675588, 30.382162535041918, 30.588040110922684, 30.600004761015413, 30.635146330799284, 30.4643220146798, 30.513340943853805, 30.552371366095027, 30.386721846000444]","[30.410589366675588, 30.382162535041918, 30.588040110922684, 30.600004761015413, 30.635146330799284, 30.4643220146798, 30.513340943853805, 30.552371366095027, 30.386721846000444]","[false, false, false, false, false, false, false, false, false]",[],[],4b465e3621fbc85f55cfcde33fa1fbb6258b523d42019a99dde52a4b8a3081e3,2d0261bf72e1b9b87b9a0da1cd848d10af7c720bafdefebaa053ad61de1cf48c,"{""anomaly_count"": 0, ""confidence"": 1.0, ""temperature"": 30.511405088915662, ""timestamp"": ""2026-09-03T00:35:00+00:00"", ""zone"": ""zone-0""}","{""action_type"": ""increase_fan_speed"", ""consensus_timestamp"": ""2026-09-03T00:35:00+00:00"", ""duration"": 1, ""magnitude"": 0.1, ""reasoning_summary"": ""Frozen bidirectional thermal pilot controller"", ""target_zone"": ""zone-0"", ""used_consensus"": true}"
11,0,nominal,none,oracle,36,30.620711824556153,30.620711824556153,0.0,26.0,0.7,0.30000000000000004,0.4,increase_fan_speed,supervisor,True,,,0,1.0,30.59905487859166,30.68705487859166,30.66375993826067,0,,0,,9.565893560647964e-05,False,"[30.781890385038146, 30.24788065544564, 30.393829221790657, 30.33127548150939, 30.59419621992386, 30.48011766657412, 30.54291858269379, 30.71609347965701, 30.252334083300866]","[30.781890385038146, 30.24788065544564, 30.393829221790657, 30.33127548150939, 30.59419621992386, 30.48011766657412, 30.54291858269379, 30.71609347965701, 30.252334083300866]","[false, false, false, false, false, false, false, false, false]",[],[],bf0f0d5b7e92dd6ac775aaccfc899aa7c1611aa74d10af5b5bd5839eefe0d0b2,6237d03adb2a31e111d203cfebe6b305ea00d36ff0664880c9133f4d52f344a7,"{""anomaly_count"": 0, ""confidence"": 1.0, ""temperature"": 30.620711824556153, ""timestamp"": ""2026-09-03T00:36:00+00:00"", ""zone"": ""zone-0""}","{""action_type"": ""increase_fan_speed"", ""consensus_timestamp"": ""2026-09-03T00:36:00+00:00"", ""duration"": 1, ""magnitude"": 0.1, ""reasoning_summary"": ""Frozen bidirectional thermal pilot controller"", ""target_zone"": ""zone-0"", ""used_consensus"": true}"
11,0,nominal,none,oracle,37,30.66375993826067,30.66375993826067,0.0,26.0,0.7,0.4,0.5,increase_fan_speed,supervisor,True,,,0,1.0,30.550659143199816,30.638659143199817,30.604779934931276,0,,0,,9.930692613124847e-05,False,"[30.734271013485277, 30.63835820801432, 30.795448230630235, 30.959506517612574, 30.82682754090486, 30.391318389952875, 30.631727133208262, 30.997615192194196, 30.45664632113747]","[30.734271013485277, 30.63835820801432, 30.795448230630235, 30.959506517612574, 30.82682754090486, 30.391318389952875, 30.631727133208262, 30.997615192194196, 30.45664632113747]","[false, false, false, false, false, false, false, false, false]",[],[],760afc524cbc37ca225061c2e23631350af39b325d7526a672cb7eca8376fbb3,74ad818e1e9057dae00b20e3a5f0ccb2ff76bc7bd929b92f1b50327802d73576,"{""anomaly_count"": 0, ""confidence"": 1.0, ""temperature"": 30.66375993826067, ""timestamp"": ""2026-09-03T00:37:00+00:00"", ""zone"": ""zone-0""}","{""action_type"": ""increase_fan_speed"", ""consensus_timestamp"": ""2026-09-03T00:37:00+00:00"", ""duration"": 1, ""magnitude"": 0.1, ""reasoning_summary"": ""Frozen bidirectional thermal pilot controller"", ""target_zone"": ""zone-0"", ""used_consensus"": true}"
11,0,nominal,none,oracle,38,30.604779934931276,30.604779934931276,0.0,26.0,0.7,0.5,0.6,increase_fan_speed,supervisor,True,,,0,1.0,30.408397540136775,30.496397540136773,30.471166147154594,0,,0,,0.00010086130350828171,False,"[30.615954401906457, 30.677588992313275, 30.583287783032663, 30.284119439362637, 30.663470862425065, 30.841415442303532, 30.979830225685856, 30.64591229232823, 30.548977551622045]","[30.615954401906457, 30.677588992313275, 30.583287783032663, 30.284119439362637, 30.663470862425065, 30.841415442303532, 30.979830225685856, 30.64591229232823, 30.548977551622045]","[false, false, false, false, false, false, false, false, false]",[],[],0da84cb1e8107403d505c3488eb5b5d3792b35d8e794c866946e50af6e4c88bc,2e20e38a16894a099f8abe61886635150cd4df7fa227ab13ecb102acfd649949,"{""anomaly_count"": 0, ""confidence"": 1.0, ""temperature"": 30.604779934931276, ""timestamp"": ""2026-09-03T00:38:00+00:00"", ""zone"": ""zone-0""}","{""action_type"": ""increase_fan_speed"", ""consensus_timestamp"": ""2026-09-03T00:38:00+00:00"", ""duration"": 1, ""magnitude"": 0.1, ""reasoning_summary"": ""Frozen bidirectional thermal pilot controller"", ""target_zone"": ""zone-0"", ""used_consensus"": true}"
11,0,nominal,none,oracle,39,30.471166147154594,30.471166147154594,0.0,26.0,0.7,0.6,0.7,increase_fan_speed,supervisor,True,,,0,1.0,30.197472855382227,30.285472855382228,30.233424841072374,0,,0,,9.980611503124237e-05,False,"[30.47798242808271, 30.769936786215435, 30.41905085365204, 30.37124899046238, 30.39339039889133, 30.363933146430476, 30.13907594015865, 30.269560371693053, 30.1447758262439]","[30.47798242808271, 30.769936786215435, 30.41905085365204, 30.37124899046238, 30.39339039889133, 30.363933146430476, 30.13907594015865, 30.269560371693053, 30.1447758262439]","[false, false, false, false, false, false, false, false, false]",[],[],17a6b7cb6098bbfa6d72f455012b8c98d919346779e5ef07c29c8a0576fa50d8,2e4750cb32db0d902c68eeb882dd91db4a6238909affcbaa15b38bf32486094d,"{""anomaly_count"": 0, ""confidence"": 1.0, ""temperature"": 30.471166147154594, ""timestamp"": ""2026-09-03T00:39:00+00:00"", ""zone"": ""zone-0""}","{""action_type"": ""increase_fan_speed"", ""consensus_timestamp"": ""2026-09-03T00:39:00+00:00"", ""duration"": 1, ""magnitude"": 0.1, ""reasoning_summary"": ""Frozen bidirectional thermal pilot controller"", ""target_zone"": ""zone-0"", ""used_consensus"": true}"
11,0,nominal,none,oracle,40,30.233424841072374,30.233424841072374,0.0,26.0,0.7,0.7,0.7,maintain,supervisor,True,,,0,1.0,29.978750853786583,29.978750853786583,29.998443079151226,0,,0,,0.00010581966489553452,False,"[30.180121191311493, 30.317554035121052, 30.031091967785617, 30.30978482710345, 30.083942966446106, 30.35000028084057, 30.40893011641158, 30.01738562767746, 30.565106230000982]","[30.180121191311493, 30.317554035121052, 30.031091967785617, 30.30978482710345, 30.083942966446106, 30.35000028084057, 30.40893011641158, 30.01738562767746, 30.565106230000982]","[false, false, false, false, false, false, false, false, false]",[],[],22edde1631a5d543b03c6dae5012d05fdf2f51964793e8b9a5516b0eb434d943,0fc43ea0887e591ecd4ec1d74ced5a085fb18719cbfe4a7b2ff3317323b39e71,"{""anomaly_count"": 0, ""confidence"": 1.0, ""temperature"": 30.233424841072374, ""timestamp"": ""2026-09-03T00:40:00+00:00"", ""zone"": ""zone-0""}","{""action_type"": ""maintain"", ""consensus_timestamp"": ""2026-09-03T00:40:00+00:00"", ""duration"": 1, ""magnitude"": 0.0, ""reasoning_summary"": ""Frozen bidirectional thermal pilot controller"", ""target_zone"": ""zone-0"", ""used_consensus"": true}"
11,0,nominal,none,oracle,41,29.998443079151226,29.998443079151226,0.0,26.0,0.7,0.7,0.7,maintain,supervisor,True,,,0,1.0,29.762567632819128,29.762567632819128,29.84980854922398,0,,0,,0.00010950025171041489,False,"[30.008061811148416, 29.71931938965636, 29.91110865835754, 29.92510160978329, 30.08672789100346, 29.73057003569395, 30.41621799488155, 30.220245513978316, 29.757463940732308]","[30.008061811148416, 29.71931938965636, 29.91110865835754, 29.92510160978329, 30.08672789100346, 29.73057003569395, 30.41621799488155, 30.220245513978316, 29.757463940732308]","[false, false, false, false, false, false, false, false, false]",[],[],8380e1a899fda45eb3115aa59be34437ed2322cc7443f8cd144e79db9c91ec69,80e1ed6cb58ffd113f73a6787a0da9bad2079ba1643baa76ebc8ed94b5394c37,"{""anomaly_count"": 0, ""confidence"": 1.0, ""temperature"": 29.998443079151226, ""timestamp"": ""2026-09-03T00:41:00+00:00"", ""zone"": ""zone-0""}","{""action_type"": ""maintain"", ""consensus_timestamp"": ""2026-09-03T00:41:00+00:00"", ""duration"": 1, ""magnitude"": 0.0, ""reasoning_summary"": ""Frozen bidirectional thermal pilot controller"", ""target_zone"": ""zone-0"", ""used_consensus"": true}"
11,0,nominal,none,oracle,42,29.84980854922398,29.84980854922398,0.0,26.0,0.7,0.7,0.7,maintain,supervisor,True,,,0,1.0,29.625823865286062,29.625823865286062,29.658055897950657,0,,0,,0.00011229235678911209,False,"[29.54841854649556, 29.714845132319365, 29.79717213848241, 29.647249888290393, 29.56950469411052, 29.879058183482858, 29.360282881144702, 29.81697915307131, 30.06302804825726]","[29.54841854649556, 29.714845132319365, 29.79717213848241, 29.647249888290393, 29.56950469411052, 29.879058183482858, 29.360282881144702, 29.81697915307131, 30.06302804825726]","[false, false, false, false, false, false, false, false, false]",[],[],1c125e7f9a561aa4b1c947d44a68e418d8d341ccb5c2f452aed52900bcea7658,7d5e77e3714a4ae49c337b535b50b4d07269bc88b68cadde0fb6af6c5065afe4,"{""anomaly_count"": 0, ""confidence"": 1.0, ""temperature"": 29.84980854922398, ""timestamp"": ""2026-09-03T00:42:00+00:00"", ""zone"": ""zone-0""}","{""action_type"": ""maintain"", ""consensus_timestamp"": ""2026-09-03T00:42:00+00:00"", ""duration"": 1, ""magnitude"": 0.0, ""reasoning_summary"": ""Frozen bidirectional thermal pilot controller"", ""target_zone"": ""zone-0"", ""used_consensus"": true}"
11,0,nominal,none,oracle,43,29.658055897950657,29.658055897950657,0.0,26.0,0.7,0.7,0.7,maintain,supervisor,True,,,0,1.0,29.449411426114604,29.449411426114604,29.475593388493003,0,,0,,0.00011810567229986191,False,"[29.616151188639297, 30.005997554076874, 29.739066079788444, 29.62205939128905, 29.768371820476542, 29.81328371318278, 29.750071894577076, 29.46790083373751, 29.838360210267542]","[29.616151188639297, 30.005997554076874, 29.739066079788444, 29.62205939128905, 29.768371820476542, 29.81328371318278, 29.750071894577076, 29.46790083373751, 29.838360210267542]","[false, false, false, false, false, false, false, false, false]",[],[],6091837ab9bd625124c2ddf127ffa417ac28b892a97d78a4e1f9ecdcb3ecb98b,e04b278c93cca89d0e90055091b7ce2e801559e6be186768d050002bd8a627c7,"{""anomaly_count"": 0, ""confidence"": 1.0, ""temperature"": 29.658055897950657, ""timestamp"": ""2026-09-03T00:43:00+00:00"", ""zone"": ""zone-0""}","{""action_type"": ""maintain"", ""consensus_timestamp"": ""2026-09-03T00:43:00+00:00"", ""duration"": 1, ""magnitude"": 0.0, ""reasoning_summary"": ""Frozen bidirectional thermal pilot controller"", ""target_zone"": ""zone-0"", ""used_consensus"": true}"
11,0,nominal,none,oracle,44,29.475593388493003,29.475593388493003,0.0,26.0,0.7,0.7,0.7,maintain,supervisor,True,,,0,1.0,29.281545917413563,29.281545917413563,29.35219747130177,0,,0,,0.00010400824248790741,False,"[29.518208090953074, 29.176577903828345, 29.561478712263312, 29.406924382155715, 29.596963653280934, 29.53258843417918, 29.395800708305607, 29.25415778263258, 29.463598820109908]","[29.518208090953074, 29.176577903828345, 29.561478712263312, 29.406924382155715, 29.596963653280934, 29.53258843417918, 29.395800708305607, 29.25415778263258, 29.463598820109908]","[false, false, false, false, false, false, false, false, false]",[],[],a5eecb29989cba33177afa5c04f1249e82b14e8d0e3e3f789c80507a7107be35,c32272e2381181a227669784c2a64489d5be1c251b8d2534d0d4a986ed8981e1,"{""anomaly_count"": 0, ""confidence"": 1.0, ""temperature"": 29.475593388493003, ""timestamp"": ""2026-09-03T00:44:00+00:00"", ""zone"": ""zone-0""}","{""action_type"": ""maintain"", ""consensus_timestamp"": ""2026-09-03T00:44:00+00:00"", ""duration"": 1, ""magnitude"": 0.0, ""reasoning_summary"": ""Frozen bidirectional thermal pilot controller"", ""target_zone"": ""zone-0"", ""used_consensus"": true}"
11,0,nominal,none,oracle,45,29.35219747130177,29.35219747130177,0.0,26.0,0.7,0.7,0.6,decrease_fan_speed,supervisor,True,,,0,1.0,29.25602167359763,29.16802167359763,29.328675995733263,0,,0,,0.00010002218186855316,False,"[29.212802957016336, 29.15001285919575, 29.735550586934213, 29.100619051020423, 29.388759951846904, 29.200033241053703, 29.50971888079762, 29.153324113529425, 29.118252783908684]","[29.212802957016336, 29.15001285919575, 29.735550586934213, 29.100619051020423, 29.388759951846904, 29.200033241053703, 29.50971888079762, 29.153324113529425, 29.118252783908684]","[false, false, false, false, false, false, false, false, false]",[],[],4658ac2dd4d7a21e341125c982f317a167bfd4e8c8f53d5e132f17401d73b632,84fbcb3c5a9245c2ed5e7c21371d6be45f87f681a066a54287b03c37665dbfa3,"{""anomaly_count"": 0, ""confidence"": 1.0, ""temperature"": 29.35219747130177, ""timestamp"": ""2026-09-03T00:45:00+00:00"", ""zone"": ""zone-0""}","{""action_type"": ""decrease_fan_speed"", ""consensus_timestamp"": ""2026-09-03T00:45:00+00:00"", ""duration"": 1, ""magnitude"": 0.1, ""reasoning_summary"": ""Frozen bidirectional thermal pilot controller"", ""target_zone"": ""zone-0"", ""used_consensus"": true}"
11,0,nominal,none,oracle,46,29.328675995733263,29.328675995733263,0.0,26.0,0.7,0.6,0.6,maintain,supervisor,True,,,0,1.0,29.234381916074604,29.234381916074604,29.259129795116653,0,,0,,9.685102850198746e-05,False,"[29.665633437552856, 29.607515483645404, 29.422176012734816, 29.11998370398294, 29.40154680125951, 29.126600094629193, 29.840704491287102, 29.177258103209603, 28.97303181413155]","[29.665633437552856, 29.607515483645404, 29.422176012734816, 29.11998370398294, 29.40154680125951, 29.126600094629193, 29.840704491287102, 29.177258103209603, 28.97303181413155]","[false, false, false, false, false, false, false, false, false]",[],[],9c0fb4355dc88a49c7561fef15a1413ce4f50dc64d5fac390d833dc94645fea1,fe16e259b658369acea6c387c93432d45eeb0be751f87ed74d854a89c4f6c065,"{""anomaly_count"": 0, ""confidence"": 1.0, ""temperature"": 29.328675995733263, ""timestamp"": ""2026-09-03T00:46:00+00:00"", ""zone"": ""zone-0""}","{""action_type"": ""maintain"", ""consensus_timestamp"": ""2026-09-03T00:46:00+00:00"", ""duration"": 1, ""magnitude"": 0.0, ""reasoning_summary"": ""Frozen bidirectional thermal pilot controller"", ""target_zone"": ""zone-0"", ""used_consensus"": true}"
11,0,nominal,none,oracle,47,29.259129795116653,29.259129795116653,0.0,26.0,0.7,0.6,0.6,maintain,supervisor,True,,,0,1.0,29.170399411507322,29.170399411507322,29.23952993087309,0,,0,,9.712204337120056e-05,False,"[28.85409071329332, 29.459008711521417, 29.31381399372953, 29.420027327628127, 29.432452515893083, 29.41077903528618, 29.20304418037949, 29.433442876288833, 29.307456437059166]","[28.85409071329332, 29.459008711521417, 29.31381399372953, 29.420027327628127, 29.432452515893083, 29.41077903528618, 29.20304418037949, 29.433442876288833, 29.307456437059166]","[false, false, false, false, false, false, false, false, false]",[],[],4586f8ba73a6b5508ef34f3f0ef68dc59b64045ff9e0f6416c2cbdf8b8cd5d42,3d62edcf49c6690360b45bebcbb2b0fa0e62bebbc1bbf37dff9e96979546d924,"{""anomaly_count"": 0, ""confidence"": 1.0, ""temperature"": 29.259129795116653, ""timestamp"": ""2026-09-03T00:47:00+00:00"", ""zone"": ""zone-0""}","{""action_type"": ""maintain"", ""consensus_timestamp"": ""2026-09-03T00:47:00+00:00"", ""duration"": 1, ""magnitude"": 0.0, ""reasoning_summary"": ""Frozen bidirectional thermal pilot controller"", ""target_zone"": ""zone-0"", ""used_consensus"": true}"
11,0,nominal,none,oracle,48,29.23952993087309,29.23952993087309,0.0,26.0,0.7,0.6,0.5,decrease_fan_speed,supervisor,True,,,0,1.0,29.24036753640324,29.152367536403244,29.311118949460706,0,,0,,0.00010367017239332199,False,"[29.274021479041686, 29.330655324156112, 28.895604755859143, 29.044805246253112, 29.104142259576403, 29.377586115865967, 29.424436811217635, 29.2812050438025, 29.33092526773373]","[29.274021479041686, 29.330655324156112, 28.895604755859143, 29.044805246253112, 29.104142259576403, 29.377586115865967, 29.424436811217635, 29.2812050438025, 29.33092526773373]","[false, false, false, false, false, false, false, false, false]",[],[],cd366e56bf2477a4e74ef04b054f7b0a35ad9685ef01dc73666b5769611ccdbb,ab664be089a77c8bf79ca4dddc0e41ee7ed2d726ec848661a10b0129b837cdce,"{""anomaly_count"": 0, ""confidence"": 1.0, ""temperature"": 29.23952993087309, ""timestamp"": ""2026-09-03T00:48:00+00:00"", ""zone"": ""zone-0""}","{""action_type"": ""decrease_fan_speed"", ""consensus_timestamp"": ""2026-09-03T00:48:00+00:00"", ""duration"": 1, ""magnitude"": 0.1, ""reasoning_summary"": ""Frozen bidirectional thermal pilot controller"", ""target_zone"": ""zone-0"", ""used_consensus"": true}"
11,0,nominal,none,oracle,49,29.311118949460706,29.311118949460706,0.0,26.0,0.7,0.5,0.5,maintain,supervisor,True,,,0,1.0,29.306229433503848,29.306229433503848,29.375025201360785,0,,0,,0.00010187365114688873,False,"[29.62781751254502, 29.16957954697949, 29.504727236765802, 29.26203382511539, 29.19914338424166, 29.31687268750374, 29.41685889783851, 29.412023115888992, 29.441901623781625]","[29.62781751254502, 29.16957954697949, 29.504727236765802, 29.26203382511539, 29.19914338424166, 29.31687268750374, 29.41685889783851, 29.412023115888992, 29.441901623781625]","[false, false, false, false, false, false, false, false, false]",[],[],ab099b84ecf3098e9fd1ef9bc28d0758639e2e8d75fbaec5d56af28803aaa402,ab714f092d6e0d840e0477bab194ef2d177cf6d17a32f1b336ca319f24cfc1ec,"{""anomaly_count"": 0, ""confidence"": 1.0, ""temperature"": 29.311118949460706, ""timestamp"": ""2026-09-03T00:49:00+00:00"", ""zone"": ""zone-0""}","{""action_type"": ""maintain"", ""consensus_timestamp"": ""2026-09-03T00:49:00+00:00"", ""duration"": 1, ""magnitude"": 0.0, ""reasoning_summary"": ""Frozen bidirectional thermal pilot controller"", ""target_zone"": ""zone-0"", ""used_consensus"": true}"
11,0,nominal,none,oracle,50,29.375025201360785,29.375025201360785,0.0,26.0,0.7,0.5,0.5,maintain,supervisor,True,,,0,1.0,29.36502318525192,29.36502318525192,29.39732069422764,0,,0,,0.00010060891509056091,False,"[29.144647980320517, 29.360413628510553, 29.292585548552523, 29.049243861958512, 29.127763466573562, 29.596974887944732, 29.41525738696626, 29.188178493785358, 29.618130439350292]","[29.144647980320517, 29.360413628510553, 29.292585548552523, 29.049243861958512, 29.127763466573562, 29.596974887944732, 29.41525738696626, 29.188178493785358, 29.618130439350292]","[false, false, false, false, false, false, false, false, false]",[],[],7e1425aad6f93dbeb4197cf508c9461b69704596210a5d1b72a6b52c1128c979,e51ac9bd6685e44ff7cb91b8771af28a38985aab454991bd39ca37e5d23a76fa,"{""anomaly_count"": 0, ""confidence"": 1.0, ""temperature"": 29.375025201360785, ""timestamp"": ""2026-09-03T00:50:00+00:00"", ""zone"": ""zone-0""}","{""action_type"": ""maintain"", ""consensus_timestamp"": ""2026-09-03T00:50:00+00:00"", ""duration"": 1, ""magnitude"": 0.0, ""reasoning_summary"": ""Frozen bidirectional thermal pilot controller"", ""target_zone"": ""zone-0"", ""used_consensus"": true}"
11,0,nominal,none,oracle,51,29.39732069422764,29.39732069422764,0.0,26.0,0.7,0.5,0.4,decrease_fan_speed,supervisor,True,,,0,1.0,29.47353503868943,29.38553503868943,29.49944616682284,0,,0,,9.610876441001892e-05,False,"[29.262697919697818, 29.591100731294283, 29.461687375881546, 29.37741603233558, 29.49133808146883, 29.652516852022103, 29.648670369525362, 29.181446545136115, 29.336592791278377]","[29.262697919697818, 29.591100731294283, 29.461687375881546, 29.37741603233558, 29.49133808146883, 29.652516852022103, 29.648670369525362, 29.181446545136115, 29.336592791278377]","[false, false, false, false, false, false, false, false, false]",[],[],7db57eb46c48d9c8651ccb5bcaec7cf7ad2761dce8f9c248e3a0bf43bace0aaa,831af3e3ec9c85557b15b8b2384143208859d45c31a8ca498ad00b49c32f65b6,"{""anomaly_count"": 0, ""confidence"": 1.0, ""temperature"": 29.39732069422764, ""timestamp"": ""2026-09-03T00:51:00+00:00"", ""zone"": ""zone-0""}","{""action_type"": ""decrease_fan_speed"", ""consensus_timestamp"": ""2026-09-03T00:51:00+00:00"", ""duration"": 1, ""magnitude"": 0.1, ""reasoning_summary"": ""Frozen bidirectional thermal pilot controller"", ""target_zone"": ""zone-0"", ""used_consensus"": true}"
11,0,nominal,none,oracle,52,29.49944616682284,29.49944616682284,0.0,26.0,0.7,0.4,0.4,maintain,supervisor,True,,,0,1.0,29.56749047347701,29.56749047347701,29.639138386135304,0,,0,,9.555090218782425e-05,False,"[29.329871928472958, 29.247342843612696, 29.671878014636277, 29.917127691464334, 29.276316164850297, 29.05027011293414, 29.687666628400596, 29.533350736958965, 29.559292968955916]","[29.329871928472958, 29.247342843612696, 29.671878014636277, 29.917127691464334, 29.276316164850297, 29.05027011293414, 29.687666628400596, 29.533350736958965, 29.559292968955916]","[false, false, false, false, false, false, false, false, false]",[],[],459ed27315e99779bc50f8127447c98748830c5a7c8b0baf220878ac77e78e6c,f0f37522eb6c83d9d56d8fbe45901bc9ec3207aa2cca7ed238869839c2d2519f,"{""anomaly_count"": 0, ""confidence"": 1.0, ""temperature"": 29.49944616682284, ""timestamp"": ""2026-09-03T00:52:00+00:00"", ""zone"": ""zone-0""}","{""action_type"": ""maintain"", ""consensus_timestamp"": ""2026-09-03T00:52:00+00:00"", ""duration"": 1, ""magnitude"": 0.0, ""reasoning_summary"": ""Frozen bidirectional thermal pilot controller"", ""target_zone"": ""zone-0"", ""used_consensus"": true}"
11,0,nominal,none,oracle,53,29.639138386135304,29.639138386135304,0.0,26.0,0.7,0.4,0.4,maintain,supervisor,True,,,0,1.0,29.69600731524448,29.69600731524448,29.746647478032443,0,,0,,9.920075535774231e-05,False,"[29.6451073770019, 29.4932664515081, 29.436141916707975, 29.20249468526359, 30.145987157102027, 29.4970684955806, 29.5769892669605, 29.781041736353213, 29.536418276278596]","[29.6451073770019, 29.4932664515081, 29.436141916707975, 29.20249468526359, 30.145987157102027, 29.4970684955806, 29.5769892669605, 29.781041736353213, 29.536418276278596]","[false, false, false, false, false, false, false, false, false]",[],[],41ddc811d61a0334292838ff08efaf50bf03538d37c8d1f74b544076a4a208aa,21a925b1538654e24f3b63cfde405bce457832b93f6bcb566a56b999c001d690,"{""anomaly_count"": 0, ""confidence"": 1.0, ""temperature"": 29.639138386135304, ""timestamp"": ""2026-09-03T00:53:00+00:00"", ""zone"": ""zone-0""}","{""action_type"": ""maintain"", ""consensus_timestamp"": ""2026-09-03T00:53:00+00:00"", ""duration"": 1, ""magnitude"": 0.0, ""reasoning_summary"": ""Frozen bidirectional thermal pilot controller"", ""target_zone"": ""zone-0"", ""used_consensus"": true}"
11,0,nominal,none,oracle,54,29.746647478032443,29.746647478032443,0.0,26.0,0.7,0.4,0.4,maintain,supervisor,True,,,0,1.0,29.794915679789845,29.794915679789845,29.817989164475183,0,,0,,9.71844419836998e-05,False,"[29.56259124131218, 29.95310958815273, 29.808014964368365, 29.71589304995701, 29.561254181108836, 29.603053884445064, 29.93392797792585, 29.41090859740931, 29.751656833568187]","[29.56259124131218, 29.95310958815273, 29.808014964368365, 29.71589304995701, 29.561254181108836, 29.603053884445064, 29.93392797792585, 29.41090859740931, 29.751656833568187]","[false, false, false, false, false, false, false, false, false]",[],[],0327c907c0ae1dc2a601553d024e21971b9828c3c254451f36b4ca103e8a080b,5f1b78d38ef30aa2ba3d03912039306ef5c01790cef115c1b867c18cecc1dd5b,"{""anomaly_count"": 0, ""confidence"": 1.0, ""temperature"": 29.746647478032443, ""timestamp"": ""2026-09-03T00:54:00+00:00"", ""zone"": ""zone-0""}","{""action_type"": ""maintain"", ""consensus_timestamp"": ""2026-09-03T00:54:00+00:00"", ""duration"": 1, ""magnitude"": 0.0, ""reasoning_summary"": ""Frozen bidirectional thermal pilot controller"", ""target_zone"": ""zone-0"", ""used_consensus"": true}"
11,0,nominal,none,oracle,55,29.817989164475183,29.817989164475183,0.0,26.0,0.7,0.4,0.4,maintain,supervisor,True,,,0,1.0,29.860550031317167,29.860550031317167,29.90566851278296,0,,0,,0.00010270904749631882,False,"[29.90080511874732, 30.026510846705413, 29.932150182895047, 29.894728869908114, 29.523810539015745, 29.524609746041246, 29.863901776333783, 29.55149814244967, 30.26039518951848]","[29.90080511874732, 30.026510846705413, 29.932150182895047, 29.894728869908114, 29.523810539015745, 29.524609746041246, 29.863901776333783, 29.55149814244967, 30.26039518951848]","[false, false, false, false, false, false, false, false, false]",[],[],418c109a353e99cf0a02fa81fa3223a9e46b0e3b8e1d345796d687b5057d0d27,01a629b99100f02388eb26a7cf1dab159872b9ddfbef149d5583178d58706dc9,"{""anomaly_count"": 0, ""confidence"": 1.0, ""temperature"": 29.817989164475183, ""timestamp"": ""2026-09-03T00:55:00+00:00"", ""zone"": ""zone-0""}","{""action_type"": ""maintain"", ""consensus_timestamp"": ""2026-09-03T00:55:00+00:00"", ""duration"": 1, ""magnitude"": 0.0, ""reasoning_summary"": ""Frozen bidirectional thermal pilot controller"", ""target_zone"": ""zone-0"", ""used_consensus"": true}"
11,0,nominal,none,oracle,56,29.90566851278296,29.90566851278296,0.0,26.0,0.7,0.4,0.4,maintain,supervisor,True,,,0,1.0,29.941215031760322,29.941215031760322,29.972379953923184,0,,0,,9.842775762081146e-05,False,"[29.947397421772138, 30.05127129506211, 29.72883613931958, 30.201049728746476, 29.925260464260056, 29.725557828461735, 29.67497373335194, 30.355728907406128, 29.731397353449513]","[29.947397421772138, 30.05127129506211, 29.72883613931958, 30.201049728746476, 29.925260464260056, 29.725557828461735, 29.67497373335194, 30.355728907406128, 29.731397353449513]","[false, false, false, false, false, false, false, false, false]",[],[],85f39a7a115dd969bfc788cb56a73529c7127b45e0b6e42413adaf0abfff93b5,eee56e2bbc1cb15d475e4e11b545cbd9cceb9a208dcfd379b7befb14cc69eeb3,"{""anomaly_count"": 0, ""confidence"": 1.0, ""temperature"": 29.90566851278296, ""timestamp"": ""2026-09-03T00:56:00+00:00"", ""zone"": ""zone-0""}","{""action_type"": ""maintain"", ""consensus_timestamp"": ""2026-09-03T00:56:00+00:00"", ""duration"": 1, ""magnitude"": 0.0, ""reasoning_summary"": ""Frozen bidirectional thermal pilot controller"", ""target_zone"": ""zone-0"", ""used_consensus"": true}"
11,0,nominal,none,oracle,57,29.972379953923184,29.972379953923184,0.0,26.0,0.7,0.4,0.4,maintain,supervisor,True,,,0,1.0,30.00258955760933,30.00258955760933,30.01683043310672,0,,0,,0.00010460056364536285,False,"[30.175485544949428, 29.828329589498956, 29.943837424686578, 30.398261176227482, 30.06312938007049, 30.312630308852853, 29.93614106366564, 29.630911237154223, 29.708904190155074]","[30.175485544949428, 29.828329589498956, 29.943837424686578, 30.398261176227482, 30.06312938007049, 30.312630308852853, 29.93614106366564, 29.630911237154223, 29.708904190155074]","[false, false, false, false, false, false, false, false, false]",[],[],75af89013f04fd94766efe1fb9036a7833e328164bad1d8764921e0af3903f38,7b685988f6d3745bd12452dce7b9a21b5fe6e121eb16462403a65b005fa27870,"{""anomaly_count"": 0, ""confidence"": 1.0, ""temperature"": 29.972379953923184, ""timestamp"": ""2026-09-03T00:57:00+00:00"", ""zone"": ""zone-0""}","{""action_type"": ""maintain"", ""consensus_timestamp"": ""2026-09-03T00:57:00+00:00"", ""duration"": 1, ""magnitude"": 0.0, ""reasoning_summary"": ""Frozen bidirectional thermal pilot controller"", ""target_zone"": ""zone-0"", ""used_consensus"": true}"
11,0,nominal,none,oracle,58,30.01683043310672,30.01683043310672,0.0,26.0,0.7,0.4,0.4,maintain,supervisor,True,,,0,1.0,30.043483998458182,30.043483998458182,30.07188944642112,0,,0,,9.793974459171295e-05,False,"[29.79803808876695, 30.158536297471656, 30.18626376795885, 29.890060484170906, 30.15423833945538, 30.027251104910064, 30.396436710059636, 29.765812268208165, 29.93569960270886]","[29.79803808876695, 30.158536297471656, 30.18626376795885, 29.890060484170906, 30.15423833945538, 30.027251104910064, 30.396436710059636, 29.765812268208165, 29.93569960270886]","[false, false, false, false, false, false, false, false, false]",[],[],fea9d6b30faff4eb071014e1c746a34c80f8b423eb3c866f8db62c30d527f0dc,4c21d80354fac12740fcf73506d82ba80478ad2f52bdac1eab7f6e56c379fadb,"{""anomaly_count"": 0, ""confidence"": 1.0, ""temperature"": 30.01683043310672, ""timestamp"": ""2026-09-03T00:58:00+00:00"", ""zone"": ""zone-0""}","{""action_type"": ""maintain"", ""consensus_timestamp"": ""2026-09-03T00:58:00+00:00"", ""duration"": 1, ""magnitude"": 0.0, ""reasoning_summary"": ""Frozen bidirectional thermal pilot controller"", ""target_zone"": ""zone-0"", ""used_consensus"": true}"
11,0,nominal,none,oracle,59,30.07188944642112,30.07188944642112,0.0,26.0,0.7,0.4,0.4,maintain,supervisor,True,,,0,1.0,30.09413829070743,30.09413829070743,30.142683354657994,0,,0,,0.00012245122343301773,False,"[29.743273642398435, 29.93104235276666, 30.184060080204095, 30.050099244006667, 30.346898672982444, 29.827641616363255, 29.74588007928586, 29.813650458615232, 29.798106736178035]","[29.743273642398435, 29.93104235276666, 30.184060080204095, 30.050099244006667, 30.346898672982444, 29.827641616363255, 29.74588007928586, 29.813650458615232, 29.798106736178035]","[false, false, false, false, false, false, false, false, false]",[],[],9569cae4131d1a624b2eb734283730cfbd38156554c84e1184c4920cebe922ff,e2ad81d996563da995c5a2ac4f274f642b69244ff0ec58f4eba16d94c594d81d,"{""anomaly_count"": 0, ""confidence"": 1.0, ""temperature"": 30.07188944642112, ""timestamp"": ""2026-09-03T00:59:00+00:00"", ""zone"": ""zone-0""}","{""action_type"": ""maintain"", ""consensus_timestamp"": ""2026-09-03T00:59:00+00:00"", ""duration"": 1, ""magnitude"": 0.0, ""reasoning_summary"": ""Frozen bidirectional thermal pilot controller"", ""target_zone"": ""zone-0"", ""used_consensus"": true}"
11,0,nominal,none,oracle,60,30.142683354657994,30.142683354657994,0.0,27.0,0.85,0.4,0.4,maintain,supervisor,True,,,0,1.0,30.389268686285355,30.389268686285355,30.436081833030183,0,,0,,0.00011094007641077042,False,"[30.117414029378168, 30.072692718689016, 30.343134362719322, 30.17366470791955, 30.035570240058973, 30.031779583519054, 30.235126385316427, 30.037942376536265, 30.192424842364026]","[30.117414029378168, 30.072692718689016, 30.343134362719322, 30.17366470791955, 30.035570240058973, 30.031779583519054, 30.235126385316427, 30.037942376536265, 30.192424842364026]","[false, false, false, false, false, false, false, false, false]",[],[],f191cb76722123533495728c8c4d539653880c89079d8f6aa0b261a9316d4a22,e6bc2961252902cccf3e46fcc734abd8609c186c03b8e84231e9c7e4199b0af9,"{""anomaly_count"": 0, ""confidence"": 1.0, ""temperature"": 30.142683354657994, ""timestamp"": ""2026-09-03T01:00:00+00:00"", ""zone"": ""zone-0""}","{""action_type"": ""maintain"", ""consensus_timestamp"": ""2026-09-03T01:00:00+00:00"", ""duration"": 1, ""magnitude"": 0.0, ""reasoning_summary"": ""Frozen bidirectional thermal pilot controller"", ""target_zone"": ""zone-0"", ""used_consensus"": true}"
11,0,nominal,none,oracle,61,30.436081833030183,30.436081833030183,0.0,27.0,0.85,0.4,0.5,increase_fan_speed,supervisor,True,,,0,1.0,30.57119528638777,30.65919528638777,30.620548134503057,0,,0,,0.00011315383017063141,False,"[30.625030288437394, 30.309688897979218, 30.40798250553313, 30.316319238832214, 30.18082345318918, 30.443455465697514, 30.42172776205491, 30.168146757888398, 30.494072752058898]","[30.625030288437394, 30.309688897979218, 30.40798250553313, 30.316319238832214, 30.18082345318918, 30.443455465697514, 30.42172776205491, 30.168146757888398, 30.494072752058898]","[false, false, false, false, false, false, false, false, false]",[],[],5b998b165fd1536fd75b7fea579ef56210335ca5e3702f6477ca80dee130d328,b1e4471fc94af22e87ba9f10750ae390b33677565549985789b9834f4fd56cde,"{""anomaly_count"": 0, ""confidence"": 1.0, ""temperature"": 30.436081833030183, ""timestamp"": ""2026-09-03T01:01:00+00:00"", ""zone"": ""zone-0""}","{""action_type"": ""increase_fan_speed"", ""consensus_timestamp"": ""2026-09-03T01:01:00+00:00"", ""duration"": 1, ""magnitude"": 0.1, ""reasoning_summary"": ""Frozen bidirectional thermal pilot controller"", ""target_zone"": ""zone-0"", ""used_consensus"": true}"
11,0,nominal,none,oracle,62,30.620548134503057,30.620548134503057,0.0,27.0,0.85,0.5,0.6,increase_fan_speed,supervisor,True,,,0,1.0,30.652904283742814,30.74090428374281,30.676271672838343,0,,0,,0.00011128094047307968,False,"[30.647666478753415, 30.414924331779197, 30.751646636352262, 30.541807950330853, 31.02957585281923, 30.734579852199193, 30.51143290669688, 30.51563212040163, 30.830882976932912]","[30.647666478753415, 30.414924331779197, 30.751646636352262, 30.541807950330853, 31.02957585281923, 30.734579852199193, 30.51143290669688, 30.51563212040163, 30.830882976932912]","[false, false, false, false, false, false, false, false, false]",[],[],6f8d35bf5485d330d50febc1f95eb300242f273816a8c65ff5930d631571c5c7,fe4d90536540c58c936c1ca8bb49fdf29bfe999879a2bfd6ad90e39044bc5e4a,"{""anomaly_count"": 0, ""confidence"": 1.0, ""temperature"": 30.620548134503057, ""timestamp"": ""2026-09-03T01:02:00+00:00"", ""zone"": ""zone-0""}","{""action_type"": ""increase_fan_speed"", ""consensus_timestamp"": ""2026-09-03T01:02:00+00:00"", ""duration"": 1, ""magnitude"": 0.1, ""reasoning_summary"": ""Frozen bidirectional thermal pilot controller"", ""target_zone"": ""zone-0"", ""used_consensus"": true}"
11,0,nominal,none,oracle,63,30.676271672838343,30.676271672838343,0.0,27.0,0.85,0.6,0.7,increase_fan_speed,supervisor,True,,,0,1.0,30.61616993901128,30.70416993901128,30.664454249830165,0,,0,,0.0001100609079003334,False,"[30.523784713259484, 30.52438840513565, 30.65693204023999, 31.011868002565013, 30.639764670423776, 30.938382393243554, 30.787809914583892, 30.448535363217164, 30.695723255168442]","[30.523784713259484, 30.52438840513565, 30.65693204023999, 31.011868002565013, 30.639764670423776, 30.938382393243554, 30.787809914583892, 30.448535363217164, 30.695723255168442]","[false, false, false, false, false, false, false, false, false]",[],[],fdb47a45f3a5e4bec582c6a791bc6620c0ef525b18f065d9f38194a5a40a624b,90f4f0991a603de5df1d218707edda8de476bc98c3edfb32add9514201262b86,"{""anomaly_count"": 0, ""confidence"": 1.0, ""temperature"": 30.676271672838343, ""timestamp"": ""2026-09-03T01:03:00+00:00"", ""zone"": ""zone-0""}","{""action_type"": ""increase_fan_speed"", ""consensus_timestamp"": ""2026-09-03T01:03:00+00:00"", ""duration"": 1, ""magnitude"": 0.1, ""reasoning_summary"": ""Frozen bidirectional thermal pilot controller"", ""target_zone"": ""zone-0"", ""used_consensus"": true}"
11,0,nominal,none,oracle,64,30.664454249830165,30.664454249830165,0.0,27.0,0.85,0.7,0.7999999999999999,increase_fan_speed,supervisor,True,,,0,1.0,30.51729790984375,30.605297909843753,30.61073418567578,0,,0,,0.00011311937123537064,False,"[31.091385477035608, 30.580230316515163, 30.656147252278224, 30.175510535840992, 30.848426175030255, 30.649867241784886, 30.362695425650216, 30.69192904033569, 30.50360449905727]","[31.091385477035608, 30.580230316515163, 30.656147252278224, 30.175510535840992, 30.848426175030255, 30.649867241784886, 30.362695425650216, 30.69192904033569, 30.50360449905727]","[false, false, false, false, false, false, false, false, false]",[],[],7679b21a18d6433685afde0e4f3966f50a8b398318ab1b294e2ba515ec33ae53,bd7ac71dce92856116ade2ce9fc500b06d0a611d75488b8848a8206fb30f7c81,"{""anomaly_count"": 0, ""confidence"": 1.0, ""temperature"": 30.664454249830165, ""timestamp"": ""2026-09-03T01:04:00+00:00"", ""zone"": ""zone-0""}","{""action_type"": ""increase_fan_speed"", ""consensus_timestamp"": ""2026-09-03T01:04:00+00:00"", ""duration"": 1, ""magnitude"": 0.1, ""reasoning_summary"": ""Frozen bidirectional thermal pilot controller"", ""target_zone"": ""zone-0"", ""used_consensus"": true}"
11,0,nominal,none,oracle,65,30.61073418567578,30.61073418567578,0.0,27.0,0.85,0.7999999999999999,0.8999999999999999,increase_fan_speed,supervisor,True,,,0,1.0,30.379875450821718,30.46787545082172,30.452075420716596,0,,0,,9.984150528907776e-05,False,"[30.458649776654042, 30.414441166578186, 30.718133661780186, 30.326880969009842, 30.362635475549276, 30.622494844301247, 30.608043336201927, 30.619909714123054, 31.01379647245507]","[30.458649776654042, 30.414441166578186, 30.718133661780186, 30.326880969009842, 30.362635475549276, 30.622494844301247, 30.608043336201927, 30.619909714123054, 31.01379647245507]","[false, false, false, false, false, false, false, false, false]",[],[],b0fe8f1563fd021d87ce94ab358dadd8b1b76fcd43007e43a310371f628710b9,45a0ffb882d6022dfa6cd47965560730d2fc775393c2b9d3ef42168f2a190b8d,"{""anomaly_count"": 0, ""confidence"": 1.0, ""temperature"": 30.61073418567578, ""timestamp"": ""2026-09-03T01:05:00+00:00"", ""zone"": ""zone-0""}","{""action_type"": ""increase_fan_speed"", ""consensus_timestamp"": ""2026-09-03T01:05:00+00:00"", ""duration"": 1, ""magnitude"": 0.1, ""reasoning_summary"": ""Frozen bidirectional thermal pilot controller"", ""target_zone"": ""zone-0"", ""used_consensus"": true}"
11,0,nominal,none,oracle,66,30.452075420716596,30.452075420716596,0.0,27.0,0.85,0.8999999999999999,0.9999999999999999,increase_fan_speed,supervisor,True,,,0,1.0,30.14590938705927,30.233909387059267,30.24821264760535,0,,0,,0.00010926369577646255,False,"[30.64840242201639, 30.70735059039487, 30.467589877252674, 30.622161226339646, 30.373163754763105, 29.99289408012087, 30.678735844095034, 30.598969120752855, 30.49423359385362]","[30.64840242201639, 30.70735059039487, 30.467589877252674, 30.622161226339646, 30.373163754763105, 29.99289408012087, 30.678735844095034, 30.598969120752855, 30.49423359385362]","[false, false, false, false, false, false, false, false, false]",[],[],69f35365f91954b05c854416caa9695a6a1bf8d40b5665155191b010a13c4771,9c86c010f4917676c5e4336793a791445a4af3c7a07b54127fb534e636b79416,"{""anomaly_count"": 0, ""confidence"": 1.0, ""temperature"": 30.452075420716596, ""timestamp"": ""2026-09-03T01:06:00+00:00"", ""zone"": ""zone-0""}","{""action_type"": ""increase_fan_speed"", ""consensus_timestamp"": ""2026-09-03T01:06:00+00:00"", ""duration"": 1, ""magnitude"": 0.1, ""reasoning_summary"": ""Frozen bidirectional thermal pilot controller"", ""target_zone"": ""zone-0"", ""used_consensus"": true}"
11,0,nominal,none,oracle,67,30.24821264760535,30.24821264760535,0.0,27.0,0.85,0.9999999999999999,0.9999999999999999,maintain,supervisor,True,,,0,1.0,29.958355635796924,29.958355635796924,30.0108320198156,0,,0,,0.00010848324745893478,False,"[30.18814543420916, 30.304218125594748, 30.368301587153187, 30.13642460949494, 30.15793691510418, 29.968955317368277, 30.257106907284367, 30.43967325448258, 29.94490298773143]","[30.18814543420916, 30.304218125594748, 30.368301587153187, 30.13642460949494, 30.15793691510418, 29.968955317368277, 30.257106907284367, 30.43967325448258, 29.94490298773143]","[false, false, false, false, false, false, false, false, false]",[],[],8a5a14294493c1f45aad1647489e0125d916b062452660305792838694bc9d4c,839c767463f456346f24f0530bdb559555dd96c0a2ef7000a8375f147fdcc997,"{""anomaly_count"": 0, ""confidence"": 1.0, ""temperature"": 30.24821264760535, ""timestamp"": ""2026-09-03T01:07:00+00:00"", ""zone"": ""zone-0""}","{""action_type"": ""maintain"", ""consensus_timestamp"": ""2026-09-03T01:07:00+00:00"", ""duration"": 1, ""magnitude"": 0.0, ""reasoning_summary"": ""Frozen bidirectional thermal pilot controller"", ""target_zone"": ""zone-0"", ""used_consensus"": true}"
11,0,nominal,none,oracle,68,30.0108320198156,30.0108320198156,0.0,27.0,0.85,0.9999999999999999,0.9999999999999999,maintain,supervisor,True,,,0,1.0,29.739965458230355,29.739965458230355,29.831992463916002,0,,0,,9.93991270661354e-05,False,"[30.014446031174902, 30.21651611225388, 29.815376871747183, 30.043856197567976, 30.166440392362855, 30.087268845780468, 30.09022424641993, 29.872306045096316, 29.85039299941424]","[30.014446031174902, 30.21651611225388, 29.815376871747183, 30.043856197567976, 30.166440392362855, 30.087268845780468, 30.09022424641993, 29.872306045096316, 29.85039299941424]","[false, false, false, false, false, false, false, false, false]",[],[],51d36deeaa6af0a89ee156bf81d0fd717e8936e0acd7607ff8f4654833142def,763886f842a70cbe6d1ae6f3436f7644e00c58d734d66c4deb78c332410c86b6,"{""anomaly_count"": 0, ""confidence"": 1.0, ""temperature"": 30.0108320198156, ""timestamp"": ""2026-09-03T01:08:00+00:00"", ""zone"": ""zone-0""}","{""action_type"": ""maintain"", ""consensus_timestamp"": ""2026-09-03T01:08:00+00:00"", ""duration"": 1, ""magnitude"": 0.0, ""reasoning_summary"": ""Frozen bidirectional thermal pilot controller"", ""target_zone"": ""zone-0"", ""used_consensus"": true}"
11,0,nominal,none,oracle,69,29.831992463916002,29.831992463916002,0.0,27.0,0.85,0.9999999999999999,0.9999999999999999,maintain,supervisor,True,,,0,1.0,29.575433066802724,29.575433066802724,29.656595630956804,0,,0,,9.807851165533066e-05,False,"[29.89157964822041, 29.768571644059403, 30.032749019303267, 29.836708877244227, 29.59137171146844, 29.734012004637766, 29.52127711308056, 29.742645722850664, 29.728595970826856]","[29.89157964822041, 29.768571644059403, 30.032749019303267, 29.836708877244227, 29.59137171146844, 29.734012004637766, 29.52127711308056, 29.742645722850664, 29.728595970826856]","[false, false, false, false, false, false, false, false, false]",[],[],61560184d0077da56e07fee812ee95c54b637ef381eec2e8913ebe262caef8a1,26071f0d095a721db039b0022748ddb0e37be553978f3b55ed86028e83ecdd40,"{""anomaly_count"": 0, ""confidence"": 1.0, ""temperature"": 29.831992463916002, ""timestamp"": ""2026-09-03T01:09:00+00:00"", ""zone"": ""zone-0""}","{""action_type"": ""maintain"", ""consensus_timestamp"": ""2026-09-03T01:09:00+00:00"", ""duration"": 1, ""magnitude"": 0.0, ""reasoning_summary"": ""Frozen bidirectional thermal pilot controller"", ""target_zone"": ""zone-0"", ""used_consensus"": true}"
11,0,nominal,none,oracle,70,29.656595630956804,29.656595630956804,0.0,27.0,0.85,0.9999999999999999,0.9999999999999999,maintain,supervisor,True,,,0,1.0,29.41406798048026,29.41406798048026,29.481736141006344,0,,0,,9.710527956485748e-05,False,"[29.81678904669051, 29.55855565719138, 29.63898242459832, 29.948354463765398, 29.50809445346441, 29.8035995710494, 29.513735973154493, 29.437942147549116, 29.761959135235934]","[29.81678904669051, 29.55855565719138, 29.63898242459832, 29.948354463765398, 29.50809445346441, 29.8035995710494, 29.513735973154493, 29.437942147549116, 29.761959135235934]","[false, false, false, false, false, false, false, false, false]",[],[],d6ca790e8df24ccfbe3f8b4eea23df7e2c15a905dce1b3ca4a455516477af293,fa00738e12fff1f99f949c14b0cdfb656c9e5d5566cb4156264f829ea1e67783,"{""anomaly_count"": 0, ""confidence"": 1.0, ""temperature"": 29.656595630956804, ""timestamp"": ""2026-09-03T01:10:00+00:00"", ""zone"": ""zone-0""}","{""action_type"": ""maintain"", ""consensus_timestamp"": ""2026-09-03T01:10:00+00:00"", ""duration"": 1, ""magnitude"": 0.0, ""reasoning_summary"": ""Frozen bidirectional thermal pilot controller"", ""target_zone"": ""zone-0"", ""used_consensus"": true}"
11,0,nominal,none,oracle,71,29.481736141006344,29.481736141006344,0.0,27.0,0.85,0.9999999999999999,0.9999999999999999,maintain,supervisor,True,,,0,1.0,29.25319724972584,29.25319724972584,29.315128577031388,0,,0,,9.765010327100754e-05,False,"[29.648739157505126, 29.585631135989246, 29.75443820116572, 29.443565516451265, 29.499880993068484, 29.774333463304476, 29.604166377391202, 29.80158866751269, 29.4120027986949]","[29.648739157505126, 29.585631135989246, 29.75443820116572, 29.443565516451265, 29.499880993068484, 29.774333463304476, 29.604166377391202, 29.80158866751269, 29.4120027986949]","[false, false, false, false, false, false, false, false, false]",[],[],a5bcf7148cd561e9a30482c3c4f68871a429ec4788cf5008c7a64675184abd6a,284481a62b324c27ca47849bd606556439b5b7ed50f6991ccb2d8d36459ee100,"{""anomaly_count"": 0, ""confidence"": 1.0, ""temperature"": 29.481736141006344, ""timestamp"": ""2026-09-03T01:11:00+00:00"", ""zone"": ""zone-0""}","{""action_type"": ""maintain"", ""consensus_timestamp"": ""2026-09-03T01:11:00+00:00"", ""duration"": 1, ""magnitude"": 0.0, ""reasoning_summary"": ""Frozen bidirectional thermal pilot controller"", ""target_zone"": ""zone-0"", ""used_consensus"": true}"
11,0,nominal,none,oracle,72,29.315128577031388,29.315128577031388,0.0,27.0,0.85,0.9999999999999999,0.8999999999999999,decrease_fan_speed,supervisor,True,,,0,1.0,29.187918290868875,29.099918290868878,29.2744276446314,0,,0,,0.00010178331285715103,False,"[29.62154735097827, 29.118817949166893, 29.100278963406932, 29.596131934959608, 29.118726102486143, 29.517567919458095, 29.233138915153706, 29.56570235535008, 29.287131973098546]","[29.62154735097827, 29.118817949166893, 29.100278963406932, 29.596131934959608, 29.118726102486143, 29.517567919458095, 29.233138915153706, 29.56570235535008, 29.287131973098546]","[false, false, false, false, false, false, false, false, false]",[],[],a1408c2b346bd0d99bee65112660056d16dd179c031ed7d62afb34b0add032c3,ddd50f4fc68082fd0ac8bb624367ab5e29e62740b6647117e737a248d78d1e93,"{""anomaly_count"": 0, ""confidence"": 1.0, ""temperature"": 29.315128577031388, ""timestamp"": ""2026-09-03T01:12:00+00:00"", ""zone"": ""zone-0""}","{""action_type"": ""decrease_fan_speed"", ""consensus_timestamp"": ""2026-09-03T01:12:00+00:00"", ""duration"": 1, ""magnitude"": 0.1, ""reasoning_summary"": ""Frozen bidirectional thermal pilot controller"", ""target_zone"": ""zone-0"", ""used_consensus"": true}"
11,0,nominal,none,oracle,73,29.2744276446314,29.2744276446314,0.0,27.0,0.85,0.8999999999999999,0.8999999999999999,maintain,supervisor,True,,,0,1.0,29.150473433060885,29.150473433060885,29.233490433714593,0,,0,,9.881891310214996e-05,False,"[29.10166476410619, 29.651303303942477, 29.347717569704532, 29.397297319264137, 29.39975745941228, 29.203908297118424, 29.263373322682753, 29.288432534207576, 29.35192885077672]","[29.10166476410619, 29.651303303942477, 29.347717569704532, 29.397297319264137, 29.39975745941228, 29.203908297118424, 29.263373322682753, 29.288432534207576, 29.35192885077672]","[false, false, false, false, false, false, false, false, false]",[],[],1828c7906993ef683f332fbd948839b41ce181e6d87750bcfc917044b5e3d90b,619b5fdc961d5291bd31e2c1c79bb69c384beaaf76a1b90d9d4d501c438e04fc,"{""anomaly_count"": 0, ""confidence"": 1.0, ""temperature"": 29.2744276446314, ""timestamp"": ""2026-09-03T01:13:00+00:00"", ""zone"": ""zone-0""}","{""action_type"": ""maintain"", ""consensus_timestamp"": ""2026-09-03T01:13:00+00:00"", ""duration"": 1, ""magnitude"": 0.0, ""reasoning_summary"": ""Frozen bidirectional thermal pilot controller"", ""target_zone"": ""zone-0"", ""used_consensus"": true}"
11,0,nominal,none,oracle,74,29.233490433714593,29.233490433714593,0.0,27.0,0.85,0.8999999999999999,0.8999999999999999,maintain,supervisor,True,,,0,1.0,29.112811199017425,29.112811199017425,29.20929204717476,0,,0,,9.798351675271988e-05,False,"[29.35508846403063, 29.413921047749096, 29.45560317815382, 29.395129752946797, 28.867389116553994, 29.399812015370014, 29.071027178443444, 29.296989967199178, 29.64025456676571]","[29.35508846403063, 29.413921047749096, 29.45560317815382, 29.395129752946797, 28.867389116553994, 29.399812015370014, 29.071027178443444, 29.296989967199178, 29.64025456676571]","[false, false, false, false, false, false, false, false, false]",[],[],0fff9a23e34531cc5d390a0574196f2a8a196395dc2518fced3ddee5ada29daa,6b32377b696ac5d6f2ea7b07cd6fb2449a5827dcf95cd08f885f829dd07dd2a1,"{""anomaly_count"": 0, ""confidence"": 1.0, ""temperature"": 29.233490433714593, ""timestamp"": ""2026-09-03T01:14:00+00:00"", ""zone"": ""zone-0""}","{""action_type"": ""maintain"", ""consensus_timestamp"": ""2026-09-03T01:14:00+00:00"", ""duration"": 1, ""magnitude"": 0.0, ""reasoning_summary"": ""Frozen bidirectional thermal pilot controller"", ""target_zone"": ""zone-0"", ""used_consensus"": true}"
11,0,nominal,none,oracle,75,29.20929204717476,29.20929204717476,0.0,27.0,0.85,0.8999999999999999,0.7999999999999999,decrease_fan_speed,supervisor,True,,,0,1.0,29.17854868340078,29.09054868340078,29.255807109402486,0,,0,,9.992718696594238e-05,False,"[29.436336662738597, 29.205007118405444, 28.938680747200955, 29.001287116315147, 29.190146418663236, 28.859411199912824, 29.393030398139988, 29.149008040409882, 29.45627711384859]","[29.436336662738597, 29.205007118405444, 28.938680747200955, 29.001287116315147, 29.190146418663236, 28.859411199912824, 29.393030398139988, 29.149008040409882, 29.45627711384859]","[false, false, false, false, false, false, false, false, false]",[],[],0167148c19e0561f189c27488975e2315610469e0abbca0bc5969c9084204a13,2a092fa48bc61b416bffa4506e60664eb9abbb91cf1e7c4b416ebcf18b20e621,"{""anomaly_count"": 0, ""confidence"": 1.0, ""temperature"": 29.20929204717476, ""timestamp"": ""2026-09-03T01:15:00+00:00"", ""zone"": ""zone-0""}","{""action_type"": ""decrease_fan_speed"", ""consensus_timestamp"": ""2026-09-03T01:15:00+00:00"", ""duration"": 1, ""magnitude"": 0.1, ""reasoning_summary"": ""Frozen bidirectional thermal pilot controller"", ""target_zone"": ""zone-0"", ""used_consensus"": true}"
11,0,nominal,none,oracle,76,29.255807109402486,29.255807109402486,0.0,27.0,0.85,0.7999999999999999,0.7999999999999999,maintain,supervisor,True,,,0,1.0,29.221342540650287,29.221342540650287,29.307493672319353,0,,0,,9.508244693279266e-05,False,"[29.27489527824296, 29.351513892658335, 29.250146439971072, 28.685599945306365, 29.150190088503944, 29.12214935213784, 29.36042098598527, 29.190841071561234, 28.965079621249522]","[29.27489527824296, 29.351513892658335, 29.250146439971072, 28.685599945306365, 29.150190088503944, 29.12214935213784, 29.36042098598527, 29.190841071561234, 28.965079621249522]","[false, false, false, false, false, false, false, false, false]",[],[],8c4950cff663b5b3a825a7fcf278d1e78b0014f4c494f3d6ca0d7fe23e0cd233,458f7f38ccd77f56cb1e761fb677eef7a63650f097d5c2ccff7df5bfe363007d,"{""anomaly_count"": 0, ""confidence"": 1.0, ""temperature"": 29.255807109402486, ""timestamp"": ""2026-09-03T01:16:00+00:00"", ""zone"": ""zone-0""}","{""action_type"": ""maintain"", ""consensus_timestamp"": ""2026-09-03T01:16:00+00:00"", ""duration"": 1, ""magnitude"": 0.0, ""reasoning_summary"": ""Frozen bidirectional thermal pilot controller"", ""target_zone"": ""zone-0"", ""used_consensus"": true}"
11,0,nominal,none,oracle,77,29.307493672319353,29.307493672319353,0.0,27.0,0.85,0.7999999999999999,0.7999999999999999,maintain,supervisor,True,,,0,1.0,29.268894178533806,29.268894178533806,29.356384459061022,0,,0,,9.801145642995834e-05,False,"[29.450779186921576, 29.14310578752608, 29.34101512342132, 29.289296587904158, 29.04730540984526, 29.42383283905562, 29.305749538896986, 29.31161847041505, 29.615895881927763]","[29.450779186921576, 29.14310578752608, 29.34101512342132, 29.289296587904158, 29.04730540984526, 29.42383283905562, 29.305749538896986, 29.31161847041505, 29.615895881927763]","[false, false, false, false, false, false, false, false, false]",[],[],70110f848b11386c86d2c96e03b53afee5f4f9c43c0f2d13e59a98f21f4ab8b5,6b9ddf30cfbb2b4be5dc73a6d65d062b44a2bbfac56068f84853c1c1b0ea52ed,"{""anomaly_count"": 0, ""confidence"": 1.0, ""temperature"": 29.307493672319353, ""timestamp"": ""2026-09-03T01:17:00+00:00"", ""zone"": ""zone-0""}","{""action_type"": ""maintain"", ""consensus_timestamp"": ""2026-09-03T01:17:00+00:00"", ""duration"": 1, ""magnitude"": 0.0, ""reasoning_summary"": ""Frozen bidirectional thermal pilot controller"", ""target_zone"": ""zone-0"", ""used_consensus"": true}"
11,0,nominal,none,oracle,78,29.356384459061022,29.356384459061022,0.0,27.0,0.85,0.7999999999999999,0.7,decrease_fan_speed,supervisor,True,,,0,1.0,29.401873702336143,29.313873702336142,29.429091588163686,0,,0,,0.00010074116289615631,False,"[29.3767277464792, 29.38851068171581, 29.10589719060687, 29.509361092336047, 29.383554150442063, 29.360759721043678, 29.343435994257295, 29.209238318256336, 29.532515585848778]","[29.3767277464792, 29.38851068171581, 29.10589719060687, 29.509361092336047, 29.383554150442063, 29.360759721043678, 29.343435994257295, 29.209238318256336, 29.532515585848778]","[false, false, false, false, false, false, false, false, false]",[],[],56f9fced3eaa64bb9f1644b1a57c84fc8586f43c6bc131955ef81549a69c5209,475a447d0b8f9b455e13c3f9304147624ca24450bb87b00a607aa9701f79253e,"{""anomaly_count"": 0, ""confidence"": 1.0, ""temperature"": 29.356384459061022, ""timestamp"": ""2026-09-03T01:18:00+00:00"", ""zone"": ""zone-0""}","{""action_type"": ""decrease_fan_speed"", ""consensus_timestamp"": ""2026-09-03T01:18:00+00:00"", ""duration"": 1, ""magnitude"": 0.1, ""reasoning_summary"": ""Frozen bidirectional thermal pilot controller"", ""target_zone"": ""zone-0"", ""used_consensus"": true}"
11,0,nominal,none,oracle,79,29.429091588163686,29.429091588163686,0.0,27.0,0.85,0.7,0.7,maintain,supervisor,True,,,0,1.0,29.468764261110593,29.468764261110593,29.55298330810312,0,,0,,0.00010176189243793488,False,"[29.807438703276, 29.36656152420932, 29.61267757150289, 29.821597515180997, 29.75846945827044, 29.221016426916957, 28.788212565433238, 29.34013067983736, 29.453255137901174]","[29.807438703276, 29.36656152420932, 29.61267757150289, 29.821597515180997, 29.75846945827044, 29.221016426916957, 28.788212565433238, 29.34013067983736, 29.453255137901174]","[false, false, false, false, false, false, false, false, false]",[],[],b2e3d8a711f82089ab55aba2a34f2d57bad726fdbf4a32d543b77398f33c9c9d,9f7bda49cbeec30e36eb4200f6803f7b5f8771c8a78d2579dccab975d77a2f37,"{""anomaly_count"": 0, ""confidence"": 1.0, ""temperature"": 29.429091588163686, ""timestamp"": ""2026-09-03T01:19:00+00:00"", ""zone"": ""zone-0""}","{""action_type"": ""maintain"", ""consensus_timestamp"": ""2026-09-03T01:19:00+00:00"", ""duration"": 1, ""magnitude"": 0.0, ""reasoning_summary"": ""Frozen bidirectional thermal pilot controller"", ""target_zone"": ""zone-0"", ""used_consensus"": true}"
11,0,nominal,none,oracle,80,29.55298330810312,29.55298330810312,0.0,27.0,0.85,0.7,0.7,maintain,supervisor,True,,,0,1.0,29.58274464345487,29.58274464345487,29.667044375535554,0,,0,,9.825825691223145e-05,False,"[29.413945055841616, 29.58902848221822, 29.376086700168408, 29.610152501131573, 29.61937563146118, 29.448179914035133, 29.58287603585456, 29.151053891480103, 29.257862345752265]","[29.413945055841616, 29.58902848221822, 29.376086700168408, 29.610152501131573, 29.61937563146118, 29.448179914035133, 29.58287603585456, 29.151053891480103, 29.257862345752265]","[false, false, false, false, false, false, false, false, false]",[],[],66fd051835e99d0879963db5128cf5b8c187fd7a913669a142ef4f3fcdec4f8f,0d441728ad95a46ddb8859a99ab45b0d67035683f3638e5cf67116192549ee0a,"{""anomaly_count"": 0, ""confidence"": 1.0, ""temperature"": 29.55298330810312, ""timestamp"": ""2026-09-03T01:20:00+00:00"", ""zone"": ""zone-0""}","{""action_type"": ""maintain"", ""consensus_timestamp"": ""2026-09-03T01:20:00+00:00"", ""duration"": 1, ""magnitude"": 0.0, ""reasoning_summary"": ""Frozen bidirectional thermal pilot controller"", ""target_zone"": ""zone-0"", ""used_consensus"": true}"
11,0,nominal,none,oracle,81,29.667044375535554,29.667044375535554,0.0,27.0,0.85,0.7,0.6,decrease_fan_speed,supervisor,True,,,0,1.0,29.775680825492714,29.687680825492713,29.83848740210008,0,,0,,9.841658174991608e-05,False,"[29.635062853225293, 29.425144181596746, 29.566738135702575, 29.59466476260838, 29.432743284664635, 29.876058998655218, 29.691672371273274, 29.668337000653793, 29.337796634385743]","[29.635062853225293, 29.425144181596746, 29.566738135702575, 29.59466476260838, 29.432743284664635, 29.876058998655218, 29.691672371273274, 29.668337000653793, 29.337796634385743]","[false, false, false, false, false, false, false, false, false]",[],[],b5fa052818a3386b8ffc721a81db1d7f0a695c817f480fbb88c1cd03543a09ba,77a8fe6eb30e9d99f934abfd7397e90cb2d878aa50ef97066278bcf7e790d6b2,"{""anomaly_count"": 0, ""confidence"": 1.0, ""temperature"": 29.667044375535554, ""timestamp"": ""2026-09-03T01:21:00+00:00"", ""zone"": ""zone-0""}","{""action_type"": ""decrease_fan_speed"", ""consensus_timestamp"": ""2026-09-03T01:21:00+00:00"", ""duration"": 1, ""magnitude"": 0.1, ""reasoning_summary"": ""Frozen bidirectional thermal pilot controller"", ""target_zone"": ""zone-0"", ""used_consensus"": true}"
11,0,nominal,none,oracle,82,29.83848740210008,29.83848740210008,0.0,27.0,0.85,0.6,0.6,maintain,supervisor,True,,,0,1.0,29.933408409932074,29.933408409932074,29.978297388525483,0,,0,,9.763054549694061e-05,False,"[29.71920974523221, 30.25817783553221, 30.16631807297407, 29.99323939923583, 29.753258445049116, 29.723389191478056, 29.779607753322892, 30.430668176015864, 29.887229979302028]","[29.71920974523221, 30.25817783553221, 30.16631807297407, 29.99323939923583, 29.753258445049116, 29.723389191478056, 29.779607753322892, 30.430668176015864, 29.887229979302028]","[false, false, false, false, false, false, false, false, false]",[],[],6f753fcc63bdb5477ba28552d54e055347079376993c2ad80dc40ec4882f06dc,1f105f392d9ddb58a751619bebe73dbf593343f372d7924e913c51d9294d16f7,"{""anomaly_count"": 0, ""confidence"": 1.0, ""temperature"": 29.83848740210008, ""timestamp"": ""2026-09-03T01:22:00+00:00"", ""zone"": ""zone-0""}","{""action_type"": ""maintain"", ""consensus_timestamp"": ""2026-09-03T01:22:00+00:00"", ""duration"": 1, ""magnitude"": 0.0, ""reasoning_summary"": ""Frozen bidirectional thermal pilot controller"", ""target_zone"": ""zone-0"", ""used_consensus"": true}"
11,0,nominal,none,oracle,83,29.978297388525483,29.978297388525483,0.0,27.0,0.85,0.6,0.6,maintain,supervisor,True,,,0,1.0,30.06203359744345,30.06203359744345,30.106280194235875,0,,0,,9.758677333593369e-05,False,"[29.90682720886754, 29.92576674653699, 30.208309678455954, 30.27491071638571, 30.30129599534069, 29.969567681812876, 29.842330504019735, 30.25406168667209, 30.057104105972904]","[29.90682720886754, 29.92576674653699, 30.208309678455954, 30.27491071638571, 30.30129599534069, 29.969567681812876, 29.842330504019735, 30.25406168667209, 30.057104105972904]","[false, false, false, false, false, false, false, false, false]",[],[],880e0f69a68fb887c6309f6e7b7da567b4a1ae43c8577d36c0029243c1fc3686,aabd0798e6bf99efd78ad075bb145dd7255413be7230f7f3b1078f1912c11cb5,"{""anomaly_count"": 0, ""confidence"": 1.0, ""temperature"": 29.978297388525483, ""timestamp"": ""2026-09-03T01:23:00+00:00"", ""zone"": ""zone-0""}","{""action_type"": ""maintain"", ""consensus_timestamp"": ""2026-09-03T01:23:00+00:00"", ""duration"": 1, ""magnitude"": 0.0, ""reasoning_summary"": ""Frozen bidirectional thermal pilot controller"", ""target_zone"": ""zone-0"", ""used_consensus"": true}"
11,0,nominal,none,oracle,84,30.106280194235875,30.106280194235875,0.0,27.0,0.85,0.6,0.6,maintain,supervisor,True,,,0,1.0,30.17977777869701,30.17977777869701,30.243110313664516,0,,0,,9.81474295258522e-05,False,"[29.918374428625153, 30.388135572290423, 30.318549569757998, 30.126341224569945, 30.45020159622961, 30.020140848691476, 30.23833739955299, 30.0716064788259, 30.091293667355732]","[29.918374428625153, 30.388135572290423, 30.318549569757998, 30.126341224569945, 30.45020159622961, 30.020140848691476, 30.23833739955299, 30.0716064788259, 30.091293667355732]","[false, false, false, false, false, false, false, false, false]",[],[],575808deac4a207dc00226ed5e19f418b73d5a04b395579f3a6763f45bf3959a,daaa89b96260e1153f907e94d0423581b70abfab3565d7d4bbe82da905f243a9,"{""anomaly_count"": 0, ""confidence"": 1.0, ""temperature"": 30.106280194235875, ""timestamp"": ""2026-09-03T01:24:00+00:00"", ""zone"": ""zone-0""}","{""action_type"": ""maintain"", ""consensus_timestamp"": ""2026-09-03T01:24:00+00:00"", ""duration"": 1, ""magnitude"": 0.0, ""reasoning_summary"": ""Frozen bidirectional thermal pilot controller"", ""target_zone"": ""zone-0"", ""used_consensus"": true}"
11,0,nominal,none,oracle,85,30.243110313664516,30.243110313664516,0.0,27.0,0.85,0.6,0.6,maintain,supervisor,True,,,0,1.0,30.305661488571356,30.305661488571356,30.343568855206144,0,,0,,0.00010280311107635498,False,"[29.929739444936335, 30.009629739447824, 30.51749124813556, 30.4028593068664, 30.228916025200828, 30.239125408338996, 30.08680430990575, 30.47805752104549, 30.135628773559496]","[29.929739444936335, 30.009629739447824, 30.51749124813556, 30.4028593068664, 30.228916025200828, 30.239125408338996, 30.08680430990575, 30.47805752104549, 30.135628773559496]","[false, false, false, false, false, false, false, false, false]",[],[],58e7e0b875b88576f121166bcf8c4579b1db71488feaa5248c4e79b35b7520ca,75165833ae1bf5eaf92b6be1a68d7102c57be74ad173b8fa008bc98a6f64dca7,"{""anomaly_count"": 0, ""confidence"": 1.0, ""temperature"": 30.243110313664516, ""timestamp"": ""2026-09-03T01:25:00+00:00"", ""zone"": ""zone-0""}","{""action_type"": ""maintain"", ""consensus_timestamp"": ""2026-09-03T01:25:00+00:00"", ""duration"": 1, ""magnitude"": 0.0, ""reasoning_summary"": ""Frozen bidirectional thermal pilot controller"", ""target_zone"": ""zone-0"", ""used_consensus"": true}"
11,0,nominal,none,oracle,86,30.343568855206144,30.343568855206144,0.0,27.0,0.85,0.6,0.7,increase_fan_speed,supervisor,True,,,0,1.0,30.310083346789654,30.398083346789655,30.393146889514913,0,,0,,0.00010272301733493805,False,"[30.1691676028495, 30.419404950549918, 30.421775894337294, 30.29960875323263, 30.20287739166169, 30.84818119161323, 30.30166790173289, 30.566785101958217, 30.099326846148845]","[30.1691676028495, 30.419404950549918, 30.421775894337294, 30.29960875323263, 30.20287739166169, 30.84818119161323, 30.30166790173289, 30.566785101958217, 30.099326846148845]","[false, false, false, false, false, false, false, false, false]",[],[],0580e310847134ae5e4dd85938a17a93a24ef2c76914dd8d1933edf8371dc375,7b52ffb7cfe48dbe5b5cd8ec966502c6ffbe42b5428eadb3ec0b6d1dff57af51,"{""anomaly_count"": 0, ""confidence"": 1.0, ""temperature"": 30.343568855206144, ""timestamp"": ""2026-09-03T01:26:00+00:00"", ""zone"": ""zone-0""}","{""action_type"": ""increase_fan_speed"", ""consensus_timestamp"": ""2026-09-03T01:26:00+00:00"", ""duration"": 1, ""magnitude"": 0.1, ""reasoning_summary"": ""Frozen bidirectional thermal pilot controller"", ""target_zone"": ""zone-0"", ""used_consensus"": true}"
11,0,nominal,none,oracle,87,30.393146889514913,30.393146889514913,0.0,27.0,0.85,0.7,0.7999999999999999,increase_fan_speed,supervisor,True,,,0,1.0,30.26769513835372,30.35569513835372,30.323011812810666,0,,0,,0.00010316912084817886,False,"[30.377201976536472, 30.409117363571802, 30.77977947429733, 30.32704760226952, 30.469294855712825, 30.424748810960924, 30.556331915601195, 30.629971186134348, 30.42116394974734]","[30.377201976536472, 30.409117363571802, 30.77977947429733, 30.32704760226952, 30.469294855712825, 30.424748810960924, 30.556331915601195, 30.629971186134348, 30.42116394974734]","[false, false, false, false, false, false, false, false, false]",[],[],5d404734e9e9753fbe5c94fbdd03d4ab49877eda2f362b1f2a9869ba0ea41edb,67033d58bd7a967f9cd4c1b784b8ac6c36677f91304c6b3b69c533764cc9009a,"{""anomaly_count"": 0, ""confidence"": 1.0, ""temperature"": 30.393146889514913, ""timestamp"": ""2026-09-03T01:27:00+00:00"", ""zone"": ""zone-0""}","{""action_type"": ""increase_fan_speed"", ""consensus_timestamp"": ""2026-09-03T01:27:00+00:00"", ""duration"": 1, ""magnitude"": 0.1, ""reasoning_summary"": ""Frozen bidirectional thermal pilot controller"", ""target_zone"": ""zone-0"", ""used_consensus"": true}"
11,0,nominal,none,oracle,88,30.323011812810666,30.323011812810666,0.0,27.0,0.85,0.7999999999999999,0.8999999999999999,increase_fan_speed,supervisor,True,,,0,1.0,30.115170867785814,30.203170867785815,30.19256680333111,0,,0,,0.00010192021727561951,False,"[30.253396955520657, 30.39222906719585, 30.623331069756315, 30.83201282314913, 30.582605368432215, 30.10928268810997, 30.107027874854968, 30.2572663586876, 30.53501846138446]","[30.253396955520657, 30.39222906719585, 30.623331069756315, 30.83201282314913, 30.582605368432215, 30.10928268810997, 30.107027874854968, 30.2572663586876, 30.53501846138446]","[false, false, false, false, false, false, false, false, false]",[],[],bac27d401ae416301209c5964fe4acc7b55c919dd9b8d04c775791581f04c90a,cd64d3f1e2790eb6640c1b23db25f7ff3595202f92ada5b52f140692120ffb96,"{""anomaly_count"": 0, ""confidence"": 1.0, ""temperature"": 30.323011812810666, ""timestamp"": ""2026-09-03T01:28:00+00:00"", ""zone"": ""zone-0""}","{""action_type"": ""increase_fan_speed"", ""consensus_timestamp"": ""2026-09-03T01:28:00+00:00"", ""duration"": 1, ""magnitude"": 0.1, ""reasoning_summary"": ""Frozen bidirectional thermal pilot controller"", ""target_zone"": ""zone-0"", ""used_consensus"": true}"
11,0,nominal,none,oracle,89,30.19256680333111,30.19256680333111,0.0,27.0,0.85,0.8999999999999999,0.8999999999999999,maintain,supervisor,True,,,0,1.0,29.995161459064622,29.995161459064622,30.06877736922118,0,,0,,9.86708328127861e-05,False,"[30.128382613846895, 29.989683662384763, 30.246179978136635, 30.394802091630094, 30.458076719190107, 30.146757017450533, 30.39848798265603, 30.038117974046717, 30.53327132200411]","[30.128382613846895, 29.989683662384763, 30.246179978136635, 30.394802091630094, 30.458076719190107, 30.146757017450533, 30.39848798265603, 30.038117974046717, 30.53327132200411]","[false, false, false, false, false, false, false, false, false]",[],[],4160f3ffa4d3d4c8f97ee4878fbe2298fa770ed24dcf04a5686d6076d8d468c6,cc7db290e66b3a8579f95485a769e0a8ea2e885252c1e6b118dbd01dab978890,"{""anomaly_count"": 0, ""confidence"": 1.0, ""temperature"": 30.19256680333111, ""timestamp"": ""2026-09-03T01:29:00+00:00"", ""zone"": ""zone-0""}","{""action_type"": ""maintain"", ""consensus_timestamp"": ""2026-09-03T01:29:00+00:00"", ""duration"": 1, ""magnitude"": 0.0, ""reasoning_summary"": ""Frozen bidirectional thermal pilot controller"", ""target_zone"": ""zone-0"", ""used_consensus"": true}"
11,0,nominal,none,oracle,90,30.06877736922118,30.06877736922118,0.0,27.0,0.85,0.8999999999999999,0.8999999999999999,maintain,supervisor,True,,,0,1.0,29.881275179683485,29.881275179683485,29.943385468244763,0,,0,,9.500700980424881e-05,False,"[29.86229923086612, 30.036597362927548, 29.88890437850434, 29.928437686835096, 29.914583714058132, 30.304095700655346, 30.10386397182026, 30.041134545583514, 30.011735020202877]","[29.86229923086612, 30.036597362927548, 29.88890437850434, 29.928437686835096, 29.914583714058132, 30.304095700655346, 30.10386397182026, 30.041134545583514, 30.011735020202877]","[false, false, false, false, false, false, false, false, false]",[],[],917a14822f24737945c3d95468136386221956aff673f1dd7622dbcfcc57e87f,62e13245b0598fcf7c3a32e309a99a15a00b643053456431511e71338a0f0463,"{""anomaly_count"": 0, ""confidence"": 1.0, ""temperature"": 30.06877736922118, ""timestamp"": ""2026-09-03T01:30:00+00:00"", ""zone"": ""zone-0""}","{""action_type"": ""maintain"", ""consensus_timestamp"": ""2026-09-03T01:30:00+00:00"", ""duration"": 1, ""magnitude"": 0.0, ""reasoning_summary"": ""Frozen bidirectional thermal pilot controller"", ""target_zone"": ""zone-0"", ""used_consensus"": true}"
11,0,nominal,none,oracle,91,29.943385468244763,29.943385468244763,0.0,27.0,0.85,0.8999999999999999,0.8999999999999999,maintain,supervisor,True,,,0,1.0,29.765914630785183,29.765914630785183,29.851236888286152,0,,0,,9.769666939973831e-05,False,"[30.104752204331575, 30.03979507101213, 30.384428522566896, 30.014630704143745, 30.397979272248676, 30.27776661806792, 30.048421510232405, 30.283761917718532, 29.97364865070697]","[30.104752204331575, 30.03979507101213, 30.384428522566896, 30.014630704143745, 30.397979272248676, 30.27776661806792, 30.048421510232405, 30.283761917718532, 29.97364865070697]","[false, false, false, false, false, false, false, false, false]",[],[],28f85c83f6dc01545dafb366da24c4cd65900507fc058f11a30354efeea82963,282a5c7b64dfbde7933eab8b4110020ef74967f7442ca1ee5c8a007ab5f9de4c,"{""anomaly_count"": 0, ""confidence"": 1.0, ""temperature"": 29.943385468244763, ""timestamp"": ""2026-09-03T01:31:00+00:00"", ""zone"": ""zone-0""}","{""action_type"": ""maintain"", ""consensus_timestamp"": ""2026-09-03T01:31:00+00:00"", ""duration"": 1, ""magnitude"": 0.0, ""reasoning_summary"": ""Frozen bidirectional thermal pilot controller"", ""target_zone"": ""zone-0"", ""used_consensus"": true}"
11,0,nominal,none,oracle,92,29.851236888286152,29.851236888286152,0.0,27.0,0.85,0.8999999999999999,0.8999999999999999,maintain,supervisor,True,,,0,1.0,29.68113793722326,29.68113793722326,29.722732785093832,0,,0,,9.738188236951828e-05,False,"[29.906284820115573, 30.177506305317156, 30.17974221335808, 29.665624604757518, 29.771068920860625, 29.503627545738713, 29.8168234125743, 29.803063078743286, 29.824863808274408]","[29.906284820115573, 30.177506305317156, 30.17974221335808, 29.665624604757518, 29.771068920860625, 29.503627545738713, 29.8168234125743, 29.803063078743286, 29.824863808274408]","[false, false, false, false, false, false, false, false, false]",[],[],41eb57940d24ed96ff438994b56592f35763caba8bd21af4c126d2e0e5ed589f,585fd462440668be269ac8da6d118be87f329704fde71413bafd142811639b8b,"{""anomaly_count"": 0, ""confidence"": 1.0, ""temperature"": 29.851236888286152, ""timestamp"": ""2026-09-03T01:32:00+00:00"", ""zone"": ""zone-0""}","{""action_type"": ""maintain"", ""consensus_timestamp"": ""2026-09-03T01:32:00+00:00"", ""duration"": 1, ""magnitude"": 0.0, ""reasoning_summary"": ""Frozen bidirectional thermal pilot controller"", ""target_zone"": ""zone-0"", ""used_consensus"": true}"
11,0,nominal,none,oracle,93,29.722732785093832,29.722732785093832,0.0,27.0,0.85,0.8999999999999999,0.8999999999999999,maintain,supervisor,True,,,0,1.0,29.562914162286326,29.562914162286326,29.624313010809338,0,,0,,9.609851986169815e-05,False,"[29.88896392485, 29.90855218241208, 29.5033131894298, 29.573551224150012, 29.76471381806558, 29.834606103935503, 29.67307123741979, 29.589037748334196, 29.337181427153897]","[29.88896392485, 29.90855218241208, 29.5033131894298, 29.573551224150012, 29.76471381806558, 29.834606103935503, 29.67307123741979, 29.589037748334196, 29.337181427153897]","[false, false, false, false, false, false, false, false, false]",[],[],018fedbea1e2da8b711f03e6c857a851a1bef34672b3835ab45201cced27d642,f993bd91bff6c49633d2b5665feaf6d64b8550ec36abe75221e60a55648d8f66,"{""anomaly_count"": 0, ""confidence"": 1.0, ""temperature"": 29.722732785093832, ""timestamp"": ""2026-09-03T01:33:00+00:00"", ""zone"": ""zone-0""}","{""action_type"": ""maintain"", ""consensus_timestamp"": ""2026-09-03T01:33:00+00:00"", ""duration"": 1, ""magnitude"": 0.0, ""reasoning_summary"": ""Frozen bidirectional thermal pilot controller"", ""target_zone"": ""zone-0"", ""used_consensus"": true}"
11,0,nominal,none,oracle,94,29.624313010809338,29.624313010809338,0.0,27.0,0.85,0.8999999999999999,0.8999999999999999,maintain,supervisor,True,,,0,1.0,29.472367969944592,29.472367969944592,29.549431037895307,0,,0,,0.00010085571557283401,False,"[29.780462298588755, 29.582630704212686, 29.69060509817477, 29.21801526949072, 29.708793992245614, 29.747665517598442, 29.386559737430474, 29.70027140690475, 30.11175224442043]","[29.780462298588755, 29.582630704212686, 29.69060509817477, 29.21801526949072, 29.708793992245614, 29.747665517598442, 29.386559737430474, 29.70027140690475, 30.11175224442043]","[false, false, false, false, false, false, false, false, false]",[],[],d38ee7fe74be8f507d67ba657c99d7dc0c7e76f810b60a8a1c9d44839ddf46e3,1b8dad083b20aee6d5d55526e1f09c0fc8793253b034f26420c8524f180a8c7f,"{""anomaly_count"": 0, ""confidence"": 1.0, ""temperature"": 29.624313010809338, ""timestamp"": ""2026-09-03T01:34:00+00:00"", ""zone"": ""zone-0""}","{""action_type"": ""maintain"", ""consensus_timestamp"": ""2026-09-03T01:34:00+00:00"", ""duration"": 1, ""magnitude"": 0.0, ""reasoning_summary"": ""Frozen bidirectional thermal pilot controller"", ""target_zone"": ""zone-0"", ""used_consensus"": true}"
11,0,nominal,none,oracle,95,29.549431037895307,29.549431037895307,0.0,27.0,0.85,0.8999999999999999,0.8999999999999999,maintain,supervisor,True,,,0,1.0,29.403476554863683,29.403476554863683,29.465988400403454,0,,0,,9.494740515947342e-05,False,"[29.41106423602692, 29.676470622505835, 29.825880721261942, 29.383540717465422, 29.9879361576064, 29.757382365067237, 29.636037093412007, 29.385579476742066, 29.43921255124032]","[29.41106423602692, 29.676470622505835, 29.825880721261942, 29.383540717465422, 29.9879361576064, 29.757382365067237, 29.636037093412007, 29.385579476742066, 29.43921255124032]","[false, false, false, false, false, false, false, false, false]",[],[],1a00d3011c78048923a67febb8e4d57b8befef3b5e1bcb1e1d186189e8ec4728,db3eb09b85bccd5d50bbe6d4fefc01591fee8ea17312ff40c98ce2424ea5c9f2,"{""anomaly_count"": 0, ""confidence"": 1.0, ""temperature"": 29.549431037895307, ""timestamp"": ""2026-09-03T01:35:00+00:00"", ""zone"": ""zone-0""}","{""action_type"": ""maintain"", ""consensus_timestamp"": ""2026-09-03T01:35:00+00:00"", ""duration"": 1, ""magnitude"": 0.0, ""reasoning_summary"": ""Frozen bidirectional thermal pilot controller"", ""target_zone"": ""zone-0"", ""used_consensus"": true}"
11,0,nominal,none,oracle,96,29.465988400403454,29.465988400403454,0.0,27.0,0.85,0.8999999999999999,0.7999999999999999,decrease_fan_speed,supervisor,True,,,0,1.0,29.414709328371178,29.326709328371177,29.480199588663883,0,,0,,0.00010123196989297867,False,"[29.667671056235363, 29.777497681710287, 29.687217878401082, 29.853617894746566, 29.437707776952536, 29.40790044590016, 29.60640451182544, 29.506364778837824, 29.43570737827524]","[29.667671056235363, 29.777497681710287, 29.687217878401082, 29.853617894746566, 29.437707776952536, 29.40790044590016, 29.60640451182544, 29.506364778837824, 29.43570737827524]","[false, false, false, false, false, false, false, false, false]",[],[],e1c0e93a8e6a108b9638c945ce831ccbcd0e4c5d0e22c50d905ddcec37afb858,8e9d923089a807e49356ec64d0d5da8029401b7666feb4517191456c5617f2ea,"{""anomaly_count"": 0, ""confidence"": 1.0, ""temperature"": 29.465988400403454, ""timestamp"": ""2026-09-03T01:36:00+00:00"", ""zone"": ""zone-0""}","{""action_type"": ""decrease_fan_speed"", ""consensus_timestamp"": ""2026-09-03T01:36:00+00:00"", ""duration"": 1, ""magnitude"": 0.1, ""reasoning_summary"": ""Frozen bidirectional thermal pilot controller"", ""target_zone"": ""zone-0"", ""used_consensus"": true}"
11,0,nominal,none,oracle,97,29.480199588663883,29.480199588663883,0.0,27.0,0.85,0.7999999999999999,0.7999999999999999,maintain,supervisor,True,,,0,1.0,29.42778362157077,29.42778362157077,29.457384099649673,0,,0,,9.657815098762512e-05,False,"[29.37788746124198, 29.826309597569285, 29.559915024583066, 29.60271921589388, 29.530203169749555, 29.267856599388185, 29.584691780123897, 29.272908639484637, 29.96425201669878]","[29.37788746124198, 29.826309597569285, 29.559915024583066, 29.60271921589388, 29.530203169749555, 29.267856599388185, 29.584691780123897, 29.272908639484637, 29.96425201669878]","[false, false, false, false, false, false, false, false, false]",[],[],080c781911a8377b2e1d60c65979d9c7f27066aa73cebc46f7a2179b715c5d19,16cb9f5debf859703634344a59884df7bb63463d601a6c17216f4fa1448411f5,"{""anomaly_count"": 0, ""confidence"": 1.0, ""temperature"": 29.480199588663883, ""timestamp"": ""2026-09-03T01:37:00+00:00"", ""zone"": ""zone-0""}","{""action_type"": ""maintain"", ""consensus_timestamp"": ""2026-09-03T01:37:00+00:00"", ""duration"": 1, ""magnitude"": 0.0, ""reasoning_summary"": ""Frozen bidirectional thermal pilot controller"", ""target_zone"": ""zone-0"", ""used_consensus"": true}"
11,0,nominal,none,oracle,98,29.457384099649673,29.457384099649673,0.0,27.0,0.85,0.7999999999999999,0.7999999999999999,maintain,supervisor,True,,,0,1.0,29.4067933716777,29.4067933716777,29.45438037270388,0,,0,,9.760633111000061e-05,False,"[29.555616609151237, 29.561362459849963, 29.628377733191446, 29.65068438527332, 29.106944149172005, 29.619152762967, 29.29911791135461, 29.4451574252956, 29.399702209446698]","[29.555616609151237, 29.561362459849963, 29.628377733191446, 29.65068438527332, 29.106944149172005, 29.619152762967, 29.29911791135461, 29.4451574252956, 29.399702209446698]","[false, false, false, false, false, false, false, false, false]",[],[],f3fa2946ebebe9f92673e8324a9e827563fbdacaac2f357b7f7790d719165f5c,9937cae7227ffe6ec160f8bc213947150340ec0d6d95b811d45a6f74872c99f2,"{""anomaly_count"": 0, ""confidence"": 1.0, ""temperature"": 29.457384099649673, ""timestamp"": ""2026-09-03T01:38:00+00:00"", ""zone"": ""zone-0""}","{""action_type"": ""maintain"", ""consensus_timestamp"": ""2026-09-03T01:38:00+00:00"", ""duration"": 1, ""magnitude"": 0.0, ""reasoning_summary"": ""Frozen bidirectional thermal pilot controller"", ""target_zone"": ""zone-0"", ""used_consensus"": true}"
11,0,nominal,none,oracle,99,29.45438037270388,29.45438037270388,0.0,27.0,0.85,0.7999999999999999,0.7,decrease_fan_speed,supervisor,True,,,0,1.0,29.492029942887573,29.404029942887572,29.53223352638754,0,,0,,0.00010150112211704254,False,"[29.14725365103705, 29.468045345032053, 29.980067730888873, 29.722164917403173, 29.41657968830285, 29.619316270166077, 29.28957703045691, 29.502142061323813, 29.416079926902764]","[29.14725365103705, 29.468045345032053, 29.980067730888873, 29.722164917403173, 29.41657968830285, 29.619316270166077, 29.28957703045691, 29.502142061323813, 29.416079926902764]","[false, false, false, false, false, false, false, false, false]",[],[],f8863455ff9b2a05bb022744aec7949297c3d27e76154a23eaf5b0b3ff71d2f9,d4b023b3ab79d9ac7c55a7c8a58ab54a698209cf47a484f06f4fbb4b6cbd13e8,"{""anomaly_count"": 0, ""confidence"": 1.0, ""temperature"": 29.45438037270388, ""timestamp"": ""2026-09-03T01:39:00+00:00"", ""zone"": ""zone-0""}","{""action_type"": ""decrease_fan_speed"", ""consensus_timestamp"": ""2026-09-03T01:39:00+00:00"", ""duration"": 1, ""magnitude"": 0.1, ""reasoning_summary"": ""Frozen bidirectional thermal pilot controller"", ""target_zone"": ""zone-0"", ""used_consensus"": true}"
11,0,nominal,none,oracle,100,29.53223352638754,29.53223352638754,0.0,27.0,0.85,0.7,0.7,maintain,supervisor,True,,,0,1.0,29.563654844276538,29.563654844276538,29.641535352056597,0,,0,,9.670108556747437e-05,False,"[29.36220505480309, 29.456888749693285, 29.83263934083598, 29.426699598599917, 29.579913463997645, 30.018585737494796, 29.40315508911048, 29.65332739068493, 29.265023767068367]","[29.36220505480309, 29.456888749693285, 29.83263934083598, 29.426699598599917, 29.579913463997645, 30.018585737494796, 29.40315508911048, 29.65332739068493, 29.265023767068367]","[false, false, false, false, false, false, false, false, false]",[],[],1132257d0b6649b83706afa57a850b22433b081812c28e37d13dda3b34d42fd7,3f5a5e9eebdb4c29e71f764ce501590e2ae96a43eb55abe2c77a8c13162adb33,"{""anomaly_count"": 0, ""confidence"": 1.0, ""temperature"": 29.53223352638754, ""timestamp"": ""2026-09-03T01:40:00+00:00"", ""zone"": ""zone-0""}","{""action_type"": ""maintain"", ""consensus_timestamp"": ""2026-09-03T01:40:00+00:00"", ""duration"": 1, ""magnitude"": 0.0, ""reasoning_summary"": ""Frozen bidirectional thermal pilot controller"", ""target_zone"": ""zone-0"", ""used_consensus"": true}"
11,0,nominal,none,oracle,101,29.641535352056597,29.641535352056597,0.0,27.0,0.85,0.7,0.7,maintain,supervisor,True,,,0,1.0,29.664212523892072,29.664212523892072,29.720386254060163,0,,0,,9.297579526901245e-05,False,"[29.545792523924888, 29.84433589761248, 29.581935513370208, 29.382454303688807, 29.932618241483553, 29.65528813831082, 29.570901588423354, 29.754819391974642, 29.511756542927724]","[29.545792523924888, 29.84433589761248, 29.581935513370208, 29.382454303688807, 29.932618241483553, 29.65528813831082, 29.570901588423354, 29.754819391974642, 29.511756542927724]","[false, false, false, false, false, false, false, false, false]",[],[],a4915155f6a6ff788320813ee4507cb09e2539771dae61918af6477eeda92bc3,5bd4ccc6e9b477c3db08f8370067b2570ae815a0fd9fd1021065a491660ba94e,"{""anomaly_count"": 0, ""confidence"": 1.0, ""temperature"": 29.641535352056597, ""timestamp"": ""2026-09-03T01:41:00+00:00"", ""zone"": ""zone-0""}","{""action_type"": ""maintain"", ""consensus_timestamp"": ""2026-09-03T01:41:00+00:00"", ""duration"": 1, ""magnitude"": 0.0, ""reasoning_summary"": ""Frozen bidirectional thermal pilot controller"", ""target_zone"": ""zone-0"", ""used_consensus"": true}"
11,0,nominal,none,oracle,102,29.720386254060163,29.720386254060163,0.0,27.0,0.85,0.7,0.7,maintain,supervisor,True,,,0,1.0,29.73675535373535,29.73675535373535,29.788103290205797,0,,0,,9.711924940347672e-05,False,"[29.848412665993553, 29.663936427308393, 29.603340387655855, 29.974048859330626, 29.875695243749234, 29.588744317900122, 29.54015348906138, 29.66652274306962, 29.587015651484766]","[29.848412665993553, 29.663936427308393, 29.603340387655855, 29.974048859330626, 29.875695243749234, 29.588744317900122, 29.54015348906138, 29.66652274306962, 29.587015651484766]","[false, false, false, false, false, false, false, false, false]",[],[],4c6df552ef4ff2a0cdb2b4bec743aa00b4101979e1bf67ecd26863c0ad8a5c33,1fb0f9de0f30f845c8cbbcfc9d068a5893fad9cb85c5b5398dba809ef2d63ec8,"{""anomaly_count"": 0, ""confidence"": 1.0, ""temperature"": 29.720386254060163, ""timestamp"": ""2026-09-03T01:42:00+00:00"", ""zone"": ""zone-0""}","{""action_type"": ""maintain"", ""consensus_timestamp"": ""2026-09-03T01:42:00+00:00"", ""duration"": 1, ""magnitude"": 0.0, ""reasoning_summary"": ""Frozen bidirectional thermal pilot controller"", ""target_zone"": ""zone-0"", ""used_consensus"": true}"
11,0,nominal,none,oracle,103,29.788103290205797,29.788103290205797,0.0,27.0,0.85,0.7,0.7,maintain,supervisor,True,,,0,1.0,29.799055026989336,29.799055026989336,29.84328420591776,0,,0,,9.522773325443268e-05,False,"[29.84837909566894, 30.04953105054833, 29.844886331293054, 29.68765693435691, 29.743157051530435, 29.76773527555727, 29.809699508162794, 29.765212841851575, 29.920135859308036]","[29.84837909566894, 30.04953105054833, 29.844886331293054, 29.68765693435691, 29.743157051530435, 29.76773527555727, 29.809699508162794, 29.765212841851575, 29.920135859308036]","[false, false, false, false, false, false, false, false, false]",[],[],6fb66cb510f4e211cb9d55969244a29a40eae6acbf348648fbee3c4b09e8dde4,777f6a0f08ac9c8d235e5372c6e6cbbcea810eaecf42333a47ecbbd21fa7059f,"{""anomaly_count"": 0, ""confidence"": 1.0, ""temperature"": 29.788103290205797, ""timestamp"": ""2026-09-03T01:43:00+00:00"", ""zone"": ""zone-0""}","{""action_type"": ""maintain"", ""consensus_timestamp"": ""2026-09-03T01:43:00+00:00"", ""duration"": 1, ""magnitude"": 0.0, ""reasoning_summary"": ""Frozen bidirectional thermal pilot controller"", ""target_zone"": ""zone-0"", ""used_consensus"": true}"
11,0,nominal,none,oracle,104,29.84328420591776,29.84328420591776,0.0,27.0,0.85,0.7,0.7,maintain,supervisor,True,,,0,1.0,29.849821469444343,29.849821469444343,29.900844658550255,0,,0,,0.00011221691966056824,False,"[29.99946429673837, 29.95409603003522, 29.65365750688711, 29.81350928503948, 29.65646874991026, 29.59545794134204, 29.826171680468693, 29.976636525529614, 30.031117300041615]","[29.99946429673837, 29.95409603003522, 29.65365750688711, 29.81350928503948, 29.65646874991026, 29.59545794134204, 29.826171680468693, 29.976636525529614, 30.031117300041615]","[false, false, false, false, false, false, false, false, false]",[],[],3cbad3889022ee149da743adfb52da28b9ee7464118833aa2a6b4dc68d176066,7fa4a8a91f31ada1ef82909654c63ce7da7e95a3fcb2f9226fdd2966e2eb45da,"{""anomaly_count"": 0, ""confidence"": 1.0, ""temperature"": 29.84328420591776, ""timestamp"": ""2026-09-03T01:44:00+00:00"", ""zone"": ""zone-0""}","{""action_type"": ""maintain"", ""consensus_timestamp"": ""2026-09-03T01:44:00+00:00"", ""duration"": 1, ""magnitude"": 0.0, ""reasoning_summary"": ""Frozen bidirectional thermal pilot controller"", ""target_zone"": ""zone-0"", ""used_consensus"": true}"
11,0,nominal,none,oracle,105,29.900844658550255,29.900844658550255,0.0,27.0,0.85,0.7,0.7,maintain,supervisor,True,,,0,1.0,29.902777085866237,29.902777085866237,29.91441799888865,0,,0,,0.00011096615344285965,False,"[29.88943243143195, 29.740005067434552, 29.628988065607885, 30.36999639391902, 29.938443974733236, 29.549788534411938, 29.98850872465009, 30.20687322401487, 29.935048100018545]","[29.88943243143195, 29.740005067434552, 29.628988065607885, 30.36999639391902, 29.938443974733236, 29.549788534411938, 29.98850872465009, 30.20687322401487, 29.935048100018545]","[false, false, false, false, false, false, false, false, false]",[],[],5d4248dba5f7d517a816a86431650875758ab83f0f7592cea5ba5cb1cba9ceeb,12fcf95f78475faf206687a98052ccf7bc3d915dcfe4c358539a4751105581f4,"{""anomaly_count"": 0, ""confidence"": 1.0, ""temperature"": 29.900844658550255, ""timestamp"": ""2026-09-03T01:45:00+00:00"", ""zone"": ""zone-0""}","{""action_type"": ""maintain"", ""consensus_timestamp"": ""2026-09-03T01:45:00+00:00"", ""duration"": 1, ""magnitude"": 0.0, ""reasoning_summary"": ""Frozen bidirectional thermal pilot controller"", ""target_zone"": ""zone-0"", ""used_consensus"": true}"
11,0,nominal,none,oracle,106,29.91441799888865,29.91441799888865,0.0,27.0,0.85,0.7,0.7,maintain,supervisor,True,,,0,1.0,29.915264558977558,29.915264558977558,29.981764050896196,0,,0,,0.00010914728045463562,False,"[30.053012044513608, 30.3019284927303, 30.177981338712748, 29.798955662106174, 30.07155311438638, 29.67667021394384, 29.713443467622785, 30.063389995498344, 29.99985401579941]","[30.053012044513608, 30.3019284927303, 30.177981338712748, 29.798955662106174, 30.07155311438638, 29.67667021394384, 29.713443467622785, 30.063389995498344, 29.99985401579941]","[false, false, false, false, false, false, false, false, false]",[],[],1636f9ceb34bda7cce3910a49bb847c52e997f4cd588cbef254ae2b36e138920,5ab595f78ab85ad74a3d674199fdd104c1488ec8c8a19aaa549191dee30a1470,"{""anomaly_count"": 0, ""confidence"": 1.0, ""temperature"": 29.91441799888865, ""timestamp"": ""2026-09-03T01:46:00+00:00"", ""zone"": ""zone-0""}","{""action_type"": ""maintain"", ""consensus_timestamp"": ""2026-09-03T01:46:00+00:00"", ""duration"": 1, ""magnitude"": 0.0, ""reasoning_summary"": ""Frozen bidirectional thermal pilot controller"", ""target_zone"": ""zone-0"", ""used_consensus"": true}"
11,0,nominal,none,oracle,107,29.981764050896196,29.981764050896196,0.0,27.0,0.85,0.7,0.7,maintain,supervisor,True,,,0,1.0,29.977222926824503,29.977222926824503,30.018367107109796,0,,0,,0.0001088874414563179,False,"[30.12048122683854, 29.537026012986974, 29.967492130146255, 30.14888667944736, 29.747989124865455, 29.922998919014276, 29.818522936119653, 29.680177600285656, 30.02902174383381]","[30.12048122683854, 29.537026012986974, 29.967492130146255, 30.14888667944736, 29.747989124865455, 29.922998919014276, 29.818522936119653, 29.680177600285656, 30.02902174383381]","[false, false, false, false, false, false, false, false, false]",[],[],3ccc14b5bf186cb30da10beaab55333aa9b965fd69e14a5ee6fd9d89b72367de,2fc6db23e428720ecc32ad44e248fdfd5606be6fbd36bfb1ea62a2cdb908f6e0,"{""anomaly_count"": 0, ""confidence"": 1.0, ""temperature"": 29.981764050896196, ""timestamp"": ""2026-09-03T01:47:00+00:00"", ""zone"": ""zone-0""}","{""action_type"": ""maintain"", ""consensus_timestamp"": ""2026-09-03T01:47:00+00:00"", ""duration"": 1, ""magnitude"": 0.0, ""reasoning_summary"": ""Frozen bidirectional thermal pilot controller"", ""target_zone"": ""zone-0"", ""used_consensus"": true}"
11,0,nominal,none,oracle,108,30.018367107109796,30.018367107109796,0.0,27.0,0.85,0.7,0.7,maintain,supervisor,True,,,0,1.0,30.010897738541015,30.010897738541015,30.03038631280899,0,,0,,0.00010659359395503998,False,"[29.727328967417066, 30.034197986320105, 30.12818402870189, 30.205606261383984, 30.020427195251877, 29.79576917348737, 30.213770691736546, 29.97231072795778, 30.093699016587372]","[29.727328967417066, 30.034197986320105, 30.12818402870189, 30.205606261383984, 30.020427195251877, 29.79576917348737, 30.213770691736546, 29.97231072795778, 30.093699016587372]","[false, false, false, false, false, false, false, false, false]",[],[],cb18678b3df1ec42558e179d3eee59c1f48193845fd7a0a43046d1c6b5c1a8ca,7c7ab08a575067076604e7d9993f47ae469b208472f7d48decba632c6f89f77a,"{""anomaly_count"": 0, ""confidence"": 1.0, ""temperature"": 30.018367107109796, ""timestamp"": ""2026-09-03T01:48:00+00:00"", ""zone"": ""zone-0""}","{""action_type"": ""maintain"", ""consensus_timestamp"": ""2026-09-03T01:48:00+00:00"", ""duration"": 1, ""magnitude"": 0.0, ""reasoning_summary"": ""Frozen bidirectional thermal pilot controller"", ""target_zone"": ""zone-0"", ""used_consensus"": true}"
11,0,nominal,none,oracle,109,30.03038631280899,30.03038631280899,0.0,27.0,0.85,0.7,0.7,maintain,supervisor,True,,,0,1.0,30.021955407784272,30.021955407784272,30.08029958273886,0,,0,,0.00010793842375278473,False,"[30.110318550205967, 30.002063725076816, 29.906600014337155, 29.912906870205063, 29.91980853528527, 29.914594927378896, 30.027736254555574, 29.930040315829423, 30.037891293083035]","[30.110318550205967, 30.002063725076816, 29.906600014337155, 29.912906870205063, 29.91980853528527, 29.914594927378896, 30.027736254555574, 29.930040315829423, 30.037891293083035]","[false, false, false, false, false, false, false, false, false]",[],[],08ab5e0023f940f2569ba556f095488e141bb533ca0eb97a634696eb5dd74494,d4c85c5979a822064058820be2e83f258153c16ac1481bc24eba1642fdaa4b4d,"{""anomaly_count"": 0, ""confidence"": 1.0, ""temperature"": 30.03038631280899, ""timestamp"": ""2026-09-03T01:49:00+00:00"", ""zone"": ""zone-0""}","{""action_type"": ""maintain"", ""consensus_timestamp"": ""2026-09-03T01:49:00+00:00"", ""duration"": 1, ""magnitude"": 0.0, ""reasoning_summary"": ""Frozen bidirectional thermal pilot controller"", ""target_zone"": ""zone-0"", ""used_consensus"": true}"
11,0,nominal,none,oracle,110,30.08029958273886,30.08029958273886,0.0,27.0,0.85,0.7,0.7,maintain,supervisor,True,,,0,1.0,30.067875616119753,30.067875616119753,30.10670053800682,0,,0,,0.00011066161096096039,False,"[30.28382284770796, 30.094177394842724, 29.970816959152057, 30.414391564269444, 30.145054853593813, 30.562801321365587, 29.87386297061562, 30.08588290372589, 29.9948847249315]","[30.28382284770796, 30.094177394842724, 29.970816959152057, 30.414391564269444, 30.145054853593813, 30.562801321365587, 29.87386297061562, 30.08588290372589, 29.9948847249315]","[false, false, false, false, false, false, false, false, false]",[],[],e5dd69a8729781b89cdee27bcd9717579912eff64ad3d0bb9241fa970cc368c5,5066751f7bab8c84875b1538b3692a9e8ca3b1d657a335d293b34bcc485049e7,"{""anomaly_count"": 0, ""confidence"": 1.0, ""temperature"": 30.08029958273886, ""timestamp"": ""2026-09-03T01:50:00+00:00"", ""zone"": ""zone-0""}","{""action_type"": ""maintain"", ""consensus_timestamp"": ""2026-09-03T01:50:00+00:00"", ""duration"": 1, ""magnitude"": 0.0, ""reasoning_summary"": ""Frozen bidirectional thermal pilot controller"", ""target_zone"": ""zone-0"", ""used_consensus"": true}"
11,0,nominal,none,oracle,111,30.10670053800682,30.10670053800682,0.0,27.0,0.85,0.7,0.7,maintain,supervisor,True,,,0,1.0,30.092164494966276,30.092164494966276,30.191080043555743,0,,0,,0.00010860990732908249,False,"[30.339810721630094, 30.04593490243109, 30.021732489334966, 29.984756381214893, 29.788882265702675, 30.153192984088445, 30.745204734209345, 30.141572546821894, 30.324548813093116]","[30.339810721630094, 30.04593490243109, 30.021732489334966, 29.984756381214893, 29.788882265702675, 30.153192984088445, 30.745204734209345, 30.141572546821894, 30.324548813093116]","[false, false, false, false, false, false, false, false, false]",[],[],909c892506b9aa08a1ca135520fc97ad8c7a648cd6b9836051063667c7c61ad2,8fa7f6c94b4f05ba992338e28fd46bcb2514c2a451995a941309e82ed1352e07,"{""anomaly_count"": 0, ""confidence"": 1.0, ""temperature"": 30.10670053800682, ""timestamp"": ""2026-09-03T01:51:00+00:00"", ""zone"": ""zone-0""}","{""action_type"": ""maintain"", ""consensus_timestamp"": ""2026-09-03T01:51:00+00:00"", ""duration"": 1, ""magnitude"": 0.0, ""reasoning_summary"": ""Frozen bidirectional thermal pilot controller"", ""target_zone"": ""zone-0"", ""used_consensus"": true}"
11,0,nominal,none,oracle,112,30.191080043555743,30.191080043555743,0.0,27.0,0.85,0.7,0.7,maintain,supervisor,True,,,0,1.0,30.169793640071287,30.169793640071287,30.24796308876746,0,,0,,0.00011105742305517197,False,"[30.377063607890335, 30.381163006606343, 30.04267637734764, 30.107546036408966, 29.879456353683832, 30.308663293624164, 30.32743914252126, 30.35910354401027, 30.341461345472418]","[30.377063607890335, 30.381163006606343, 30.04267637734764, 30.107546036408966, 29.879456353683832, 30.308663293624164, 30.32743914252126, 30.35910354401027, 30.341461345472418]","[false, false, false, false, false, false, false, false, false]",[],[],44e8794566ea3236aead13614d52fe28dac538ff1de8db2eac2b7459d642a777,1e2b30ce7e6b8593519e83de359530f5969db2ca8a0e03dedc5b4ba4a15232d7,"{""anomaly_count"": 0, ""confidence"": 1.0, ""temperature"": 30.191080043555743, ""timestamp"": ""2026-09-03T01:52:00+00:00"", ""zone"": ""zone-0""}","{""action_type"": ""maintain"", ""consensus_timestamp"": ""2026-09-03T01:52:00+00:00"", ""duration"": 1, ""magnitude"": 0.0, ""reasoning_summary"": ""Frozen bidirectional thermal pilot controller"", ""target_zone"": ""zone-0"", ""used_consensus"": true}"
11,0,nominal,none,oracle,113,30.24796308876746,30.24796308876746,0.0,27.0,0.85,0.7,0.7,maintain,supervisor,True,,,0,1.0,30.222126041666066,30.222126041666066,30.28756352363666,0,,0,,0.00010719709098339081,False,"[30.340022113938957, 30.489498752659603, 30.17424246793037, 30.082245559283127, 30.21399094816284, 30.18381709602196, 30.216573950817125, 30.045483273653648, 30.497433143961743]","[30.340022113938957, 30.489498752659603, 30.17424246793037, 30.082245559283127, 30.21399094816284, 30.18381709602196, 30.216573950817125, 30.045483273653648, 30.497433143961743]","[false, false, false, false, false, false, false, false, false]",[],[],d7a361643084f9ea7d61312a39b218df5d4f0fc8d83f3a49d5c3eac8fb720ca0,9c2e9bd2d5c634043fa18f84e41d34ad5fabb6b0fd92cd512b443e899151ca96,"{""anomaly_count"": 0, ""confidence"": 1.0, ""temperature"": 30.24796308876746, ""timestamp"": ""2026-09-03T01:53:00+00:00"", ""zone"": ""zone-0""}","{""action_type"": ""maintain"", ""consensus_timestamp"": ""2026-09-03T01:53:00+00:00"", ""duration"": 1, ""magnitude"": 0.0, ""reasoning_summary"": ""Frozen bidirectional thermal pilot controller"", ""target_zone"": ""zone-0"", ""used_consensus"": true}"
11,0,nominal,none,oracle,114,30.28756352363666,30.28756352363666,0.0,27.0,0.85,0.7,0.7,maintain,supervisor,True,,,0,1.0,30.25855844174573,30.25855844174573,30.3159942692122,0,,0,,0.00010667555034160614,False,"[30.26085113833427, 30.391930385868633, 30.223174210612076, 30.623592981153443, 30.544919100677095, 30.059977621665837, 30.749281253225234, 30.392649433797015, 30.453798794446758]","[30.26085113833427, 30.391930385868633, 30.223174210612076, 30.623592981153443, 30.544919100677095, 30.059977621665837, 30.749281253225234, 30.392649433797015, 30.453798794446758]","[false, false, false, false, false, false, false, false, false]",[],[],7d3fd1352b0619cde0be286ff910b473687e26fdaf77f90dd4e1289e32c43736,9c66b72bcdfcb98516f4355fda230efb6afe7675f16e8c714cb7d19ccac93124,"{""anomaly_count"": 0, ""confidence"": 1.0, ""temperature"": 30.28756352363666, ""timestamp"": ""2026-09-03T01:54:00+00:00"", ""zone"": ""zone-0""}","{""action_type"": ""maintain"", ""consensus_timestamp"": ""2026-09-03T01:54:00+00:00"", ""duration"": 1, ""magnitude"": 0.0, ""reasoning_summary"": ""Frozen bidirectional thermal pilot controller"", ""target_zone"": ""zone-0"", ""used_consensus"": true}"
11,0,nominal,none,oracle,115,30.3159942692122,30.3159942692122,0.0,27.0,0.85,0.7,0.7999999999999999,increase_fan_speed,supervisor,True,,,0,1.0,30.196714727675225,30.284714727675226,30.254232071054407,0,,0,,0.00011870171874761581,False,"[30.430078350969058, 30.422201632475918, 30.557640230890907, 30.344682607245183, 30.445886273944236, 30.238332751799888, 30.6535286279332, 30.324081435977007, 30.285427006201807]","[30.430078350969058, 30.422201632475918, 30.557640230890907, 30.344682607245183, 30.445886273944236, 30.238332751799888, 30.6535286279332, 30.324081435977007, 30.285427006201807]","[false, false, false, false, false, false, false, false, false]",[],[],1ce1713f837720da2a070facc692612caacf1e6462ec7daca63e6dccaa6fcb81,7ed11df7f13cf0ef549e863b118681edf3739c6ebbce641dee26b83d33808e6f,"{""anomaly_count"": 0, ""confidence"": 1.0, ""temperature"": 30.3159942692122, ""timestamp"": ""2026-09-03T01:55:00+00:00"", ""zone"": ""zone-0""}","{""action_type"": ""increase_fan_speed"", ""consensus_timestamp"": ""2026-09-03T01:55:00+00:00"", ""duration"": 1, ""magnitude"": 0.1, ""reasoning_summary"": ""Frozen bidirectional thermal pilot controller"", ""target_zone"": ""zone-0"", ""used_consensus"": true}"
11,0,nominal,none,oracle,116,30.254232071054407,30.254232071054407,0.0,27.0,0.85,0.7999999999999999,0.7999999999999999,maintain,supervisor,True,,,0,1.0,30.139893505370054,30.139893505370054,30.19574854082172,0,,0,,0.00011048931628465652,False,"[30.132713225015056, 29.95306525628704, 30.067330024862645, 30.406952682261302, 30.371077999993975, 30.697526492378366, 30.29224244670657, 30.239194438242112, 30.228542524638314]","[30.132713225015056, 29.95306525628704, 30.067330024862645, 30.406952682261302, 30.371077999993975, 30.697526492378366, 30.29224244670657, 30.239194438242112, 30.228542524638314]","[false, false, false, false, false, false, false, false, false]",[],[],9d2405d1b20729bc1282a4a1e9c778cdaddbf00302d8085c960f56a290ae3ddc,84c1eea493cd533a92483519aec68225b9ba06ce4d9d44242ea1488562bd3248,"{""anomaly_count"": 0, ""confidence"": 1.0, ""temperature"": 30.254232071054407, ""timestamp"": ""2026-09-03T01:56:00+00:00"", ""zone"": ""zone-0""}","{""action_type"": ""maintain"", ""consensus_timestamp"": ""2026-09-03T01:56:00+00:00"", ""duration"": 1, ""magnitude"": 0.0, ""reasoning_summary"": ""Frozen bidirectional thermal pilot controller"", ""target_zone"": ""zone-0"", ""used_consensus"": true}"
11,0,nominal,none,oracle,117,30.19574854082172,30.19574854082172,0.0,27.0,0.85,0.7999999999999999,0.7999999999999999,maintain,supervisor,True,,,0,1.0,30.086088657555983,30.086088657555983,30.16500677245862,0,,0,,0.0001296568661928177,False,"[29.745239788423213, 30.25319536981475, 29.91642505839352, 30.367351517613873, 30.151884635389123, 30.132947403640273, 30.045575653349715, 30.469238663465298, 30.137636928397622]","[29.745239788423213, 30.25319536981475, 29.91642505839352, 30.367351517613873, 30.151884635389123, 30.132947403640273, 30.045575653349715, 30.469238663465298, 30.137636928397622]","[false, false, false, false, false, false, false, false, false]",[],[],838db3fe47e6a39d651a52aedf8e2c45cdd9e5334ef97e4d537a6e2dfe9aa565,2f14e80232830d7f0c5e9dfb9f2995a3cd8550006ebf6baca2458e37fb3f0339,"{""anomaly_count"": 0, ""confidence"": 1.0, ""temperature"": 30.19574854082172, ""timestamp"": ""2026-09-03T01:57:00+00:00"", ""zone"": ""zone-0""}","{""action_type"": ""maintain"", ""consensus_timestamp"": ""2026-09-03T01:57:00+00:00"", ""duration"": 1, ""magnitude"": 0.0, ""reasoning_summary"": ""Frozen bidirectional thermal pilot controller"", ""target_zone"": ""zone-0"", ""used_consensus"": true}"
11,0,nominal,none,oracle,118,30.16500677245862,30.16500677245862,0.0,27.0,0.85,0.7999999999999999,0.7999999999999999,maintain,supervisor,True,,,0,1.0,30.05780623066193,30.05780623066193,30.146070649593796,0,,0,,0.00011186674237251282,False,"[30.15803468207599, 29.978236813805918, 29.99053011525408, 30.091742204946325, 30.293680311004188, 30.082897274449792, 30.236065041423416, 30.350594108265085, 30.096360463065828]","[30.15803468207599, 29.978236813805918, 29.99053011525408, 30.091742204946325, 30.293680311004188, 30.082897274449792, 30.236065041423416, 30.350594108265085, 30.096360463065828]","[false, false, false, false, false, false, false, false, false]",[],[],765310ad74eac9d6c133093bf5c2d497765b6fec2b3e2cd355ab26bdaf48091f,e845016aa8450067487521bf821d6ceadd66eec2c865cbdcf62d6a69818803cb,"{""anomaly_count"": 0, ""confidence"": 1.0, ""temperature"": 30.16500677245862, ""timestamp"": ""2026-09-03T01:58:00+00:00"", ""zone"": ""zone-0""}","{""action_type"": ""maintain"", ""consensus_timestamp"": ""2026-09-03T01:58:00+00:00"", ""duration"": 1, ""magnitude"": 0.0, ""reasoning_summary"": ""Frozen bidirectional thermal pilot controller"", ""target_zone"": ""zone-0"", ""used_consensus"": true}"
11,0,nominal,none,oracle,119,30.146070649593796,30.146070649593796,0.0,27.0,0.85,0.7999999999999999,0.7999999999999999,maintain,supervisor,True,,,0,1.0,30.040384997626294,30.040384997626294,30.06652034208511,0,,0,,0.00011043809354305267,False,"[30.125590589638854, 30.268878396791298, 29.9801529094603, 30.11770972634923, 29.93420959771532, 30.22626349759762, 30.41661043274592, 30.042306342457344, 30.41385768905176]","[30.125590589638854, 30.268878396791298, 29.9801529094603, 30.11770972634923, 29.93420959771532, 30.22626349759762, 30.41661043274592, 30.042306342457344, 30.41385768905176]","[false, false, false, false, false, false, false, false, false]",[],[],fdf64c11e7a809315f74282ac7891809a3d9bb31a1c2f5162a311a7719380ede,f8dcdd53fd901038f177383463b02e2ea4b71e3902003c5cb2f3d40a52b293b2,"{""anomaly_count"": 0, ""confidence"": 1.0, ""temperature"": 30.146070649593796, ""timestamp"": ""2026-09-03T01:59:00+00:00"", ""zone"": ""zone-0""}","{""action_type"": ""maintain"", ""consensus_timestamp"": ""2026-09-03T01:59:00+00:00"", ""duration"": 1, ""magnitude"": 0.0, ""reasoning_summary"": ""Frozen bidirectional thermal pilot controller"", ""target_zone"": ""zone-0"", ""used_consensus"": true}"
11,0,nominal,none,oracle,120,30.06652034208511,30.06652034208511,0.0,26.0,0.7,0.7999999999999999,0.7999999999999999,maintain,supervisor,True,,,0,1.0,29.7371987147183,29.7371987147183,29.771602238672827,0,,0,,0.00011342484503984451,False,"[30.13100791124994, 30.144540432836628, 29.95523896154322, 30.117010203514756, 30.210472348317637, 30.16556935627874, 30.19144577403947, 30.32615330863829, 30.328810780052944]","[30.13100791124994, 30.144540432836628, 29.95523896154322, 30.117010203514756, 30.210472348317637, 30.16556935627874, 30.19144577403947, 30.32615330863829, 30.328810780052944]","[false, false, false, false, false, false, false, false, false]",[],[],9510713e790169a26d78d7c73bfa585cdcb781fa9ba93a04af8db039ee190a60,37f46df5d8d53117a301dc194597d33978ea2010971f4b7498e79849195c439b,"{""anomaly_count"": 0, ""confidence"": 1.0, ""temperature"": 30.06652034208511, ""timestamp"": ""2026-09-03T02:00:00+00:00"", ""zone"": ""zone-0""}","{""action_type"": ""maintain"", ""consensus_timestamp"": ""2026-09-03T02:00:00+00:00"", ""duration"": 1, ""magnitude"": 0.0, ""reasoning_summary"": ""Frozen bidirectional thermal pilot controller"", ""target_zone"": ""zone-0"", ""used_consensus"": true}"
11,0,nominal,none,oracle,121,29.771602238672827,29.771602238672827,0.0,26.0,0.7,0.7999999999999999,0.7999999999999999,maintain,supervisor,True,,,0,1.0,29.465874059579,29.465874059579,29.503876648194822,0,,0,,0.00011345744132995605,False,"[29.626283948237756, 30.041935708187946, 30.112275868246424, 29.828748447251876, 29.997902409417204, 29.63189812731133, 29.886459173634975, 29.60313093296727, 29.932294003968778]","[29.626283948237756, 30.041935708187946, 30.112275868246424, 29.828748447251876, 29.997902409417204, 29.63189812731133, 29.886459173634975, 29.60313093296727, 29.932294003968778]","[false, false, false, false, false, false, false, false, false]",[],[],b81ee2ac9276bb575e5379183ce8943fbc88eb31a034ed61380fc8d2bb6f295a,90e1c8b8f3bdb0bda9859cb7bf1f6ad30620075c479e692b676a71d663631ffa,"{""anomaly_count"": 0, ""confidence"": 1.0, ""temperature"": 29.771602238672827, ""timestamp"": ""2026-09-03T02:01:00+00:00"", ""zone"": ""zone-0""}","{""action_type"": ""maintain"", ""consensus_timestamp"": ""2026-09-03T02:01:00+00:00"", ""duration"": 1, ""magnitude"": 0.0, ""reasoning_summary"": ""Frozen bidirectional thermal pilot controller"", ""target_zone"": ""zone-0"", ""used_consensus"": true}"
11,0,nominal,none,oracle,122,29.503876648194822,29.503876648194822,0.0,26.0,0.7,0.7999999999999999,0.7999999999999999,maintain,supervisor,True,,,0,1.0,29.219566516339235,29.219566516339235,29.26893642218847,0,,0,,0.00011227186769247055,False,"[29.376110779848077, 29.62223469502666, 29.73721219511284, 29.655241894186343, 29.539574108034497, 29.594680816649884, 29.353561596307905, 29.493144811256574, 29.88702515862158]","[29.376110779848077, 29.62223469502666, 29.73721219511284, 29.655241894186343, 29.539574108034497, 29.594680816649884, 29.353561596307905, 29.493144811256574, 29.88702515862158]","[false, false, false, false, false, false, false, false, false]",[],[],502ce989d896b079501b97bd417b9e2eb561cebf6d3b40027e5a574f351be9ae,7ce9ceb3d93f9cf54f3d5d3039a7bdd12bd914e336d41fd242c311449c3f0d66,"{""anomaly_count"": 0, ""confidence"": 1.0, ""temperature"": 29.503876648194822, ""timestamp"": ""2026-09-03T02:02:00+00:00"", ""zone"": ""zone-0""}","{""action_type"": ""maintain"", ""consensus_timestamp"": ""2026-09-03T02:02:00+00:00"", ""duration"": 1, ""magnitude"": 0.0, ""reasoning_summary"": ""Frozen bidirectional thermal pilot controller"", ""target_zone"": ""zone-0"", ""used_consensus"": true}"
11,0,nominal,none,oracle,123,29.26893642218847,29.26893642218847,0.0,26.0,0.7,0.7999999999999999,0.7999999999999999,maintain,supervisor,True,,,0,1.0,29.003421508413393,29.003421508413393,29.061790234216048,0,,0,,0.00011107977479696274,False,"[29.12639147686351, 29.51858099855202, 29.183180293458598, 29.264640170220925, 28.984796313783942, 29.100023364581006, 29.28327055607636, 29.33982015504283, 28.99508233219084]","[29.12639147686351, 29.51858099855202, 29.183180293458598, 29.264640170220925, 28.984796313783942, 29.100023364581006, 29.28327055607636, 29.33982015504283, 28.99508233219084]","[false, false, false, false, false, false, false, false, false]",[],[],e34177e9fd0808186bb79141324f52c92c4c75d2b7eef8c3e30440aeccdba44a,8f27aa1a7bfed723d1940c3f8adf8f1a4ee00f3ecaece70b7ee33d7d651a5f95,"{""anomaly_count"": 0, ""confidence"": 1.0, ""temperature"": 29.26893642218847, ""timestamp"": ""2026-09-03T02:03:00+00:00"", ""zone"": ""zone-0""}","{""action_type"": ""maintain"", ""consensus_timestamp"": ""2026-09-03T02:03:00+00:00"", ""duration"": 1, ""magnitude"": 0.0, ""reasoning_summary"": ""Frozen bidirectional thermal pilot controller"", ""target_zone"": ""zone-0"", ""used_consensus"": true}"
11,0,nominal,none,oracle,124,29.061790234216048,29.061790234216048,0.0,26.0,0.7,0.7999999999999999,0.7,decrease_fan_speed,supervisor,True,,,0,1.0,28.900847015478764,28.812847015478763,28.95844644630213,0,,0,,0.00011240504682064056,False,"[28.91169245889765, 29.351702092979206, 29.305342778112937, 29.125287642939536, 29.332689598473667, 28.69676334501955, 28.91146834941049, 29.518444489182194, 28.989538445046573]","[28.91169245889765, 29.351702092979206, 29.305342778112937, 29.125287642939536, 29.332689598473667, 28.69676334501955, 28.91146834941049, 29.518444489182194, 28.989538445046573]","[false, false, false, false, false, false, false, false, false]",[],[],f90ff76a6cd1eddfb65f917efb64bc4205132a6d6ac2a8e8b950b60785d3ee2d,7cf5c7b56081a4568cdc3ed50e7ea507514c4bb21f4db3cc2c4b49a7784397df,"{""anomaly_count"": 0, ""confidence"": 1.0, ""temperature"": 29.061790234216048, ""timestamp"": ""2026-09-03T02:04:00+00:00"", ""zone"": ""zone-0""}","{""action_type"": ""decrease_fan_speed"", ""consensus_timestamp"": ""2026-09-03T02:04:00+00:00"", ""duration"": 1, ""magnitude"": 0.1, ""reasoning_summary"": ""Frozen bidirectional thermal pilot controller"", ""target_zone"": ""zone-0"", ""used_consensus"": true}"
11,0,nominal,none,oracle,125,28.95844644630213,28.95844644630213,0.0,26.0,0.7,0.7,0.7,maintain,supervisor,True,,,0,1.0,28.80577073059796,28.80577073059796,28.853238844192163,0,,0,,0.00011229515075683594,False,"[28.828116216373875, 29.107091756052583, 29.043382622825277, 28.64975406244879, 28.834860087984563, 29.112044270032207, 28.994064066656247, 29.155101801178173, 28.880310404398113]","[28.828116216373875, 29.107091756052583, 29.043382622825277, 28.64975406244879, 28.834860087984563, 29.112044270032207, 28.994064066656247, 29.155101801178173, 28.880310404398113]","[false, false, false, false, false, false, false, false, false]",[],[],b1c720179619c34bec55242ced52f07fafb38a4c5e37cba9cb2c6c1e85e4d64b,a355ae31c952f2b6d411cd850d4c36de89b64424881b9d7c705434ebdb55153a,"{""anomaly_count"": 0, ""confidence"": 1.0, ""temperature"": 28.95844644630213, ""timestamp"": ""2026-09-03T02:05:00+00:00"", ""zone"": ""zone-0""}","{""action_type"": ""maintain"", ""consensus_timestamp"": ""2026-09-03T02:05:00+00:00"", ""duration"": 1, ""magnitude"": 0.0, ""reasoning_summary"": ""Frozen bidirectional thermal pilot controller"", ""target_zone"": ""zone-0"", ""used_consensus"": true}"
11,0,nominal,none,oracle,126,28.853238844192163,28.853238844192163,0.0,26.0,0.7,0.7,0.7,maintain,supervisor,True,,,0,1.0,28.70897973665679,28.70897973665679,28.786295480702925,0,,0,,0.00011575501412153244,False,"[28.924793455146062, 28.95422097589251, 29.09439817286438, 28.98909750488058, 28.61871204385126, 29.03685297348504, 28.963831152749897, 29.15578801021852, 28.849400387180584]","[28.924793455146062, 28.95422097589251, 29.09439817286438, 28.98909750488058, 28.61871204385126, 29.03685297348504, 28.963831152749897, 29.15578801021852, 28.849400387180584]","[false, false, false, false, false, false, false, false, false]",[],[],6f6f31a0f7a75495e45d52258c27ae7b448401245b3848cdd58c8592ca8e6018,4166217466ec7ae57a2fe415a1a6daa4ef422d726664135ad204ce7a2050743b,"{""anomaly_count"": 0, ""confidence"": 1.0, ""temperature"": 28.853238844192163, ""timestamp"": ""2026-09-03T02:06:00+00:00"", ""zone"": ""zone-0""}","{""action_type"": ""maintain"", ""consensus_timestamp"": ""2026-09-03T02:06:00+00:00"", ""duration"": 1, ""magnitude"": 0.0, ""reasoning_summary"": ""Frozen bidirectional thermal pilot controller"", ""target_zone"": ""zone-0"", ""used_consensus"": true}"
11,0,nominal,none,oracle,127,28.786295480702925,28.786295480702925,0.0,26.0,0.7,0.7,0.6,decrease_fan_speed,supervisor,True,,,0,1.0,28.735391842246692,28.64739184224669,28.735441782482102,0,,0,,0.00011070352047681808,False,"[28.751708035308642, 29.214341965428336, 28.971179893202688, 28.62792875511705, 28.845394295094497, 28.960196228681472, 28.986970068734482, 29.04869580623859, 28.632828847257663]","[28.751708035308642, 29.214341965428336, 28.971179893202688, 28.62792875511705, 28.845394295094497, 28.960196228681472, 28.986970068734482, 29.04869580623859, 28.632828847257663]","[false, false, false, false, false, false, false, false, false]",[],[],b6ea0bb8be699a2fcafd9bfb40dbe493e4e9e65426b8571c081c693a4f43e01f,929adad5eec1f798f4749779aa25a73f28701d92afde0cb8a5bee755fdb3bb17,"{""anomaly_count"": 0, ""confidence"": 1.0, ""temperature"": 28.786295480702925, ""timestamp"": ""2026-09-03T02:07:00+00:00"", ""zone"": ""zone-0""}","{""action_type"": ""decrease_fan_speed"", ""consensus_timestamp"": ""2026-09-03T02:07:00+00:00"", ""duration"": 1, ""magnitude"": 0.1, ""reasoning_summary"": ""Frozen bidirectional thermal pilot controller"", ""target_zone"": ""zone-0"", ""used_consensus"": true}"
11,0,nominal,none,oracle,128,28.735441782482102,28.735441782482102,0.0,26.0,0.7,0.6,0.6,maintain,supervisor,True,,,0,1.0,28.688606439883536,28.688606439883536,28.74651734744465,0,,0,,0.00010806601494550705,False,"[28.54366450271357, 28.991272209192072, 28.78630597866902, 28.86484140471114, 28.496500656153877, 28.908264027449977, 28.61788352515526, 28.67862946046135, 28.76983491116054]","[28.54366450271357, 28.991272209192072, 28.78630597866902, 28.86484140471114, 28.496500656153877, 28.908264027449977, 28.61788352515526, 28.67862946046135, 28.76983491116054]","[false, false, false, false, false, false, false, false, false]",[],[],4d42cd15a37085db1798d9cd457b93767a62d7c7f95edf4346f1e0ea0ae1d2f6,10fe5b0e5bb330490e943cde90d11a65da7b1673d725d56cc30b89d560345df7,"{""anomaly_count"": 0, ""confidence"": 1.0, ""temperature"": 28.735441782482102, ""timestamp"": ""2026-09-03T02:08:00+00:00"", ""zone"": ""zone-0""}","{""action_type"": ""maintain"", ""consensus_timestamp"": ""2026-09-03T02:08:00+00:00"", ""duration"": 1, ""magnitude"": 0.0, ""reasoning_summary"": ""Frozen bidirectional thermal pilot controller"", ""target_zone"": ""zone-0"", ""used_consensus"": true}"
11,0,nominal,none,oracle,129,28.74651734744465,28.74651734744465,0.0,26.0,0.7,0.6,0.6,maintain,supervisor,True,,,0,1.0,28.69879595964908,28.69879595964908,28.748536492676987,0,,0,,0.0001082131639122963,False,"[28.694826714255726, 28.697830860244522, 28.898392184082756, 28.694942535611776, 28.3398984551814, 28.629692563883378, 28.513693679709224, 29.046241409010698, 28.74496665384772]","[28.694826714255726, 28.697830860244522, 28.898392184082756, 28.694942535611776, 28.3398984551814, 28.629692563883378, 28.513693679709224, 29.046241409010698, 28.74496665384772]","[false, false, false, false, false, false, false, false, false]",[],[],0be6ab5c399af340b07ffd2da8ce973401ee52f0995e299bbed2991b9b6b9af5,44c1436590c0d299d565f025d66da6dbf33bf3e45d7be10ac83870fed504a2fb,"{""anomaly_count"": 0, ""confidence"": 1.0, ""temperature"": 28.74651734744465, ""timestamp"": ""2026-09-03T02:09:00+00:00"", ""zone"": ""zone-0""}","{""action_type"": ""maintain"", ""consensus_timestamp"": ""2026-09-03T02:09:00+00:00"", ""duration"": 1, ""magnitude"": 0.0, ""reasoning_summary"": ""Frozen bidirectional thermal pilot controller"", ""target_zone"": ""zone-0"", ""used_consensus"": true}"
11,0,nominal,none,oracle,130,28.748536492676987,28.748536492676987,0.0,26.0,0.7,0.6,0.5,decrease_fan_speed,supervisor,True,,,0,1.0,28.788653573262827,28.70065357326283,28.807283253830402,0,,0,,0.00011138711124658585,False,"[28.588834026224564, 28.936822974071625, 28.759998023293214, 28.976489314194406, 29.084207453304288, 28.64772656660672, 29.168369937354107, 28.643363167886513, 28.64664238330429]","[28.588834026224564, 28.936822974071625, 28.759998023293214, 28.976489314194406, 29.084207453304288, 28.64772656660672, 29.168369937354107, 28.643363167886513, 28.64664238330429]","[false, false, false, false, false, false, false, false, false]",[],[],8da89dd1d3c619d1f93f112bf6860bbe2beee6bd9dd12fd5b7362968b6b0ffb8,82a706e023abf9e7adf31c0a7c968145fe479f83ffc74169e90b8614bbcbc7ad,"{""anomaly_count"": 0, ""confidence"": 1.0, ""temperature"": 28.748536492676987, ""timestamp"": ""2026-09-03T02:10:00+00:00"", ""zone"": ""zone-0""}","{""action_type"": ""decrease_fan_speed"", ""consensus_timestamp"": ""2026-09-03T02:10:00+00:00"", ""duration"": 1, ""magnitude"": 0.1, ""reasoning_summary"": ""Frozen bidirectional thermal pilot controller"", ""target_zone"": ""zone-0"", ""used_consensus"": true}"
11,0,nominal,none,oracle,131,28.807283253830402,28.807283253830402,0.0,26.0,0.7,0.5,0.5,maintain,supervisor,True,,,0,1.0,28.84270059352397,28.84270059352397,28.919449315724297,0,,0,,0.0001107286661863327,False,"[28.864296143709968, 28.759188410492943, 28.691454882405363, 28.81689126524543, 28.73214978655416, 29.030782616208658, 28.975649718238785, 28.80077082683534, 28.89765935256044]","[28.864296143709968, 28.759188410492943, 28.691454882405363, 28.81689126524543, 28.73214978655416, 29.030782616208658, 28.975649718238785, 28.80077082683534, 28.89765935256044]","[false, false, false, false, false, false, false, false, false]",[],[],ff3473ca79db03ead35117e427d54a91b40ceb38ade7b225450cfcd606cded6f,0ac546b003e8c99ff8a4f1d3d1ea6a1f868b8565bc22d319f0eaaeb5755c8739,"{""anomaly_count"": 0, ""confidence"": 1.0, ""temperature"": 28.807283253830402, ""timestamp"": ""2026-09-03T02:11:00+00:00"", ""zone"": ""zone-0""}","{""action_type"": ""maintain"", ""consensus_timestamp"": ""2026-09-03T02:11:00+00:00"", ""duration"": 1, ""magnitude"": 0.0, ""reasoning_summary"": ""Frozen bidirectional thermal pilot controller"", ""target_zone"": ""zone-0"", ""used_consensus"": true}"
11,0,nominal,none,oracle,132,28.919449315724297,28.919449315724297,0.0,26.0,0.7,0.5,0.5,maintain,supervisor,True,,,0,1.0,28.94589337046635,28.94589337046635,28.985898179734576,0,,0,,0.00010828394442796707,False,"[28.718206746107867, 28.786934468173417, 28.671372809005852, 28.463415304014752, 28.87417351076347, 28.869096194389797, 28.889901110031946, 29.08930903811448, 28.70482667545801]","[28.718206746107867, 28.786934468173417, 28.671372809005852, 28.463415304014752, 28.87417351076347, 28.869096194389797, 28.889901110031946, 29.08930903811448, 28.70482667545801]","[false, false, false, false, false, false, false, false, false]",[],[],d8ee5744c0d90327e9a18166bc3b4ae65cd6020b02e59c1493a8363e801655f5,6351917548e155e40e8594198216838fec6a2dc39f62ef63244cfb8738c78fd5,"{""anomaly_count"": 0, ""confidence"": 1.0, ""temperature"": 28.919449315724297, ""timestamp"": ""2026-09-03T02:12:00+00:00"", ""zone"": ""zone-0""}","{""action_type"": ""maintain"", ""consensus_timestamp"": ""2026-09-03T02:12:00+00:00"", ""duration"": 1, ""magnitude"": 0.0, ""reasoning_summary"": ""Frozen bidirectional thermal pilot controller"", ""target_zone"": ""zone-0"", ""used_consensus"": true}"
11,0,nominal,none,oracle,133,28.985898179734576,28.985898179734576,0.0,26.0,0.7,0.5,0.4,decrease_fan_speed,supervisor,True,,,0,1.0,29.09502632535581,29.00702632535581,29.123510547285935,0,,0,,0.00011249631643295288,False,"[28.925185101966445, 28.69696946746987, 28.910261370054542, 29.243379853568243, 29.05677668409414, 28.83686069026242, 29.164700236222465, 29.160020026576053, 29.122290968998527]","[28.925185101966445, 28.69696946746987, 28.910261370054542, 29.243379853568243, 29.05677668409414, 28.83686069026242, 29.164700236222465, 29.160020026576053, 29.122290968998527]","[false, false, false, false, false, false, false, false, false]",[],[],157af857410a52041a5be240f2fae5157e6f90b1cf2f7a42bc396027ddf32697,9791c26b88bdbec9f27f6298b9eb605ce21140e4e924a2ea0b26985c43466b3a,"{""anomaly_count"": 0, ""confidence"": 1.0, ""temperature"": 28.985898179734576, ""timestamp"": ""2026-09-03T02:13:00+00:00"", ""zone"": ""zone-0""}","{""action_type"": ""decrease_fan_speed"", ""consensus_timestamp"": ""2026-09-03T02:13:00+00:00"", ""duration"": 1, ""magnitude"": 0.1, ""reasoning_summary"": ""Frozen bidirectional thermal pilot controller"", ""target_zone"": ""zone-0"", ""used_consensus"": true}"
11,0,nominal,none,oracle,134,29.123510547285935,29.123510547285935,0.0,26.0,0.7,0.4,0.4,maintain,supervisor,True,,,0,1.0,29.22162970350306,29.22162970350306,29.249811773367323,0,,0,,0.00010981783270835876,False,"[28.963284870355174, 29.430812945515857, 28.91910722152749, 28.83142567532493, 29.326398736777204, 29.070252734586408, 28.99302492333593, 29.20323952970128, 29.054942698266007]","[28.963284870355174, 29.430812945515857, 28.91910722152749, 28.83142567532493, 29.326398736777204, 29.070252734586408, 28.99302492333593, 29.20323952970128, 29.054942698266007]","[false, false, false, false, false, false, false, false, false]",[],[],990f8104ed71dac41b12a981a92732bcf7e8df5986a62be62a5aa624071e1d12,e8c50231d17ebe8511f045186bd9fbee78b6c941b35cf391f7b95445696ef644,"{""anomaly_count"": 0, ""confidence"": 1.0, ""temperature"": 29.123510547285935, ""timestamp"": ""2026-09-03T02:14:00+00:00"", ""zone"": ""zone-0""}","{""action_type"": ""maintain"", ""consensus_timestamp"": ""2026-09-03T02:14:00+00:00"", ""duration"": 1, ""magnitude"": 0.0, ""reasoning_summary"": ""Frozen bidirectional thermal pilot controller"", ""target_zone"": ""zone-0"", ""used_consensus"": true}"
11,0,nominal,none,oracle,135,29.249811773367323,29.249811773367323,0.0,26.0,0.7,0.4,0.4,maintain,supervisor,True,,,0,1.0,29.337826831497935,29.337826831497935,29.37911915421507,0,,0,,0.00011152401566505432,False,"[29.17957946183088, 28.908595658664368, 29.205933735824367, 29.421533307702163, 29.19932882245119, 29.501277753343835, 29.48124202014473, 29.338482130912116, 29.40113009127633]","[29.17957946183088, 28.908595658664368, 29.205933735824367, 29.421533307702163, 29.19932882245119, 29.501277753343835, 29.48124202014473, 29.338482130912116, 29.40113009127633]","[false, false, false, false, false, false, false, false, false]",[],[],eced26aa23b06b89e7d52bb3aa78759b8a7b2054c82d28a94da1878f516cc8ba,a7d5e2efb64ceae7ef872d3fa1faadd82e590321876d3d897e86d83c6b8b0630,"{""anomaly_count"": 0, ""confidence"": 1.0, ""temperature"": 29.249811773367323, ""timestamp"": ""2026-09-03T02:15:00+00:00"", ""zone"": ""zone-0""}","{""action_type"": ""maintain"", ""consensus_timestamp"": ""2026-09-03T02:15:00+00:00"", ""duration"": 1, ""magnitude"": 0.0, ""reasoning_summary"": ""Frozen bidirectional thermal pilot controller"", ""target_zone"": ""zone-0"", ""used_consensus"": true}"
11,0,nominal,none,oracle,136,29.37911915421507,29.37911915421507,0.0,26.0,0.7,0.4,0.30000000000000004,decrease_fan_speed,supervisor,True,,,0,1.0,29.544789621877865,29.456789621877864,29.561130217557807,0,,0,,0.00011446513235569,False,"[29.32371590502371, 29.532496944364627, 29.393045737946938, 29.557302754311007, 29.268454280887305, 29.36210720178941, 29.228407576443946, 29.11091254109955, 29.056340160531917]","[29.32371590502371, 29.532496944364627, 29.393045737946938, 29.557302754311007, 29.268454280887305, 29.36210720178941, 29.228407576443946, 29.11091254109955, 29.056340160531917]","[false, false, false, false, false, false, false, false, false]",[],[],5f3ee52d2b3972eee006b42a918fea69bb492dd16cb832caa9e6fc1e69e7d2bc,053581023eede18f33557716c3a9ca73b89377e06bcf2298543975bdea739153,"{""anomaly_count"": 0, ""confidence"": 1.0, ""temperature"": 29.37911915421507, ""timestamp"": ""2026-09-03T02:16:00+00:00"", ""zone"": ""zone-0""}","{""action_type"": ""decrease_fan_speed"", ""consensus_timestamp"": ""2026-09-03T02:16:00+00:00"", ""duration"": 1, ""magnitude"": 0.1, ""reasoning_summary"": ""Frozen bidirectional thermal pilot controller"", ""target_zone"": ""zone-0"", ""used_consensus"": true}"
11,0,nominal,none,oracle,137,29.561130217557807,29.561130217557807,0.0,26.0,0.7,0.30000000000000004,0.30000000000000004,maintain,supervisor,True,,,0,1.0,29.71223980015318,29.71223980015318,29.734824034806476,0,,0,,0.0001141522079706192,False,"[29.57591250316391, 29.319508070818625, 29.484648088173135, 29.764137351282397, 29.777664553987556, 29.61738346791219, 29.56251534963559, 29.32404011495483, 29.69904940040513]","[29.57591250316391, 29.319508070818625, 29.484648088173135, 29.764137351282397, 29.777664553987556, 29.61738346791219, 29.56251534963559, 29.32404011495483, 29.69904940040513]","[false, false, false, false, false, false, false, false, false]",[],[],7a6160e18df422103dc7f081171c6531160b3de1bc38cedf5caa075a63361a0f,f83ae8aeffab2d49ba9dc33497591dbbf854d7a2d0346133a839c2c063773b8e,"{""anomaly_count"": 0, ""confidence"": 1.0, ""temperature"": 29.561130217557807, ""timestamp"": ""2026-09-03T02:17:00+00:00"", ""zone"": ""zone-0""}","{""action_type"": ""maintain"", ""consensus_timestamp"": ""2026-09-03T02:17:00+00:00"", ""duration"": 1, ""magnitude"": 0.0, ""reasoning_summary"": ""Frozen bidirectional thermal pilot controller"", ""target_zone"": ""zone-0"", ""used_consensus"": true}"
11,0,nominal,none,oracle,138,29.734824034806476,29.734824034806476,0.0,26.0,0.7,0.30000000000000004,0.30000000000000004,maintain,supervisor,True,,,0,1.0,29.872038112021958,29.872038112021958,29.847252774703982,0,,0,,0.00010539405047893524,False,"[29.618194494974016, 29.72038540890433, 29.669962155883393, 29.70461109643155, 29.56247870648319, 29.95784804779833, 30.014521863890863, 29.710323706356775, 29.756545677559664]","[29.618194494974016, 29.72038540890433, 29.669962155883393, 29.70461109643155, 29.56247870648319, 29.95784804779833, 30.014521863890863, 29.710323706356775, 29.756545677559664]","[false, false, false, false, false, false, false, false, false]",[],[],d2aa38373662286c7683acada2cdb432d22a5823242a5fe83c754ed13f9d88f7,53bbc90a4696e6f7461038ef96ed9e6525f2b6266ee78eb6e21e8757a0e08336,"{""anomaly_count"": 0, ""confidence"": 1.0, ""temperature"": 29.734824034806476, ""timestamp"": ""2026-09-03T02:18:00+00:00"", ""zone"": ""zone-0""}","{""action_type"": ""maintain"", ""consensus_timestamp"": ""2026-09-03T02:18:00+00:00"", ""duration"": 1, ""magnitude"": 0.0, ""reasoning_summary"": ""Frozen bidirectional thermal pilot controller"", ""target_zone"": ""zone-0"", ""used_consensus"": true}"
11,0,nominal,none,oracle,139,29.847252774703982,29.847252774703982,0.0,26.0,0.7,0.30000000000000004,0.30000000000000004,maintain,supervisor,True,,,0,1.0,29.975472552727663,29.975472552727663,30.02170545943407,0,,0,,0.00010984856635332108,False,"[29.849283107598602, 29.82189018319244, 30.228094767759803, 29.999189155039975, 29.644387932905218, 29.703369854399565, 29.991935035859022, 29.824894060250692, 29.89859897031233]","[29.849283107598602, 29.82189018319244, 30.228094767759803, 29.999189155039975, 29.644387932905218, 29.703369854399565, 29.991935035859022, 29.824894060250692, 29.89859897031233]","[false, false, false, false, false, false, false, false, false]",[],[],dddc9981ea284a6bf457cae58066d9b22ac16af555494d1e57450577407dba7a,a089f020051e49f42165e477260942dfe209d1079b52e2149f6fac3f1d85fc81,"{""anomaly_count"": 0, ""confidence"": 1.0, ""temperature"": 29.847252774703982, ""timestamp"": ""2026-09-03T02:19:00+00:00"", ""zone"": ""zone-0""}","{""action_type"": ""maintain"", ""consensus_timestamp"": ""2026-09-03T02:19:00+00:00"", ""duration"": 1, ""magnitude"": 0.0, ""reasoning_summary"": ""Frozen bidirectional thermal pilot controller"", ""target_zone"": ""zone-0"", ""used_consensus"": true}"
11,0,nominal,none,oracle,140,30.02170545943407,30.02170545943407,0.0,26.0,0.7,0.30000000000000004,0.30000000000000004,maintain,supervisor,True,,,0,1.0,30.135969022679344,30.135969022679344,30.144928486735626,0,,0,,0.00010615400969982147,False,"[29.693769385327723, 30.08259613264358, 30.07505481119328, 29.99698967938134, 29.839178227104686, 30.399622054476467, 30.15088870692894, 30.075899273167426, 30.190413993371703]","[29.693769385327723, 30.08259613264358, 30.07505481119328, 29.99698967938134, 29.839178227104686, 30.399622054476467, 30.15088870692894, 30.075899273167426, 30.190413993371703]","[false, false, false, false, false, false, false, false, false]",[],[],b2e9958b043576c5197132d31851fb72e192545153c671690575de1c49ef696b,ee792d45d7321e90bd4a617d7967148434f4ae2bfcb925d5e47190125a8a2eee,"{""anomaly_count"": 0, ""confidence"": 1.0, ""temperature"": 30.02170545943407, ""timestamp"": ""2026-09-03T02:20:00+00:00"", ""zone"": ""zone-0""}","{""action_type"": ""maintain"", ""consensus_timestamp"": ""2026-09-03T02:20:00+00:00"", ""duration"": 1, ""magnitude"": 0.0, ""reasoning_summary"": ""Frozen bidirectional thermal pilot controller"", ""target_zone"": ""zone-0"", ""used_consensus"": true}"
11,0,nominal,none,oracle,141,30.144928486735626,30.144928486735626,0.0,26.0,0.7,0.30000000000000004,0.30000000000000004,maintain,supervisor,True,,,0,1.0,30.249334207796775,30.249334207796775,30.258593745842024,0,,0,,0.00010631605982780457,False,"[29.88860027871692, 30.273028703155866, 30.1626071618536, 30.17224312369873, 29.99744105437142, 30.208248729685838, 30.0891670163938, 30.093998151502, 29.857701513178068]","[29.88860027871692, 30.273028703155866, 30.1626071618536, 30.17224312369873, 29.99744105437142, 30.208248729685838, 30.0891670163938, 30.093998151502, 29.857701513178068]","[false, false, false, false, false, false, false, false, false]",[],[],7cebe48a30429e0f401cccb99e78fb8f0b79bb318794130d70e372b16d4d7bb3,ebf1557a788a87a4e43352ef5bb84896b2ca845ed66b76cfb02a6156951a52a5,"{""anomaly_count"": 0, ""confidence"": 1.0, ""temperature"": 30.144928486735626, ""timestamp"": ""2026-09-03T02:21:00+00:00"", ""zone"": ""zone-0""}","{""action_type"": ""maintain"", ""consensus_timestamp"": ""2026-09-03T02:21:00+00:00"", ""duration"": 1, ""magnitude"": 0.0, ""reasoning_summary"": ""Frozen bidirectional thermal pilot controller"", ""target_zone"": ""zone-0"", ""used_consensus"": true}"
11,0,nominal,none,oracle,142,30.258593745842024,30.258593745842024,0.0,26.0,0.7,0.30000000000000004,0.30000000000000004,maintain,supervisor,True,,,0,1.0,30.353906246174663,30.353906246174663,30.368431522739805,0,,0,,0.00010946858674287796,False,"[30.369138788676185, 30.305886841237356, 30.45206287374072, 29.94292480187585, 30.181848604100537, 30.224917527126454, 30.14931689625853, 30.048165759046313, 30.258436174771756]","[30.369138788676185, 30.305886841237356, 30.45206287374072, 29.94292480187585, 30.181848604100537, 30.224917527126454, 30.14931689625853, 30.048165759046313, 30.258436174771756]","[false, false, false, false, false, false, false, false, false]",[],[],9d6aba2cce030be9ae65f4e4cee8a535afcfb12fa55cf1b8baad981909e1c8e4,34c23a570c7134ef114a8098bc97ea3572fdee224a2dcf38b5739ae165c1c194,"{""anomaly_count"": 0, ""confidence"": 1.0, ""temperature"": 30.258593745842024, ""timestamp"": ""2026-09-03T02:22:00+00:00"", ""zone"": ""zone-0""}","{""action_type"": ""maintain"", ""consensus_timestamp"": ""2026-09-03T02:22:00+00:00"", ""duration"": 1, ""magnitude"": 0.0, ""reasoning_summary"": ""Frozen bidirectional thermal pilot controller"", ""target_zone"": ""zone-0"", ""used_consensus"": true}"
11,0,nominal,none,oracle,143,30.368431522739805,30.368431522739805,0.0,26.0,0.7,0.30000000000000004,0.4,increase_fan_speed,supervisor,True,,,0,1.0,30.366957000920618,30.45495700092062,30.36834044751503,0,,0,,0.00011177267879247665,False,"[30.48055343306562, 30.244350342414318, 30.78499764470163, 30.569237178553042, 30.381869323032795, 30.638140562714174, 30.16320264189041, 30.645604127635774, 30.14825446920011]","[30.48055343306562, 30.244350342414318, 30.78499764470163, 30.569237178553042, 30.381869323032795, 30.638140562714174, 30.16320264189041, 30.645604127635774, 30.14825446920011]","[false, false, false, false, false, false, false, false, false]",[],[],ce5958a76315435c4546175ec982ff52a45b24627aaf08a30e57f19948dd03f1,a16cf6df0076b0478dd3873f5d9af9117d7ab46f739dbff4e56d966d51482167,"{""anomaly_count"": 0, ""confidence"": 1.0, ""temperature"": 30.368431522739805, ""timestamp"": ""2026-09-03T02:23:00+00:00"", ""zone"": ""zone-0""}","{""action_type"": ""increase_fan_speed"", ""consensus_timestamp"": ""2026-09-03T02:23:00+00:00"", ""duration"": 1, ""magnitude"": 0.1, ""reasoning_summary"": ""Frozen bidirectional thermal pilot controller"", ""target_zone"": ""zone-0"", ""used_consensus"": true}"
11,0,nominal,none,oracle,144,30.36834044751503,30.36834044751503,0.0,26.0,0.7,0.4,0.5,increase_fan_speed,supervisor,True,,,0,1.0,30.278873211713826,30.366873211713827,30.348734274957597,0,,0,,0.00011495035141706467,False,"[30.40389747236801, 30.826017090880434, 30.258714974796806, 30.367569761161164, 30.16434394005892, 30.487682676675696, 30.052189470017943, 30.3318156903608, 30.082734881735835]","[30.40389747236801, 30.826017090880434, 30.258714974796806, 30.367569761161164, 30.16434394005892, 30.487682676675696, 30.052189470017943, 30.3318156903608, 30.082734881735835]","[false, false, false, false, false, false, false, false, false]",[],[],a0d7f9bb899115edff9287d1659830973d810a6fc94e7bcc8c519d276f2c1d03,76c8a9560a83415295c6b636db8bd9841d98e1f6a884b5a9960d4a4fc81b7552,"{""anomaly_count"": 0, ""confidence"": 1.0, ""temperature"": 30.36834044751503, ""timestamp"": ""2026-09-03T02:24:00+00:00"", ""zone"": ""zone-0""}","{""action_type"": ""increase_fan_speed"", ""consensus_timestamp"": ""2026-09-03T02:24:00+00:00"", ""duration"": 1, ""magnitude"": 0.1, ""reasoning_summary"": ""Frozen bidirectional thermal pilot controller"", ""target_zone"": ""zone-0"", ""used_consensus"": true}"
11,0,nominal,none,oracle,145,30.348734274957597,30.348734274957597,0.0,26.0,0.7,0.5,0.6,increase_fan_speed,supervisor,True,,,0,1.0,30.17283553296099,30.260835532960986,30.21931514993365,0,,0,,0.00011242832988500595,False,"[30.169444902970138, 30.344830816718268, 30.469432454987547, 30.20398712305694, 30.5145671836132, 30.533146455687803, 30.188465649017388, 30.24260688730665, 30.48730278813367]","[30.169444902970138, 30.344830816718268, 30.469432454987547, 30.20398712305694, 30.5145671836132, 30.533146455687803, 30.188465649017388, 30.24260688730665, 30.48730278813367]","[false, false, false, false, false, false, false, false, false]",[],[],127f36ab952293c0573b81367bcbcb88e2dfaa9065c468d735fe94d095d6ce74,2a69548be71f9d38e153a547b26a23e045cd572b7297ae8568bc7629099265e5,"{""anomaly_count"": 0, ""confidence"": 1.0, ""temperature"": 30.348734274957597, ""timestamp"": ""2026-09-03T02:25:00+00:00"", ""zone"": ""zone-0""}","{""action_type"": ""increase_fan_speed"", ""consensus_timestamp"": ""2026-09-03T02:25:00+00:00"", ""duration"": 1, ""magnitude"": 0.1, ""reasoning_summary"": ""Frozen bidirectional thermal pilot controller"", ""target_zone"": ""zone-0"", ""used_consensus"": true}"
11,0,nominal,none,oracle,146,30.21931514993365,30.21931514993365,0.0,26.0,0.7,0.6,0.6,maintain,supervisor,True,,,0,1.0,30.05376993793896,30.05376993793896,30.12306562696824,0,,0,,0.00010510068386793137,False,"[30.102777551018594, 30.07306494555763, 30.227933017572216, 30.36467942840561, 30.452522601440783, 29.93516056773843, 30.258382752486714, 30.140193181669172, 30.278369088024245]","[30.102777551018594, 30.07306494555763, 30.227933017572216, 30.36467942840561, 30.452522601440783, 29.93516056773843, 30.258382752486714, 30.140193181669172, 30.278369088024245]","[false, false, false, false, false, false, false, false, false]",[],[],ba1207225537135396ef1f2548e88918b80af0bf3ac3eb0e135207d4ffddc376,60e5da6ee413f0ca83af9c35c2b5bea19302de6b97f55477f791a5d64533a053,"{""anomaly_count"": 0, ""confidence"": 1.0, ""temperature"": 30.21931514993365, ""timestamp"": ""2026-09-03T02:26:00+00:00"", ""zone"": ""zone-0""}","{""action_type"": ""maintain"", ""consensus_timestamp"": ""2026-09-03T02:26:00+00:00"", ""duration"": 1, ""magnitude"": 0.0, ""reasoning_summary"": ""Frozen bidirectional thermal pilot controller"", ""target_zone"": ""zone-0"", ""used_consensus"": true}"
11,0,nominal,none,oracle,147,30.12306562696824,30.12306562696824,0.0,26.0,0.7,0.6,0.6,maintain,supervisor,True,,,0,1.0,29.965220376810784,29.965220376810784,30.03459323242318,0,,0,,0.00010796915739774704,False,"[30.045201634342753, 29.83460349169724, 30.059429476250994, 30.170856211640196, 30.15441706861198, 29.75098937097595, 30.08841017185946, 30.585998007324136, 29.93531751701743]","[30.045201634342753, 29.83460349169724, 30.059429476250994, 30.170856211640196, 30.15441706861198, 29.75098937097595, 30.08841017185946, 30.585998007324136, 29.93531751701743]","[false, false, false, false, false, false, false, false, false]",[],[],2aab1ad03f6c4a479ef8efb90b13f5c2f23544e4161f667fae337e43e02f98f1,695cab0f4d0c73c72fc247b6134b9aac72364ee3b95f709934153f56dabf5da1,"{""anomaly_count"": 0, ""confidence"": 1.0, ""temperature"": 30.12306562696824, ""timestamp"": ""2026-09-03T02:27:00+00:00"", ""zone"": ""zone-0""}","{""action_type"": ""maintain"", ""consensus_timestamp"": ""2026-09-03T02:27:00+00:00"", ""duration"": 1, ""magnitude"": 0.0, ""reasoning_summary"": ""Frozen bidirectional thermal pilot controller"", ""target_zone"": ""zone-0"", ""used_consensus"": true}"
11,0,nominal,none,oracle,148,30.03459323242318,30.03459323242318,0.0,26.0,0.7,0.6,0.6,maintain,supervisor,True,,,0,1.0,29.883825773829326,29.883825773829326,29.933192099043506,0,,0,,0.00010584760457277298,False,"[30.09045152484007, 29.929606876582852, 30.264698848998144, 29.816728750628787, 29.726718928466337, 29.991906330369453, 29.712320916374274, 30.11630763453915, 30.01257854899092]","[30.09045152484007, 29.929606876582852, 30.264698848998144, 29.816728750628787, 29.726718928466337, 29.991906330369453, 29.712320916374274, 30.11630763453915, 30.01257854899092]","[false, false, false, false, false, false, false, false, false]",[],[],23af83cefd3fed1812df768a8c37a45c714047f5ae16139f6993b432eb801150,5e11efbed9b27ae4da58c82c22a16e53bf85eb8be90a566f7691c5471bf186f8,"{""anomaly_count"": 0, ""confidence"": 1.0, ""temperature"": 30.03459323242318, ""timestamp"": ""2026-09-03T02:28:00+00:00"", ""zone"": ""zone-0""}","{""action_type"": ""maintain"", ""consensus_timestamp"": ""2026-09-03T02:28:00+00:00"", ""duration"": 1, ""magnitude"": 0.0, ""reasoning_summary"": ""Frozen bidirectional thermal pilot controller"", ""target_zone"": ""zone-0"", ""used_consensus"": true}"
11,0,nominal,none,oracle,149,29.933192099043506,29.933192099043506,0.0,26.0,0.7,0.6,0.6,maintain,supervisor,True,,,0,1.0,29.790536731120024,29.790536731120024,29.85890544219334,0,,0,,0.000109916552901268,False,"[29.854715242318957, 30.251587977234205, 29.8546943985685, 29.765987536033332, 29.920556967506407, 29.878831023459483, 30.1208651658928, 29.909717407511263, 29.711709373770596]","[29.854715242318957, 30.251587977234205, 29.8546943985685, 29.765987536033332, 29.920556967506407, 29.878831023459483, 30.1208651658928, 29.909717407511263, 29.711709373770596]","[false, false, false, false, false, false, false, false, false]",[],[],2ef97ac5b2c6ddada815ea663ba2f3f7cabe8d1a8ffbb5daeed05b04acd5cf76,1a45f28c20e571b557012a180db5e9394799fa0e7267ef44c7731e6a652ac07e,"{""anomaly_count"": 0, ""confidence"": 1.0, ""temperature"": 29.933192099043506, ""timestamp"": ""2026-09-03T02:29:00+00:00"", ""zone"": ""zone-0""}","{""action_type"": ""maintain"", ""consensus_timestamp"": ""2026-09-03T02:29:00+00:00"", ""duration"": 1, ""magnitude"": 0.0, ""reasoning_summary"": ""Frozen bidirectional thermal pilot controller"", ""target_zone"": ""zone-0"", ""used_consensus"": true}"
11,0,nominal,none,oracle,150,29.85890544219334,29.85890544219334,0.0,26.0,0.7,0.6,0.6,maintain,supervisor,True,,,0,1.0,29.72219300681787,29.72219300681787,29.769137253821643,0,,0,,0.00011020153760910034,False,"[29.845098000000505, 30.162420043193034, 29.623267142769254, 30.011397668106877, 30.12450589060056, 29.9764712546796, 30.120578138110094, 29.78310732998557, 29.965841686182987]","[29.845098000000505, 30.162420043193034, 29.623267142769254, 30.011397668106877, 30.12450589060056, 29.9764712546796, 30.120578138110094, 29.78310732998557, 29.965841686182987]","[false, false, false, false, false, false, false, false, false]",[],[],72533916d0479bb3b8c82cbc3bbdf7a6c8d5719e5730f8ca12f5c1fb3bade05c,cee8c9d0a09e793f5d92a1bf9b57209d9f8d03fdcf51d7daea78d1aa49fee70d,"{""anomaly_count"": 0, ""confidence"": 1.0, ""temperature"": 29.85890544219334, ""timestamp"": ""2026-09-03T02:30:00+00:00"", ""zone"": ""zone-0""}","{""action_type"": ""maintain"", ""consensus_timestamp"": ""2026-09-03T02:30:00+00:00"", ""duration"": 1, ""magnitude"": 0.0, ""reasoning_summary"": ""Frozen bidirectional thermal pilot controller"", ""target_zone"": ""zone-0"", ""used_consensus"": true}"
11,0,nominal,none,oracle,151,29.769137253821643,29.769137253821643,0.0,26.0,0.7,0.6,0.6,maintain,supervisor,True,,,0,1.0,29.639606273515913,29.639606273515913,29.68467446254369,0,,0,,0.00010660476982593536,False,"[29.60983454230395, 30.273561200404497, 29.57358605855769, 29.768895319252866, 29.657263362615062, 29.592399542429174, 29.582501876908953, 29.270671963851033, 29.71355451793984]","[29.60983454230395, 30.273561200404497, 29.57358605855769, 29.768895319252866, 29.657263362615062, 29.592399542429174, 29.582501876908953, 29.270671963851033, 29.71355451793984]","[false, false, false, false, false, false, false, false, false]",[],[],ab9fbf31f8a887313493124b8ae9185cac61c18328b7a4835276a65f6f3452a9,6064b06837a50217414d477aeefacac4e92c03b9d327e36014df21a9abfec3b4,"{""anomaly_count"": 0, ""confidence"": 1.0, ""temperature"": 29.769137253821643, ""timestamp"": ""2026-09-03T02:31:00+00:00"", ""zone"": ""zone-0""}","{""action_type"": ""maintain"", ""consensus_timestamp"": ""2026-09-03T02:31:00+00:00"", ""duration"": 1, ""magnitude"": 0.0, ""reasoning_summary"": ""Frozen bidirectional thermal pilot controller"", ""target_zone"": ""zone-0"", ""used_consensus"": true}"
11,0,nominal,none,oracle,152,29.68467446254369,29.68467446254369,0.0,26.0,0.7,0.6,0.6,maintain,supervisor,True,,,0,1.0,29.561900505540194,29.561900505540194,29.59556467968308,0,,0,,0.00010996125638484955,False,"[29.922261373324304, 29.8236703176442, 29.517181147199153, 29.73221427145394, 29.84200359055603, 29.868764482841375, 29.463029517384093, 29.619582962373503, 29.51031758505119]","[29.922261373324304, 29.8236703176442, 29.517181147199153, 29.73221427145394, 29.84200359055603, 29.868764482841375, 29.463029517384093, 29.619582962373503, 29.51031758505119]","[false, false, false, false, false, false, false, false, false]",[],[],d737d0ce762e3d79acc0078b39d5fce05072d58866493565e0790ba21445b6df,4e5bd15f66040b0a4689959ede3aa06c9cd35575eb8c1a2bbc3de72079b0f811,"{""anomaly_count"": 0, ""confidence"": 1.0, ""temperature"": 29.68467446254369, ""timestamp"": ""2026-09-03T02:32:00+00:00"", ""zone"": ""zone-0""}","{""action_type"": ""maintain"", ""consensus_timestamp"": ""2026-09-03T02:32:00+00:00"", ""duration"": 1, ""magnitude"": 0.0, ""reasoning_summary"": ""Frozen bidirectional thermal pilot controller"", ""target_zone"": ""zone-0"", ""used_consensus"": true}"
11,0,nominal,none,oracle,153,29.59556467968308,29.59556467968308,0.0,26.0,0.7,0.6,0.6,maintain,supervisor,True,,,0,1.0,29.479919505308434,29.479919505308434,29.53185463230165,0,,0,,0.00010850373655557632,False,"[29.71572363987109, 29.727602654400137, 29.379841838377075, 29.88748930726184, 29.600956568036857, 29.516121110209603, 29.847964725393663, 29.398155052802768, 29.369504727594162]","[29.71572363987109, 29.727602654400137, 29.379841838377075, 29.88748930726184, 29.600956568036857, 29.516121110209603, 29.847964725393663, 29.398155052802768, 29.369504727594162]","[false, false, false, false, false, false, false, false, false]",[],[],f1da928771c0c048a8a91855512c528b3612bd4502d2766454589f8242f57942,06cbbcae671588056c3840ee796b065424a91a2bed4520348b74a57b5899d484,"{""anomaly_count"": 0, ""confidence"": 1.0, ""temperature"": 29.59556467968308, ""timestamp"": ""2026-09-03T02:33:00+00:00"", ""zone"": ""zone-0""}","{""action_type"": ""maintain"", ""consensus_timestamp"": ""2026-09-03T02:33:00+00:00"", ""duration"": 1, ""magnitude"": 0.0, ""reasoning_summary"": ""Frozen bidirectional thermal pilot controller"", ""target_zone"": ""zone-0"", ""used_consensus"": true}"
11,0,nominal,none,oracle,154,29.53185463230165,29.53185463230165,0.0,26.0,0.7,0.6,0.5,decrease_fan_speed,supervisor,True,,,0,1.0,29.509306261717516,29.42130626171752,29.571885957416647,0,,0,,0.00011448748409748077,False,"[29.524268699106933, 29.40610369716799, 29.523262343248916, 29.556287454038795, 29.402933811307516, 29.274377506024106, 29.833710806531027, 29.321387428817676, 29.49319294815752]","[29.524268699106933, 29.40610369716799, 29.523262343248916, 29.556287454038795, 29.402933811307516, 29.274377506024106, 29.833710806531027, 29.321387428817676, 29.49319294815752]","[false, false, false, false, false, false, false, false, false]",[],[],5e503177366729cafa8bad6ad43a3811bde70bf46160b4f447f990e39c4ef58e,f9f177a77bc650e30bf69151494af3f8928ebef75d8d75ef4b796338eb37a57a,"{""anomaly_count"": 0, ""confidence"": 1.0, ""temperature"": 29.53185463230165, ""timestamp"": ""2026-09-03T02:34:00+00:00"", ""zone"": ""zone-0""}","{""action_type"": ""decrease_fan_speed"", ""consensus_timestamp"": ""2026-09-03T02:34:00+00:00"", ""duration"": 1, ""magnitude"": 0.1, ""reasoning_summary"": ""Frozen bidirectional thermal pilot controller"", ""target_zone"": ""zone-0"", ""used_consensus"": true}"
11,0,nominal,none,oracle,155,29.571885957416647,29.571885957416647,0.0,26.0,0.7,0.5,0.5,maintain,supervisor,True,,,0,1.0,29.546135080823312,29.546135080823312,29.563774914490534,0,,0,,0.00011110212653875351,False,"[29.436753367217214, 29.32028484826898, 29.393756376866214, 29.6215594356014, 29.51456776674954, 29.90575071598679, 29.69155195276672, 29.52077338254449, 29.74225853097926]","[29.436753367217214, 29.32028484826898, 29.393756376866214, 29.6215594356014, 29.51456776674954, 29.90575071598679, 29.69155195276672, 29.52077338254449, 29.74225853097926]","[false, false, false, false, false, false, false, false, false]",[],[],050cb472b53b953eb32ec315371d691e78c75296948bed896a4a4303d59d080f,e6f5d65df66f6bafffa5a4d9ea94a17cdabf14fdf350c292284aaee259faddfe,"{""anomaly_count"": 0, ""confidence"": 1.0, ""temperature"": 29.571885957416647, ""timestamp"": ""2026-09-03T02:35:00+00:00"", ""zone"": ""zone-0""}","{""action_type"": ""maintain"", ""consensus_timestamp"": ""2026-09-03T02:35:00+00:00"", ""duration"": 1, ""magnitude"": 0.0, ""reasoning_summary"": ""Frozen bidirectional thermal pilot controller"", ""target_zone"": ""zone-0"", ""used_consensus"": true}"
11,0,nominal,none,oracle,156,29.563774914490534,29.563774914490534,0.0,26.0,0.7,0.5,0.5,maintain,supervisor,True,,,0,1.0,29.53867292133129,29.53867292133129,29.567058801507443,0,,0,,0.00010526180267333984,False,"[29.786181841186814, 29.561679426714278, 29.482216730192324, 29.510465727473925, 29.728828029419763, 29.664350002895954, 29.640948824939432, 29.4246906474948, 29.609828804175024]","[29.786181841186814, 29.561679426714278, 29.482216730192324, 29.510465727473925, 29.728828029419763, 29.664350002895954, 29.640948824939432, 29.4246906474948, 29.609828804175024]","[false, false, false, false, false, false, false, false, false]",[],[],217c3ac8c5a64dc4304e14ead4baf6ae63c65a85fd7ca12ba34e2b36365f61cf,d68c8f8e3c446cc00def23807c83731297e33c8d9c9fb68d284d30e36c1043fa,"{""anomaly_count"": 0, ""confidence"": 1.0, ""temperature"": 29.563774914490534, ""timestamp"": ""2026-09-03T02:36:00+00:00"", ""zone"": ""zone-0""}","{""action_type"": ""maintain"", ""consensus_timestamp"": ""2026-09-03T02:36:00+00:00"", ""duration"": 1, ""magnitude"": 0.0, ""reasoning_summary"": ""Frozen bidirectional thermal pilot controller"", ""target_zone"": ""zone-0"", ""used_consensus"": true}"
11,0,nominal,none,oracle,157,29.567058801507443,29.567058801507443,0.0,26.0,0.7,0.5,0.4,decrease_fan_speed,supervisor,True,,,0,1.0,29.629694097386846,29.541694097386845,29.663811535629748,0,,0,,0.00010978057980537415,False,"[29.836531269374852, 29.67364764784102, 29.873738865276763, 29.75770352932725, 29.4730912922208, 29.112887198016313, 29.400916948807943, 29.967309779784614, 29.780792132727868]","[29.836531269374852, 29.67364764784102, 29.873738865276763, 29.75770352932725, 29.4730912922208, 29.112887198016313, 29.400916948807943, 29.967309779784614, 29.780792132727868]","[false, false, false, false, false, false, false, false, false]",[],[],9a2c1a25f2b358ab78f00281b8fb434968c86ce3f41a18874dd903624f30c3cf,73b36c99681120d0b61e11dc96c9fbcba45fc3e1bd1ea97667e8d6ba7ee7bfc1,"{""anomaly_count"": 0, ""confidence"": 1.0, ""temperature"": 29.567058801507443, ""timestamp"": ""2026-09-03T02:37:00+00:00"", ""zone"": ""zone-0""}","{""action_type"": ""decrease_fan_speed"", ""consensus_timestamp"": ""2026-09-03T02:37:00+00:00"", ""duration"": 1, ""magnitude"": 0.1, ""reasoning_summary"": ""Frozen bidirectional thermal pilot controller"", ""target_zone"": ""zone-0"", ""used_consensus"": true}"
11,0,nominal,none,oracle,158,29.663811535629748,29.663811535629748,0.0,26.0,0.7,0.4,0.4,maintain,supervisor,True,,,0,1.0,29.718706612779368,29.718706612779368,29.77230054229105,0,,0,,0.00010744202882051468,False,"[29.740991258301243, 29.787471129822887, 29.665090623141573, 29.484772239999167, 29.73834469787118, 29.693332728387613, 29.61243033750653, 29.15719746902043, 29.62401921105919]","[29.740991258301243, 29.787471129822887, 29.665090623141573, 29.484772239999167, 29.73834469787118, 29.693332728387613, 29.61243033750653, 29.15719746902043, 29.62401921105919]","[false, false, false, false, false, false, false, false, false]",[],[],a00ecfa1583b5ce2c3ba4e04694e50377b5d080fd2b80c32453884dc3d4c2933,18879cbc5c9903ce47c0d4c755052aa4b30f8b46bf8a888ccdb133f80234aee1,"{""anomaly_count"": 0, ""confidence"": 1.0, ""temperature"": 29.663811535629748, ""timestamp"": ""2026-09-03T02:38:00+00:00"", ""zone"": ""zone-0""}","{""action_type"": ""maintain"", ""consensus_timestamp"": ""2026-09-03T02:38:00+00:00"", ""duration"": 1, ""magnitude"": 0.0, ""reasoning_summary"": ""Frozen bidirectional thermal pilot controller"", ""target_zone"": ""zone-0"", ""used_consensus"": true}"
11,0,nominal,none,oracle,159,29.77230054229105,29.77230054229105,0.0,26.0,0.7,0.4,0.4,maintain,supervisor,True,,,0,1.0,29.818516498907766,29.818516498907766,29.83564040377466,0,,0,,0.0001084599643945694,False,"[30.086184735765148, 29.77503478869911, 29.668651908897864, 29.904852571012373, 29.548375117850895, 29.880575425520416, 29.84676195030558, 29.44129270514398, 29.512684710212152]","[30.086184735765148, 29.77503478869911, 29.668651908897864, 29.904852571012373, 29.548375117850895, 29.880575425520416, 29.84676195030558, 29.44129270514398, 29.512684710212152]","[false, false, false, false, false, false, false, false, false]",[],[],cab7d3ab658eeee82595fd18da099880c9a48347b6ac20ce1b8ecd2b9b3e0e55,88dfc76e017ad8ab433d8b9df19d97908907349021b8260ccc88bb8b5e542d48,"{""anomaly_count"": 0, ""confidence"": 1.0, ""temperature"": 29.77230054229105, ""timestamp"": ""2026-09-03T02:39:00+00:00"", ""zone"": ""zone-0""}","{""action_type"": ""maintain"", ""consensus_timestamp"": ""2026-09-03T02:39:00+00:00"", ""duration"": 1, ""magnitude"": 0.0, ""reasoning_summary"": ""Frozen bidirectional thermal pilot controller"", ""target_zone"": ""zone-0"", ""used_consensus"": true}"
11,0,nominal,none,oracle,160,29.83564040377466,29.83564040377466,0.0,26.0,0.7,0.4,0.4,maintain,supervisor,True,,,0,1.0,29.876789171472687,29.876789171472687,29.858118388796832,0,,0,,0.00010850746184587479,False,"[29.6132386632003, 29.82523909627923, 29.854965248453084, 29.93956373750678, 29.92883750737365, 29.28969235875344, 30.02971787780595, 29.713744218044617, 29.980054794569924]","[29.6132386632003, 29.82523909627923, 29.854965248453084, 29.93956373750678, 29.92883750737365, 29.28969235875344, 30.02971787780595, 29.713744218044617, 29.980054794569924]","[false, false, false, false, false, false, false, false, false]",[],[],9586aa9819d770bfcd5b6c3f8d2b9515076d34e7d548771ff110bb51bc96e5d4,088735a61bad7325b72ed047aa705d2dc1d82387283d350abf63581069879bc6,"{""anomaly_count"": 0, ""confidence"": 1.0, ""temperature"": 29.83564040377466, ""timestamp"": ""2026-09-03T02:40:00+00:00"", ""zone"": ""zone-0""}","{""action_type"": ""maintain"", ""consensus_timestamp"": ""2026-09-03T02:40:00+00:00"", ""duration"": 1, ""magnitude"": 0.0, ""reasoning_summary"": ""Frozen bidirectional thermal pilot controller"", ""target_zone"": ""zone-0"", ""used_consensus"": true}"
11,0,nominal,none,oracle,161,29.858118388796832,29.858118388796832,0.0,26.0,0.7,0.4,0.4,maintain,supervisor,True,,,0,1.0,29.897468917693086,29.897468917693086,29.91431574372874,0,,0,,0.0001065162941813469,False,"[30.023576714301566, 29.920237869613036, 29.61707703483439, 29.854830614004914, 29.86883256339462, 30.03435445832104, 29.694565504502776, 30.200798226991765, 30.065597843352037]","[30.023576714301566, 29.920237869613036, 29.61707703483439, 29.854830614004914, 29.86883256339462, 30.03435445832104, 29.694565504502776, 30.200798226991765, 30.065597843352037]","[false, false, false, false, false, false, false, false, false]",[],[],72a5e1c8675c65fb4ab24617215364b2ae6321683e29825cdc74d0ee94b7c2ae,09d4059621346a8378e2bcaab6b6e3e4200c36ecf39dbfa63ae37ece77dfdfd2,"{""anomaly_count"": 0, ""confidence"": 1.0, ""temperature"": 29.858118388796832, ""timestamp"": ""2026-09-03T02:41:00+00:00"", ""zone"": ""zone-0""}","{""action_type"": ""maintain"", ""consensus_timestamp"": ""2026-09-03T02:41:00+00:00"", ""duration"": 1, ""magnitude"": 0.0, ""reasoning_summary"": ""Frozen bidirectional thermal pilot controller"", ""target_zone"": ""zone-0"", ""used_consensus"": true}"
11,0,nominal,none,oracle,162,29.91431574372874,29.91431574372874,0.0,26.0,0.7,0.4,0.4,maintain,supervisor,True,,,0,1.0,29.94917048423044,29.94917048423044,30.012033723867212,0,,0,,0.00010804273188114166,False,"[30.403874243927326, 29.889704306675018, 29.9088030175078, 30.07235337662023, 30.06037625505834, 29.56067681466415, 29.75839627611851, 29.958667394893382, 30.045863338795712]","[30.403874243927326, 29.889704306675018, 29.9088030175078, 30.07235337662023, 30.06037625505834, 29.56067681466415, 29.75839627611851, 29.958667394893382, 30.045863338795712]","[false, false, false, false, false, false, false, false, false]",[],[],a0b683e414c6eb33d42bef8862ecc3b2bd1c98ebc1d94eccf3ce4c2740071227,2f39336cc510795ed9d4dce01fb3c8bb885d256f6a4e98edecef408f7b3f0c1c,"{""anomaly_count"": 0, ""confidence"": 1.0, ""temperature"": 29.91431574372874, ""timestamp"": ""2026-09-03T02:42:00+00:00"", ""zone"": ""zone-0""}","{""action_type"": ""maintain"", ""consensus_timestamp"": ""2026-09-03T02:42:00+00:00"", ""duration"": 1, ""magnitude"": 0.0, ""reasoning_summary"": ""Frozen bidirectional thermal pilot controller"", ""target_zone"": ""zone-0"", ""used_consensus"": true}"
11,0,nominal,none,oracle,163,30.012033723867212,30.012033723867212,0.0,26.0,0.7,0.4,0.4,maintain,supervisor,True,,,0,1.0,30.039071025957835,30.039071025957835,30.075624010986296,0,,0,,0.00010969489812850952,False,"[30.24704050635184, 30.226653489425424, 30.296742674707158, 30.206254257516367, 30.054835806736698, 30.214639715803063, 30.008616325299812, 29.81917974540451, 29.96582974126059]","[30.24704050635184, 30.226653489425424, 30.296742674707158, 30.206254257516367, 30.054835806736698, 30.214639715803063, 30.008616325299812, 29.81917974540451, 29.96582974126059]","[false, false, false, false, false, false, false, false, false]",[],[],226f426b4b8a653adf9833522b7464a01aa78fc0e9eff84e7d94c05473437ea9,d659ca447baccffd11562ffb7745fb557c466a57c0119afdd6d51223b9fa5ce7,"{""anomaly_count"": 0, ""confidence"": 1.0, ""temperature"": 30.012033723867212, ""timestamp"": ""2026-09-03T02:43:00+00:00"", ""zone"": ""zone-0""}","{""action_type"": ""maintain"", ""consensus_timestamp"": ""2026-09-03T02:43:00+00:00"", ""duration"": 1, ""magnitude"": 0.0, ""reasoning_summary"": ""Frozen bidirectional thermal pilot controller"", ""target_zone"": ""zone-0"", ""used_consensus"": true}"
11,0,nominal,none,oracle,164,30.075624010986296,30.075624010986296,0.0,26.0,0.7,0.4,0.4,maintain,supervisor,True,,,0,1.0,30.09757409010739,30.09757409010739,30.119896334273815,0,,0,,0.00010541919618844986,False,"[29.625933875522275, 30.138229462332518, 30.197738378658386, 30.08779561667704, 29.883335549254504, 30.225013553270244, 30.10044292296047, 30.014143848865285, 30.227018782545187]","[29.625933875522275, 30.138229462332518, 30.197738378658386, 30.08779561667704, 29.883335549254504, 30.225013553270244, 30.10044292296047, 30.014143848865285, 30.227018782545187]","[false, false, false, false, false, false, false, false, false]",[],[],552841084cea799878b40bdaa4e2c6714395ee9e6dd1eaa96575b0d6468d1f3b,b0e2cef893cc1fd16854880cb4b247ce88c3f8a8d825ecdccbf84a411e202435,"{""anomaly_count"": 0, ""confidence"": 1.0, ""temperature"": 30.075624010986296, ""timestamp"": ""2026-09-03T02:44:00+00:00"", ""zone"": ""zone-0""}","{""action_type"": ""maintain"", ""consensus_timestamp"": ""2026-09-03T02:44:00+00:00"", ""duration"": 1, ""magnitude"": 0.0, ""reasoning_summary"": ""Frozen bidirectional thermal pilot controller"", ""target_zone"": ""zone-0"", ""used_consensus"": true}"
11,0,nominal,none,oracle,165,30.119896334273815,30.119896334273815,0.0,26.0,0.7,0.4,0.4,maintain,supervisor,True,,,0,1.0,30.13830462753191,30.13830462753191,30.183661725864486,0,,0,,0.00010908860713243484,False,"[30.259636226495935, 30.327438409161758, 30.141423189876456, 30.038443786015463, 29.907582539503306, 29.852037686336917, 30.156931152184576, 30.11282952603069, 30.107195819616997]","[30.259636226495935, 30.327438409161758, 30.141423189876456, 30.038443786015463, 29.907582539503306, 29.852037686336917, 30.156931152184576, 30.11282952603069, 30.107195819616997]","[false, false, false, false, false, false, false, false, false]",[],[],36deea35a1459d9fc2e26314edc2f287e23c18e0480fc11b668efa67798c9b16,f97d6a60621ea220738d325654f638979c46ef22e8944ac07d931fa8e95652be,"{""anomaly_count"": 0, ""confidence"": 1.0, ""temperature"": 30.119896334273815, ""timestamp"": ""2026-09-03T02:45:00+00:00"", ""zone"": ""zone-0""}","{""action_type"": ""maintain"", ""consensus_timestamp"": ""2026-09-03T02:45:00+00:00"", ""duration"": 1, ""magnitude"": 0.0, ""reasoning_summary"": ""Frozen bidirectional thermal pilot controller"", ""target_zone"": ""zone-0"", ""used_consensus"": true}"
11,0,nominal,none,oracle,166,30.183661725864486,30.183661725864486,0.0,26.0,0.7,0.4,0.4,maintain,supervisor,True,,,0,1.0,30.196968787795324,30.196968787795324,30.20637685636188,0,,0,,0.00010650884360074997,False,"[30.39066028190315, 30.281002945488645, 30.148022600080438, 29.96596982657659, 30.034747214837424, 30.523200294462438, 30.011499298585548, 29.748721467053414, 30.199065610598286]","[30.39066028190315, 30.281002945488645, 30.148022600080438, 29.96596982657659, 30.034747214837424, 30.523200294462438, 30.011499298585548, 29.748721467053414, 30.199065610598286]","[false, false, false, false, false, false, false, false, false]",[],[],aa58b6f01364bbe99b4f77efed056f83e2b2b3b3f30ce9511c184130a9c42d7b,fa341c136cd821bbe63294163d67f6dc86681ae0853a6b005d9049022d10a65f,"{""anomaly_count"": 0, ""confidence"": 1.0, ""temperature"": 30.183661725864486, ""timestamp"": ""2026-09-03T02:46:00+00:00"", ""zone"": ""zone-0""}","{""action_type"": ""maintain"", ""consensus_timestamp"": ""2026-09-03T02:46:00+00:00"", ""duration"": 1, ""magnitude"": 0.0, ""reasoning_summary"": ""Frozen bidirectional thermal pilot controller"", ""target_zone"": ""zone-0"", ""used_consensus"": true}"
11,0,nominal,none,oracle,167,30.20637685636188,30.20637685636188,0.0,26.0,0.7,0.4,0.4,maintain,supervisor,True,,,0,1.0,30.21786670785293,30.21786670785293,30.27017422071458,0,,0,,0.00010969489812850952,False,"[30.203607738980175, 30.110672274476624, 30.22528737674291, 29.901236419836707, 30.244827711173347, 30.24322608237946, 30.400932424007113, 30.09080325045468, 29.999879631829906]","[30.203607738980175, 30.110672274476624, 30.22528737674291, 29.901236419836707, 30.244827711173347, 30.24322608237946, 30.400932424007113, 30.09080325045468, 29.999879631829906]","[false, false, false, false, false, false, false, false, false]",[],[],63ff177d4041bd08da7e4d7540af5b74e61776a4b724caa0dfceba6abe57e4f4,e7e7bd7248b0e972cf83144782ea5ea9f6f7e9b9f026587d7d0d4d01633e9aaf,"{""anomaly_count"": 0, ""confidence"": 1.0, ""temperature"": 30.20637685636188, ""timestamp"": ""2026-09-03T02:47:00+00:00"", ""zone"": ""zone-0""}","{""action_type"": ""maintain"", ""consensus_timestamp"": ""2026-09-03T02:47:00+00:00"", ""duration"": 1, ""magnitude"": 0.0, ""reasoning_summary"": ""Frozen bidirectional thermal pilot controller"", ""target_zone"": ""zone-0"", ""used_consensus"": true}"
11,0,nominal,none,oracle,168,30.27017422071458,30.27017422071458,0.0,26.0,0.7,0.4,0.4,maintain,supervisor,True,,,0,1.0,30.276560283057414,30.276560283057414,30.326964604269506,0,,0,,0.00012059975415468216,False,"[30.18532507536328, 30.44943559548852, 30.14566215703335, 30.366257435363103, 30.205131373732428, 30.222884974747153, 30.400633684670762, 30.178580819771973, 30.078791845313685]","[30.18532507536328, 30.44943559548852, 30.14566215703335, 30.366257435363103, 30.205131373732428, 30.222884974747153, 30.400633684670762, 30.178580819771973, 30.078791845313685]","[false, false, false, false, false, false, false, false, false]",[],[],53f077b00b074644c39390d02b74be73bd36e7cf612e330c89ef5ffcbd5fd2c8,1ce881bb290d83694af89d7b060fe649560cf00803d313834ed0504126e9b4a1,"{""anomaly_count"": 0, ""confidence"": 1.0, ""temperature"": 30.27017422071458, ""timestamp"": ""2026-09-03T02:48:00+00:00"", ""zone"": ""zone-0""}","{""action_type"": ""maintain"", ""consensus_timestamp"": ""2026-09-03T02:48:00+00:00"", ""duration"": 1, ""magnitude"": 0.0, ""reasoning_summary"": ""Frozen bidirectional thermal pilot controller"", ""target_zone"": ""zone-0"", ""used_consensus"": true}"
11,0,nominal,none,oracle,169,30.326964604269506,30.326964604269506,0.0,26.0,0.7,0.4,0.5,increase_fan_speed,supervisor,True,,,0,1.0,30.240807435927945,30.328807435927946,30.286635793036055,0,,0,,0.00011288933455944061,False,"[30.531653354416274, 30.40766973433542, 30.42197563391724, 30.365945873053164, 30.129954275609148, 30.5356861156616, 30.204408698225016, 30.400970183458035, 30.356420754472033]","[30.531653354416274, 30.40766973433542, 30.42197563391724, 30.365945873053164, 30.129954275609148, 30.5356861156616, 30.204408698225016, 30.400970183458035, 30.356420754472033]","[false, false, false, false, false, false, false, false, false]",[],[],61b00039204bf21678f04e65b4341b4d0a076d67da0ef162ea16e4a3ff7ed6a6,90ba1fb8c541e6c40c6cd36194cb84102bcc145860e372bed0fcf863bf864316,"{""anomaly_count"": 0, ""confidence"": 1.0, ""temperature"": 30.326964604269506, ""timestamp"": ""2026-09-03T02:49:00+00:00"", ""zone"": ""zone-0""}","{""action_type"": ""increase_fan_speed"", ""consensus_timestamp"": ""2026-09-03T02:49:00+00:00"", ""duration"": 1, ""magnitude"": 0.1, ""reasoning_summary"": ""Frozen bidirectional thermal pilot controller"", ""target_zone"": ""zone-0"", ""used_consensus"": true}"
11,0,nominal,none,oracle,170,30.286635793036055,30.286635793036055,0.0,26.0,0.7,0.5,0.5,maintain,supervisor,True,,,0,1.0,30.20370492959317,30.20370492959317,30.21120158516981,0,,0,,0.00010712258517742157,False,"[30.40724825129576, 30.075960123940863, 30.168698184963876, 30.406441034841468, 30.29093838620129, 30.397851873881084, 30.407990186201165, 29.966699555806816, 30.416001086261215]","[30.40724825129576, 30.075960123940863, 30.168698184963876, 30.406441034841468, 30.29093838620129, 30.397851873881084, 30.407990186201165, 29.966699555806816, 30.416001086261215]","[false, false, false, false, false, false, false, false, false]",[],[],0abb0761858801b9e3227fad6ffc7a0f865af7bb02abdb1ca673172eda3f9d25,57fd0bfda9386c981676853403f6a919b0afa1ebe56cb37c148286228387c202,"{""anomaly_count"": 0, ""confidence"": 1.0, ""temperature"": 30.286635793036055, ""timestamp"": ""2026-09-03T02:50:00+00:00"", ""zone"": ""zone-0""}","{""action_type"": ""maintain"", ""consensus_timestamp"": ""2026-09-03T02:50:00+00:00"", ""duration"": 1, ""magnitude"": 0.0, ""reasoning_summary"": ""Frozen bidirectional thermal pilot controller"", ""target_zone"": ""zone-0"", ""used_consensus"": true}"
11,0,nominal,none,oracle,171,30.21120158516981,30.21120158516981,0.0,26.0,0.7,0.5,0.5,maintain,supervisor,True,,,0,1.0,30.134305458356224,30.134305458356224,30.11063550514245,0,,0,,0.0001117456704378128,False,"[30.178150657313154, 30.048102935839793, 30.422751562579087, 30.469526525972476, 30.01388231971275, 30.291476345411166, 29.95690142521111, 30.07779193900786, 30.223793232272623]","[30.178150657313154, 30.048102935839793, 30.422751562579087, 30.469526525972476, 30.01388231971275, 30.291476345411166, 29.95690142521111, 30.07779193900786, 30.223793232272623]","[false, false, false, false, false, false, false, false, false]",[],[],cef0130dcf0b4b1819fd687f3bc3aa45ec353bef12e16a0ad0f0d25abb709f36,77ee4f27be1129f4f6ee91aa67d7dc439884cf48d31081e6ea03cf33bf11e625,"{""anomaly_count"": 0, ""confidence"": 1.0, ""temperature"": 30.21120158516981, ""timestamp"": ""2026-09-03T02:51:00+00:00"", ""zone"": ""zone-0""}","{""action_type"": ""maintain"", ""consensus_timestamp"": ""2026-09-03T02:51:00+00:00"", ""duration"": 1, ""magnitude"": 0.0, ""reasoning_summary"": ""Frozen bidirectional thermal pilot controller"", ""target_zone"": ""zone-0"", ""used_consensus"": true}"
11,0,nominal,none,oracle,172,30.11063550514245,30.11063550514245,0.0,26.0,0.7,0.5,0.5,maintain,supervisor,True,,,0,1.0,30.041784664731054,30.041784664731054,30.05695808782025,0,,0,,0.00010729487985372543,False,"[30.178137694786432, 29.915463009181646, 30.51261532563557, 30.259584957689, 29.953886923082877, 30.019710958349346, 30.040209283320525, 30.137325378994117, 30.036648130380115]","[30.178137694786432, 29.915463009181646, 30.51261532563557, 30.259584957689, 29.953886923082877, 30.019710958349346, 30.040209283320525, 30.137325378994117, 30.036648130380115]","[false, false, false, false, false, false, false, false, false]",[],[],d80132dfaf484894153a716cd381a1ac7d17ee508ecbbc17255bbbf817d5b9ca,43546c73769aa174c27337c84ce71e634bf3d7c8f07ed350fa3be96f63213336,"{""anomaly_count"": 0, ""confidence"": 1.0, ""temperature"": 30.11063550514245, ""timestamp"": ""2026-09-03T02:52:00+00:00"", ""zone"": ""zone-0""}","{""action_type"": ""maintain"", ""consensus_timestamp"": ""2026-09-03T02:52:00+00:00"", ""duration"": 1, ""magnitude"": 0.0, ""reasoning_summary"": ""Frozen bidirectional thermal pilot controller"", ""target_zone"": ""zone-0"", ""used_consensus"": true}"
11,0,nominal,none,oracle,173,30.05695808782025,30.05695808782025,0.0,26.0,0.7,0.5,0.5,maintain,supervisor,True,,,0,1.0,29.992401440794627,29.992401440794627,30.047934705642188,0,,0,,0.00010770559310913086,False,"[30.232020285546888, 29.98750756178855, 29.92216627638405, 30.211941848814128, 30.231236972531264, 29.930221366766038, 30.194327715166313, 29.841403657534016, 30.352817764559347]","[30.232020285546888, 29.98750756178855, 29.92216627638405, 30.211941848814128, 30.231236972531264, 29.930221366766038, 30.194327715166313, 29.841403657534016, 30.352817764559347]","[false, false, false, false, false, false, false, false, false]",[],[],11e899cc1aa3af708b2b60bafe5a7b39b99c4700cbb19c92e35d6b038f46e4d1,8249f46cd56af28d41e60b902b21afb92cd47f0bea519a6b9a15a99b395d4541,"{""anomaly_count"": 0, ""confidence"": 1.0, ""temperature"": 30.05695808782025, ""timestamp"": ""2026-09-03T02:53:00+00:00"", ""zone"": ""zone-0""}","{""action_type"": ""maintain"", ""consensus_timestamp"": ""2026-09-03T02:53:00+00:00"", ""duration"": 1, ""magnitude"": 0.0, ""reasoning_summary"": ""Frozen bidirectional thermal pilot controller"", ""target_zone"": ""zone-0"", ""used_consensus"": true}"
11,0,nominal,none,oracle,174,30.047934705642188,30.047934705642188,0.0,26.0,0.7,0.5,0.5,maintain,supervisor,True,,,0,1.0,29.984099929190812,29.984099929190812,29.989326873050473,0,,0,,0.00012957490980625153,False,"[29.91364491174002, 29.860000852679512, 30.224459937347522, 29.826917068371216, 29.86305339436704, 29.952380918032777, 29.993467118576863, 30.207651761939687, 29.937990105777022]","[29.91364491174002, 29.860000852679512, 30.224459937347522, 29.826917068371216, 29.86305339436704, 29.952380918032777, 29.993467118576863, 30.207651761939687, 29.937990105777022]","[false, false, false, false, false, false, false, false, false]",[],[],acb5eedd9f7fa4343df4a3f1a08549ada761e6fffab5defae2ff27448322a797,aab42cf528754da2024f28f75063ddc1b5c9f9f1ea48faf53ab1345c18f49a53,"{""anomaly_count"": 0, ""confidence"": 1.0, ""temperature"": 30.047934705642188, ""timestamp"": ""2026-09-03T02:54:00+00:00"", ""zone"": ""zone-0""}","{""action_type"": ""maintain"", ""consensus_timestamp"": ""2026-09-03T02:54:00+00:00"", ""duration"": 1, ""magnitude"": 0.0, ""reasoning_summary"": ""Frozen bidirectional thermal pilot controller"", ""target_zone"": ""zone-0"", ""used_consensus"": true}"
11,0,nominal,none,oracle,175,29.989326873050473,29.989326873050473,0.0,26.0,0.7,0.5,0.5,maintain,supervisor,True,,,0,1.0,29.930180723206433,29.930180723206433,29.961696950936183,0,,0,,0.00012005958706140518,False,"[29.83817486448815, 29.984546461440416, 29.752683982098993, 30.026974321817328, 30.307752400710392, 29.927603277711754, 30.132333668983502, 29.927422318327174, 29.72318323938192]","[29.83817486448815, 29.984546461440416, 29.752683982098993, 30.026974321817328, 30.307752400710392, 29.927603277711754, 30.132333668983502, 29.927422318327174, 29.72318323938192]","[false, false, false, false, false, false, false, false, false]",[],[],c1b0815155a774cc803766508506fb1c409504d0fb67ae3410d1f37c1cc17a20,f99ff38080136aa78506d60cd9fa55998c1318d6346b75f22d34d25d1a4d7189,"{""anomaly_count"": 0, ""confidence"": 1.0, ""temperature"": 29.989326873050473, ""timestamp"": ""2026-09-03T02:55:00+00:00"", ""zone"": ""zone-0""}","{""action_type"": ""maintain"", ""consensus_timestamp"": ""2026-09-03T02:55:00+00:00"", ""duration"": 1, ""magnitude"": 0.0, ""reasoning_summary"": ""Frozen bidirectional thermal pilot controller"", ""target_zone"": ""zone-0"", ""used_consensus"": true}"
11,0,nominal,none,oracle,176,29.961696950936183,29.961696950936183,0.0,26.0,0.7,0.5,0.5,maintain,supervisor,True,,,0,1.0,29.904761194861287,29.904761194861287,29.95004003813716,0,,0,,0.00011746399104595184,False,"[30.07756596930188, 29.89220123256893, 29.88494260620216, 29.660895838981475, 30.111536480828423, 29.91573830293154, 29.941230076232458, 29.695582227759385, 29.594828130274642]","[30.07756596930188, 29.89220123256893, 29.88494260620216, 29.660895838981475, 30.111536480828423, 29.91573830293154, 29.941230076232458, 29.695582227759385, 29.594828130274642]","[false, false, false, false, false, false, false, false, false]",[],[],e47331b129986f02fc7f6ccfe53dfbc3698834107332aa9361ba04f8628db48b,e9f8ab1585db5aca34cc97fb5bd9da95ca39f16e4f7ca7b5b2eb458491152ec4,"{""anomaly_count"": 0, ""confidence"": 1.0, ""temperature"": 29.961696950936183, ""timestamp"": ""2026-09-03T02:56:00+00:00"", ""zone"": ""zone-0""}","{""action_type"": ""maintain"", ""consensus_timestamp"": ""2026-09-03T02:56:00+00:00"", ""duration"": 1, ""magnitude"": 0.0, ""reasoning_summary"": ""Frozen bidirectional thermal pilot controller"", ""target_zone"": ""zone-0"", ""used_consensus"": true}"
11,0,nominal,none,oracle,177,29.95004003813716,29.95004003813716,0.0,26.0,0.7,0.5,0.5,maintain,supervisor,True,,,0,1.0,29.894036835086187,29.894036835086187,29.92624876507538,0,,0,,0.0001074792817234993,False,"[30.036194704656758, 30.116284415811023, 29.91356056936643, 29.777751699417227, 29.969261511560685, 29.80936115217417, 29.844590236097588, 30.366423194084234, 29.966746947439905]","[30.036194704656758, 30.116284415811023, 29.91356056936643, 29.777751699417227, 29.969261511560685, 29.80936115217417, 29.844590236097588, 30.366423194084234, 29.966746947439905]","[false, false, false, false, false, false, false, false, false]",[],[],43c5fddbe7279a4f163174d030b22842ccb20204df4ece4467f9ebd4897b06c4,d7f70fcde8cb87d056ace8f96d25db43a44b65db294d3ea07ea51b6af5a52a06,"{""anomaly_count"": 0, ""confidence"": 1.0, ""temperature"": 29.95004003813716, ""timestamp"": ""2026-09-03T02:57:00+00:00"", ""zone"": ""zone-0""}","{""action_type"": ""maintain"", ""consensus_timestamp"": ""2026-09-03T02:57:00+00:00"", ""duration"": 1, ""magnitude"": 0.0, ""reasoning_summary"": ""Frozen bidirectional thermal pilot controller"", ""target_zone"": ""zone-0"", ""used_consensus"": true}"
11,0,nominal,none,oracle,178,29.92624876507538,29.92624876507538,0.0,26.0,0.7,0.5,0.5,maintain,supervisor,True,,,0,1.0,29.872148863869345,29.872148863869345,29.92810400268448,0,,0,,0.00010621640831232071,False,"[29.716314602340354, 29.876656559229648, 29.608571640159724, 29.663942547223936, 30.17142337793568, 29.72948162506899, 29.839234931627516, 30.20639718240998, 30.14557338246848]","[29.716314602340354, 29.876656559229648, 29.608571640159724, 29.663942547223936, 30.17142337793568, 29.72948162506899, 29.839234931627516, 30.20639718240998, 30.14557338246848]","[false, false, false, false, false, false, false, false, false]",[],[],560c3901259be2e8ff02aa5ab84b598884651fa20ddf093a587d94b891e02695,b73b81f55a0aed0e169004c75316099df8d67af76ccd66a2a111031a8a1a4d45,"{""anomaly_count"": 0, ""confidence"": 1.0, ""temperature"": 29.92624876507538, ""timestamp"": ""2026-09-03T02:58:00+00:00"", ""zone"": ""zone-0""}","{""action_type"": ""maintain"", ""consensus_timestamp"": ""2026-09-03T02:58:00+00:00"", ""duration"": 1, ""magnitude"": 0.0, ""reasoning_summary"": ""Frozen bidirectional thermal pilot controller"", ""target_zone"": ""zone-0"", ""used_consensus"": true}"
11,0,nominal,none,oracle,179,29.92810400268448,29.92810400268448,0.0,26.0,0.7,0.5,0.5,maintain,supervisor,True,,,0,1.0,29.87385568246972,29.87385568246972,29.912664909427626,0,,0,,0.00010674353688955307,False,"[29.932008190315184, 30.11919502239023, 30.18076216174468, 29.791992435681134, 29.94681823196882, 29.65736480724638, 29.996987113155313, 30.091435842145874, 29.625334479645655]","[29.932008190315184, 30.11919502239023, 30.18076216174468, 29.791992435681134, 29.94681823196882, 29.65736480724638, 29.996987113155313, 30.091435842145874, 29.625334479645655]","[false, false, false, false, false, false, false, false, false]",[],[],0d3133c9f3f401fb7a4daaa6fed9135a38d504b8b5c541665f823fc326f8ecda,1741348946c5dcd68d55f0b71882f6a4aa9f38253b832a82334f745034e8013e,"{""anomaly_count"": 0, ""confidence"": 1.0, ""temperature"": 29.92810400268448, ""timestamp"": ""2026-09-03T02:59:00+00:00"", ""zone"": ""zone-0""}","{""action_type"": ""maintain"", ""consensus_timestamp"": ""2026-09-03T02:59:00+00:00"", ""duration"": 1, ""magnitude"": 0.0, ""reasoning_summary"": ""Frozen bidirectional thermal pilot controller"", ""target_zone"": ""zone-0"", ""used_consensus"": true}"
11,0,nominal,none,oracle,180,29.912664909427626,29.912664909427626,0.0,26.0,0.7,0.5,0.5,maintain,supervisor,True,,,0,1.0,29.859651716673415,29.859651716673415,29.903557709925693,0,,0,,0.0001092907041311264,False,"[30.270049492615524, 30.08438192607469, 29.650487527178026, 30.231837826185156, 29.68083864935589, 29.81709699628265, 29.838676669787223, 30.04079108671519, 29.97408022721364]","[30.270049492615524, 30.08438192607469, 29.650487527178026, 30.231837826185156, 29.68083864935589, 29.81709699628265, 29.838676669787223, 30.04079108671519, 29.97408022721364]","[false, false, false, false, false, false, false, false, false]",[],[],b8b3aa2c1763194262cf8eeee692073040787a852300a5515023ce09568592d2,3b639fbd3f3827daa077c07ee5e9be8617c71fd09a13c8406bcacbf49b5b6ce8,"{""anomaly_count"": 0, ""confidence"": 1.0, ""temperature"": 29.912664909427626, ""timestamp"": ""2026-09-03T03:00:00+00:00"", ""zone"": ""zone-0""}","{""action_type"": ""maintain"", ""consensus_timestamp"": ""2026-09-03T03:00:00+00:00"", ""duration"": 1, ""magnitude"": 0.0, ""reasoning_summary"": ""Frozen bidirectional thermal pilot controller"", ""target_zone"": ""zone-0"", ""used_consensus"": true}"
11,0,nominal,none,oracle,181,29.903557709925693,29.903557709925693,0.0,26.0,0.7,0.5,0.5,maintain,supervisor,True,,,0,1.0,29.851273093131635,29.851273093131635,29.906765429383054,0,,0,,0.00010667089372873306,False,"[30.48718988037153, 29.764941356691022, 30.030539594330182, 29.998581241858766, 29.832059587228226, 30.15828428362069, 30.091479843450227, 30.155866973892078, 30.00914622945281]","[30.48718988037153, 29.764941356691022, 30.030539594330182, 29.998581241858766, 29.832059587228226, 30.15828428362069, 30.091479843450227, 30.155866973892078, 30.00914622945281]","[false, false, false, false, false, false, false, false, false]",[],[],7675ff0d48b4d08aacaf3755b54283f4b27c51dd5e3efbf4fa49f2cdc2fb4e65,365a7fe7fe416c8b76378f9e5eea7cca39b4968ea6327d0acbd87f2831130f8e,"{""anomaly_count"": 0, ""confidence"": 1.0, ""temperature"": 29.903557709925693, ""timestamp"": ""2026-09-03T03:01:00+00:00"", ""zone"": ""zone-0""}","{""action_type"": ""maintain"", ""consensus_timestamp"": ""2026-09-03T03:01:00+00:00"", ""duration"": 1, ""magnitude"": 0.0, ""reasoning_summary"": ""Frozen bidirectional thermal pilot controller"", ""target_zone"": ""zone-0"", ""used_consensus"": true}"
11,0,nominal,none,oracle,182,29.906765429383054,29.906765429383054,0.0,26.0,0.7,0.5,0.5,maintain,supervisor,True,,,0,1.0,29.85422419503241,29.85422419503241,29.894926170867965,0,,0,,0.00011089257895946503,False,"[30.466817296071625, 29.860816196128685, 29.941314813507574, 29.97055803220954, 30.206604496024475, 29.922554725392406, 29.93708753516834, 30.036114250137704, 29.713089298013887]","[30.466817296071625, 29.860816196128685, 29.941314813507574, 29.97055803220954, 30.206604496024475, 29.922554725392406, 29.93708753516834, 30.036114250137704, 29.713089298013887]","[false, false, false, false, false, false, false, false, false]",[],[],39a54d79401e27ed67463967f5070bbc173c3f0b4c5413dcf56759642965065e,f88c6cca82305e554d48a6255b021aeddce130903a3285d5e841dc9bda192332,"{""anomaly_count"": 0, ""confidence"": 1.0, ""temperature"": 29.906765429383054, ""timestamp"": ""2026-09-03T03:02:00+00:00"", ""zone"": ""zone-0""}","{""action_type"": ""maintain"", ""consensus_timestamp"": ""2026-09-03T03:02:00+00:00"", ""duration"": 1, ""magnitude"": 0.0, ""reasoning_summary"": ""Frozen bidirectional thermal pilot controller"", ""target_zone"": ""zone-0"", ""used_consensus"": true}"
11,0,nominal,none,oracle,183,29.894926170867965,29.894926170867965,0.0,26.0,0.7,0.5,0.5,maintain,supervisor,True,,,0,1.0,29.843332077198525,29.843332077198525,29.863747028538764,0,,0,,0.00011174660176038742,False,"[29.928021122147445, 29.94654485740147, 29.70420442174337, 29.78343403224432, 30.298574847083717, 29.58404835384808, 29.742179575851246, 29.936330927881865, 29.891699139020595]","[29.928021122147445, 29.94654485740147, 29.70420442174337, 29.78343403224432, 30.298574847083717, 29.58404835384808, 29.742179575851246, 29.936330927881865, 29.891699139020595]","[false, false, false, false, false, false, false, false, false]",[],[],a4e7870520aad2fdb2907a1e285571481eedf590a7c4ac9bd1dff8b8cbbe8284,66c7e905f6837d63efff50a94617a8571b670e747e47c5170327793763d93e19,"{""anomaly_count"": 0, ""confidence"": 1.0, ""temperature"": 29.894926170867965, ""timestamp"": ""2026-09-03T03:03:00+00:00"", ""zone"": ""zone-0""}","{""action_type"": ""maintain"", ""consensus_timestamp"": ""2026-09-03T03:03:00+00:00"", ""duration"": 1, ""magnitude"": 0.0, ""reasoning_summary"": ""Frozen bidirectional thermal pilot controller"", ""target_zone"": ""zone-0"", ""used_consensus"": true}"
11,0,nominal,none,oracle,184,29.863747028538764,29.863747028538764,0.0,26.0,0.7,0.5,0.5,maintain,supervisor,True,,,0,1.0,29.814647266255662,29.814647266255662,29.860090345446327,0,,0,,0.00011545605957508087,False,"[29.467913888095513, 29.79730561844126, 29.69650606887788, 29.795070002628332, 30.120224287456498, 30.127529953843855, 29.82456703737175, 29.804346174229366, 30.090255996012132]","[29.467913888095513, 29.79730561844126, 29.69650606887788, 29.795070002628332, 30.120224287456498, 30.127529953843855, 29.82456703737175, 29.804346174229366, 30.090255996012132]","[false, false, false, false, false, false, false, false, false]",[],[],f67a76f597c6f949bf6d94ebe6c02ed1852d6b24c2a39abf20b49114c479a4e7,206ee48c5417c10a83ef09fd93fb578740470b1815209731a1ed9b24e9a3075e,"{""anomaly_count"": 0, ""confidence"": 1.0, ""temperature"": 29.863747028538764, ""timestamp"": ""2026-09-03T03:04:00+00:00"", ""zone"": ""zone-0""}","{""action_type"": ""maintain"", ""consensus_timestamp"": ""2026-09-03T03:04:00+00:00"", ""duration"": 1, ""magnitude"": 0.0, ""reasoning_summary"": ""Frozen bidirectional thermal pilot controller"", ""target_zone"": ""zone-0"", ""used_consensus"": true}"
11,0,nominal,none,oracle,185,29.860090345446327,29.860090345446327,0.0,26.0,0.7,0.5,0.5,maintain,supervisor,True,,,0,1.0,29.811283117810618,29.811283117810618,29.84884629893014,0,,0,,0.00010909605771303177,False,"[29.648395436535065, 29.561501920265638, 30.002557979231476, 29.852295479344793, 29.923988967452416, 30.12807365286454, 29.6507509318946, 30.035748497007752, 29.794146473620383]","[29.648395436535065, 29.561501920265638, 30.002557979231476, 29.852295479344793, 29.923988967452416, 30.12807365286454, 29.6507509318946, 30.035748497007752, 29.794146473620383]","[false, false, false, false, false, false, false, false, false]",[],[],f0607c45d2eb8f67ea8e2450a7f12d61124342197ef47c9e75ae08ddc31c98db,623b06934ed5bdf56fc575822835a77c958f262071fd94184a8738ef07ce0950,"{""anomaly_count"": 0, ""confidence"": 1.0, ""temperature"": 29.860090345446327, ""timestamp"": ""2026-09-03T03:05:00+00:00"", ""zone"": ""zone-0""}","{""action_type"": ""maintain"", ""consensus_timestamp"": ""2026-09-03T03:05:00+00:00"", ""duration"": 1, ""magnitude"": 0.0, ""reasoning_summary"": ""Frozen bidirectional thermal pilot controller"", ""target_zone"": ""zone-0"", ""used_consensus"": true}"
11,0,nominal,none,oracle,186,29.84884629893014,29.84884629893014,0.0,26.0,0.7,0.5,0.5,maintain,supervisor,True,,,0,1.0,29.80093859501573,29.80093859501573,29.86635233651629,0,,0,,0.00011635757982730865,False,"[29.877301563908894, 29.958234106027213, 30.042973529294436, 29.549742075499612, 29.817124127191597, 29.76341010356817, 29.619066378917555, 29.941896358909574, 29.645203147660997]","[29.877301563908894, 29.958234106027213, 30.042973529294436, 29.549742075499612, 29.817124127191597, 29.76341010356817, 29.619066378917555, 29.941896358909574, 29.645203147660997]","[false, false, false, false, false, false, false, false, false]",[],[],a29d57d846037626915b3d6a82fd4f0893aedfe0bce9202707d63b1e2f0aafe7,cba3c85a9a13fbdd82cd10486471509808f53ae184ece3eaf3428a79bb6d7f12,"{""anomaly_count"": 0, ""confidence"": 1.0, ""temperature"": 29.84884629893014, ""timestamp"": ""2026-09-03T03:06:00+00:00"", ""zone"": ""zone-0""}","{""action_type"": ""maintain"", ""consensus_timestamp"": ""2026-09-03T03:06:00+00:00"", ""duration"": 1, ""magnitude"": 0.0, ""reasoning_summary"": ""Frozen bidirectional thermal pilot controller"", ""target_zone"": ""zone-0"", ""used_consensus"": true}"
11,0,nominal,none,oracle,187,29.86635233651629,29.86635233651629,0.0,26.0,0.7,0.5,0.5,maintain,supervisor,True,,,0,1.0,29.817044149594985,29.817044149594985,29.87198775584359,0,,0,,0.00010789278894662857,False,"[29.763057252023017, 30.153108562165873, 29.859689816889755, 29.561681712046138, 29.8461848709952, 29.846964327904544, 30.296830301811504, 29.847696814888458, 30.019014956502136]","[29.763057252023017, 30.153108562165873, 29.859689816889755, 29.561681712046138, 29.8461848709952, 29.846964327904544, 30.296830301811504, 29.847696814888458, 30.019014956502136]","[false, false, false, false, false, false, false, false, false]",[],[],d42fc6e32d12aba8b5c44d24adf2687248baca0f5a7827184715dbfdc8b426c8,96f9fde2889d2cb57bd9e30e089a2b8157b61347768a1519715afdb74810c800,"{""anomaly_count"": 0, ""confidence"": 1.0, ""temperature"": 29.86635233651629, ""timestamp"": ""2026-09-03T03:07:00+00:00"", ""zone"": ""zone-0""}","{""action_type"": ""maintain"", ""consensus_timestamp"": ""2026-09-03T03:07:00+00:00"", ""duration"": 1, ""magnitude"": 0.0, ""reasoning_summary"": ""Frozen bidirectional thermal pilot controller"", ""target_zone"": ""zone-0"", ""used_consensus"": true}"
11,0,nominal,none,oracle,188,29.87198775584359,29.87198775584359,0.0,26.0,0.7,0.5,0.5,maintain,supervisor,True,,,0,1.0,29.8222287353761,29.8222287353761,29.825980089649665,0,,0,,0.00010664202272891998,False,"[29.65895259985825, 29.63774140609972, 29.77342685020763, 29.650557605172477, 29.9350701412098, 29.806773828407735, 29.86776977450485, 30.011381232227315, 30.007587378337117]","[29.65895259985825, 29.63774140609972, 29.77342685020763, 29.650557605172477, 29.9350701412098, 29.806773828407735, 29.86776977450485, 30.011381232227315, 30.007587378337117]","[false, false, false, false, false, false, false, false, false]",[],[],ec86175735c838a33848b03293683f0627f481e8a937f9a1a83eae5de6b311ef,afbba298eea9bb14b2f7fa47bc56cca077627bb14078057c9246728bbfb5ecef,"{""anomaly_count"": 0, ""confidence"": 1.0, ""temperature"": 29.87198775584359, ""timestamp"": ""2026-09-03T03:08:00+00:00"", ""zone"": ""zone-0""}","{""action_type"": ""maintain"", ""consensus_timestamp"": ""2026-09-03T03:08:00+00:00"", ""duration"": 1, ""magnitude"": 0.0, ""reasoning_summary"": ""Frozen bidirectional thermal pilot controller"", ""target_zone"": ""zone-0"", ""used_consensus"": true}"
11,0,nominal,none,oracle,189,29.825980089649665,29.825980089649665,0.0,26.0,0.7,0.5,0.5,maintain,supervisor,True,,,0,1.0,29.77990168247769,29.77990168247769,29.84673679426795,0,,0,,0.00010647345334291458,False,"[30.026559364127223, 29.661206824381665, 29.779997505935178, 29.707786381913845, 30.06577120371834, 29.596918798862106, 29.649815547888753, 29.823380984429278, 29.560367045841137]","[30.026559364127223, 29.661206824381665, 29.779997505935178, 29.707786381913845, 30.06577120371834, 29.596918798862106, 29.649815547888753, 29.823380984429278, 29.560367045841137]","[false, false, false, false, false, false, false, false, false]",[],[],de2db5494f6e2727f836df005af40689876618d4d229b64a4a120bbb011775ec,058bb78690208a29ab8e7366618d0a6f07a099051f19653f45685fea42d8f5ce,"{""anomaly_count"": 0, ""confidence"": 1.0, ""temperature"": 29.825980089649665, ""timestamp"": ""2026-09-03T03:09:00+00:00"", ""zone"": ""zone-0""}","{""action_type"": ""maintain"", ""consensus_timestamp"": ""2026-09-03T03:09:00+00:00"", ""duration"": 1, ""magnitude"": 0.0, ""reasoning_summary"": ""Frozen bidirectional thermal pilot controller"", ""target_zone"": ""zone-0"", ""used_consensus"": true}"
11,0,nominal,none,oracle,190,29.84673679426795,29.84673679426795,0.0,26.0,0.7,0.5,0.5,maintain,supervisor,True,,,0,1.0,29.79899785072651,29.79899785072651,29.850012137640963,0,,0,,0.00010831654071807861,False,"[30.02372834376386, 29.732822262690085, 30.000890824897034, 29.82183158263294, 29.979971022806755, 29.78814633185219, 29.788232070942556, 29.819533594644888, 29.775341609237007]","[30.02372834376386, 29.732822262690085, 30.000890824897034, 29.82183158263294, 29.979971022806755, 29.78814633185219, 29.788232070942556, 29.819533594644888, 29.775341609237007]","[false, false, false, false, false, false, false, false, false]",[],[],d88dbe73959ae8c8febfde62d4400100f406b149bfed32e98162e372eeabbd5d,9e04240371c09222a85020835f348563f95fcd39bc366b52f993c974a54af72a,"{""anomaly_count"": 0, ""confidence"": 1.0, ""temperature"": 29.84673679426795, ""timestamp"": ""2026-09-03T03:10:00+00:00"", ""zone"": ""zone-0""}","{""action_type"": ""maintain"", ""consensus_timestamp"": ""2026-09-03T03:10:00+00:00"", ""duration"": 1, ""magnitude"": 0.0, ""reasoning_summary"": ""Frozen bidirectional thermal pilot controller"", ""target_zone"": ""zone-0"", ""used_consensus"": true}"
11,0,nominal,none,oracle,191,29.850012137640963,29.850012137640963,0.0,26.0,0.7,0.5,0.5,maintain,supervisor,True,,,0,1.0,29.802011166629683,29.802011166629683,29.838588821107543,0,,0,,0.00011048279702663422,False,"[30.022836756508763, 29.947905497828604, 29.83469794279272, 29.844024563901435, 30.311965563780753, 29.821734881916925, 29.944018172560817, 30.10223419115745, 30.088112472660843]","[30.022836756508763, 29.947905497828604, 29.83469794279272, 29.844024563901435, 30.311965563780753, 29.821734881916925, 29.944018172560817, 30.10223419115745, 30.088112472660843]","[false, false, false, false, false, false, false, false, false]",[],[],712b5d301b2375a257bd1b284147cbdad054228108da1517f446f13a316544c7,78ad8fc84d352e9102019525f9d37a4002d740a05ca7b1a04df17a600d99810c,"{""anomaly_count"": 0, ""confidence"": 1.0, ""temperature"": 29.850012137640963, ""timestamp"": ""2026-09-03T03:11:00+00:00"", ""zone"": ""zone-0""}","{""action_type"": ""maintain"", ""consensus_timestamp"": ""2026-09-03T03:11:00+00:00"", ""duration"": 1, ""magnitude"": 0.0, ""reasoning_summary"": ""Frozen bidirectional thermal pilot controller"", ""target_zone"": ""zone-0"", ""used_consensus"": true}"
11,0,nominal,none,oracle,192,29.838588821107543,29.838588821107543,0.0,26.0,0.7,0.5,0.5,maintain,supervisor,True,,,0,1.0,29.79150171541894,29.79150171541894,29.846604521103178,0,,0,,0.00010941736400127411,False,"[29.864219825971674, 29.333109125297575, 29.90918525024478, 29.861209011913967, 29.780818167358802, 29.4784060993634, 29.75403025432526, 29.993966823266742, 29.736610736510585]","[29.864219825971674, 29.333109125297575, 29.90918525024478, 29.861209011913967, 29.780818167358802, 29.4784060993634, 29.75403025432526, 29.993966823266742, 29.736610736510585]","[false, false, false, false, false, false, false, false, false]",[],[],d8638634d8060dc1216157a4453a5c59250cc4a214e0fdbb5535abe80a82cef5,da0ad204348a5b29500df3507b8198476558a635a8e92fc43efeac32a17184bc,"{""anomaly_count"": 0, ""confidence"": 1.0, ""temperature"": 29.838588821107543, ""timestamp"": ""2026-09-03T03:12:00+00:00"", ""zone"": ""zone-0""}","{""action_type"": ""maintain"", ""consensus_timestamp"": ""2026-09-03T03:12:00+00:00"", ""duration"": 1, ""magnitude"": 0.0, ""reasoning_summary"": ""Frozen bidirectional thermal pilot controller"", ""target_zone"": ""zone-0"", ""used_consensus"": true}"
11,0,nominal,none,oracle,193,29.846604521103178,29.846604521103178,0.0,26.0,0.7,0.5,0.5,maintain,supervisor,True,,,0,1.0,29.79887615941492,29.79887615941492,29.821257737823114,0,,0,,0.00010910630226135254,False,"[30.200116220968408, 29.435782999162374, 29.7774305024295, 30.2678084895051, 29.541325665370948, 29.653822464868632, 29.831535814171147, 29.857254455011578, 29.6591389287508]","[30.200116220968408, 29.435782999162374, 29.7774305024295, 30.2678084895051, 29.541325665370948, 29.653822464868632, 29.831535814171147, 29.857254455011578, 29.6591389287508]","[false, false, false, false, false, false, false, false, false]",[],[],8b67fcb7e9df7ffbc1c0e27819cf077f6acef08d469c3c7ecb9c813fe8edb3d7,2a5e34848ef04ecfabd021cf0f32b73d4d9618e5a677033acaadbc59333da49d,"{""anomaly_count"": 0, ""confidence"": 1.0, ""temperature"": 29.846604521103178, ""timestamp"": ""2026-09-03T03:13:00+00:00"", ""zone"": ""zone-0""}","{""action_type"": ""maintain"", ""consensus_timestamp"": ""2026-09-03T03:13:00+00:00"", ""duration"": 1, ""magnitude"": 0.0, ""reasoning_summary"": ""Frozen bidirectional thermal pilot controller"", ""target_zone"": ""zone-0"", ""used_consensus"": true}"
11,0,nominal,none,oracle,194,29.821257737823114,29.821257737823114,0.0,26.0,0.7,0.5,0.5,maintain,supervisor,True,,,0,1.0,29.775557118797263,29.775557118797263,29.82483773893604,0,,0,,0.00010711420327425003,False,"[29.855661380669034, 29.6848872279758, 30.277259529072108, 29.842077147130208, 29.54384836848529, 30.20876954562675, 29.935150663913088, 30.015481552102223, 29.837185348728898]","[29.855661380669034, 29.6848872279758, 30.277259529072108, 29.842077147130208, 29.54384836848529, 30.20876954562675, 29.935150663913088, 30.015481552102223, 29.837185348728898]","[false, false, false, false, false, false, false, false, false]",[],[],e900b81ae6312d52093fc97b7c84cdf7b25baf2a106678e367568258776aa1be,3bc000bb41bf4d3805f70bc0635c294c994d57ff722f8a2689efe08a05b92df1,"{""anomaly_count"": 0, ""confidence"": 1.0, ""temperature"": 29.821257737823114, ""timestamp"": ""2026-09-03T03:14:00+00:00"", ""zone"": ""zone-0""}","{""action_type"": ""maintain"", ""consensus_timestamp"": ""2026-09-03T03:14:00+00:00"", ""duration"": 1, ""magnitude"": 0.0, ""reasoning_summary"": ""Frozen bidirectional thermal pilot controller"", ""target_zone"": ""zone-0"", ""used_consensus"": true}"
11,0,nominal,none,oracle,195,29.82483773893604,29.82483773893604,0.0,26.0,0.7,0.5,0.5,maintain,supervisor,True,,,0,1.0,29.778850719821154,29.778850719821154,29.84278763946693,0,,0,,9.573251008987427e-05,False,"[29.70772298024662, 30.122824310874204, 29.50912233086102, 29.793026605798715, 30.00482321723712, 29.95720752135428, 29.606893915761226, 29.525953213002833, 29.909160493105865]","[29.70772298024662, 30.122824310874204, 29.50912233086102, 29.793026605798715, 30.00482321723712, 29.95720752135428, 29.606893915761226, 29.525953213002833, 29.909160493105865]","[false, false, false, false, false, false, false, false, false]",[],[],51aea6dfe4b7338ba1dc444d64f2a2cccabb4a020ee6bde3498539df12eeda9a,02d3493a09ab642f0e3ae23abc3fb7e573349c0811b5c5b13defac268b139784,"{""anomaly_count"": 0, ""confidence"": 1.0, ""temperature"": 29.82483773893604, ""timestamp"": ""2026-09-03T03:15:00+00:00"", ""zone"": ""zone-0""}","{""action_type"": ""maintain"", ""consensus_timestamp"": ""2026-09-03T03:15:00+00:00"", ""duration"": 1, ""magnitude"": 0.0, ""reasoning_summary"": ""Frozen bidirectional thermal pilot controller"", ""target_zone"": ""zone-0"", ""used_consensus"": true}"
11,0,nominal,none,oracle,196,29.84278763946693,29.84278763946693,0.0,26.0,0.7,0.5,0.5,maintain,supervisor,True,,,0,1.0,29.795364628309574,29.795364628309574,29.797656776648147,0,,0,,9.79667529463768e-05,False,"[29.577503654205866, 29.660463177168413, 29.990728335967226, 29.9678948576659, 29.383323191769694, 30.099786328141818, 30.189114071428182, 29.98034894740804, 29.77577255922838]","[29.577503654205866, 29.660463177168413, 29.990728335967226, 29.9678948576659, 29.383323191769694, 30.099786328141818, 30.189114071428182, 29.98034894740804, 29.77577255922838]","[false, false, false, false, false, false, false, false, false]",[],[],22047d15b09097e96866c1eeeb2b511021883072c25c7786c57067f1632b8673,b5870f9d6441cc0036f587d16642e32a7ed6807ab235256482018e52d6b1812a,"{""anomaly_count"": 0, ""confidence"": 1.0, ""temperature"": 29.84278763946693, ""timestamp"": ""2026-09-03T03:16:00+00:00"", ""zone"": ""zone-0""}","{""action_type"": ""maintain"", ""consensus_timestamp"": ""2026-09-03T03:16:00+00:00"", ""duration"": 1, ""magnitude"": 0.0, ""reasoning_summary"": ""Frozen bidirectional thermal pilot controller"", ""target_zone"": ""zone-0"", ""used_consensus"": true}"
11,0,nominal,none,oracle,197,29.797656776648147,29.797656776648147,0.0,26.0,0.7,0.5,0.5,maintain,supervisor,True,,,0,1.0,29.753844234516293,29.753844234516293,29.77216331415514,0,,0,,9.37124714255333e-05,False,"[29.911108026176628, 29.817617976606556, 29.634702241911967, 29.761363892817307, 30.07539658496128, 29.869122494420964, 29.877041357643428, 29.794702323870606, 30.040498785235215]","[29.911108026176628, 29.817617976606556, 29.634702241911967, 29.761363892817307, 30.07539658496128, 29.869122494420964, 29.877041357643428, 29.794702323870606, 30.040498785235215]","[false, false, false, false, false, false, false, false, false]",[],[],369d78130f06971b8653e51bd35d2404b047f95dae14c878062cde442f4e4dae,0e51041b526c3df3eb94f0fad11c9132d40ed8e55ba2fb6679a9d43bb3281971,"{""anomaly_count"": 0, ""confidence"": 1.0, ""temperature"": 29.797656776648147, ""timestamp"": ""2026-09-03T03:17:00+00:00"", ""zone"": ""zone-0""}","{""action_type"": ""maintain"", ""consensus_timestamp"": ""2026-09-03T03:17:00+00:00"", ""duration"": 1, ""magnitude"": 0.0, ""reasoning_summary"": ""Frozen bidirectional thermal pilot controller"", ""target_zone"": ""zone-0"", ""used_consensus"": true}"
11,0,nominal,none,oracle,198,29.77216331415514,29.77216331415514,0.0,26.0,0.7,0.5,0.5,maintain,supervisor,True,,,0,1.0,29.730390249022726,29.730390249022726,29.75182621782397,0,,0,,9.48617234826088e-05,False,"[29.85889679857198, 29.71166782187615, 29.3413608777963, 29.931045906926375, 29.468359149543442, 29.860609602685134, 29.78722573480983, 29.439066505372217, 29.84878932484161]","[29.85889679857198, 29.71166782187615, 29.3413608777963, 29.931045906926375, 29.468359149543442, 29.860609602685134, 29.78722573480983, 29.439066505372217, 29.84878932484161]","[false, false, false, false, false, false, false, false, false]",[],[],54f1a0ebf6c8345b59d62ebb62fa4077b60f6442df7168be0ac3b9602245d483,a5ed18c3384ea6597b1d1be06e647c3146ce9ef3db31c95e0f4f2638da85ad76,"{""anomaly_count"": 0, ""confidence"": 1.0, ""temperature"": 29.77216331415514, ""timestamp"": ""2026-09-03T03:18:00+00:00"", ""zone"": ""zone-0""}","{""action_type"": ""maintain"", ""consensus_timestamp"": ""2026-09-03T03:18:00+00:00"", ""duration"": 1, ""magnitude"": 0.0, ""reasoning_summary"": ""Frozen bidirectional thermal pilot controller"", ""target_zone"": ""zone-0"", ""used_consensus"": true}"
11,0,nominal,none,oracle,199,29.75182621782397,29.75182621782397,0.0,26.0,0.7,0.5,0.5,maintain,supervisor,True,,,0,1.0,29.711680120398054,29.711680120398054,29.756394218292172,0,,0,,0.00011189933866262436,False,"[29.559481839716003, 29.924494240267826, 29.78548944714998, 30.30402267404217, 30.036214000391155, 29.773612169520256, 29.49455524449108, 29.641751142970445, 29.758225476005055]","[29.559481839716003, 29.924494240267826, 29.78548944714998, 30.30402267404217, 30.036214000391155, 29.773612169520256, 29.49455524449108, 29.641751142970445, 29.758225476005055]","[false, false, false, false, false, false, false, false, false]",[],[],c7cee815a9a73a132f11ade69c2c7107896bf735c5d5b13d899035d268ed8872,53c29fcf5352a0f5da21244aca22be072c079f5d93b9114b099b623ea080a73f,"{""anomaly_count"": 0, ""confidence"": 1.0, ""temperature"": 29.75182621782397, ""timestamp"": ""2026-09-03T03:19:00+00:00"", ""zone"": ""zone-0""}","{""action_type"": ""maintain"", ""consensus_timestamp"": ""2026-09-03T03:19:00+00:00"", ""duration"": 1, ""magnitude"": 0.0, ""reasoning_summary"": ""Frozen bidirectional thermal pilot controller"", ""target_zone"": ""zone-0"", ""used_consensus"": true}"
11,0,nominal,none,oracle,200,29.756394218292172,29.756394218292172,0.0,26.0,0.7,0.5,0.5,maintain,supervisor,True,,,0,1.0,29.715882680828795,29.715882680828795,29.71676138655959,0,,0,,0.00010718032717704773,False,"[29.77562087405183, 29.58277423576507, 29.928359858453113, 29.802460158501283, 29.872231928781662, 29.505620701899296, 29.405957679212914, 29.64302544280236, 29.986757906707275]","[29.77562087405183, 29.58277423576507, 29.928359858453113, 29.802460158501283, 29.872231928781662, 29.505620701899296, 29.405957679212914, 29.64302544280236, 29.986757906707275]","[false, false, false, false, false, false, false, false, false]",[],[],9eca73ad9bad80f2511ccc16880c8b3cbbd5bccfe7c067c9369b19ea6676458a,36ca7e75728b4e10d6833c63533344abe95de0495f6d0b0595dca43b5df88adb,"{""anomaly_count"": 0, ""confidence"": 1.0, ""temperature"": 29.756394218292172, ""timestamp"": ""2026-09-03T03:20:00+00:00"", ""zone"": ""zone-0""}","{""action_type"": ""maintain"", ""consensus_timestamp"": ""2026-09-03T03:20:00+00:00"", ""duration"": 1, ""magnitude"": 0.0, ""reasoning_summary"": ""Frozen bidirectional thermal pilot controller"", ""target_zone"": ""zone-0"", ""used_consensus"": true}"
11,0,nominal,none,oracle,201,29.71676138655959,29.71676138655959,0.0,26.0,0.7,0.5,0.5,maintain,supervisor,True,,,0,1.0,29.67942047563482,29.67942047563482,29.6926299552468,0,,0,,0.00010916683822870255,False,"[29.72420931085749, 29.354283233573767, 30.023181656218316, 29.661495237335362, 29.950394019979964, 30.072348370229896, 29.886672411466236, 30.129371143598092, 29.6773440944889]","[29.72420931085749, 29.354283233573767, 30.023181656218316, 29.661495237335362, 29.950394019979964, 30.072348370229896, 29.886672411466236, 30.129371143598092, 29.6773440944889]","[false, false, false, false, false, false, false, false, false]",[],[],06c57cd35e572294879b6aaa257e2e45f2048819e60a45716217f5b26dad1f59,e104052b27b4b32970245e1bb4cbf29cbdc22b010f9607b8c89c1c66bf3ee837,"{""anomaly_count"": 0, ""confidence"": 1.0, ""temperature"": 29.71676138655959, ""timestamp"": ""2026-09-03T03:21:00+00:00"", ""zone"": ""zone-0""}","{""action_type"": ""maintain"", ""consensus_timestamp"": ""2026-09-03T03:21:00+00:00"", ""duration"": 1, ""magnitude"": 0.0, ""reasoning_summary"": ""Frozen bidirectional thermal pilot controller"", ""target_zone"": ""zone-0"", ""used_consensus"": true}"
11,0,nominal,none,oracle,202,29.6926299552468,29.6926299552468,0.0,26.0,0.7,0.5,0.5,maintain,supervisor,True,,,0,1.0,29.657219558827055,29.657219558827055,29.68638126410623,0,,0,,0.00010912306606769562,False,"[29.564292788154784, 29.944503305181215, 29.566357501721086, 29.6687586047575, 29.692637219848688, 29.38006447715673, 29.742010748509678, 29.253220587957635, 29.849729402335775]","[29.564292788154784, 29.944503305181215, 29.566357501721086, 29.6687586047575, 29.692637219848688, 29.38006447715673, 29.742010748509678, 29.253220587957635, 29.849729402335775]","[false, false, false, false, false, false, false, false, false]",[],[],33b50d825665efdc8beecfbe578db54721965fdbc5ac105391c56b7283fa4eb2,44a8d0f6abde47219e5db8462cdf6a72d2ae3429c8fae9435f1a339b1cdf9e0d,"{""anomaly_count"": 0, ""confidence"": 1.0, ""temperature"": 29.6926299552468, ""timestamp"": ""2026-09-03T03:22:00+00:00"", ""zone"": ""zone-0""}","{""action_type"": ""maintain"", ""consensus_timestamp"": ""2026-09-03T03:22:00+00:00"", ""duration"": 1, ""magnitude"": 0.0, ""reasoning_summary"": ""Frozen bidirectional thermal pilot controller"", ""target_zone"": ""zone-0"", ""used_consensus"": true}"
11,0,nominal,none,oracle,203,29.68638126410623,29.68638126410623,0.0,26.0,0.7,0.5,0.5,maintain,supervisor,True,,,0,1.0,29.65147076297773,29.65147076297773,29.690953469854364,0,,0,,0.00010923109948635101,False,"[29.882765360266465, 29.670796538334944, 29.53305266102492, 29.592380042696693, 29.40442439879579, 29.64679843162835, 29.65637095198545, 29.5634472035906, 29.40411553402482]","[29.882765360266465, 29.670796538334944, 29.53305266102492, 29.592380042696693, 29.40442439879579, 29.64679843162835, 29.65637095198545, 29.5634472035906, 29.40411553402482]","[false, false, false, false, false, false, false, false, false]",[],[],f8ad26330752e99ac882e675f7f056d8e1643e0d0507a3a96f913ef6a717fa26,263da02a3d3709390a14ab074c2f112bec47d96d9a3bcc6d5bcae0d107744d62,"{""anomaly_count"": 0, ""confidence"": 1.0, ""temperature"": 29.68638126410623, ""timestamp"": ""2026-09-03T03:23:00+00:00"", ""zone"": ""zone-0""}","{""action_type"": ""maintain"", ""consensus_timestamp"": ""2026-09-03T03:23:00+00:00"", ""duration"": 1, ""magnitude"": 0.0, ""reasoning_summary"": ""Frozen bidirectional thermal pilot controller"", ""target_zone"": ""zone-0"", ""used_consensus"": true}"
11,0,nominal,none,oracle,204,29.690953469854364,29.690953469854364,0.0,26.0,0.7,0.5,0.4,decrease_fan_speed,supervisor,True,,,0,1.0,29.743677192266013,29.655677192266012,29.7648991371071,0,,0,,0.00011679437011480331,False,"[29.752192758862446, 30.01184883668331, 29.538910141208387, 29.62975639251633, 29.44190376695671, 29.64092759931852, 29.914619988567637, 29.316035285103297, 29.9613694152719]","[29.752192758862446, 30.01184883668331, 29.538910141208387, 29.62975639251633, 29.44190376695671, 29.64092759931852, 29.914619988567637, 29.316035285103297, 29.9613694152719]","[false, false, false, false, false, false, false, false, false]",[],[],791e8122d0c5466608aa1f1d7e28c84e985b721e355c66b11625cffaae671ca6,729d55e830f18699733da6f37714b23da9ccfcea0c7cfc36acb4ff17de3049bf,"{""anomaly_count"": 0, ""confidence"": 1.0, ""temperature"": 29.690953469854364, ""timestamp"": ""2026-09-03T03:24:00+00:00"", ""zone"": ""zone-0""}","{""action_type"": ""decrease_fan_speed"", ""consensus_timestamp"": ""2026-09-03T03:24:00+00:00"", ""duration"": 1, ""magnitude"": 0.1, ""reasoning_summary"": ""Frozen bidirectional thermal pilot controller"", ""target_zone"": ""zone-0"", ""used_consensus"": true}"
11,0,nominal,none,oracle,205,29.7648991371071,29.7648991371071,0.0,26.0,0.7,0.4,0.4,maintain,supervisor,True,,,0,1.0,29.811707206138532,29.811707206138532,29.895257380149765,0,,0,,0.00011441763490438461,False,"[29.648377879664285, 29.40742266919698, 29.5761491628485, 29.674003866902897, 29.796488573910654, 29.90169017702569, 29.764589824853843, 29.81409553911014, 29.871686923793508]","[29.648377879664285, 29.40742266919698, 29.5761491628485, 29.674003866902897, 29.796488573910654, 29.90169017702569, 29.764589824853843, 29.81409553911014, 29.871686923793508]","[false, false, false, false, false, false, false, false, false]",[],[],be267e89ccccb424bb121804849d40dee166296d8ccc7c34f84d41eb4d8e10d4,3d1ec233e915335b73c12982c5386eabe4489060b2412b3121ddd89e39a77245,"{""anomaly_count"": 0, ""confidence"": 1.0, ""temperature"": 29.7648991371071, ""timestamp"": ""2026-09-03T03:25:00+00:00"", ""zone"": ""zone-0""}","{""action_type"": ""maintain"", ""consensus_timestamp"": ""2026-09-03T03:25:00+00:00"", ""duration"": 1, ""magnitude"": 0.0, ""reasoning_summary"": ""Frozen bidirectional thermal pilot controller"", ""target_zone"": ""zone-0"", ""used_consensus"": true}"
11,0,nominal,none,oracle,206,29.895257380149765,29.895257380149765,0.0,26.0,0.7,0.4,0.4,maintain,supervisor,True,,,0,1.0,29.931636789737784,29.931636789737784,29.937143888876935,0,,0,,0.00010909046977758408,False,"[29.71825690091056, 30.29096299472014, 29.755085638446744, 30.223505440395304, 29.953522957764743, 30.026301829852475, 29.753922650746915, 29.79958870426765, 30.140530250736653]","[29.71825690091056, 30.29096299472014, 29.755085638446744, 30.223505440395304, 29.953522957764743, 30.026301829852475, 29.753922650746915, 29.79958870426765, 30.140530250736653]","[false, false, false, false, false, false, false, false, false]",[],[],25f670ff1cae83cce39cdcc3b648760d9c3291b3c6e7c8b3cd4248280fff1732,90eacfff7954fced9d81c367f7329461a3b52843540465eb09f223de5853462a,"{""anomaly_count"": 0, ""confidence"": 1.0, ""temperature"": 29.895257380149765, ""timestamp"": ""2026-09-03T03:26:00+00:00"", ""zone"": ""zone-0""}","{""action_type"": ""maintain"", ""consensus_timestamp"": ""2026-09-03T03:26:00+00:00"", ""duration"": 1, ""magnitude"": 0.0, ""reasoning_summary"": ""Frozen bidirectional thermal pilot controller"", ""target_zone"": ""zone-0"", ""used_consensus"": true}"
11,0,nominal,none,oracle,207,29.937143888876935,29.937143888876935,0.0,26.0,0.7,0.4,0.4,maintain,supervisor,True,,,0,1.0,29.97017237776678,29.97017237776678,29.99208927538961,0,,0,,0.00010845623910427094,False,"[29.635726782925925, 29.85974589142403, 30.183938981041965, 29.93134467236162, 29.961631205234866, 29.929586893527283, 30.060439775354016, 29.751810410083074, 29.624677885170893]","[29.635726782925925, 29.85974589142403, 30.183938981041965, 29.93134467236162, 29.961631205234866, 29.929586893527283, 30.060439775354016, 29.751810410083074, 29.624677885170893]","[false, false, false, false, false, false, false, false, false]",[],[],3d10e626d7ab93c8c4d374d8bfa5d616543130a9dc9948955011bcfca451e077,50b311f4656beb168d9bcf867c54a455d6dafdb2c33360c016fbfa0050fa9f9f,"{""anomaly_count"": 0, ""confidence"": 1.0, ""temperature"": 29.937143888876935, ""timestamp"": ""2026-09-03T03:27:00+00:00"", ""zone"": ""zone-0""}","{""action_type"": ""maintain"", ""consensus_timestamp"": ""2026-09-03T03:27:00+00:00"", ""duration"": 1, ""magnitude"": 0.0, ""reasoning_summary"": ""Frozen bidirectional thermal pilot controller"", ""target_zone"": ""zone-0"", ""used_consensus"": true}"
11,0,nominal,none,oracle,208,29.99208927538961,29.99208927538961,0.0,26.0,0.7,0.4,0.4,maintain,supervisor,True,,,0,1.0,30.02072213335844,30.02072213335844,30.044592526051463,0,,0,,0.00010750629007816315,False,"[30.133509410840684, 30.023695125143846, 30.090563857019877, 30.079073693685547, 29.85357810099456, 30.0469692592221, 29.931235717973028, 30.021219963121652, 29.91893835939746]","[30.133509410840684, 30.023695125143846, 30.090563857019877, 30.079073693685547, 29.85357810099456, 30.0469692592221, 29.931235717973028, 30.021219963121652, 29.91893835939746]","[false, false, false, false, false, false, false, false, false]",[],[],e2545174d690dfce871663d065231a894631a1e433ea1ea955dc6b0d91968703,920da9798cb4981a81461e5ee900041261776f85cbeceee34c095abcca0c421f,"{""anomaly_count"": 0, ""confidence"": 1.0, ""temperature"": 29.99208927538961, ""timestamp"": ""2026-09-03T03:28:00+00:00"", ""zone"": ""zone-0""}","{""action_type"": ""maintain"", ""consensus_timestamp"": ""2026-09-03T03:28:00+00:00"", ""duration"": 1, ""magnitude"": 0.0, ""reasoning_summary"": ""Frozen bidirectional thermal pilot controller"", ""target_zone"": ""zone-0"", ""used_consensus"": true}"
11,0,nominal,none,oracle,209,30.044592526051463,30.044592526051463,0.0,26.0,0.7,0.4,0.4,maintain,supervisor,True,,,0,1.0,30.069025123967347,30.069025123967347,30.098045023597624,0,,0,,0.00010461360216140747,False,"[29.927614613960102, 29.93368271274524, 30.25025604215801, 30.520516848815152, 30.14049685087123, 29.87662756673146, 29.777285358770797, 30.18027837466749, 30.207231404006]","[29.927614613960102, 29.93368271274524, 30.25025604215801, 30.520516848815152, 30.14049685087123, 29.87662756673146, 29.777285358770797, 30.18027837466749, 30.207231404006]","[false, false, false, false, false, false, false, false, false]",[],[],2b5c4ba11616f385c7ba68d0321798e625c538af0449ab4caf96889ec3556dd2,240573cb44b667c81418b9c027ffa52ce57adaeba0a3231766ae846659828af5,"{""anomaly_count"": 0, ""confidence"": 1.0, ""temperature"": 30.044592526051463, ""timestamp"": ""2026-09-03T03:29:00+00:00"", ""zone"": ""zone-0""}","{""action_type"": ""maintain"", ""consensus_timestamp"": ""2026-09-03T03:29:00+00:00"", ""duration"": 1, ""magnitude"": 0.0, ""reasoning_summary"": ""Frozen bidirectional thermal pilot controller"", ""target_zone"": ""zone-0"", ""used_consensus"": true}"
11,0,nominal,none,oracle,210,30.098045023597624,30.098045023597624,0.0,26.0,0.7,0.4,0.4,maintain,supervisor,True,,,0,1.0,30.118201421709813,30.118201421709813,30.097163286794913,0,,0,,0.00010787788778543472,False,"[29.86893585969255, 29.851703631329656, 30.269831858888892, 30.0615146964512, 30.42393079105954, 30.389291771278913, 30.339073163607594, 30.019022881893797, 29.930068417030917]","[29.86893585969255, 29.851703631329656, 30.269831858888892, 30.0615146964512, 30.42393079105954, 30.389291771278913, 30.339073163607594, 30.019022881893797, 29.930068417030917]","[false, false, false, false, false, false, false, false, false]",[],[],d1f947aff6ce021fe8e02ba5c186b4255086fbf683e546ea5c5e7d765b7f45c8,7f44f046ff57a1b3d40e44efafeb63341b99103d15ba368b84c54f1b67a4ba62,"{""anomaly_count"": 0, ""confidence"": 1.0, ""temperature"": 30.098045023597624, ""timestamp"": ""2026-09-03T03:30:00+00:00"", ""zone"": ""zone-0""}","{""action_type"": ""maintain"", ""consensus_timestamp"": ""2026-09-03T03:30:00+00:00"", ""duration"": 1, ""magnitude"": 0.0, ""reasoning_summary"": ""Frozen bidirectional thermal pilot controller"", ""target_zone"": ""zone-0"", ""used_consensus"": true}"
11,0,nominal,none,oracle,211,30.097163286794913,30.097163286794913,0.0,26.0,0.7,0.4,0.4,maintain,supervisor,True,,,0,1.0,30.11739022385132,30.11739022385132,30.15660008832894,0,,0,,0.00010560266673564911,False,"[30.03210605686843, 29.843038710270413, 29.94228644399859, 30.114144241380693, 30.072537411510336, 30.1596913605047, 29.919672922746447, 30.293242601791576, 30.601014891028473]","[30.03210605686843, 29.843038710270413, 29.94228644399859, 30.114144241380693, 30.072537411510336, 30.1596913605047, 29.919672922746447, 30.293242601791576, 30.601014891028473]","[false, false, false, false, false, false, false, false, false]",[],[],9615680ccd704f33d05dc4cb9c3c5a4c0583b929221677c257e7840a379b4f17,a2b82bf7d897214b227d8cc8e9ecf4315ee92f7730299ff6cd08ac2c04605a8d,"{""anomaly_count"": 0, ""confidence"": 1.0, ""temperature"": 30.097163286794913, ""timestamp"": ""2026-09-03T03:31:00+00:00"", ""zone"": ""zone-0""}","{""action_type"": ""maintain"", ""consensus_timestamp"": ""2026-09-03T03:31:00+00:00"", ""duration"": 1, ""magnitude"": 0.0, ""reasoning_summary"": ""Frozen bidirectional thermal pilot controller"", ""target_zone"": ""zone-0"", ""used_consensus"": true}"
11,0,nominal,none,oracle,212,30.15660008832894,30.15660008832894,0.0,26.0,0.7,0.4,0.4,maintain,supervisor,True,,,0,1.0,30.172072081262623,30.172072081262623,30.20046580402366,0,,0,,0.00010544341057538986,False,"[30.14243622141425, 30.288453286650494, 30.26728102699152, 30.07887507931702, 30.395098435863797, 30.29661074201559, 30.270483344832485, 30.304057591996884, 29.7490616091847]","[30.14243622141425, 30.288453286650494, 30.26728102699152, 30.07887507931702, 30.395098435863797, 30.29661074201559, 30.270483344832485, 30.304057591996884, 29.7490616091847]","[false, false, false, false, false, false, false, false, false]",[],[],d9d330a08503d54ae0e0c47dc0ea7337ac239a528b9b6babdb15c8641c37a66b,f8278406864e153e324e11424ea00bf77fc07ee20f8fc799dc5ad83a49bd130f,"{""anomaly_count"": 0, ""confidence"": 1.0, ""temperature"": 30.15660008832894, ""timestamp"": ""2026-09-03T03:32:00+00:00"", ""zone"": ""zone-0""}","{""action_type"": ""maintain"", ""consensus_timestamp"": ""2026-09-03T03:32:00+00:00"", ""duration"": 1, ""magnitude"": 0.0, ""reasoning_summary"": ""Frozen bidirectional thermal pilot controller"", ""target_zone"": ""zone-0"", ""used_consensus"": true}"
11,0,nominal,none,oracle,213,30.20046580402366,30.20046580402366,0.0,26.0,0.7,0.4,0.4,maintain,supervisor,True,,,0,1.0,30.21242853970177,30.21242853970177,30.269830657125915,0,,0,,0.00010674819350242615,False,"[30.30796905335104, 30.152012526586983, 29.9007894263551, 30.107233951156438, 30.12192523159941, 29.885632843172587, 30.705534804019784, 30.28688118791819, 30.33093593816386]","[30.30796905335104, 30.152012526586983, 29.9007894263551, 30.107233951156438, 30.12192523159941, 29.885632843172587, 30.705534804019784, 30.28688118791819, 30.33093593816386]","[false, false, false, false, false, false, false, false, false]",[],[],febc10f15b613e81d680d4c1d02d9ae9d918fc36f02ddf3b1772b29f52471848,757b1f7aa2c5aa723868064ca2b40a9d77a142ab519b43c8eb763ee90f7c5b6d,"{""anomaly_count"": 0, ""confidence"": 1.0, ""temperature"": 30.20046580402366, ""timestamp"": ""2026-09-03T03:33:00+00:00"", ""zone"": ""zone-0""}","{""action_type"": ""maintain"", ""consensus_timestamp"": ""2026-09-03T03:33:00+00:00"", ""duration"": 1, ""magnitude"": 0.0, ""reasoning_summary"": ""Frozen bidirectional thermal pilot controller"", ""target_zone"": ""zone-0"", ""used_consensus"": true}"
11,0,nominal,none,oracle,214,30.269830657125915,30.269830657125915,0.0,26.0,0.7,0.4,0.4,maintain,supervisor,True,,,0,1.0,30.27624420455584,30.27624420455584,30.287478369020043,0,,0,,0.00010612420737743378,False,"[30.772281799685466, 30.49602406630123, 30.0335696789642, 30.1577917548385, 30.30125066572305, 30.25015313100578, 30.285188224257283, 30.2351704349851, 30.284401647872404]","[30.772281799685466, 30.49602406630123, 30.0335696789642, 30.1577917548385, 30.30125066572305, 30.25015313100578, 30.285188224257283, 30.2351704349851, 30.284401647872404]","[false, false, false, false, false, false, false, false, false]",[],[],8f8e6c918840c063821d84463bc63e59bf8878921f1d29ef1dfd40df054f756c,74a2d90170f02308c5775cd77e2ee98fb7831adae0dbae28bee63b3c19cd0107,"{""anomaly_count"": 0, ""confidence"": 1.0, ""temperature"": 30.269830657125915, ""timestamp"": ""2026-09-03T03:34:00+00:00"", ""zone"": ""zone-0""}","{""action_type"": ""maintain"", ""consensus_timestamp"": ""2026-09-03T03:34:00+00:00"", ""duration"": 1, ""magnitude"": 0.0, ""reasoning_summary"": ""Frozen bidirectional thermal pilot controller"", ""target_zone"": ""zone-0"", ""used_consensus"": true}"
11,0,nominal,none,oracle,215,30.287478369020043,30.287478369020043,0.0,26.0,0.7,0.4,0.4,maintain,supervisor,True,,,0,1.0,30.292480099498437,30.292480099498437,30.311675343102443,0,,0,,0.00010788720101118088,False,"[30.074313682513864, 30.13506853485335, 30.030358105517113, 30.13838342292816, 30.21463527742209, 30.48558771780488, 30.123990404788533, 30.357671967841352, 30.534237425328826]","[30.074313682513864, 30.13506853485335, 30.030358105517113, 30.13838342292816, 30.21463527742209, 30.48558771780488, 30.123990404788533, 30.357671967841352, 30.534237425328826]","[false, false, false, false, false, false, false, false, false]",[],[],b3f951f28c4958b287064ad22d9d3ebb1e6305732d087cd8ab97c6b459cd8144,8fc83baf4dc8a652c8e85a8ad0f3bc87dba51e39ef3e6fb5fe34b3abc235340a,"{""anomaly_count"": 0, ""confidence"": 1.0, ""temperature"": 30.287478369020043, ""timestamp"": ""2026-09-03T03:35:00+00:00"", ""zone"": ""zone-0""}","{""action_type"": ""maintain"", ""consensus_timestamp"": ""2026-09-03T03:35:00+00:00"", ""duration"": 1, ""magnitude"": 0.0, ""reasoning_summary"": ""Frozen bidirectional thermal pilot controller"", ""target_zone"": ""zone-0"", ""used_consensus"": true}"
11,0,nominal,none,oracle,216,30.311675343102443,30.311675343102443,0.0,26.0,0.7,0.4,0.5,increase_fan_speed,supervisor,True,,,0,1.0,30.226741315654245,30.314741315654246,30.267478611477582,0,,0,,0.00012203119695186615,False,"[30.41882439143895, 30.345524951852088, 30.203938196622328, 30.01134048388064, 30.219269693238527, 30.41372298339636, 30.332058769000895, 30.380744321829265, 30.642878087848988]","[30.41882439143895, 30.345524951852088, 30.203938196622328, 30.01134048388064, 30.219269693238527, 30.41372298339636, 30.332058769000895, 30.380744321829265, 30.642878087848988]","[false, false, false, false, false, false, false, false, false]",[],[],2b3ce740a715cf9b1090b85afacbe7d26d31d60d67121d43a27fa272bddf648e,bf969adc38e8062bb64a73cc738eac7d78981fcb912406c6b22fe754cec45be9,"{""anomaly_count"": 0, ""confidence"": 1.0, ""temperature"": 30.311675343102443, ""timestamp"": ""2026-09-03T03:36:00+00:00"", ""zone"": ""zone-0""}","{""action_type"": ""increase_fan_speed"", ""consensus_timestamp"": ""2026-09-03T03:36:00+00:00"", ""duration"": 1, ""magnitude"": 0.1, ""reasoning_summary"": ""Frozen bidirectional thermal pilot controller"", ""target_zone"": ""zone-0"", ""used_consensus"": true}"
11,0,nominal,none,oracle,217,30.267478611477582,30.267478611477582,0.0,26.0,0.7,0.5,0.5,maintain,supervisor,True,,,0,1.0,30.186080322559373,30.186080322559373,30.24162945890049,0,,0,,0.00010867975652217865,False,"[30.610337702391245, 30.317379973394, 30.179401319618638, 29.97312038286228, 30.407932678921657, 30.321358487972777, 30.091915923367544, 29.81119091339546, 30.298446606996286]","[30.610337702391245, 30.317379973394, 30.179401319618638, 29.97312038286228, 30.407932678921657, 30.321358487972777, 30.091915923367544, 29.81119091339546, 30.298446606996286]","[false, false, false, false, false, false, false, false, false]",[],[],557f23b7e00b8c57943ceb2edafb63d1ec3ea2fb54ff7f3e1d47821a986eedff,6b9fc9e3568a8cc62bb1b2b1153eee8767f71a9c5c0f4bcaa8a15865de4ec1c8,"{""anomaly_count"": 0, ""confidence"": 1.0, ""temperature"": 30.267478611477582, ""timestamp"": ""2026-09-03T03:37:00+00:00"", ""zone"": ""zone-0""}","{""action_type"": ""maintain"", ""consensus_timestamp"": ""2026-09-03T03:37:00+00:00"", ""duration"": 1, ""magnitude"": 0.0, ""reasoning_summary"": ""Frozen bidirectional thermal pilot controller"", ""target_zone"": ""zone-0"", ""used_consensus"": true}"
11,0,nominal,none,oracle,218,30.24162945890049,30.24162945890049,0.0,26.0,0.7,0.5,0.5,maintain,supervisor,True,,,0,1.0,30.16229910218845,30.16229910218845,30.18475431325116,0,,0,,0.00010716728866100311,False,"[30.605317055676874, 30.465887911386844, 30.185329285309503, 30.401735213950786, 30.54724715775735, 30.278603744188487, 30.20520923861332, 30.358706220237142, 30.515087378404598]","[30.605317055676874, 30.465887911386844, 30.185329285309503, 30.401735213950786, 30.54724715775735, 30.278603744188487, 30.20520923861332, 30.358706220237142, 30.515087378404598]","[false, false, false, false, false, false, false, false, false]",[],[],bb3f5fe566344bc9e57f0ac1558680b37339d794b1773890dd53e7d8b2cdc364,ea39b77cead6b93f25ad1a1bcd9ea97ee40ff91f03b3c9ee95831d115bc6187d,"{""anomaly_count"": 0, ""confidence"": 1.0, ""temperature"": 30.24162945890049, ""timestamp"": ""2026-09-03T03:38:00+00:00"", ""zone"": ""zone-0""}","{""action_type"": ""maintain"", ""consensus_timestamp"": ""2026-09-03T03:38:00+00:00"", ""duration"": 1, ""magnitude"": 0.0, ""reasoning_summary"": ""Frozen bidirectional thermal pilot controller"", ""target_zone"": ""zone-0"", ""used_consensus"": true}"
11,0,nominal,none,oracle,219,30.18475431325116,30.18475431325116,0.0,26.0,0.7,0.5,0.5,maintain,supervisor,True,,,0,1.0,30.109973968191067,30.109973968191067,30.13330499336235,0,,0,,0.00011265836656093597,False,"[30.07994171322495, 30.391737751179658, 30.22430454657717, 30.54010597089459, 30.005166804432555, 30.261021753055704, 30.166933619423506, 29.824126069082116, 30.16227698457241]","[30.07994171322495, 30.391737751179658, 30.22430454657717, 30.54010597089459, 30.005166804432555, 30.261021753055704, 30.166933619423506, 29.824126069082116, 30.16227698457241]","[false, false, false, false, false, false, false, false, false]",[],[],10c545268ec9f985a0169d046f342f6aeaf3ff5482db2281c91c3e6e5910a7e1,56943a266eb28f089e6ea16391c6128086d986f281aebb2eb18b23e637c0574e,"{""anomaly_count"": 0, ""confidence"": 1.0, ""temperature"": 30.18475431325116, ""timestamp"": ""2026-09-03T03:39:00+00:00"", ""zone"": ""zone-0""}","{""action_type"": ""maintain"", ""consensus_timestamp"": ""2026-09-03T03:39:00+00:00"", ""duration"": 1, ""magnitude"": 0.0, ""reasoning_summary"": ""Frozen bidirectional thermal pilot controller"", ""target_zone"": ""zone-0"", ""used_consensus"": true}"
11,0,nominal,none,oracle,220,30.13330499336235,30.13330499336235,0.0,26.0,0.7,0.5,0.5,maintain,supervisor,True,,,0,1.0,30.062640593893363,30.062640593893363,30.12065187225242,0,,0,,0.00010665971785783768,False,"[30.092732330408005, 30.406381894859514, 30.035080679914838, 30.47413646511409, 30.256282337249868, 30.45947341532342, 30.060459123534624, 30.399531875848318, 30.19757489145071]","[30.092732330408005, 30.406381894859514, 30.035080679914838, 30.47413646511409, 30.256282337249868, 30.45947341532342, 30.060459123534624, 30.399531875848318, 30.19757489145071]","[false, false, false, false, false, false, false, false, false]",[],[],63252b89e35fcad83fff73036eaf8d05d67293a0affcf54126306c46b1441491,76dd22f6d5210a8a7cdf37daa76482e4851248e6ad34ba058f3845a5825345aa,"{""anomaly_count"": 0, ""confidence"": 1.0, ""temperature"": 30.13330499336235, ""timestamp"": ""2026-09-03T03:40:00+00:00"", ""zone"": ""zone-0""}","{""action_type"": ""maintain"", ""consensus_timestamp"": ""2026-09-03T03:40:00+00:00"", ""duration"": 1, ""magnitude"": 0.0, ""reasoning_summary"": ""Frozen bidirectional thermal pilot controller"", ""target_zone"": ""zone-0"", ""used_consensus"": true}"
11,0,nominal,none,oracle,221,30.12065187225242,30.12065187225242,0.0,26.0,0.7,0.5,0.5,maintain,supervisor,True,,,0,1.0,30.050999722472223,30.050999722472223,30.091786854844667,0,,0,,0.00010964460670948029,False,"[30.08585876904404, 30.50465555053818, 30.069118239076868, 30.213722792109206, 30.375845994562614, 30.276380800723853, 29.90774137813494, 30.25099093286017, 30.088607199500615]","[30.08585876904404, 30.50465555053818, 30.069118239076868, 30.213722792109206, 30.375845994562614, 30.276380800723853, 29.90774137813494, 30.25099093286017, 30.088607199500615]","[false, false, false, false, false, false, false, false, false]",[],[],fa2472e7abf76b8e74524e6b039c0db96b8c7037f4d8c4459f77fdb09d49e20e,458b2204387327d5a3a9d35d9501e8e59b568ead794fdad88cc53529227940dc,"{""anomaly_count"": 0, ""confidence"": 1.0, ""temperature"": 30.12065187225242, ""timestamp"": ""2026-09-03T03:41:00+00:00"", ""zone"": ""zone-0""}","{""action_type"": ""maintain"", ""consensus_timestamp"": ""2026-09-03T03:41:00+00:00"", ""duration"": 1, ""magnitude"": 0.0, ""reasoning_summary"": ""Frozen bidirectional thermal pilot controller"", ""target_zone"": ""zone-0"", ""used_consensus"": true}"
11,0,nominal,none,oracle,222,30.091786854844667,30.091786854844667,0.0,26.0,0.7,0.5,0.5,maintain,supervisor,True,,,0,1.0,30.02444390645709,30.02444390645709,30.080298194071787,0,,0,,0.0001146998256444931,False,"[29.96535948222437, 30.333079164708984, 29.979403697699045, 30.538746370517895, 29.99230705390088, 30.080088844868822, 30.13857818159732, 29.82583544904533, 29.92895553476797]","[29.96535948222437, 30.333079164708984, 29.979403697699045, 30.538746370517895, 29.99230705390088, 30.080088844868822, 30.13857818159732, 29.82583544904533, 29.92895553476797]","[false, false, false, false, false, false, false, false, false]",[],[],85315cd2d04dd83817a6d2c00012aef6d9e1be3561a06cde167259f076d5bc35,b2aa1fedffef44e2ea75804d1b268a8d1011576c7b1c469bf8a5fd41fbc2d391,"{""anomaly_count"": 0, ""confidence"": 1.0, ""temperature"": 30.091786854844667, ""timestamp"": ""2026-09-03T03:42:00+00:00"", ""zone"": ""zone-0""}","{""action_type"": ""maintain"", ""consensus_timestamp"": ""2026-09-03T03:42:00+00:00"", ""duration"": 1, ""magnitude"": 0.0, ""reasoning_summary"": ""Frozen bidirectional thermal pilot controller"", ""target_zone"": ""zone-0"", ""used_consensus"": true}"
11,0,nominal,none,oracle,223,30.080298194071787,30.080298194071787,0.0,26.0,0.7,0.5,0.5,maintain,supervisor,True,,,0,1.0,30.013874338546042,30.013874338546042,30.06346497987769,0,,0,,0.00010796822607517242,False,"[29.92419367026902, 30.038209708130573, 29.946574526961875, 30.111776671054965, 30.152841647249137, 29.93036264383705, 30.15295831271076, 30.37127126675625, 29.923354281699748]","[29.92419367026902, 30.038209708130573, 29.946574526961875, 30.111776671054965, 30.152841647249137, 29.93036264383705, 30.15295831271076, 30.37127126675625, 29.923354281699748]","[false, false, false, false, false, false, false, false, false]",[],[],bde086868d213be178bf8ba1482f5257fd44d21337041b222bb0ef0ed38e2817,c956244a72398e4d8986c4ea3a267fbb62dd8e0434fafbb2c711bd57765822a7,"{""anomaly_count"": 0, ""confidence"": 1.0, ""temperature"": 30.080298194071787, ""timestamp"": ""2026-09-03T03:43:00+00:00"", ""zone"": ""zone-0""}","{""action_type"": ""maintain"", ""consensus_timestamp"": ""2026-09-03T03:43:00+00:00"", ""duration"": 1, ""magnitude"": 0.0, ""reasoning_summary"": ""Frozen bidirectional thermal pilot controller"", ""target_zone"": ""zone-0"", ""used_consensus"": true}"
11,0,nominal,none,oracle,224,30.06346497987769,30.06346497987769,0.0,26.0,0.7,0.5,0.5,maintain,supervisor,True,,,0,1.0,29.998387781487473,29.998387781487473,30.06765187671241,0,,0,,0.00011037103831768036,False,"[30.0426101454443, 30.047487784591986, 30.1212857257696, 29.968447378833986, 29.940566701985347, 29.831281045717766, 30.36812343358504, 29.944245495442466, 29.886718376312547]","[30.0426101454443, 30.047487784591986, 30.1212857257696, 29.968447378833986, 29.940566701985347, 29.831281045717766, 30.36812343358504, 29.944245495442466, 29.886718376312547]","[false, false, false, false, false, false, false, false, false]",[],[],b1e8f51521b7127d40431aa8db055a14387bd0385939385b65a8ce07ad6590c7,7d2259e24d8f904f042b812655b1054111a94af3e8fc760f89248d6827397388,"{""anomaly_count"": 0, ""confidence"": 1.0, ""temperature"": 30.06346497987769, ""timestamp"": ""2026-09-03T03:44:00+00:00"", ""zone"": ""zone-0""}","{""action_type"": ""maintain"", ""consensus_timestamp"": ""2026-09-03T03:44:00+00:00"", ""duration"": 1, ""magnitude"": 0.0, ""reasoning_summary"": ""Frozen bidirectional thermal pilot controller"", ""target_zone"": ""zone-0"", ""used_consensus"": true}"
11,0,nominal,none,oracle,225,30.06765187671241,30.06765187671241,0.0,26.0,0.7,0.5,0.5,maintain,supervisor,True,,,0,1.0,30.002239726575414,30.002239726575414,30.030572176774687,0,,0,,0.0001079486683011055,False,"[30.12384277383061, 29.871099557716178, 30.098213627786095, 30.060798755000985, 30.19688342691089, 30.03753360227884, 30.18811700337896, 30.1631467417801, 29.918176097311957]","[30.12384277383061, 29.871099557716178, 30.098213627786095, 30.060798755000985, 30.19688342691089, 30.03753360227884, 30.18811700337896, 30.1631467417801, 29.918176097311957]","[false, false, false, false, false, false, false, false, false]",[],[],1f1fcdd430cf9589d3accc7d23cd3487a26fa377dfc4ed958d2eb37a57e9aca5,366374b690eced66b22282eacd68df473806af3c7e8343080f17259e5129216f,"{""anomaly_count"": 0, ""confidence"": 1.0, ""temperature"": 30.06765187671241, ""timestamp"": ""2026-09-03T03:45:00+00:00"", ""zone"": ""zone-0""}","{""action_type"": ""maintain"", ""consensus_timestamp"": ""2026-09-03T03:45:00+00:00"", ""duration"": 1, ""magnitude"": 0.0, ""reasoning_summary"": ""Frozen bidirectional thermal pilot controller"", ""target_zone"": ""zone-0"", ""used_consensus"": true}"
11,0,nominal,none,oracle,226,30.030572176774687,30.030572176774687,0.0,26.0,0.7,0.5,0.5,maintain,supervisor,True,,,0,1.0,29.96812640263271,29.96812640263271,30.02509269034216,0,,0,,0.00011117663234472275,False,"[30.142414758657477, 30.27298356029455, 30.055711961216925, 30.34134834457317, 30.12142618701389, 29.61287968856033, 29.973699756602855, 29.927872366123925, 29.94764589650434]","[30.142414758657477, 30.27298356029455, 30.055711961216925, 30.34134834457317, 30.12142618701389, 29.61287968856033, 29.973699756602855, 29.927872366123925, 29.94764589650434]","[false, false, false, false, false, false, false, false, false]",[],[],3b17bd7049c826540650a66644a3d355110ca57f1cc9b1e00c9aabd6c246ba2f,1b11a41108f9bb47bb2f29141b95d7841264456ef8c5fdb0e39d672403e8e444,"{""anomaly_count"": 0, ""confidence"": 1.0, ""temperature"": 30.030572176774687, ""timestamp"": ""2026-09-03T03:46:00+00:00"", ""zone"": ""zone-0""}","{""action_type"": ""maintain"", ""consensus_timestamp"": ""2026-09-03T03:46:00+00:00"", ""duration"": 1, ""magnitude"": 0.0, ""reasoning_summary"": ""Frozen bidirectional thermal pilot controller"", ""target_zone"": ""zone-0"", ""used_consensus"": true}"
11,0,nominal,none,oracle,227,30.02509269034216,30.02509269034216,0.0,26.0,0.7,0.5,0.5,maintain,supervisor,True,,,0,1.0,29.963085275114786,29.963085275114786,29.98098695061596,0,,0,,0.00011194124817848206,False,"[29.649790048135916, 29.74928700220029, 29.907679700747146, 30.149435446874147, 29.80216426904756, 30.14442980379798, 29.865723743289884, 30.148981377578504, 30.056669414975893]","[29.649790048135916, 29.74928700220029, 29.907679700747146, 30.149435446874147, 29.80216426904756, 30.14442980379798, 29.865723743289884, 30.148981377578504, 30.056669414975893]","[false, false, false, false, false, false, false, false, false]",[],[],03d9b4f38068a6cfad685b9414d98a3c22539b13b25a2ed7a26a89b088db855a,f0da82da9463cbc1ab51a960e18c52663d12faa4fc8d1df54944ef2ecced5eb6,"{""anomaly_count"": 0, ""confidence"": 1.0, ""temperature"": 30.02509269034216, ""timestamp"": ""2026-09-03T03:47:00+00:00"", ""zone"": ""zone-0""}","{""action_type"": ""maintain"", ""consensus_timestamp"": ""2026-09-03T03:47:00+00:00"", ""duration"": 1, ""magnitude"": 0.0, ""reasoning_summary"": ""Frozen bidirectional thermal pilot controller"", ""target_zone"": ""zone-0"", ""used_consensus"": true}"
11,0,nominal,none,oracle,228,29.98098695061596,29.98098695061596,0.0,26.0,0.7,0.5,0.5,maintain,supervisor,True,,,0,1.0,29.922507994566683,29.922507994566683,29.98240309128368,0,,0,,0.00011101830750703812,False,"[30.526866095162497, 30.09172989319742, 29.84084925632182, 29.712249434479453, 29.807386100269234, 29.91047891115813, 30.366897995320414, 29.99138871669257, 30.292903608007375]","[30.526866095162497, 30.09172989319742, 29.84084925632182, 29.712249434479453, 29.807386100269234, 29.91047891115813, 30.366897995320414, 29.99138871669257, 30.292903608007375]","[false, false, false, false, false, false, false, false, false]",[],[],0819bc89f09864ae297ecb34f827807d368d64d78626635a49b4a5f004e9915a,b9965cc1a46f75f882f6f9ef47e5751c81137b12ea0a621172376e56832d1de5,"{""anomaly_count"": 0, ""confidence"": 1.0, ""temperature"": 29.98098695061596, ""timestamp"": ""2026-09-03T03:48:00+00:00"", ""zone"": ""zone-0""}","{""action_type"": ""maintain"", ""consensus_timestamp"": ""2026-09-03T03:48:00+00:00"", ""duration"": 1, ""magnitude"": 0.0, ""reasoning_summary"": ""Frozen bidirectional thermal pilot controller"", ""target_zone"": ""zone-0"", ""used_consensus"": true}"
11,0,nominal,none,oracle,229,29.98240309128368,29.98240309128368,0.0,26.0,0.7,0.5,0.5,maintain,supervisor,True,,,0,1.0,29.923810843980984,29.923810843980984,29.94886315965057,0,,0,,0.00010823458433151245,False,"[29.816443785865978, 30.361096037746726, 30.21225440365497, 30.228988153029118, 29.967326339689805, 30.404176816499923, 30.00800048940381, 29.79521574534753, 29.93250808451987]","[29.816443785865978, 30.361096037746726, 30.21225440365497, 30.228988153029118, 29.967326339689805, 30.404176816499923, 30.00800048940381, 29.79521574534753, 29.93250808451987]","[false, false, false, false, false, false, false, false, false]",[],[],d28fb0ea1fd17154b5c72dfb772e7736c3ce9e17f1744adb8d5bc208360024c1,74f6fc3088525a1396add6f4b973a5124697af874fe746668f5fd3bdd95deeb9,"{""anomaly_count"": 0, ""confidence"": 1.0, ""temperature"": 29.98240309128368, ""timestamp"": ""2026-09-03T03:49:00+00:00"", ""zone"": ""zone-0""}","{""action_type"": ""maintain"", ""consensus_timestamp"": ""2026-09-03T03:49:00+00:00"", ""duration"": 1, ""magnitude"": 0.0, ""reasoning_summary"": ""Frozen bidirectional thermal pilot controller"", ""target_zone"": ""zone-0"", ""used_consensus"": true}"
11,0,nominal,none,oracle,230,29.94886315965057,29.94886315965057,0.0,26.0,0.7,0.5,0.5,maintain,supervisor,True,,,0,1.0,29.892954106878523,29.892954106878523,29.95043718200251,0,,0,,0.00010927021503448486,False,"[30.2795092738181, 29.798079375983992, 29.98084452258197, 29.705056095619675, 29.983452132618368, 30.181397598535646, 29.585872775958435, 30.031976294903394, 30.029966212097086]","[30.2795092738181, 29.798079375983992, 29.98084452258197, 29.705056095619675, 29.983452132618368, 30.181397598535646, 29.585872775958435, 30.031976294903394, 30.029966212097086]","[false, false, false, false, false, false, false, false, false]",[],[],9ebc991a6258b185d47fa03a1c31d737320c9608f61f8c22757a64e6d6426553,5dbff0243e89d7f1a34f26711bdcb7fe6288ca7524f05ece199aebae2cb404dc,"{""anomaly_count"": 0, ""confidence"": 1.0, ""temperature"": 29.94886315965057, ""timestamp"": ""2026-09-03T03:50:00+00:00"", ""zone"": ""zone-0""}","{""action_type"": ""maintain"", ""consensus_timestamp"": ""2026-09-03T03:50:00+00:00"", ""duration"": 1, ""magnitude"": 0.0, ""reasoning_summary"": ""Frozen bidirectional thermal pilot controller"", ""target_zone"": ""zone-0"", ""used_consensus"": true}"
11,0,nominal,none,oracle,231,29.95043718200251,29.95043718200251,0.0,26.0,0.7,0.5,0.5,maintain,supervisor,True,,,0,1.0,29.894402207442308,29.894402207442308,29.945721319712234,0,,0,,0.000681987963616848,False,"[29.94798615926228, 30.218524528122586, 29.904772837710524, 29.907069349520786, 30.169420371613803, 29.813554354593283, 30.093582941097356, 29.97429551627245, 29.88237951016015]","[29.94798615926228, 30.218524528122586, 29.904772837710524, 29.907069349520786, 30.169420371613803, 29.813554354593283, 30.093582941097356, 29.97429551627245, 29.88237951016015]","[false, false, false, false, false, false, false, false, false]",[],[],1b85691dcc1c71115e39b86a3c201881cbc43ad4c245a91c4686a76869ac1fb1,090ec5322dc6da4a371a4e556291cc48162e4c63896022a1c3551bcb9c504173,"{""anomaly_count"": 0, ""confidence"": 1.0, ""temperature"": 29.95043718200251, ""timestamp"": ""2026-09-03T03:51:00+00:00"", ""zone"": ""zone-0""}","{""action_type"": ""maintain"", ""consensus_timestamp"": ""2026-09-03T03:51:00+00:00"", ""duration"": 1, ""magnitude"": 0.0, ""reasoning_summary"": ""Frozen bidirectional thermal pilot controller"", ""target_zone"": ""zone-0"", ""used_consensus"": true}"
11,0,nominal,none,oracle,232,29.945721319712234,29.945721319712234,0.0,26.0,0.7,0.5,0.5,maintain,supervisor,True,,,0,1.0,29.890063614135254,29.890063614135254,29.908980361490073,0,,0,,0.0001504030078649521,False,"[29.914735227585098, 29.98548185529696, 30.04162332698453, 29.827758776282305, 30.063666741073607, 30.154306585429, 30.00853956415403, 29.52547402288023, 30.197502925705194]","[29.914735227585098, 29.98548185529696, 30.04162332698453, 29.827758776282305, 30.063666741073607, 30.154306585429, 30.00853956415403, 29.52547402288023, 30.197502925705194]","[false, false, false, false, false, false, false, false, false]",[],[],888e7aad805d032c7899d996972381193f14401633f489296a4896e8d5233b78,b81e99b55ea2006af6078003855d73d151592b91631a812e9806b08701856347,"{""anomaly_count"": 0, ""confidence"": 1.0, ""temperature"": 29.945721319712234, ""timestamp"": ""2026-09-03T03:52:00+00:00"", ""zone"": ""zone-0""}","{""action_type"": ""maintain"", ""consensus_timestamp"": ""2026-09-03T03:52:00+00:00"", ""duration"": 1, ""magnitude"": 0.0, ""reasoning_summary"": ""Frozen bidirectional thermal pilot controller"", ""target_zone"": ""zone-0"", ""used_consensus"": true}"
11,0,nominal,none,oracle,233,29.908980361490073,29.908980361490073,0.0,26.0,0.7,0.5,0.5,maintain,supervisor,True,,,0,1.0,29.856261932570867,29.856261932570867,29.87501490815693,0,,0,,0.00012017320841550827,False,"[30.003378307482514, 29.96449482092492, 29.985656802098067, 30.01100148322162, 30.0339650279731, 29.893406174173453, 30.274011242461867, 30.058245386566643, 30.018268341780068]","[30.003378307482514, 29.96449482092492, 29.985656802098067, 30.01100148322162, 30.0339650279731, 29.893406174173453, 30.274011242461867, 30.058245386566643, 30.018268341780068]","[false, false, false, false, false, false, false, false, false]",[],[],8899dfdfad1797b2a3059f7655a650edb06f86934cd15b171a2b50df25e107a8,5c448b900d54354967b13d3f02a04a44a7e0cee750cfd968fb053ab5bd936d27,"{""anomaly_count"": 0, ""confidence"": 1.0, ""temperature"": 29.908980361490073, ""timestamp"": ""2026-09-03T03:53:00+00:00"", ""zone"": ""zone-0""}","{""action_type"": ""maintain"", ""consensus_timestamp"": ""2026-09-03T03:53:00+00:00"", ""duration"": 1, ""magnitude"": 0.0, ""reasoning_summary"": ""Frozen bidirectional thermal pilot controller"", ""target_zone"": ""zone-0"", ""used_consensus"": true}"
11,0,nominal,none,oracle,234,29.87501490815693,29.87501490815693,0.0,26.0,0.7,0.5,0.5,maintain,supervisor,True,,,0,1.0,29.825013715504376,29.825013715504376,29.857040074885717,0,,0,,0.00012034084647893906,False,"[30.01095113233196, 29.785244706485337, 30.00533775062384, 30.02477812969696, 29.743371328712257, 29.611272177102727, 30.28736123417955, 29.976489381896236, 29.73860101259585]","[30.01095113233196, 29.785244706485337, 30.00533775062384, 30.02477812969696, 29.743371328712257, 29.611272177102727, 30.28736123417955, 29.976489381896236, 29.73860101259585]","[false, false, false, false, false, false, false, false, false]",[],[],c8f8d26ffb94fa4168be8ca21ac3a467f4eab794f62ff31ea144716c1a2973bb,08b5192d9b07241bb202dc86bfb4fc7ae1f8754fa09fc9e6e41aa74b63d8c244,"{""anomaly_count"": 0, ""confidence"": 1.0, ""temperature"": 29.87501490815693, ""timestamp"": ""2026-09-03T03:54:00+00:00"", ""zone"": ""zone-0""}","{""action_type"": ""maintain"", ""consensus_timestamp"": ""2026-09-03T03:54:00+00:00"", ""duration"": 1, ""magnitude"": 0.0, ""reasoning_summary"": ""Frozen bidirectional thermal pilot controller"", ""target_zone"": ""zone-0"", ""used_consensus"": true}"
11,0,nominal,none,oracle,235,29.857040074885717,29.857040074885717,0.0,26.0,0.7,0.5,0.5,maintain,supervisor,True,,,0,1.0,29.808476868894857,29.808476868894857,29.866381618829298,0,,0,,0.00011480040848255157,False,"[29.99180568781317, 29.537684709308547, 29.819837551709192, 29.589729401065775, 29.89957171521194, 30.042348112009222, 29.844283290584475, 30.033326868086444, 29.600588643180018]","[29.99180568781317, 29.537684709308547, 29.819837551709192, 29.589729401065775, 29.89957171521194, 30.042348112009222, 29.844283290584475, 30.033326868086444, 29.600588643180018]","[false, false, false, false, false, false, false, false, false]",[],[],46720ab690fde15403e6cf9b31af32a5fd3bd61c1ed3dbf14dded98e8b6e62ac,31249f9706ed48b70759b48cda328070947cbd62b869c2f906c18b6d68bd8cf5,"{""anomaly_count"": 0, ""confidence"": 1.0, ""temperature"": 29.857040074885717, ""timestamp"": ""2026-09-03T03:55:00+00:00"", ""zone"": ""zone-0""}","{""action_type"": ""maintain"", ""consensus_timestamp"": ""2026-09-03T03:55:00+00:00"", ""duration"": 1, ""magnitude"": 0.0, ""reasoning_summary"": ""Frozen bidirectional thermal pilot controller"", ""target_zone"": ""zone-0"", ""used_consensus"": true}"
11,0,nominal,none,oracle,236,29.866381618829298,29.866381618829298,0.0,26.0,0.7,0.5,0.5,maintain,supervisor,True,,,0,1.0,29.81707108932295,29.81707108932295,29.84364228958092,0,,0,,0.00011093076318502426,False,"[29.740240432432046, 29.78054462149228, 29.702484755695696, 29.83998941029012, 29.993124664157225, 30.02777608798204, 29.800442264352547, 29.8045558936848, 29.85385149497409]","[29.740240432432046, 29.78054462149228, 29.702484755695696, 29.83998941029012, 29.993124664157225, 30.02777608798204, 29.800442264352547, 29.8045558936848, 29.85385149497409]","[false, false, false, false, false, false, false, false, false]",[],[],450c9a3a9acb6463b89da0cfdacc22939d186dd210b18c50c456f9856f0af3e6,8a6f3bb1ba7558e3926952dc3d8adcfc4fb85cf8e499368b4f10e086a997ada7,"{""anomaly_count"": 0, ""confidence"": 1.0, ""temperature"": 29.866381618829298, ""timestamp"": ""2026-09-03T03:56:00+00:00"", ""zone"": ""zone-0""}","{""action_type"": ""maintain"", ""consensus_timestamp"": ""2026-09-03T03:56:00+00:00"", ""duration"": 1, ""magnitude"": 0.0, ""reasoning_summary"": ""Frozen bidirectional thermal pilot controller"", ""target_zone"": ""zone-0"", ""used_consensus"": true}"
11,0,nominal,none,oracle,237,29.84364228958092,29.84364228958092,0.0,26.0,0.7,0.5,0.5,maintain,supervisor,True,,,0,1.0,29.796150906414443,29.796150906414443,29.847600103265396,0,,0,,0.00010971352458000183,False,"[29.736469253013485, 29.786437920500823, 29.435430156159875, 30.009827891202143, 30.070734679705964, 30.00314600059649, 30.11415320169623, 29.711208241412255, 29.642180295812846]","[29.736469253013485, 29.786437920500823, 29.435430156159875, 30.009827891202143, 30.070734679705964, 30.00314600059649, 30.11415320169623, 29.711208241412255, 29.642180295812846]","[false, false, false, false, false, false, false, false, false]",[],[],162b33dff4a2110351e19d88e2c170ca4e6cb5c9bb846bdf9b97daf875cdbef9,4766327229c95e4ca11dd793c04cc9aac10765ebc6c6bf7408c8cf6ec7fa4b22,"{""anomaly_count"": 0, ""confidence"": 1.0, ""temperature"": 29.84364228958092, ""timestamp"": ""2026-09-03T03:57:00+00:00"", ""zone"": ""zone-0""}","{""action_type"": ""maintain"", ""consensus_timestamp"": ""2026-09-03T03:57:00+00:00"", ""duration"": 1, ""magnitude"": 0.0, ""reasoning_summary"": ""Frozen bidirectional thermal pilot controller"", ""target_zone"": ""zone-0"", ""used_consensus"": true}"
11,0,nominal,none,oracle,238,29.847600103265396,29.847600103265396,0.0,26.0,0.7,0.5,0.5,maintain,supervisor,True,,,0,1.0,29.79979209500416,29.79979209500416,29.82143203636065,0,,0,,0.00010738521814346313,False,"[29.503598128675364, 29.967525226515804, 29.750878204136608, 29.492960041524622, 29.841958005727637, 29.714056352773625, 29.668352127154908, 29.97414031808973, 29.85808542469035]","[29.503598128675364, 29.967525226515804, 29.750878204136608, 29.492960041524622, 29.841958005727637, 29.714056352773625, 29.668352127154908, 29.97414031808973, 29.85808542469035]","[false, false, false, false, false, false, false, false, false]",[],[],69b4cb1d8d0b6725139d34ff1e36a8ca92a2e146656ee12b646469d632b8d16e,0215fc108d0561705c8cbced1a00399983b5a7f2c9bc2ab523d293bd48277cea,"{""anomaly_count"": 0, ""confidence"": 1.0, ""temperature"": 29.847600103265396, ""timestamp"": ""2026-09-03T03:58:00+00:00"", ""zone"": ""zone-0""}","{""action_type"": ""maintain"", ""consensus_timestamp"": ""2026-09-03T03:58:00+00:00"", ""duration"": 1, ""magnitude"": 0.0, ""reasoning_summary"": ""Frozen bidirectional thermal pilot controller"", ""target_zone"": ""zone-0"", ""used_consensus"": true}"
11,0,nominal,none,oracle,239,29.82143203636065,29.82143203636065,0.0,26.0,0.7,0.5,0.5,maintain,supervisor,True,,,0,1.0,29.775717473451795,29.775717473451795,29.8460715011474,0,,0,,0.00010794121772050858,False,"[29.782509890132165, 29.8726390637431, 29.72476124202957, 29.662360449268625, 29.755880051713483, 29.826828239032686, 30.01199685777534, 29.7738643357814, 29.64641823415339]","[29.782509890132165, 29.8726390637431, 29.72476124202957, 29.662360449268625, 29.755880051713483, 29.826828239032686, 30.01199685777534, 29.7738643357814, 29.64641823415339]","[false, false, false, false, false, false, false, false, false]",[],[],17b8998e5a882a9dc0d616dd80ea7e2641cf2dedc35354a94f44c38d9194a3f9,258d0ced1442900d879601e3dbd17325e16ee2f869bd4c61cd9fb996ab4facf7,"{""anomaly_count"": 0, ""confidence"": 1.0, ""temperature"": 29.82143203636065, ""timestamp"": ""2026-09-03T03:59:00+00:00"", ""zone"": ""zone-0""}","{""action_type"": ""maintain"", ""consensus_timestamp"": ""2026-09-03T03:59:00+00:00"", ""duration"": 1, ""magnitude"": 0.0, ""reasoning_summary"": ""Frozen bidirectional thermal pilot controller"", ""target_zone"": ""zone-0"", ""used_consensus"": true}"
