seed,scenario_index,attack,intensity,condition,tick,true_temperature_c,estimate_c,estimator_error_c,ambient_c,load_c_per_step,fan_before,fan_after,executed_action,action_source,verifier_accepted,rejection_reasons,fallback,anomaly_count,confidence,predicted_candidate_next_c,predicted_maintain_next_c,next_true_temperature_c,crp_rounds,crp_converged,crp_excluded,crp_latency_seconds,runtime_step_latency_seconds,attack_active,clean_sensor_values,observed_sensor_values,effective_attack_mask,crp_persistent_flags,crp_excluded_flags,runtime_snapshot_id,runtime_proposal_id,runtime_snapshot_payload,runtime_proposal_payload
11,0,nominal,none,mean,0,33.0,33.074572547044404,0.0745725470444043,26.0,0.7,0.5,0.6,increase_fan_speed,supervisor,True,,,0,1.0,32.680606743280855,32.768606743280856,32.65780381250127,0,,0,,0.00018143001943826675,False,"[32.97042717378474, 33.17070159640853, 33.28563178926465, 32.88955247151169, 33.24152473298859, 32.93712786390005, 33.06094620390154, 33.16329011783533, 32.951950973804486]","[32.97042717378474, 33.17070159640853, 33.28563178926465, 32.88955247151169, 33.24152473298859, 32.93712786390005, 33.06094620390154, 33.16329011783533, 32.951950973804486]","[false, false, false, false, false, false, false, false, false]",[],[],9de48b36951ec7cd6431af128cd2599ce92de6bfdaa93656d2252f359b64f672,90d1dd7fed72f52078e38541ab6b37827d8976404632209d87d4473760ce1c95,"{""anomaly_count"": 0, ""confidence"": 1.0, ""temperature"": 33.074572547044404, ""timestamp"": ""2026-09-03T00:00:00+00:00"", ""zone"": ""zone-0""}","{""action_type"": ""increase_fan_speed"", ""consensus_timestamp"": ""2026-09-03T00:00:00+00:00"", ""duration"": 1, ""magnitude"": 0.1, ""reasoning_summary"": ""Frozen bidirectional thermal pilot controller"", ""target_zone"": ""zone-0"", ""used_consensus"": true}"
11,0,nominal,none,mean,1,32.65780381250127,32.55145709427826,-0.10634671822300845,26.0,0.7,0.6,0.7,increase_fan_speed,supervisor,True,,,0,1.0,32.11134052673601,32.19934052673601,32.277157106903445,0,,0,,0.00012181513011455536,False,"[32.551380216720894, 32.75314568860354, 32.408355812696975, 32.32738672670781, 32.62437911970034, 32.69203061381599, 32.51587803685858, 32.667531733259686, 32.42302590014057]","[32.551380216720894, 32.75314568860354, 32.408355812696975, 32.32738672670781, 32.62437911970034, 32.69203061381599, 32.51587803685858, 32.667531733259686, 32.42302590014057]","[false, false, false, false, false, false, false, false, false]",[],[],6bfcbc0df9cec397da9ff90b759e65d2b4c8954408f4d64e6daa21333adfcba9,f025ce1cf254af8ce682537314c1e64dee417f091abbef29dbb30f468dfecebd,"{""anomaly_count"": 0, ""confidence"": 1.0, ""temperature"": 32.55145709427826, ""timestamp"": ""2026-09-03T00:01:00+00:00"", ""zone"": ""zone-0""}","{""action_type"": ""increase_fan_speed"", ""consensus_timestamp"": ""2026-09-03T00:01:00+00:00"", ""duration"": 1, ""magnitude"": 0.1, ""reasoning_summary"": ""Frozen bidirectional thermal pilot controller"", ""target_zone"": ""zone-0"", ""used_consensus"": true}"
11,0,nominal,none,mean,2,32.277157106903445,32.28197833740942,0.004821230505974938,26.0,0.7,0.7,0.7999999999999999,increase_fan_speed,supervisor,True,,,0,1.0,31.775420070416665,31.863420070416666,31.85479336925896,0,,0,,0.00012222398072481155,False,"[32.427202183246145, 32.09931135594328, 32.25749051449944, 31.890225393948544, 32.38920338191766, 32.20633629016477, 32.491995781654346, 32.27758602905984, 32.49845410625078]","[32.427202183246145, 32.09931135594328, 32.25749051449944, 31.890225393948544, 32.38920338191766, 32.20633629016477, 32.491995781654346, 32.27758602905984, 32.49845410625078]","[false, false, false, false, false, false, false, false, false]",[],[],8070ca9c1a8867ffd152c1acc60c7c302857371e79e515b13f956d3e1059b6cf,3c756554f3b7d147475b4e93cd419ebd3696a50d4763e5cc1c50674e1efee4a8,"{""anomaly_count"": 0, ""confidence"": 1.0, ""temperature"": 32.28197833740942, ""timestamp"": ""2026-09-03T00:02:00+00:00"", ""zone"": ""zone-0""}","{""action_type"": ""increase_fan_speed"", ""consensus_timestamp"": ""2026-09-03T00:02:00+00:00"", ""duration"": 1, ""magnitude"": 0.1, ""reasoning_summary"": ""Frozen bidirectional thermal pilot controller"", ""target_zone"": ""zone-0"", ""used_consensus"": true}"
11,0,nominal,none,mean,3,31.85479336925896,31.900848487008602,0.046055117749641994,26.0,0.7,0.7999999999999999,0.8999999999999999,increase_fan_speed,supervisor,True,,,0,1.0,31.336780608047917,31.424780608047918,31.327999991247204,0,,0,,0.00012467987835407257,False,"[31.657145118675047, 32.08868735008124, 31.725890473601034, 32.24600774151315, 32.04801079463959, 31.97087290423113, 31.469950681151182, 32.00362098063659, 31.897450338548502]","[31.657145118675047, 32.08868735008124, 31.725890473601034, 32.24600774151315, 32.04801079463959, 31.97087290423113, 31.469950681151182, 32.00362098063659, 31.897450338548502]","[false, false, false, false, false, false, false, false, false]",[],[],7971d4a289a384ace899174ecf89a205466555e4af0ecc0987355b1a604e8fc5,5ef9446a5f377cc4e9da8345be1fa474a871b9c30ccefe346b09a88fd16d8a86,"{""anomaly_count"": 0, ""confidence"": 1.0, ""temperature"": 31.900848487008602, ""timestamp"": ""2026-09-03T00:03:00+00:00"", ""zone"": ""zone-0""}","{""action_type"": ""increase_fan_speed"", ""consensus_timestamp"": ""2026-09-03T00:03:00+00:00"", ""duration"": 1, ""magnitude"": 0.1, ""reasoning_summary"": ""Frozen bidirectional thermal pilot controller"", ""target_zone"": ""zone-0"", ""used_consensus"": true}"
11,0,nominal,none,mean,4,31.327999991247204,31.346557012343183,0.018557021095979565,26.0,0.7,0.8999999999999999,0.9999999999999999,increase_fan_speed,supervisor,True,,,0,1.0,30.73883245135573,30.826832451355727,30.789984407743784,0,,0,,0.00011623650789260864,False,"[31.239515425014627, 31.282522216069964, 31.367487345939427, 31.44558741111801, 31.41421169258239, 31.421115061094525, 31.51469149238148, 31.004408515633745, 31.429473951254455]","[31.239515425014627, 31.282522216069964, 31.367487345939427, 31.44558741111801, 31.41421169258239, 31.421115061094525, 31.51469149238148, 31.004408515633745, 31.429473951254455]","[false, false, false, false, false, false, false, false, false]",[],[],53532c7292870527ca38e78d0812eff6fb7dc6bfee32026c646bbdc84d4a09ae,a0be3311a3bf0fd184454be384d06e1b54ab01ce77fc9744d17e7c16fbc1c962,"{""anomaly_count"": 0, ""confidence"": 1.0, ""temperature"": 31.346557012343183, ""timestamp"": ""2026-09-03T00:04:00+00:00"", ""zone"": ""zone-0""}","{""action_type"": ""increase_fan_speed"", ""consensus_timestamp"": ""2026-09-03T00:04:00+00:00"", ""duration"": 1, ""magnitude"": 0.1, ""reasoning_summary"": ""Frozen bidirectional thermal pilot controller"", ""target_zone"": ""zone-0"", ""used_consensus"": true}"
11,0,nominal,none,mean,5,30.789984407743784,30.838436246367735,0.04845183862395075,26.0,0.7,0.9999999999999999,0.9999999999999999,maintain,supervisor,True,,,0,1.0,30.271361346658317,30.271361346658317,30.272314674196977,0,,0,,0.00011433195322751999,False,"[30.767643291061702, 31.090178411660858, 30.787439860261944, 30.710765483972164, 30.81517571111161, 30.815491926336666, 30.92882485867898, 30.82385172743273, 30.806554946792968]","[30.767643291061702, 31.090178411660858, 30.787439860261944, 30.710765483972164, 30.81517571111161, 30.815491926336666, 30.92882485867898, 30.82385172743273, 30.806554946792968]","[false, false, false, false, false, false, false, false, false]",[],[],29cecea40c8725942d31d4b13e0ee434ca5d3b1f435ef4bc78eafeb1cd0468af,85511c696e469d80fa6cfc4f53efddab214c5a474ffeb090c734a16bba0c6500,"{""anomaly_count"": 0, ""confidence"": 1.0, ""temperature"": 30.838436246367735, ""timestamp"": ""2026-09-03T00:05:00+00:00"", ""zone"": ""zone-0""}","{""action_type"": ""maintain"", ""consensus_timestamp"": ""2026-09-03T00:05:00+00:00"", ""duration"": 1, ""magnitude"": 0.0, ""reasoning_summary"": ""Frozen bidirectional thermal pilot controller"", ""target_zone"": ""zone-0"", ""used_consensus"": true}"
11,0,nominal,none,mean,6,30.272314674196977,30.26870152665792,-0.003613147539056172,26.0,0.7,0.9999999999999999,0.9999999999999999,maintain,supervisor,True,,,0,1.0,29.74720540452529,29.74720540452529,29.86416932705631,0,,0,,0.00010989420115947723,False,"[30.177151883789094, 30.60154012573096, 30.158599829445578, 30.160677721700694, 30.411150930566688, 30.128067255051683, 30.300860900669054, 30.16278470960435, 30.317480383363197]","[30.177151883789094, 30.60154012573096, 30.158599829445578, 30.160677721700694, 30.411150930566688, 30.128067255051683, 30.300860900669054, 30.16278470960435, 30.317480383363197]","[false, false, false, false, false, false, false, false, false]",[],[],ed2e79590bab9bad21baa00c8b99943d1cf95ff5ce0fd7983d398885fc5b7056,a4a06c45a018087e9c350bd1dde6bc470cdaae8321c0b294eb1c08af85c4abf8,"{""anomaly_count"": 0, ""confidence"": 1.0, ""temperature"": 30.26870152665792, ""timestamp"": ""2026-09-03T00:06:00+00:00"", ""zone"": ""zone-0""}","{""action_type"": ""maintain"", ""consensus_timestamp"": ""2026-09-03T00:06:00+00:00"", ""duration"": 1, ""magnitude"": 0.0, ""reasoning_summary"": ""Frozen bidirectional thermal pilot controller"", ""target_zone"": ""zone-0"", ""used_consensus"": true}"
11,0,nominal,none,mean,7,29.86416932705631,29.92238433442082,0.058215007364509574,26.0,0.7,0.9999999999999999,0.9999999999999999,maintain,supervisor,True,,,0,1.0,29.428593587667155,29.428593587667155,29.459822114729615,0,,0,,0.00011047534644603729,False,"[30.017354304456376, 29.924600329432852, 29.59948126584222, 29.740219404592832, 29.867200206703487, 30.302333752822854, 29.868613789592757, 30.136096684291914, 29.845559272052075]","[30.017354304456376, 29.924600329432852, 29.59948126584222, 29.740219404592832, 29.867200206703487, 30.302333752822854, 29.868613789592757, 30.136096684291914, 29.845559272052075]","[false, false, false, false, false, false, false, false, false]",[],[],c598c297ed3629a759dc07a7085562330033409f4b4f49953fdab5664ff4304c,b87fafcc2e93d39b5a6b82891fad2b3bc2998c84a87f1b3769400b9f73d0e318,"{""anomaly_count"": 0, ""confidence"": 1.0, ""temperature"": 29.92238433442082, ""timestamp"": ""2026-09-03T00:07:00+00:00"", ""zone"": ""zone-0""}","{""action_type"": ""maintain"", ""consensus_timestamp"": ""2026-09-03T00:07:00+00:00"", ""duration"": 1, ""magnitude"": 0.0, ""reasoning_summary"": ""Frozen bidirectional thermal pilot controller"", ""target_zone"": ""zone-0"", ""used_consensus"": true}"
11,0,nominal,none,mean,8,29.459822114729615,29.405548220505302,-0.05427389422431261,26.0,0.7,0.9999999999999999,0.9999999999999999,maintain,supervisor,True,,,0,1.0,28.953104362864877,28.953104362864877,29.06438651254163,0,,0,,0.00011804234236478806,False,"[29.2892413362844, 29.561221926850664, 29.43885126569005, 29.125807998638674, 29.416197155909042, 29.488691823384173, 29.31326509118871, 29.32382035552493, 29.692837031077044]","[29.2892413362844, 29.561221926850664, 29.43885126569005, 29.125807998638674, 29.416197155909042, 29.488691823384173, 29.31326509118871, 29.32382035552493, 29.692837031077044]","[false, false, false, false, false, false, false, false, false]",[],[],7a40b6715f73e007f640662c4f695987e42c15c126fe22d98a34d117467b715e,64cbfc3701d2e2fd45d49b4a8a25b9b90283afc0aa9d2a2afff3a8c7e3c67dce,"{""anomaly_count"": 0, ""confidence"": 1.0, ""temperature"": 29.405548220505302, ""timestamp"": ""2026-09-03T00:08:00+00:00"", ""zone"": ""zone-0""}","{""action_type"": ""maintain"", ""consensus_timestamp"": ""2026-09-03T00:08:00+00:00"", ""duration"": 1, ""magnitude"": 0.0, ""reasoning_summary"": ""Frozen bidirectional thermal pilot controller"", ""target_zone"": ""zone-0"", ""used_consensus"": true}"
11,0,nominal,none,mean,9,29.06438651254163,29.101238524101404,0.036852011559773246,26.0,0.7,0.9999999999999999,0.9999999999999999,maintain,supervisor,True,,,0,1.0,28.67313944217329,28.67313944217329,28.73268205721745,0,,0,,0.00010585132986307144,False,"[29.314965300998683, 29.4121356156692, 29.04800216803679, 29.247504691697507, 28.78057776682901, 28.670777164239386, 29.000754805157566, 29.196310643384027, 29.240118560900473]","[29.314965300998683, 29.4121356156692, 29.04800216803679, 29.247504691697507, 28.78057776682901, 28.670777164239386, 29.000754805157566, 29.196310643384027, 29.240118560900473]","[false, false, false, false, false, false, false, false, false]",[],[],e04cf7c3dde44b406d493b6d698f9bc8a4ac8298db383fd91d298a8c21c19103,64845110f4f9d772aca082d303006f8e52fe0a5875170baa3a88ae6ca42beafb,"{""anomaly_count"": 0, ""confidence"": 1.0, ""temperature"": 29.101238524101404, ""timestamp"": ""2026-09-03T00:09:00+00:00"", ""zone"": ""zone-0""}","{""action_type"": ""maintain"", ""consensus_timestamp"": ""2026-09-03T00:09:00+00:00"", ""duration"": 1, ""magnitude"": 0.0, ""reasoning_summary"": ""Frozen bidirectional thermal pilot controller"", ""target_zone"": ""zone-0"", ""used_consensus"": true}"
11,0,nominal,none,mean,10,28.73268205721745,28.73401121052419,0.0013291533067416594,26.0,0.7,0.9999999999999999,0.8999999999999999,decrease_fan_speed,supervisor,True,,,0,1.0,28.42329031368225,28.335290313682254,28.501520589358154,0,,0,,0.0001088632270693779,False,"[28.71990766246704, 28.593042222337925, 28.316999719663777, 28.8589011959666, 29.015783779744652, 28.98487943402483, 28.755974644907628, 28.659822711104777, 28.70078952450044]","[28.71990766246704, 28.593042222337925, 28.316999719663777, 28.8589011959666, 29.015783779744652, 28.98487943402483, 28.755974644907628, 28.659822711104777, 28.70078952450044]","[false, false, false, false, false, false, false, false, false]",[],[],6e5932b8f02d1a6e823e7e65a5670c4185ff75a65c81f85cf3d63905689fb3c6,9cd781937c4f8c190ee1a389abb980174dbde1bc8a8c941cbb46963de0082da1,"{""anomaly_count"": 0, ""confidence"": 1.0, ""temperature"": 28.73401121052419, ""timestamp"": ""2026-09-03T00:10:00+00:00"", ""zone"": ""zone-0""}","{""action_type"": ""decrease_fan_speed"", ""consensus_timestamp"": ""2026-09-03T00:10:00+00:00"", ""duration"": 1, ""magnitude"": 0.1, ""reasoning_summary"": ""Frozen bidirectional thermal pilot controller"", ""target_zone"": ""zone-0"", ""used_consensus"": true}"
11,0,nominal,none,mean,11,28.501520589358154,28.48633463301735,-0.015185956340804552,26.0,0.7,0.8999999999999999,0.8999999999999999,maintain,supervisor,True,,,0,1.0,28.19542786237596,28.19542786237596,28.293361863117344,0,,0,,0.00010956544429063797,False,"[28.55798083266863, 28.416790389535254, 28.28316896559629, 28.47477679289782, 28.625038492258945, 28.701712394095612, 28.285667111922436, 28.6156393771751, 28.416237341006045]","[28.55798083266863, 28.416790389535254, 28.28316896559629, 28.47477679289782, 28.625038492258945, 28.701712394095612, 28.285667111922436, 28.6156393771751, 28.416237341006045]","[false, false, false, false, false, false, false, false, false]",[],[],a6481bedb47d149090262ec26cbfbb8f6cd72f23489de6f6e785751b1a1235ea,17c803cb674dfa67dd085c24f53e65b93bfac0e0cedf9a7d6b3e3d9fa2fdfd1a,"{""anomaly_count"": 0, ""confidence"": 1.0, ""temperature"": 28.48633463301735, ""timestamp"": ""2026-09-03T00:11:00+00:00"", ""zone"": ""zone-0""}","{""action_type"": ""maintain"", ""consensus_timestamp"": ""2026-09-03T00:11:00+00:00"", ""duration"": 1, ""magnitude"": 0.0, ""reasoning_summary"": ""Frozen bidirectional thermal pilot controller"", ""target_zone"": ""zone-0"", ""used_consensus"": true}"
11,0,nominal,none,mean,12,28.293361863117344,28.316956247971138,0.02359438485379428,26.0,0.7,0.8999999999999999,0.8999999999999999,maintain,supervisor,True,,,0,1.0,28.039599748133444,28.039599748133444,28.095973059820484,0,,0,,0.00010959897190332413,False,"[28.24909239013489, 28.749690071811873, 28.18893155960735, 28.537952135226657, 28.168279637425066, 28.49143847690522, 28.103782023857296, 27.931094022355627, 28.43234591441628]","[28.24909239013489, 28.749690071811873, 28.18893155960735, 28.537952135226657, 28.168279637425066, 28.49143847690522, 28.103782023857296, 27.931094022355627, 28.43234591441628]","[false, false, false, false, false, false, false, false, false]",[],[],404630f3ec339795c29b3cbde193b0b7d7fe1b1339bc90d09dea33d0d3213f26,f6fdb4869821609af1fc2efd0b8164003ae2c30fe8afe749614c959b1018f21e,"{""anomaly_count"": 0, ""confidence"": 1.0, ""temperature"": 28.316956247971138, ""timestamp"": ""2026-09-03T00:12:00+00:00"", ""zone"": ""zone-0""}","{""action_type"": ""maintain"", ""consensus_timestamp"": ""2026-09-03T00:12:00+00:00"", ""duration"": 1, ""magnitude"": 0.0, ""reasoning_summary"": ""Frozen bidirectional thermal pilot controller"", ""target_zone"": ""zone-0"", ""used_consensus"": true}"
11,0,nominal,none,mean,13,28.095973059820484,28.122017404830356,0.02604434500987196,26.0,0.7,0.8999999999999999,0.7999999999999999,decrease_fan_speed,supervisor,True,,,0,1.0,27.948256012443927,27.860256012443926,27.976082666263927,0,,0,,0.00011294055730104446,False,"[28.159532332432278, 27.998925579424608, 28.17693614800807, 28.32532243884161, 27.79194548740443, 28.375851725666493, 28.271041223803714, 28.218843701218763, 27.779758006673248]","[28.159532332432278, 27.998925579424608, 28.17693614800807, 28.32532243884161, 27.79194548740443, 28.375851725666493, 28.271041223803714, 28.218843701218763, 27.779758006673248]","[false, false, false, false, false, false, false, false, false]",[],[],73aa87bd8a93cdaa1f2f3641f0eb6ea021d8cef87c400bea2eec149c2b467f22,1a49ea965276dae97a4aadd2b98b57d00e11a393b36dbc90f4b4ade4950e3bb4,"{""anomaly_count"": 0, ""confidence"": 1.0, ""temperature"": 28.122017404830356, ""timestamp"": ""2026-09-03T00:13:00+00:00"", ""zone"": ""zone-0""}","{""action_type"": ""decrease_fan_speed"", ""consensus_timestamp"": ""2026-09-03T00:13:00+00:00"", ""duration"": 1, ""magnitude"": 0.1, ""reasoning_summary"": ""Frozen bidirectional thermal pilot controller"", ""target_zone"": ""zone-0"", ""used_consensus"": true}"
11,0,nominal,none,mean,14,27.976082666263927,28.059668868503216,0.08358620223928881,26.0,0.7,0.7999999999999999,0.7999999999999999,maintain,supervisor,True,,,0,1.0,27.89089535902296,27.89089535902296,27.850378545423354,0,,0,,0.00010932981967926025,False,"[28.26904829845331, 27.60141706089888, 28.238921954754787, 27.914316665399127, 28.36215276874098, 28.06407426232783, 28.1624179483244, 28.016197203770023, 27.908473653859613]","[28.26904829845331, 27.60141706089888, 28.238921954754787, 27.914316665399127, 28.36215276874098, 28.06407426232783, 28.1624179483244, 28.016197203770023, 27.908473653859613]","[false, false, false, false, false, false, false, false, false]",[],[],7ebbb8b53acfcf0c301489ce69c79e62f470df485d72f1b4d00e2e59c4476295,5a624d854bde739996e594e43973465b48a4978ef5852fca2295ea47b886c884,"{""anomaly_count"": 0, ""confidence"": 1.0, ""temperature"": 28.059668868503216, ""timestamp"": ""2026-09-03T00:14:00+00:00"", ""zone"": ""zone-0""}","{""action_type"": ""maintain"", ""consensus_timestamp"": ""2026-09-03T00:14:00+00:00"", ""duration"": 1, ""magnitude"": 0.0, ""reasoning_summary"": ""Frozen bidirectional thermal pilot controller"", ""target_zone"": ""zone-0"", ""used_consensus"": true}"
11,0,nominal,none,mean,15,27.850378545423354,27.856202805930824,0.0058242605074703135,26.0,0.7,0.7999999999999999,0.7999999999999999,maintain,supervisor,True,,,0,1.0,27.703706581456355,27.703706581456355,27.783981450805697,0,,0,,0.00010899081826210022,False,"[28.120878124773622, 27.83552263864073, 27.191197973076697, 27.860975882029663, 27.820803320548375, 27.758251746993714, 27.972333729493492, 28.350214539348702, 27.7956472984724]","[28.120878124773622, 27.83552263864073, 27.191197973076697, 27.860975882029663, 27.820803320548375, 27.758251746993714, 27.972333729493492, 28.350214539348702, 27.7956472984724]","[false, false, false, false, false, false, false, false, false]",[],[],33dd5b9ef5aa9a4c6dc13f82ef04f0b3e1801f2209cec8d83b4d332eca01998d,f5074fd5d84c68e74859f0a894441a3237e88518543a26c39ce631168382e6e6,"{""anomaly_count"": 0, ""confidence"": 1.0, ""temperature"": 27.856202805930824, ""timestamp"": ""2026-09-03T00:15:00+00:00"", ""zone"": ""zone-0""}","{""action_type"": ""maintain"", ""consensus_timestamp"": ""2026-09-03T00:15:00+00:00"", ""duration"": 1, ""magnitude"": 0.0, ""reasoning_summary"": ""Frozen bidirectional thermal pilot controller"", ""target_zone"": ""zone-0"", ""used_consensus"": true}"
11,0,nominal,none,mean,16,27.783981450805697,27.73549233962779,-0.04848911117790777,26.0,0.7,0.7999999999999999,0.7,decrease_fan_speed,supervisor,True,,,0,1.0,27.680652952457567,27.592652952457566,27.77485228305441,0,,0,,0.0001122932881116867,False,"[27.6538020952204, 27.81385263971594, 27.90470194284092, 27.59161921511812, 27.519991684593943, 27.889617696954403, 27.710408250948834, 27.82079501489445, 27.714642516363096]","[27.6538020952204, 27.81385263971594, 27.90470194284092, 27.59161921511812, 27.519991684593943, 27.889617696954403, 27.710408250948834, 27.82079501489445, 27.714642516363096]","[false, false, false, false, false, false, false, false, false]",[],[],6fb1fff14a5f1bf7d3f5c074f9a6766967153aa56456cc52295e7d7d38f6db84,399dc2f25d4866e5da17b836b22b0b358341eb928741c6d6889ba0491297b50b,"{""anomaly_count"": 0, ""confidence"": 1.0, ""temperature"": 27.73549233962779, ""timestamp"": ""2026-09-03T00:16:00+00:00"", ""zone"": ""zone-0""}","{""action_type"": ""decrease_fan_speed"", ""consensus_timestamp"": ""2026-09-03T00:16:00+00:00"", ""duration"": 1, ""magnitude"": 0.1, ""reasoning_summary"": ""Frozen bidirectional thermal pilot controller"", ""target_zone"": ""zone-0"", ""used_consensus"": true}"
11,0,nominal,none,mean,17,27.77485228305441,27.857161952017222,0.08230966896281089,26.0,0.7,0.7,0.7,maintain,supervisor,True,,,0,1.0,27.792588995855844,27.792588995855844,27.769106197255017,0,,0,,0.00010653585195541382,False,"[27.869887604414536, 28.060480877792997, 28.113292729530716, 27.9280667348338, 27.89448394696935, 27.925332031889624, 27.553356849643155, 27.58890705669729, 27.780649736383538]","[27.869887604414536, 28.060480877792997, 28.113292729530716, 27.9280667348338, 27.89448394696935, 27.925332031889624, 27.553356849643155, 27.58890705669729, 27.780649736383538]","[false, false, false, false, false, false, false, false, false]",[],[],5272e4db242af6bdf7df83e40da57c355f36bc63fc4640683c2519ac346a4345,3c1474edb71f82b892212029b678361eb703630e3fe42a437f1c7cefe9f2a9b1,"{""anomaly_count"": 0, ""confidence"": 1.0, ""temperature"": 27.857161952017222, ""timestamp"": ""2026-09-03T00:17:00+00:00"", ""zone"": ""zone-0""}","{""action_type"": ""maintain"", ""consensus_timestamp"": ""2026-09-03T00:17:00+00:00"", ""duration"": 1, ""magnitude"": 0.0, ""reasoning_summary"": ""Frozen bidirectional thermal pilot controller"", ""target_zone"": ""zone-0"", ""used_consensus"": true}"
11,0,nominal,none,mean,18,27.769106197255017,27.733142882434134,-0.035963314820882886,26.0,0.7,0.7,0.7,maintain,supervisor,True,,,0,1.0,27.678491451839403,27.678491451839403,27.770291626972135,0,,0,,0.00010542105883359909,False,"[27.5652315801347, 28.051704201879332, 27.72090938356848, 28.03301273691022, 27.641977327710116, 27.784479787318563, 27.348412209644785, 27.66780074744558, 27.784757967295445]","[27.5652315801347, 28.051704201879332, 27.72090938356848, 28.03301273691022, 27.641977327710116, 27.784479787318563, 27.348412209644785, 27.66780074744558, 27.784757967295445]","[false, false, false, false, false, false, false, false, false]",[],[],d3e2b0e0a4d5de1a1f864d0310b232a76750d01b4aef0108c18100d13cad7313,f2904e5a502eeb558d7b0c7ea3963da6d324cf10779a0a2fe6e24575e93d33ce,"{""anomaly_count"": 0, ""confidence"": 1.0, ""temperature"": 27.733142882434134, ""timestamp"": ""2026-09-03T00:18:00+00:00"", ""zone"": ""zone-0""}","{""action_type"": ""maintain"", ""consensus_timestamp"": ""2026-09-03T00:18:00+00:00"", ""duration"": 1, ""magnitude"": 0.0, ""reasoning_summary"": ""Frozen bidirectional thermal pilot controller"", ""target_zone"": ""zone-0"", ""used_consensus"": true}"
11,0,nominal,none,mean,19,27.770291626972135,27.8079314048604,0.037639777888266224,26.0,0.7,0.7,0.6,decrease_fan_speed,supervisor,True,,,0,1.0,27.83529689247157,27.747296892471567,27.833722311621536,0,,0,,0.00012052059173583984,False,"[27.856252366063124, 27.814606774671006, 27.764443616432594, 27.665795858864662, 27.96986410030743, 27.689438199118687, 27.70110726752288, 27.988358487006582, 27.821515973756632]","[27.856252366063124, 27.814606774671006, 27.764443616432594, 27.665795858864662, 27.96986410030743, 27.689438199118687, 27.70110726752288, 27.988358487006582, 27.821515973756632]","[false, false, false, false, false, false, false, false, false]",[],[],89866dd7ef9f7e653a06938b4637af733ad0be686156d28944888d372a85819d,9a893dd11e18bfd9016d583554c82c0064412a8f8f035ddef35313c6105264d3,"{""anomaly_count"": 0, ""confidence"": 1.0, ""temperature"": 27.8079314048604, ""timestamp"": ""2026-09-03T00:19:00+00:00"", ""zone"": ""zone-0""}","{""action_type"": ""decrease_fan_speed"", ""consensus_timestamp"": ""2026-09-03T00:19:00+00:00"", ""duration"": 1, ""magnitude"": 0.1, ""reasoning_summary"": ""Frozen bidirectional thermal pilot controller"", ""target_zone"": ""zone-0"", ""used_consensus"": true}"
11,0,nominal,none,mean,20,27.833722311621536,27.848825919312535,0.01510360769099961,26.0,0.7,0.6,0.6,maintain,supervisor,True,,,0,1.0,27.872919845767534,27.872919845767534,27.91000268340349,0,,0,,0.00011759903281927109,False,"[27.92249904041547, 27.745768420820482, 27.792549840137525, 27.77647627404034, 28.114881378058133, 27.705884137672154, 28.122438557032986, 27.963708049039987, 27.49522757659573]","[27.92249904041547, 27.745768420820482, 27.792549840137525, 27.77647627404034, 28.114881378058133, 27.705884137672154, 28.122438557032986, 27.963708049039987, 27.49522757659573]","[false, false, false, false, false, false, false, false, false]",[],[],5b8b937e6e12f3e7cf396a498dd5e545d06d8e17a1adebdfb7166ce72bbb12d0,f726889b05c99b0be75b96a4b2927eb7e8c1033a72ab72e2824dd3107c92e561,"{""anomaly_count"": 0, ""confidence"": 1.0, ""temperature"": 27.848825919312535, ""timestamp"": ""2026-09-03T00:20:00+00:00"", ""zone"": ""zone-0""}","{""action_type"": ""maintain"", ""consensus_timestamp"": ""2026-09-03T00:20:00+00:00"", ""duration"": 1, ""magnitude"": 0.0, ""reasoning_summary"": ""Frozen bidirectional thermal pilot controller"", ""target_zone"": ""zone-0"", ""used_consensus"": true}"
11,0,nominal,none,mean,21,27.91000268340349,27.872787310918582,-0.03721537248490847,26.0,0.7,0.6,0.6,maintain,supervisor,True,,,0,1.0,27.894964326045095,27.894964326045095,27.954961054621,0,,0,,0.00011806841939687729,False,"[27.83703339688558, 27.940915238279764, 27.641985358485226, 27.817799465554668, 27.535909859963418, 28.27283434628521, 27.947488399897654, 27.80205099189746, 28.059068741018272]","[27.83703339688558, 27.940915238279764, 27.641985358485226, 27.817799465554668, 27.535909859963418, 28.27283434628521, 27.947488399897654, 27.80205099189746, 28.059068741018272]","[false, false, false, false, false, false, false, false, false]",[],[],491644027b6e384cb9b4d50d8648e4799b4e241ad3592e5cf5006f5c54029628,e41b6c8c35c58a4dd9a5b3cd569926ea827003ec1e8e60f8587e00cb3d2c4a54,"{""anomaly_count"": 0, ""confidence"": 1.0, ""temperature"": 27.872787310918582, ""timestamp"": ""2026-09-03T00:21:00+00:00"", ""zone"": ""zone-0""}","{""action_type"": ""maintain"", ""consensus_timestamp"": ""2026-09-03T00:21:00+00:00"", ""duration"": 1, ""magnitude"": 0.0, ""reasoning_summary"": ""Frozen bidirectional thermal pilot controller"", ""target_zone"": ""zone-0"", ""used_consensus"": true}"
11,0,nominal,none,mean,22,27.954961054621,27.88540959671406,-0.06955145790693962,26.0,0.7,0.6,0.5,decrease_fan_speed,supervisor,True,,,0,1.0,27.994576828976932,27.906576828976934,28.11074983758564,0,,0,,0.00011999253183603287,False,"[27.95376602357793, 27.77994151299556, 28.084605639118625, 27.963165371129694, 27.781892226241634, 27.37207873860358, 28.10409969959128, 27.997716342518068, 27.931420816650167]","[27.95376602357793, 27.77994151299556, 28.084605639118625, 27.963165371129694, 27.781892226241634, 27.37207873860358, 28.10409969959128, 27.997716342518068, 27.931420816650167]","[false, false, false, false, false, false, false, false, false]",[],[],c8bc5cd3c7b3a8568dc9a7a4eb9403afee11c5419608389a39f13769aa9745eb,f30c830bd3b1e5523768905400c2dafc463570f6704a94490239a995c0b8fa28,"{""anomaly_count"": 0, ""confidence"": 1.0, ""temperature"": 27.88540959671406, ""timestamp"": ""2026-09-03T00:22:00+00:00"", ""zone"": ""zone-0""}","{""action_type"": ""decrease_fan_speed"", ""consensus_timestamp"": ""2026-09-03T00:22:00+00:00"", ""duration"": 1, ""magnitude"": 0.1, ""reasoning_summary"": ""Frozen bidirectional thermal pilot controller"", ""target_zone"": ""zone-0"", ""used_consensus"": true}"
11,0,nominal,none,mean,23,28.11074983758564,28.225513082953903,0.11476324536826255,26.0,0.7,0.5,0.5,maintain,supervisor,True,,,0,1.0,28.307472036317588,28.307472036317588,28.2212409434413,0,,0,,0.0001187734305858612,False,"[28.413751552970933, 28.19590323300435, 28.18918140038655, 28.26379712754195, 28.026609225193578, 28.447002482713287, 28.374057933931155, 28.032390665153734, 28.08692412568958]","[28.413751552970933, 28.19590323300435, 28.18918140038655, 28.26379712754195, 28.026609225193578, 28.447002482713287, 28.374057933931155, 28.032390665153734, 28.08692412568958]","[false, false, false, false, false, false, false, false, false]",[],[],927cc700f208b61877ddaf41ef479573ca0bd3c50bd8a4abac8843332a56bb74,1ef585506d2454e57772afd5ea9a0b26a58462c28eb670e770f2e889efc4d13d,"{""anomaly_count"": 0, ""confidence"": 1.0, ""temperature"": 28.225513082953903, ""timestamp"": ""2026-09-03T00:23:00+00:00"", ""zone"": ""zone-0""}","{""action_type"": ""maintain"", ""consensus_timestamp"": ""2026-09-03T00:23:00+00:00"", ""duration"": 1, ""magnitude"": 0.0, ""reasoning_summary"": ""Frozen bidirectional thermal pilot controller"", ""target_zone"": ""zone-0"", ""used_consensus"": true}"
11,0,nominal,none,mean,24,28.2212409434413,28.3790791753148,0.15783823187350166,26.0,0.7,0.5,0.5,maintain,supervisor,True,,,0,1.0,28.448752841289615,28.448752841289615,28.363899740008723,0,,0,,0.00012761354446411133,False,"[28.649289039509284, 28.365343083899454, 28.044697264995914, 28.243396803661316, 28.400921649093668, 28.461593839289222, 28.328042089044956, 28.241986049914367, 28.676442758425004]","[28.649289039509284, 28.365343083899454, 28.044697264995914, 28.243396803661316, 28.400921649093668, 28.461593839289222, 28.328042089044956, 28.241986049914367, 28.676442758425004]","[false, false, false, false, false, false, false, false, false]",[],[],b9cd0207103fa114aa6e9f4d4cd007be04acd8db1ca53124701dfc1b0ac6732d,6ecc525d529cbc8b352020ba1e5d5a1413e63e7a777df39edb964b50570c2aad,"{""anomaly_count"": 0, ""confidence"": 1.0, ""temperature"": 28.3790791753148, ""timestamp"": ""2026-09-03T00:24:00+00:00"", ""zone"": ""zone-0""}","{""action_type"": ""maintain"", ""consensus_timestamp"": ""2026-09-03T00:24:00+00:00"", ""duration"": 1, ""magnitude"": 0.0, ""reasoning_summary"": ""Frozen bidirectional thermal pilot controller"", ""target_zone"": ""zone-0"", ""used_consensus"": true}"
11,0,nominal,none,mean,25,28.363899740008723,28.503453965452124,0.13955422544340124,26.0,0.7,0.5,0.4,decrease_fan_speed,supervisor,True,,,0,1.0,28.651177648215953,28.56317764821595,28.546772251224013,0,,0,,0.00012248754501342773,False,"[28.742427852795657, 28.650134355139436, 28.3440782568676, 28.55381545229982, 28.49131778949189, 28.216654967728996, 28.969935743494375, 28.256572875861345, 28.30614839539001]","[28.742427852795657, 28.650134355139436, 28.3440782568676, 28.55381545229982, 28.49131778949189, 28.216654967728996, 28.969935743494375, 28.256572875861345, 28.30614839539001]","[false, false, false, false, false, false, false, false, false]",[],[],393292a932c725c182f062a6e867c003cf65490288202abc816f282d1d181cd8,3ef053976fbf522492b6bac3f0993c5c20228332f41f9049c7c14ea344ea0dab,"{""anomaly_count"": 0, ""confidence"": 1.0, ""temperature"": 28.503453965452124, ""timestamp"": ""2026-09-03T00:25:00+00:00"", ""zone"": ""zone-0""}","{""action_type"": ""decrease_fan_speed"", ""consensus_timestamp"": ""2026-09-03T00:25:00+00:00"", ""duration"": 1, ""magnitude"": 0.1, ""reasoning_summary"": ""Frozen bidirectional thermal pilot controller"", ""target_zone"": ""zone-0"", ""used_consensus"": true}"
11,0,nominal,none,mean,26,28.546772251224013,28.463993725513816,-0.0827785257101965,26.0,0.7,0.4,0.4,maintain,supervisor,True,,,0,1.0,28.61487422747271,28.61487422747271,28.720093431765857,0,,0,,0.00011825375258922577,False,"[28.343492652494323, 28.26988907579107, 28.749780859916793, 28.34060413304708, 28.311251161852933, 28.448258171674514, 28.87330970843341, 28.619432103222582, 28.21992566319162]","[28.343492652494323, 28.26988907579107, 28.749780859916793, 28.34060413304708, 28.311251161852933, 28.448258171674514, 28.87330970843341, 28.619432103222582, 28.21992566319162]","[false, false, false, false, false, false, false, false, false]",[],[],5e5e9f0cb9c91b9aa9c7dc113cba41d9ff9129c98958360142ed895d14de0d14,fce41571e26ac1256dfcd0046af58e29af83704cf52c6f027c7a21de66182e8d,"{""anomaly_count"": 0, ""confidence"": 1.0, ""temperature"": 28.463993725513816, ""timestamp"": ""2026-09-03T00:26:00+00:00"", ""zone"": ""zone-0""}","{""action_type"": ""maintain"", ""consensus_timestamp"": ""2026-09-03T00:26:00+00:00"", ""duration"": 1, ""magnitude"": 0.0, ""reasoning_summary"": ""Frozen bidirectional thermal pilot controller"", ""target_zone"": ""zone-0"", ""used_consensus"": true}"
11,0,nominal,none,mean,27,28.720093431765857,28.714056483052786,-0.0060369487130707,26.0,0.7,0.4,0.4,maintain,supervisor,True,,,0,1.0,28.844931964408563,28.844931964408563,28.89069917249478,0,,0,,0.00011806376278400421,False,"[28.648226284564508, 28.61480647234652, 28.72981454136853, 28.565054290227764, 28.976367905777835, 28.787335865820676, 28.76171634482002, 28.944877321585295, 28.398309320963907]","[28.648226284564508, 28.61480647234652, 28.72981454136853, 28.565054290227764, 28.976367905777835, 28.787335865820676, 28.76171634482002, 28.944877321585295, 28.398309320963907]","[false, false, false, false, false, false, false, false, false]",[],[],225b8c6216c80c792b9058eb3e8db70870c87900a8a2a5903c90fadecdca3ee3,d31bf21b7ad071bd8c018e6fdd18bcb7c9f4bb70c21844ca6913e870038fb8f8,"{""anomaly_count"": 0, ""confidence"": 1.0, ""temperature"": 28.714056483052786, ""timestamp"": ""2026-09-03T00:27:00+00:00"", ""zone"": ""zone-0""}","{""action_type"": ""maintain"", ""consensus_timestamp"": ""2026-09-03T00:27:00+00:00"", ""duration"": 1, ""magnitude"": 0.0, ""reasoning_summary"": ""Frozen bidirectional thermal pilot controller"", ""target_zone"": ""zone-0"", ""used_consensus"": true}"
11,0,nominal,none,mean,28,28.89069917249478,28.963413630541897,0.07271445804711618,26.0,0.7,0.4,0.30000000000000004,decrease_fan_speed,supervisor,True,,,0,1.0,29.162340540098544,29.074340540098543,29.12498366341579,0,,0,,0.0001210654154419899,False,"[29.05545451514661, 28.719043020476153, 28.917513043722042, 29.163635954122306, 28.91978915955489, 29.017111751289928, 28.742231311536848, 29.121948867677265, 29.013995051351053]","[29.05545451514661, 28.719043020476153, 28.917513043722042, 29.163635954122306, 28.91978915955489, 29.017111751289928, 28.742231311536848, 29.121948867677265, 29.013995051351053]","[false, false, false, false, false, false, false, false, false]",[],[],3b0261377a655aaad2b604f355fd965584f2ed64c06737bcd5bd0eb1f7b65b4c,cd6fa6038f398129236dbe3752fc1af38fb8b5fa78e948b03307fcfd8fc181ab,"{""anomaly_count"": 0, ""confidence"": 1.0, ""temperature"": 28.963413630541897, ""timestamp"": ""2026-09-03T00:28:00+00:00"", ""zone"": ""zone-0""}","{""action_type"": ""decrease_fan_speed"", ""consensus_timestamp"": ""2026-09-03T00:28:00+00:00"", ""duration"": 1, ""magnitude"": 0.1, ""reasoning_summary"": ""Frozen bidirectional thermal pilot controller"", ""target_zone"": ""zone-0"", ""used_consensus"": true}"
11,0,nominal,none,mean,29,29.12498366341579,29.19019817630216,0.06521451288637081,26.0,0.7,0.30000000000000004,0.30000000000000004,maintain,supervisor,True,,,0,1.0,29.37098232219799,29.37098232219799,29.35912174646271,0,,0,,0.00012267474085092545,False,"[29.189631054590578, 29.078255149248978, 29.081622171818598, 29.15775774808421, 29.0611919826387, 29.288581350238466, 29.49111488306134, 29.35505797038061, 29.00857127665794]","[29.189631054590578, 29.078255149248978, 29.081622171818598, 29.15775774808421, 29.0611919826387, 29.288581350238466, 29.49111488306134, 29.35505797038061, 29.00857127665794]","[false, false, false, false, false, false, false, false, false]",[],[],bb98761775a4ecf981453f4d4b1cc543ccf6879e3b0f9bccfae471f99b072725,bba1b2167c42c6a064a4222356f24704a057e90610f5f660e8a5c60e58492d7d,"{""anomaly_count"": 0, ""confidence"": 1.0, ""temperature"": 29.19019817630216, ""timestamp"": ""2026-09-03T00:29:00+00:00"", ""zone"": ""zone-0""}","{""action_type"": ""maintain"", ""consensus_timestamp"": ""2026-09-03T00:29:00+00:00"", ""duration"": 1, ""magnitude"": 0.0, ""reasoning_summary"": ""Frozen bidirectional thermal pilot controller"", ""target_zone"": ""zone-0"", ""used_consensus"": true}"
11,0,nominal,none,mean,30,29.35912174646271,29.332920538896204,-0.02620120756650479,26.0,0.7,0.30000000000000004,0.30000000000000004,maintain,supervisor,True,,,0,1.0,29.502286895784508,29.502286895784508,29.55736524441643,0,,0,,0.00011849310249090195,False,"[29.373476314815647, 29.304007829304272, 29.34258430914225, 29.046551381079055, 29.117053670529835, 29.336676476146287, 29.581041296133062, 29.53842690311851, 29.356466669796887]","[29.373476314815647, 29.304007829304272, 29.34258430914225, 29.046551381079055, 29.117053670529835, 29.336676476146287, 29.581041296133062, 29.53842690311851, 29.356466669796887]","[false, false, false, false, false, false, false, false, false]",[],[],32e6d4a1178eeedeed48e5d17a7f2546b75a158211c995e1c152d697127dbb9c,0588c467783a6c4405f18c7cba0a1226203d661b8cf9b4a9dd29afc2dfbc0bf3,"{""anomaly_count"": 0, ""confidence"": 1.0, ""temperature"": 29.332920538896204, ""timestamp"": ""2026-09-03T00:30:00+00:00"", ""zone"": ""zone-0""}","{""action_type"": ""maintain"", ""consensus_timestamp"": ""2026-09-03T00:30:00+00:00"", ""duration"": 1, ""magnitude"": 0.0, ""reasoning_summary"": ""Frozen bidirectional thermal pilot controller"", ""target_zone"": ""zone-0"", ""used_consensus"": true}"
11,0,nominal,none,mean,31,29.55736524441643,29.502996735705544,-0.05436850871088694,26.0,0.7,0.30000000000000004,0.20000000000000004,decrease_fan_speed,supervisor,True,,,0,1.0,29.7467569968491,29.6587569968491,29.79803957854981,0,,0,,0.00011835061013698578,False,"[29.803994612233073, 29.151773679187134, 29.234267882863474, 29.003223655220744, 29.713125679744195, 29.417224074214925, 29.95084456885909, 29.60168841171201, 29.650828057315255]","[29.803994612233073, 29.151773679187134, 29.234267882863474, 29.003223655220744, 29.713125679744195, 29.417224074214925, 29.95084456885909, 29.60168841171201, 29.650828057315255]","[false, false, false, false, false, false, false, false, false]",[],[],e5a8c873a159502e585b8490c908f482784a1d4467ec20e4e72a75020b79cedb,c188e42c5d54c1cfb407bf81b6d48b51cde5d2abd081872156da1ba56e8532d2,"{""anomaly_count"": 0, ""confidence"": 1.0, ""temperature"": 29.502996735705544, ""timestamp"": ""2026-09-03T00:31:00+00:00"", ""zone"": ""zone-0""}","{""action_type"": ""decrease_fan_speed"", ""consensus_timestamp"": ""2026-09-03T00:31:00+00:00"", ""duration"": 1, ""magnitude"": 0.1, ""reasoning_summary"": ""Frozen bidirectional thermal pilot controller"", ""target_zone"": ""zone-0"", ""used_consensus"": true}"
11,0,nominal,none,mean,32,29.79803957854981,29.847199069917888,0.049159491368079955,26.0,0.7,0.20000000000000004,0.20000000000000004,maintain,supervisor,True,,,0,1.0,30.063423144324457,30.063423144324457,30.04995862238017,0,,0,,0.00012028869241476059,False,"[30.23420841192263, 29.716944317589757, 29.827334431752064, 29.939101747750087, 29.65802081974904, 29.86842847840468, 30.027879980435706, 29.90221148367347, 29.45066195798352]","[30.23420841192263, 29.716944317589757, 29.827334431752064, 29.939101747750087, 29.65802081974904, 29.86842847840468, 30.027879980435706, 29.90221148367347, 29.45066195798352]","[false, false, false, false, false, false, false, false, false]",[],[],a46c00ee781a933ecd8b7e7455de9576f2dd621c6e6bedba9f37fbc4056ccab2,e270cb318aac8b155682d431aadc49be6e487a90271dfac57e4dbd4c741103c6,"{""anomaly_count"": 0, ""confidence"": 1.0, ""temperature"": 29.847199069917888, ""timestamp"": ""2026-09-03T00:32:00+00:00"", ""zone"": ""zone-0""}","{""action_type"": ""maintain"", ""consensus_timestamp"": ""2026-09-03T00:32:00+00:00"", ""duration"": 1, ""magnitude"": 0.0, ""reasoning_summary"": ""Frozen bidirectional thermal pilot controller"", ""target_zone"": ""zone-0"", ""used_consensus"": true}"
11,0,nominal,none,mean,33,30.04995862238017,30.16894034758542,0.11898172520524852,26.0,0.7,0.20000000000000004,0.20000000000000004,maintain,supervisor,True,,,0,1.0,30.359425119778585,30.359425119778585,30.28553226404359,0,,0,,0.0001210952177643776,False,"[29.819469717695522, 30.17678262791391, 30.18894028426961, 29.879371599574494, 30.372413996877775, 30.48583915969227, 30.211405923328254, 30.210525266665165, 30.175714552251794]","[29.819469717695522, 30.17678262791391, 30.18894028426961, 29.879371599574494, 30.372413996877775, 30.48583915969227, 30.211405923328254, 30.210525266665165, 30.175714552251794]","[false, false, false, false, false, false, false, false, false]",[],[],ece0dd1aecd1ebeeb5adc599b177f571674e51539f3626d180e7951ae970a9bb,ebcb05ec8aabe2ceedde005d38b334cccdd2b445eec1265b7e76c2ae5c48d6c4,"{""anomaly_count"": 0, ""confidence"": 1.0, ""temperature"": 30.16894034758542, ""timestamp"": ""2026-09-03T00:33:00+00:00"", ""zone"": ""zone-0""}","{""action_type"": ""maintain"", ""consensus_timestamp"": ""2026-09-03T00:33:00+00:00"", ""duration"": 1, ""magnitude"": 0.0, ""reasoning_summary"": ""Frozen bidirectional thermal pilot controller"", ""target_zone"": ""zone-0"", ""used_consensus"": true}"
11,0,nominal,none,mean,34,30.28553226404359,30.281096510069055,-0.004435753974533441,26.0,0.7,0.20000000000000004,0.20000000000000004,maintain,supervisor,True,,,0,1.0,30.46260878926353,30.46260878926353,30.511405088915662,0,,0,,0.0001180088147521019,False,"[30.293026150890388, 30.064793424302433, 30.43956686939986, 29.875965161775202, 30.25133247625278, 30.480299085812128, 30.20356930484015, 30.725766103765903, 30.195550013582654]","[30.293026150890388, 30.064793424302433, 30.43956686939986, 29.875965161775202, 30.25133247625278, 30.480299085812128, 30.20356930484015, 30.725766103765903, 30.195550013582654]","[false, false, false, false, false, false, false, false, false]",[],[],9e00a9344fc90ae110c41faecd3c5be37ff3dfe6743e94fca7b6ab283b2e3f0b,d1881948c348cc02daceac4061bab7e504dc5dac2eb8829a97079eaeaed29224,"{""anomaly_count"": 0, ""confidence"": 1.0, ""temperature"": 30.281096510069055, ""timestamp"": ""2026-09-03T00:34:00+00:00"", ""zone"": ""zone-0""}","{""action_type"": ""maintain"", ""consensus_timestamp"": ""2026-09-03T00:34:00+00:00"", ""duration"": 1, ""magnitude"": 0.0, ""reasoning_summary"": ""Frozen bidirectional thermal pilot controller"", ""target_zone"": ""zone-0"", ""used_consensus"": true}"
11,0,nominal,none,mean,35,30.511405088915662,30.50363325278711,-0.007771836128551257,26.0,0.7,0.20000000000000004,0.30000000000000004,increase_fan_speed,supervisor,True,,,0,1.0,30.579342592564142,30.667342592564143,30.620711824556153,0,,0,,0.00012113619595766068,False,"[30.410589366675588, 30.382162535041918, 30.588040110922684, 30.600004761015413, 30.635146330799284, 30.4643220146798, 30.513340943853805, 30.552371366095027, 30.386721846000444]","[30.410589366675588, 30.382162535041918, 30.588040110922684, 30.600004761015413, 30.635146330799284, 30.4643220146798, 30.513340943853805, 30.552371366095027, 30.386721846000444]","[false, false, false, false, false, false, false, false, false]",[],[],7beb537e860e4b7e9a0ed0269b1f856601298ed35a6785e4d777e774325da396,43cbf6ba8390628fa7e8d24bffd818081dd7f357b26c38fa100ef9b5b9cefed6,"{""anomaly_count"": 0, ""confidence"": 1.0, ""temperature"": 30.50363325278711, ""timestamp"": ""2026-09-03T00:35:00+00:00"", ""zone"": ""zone-0""}","{""action_type"": ""increase_fan_speed"", ""consensus_timestamp"": ""2026-09-03T00:35:00+00:00"", ""duration"": 1, ""magnitude"": 0.1, ""reasoning_summary"": ""Frozen bidirectional thermal pilot controller"", ""target_zone"": ""zone-0"", ""used_consensus"": true}"
11,0,nominal,none,mean,36,30.620711824556153,30.482281752881494,-0.1384300716746587,26.0,0.7,0.30000000000000004,0.4,increase_fan_speed,supervisor,True,,,0,1.0,30.471699212650975,30.559699212650976,30.66375993826067,0,,0,,0.0001193145290017128,False,"[30.781890385038146, 30.24788065544564, 30.393829221790657, 30.33127548150939, 30.59419621992386, 30.48011766657412, 30.54291858269379, 30.71609347965701, 30.252334083300866]","[30.781890385038146, 30.24788065544564, 30.393829221790657, 30.33127548150939, 30.59419621992386, 30.48011766657412, 30.54291858269379, 30.71609347965701, 30.252334083300866]","[false, false, false, false, false, false, false, false, false]",[],[],bf735dbd1773d92b56ec242a2c22575e9cf5c4973475d3625e5db6138f714a76,ae8b604651b2bf847ee9005b3cb3f6cdc9be6c000cb5bf54a33d4989ef9bfe50,"{""anomaly_count"": 0, ""confidence"": 1.0, ""temperature"": 30.482281752881494, ""timestamp"": ""2026-09-03T00:36:00+00:00"", ""zone"": ""zone-0""}","{""action_type"": ""increase_fan_speed"", ""consensus_timestamp"": ""2026-09-03T00:36:00+00:00"", ""duration"": 1, ""magnitude"": 0.1, ""reasoning_summary"": ""Frozen bidirectional thermal pilot controller"", ""target_zone"": ""zone-0"", ""used_consensus"": true}"
11,0,nominal,none,mean,37,30.66375993826067,30.714635394126674,0.050875455866002284,26.0,0.7,0.4,0.5,increase_fan_speed,supervisor,True,,,0,1.0,30.59746456259654,30.68546456259654,30.604779934931276,0,,0,,0.00012334901839494705,False,"[30.734271013485277, 30.63835820801432, 30.795448230630235, 30.959506517612574, 30.82682754090486, 30.391318389952875, 30.631727133208262, 30.997615192194196, 30.45664632113747]","[30.734271013485277, 30.63835820801432, 30.795448230630235, 30.959506517612574, 30.82682754090486, 30.391318389952875, 30.631727133208262, 30.997615192194196, 30.45664632113747]","[false, false, false, false, false, false, false, false, false]",[],[],fcfc1fbe845cd5807ee1fce6d78b57aa45cec3c1467ad222c6f6d2781eb5bf7c,deb845e0055762108945bbfec8b322249cbf5c5d59cbf0e3587818edc54dce5d,"{""anomaly_count"": 0, ""confidence"": 1.0, ""temperature"": 30.714635394126674, ""timestamp"": ""2026-09-03T00:37:00+00:00"", ""zone"": ""zone-0""}","{""action_type"": ""increase_fan_speed"", ""consensus_timestamp"": ""2026-09-03T00:37:00+00:00"", ""duration"": 1, ""magnitude"": 0.1, ""reasoning_summary"": ""Frozen bidirectional thermal pilot controller"", ""target_zone"": ""zone-0"", ""used_consensus"": true}"
11,0,nominal,none,mean,38,30.604779934931276,30.648950776775525,0.0441708418442488,26.0,0.7,0.5,0.6,increase_fan_speed,supervisor,True,,,0,1.0,30.449034714633484,30.53703471463348,30.471166147154594,0,,0,,0.00012108031660318375,False,"[30.615954401906457, 30.677588992313275, 30.583287783032663, 30.284119439362637, 30.663470862425065, 30.841415442303532, 30.979830225685856, 30.64591229232823, 30.548977551622045]","[30.615954401906457, 30.677588992313275, 30.583287783032663, 30.284119439362637, 30.663470862425065, 30.841415442303532, 30.979830225685856, 30.64591229232823, 30.548977551622045]","[false, false, false, false, false, false, false, false, false]",[],[],ee4668ab59fb509c43ff64546533e65edacbbe9e3621bee2e4d2affbcc24105c,f7cf7164f2b7b97e47d715483f69aa6a91a9ee4a1eb9b17300cdbb4b63ae62a3,"{""anomaly_count"": 0, ""confidence"": 1.0, ""temperature"": 30.648950776775525, ""timestamp"": ""2026-09-03T00:38:00+00:00"", ""zone"": ""zone-0""}","{""action_type"": ""increase_fan_speed"", ""consensus_timestamp"": ""2026-09-03T00:38:00+00:00"", ""duration"": 1, ""magnitude"": 0.1, ""reasoning_summary"": ""Frozen bidirectional thermal pilot controller"", ""target_zone"": ""zone-0"", ""used_consensus"": true}"
11,0,nominal,none,mean,39,30.471166147154594,30.372106082425553,-0.09906006472904139,26.0,0.7,0.6,0.7,increase_fan_speed,supervisor,True,,,0,1.0,30.10633759583151,30.19433759583151,30.233424841072374,0,,0,,0.00012195296585559845,False,"[30.47798242808271, 30.769936786215435, 30.41905085365204, 30.37124899046238, 30.39339039889133, 30.363933146430476, 30.13907594015865, 30.269560371693053, 30.1447758262439]","[30.47798242808271, 30.769936786215435, 30.41905085365204, 30.37124899046238, 30.39339039889133, 30.363933146430476, 30.13907594015865, 30.269560371693053, 30.1447758262439]","[false, false, false, false, false, false, false, false, false]",[],[],42ee8c84857c949d718758b84b134b9af24c60ba26f2a1176d62da4ff7f09e3e,22a6ac441c2667cc1fe964cfad4746807aab186406afa7103b37614e695332d7,"{""anomaly_count"": 0, ""confidence"": 1.0, ""temperature"": 30.372106082425553, ""timestamp"": ""2026-09-03T00:39:00+00:00"", ""zone"": ""zone-0""}","{""action_type"": ""increase_fan_speed"", ""consensus_timestamp"": ""2026-09-03T00:39:00+00:00"", ""duration"": 1, ""magnitude"": 0.1, ""reasoning_summary"": ""Frozen bidirectional thermal pilot controller"", ""target_zone"": ""zone-0"", ""used_consensus"": true}"
11,0,nominal,none,mean,40,30.233424841072374,30.251546360299812,0.018121519227438654,26.0,0.7,0.7,0.7,maintain,supervisor,True,,,0,1.0,29.995422651475828,29.995422651475828,29.998443079151226,0,,0,,0.00012088101357221603,False,"[30.180121191311493, 30.317554035121052, 30.031091967785617, 30.30978482710345, 30.083942966446106, 30.35000028084057, 30.40893011641158, 30.01738562767746, 30.565106230000982]","[30.180121191311493, 30.317554035121052, 30.031091967785617, 30.30978482710345, 30.083942966446106, 30.35000028084057, 30.40893011641158, 30.01738562767746, 30.565106230000982]","[false, false, false, false, false, false, false, false, false]",[],[],98ad436dc3e98f17288b8cbed5f06f5eb1ebba011dd1f1a99ceaf65bc083b882,22571f93540f73d0b7a13b36af72bdc408224261647ed1704fadd20c66136097,"{""anomaly_count"": 0, ""confidence"": 1.0, ""temperature"": 30.251546360299812, ""timestamp"": ""2026-09-03T00:40:00+00:00"", ""zone"": ""zone-0""}","{""action_type"": ""maintain"", ""consensus_timestamp"": ""2026-09-03T00:40:00+00:00"", ""duration"": 1, ""magnitude"": 0.0, ""reasoning_summary"": ""Frozen bidirectional thermal pilot controller"", ""target_zone"": ""zone-0"", ""used_consensus"": true}"
11,0,nominal,none,mean,41,29.998443079151226,29.974979649470576,-0.02346342968064974,26.0,0.7,0.7,0.7,maintain,supervisor,True,,,0,1.0,29.74098127751293,29.74098127751293,29.84980854922398,0,,0,,0.00011702906340360641,False,"[30.008061811148416, 29.71931938965636, 29.91110865835754, 29.92510160978329, 30.08672789100346, 29.73057003569395, 30.41621799488155, 30.220245513978316, 29.757463940732308]","[30.008061811148416, 29.71931938965636, 29.91110865835754, 29.92510160978329, 30.08672789100346, 29.73057003569395, 30.41621799488155, 30.220245513978316, 29.757463940732308]","[false, false, false, false, false, false, false, false, false]",[],[],39c02594426cbc8cca5d6b06b66dee2733727a4b7aff7755ceed0fa8ba05fca8,e6fbb02fdcc9ef4c8f827cc42688749fd47dda1a26585273b6cd1215a2c0a13b,"{""anomaly_count"": 0, ""confidence"": 1.0, ""temperature"": 29.974979649470576, ""timestamp"": ""2026-09-03T00:41:00+00:00"", ""zone"": ""zone-0""}","{""action_type"": ""maintain"", ""consensus_timestamp"": ""2026-09-03T00:41:00+00:00"", ""duration"": 1, ""magnitude"": 0.0, ""reasoning_summary"": ""Frozen bidirectional thermal pilot controller"", ""target_zone"": ""zone-0"", ""used_consensus"": true}"
11,0,nominal,none,mean,42,29.84980854922398,29.71072651840604,-0.13908203081793857,26.0,0.7,0.7,0.7,maintain,supervisor,True,,,0,1.0,29.49786839693356,29.49786839693356,29.658055897950657,0,,0,,0.00011592637747526169,False,"[29.54841854649556, 29.714845132319365, 29.79717213848241, 29.647249888290393, 29.56950469411052, 29.879058183482858, 29.360282881144702, 29.81697915307131, 30.06302804825726]","[29.54841854649556, 29.714845132319365, 29.79717213848241, 29.647249888290393, 29.56950469411052, 29.879058183482858, 29.360282881144702, 29.81697915307131, 30.06302804825726]","[false, false, false, false, false, false, false, false, false]",[],[],a66350bea04795cbd6d79c33f6ccae23d2952f3ee78c6711d5814b752c9f540f,1689429bb9506f958f5714a0af0f7a539bcf8461afb553aeb0d98a89a63ea410,"{""anomaly_count"": 0, ""confidence"": 1.0, ""temperature"": 29.71072651840604, ""timestamp"": ""2026-09-03T00:42:00+00:00"", ""zone"": ""zone-0""}","{""action_type"": ""maintain"", ""consensus_timestamp"": ""2026-09-03T00:42:00+00:00"", ""duration"": 1, ""magnitude"": 0.0, ""reasoning_summary"": ""Frozen bidirectional thermal pilot controller"", ""target_zone"": ""zone-0"", ""used_consensus"": true}"
11,0,nominal,none,mean,43,29.658055897950657,29.7356958540039,0.07763995605324325,26.0,0.7,0.7,0.7,maintain,supervisor,True,,,0,1.0,29.52084018568359,29.52084018568359,29.475593388493003,0,,0,,0.00011120643466711044,False,"[29.616151188639297, 30.005997554076874, 29.739066079788444, 29.62205939128905, 29.768371820476542, 29.81328371318278, 29.750071894577076, 29.46790083373751, 29.838360210267542]","[29.616151188639297, 30.005997554076874, 29.739066079788444, 29.62205939128905, 29.768371820476542, 29.81328371318278, 29.750071894577076, 29.46790083373751, 29.838360210267542]","[false, false, false, false, false, false, false, false, false]",[],[],27a0b3ba3701b8cd3523bb294ba271a70c10962eb703c29673e5014ba8e93412,3c9f243183937fbeeb3d714628fa9a42c9b90e8de6a449eea51befc1e847df65,"{""anomaly_count"": 0, ""confidence"": 1.0, ""temperature"": 29.7356958540039, ""timestamp"": ""2026-09-03T00:43:00+00:00"", ""zone"": ""zone-0""}","{""action_type"": ""maintain"", ""consensus_timestamp"": ""2026-09-03T00:43:00+00:00"", ""duration"": 1, ""magnitude"": 0.0, ""reasoning_summary"": ""Frozen bidirectional thermal pilot controller"", ""target_zone"": ""zone-0"", ""used_consensus"": true}"
11,0,nominal,none,mean,44,29.475593388493003,29.43403316530096,-0.04156022319204311,26.0,0.7,0.7,0.7,maintain,supervisor,True,,,0,1.0,29.24331051207688,29.24331051207688,29.35219747130177,0,,0,,0.00010630302131175995,False,"[29.518208090953074, 29.176577903828345, 29.561478712263312, 29.406924382155715, 29.596963653280934, 29.53258843417918, 29.395800708305607, 29.25415778263258, 29.463598820109908]","[29.518208090953074, 29.176577903828345, 29.561478712263312, 29.406924382155715, 29.596963653280934, 29.53258843417918, 29.395800708305607, 29.25415778263258, 29.463598820109908]","[false, false, false, false, false, false, false, false, false]",[],[],fa21f0f4dbd33d45690cc1b05c294d646f61835164d601b510581951a993b91f,5395f1b151d4c86e8165d49847649c2222318265c8933ca8890833238032daca,"{""anomaly_count"": 0, ""confidence"": 1.0, ""temperature"": 29.43403316530096, ""timestamp"": ""2026-09-03T00:44:00+00:00"", ""zone"": ""zone-0""}","{""action_type"": ""maintain"", ""consensus_timestamp"": ""2026-09-03T00:44:00+00:00"", ""duration"": 1, ""magnitude"": 0.0, ""reasoning_summary"": ""Frozen bidirectional thermal pilot controller"", ""target_zone"": ""zone-0"", ""used_consensus"": true}"
11,0,nominal,none,mean,45,29.35219747130177,29.285452713922567,-0.0667447573792046,26.0,0.7,0.7,0.7,maintain,supervisor,True,,,0,1.0,29.106616496808762,29.106616496808762,29.248675995733265,0,,0,,0.00010757334530353546,False,"[29.212802957016336, 29.15001285919575, 29.735550586934213, 29.100619051020423, 29.388759951846904, 29.200033241053703, 29.50971888079762, 29.153324113529425, 29.118252783908684]","[29.212802957016336, 29.15001285919575, 29.735550586934213, 29.100619051020423, 29.388759951846904, 29.200033241053703, 29.50971888079762, 29.153324113529425, 29.118252783908684]","[false, false, false, false, false, false, false, false, false]",[],[],8a9ce344652eeb7eb99c8174f1e62b86efacd1d7d79d46144006fd8a5af68809,b943432c2dc6cbc1c2508e077acdb4c133152223546eb9ff4251ee8b27f4231a,"{""anomaly_count"": 0, ""confidence"": 1.0, ""temperature"": 29.285452713922567, ""timestamp"": ""2026-09-03T00:45:00+00:00"", ""zone"": ""zone-0""}","{""action_type"": ""maintain"", ""consensus_timestamp"": ""2026-09-03T00:45:00+00:00"", ""duration"": 1, ""magnitude"": 0.0, ""reasoning_summary"": ""Frozen bidirectional thermal pilot controller"", ""target_zone"": ""zone-0"", ""used_consensus"": true}"
11,0,nominal,none,mean,46,29.248675995733265,29.29049443804811,0.04181844231484533,26.0,0.7,0.7,0.6,decrease_fan_speed,supervisor,True,,,0,1.0,29.19925488300426,29.11125488300426,29.185529795116654,0,,0,,0.00011134147644042969,False,"[29.585633437552858, 29.527515483645406, 29.342176012734818, 29.03998370398294, 29.32154680125951, 29.046600094629195, 29.760704491287104, 29.097258103209604, 28.89303181413155]","[29.585633437552858, 29.527515483645406, 29.342176012734818, 29.03998370398294, 29.32154680125951, 29.046600094629195, 29.760704491287104, 29.097258103209604, 28.89303181413155]","[false, false, false, false, false, false, false, false, false]",[],[],a48ee20a01499d57475456d272dbd194995b7d471e882ca47157b4524fbea044,359e6b63b0a0cc24fa1fd7d6568e4ccd8a905cd03d3ed5734abef0042859bb72,"{""anomaly_count"": 0, ""confidence"": 1.0, ""temperature"": 29.29049443804811, ""timestamp"": ""2026-09-03T00:46:00+00:00"", ""zone"": ""zone-0""}","{""action_type"": ""decrease_fan_speed"", ""consensus_timestamp"": ""2026-09-03T00:46:00+00:00"", ""duration"": 1, ""magnitude"": 0.1, ""reasoning_summary"": ""Frozen bidirectional thermal pilot controller"", ""target_zone"": ""zone-0"", ""used_consensus"": true}"
11,0,nominal,none,mean,47,29.185529795116654,29.241301754564354,0.05577195944769997,26.0,0.7,0.6,0.6,maintain,supervisor,True,,,0,1.0,29.153997614199206,29.153997614199206,29.17181793087309,0,,0,,0.00010930653661489487,False,"[28.78049071329332, 29.385408711521418, 29.24021399372953, 29.346427327628128, 29.358852515893084, 29.33717903528618, 29.12944418037949, 29.359842876288834, 29.233856437059167]","[28.78049071329332, 29.385408711521418, 29.24021399372953, 29.346427327628128, 29.358852515893084, 29.33717903528618, 29.12944418037949, 29.359842876288834, 29.233856437059167]","[false, false, false, false, false, false, false, false, false]",[],[],e671230863304b8cd02f309aa7848b92878e0b7574276845c104c5fc2b773d90,dc8be7ac7b4950ce0d37d25e07aa2ab6fd1f7066b6785b7c08f32f2e7d61b017,"{""anomaly_count"": 0, ""confidence"": 1.0, ""temperature"": 29.241301754564354, ""timestamp"": ""2026-09-03T00:47:00+00:00"", ""zone"": ""zone-0""}","{""action_type"": ""maintain"", ""consensus_timestamp"": ""2026-09-03T00:47:00+00:00"", ""duration"": 1, ""magnitude"": 0.0, ""reasoning_summary"": ""Frozen bidirectional thermal pilot controller"", ""target_zone"": ""zone-0"", ""used_consensus"": true}"
11,0,nominal,none,mean,48,29.17181793087309,29.16155270038959,-0.010265230483501142,26.0,0.7,0.6,0.6,maintain,supervisor,True,,,0,1.0,29.08062848435842,29.08062848435842,29.168823909460702,0,,0,,0.00011012330651283264,False,"[29.206309479041686, 29.26294332415611, 28.827892755859143, 28.977093246253112, 29.036430259576402, 29.309874115865966, 29.356724811217635, 29.2134930438025, 29.26321326773373]","[29.206309479041686, 29.26294332415611, 28.827892755859143, 28.977093246253112, 29.036430259576402, 29.309874115865966, 29.356724811217635, 29.2134930438025, 29.26321326773373]","[false, false, false, false, false, false, false, false, false]",[],[],a34817b044beda22d226827703e6ac3cdbcba65d318cdf4d5dc976c8c5a1be55,1c07aebbed3fa788d106528138a2ae734f953ef9b2370714f9c4ea872397835f,"{""anomaly_count"": 0, ""confidence"": 1.0, ""temperature"": 29.16155270038959, ""timestamp"": ""2026-09-03T00:48:00+00:00"", ""zone"": ""zone-0""}","{""action_type"": ""maintain"", ""consensus_timestamp"": ""2026-09-03T00:48:00+00:00"", ""duration"": 1, ""magnitude"": 0.0, ""reasoning_summary"": ""Frozen bidirectional thermal pilot controller"", ""target_zone"": ""zone-0"", ""used_consensus"": true}"
11,0,nominal,none,mean,49,29.168823909460702,29.23003360785113,0.061209698390428,26.0,0.7,0.6,0.5,decrease_fan_speed,supervisor,True,,,0,1.0,29.231630919223036,29.14363091922304,29.24411376456078,0,,0,,0.00010928511619567871,False,"[29.485522472545014, 29.027284506979488, 29.3624321967658, 29.119738785115388, 29.056848344241654, 29.174577647503735, 29.274563857838505, 29.269728075888988, 29.29960658378162]","[29.485522472545014, 29.027284506979488, 29.3624321967658, 29.119738785115388, 29.056848344241654, 29.174577647503735, 29.274563857838505, 29.269728075888988, 29.29960658378162]","[false, false, false, false, false, false, false, false, false]",[],[],a983d1f5bff1093aa8187b8261333a1f9e284c24d686d1b78a7964f7a08d244c,509b09177b3df3031333e3e8617e432be2307e545f0601ba0aaa43b2d6ed79e1,"{""anomaly_count"": 0, ""confidence"": 1.0, ""temperature"": 29.23003360785113, ""timestamp"": ""2026-09-03T00:49:00+00:00"", ""zone"": ""zone-0""}","{""action_type"": ""decrease_fan_speed"", ""consensus_timestamp"": ""2026-09-03T00:49:00+00:00"", ""duration"": 1, ""magnitude"": 0.1, ""reasoning_summary"": ""Frozen bidirectional thermal pilot controller"", ""target_zone"": ""zone-0"", ""used_consensus"": true}"
11,0,nominal,none,mean,50,29.24411376456078,29.179443640306918,-0.06467012425386187,26.0,0.7,0.5,0.5,maintain,supervisor,True,,,0,1.0,29.18508814908236,29.18508814908236,29.276882172371636,0,,0,,0.00011663045734167099,False,"[29.013736543520512, 29.229502191710548, 29.161674111752518, 28.918332425158507, 28.996852029773557, 29.466063451144727, 29.284345950166255, 29.057267056985353, 29.487219002550287]","[29.013736543520512, 29.229502191710548, 29.161674111752518, 28.918332425158507, 28.996852029773557, 29.466063451144727, 29.284345950166255, 29.057267056985353, 29.487219002550287]","[false, false, false, false, false, false, false, false, false]",[],[],474865c8d566184976f9def9991f37768fcef0165ec9d8ac3d9c359ebaf82bc1,73a4aea96541454ced7817dc1eff907c57b1cf4ce9116d0e8cfd1a6a71623640,"{""anomaly_count"": 0, ""confidence"": 1.0, ""temperature"": 29.179443640306918, ""timestamp"": ""2026-09-03T00:50:00+00:00"", ""zone"": ""zone-0""}","{""action_type"": ""maintain"", ""consensus_timestamp"": ""2026-09-03T00:50:00+00:00"", ""duration"": 1, ""magnitude"": 0.0, ""reasoning_summary"": ""Frozen bidirectional thermal pilot controller"", ""target_zone"": ""zone-0"", ""used_consensus"": true}"
11,0,nominal,none,mean,51,29.276882172371636,29.324391111326218,0.04750893895458219,26.0,0.7,0.5,0.5,maintain,supervisor,True,,,0,1.0,29.318439822420117,29.318439822420117,29.308642726715313,0,,0,,0.00010820012539625168,False,"[29.142259397841812, 29.470662209438277, 29.34124885402554, 29.256977510479576, 29.370899559612823, 29.5320783301661, 29.528231847669357, 29.06100802328011, 29.216154269422372]","[29.142259397841812, 29.470662209438277, 29.34124885402554, 29.256977510479576, 29.370899559612823, 29.5320783301661, 29.528231847669357, 29.06100802328011, 29.216154269422372]","[false, false, false, false, false, false, false, false, false]",[],[],c774cec68c26397329f055a143c1fdc9c04e2137b5b5e945137eee797136323d,d7adf03c5c1aa50dcb430b9d4329b8f5058722c3b8b9c7bda318425b3fa850fb,"{""anomaly_count"": 0, ""confidence"": 1.0, ""temperature"": 29.324391111326218, ""timestamp"": ""2026-09-03T00:51:00+00:00"", ""zone"": ""zone-0""}","{""action_type"": ""maintain"", ""consensus_timestamp"": ""2026-09-03T00:51:00+00:00"", ""duration"": 1, ""magnitude"": 0.0, ""reasoning_summary"": ""Frozen bidirectional thermal pilot controller"", ""target_zone"": ""zone-0"", ""used_consensus"": true}"
11,0,nominal,none,mean,52,29.308642726715313,29.283987347702052,-0.02465537901326087,26.0,0.7,0.5,0.4,decrease_fan_speed,supervisor,True,,,0,1.0,29.369268359885886,29.281268359885885,29.46359922123638,0,,0,,0.0001109214499592781,False,"[29.13906848836543, 29.05653940350517, 29.48107457452875, 29.726324251356807, 29.08551272474277, 28.859466672826613, 29.49686318829307, 29.34254729685144, 29.36848952884839]","[29.13906848836543, 29.05653940350517, 29.48107457452875, 29.726324251356807, 29.08551272474277, 28.859466672826613, 29.49686318829307, 29.34254729685144, 29.36848952884839]","[false, false, false, false, false, false, false, false, false]",[],[],601f93f0f1161fd35b936efa990f63bb4ac68af865d891fd03870f875d6d3074,c00e481d711f7a16c8b6a6829c7527eb94be1fcc850a01228160c9996b9ebd51,"{""anomaly_count"": 0, ""confidence"": 1.0, ""temperature"": 29.283987347702052, ""timestamp"": ""2026-09-03T00:52:00+00:00"", ""zone"": ""zone-0""}","{""action_type"": ""decrease_fan_speed"", ""consensus_timestamp"": ""2026-09-03T00:52:00+00:00"", ""duration"": 1, ""magnitude"": 0.1, ""reasoning_summary"": ""Frozen bidirectional thermal pilot controller"", ""target_zone"": ""zone-0"", ""used_consensus"": true}"
11,0,nominal,none,mean,53,29.46359922123638,29.414962542074015,-0.048636679162363805,26.0,0.7,0.4,0.4,maintain,supervisor,True,,,0,1.0,29.48976553870809,29.48976553870809,29.585151446325433,0,,0,,0.00011008325964212418,False,"[29.469568212102974, 29.317727286609173, 29.26060275180905, 29.026955520364666, 29.970447992203102, 29.321529330681674, 29.401450102061574, 29.605502571454288, 29.36087911137967]","[29.469568212102974, 29.317727286609173, 29.26060275180905, 29.026955520364666, 29.970447992203102, 29.321529330681674, 29.401450102061574, 29.605502571454288, 29.36087911137967]","[false, false, false, false, false, false, false, false, false]",[],[],f37110c0bdad63319ed984310e66ce76fb86bd67d41b1e6b3412a5fc01e07c31,57abad9a1d75cce0641bddf3034634a2ba9df7131d10b08b45aee142f8125629,"{""anomaly_count"": 0, ""confidence"": 1.0, ""temperature"": 29.414962542074015, ""timestamp"": ""2026-09-03T00:53:00+00:00"", ""zone"": ""zone-0""}","{""action_type"": ""maintain"", ""consensus_timestamp"": ""2026-09-03T00:53:00+00:00"", ""duration"": 1, ""magnitude"": 0.0, ""reasoning_summary"": ""Frozen bidirectional thermal pilot controller"", ""target_zone"": ""zone-0"", ""used_consensus"": true}"
11,0,nominal,none,mean,54,29.585151446325433,29.538549559209386,-0.04660188711604718,26.0,0.7,0.4,0.4,maintain,supervisor,True,,,0,1.0,29.603465594472635,29.603465594472635,29.669412815304735,0,,0,,0.00010617077350616455,False,"[29.40109520960517, 29.79161355644572, 29.646518932661355, 29.55439701825, 29.399758149401826, 29.441557852738054, 29.77243194621884, 29.2494125657023, 29.590160801861177]","[29.40109520960517, 29.79161355644572, 29.646518932661355, 29.55439701825, 29.399758149401826, 29.441557852738054, 29.77243194621884, 29.2494125657023, 29.590160801861177]","[false, false, false, false, false, false, false, false, false]",[],[],b75628d0013057d3911f548f96a13ac6b0e0c8f1bd9563afddec3a3ee056d036,32d498ec040ec26f25bb47c18c8bf6b4c8941b014e452994804425423c8243e4,"{""anomaly_count"": 0, ""confidence"": 1.0, ""temperature"": 29.538549559209386, ""timestamp"": ""2026-09-03T00:54:00+00:00"", ""zone"": ""zone-0""}","{""action_type"": ""maintain"", ""consensus_timestamp"": ""2026-09-03T00:54:00+00:00"", ""duration"": 1, ""magnitude"": 0.0, ""reasoning_summary"": ""Frozen bidirectional thermal pilot controller"", ""target_zone"": ""zone-0"", ""used_consensus"": true}"
11,0,nominal,none,mean,55,29.669412815304735,29.682358141008976,0.012945325704240673,26.0,0.7,0.4,0.30000000000000004,decrease_fan_speed,supervisor,True,,,0,1.0,29.823769489728257,29.735769489728256,29.848978271546148,0,,0,,0.00010846182703971863,False,"[29.752228769576874, 29.877934497534966, 29.7835738337246, 29.746152520737667, 29.375234189845298, 29.3760333968708, 29.715325427163336, 29.402921793279223, 30.111818840348032]","[29.752228769576874, 29.877934497534966, 29.7835738337246, 29.746152520737667, 29.375234189845298, 29.3760333968708, 29.715325427163336, 29.402921793279223, 30.111818840348032]","[false, false, false, false, false, false, false, false, false]",[],[],b2c45bef78dd39c4d5ebdcf4fe2667bc3c97fd43d782afd0b87da730f837e5be,6c7847ba782f7e72dfaf2ecf1c82e92a3fadb57e42f75d94a6fc550f8d0179e8,"{""anomaly_count"": 0, ""confidence"": 1.0, ""temperature"": 29.682358141008976, ""timestamp"": ""2026-09-03T00:55:00+00:00"", ""zone"": ""zone-0""}","{""action_type"": ""decrease_fan_speed"", ""consensus_timestamp"": ""2026-09-03T00:55:00+00:00"", ""duration"": 1, ""magnitude"": 0.1, ""reasoning_summary"": ""Frozen bidirectional thermal pilot controller"", ""target_zone"": ""zone-0"", ""used_consensus"": true}"
11,0,nominal,none,mean,56,29.848978271546148,29.87014007785538,0.021161806309230258,26.0,0.7,0.30000000000000004,0.30000000000000004,maintain,supervisor,True,,,0,1.0,29.996528871626946,29.996528871626946,30.00022493198532,0,,0,,0.00042099785059690475,False,"[29.890707180535326, 29.9945810538253, 29.672145898082768, 30.14435948750966, 29.868570223023244, 29.668867587224923, 29.61828349211513, 30.299038666169317, 29.6747071122127]","[29.890707180535326, 29.9945810538253, 29.672145898082768, 30.14435948750966, 29.868570223023244, 29.668867587224923, 29.61828349211513, 30.299038666169317, 29.6747071122127]","[false, false, false, false, false, false, false, false, false]",[],[],779c920775b35de7639d682e71d2d321c37d2ef914cf02dfad1e2263d25ebbe7,281926e2f10d1e2b284cc54fd1583ed4ff347155d3649e2e2ed344192b77a34c,"{""anomaly_count"": 0, ""confidence"": 1.0, ""temperature"": 29.87014007785538, ""timestamp"": ""2026-09-03T00:56:00+00:00"", ""zone"": ""zone-0""}","{""action_type"": ""maintain"", ""consensus_timestamp"": ""2026-09-03T00:56:00+00:00"", ""duration"": 1, ""magnitude"": 0.0, ""reasoning_summary"": ""Frozen bidirectional thermal pilot controller"", ""target_zone"": ""zone-0"", ""used_consensus"": true}"
11,0,nominal,none,mean,57,30.00022493198532,30.027581635313325,0.02735670332800666,26.0,0.7,0.30000000000000004,0.30000000000000004,maintain,supervisor,True,,,0,1.0,30.141375104488258,30.141375104488258,30.122447812923884,0,,0,,0.0001308731734752655,False,"[30.203330523011562, 29.85617456756109, 29.971682402748712, 30.426106154289617, 30.090974358132623, 30.340475286914987, 29.963986041727775, 29.658756215216357, 29.73674916821721]","[30.203330523011562, 29.85617456756109, 29.971682402748712, 30.426106154289617, 30.090974358132623, 30.340475286914987, 29.963986041727775, 29.658756215216357, 29.73674916821721]","[false, false, false, false, false, false, false, false, false]",[],[],a7c11873989ec172b1cdf15805f1b5d7bbd1b6320c7ab04c760d15d86f5478a6,2be17e6a9ba3947730de5ed0180125f57181825d9313ff1d9f63f6726469d059,"{""anomaly_count"": 0, ""confidence"": 1.0, ""temperature"": 30.027581635313325, ""timestamp"": ""2026-09-03T00:57:00+00:00"", ""zone"": ""zone-0""}","{""action_type"": ""maintain"", ""consensus_timestamp"": ""2026-09-03T00:57:00+00:00"", ""duration"": 1, ""magnitude"": 0.0, ""reasoning_summary"": ""Frozen bidirectional thermal pilot controller"", ""target_zone"": ""zone-0"", ""used_consensus"": true}"
11,0,nominal,none,mean,58,30.122447812923884,30.140321453562777,0.01787364063889285,26.0,0.7,0.30000000000000004,0.30000000000000004,maintain,supervisor,True,,,0,1.0,30.245095737277754,30.245095737277754,30.24905743585291,0,,0,,0.00013370532542467117,False,"[29.903655468584116, 30.26415367728882, 30.291881147776014, 29.99567786398807, 30.259855719272544, 30.13286848472723, 30.5020540898768, 29.87142964802533, 30.041316982526023]","[29.903655468584116, 30.26415367728882, 30.291881147776014, 29.99567786398807, 30.259855719272544, 30.13286848472723, 30.5020540898768, 29.87142964802533, 30.041316982526023]","[false, false, false, false, false, false, false, false, false]",[],[],9e4a57c14000bf88fd5a2b72bc32d365bb7c739f4a743886ecb92efd3f95bb6d,839324a2b09939467ce43acc0239f96861d97409ff53430c15d50e1166c35af4,"{""anomaly_count"": 0, ""confidence"": 1.0, ""temperature"": 30.140321453562777, ""timestamp"": ""2026-09-03T00:58:00+00:00"", ""zone"": ""zone-0""}","{""action_type"": ""maintain"", ""consensus_timestamp"": ""2026-09-03T00:58:00+00:00"", ""duration"": 1, ""magnitude"": 0.0, ""reasoning_summary"": ""Frozen bidirectional thermal pilot controller"", ""target_zone"": ""zone-0"", ""used_consensus"": true}"
11,0,nominal,none,mean,59,30.24905743585291,30.115018309742975,-0.1340391261099363,26.0,0.7,0.30000000000000004,0.30000000000000004,maintain,supervisor,True,,,0,1.0,30.221816844963538,30.221816844963538,30.385677904935243,0,,0,,0.00011191423982381821,False,"[29.920441631830226, 30.10821034219845, 30.361228069635885, 30.227267233438457, 30.524066662414235, 30.004809605795046, 29.92304806871765, 29.990818448047023, 29.975274725609825]","[29.920441631830226, 30.10821034219845, 30.361228069635885, 30.227267233438457, 30.524066662414235, 30.004809605795046, 29.92304806871765, 29.990818448047023, 29.975274725609825]","[false, false, false, false, false, false, false, false, false]",[],[],0b629827f64a4cf572f5472da400b49a037db0e90216c7aa5a7b4616dad41c0f,f2ad9ed2989ad102fbf922c26b4d2029bf9e17a026f82ef23da12eead0ab60fe,"{""anomaly_count"": 0, ""confidence"": 1.0, ""temperature"": 30.115018309742975, ""timestamp"": ""2026-09-03T00:59:00+00:00"", ""zone"": ""zone-0""}","{""action_type"": ""maintain"", ""consensus_timestamp"": ""2026-09-03T00:59:00+00:00"", ""duration"": 1, ""magnitude"": 0.0, ""reasoning_summary"": ""Frozen bidirectional thermal pilot controller"", ""target_zone"": ""zone-0"", ""used_consensus"": true}"
11,0,nominal,none,mean,60,30.385677904935243,30.380744466555118,-0.0049334383801245,27.0,0.85,0.30000000000000004,0.4,increase_fan_speed,supervisor,True,,,0,1.0,30.60828490923071,30.696284909230712,30.659636819285254,0,,0,,0.00011622905731201172,False,"[30.360408579655417, 30.315687268966265, 30.58612891299657, 30.4166592581968, 30.278564790336223, 30.274774133796303, 30.478120935593676, 30.280936926813514, 30.435419392641275]","[30.360408579655417, 30.315687268966265, 30.58612891299657, 30.4166592581968, 30.278564790336223, 30.274774133796303, 30.478120935593676, 30.280936926813514, 30.435419392641275]","[false, false, false, false, false, false, false, false, false]",[],[],0be46970e98ce44f08986d358b6a91c0becb66154ed229702bed39af881710d7,fcccff0d2e0eef5d4ef907482fe6aa62b7be93cf97e22c6e5eb3d5e37aaaf2a9,"{""anomaly_count"": 0, ""confidence"": 1.0, ""temperature"": 30.380744466555118, ""timestamp"": ""2026-09-03T01:00:00+00:00"", ""zone"": ""zone-0""}","{""action_type"": ""increase_fan_speed"", ""consensus_timestamp"": ""2026-09-03T01:00:00+00:00"", ""duration"": 1, ""magnitude"": 0.1, ""reasoning_summary"": ""Frozen bidirectional thermal pilot controller"", ""target_zone"": ""zone-0"", ""used_consensus"": true}"
11,0,nominal,none,mean,61,30.659636819285254,30.597693555329606,-0.061943263955647865,27.0,0.85,0.4,0.5,increase_fan_speed,supervisor,True,,,0,1.0,30.71987807090324,30.80787807090324,30.82621872185772,0,,0,,0.00011253636330366135,False,"[30.848585274692464, 30.533243884234288, 30.6315374917882, 30.539874225087285, 30.40437843944425, 30.667010451952585, 30.64528274830998, 30.391701744143468, 30.71762773831397]","[30.848585274692464, 30.533243884234288, 30.6315374917882, 30.539874225087285, 30.40437843944425, 30.667010451952585, 30.64528274830998, 30.391701744143468, 30.71762773831397]","[false, false, false, false, false, false, false, false, false]",[],[],8e35f69f61d02738d81804fc371626ee58a8074bbf23d3116b7f686ed4d10a73,c81ca033d3808b83f10901a772c24e75dbd44455a6a212a04be0d591103f005f,"{""anomaly_count"": 0, ""confidence"": 1.0, ""temperature"": 30.597693555329606, ""timestamp"": ""2026-09-03T01:01:00+00:00"", ""zone"": ""zone-0""}","{""action_type"": ""increase_fan_speed"", ""consensus_timestamp"": ""2026-09-03T01:01:00+00:00"", ""duration"": 1, ""magnitude"": 0.1, ""reasoning_summary"": ""Frozen bidirectional thermal pilot controller"", ""target_zone"": ""zone-0"", ""used_consensus"": true}"
11,0,nominal,none,mean,62,30.82621872185772,30.86990937693973,0.043690655082009755,27.0,0.85,0.5,0.6,increase_fan_speed,supervisor,True,,,0,1.0,30.882316626784554,30.97031662678455,30.865488613204636,0,,0,,0.0001376606523990631,False,"[30.85333706610808, 30.62059491913386, 30.957317223706927, 30.747478537685517, 31.235246440173896, 30.940250439553857, 30.717103494051543, 30.721302707756294, 31.036553564287576]","[30.85333706610808, 30.62059491913386, 30.957317223706927, 30.747478537685517, 31.235246440173896, 30.940250439553857, 30.717103494051543, 30.721302707756294, 31.036553564287576]","[false, false, false, false, false, false, false, false, false]",[],[],58fa306d34cd7b0c3ab21b69d2a30336f26fa2783bd2f058a6a57d73a4d1a23a,07dcff8033dea547d63a179439899a7b5ab49fa12f675dd207e727896cbd14ef,"{""anomaly_count"": 0, ""confidence"": 1.0, ""temperature"": 30.86990937693973, ""timestamp"": ""2026-09-03T01:02:00+00:00"", ""zone"": ""zone-0""}","{""action_type"": ""increase_fan_speed"", ""consensus_timestamp"": ""2026-09-03T01:02:00+00:00"", ""duration"": 1, ""magnitude"": 0.1, ""reasoning_summary"": ""Frozen bidirectional thermal pilot controller"", ""target_zone"": ""zone-0"", ""used_consensus"": true}"
11,0,nominal,none,mean,63,30.865488613204636,30.88112680234818,0.015638189143544423,27.0,0.85,0.6,0.7,increase_fan_speed,supervisor,True,,,0,1.0,30.804636658160327,30.892636658160328,30.838533834967155,0,,0,,0.00012022070586681366,False,"[30.713001653625778, 30.713605345501943, 30.846148980606284, 31.201084942931306, 30.82898161079007, 31.127599333609847, 30.977026854950186, 30.637752303583458, 30.884940195534735]","[30.713001653625778, 30.713605345501943, 30.846148980606284, 31.201084942931306, 30.82898161079007, 31.127599333609847, 30.977026854950186, 30.637752303583458, 30.884940195534735]","[false, false, false, false, false, false, false, false, false]",[],[],8ba1f9dbf318e379abeaef213859b7f948cf98d9a60106840952d725d1f2f9b8,5db8055700ff57ddb95634b6b713046b17dbc2d0e8bdafe08fcc867e3dd3fea8,"{""anomaly_count"": 0, ""confidence"": 1.0, ""temperature"": 30.88112680234818, ""timestamp"": ""2026-09-03T01:03:00+00:00"", ""zone"": ""zone-0""}","{""action_type"": ""increase_fan_speed"", ""consensus_timestamp"": ""2026-09-03T01:03:00+00:00"", ""duration"": 1, ""magnitude"": 0.1, ""reasoning_summary"": ""Frozen bidirectional thermal pilot controller"", ""target_zone"": ""zone-0"", ""used_consensus"": true}"
11,0,nominal,none,mean,64,30.838533834967155,30.79183469219569,-0.04669914277146603,27.0,0.85,0.7,0.7999999999999999,increase_fan_speed,supervisor,True,,,0,1.0,30.634487916820035,30.722487916820036,30.77088740400181,0,,0,,0.00011202692985534668,False,"[31.2654650621726, 30.754309901652153, 30.830226837415214, 30.349590120977982, 31.022505760167245, 30.823946826921876, 30.536775010787206, 30.86600862547268, 30.67768408419426]","[31.2654650621726, 30.754309901652153, 30.830226837415214, 30.349590120977982, 31.022505760167245, 30.823946826921876, 30.536775010787206, 30.86600862547268, 30.67768408419426]","[false, false, false, false, false, false, false, false, false]",[],[],651e1601da03754ae8389da5084804526606b2dadb663910c0fcaa02f71c1ae0,e0e469a324ce51c71ed410c700b3d208f8ad491fe3003add4b1fa153cda1ac0c,"{""anomaly_count"": 0, ""confidence"": 1.0, ""temperature"": 30.79183469219569, ""timestamp"": ""2026-09-03T01:04:00+00:00"", ""zone"": ""zone-0""}","{""action_type"": ""increase_fan_speed"", ""consensus_timestamp"": ""2026-09-03T01:04:00+00:00"", ""duration"": 1, ""magnitude"": 0.1, ""reasoning_summary"": ""Frozen bidirectional thermal pilot controller"", ""target_zone"": ""zone-0"", ""used_consensus"": true}"
11,0,nominal,none,mean,65,30.77088740400181,30.731818264620795,-0.03906913938101653,27.0,0.85,0.7999999999999999,0.8999999999999999,increase_fan_speed,supervisor,True,,,0,1.0,30.491272803451132,30.579272803451133,30.599416381576546,0,,0,,0.00010941270738840103,False,"[30.618802994980072, 30.574594384904216, 30.878286880106216, 30.487034187335873, 30.522788693875306, 30.782648062627278, 30.768196554527957, 30.780062932449084, 31.1739496907811]","[30.618802994980072, 30.574594384904216, 30.878286880106216, 30.487034187335873, 30.522788693875306, 30.782648062627278, 30.768196554527957, 30.780062932449084, 31.1739496907811]","[false, false, false, false, false, false, false, false, false]",[],[],faf3edafd3195e5614501f71c324e09fe54986be9ca4153a322020972f384e45,8252827eeb82c3e964c756158e3287325d6bfd7215d58e869964198c3d56e93b,"{""anomaly_count"": 0, ""confidence"": 1.0, ""temperature"": 30.731818264620795, ""timestamp"": ""2026-09-03T01:05:00+00:00"", ""zone"": ""zone-0""}","{""action_type"": ""increase_fan_speed"", ""consensus_timestamp"": ""2026-09-03T01:05:00+00:00"", ""duration"": 1, ""magnitude"": 0.1, ""reasoning_summary"": ""Frozen bidirectional thermal pilot controller"", ""target_zone"": ""zone-0"", ""used_consensus"": true}"
11,0,nominal,none,mean,66,30.599416381576546,30.656618795258737,0.05720241368219092,27.0,0.85,0.8999999999999999,0.9999999999999999,increase_fan_speed,supervisor,True,,,0,1.0,30.33408929163804,30.422089291638038,30.383766331596505,0,,0,,0.00010879244655370712,False,"[30.79574338287634, 30.85469155125482, 30.614930838112624, 30.769502187199596, 30.520504715623055, 30.14023504098082, 30.826076804954983, 30.746310081612805, 30.64157455471357]","[30.79574338287634, 30.85469155125482, 30.614930838112624, 30.769502187199596, 30.520504715623055, 30.14023504098082, 30.826076804954983, 30.746310081612805, 30.64157455471357]","[false, false, false, false, false, false, false, false, false]",[],[],37140d567e9ebebba74f73bd091f73a3123fdca138d4dcc3273289c366343499,9a210b18a83e8b787bf2c842a175582cf44b6562e54733b17653a64c73295e83,"{""anomaly_count"": 0, ""confidence"": 1.0, ""temperature"": 30.656618795258737, ""timestamp"": ""2026-09-03T01:06:00+00:00"", ""zone"": ""zone-0""}","{""action_type"": ""increase_fan_speed"", ""consensus_timestamp"": ""2026-09-03T01:06:00+00:00"", ""duration"": 1, ""magnitude"": 0.1, ""reasoning_summary"": ""Frozen bidirectional thermal pilot controller"", ""target_zone"": ""zone-0"", ""used_consensus"": true}"
11,0,nominal,none,mean,67,30.383766331596505,30.331738699371474,-0.052027632225030374,27.0,0.85,0.9999999999999999,0.9999999999999999,maintain,supervisor,True,,,0,1.0,30.03519960342176,30.03519960342176,30.135541409087462,0,,0,,0.00011197477579116821,False,"[30.323699118200317, 30.439771809585903, 30.503855271144342, 30.271978293486097, 30.293490599095335, 30.104509001359432, 30.392660591275522, 30.575226938473737, 30.080456671722587]","[30.323699118200317, 30.439771809585903, 30.503855271144342, 30.271978293486097, 30.293490599095335, 30.104509001359432, 30.392660591275522, 30.575226938473737, 30.080456671722587]","[false, false, false, false, false, false, false, false, false]",[],[],acc31b8e22ffde5baed20f064bd3c1123c4b25b97397d8f331252c74a429181e,c2b1a2e6f66343280c47cc8b0ec0d7776739c6d459e3f13c954ca4e5e81b55c8,"{""anomaly_count"": 0, ""confidence"": 1.0, ""temperature"": 30.331738699371474, ""timestamp"": ""2026-09-03T01:07:00+00:00"", ""zone"": ""zone-0""}","{""action_type"": ""maintain"", ""consensus_timestamp"": ""2026-09-03T01:07:00+00:00"", ""duration"": 1, ""magnitude"": 0.0, ""reasoning_summary"": ""Frozen bidirectional thermal pilot controller"", ""target_zone"": ""zone-0"", ""used_consensus"": true}"
11,0,nominal,none,mean,68,30.135541409087462,30.142134693918276,0.006593284830813673,27.0,0.85,0.9999999999999999,0.9999999999999999,maintain,supervisor,True,,,0,1.0,29.860763918404817,29.860763918404817,29.946725102046116,0,,0,,0.00010814052075147629,False,"[30.139155420446766, 30.341225501525745, 29.940086261019047, 30.16856558683984, 30.29114978163472, 30.21197823505233, 30.214933635691793, 29.99701543436818, 29.975102388686103]","[30.139155420446766, 30.341225501525745, 29.940086261019047, 30.16856558683984, 30.29114978163472, 30.21197823505233, 30.214933635691793, 29.99701543436818, 29.975102388686103]","[false, false, false, false, false, false, false, false, false]",[],[],dc21c27baa24c8086a9d294099d1ce95c652fd33c2a7040e5a67c313ce845f55,94f2ab0a19ddf32ae8bbc877f0318817de7a845818e1ad02dda76f9779513ccf,"{""anomaly_count"": 0, ""confidence"": 1.0, ""temperature"": 30.142134693918276, ""timestamp"": ""2026-09-03T01:08:00+00:00"", ""zone"": ""zone-0""}","{""action_type"": ""maintain"", ""consensus_timestamp"": ""2026-09-03T01:08:00+00:00"", ""duration"": 1, ""magnitude"": 0.0, ""reasoning_summary"": ""Frozen bidirectional thermal pilot controller"", ""target_zone"": ""zone-0"", ""used_consensus"": true}"
11,0,nominal,none,mean,69,29.946725102046116,29.875567272762517,-0.07115782928359948,27.0,0.85,0.9999999999999999,0.9999999999999999,maintain,supervisor,True,,,0,1.0,29.61552189094152,29.61552189094152,29.76214965803651,0,,0,,0.00011737179011106491,False,"[30.006312286350525, 29.883304282189517, 30.14748165743338, 29.95144151537434, 29.706104349598554, 29.84874464276788, 29.636009751210675, 29.85737836098078, 29.84332860895697]","[30.006312286350525, 29.883304282189517, 30.14748165743338, 29.95144151537434, 29.706104349598554, 29.84874464276788, 29.636009751210675, 29.85737836098078, 29.84332860895697]","[false, false, false, false, false, false, false, false, false]",[],[],959d1c1361da9d48c2c89eccdf40d45988fbf7ad6006e41eb696b82e20f0ad6b,f8509eeda9ac970649e06fd0d36d9d344972982280b113051ffa4e4f07377790,"{""anomaly_count"": 0, ""confidence"": 1.0, ""temperature"": 29.875567272762517, ""timestamp"": ""2026-09-03T01:09:00+00:00"", ""zone"": ""zone-0""}","{""action_type"": ""maintain"", ""consensus_timestamp"": ""2026-09-03T01:09:00+00:00"", ""duration"": 1, ""magnitude"": 0.0, ""reasoning_summary"": ""Frozen bidirectional thermal pilot controller"", ""target_zone"": ""zone-0"", ""used_consensus"": true}"
11,0,nominal,none,mean,70,29.76214965803651,29.77088879071292,0.008739132676410577,27.0,0.85,0.9999999999999999,0.9999999999999999,maintain,supervisor,True,,,0,1.0,29.51921768745589,29.51921768745589,29.578845845919673,0,,0,,0.00011428538709878922,False,"[29.922343073770215, 29.664109684271086, 29.744536451678027, 30.053908490845103, 29.613648480544114, 29.909153598129105, 29.619290000234198, 29.54349617462882, 29.86751316231564]","[29.922343073770215, 29.664109684271086, 29.744536451678027, 30.053908490845103, 29.613648480544114, 29.909153598129105, 29.619290000234198, 29.54349617462882, 29.86751316231564]","[false, false, false, false, false, false, false, false, false]",[],[],5a7b080ae4e8fa5d6500a358545e7ccf669900c3c6f708195e66483ed6244363,253a098bce4f1b0cd11b2ef822790c9d20b33b58156bc73d23a06234983234f3,"{""anomaly_count"": 0, ""confidence"": 1.0, ""temperature"": 29.77088879071292, ""timestamp"": ""2026-09-03T01:10:00+00:00"", ""zone"": ""zone-0""}","{""action_type"": ""maintain"", ""consensus_timestamp"": ""2026-09-03T01:10:00+00:00"", ""duration"": 1, ""magnitude"": 0.0, ""reasoning_summary"": ""Frozen bidirectional thermal pilot controller"", ""target_zone"": ""zone-0"", ""used_consensus"": true}"
11,0,nominal,none,mean,71,29.578845845919673,29.71092596170034,0.13208011578066703,27.0,0.85,0.9999999999999999,0.9999999999999999,maintain,supervisor,True,,,0,1.0,29.464051884764316,29.464051884764316,29.40446950555165,0,,0,,0.00010733120143413544,False,"[29.745848862418455, 29.682740840902575, 29.85154790607905, 29.540675221364594, 29.596990697981813, 29.871443168217805, 29.70127608230453, 29.89869837242602, 29.50911250360823]","[29.745848862418455, 29.682740840902575, 29.85154790607905, 29.540675221364594, 29.596990697981813, 29.871443168217805, 29.70127608230453, 29.89869837242602, 29.50911250360823]","[false, false, false, false, false, false, false, false, false]",[],[],9e70f8942ccd3cb46163560b93b84c4a21b7b5830ec8d4a3c883ebb76c0031bb,e89ab6526c8d4d473cffc1f49fa1b99967482cd761ffdb0de4378f1050efd390,"{""anomaly_count"": 0, ""confidence"": 1.0, ""temperature"": 29.71092596170034, ""timestamp"": ""2026-09-03T01:11:00+00:00"", ""zone"": ""zone-0""}","{""action_type"": ""maintain"", ""consensus_timestamp"": ""2026-09-03T01:11:00+00:00"", ""duration"": 1, ""magnitude"": 0.0, ""reasoning_summary"": ""Frozen bidirectional thermal pilot controller"", ""target_zone"": ""zone-0"", ""used_consensus"": true}"
11,0,nominal,none,mean,72,29.40446950555165,29.44034575786007,0.03587625230841951,27.0,0.85,0.9999999999999999,0.9999999999999999,maintain,supervisor,True,,,0,1.0,29.215118097231265,29.215118097231265,29.276621298870037,0,,0,,0.00010828953236341476,False,"[29.71088827949853, 29.208158877687154, 29.189619891927194, 29.68547286347987, 29.208067031006404, 29.606908847978357, 29.322479843673968, 29.65504328387034, 29.376472901618808]","[29.71088827949853, 29.208158877687154, 29.189619891927194, 29.68547286347987, 29.208067031006404, 29.606908847978357, 29.322479843673968, 29.65504328387034, 29.376472901618808]","[false, false, false, false, false, false, false, false, false]",[],[],1ed17d32d52683b81b508f9d51855a0fb811d02abf35e198c6d8d042c0deac4b,1c86ab65c543ccda69c03d29a0190f65b0cfaf7b341e90e737ec1054133f9aa1,"{""anomaly_count"": 0, ""confidence"": 1.0, ""temperature"": 29.44034575786007, ""timestamp"": ""2026-09-03T01:12:00+00:00"", ""zone"": ""zone-0""}","{""action_type"": ""maintain"", ""consensus_timestamp"": ""2026-09-03T01:12:00+00:00"", ""duration"": 1, ""magnitude"": 0.0, ""reasoning_summary"": ""Frozen bidirectional thermal pilot controller"", ""target_zone"": ""zone-0"", ""used_consensus"": true}"
11,0,nominal,none,mean,73,29.276621298870037,29.33612514548476,0.05950384661472441,27.0,0.85,0.9999999999999999,0.9999999999999999,maintain,supervisor,True,,,0,1.0,29.119235133845983,29.119235133845983,29.15550859561414,0,,0,,0.00010722316801548004,False,"[29.103858418344828, 29.653496958181115, 29.34991122394317, 29.399490973502775, 29.40195111365092, 29.206101951357063, 29.26556697692139, 29.290626188446215, 29.354122505015358]","[29.103858418344828, 29.653496958181115, 29.34991122394317, 29.399490973502775, 29.40195111365092, 29.206101951357063, 29.26556697692139, 29.290626188446215, 29.354122505015358]","[false, false, false, false, false, false, false, false, false]",[],[],cc7fb0750487672ceae7acd870ab4753883272bc84d054d0d066dbf576a902af,89c0309602d2070217af00f33dd0e3056e125d2645a155ce039af9659ac42b48,"{""anomaly_count"": 0, ""confidence"": 1.0, ""temperature"": 29.33612514548476, ""timestamp"": ""2026-09-03T01:13:00+00:00"", ""zone"": ""zone-0""}","{""action_type"": ""maintain"", ""consensus_timestamp"": ""2026-09-03T01:13:00+00:00"", ""duration"": 1, ""magnitude"": 0.0, ""reasoning_summary"": ""Frozen bidirectional thermal pilot controller"", ""target_zone"": ""zone-0"", ""used_consensus"": true}"
11,0,nominal,none,mean,74,29.15550859561414,29.243708749367627,0.08820015375348689,27.0,0.85,0.9999999999999999,0.8999999999999999,decrease_fan_speed,supervisor,True,,,0,1.0,29.122212049418216,29.03421204941822,29.137548756122342,0,,0,,0.0001169079914689064,False,"[29.277106625930177, 29.335939209648643, 29.377621340053366, 29.317147914846345, 28.78940727845354, 29.32183017726956, 28.99304534034299, 29.219008129098725, 29.562272728665256]","[29.277106625930177, 29.335939209648643, 29.377621340053366, 29.317147914846345, 28.78940727845354, 29.32183017726956, 28.99304534034299, 29.219008129098725, 29.562272728665256]","[false, false, false, false, false, false, false, false, false]",[],[],7c7677957ac4efa02f3a2e955c256e47a3303e2a7498d7e4ba0eb8f412e9aa2a,2f051a9bb5c86cab814b2e77c7b27049d8bb48175d70f882545bd785f8b4dce9,"{""anomaly_count"": 0, ""confidence"": 1.0, ""temperature"": 29.243708749367627, ""timestamp"": ""2026-09-03T01:14:00+00:00"", ""zone"": ""zone-0""}","{""action_type"": ""decrease_fan_speed"", ""consensus_timestamp"": ""2026-09-03T01:14:00+00:00"", ""duration"": 1, ""magnitude"": 0.1, ""reasoning_summary"": ""Frozen bidirectional thermal pilot controller"", ""target_zone"": ""zone-0"", ""used_consensus"": true}"
11,0,nominal,none,mean,75,29.137548756122342,29.1092772440181,-0.028271512104243612,27.0,0.85,0.8999999999999999,0.8999999999999999,maintain,supervisor,True,,,0,1.0,28.99853506449665,28.99853506449665,29.109803281634264,0,,0,,0.0001099947839975357,False,"[29.36459337168618, 29.133263827353026, 28.866937456148538, 28.92954382526273, 29.11840312761082, 28.787667908860406, 29.32128710708757, 29.077264749357465, 29.384533822796172]","[29.36459337168618, 29.133263827353026, 28.866937456148538, 28.92954382526273, 29.11840312761082, 28.787667908860406, 29.32128710708757, 29.077264749357465, 29.384533822796172]","[false, false, false, false, false, false, false, false, false]",[],[],e2ceed828e98c591888acf2ad5fd22b1d00c89602b4a652a4e42cf7ea50c5a28,640a527883c18bc27ca6f4dc309f8f1a4afd6e36634f025f84c7d2d6ee6eddc8,"{""anomaly_count"": 0, ""confidence"": 1.0, ""temperature"": 29.1092772440181, ""timestamp"": ""2026-09-03T01:15:00+00:00"", ""zone"": ""zone-0""}","{""action_type"": ""maintain"", ""consensus_timestamp"": ""2026-09-03T01:15:00+00:00"", ""duration"": 1, ""magnitude"": 0.0, ""reasoning_summary"": ""Frozen bidirectional thermal pilot controller"", ""target_zone"": ""zone-0"", ""used_consensus"": true}"
11,0,nominal,none,mean,76,29.109803281634264,29.004089136189172,-0.10571414544509139,27.0,0.85,0.8999999999999999,0.8999999999999999,maintain,supervisor,True,,,0,1.0,28.90176200529404,28.90176200529404,29.09317015077259,0,,0,,0.00011279433965682983,False,"[29.128891450474736, 29.205510064890113, 29.10414261220285, 28.539596117538142, 29.00418626073572, 28.976145524369617, 29.21441715821705, 29.044837243793012, 28.8190757934813]","[29.128891450474736, 29.205510064890113, 29.10414261220285, 28.539596117538142, 29.00418626073572, 28.976145524369617, 29.21441715821705, 29.044837243793012, 28.8190757934813]","[false, false, false, false, false, false, false, false, false]",[],[],87794898fefef1efd564d85a55bd7797dd5d3a1b8df612e0c678f8acd53103cf,6657b81369093031a04dfdd947b0319fcf475f3ac2557f0f7f0cf78da9f2c19a,"{""anomaly_count"": 0, ""confidence"": 1.0, ""temperature"": 29.004089136189172, ""timestamp"": ""2026-09-03T01:16:00+00:00"", ""zone"": ""zone-0""}","{""action_type"": ""maintain"", ""consensus_timestamp"": ""2026-09-03T01:16:00+00:00"", ""duration"": 1, ""magnitude"": 0.0, ""reasoning_summary"": ""Frozen bidirectional thermal pilot controller"", ""target_zone"": ""zone-0"", ""used_consensus"": true}"
11,0,nominal,none,mean,77,29.09317015077259,29.11107634799922,0.017906197226629672,27.0,0.85,0.8999999999999999,0.7999999999999999,decrease_fan_speed,supervisor,True,,,0,1.0,29.088190240159282,29.00019024015928,29.159206819238,0,,0,,0.00011247117072343826,False,"[29.236455665374812, 28.928782265979315, 29.12669160187456, 29.074973066357394, 28.832981888298498, 29.209509317508857, 29.091426017350223, 29.097294948868285, 29.401572360381]","[29.236455665374812, 28.928782265979315, 29.12669160187456, 29.074973066357394, 28.832981888298498, 29.209509317508857, 29.091426017350223, 29.097294948868285, 29.401572360381]","[false, false, false, false, false, false, false, false, false]",[],[],e587bfd45487144a0cf3e6d88edc144d1d825e049ca0245849852ca5c4786f3d,61be991cbbf6ab2a2e2a06bce38d6bc3cb0a6ec18137218385e6ca00b4957077,"{""anomaly_count"": 0, ""confidence"": 1.0, ""temperature"": 29.11107634799922, ""timestamp"": ""2026-09-03T01:17:00+00:00"", ""zone"": ""zone-0""}","{""action_type"": ""decrease_fan_speed"", ""consensus_timestamp"": ""2026-09-03T01:17:00+00:00"", ""duration"": 1, ""magnitude"": 0.1, ""reasoning_summary"": ""Frozen bidirectional thermal pilot controller"", ""target_zone"": ""zone-0"", ""used_consensus"": true}"
11,0,nominal,none,mean,78,29.159206819238,29.159489080286544,0.00028226104854311984,27.0,0.85,0.7999999999999999,0.7999999999999999,maintain,supervisor,True,,,0,1.0,29.13272995386362,29.13272995386362,29.167688159526506,0,,0,,0.00010936707258224487,False,"[29.17955010665618, 29.19133304189279, 28.90871955078385, 29.312183452513025, 29.18637651061904, 29.163582081220657, 29.146258354434273, 29.012060678433315, 29.335337946025756]","[29.17955010665618, 29.19133304189279, 28.90871955078385, 29.312183452513025, 29.18637651061904, 29.163582081220657, 29.146258354434273, 29.012060678433315, 29.335337946025756]","[false, false, false, false, false, false, false, false, false]",[],[],3262c8018f546fa3e5d84b36f8c94d43bbd33bfbfccfaa0c4b876dacfa8b7573,e0ece45cdb576993c92dccdd604330f65d92a98f50d2b202645b31693bd2946f,"{""anomaly_count"": 0, ""confidence"": 1.0, ""temperature"": 29.159489080286544, ""timestamp"": ""2026-09-03T01:18:00+00:00"", ""zone"": ""zone-0""}","{""action_type"": ""maintain"", ""consensus_timestamp"": ""2026-09-03T01:18:00+00:00"", ""duration"": 1, ""magnitude"": 0.0, ""reasoning_summary"": ""Frozen bidirectional thermal pilot controller"", ""target_zone"": ""zone-0"", ""used_consensus"": true}"
11,0,nominal,none,mean,79,29.167688159526506,29.201858747199303,0.034170587672797126,27.0,0.85,0.7999999999999999,0.7999999999999999,maintain,supervisor,True,,,0,1.0,29.17171004742336,29.17171004742336,29.232492153756912,0,,0,,9.66489315032959e-05,False,"[29.546035274638818, 29.10515809557214, 29.35127414286571, 29.560194086543817, 29.49706602963326, 28.959612998279777, 28.526809136796057, 29.078727251200178, 29.191851709263993]","[29.546035274638818, 29.10515809557214, 29.35127414286571, 29.560194086543817, 29.49706602963326, 28.959612998279777, 28.526809136796057, 29.078727251200178, 29.191851709263993]","[false, false, false, false, false, false, false, false, false]",[],[],71ba7569826ce2385be5f9487b21425fff40d2ba121fe9aec70decc19887449a,8ea4e97034651c8704ff72c5c31f5adcb20e6afe12ff181396746cf5589e37f0,"{""anomaly_count"": 0, ""confidence"": 1.0, ""temperature"": 29.201858747199303, ""timestamp"": ""2026-09-03T01:19:00+00:00"", ""zone"": ""zone-0""}","{""action_type"": ""maintain"", ""consensus_timestamp"": ""2026-09-03T01:19:00+00:00"", ""duration"": 1, ""magnitude"": 0.0, ""reasoning_summary"": ""Frozen bidirectional thermal pilot controller"", ""target_zone"": ""zone-0"", ""used_consensus"": true}"
11,0,nominal,none,mean,80,29.232492153756912,29.12934890764747,-0.10314324610944325,27.0,0.85,0.7999999999999999,0.7,decrease_fan_speed,supervisor,True,,,0,1.0,29.19300099503567,29.10500099503567,29.372192513537044,0,,0,,0.00011460762470960617,False,"[29.09345390149541, 29.268537327872014, 29.0555955458222, 29.289661346785365, 29.29888447711497, 29.127688759688926, 29.262384881508353, 28.830562737133896, 28.937371191406058]","[29.09345390149541, 29.268537327872014, 29.0555955458222, 29.289661346785365, 29.29888447711497, 29.127688759688926, 29.262384881508353, 28.830562737133896, 28.937371191406058]","[false, false, false, false, false, false, false, false, false]",[],[],a5a8268fc3466575d3c815cbdd332b07171aa8040fa17b0f807946b52417128e,53688f388d866fd579c55cedffdf2a0b75be0c3a0fe2989600299d888637df5e,"{""anomaly_count"": 0, ""confidence"": 1.0, ""temperature"": 29.12934890764747, ""timestamp"": ""2026-09-03T01:20:00+00:00"", ""zone"": ""zone-0""}","{""action_type"": ""decrease_fan_speed"", ""consensus_timestamp"": ""2026-09-03T01:20:00+00:00"", ""duration"": 1, ""magnitude"": 0.1, ""reasoning_summary"": ""Frozen bidirectional thermal pilot controller"", ""target_zone"": ""zone-0"", ""used_consensus"": true}"
11,0,nominal,none,mean,81,29.372192513537044,29.28606127386434,-0.08613123967270297,27.0,0.85,0.7,0.7,maintain,supervisor,True,,,0,1.0,29.337176371955195,29.337176371955195,29.487223689061448,0,,0,,0.0001069437712430954,False,"[29.340210991226783, 29.130292319598237, 29.271886273704066, 29.299812900609872, 29.137891422666126, 29.581207136656708, 29.396820509274765, 29.373485138655283, 29.042944772387234]","[29.340210991226783, 29.130292319598237, 29.271886273704066, 29.299812900609872, 29.137891422666126, 29.581207136656708, 29.396820509274765, 29.373485138655283, 29.042944772387234]","[false, false, false, false, false, false, false, false, false]",[],[],34e90129f51dbb652a7f51ca009aa14779e7db45713c0c0cc24a81f4f9f9134d,bf38e8a1549a1ff91b1122aa2b25470ef08e64a2fa51ed63208d4e568de57b65,"{""anomaly_count"": 0, ""confidence"": 1.0, ""temperature"": 29.28606127386434, ""timestamp"": ""2026-09-03T01:21:00+00:00"", ""zone"": ""zone-0""}","{""action_type"": ""maintain"", ""consensus_timestamp"": ""2026-09-03T01:21:00+00:00"", ""duration"": 1, ""magnitude"": 0.0, ""reasoning_summary"": ""Frozen bidirectional thermal pilot controller"", ""target_zone"": ""zone-0"", ""used_consensus"": true}"
11,0,nominal,none,mean,82,29.487223689061448,29.6166361311994,0.12941244213795144,27.0,0.85,0.7,0.7,maintain,supervisor,True,,,0,1.0,29.64130524070345,29.64130524070345,29.575134772529946,0,,0,,0.00010742433369159698,False,"[29.36794603219358, 29.90691412249358, 29.81505435993544, 29.6419756861972, 29.401994732010486, 29.372125478439425, 29.428344040284262, 30.079404462977234, 29.535966266263397]","[29.36794603219358, 29.90691412249358, 29.81505435993544, 29.6419756861972, 29.401994732010486, 29.372125478439425, 29.428344040284262, 30.079404462977234, 29.535966266263397]","[false, false, false, false, false, false, false, false, false]",[],[],6d2d262601dd761b648b31fbf12d39e5205c7199b8daff9ea371c9e24e51d580,c0805ad6b1f84a98aedd3fbade38bd137c7db4a2704f9be260057e7b9c1b4cdf,"{""anomaly_count"": 0, ""confidence"": 1.0, ""temperature"": 29.6166361311994, ""timestamp"": ""2026-09-03T01:22:00+00:00"", ""zone"": ""zone-0""}","{""action_type"": ""maintain"", ""consensus_timestamp"": ""2026-09-03T01:22:00+00:00"", ""duration"": 1, ""magnitude"": 0.0, ""reasoning_summary"": ""Frozen bidirectional thermal pilot controller"", ""target_zone"": ""zone-0"", ""used_consensus"": true}"
11,0,nominal,none,mean,83,29.575134772529946,29.67907897556718,0.1039442030372335,27.0,0.85,0.7,0.6,decrease_fan_speed,supervisor,True,,,0,1.0,29.78675265752181,29.69875265752181,29.73537058751998,0,,0,,0.00010990723967552185,False,"[29.503664592872003, 29.522604130541453, 29.805147062460417, 29.87174810039017, 29.898133379345154, 29.56640506581734, 29.439167888024198, 29.850899070676554, 29.653941489977367]","[29.503664592872003, 29.522604130541453, 29.805147062460417, 29.87174810039017, 29.898133379345154, 29.56640506581734, 29.439167888024198, 29.850899070676554, 29.653941489977367]","[false, false, false, false, false, false, false, false, false]",[],[],a47ce1634f328f4e312c9f1848b8fcc216277eeca1b1cda2381471575427b6cc,58b236522a463a5788210340c29bb392472ed870f7cf24dcd3e8a4bb84c8768f,"{""anomaly_count"": 0, ""confidence"": 1.0, ""temperature"": 29.67907897556718, ""timestamp"": ""2026-09-03T01:23:00+00:00"", ""zone"": ""zone-0""}","{""action_type"": ""decrease_fan_speed"", ""consensus_timestamp"": ""2026-09-03T01:23:00+00:00"", ""duration"": 1, ""magnitude"": 0.1, ""reasoning_summary"": ""Frozen bidirectional thermal pilot controller"", ""target_zone"": ""zone-0"", ""used_consensus"": true}"
11,0,nominal,none,mean,84,29.73537058751998,29.809421591717353,0.0740510041973721,27.0,0.85,0.6,0.6,maintain,supervisor,True,,,0,1.0,29.90666786437997,29.90666786437997,29.901873475485893,0,,0,,0.00010877102613449097,False,"[29.54746482190926, 30.01722596557453, 29.947639963042104, 29.75543161785405, 30.079291989513717, 29.64923124197558, 29.867427792837095, 29.700696872110004, 29.720384060639837]","[29.54746482190926, 30.01722596557453, 29.947639963042104, 29.75543161785405, 30.079291989513717, 29.64923124197558, 29.867427792837095, 29.700696872110004, 29.720384060639837]","[false, false, false, false, false, false, false, false, false]",[],[],b848b74b7dfc7ed68801dfe48a27c0ee52e1186c729a828a7f540f108773e135,f9a346a6a69da017a2ce4f6eb5a89c82bbb7a7f43f8ba0617969f2298d02bc8a,"{""anomaly_count"": 0, ""confidence"": 1.0, ""temperature"": 29.809421591717353, ""timestamp"": ""2026-09-03T01:24:00+00:00"", ""zone"": ""zone-0""}","{""action_type"": ""maintain"", ""consensus_timestamp"": ""2026-09-03T01:24:00+00:00"", ""duration"": 1, ""magnitude"": 0.0, ""reasoning_summary"": ""Frozen bidirectional thermal pilot controller"", ""target_zone"": ""zone-0"", ""used_consensus"": true}"
11,0,nominal,none,mean,85,29.901873475485893,29.88412447042545,-0.017749005060441192,27.0,0.85,0.6,0.6,maintain,supervisor,True,,,0,1.0,29.975394512791418,29.975394512791418,30.02963096408181,0,,0,,0.00012186914682388306,False,"[29.58850260675771, 29.6683929012692, 30.176254409956936, 30.061622468687776, 29.887679187022204, 29.897888570160372, 29.745567471727128, 30.136820682866865, 29.794391935380872]","[29.58850260675771, 29.6683929012692, 30.176254409956936, 30.061622468687776, 29.887679187022204, 29.897888570160372, 29.745567471727128, 30.136820682866865, 29.794391935380872]","[false, false, false, false, false, false, false, false, false]",[],[],0683c12088aad4bce746f3824055b7938361a7b4e98259c6acdaab39cd92ca13,fc3d0787a71584276ea97bc45d5fec5110efd2465101f21cbc7b4ad08f396b2c,"{""anomaly_count"": 0, ""confidence"": 1.0, ""temperature"": 29.88412447042545, ""timestamp"": ""2026-09-03T01:25:00+00:00"", ""zone"": ""zone-0""}","{""action_type"": ""maintain"", ""consensus_timestamp"": ""2026-09-03T01:25:00+00:00"", ""duration"": 1, ""magnitude"": 0.0, ""reasoning_summary"": ""Frozen bidirectional thermal pilot controller"", ""target_zone"": ""zone-0"", ""used_consensus"": true}"
11,0,nominal,none,mean,86,30.02963096408181,30.055928290440576,0.02629732635876536,27.0,0.85,0.6,0.6,maintain,supervisor,True,,,0,1.0,30.13345402720533,30.13345402720533,30.184324029680525,0,,0,,0.00011041294783353806,False,"[29.85522971172517, 30.105467059425585, 30.10783800321296, 29.985670862108297, 29.888939500537358, 30.534243300488896, 29.98773001060856, 30.252847210833885, 29.785388955024512]","[29.85522971172517, 30.105467059425585, 30.10783800321296, 29.985670862108297, 29.888939500537358, 30.534243300488896, 29.98773001060856, 30.252847210833885, 29.785388955024512]","[false, false, false, false, false, false, false, false, false]",[],[],118f59b3620d379863ada8314a950382097ec464c3f030de0db8d46c53b3d5f3,45ba09491b4f0313bcc6c47a0f1ae6c73ce16bb74ac60b68c1856331d16c166e,"{""anomaly_count"": 0, ""confidence"": 1.0, ""temperature"": 30.055928290440576, ""timestamp"": ""2026-09-03T01:26:00+00:00"", ""zone"": ""zone-0""}","{""action_type"": ""maintain"", ""consensus_timestamp"": ""2026-09-03T01:26:00+00:00"", ""duration"": 1, ""magnitude"": 0.0, ""reasoning_summary"": ""Frozen bidirectional thermal pilot controller"", ""target_zone"": ""zone-0"", ""used_consensus"": true}"
11,0,nominal,none,mean,87,30.184324029680525,30.27947237736914,0.09514834768861391,27.0,0.85,0.6,0.6,maintain,supervisor,True,,,0,1.0,30.339114587179612,30.339114587179612,30.29089478176303,0,,0,,0.00010690558701753616,False,"[30.168379116702084, 30.200294503737414, 30.570956614462943, 30.11822474243513, 30.260471995878437, 30.215925951126536, 30.347509055766807, 30.42114832629996, 30.21234108991295]","[30.168379116702084, 30.200294503737414, 30.570956614462943, 30.11822474243513, 30.260471995878437, 30.215925951126536, 30.347509055766807, 30.42114832629996, 30.21234108991295]","[false, false, false, false, false, false, false, false, false]",[],[],0f1b1fd6a5cbbc2514d094097815b41da94cde51ade88b35ed12f2da38b5f63e,d1c941b903632d73cab19e3421c3729ca182382348efae83a1316ecb442d4dbf,"{""anomaly_count"": 0, ""confidence"": 1.0, ""temperature"": 30.27947237736914, ""timestamp"": ""2026-09-03T01:27:00+00:00"", ""zone"": ""zone-0""}","{""action_type"": ""maintain"", ""consensus_timestamp"": ""2026-09-03T01:27:00+00:00"", ""duration"": 1, ""magnitude"": 0.0, ""reasoning_summary"": ""Frozen bidirectional thermal pilot controller"", ""target_zone"": ""zone-0"", ""used_consensus"": true}"
11,0,nominal,none,mean,88,30.29089478176303,30.37812415418471,0.08722937242168172,27.0,0.85,0.6,0.7,increase_fan_speed,supervisor,True,,,0,1.0,30.341874221849935,30.429874221849936,30.323019134767286,0,,0,,0.00011228211224079132,False,"[30.22127992447302, 30.360112036148212, 30.591214038708678, 30.799895792101495, 30.55048833738458, 30.077165657062334, 30.07491084380733, 30.22514932763996, 30.502901430336824]","[30.22127992447302, 30.360112036148212, 30.591214038708678, 30.799895792101495, 30.55048833738458, 30.077165657062334, 30.07491084380733, 30.22514932763996, 30.502901430336824]","[false, false, false, false, false, false, false, false, false]",[],[],67954792c3f395e376aa595308d07fadd8bfcbb60f684b6c5e53e271aca7511e,4d439f757ed707ed254ede5861c7bdfe173d567a2610dfb170f08ac6e95728ca,"{""anomaly_count"": 0, ""confidence"": 1.0, ""temperature"": 30.37812415418471, ""timestamp"": ""2026-09-03T01:28:00+00:00"", ""zone"": ""zone-0""}","{""action_type"": ""increase_fan_speed"", ""consensus_timestamp"": ""2026-09-03T01:28:00+00:00"", ""duration"": 1, ""magnitude"": 0.1, ""reasoning_summary"": ""Frozen bidirectional thermal pilot controller"", ""target_zone"": ""zone-0"", ""used_consensus"": true}"
11,0,nominal,none,mean,89,30.323019134767286,30.389758927141276,0.06673979237399053,27.0,0.85,0.7,0.7999999999999999,increase_fan_speed,supervisor,True,,,0,1.0,30.264578212969976,30.352578212969977,30.26879351414246,0,,0,,0.0001109028235077858,False,"[30.25883494528307, 30.120135993820938, 30.37663230957281, 30.52525442306627, 30.58852905062628, 30.277209348886707, 30.528940314092203, 30.16857030548289, 30.663723653440286]","[30.25883494528307, 30.120135993820938, 30.37663230957281, 30.52525442306627, 30.58852905062628, 30.277209348886707, 30.528940314092203, 30.16857030548289, 30.663723653440286]","[false, false, false, false, false, false, false, false, false]",[],[],3efb8ad9d3f97d57964c4ca6546d5267debe32e15426e695d4f2a98585261cfe,938ac76c0a7291b35a72ed389f6f5370dba73a50a278d97d4f95a3b6dc4a8b88,"{""anomaly_count"": 0, ""confidence"": 1.0, ""temperature"": 30.389758927141276, ""timestamp"": ""2026-09-03T01:29:00+00:00"", ""zone"": ""zone-0""}","{""action_type"": ""increase_fan_speed"", ""consensus_timestamp"": ""2026-09-03T01:29:00+00:00"", ""duration"": 1, ""magnitude"": 0.1, ""reasoning_summary"": ""Frozen bidirectional thermal pilot controller"", ""target_zone"": ""zone-0"", ""used_consensus"": true}"
11,0,nominal,none,mean,90,30.26879351414246,30.210199657304972,-0.05859385683748641,27.0,0.85,0.7999999999999999,0.7999999999999999,maintain,supervisor,True,,,0,1.0,30.099383684720575,30.099383684720575,30.20740032157234,0,,0,,0.0001191999763250351,False,"[30.0623153757874, 30.236613507848826, 30.088920523425617, 30.128453831756374, 30.11459985897941, 30.504111845576624, 30.30388011674154, 30.241150690504792, 30.211751165124156]","[30.0623153757874, 30.236613507848826, 30.088920523425617, 30.128453831756374, 30.11459985897941, 30.504111845576624, 30.30388011674154, 30.241150690504792, 30.211751165124156]","[false, false, false, false, false, false, false, false, false]",[],[],cec10cfdbeefce702e0940feff54b7e5d9e5253b34341746afa48d310b79c3cf,29c6bcdf920f6f14e3d2d11fdab4e94f38fafef04d14c211ed4a3451bce63298,"{""anomaly_count"": 0, ""confidence"": 1.0, ""temperature"": 30.210199657304972, ""timestamp"": ""2026-09-03T01:30:00+00:00"", ""zone"": ""zone-0""}","{""action_type"": ""maintain"", ""consensus_timestamp"": ""2026-09-03T01:30:00+00:00"", ""duration"": 1, ""magnitude"": 0.0, ""reasoning_summary"": ""Frozen bidirectional thermal pilot controller"", ""target_zone"": ""zone-0"", ""used_consensus"": true}"
11,0,nominal,none,mean,91,30.20740032157234,30.433479794553005,0.22607947298066478,27.0,0.85,0.7999999999999999,0.8999999999999999,increase_fan_speed,supervisor,True,,,0,1.0,30.216801410988765,30.304801410988766,30.094130553347522,0,,0,,0.00011291354894638062,False,"[30.368767057659152, 30.303809924339706, 30.648443375894473, 30.27864555747132, 30.661994125576253, 30.541781471395495, 30.312436363559982, 30.54777677104611, 30.237663504034547]","[30.368767057659152, 30.303809924339706, 30.648443375894473, 30.27864555747132, 30.661994125576253, 30.541781471395495, 30.312436363559982, 30.54777677104611, 30.237663504034547]","[false, false, false, false, false, false, false, false, false]",[],[],e220a272da1d252495f52759eb8b9dc77221fb196d34c0de408d284b26bab03f,e3e62c3820fcf2943f019a578b15ba3450329a210fbc9d1bae3f4054e00e17d3,"{""anomaly_count"": 0, ""confidence"": 1.0, ""temperature"": 30.433479794553005, ""timestamp"": ""2026-09-03T01:31:00+00:00"", ""zone"": ""zone-0""}","{""action_type"": ""increase_fan_speed"", ""consensus_timestamp"": ""2026-09-03T01:31:00+00:00"", ""duration"": 1, ""magnitude"": 0.1, ""reasoning_summary"": ""Frozen bidirectional thermal pilot controller"", ""target_zone"": ""zone-0"", ""used_consensus"": true}"
11,0,nominal,none,mean,92,30.094130553347522,30.092738632810224,-0.0013919205372978638,27.0,0.85,0.8999999999999999,0.8999999999999999,maintain,supervisor,True,,,0,1.0,29.903319542185407,29.903319542185407,29.946194956950293,0,,0,,0.00011060386896133423,False,"[30.149178485176943, 30.420399970378526, 30.42263587841945, 29.908518269818888, 30.013962585921995, 29.746521210800083, 30.05971707763567, 30.045956743804656, 30.067757473335778]","[30.149178485176943, 30.420399970378526, 30.42263587841945, 29.908518269818888, 30.013962585921995, 29.746521210800083, 30.05971707763567, 30.045956743804656, 30.067757473335778]","[false, false, false, false, false, false, false, false, false]",[],[],339eadbe9ebdb70c97036b55b67113430f2b2314187fdeb4e50724477cea89c5,eb29ad33dc4bb94cfb17467a031477ea4792b1834928f8deb71e328777b94d16,"{""anomaly_count"": 0, ""confidence"": 1.0, ""temperature"": 30.092738632810224, ""timestamp"": ""2026-09-03T01:32:00+00:00"", ""zone"": ""zone-0""}","{""action_type"": ""maintain"", ""consensus_timestamp"": ""2026-09-03T01:32:00+00:00"", ""duration"": 1, ""magnitude"": 0.0, ""reasoning_summary"": ""Frozen bidirectional thermal pilot controller"", ""target_zone"": ""zone-0"", ""used_consensus"": true}"
11,0,nominal,none,mean,93,29.946194956950293,29.898238933606553,-0.047956023343740384,27.0,0.85,0.8999999999999999,0.8999999999999999,maintain,supervisor,True,,,0,1.0,29.724379818918027,29.724379818918027,29.82989820891728,0,,0,,0.0001111319288611412,False,"[30.11242609670646, 30.13201435426854, 29.72677536128626, 29.797013396006474, 29.98817598992204, 30.058068275791964, 29.896533409276252, 29.812499920190657, 29.56064359901036]","[30.11242609670646, 30.13201435426854, 29.72677536128626, 29.797013396006474, 29.98817598992204, 30.058068275791964, 29.896533409276252, 29.812499920190657, 29.56064359901036]","[false, false, false, false, false, false, false, false, false]",[],[],34646096707dfd5a8e9b5d60305a106411f85ba2b6a0035817b27e90c0b0cd35,e54e1698f73883a38779219a62cbf60413754babf7cfffe380ce91b299672f95,"{""anomaly_count"": 0, ""confidence"": 1.0, ""temperature"": 29.898238933606553, ""timestamp"": ""2026-09-03T01:33:00+00:00"", ""zone"": ""zone-0""}","{""action_type"": ""maintain"", ""consensus_timestamp"": ""2026-09-03T01:33:00+00:00"", ""duration"": 1, ""magnitude"": 0.0, ""reasoning_summary"": ""Frozen bidirectional thermal pilot controller"", ""target_zone"": ""zone-0"", ""used_consensus"": true}"
11,0,nominal,none,mean,94,29.82989820891728,29.86411367244868,0.03421546353139959,27.0,0.85,0.8999999999999999,0.8999999999999999,maintain,supervisor,True,,,0,1.0,29.692984578652787,29.692984578652787,29.73856942015461,0,,0,,0.00010814052075147629,False,"[29.9860474966967, 29.78821590232063, 29.896190296282715, 29.423600467598664, 29.914379190353557, 29.953250715706385, 29.592144935538418, 29.905856605012694, 30.317337442528373]","[29.9860474966967, 29.78821590232063, 29.896190296282715, 29.423600467598664, 29.914379190353557, 29.953250715706385, 29.592144935538418, 29.905856605012694, 30.317337442528373]","[false, false, false, false, false, false, false, false, false]",[],[],33236b223a290609ef550527ff92a891a532121f6d18a8baa1c6b70caa561bee,732847447885bc6c1582489baf70cd9e9d16a40742b0533477a29c99914d87b3,"{""anomaly_count"": 0, ""confidence"": 1.0, ""temperature"": 29.86411367244868, ""timestamp"": ""2026-09-03T01:34:00+00:00"", ""zone"": ""zone-0""}","{""action_type"": ""maintain"", ""consensus_timestamp"": ""2026-09-03T01:34:00+00:00"", ""duration"": 1, ""magnitude"": 0.0, ""reasoning_summary"": ""Frozen bidirectional thermal pilot controller"", ""target_zone"": ""zone-0"", ""used_consensus"": true}"
11,0,nominal,none,mean,95,29.73856942015461,29.80059437574021,0.06202495558559917,27.0,0.85,0.8999999999999999,0.8999999999999999,maintain,supervisor,True,,,0,1.0,29.634546825680992,29.634546825680992,29.639995712082012,0,,0,,0.00010783504694700241,False,"[29.600202618286225, 29.86560900476514, 30.015019103521247, 29.572679099724727, 30.177074539865703, 29.94652074732654, 29.825175475671312, 29.57471785900137, 29.628350933499625]","[29.600202618286225, 29.86560900476514, 30.015019103521247, 29.572679099724727, 30.177074539865703, 29.94652074732654, 29.825175475671312, 29.57471785900137, 29.628350933499625]","[false, false, false, false, false, false, false, false, false]",[],[],9cb23324434c1d7bc187e2e314654679168f92a8acc3437b14af33b2f523ee70,c18ad6e0ce03f471295b0462ee275a56ac59a62eb2e0bf793bce405de950608f,"{""anomaly_count"": 0, ""confidence"": 1.0, ""temperature"": 29.80059437574021, ""timestamp"": ""2026-09-03T01:35:00+00:00"", ""zone"": ""zone-0""}","{""action_type"": ""maintain"", ""consensus_timestamp"": ""2026-09-03T01:35:00+00:00"", ""duration"": 1, ""magnitude"": 0.0, ""reasoning_summary"": ""Frozen bidirectional thermal pilot controller"", ""target_zone"": ""zone-0"", ""used_consensus"": true}"
11,0,nominal,none,mean,96,29.639995712082012,29.77179502311017,0.131799311028157,27.0,0.85,0.8999999999999999,0.8999999999999999,maintain,supervisor,True,,,0,1.0,29.608051421261354,29.608051421261354,29.56028631540816,0,,0,,0.00011219922453165054,False,"[29.84167836791392, 29.951504993388845, 29.86122519007964, 30.027625206425125, 29.611715088631094, 29.58190775757872, 29.780411823503997, 29.680372090516382, 29.609714689953798]","[29.84167836791392, 29.951504993388845, 29.86122519007964, 30.027625206425125, 29.611715088631094, 29.58190775757872, 29.780411823503997, 29.680372090516382, 29.609714689953798]","[false, false, false, false, false, false, false, false, false]",[],[],40c2dc1195e1d8c33b0bbf3c3204ccfbcf4329edf78cd3a6aa48d8b8d7645577,2b4024d2a5e02461ed29c597f429b34a7f9c89d239f1d63775f88dfb9bd4acc4,"{""anomaly_count"": 0, ""confidence"": 1.0, ""temperature"": 29.77179502311017, ""timestamp"": ""2026-09-03T01:36:00+00:00"", ""zone"": ""zone-0""}","{""action_type"": ""maintain"", ""consensus_timestamp"": ""2026-09-03T01:36:00+00:00"", ""duration"": 1, ""magnitude"": 0.0, ""reasoning_summary"": ""Frozen bidirectional thermal pilot controller"", ""target_zone"": ""zone-0"", ""used_consensus"": true}"
11,0,nominal,none,mean,97,29.56028631540816,29.634169338381305,0.07388302297314553,27.0,0.85,0.8999999999999999,0.8999999999999999,maintain,supervisor,True,,,0,1.0,29.4814357913108,29.4814357913108,29.45106388825441,0,,0,,0.00011017825454473495,False,"[29.457974187986256, 29.90639632431356, 29.640001751327343, 29.682805942638158, 29.610289896493832, 29.347943326132462, 29.664778506868174, 29.352995366228914, 30.044338743443056]","[29.457974187986256, 29.90639632431356, 29.640001751327343, 29.682805942638158, 29.610289896493832, 29.347943326132462, 29.664778506868174, 29.352995366228914, 30.044338743443056]","[false, false, false, false, false, false, false, false, false]",[],[],803a4147d6134a8fcda5629ca3b744021f31e9cfc11460a5fcf59e89df11c6c9,ac2e20af53adc56a0040d8c03b4ca5c1a1a48337da574157052b93a750196024,"{""anomaly_count"": 0, ""confidence"": 1.0, ""temperature"": 29.634169338381305, ""timestamp"": ""2026-09-03T01:37:00+00:00"", ""zone"": ""zone-0""}","{""action_type"": ""maintain"", ""consensus_timestamp"": ""2026-09-03T01:37:00+00:00"", ""duration"": 1, ""magnitude"": 0.0, ""reasoning_summary"": ""Frozen bidirectional thermal pilot controller"", ""target_zone"": ""zone-0"", ""used_consensus"": true}"
11,0,nominal,none,mean,98,29.45106388825441,29.46769263812717,0.01662874987275842,27.0,0.85,0.8999999999999999,0.8999999999999999,maintain,supervisor,True,,,0,1.0,29.328277227076995,29.328277227076995,29.36856577822024,0,,0,,0.00011149700731039047,False,"[29.549296397755974, 29.5550422484547, 29.622057521796183, 29.644364173878056, 29.100623937776742, 29.61283255157174, 29.292797699959348, 29.43883721390034, 29.393381998051435]","[29.549296397755974, 29.5550422484547, 29.622057521796183, 29.644364173878056, 29.100623937776742, 29.61283255157174, 29.292797699959348, 29.43883721390034, 29.393381998051435]","[false, false, false, false, false, false, false, false, false]",[],[],f15e4a5300698a233079fc32b335e07ec7fdb714ec4e81515f260d5944d959f2,89695d1b92af6e40baf85c10d783623bdc1f96e4eab49d5a36c82b07f81dfa81,"{""anomaly_count"": 0, ""confidence"": 1.0, ""temperature"": 29.46769263812717, ""timestamp"": ""2026-09-03T01:38:00+00:00"", ""zone"": ""zone-0""}","{""action_type"": ""maintain"", ""consensus_timestamp"": ""2026-09-03T01:38:00+00:00"", ""duration"": 1, ""magnitude"": 0.0, ""reasoning_summary"": ""Frozen bidirectional thermal pilot controller"", ""target_zone"": ""zone-0"", ""used_consensus"": true}"
11,0,nominal,none,mean,99,29.36856577822024,29.420988363462314,0.05242258524207344,27.0,0.85,0.8999999999999999,0.7999999999999999,decrease_fan_speed,supervisor,True,,,0,1.0,29.37330929438533,29.28530929438533,29.373284099462587,0,,0,,0.00011167488992214203,False,"[29.06143905655341, 29.382230750548413, 29.894253136405233, 29.636350322919533, 29.33076509381921, 29.533501675682437, 29.20376243597327, 29.416327466840173, 29.330265332419124]","[29.06143905655341, 29.382230750548413, 29.894253136405233, 29.636350322919533, 29.33076509381921, 29.533501675682437, 29.20376243597327, 29.416327466840173, 29.330265332419124]","[false, false, false, false, false, false, false, false, false]",[],[],62feea4f20a1c48bb3a64ca0d2c1cea87251d916999f50be9ade7a7ef290667c,de2953e373654b281afeec8573fd9a2b0c61906c902a4610ea0c984de4eb3459,"{""anomaly_count"": 0, ""confidence"": 1.0, ""temperature"": 29.420988363462314, ""timestamp"": ""2026-09-03T01:39:00+00:00"", ""zone"": ""zone-0""}","{""action_type"": ""decrease_fan_speed"", ""consensus_timestamp"": ""2026-09-03T01:39:00+00:00"", ""duration"": 1, ""magnitude"": 0.1, ""reasoning_summary"": ""Frozen bidirectional thermal pilot controller"", ""target_zone"": ""zone-0"", ""used_consensus"": true}"
11,0,nominal,none,mean,100,29.373284099462587,29.396432594440437,0.023148494977849765,27.0,0.85,0.7999999999999999,0.7999999999999999,maintain,supervisor,True,,,0,1.0,29.350717986885204,29.350717986885204,29.41530187928564,0,,0,,0.00011073797941207886,False,"[29.20325562787814, 29.297939322768332, 29.673689913911026, 29.267750171674965, 29.420964037072693, 29.859636310569844, 29.24420566218553, 29.494377963759977, 29.106074340143415]","[29.20325562787814, 29.297939322768332, 29.673689913911026, 29.267750171674965, 29.420964037072693, 29.859636310569844, 29.24420566218553, 29.494377963759977, 29.106074340143415]","[false, false, false, false, false, false, false, false, false]",[],[],c0ed432d46283f724b306ac479b03384681156f83f578ee30da3867c684d8ecf,39ba9096c1cf73a4bb13198dc307a74680d5cd06c6bf82aabb04a350ac92a1c0,"{""anomaly_count"": 0, ""confidence"": 1.0, ""temperature"": 29.396432594440437, ""timestamp"": ""2026-09-03T01:40:00+00:00"", ""zone"": ""zone-0""}","{""action_type"": ""maintain"", ""consensus_timestamp"": ""2026-09-03T01:40:00+00:00"", ""duration"": 1, ""magnitude"": 0.0, ""reasoning_summary"": ""Frozen bidirectional thermal pilot controller"", ""target_zone"": ""zone-0"", ""used_consensus"": true}"
11,0,nominal,none,mean,101,29.41530187928564,29.415977876308652,0.0006759970230127976,27.0,0.85,0.7999999999999999,0.7999999999999999,maintain,supervisor,True,,,0,1.0,29.36869964620396,29.36869964620396,29.43225145911088,0,,0,,0.00013894587755203247,False,"[29.31955905115393, 29.618102424841524, 29.35570204059925, 29.15622083091785, 29.706384768712596, 29.429054665539862, 29.344668115652397, 29.528585919203685, 29.285523070156767]","[29.31955905115393, 29.618102424841524, 29.35570204059925, 29.15622083091785, 29.706384768712596, 29.429054665539862, 29.344668115652397, 29.528585919203685, 29.285523070156767]","[false, false, false, false, false, false, false, false, false]",[],[],1cb3b8693f8a61becca840820aae0fb7022a117ddbd98130ced8f62b3323776a,924ce081d54411b4af5d6b0a1b4813c24a405fcfc7ebd5106ed1a9367c8c0184,"{""anomaly_count"": 0, ""confidence"": 1.0, ""temperature"": 29.415977876308652, ""timestamp"": ""2026-09-03T01:41:00+00:00"", ""zone"": ""zone-0""}","{""action_type"": ""maintain"", ""consensus_timestamp"": ""2026-09-03T01:41:00+00:00"", ""duration"": 1, ""magnitude"": 0.0, ""reasoning_summary"": ""Frozen bidirectional thermal pilot controller"", ""target_zone"": ""zone-0"", ""used_consensus"": true}"
11,0,nominal,none,mean,102,29.43225145911088,29.41718407011222,-0.015067388998659226,27.0,0.85,0.7999999999999999,0.7,decrease_fan_speed,supervisor,True,,,0,1.0,29.457809344503247,29.369809344503246,29.523019278852455,0,,0,,0.00011300668120384216,False,"[29.56027787104427, 29.37580163235911, 29.315205592706572, 29.685914064381343, 29.58756044879995, 29.30060952295084, 29.2520186941121, 29.378387948120338, 29.298880856535483]","[29.56027787104427, 29.37580163235911, 29.315205592706572, 29.685914064381343, 29.58756044879995, 29.30060952295084, 29.2520186941121, 29.378387948120338, 29.298880856535483]","[false, false, false, false, false, false, false, false, false]",[],[],7c74eb2913e7a69331e170541aa97d431b83411bee6c7fe323ecb43146282631,62b2812bbe37c22cb063fce5f1d806968769f472a268e4eb9a09026e0ac53f83,"{""anomaly_count"": 0, ""confidence"": 1.0, ""temperature"": 29.41718407011222, ""timestamp"": ""2026-09-03T01:42:00+00:00"", ""zone"": ""zone-0""}","{""action_type"": ""decrease_fan_speed"", ""consensus_timestamp"": ""2026-09-03T01:42:00+00:00"", ""duration"": 1, ""magnitude"": 0.1, ""reasoning_summary"": ""Frozen bidirectional thermal pilot controller"", ""target_zone"": ""zone-0"", ""used_consensus"": true}"
11,0,nominal,none,mean,103,29.523019278852455,29.561181982899697,0.03816270404724165,27.0,0.85,0.7,0.7,maintain,supervisor,True,,,0,1.0,29.59028742426772,29.59028742426772,29.599406915472688,0,,0,,0.00012184120714664459,False,"[29.583295084315598, 29.78444703919499, 29.579802319939713, 29.422572923003568, 29.478073040177094, 29.50265126420393, 29.544615496809453, 29.500128830498234, 29.655051847954695]","[29.583295084315598, 29.78444703919499, 29.579802319939713, 29.422572923003568, 29.478073040177094, 29.50265126420393, 29.544615496809453, 29.500128830498234, 29.655051847954695]","[false, false, false, false, false, false, false, false, false]",[],[],7105c6b364b0768cfe3856a3e31d8d7db61fbf76cd51e8199ccfc905daa52b8a,a0500b1de47048a413d30dde1d4c5f03671d3ae1ecbc15e2af40de1a37110706,"{""anomaly_count"": 0, ""confidence"": 1.0, ""temperature"": 29.561181982899697, ""timestamp"": ""2026-09-03T01:43:00+00:00"", ""zone"": ""zone-0""}","{""action_type"": ""maintain"", ""consensus_timestamp"": ""2026-09-03T01:43:00+00:00"", ""duration"": 1, ""magnitude"": 0.0, ""reasoning_summary"": ""Frozen bidirectional thermal pilot controller"", ""target_zone"": ""zone-0"", ""used_consensus"": true}"
11,0,nominal,none,mean,104,29.599406915472688,29.590187077998525,-0.009219837474162773,27.0,0.85,0.7,0.7,maintain,supervisor,True,,,0,1.0,29.616972111758646,29.616972111758646,29.67647755134079,0,,0,,0.00012027192860841751,False,"[29.755587006293297, 29.710218739590147, 29.409780216442037, 29.569631994594406, 29.412591459465187, 29.35158065089697, 29.58229439002362, 29.73275923508454, 29.78724000959654]","[29.755587006293297, 29.710218739590147, 29.409780216442037, 29.569631994594406, 29.412591459465187, 29.35158065089697, 29.58229439002362, 29.73275923508454, 29.78724000959654]","[false, false, false, false, false, false, false, false, false]",[],[],679bd4a16ff76033287154dc8f38384ce969d8c1bfe5dbebfc358f97c63e1b71,4427a8e147999f4f915ae6d38c93b229f86912c9b24487ac29f40a9edac8472f,"{""anomaly_count"": 0, ""confidence"": 1.0, ""temperature"": 29.590187077998525, ""timestamp"": ""2026-09-03T01:44:00+00:00"", ""zone"": ""zone-0""}","{""action_type"": ""maintain"", ""consensus_timestamp"": ""2026-09-03T01:44:00+00:00"", ""duration"": 1, ""magnitude"": 0.0, ""reasoning_summary"": ""Frozen bidirectional thermal pilot controller"", ""target_zone"": ""zone-0"", ""used_consensus"": true}"
11,0,nominal,none,mean,105,29.67647755134079,29.69197561681521,0.015498065474421452,27.0,0.85,0.7,0.6,decrease_fan_speed,supervisor,True,,,0,1.0,29.798617567469996,29.710617567469995,29.788000260255938,0,,0,,0.00011986680328845978,False,"[29.665065324222482, 29.515637960225085, 29.404620958398418, 30.145629286709553, 29.71407686752377, 29.32542142720247, 29.76414161744062, 29.982506116805403, 29.710680992809078]","[29.665065324222482, 29.515637960225085, 29.404620958398418, 30.145629286709553, 29.71407686752377, 29.32542142720247, 29.76414161744062, 29.982506116805403, 29.710680992809078]","[false, false, false, false, false, false, false, false, false]",[],[],bab9ee121637e0206d98cbebc6912253979ca8c2a309f0f76232863bba5d8285,7aa713a52fc4393e301a912d09cc1b603cc619a4cbda2af96104cdd503ce2ee3,"{""anomaly_count"": 0, ""confidence"": 1.0, ""temperature"": 29.69197561681521, ""timestamp"": ""2026-09-03T01:45:00+00:00"", ""zone"": ""zone-0""}","{""action_type"": ""decrease_fan_speed"", ""consensus_timestamp"": ""2026-09-03T01:45:00+00:00"", ""duration"": 1, ""magnitude"": 0.1, ""reasoning_summary"": ""Frozen bidirectional thermal pilot controller"", ""target_zone"": ""zone-0"", ""used_consensus"": true}"
11,0,nominal,none,mean,106,29.788000260255938,29.85766985529102,0.06966959503508363,27.0,0.85,0.6,0.6,maintain,supervisor,True,,,0,1.0,29.95105626686774,29.95105626686774,29.945459731354102,0,,0,,0.0001269252970814705,False,"[29.926594305880897, 30.17551075409759, 30.051563600080037, 29.672537923473463, 29.94513537575367, 29.55025247531113, 29.587025728990074, 29.936972256865634, 29.8734362771667]","[29.926594305880897, 30.17551075409759, 30.051563600080037, 29.672537923473463, 29.94513537575367, 29.55025247531113, 29.587025728990074, 29.936972256865634, 29.8734362771667]","[false, false, false, false, false, false, false, false, false]",[],[],81ff92a1cf542e8c2915a12976f61e5a12d22f78ebed64af5e37791e0b57f74f,6e3cc193643f39cbd95e675d14fae1f9fcfa5eda671c79c14202385b37cde7b7,"{""anomaly_count"": 0, ""confidence"": 1.0, ""temperature"": 29.85766985529102, ""timestamp"": ""2026-09-03T01:46:00+00:00"", ""zone"": ""zone-0""}","{""action_type"": ""maintain"", ""consensus_timestamp"": ""2026-09-03T01:46:00+00:00"", ""duration"": 1, ""magnitude"": 0.0, ""reasoning_summary"": ""Frozen bidirectional thermal pilot controller"", ""target_zone"": ""zone-0"", ""used_consensus"": true}"
11,0,nominal,none,mean,107,29.945459731354102,29.849539721962124,-0.09592000939197831,27.0,0.85,0.6,0.6,maintain,supervisor,True,,,0,1.0,29.943576544205158,29.943576544205158,30.064967133131066,0,,0,,0.00012136809527873993,False,"[30.084176907296445, 29.50072169344488, 29.93118781060416, 30.112582359905268, 29.71168480532336, 29.886694599472182, 29.78221861657756, 29.643873280743563, 29.992717424291715]","[30.084176907296445, 29.50072169344488, 29.93118781060416, 30.112582359905268, 29.71168480532336, 29.886694599472182, 29.78221861657756, 29.643873280743563, 29.992717424291715]","[false, false, false, false, false, false, false, false, false]",[],[],fe339f5d7bd6616cec3cc54d08b101fd17f53020f9fc232e6b1e0b862307905c,381f04d7955bfe60a48af2ca1107fc22f84b8b74057285e204d1d1198dae6360,"{""anomaly_count"": 0, ""confidence"": 1.0, ""temperature"": 29.849539721962124, ""timestamp"": ""2026-09-03T01:47:00+00:00"", ""zone"": ""zone-0""}","{""action_type"": ""maintain"", ""consensus_timestamp"": ""2026-09-03T01:47:00+00:00"", ""duration"": 1, ""magnitude"": 0.0, ""reasoning_summary"": ""Frozen bidirectional thermal pilot controller"", ""target_zone"": ""zone-0"", ""used_consensus"": true}"
11,0,nominal,none,mean,108,30.064967133131066,30.067854920337272,0.0028877872062054166,27.0,0.85,0.6,0.6,maintain,supervisor,True,,,0,1.0,30.144426526710294,30.144426526710294,30.153258336748557,0,,0,,0.00011800229549407959,False,"[29.773928993438336, 30.080798012341376, 30.174784054723162, 30.252206287405254, 30.067027221273147, 29.84236919950864, 30.260370717757816, 30.01891075397905, 30.140299042608643]","[29.773928993438336, 30.080798012341376, 30.174784054723162, 30.252206287405254, 30.067027221273147, 29.84236919950864, 30.260370717757816, 30.01891075397905, 30.140299042608643]","[false, false, false, false, false, false, false, false, false]",[],[],5a8880244fcc8ed1d649489dedf6bd64bcd44369ef16e6fd8485868e1df28c64,c461a9d283cc5645309da7a7ee365d6527865433db4c3adc6cec33272b8af76c,"{""anomaly_count"": 0, ""confidence"": 1.0, ""temperature"": 30.067854920337272, ""timestamp"": ""2026-09-03T01:48:00+00:00"", ""zone"": ""zone-0""}","{""action_type"": ""maintain"", ""consensus_timestamp"": ""2026-09-03T01:48:00+00:00"", ""duration"": 1, ""magnitude"": 0.0, ""reasoning_summary"": ""Frozen bidirectional thermal pilot controller"", ""target_zone"": ""zone-0"", ""used_consensus"": true}"
11,0,nominal,none,mean,109,30.153258336748557,30.09642318904592,-0.056835147702635425,27.0,0.85,0.6,0.6,maintain,supervisor,True,,,0,1.0,30.17070933392225,30.17070933392225,30.27334184476326,0,,0,,0.00012056343257427216,False,"[30.233190574145535, 30.124935749016384, 30.029472038276722, 30.03577889414463, 30.042680559224838, 30.037466951318464, 30.15060827849514, 30.05291233976899, 30.160763317022603]","[30.233190574145535, 30.124935749016384, 30.029472038276722, 30.03577889414463, 30.042680559224838, 30.037466951318464, 30.15060827849514, 30.05291233976899, 30.160763317022603]","[false, false, false, false, false, false, false, false, false]",[],[],3444bc702cdcb64cc829b1254e32f3bcfb730c8d45e2be5b5042b2d1dfe16e96,947682cd3af96292cffa19042cc90f8324757f807e73154860dc37d0284c61ec,"{""anomaly_count"": 0, ""confidence"": 1.0, ""temperature"": 30.09642318904592, ""timestamp"": ""2026-09-03T01:49:00+00:00"", ""zone"": ""zone-0""}","{""action_type"": ""maintain"", ""consensus_timestamp"": ""2026-09-03T01:49:00+00:00"", ""duration"": 1, ""magnitude"": 0.0, ""reasoning_summary"": ""Frozen bidirectional thermal pilot controller"", ""target_zone"": ""zone-0"", ""used_consensus"": true}"
11,0,nominal,none,mean,110,30.27334184476326,30.35145287760269,0.07811103283943055,27.0,0.85,0.6,0.7,increase_fan_speed,supervisor,True,,,0,1.0,30.317336647394477,30.405336647394478,30.284299419069267,0,,0,,0.0001224493607878685,False,"[30.47686510973236, 30.287219656867123, 30.163859221176455, 30.607433826293843, 30.33809711561821, 30.755843583389986, 30.066905232640018, 30.278925165750287, 30.187926986955897]","[30.47686510973236, 30.287219656867123, 30.163859221176455, 30.607433826293843, 30.33809711561821, 30.755843583389986, 30.066905232640018, 30.278925165750287, 30.187926986955897]","[false, false, false, false, false, false, false, false, false]",[],[],4ab2e3bc2b451c6729eec5e7f625fa7d454b1dc18c58c176cba02f5bfa9cbf29,a6f8a6f97cc0698075977d4c72eb9170254cb12d50795505db99d15f41437679,"{""anomaly_count"": 0, ""confidence"": 1.0, ""temperature"": 30.35145287760269, ""timestamp"": ""2026-09-03T01:50:00+00:00"", ""zone"": ""zone-0""}","{""action_type"": ""increase_fan_speed"", ""consensus_timestamp"": ""2026-09-03T01:50:00+00:00"", ""duration"": 1, ""magnitude"": 0.1, ""reasoning_summary"": ""Frozen bidirectional thermal pilot controller"", ""target_zone"": ""zone-0"", ""used_consensus"": true}"
11,0,nominal,none,mean,111,30.284299419069267,30.349336196454278,0.06503677738501068,27.0,0.85,0.7,0.7999999999999999,increase_fan_speed,supervisor,True,,,0,1.0,30.227389300737936,30.315389300737937,30.274471014133194,0,,0,,0.0001325812190771103,False,"[30.517409602692542, 30.223533783493536, 30.199331370397413, 30.16235526227734, 29.966481146765123, 30.330791865150893, 30.922803615271793, 30.319171427884342, 30.502147694155564]","[30.517409602692542, 30.223533783493536, 30.199331370397413, 30.16235526227734, 29.966481146765123, 30.330791865150893, 30.922803615271793, 30.319171427884342, 30.502147694155564]","[false, false, false, false, false, false, false, false, false]",[],[],d6d5a1ecc1a96f21d9e1c031c66d2e8e443d4bf07ae5c80f40bf199fe880d59b,a0545e1cd81478376793ed31539b6cb164e6defabc7532b96baf60fedd848507,"{""anomaly_count"": 0, ""confidence"": 1.0, ""temperature"": 30.349336196454278, ""timestamp"": ""2026-09-03T01:51:00+00:00"", ""zone"": ""zone-0""}","{""action_type"": ""increase_fan_speed"", ""consensus_timestamp"": ""2026-09-03T01:51:00+00:00"", ""duration"": 1, ""magnitude"": 0.1, ""reasoning_summary"": ""Frozen bidirectional thermal pilot controller"", ""target_zone"": ""zone-0"", ""used_consensus"": true}"
11,0,nominal,none,mean,112,30.274471014133194,30.31945460475136,0.04498359061816615,27.0,0.85,0.7999999999999999,0.8999999999999999,increase_fan_speed,supervisor,True,,,0,1.0,30.11189823637125,30.19989823637125,30.164682781698712,0,,0,,0.0001253494992852211,False,"[30.460454578467786, 30.464553977183794, 30.12606734792509, 30.190937006986417, 29.962847324261283, 30.392054264201615, 30.41083011309871, 30.44249451458772, 30.42485231604987]","[30.460454578467786, 30.464553977183794, 30.12606734792509, 30.190937006986417, 29.962847324261283, 30.392054264201615, 30.41083011309871, 30.44249451458772, 30.42485231604987]","[false, false, false, false, false, false, false, false, false]",[],[],042ee69a48e990e813c3dd3bea1e6814184e25bfb9acbc5db9b315792a2c5bae,a1b593db9e1859d29d6876d2b75c7e6996cbed982ba09b71d5b1b2b5cef1a17a,"{""anomaly_count"": 0, ""confidence"": 1.0, ""temperature"": 30.31945460475136, ""timestamp"": ""2026-09-03T01:52:00+00:00"", ""zone"": ""zone-0""}","{""action_type"": ""increase_fan_speed"", ""consensus_timestamp"": ""2026-09-03T01:52:00+00:00"", ""duration"": 1, ""magnitude"": 0.1, ""reasoning_summary"": ""Frozen bidirectional thermal pilot controller"", ""target_zone"": ""zone-0"", ""used_consensus"": true}"
11,0,nominal,none,mean,113,30.164682781698712,30.165976060312296,0.0012932786135841923,27.0,0.85,0.8999999999999999,0.8999999999999999,maintain,supervisor,True,,,0,1.0,29.97069797548731,29.97069797548731,30.05094564113341,0,,0,,0.00010940153151750565,False,"[30.25674180687021, 30.406218445590856, 30.090962160861622, 29.99896525221438, 30.130710641094094, 30.100536788953214, 30.133293643748377, 29.9622029665849, 30.414152836892995]","[30.25674180687021, 30.406218445590856, 30.090962160861622, 29.99896525221438, 30.130710641094094, 30.100536788953214, 30.133293643748377, 29.9622029665849, 30.414152836892995]","[false, false, false, false, false, false, false, false, false]",[],[],95ee8b1469d5b97dbfa370beb5f98a2fa385c225f7c4ee6cfa3c1da3c12a370d,aff0bebfdefe314e21f5a98796a00289fec0c4fe391a8295d721469263210775,"{""anomaly_count"": 0, ""confidence"": 1.0, ""temperature"": 30.165976060312296, ""timestamp"": ""2026-09-03T01:53:00+00:00"", ""zone"": ""zone-0""}","{""action_type"": ""maintain"", ""consensus_timestamp"": ""2026-09-03T01:53:00+00:00"", ""duration"": 1, ""magnitude"": 0.0, ""reasoning_summary"": ""Frozen bidirectional thermal pilot controller"", ""target_zone"": ""zone-0"", ""used_consensus"": true}"
11,0,nominal,none,mean,114,30.05094564113341,30.174512664139016,0.12356702300560585,27.0,0.85,0.8999999999999999,0.8999999999999999,maintain,supervisor,True,,,0,1.0,29.978551651007894,29.978551651007894,29.93830581730921,0,,0,,0.00010840687900781631,False,"[30.02423325583102, 30.155312503365383, 29.986556328108826, 30.386975098650193, 30.308301218173845, 29.823359739162587, 30.512663370721985, 30.156031551293765, 30.217180911943508]","[30.02423325583102, 30.155312503365383, 29.986556328108826, 30.386975098650193, 30.308301218173845, 29.823359739162587, 30.512663370721985, 30.156031551293765, 30.217180911943508]","[false, false, false, false, false, false, false, false, false]",[],[],0b3c90e23558b80ce84706dd3b02c229eaa7c94a9382e68140eaaaa29a6e0fa7,c6fef76977aab2d0dfc75de663daa7db33900a8619f0d0ca7ce69a20ff3ad8b4,"{""anomaly_count"": 0, ""confidence"": 1.0, ""temperature"": 30.174512664139016, ""timestamp"": ""2026-09-03T01:54:00+00:00"", ""zone"": ""zone-0""}","{""action_type"": ""maintain"", ""consensus_timestamp"": ""2026-09-03T01:54:00+00:00"", ""duration"": 1, ""magnitude"": 0.0, ""reasoning_summary"": ""Frozen bidirectional thermal pilot controller"", ""target_zone"": ""zone-0"", ""used_consensus"": true}"
11,0,nominal,none,mean,115,29.93830581730921,30.03362920559003,0.09532338828082132,27.0,0.85,0.8999999999999999,0.8999999999999999,maintain,supervisor,True,,,0,1.0,29.848938869142827,29.848938869142827,29.826758695303656,0,,0,,0.00012937933206558228,False,"[30.052389899066068, 30.044513180572928, 30.179951778987917, 29.966994155342192, 30.068197822041245, 29.860644299896897, 30.275840176030208, 29.946392984074016, 29.907738554298817]","[30.052389899066068, 30.044513180572928, 30.179951778987917, 29.966994155342192, 30.068197822041245, 29.860644299896897, 30.275840176030208, 29.946392984074016, 29.907738554298817]","[false, false, false, false, false, false, false, false, false]",[],[],c73bbe102c48b32b6c21bc03a78ff9b8e74efab5685715380db6c2565e12601f,6d22b2fedf395ecbc630159750ca04192a9ab91f98767d34a8e9fbe4c622a695,"{""anomaly_count"": 0, ""confidence"": 1.0, ""temperature"": 30.03362920559003, ""timestamp"": ""2026-09-03T01:55:00+00:00"", ""zone"": ""zone-0""}","{""action_type"": ""maintain"", ""consensus_timestamp"": ""2026-09-03T01:55:00+00:00"", ""duration"": 1, ""magnitude"": 0.0, ""reasoning_summary"": ""Frozen bidirectional thermal pilot controller"", ""target_zone"": ""zone-0"", ""used_consensus"": true}"
11,0,nominal,none,mean,116,29.826758695303656,29.837931634292072,0.011172938988416092,27.0,0.85,0.8999999999999999,0.8999999999999999,maintain,supervisor,True,,,0,1.0,29.668897103548705,29.668897103548705,29.722473035131035,0,,0,,0.00012127682566642761,False,"[29.705239849264306, 29.52559188053629, 29.639856649111895, 29.97947930651055, 29.943604624243225, 30.270053116627615, 29.86476907095582, 29.811721062491362, 29.801069148887564]","[29.705239849264306, 29.52559188053629, 29.639856649111895, 29.97947930651055, 29.943604624243225, 30.270053116627615, 29.86476907095582, 29.811721062491362, 29.801069148887564]","[false, false, false, false, false, false, false, false, false]",[],[],c7b3e268ba94b977f6b8547946dad22b8acc25efb49e3a62d6d885be27755e02,3e7cac72bd9e130a3691a4c92496d8d1dee92ef2204d1f8c2eb0af0be46c7e25,"{""anomaly_count"": 0, ""confidence"": 1.0, ""temperature"": 29.837931634292072, ""timestamp"": ""2026-09-03T01:56:00+00:00"", ""zone"": ""zone-0""}","{""action_type"": ""maintain"", ""consensus_timestamp"": ""2026-09-03T01:56:00+00:00"", ""duration"": 1, ""magnitude"": 0.0, ""reasoning_summary"": ""Frozen bidirectional thermal pilot controller"", ""target_zone"": ""zone-0"", ""used_consensus"": true}"
11,0,nominal,none,mean,117,29.722473035131035,29.662223940807912,-0.06024909432312242,27.0,0.85,0.8999999999999999,0.8999999999999999,maintain,supervisor,True,,,0,1.0,29.507246025543278,29.507246025543278,29.649593307223192,0,,0,,0.00010777823626995087,False,"[29.271964282732526, 29.779919864124064, 29.443149552702835, 29.894076011923186, 29.678609129698437, 29.659671897949586, 29.57230014765903, 29.99596315777461, 29.664361422706936]","[29.271964282732526, 29.779919864124064, 29.443149552702835, 29.894076011923186, 29.678609129698437, 29.659671897949586, 29.57230014765903, 29.99596315777461, 29.664361422706936]","[false, false, false, false, false, false, false, false, false]",[],[],d5faea00803086e225faad9f4ed23d97b3d31c67fbe2d8b7137c3ff6bf75f5d9,96364621df8756201cb7a937bdb43ef1ddddd0526dddf3b2a1fa1f59fde55df6,"{""anomaly_count"": 0, ""confidence"": 1.0, ""temperature"": 29.662223940807912, ""timestamp"": ""2026-09-03T01:57:00+00:00"", ""zone"": ""zone-0""}","{""action_type"": ""maintain"", ""consensus_timestamp"": ""2026-09-03T01:57:00+00:00"", ""duration"": 1, ""magnitude"": 0.0, ""reasoning_summary"": ""Frozen bidirectional thermal pilot controller"", ""target_zone"": ""zone-0"", ""used_consensus"": true}"
11,0,nominal,none,mean,118,29.649593307223192,29.626602203019086,-0.022991104204105994,27.0,0.85,0.8999999999999999,0.8999999999999999,maintain,supervisor,True,,,0,1.0,29.47447402677756,29.47447402677756,29.591890261577202,0,,0,,0.0001079002395272255,False,"[29.64262121684056, 29.46282334857049, 29.475116650018652, 29.576328739710895, 29.77826684576876, 29.567483809214362, 29.720651576187986, 29.835180643029656, 29.5809469978304]","[29.64262121684056, 29.46282334857049, 29.475116650018652, 29.576328739710895, 29.77826684576876, 29.567483809214362, 29.720651576187986, 29.835180643029656, 29.5809469978304]","[false, false, false, false, false, false, false, false, false]",[],[],95ba3a9c38b0cc5c75ca23f1d289c5305a87864341cda971bc9f9e50bb95b347,42a909141d6ec6d1a424ef072a7cbc0faca9cc4e9e439c152b01ccc708854fe8,"{""anomaly_count"": 0, ""confidence"": 1.0, ""temperature"": 29.626602203019086, ""timestamp"": ""2026-09-03T01:58:00+00:00"", ""zone"": ""zone-0""}","{""action_type"": ""maintain"", ""consensus_timestamp"": ""2026-09-03T01:58:00+00:00"", ""duration"": 1, ""magnitude"": 0.0, ""reasoning_summary"": ""Frozen bidirectional thermal pilot controller"", ""target_zone"": ""zone-0"", ""used_consensus"": true}"
11,0,nominal,none,mean,119,29.591890261577202,29.615328409962032,0.02343814838483027,27.0,0.85,0.8999999999999999,0.7999999999999999,decrease_fan_speed,supervisor,True,,,0,1.0,29.552102137165072,29.46410213716507,29.55667438510984,0,,0,,0.0001112576574087143,False,"[29.57141020162226, 29.714698008774704, 29.425972521443708, 29.563529338332636, 29.380029209698726, 29.672083109581028, 29.862430044729326, 29.48812595444075, 29.859677301035166]","[29.57141020162226, 29.714698008774704, 29.425972521443708, 29.563529338332636, 29.380029209698726, 29.672083109581028, 29.862430044729326, 29.48812595444075, 29.859677301035166]","[false, false, false, false, false, false, false, false, false]",[],[],767af9ebe1cef04782f206bcaac70daf2e640dbea9d6d7cd204c6b44d28f6384,dcd451e540de6d8d865c668937e9bd942868a4bfc4f295817f6e2236f4d66da1,"{""anomaly_count"": 0, ""confidence"": 1.0, ""temperature"": 29.615328409962032, ""timestamp"": ""2026-09-03T01:59:00+00:00"", ""zone"": ""zone-0""}","{""action_type"": ""decrease_fan_speed"", ""consensus_timestamp"": ""2026-09-03T01:59:00+00:00"", ""duration"": 1, ""magnitude"": 0.1, ""reasoning_summary"": ""Frozen bidirectional thermal pilot controller"", ""target_zone"": ""zone-0"", ""used_consensus"": true}"
11,0,nominal,none,mean,120,29.55667438510984,29.66462616263269,0.10795177752284957,26.0,0.7,0.7999999999999999,0.7999999999999999,maintain,supervisor,True,,,0,1.0,29.367456069622072,29.367456069622072,29.30254395825558,0,,0,,0.00011048838496208191,False,"[29.621161954274672, 29.63469447586136, 29.44539300456795, 29.607164246539487, 29.700626391342368, 29.655723399303472, 29.6815998170642, 29.81630735166302, 29.818964823077675]","[29.621161954274672, 29.63469447586136, 29.44539300456795, 29.607164246539487, 29.700626391342368, 29.655723399303472, 29.6815998170642, 29.81630735166302, 29.818964823077675]","[false, false, false, false, false, false, false, false, false]",[],[],b6b197bfb69a1ced9606ba01752cb1829f7324026abcaf0643f545402710fd05,aaa92dc01000c76ad95638eb9b9c70b1740457a9cac5fb9d6640e9e3c53825e7,"{""anomaly_count"": 0, ""confidence"": 1.0, ""temperature"": 29.66462616263269, ""timestamp"": ""2026-09-03T02:00:00+00:00"", ""zone"": ""zone-0""}","{""action_type"": ""maintain"", ""consensus_timestamp"": ""2026-09-03T02:00:00+00:00"", ""duration"": 1, ""magnitude"": 0.0, ""reasoning_summary"": ""Frozen bidirectional thermal pilot controller"", ""target_zone"": ""zone-0"", ""used_consensus"": true}"
11,0,nominal,none,mean,121,29.30254395825558,29.38215601060759,0.07961205235201163,26.0,0.7,0.7999999999999999,0.7999999999999999,maintain,supervisor,True,,,0,1.0,29.107583529758983,29.107583529758983,29.072343030210952,0,,0,,0.00011156778782606125,False,"[29.15722566782051, 29.5728774277707, 29.643217587829177, 29.35969016683463, 29.528844128999957, 29.162839846894084, 29.417400893217728, 29.134072652550024, 29.46323572355153]","[29.15722566782051, 29.5728774277707, 29.643217587829177, 29.35969016683463, 29.528844128999957, 29.162839846894084, 29.417400893217728, 29.134072652550024, 29.46323572355153]","[false, false, false, false, false, false, false, false, false]",[],[],910849ef5e24b47a6e436c462e481b9b7d0a587e4641db89c8e6720f850424c5,f33973500c21ccaffa81d36fbdc39c5fed64a4139217d7e983ef53c15897ad85,"{""anomaly_count"": 0, ""confidence"": 1.0, ""temperature"": 29.38215601060759, ""timestamp"": ""2026-09-03T02:01:00+00:00"", ""zone"": ""zone-0""}","{""action_type"": ""maintain"", ""consensus_timestamp"": ""2026-09-03T02:01:00+00:00"", ""duration"": 1, ""magnitude"": 0.0, ""reasoning_summary"": ""Frozen bidirectional thermal pilot controller"", ""target_zone"": ""zone-0"", ""used_consensus"": true}"
11,0,nominal,none,mean,122,29.072343030210952,29.152775943687725,0.0804329134767734,26.0,0.7,0.7999999999999999,0.7,decrease_fan_speed,supervisor,True,,,0,1.0,28.984553868192705,28.896553868192704,28.951925493643312,0,,0,,0.00011419039219617844,False,"[28.94457716186421, 29.19070107704279, 29.30567857712897, 29.223708276202473, 29.108040490050627, 29.163147198666014, 28.922027978324035, 29.061611193272704, 29.45549154063771]","[28.94457716186421, 29.19070107704279, 29.30567857712897, 29.223708276202473, 29.108040490050627, 29.163147198666014, 28.922027978324035, 29.061611193272704, 29.45549154063771]","[false, false, false, false, false, false, false, false, false]",[],[],b960d5a8360840fc7a0ca0be61785dfe68631b2a8e07e0f1cdaff23476b3e851,2952aacf985549aab1804c395b47fd83a8a6440fb4cc9a8360cf4eaae3e02a24,"{""anomaly_count"": 0, ""confidence"": 1.0, ""temperature"": 29.152775943687725, ""timestamp"": ""2026-09-03T02:02:00+00:00"", ""zone"": ""zone-0""}","{""action_type"": ""decrease_fan_speed"", ""consensus_timestamp"": ""2026-09-03T02:02:00+00:00"", ""duration"": 1, ""magnitude"": 0.1, ""reasoning_summary"": ""Frozen bidirectional thermal pilot controller"", ""target_zone"": ""zone-0"", ""used_consensus"": true}"
11,0,nominal,none,mean,123,28.951925493643312,28.8825208115404,-0.06940468210291328,26.0,0.7,0.7,0.7,maintain,supervisor,True,,,0,1.0,28.735919146617167,28.735919146617167,28.850140179954504,0,,0,,0.00010937731713056564,False,"[28.80938054831835, 29.201570070006863, 28.86616936491344, 28.947629241675767, 28.667785385238783, 28.783012436035847, 28.9662596275312, 29.02280922649767, 28.67807140364568]","[28.80938054831835, 29.201570070006863, 28.86616936491344, 28.947629241675767, 28.667785385238783, 28.783012436035847, 28.9662596275312, 29.02280922649767, 28.67807140364568]","[false, false, false, false, false, false, false, false, false]",[],[],f92e33d499818dfc0a713545f5f970591614d1f9bd39a8f674596c6bd19c4a6a,06dececbf904476e8a2c59ffe24633fe9c11645cc5b1efe1177fcd46358c0871,"{""anomaly_count"": 0, ""confidence"": 1.0, ""temperature"": 28.8825208115404, ""timestamp"": ""2026-09-03T02:03:00+00:00"", ""zone"": ""zone-0""}","{""action_type"": ""maintain"", ""consensus_timestamp"": ""2026-09-03T02:03:00+00:00"", ""duration"": 1, ""magnitude"": 0.0, ""reasoning_summary"": ""Frozen bidirectional thermal pilot controller"", ""target_zone"": ""zone-0"", ""used_consensus"": true}"
11,0,nominal,none,mean,124,28.850140179954504,28.91534207907866,0.06520189912415475,26.0,0.7,0.7,0.7,maintain,supervisor,True,,,0,1.0,28.766114712752366,28.766114712752366,28.76372839638151,0,,0,,0.0001041460782289505,False,"[28.700042404636108, 29.140052038717663, 29.093692723851394, 28.913637588677993, 29.121039544212124, 28.485113290758008, 28.699818295148948, 29.30679443492065, 28.77788839078503]","[28.700042404636108, 29.140052038717663, 29.093692723851394, 28.913637588677993, 29.121039544212124, 28.485113290758008, 28.699818295148948, 29.30679443492065, 28.77788839078503]","[false, false, false, false, false, false, false, false, false]",[],[],8e60f08ab9e4c13c0bbb547ecfe9e0e1a47e2feb5a6d6789cefc0e14be82e9f6,65bee6e78d472cfe39311380c6116261b20da59970a17de185f7dea89124d229,"{""anomaly_count"": 0, ""confidence"": 1.0, ""temperature"": 28.91534207907866, ""timestamp"": ""2026-09-03T02:04:00+00:00"", ""zone"": ""zone-0""}","{""action_type"": ""maintain"", ""consensus_timestamp"": ""2026-09-03T02:04:00+00:00"", ""duration"": 1, ""magnitude"": 0.0, ""reasoning_summary"": ""Frozen bidirectional thermal pilot controller"", ""target_zone"": ""zone-0"", ""used_consensus"": true}"
11,0,nominal,none,mean,125,28.76372839638151,28.761362537629356,-0.002365858752153116,26.0,0.7,0.7,0.6,decrease_fan_speed,supervisor,True,,,0,1.0,28.71245353461901,28.624453534619008,28.75409823826519,0,,0,,0.00011541694402694702,False,"[28.633398166453254, 28.912373706131962, 28.848664572904656, 28.45503601252817, 28.640142038063942, 28.917326220111587, 28.799346016735626, 28.960383751257552, 28.685592354477492]","[28.633398166453254, 28.912373706131962, 28.848664572904656, 28.45503601252817, 28.640142038063942, 28.917326220111587, 28.799346016735626, 28.960383751257552, 28.685592354477492]","[false, false, false, false, false, false, false, false, false]",[],[],9e3e78631760cfa4a398423b7ee8e0138864c7d974a608a146fdc3cde897f3d4,de6178ca8883aeb6f3ecc9b04900c9426d4bd1a223f6797fbe66f702bc2d140a,"{""anomaly_count"": 0, ""confidence"": 1.0, ""temperature"": 28.761362537629356, ""timestamp"": ""2026-09-03T02:05:00+00:00"", ""zone"": ""zone-0""}","{""action_type"": ""decrease_fan_speed"", ""consensus_timestamp"": ""2026-09-03T02:05:00+00:00"", ""duration"": 1, ""magnitude"": 0.1, ""reasoning_summary"": ""Frozen bidirectional thermal pilot controller"", ""target_zone"": ""zone-0"", ""used_consensus"": true}"
11,0,nominal,none,mean,126,28.75409823826519,28.85498102476956,0.10088278650437132,26.0,0.7,0.6,0.6,maintain,supervisor,True,,,0,1.0,28.798582542787997,28.798582542787997,28.77508612325011,0,,0,,0.00011087581515312195,False,"[28.82565284921909, 28.85508036996554, 28.995257566937408, 28.889956898953606, 28.519571437924288, 28.937712367558067, 28.864690546822924, 29.056647404291546, 28.75025978125361]","[28.82565284921909, 28.85508036996554, 28.995257566937408, 28.889956898953606, 28.519571437924288, 28.937712367558067, 28.864690546822924, 29.056647404291546, 28.75025978125361]","[false, false, false, false, false, false, false, false, false]",[],[],b9cefa8de6107bc6d48fb253f509d02142bb78b14adfd9d3bf26903a2115ca8c,5678ae8c3eb7ba0ec784fc407dc9058df1246bfc0ae9a695f38a5632700a9881,"{""anomaly_count"": 0, ""confidence"": 1.0, ""temperature"": 28.85498102476956, ""timestamp"": ""2026-09-03T02:06:00+00:00"", ""zone"": ""zone-0""}","{""action_type"": ""maintain"", ""consensus_timestamp"": ""2026-09-03T02:06:00+00:00"", ""duration"": 1, ""magnitude"": 0.0, ""reasoning_summary"": ""Frozen bidirectional thermal pilot controller"", ""target_zone"": ""zone-0"", ""used_consensus"": true}"
11,0,nominal,none,mean,127,28.77508612325011,28.882039964220894,0.10695384097078531,26.0,0.7,0.6,0.6,maintain,supervisor,True,,,0,1.0,28.823476767083225,28.823476767083225,28.72512917362551,0,,0,,0.00011842604726552963,False,"[28.740498677855825, 29.20313260797552, 28.95997053574987, 28.616719397664234, 28.83418493764168, 28.948986871228655, 28.975760711281666, 29.037486448785774, 28.621619489804846]","[28.740498677855825, 29.20313260797552, 28.95997053574987, 28.616719397664234, 28.83418493764168, 28.948986871228655, 28.975760711281666, 29.037486448785774, 28.621619489804846]","[false, false, false, false, false, false, false, false, false]",[],[],4ceea92eac0afa3e981cf3cff8a22355929cd1227d917150ecc27271189e93c5,968c460324e99ea47fcad8d67e24a5815741b8b5160e53b2f5966f1cc3db723d,"{""anomaly_count"": 0, ""confidence"": 1.0, ""temperature"": 28.882039964220894, ""timestamp"": ""2026-09-03T02:07:00+00:00"", ""zone"": ""zone-0""}","{""action_type"": ""maintain"", ""consensus_timestamp"": ""2026-09-03T02:07:00+00:00"", ""duration"": 1, ""magnitude"": 0.0, ""reasoning_summary"": ""Frozen bidirectional thermal pilot controller"", ""target_zone"": ""zone-0"", ""used_consensus"": true}"
11,0,nominal,none,mean,128,28.72512917362551,28.729375910661943,0.00424673703643208,26.0,0.7,0.6,0.5,decrease_fan_speed,supervisor,True,,,0,1.0,28.771025837808985,28.683025837808987,28.817029747296587,0,,0,,0.00011917389929294586,False,"[28.533351893856977, 28.98095960033548, 28.77599336981243, 28.85452879585455, 28.486188047297286, 28.897951418593387, 28.60757091629867, 28.66831685160476, 28.75952230230395]","[28.533351893856977, 28.98095960033548, 28.77599336981243, 28.85452879585455, 28.486188047297286, 28.897951418593387, 28.60757091629867, 28.66831685160476, 28.75952230230395]","[false, false, false, false, false, false, false, false, false]",[],[],c3bdb19c9e4a7f6c8896c1ab2ae5e896ca1b99d85a7065aa4d77270e9960b0ee,4af0b24cb33c140f4facc225ff4522de772f98184edc15c6f5fb28833544554b,"{""anomaly_count"": 0, ""confidence"": 1.0, ""temperature"": 28.729375910661943, ""timestamp"": ""2026-09-03T02:08:00+00:00"", ""zone"": ""zone-0""}","{""action_type"": ""decrease_fan_speed"", ""consensus_timestamp"": ""2026-09-03T02:08:00+00:00"", ""duration"": 1, ""magnitude"": 0.1, ""reasoning_summary"": ""Frozen bidirectional thermal pilot controller"", ""target_zone"": ""zone-0"", ""used_consensus"": true}"
11,0,nominal,none,mean,129,28.817029747296587,28.766121850499403,-0.05090789679718455,26.0,0.7,0.5,0.5,maintain,supervisor,True,,,0,1.0,28.80483210245945,28.80483210245945,28.89340790054077,0,,0,,0.00011094287037849426,False,"[28.76533911410766, 28.768343260096458, 28.96890458393469, 28.765454935463712, 28.410410855033337, 28.700204963735313, 28.58420607956116, 29.116753808862633, 28.815479053699654]","[28.76533911410766, 28.768343260096458, 28.96890458393469, 28.765454935463712, 28.410410855033337, 28.700204963735313, 28.58420607956116, 29.116753808862633, 28.815479053699654]","[false, false, false, false, false, false, false, false, false]",[],[],5186b8b1381fcb25503bb0165ac345560e50664d625f815401982c2bb340142f,ce031aff7aa75a5f6bc997cde56b6222e4ab0494bfd3a41fd833d4cc351f4143,"{""anomaly_count"": 0, ""confidence"": 1.0, ""temperature"": 28.766121850499403, ""timestamp"": ""2026-09-03T02:09:00+00:00"", ""zone"": ""zone-0""}","{""action_type"": ""maintain"", ""consensus_timestamp"": ""2026-09-03T02:09:00+00:00"", ""duration"": 1, ""magnitude"": 0.0, ""reasoning_summary"": ""Frozen bidirectional thermal pilot controller"", ""target_zone"": ""zone-0"", ""used_consensus"": true}"
11,0,nominal,none,mean,130,28.89340790054077,28.97292183522375,0.07951393468298207,26.0,0.7,0.5,0.5,maintain,supervisor,True,,,0,1.0,28.99508808840585,28.99508808840585,28.94056494906508,0,,0,,0.00010705459862947464,False,"[28.733705434088346, 29.081694381935407, 28.904869431156996, 29.12136072205819, 29.22907886116807, 28.792597974470503, 29.31324134521789, 28.788234575750295, 28.79151379116807]","[28.733705434088346, 29.081694381935407, 28.904869431156996, 29.12136072205819, 29.22907886116807, 28.792597974470503, 29.31324134521789, 28.788234575750295, 28.79151379116807]","[false, false, false, false, false, false, false, false, false]",[],[],8d9bb95abbf102792f516415fb69f8a966d41828c0f8c77414eee22d204aba17,1134072c387a55961a7e779d839d21c265acdbc159810daff5be21265f759efe,"{""anomaly_count"": 0, ""confidence"": 1.0, ""temperature"": 28.97292183522375, ""timestamp"": ""2026-09-03T02:10:00+00:00"", ""zone"": ""zone-0""}","{""action_type"": ""maintain"", ""consensus_timestamp"": ""2026-09-03T02:10:00+00:00"", ""duration"": 1, ""magnitude"": 0.0, ""reasoning_summary"": ""Frozen bidirectional thermal pilot controller"", ""target_zone"": ""zone-0"", ""used_consensus"": true}"
11,0,nominal,none,mean,131,28.94056494906508,28.974264251040356,0.033699301975275375,26.0,0.7,0.5,0.4,decrease_fan_speed,supervisor,True,,,0,1.0,29.084323110957126,28.996323110957125,29.1220684753402,0,,0,,0.0001110415905714035,False,"[28.997577838944647, 28.89247010572762, 28.824736577640042, 28.95017296048011, 28.86543148178884, 29.164064311443337, 29.108931413473464, 28.93405252207002, 29.030941047795118]","[28.997577838944647, 28.89247010572762, 28.824736577640042, 28.95017296048011, 28.86543148178884, 29.164064311443337, 29.108931413473464, 28.93405252207002, 29.030941047795118]","[false, false, false, false, false, false, false, false, false]",[],[],95e06280b73a8f528d3953f0e8dcf2715d512bfe25eec4bc942d547c82b76a24,1eb77bff876679c74331171f02a88085a2b180b138bcdeb48a196f1fa78e720e,"{""anomaly_count"": 0, ""confidence"": 1.0, ""temperature"": 28.974264251040356, ""timestamp"": ""2026-09-03T02:11:00+00:00"", ""zone"": ""zone-0""}","{""action_type"": ""decrease_fan_speed"", ""consensus_timestamp"": ""2026-09-03T02:11:00+00:00"", ""duration"": 1, ""magnitude"": 0.1, ""reasoning_summary"": ""Frozen bidirectional thermal pilot controller"", ""target_zone"": ""zone-0"", ""used_consensus"": true}"
11,0,nominal,none,mean,132,29.1220684753402,28.987867588066973,-0.1342008872732272,26.0,0.7,0.4,0.4,maintain,supervisor,True,,,0,1.0,29.096838181021614,29.096838181021614,29.252307806581207,0,,0,,0.00011913292109966278,False,"[28.92082590572377, 28.98955362778932, 28.873991968621755, 28.666034463630655, 29.076792670379373, 29.0717153540057, 29.09252026964785, 29.291928197730382, 28.90744583507391]","[28.92082590572377, 28.98955362778932, 28.873991968621755, 28.666034463630655, 29.076792670379373, 29.0717153540057, 29.09252026964785, 29.291928197730382, 28.90744583507391]","[false, false, false, false, false, false, false, false, false]",[],[],72f56e55db2a0f5eec66814bf31c1193e6b4228a45454331c39e38397f7efa0e,d33056e02f93c16cb1a9078373f22fbb9234e38a271a2c21f5dd087eb7106a25,"{""anomaly_count"": 0, ""confidence"": 1.0, ""temperature"": 28.987867588066973, ""timestamp"": ""2026-09-03T02:12:00+00:00"", ""zone"": ""zone-0""}","{""action_type"": ""maintain"", ""consensus_timestamp"": ""2026-09-03T02:12:00+00:00"", ""duration"": 1, ""magnitude"": 0.0, ""reasoning_summary"": ""Frozen bidirectional thermal pilot controller"", ""target_zone"": ""zone-0"", ""used_consensus"": true}"
11,0,nominal,none,mean,133,29.252307806581207,29.27934789342582,0.02704008684461101,26.0,0.7,0.4,0.4,maintain,supervisor,True,,,0,1.0,29.36500006195175,29.36500006195175,29.368607403984836,0,,0,,0.0001115649938583374,False,"[29.191594728813076, 28.9633790943165, 29.176670996901173, 29.509789480414874, 29.32318631094077, 29.10327031710905, 29.431109863069096, 29.426429653422684, 29.388700595845158]","[29.191594728813076, 28.9633790943165, 29.176670996901173, 29.509789480414874, 29.32318631094077, 29.10327031710905, 29.431109863069096, 29.426429653422684, 29.388700595845158]","[false, false, false, false, false, false, false, false, false]",[],[],40a9b06deee95ee2334eb524cabc97c24396b105b3db469688909127feb44b18,fe60e051dddd5daf7a305fe5cd55dda488f2501a781f14c4f80cd0ba0fa6ea70,"{""anomaly_count"": 0, ""confidence"": 1.0, ""temperature"": 29.27934789342582, ""timestamp"": ""2026-09-03T02:13:00+00:00"", ""zone"": ""zone-0""}","{""action_type"": ""maintain"", ""consensus_timestamp"": ""2026-09-03T02:13:00+00:00"", ""duration"": 1, ""magnitude"": 0.0, ""reasoning_summary"": ""Frozen bidirectional thermal pilot controller"", ""target_zone"": ""zone-0"", ""used_consensus"": true}"
11,0,nominal,none,mean,134,29.368607403984836,29.33315122729782,-0.03545617668701695,26.0,0.7,0.4,0.30000000000000004,decrease_fan_speed,supervisor,True,,,0,1.0,29.502499129113993,29.41449912911399,29.555300881530314,0,,0,,0.00010974239557981491,False,"[29.208381727054075, 29.675909802214758, 29.16420407822639, 29.07652253202383, 29.571495593476104, 29.315349591285308, 29.23812178003483, 29.44833638640018, 29.300039554964908]","[29.208381727054075, 29.675909802214758, 29.16420407822639, 29.07652253202383, 29.571495593476104, 29.315349591285308, 29.23812178003483, 29.44833638640018, 29.300039554964908]","[false, false, false, false, false, false, false, false, false]",[],[],bdec2333f36656b1c791e1e82c795aa9c281bcad244b627cf0e55955efbd2052,2731c9ad10c7d2a45ca140138bc7d76bd67abb3faff22c6cbea7bad37e724273,"{""anomaly_count"": 0, ""confidence"": 1.0, ""temperature"": 29.33315122729782, ""timestamp"": ""2026-09-03T02:14:00+00:00"", ""zone"": ""zone-0""}","{""action_type"": ""decrease_fan_speed"", ""consensus_timestamp"": ""2026-09-03T02:14:00+00:00"", ""duration"": 1, ""magnitude"": 0.1, ""reasoning_summary"": ""Frozen bidirectional thermal pilot controller"", ""target_zone"": ""zone-0"", ""used_consensus"": true}"
11,0,nominal,none,mean,135,29.555300881530314,29.5985005506241,0.043199669093784365,26.0,0.7,0.30000000000000004,0.30000000000000004,maintain,supervisor,True,,,0,1.0,29.74662050657417,29.74662050657417,29.740169133725022,0,,0,,0.0001142360270023346,False,"[29.48506856999387, 29.214084766827355, 29.511422843987358, 29.727022415865154, 29.50481793061418, 29.806766861506826, 29.78673112830772, 29.643971239075107, 29.70661919943932]","[29.48506856999387, 29.214084766827355, 29.511422843987358, 29.727022415865154, 29.50481793061418, 29.806766861506826, 29.78673112830772, 29.643971239075107, 29.70661919943932]","[false, false, false, false, false, false, false, false, false]",[],[],9ff078a66011ac5e16e3d07b881d7fae5cded398b9ce44aac63fd29e53a866d5,582ba22e71af77921fe48eb9542fc152f84109975d85eb0cbc6a42af2d1d20cf,"{""anomaly_count"": 0, ""confidence"": 1.0, ""temperature"": 29.5985005506241, ""timestamp"": ""2026-09-03T02:15:00+00:00"", ""zone"": ""zone-0""}","{""action_type"": ""maintain"", ""consensus_timestamp"": ""2026-09-03T02:15:00+00:00"", ""duration"": 1, ""magnitude"": 0.0, ""reasoning_summary"": ""Frozen bidirectional thermal pilot controller"", ""target_zone"": ""zone-0"", ""used_consensus"": true}"
11,0,nominal,none,mean,136,29.740169133725022,29.675803657554223,-0.06436547617079924,26.0,0.7,0.30000000000000004,0.30000000000000004,maintain,supervisor,True,,,0,1.0,29.817739364949883,29.817739364949883,29.893296198706963,0,,0,,0.00010907091200351715,False,"[29.684765884533665, 29.89354692387458, 29.75409571745689, 29.91835273382096, 29.62950426039726, 29.723157181299364, 29.5894575559539, 29.471962520609505, 29.41739014004187]","[29.684765884533665, 29.89354692387458, 29.75409571745689, 29.91835273382096, 29.62950426039726, 29.723157181299364, 29.5894575559539, 29.471962520609505, 29.41739014004187]","[false, false, false, false, false, false, false, false, false]",[],[],3816b8ab1a9bb62b8837eaf9f7b43a732fcb1475cf277b79d766c7276c97fe87,a15e1ff255a67c46d30ad69f537435dc3ab144ce73ca7e67f9eab2349b5e7ebd,"{""anomaly_count"": 0, ""confidence"": 1.0, ""temperature"": 29.675803657554223, ""timestamp"": ""2026-09-03T02:16:00+00:00"", ""zone"": ""zone-0""}","{""action_type"": ""maintain"", ""consensus_timestamp"": ""2026-09-03T02:16:00+00:00"", ""duration"": 1, ""magnitude"": 0.0, ""reasoning_summary"": ""Frozen bidirectional thermal pilot controller"", ""target_zone"": ""zone-0"", ""used_consensus"": true}"
11,0,nominal,none,mean,137,29.893296198706963,29.90159474785286,0.008298549145898448,26.0,0.7,0.30000000000000004,0.30000000000000004,maintain,supervisor,True,,,0,1.0,30.025467168024633,30.025467168024633,30.0404167374637,0,,0,,0.00010799616575241089,False,"[29.908078484313066, 29.65167405196778, 29.81681406932229, 30.096303332431553, 30.109830535136712, 29.949549449061347, 29.894681330784746, 29.656206096103986, 30.031215381554286]","[29.908078484313066, 29.65167405196778, 29.81681406932229, 30.096303332431553, 30.109830535136712, 29.949549449061347, 29.894681330784746, 29.656206096103986, 30.031215381554286]","[false, false, false, false, false, false, false, false, false]",[],[],3362321a53625fde79974bf416f6d3e3348df9a1864fef5f421addc528040300,5815a832dc54efb510a089fb410c1e5d8dca4aa0d6129ba2f4334a2930be6730,"{""anomaly_count"": 0, ""confidence"": 1.0, ""temperature"": 29.90159474785286, ""timestamp"": ""2026-09-03T02:17:00+00:00"", ""zone"": ""zone-0""}","{""action_type"": ""maintain"", ""consensus_timestamp"": ""2026-09-03T02:17:00+00:00"", ""duration"": 1, ""magnitude"": 0.0, ""reasoning_summary"": ""Frozen bidirectional thermal pilot controller"", ""target_zone"": ""zone-0"", ""used_consensus"": true}"
11,0,nominal,none,mean,138,30.0404167374637,30.0516894980219,0.01127276055819948,26.0,0.7,0.30000000000000004,0.30000000000000004,maintain,supervisor,True,,,0,1.0,30.16355433818015,30.16355433818015,30.12839806114863,0,,0,,0.00011257641017436981,False,"[29.923787197631242, 30.025978111561557, 29.97555485854062, 30.010203799088774, 29.868071409140416, 30.263440750455555, 30.32011456654809, 30.015916409014, 30.06213838021689]","[29.923787197631242, 30.025978111561557, 29.97555485854062, 30.010203799088774, 29.868071409140416, 30.263440750455555, 30.32011456654809, 30.015916409014, 30.06213838021689]","[false, false, false, false, false, false, false, false, false]",[],[],b9b62eab8182a23d334f22bb88ca7c7bb50b91cfad69f8bbb1fda69b46e3623b,d713b092c9ef67f4b36412625fb324af5a37f20b88ad394253a572c6757f319a,"{""anomaly_count"": 0, ""confidence"": 1.0, ""temperature"": 30.0516894980219, ""timestamp"": ""2026-09-03T02:18:00+00:00"", ""zone"": ""zone-0""}","{""action_type"": ""maintain"", ""consensus_timestamp"": ""2026-09-03T02:18:00+00:00"", ""duration"": 1, ""magnitude"": 0.0, ""reasoning_summary"": ""Frozen bidirectional thermal pilot controller"", ""target_zone"": ""zone-0"", ""used_consensus"": true}"
11,0,nominal,none,mean,139,30.12839806114863,30.165772293924388,0.037374232775757577,26.0,0.7,0.30000000000000004,0.30000000000000004,maintain,supervisor,True,,,0,1.0,30.268510510410437,30.268510510410437,30.280359122963148,0,,0,,0.00011098850518465042,False,"[30.13042839404325, 30.10303546963709, 30.50924005420445, 30.280334441484623, 29.925533219349866, 29.984515140844213, 30.27308032230367, 30.10603934669534, 30.17974425675698]","[30.13042839404325, 30.10303546963709, 30.50924005420445, 30.280334441484623, 29.925533219349866, 29.984515140844213, 30.27308032230367, 30.10603934669534, 30.17974425675698]","[false, false, false, false, false, false, false, false, false]",[],[],3a405d1468bef25cde94d5ae4b473729f83ecdd5a47eb61886cfdedeb3b8b3d9,064b1ec7fbf577b34f5d1463592eb9ccf42ac0c408c0a0b78e0a37776bcb23ac,"{""anomaly_count"": 0, ""confidence"": 1.0, ""temperature"": 30.165772293924388, ""timestamp"": ""2026-09-03T02:19:00+00:00"", ""zone"": ""zone-0""}","{""action_type"": ""maintain"", ""consensus_timestamp"": ""2026-09-03T02:19:00+00:00"", ""duration"": 1, ""magnitude"": 0.0, ""reasoning_summary"": ""Frozen bidirectional thermal pilot controller"", ""target_zone"": ""zone-0"", ""used_consensus"": true}"
11,0,nominal,none,mean,140,30.280359122963148,30.3146994705952,0.03434034763205318,26.0,0.7,0.30000000000000004,0.4,increase_fan_speed,supervisor,True,,,0,1.0,30.317523512947584,30.405523512947585,30.302889857182375,0,,0,,0.00010945554822683334,False,"[29.9524230488568, 30.341249796172658, 30.333708474722357, 30.255643342910417, 30.097831890633763, 30.658275718005545, 30.409542370458016, 30.334552936696504, 30.44906765690078]","[29.9524230488568, 30.341249796172658, 30.333708474722357, 30.255643342910417, 30.097831890633763, 30.658275718005545, 30.409542370458016, 30.334552936696504, 30.44906765690078]","[false, false, false, false, false, false, false, false, false]",[],[],3209b8744866b57e1f97637bcc54801bdbd8552c44316cfb1c048b3039c67b01,637e0d12aa8b8ca2534cbeff7f7808ad6c92894ee82d96ebf3f0936e707c2ae3,"{""anomaly_count"": 0, ""confidence"": 1.0, ""temperature"": 30.3146994705952, ""timestamp"": ""2026-09-03T02:20:00+00:00"", ""zone"": ""zone-0""}","{""action_type"": ""increase_fan_speed"", ""consensus_timestamp"": ""2026-09-03T02:20:00+00:00"", ""duration"": 1, ""magnitude"": 0.1, ""reasoning_summary"": ""Frozen bidirectional thermal pilot controller"", ""target_zone"": ""zone-0"", ""used_consensus"": true}"
11,0,nominal,none,mean,141,30.302889857182375,30.240520896286327,-0.062368960896048264,26.0,0.7,0.4,0.4,maintain,supervisor,True,,,0,1.0,30.249279224583418,30.249279224583418,30.323918206653033,0,,0,,0.0001095728948712349,False,"[30.046561649163667, 30.430990073602615, 30.32056853230035, 30.33020449414548, 30.15540242481817, 30.366210100132587, 30.24712838684055, 30.25195952194875, 30.015662883624817]","[30.046561649163667, 30.430990073602615, 30.32056853230035, 30.33020449414548, 30.15540242481817, 30.366210100132587, 30.24712838684055, 30.25195952194875, 30.015662883624817]","[false, false, false, false, false, false, false, false, false]",[],[],ccc60f28d99715062e80a88b46b39ff161effb9a6d2584bbddc89a375fdeebba,19b1f614887c536cc3ecc5aa62f8ea2e1cc15baad8f563fafa07be1caa78164a,"{""anomaly_count"": 0, ""confidence"": 1.0, ""temperature"": 30.240520896286327, ""timestamp"": ""2026-09-03T02:21:00+00:00"", ""zone"": ""zone-0""}","{""action_type"": ""maintain"", ""consensus_timestamp"": ""2026-09-03T02:21:00+00:00"", ""duration"": 1, ""magnitude"": 0.0, ""reasoning_summary"": ""Frozen bidirectional thermal pilot controller"", ""target_zone"": ""zone-0"", ""used_consensus"": true}"
11,0,nominal,none,mean,142,30.323918206653033,30.280068712681423,-0.04384949397161009,26.0,0.7,0.4,0.4,maintain,supervisor,True,,,0,1.0,30.285663215666908,30.285663215666908,30.34853002668593,0,,0,,0.00010756589472293854,False,"[30.434463249487195, 30.371211302048366, 30.517387334551728, 30.00824926268686, 30.247173064911546, 30.290241987937463, 30.21464135706954, 30.113490219857322, 30.323760635582765]","[30.434463249487195, 30.371211302048366, 30.517387334551728, 30.00824926268686, 30.247173064911546, 30.290241987937463, 30.21464135706954, 30.113490219857322, 30.323760635582765]","[false, false, false, false, false, false, false, false, false]",[],[],d6efbf5c913a6e94c2e60b7aac856b163dd1391006354fc0003896a61889991e,0eb9a50bed5020b5015e9cb141447771dd2e8118156eaa6a1dcb78b5c7f8437d,"{""anomaly_count"": 0, ""confidence"": 1.0, ""temperature"": 30.280068712681423, ""timestamp"": ""2026-09-03T02:22:00+00:00"", ""zone"": ""zone-0""}","{""action_type"": ""maintain"", ""consensus_timestamp"": ""2026-09-03T02:22:00+00:00"", ""duration"": 1, ""magnitude"": 0.0, ""reasoning_summary"": ""Frozen bidirectional thermal pilot controller"", ""target_zone"": ""zone-0"", ""used_consensus"": true}"
11,0,nominal,none,mean,143,30.34853002668593,30.43078847319144,0.08225844650551295,26.0,0.7,0.4,0.5,increase_fan_speed,supervisor,True,,,0,1.0,30.336325395336125,30.424325395336126,30.270031071145468,0,,0,,0.0001240503042936325,False,"[30.460651937011743, 30.224448846360442, 30.765096148647753, 30.549335682499166, 30.36196782697892, 30.618239066660298, 30.143301145836535, 30.6257026315819, 30.128352973146235]","[30.460651937011743, 30.224448846360442, 30.765096148647753, 30.549335682499166, 30.36196782697892, 30.618239066660298, 30.143301145836535, 30.6257026315819, 30.128352973146235]","[false, false, false, false, false, false, false, false, false]",[],[],3cda60659ab19040904beb47fc174d61c045f993c7e2c187957e41c51b64cd08,7dac872db1c5f39648d5283994e45dd66132b0f845a2db29f5b98d408ca8939d,"{""anomaly_count"": 0, ""confidence"": 1.0, ""temperature"": 30.43078847319144, ""timestamp"": ""2026-09-03T02:23:00+00:00"", ""zone"": ""zone-0""}","{""action_type"": ""increase_fan_speed"", ""consensus_timestamp"": ""2026-09-03T02:23:00+00:00"", ""duration"": 1, ""magnitude"": 0.1, ""reasoning_summary"": ""Frozen bidirectional thermal pilot controller"", ""target_zone"": ""zone-0"", ""used_consensus"": true}"
11,0,nominal,none,mean,144,30.270031071145468,30.23224239674773,-0.037788674397738475,26.0,0.7,0.5,0.5,maintain,supervisor,True,,,0,1.0,30.15366300500791,30.15366300500791,30.2582896486976,0,,0,,0.0001233518123626709,False,"[30.305588095998445, 30.72770771451087, 30.160405598427243, 30.2692603847916, 30.066034563689357, 30.389373300306133, 29.95388009364838, 30.233506313991235, 29.98442550536627]","[30.305588095998445, 30.72770771451087, 30.160405598427243, 30.2692603847916, 30.066034563689357, 30.389373300306133, 29.95388009364838, 30.233506313991235, 29.98442550536627]","[false, false, false, false, false, false, false, false, false]",[],[],b66887313fef94a29cac5a604231149e03932b82deaca01fb02276832ad33a72,ecbb355bc7a93b44a03d43faa01cb24b5db95bbdf0683d0bbc8510ec1b9c0261,"{""anomaly_count"": 0, ""confidence"": 1.0, ""temperature"": 30.23224239674773, ""timestamp"": ""2026-09-03T02:24:00+00:00"", ""zone"": ""zone-0""}","{""action_type"": ""maintain"", ""consensus_timestamp"": ""2026-09-03T02:24:00+00:00"", ""duration"": 1, ""magnitude"": 0.0, ""reasoning_summary"": ""Frozen bidirectional thermal pilot controller"", ""target_zone"": ""zone-0"", ""used_consensus"": true}"
11,0,nominal,none,mean,145,30.2582896486976,30.259975847239073,0.0016861985414742264,26.0,0.7,0.5,0.5,maintain,supervisor,True,,,0,1.0,30.179177779459945,30.179177779459945,30.216106093774453,0,,0,,0.00012150220572948456,False,"[30.07900027671014, 30.25438619045827, 30.37898782872755, 30.113542496796942, 30.4241225573532, 30.442701829427804, 30.09802102275739, 30.15216226104665, 30.39685816187367]","[30.07900027671014, 30.25438619045827, 30.37898782872755, 30.113542496796942, 30.4241225573532, 30.442701829427804, 30.09802102275739, 30.15216226104665, 30.39685816187367]","[false, false, false, false, false, false, false, false, false]",[],[],db339f11ba8369c3f1a8fbc5c3de1fb4de5f2591cd327e221a422d5a7e0ecfc2,4653c6c311d2e31dfb22e71c86ad64cc7a93cb2d7a9b5a2db2837c621f14dff6,"{""anomaly_count"": 0, ""confidence"": 1.0, ""temperature"": 30.259975847239073, ""timestamp"": ""2026-09-03T02:25:00+00:00"", ""zone"": ""zone-0""}","{""action_type"": ""maintain"", ""consensus_timestamp"": ""2026-09-03T02:25:00+00:00"", ""duration"": 1, ""magnitude"": 0.0, ""reasoning_summary"": ""Frozen bidirectional thermal pilot controller"", ""target_zone"": ""zone-0"", ""used_consensus"": true}"
11,0,nominal,none,mean,146,30.216106093774453,30.200466847608954,-0.015639246165498832,26.0,0.7,0.5,0.5,maintain,supervisor,True,,,0,1.0,30.124429499800236,30.124429499800236,30.20011329530178,0,,0,,0.00011775363236665726,False,"[30.099568494859398, 30.069855889398433, 30.22472396141302, 30.361470372246412, 30.449313545281587, 29.931951511579232, 30.255173696327518, 30.136984125509976, 30.27516003186505]","[30.099568494859398, 30.069855889398433, 30.22472396141302, 30.361470372246412, 30.449313545281587, 29.931951511579232, 30.255173696327518, 30.136984125509976, 30.27516003186505]","[false, false, false, false, false, false, false, false, false]",[],[],d5996920b32066ea07a5cd0cdf6b9e86e38d86e164d3466f8e9616c666876d71,2d63ea51351cfbd8859955c26afa8110aa9d038ed15cffe0d7126b3d6e13fce3,"{""anomaly_count"": 0, ""confidence"": 1.0, ""temperature"": 30.200466847608954, ""timestamp"": ""2026-09-03T02:26:00+00:00"", ""zone"": ""zone-0""}","{""action_type"": ""maintain"", ""consensus_timestamp"": ""2026-09-03T02:26:00+00:00"", ""duration"": 1, ""magnitude"": 0.0, ""reasoning_summary"": ""Frozen bidirectional thermal pilot controller"", ""target_zone"": ""zone-0"", ""used_consensus"": true}"
11,0,nominal,none,mean,147,30.20011329530178,30.14651688496911,-0.05359641033266982,26.0,0.7,0.5,0.5,maintain,supervisor,True,,,0,1.0,30.074795534171578,30.074795534171578,30.185477087290035,0,,0,,0.00012137647718191147,False,"[30.12224930267629, 29.91165116003078, 30.136477144584532, 30.247903879973734, 30.23146473694552, 29.82803703930949, 30.165457840193, 30.663045675657674, 30.01236518535097]","[30.12224930267629, 29.91165116003078, 30.136477144584532, 30.247903879973734, 30.23146473694552, 29.82803703930949, 30.165457840193, 30.663045675657674, 30.01236518535097]","[false, false, false, false, false, false, false, false, false]",[],[],d7e56406998ee4a6249e2a06ea83a054b04150418ccf234cb3dcd6e15dc5c5c1,59a0dc3fd9f12a3fb03d7a39b2e0365de2563f53e6d6a7e38886723eb463606e,"{""anomaly_count"": 0, ""confidence"": 1.0, ""temperature"": 30.14651688496911, ""timestamp"": ""2026-09-03T02:27:00+00:00"", ""zone"": ""zone-0""}","{""action_type"": ""maintain"", ""consensus_timestamp"": ""2026-09-03T02:27:00+00:00"", ""duration"": 1, ""magnitude"": 0.0, ""reasoning_summary"": ""Frozen bidirectional thermal pilot controller"", ""target_zone"": ""zone-0"", ""used_consensus"": true}"
11,0,nominal,none,mean,148,30.185477087290035,30.113252561510187,-0.07222452577984839,26.0,0.7,0.5,0.5,maintain,supervisor,True,,,0,1.0,30.04419235658937,30.04419235658937,30.152005245521014,0,,0,,0.00012232176959514618,False,"[30.241335379706925, 30.080490731449707, 30.415582703865, 29.967612605495642, 29.87760278333319, 30.142790185236308, 29.86320477124113, 30.267191489406006, 30.163462403857775]","[30.241335379706925, 30.080490731449707, 30.415582703865, 29.967612605495642, 29.87760278333319, 30.142790185236308, 29.86320477124113, 30.267191489406006, 30.163462403857775]","[false, false, false, false, false, false, false, false, false]",[],[],8c367fdd73d16cf7d7df16f48fdc8c793c1282ca7d426deb272efcfc10a6082b,996ae0a8ec6a8426660d68e3498eacaa347ba075bedf233077bab0f60455309e,"{""anomaly_count"": 0, ""confidence"": 1.0, ""temperature"": 30.113252561510187, ""timestamp"": ""2026-09-03T02:28:00+00:00"", ""zone"": ""zone-0""}","{""action_type"": ""maintain"", ""consensus_timestamp"": ""2026-09-03T02:28:00+00:00"", ""duration"": 1, ""magnitude"": 0.0, ""reasoning_summary"": ""Frozen bidirectional thermal pilot controller"", ""target_zone"": ""zone-0"", ""used_consensus"": true}"
11,0,nominal,none,mean,149,30.152005245521014,30.13755371228812,-0.01445153323289361,26.0,0.7,0.5,0.5,maintain,supervisor,True,,,0,1.0,30.06654941530507,30.06654941530507,30.14021353695265,0,,0,,0.00012033060193061829,False,"[30.073528388796465, 30.470401123711714, 30.07350754504601, 29.98480068251084, 30.139370113983915, 30.09764416993699, 30.339678312370307, 30.12853055398877, 29.930522520248104]","[30.073528388796465, 30.470401123711714, 30.07350754504601, 29.98480068251084, 30.139370113983915, 30.09764416993699, 30.339678312370307, 30.12853055398877, 29.930522520248104]","[false, false, false, false, false, false, false, false, false]",[],[],98fe8067e3559a1152c4d0c72e7c7518e42e0b13dfc1c02ce0298d3243124ebb,02c364ecf34c48672aca620c21c9280189316f9e4271a7469dd07fcd91fbfad5,"{""anomaly_count"": 0, ""confidence"": 1.0, ""temperature"": 30.13755371228812, ""timestamp"": ""2026-09-03T02:29:00+00:00"", ""zone"": ""zone-0""}","{""action_type"": ""maintain"", ""consensus_timestamp"": ""2026-09-03T02:29:00+00:00"", ""duration"": 1, ""magnitude"": 0.0, ""reasoning_summary"": ""Frozen bidirectional thermal pilot controller"", ""target_zone"": ""zone-0"", ""used_consensus"": true}"
11,0,nominal,none,mean,150,30.14021353695265,30.238273334051364,0.09805979709871337,26.0,0.7,0.5,0.5,maintain,supervisor,True,,,0,1.0,30.159211467327253,30.159211467327253,30.107940701000214,0,,0,,0.00011990778148174286,False,"[30.126406094759815, 30.443728137952345, 29.904575237528565, 30.292705762866188, 30.40581398535987, 30.25777934943891, 30.401886232869405, 30.06441542474488, 30.247149780942298]","[30.126406094759815, 30.443728137952345, 29.904575237528565, 30.292705762866188, 30.40581398535987, 30.25777934943891, 30.401886232869405, 30.06441542474488, 30.247149780942298]","[false, false, false, false, false, false, false, false, false]",[],[],1edddf38ed20a35e82431f6c2a83a483cf272e02c32eb52479b99b47c050a2fe,0b9210d4c94a31b874c8469773fce90233a8449ad377d023aead4f047fa0fd7c,"{""anomaly_count"": 0, ""confidence"": 1.0, ""temperature"": 30.238273334051364, ""timestamp"": ""2026-09-03T02:30:00+00:00"", ""zone"": ""zone-0""}","{""action_type"": ""maintain"", ""consensus_timestamp"": ""2026-09-03T02:30:00+00:00"", ""duration"": 1, ""magnitude"": 0.0, ""reasoning_summary"": ""Frozen bidirectional thermal pilot controller"", ""target_zone"": ""zone-0"", ""used_consensus"": true}"
11,0,nominal,none,mean,151,30.107940701000214,30.010166600985574,-0.09777410001463949,26.0,0.7,0.5,0.5,maintain,supervisor,True,,,0,1.0,29.949353272906727,29.949353272906727,30.076373633947977,0,,0,,0.00011936388909816742,False,"[29.94863798948252, 30.612364647583068, 29.91238950573626, 30.107698766431437, 29.996066809793632, 29.931202989607744, 29.921305324087523, 29.609475411029603, 30.05235796511841]","[29.94863798948252, 30.612364647583068, 29.91238950573626, 30.107698766431437, 29.996066809793632, 29.931202989607744, 29.921305324087523, 29.609475411029603, 30.05235796511841]","[false, false, false, false, false, false, false, false, false]",[],[],d461c51b03f259c73b9141167d0263aee5e396a9fe9d74e752bf033ea005be1c,a189353d99e6ae3914a307f64d1d69b800182df1f5048910513b96869d6853a9,"{""anomaly_count"": 0, ""confidence"": 1.0, ""temperature"": 30.010166600985574, ""timestamp"": ""2026-09-03T02:31:00+00:00"", ""zone"": ""zone-0""}","{""action_type"": ""maintain"", ""consensus_timestamp"": ""2026-09-03T02:31:00+00:00"", ""duration"": 1, ""magnitude"": 0.0, ""reasoning_summary"": ""Frozen bidirectional thermal pilot controller"", ""target_zone"": ""zone-0"", ""used_consensus"": true}"
11,0,nominal,none,mean,152,30.076373633947977,30.091590865607373,0.01521723165939548,26.0,0.7,0.5,0.5,maintain,supervisor,True,,,0,1.0,30.024263596358782,30.024263596358782,30.035927917375027,0,,0,,0.00011008139699697495,False,"[30.31396054472859, 30.215369489048488, 29.90888031860344, 30.12391344285823, 30.233702761960316, 30.26046365424566, 29.85472868878838, 30.01128213377779, 29.902016756455478]","[30.31396054472859, 30.215369489048488, 29.90888031860344, 30.12391344285823, 30.233702761960316, 30.26046365424566, 29.85472868878838, 30.01128213377779, 29.902016756455478]","[false, false, false, false, false, false, false, false, false]",[],[],a164c46766ee2c34753460f53e6a2cc49d6e5eae3c93a65356a0fdf2f4681aae,f2b815d0ac150af3a98515180be88f696f1928080666e3739d8a9d1156cc2f43,"{""anomaly_count"": 0, ""confidence"": 1.0, ""temperature"": 30.091590865607373, ""timestamp"": ""2026-09-03T02:32:00+00:00"", ""zone"": ""zone-0""}","{""action_type"": ""maintain"", ""consensus_timestamp"": ""2026-09-03T02:32:00+00:00"", ""duration"": 1, ""magnitude"": 0.0, ""reasoning_summary"": ""Frozen bidirectional thermal pilot controller"", ""target_zone"": ""zone-0"", ""used_consensus"": true}"
11,0,nominal,none,mean,153,30.035927917375027,30.045180973686083,0.00925305631105644,26.0,0.7,0.5,0.5,maintain,supervisor,True,,,0,1.0,29.981566495791196,29.981566495791196,30.01698881097824,0,,0,,0.0001086890697479248,False,"[30.156086877563038, 30.167965892092084, 29.820205076069023, 30.32785254495379, 30.041319805728804, 29.95648434790155, 30.28832796308561, 29.838518290494715, 29.80986796528611]","[30.156086877563038, 30.167965892092084, 29.820205076069023, 30.32785254495379, 30.041319805728804, 29.95648434790155, 30.28832796308561, 29.838518290494715, 29.80986796528611]","[false, false, false, false, false, false, false, false, false]",[],[],e1cc348b0c82f99a07157d64613b40bc7e0f6e6f7371b6f1519ae59ffd8d06db,e25a3e5c3714ef70a00c1ca1a4f58b9b641ec331df12acbbaa2477316a4142d5,"{""anomaly_count"": 0, ""confidence"": 1.0, ""temperature"": 30.045180973686083, ""timestamp"": ""2026-09-03T02:33:00+00:00"", ""zone"": ""zone-0""}","{""action_type"": ""maintain"", ""consensus_timestamp"": ""2026-09-03T02:33:00+00:00"", ""duration"": 1, ""magnitude"": 0.0, ""reasoning_summary"": ""Frozen bidirectional thermal pilot controller"", ""target_zone"": ""zone-0"", ""used_consensus"": true}"
11,0,nominal,none,mean,154,30.01698881097824,29.966859144721088,-0.05012966625715265,26.0,0.7,0.5,0.5,maintain,supervisor,True,,,0,1.0,29.909510413143398,29.909510413143398,30.018209401799112,0,,0,,0.00011077616363763809,False,"[30.009402877783526, 29.89123787584458, 30.00839652192551, 30.041421632715387, 29.88806798998411, 29.759511684700698, 30.31884498520762, 29.80652160749427, 29.978327126834113]","[30.009402877783526, 29.89123787584458, 30.00839652192551, 30.041421632715387, 29.88806798998411, 29.759511684700698, 30.31884498520762, 29.80652160749427, 29.978327126834113]","[false, false, false, false, false, false, false, false, false]",[],[],ac3fd0db0282b13141d5c470a0cc6a5a81c86f18f1cf8e56b6110001243b29bd,bbf430a4cb31b35772f2fabe2524cb0f28dccd3b2e91d7e8736d72c6ee0efd91,"{""anomaly_count"": 0, ""confidence"": 1.0, ""temperature"": 29.966859144721088, ""timestamp"": ""2026-09-03T02:34:00+00:00"", ""zone"": ""zone-0""}","{""action_type"": ""maintain"", ""consensus_timestamp"": ""2026-09-03T02:34:00+00:00"", ""duration"": 1, ""magnitude"": 0.0, ""reasoning_summary"": ""Frozen bidirectional thermal pilot controller"", ""target_zone"": ""zone-0"", ""used_consensus"": true}"
11,0,nominal,none,mean,155,30.018209401799112,30.01824081960253,3.1417803416644574e-05,26.0,0.7,0.5,0.5,maintain,supervisor,True,,,0,1.0,29.956781554034325,29.956781554034325,29.9743924833224,0,,0,,0.00011043250560760498,False,"[29.88307681159968, 29.766608292651444, 29.84007982124868, 30.067882879983866, 29.960891211132004, 30.352074160369256, 30.137875397149184, 29.967096826926955, 30.188581975361725]","[29.88307681159968, 29.766608292651444, 29.84007982124868, 30.067882879983866, 29.960891211132004, 30.352074160369256, 30.137875397149184, 29.967096826926955, 30.188581975361725]","[false, false, false, false, false, false, false, false, false]",[],[],7c3e05ff4d918c8b1b08807f414b8ff23e6ff41e5fc47f3eb4ca2467c08086d4,3d07a767d8e11d6a2ed76b0976291c2254eb458f40db46ef1494461e78c6b528,"{""anomaly_count"": 0, ""confidence"": 1.0, ""temperature"": 30.01824081960253, ""timestamp"": ""2026-09-03T02:35:00+00:00"", ""zone"": ""zone-0""}","{""action_type"": ""maintain"", ""consensus_timestamp"": ""2026-09-03T02:35:00+00:00"", ""duration"": 1, ""magnitude"": 0.0, ""reasoning_summary"": ""Frozen bidirectional thermal pilot controller"", ""target_zone"": ""zone-0"", ""used_consensus"": true}"
11,0,nominal,none,mean,156,29.9743924833224,30.01163868377546,0.037246200453058265,26.0,0.7,0.5,0.5,maintain,supervisor,True,,,0,1.0,29.95070758907342,29.95070758907342,29.94482696483276,0,,0,,0.00010903645306825638,False,"[30.19679941001868, 29.972296995546145, 29.89283429902419, 29.921083296305792, 30.13944559825163, 30.07496757172782, 30.0515663937713, 29.835308216326666, 30.02044637300689]","[30.19679941001868, 29.972296995546145, 29.89283429902419, 29.921083296305792, 30.13944559825163, 30.07496757172782, 30.0515663937713, 29.835308216326666, 30.02044637300689]","[false, false, false, false, false, false, false, false, false]",[],[],423e6681a306f996bbc7232b079fe0422a360ff595a56a7da1772c81d3361d7f,9ca1331f9257fe6c83ad5fc09ddcb35685878192e68b9f7f26e06cc55bf0fb31,"{""anomaly_count"": 0, ""confidence"": 1.0, ""temperature"": 30.01163868377546, ""timestamp"": ""2026-09-03T02:36:00+00:00"", ""zone"": ""zone-0""}","{""action_type"": ""maintain"", ""consensus_timestamp"": ""2026-09-03T02:36:00+00:00"", ""duration"": 1, ""magnitude"": 0.0, ""reasoning_summary"": ""Frozen bidirectional thermal pilot controller"", ""target_zone"": ""zone-0"", ""used_consensus"": true}"
11,0,nominal,none,mean,157,29.94482696483276,30.03072579258948,0.08589882775671853,26.0,0.7,0.5,0.5,maintain,supervisor,True,,,0,1.0,29.96826772918232,29.96826772918232,29.93135824588904,0,,0,,0.00011103134602308273,False,"[30.21429943270017, 30.051415811166336, 30.251507028602084, 30.13547169265257, 29.850859455546118, 29.49065536134163, 29.77868511213326, 30.34507794310993, 30.158560296053185]","[30.21429943270017, 30.051415811166336, 30.251507028602084, 30.13547169265257, 29.850859455546118, 29.49065536134163, 29.77868511213326, 30.34507794310993, 30.158560296053185]","[false, false, false, false, false, false, false, false, false]",[],[],3f150e2f9868d02dc252f6350b1f8ac5e0e7b2618085c76613d177e35940df95,c1599717a3c04d302c7ef7512462af3f821b4c0ef03ae0de81b5fa0137a92a31,"{""anomaly_count"": 0, ""confidence"": 1.0, ""temperature"": 30.03072579258948, ""timestamp"": ""2026-09-03T02:37:00+00:00"", ""zone"": ""zone-0""}","{""action_type"": ""maintain"", ""consensus_timestamp"": ""2026-09-03T02:37:00+00:00"", ""duration"": 1, ""magnitude"": 0.0, ""reasoning_summary"": ""Frozen bidirectional thermal pilot controller"", ""target_zone"": ""zone-0"", ""used_consensus"": true}"
11,0,nominal,none,mean,158,29.93135824588904,29.879063343049275,-0.052294902839765456,26.0,0.7,0.5,0.5,maintain,supervisor,True,,,0,1.0,29.828738275605332,29.828738275605332,29.9384435157296,0,,0,,0.00010829605162143707,False,"[30.008537968560535, 30.05501784008218, 29.932637333400866, 29.75231895025846, 30.005891408130474, 29.960879438646906, 29.879977047765824, 29.42474417927972, 29.89156592131848]","[30.008537968560535, 30.05501784008218, 29.932637333400866, 29.75231895025846, 30.005891408130474, 29.960879438646906, 29.879977047765824, 29.42474417927972, 29.89156592131848]","[false, false, false, false, false, false, false, false, false]",[],[],a09d80f4b80218b033a7fbc7d3e8bd8b57eaade41610d59bdeaa849fc3f3f080,135977842276b84dd1ff9cd777cc8ee78280bd40443d06b1ae72e339dcacb650,"{""anomaly_count"": 0, ""confidence"": 1.0, ""temperature"": 29.879063343049275, ""timestamp"": ""2026-09-03T02:38:00+00:00"", ""zone"": ""zone-0""}","{""action_type"": ""maintain"", ""consensus_timestamp"": ""2026-09-03T02:38:00+00:00"", ""duration"": 1, ""magnitude"": 0.0, ""reasoning_summary"": ""Frozen bidirectional thermal pilot controller"", ""target_zone"": ""zone-0"", ""used_consensus"": true}"
11,0,nominal,none,mean,159,29.9384435157296,29.906633408261605,-0.03181010746799373,26.0,0.7,0.5,0.5,maintain,supervisor,True,,,0,1.0,29.854102735600677,29.854102735600677,29.908491939338127,0,,0,,0.00011684093624353409,False,"[30.252327709203698, 29.94117776213766, 29.834794882336414, 30.070995544450923, 29.714518091289445, 30.046718398958966, 30.01290492374413, 29.60743567858253, 29.678827683650702]","[30.252327709203698, 29.94117776213766, 29.834794882336414, 30.070995544450923, 29.714518091289445, 30.046718398958966, 30.01290492374413, 29.60743567858253, 29.678827683650702]","[false, false, false, false, false, false, false, false, false]",[],[],d75da4cfd820f9309adbe50b42e7512902f64387d34c4fc1ddfaed37f636ecf9,84a203c7e2e7b25ca47281f92642bf6ad4398c51a7dba920756328a5745f6e7f,"{""anomaly_count"": 0, ""confidence"": 1.0, ""temperature"": 29.906633408261605, ""timestamp"": ""2026-09-03T02:39:00+00:00"", ""zone"": ""zone-0""}","{""action_type"": ""maintain"", ""consensus_timestamp"": ""2026-09-03T02:39:00+00:00"", ""duration"": 1, ""magnitude"": 0.0, ""reasoning_summary"": ""Frozen bidirectional thermal pilot controller"", ""target_zone"": ""zone-0"", ""used_consensus"": true}"
11,0,nominal,none,mean,160,29.908491939338127,29.870079702450905,-0.03841223688722195,26.0,0.7,0.5,0.5,maintain,supervisor,True,,,0,1.0,29.82047332625483,29.82047332625483,29.845141801515222,0,,0,,0.0001085018739104271,False,"[29.686090198763765, 29.898090631842695, 29.92781678401655, 30.012415273070246, 30.001689042937116, 29.362543894316907, 30.102569413369416, 29.786595753608083, 30.05290633013339]","[29.686090198763765, 29.898090631842695, 29.92781678401655, 30.012415273070246, 30.001689042937116, 29.362543894316907, 30.102569413369416, 29.786595753608083, 30.05290633013339]","[false, false, false, false, false, false, false, false, false]",[],[],de805e063d22538e8595742687ef4d5fae6bc35d3441beed0f1a9ab532fed674,249706475f828c03a10434e1c3eec061601ee89438948b69c16f3d07018f17b6,"{""anomaly_count"": 0, ""confidence"": 1.0, ""temperature"": 29.870079702450905, ""timestamp"": ""2026-09-03T02:40:00+00:00"", ""zone"": ""zone-0""}","{""action_type"": ""maintain"", ""consensus_timestamp"": ""2026-09-03T02:40:00+00:00"", ""duration"": 1, ""magnitude"": 0.0, ""reasoning_summary"": ""Frozen bidirectional thermal pilot controller"", ""target_zone"": ""zone-0"", ""used_consensus"": true}"
11,0,nominal,none,mean,161,29.845141801515222,29.90700906042018,0.06186725890495737,26.0,0.7,0.5,0.5,maintain,supervisor,True,,,0,1.0,29.854448335586564,29.854448335586564,29.82237728342966,0,,0,,0.00010737404227256775,False,"[30.010600127019956, 29.907261282331426, 29.60410044755278, 29.841854026723304, 29.85585597611301, 30.02137787103943, 29.681588917221166, 30.187821639710155, 30.052621256070427]","[30.010600127019956, 29.907261282331426, 29.60410044755278, 29.841854026723304, 29.85585597611301, 30.02137787103943, 29.681588917221166, 30.187821639710155, 30.052621256070427]","[false, false, false, false, false, false, false, false, false]",[],[],3613ce56901ef7a330e74019ea156844d366d2dc2a23694be967171d7a8470f1,8599a52a452fe70165eebd78565fd64532308df228337886e7aa9c19c4022a70,"{""anomaly_count"": 0, ""confidence"": 1.0, ""temperature"": 29.90700906042018, ""timestamp"": ""2026-09-03T02:41:00+00:00"", ""zone"": ""zone-0""}","{""action_type"": ""maintain"", ""consensus_timestamp"": ""2026-09-03T02:41:00+00:00"", ""duration"": 1, ""magnitude"": 0.0, ""reasoning_summary"": ""Frozen bidirectional thermal pilot controller"", ""target_zone"": ""zone-0"", ""used_consensus"": true}"
11,0,nominal,none,mean,162,29.82237728342966,29.870140986840973,0.047763703411312974,26.0,0.7,0.5,0.5,maintain,supervisor,True,,,0,1.0,29.820529707893694,29.820529707893694,29.84745034039206,0,,0,,0.00010821595788002014,False,"[30.311935783628247, 29.79776584637594, 29.81686455720872, 29.980414916321152, 29.96843779475926, 29.46873835436507, 29.66645781581943, 29.866728934594303, 29.953924878496633]","[30.311935783628247, 29.79776584637594, 29.81686455720872, 29.980414916321152, 29.96843779475926, 29.46873835436507, 29.66645781581943, 29.866728934594303, 29.953924878496633]","[false, false, false, false, false, false, false, false, false]",[],[],de4d9da0a3c7d548f873ae2e489ef5cd94062bb0dafaa8f6f14555545d6cb789,2797bd8a73fc19d09275aaf2a68423558315361654c3886fc8856d8a05e9acf9,"{""anomaly_count"": 0, ""confidence"": 1.0, ""temperature"": 29.870140986840973, ""timestamp"": ""2026-09-03T02:42:00+00:00"", ""zone"": ""zone-0""}","{""action_type"": ""maintain"", ""consensus_timestamp"": ""2026-09-03T02:42:00+00:00"", ""duration"": 1, ""magnitude"": 0.0, ""reasoning_summary"": ""Frozen bidirectional thermal pilot controller"", ""target_zone"": ""zone-0"", ""used_consensus"": true}"
11,0,nominal,none,mean,163,29.84745034039206,29.95094909013657,0.10349874974451012,26.0,0.7,0.5,0.5,maintain,supervisor,True,,,0,1.0,29.894873162925645,29.894873162925645,29.844207298189158,0,,0,,0.00011939089745283127,False,"[30.08245712287669, 30.062070105950273, 30.132159291232007, 30.041670874041216, 29.890252423261547, 30.050056332327912, 29.84403294182466, 29.65459636192936, 29.801246357785438]","[30.08245712287669, 30.062070105950273, 30.132159291232007, 30.041670874041216, 29.890252423261547, 30.050056332327912, 29.84403294182466, 29.65459636192936, 29.801246357785438]","[false, false, false, false, false, false, false, false, false]",[],[],103f59691bf40394bbbd87b73b298ade0326e66b58b54e65ce11cd77c73743f9,a82736755ad3325a0deef7316d55da03cab3942a54b552bf12012a49f9470bad,"{""anomaly_count"": 0, ""confidence"": 1.0, ""temperature"": 29.95094909013657, ""timestamp"": ""2026-09-03T02:43:00+00:00"", ""zone"": ""zone-0""}","{""action_type"": ""maintain"", ""consensus_timestamp"": ""2026-09-03T02:43:00+00:00"", ""duration"": 1, ""magnitude"": 0.0, ""reasoning_summary"": ""Frozen bidirectional thermal pilot controller"", ""target_zone"": ""zone-0"", ""used_consensus"": true}"
11,0,nominal,none,mean,164,29.844207298189158,29.824100174990186,-0.020107123198972232,26.0,0.7,0.5,0.5,maintain,supervisor,True,,,0,1.0,29.77817216099097,29.77817216099097,29.82699295850045,0,,0,,0.0001093866303563118,False,"[29.394517162725137, 29.90681274953538, 29.966321665861248, 29.856378903879904, 29.651918836457366, 29.993596840473106, 29.869026210163334, 29.782727136068146, 29.99560206974805]","[29.394517162725137, 29.90681274953538, 29.966321665861248, 29.856378903879904, 29.651918836457366, 29.993596840473106, 29.869026210163334, 29.782727136068146, 29.99560206974805]","[false, false, false, false, false, false, false, false, false]",[],[],729139fd4d8fb67e39030b524da0fa69e2b9a7068df38e62dfae2eeb4cd79dce,f3498b3cb1b1684e679ac937787b60bb1ecd129a4cf61658d59e6deda4d89017,"{""anomaly_count"": 0, ""confidence"": 1.0, ""temperature"": 29.824100174990186, ""timestamp"": ""2026-09-03T02:44:00+00:00"", ""zone"": ""zone-0""}","{""action_type"": ""maintain"", ""consensus_timestamp"": ""2026-09-03T02:44:00+00:00"", ""duration"": 1, ""magnitude"": 0.0, ""reasoning_summary"": ""Frozen bidirectional thermal pilot controller"", ""target_zone"": ""zone-0"", ""used_consensus"": true}"
11,0,nominal,none,mean,165,29.82699295850045,29.80748755036242,-0.01950540813803059,26.0,0.7,0.5,0.5,maintain,supervisor,True,,,0,1.0,29.762888546333425,29.762888546333425,29.83419062015299,0,,0,,0.00010846275836229324,False,"[29.966732850722572, 30.034535033388394, 29.848519814103092, 29.7455404102421, 29.614679163729942, 29.559134310563554, 29.864027776411213, 29.819926150257327, 29.814292443843634]","[29.966732850722572, 30.034535033388394, 29.848519814103092, 29.7455404102421, 29.614679163729942, 29.559134310563554, 29.864027776411213, 29.819926150257327, 29.814292443843634]","[false, false, false, false, false, false, false, false, false]",[],[],a0e2f5312c2730b8d56f8bff37535bec690ff335d213cc5542fc0b63d65fea83,1fe429442145985b5ed53ff948345918f33f320cc9da98f9eb8412ca58f5eef6,"{""anomaly_count"": 0, ""confidence"": 1.0, ""temperature"": 29.80748755036242, ""timestamp"": ""2026-09-03T02:45:00+00:00"", ""zone"": ""zone-0""}","{""action_type"": ""maintain"", ""consensus_timestamp"": ""2026-09-03T02:45:00+00:00"", ""duration"": 1, ""magnitude"": 0.0, ""reasoning_summary"": ""Frozen bidirectional thermal pilot controller"", ""target_zone"": ""zone-0"", ""used_consensus"": true}"
11,0,nominal,none,mean,166,29.83419062015299,29.795294398686945,-0.038896221466046654,26.0,0.7,0.5,0.5,maintain,supervisor,True,,,0,1.0,29.75167084679199,29.75167084679199,29.80486343910731,0,,0,,0.00010646414011716843,False,"[30.041189176191654, 29.93153183977715, 29.798551494368944, 29.616498720865096, 29.68527610912593, 30.173729188750944, 29.662028192874054, 29.39925036134192, 29.84959450488679]","[30.041189176191654, 29.93153183977715, 29.798551494368944, 29.616498720865096, 29.68527610912593, 30.173729188750944, 29.662028192874054, 29.39925036134192, 29.84959450488679]","[false, false, false, false, false, false, false, false, false]",[],[],91de3501362b59cc2a11965e0df1839e9f45b89f7cf0751c9f5b0d52e96b3cc1,25a9caf5418b92e9a22e70858552ea7f68eab4668d3c0b3a91a5d7769d5ebfa1,"{""anomaly_count"": 0, ""confidence"": 1.0, ""temperature"": 29.795294398686945, ""timestamp"": ""2026-09-03T02:46:00+00:00"", ""zone"": ""zone-0""}","{""action_type"": ""maintain"", ""consensus_timestamp"": ""2026-09-03T02:46:00+00:00"", ""duration"": 1, ""magnitude"": 0.0, ""reasoning_summary"": ""Frozen bidirectional thermal pilot controller"", ""target_zone"": ""zone-0"", ""used_consensus"": true}"
11,0,nominal,none,mean,167,29.80486343910731,29.75631690606553,-0.048546533041783135,26.0,0.7,0.5,0.5,maintain,supervisor,True,,,0,1.0,29.715811553580284,29.715811553580284,29.820781876840375,0,,0,,0.00010689161717891693,False,"[29.802094321725605, 29.709158857222054, 29.82377395948834, 29.499723002582137, 29.843314293918777, 29.84171266512489, 29.999419006752543, 29.68928983320011, 29.598366214575336]","[29.802094321725605, 29.709158857222054, 29.82377395948834, 29.499723002582137, 29.843314293918777, 29.84171266512489, 29.999419006752543, 29.68928983320011, 29.598366214575336]","[false, false, false, false, false, false, false, false, false]",[],[],8a3270d19b25dbedc5ffbff198dedd6f0aa36612a35396d88f287f84426a392e,6b2ed8f5b7e17b5127d3f9770fde51e5883e3864b714fc52a9454cec1f1d5268,"{""anomaly_count"": 0, ""confidence"": 1.0, ""temperature"": 29.75631690606553, ""timestamp"": ""2026-09-03T02:47:00+00:00"", ""zone"": ""zone-0""}","{""action_type"": ""maintain"", ""consensus_timestamp"": ""2026-09-03T02:47:00+00:00"", ""duration"": 1, ""magnitude"": 0.0, ""reasoning_summary"": ""Frozen bidirectional thermal pilot controller"", ""target_zone"": ""zone-0"", ""used_consensus"": true}"
11,0,nominal,none,mean,168,29.820781876840375,29.79868576295738,-0.022096113882994928,26.0,0.7,0.5,0.5,maintain,supervisor,True,,,0,1.0,29.75479090192079,29.75479090192079,29.83352364790524,0,,0,,0.00011053495109081268,False,"[29.735932731489076, 30.000043251614315, 29.696269813159144, 29.916865091488898, 29.755739029858223, 29.773492630872948, 29.951241340796557, 29.729188475897768, 29.62939950143948]","[29.735932731489076, 30.000043251614315, 29.696269813159144, 29.916865091488898, 29.755739029858223, 29.773492630872948, 29.951241340796557, 29.729188475897768, 29.62939950143948]","[false, false, false, false, false, false, false, false, false]",[],[],acdb2867f055435f53788ae83e048fb16bca969aceed684363841717c27cb8f4,b7ac45862961985c9533b6adf495b8fee1f6799b2c179fd8fb11a5789b415fd9,"{""anomaly_count"": 0, ""confidence"": 1.0, ""temperature"": 29.79868576295738, ""timestamp"": ""2026-09-03T02:48:00+00:00"", ""zone"": ""zone-0""}","{""action_type"": ""maintain"", ""consensus_timestamp"": ""2026-09-03T02:48:00+00:00"", ""duration"": 1, ""magnitude"": 0.0, ""reasoning_summary"": ""Frozen bidirectional thermal pilot controller"", ""target_zone"": ""zone-0"", ""used_consensus"": true}"
11,0,nominal,none,mean,169,29.83352364790524,29.879301779541056,0.04577813163581723,26.0,0.7,0.5,0.5,maintain,supervisor,True,,,0,1.0,29.82895763717777,29.82895763717777,29.832670113180928,0,,0,,0.00010732188820838928,False,"[30.038212398052007, 29.914228777971154, 29.92853467755297, 29.872504916688897, 29.63651331924488, 30.042245159297334, 29.71096774186075, 29.907529227093768, 29.862979798107766]","[30.038212398052007, 29.914228777971154, 29.92853467755297, 29.872504916688897, 29.63651331924488, 30.042245159297334, 29.71096774186075, 29.907529227093768, 29.862979798107766]","[false, false, false, false, false, false, false, false, false]",[],[],dbf39d282e69781dda50611e3b3cee0c36f3c42e26eb07245981d2d30fc1c8a9,b6095ad0ca0f1657cf28ee21bf6c79d15e2622cfeb36f03867e39046b54f0613,"{""anomaly_count"": 0, ""confidence"": 1.0, ""temperature"": 29.879301779541056, ""timestamp"": ""2026-09-03T02:49:00+00:00"", ""zone"": ""zone-0""}","{""action_type"": ""maintain"", ""consensus_timestamp"": ""2026-09-03T02:49:00+00:00"", ""duration"": 1, ""magnitude"": 0.0, ""reasoning_summary"": ""Frozen bidirectional thermal pilot controller"", ""target_zone"": ""zone-0"", ""used_consensus"": true}"
11,0,nominal,none,mean,170,29.832670113180928,29.82801528496638,-0.00465482821454799,26.0,0.7,0.5,0.5,maintain,supervisor,True,,,0,1.0,29.781774062169067,29.781774062169067,29.793553159703094,0,,0,,0.0001079123467206955,False,"[29.95328257144063, 29.621994444085736, 29.71473250510875, 29.95247535498634, 29.836972706346163, 29.943886194025957, 29.954024506346038, 29.51273387595169, 29.962035406406088]","[29.95328257144063, 29.621994444085736, 29.71473250510875, 29.95247535498634, 29.836972706346163, 29.943886194025957, 29.954024506346038, 29.51273387595169, 29.962035406406088]","[false, false, false, false, false, false, false, false, false]",[],[],7d56a9d214de2ae375405dd6a801590ebc4dfd076ce81264196bd3c04ed9e011,593b8006c7c38e2f5142dd4eff102151dfbe1b722fb4271f8b9216bcc6c0dd02,"{""anomaly_count"": 0, ""confidence"": 1.0, ""temperature"": 29.82801528496638, ""timestamp"": ""2026-09-03T02:50:00+00:00"", ""zone"": ""zone-0""}","{""action_type"": ""maintain"", ""consensus_timestamp"": ""2026-09-03T02:50:00+00:00"", ""duration"": 1, ""magnitude"": 0.0, ""reasoning_summary"": ""Frozen bidirectional thermal pilot controller"", ""target_zone"": ""zone-0"", ""used_consensus"": true}"
11,0,nominal,none,mean,171,29.793553159703094,29.769282346013288,-0.02427081368980666,26.0,0.7,0.5,0.5,maintain,supervisor,True,,,0,1.0,29.727739758332223,29.727739758332223,29.726398953713073,0,,0,,0.0001097293570637703,False,"[29.760502231846438, 29.630454510373077, 30.00510313711237, 30.05187810050576, 29.596233894246033, 29.87382791994445, 29.539252999744395, 29.660143513541144, 29.806144806805907]","[29.760502231846438, 29.630454510373077, 30.00510313711237, 30.05187810050576, 29.596233894246033, 29.87382791994445, 29.539252999744395, 29.660143513541144, 29.806144806805907]","[false, false, false, false, false, false, false, false, false]",[],[],2df570f808fd62083efee3a781820e826f7159d242560ac30b1aa0ea74c483f5,c22b8ffc936d9ad0dc914e0977a6553616c7f25f8bdaba810327fef0fc51330f,"{""anomaly_count"": 0, ""confidence"": 1.0, ""temperature"": 29.769282346013288, ""timestamp"": ""2026-09-03T02:51:00+00:00"", ""zone"": ""zone-0""}","{""action_type"": ""maintain"", ""consensus_timestamp"": ""2026-09-03T02:51:00+00:00"", ""duration"": 1, ""magnitude"": 0.0, ""reasoning_summary"": ""Frozen bidirectional thermal pilot controller"", ""target_zone"": ""zone-0"", ""used_consensus"": true}"
11,0,nominal,none,mean,172,29.726398953713073,29.732828077617246,0.00642912390417294,26.0,0.7,0.5,0.5,maintain,supervisor,True,,,0,1.0,29.694201831407863,29.694201831407863,29.70346046050522,0,,0,,0.00012879818677902222,False,"[29.793901143357054, 29.53122645775227, 30.12837877420619, 29.875348406259622, 29.5696503716535, 29.63547440691997, 29.655972731891147, 29.75308882756474, 29.652411578950737]","[29.793901143357054, 29.53122645775227, 30.12837877420619, 29.875348406259622, 29.5696503716535, 29.63547440691997, 29.655972731891147, 29.75308882756474, 29.652411578950737]","[false, false, false, false, false, false, false, false, false]",[],[],30835f2c5a79dd1cde04670b9b80fcc754925f1192c6ebe580d49486a96c9141,5f6f62ebdc850cf0a26391f1e8f5f551860ace23e2cce19bf432f6dd817647c0,"{""anomaly_count"": 0, ""confidence"": 1.0, ""temperature"": 29.732828077617246, ""timestamp"": ""2026-09-03T02:52:00+00:00"", ""zone"": ""zone-0""}","{""action_type"": ""maintain"", ""consensus_timestamp"": ""2026-09-03T02:52:00+00:00"", ""duration"": 1, ""magnitude"": 0.0, ""reasoning_summary"": ""Frozen bidirectional thermal pilot controller"", ""target_zone"": ""zone-0"", ""used_consensus"": true}"
11,0,nominal,none,mean,173,29.70346046050522,29.746907200361704,0.04344673985648484,26.0,0.7,0.5,0.5,maintain,supervisor,True,,,0,1.0,29.707154624332766,29.707154624332766,29.722716888512362,0,,0,,0.00012167077511548996,False,"[29.87852265823186, 29.63400993447352, 29.56866864906902, 29.8584442214991, 29.877739345216234, 29.57672373945101, 29.840830087851284, 29.487906030218987, 29.999320137244318]","[29.87852265823186, 29.63400993447352, 29.56866864906902, 29.8584442214991, 29.877739345216234, 29.57672373945101, 29.840830087851284, 29.487906030218987, 29.999320137244318]","[false, false, false, false, false, false, false, false, false]",[],[],5bc732109007728c87eab7c37a23ad03671fc4c0548186e4cb77d70c5ff492e8,959f25db063b93724ff64b99d29e2d637abab7b83f415d2965d2f98532b02474,"{""anomaly_count"": 0, ""confidence"": 1.0, ""temperature"": 29.746907200361704, ""timestamp"": ""2026-09-03T02:53:00+00:00"", ""zone"": ""zone-0""}","{""action_type"": ""maintain"", ""consensus_timestamp"": ""2026-09-03T02:53:00+00:00"", ""duration"": 1, ""magnitude"": 0.0, ""reasoning_summary"": ""Frozen bidirectional thermal pilot controller"", ""target_zone"": ""zone-0"", ""used_consensus"": true}"
11,0,nominal,none,mean,174,29.722716888512362,29.65028952385147,-0.07242736466089283,26.0,0.7,0.5,0.5,maintain,supervisor,True,,,0,1.0,29.61826636194335,29.61826636194335,29.69012648129103,0,,0,,0.00011537782847881317,False,"[29.588427094610193, 29.534783035549687, 29.899242120217696, 29.50169925124139, 29.537835577237214, 29.62716310090295, 29.668249301447037, 29.88243394480986, 29.612772288647196]","[29.588427094610193, 29.534783035549687, 29.899242120217696, 29.50169925124139, 29.537835577237214, 29.62716310090295, 29.668249301447037, 29.88243394480986, 29.612772288647196]","[false, false, false, false, false, false, false, false, false]",[],[],b7a38236ab562c1ddf9635d864a3441302628fb947827badb4ca91e4e711820d,40dd727ea4489306575743e9cd8833f993e4735d923d8d5aa8e6c0034d0ad8bd,"{""anomaly_count"": 0, ""confidence"": 1.0, ""temperature"": 29.65028952385147, ""timestamp"": ""2026-09-03T02:54:00+00:00"", ""zone"": ""zone-0""}","{""action_type"": ""maintain"", ""consensus_timestamp"": ""2026-09-03T02:54:00+00:00"", ""duration"": 1, ""magnitude"": 0.0, ""reasoning_summary"": ""Frozen bidirectional thermal pilot controller"", ""target_zone"": ""zone-0"", ""used_consensus"": true}"
11,0,nominal,none,mean,175,29.69012648129103,29.658652334347185,-0.03147414694384665,26.0,0.7,0.5,0.5,maintain,supervisor,True,,,0,1.0,29.625960147599407,29.625960147599407,29.686432590517498,0,,0,,0.00011671986430883408,False,"[29.538974472728707, 29.685346069680975, 29.45348359033955, 29.727773930057886, 30.00855200895095, 29.628402885952312, 29.83313327722406, 29.628221926567733, 29.42398284762248]","[29.538974472728707, 29.685346069680975, 29.45348359033955, 29.727773930057886, 30.00855200895095, 29.628402885952312, 29.83313327722406, 29.628221926567733, 29.42398284762248]","[false, false, false, false, false, false, false, false, false]",[],[],bce9582d1bc141ce3cee3c2c179652643b9c6a4c189c5ee959639b577de07173,7b441726f37ede201122c02fc685d9b2dabd20c4800dea23bf769c0e38e45c56,"{""anomaly_count"": 0, ""confidence"": 1.0, ""temperature"": 29.658652334347185, ""timestamp"": ""2026-09-03T02:55:00+00:00"", ""zone"": ""zone-0""}","{""action_type"": ""maintain"", ""consensus_timestamp"": ""2026-09-03T02:55:00+00:00"", ""duration"": 1, ""magnitude"": 0.0, ""reasoning_summary"": ""Frozen bidirectional thermal pilot controller"", ""target_zone"": ""zone-0"", ""used_consensus"": true}"
11,0,nominal,none,mean,176,29.686432590517498,29.58857129125697,-0.09786129926052922,26.0,0.7,0.5,0.4,decrease_fan_speed,supervisor,True,,,0,1.0,29.64948558795641,29.56148558795641,29.77679682655197,0,,0,,0.00011730939149856567,False,"[29.802301608883194, 29.616936872150244, 29.609678245783474, 29.38563147856279, 29.83627212040974, 29.640473942512855, 29.665965715813773, 29.4203178673407, 29.319563769855957]","[29.802301608883194, 29.616936872150244, 29.609678245783474, 29.38563147856279, 29.83627212040974, 29.640473942512855, 29.665965715813773, 29.4203178673407, 29.319563769855957]","[false, false, false, false, false, false, false, false, false]",[],[],9737269dc13873fa227922cb2dae7f8950bd2699dcf55a500bb29dd4a6b57b37,d699dfbe37a4877a575407443e47cce270abe8a9c478c54a9afb38e6d9c82312,"{""anomaly_count"": 0, ""confidence"": 1.0, ""temperature"": 29.58857129125697, ""timestamp"": ""2026-09-03T02:56:00+00:00"", ""zone"": ""zone-0""}","{""action_type"": ""decrease_fan_speed"", ""consensus_timestamp"": ""2026-09-03T02:56:00+00:00"", ""duration"": 1, ""magnitude"": 0.1, ""reasoning_summary"": ""Frozen bidirectional thermal pilot controller"", ""target_zone"": ""zone-0"", ""used_consensus"": true}"
11,0,nominal,none,mean,177,29.77679682655197,29.80455394737125,0.027757120819281056,26.0,0.7,0.4,0.4,maintain,supervisor,True,,,0,1.0,29.848189631581548,29.848189631581548,29.846865010416998,0,,0,,0.00010850001126527786,False,"[29.862951493071566, 29.943041204225832, 29.74031735778124, 29.604508487832035, 29.796018299975493, 29.636117940588978, 29.671347024512393, 30.193179982499043, 29.793503735854713]","[29.862951493071566, 29.943041204225832, 29.74031735778124, 29.604508487832035, 29.796018299975493, 29.636117940588978, 29.671347024512393, 30.193179982499043, 29.793503735854713]","[false, false, false, false, false, false, false, false, false]",[],[],dd7f8396b7f64c751b9d973a627ff5aa0023aa02ba886528bd567e6aacd36137,17c800f07fbb70b2a74c586ca49084c505a7184f6e55c668e77654ee22e130db,"{""anomaly_count"": 0, ""confidence"": 1.0, ""temperature"": 29.80455394737125, ""timestamp"": ""2026-09-03T02:57:00+00:00"", ""zone"": ""zone-0""}","{""action_type"": ""maintain"", ""consensus_timestamp"": ""2026-09-03T02:57:00+00:00"", ""duration"": 1, ""magnitude"": 0.0, ""reasoning_summary"": ""Frozen bidirectional thermal pilot controller"", ""target_zone"": ""zone-0"", ""used_consensus"": true}"
11,0,nominal,none,mean,178,29.846865010416998,29.804793561837656,-0.04207144857934253,26.0,0.7,0.4,0.4,maintain,supervisor,True,,,0,1.0,29.84841007689064,29.84841007689064,29.93507094839877,0,,0,,0.00011206697672605515,False,"[29.636930847681974, 29.797272804571268, 29.529187885501344, 29.584558792565556, 30.0920396232773, 29.650097870410608, 29.759851176969136, 30.1270134277516, 30.0661896278101]","[29.636930847681974, 29.797272804571268, 29.529187885501344, 29.584558792565556, 30.0920396232773, 29.650097870410608, 29.759851176969136, 30.1270134277516, 30.0661896278101]","[false, false, false, false, false, false, false, false, false]",[],[],21e221e0fc55523f3266ccb3a3437824e652d9ce3ed579f4c0369ce7c3248715,f659f0e2e006527fdb8f36b7dc5165417ce6aca3b0d520daececa550dd380044,"{""anomaly_count"": 0, ""confidence"": 1.0, ""temperature"": 29.804793561837656, ""timestamp"": ""2026-09-03T02:58:00+00:00"", ""zone"": ""zone-0""}","{""action_type"": ""maintain"", ""consensus_timestamp"": ""2026-09-03T02:58:00+00:00"", ""duration"": 1, ""magnitude"": 0.0, ""reasoning_summary"": ""Frozen bidirectional thermal pilot controller"", ""target_zone"": ""zone-0"", ""used_consensus"": true}"
11,0,nominal,none,mean,179,29.93507094839877,29.933844532857986,-0.001226415540784842,26.0,0.7,0.4,0.4,maintain,supervisor,True,,,0,1.0,29.967136970229348,29.967136970229348,29.99907449948477,0,,0,,0.00010979920625686646,False,"[29.938975136029473, 30.12616196810452, 30.18772910745897, 29.798959381395424, 29.95378517768311, 29.66433175296067, 30.003954058869603, 30.098402787860163, 29.632301425359945]","[29.938975136029473, 30.12616196810452, 30.18772910745897, 29.798959381395424, 29.95378517768311, 29.66433175296067, 30.003954058869603, 30.098402787860163, 29.632301425359945]","[false, false, false, false, false, false, false, false, false]",[],[],d60efab021d2956a68b72d9d9bb671e5eea6686fa1dc27c537e3c8f2675b0184,076f592f6e584a59d2903ed59470281d0f79473bf11d84a9142fe27f6e02f94a,"{""anomaly_count"": 0, ""confidence"": 1.0, ""temperature"": 29.933844532857986, ""timestamp"": ""2026-09-03T02:59:00+00:00"", ""zone"": ""zone-0""}","{""action_type"": ""maintain"", ""consensus_timestamp"": ""2026-09-03T02:59:00+00:00"", ""duration"": 1, ""magnitude"": 0.0, ""reasoning_summary"": ""Frozen bidirectional thermal pilot controller"", ""target_zone"": ""zone-0"", ""used_consensus"": true}"
11,0,nominal,none,mean,180,29.99907449948477,30.04065852354692,0.041584024062149894,26.0,0.7,0.4,0.4,maintain,supervisor,True,,,0,1.0,30.065405841663164,30.065405841663164,30.063054532778263,0,,0,,0.00010983087122440338,False,"[30.356459082672668, 30.170791516131835, 29.73689711723517, 30.3182474162423, 29.767248239413036, 29.903506586339795, 29.925086259844367, 30.127200676772333, 30.060489817270785]","[30.356459082672668, 30.170791516131835, 29.73689711723517, 30.3182474162423, 29.767248239413036, 29.903506586339795, 29.925086259844367, 30.127200676772333, 30.060489817270785]","[false, false, false, false, false, false, false, false, false]",[],[],e72071adb94fe416d8f1713e04d54e908e733747abe6ada1e58d2c8fa5838ee3,45563c02f287e34c99ac3ce6f1264de7baaf7d5eb259d7ce6b7d67e0393031a5,"{""anomaly_count"": 0, ""confidence"": 1.0, ""temperature"": 30.04065852354692, ""timestamp"": ""2026-09-03T03:00:00+00:00"", ""zone"": ""zone-0""}","{""action_type"": ""maintain"", ""consensus_timestamp"": ""2026-09-03T03:00:00+00:00"", ""duration"": 1, ""magnitude"": 0.0, ""reasoning_summary"": ""Frozen bidirectional thermal pilot controller"", ""target_zone"": ""zone-0"", ""used_consensus"": true}"
11,0,nominal,none,mean,181,30.063054532778263,30.218173377396518,0.15511884461825431,26.0,0.7,0.4,0.4,maintain,supervisor,True,,,0,1.0,30.228719507204794,30.228719507204794,30.133502506407417,0,,0,,0.00011022854596376419,False,"[30.646686703224102, 29.924438179543593, 30.190036417182753, 30.158078064711336, 29.991556410080797, 30.317781106473262, 30.250976666302797, 30.31536379674465, 30.16864305230538]","[30.646686703224102, 29.924438179543593, 30.190036417182753, 30.158078064711336, 29.991556410080797, 30.317781106473262, 30.250976666302797, 30.31536379674465, 30.16864305230538]","[false, false, false, false, false, false, false, false, false]",[],[],297e6cdafdc9b3d843856a27a7d76e00fb824e9fa987087da2a6eddf8579b78e,912556eb471b84fdb965c70de729bd3d101871a3a84b5399bda75772f2b685d0,"{""anomaly_count"": 0, ""confidence"": 1.0, ""temperature"": 30.218173377396518, ""timestamp"": ""2026-09-03T03:01:00+00:00"", ""zone"": ""zone-0""}","{""action_type"": ""maintain"", ""consensus_timestamp"": ""2026-09-03T03:01:00+00:00"", ""duration"": 1, ""magnitude"": 0.0, ""reasoning_summary"": ""Frozen bidirectional thermal pilot controller"", ""target_zone"": ""zone-0"", ""used_consensus"": true}"
11,0,nominal,none,mean,182,30.133502506407417,30.232843370652613,0.09934086424519606,26.0,0.7,0.4,0.4,maintain,supervisor,True,,,0,1.0,30.242215901000403,30.242215901000403,30.183524281730378,0,,0,,0.00011146999895572662,False,"[30.69355437309599, 30.08755327315305, 30.168051890531938, 30.197295109233902, 30.43334157304884, 30.14929180241677, 30.163824612192705, 30.262851327162068, 29.93982637503825]","[30.69355437309599, 30.08755327315305, 30.168051890531938, 30.197295109233902, 30.43334157304884, 30.14929180241677, 30.163824612192705, 30.262851327162068, 29.93982637503825]","[false, false, false, false, false, false, false, false, false]",[],[],21700cbfcfcc9a7aa375a0bc33c308414c02fe570f0eb2f8964338959818ca1f,482f4812a4a79633308dd97765ff051a851901a512b0f40b161bded3f97bca91,"{""anomaly_count"": 0, ""confidence"": 1.0, ""temperature"": 30.232843370652613, ""timestamp"": ""2026-09-03T03:02:00+00:00"", ""zone"": ""zone-0""}","{""action_type"": ""maintain"", ""consensus_timestamp"": ""2026-09-03T03:02:00+00:00"", ""duration"": 1, ""magnitude"": 0.0, ""reasoning_summary"": ""Frozen bidirectional thermal pilot controller"", ""target_zone"": ""zone-0"", ""used_consensus"": true}"
11,0,nominal,none,mean,183,30.183524281730378,30.15693558610931,-0.02658869562106858,26.0,0.7,0.4,0.4,maintain,supervisor,True,,,0,1.0,30.172380739220564,30.172380739220564,30.209257290532182,0,,0,,0.00011047441512346268,False,"[30.216619233009858, 30.235142968263883, 29.992802532605783, 30.072032143106732, 30.58717295794613, 29.872646464710492, 30.030777686713655, 30.22492903874428, 30.180297249883008]","[30.216619233009858, 30.235142968263883, 29.992802532605783, 30.072032143106732, 30.58717295794613, 29.872646464710492, 30.030777686713655, 30.22492903874428, 30.180297249883008]","[false, false, false, false, false, false, false, false, false]",[],[],990b1e362c8f57435380744defa0596654d7cd85092767dac60d2921e1e06ed1,534a3b0a05389f7bf5ed5a7efc536fa062f989bbb0596dfff0f71ac661079f6d,"{""anomaly_count"": 0, ""confidence"": 1.0, ""temperature"": 30.15693558610931, ""timestamp"": ""2026-09-03T03:03:00+00:00"", ""zone"": ""zone-0""}","{""action_type"": ""maintain"", ""consensus_timestamp"": ""2026-09-03T03:03:00+00:00"", ""duration"": 1, ""magnitude"": 0.0, ""reasoning_summary"": ""Frozen bidirectional thermal pilot controller"", ""target_zone"": ""zone-0"", ""used_consensus"": true}"
11,0,nominal,none,mean,184,30.209257290532182,30.203701264988595,-0.00555602554358714,26.0,0.7,0.4,0.4,maintain,supervisor,True,,,0,1.0,30.215405163789505,30.215405163789505,30.25795978648027,0,,0,,0.00011151842772960663,False,"[29.81342415008893, 30.14281588043468, 30.0420163308713, 30.14058026462175, 30.465734549449916, 30.473040215837273, 30.17007729936517, 30.149856436222784, 30.43576625800555]","[29.81342415008893, 30.14281588043468, 30.0420163308713, 30.14058026462175, 30.465734549449916, 30.473040215837273, 30.17007729936517, 30.149856436222784, 30.43576625800555]","[false, false, false, false, false, false, false, false, false]",[],[],7815f9372ff95434345d1e8c0a92bc4dbff6336e1b8d508d8c46f1414bd30408,397ab1b46c559e8167850453988a9701a12cd169eae280f3a0ae2ff7fc78246b,"{""anomaly_count"": 0, ""confidence"": 1.0, ""temperature"": 30.203701264988595, ""timestamp"": ""2026-09-03T03:04:00+00:00"", ""zone"": ""zone-0""}","{""action_type"": ""maintain"", ""consensus_timestamp"": ""2026-09-03T03:04:00+00:00"", ""duration"": 1, ""magnitude"": 0.0, ""reasoning_summary"": ""Frozen bidirectional thermal pilot controller"", ""target_zone"": ""zone-0"", ""used_consensus"": true}"
11,0,nominal,none,mean,185,30.25795978648027,30.242031589724686,-0.015928196755584878,26.0,0.7,0.4,0.4,maintain,supervisor,True,,,0,1.0,30.25066906254671,30.25066906254671,30.294886184681367,0,,0,,0.00010714586824178696,False,"[30.04626487756901, 29.95937136129958, 30.40042742026542, 30.250164920378737, 30.32185840848636, 30.525943093898483, 30.048620372928543, 30.433617938041696, 30.192015914654327]","[30.04626487756901, 29.95937136129958, 30.40042742026542, 30.250164920378737, 30.32185840848636, 30.525943093898483, 30.048620372928543, 30.433617938041696, 30.192015914654327]","[false, false, false, false, false, false, false, false, false]",[],[],beb6de59db30046ca88fc3140e33e47614525f00aa996e3bf3700f886f5655a8,6c999850fb7e4fae9a8c437498af0a47c26e4f6c27a466fbc7a0ca5e84a81953,"{""anomaly_count"": 0, ""confidence"": 1.0, ""temperature"": 30.242031589724686, ""timestamp"": ""2026-09-03T03:05:00+00:00"", ""zone"": ""zone-0""}","{""action_type"": ""maintain"", ""consensus_timestamp"": ""2026-09-03T03:05:00+00:00"", ""duration"": 1, ""magnitude"": 0.0, ""reasoning_summary"": ""Frozen bidirectional thermal pilot controller"", ""target_zone"": ""zone-0"", ""used_consensus"": true}"
11,0,nominal,none,mean,186,30.294886184681367,30.247701151415455,-0.04718503326591161,26.0,0.7,0.4,0.4,maintain,supervisor,True,,,0,1.0,30.25588505930222,30.25588505930222,30.356709031407416,0,,0,,0.00011868122965097427,False,"[30.32334144966012, 30.40427399177844, 30.48901341504566, 29.995781961250838, 30.263164012942823, 30.209449989319396, 30.06510626466878, 30.3879362446608, 30.091243033412223]","[30.32334144966012, 30.40427399177844, 30.48901341504566, 29.995781961250838, 30.263164012942823, 30.209449989319396, 30.06510626466878, 30.3879362446608, 30.091243033412223]","[false, false, false, false, false, false, false, false, false]",[],[],495713d9d227f4353e09eb0824170ec6f6d13cd20481fcb95778292a6cce8992,d703cfaa608e454ba39ba6cf37f257f517604c86d06e5b60020a5a58ca6d45f4,"{""anomaly_count"": 0, ""confidence"": 1.0, ""temperature"": 30.247701151415455, ""timestamp"": ""2026-09-03T03:06:00+00:00"", ""zone"": ""zone-0""}","{""action_type"": ""maintain"", ""consensus_timestamp"": ""2026-09-03T03:06:00+00:00"", ""duration"": 1, ""magnitude"": 0.0, ""reasoning_summary"": ""Frozen bidirectional thermal pilot controller"", ""target_zone"": ""zone-0"", ""used_consensus"": true}"
11,0,nominal,none,mean,187,30.356709031407416,30.40082654102742,0.044117509620004824,26.0,0.7,0.4,0.5,increase_fan_speed,supervisor,True,,,0,1.0,30.308760417745226,30.396760417745227,30.323115915143426,0,,0,,0.00011345371603965759,False,"[30.253413946914144, 30.643465257057, 30.35004651178088, 30.052038406937264, 30.336541565886325, 30.33732102279567, 30.78718699670263, 30.338053509779584, 30.509371651393263]","[30.253413946914144, 30.643465257057, 30.35004651178088, 30.052038406937264, 30.336541565886325, 30.33732102279567, 30.78718699670263, 30.338053509779584, 30.509371651393263]","[false, false, false, false, false, false, false, false, false]",[],[],86131de7ecc590f30ad97fa582173b95a844c8feadf16140407365f9f38de5fd,c33c661ae3640f228652fcc015c6480d3aa74594e43909a094e72ec5a3a749bf,"{""anomaly_count"": 0, ""confidence"": 1.0, ""temperature"": 30.40082654102742, ""timestamp"": ""2026-09-03T03:07:00+00:00"", ""zone"": ""zone-0""}","{""action_type"": ""increase_fan_speed"", ""consensus_timestamp"": ""2026-09-03T03:07:00+00:00"", ""duration"": 1, ""magnitude"": 0.1, ""reasoning_summary"": ""Frozen bidirectional thermal pilot controller"", ""target_zone"": ""zone-0"", ""used_consensus"": true}"
11,0,nominal,none,mean,188,30.323115915143426,30.26771269441371,-0.055403220729715486,26.0,0.7,0.5,0.5,maintain,supervisor,True,,,0,1.0,30.18629567886061,30.18629567886061,30.241017996205514,0,,0,,0.00010787416249513626,False,"[30.110080759158084, 30.088869565399555, 30.224555009507466, 30.10168576447231, 30.386198300509633, 30.25790198770757, 30.318897933804685, 30.46250939152715, 30.45871553763695]","[30.110080759158084, 30.088869565399555, 30.224555009507466, 30.10168576447231, 30.386198300509633, 30.25790198770757, 30.318897933804685, 30.46250939152715, 30.45871553763695]","[false, false, false, false, false, false, false, false, false]",[],[],ea191aa9ef25bc67e57e10a2682630c71d4ab74fb0782265083faf36f8468e2a,938bd76674bf822bb4cb8d22e659da3708a9a7ffb5fc5c658b0bf5c150ad6d06,"{""anomaly_count"": 0, ""confidence"": 1.0, ""temperature"": 30.26771269441371, ""timestamp"": ""2026-09-03T03:08:00+00:00"", ""zone"": ""zone-0""}","{""action_type"": ""maintain"", ""consensus_timestamp"": ""2026-09-03T03:08:00+00:00"", ""duration"": 1, ""magnitude"": 0.0, ""reasoning_summary"": ""Frozen bidirectional thermal pilot controller"", ""target_zone"": ""zone-0"", ""used_consensus"": true}"
11,0,nominal,none,mean,189,30.241017996205514,30.17857164623335,-0.06244634997216281,26.0,0.7,0.5,0.5,maintain,supervisor,True,,,0,1.0,30.10428591453468,30.10428591453468,30.22857166829933,0,,0,,0.00010837148874998093,False,"[30.441597270683072, 30.076244730937514, 30.195035412491027, 30.122824288469694, 30.48080911027419, 30.011956705417955, 30.064853454444602, 30.238418890985127, 29.975404952396985]","[30.441597270683072, 30.076244730937514, 30.195035412491027, 30.122824288469694, 30.48080911027419, 30.011956705417955, 30.064853454444602, 30.238418890985127, 29.975404952396985]","[false, false, false, false, false, false, false, false, false]",[],[],7b0b512a178a57e542c1f02c6f7ec0e8dcef4592a1fd984ed319f62fc56a57b6,1a115522509b980e5e77ed7c93fadfb1357272a8624765e950e3851ad343d29a,"{""anomaly_count"": 0, ""confidence"": 1.0, ""temperature"": 30.17857164623335, ""timestamp"": ""2026-09-03T03:09:00+00:00"", ""zone"": ""zone-0""}","{""action_type"": ""maintain"", ""consensus_timestamp"": ""2026-09-03T03:09:00+00:00"", ""duration"": 1, ""magnitude"": 0.0, ""reasoning_summary"": ""Frozen bidirectional thermal pilot controller"", ""target_zone"": ""zone-0"", ""used_consensus"": true}"
11,0,nominal,none,mean,190,30.22857166829933,30.240779056638857,0.012207388339525949,26.0,0.7,0.5,0.5,maintain,supervisor,True,,,0,1.0,30.161516732107746,30.161516732107746,30.201300221749833,0,,0,,0.00010913237929344177,False,"[30.40556321779524, 30.114657136721465, 30.382725698928414, 30.20366645666432, 30.361805896838135, 30.16998120588357, 30.170066944973936, 30.201368468676268, 30.157176483268387]","[30.40556321779524, 30.114657136721465, 30.382725698928414, 30.20366645666432, 30.361805896838135, 30.16998120588357, 30.170066944973936, 30.201368468676268, 30.157176483268387]","[false, false, false, false, false, false, false, false, false]",[],[],9e6047f335fc6bf8263f65c3b6b46963ee96a63fb7e37b75e3dfea437edb3001,1b6fbfc72943ecd9f5a011a7bb7446c32355360146b3388412bc7e820913c4bf,"{""anomaly_count"": 0, ""confidence"": 1.0, ""temperature"": 30.240779056638857, ""timestamp"": ""2026-09-03T03:10:00+00:00"", ""zone"": ""zone-0""}","{""action_type"": ""maintain"", ""consensus_timestamp"": ""2026-09-03T03:10:00+00:00"", ""duration"": 1, ""magnitude"": 0.0, ""reasoning_summary"": ""Frozen bidirectional thermal pilot controller"", ""target_zone"": ""zone-0"", ""used_consensus"": true}"
11,0,nominal,none,mean,191,30.201300221749833,30.34212475556535,0.1408245338155183,26.0,0.7,0.5,0.6,increase_fan_speed,supervisor,True,,,0,1.0,30.166754775120122,30.25475477512012,30.0817738584877,0,,0,,0.00011006370186805725,False,"[30.374124840617633, 30.299193581937473, 30.18598602690159, 30.195312648010304, 30.663253647889622, 30.173022966025794, 30.295306256669686, 30.45352227526632, 30.439400556769712]","[30.374124840617633, 30.299193581937473, 30.18598602690159, 30.195312648010304, 30.663253647889622, 30.173022966025794, 30.295306256669686, 30.45352227526632, 30.439400556769712]","[false, false, false, false, false, false, false, false, false]",[],[],821ccb6c6e5969fb14935ebc3c3b1c24421f2bd4ae91b0874d6bdfebab4dc025,84ec6306ea8b6ff309bbc44343dc91867a245723c98b4e7e71a4fac84814f129,"{""anomaly_count"": 0, ""confidence"": 1.0, ""temperature"": 30.34212475556535, ""timestamp"": ""2026-09-03T03:11:00+00:00"", ""zone"": ""zone-0""}","{""action_type"": ""increase_fan_speed"", ""consensus_timestamp"": ""2026-09-03T03:11:00+00:00"", ""duration"": 1, ""magnitude"": 0.1, ""reasoning_summary"": ""Frozen bidirectional thermal pilot controller"", ""target_zone"": ""zone-0"", ""used_consensus"": true}"
11,0,nominal,none,mean,192,30.0817738584877,29.988913403408244,-0.09286045507945673,26.0,0.7,0.6,0.6,maintain,supervisor,True,,,0,1.0,29.841800331135584,29.841800331135584,29.99033475549292,0,,0,,0.00010748114436864853,False,"[30.10740486335183, 29.576294162677733, 30.152370287624937, 30.104394049294125, 30.02400320473896, 29.72159113674356, 29.99721529170542, 30.2371518606469, 29.979795773890743]","[30.10740486335183, 29.576294162677733, 30.152370287624937, 30.104394049294125, 30.02400320473896, 29.72159113674356, 29.99721529170542, 30.2371518606469, 29.979795773890743]","[false, false, false, false, false, false, false, false, false]",[],[],a29e6c23a5b70c5c0594f9d0ddfc40332c8d2c7c718c7667182c97d2105b556d,54c64f725df5d4bea3b140b8951f77af9c5cbc8ee92b31ad2cfc140183a602a9,"{""anomaly_count"": 0, ""confidence"": 1.0, ""temperature"": 29.988913403408244, ""timestamp"": ""2026-09-03T03:12:00+00:00"", ""zone"": ""zone-0""}","{""action_type"": ""maintain"", ""consensus_timestamp"": ""2026-09-03T03:12:00+00:00"", ""duration"": 1, ""magnitude"": 0.0, ""reasoning_summary"": ""Frozen bidirectional thermal pilot controller"", ""target_zone"": ""zone-0"", ""used_consensus"": true}"
11,0,nominal,none,mean,193,29.99033475549292,29.9464208499718,-0.04391390552111929,26.0,0.7,0.6,0.6,maintain,supervisor,True,,,0,1.0,29.802707181974057,29.802707181974057,29.873489553461678,0,,0,,0.00010563340038061142,False,"[30.34384645535815, 29.579513233552117, 29.921160736819242, 30.411538723894843, 29.68505589976069, 29.797552699258375, 29.97526604856089, 30.00098468940132, 29.802869163140542]","[30.34384645535815, 29.579513233552117, 29.921160736819242, 30.411538723894843, 29.68505589976069, 29.797552699258375, 29.97526604856089, 30.00098468940132, 29.802869163140542]","[false, false, false, false, false, false, false, false, false]",[],[],f380fe033ec95d590cc16a81f166776705ff47be5c6f5e28cfe741ac0dccb7ba,a11c5ff658cfc55bb01cd94c6deccada34209a4e4f72584304bb928ae53498ed,"{""anomaly_count"": 0, ""confidence"": 1.0, ""temperature"": 29.9464208499718, ""timestamp"": ""2026-09-03T03:13:00+00:00"", ""zone"": ""zone-0""}","{""action_type"": ""maintain"", ""consensus_timestamp"": ""2026-09-03T03:13:00+00:00"", ""duration"": 1, ""magnitude"": 0.0, ""reasoning_summary"": ""Frozen bidirectional thermal pilot controller"", ""target_zone"": ""zone-0"", ""used_consensus"": true}"
11,0,nominal,none,mean,194,29.873489553461678,29.963378567161165,0.08988901369948721,26.0,0.7,0.6,0.6,maintain,supervisor,True,,,0,1.0,29.818308281788273,29.818308281788273,29.792891009323515,0,,0,,0.00011551752686500549,False,"[29.907893196307597, 29.737119043614364, 30.32949134471067, 29.894308962768772, 29.596080184123853, 30.261001361265315, 29.987382479551652, 30.067713367740787, 29.88941716436746]","[29.907893196307597, 29.737119043614364, 30.32949134471067, 29.894308962768772, 29.596080184123853, 30.261001361265315, 29.987382479551652, 30.067713367740787, 29.88941716436746]","[false, false, false, false, false, false, false, false, false]",[],[],1597016847026bb99291130bb8252cec0e9666b24b24ea393b6f7bea7c6e1724,79529d5ffabee011c45ed309cf9faa4c1d1669a74ac929ffdb61817172048522,"{""anomaly_count"": 0, ""confidence"": 1.0, ""temperature"": 29.963378567161165, ""timestamp"": ""2026-09-03T03:14:00+00:00"", ""zone"": ""zone-0""}","{""action_type"": ""maintain"", ""consensus_timestamp"": ""2026-09-03T03:14:00+00:00"", ""duration"": 1, ""magnitude"": 0.0, ""reasoning_summary"": ""Frozen bidirectional thermal pilot controller"", ""target_zone"": ""zone-0"", ""used_consensus"": true}"
11,0,nominal,none,mean,195,29.792891009323515,29.76102378019213,-0.031867229131385955,26.0,0.7,0.6,0.6,maintain,supervisor,True,,,0,1.0,29.63214187777676,29.63214187777676,29.733396648223408,0,,0,,0.0001073051244020462,False,"[29.675776250634094, 30.09087758126168, 29.477175601248497, 29.76107987618619, 29.972876487624596, 29.925260791741756, 29.5749471861487, 29.494006483390308, 29.87721376349334]","[29.675776250634094, 30.09087758126168, 29.477175601248497, 29.76107987618619, 29.972876487624596, 29.925260791741756, 29.5749471861487, 29.494006483390308, 29.87721376349334]","[false, false, false, false, false, false, false, false, false]",[],[],5ea685db9d5171ac8d19b4b53207a9af48ce353e34d8fd18e17ccff1b4293b32,d4eb47508a07494364d51e5178638303dddcca94b734368a18d15f2e8c3d4d21,"{""anomaly_count"": 0, ""confidence"": 1.0, ""temperature"": 29.76102378019213, ""timestamp"": ""2026-09-03T03:15:00+00:00"", ""zone"": ""zone-0""}","{""action_type"": ""maintain"", ""consensus_timestamp"": ""2026-09-03T03:15:00+00:00"", ""duration"": 1, ""magnitude"": 0.0, ""reasoning_summary"": ""Frozen bidirectional thermal pilot controller"", ""target_zone"": ""zone-0"", ""used_consensus"": true}"
11,0,nominal,none,mean,196,29.733396648223408,29.737824022421314,0.004427374197906175,26.0,0.7,0.6,0.6,maintain,supervisor,True,,,0,1.0,29.61079810062761,29.61079810062761,29.617017064704104,0,,0,,0.00010955426841974258,False,"[29.468112662962344, 29.55107218592489, 29.881337344723704, 29.858503866422378, 29.273932200526172, 29.990395336898295, 30.07972308018466, 29.870957956164517, 29.666381567984857]","[29.468112662962344, 29.55107218592489, 29.881337344723704, 29.858503866422378, 29.273932200526172, 29.990395336898295, 30.07972308018466, 29.870957956164517, 29.666381567984857]","[false, false, false, false, false, false, false, false, false]",[],[],a875009550a2da91cda4d5b9a1fc639370925bd7652989f048b8615ee6afbd94,96b3e04aed6106a1102e0b4966605aa2ecc1025b9795df49a01ef88cf8377148,"{""anomaly_count"": 0, ""confidence"": 1.0, ""temperature"": 29.737824022421314, ""timestamp"": ""2026-09-03T03:16:00+00:00"", ""zone"": ""zone-0""}","{""action_type"": ""maintain"", ""consensus_timestamp"": ""2026-09-03T03:16:00+00:00"", ""duration"": 1, ""magnitude"": 0.0, ""reasoning_summary"": ""Frozen bidirectional thermal pilot controller"", ""target_zone"": ""zone-0"", ""used_consensus"": true}"
11,0,nominal,none,mean,197,29.617017064704104,29.683977364016396,0.06696029931229219,26.0,0.7,0.6,0.6,maintain,supervisor,True,,,0,1.0,29.561259174895085,29.561259174895085,29.525974779166617,0,,0,,0.0001167692244052887,False,"[29.730468314232585, 29.636978264662513, 29.454062529967924, 29.580724180873265, 29.894756873017236, 29.68848278247692, 29.696401645699385, 29.614062611926563, 29.859859073291172]","[29.730468314232585, 29.636978264662513, 29.454062529967924, 29.580724180873265, 29.894756873017236, 29.68848278247692, 29.696401645699385, 29.614062611926563, 29.859859073291172]","[false, false, false, false, false, false, false, false, false]",[],[],add5cb67e30d82e1d3d4fb1578bbfa95a0b578aaa685ee449b7e235f88b81a11,61de9b5a2d1f2d072a4b3e24dc96450ca0c7e89bd444db167d159ce741440d9f,"{""anomaly_count"": 0, ""confidence"": 1.0, ""temperature"": 29.683977364016396, ""timestamp"": ""2026-09-03T03:17:00+00:00"", ""zone"": ""zone-0""}","{""action_type"": ""maintain"", ""consensus_timestamp"": ""2026-09-03T03:17:00+00:00"", ""duration"": 1, ""magnitude"": 0.0, ""reasoning_summary"": ""Frozen bidirectional thermal pilot controller"", ""target_zone"": ""zone-0"", ""used_consensus"": true}"
11,0,nominal,none,mean,198,29.525974779166617,29.447924989725152,-0.07804978944146512,26.0,0.7,0.6,0.6,maintain,supervisor,True,,,0,1.0,29.34409099054714,29.34409099054714,29.44533276563453,0,,0,,0.00010705273598432541,False,"[29.612708263583457, 29.46547928688763, 29.09517234280778, 29.684857371937852, 29.22217061455492, 29.61442106769661, 29.541037199821307, 29.192877970383694, 29.60260078985309]","[29.612708263583457, 29.46547928688763, 29.09517234280778, 29.684857371937852, 29.22217061455492, 29.61442106769661, 29.541037199821307, 29.192877970383694, 29.60260078985309]","[false, false, false, false, false, false, false, false, false]",[],[],f265e21ba056fddeb4ddc6f9ead2f78ba531045441e7d9f6e106dd1e34cb8a2e,ca4bad4cefeae3310380a3a845bb7d3ec11f442f632a1df72cc272909c3f0cd0,"{""anomaly_count"": 0, ""confidence"": 1.0, ""temperature"": 29.447924989725152, ""timestamp"": ""2026-09-03T03:18:00+00:00"", ""zone"": ""zone-0""}","{""action_type"": ""maintain"", ""consensus_timestamp"": ""2026-09-03T03:18:00+00:00"", ""duration"": 1, ""magnitude"": 0.0, ""reasoning_summary"": ""Frozen bidirectional thermal pilot controller"", ""target_zone"": ""zone-0"", ""used_consensus"": true}"
11,0,nominal,none,mean,199,29.44533276563453,29.502156129427664,0.056823363793135684,26.0,0.7,0.6,0.5,decrease_fan_speed,supervisor,True,,,0,1.0,29.481983639073448,29.39398363907345,29.474420242277883,0,,0,,0.00011204089969396591,False,"[29.25298838752656, 29.618000788078383, 29.47899599496054, 29.997529221852727, 29.729720548201712, 29.467118717330813, 29.18806179230164, 29.335257690781003, 29.451732023815612]","[29.25298838752656, 29.618000788078383, 29.47899599496054, 29.997529221852727, 29.729720548201712, 29.467118717330813, 29.18806179230164, 29.335257690781003, 29.451732023815612]","[false, false, false, false, false, false, false, false, false]",[],[],f218cb0f168394c5a42656bbaace7b633630731c58cc2a120e3b13fdc7bfceea,955df4a6ee4a4e0dbf1b491af293024128d704cb18e49d5f9fe0446c839a1039,"{""anomaly_count"": 0, ""confidence"": 1.0, ""temperature"": 29.502156129427664, ""timestamp"": ""2026-09-03T03:19:00+00:00"", ""zone"": ""zone-0""}","{""action_type"": ""decrease_fan_speed"", ""consensus_timestamp"": ""2026-09-03T03:19:00+00:00"", ""duration"": 1, ""magnitude"": 0.1, ""reasoning_summary"": ""Frozen bidirectional thermal pilot controller"", ""target_zone"": ""zone-0"", ""used_consensus"": true}"
11,0,nominal,none,mean,200,29.474420242277883,29.440560333560693,-0.033859908717190024,26.0,0.7,0.5,0.5,maintain,supervisor,True,,,0,1.0,29.425315506875837,29.425315506875837,29.457345328626445,0,,0,,0.00011262111365795135,False,"[29.49364689803754, 29.30080025975078, 29.646385882438825, 29.520486182486994, 29.590257952767374, 29.223646725885008, 29.123983703198626, 29.361051466788073, 29.704783930692987]","[29.49364689803754, 29.30080025975078, 29.646385882438825, 29.520486182486994, 29.590257952767374, 29.223646725885008, 29.123983703198626, 29.361051466788073, 29.704783930692987]","[false, false, false, false, false, false, false, false, false]",[],[],50d5fecb7981743557cddcfc3357e0e8059b162fe5e3612b6be721522df56c1b,3880948b227c3e4e35465631bdf893875e64d1bcd415074b90427a14bbaae32e,"{""anomaly_count"": 0, ""confidence"": 1.0, ""temperature"": 29.440560333560693, ""timestamp"": ""2026-09-03T03:20:00+00:00"", ""zone"": ""zone-0""}","{""action_type"": ""maintain"", ""consensus_timestamp"": ""2026-09-03T03:20:00+00:00"", ""duration"": 1, ""magnitude"": 0.0, ""reasoning_summary"": ""Frozen bidirectional thermal pilot controller"", ""target_zone"": ""zone-0"", ""used_consensus"": true}"
11,0,nominal,none,mean,201,29.457345328626445,29.571617217372193,0.11427188874574767,26.0,0.7,0.5,0.5,maintain,supervisor,True,,,0,1.0,29.545887839982417,29.545887839982417,29.453967181948308,0,,0,,0.00010802317410707474,False,"[29.464793252924345, 29.094867175640623, 29.763765598285172, 29.402079179402218, 29.69097796204682, 29.812932312296752, 29.62725635353309, 29.869955085664948, 29.417928036555757]","[29.464793252924345, 29.094867175640623, 29.763765598285172, 29.402079179402218, 29.69097796204682, 29.812932312296752, 29.62725635353309, 29.869955085664948, 29.417928036555757]","[false, false, false, false, false, false, false, false, false]",[],[],768d7ef81d3d24990a509cdf974ee2abd4fb6957469fb50be680391f64ce2cf0,b6ef5f52a21d99e412cff6a652f78090ad1ce8117ad35654d688f5ec7a47bd71,"{""anomaly_count"": 0, ""confidence"": 1.0, ""temperature"": 29.571617217372193, ""timestamp"": ""2026-09-03T03:21:00+00:00"", ""zone"": ""zone-0""}","{""action_type"": ""maintain"", ""consensus_timestamp"": ""2026-09-03T03:21:00+00:00"", ""duration"": 1, ""magnitude"": 0.0, ""reasoning_summary"": ""Frozen bidirectional thermal pilot controller"", ""target_zone"": ""zone-0"", ""used_consensus"": true}"
11,0,nominal,none,mean,202,29.453967181948308,29.390401075104073,-0.06356610684423458,26.0,0.7,0.5,0.4,decrease_fan_speed,supervisor,True,,,0,1.0,29.467168989095747,29.379168989095746,29.546811512671614,0,,0,,0.00010991189628839493,False,"[29.32563001485629, 29.70584053188272, 29.327694728422593, 29.430095831459006, 29.453974446550195, 29.141401703858236, 29.503347975211184, 29.014557814659142, 29.611066629037282]","[29.32563001485629, 29.70584053188272, 29.327694728422593, 29.430095831459006, 29.453974446550195, 29.141401703858236, 29.503347975211184, 29.014557814659142, 29.611066629037282]","[false, false, false, false, false, false, false, false, false]",[],[],fab8572a89e15404c99afb7febcd0001fbc927c4ba512e6dbe0178411dd314ee,d5c673dd7d7f1a3ec7f02ae259227338b709e05aa2d528466b8f9ea76cc40b86,"{""anomaly_count"": 0, ""confidence"": 1.0, ""temperature"": 29.390401075104073, ""timestamp"": ""2026-09-03T03:22:00+00:00"", ""zone"": ""zone-0""}","{""action_type"": ""decrease_fan_speed"", ""consensus_timestamp"": ""2026-09-03T03:22:00+00:00"", ""duration"": 1, ""magnitude"": 0.1, ""reasoning_summary"": ""Frozen bidirectional thermal pilot controller"", ""target_zone"": ""zone-0"", ""used_consensus"": true}"
11,0,nominal,none,mean,203,29.546811512671614,29.455335928826273,-0.09147558384534094,26.0,0.7,0.4,0.4,maintain,supervisor,True,,,0,1.0,29.52690905452017,29.52690905452017,29.642549298534515,0,,0,,0.00011527631431818008,False,"[29.743195608831847, 29.531226786900326, 29.393482909590304, 29.452810291262075, 29.264854647361172, 29.507228680193734, 29.516801200550834, 29.42387745215598, 29.264545782590204]","[29.743195608831847, 29.531226786900326, 29.393482909590304, 29.452810291262075, 29.264854647361172, 29.507228680193734, 29.516801200550834, 29.42387745215598, 29.264545782590204]","[false, false, false, false, false, false, false, false, false]",[],[],7e5253ed4c53b3f246c6a6b91245c295bc1fe9d665ab2911b288ecff6abd84bf,57e576af48b1f802d4c083b8b297a77364619599aa0aabf550d3e9028532d70e,"{""anomaly_count"": 0, ""confidence"": 1.0, ""temperature"": 29.455335928826273, ""timestamp"": ""2026-09-03T03:23:00+00:00"", ""zone"": ""zone-0""}","{""action_type"": ""maintain"", ""consensus_timestamp"": ""2026-09-03T03:23:00+00:00"", ""duration"": 1, ""magnitude"": 0.0, ""reasoning_summary"": ""Frozen bidirectional thermal pilot controller"", ""target_zone"": ""zone-0"", ""used_consensus"": true}"
11,0,nominal,none,mean,204,29.642549298534515,29.64132518251221,-0.0012241160223034342,26.0,0.7,0.4,0.4,maintain,supervisor,True,,,0,1.0,29.698019167911234,29.698019167911234,29.72036729949284,0,,0,,0.00011814385652542114,False,"[29.703788587542597, 29.96344466536346, 29.490505969888538, 29.581352221196482, 29.39349959563686, 29.59252342799867, 29.866215817247788, 29.267631113783448, 29.91296524395205]","[29.703788587542597, 29.96344466536346, 29.490505969888538, 29.581352221196482, 29.39349959563686, 29.59252342799867, 29.866215817247788, 29.267631113783448, 29.91296524395205]","[false, false, false, false, false, false, false, false, false]",[],[],7413a2bf9eb76cf900e52c232e528588d446d0b25bd95d925999119a1b9096d9,e0951882e04a12531a68cf2ee31421db4b26a9851d3313bdc5d8bd5c09dbb905,"{""anomaly_count"": 0, ""confidence"": 1.0, ""temperature"": 29.64132518251221, ""timestamp"": ""2026-09-03T03:24:00+00:00"", ""zone"": ""zone-0""}","{""action_type"": ""maintain"", ""consensus_timestamp"": ""2026-09-03T03:24:00+00:00"", ""duration"": 1, ""magnitude"": 0.0, ""reasoning_summary"": ""Frozen bidirectional thermal pilot controller"", ""target_zone"": ""zone-0"", ""used_consensus"": true}"
11,0,nominal,none,mean,205,29.72036729949284,29.672635342086462,-0.047731957406377035,26.0,0.7,0.4,0.30000000000000004,decrease_fan_speed,supervisor,True,,,0,1.0,29.814824514719543,29.726824514719542,29.934288089544644,0,,0,,0.00012706033885478973,False,"[29.603846042050023, 29.362890831582718, 29.531617325234237, 29.629472029288635, 29.751956736296393, 29.857158339411427, 29.72005798723958, 29.76956370149588, 29.827155086179246]","[29.603846042050023, 29.362890831582718, 29.531617325234237, 29.629472029288635, 29.751956736296393, 29.857158339411427, 29.72005798723958, 29.76956370149588, 29.827155086179246]","[false, false, false, false, false, false, false, false, false]",[],[],f2aa1fed8b60c0a6248275612aba2e13f59aed26153ee9a0a6262507a8a70d84,6d77780dd5eec6ab14bc507bd37f18fe99bbf2f5dacec2977264fb53b7f5a46d,"{""anomaly_count"": 0, ""confidence"": 1.0, ""temperature"": 29.672635342086462, ""timestamp"": ""2026-09-03T03:25:00+00:00"", ""zone"": ""zone-0""}","{""action_type"": ""decrease_fan_speed"", ""consensus_timestamp"": ""2026-09-03T03:25:00+00:00"", ""duration"": 1, ""magnitude"": 0.1, ""reasoning_summary"": ""Frozen bidirectional thermal pilot controller"", ""target_zone"": ""zone-0"", ""used_consensus"": true}"
11,0,nominal,none,mean,206,29.934288089544644,30.001439305821677,0.06715121627703269,26.0,0.7,0.30000000000000004,0.30000000000000004,maintain,supervisor,True,,,0,1.0,30.117324161355942,30.117324161355942,30.053052141520226,0,,0,,0.00011987891048192978,False,"[29.75728761030544, 30.32999370411502, 29.794116347841623, 30.262536149790183, 29.992553667159623, 30.065332539247354, 29.792953360141794, 29.838619413662528, 30.179560960131532]","[29.75728761030544, 30.32999370411502, 29.794116347841623, 30.262536149790183, 29.992553667159623, 30.065332539247354, 29.792953360141794, 29.838619413662528, 30.179560960131532]","[false, false, false, false, false, false, false, false, false]",[],[],5c5430b1b1ce911e5d25fb4ce699c854f02d8cc65099119620e614de45aa8009,b00084879fc684181c46c8f32f6dd7b2168d320a0a4f6c556db3f89754242c26,"{""anomaly_count"": 0, ""confidence"": 1.0, ""temperature"": 30.001439305821677, ""timestamp"": ""2026-09-03T03:26:00+00:00"", ""zone"": ""zone-0""}","{""action_type"": ""maintain"", ""consensus_timestamp"": ""2026-09-03T03:26:00+00:00"", ""duration"": 1, ""magnitude"": 0.0, ""reasoning_summary"": ""Frozen bidirectional thermal pilot controller"", ""target_zone"": ""zone-0"", ""used_consensus"": true}"
11,0,nominal,none,mean,207,30.053052141520226,29.998008530101476,-0.055043611418749805,26.0,0.7,0.30000000000000004,0.30000000000000004,maintain,supervisor,True,,,0,1.0,30.11416784769336,30.11416784769336,30.17872486782144,0,,0,,0.00012413132935762405,False,"[29.751635035569215, 29.97565414406732, 30.299847233685256, 30.047252925004912, 30.077539457878157, 30.045495146170573, 30.176348027997307, 29.867718662726364, 29.740586137814184]","[29.751635035569215, 29.97565414406732, 30.299847233685256, 30.047252925004912, 30.077539457878157, 30.045495146170573, 30.176348027997307, 29.867718662726364, 29.740586137814184]","[false, false, false, false, false, false, false, false, false]",[],[],2fc164801da9a2e77317779a822c4e4aa582ce6ca4aee1484564fc0d77f00e6c,1e1be66d83a128e2e1eb07a994d8350ad430c89a706dc0f2c60d09cebf7b6e82,"{""anomaly_count"": 0, ""confidence"": 1.0, ""temperature"": 29.998008530101476, ""timestamp"": ""2026-09-03T03:27:00+00:00"", ""zone"": ""zone-0""}","{""action_type"": ""maintain"", ""consensus_timestamp"": ""2026-09-03T03:27:00+00:00"", ""duration"": 1, ""magnitude"": 0.0, ""reasoning_summary"": ""Frozen bidirectional thermal pilot controller"", ""target_zone"": ""zone-0"", ""used_consensus"": true}"
11,0,nominal,none,mean,208,30.17872486782144,30.197611535476135,0.018886667654694378,26.0,0.7,0.30000000000000004,0.30000000000000004,maintain,supervisor,True,,,0,1.0,30.297802612638044,30.297802612638044,30.29629727108875,0,,0,,0.00011955294758081436,False,"[30.320145003272515, 30.210330717575676, 30.277199449451707, 30.265709286117378, 30.04021369342639, 30.23360485165393, 30.11787131040486, 30.207855555553483, 30.10557395182929]","[30.320145003272515, 30.210330717575676, 30.277199449451707, 30.265709286117378, 30.04021369342639, 30.23360485165393, 30.11787131040486, 30.207855555553483, 30.10557395182929]","[false, false, false, false, false, false, false, false, false]",[],[],84058ef37932c657352c8df8597c03aff0d6c8dfab510f78cc16b0cce58b5e2a,c2d8130eef15dfda72e35aa2d4156abcc385fdf99c6739e5c9580443bb2b00d4,"{""anomaly_count"": 0, ""confidence"": 1.0, ""temperature"": 30.197611535476135, ""timestamp"": ""2026-09-03T03:28:00+00:00"", ""zone"": ""zone-0""}","{""action_type"": ""maintain"", ""consensus_timestamp"": ""2026-09-03T03:28:00+00:00"", ""duration"": 1, ""magnitude"": 0.0, ""reasoning_summary"": ""Frozen bidirectional thermal pilot controller"", ""target_zone"": ""zone-0"", ""used_consensus"": true}"
11,0,nominal,none,mean,209,30.29629727108875,30.342148053117896,0.045850782029145165,26.0,0.7,0.30000000000000004,0.4,increase_fan_speed,supervisor,True,,,0,1.0,30.342776208868464,30.430776208868465,30.329613389031927,0,,0,,0.0001221010461449623,False,"[30.17931935899739, 30.18538745778253, 30.501960787195298, 30.77222159385244, 30.392201595908517, 30.128332311768748, 30.028990103808084, 30.43198311970478, 30.458936149043286]","[30.17931935899739, 30.18538745778253, 30.501960787195298, 30.77222159385244, 30.392201595908517, 30.128332311768748, 30.028990103808084, 30.43198311970478, 30.458936149043286]","[false, false, false, false, false, false, false, false, false]",[],[],d7a2148ad09e79825831eb406fecf7ab442fba27cdf3bcf9bf507e23aa1a8e7f,ea3b80df9a738ef339302ac09d3fd6828da05edfff431c61a0f9f46cec82ac8a,"{""anomaly_count"": 0, ""confidence"": 1.0, ""temperature"": 30.342148053117896, ""timestamp"": ""2026-09-03T03:29:00+00:00"", ""zone"": ""zone-0""}","{""action_type"": ""increase_fan_speed"", ""consensus_timestamp"": ""2026-09-03T03:29:00+00:00"", ""duration"": 1, ""magnitude"": 0.1, ""reasoning_summary"": ""Frozen bidirectional thermal pilot controller"", ""target_zone"": ""zone-0"", ""used_consensus"": true}"
11,0,nominal,none,mean,210,30.329613389031927,30.35972092890464,0.030107539872712863,26.0,0.7,0.4,0.5,increase_fan_speed,supervisor,True,,,0,1.0,30.270943254592268,30.35894325459227,30.230206182994475,0,,0,,0.0001235930249094963,False,"[30.10050422512685, 30.08327199676396, 30.501400224323195, 30.293083061885504, 30.655499156493843, 30.620860136713215, 30.570641529041897, 30.2505912473281, 30.16163678246522]","[30.10050422512685, 30.08327199676396, 30.501400224323195, 30.293083061885504, 30.655499156493843, 30.620860136713215, 30.570641529041897, 30.2505912473281, 30.16163678246522]","[false, false, false, false, false, false, false, false, false]",[],[],766c28aa40ee45f75d41e3343d44a4deb29443948512d77ca5fc227bd7cd6fd3,3f77d74120f9e24e25ffa9d0398e3fb51823f4a047bd71fa7ae7d032862b099a,"{""anomaly_count"": 0, ""confidence"": 1.0, ""temperature"": 30.35972092890464, ""timestamp"": ""2026-09-03T03:30:00+00:00"", ""zone"": ""zone-0""}","{""action_type"": ""increase_fan_speed"", ""consensus_timestamp"": ""2026-09-03T03:30:00+00:00"", ""duration"": 1, ""magnitude"": 0.1, ""reasoning_summary"": ""Frozen bidirectional thermal pilot controller"", ""target_zone"": ""zone-0"", ""used_consensus"": true}"
11,0,nominal,none,mean,211,30.230206182994475,30.241680078432857,0.011473895438381732,26.0,0.7,0.5,0.5,maintain,supervisor,True,,,0,1.0,30.162345672158228,30.162345672158228,30.19899955283254,0,,0,,0.00011641345918178558,False,"[30.16514895306799, 29.976081606469975, 30.075329340198152, 30.247187137580255, 30.205580307709898, 30.29273425670426, 30.05271581894601, 30.426285497991138, 30.734057787228036]","[30.16514895306799, 29.976081606469975, 30.075329340198152, 30.247187137580255, 30.205580307709898, 30.29273425670426, 30.05271581894601, 30.426285497991138, 30.734057787228036]","[false, false, false, false, false, false, false, false, false]",[],[],b4d059a7c81a18744fa70edd8c7ff553bf85e3cdfb4c8153b48fe3f0489fc0ad,d0e01fc1a54ea9a8b14597d22ee5d7277b9e810aa45441a349385c1136c6178e,"{""anomaly_count"": 0, ""confidence"": 1.0, ""temperature"": 30.241680078432857, ""timestamp"": ""2026-09-03T03:31:00+00:00"", ""zone"": ""zone-0""}","{""action_type"": ""maintain"", ""consensus_timestamp"": ""2026-09-03T03:31:00+00:00"", ""duration"": 1, ""magnitude"": 0.0, ""reasoning_summary"": ""Frozen bidirectional thermal pilot controller"", ""target_zone"": ""zone-0"", ""used_consensus"": true}"
11,0,nominal,none,mean,212,30.19899955283254,30.24155027986657,0.042550727034029734,26.0,0.7,0.5,0.5,maintain,supervisor,True,,,0,1.0,30.16222625747724,30.16222625747724,30.159473311366973,0,,0,,0.00011742394417524338,False,"[30.18483568591785, 30.330852751154094, 30.30968049149512, 30.12127454382062, 30.437497900367397, 30.33901020651919, 30.312882809336084, 30.346457056500483, 29.7914610736883]","[30.18483568591785, 30.330852751154094, 30.30968049149512, 30.12127454382062, 30.437497900367397, 30.33901020651919, 30.312882809336084, 30.346457056500483, 29.7914610736883]","[false, false, false, false, false, false, false, false, false]",[],[],0da961cc45609084ae8b21660ea3e668eef291ae790910f62d49bff0eb8bae75,ba0d23d7ecd6bc67122f7fc95fa55f1c1c907800aeefc79c6a004f8fd43baa66,"{""anomaly_count"": 0, ""confidence"": 1.0, ""temperature"": 30.24155027986657, ""timestamp"": ""2026-09-03T03:32:00+00:00"", ""zone"": ""zone-0""}","{""action_type"": ""maintain"", ""consensus_timestamp"": ""2026-09-03T03:32:00+00:00"", ""duration"": 1, ""magnitude"": 0.0, ""reasoning_summary"": ""Frozen bidirectional thermal pilot controller"", ""target_zone"": ""zone-0"", ""used_consensus"": true}"
11,0,nominal,none,mean,213,30.159473311366973,30.15888694760147,-0.0005863637655032505,26.0,0.7,0.5,0.5,maintain,supervisor,True,,,0,1.0,30.08617599179335,30.08617599179335,30.152117563881763,0,,0,,0.00012124050408601761,False,"[30.266976560694353, 30.111020033930295, 29.859796933698412, 30.06624145849975, 30.08093273894272, 29.8446403505159, 30.664542311363096, 30.245888695261502, 30.289943445507173]","[30.266976560694353, 30.111020033930295, 29.859796933698412, 30.06624145849975, 30.08093273894272, 29.8446403505159, 30.664542311363096, 30.245888695261502, 30.289943445507173]","[false, false, false, false, false, false, false, false, false]",[],[],fbbfca1fa178fb62dea75558cfb885013663a5264365d691e96cfda474764edb,f0c95a8d7db1e601e4c6f0ee4ea5c59c3affd9cb02bb17a9d86324ef1d97b1ec,"{""anomaly_count"": 0, ""confidence"": 1.0, ""temperature"": 30.15888694760147, ""timestamp"": ""2026-09-03T03:33:00+00:00"", ""zone"": ""zone-0""}","{""action_type"": ""maintain"", ""consensus_timestamp"": ""2026-09-03T03:33:00+00:00"", ""duration"": 1, ""magnitude"": 0.0, ""reasoning_summary"": ""Frozen bidirectional thermal pilot controller"", ""target_zone"": ""zone-0"", ""used_consensus"": true}"
11,0,nominal,none,mean,214,30.152117563881763,30.195157062715072,0.04303949883330915,26.0,0.7,0.5,0.5,maintain,supervisor,True,,,0,1.0,30.119544497697863,30.119544497697863,30.099182323235425,0,,0,,0.0001180814579129219,False,"[30.654568706441314, 30.37831097305708, 29.915856585720046, 30.040078661594347, 30.183537572478897, 30.13244003776163, 30.16747513101313, 30.11745734174095, 30.16668855462825]","[30.654568706441314, 30.37831097305708, 29.915856585720046, 30.040078661594347, 30.183537572478897, 30.13244003776163, 30.16747513101313, 30.11745734174095, 30.16668855462825]","[false, false, false, false, false, false, false, false, false]",[],[],57c7bbb8c6bb12f403194d8902467eee0b88182fa752d22d6729842cae0eb5fc,c509d69ed33642e52faa9594c9e6f538acd6f0a2e4154ccd4a12f2d6bb282b68,"{""anomaly_count"": 0, ""confidence"": 1.0, ""temperature"": 30.195157062715072, ""timestamp"": ""2026-09-03T03:34:00+00:00"", ""zone"": ""zone-0""}","{""action_type"": ""maintain"", ""consensus_timestamp"": ""2026-09-03T03:34:00+00:00"", ""duration"": 1, ""magnitude"": 0.0, ""reasoning_summary"": ""Frozen bidirectional thermal pilot controller"", ""target_zone"": ""zone-0"", ""used_consensus"": true}"
11,0,nominal,none,mean,215,30.099182323235425,30.044398014104065,-0.05478430913136023,26.0,0.7,0.5,0.5,maintain,supervisor,True,,,0,1.0,29.98084617297574,29.98084617297574,30.058442980980598,0,,0,,0.00012158788740634918,False,"[29.886017636729246, 29.94677248906873, 29.842062059732495, 29.950087377143543, 30.026339231637472, 30.29729167202026, 29.935694359003914, 30.169375922056734, 30.345941379544207]","[29.886017636729246, 29.94677248906873, 29.842062059732495, 29.950087377143543, 30.026339231637472, 30.29729167202026, 29.935694359003914, 30.169375922056734, 30.345941379544207]","[false, false, false, false, false, false, false, false, false]",[],[],f51667239f6d6b3da7f18a5f652f2d406c5eca2b106a0e270a71e07446632c9b,9956a9fc8065dd0fa2acbd1fb128b9048d245e2d2ee1d69dc1fb964bd83cad7f,"{""anomaly_count"": 0, ""confidence"": 1.0, ""temperature"": 30.044398014104065, ""timestamp"": ""2026-09-03T03:35:00+00:00"", ""zone"": ""zone-0""}","{""action_type"": ""maintain"", ""consensus_timestamp"": ""2026-09-03T03:35:00+00:00"", ""duration"": 1, ""magnitude"": 0.0, ""reasoning_summary"": ""Frozen bidirectional thermal pilot controller"", ""target_zone"": ""zone-0"", ""used_consensus"": true}"
11,0,nominal,none,mean,216,30.058442980980598,30.076578957779045,0.018135976798447473,26.0,0.7,0.5,0.5,maintain,supervisor,True,,,0,1.0,30.010452641156718,30.010452641156718,30.034504838325486,0,,0,,0.00012088194489479065,False,"[30.165592029317104, 30.092292589730242, 29.950705834500482, 29.758108121758795, 29.96603733111668, 30.160490621274516, 30.07882640687905, 30.12751195970742, 30.389645725727142]","[30.165592029317104, 30.092292589730242, 29.950705834500482, 29.758108121758795, 29.96603733111668, 30.160490621274516, 30.07882640687905, 30.12751195970742, 30.389645725727142]","[false, false, false, false, false, false, false, false, false]",[],[],3f2cc227ae4667741dd8e1fe0b3177036990bbbd7a8f0b09798a0425dc4788ae,b42f140fafd826773be2ff412e292f84c7f12ed9b54c8ef88ef044445cc89257,"{""anomaly_count"": 0, ""confidence"": 1.0, ""temperature"": 30.076578957779045, ""timestamp"": ""2026-09-03T03:36:00+00:00"", ""zone"": ""zone-0""}","{""action_type"": ""maintain"", ""consensus_timestamp"": ""2026-09-03T03:36:00+00:00"", ""duration"": 1, ""magnitude"": 0.0, ""reasoning_summary"": ""Frozen bidirectional thermal pilot controller"", ""target_zone"": ""zone-0"", ""used_consensus"": true}"
11,0,nominal,none,mean,217,30.034504838325486,29.99048000339456,-0.04402483493092646,26.0,0.7,0.5,0.5,maintain,supervisor,True,,,0,1.0,29.93124160312299,29.93124160312299,30.02729358760056,0,,0,,0.0001202831044793129,False,"[30.37736392923915, 30.084406200241904, 29.94642754646654, 29.740146609710184, 30.17495890576956, 30.08838471482068, 29.858942150215448, 29.578217140243364, 30.06547283384419]","[30.37736392923915, 30.084406200241904, 29.94642754646654, 29.740146609710184, 30.17495890576956, 30.08838471482068, 29.858942150215448, 29.578217140243364, 30.06547283384419]","[false, false, false, false, false, false, false, false, false]",[],[],d2ddb314a415aad565815ac68e48c921957540f178c1e194af4100d5c9dfff50,149dece978dddd8a7ea86be56f48e52da8ed2bbc356d36baa39f31d7b9587f79,"{""anomaly_count"": 0, ""confidence"": 1.0, ""temperature"": 29.99048000339456, ""timestamp"": ""2026-09-03T03:37:00+00:00"", ""zone"": ""zone-0""}","{""action_type"": ""maintain"", ""consensus_timestamp"": ""2026-09-03T03:37:00+00:00"", ""duration"": 1, ""magnitude"": 0.0, ""reasoning_summary"": ""Frozen bidirectional thermal pilot controller"", ""target_zone"": ""zone-0"", ""used_consensus"": true}"
11,0,nominal,none,mean,218,30.02729358760056,30.18156670709173,0.15427311949116884,26.0,0.7,0.5,0.5,maintain,supervisor,True,,,0,1.0,30.10704137052439,30.10704137052439,29.987565311655228,0,,0,,0.00011976994574069977,False,"[30.390981184376944, 30.251552040086914, 29.970993414009573, 30.187399342650856, 30.33291128645742, 30.064267872888557, 29.99087336731339, 30.144370348937212, 30.300751507104668]","[30.390981184376944, 30.251552040086914, 29.970993414009573, 30.187399342650856, 30.33291128645742, 30.064267872888557, 29.99087336731339, 30.144370348937212, 30.300751507104668]","[false, false, false, false, false, false, false, false, false]",[],[],567c6041a318cba06880f992f55ede16809adc89c9314022c9f5c67baa19ad65,5c39e0ee8a97173bcae449972a53647b7373c6aec2e8812637786670cb565426,"{""anomaly_count"": 0, ""confidence"": 1.0, ""temperature"": 30.18156670709173, ""timestamp"": ""2026-09-03T03:38:00+00:00"", ""zone"": ""zone-0""}","{""action_type"": ""maintain"", ""consensus_timestamp"": ""2026-09-03T03:38:00+00:00"", ""duration"": 1, ""magnitude"": 0.0, ""reasoning_summary"": ""Frozen bidirectional thermal pilot controller"", ""target_zone"": ""zone-0"", ""used_consensus"": true}"
11,0,nominal,none,mean,219,29.987565311655228,29.986768244231023,-0.0007970674242052667,26.0,0.7,0.5,0.5,maintain,supervisor,True,,,0,1.0,29.927826784692538,29.927826784692538,29.951891111894092,0,,0,,0.00011883210390806198,False,"[29.882752711629017, 30.194548749583724, 30.027115544981235, 30.342916969298656, 29.80797780283662, 30.06383275145977, 29.969744617827573, 29.626937067486182, 29.965087982976478]","[29.882752711629017, 30.194548749583724, 30.027115544981235, 30.342916969298656, 29.80797780283662, 30.06383275145977, 29.969744617827573, 29.626937067486182, 29.965087982976478]","[false, false, false, false, false, false, false, false, false]",[],[],d93606fa0d19be008520f6b01d54286dfb0b7d1c5a10e11f2ce576103f2fbbe2,0eceddae099bbfdd4d67008dcb541f84a637f6310685ba450343aedcaf46d748,"{""anomaly_count"": 0, ""confidence"": 1.0, ""temperature"": 29.986768244231023, ""timestamp"": ""2026-09-03T03:39:00+00:00"", ""zone"": ""zone-0""}","{""action_type"": ""maintain"", ""consensus_timestamp"": ""2026-09-03T03:39:00+00:00"", ""duration"": 1, ""magnitude"": 0.0, ""reasoning_summary"": ""Frozen bidirectional thermal pilot controller"", ""target_zone"": ""zone-0"", ""used_consensus"": true}"
11,0,nominal,none,mean,220,29.951891111894092,30.083214231165453,0.13132311927136087,26.0,0.7,0.5,0.5,maintain,supervisor,True,,,0,1.0,30.016557092672215,30.016557092672215,29.95375110130162,0,,0,,0.0001199822872877121,False,"[29.911318448939745, 30.224968013391255, 29.85366679844658, 30.29272258364583, 30.07486845578161, 30.27805953385516, 29.879045242066365, 30.21811799438006, 30.01616100998245]","[29.911318448939745, 30.224968013391255, 29.85366679844658, 30.29272258364583, 30.07486845578161, 30.27805953385516, 29.879045242066365, 30.21811799438006, 30.01616100998245]","[false, false, false, false, false, false, false, false, false]",[],[],fe3554fc24379a11585d49aa603b3a50ea98e377c4666cbe3775daa2bea81ad0,16377e7a1b04908d9cf22a23418696c4739bfe9790d1f15d05c61f31eaa844cc,"{""anomaly_count"": 0, ""confidence"": 1.0, ""temperature"": 30.083214231165453, ""timestamp"": ""2026-09-03T03:40:00+00:00"", ""zone"": ""zone-0""}","{""action_type"": ""maintain"", ""consensus_timestamp"": ""2026-09-03T03:40:00+00:00"", ""duration"": 1, ""magnitude"": 0.0, ""reasoning_summary"": ""Frozen bidirectional thermal pilot controller"", ""target_zone"": ""zone-0"", ""used_consensus"": true}"
11,0,nominal,none,mean,221,29.95375110130162,30.030090524221478,0.07633942291985818,26.0,0.7,0.5,0.5,maintain,supervisor,True,,,0,1.0,29.967683282283758,29.967683282283758,29.938238145569933,0,,0,,0.0001183636486530304,False,"[29.91895799809324, 30.337754779587378, 29.902217468126068, 30.046822021158405, 30.208945223611813, 30.109480029773053, 29.74084060718414, 30.08409016190937, 29.921706428549815]","[29.91895799809324, 30.337754779587378, 29.902217468126068, 30.046822021158405, 30.208945223611813, 30.109480029773053, 29.74084060718414, 30.08409016190937, 29.921706428549815]","[false, false, false, false, false, false, false, false, false]",[],[],b57bb83804a719131f08e07348960a6c52ebe01370e1f532ac393be39448d412,50fc587b4a40004fd67fccf021dbc4413af0ab2c5655b8d1278f1b110a5d28ec,"{""anomaly_count"": 0, ""confidence"": 1.0, ""temperature"": 30.030090524221478, ""timestamp"": ""2026-09-03T03:41:00+00:00"", ""zone"": ""zone-0""}","{""action_type"": ""maintain"", ""consensus_timestamp"": ""2026-09-03T03:41:00+00:00"", ""duration"": 1, ""magnitude"": 0.0, ""reasoning_summary"": ""Frozen bidirectional thermal pilot controller"", ""target_zone"": ""zone-0"", ""used_consensus"": true}"
11,0,nominal,none,mean,222,29.938238145569933,29.93337948842867,-0.004858657141262768,26.0,0.7,0.5,0.5,maintain,supervisor,True,,,0,1.0,29.878709129354373,29.878709129354373,29.939033381539033,0,,0,,0.00012092571705579758,False,"[29.811810772949634, 30.179530455434254, 29.82585498842431, 30.38519766124316, 29.838758344626147, 29.926540135594088, 29.985029472322587, 29.672286739770595, 29.775406825493235]","[29.811810772949634, 30.179530455434254, 29.82585498842431, 30.38519766124316, 29.838758344626147, 29.926540135594088, 29.985029472322587, 29.672286739770595, 29.775406825493235]","[false, false, false, false, false, false, false, false, false]",[],[],bef066b40926796afc738088c6bc981e603596282300572c09bab0aed624e54a,8d212f0acd70123f7a60beeb1b7518238885569310c79db7463b6763f595c974,"{""anomaly_count"": 0, ""confidence"": 1.0, ""temperature"": 29.93337948842867, ""timestamp"": ""2026-09-03T03:42:00+00:00"", ""zone"": ""zone-0""}","{""action_type"": ""maintain"", ""consensus_timestamp"": ""2026-09-03T03:42:00+00:00"", ""duration"": 1, ""magnitude"": 0.0, ""reasoning_summary"": ""Frozen bidirectional thermal pilot controller"", ""target_zone"": ""zone-0"", ""used_consensus"": true}"
11,0,nominal,none,mean,223,29.939033381539033,29.920017712874955,-0.019015668664078333,26.0,0.7,0.5,0.5,maintain,supervisor,True,,,0,1.0,29.866416295844957,29.866416295844957,29.933501352347555,0,,0,,0.00012257974594831467,False,"[29.782928857736266, 29.89694489559782, 29.80530971442912, 29.97051185852221, 30.011576834716383, 29.789097831304296, 30.011693500178005, 30.230006454223496, 29.782089469166994]","[29.782928857736266, 29.89694489559782, 29.80530971442912, 29.97051185852221, 30.011576834716383, 29.789097831304296, 30.011693500178005, 30.230006454223496, 29.782089469166994]","[false, false, false, false, false, false, false, false, false]",[],[],e89bf5cc7058e76f88e52a01fea10b4e82328f8c1080319ebb3af69db8ae3fc1,9252bacf3a68dd6747a8e70e48288f09362adc375ea92943ce8641f00281f27d,"{""anomaly_count"": 0, ""confidence"": 1.0, ""temperature"": 29.920017712874955, ""timestamp"": ""2026-09-03T03:43:00+00:00"", ""zone"": ""zone-0""}","{""action_type"": ""maintain"", ""consensus_timestamp"": ""2026-09-03T03:43:00+00:00"", ""duration"": 1, ""magnitude"": 0.0, ""reasoning_summary"": ""Frozen bidirectional thermal pilot controller"", ""target_zone"": ""zone-0"", ""used_consensus"": true}"
11,0,nominal,none,mean,224,29.933501352347555,29.886788159990203,-0.04671319235735183,26.0,0.7,0.5,0.5,maintain,supervisor,True,,,0,1.0,29.835845107190984,29.835845107190984,29.948085339384686,0,,0,,0.00012255553156137466,False,"[29.912646517914165, 29.91752415706185, 29.991322098239465, 29.83848375130385, 29.810603074455212, 29.70131741818763, 30.238159806054902, 29.81428186791233, 29.756754748782413]","[29.912646517914165, 29.91752415706185, 29.991322098239465, 29.83848375130385, 29.810603074455212, 29.70131741818763, 30.238159806054902, 29.81428186791233, 29.756754748782413]","[false, false, false, false, false, false, false, false, false]",[],[],155923ef08a60b853e3265dd3717da311c7ba3539c51e765209b70886ef66d7b,8ad8ef9f564c41327cbed822cda039cd2cc856ccfdf6f1ab6817465f0a1fd8f1,"{""anomaly_count"": 0, ""confidence"": 1.0, ""temperature"": 29.886788159990203, ""timestamp"": ""2026-09-03T03:44:00+00:00"", ""zone"": ""zone-0""}","{""action_type"": ""maintain"", ""consensus_timestamp"": ""2026-09-03T03:44:00+00:00"", ""duration"": 1, ""magnitude"": 0.0, ""reasoning_summary"": ""Frozen bidirectional thermal pilot controller"", ""target_zone"": ""zone-0"", ""used_consensus"": true}"
11,0,nominal,none,mean,225,29.948085339384686,29.9535236388939,0.00543829950921193,26.0,0.7,0.5,0.5,maintain,supervisor,True,,,0,1.0,29.897241747782385,29.897241747782385,29.92057096243318,0,,0,,0.0001234114170074463,False,"[30.004276236502886, 29.751533020388454, 29.97864709045837, 29.94123221767326, 30.077316889583166, 29.917967064951117, 30.068550466051235, 30.043580204452375, 29.798609559984232]","[30.004276236502886, 29.751533020388454, 29.97864709045837, 29.94123221767326, 30.077316889583166, 29.917967064951117, 30.068550466051235, 30.043580204452375, 29.798609559984232]","[false, false, false, false, false, false, false, false, false]",[],[],07cfbd726f7cefae4fbe88549610341601277f6e381237cfe1abf21e66e2f7a8,b34ae459cf607d0f0578b73ab9134242c0ebdcd738baf501ccafeeb61bdf0d34,"{""anomaly_count"": 0, ""confidence"": 1.0, ""temperature"": 29.9535236388939, ""timestamp"": ""2026-09-03T03:45:00+00:00"", ""zone"": ""zone-0""}","{""action_type"": ""maintain"", ""consensus_timestamp"": ""2026-09-03T03:45:00+00:00"", ""duration"": 1, ""magnitude"": 0.0, ""reasoning_summary"": ""Frozen bidirectional thermal pilot controller"", ""target_zone"": ""zone-0"", ""used_consensus"": true}"
11,0,nominal,none,mean,226,29.92057096243318,29.933996843385987,0.013425880952805613,26.0,0.7,0.5,0.5,maintain,supervisor,True,,,0,1.0,29.879277095915107,29.879277095915107,29.923891573147976,0,,0,,0.00011992733925580978,False,"[30.032413544315972, 30.162982345953044, 29.94571074687542, 30.231347130231665, 30.011424972672383, 29.502878474218825, 29.86369854226135, 29.81787115178242, 29.837644682162836]","[30.032413544315972, 30.162982345953044, 29.94571074687542, 30.231347130231665, 30.011424972672383, 29.502878474218825, 29.86369854226135, 29.81787115178242, 29.837644682162836]","[false, false, false, false, false, false, false, false, false]",[],[],7da6824b2381708a13ef33335ad24fce38e22fb3ee7bfc3e5f446f029b66f9ef,455687f79efb98de0be734a126e6b2a5fe8eaf407dd1e44e9f246078328efaa9,"{""anomaly_count"": 0, ""confidence"": 1.0, ""temperature"": 29.933996843385987, ""timestamp"": ""2026-09-03T03:46:00+00:00"", ""zone"": ""zone-0""}","{""action_type"": ""maintain"", ""consensus_timestamp"": ""2026-09-03T03:46:00+00:00"", ""duration"": 1, ""magnitude"": 0.0, ""reasoning_summary"": ""Frozen bidirectional thermal pilot controller"", ""target_zone"": ""zone-0"", ""used_consensus"": true}"
11,0,nominal,none,mean,227,29.923891573147976,29.840372305766632,-0.08351926738134452,26.0,0.7,0.5,0.5,maintain,supervisor,True,,,0,1.0,29.7931425213053,29.7931425213053,29.887881922797312,0,,0,,0.00011688098311424255,False,"[29.548588930941733, 29.648085885006108, 29.806478583552963, 30.048234329679964, 29.700963151853376, 30.043228686603797, 29.7645226260957, 30.04778026038432, 29.95546829778171]","[29.548588930941733, 29.648085885006108, 29.806478583552963, 30.048234329679964, 29.700963151853376, 30.043228686603797, 29.7645226260957, 30.04778026038432, 29.95546829778171]","[false, false, false, false, false, false, false, false, false]",[],[],b26864720dcf245308a6571e2ac4ab896210eb9fbbf7af822d1f0a5f9336c8c3,df39500c6dfddaa36d40b9a8eed2f4f18b0707e9db7dda68f976d199fd44cd56,"{""anomaly_count"": 0, ""confidence"": 1.0, ""temperature"": 29.840372305766632, ""timestamp"": ""2026-09-03T03:47:00+00:00"", ""zone"": ""zone-0""}","{""action_type"": ""maintain"", ""consensus_timestamp"": ""2026-09-03T03:47:00+00:00"", ""duration"": 1, ""magnitude"": 0.0, ""reasoning_summary"": ""Frozen bidirectional thermal pilot controller"", ""target_zone"": ""zone-0"", ""used_consensus"": true}"
11,0,nominal,none,mean,228,29.887881922797312,29.966978306693452,0.0790963838961396,26.0,0.7,0.5,0.5,maintain,supervisor,True,,,0,1.0,29.909620042157975,29.909620042157975,29.896746465690523,0,,0,,0.00011908542364835739,False,"[30.43376106734385, 29.998624865378773, 29.747744228503173, 29.619144406660805, 29.714281072450586, 29.81737388333948, 30.273792967501766, 29.89828368887392, 30.199798580188727]","[30.43376106734385, 29.998624865378773, 29.747744228503173, 29.619144406660805, 29.714281072450586, 29.81737388333948, 30.273792967501766, 29.89828368887392, 30.199798580188727]","[false, false, false, false, false, false, false, false, false]",[],[],e31ee14e1251b2769fc63189e8e8dbb6dde1beffcb56913e0a8a9701f143e1be,43bb2f5b710fe8a5d3fe04aed1d9eb16410c9a9a2283a14315ba19854ec90e5b,"{""anomaly_count"": 0, ""confidence"": 1.0, ""temperature"": 29.966978306693452, ""timestamp"": ""2026-09-03T03:48:00+00:00"", ""zone"": ""zone-0""}","{""action_type"": ""maintain"", ""consensus_timestamp"": ""2026-09-03T03:48:00+00:00"", ""duration"": 1, ""magnitude"": 0.0, ""reasoning_summary"": ""Frozen bidirectional thermal pilot controller"", ""target_zone"": ""zone-0"", ""used_consensus"": true}"
11,0,nominal,none,mean,229,29.896746465690523,29.9950111361577,0.09826467046717724,26.0,0.7,0.5,0.5,maintain,supervisor,True,,,0,1.0,29.935410245265082,29.935410245265082,29.870059064104865,0,,0,,0.00014157872647047043,False,"[29.730787160272822, 30.27543941215357, 30.126597778061814, 30.14333152743596, 29.88166971409665, 30.318520190906767, 29.922343863810653, 29.709559119754374, 29.846851458926714]","[29.730787160272822, 30.27543941215357, 30.126597778061814, 30.14333152743596, 29.88166971409665, 30.318520190906767, 29.922343863810653, 29.709559119754374, 29.846851458926714]","[false, false, false, false, false, false, false, false, false]",[],[],eaba919b99eb749560956511a2ac9f6de40d7455dd16e2b3509e657cd4b02706,e5974d827833c28d92994d6991064aed23f0bef192bc5f2755ec739698b817da,"{""anomaly_count"": 0, ""confidence"": 1.0, ""temperature"": 29.9950111361577, ""timestamp"": ""2026-09-03T03:49:00+00:00"", ""zone"": ""zone-0""}","{""action_type"": ""maintain"", ""consensus_timestamp"": ""2026-09-03T03:49:00+00:00"", ""duration"": 1, ""magnitude"": 0.0, ""reasoning_summary"": ""Frozen bidirectional thermal pilot controller"", ""target_zone"": ""zone-0"", ""used_consensus"": true}"
11,0,nominal,none,mean,230,29.870059064104865,29.87410193580059,0.004042871695723704,26.0,0.7,0.5,0.5,maintain,supervisor,True,,,0,1.0,29.82417378093654,29.82417378093654,29.87793741410046,0,,0,,0.00012064259499311447,False,"[30.200705178272393, 29.719275280438286, 29.902040427036265, 29.62625200007397, 29.90464803707266, 30.10259350298994, 29.50706868041273, 29.953172199357688, 29.95116211655138]","[30.200705178272393, 29.719275280438286, 29.902040427036265, 29.62625200007397, 29.90464803707266, 30.10259350298994, 29.50706868041273, 29.953172199357688, 29.95116211655138]","[false, false, false, false, false, false, false, false, false]",[],[],2fcb8df9f49b9803b410e9964bbd87e7b8aa8a23324d501e3280b80a38240d80,b91ca61ce406cf51407073eacd4be308bdc420de7b2ca0475f753fe31c9e5c5b,"{""anomaly_count"": 0, ""confidence"": 1.0, ""temperature"": 29.87410193580059, ""timestamp"": ""2026-09-03T03:50:00+00:00"", ""zone"": ""zone-0""}","{""action_type"": ""maintain"", ""consensus_timestamp"": ""2026-09-03T03:50:00+00:00"", ""duration"": 1, ""magnitude"": 0.0, ""reasoning_summary"": ""Frozen bidirectional thermal pilot controller"", ""target_zone"": ""zone-0"", ""used_consensus"": true}"
11,0,nominal,none,mean,231,29.87793741410046,29.91767640635942,0.039738992258957495,26.0,0.7,0.5,0.5,maintain,supervisor,True,,,0,1.0,29.864262293850665,29.864262293850665,29.879021533242348,0,,0,,0.00011943280696868896,False,"[29.87548639136023, 30.146024760220538, 29.832273069808476, 29.834569581618737, 30.096920603711755, 29.741054586691234, 30.021083173195308, 29.9017957483704, 29.8098797422581]","[29.87548639136023, 30.146024760220538, 29.832273069808476, 29.834569581618737, 30.096920603711755, 29.741054586691234, 30.021083173195308, 29.9017957483704, 29.8098797422581]","[false, false, false, false, false, false, false, false, false]",[],[],ce9c09acccca2ea01da477a1ab001f7318ea50e2aec40b3be390a0c4974728da,0731e0f7bff8aee09c509bb86c11ef1204f06c2675feb17b9483356b5fa15a23,"{""anomaly_count"": 0, ""confidence"": 1.0, ""temperature"": 29.91767640635942, ""timestamp"": ""2026-09-03T03:51:00+00:00"", ""zone"": ""zone-0""}","{""action_type"": ""maintain"", ""consensus_timestamp"": ""2026-09-03T03:51:00+00:00"", ""duration"": 1, ""magnitude"": 0.0, ""reasoning_summary"": ""Frozen bidirectional thermal pilot controller"", ""target_zone"": ""zone-0"", ""used_consensus"": true}"
11,0,nominal,none,mean,232,29.879021533242348,29.902087883017998,0.023066349775650252,26.0,0.7,0.5,0.5,maintain,supervisor,True,,,0,1.0,29.849920852376556,29.849920852376556,29.847616557937776,0,,0,,0.00013033952564001083,False,"[29.84803544111521, 29.918782068827074, 29.974923540514645, 29.76105898981242, 29.99696695460372, 30.087606798959115, 29.941839777684145, 29.458774236410342, 30.130803139235308]","[29.84803544111521, 29.918782068827074, 29.974923540514645, 29.76105898981242, 29.99696695460372, 30.087606798959115, 29.941839777684145, 29.458774236410342, 30.130803139235308]","[false, false, false, false, false, false, false, false, false]",[],[],40739f0629743d4191c87cd361ac4e4c62a17014a1ce8ff90e13a44e5972020d,e0f1745f9149843592513d84543fffc361036d7719e48f350e38cfef1dc516b0,"{""anomaly_count"": 0, ""confidence"": 1.0, ""temperature"": 29.902087883017998, ""timestamp"": ""2026-09-03T03:52:00+00:00"", ""zone"": ""zone-0""}","{""action_type"": ""maintain"", ""consensus_timestamp"": ""2026-09-03T03:52:00+00:00"", ""duration"": 1, ""magnitude"": 0.0, ""reasoning_summary"": ""Frozen bidirectional thermal pilot controller"", ""target_zone"": ""zone-0"", ""used_consensus"": true}"
11,0,nominal,none,mean,233,29.847616557937776,29.965572594967952,0.11795603703017576,26.0,0.7,0.5,0.5,maintain,supervisor,True,,,0,1.0,29.908326787370513,29.908326787370513,29.818560208888815,0,,0,,0.00011775456368923187,False,"[29.942014503930217, 29.903131017372623, 29.92429299854577, 29.949637679669323, 29.972601224420803, 29.832042370621156, 30.21264743890957, 29.996881583014346, 29.95690453822777]","[29.942014503930217, 29.903131017372623, 29.92429299854577, 29.949637679669323, 29.972601224420803, 29.832042370621156, 30.21264743890957, 29.996881583014346, 29.95690453822777]","[false, false, false, false, false, false, false, false, false]",[],[],011a6836b0f17a6df0fac829f6b47c4888cd8f569d6b3115323239a198e67e8d,5ee3bdba43b33555a022ab2247acea227f162dc84366ea2942fc9df4bb165864,"{""anomaly_count"": 0, ""confidence"": 1.0, ""temperature"": 29.965572594967952, ""timestamp"": ""2026-09-03T03:53:00+00:00"", ""zone"": ""zone-0""}","{""action_type"": ""maintain"", ""consensus_timestamp"": ""2026-09-03T03:53:00+00:00"", ""duration"": 1, ""magnitude"": 0.0, ""reasoning_summary"": ""Frozen bidirectional thermal pilot controller"", ""target_zone"": ""zone-0"", ""used_consensus"": true}"
11,0,nominal,none,mean,234,29.818560208888815,29.852812728912404,0.03425252002358903,26.0,0.7,0.5,0.5,maintain,supervisor,True,,,0,1.0,29.80458771059941,29.80458771059941,29.80510175155905,0,,0,,0.00011874083429574966,False,"[29.954496433063845, 29.72879000721722, 29.948883051355725, 29.968323430428843, 29.68691662944414, 29.55481747783461, 30.230906534911433, 29.92003468262812, 29.682146313327735]","[29.954496433063845, 29.72879000721722, 29.948883051355725, 29.968323430428843, 29.68691662944414, 29.55481747783461, 30.230906534911433, 29.92003468262812, 29.682146313327735]","[false, false, false, false, false, false, false, false, false]",[],[],76c2ccbf59789974527f70f78eda3b795667c3fa6561ad03b544d47d7fb75ec6,4f5a51b075745683a645679d7589258cc126d892ea49190e7a092393610e03f2,"{""anomaly_count"": 0, ""confidence"": 1.0, ""temperature"": 29.852812728912404, ""timestamp"": ""2026-09-03T03:54:00+00:00"", ""zone"": ""zone-0""}","{""action_type"": ""maintain"", ""consensus_timestamp"": ""2026-09-03T03:54:00+00:00"", ""duration"": 1, ""magnitude"": 0.0, ""reasoning_summary"": ""Frozen bidirectional thermal pilot controller"", ""target_zone"": ""zone-0"", ""used_consensus"": true}"
11,0,nominal,none,mean,235,29.80510175155905,29.76574789655875,-0.039353855000300086,26.0,0.7,0.5,0.5,maintain,supervisor,True,,,0,1.0,29.72448806483405,29.72448806483405,29.818598361368764,0,,0,,0.00012133363634347916,False,"[29.939867364486503, 29.48574638598188, 29.767899228382525, 29.537791077739108, 29.847633391885275, 29.990409788682555, 29.792344967257808, 29.981388544759778, 29.54865031985335]","[29.939867364486503, 29.48574638598188, 29.767899228382525, 29.537791077739108, 29.847633391885275, 29.990409788682555, 29.792344967257808, 29.981388544759778, 29.54865031985335]","[false, false, false, false, false, false, false, false, false]",[],[],85efddc647f815e17fc27f570742aa8985ce516f89e96599080996ec5f89e5f5,933083b9123dcad382ccbb10fdd6fb568cd606d104725a390f1c3befa330c9ed,"{""anomaly_count"": 0, ""confidence"": 1.0, ""temperature"": 29.76574789655875, ""timestamp"": ""2026-09-03T03:55:00+00:00"", ""zone"": ""zone-0""}","{""action_type"": ""maintain"", ""consensus_timestamp"": ""2026-09-03T03:55:00+00:00"", ""duration"": 1, ""magnitude"": 0.0, ""reasoning_summary"": ""Frozen bidirectional thermal pilot controller"", ""target_zone"": ""zone-0"", ""used_consensus"": true}"
11,0,nominal,none,mean,236,29.818598361368764,29.790328923101786,-0.028269438266978142,26.0,0.7,0.5,0.5,maintain,supervisor,True,,,0,1.0,29.74710260925364,29.74710260925364,29.79968169271723,0,,0,,0.00011902023106813431,False,"[29.692457174971512, 29.732761364031745, 29.654701498235163, 29.792206152829586, 29.94534140669669, 29.979992830521507, 29.752659006892014, 29.756772636224266, 29.806068237513557]","[29.692457174971512, 29.732761364031745, 29.654701498235163, 29.792206152829586, 29.94534140669669, 29.979992830521507, 29.752659006892014, 29.756772636224266, 29.806068237513557]","[false, false, false, false, false, false, false, false, false]",[],[],f188478f431655d4b4c43a940a9f92e77943d073f3f13fcd849ce86dd15c43c4,5b7d2ecda3bde4757b9a77de94d9f358d8706e5e2609f2c4aaae1c3aa83e4c5b,"{""anomaly_count"": 0, ""confidence"": 1.0, ""temperature"": 29.790328923101786, ""timestamp"": ""2026-09-03T03:56:00+00:00"", ""zone"": ""zone-0""}","{""action_type"": ""maintain"", ""consensus_timestamp"": ""2026-09-03T03:56:00+00:00"", ""duration"": 1, ""magnitude"": 0.0, ""reasoning_summary"": ""Frozen bidirectional thermal pilot controller"", ""target_zone"": ""zone-0"", ""used_consensus"": true}"
11,0,nominal,none,mean,237,29.79968169271723,29.7904380298141,-0.009243662903127614,26.0,0.7,0.5,0.5,maintain,supervisor,True,,,0,1.0,29.74720298742897,29.74720298742897,29.807156354150802,0,,0,,0.00013382453471422195,False,"[29.692508656149794, 29.742477323637132, 29.391469559296183, 29.96586729433845, 30.026774082842273, 29.9591854037328, 30.07019260483254, 29.667247644548564, 29.598219698949155]","[29.692508656149794, 29.742477323637132, 29.391469559296183, 29.96586729433845, 30.026774082842273, 29.9591854037328, 30.07019260483254, 29.667247644548564, 29.598219698949155]","[false, false, false, false, false, false, false, false, false]",[],[],1eeafc861d2f5f0aa0975fec2b7ccf04388d446a097276a4b3673cb2a74cccc0,3edfe54f2617959ec6a16435941a23f8cc1cef99ea068bd4b120c9679f05dc4e,"{""anomaly_count"": 0, ""confidence"": 1.0, ""temperature"": 29.7904380298141, ""timestamp"": ""2026-09-03T03:57:00+00:00"", ""zone"": ""zone-0""}","{""action_type"": ""maintain"", ""consensus_timestamp"": ""2026-09-03T03:57:00+00:00"", ""duration"": 1, ""magnitude"": 0.0, ""reasoning_summary"": ""Frozen bidirectional thermal pilot controller"", ""target_zone"": ""zone-0"", ""used_consensus"": true}"
11,0,nominal,none,mean,238,29.807156354150802,29.71195112080637,-0.09520523334443354,26.0,0.7,0.5,0.5,maintain,supervisor,True,,,0,1.0,29.674995031141858,29.674995031141858,29.784223787175225,0,,0,,0.00014673173427581787,False,"[29.46315437956077, 29.92708147740121, 29.710434455022014, 29.452516292410028, 29.801514256613043, 29.67361260365903, 29.627908378040313, 29.933696568975137, 29.817641675575757]","[29.46315437956077, 29.92708147740121, 29.710434455022014, 29.452516292410028, 29.801514256613043, 29.67361260365903, 29.627908378040313, 29.933696568975137, 29.817641675575757]","[false, false, false, false, false, false, false, false, false]",[],[],efe7e836c502acdb582743cc5c15b69d92e071785118181656762b84073d0098,8124bf0b5e77fd6816a8e1610fabe2add91e288c35b4a613ff80618a1a79855c,"{""anomaly_count"": 0, ""confidence"": 1.0, ""temperature"": 29.71195112080637, ""timestamp"": ""2026-09-03T03:58:00+00:00"", ""zone"": ""zone-0""}","{""action_type"": ""maintain"", ""consensus_timestamp"": ""2026-09-03T03:58:00+00:00"", ""duration"": 1, ""magnitude"": 0.0, ""reasoning_summary"": ""Frozen bidirectional thermal pilot controller"", ""target_zone"": ""zone-0"", ""used_consensus"": true}"
11,0,nominal,none,mean,239,29.784223787175225,29.746931568995656,-0.0372922181795694,26.0,0.7,0.5,0.5,maintain,supervisor,True,,,0,1.0,29.707177043476,29.707177043476,29.811839911896808,0,,0,,0.0001425817608833313,False,"[29.74530164094674, 29.835430814557675, 29.687552992844143, 29.6251522000832, 29.718671802528057, 29.78961998984726, 29.974788608589915, 29.736656086595975, 29.609209984967965]","[29.74530164094674, 29.835430814557675, 29.687552992844143, 29.6251522000832, 29.718671802528057, 29.78961998984726, 29.974788608589915, 29.736656086595975, 29.609209984967965]","[false, false, false, false, false, false, false, false, false]",[],[],78ac830b15b20a9073f2f301507c8491a76aa1ff8699934f857ad62f30820a5e,32b8c68b1cf49a8820f04e4ba9a898bb612c54a0f6c81ed47d40cdde1c464aef,"{""anomaly_count"": 0, ""confidence"": 1.0, ""temperature"": 29.746931568995656, ""timestamp"": ""2026-09-03T03:59:00+00:00"", ""zone"": ""zone-0""}","{""action_type"": ""maintain"", ""consensus_timestamp"": ""2026-09-03T03:59:00+00:00"", ""duration"": 1, ""magnitude"": 0.0, ""reasoning_summary"": ""Frozen bidirectional thermal pilot controller"", ""target_zone"": ""zone-0"", ""used_consensus"": true}"
