scenario,seed,attack_type,attack_ratio,sensor_noise_level,sensors_per_group,alpha,method,mae,rmse,median_absolute_error,p95_absolute_error,max_absolute_error,beta
full_seed101_bias_0p0_noise0p1_s13_a0p2_b0p7,101,bias,0.0,0.1,13,0.2,fpr_owa,1.2005996835464343,1.2492934636752335,1.1936329513941824,1.6485568056889095,1.7438379620698026,0.7
full_seed101_bias_0p0_noise0p1_s13_a0p2_b0p7,101,bias,0.0,0.1,13,0.2,crp,1.2005996835464343,1.2492934636752335,1.1936329513941824,1.6485568056889095,1.7438379620698026,0.7
full_seed101_bias_0p0_noise0p1_s13_a0p3_b0p8,101,bias,0.0,0.1,13,0.3,fpr_owa,1.459851850307026,1.5405262522493737,1.4105131735776282,2.0889440810659385,2.241185361713773,0.8
full_seed101_bias_0p0_noise0p1_s13_a0p3_b0p8,101,bias,0.0,0.1,13,0.3,crp,1.459851850307026,1.5405262522493737,1.4105131735776282,2.0889440810659385,2.241185361713773,0.8
full_seed101_bias_0p0_noise0p1_s5_a0p2_b0p7,101,bias,0.0,0.1,5,0.2,fpr_owa,1.767117669704048,1.8354108405671965,1.6600840900874871,2.4665471628706577,2.623309323256321,0.7
full_seed101_bias_0p0_noise0p1_s5_a0p2_b0p7,101,bias,0.0,0.1,5,0.2,crp,1.767117669704048,1.8354108405671965,1.6600840900874871,2.4665471628706577,2.623309323256321,0.7
full_seed101_bias_0p0_noise0p1_s5_a0p3_b0p8,101,bias,0.0,0.1,5,0.3,fpr_owa,1.7626268134227294,1.838567579606963,1.6659867656620362,2.496622538502625,2.5856445900776754,0.8
full_seed101_bias_0p0_noise0p1_s5_a0p3_b0p8,101,bias,0.0,0.1,5,0.3,crp,1.7626268134227294,1.838567579606963,1.6659867656620362,2.496622538502625,2.5856445900776754,0.8
full_seed101_bias_0p0_noise0p1_s9_a0p2_b0p7,101,bias,0.0,0.1,9,0.2,fpr_owa,1.7649217452909671,1.8188107961041775,1.6358181714411566,2.402411083444426,2.5208303773184952,0.7
full_seed101_bias_0p0_noise0p1_s9_a0p2_b0p7,101,bias,0.0,0.1,9,0.2,crp,1.7649217452909671,1.8188107961041775,1.6358181714411566,2.402411083444426,2.5208303773184952,0.7
full_seed101_bias_0p0_noise0p1_s9_a0p3_b0p8,101,bias,0.0,0.1,9,0.3,fpr_owa,1.748512793146674,1.822359247104944,1.6160641797705488,2.483087558392486,2.621842066792208,0.8
full_seed101_bias_0p0_noise0p1_s9_a0p3_b0p8,101,bias,0.0,0.1,9,0.3,crp,1.748512793146674,1.822359247104944,1.6160641797705488,2.483087558392486,2.621842066792208,0.8
full_seed101_bias_0p0_noise0p25_s13_a0p2_b0p7,101,bias,0.0,0.25,13,0.2,fpr_owa,1.236562460285135,1.2956308708465365,1.2044535377120542,1.82105823882284,1.93807001433504,0.7
full_seed101_bias_0p0_noise0p25_s13_a0p2_b0p7,101,bias,0.0,0.25,13,0.2,crp,1.236562460285135,1.2956308708465365,1.2044535377120542,1.82105823882284,1.93807001433504,0.7
full_seed101_bias_0p0_noise0p25_s13_a0p3_b0p8,101,bias,0.0,0.25,13,0.3,fpr_owa,1.4423166327854453,1.5394491390162115,1.4096630712143363,2.215127343217554,2.402718544702593,0.8
full_seed101_bias_0p0_noise0p25_s13_a0p3_b0p8,101,bias,0.0,0.25,13,0.3,crp,1.4423166327854453,1.5394491390162115,1.4096630712143363,2.215127343217554,2.402718544702593,0.8
full_seed101_bias_0p0_noise0p25_s5_a0p2_b0p7,101,bias,0.0,0.25,5,0.2,fpr_owa,1.7336143413815548,1.8099001257236491,1.6922920438569655,2.55417172044426,2.7327033676123493,0.7
full_seed101_bias_0p0_noise0p25_s5_a0p2_b0p7,101,bias,0.0,0.25,5,0.2,crp,1.7336143413815548,1.8099001257236491,1.6922920438569655,2.55417172044426,2.7327033676123493,0.7
full_seed101_bias_0p0_noise0p25_s5_a0p3_b0p8,101,bias,0.0,0.25,5,0.3,fpr_owa,1.7299506229173902,1.809798933912468,1.6661550456250218,2.56977910378971,2.767724316695624,0.8
full_seed101_bias_0p0_noise0p25_s5_a0p3_b0p8,101,bias,0.0,0.25,5,0.3,crp,1.7299506229173902,1.809798933912468,1.6661550456250218,2.56977910378971,2.767724316695624,0.8
full_seed101_bias_0p0_noise0p25_s9_a0p2_b0p7,101,bias,0.0,0.25,9,0.2,fpr_owa,1.7298027951227697,1.795488778870893,1.6024240184477152,2.4398284480022494,2.632631395399988,0.7
full_seed101_bias_0p0_noise0p25_s9_a0p2_b0p7,101,bias,0.0,0.25,9,0.2,crp,1.7298027951227697,1.795488778870893,1.6024240184477152,2.4398284480022494,2.632631395399988,0.7
full_seed101_bias_0p0_noise0p25_s9_a0p3_b0p8,101,bias,0.0,0.25,9,0.3,fpr_owa,1.7256608562942817,1.7990798317672998,1.6358554405371024,2.4886343819454897,2.781453042917504,0.8
full_seed101_bias_0p0_noise0p25_s9_a0p3_b0p8,101,bias,0.0,0.25,9,0.3,crp,1.7256608562942817,1.7990798317672998,1.6358554405371024,2.4886343819454897,2.781453042917504,0.8
full_seed101_bias_0p0_noise0p5_s13_a0p2_b0p7,101,bias,0.0,0.5,13,0.2,fpr_owa,1.2839222170748892,1.3602123416225274,1.240801419563994,2.046768449975125,2.3782249001293287,0.7
full_seed101_bias_0p0_noise0p5_s13_a0p2_b0p7,101,bias,0.0,0.5,13,0.2,crp,1.2997189676694498,1.3803135158877573,1.240801419563994,2.053681390863597,2.434949713201487,0.7
full_seed101_bias_0p0_noise0p5_s13_a0p3_b0p8,101,bias,0.0,0.5,13,0.3,fpr_owa,1.3542700790443412,1.4646362664908377,1.2917001243824369,2.3401931281901307,2.585645126688344,0.8
full_seed101_bias_0p0_noise0p5_s13_a0p3_b0p8,101,bias,0.0,0.5,13,0.3,crp,1.3795600058190316,1.4935824973058032,1.297581587519955,2.364057041305829,2.6816652677859327,0.8
full_seed101_bias_0p0_noise0p5_s5_a0p2_b0p7,101,bias,0.0,0.5,5,0.2,fpr_owa,1.709271226509631,1.8044491280747168,1.6461929187271442,2.6895015239178703,3.020868080479137,0.7
full_seed101_bias_0p0_noise0p5_s5_a0p2_b0p7,101,bias,0.0,0.5,5,0.2,crp,1.7108937448554966,1.806884459017612,1.6461929187271442,2.6986287482273794,3.020868080479137,0.7
full_seed101_bias_0p0_noise0p5_s5_a0p3_b0p8,101,bias,0.0,0.5,5,0.3,fpr_owa,1.703342370087818,1.80311874125599,1.6345246869770231,2.725174442138963,3.089570498033422,0.8
full_seed101_bias_0p0_noise0p5_s5_a0p3_b0p8,101,bias,0.0,0.5,5,0.3,crp,1.70423412637046,1.8045258351022189,1.6345246869770231,2.725174442138963,3.089570498033422,0.8
full_seed101_bias_0p0_noise0p5_s9_a0p2_b0p7,101,bias,0.0,0.5,9,0.2,fpr_owa,1.70044414129838,1.7783768765686925,1.641228448021633,2.5752813313069827,2.867533613785253,0.7
full_seed101_bias_0p0_noise0p5_s9_a0p2_b0p7,101,bias,0.0,0.5,9,0.2,crp,1.6992102758586314,1.777116659734978,1.641228448021633,2.5752813313069827,2.867533613785253,0.7
full_seed101_bias_0p0_noise0p5_s9_a0p3_b0p8,101,bias,0.0,0.5,9,0.3,fpr_owa,1.6909088150660572,1.7716248152131142,1.5885115885765302,2.610265449817572,3.033435246204024,0.8
full_seed101_bias_0p0_noise0p5_s9_a0p3_b0p8,101,bias,0.0,0.5,9,0.3,crp,1.692712423537461,1.7730546854818758,1.605303248533299,2.610265449817572,3.033435246204024,0.8
full_seed101_bias_0p1_noise0p1_s13_a0p2_b0p7,101,bias,0.1,0.1,13,0.2,fpr_owa,1.0945410120562316,1.1370475865085845,1.099567270216335,1.5976442639919717,1.7056900502596406,0.7
full_seed101_bias_0p1_noise0p1_s13_a0p2_b0p7,101,bias,0.1,0.1,13,0.2,crp,1.1415914113043173,1.1917849716025233,1.14531541299187,1.5976442639919717,1.7056900502596406,0.7
full_seed101_bias_0p1_noise0p1_s13_a0p3_b0p8,101,bias,0.1,0.1,13,0.3,fpr_owa,1.3699493307176762,1.438702433970864,1.348074613276969,2.033270501072068,2.142828786129591,0.8
full_seed101_bias_0p1_noise0p1_s13_a0p3_b0p8,101,bias,0.1,0.1,13,0.3,crp,1.4107732508156337,1.4906512209583358,1.3855193271683046,2.066209612369095,2.142828786129591,0.8
full_seed101_bias_0p1_noise0p1_s5_a0p2_b0p7,101,bias,0.1,0.1,5,0.2,fpr_owa,1.767117669704048,1.8354108405671965,1.6600840900874871,2.4665471628706577,2.623309323256321,0.7
full_seed101_bias_0p1_noise0p1_s5_a0p2_b0p7,101,bias,0.1,0.1,5,0.2,crp,1.767117669704048,1.8354108405671965,1.6600840900874871,2.4665471628706577,2.623309323256321,0.7
full_seed101_bias_0p1_noise0p1_s5_a0p3_b0p8,101,bias,0.1,0.1,5,0.3,fpr_owa,1.7626268134227294,1.838567579606963,1.6659867656620362,2.496622538502625,2.5856445900776754,0.8
full_seed101_bias_0p1_noise0p1_s5_a0p3_b0p8,101,bias,0.1,0.1,5,0.3,crp,1.7626268134227294,1.838567579606963,1.6659867656620362,2.496622538502625,2.5856445900776754,0.8
full_seed101_bias_0p1_noise0p1_s9_a0p2_b0p7,101,bias,0.1,0.1,9,0.2,fpr_owa,1.7131557465842209,1.7607889024167125,1.6216881717871552,2.3895547005391755,2.6068524826656265,0.7
full_seed101_bias_0p1_noise0p1_s9_a0p2_b0p7,101,bias,0.1,0.1,9,0.2,crp,1.7513530521853915,1.804028824743104,1.6409784210119405,2.3981483074830336,2.6068524826656265,0.7
full_seed101_bias_0p1_noise0p1_s9_a0p3_b0p8,101,bias,0.1,0.1,9,0.3,fpr_owa,1.744239095612078,1.810534899220776,1.6160641797705488,2.4780983731805595,2.539427961443164,0.8
full_seed101_bias_0p1_noise0p1_s9_a0p3_b0p8,101,bias,0.1,0.1,9,0.3,crp,1.743236056001379,1.8159263135035144,1.6160641797705488,2.481753228222399,2.596595539416615,0.8
full_seed101_bias_0p1_noise0p25_s13_a0p2_b0p7,101,bias,0.1,0.25,13,0.2,fpr_owa,1.134370672004685,1.184962124752771,1.1262025979673025,1.75234456813075,1.93807001433504,0.7
full_seed101_bias_0p1_noise0p25_s13_a0p2_b0p7,101,bias,0.1,0.25,13,0.2,crp,1.1878309726057987,1.2457507387069002,1.1713978182655744,1.7524638013672085,1.93807001433504,0.7
full_seed101_bias_0p1_noise0p25_s13_a0p3_b0p8,101,bias,0.1,0.25,13,0.3,fpr_owa,1.3606577430636164,1.4449374455091757,1.3149504072830376,2.148530051422654,2.348715633380049,0.8
full_seed101_bias_0p1_noise0p25_s13_a0p3_b0p8,101,bias,0.1,0.25,13,0.3,crp,1.3909652050081072,1.4873041475227191,1.351090046016153,2.16607742898245,2.348715633380049,0.8
full_seed101_bias_0p1_noise0p25_s5_a0p2_b0p7,101,bias,0.1,0.25,5,0.2,fpr_owa,1.7336143413815548,1.8099001257236491,1.6922920438569655,2.55417172044426,2.7327033676123493,0.7
full_seed101_bias_0p1_noise0p25_s5_a0p2_b0p7,101,bias,0.1,0.25,5,0.2,crp,1.7336143413815548,1.8099001257236491,1.6922920438569655,2.55417172044426,2.7327033676123493,0.7
full_seed101_bias_0p1_noise0p25_s5_a0p3_b0p8,101,bias,0.1,0.25,5,0.3,fpr_owa,1.7299506229173902,1.809798933912468,1.6661550456250218,2.56977910378971,2.767724316695624,0.8
full_seed101_bias_0p1_noise0p25_s5_a0p3_b0p8,101,bias,0.1,0.25,5,0.3,crp,1.7299506229173902,1.809798933912468,1.6661550456250218,2.56977910378971,2.767724316695624,0.8
full_seed101_bias_0p1_noise0p25_s9_a0p2_b0p7,101,bias,0.1,0.25,9,0.2,fpr_owa,1.6879290218740823,1.7475129365778548,1.5943346499091635,2.411736744351193,2.5823984057279774,0.7
full_seed101_bias_0p1_noise0p25_s9_a0p2_b0p7,101,bias,0.1,0.25,9,0.2,crp,1.7269383868367203,1.790519610312082,1.6547990319793695,2.432221308781799,2.5823984057279774,0.7
full_seed101_bias_0p1_noise0p25_s9_a0p3_b0p8,101,bias,0.1,0.25,9,0.3,fpr_owa,1.725427253212176,1.7956921250954652,1.611748537758249,2.453655764154209,2.671886585904733,0.8
full_seed101_bias_0p1_noise0p25_s9_a0p3_b0p8,101,bias,0.1,0.25,9,0.3,crp,1.7282601976359393,1.8023372168566485,1.6166704391196736,2.4958493645238704,2.717469723365046,0.8
full_seed101_bias_0p1_noise0p5_s13_a0p2_b0p7,101,bias,0.1,0.5,13,0.2,fpr_owa,1.2072584099527317,1.273721972248634,1.164900758904721,1.8874874349884891,2.221630566581403,0.7
full_seed101_bias_0p1_noise0p5_s13_a0p2_b0p7,101,bias,0.1,0.5,13,0.2,crp,1.268213188437591,1.3502378093226168,1.2387970940273552,1.987057174181453,2.4129216428441707,0.7
full_seed101_bias_0p1_noise0p5_s13_a0p3_b0p8,101,bias,0.1,0.5,13,0.3,fpr_owa,1.325444308251786,1.4215220887269708,1.2768421337661944,2.1780102585617818,2.4987166291150835,0.8
full_seed101_bias_0p1_noise0p5_s13_a0p3_b0p8,101,bias,0.1,0.5,13,0.3,crp,1.33943423983918,1.4549479634738185,1.264609323470709,2.331178761822599,2.638924195582395,0.8
full_seed101_bias_0p1_noise0p5_s5_a0p2_b0p7,101,bias,0.1,0.5,5,0.2,fpr_owa,1.709271226509631,1.8044491280747168,1.6461929187271442,2.6895015239178703,3.020868080479137,0.7
full_seed101_bias_0p1_noise0p5_s5_a0p2_b0p7,101,bias,0.1,0.5,5,0.2,crp,1.7108937448554966,1.806884459017612,1.6461929187271442,2.6986287482273794,3.020868080479137,0.7
full_seed101_bias_0p1_noise0p5_s5_a0p3_b0p8,101,bias,0.1,0.5,5,0.3,fpr_owa,1.703342370087818,1.80311874125599,1.6345246869770231,2.725174442138963,3.089570498033422,0.8
full_seed101_bias_0p1_noise0p5_s5_a0p3_b0p8,101,bias,0.1,0.5,5,0.3,crp,1.70423412637046,1.8045258351022189,1.6345246869770231,2.725174442138963,3.089570498033422,0.8
full_seed101_bias_0p1_noise0p5_s9_a0p2_b0p7,101,bias,0.1,0.5,9,0.2,fpr_owa,1.6740815376245135,1.7484949178543567,1.5876695195774304,2.4759125240650213,2.774723130858848,0.7
full_seed101_bias_0p1_noise0p5_s9_a0p2_b0p7,101,bias,0.1,0.5,9,0.2,crp,1.6956406818276275,1.7748936264379815,1.630037515286001,2.5722174246758733,2.7704657387066534,0.7
full_seed101_bias_0p1_noise0p5_s9_a0p3_b0p8,101,bias,0.1,0.5,9,0.3,fpr_owa,1.7002527703064454,1.7793274287900822,1.6326205385463677,2.60260037386507,2.899386382569466,0.8
full_seed101_bias_0p1_noise0p5_s9_a0p3_b0p8,101,bias,0.1,0.5,9,0.3,crp,1.6995474376448236,1.784646224228048,1.6191030876108847,2.610265449817572,2.9735718573811485,0.8
full_seed101_bias_0p2_noise0p1_s13_a0p2_b0p7,101,bias,0.2,0.1,13,0.2,fpr_owa,0.9798105620883404,1.0403060853043713,0.8891274085871712,1.5976442639919717,1.7056900502596406,0.7
full_seed101_bias_0p2_noise0p1_s13_a0p2_b0p7,101,bias,0.2,0.1,13,0.2,crp,0.9622242783505196,1.0293794383740913,0.8891274085871712,1.5976442639919717,1.7056900502596406,0.7
full_seed101_bias_0p2_noise0p1_s13_a0p3_b0p8,101,bias,0.2,0.1,13,0.3,fpr_owa,1.145571566714465,1.247681749391894,1.0099968070706522,2.033270501072068,2.142828786129591,0.8
full_seed101_bias_0p2_noise0p1_s13_a0p3_b0p8,101,bias,0.2,0.1,13,0.3,crp,1.1204272787756906,1.236944067445219,1.0207258561967385,2.033270501072068,2.142828786129591,0.8
full_seed101_bias_0p2_noise0p1_s5_a0p2_b0p7,101,bias,0.2,0.1,5,0.2,fpr_owa,1.7137869759559945,1.7795393424278434,1.6009027411088603,2.4449080454817262,2.605168287783102,0.7
full_seed101_bias_0p2_noise0p1_s5_a0p2_b0p7,101,bias,0.2,0.1,5,0.2,crp,1.7392417212044196,1.812358431028568,1.6454078207894698,2.448961580022126,2.650399534457988,0.7
full_seed101_bias_0p2_noise0p1_s5_a0p3_b0p8,101,bias,0.2,0.1,5,0.3,fpr_owa,1.7465013778979313,1.815729063950368,1.646020178650197,2.4769472000329715,2.5855766739862327,0.8
full_seed101_bias_0p2_noise0p1_s5_a0p3_b0p8,101,bias,0.2,0.1,5,0.3,crp,1.7514217087249802,1.8287405093194171,1.6550416754652488,2.496660382787619,2.6558838911992244,0.8
full_seed101_bias_0p2_noise0p1_s9_a0p2_b0p7,101,bias,0.2,0.1,9,0.2,fpr_owa,1.6229969839786564,1.6731800006743869,1.5098584284162573,2.3802103808800967,2.504841460449386,0.7
full_seed101_bias_0p2_noise0p1_s9_a0p2_b0p7,101,bias,0.2,0.1,9,0.2,crp,1.6606562291045477,1.710022809623018,1.560201312550332,2.3832704477958364,2.504841460449386,0.7
full_seed101_bias_0p2_noise0p1_s9_a0p3_b0p8,101,bias,0.2,0.1,9,0.3,fpr_owa,1.666878832051958,1.729147550283599,1.5638040939910431,2.4709163614723675,2.539427961443164,0.8
full_seed101_bias_0p2_noise0p1_s9_a0p3_b0p8,101,bias,0.2,0.1,9,0.3,crp,1.6846564607260934,1.749548609329445,1.5820205063562802,2.4709163614723675,2.539427961443164,0.8
full_seed101_bias_0p2_noise0p25_s13_a0p2_b0p7,101,bias,0.2,0.25,13,0.2,fpr_owa,1.002751431652364,1.0771860368329285,0.925067235325392,1.7598419083712806,1.93807001433504,0.7
full_seed101_bias_0p2_noise0p25_s13_a0p2_b0p7,101,bias,0.2,0.25,13,0.2,crp,1.003134728018011,1.0838889645093963,0.9405900605343662,1.7524638013672085,1.9895077096931049,0.7
full_seed101_bias_0p2_noise0p25_s13_a0p3_b0p8,101,bias,0.2,0.25,13,0.3,fpr_owa,1.138027277995512,1.2464620970861282,0.9999972206977612,2.148530051422654,2.348715633380049,0.8
full_seed101_bias_0p2_noise0p25_s13_a0p3_b0p8,101,bias,0.2,0.25,13,0.3,crp,1.1312272889379889,1.248007244401901,1.0268996084915385,2.136763797702655,2.348715633380049,0.8
full_seed101_bias_0p2_noise0p25_s5_a0p2_b0p7,101,bias,0.2,0.25,5,0.2,fpr_owa,1.693356201101288,1.7643673400350972,1.5924318401393318,2.4945243726440607,2.713322161879084,0.7
full_seed101_bias_0p2_noise0p25_s5_a0p2_b0p7,101,bias,0.2,0.25,5,0.2,crp,1.7120215678405173,1.7880223708484215,1.6497443596420331,2.505797296796862,2.713322161879084,0.7
full_seed101_bias_0p2_noise0p25_s5_a0p3_b0p8,101,bias,0.2,0.25,5,0.3,fpr_owa,1.7268151803120182,1.8003055069833422,1.6325889233925834,2.533361552251704,2.767724316695624,0.8
full_seed101_bias_0p2_noise0p25_s5_a0p3_b0p8,101,bias,0.2,0.25,5,0.3,crp,1.7266155689479452,1.805730875100149,1.6441474643535716,2.552725077352428,2.767724316695624,0.8
full_seed101_bias_0p2_noise0p25_s9_a0p2_b0p7,101,bias,0.2,0.25,9,0.2,fpr_owa,1.624887379113754,1.6896756969515827,1.5147816129314686,2.4324882517854496,3.0701399908280944,0.7
full_seed101_bias_0p2_noise0p25_s9_a0p2_b0p7,101,bias,0.2,0.25,9,0.2,crp,1.659056885044736,1.7223907700786256,1.5664353799112547,2.4290730563367324,2.8692620738506607,0.7
full_seed101_bias_0p2_noise0p25_s9_a0p3_b0p8,101,bias,0.2,0.25,9,0.3,fpr_owa,1.663161673497533,1.730350536258689,1.538752725886162,2.4317161055377188,2.741795684953831,0.8
full_seed101_bias_0p2_noise0p25_s9_a0p3_b0p8,101,bias,0.2,0.25,9,0.3,crp,1.6837263661925812,1.7544188550452933,1.5779000557140723,2.453025138276993,2.6939513619498787,0.8
full_seed101_bias_0p2_noise0p5_s13_a0p2_b0p7,101,bias,0.2,0.5,13,0.2,fpr_owa,1.0745553698992794,1.1698901230622811,1.0294662004766575,1.8718843985509568,2.3691642861580315,0.7
full_seed101_bias_0p2_noise0p5_s13_a0p2_b0p7,101,bias,0.2,0.5,13,0.2,crp,1.1264789541100872,1.2213646954693556,1.078195901881602,1.967809560141824,3.179475048689443,0.7
full_seed101_bias_0p2_noise0p5_s13_a0p3_b0p8,101,bias,0.2,0.5,13,0.3,fpr_owa,1.1324984301331535,1.244175371475511,1.033924722124861,2.1256516406144925,3.033902587784595,0.8
full_seed101_bias_0p2_noise0p5_s13_a0p3_b0p8,101,bias,0.2,0.5,13,0.3,crp,1.1980835874173044,1.314295031218875,1.0903211147418124,2.178583281858926,3.4791862276886643,0.8
full_seed101_bias_0p2_noise0p5_s5_a0p2_b0p7,101,bias,0.2,0.5,5,0.2,fpr_owa,1.67296640555292,1.7598802145444017,1.5775002723468172,2.558268149259076,3.020868080479137,0.7
full_seed101_bias_0p2_noise0p5_s5_a0p2_b0p7,101,bias,0.2,0.5,5,0.2,crp,1.6931280559316857,1.7896836202948572,1.63651735596516,2.6737335353919844,3.020868080479137,0.7
full_seed101_bias_0p2_noise0p5_s5_a0p3_b0p8,101,bias,0.2,0.5,5,0.3,fpr_owa,1.712722644043706,1.8042581463980296,1.651041500278442,2.6756641174090787,3.089570498033422,0.8
full_seed101_bias_0p2_noise0p5_s5_a0p3_b0p8,101,bias,0.2,0.5,5,0.3,crp,1.716044078923848,1.817983980386101,1.6622739545459049,2.743701160252898,3.089570498033422,0.8
full_seed101_bias_0p2_noise0p5_s9_a0p2_b0p7,101,bias,0.2,0.5,9,0.2,fpr_owa,1.643418115654815,1.732407798037465,1.5408889685436915,2.625378007415964,3.585793215755493,0.7
full_seed101_bias_0p2_noise0p5_s9_a0p2_b0p7,101,bias,0.2,0.5,9,0.2,crp,1.6630428330697165,1.748135825689961,1.5860432372499806,2.575779777572305,3.069047321510977,0.7
full_seed101_bias_0p2_noise0p5_s9_a0p3_b0p8,101,bias,0.2,0.5,9,0.3,fpr_owa,1.6566365984650242,1.7360025869996492,1.5631541072171211,2.584237882047676,2.964108270147804,0.8
full_seed101_bias_0p2_noise0p5_s9_a0p3_b0p8,101,bias,0.2,0.5,9,0.3,crp,1.6801439167792094,1.7657800053566692,1.571148724148809,2.630330168124529,2.91835169895083,0.8
full_seed101_bias_0p3_noise0p1_s13_a0p2_b0p7,101,bias,0.3,0.1,13,0.2,fpr_owa,1.195270206395294,1.2273574111018626,1.1999700094968535,1.603376899036027,1.7056900502596406,0.7
full_seed101_bias_0p3_noise0p1_s13_a0p2_b0p7,101,bias,0.3,0.1,13,0.2,crp,1.1791158798801338,1.2135166193293074,1.1858250601806994,1.603376899036027,1.7056900502596406,0.7
full_seed101_bias_0p3_noise0p1_s13_a0p3_b0p8,101,bias,0.3,0.1,13,0.3,fpr_owa,1.0472724382639464,1.1939398766951272,0.8911459995950823,2.033270501072068,2.142828786129591,0.8
full_seed101_bias_0p3_noise0p1_s13_a0p3_b0p8,101,bias,0.3,0.1,13,0.3,crp,1.0401544431768024,1.1870182624962973,0.8806928942413179,2.033270501072068,2.142828786129591,0.8
full_seed101_bias_0p3_noise0p1_s5_a0p2_b0p7,101,bias,0.3,0.1,5,0.2,fpr_owa,2.30536101452348,2.4712255721894447,2.3481020394723235,3.857129154402629,4.021662643008527,0.7
full_seed101_bias_0p3_noise0p1_s5_a0p2_b0p7,101,bias,0.3,0.1,5,0.2,crp,2.268901820303973,2.43327738584068,2.286443689896995,3.857129154402629,4.021662643008527,0.7
full_seed101_bias_0p3_noise0p1_s5_a0p3_b0p8,101,bias,0.3,0.1,5,0.3,fpr_owa,1.9995824487508471,2.0956040140571544,1.977457959384276,3.102679330001708,3.2707927675086617,0.8
full_seed101_bias_0p3_noise0p1_s5_a0p3_b0p8,101,bias,0.3,0.1,5,0.3,crp,1.9861295859775927,2.081853672198526,1.9698549256906968,3.102679330001708,3.2707927675086617,0.8
full_seed101_bias_0p3_noise0p1_s9_a0p2_b0p7,101,bias,0.3,0.1,9,0.2,fpr_owa,1.9339695944024529,1.9961326502195809,1.936366117463456,2.728483033155865,2.8856628646521503,0.7
full_seed101_bias_0p3_noise0p1_s9_a0p2_b0p7,101,bias,0.3,0.1,9,0.2,crp,1.9225515560827893,1.9835792755751476,1.9353744229293497,2.728483033155865,2.8856628646521503,0.7
full_seed101_bias_0p3_noise0p1_s9_a0p3_b0p8,101,bias,0.3,0.1,9,0.3,fpr_owa,1.629053715424894,1.6904873805080467,1.5177154006771214,2.4709163614723675,2.539427961443164,0.8
full_seed101_bias_0p3_noise0p1_s9_a0p3_b0p8,101,bias,0.3,0.1,9,0.3,crp,1.6367799115991457,1.6992479572551722,1.5177154006771214,2.4709163614723675,2.539427961443164,0.8
full_seed101_bias_0p3_noise0p25_s13_a0p2_b0p7,101,bias,0.3,0.25,13,0.2,fpr_owa,1.2117147620169,1.2538455678435625,1.208536474943161,1.7632989542236357,2.2648107955012766,0.7
full_seed101_bias_0p3_noise0p25_s13_a0p2_b0p7,101,bias,0.3,0.25,13,0.2,crp,1.161601141163524,1.2144541995202005,1.166738910198456,1.7632989542236357,2.2648107955012766,0.7
full_seed101_bias_0p3_noise0p25_s13_a0p3_b0p8,101,bias,0.3,0.25,13,0.3,fpr_owa,1.0329927198736648,1.190633665510172,0.9135930699157148,2.148530051422654,2.348715633380049,0.8
full_seed101_bias_0p3_noise0p25_s13_a0p3_b0p8,101,bias,0.3,0.25,13,0.3,crp,1.033443741499306,1.1892703181958109,0.9159805875870308,2.136763797702655,2.348715633380049,0.8
full_seed101_bias_0p3_noise0p25_s5_a0p2_b0p7,101,bias,0.3,0.25,5,0.2,fpr_owa,2.26426460786899,2.4320440648265857,2.2895568640239308,3.755877172272047,4.089892749263723,0.7
full_seed101_bias_0p3_noise0p25_s5_a0p2_b0p7,101,bias,0.3,0.25,5,0.2,crp,2.204235142239557,2.372142716536416,2.129872392888414,3.755877172272047,4.089892749263723,0.7
full_seed101_bias_0p3_noise0p25_s5_a0p3_b0p8,101,bias,0.3,0.25,5,0.3,fpr_owa,1.962661068921756,2.0603340049340253,1.9474957875925047,3.0150265003683017,3.356559521571116,0.8
full_seed101_bias_0p3_noise0p25_s5_a0p3_b0p8,101,bias,0.3,0.25,5,0.3,crp,1.9347442539255264,2.0336398276581997,1.9121085690028197,3.0150265003683017,3.356559521571116,0.8
full_seed101_bias_0p3_noise0p25_s9_a0p2_b0p7,101,bias,0.3,0.25,9,0.2,fpr_owa,1.9182759041184776,1.995743781287376,1.935348055667319,2.764961302244434,3.8957933064215537,0.7
full_seed101_bias_0p3_noise0p25_s9_a0p2_b0p7,101,bias,0.3,0.25,9,0.2,crp,1.906612630269557,1.991290672355576,1.9066797433518297,2.776748820669006,3.8957933064215537,0.7
full_seed101_bias_0p3_noise0p25_s9_a0p3_b0p8,101,bias,0.3,0.25,9,0.3,fpr_owa,1.6416137120148198,1.715789588541181,1.534226511205273,2.4640197873819445,3.62678250755328,0.8
full_seed101_bias_0p3_noise0p25_s9_a0p3_b0p8,101,bias,0.3,0.25,9,0.3,crp,1.657856415305286,1.7336704307181143,1.5404009208959089,2.4644343528102017,3.62678250755328,0.8
full_seed101_bias_0p3_noise0p5_s13_a0p2_b0p7,101,bias,0.3,0.5,13,0.2,fpr_owa,1.2557508118206528,1.3216023844538252,1.240801419563994,2.015274085532845,2.434935337336376,0.7
full_seed101_bias_0p3_noise0p5_s13_a0p2_b0p7,101,bias,0.3,0.5,13,0.2,crp,1.1784675934395648,1.2762375016571172,1.16526975139191,2.052982715802549,2.5736396662538983,0.7
full_seed101_bias_0p3_noise0p5_s13_a0p3_b0p8,101,bias,0.3,0.5,13,0.3,fpr_owa,1.0572320507821062,1.2108981858313252,0.950582730584552,2.178583281858926,2.523261703660225,0.8
full_seed101_bias_0p3_noise0p5_s13_a0p3_b0p8,101,bias,0.3,0.5,13,0.3,crp,1.1029362900284378,1.244126909443119,0.9937858423028788,2.1669007249504166,3.2126449612950974,0.8
full_seed101_bias_0p3_noise0p5_s5_a0p2_b0p7,101,bias,0.3,0.5,5,0.2,fpr_owa,2.1981102249790547,2.366284580931799,2.2217596921489497,3.6526923030679934,4.24440332519552,0.7
full_seed101_bias_0p3_noise0p5_s5_a0p2_b0p7,101,bias,0.3,0.5,5,0.2,crp,2.074516151851355,2.2427937617465954,1.987552284450415,3.6526923030679934,4.48108425947705,0.7
full_seed101_bias_0p3_noise0p5_s5_a0p3_b0p8,101,bias,0.3,0.5,5,0.3,fpr_owa,1.9304402045592133,2.041578080398037,1.911729764638196,3.042518654848751,3.733496089358624,0.8
full_seed101_bias_0p3_noise0p5_s5_a0p3_b0p8,101,bias,0.3,0.5,5,0.3,crp,1.8800657546060997,2.001855329159427,1.856492769185645,3.042578385853139,4.494836611979331,0.8
full_seed101_bias_0p3_noise0p5_s9_a0p2_b0p7,101,bias,0.3,0.5,9,0.2,fpr_owa,1.934327891131308,2.046380167141249,1.917694370698539,3.02409587590058,4.367946057071332,0.7
full_seed101_bias_0p3_noise0p5_s9_a0p2_b0p7,101,bias,0.3,0.5,9,0.2,crp,1.8567682850176728,1.9701110706553384,1.8357709990886133,3.0612544590189,4.177347845854914,0.7
full_seed101_bias_0p3_noise0p5_s9_a0p3_b0p8,101,bias,0.3,0.5,9,0.3,fpr_owa,1.6897343072660935,1.792331087563826,1.557837512059837,2.793560161549488,3.722369282818158,0.8
full_seed101_bias_0p3_noise0p5_s9_a0p3_b0p8,101,bias,0.3,0.5,9,0.3,crp,1.6846113343235745,1.7796272004004314,1.571148724148809,2.7478231099816584,3.410423319771678,0.8
full_seed101_bias_0p4_noise0p1_s13_a0p2_b0p7,101,bias,0.4,0.1,13,0.2,fpr_owa,1.507802291813456,1.5930028192464074,1.5274600531484552,2.2572720466494856,2.390195862371012,0.7
full_seed101_bias_0p4_noise0p1_s13_a0p2_b0p7,101,bias,0.4,0.1,13,0.2,crp,1.4725174985532736,1.563974140957758,1.5029494055654438,2.2572720466494856,2.390195862371012,0.7
full_seed101_bias_0p4_noise0p1_s13_a0p3_b0p8,101,bias,0.4,0.1,13,0.3,fpr_owa,1.2517744244929263,1.3196785038512873,1.1378893448914564,2.033270501072068,2.142828786129591,0.8
full_seed101_bias_0p4_noise0p1_s13_a0p3_b0p8,101,bias,0.4,0.1,13,0.3,crp,1.229321270915318,1.3065459234752084,1.1358745070654035,2.033270501072068,2.142828786129591,0.8
full_seed101_bias_0p4_noise0p1_s5_a0p2_b0p7,101,bias,0.4,0.1,5,0.2,fpr_owa,2.30536101452348,2.4712255721894447,2.3481020394723235,3.857129154402629,4.021662643008527,0.7
full_seed101_bias_0p4_noise0p1_s5_a0p2_b0p7,101,bias,0.4,0.1,5,0.2,crp,2.268901820303973,2.43327738584068,2.286443689896995,3.857129154402629,4.021662643008527,0.7
full_seed101_bias_0p4_noise0p1_s5_a0p3_b0p8,101,bias,0.4,0.1,5,0.3,fpr_owa,1.9995824487508471,2.0956040140571544,1.977457959384276,3.102679330001708,3.2707927675086617,0.8
full_seed101_bias_0p4_noise0p1_s5_a0p3_b0p8,101,bias,0.4,0.1,5,0.3,crp,1.9861295859775927,2.081853672198526,1.9698549256906968,3.102679330001708,3.2707927675086617,0.8
full_seed101_bias_0p4_noise0p1_s9_a0p2_b0p7,101,bias,0.4,0.1,9,0.2,fpr_owa,2.2867076924949545,2.430509222208748,2.2704013710352573,3.6034584016397457,3.765175296508037,0.7
full_seed101_bias_0p4_noise0p1_s9_a0p2_b0p7,101,bias,0.4,0.1,9,0.2,crp,2.2671686998223057,2.4089140759861563,2.223788436488686,3.6034584016397457,3.765175296508037,0.7
full_seed101_bias_0p4_noise0p1_s9_a0p3_b0p8,101,bias,0.4,0.1,9,0.3,fpr_owa,1.9498934878519985,2.029095550684464,1.973568525342269,2.812764797893313,2.973265641931511,0.8
full_seed101_bias_0p4_noise0p1_s9_a0p3_b0p8,101,bias,0.4,0.1,9,0.3,crp,1.9435792415079536,2.0220776786008536,1.969329261002693,2.812764797893313,2.973265641931511,0.8
full_seed101_bias_0p4_noise0p25_s13_a0p2_b0p7,101,bias,0.4,0.25,13,0.2,fpr_owa,1.5029131863391203,1.585721425860236,1.59037821855466,2.244651254188885,2.8801954108858925,0.7
full_seed101_bias_0p4_noise0p25_s13_a0p2_b0p7,101,bias,0.4,0.25,13,0.2,crp,1.4579755716085907,1.5491569458169827,1.5510329405499343,2.244651254188885,2.8801954108858925,0.7
full_seed101_bias_0p4_noise0p25_s13_a0p3_b0p8,101,bias,0.4,0.25,13,0.3,fpr_owa,1.234605705265136,1.3157049360568338,1.1080723581602967,2.148530051422654,2.348715633380049,0.8
full_seed101_bias_0p4_noise0p25_s13_a0p3_b0p8,101,bias,0.4,0.25,13,0.3,crp,1.207274377501975,1.2986962064939973,1.0926196432603388,2.136763797702655,2.348715633380049,0.8
full_seed101_bias_0p4_noise0p25_s5_a0p2_b0p7,101,bias,0.4,0.25,5,0.2,fpr_owa,2.26426460786899,2.4320440648265857,2.2895568640239308,3.755877172272047,4.089892749263723,0.7
full_seed101_bias_0p4_noise0p25_s5_a0p2_b0p7,101,bias,0.4,0.25,5,0.2,crp,2.204235142239557,2.372142716536416,2.129872392888414,3.755877172272047,4.089892749263723,0.7
full_seed101_bias_0p4_noise0p25_s5_a0p3_b0p8,101,bias,0.4,0.25,5,0.3,fpr_owa,1.962661068921756,2.0603340049340253,1.9474957875925047,3.0150265003683017,3.356559521571116,0.8
full_seed101_bias_0p4_noise0p25_s5_a0p3_b0p8,101,bias,0.4,0.25,5,0.3,crp,1.9347442539255264,2.0336398276581997,1.9121085690028197,3.0150265003683017,3.356559521571116,0.8
full_seed101_bias_0p4_noise0p25_s9_a0p2_b0p7,101,bias,0.4,0.25,9,0.2,fpr_owa,2.269331180320983,2.430079490102679,2.2398437230461936,3.6394237012477975,4.722180944750449,0.7
full_seed101_bias_0p4_noise0p25_s9_a0p2_b0p7,101,bias,0.4,0.25,9,0.2,crp,2.2585329602608786,2.424722087006725,2.1976305920447805,3.654824343730916,4.851079066150158,0.7
full_seed101_bias_0p4_noise0p25_s9_a0p3_b0p8,101,bias,0.4,0.25,9,0.3,fpr_owa,1.9585040663141,2.055146763196042,1.9835144114816647,2.862194640391834,4.041621060275768,0.8
full_seed101_bias_0p4_noise0p25_s9_a0p3_b0p8,101,bias,0.4,0.25,9,0.3,crp,1.98018522206208,2.1035220304228406,1.961697087847826,2.8648379544478537,5.723090788594761,0.8
full_seed101_bias_0p4_noise0p5_s13_a0p2_b0p7,101,bias,0.4,0.5,13,0.2,fpr_owa,1.5232267064253495,1.625506416578895,1.508633085175915,2.418472982583172,3.0415067331494625,0.7
full_seed101_bias_0p4_noise0p5_s13_a0p2_b0p7,101,bias,0.4,0.5,13,0.2,crp,1.474718809174696,1.6278370423712851,1.4038758035389782,2.571781911179692,5.034117605462693,0.7
full_seed101_bias_0p4_noise0p5_s13_a0p3_b0p8,101,bias,0.4,0.5,13,0.3,fpr_owa,1.261102071842897,1.3732318883261014,1.164370575953749,2.3085096219916506,3.010584989931685,0.8
full_seed101_bias_0p4_noise0p5_s13_a0p3_b0p8,101,bias,0.4,0.5,13,0.3,crp,1.246969135746465,1.4316755500804528,1.1195434021576478,2.410504724253465,5.374516378682173,0.8
full_seed101_bias_0p4_noise0p5_s5_a0p2_b0p7,101,bias,0.4,0.5,5,0.2,fpr_owa,2.1981102249790547,2.366284580931799,2.2217596921489497,3.6526923030679934,4.24440332519552,0.7
full_seed101_bias_0p4_noise0p5_s5_a0p2_b0p7,101,bias,0.4,0.5,5,0.2,crp,2.074516151851355,2.2427937617465954,1.987552284450415,3.6526923030679934,4.48108425947705,0.7
full_seed101_bias_0p4_noise0p5_s5_a0p3_b0p8,101,bias,0.4,0.5,5,0.3,fpr_owa,1.9304402045592133,2.041578080398037,1.911729764638196,3.042518654848751,3.733496089358624,0.8
full_seed101_bias_0p4_noise0p5_s5_a0p3_b0p8,101,bias,0.4,0.5,5,0.3,crp,1.8800657546060997,2.001855329159427,1.856492769185645,3.042578385853139,4.494836611979331,0.8
full_seed101_bias_0p4_noise0p5_s9_a0p2_b0p7,101,bias,0.4,0.5,9,0.2,fpr_owa,2.3383254903782538,2.570880690051255,2.201482428751464,4.588742343724411,5.221633164003812,0.7
full_seed101_bias_0p4_noise0p5_s9_a0p2_b0p7,101,bias,0.4,0.5,9,0.2,crp,2.2590262444328344,2.4953871947919923,2.050560158451902,4.444936096467344,6.5121705841200965,0.7
full_seed101_bias_0p4_noise0p5_s9_a0p3_b0p8,101,bias,0.4,0.5,9,0.3,fpr_owa,2.053446739745022,2.212591866164028,1.9508840339764524,3.739834328039304,4.579939172447104,0.8
full_seed101_bias_0p4_noise0p5_s9_a0p3_b0p8,101,bias,0.4,0.5,9,0.3,crp,2.070567355929667,2.303779039176294,1.8720197485474213,4.205719405317895,6.446966851448303,0.8
full_seed101_drift_0p0_noise0p1_s13_a0p2_b0p7,101,drift,0.0,0.1,13,0.2,fpr_owa,1.2005996835464343,1.2492934636752335,1.1936329513941824,1.6485568056889095,1.7438379620698026,0.7
full_seed101_drift_0p0_noise0p1_s13_a0p2_b0p7,101,drift,0.0,0.1,13,0.2,crp,1.2005996835464343,1.2492934636752335,1.1936329513941824,1.6485568056889095,1.7438379620698026,0.7
full_seed101_drift_0p0_noise0p1_s13_a0p3_b0p8,101,drift,0.0,0.1,13,0.3,fpr_owa,1.459851850307026,1.5405262522493737,1.4105131735776282,2.0889440810659385,2.241185361713773,0.8
full_seed101_drift_0p0_noise0p1_s13_a0p3_b0p8,101,drift,0.0,0.1,13,0.3,crp,1.459851850307026,1.5405262522493737,1.4105131735776282,2.0889440810659385,2.241185361713773,0.8
full_seed101_drift_0p0_noise0p1_s5_a0p2_b0p7,101,drift,0.0,0.1,5,0.2,fpr_owa,1.767117669704048,1.8354108405671965,1.6600840900874871,2.4665471628706577,2.623309323256321,0.7
full_seed101_drift_0p0_noise0p1_s5_a0p2_b0p7,101,drift,0.0,0.1,5,0.2,crp,1.767117669704048,1.8354108405671965,1.6600840900874871,2.4665471628706577,2.623309323256321,0.7
full_seed101_drift_0p0_noise0p1_s5_a0p3_b0p8,101,drift,0.0,0.1,5,0.3,fpr_owa,1.7626268134227294,1.838567579606963,1.6659867656620362,2.496622538502625,2.5856445900776754,0.8
full_seed101_drift_0p0_noise0p1_s5_a0p3_b0p8,101,drift,0.0,0.1,5,0.3,crp,1.7626268134227294,1.838567579606963,1.6659867656620362,2.496622538502625,2.5856445900776754,0.8
full_seed101_drift_0p0_noise0p1_s9_a0p2_b0p7,101,drift,0.0,0.1,9,0.2,fpr_owa,1.7649217452909671,1.8188107961041775,1.6358181714411566,2.402411083444426,2.5208303773184952,0.7
full_seed101_drift_0p0_noise0p1_s9_a0p2_b0p7,101,drift,0.0,0.1,9,0.2,crp,1.7649217452909671,1.8188107961041775,1.6358181714411566,2.402411083444426,2.5208303773184952,0.7
full_seed101_drift_0p0_noise0p1_s9_a0p3_b0p8,101,drift,0.0,0.1,9,0.3,fpr_owa,1.748512793146674,1.822359247104944,1.6160641797705488,2.483087558392486,2.621842066792208,0.8
full_seed101_drift_0p0_noise0p1_s9_a0p3_b0p8,101,drift,0.0,0.1,9,0.3,crp,1.748512793146674,1.822359247104944,1.6160641797705488,2.483087558392486,2.621842066792208,0.8
full_seed101_drift_0p0_noise0p25_s13_a0p2_b0p7,101,drift,0.0,0.25,13,0.2,fpr_owa,1.236562460285135,1.2956308708465365,1.2044535377120542,1.82105823882284,1.93807001433504,0.7
full_seed101_drift_0p0_noise0p25_s13_a0p2_b0p7,101,drift,0.0,0.25,13,0.2,crp,1.236562460285135,1.2956308708465365,1.2044535377120542,1.82105823882284,1.93807001433504,0.7
full_seed101_drift_0p0_noise0p25_s13_a0p3_b0p8,101,drift,0.0,0.25,13,0.3,fpr_owa,1.4423166327854453,1.5394491390162115,1.4096630712143363,2.215127343217554,2.402718544702593,0.8
full_seed101_drift_0p0_noise0p25_s13_a0p3_b0p8,101,drift,0.0,0.25,13,0.3,crp,1.4423166327854453,1.5394491390162115,1.4096630712143363,2.215127343217554,2.402718544702593,0.8
full_seed101_drift_0p0_noise0p25_s5_a0p2_b0p7,101,drift,0.0,0.25,5,0.2,fpr_owa,1.7336143413815548,1.8099001257236491,1.6922920438569655,2.55417172044426,2.7327033676123493,0.7
full_seed101_drift_0p0_noise0p25_s5_a0p2_b0p7,101,drift,0.0,0.25,5,0.2,crp,1.7336143413815548,1.8099001257236491,1.6922920438569655,2.55417172044426,2.7327033676123493,0.7
full_seed101_drift_0p0_noise0p25_s5_a0p3_b0p8,101,drift,0.0,0.25,5,0.3,fpr_owa,1.7299506229173902,1.809798933912468,1.6661550456250218,2.56977910378971,2.767724316695624,0.8
full_seed101_drift_0p0_noise0p25_s5_a0p3_b0p8,101,drift,0.0,0.25,5,0.3,crp,1.7299506229173902,1.809798933912468,1.6661550456250218,2.56977910378971,2.767724316695624,0.8
full_seed101_drift_0p0_noise0p25_s9_a0p2_b0p7,101,drift,0.0,0.25,9,0.2,fpr_owa,1.7298027951227697,1.795488778870893,1.6024240184477152,2.4398284480022494,2.632631395399988,0.7
full_seed101_drift_0p0_noise0p25_s9_a0p2_b0p7,101,drift,0.0,0.25,9,0.2,crp,1.7298027951227697,1.795488778870893,1.6024240184477152,2.4398284480022494,2.632631395399988,0.7
full_seed101_drift_0p0_noise0p25_s9_a0p3_b0p8,101,drift,0.0,0.25,9,0.3,fpr_owa,1.7256608562942817,1.7990798317672998,1.6358554405371024,2.4886343819454897,2.781453042917504,0.8
full_seed101_drift_0p0_noise0p25_s9_a0p3_b0p8,101,drift,0.0,0.25,9,0.3,crp,1.7256608562942817,1.7990798317672998,1.6358554405371024,2.4886343819454897,2.781453042917504,0.8
full_seed101_drift_0p0_noise0p5_s13_a0p2_b0p7,101,drift,0.0,0.5,13,0.2,fpr_owa,1.2839222170748892,1.3602123416225274,1.240801419563994,2.046768449975125,2.3782249001293287,0.7
full_seed101_drift_0p0_noise0p5_s13_a0p2_b0p7,101,drift,0.0,0.5,13,0.2,crp,1.2997189676694498,1.3803135158877573,1.240801419563994,2.053681390863597,2.434949713201487,0.7
full_seed101_drift_0p0_noise0p5_s13_a0p3_b0p8,101,drift,0.0,0.5,13,0.3,fpr_owa,1.3542700790443412,1.4646362664908377,1.2917001243824369,2.3401931281901307,2.585645126688344,0.8
full_seed101_drift_0p0_noise0p5_s13_a0p3_b0p8,101,drift,0.0,0.5,13,0.3,crp,1.3795600058190316,1.4935824973058032,1.297581587519955,2.364057041305829,2.6816652677859327,0.8
full_seed101_drift_0p0_noise0p5_s5_a0p2_b0p7,101,drift,0.0,0.5,5,0.2,fpr_owa,1.709271226509631,1.8044491280747168,1.6461929187271442,2.6895015239178703,3.020868080479137,0.7
full_seed101_drift_0p0_noise0p5_s5_a0p2_b0p7,101,drift,0.0,0.5,5,0.2,crp,1.7108937448554966,1.806884459017612,1.6461929187271442,2.6986287482273794,3.020868080479137,0.7
full_seed101_drift_0p0_noise0p5_s5_a0p3_b0p8,101,drift,0.0,0.5,5,0.3,fpr_owa,1.703342370087818,1.80311874125599,1.6345246869770231,2.725174442138963,3.089570498033422,0.8
full_seed101_drift_0p0_noise0p5_s5_a0p3_b0p8,101,drift,0.0,0.5,5,0.3,crp,1.70423412637046,1.8045258351022189,1.6345246869770231,2.725174442138963,3.089570498033422,0.8
full_seed101_drift_0p0_noise0p5_s9_a0p2_b0p7,101,drift,0.0,0.5,9,0.2,fpr_owa,1.70044414129838,1.7783768765686925,1.641228448021633,2.5752813313069827,2.867533613785253,0.7
full_seed101_drift_0p0_noise0p5_s9_a0p2_b0p7,101,drift,0.0,0.5,9,0.2,crp,1.6992102758586314,1.777116659734978,1.641228448021633,2.5752813313069827,2.867533613785253,0.7
full_seed101_drift_0p0_noise0p5_s9_a0p3_b0p8,101,drift,0.0,0.5,9,0.3,fpr_owa,1.6909088150660572,1.7716248152131142,1.5885115885765302,2.610265449817572,3.033435246204024,0.8
full_seed101_drift_0p0_noise0p5_s9_a0p3_b0p8,101,drift,0.0,0.5,9,0.3,crp,1.692712423537461,1.7730546854818758,1.605303248533299,2.610265449817572,3.033435246204024,0.8
full_seed101_drift_0p1_noise0p1_s13_a0p2_b0p7,101,drift,0.1,0.1,13,0.2,fpr_owa,1.157036690097307,1.207330947146799,1.1348495375496443,1.6493486746710642,1.9172680224745249,0.7
full_seed101_drift_0p1_noise0p1_s13_a0p2_b0p7,101,drift,0.1,0.1,13,0.2,crp,1.1584207079733628,1.2087891561286783,1.1380980123200022,1.6493486746710642,1.9172680224745249,0.7
full_seed101_drift_0p1_noise0p1_s13_a0p3_b0p8,101,drift,0.1,0.1,13,0.3,fpr_owa,1.4244762299803218,1.5043150971056631,1.374904234711623,2.096913412889242,2.402609003995603,0.8
full_seed101_drift_0p1_noise0p1_s13_a0p3_b0p8,101,drift,0.1,0.1,13,0.3,crp,1.425672053564744,1.5057004497417577,1.374904234711623,2.096913412889242,2.402609003995603,0.8
full_seed101_drift_0p1_noise0p1_s5_a0p2_b0p7,101,drift,0.1,0.1,5,0.2,fpr_owa,1.767117669704048,1.8354108405671965,1.6600840900874871,2.4665471628706577,2.623309323256321,0.7
full_seed101_drift_0p1_noise0p1_s5_a0p2_b0p7,101,drift,0.1,0.1,5,0.2,crp,1.767117669704048,1.8354108405671965,1.6600840900874871,2.4665471628706577,2.623309323256321,0.7
full_seed101_drift_0p1_noise0p1_s5_a0p3_b0p8,101,drift,0.1,0.1,5,0.3,fpr_owa,1.7626268134227294,1.838567579606963,1.6659867656620362,2.496622538502625,2.5856445900776754,0.8
full_seed101_drift_0p1_noise0p1_s5_a0p3_b0p8,101,drift,0.1,0.1,5,0.3,crp,1.7626268134227294,1.838567579606963,1.6659867656620362,2.496622538502625,2.5856445900776754,0.8
full_seed101_drift_0p1_noise0p1_s9_a0p2_b0p7,101,drift,0.1,0.1,9,0.2,fpr_owa,1.7570321925000043,1.8089214253513537,1.6599292304883535,2.4202905913931967,2.6298202053039,0.7
full_seed101_drift_0p1_noise0p1_s9_a0p2_b0p7,101,drift,0.1,0.1,9,0.2,crp,1.7570321925000043,1.8089214253513537,1.6599292304883535,2.4202905913931967,2.6298202053039,0.7
full_seed101_drift_0p1_noise0p1_s9_a0p3_b0p8,101,drift,0.1,0.1,9,0.3,fpr_owa,1.7547565354189991,1.8226709936128975,1.6351448970085083,2.4780983731805595,2.539427961443164,0.8
full_seed101_drift_0p1_noise0p1_s9_a0p3_b0p8,101,drift,0.1,0.1,9,0.3,crp,1.7547565354189991,1.8226709936128975,1.6351448970085083,2.4780983731805595,2.539427961443164,0.8
full_seed101_drift_0p1_noise0p25_s13_a0p2_b0p7,101,drift,0.1,0.25,13,0.2,fpr_owa,1.1976681767468471,1.256007384157502,1.1881860185937878,1.820590858428842,2.0667599657506357,0.7
full_seed101_drift_0p1_noise0p25_s13_a0p2_b0p7,101,drift,0.1,0.25,13,0.2,crp,1.200527354980534,1.259422166958676,1.1881860185937878,1.820590858428842,2.0667599657506357,0.7
full_seed101_drift_0p1_noise0p25_s13_a0p3_b0p8,101,drift,0.1,0.25,13,0.3,fpr_owa,1.4103501486996612,1.5047924622699933,1.3975510481900495,2.2071944625621214,2.522074491201419,0.8
full_seed101_drift_0p1_noise0p25_s13_a0p3_b0p8,101,drift,0.1,0.25,13,0.3,crp,1.4119514819217094,1.5069229884643245,1.3975510481900495,2.215127343217554,2.522074491201419,0.8
full_seed101_drift_0p1_noise0p25_s5_a0p2_b0p7,101,drift,0.1,0.25,5,0.2,fpr_owa,1.7336143413815548,1.8099001257236491,1.6922920438569655,2.55417172044426,2.7327033676123493,0.7
full_seed101_drift_0p1_noise0p25_s5_a0p2_b0p7,101,drift,0.1,0.25,5,0.2,crp,1.7336143413815548,1.8099001257236491,1.6922920438569655,2.55417172044426,2.7327033676123493,0.7
full_seed101_drift_0p1_noise0p25_s5_a0p3_b0p8,101,drift,0.1,0.25,5,0.3,fpr_owa,1.7299506229173902,1.809798933912468,1.6661550456250218,2.56977910378971,2.767724316695624,0.8
full_seed101_drift_0p1_noise0p25_s5_a0p3_b0p8,101,drift,0.1,0.25,5,0.3,crp,1.7299506229173902,1.809798933912468,1.6661550456250218,2.56977910378971,2.767724316695624,0.8
full_seed101_drift_0p1_noise0p25_s9_a0p2_b0p7,101,drift,0.1,0.25,9,0.2,fpr_owa,1.7328289764570868,1.798333371672211,1.6564741524587447,2.493455420064809,2.7365510542108518,0.7
full_seed101_drift_0p1_noise0p25_s9_a0p2_b0p7,101,drift,0.1,0.25,9,0.2,crp,1.734063581609179,1.7998600153241302,1.6564741524587447,2.493455420064809,2.7365510542108518,0.7
full_seed101_drift_0p1_noise0p25_s9_a0p3_b0p8,101,drift,0.1,0.25,9,0.3,fpr_owa,1.7324185164872872,1.80423385930028,1.6367727887311527,2.480168691076463,2.671886585904733,0.8
full_seed101_drift_0p1_noise0p25_s9_a0p3_b0p8,101,drift,0.1,0.25,9,0.3,crp,1.733063110518135,1.805032630169327,1.6367727887311527,2.480168691076463,2.671886585904733,0.8
full_seed101_drift_0p1_noise0p5_s13_a0p2_b0p7,101,drift,0.1,0.5,13,0.2,fpr_owa,1.27244250537418,1.3465202565967824,1.245749830214351,2.0469385824003457,2.3556074108412046,0.7
full_seed101_drift_0p1_noise0p5_s13_a0p2_b0p7,101,drift,0.1,0.5,13,0.2,crp,1.2915339639479022,1.3730527317262768,1.2387970940273552,2.1148828065684717,2.506493479212468,0.7
full_seed101_drift_0p1_noise0p5_s13_a0p3_b0p8,101,drift,0.1,0.5,13,0.3,fpr_owa,1.3571808476851046,1.463663676219345,1.2989892099077525,2.331178761822599,2.7227002221308743,0.8
full_seed101_drift_0p1_noise0p5_s13_a0p3_b0p8,101,drift,0.1,0.5,13,0.3,crp,1.3807568113237585,1.4916273000208944,1.3227896446623446,2.3514828484256483,2.9321272033317958,0.8
full_seed101_drift_0p1_noise0p5_s5_a0p2_b0p7,101,drift,0.1,0.5,5,0.2,fpr_owa,1.709271226509631,1.8044491280747168,1.6461929187271442,2.6895015239178703,3.020868080479137,0.7
full_seed101_drift_0p1_noise0p5_s5_a0p2_b0p7,101,drift,0.1,0.5,5,0.2,crp,1.7108937448554966,1.806884459017612,1.6461929187271442,2.6986287482273794,3.020868080479137,0.7
full_seed101_drift_0p1_noise0p5_s5_a0p3_b0p8,101,drift,0.1,0.5,5,0.3,fpr_owa,1.703342370087818,1.80311874125599,1.6345246869770231,2.725174442138963,3.089570498033422,0.8
full_seed101_drift_0p1_noise0p5_s5_a0p3_b0p8,101,drift,0.1,0.5,5,0.3,crp,1.70423412637046,1.8045258351022189,1.6345246869770231,2.725174442138963,3.089570498033422,0.8
full_seed101_drift_0p1_noise0p5_s9_a0p2_b0p7,101,drift,0.1,0.5,9,0.2,fpr_owa,1.713627393472383,1.7918222179587606,1.6450962151451047,2.578366566006577,2.827669087561776,0.7
full_seed101_drift_0p1_noise0p5_s9_a0p2_b0p7,101,drift,0.1,0.5,9,0.2,crp,1.7132557267159298,1.791190489619111,1.6477962578658143,2.573796399720467,2.827669087561776,0.7
full_seed101_drift_0p1_noise0p5_s9_a0p3_b0p8,101,drift,0.1,0.5,9,0.3,fpr_owa,1.703101310536436,1.7827603019323413,1.6347209425004725,2.6097196118312094,2.9249811897724847,0.8
full_seed101_drift_0p1_noise0p5_s9_a0p3_b0p8,101,drift,0.1,0.5,9,0.3,crp,1.706455011781647,1.7862980597031162,1.6378229780528484,2.605861781523892,2.9735718573811485,0.8
full_seed101_drift_0p2_noise0p1_s13_a0p2_b0p7,101,drift,0.2,0.1,13,0.2,fpr_owa,1.124357110857478,1.2034027278041477,1.0722496121788831,1.7599354663995856,2.604976499057101,0.7
full_seed101_drift_0p2_noise0p1_s13_a0p2_b0p7,101,drift,0.2,0.1,13,0.2,crp,1.124357110857478,1.2034027278041477,1.0722496121788831,1.7599354663995856,2.604976499057101,0.7
full_seed101_drift_0p2_noise0p1_s13_a0p3_b0p8,101,drift,0.2,0.1,13,0.3,fpr_owa,1.3640128478652342,1.4722412222408938,1.300363899121957,2.2063757276849167,3.1439816575766684,0.8
full_seed101_drift_0p2_noise0p1_s13_a0p3_b0p8,101,drift,0.2,0.1,13,0.3,crp,1.3640128478652342,1.4722412222408938,1.300363899121957,2.2063757276849167,3.1439816575766684,0.8
full_seed101_drift_0p2_noise0p1_s5_a0p2_b0p7,101,drift,0.2,0.1,5,0.2,fpr_owa,1.755449119681049,1.821107553000043,1.667150139356865,2.456021898167412,2.605168287783102,0.7
full_seed101_drift_0p2_noise0p1_s5_a0p2_b0p7,101,drift,0.2,0.1,5,0.2,crp,1.755449119681049,1.821107553000043,1.667150139356865,2.456021898167412,2.605168287783102,0.7
full_seed101_drift_0p2_noise0p1_s5_a0p3_b0p8,101,drift,0.2,0.1,5,0.3,fpr_owa,1.774995188431186,1.8444165936263468,1.7230295161974891,2.496879025256148,2.5855766739862327,0.8
full_seed101_drift_0p2_noise0p1_s5_a0p3_b0p8,101,drift,0.2,0.1,5,0.3,crp,1.774995188431186,1.8444165936263468,1.7230295161974891,2.496879025256148,2.5855766739862327,0.8
full_seed101_drift_0p2_noise0p1_s9_a0p2_b0p7,101,drift,0.2,0.1,9,0.2,fpr_owa,1.7881125540363882,1.852183703745705,1.6875469802753649,2.585612865262905,3.0535453878155128,0.7
full_seed101_drift_0p2_noise0p1_s9_a0p2_b0p7,101,drift,0.2,0.1,9,0.2,crp,1.7881125540363882,1.852183703745705,1.6875469802753649,2.585612865262905,3.0535453878155128,0.7
full_seed101_drift_0p2_noise0p1_s9_a0p3_b0p8,101,drift,0.2,0.1,9,0.3,fpr_owa,1.75805207621742,1.8256162233512576,1.7049530981754382,2.5009573913686167,2.6774812401501644,0.8
full_seed101_drift_0p2_noise0p1_s9_a0p3_b0p8,101,drift,0.2,0.1,9,0.3,crp,1.75805207621742,1.8256162233512576,1.7049530981754382,2.5009573913686167,2.6774812401501644,0.8
full_seed101_drift_0p2_noise0p25_s13_a0p2_b0p7,101,drift,0.2,0.25,13,0.2,fpr_owa,1.205019958738731,1.2839520156215918,1.15668417145925,1.8879177185877896,2.6737069676808614,0.7
full_seed101_drift_0p2_noise0p25_s13_a0p2_b0p7,101,drift,0.2,0.25,13,0.2,crp,1.1992887607976424,1.2782690463105129,1.1511226198852431,1.8879177185877896,2.6737069676808614,0.7
full_seed101_drift_0p2_noise0p25_s13_a0p3_b0p8,101,drift,0.2,0.25,13,0.3,fpr_owa,1.3809447235607484,1.4952494516212438,1.2723852857503213,2.283886484266394,3.242541903766115,0.8
full_seed101_drift_0p2_noise0p25_s13_a0p3_b0p8,101,drift,0.2,0.25,13,0.3,crp,1.376639323694563,1.4910459936302245,1.2649860093079015,2.283886484266394,3.242541903766115,0.8
full_seed101_drift_0p2_noise0p25_s5_a0p2_b0p7,101,drift,0.2,0.25,5,0.2,fpr_owa,1.732404695474964,1.8038604102887048,1.6922920438569655,2.4989413753065826,2.865367511694477,0.7
full_seed101_drift_0p2_noise0p25_s5_a0p2_b0p7,101,drift,0.2,0.25,5,0.2,crp,1.7334013271827604,1.8049843147369784,1.6922920438569655,2.4989413753065826,2.865367511694477,0.7
full_seed101_drift_0p2_noise0p25_s5_a0p3_b0p8,101,drift,0.2,0.25,5,0.3,fpr_owa,1.7509820061065728,1.825432395020672,1.6842480954850858,2.560687185203696,2.796996138485347,0.8
full_seed101_drift_0p2_noise0p25_s5_a0p3_b0p8,101,drift,0.2,0.25,5,0.3,crp,1.751546435847023,1.8260801697077265,1.6842480954850858,2.560687185203696,2.796996138485347,0.8
full_seed101_drift_0p2_noise0p25_s9_a0p2_b0p7,101,drift,0.2,0.25,9,0.2,fpr_owa,1.7692473657139876,1.8430162342613607,1.6948838881245512,2.5862335338521016,3.11924671195443,0.7
full_seed101_drift_0p2_noise0p25_s9_a0p2_b0p7,101,drift,0.2,0.25,9,0.2,crp,1.7655366289912475,1.838407862749456,1.6948838881245512,2.582538259076426,3.11924671195443,0.7
full_seed101_drift_0p2_noise0p25_s9_a0p3_b0p8,101,drift,0.2,0.25,9,0.3,fpr_owa,1.744879010457672,1.816481884784774,1.6777821853065076,2.5243799624851637,2.7122519259601194,0.8
full_seed101_drift_0p2_noise0p25_s9_a0p3_b0p8,101,drift,0.2,0.25,9,0.3,crp,1.7438726638386055,1.815350333119496,1.6777821853065076,2.5243799624851637,2.7122519259601194,0.8
full_seed101_drift_0p2_noise0p5_s13_a0p2_b0p7,101,drift,0.2,0.5,13,0.2,fpr_owa,1.2963031525101976,1.3887337962588142,1.240801419563994,2.171601727150605,2.9904422644002677,0.7
full_seed101_drift_0p2_noise0p5_s13_a0p2_b0p7,101,drift,0.2,0.5,13,0.2,crp,1.314933483956231,1.4171753258099296,1.2650020186706523,2.214679756665355,3.078371473696491,0.7
full_seed101_drift_0p2_noise0p5_s13_a0p3_b0p8,101,drift,0.2,0.5,13,0.3,fpr_owa,1.3544188595022573,1.479614212778064,1.298835322123703,2.427786539097627,3.4068089807485262,0.8
full_seed101_drift_0p2_noise0p5_s13_a0p3_b0p8,101,drift,0.2,0.5,13,0.3,crp,1.379553859932652,1.511338614820069,1.2978684679672423,2.4868634676071317,3.5932361075182517,0.8
full_seed101_drift_0p2_noise0p5_s5_a0p2_b0p7,101,drift,0.2,0.5,5,0.2,fpr_owa,1.72479693013762,1.8121728796326917,1.68933244348255,2.6110484605560407,3.039585013300317,0.7
full_seed101_drift_0p2_noise0p5_s5_a0p2_b0p7,101,drift,0.2,0.5,5,0.2,crp,1.7223893787440896,1.811351243726761,1.6772351239367222,2.6191433205467187,3.039585013300317,0.7
full_seed101_drift_0p2_noise0p5_s5_a0p3_b0p8,101,drift,0.2,0.5,5,0.3,fpr_owa,1.7453507047711845,1.8406276763048028,1.6851165578090377,2.7252129634553657,3.4150854179047414,0.8
full_seed101_drift_0p2_noise0p5_s5_a0p3_b0p8,101,drift,0.2,0.5,5,0.3,crp,1.7434470313400596,1.8397890247683093,1.6648866260036614,2.7252129634553657,3.4150854179047414,0.8
full_seed101_drift_0p2_noise0p5_s9_a0p2_b0p7,101,drift,0.2,0.5,9,0.2,fpr_owa,1.7585339560226767,1.8438846163441271,1.6981554384344184,2.734700228714303,3.1591265490888256,0.7
full_seed101_drift_0p2_noise0p5_s9_a0p2_b0p7,101,drift,0.2,0.5,9,0.2,crp,1.751530673499225,1.8346940894447523,1.7042189893931183,2.69372841453722,3.0662331310585724,0.7
full_seed101_drift_0p2_noise0p5_s9_a0p3_b0p8,101,drift,0.2,0.5,9,0.3,fpr_owa,1.7392987913397142,1.821007628276252,1.6743792616040922,2.63271786453233,3.1404158510518148,0.8
full_seed101_drift_0p2_noise0p5_s9_a0p3_b0p8,101,drift,0.2,0.5,9,0.3,crp,1.7413020419740448,1.8223784991311625,1.6861058398544757,2.6398467393770484,3.1404158510518148,0.8
full_seed101_drift_0p3_noise0p1_s13_a0p2_b0p7,101,drift,0.3,0.1,13,0.2,fpr_owa,1.1943237502640285,1.2761851780451856,1.1143310483174562,1.8366690199133648,3.0521640524889744,0.7
full_seed101_drift_0p3_noise0p1_s13_a0p2_b0p7,101,drift,0.3,0.1,13,0.2,crp,1.1943237502640285,1.2761851780451856,1.1143310483174562,1.8366690199133648,3.0521640524889744,0.7
full_seed101_drift_0p3_noise0p1_s13_a0p3_b0p8,101,drift,0.3,0.1,13,0.3,fpr_owa,1.3786710253593788,1.5051304746965255,1.3141970383033534,2.287148868556661,3.254804022185735,0.8
full_seed101_drift_0p3_noise0p1_s13_a0p3_b0p8,101,drift,0.3,0.1,13,0.3,crp,1.3786710253593788,1.5051304746965255,1.3141970383033534,2.287148868556661,3.254804022185735,0.8
full_seed101_drift_0p3_noise0p1_s5_a0p2_b0p7,101,drift,0.3,0.1,5,0.2,fpr_owa,1.9434455948437448,2.03997060628528,1.8672885024811168,3.1750763567619105,3.4310376577360864,0.7
full_seed101_drift_0p3_noise0p1_s5_a0p2_b0p7,101,drift,0.3,0.1,5,0.2,crp,1.9434455948437448,2.03997060628528,1.8672885024811168,3.1750763567619105,3.4310376577360864,0.7
full_seed101_drift_0p3_noise0p1_s5_a0p3_b0p8,101,drift,0.3,0.1,5,0.3,fpr_owa,1.8781634267884035,1.9544022242700532,1.8647744838215143,2.7449015915175585,2.907102097934709,0.8
full_seed101_drift_0p3_noise0p1_s5_a0p3_b0p8,101,drift,0.3,0.1,5,0.3,crp,1.8781634267884035,1.9544022242700532,1.8647744838215143,2.7449015915175585,2.907102097934709,0.8
full_seed101_drift_0p3_noise0p1_s9_a0p2_b0p7,101,drift,0.3,0.1,9,0.2,fpr_owa,1.8811320802550044,1.9590080125220128,1.802740365542431,2.936513091881668,3.5617529130000785,0.7
full_seed101_drift_0p3_noise0p1_s9_a0p2_b0p7,101,drift,0.3,0.1,9,0.2,crp,1.8811320802550044,1.9590080125220128,1.802740365542431,2.936513091881668,3.5617529130000785,0.7
full_seed101_drift_0p3_noise0p1_s9_a0p3_b0p8,101,drift,0.3,0.1,9,0.3,fpr_owa,1.816260426437438,1.8933837465631087,1.726041383412538,2.6960755435892376,3.133491723182871,0.8
full_seed101_drift_0p3_noise0p1_s9_a0p3_b0p8,101,drift,0.3,0.1,9,0.3,crp,1.816260426437438,1.8933837465631087,1.726041383412538,2.6960755435892376,3.133491723182871,0.8
full_seed101_drift_0p3_noise0p25_s13_a0p2_b0p7,101,drift,0.3,0.25,13,0.2,fpr_owa,1.2742213100747402,1.3604847712059918,1.1827688057797598,1.954053591253042,3.0903494678305377,0.7
full_seed101_drift_0p3_noise0p25_s13_a0p2_b0p7,101,drift,0.3,0.25,13,0.2,crp,1.2738387519758916,1.3600027737210605,1.1827688057797598,1.954053591253042,3.0903494678305377,0.7
full_seed101_drift_0p3_noise0p25_s13_a0p3_b0p8,101,drift,0.3,0.25,13,0.3,fpr_owa,1.4369655595177009,1.561200626834445,1.3720283963213995,2.3508208914537634,3.5179191140126798,0.8
full_seed101_drift_0p3_noise0p25_s13_a0p3_b0p8,101,drift,0.3,0.25,13,0.3,crp,1.4367534960268535,1.560918179764727,1.3720283963213995,2.3508208914537634,3.5179191140126798,0.8
full_seed101_drift_0p3_noise0p25_s5_a0p2_b0p7,101,drift,0.3,0.25,5,0.2,fpr_owa,1.9171170041749188,2.015709970219441,1.8229286272755267,3.068786185933828,3.413892749263723,0.7
full_seed101_drift_0p3_noise0p25_s5_a0p2_b0p7,101,drift,0.3,0.25,5,0.2,crp,1.9171170041749188,2.015709970219441,1.8229286272755267,3.068786185933828,3.413892749263723,0.7
full_seed101_drift_0p3_noise0p25_s5_a0p3_b0p8,101,drift,0.3,0.25,5,0.3,fpr_owa,1.8620189051746512,1.9436246168711524,1.868901147889998,2.6996297025584477,3.1696657833790494,0.8
full_seed101_drift_0p3_noise0p25_s5_a0p3_b0p8,101,drift,0.3,0.25,5,0.3,crp,1.8620189051746512,1.9436246168711524,1.868901147889998,2.6996297025584477,3.1696657833790494,0.8
full_seed101_drift_0p3_noise0p25_s9_a0p2_b0p7,101,drift,0.3,0.25,9,0.2,fpr_owa,1.86404588935572,1.954125622277233,1.771164716469749,3.0703930718465373,3.574516804283238,0.7
full_seed101_drift_0p3_noise0p25_s9_a0p2_b0p7,101,drift,0.3,0.25,9,0.2,crp,1.857799953461772,1.9450429172241983,1.771164716469749,2.8410309803812983,3.490424070737255,0.7
full_seed101_drift_0p3_noise0p25_s9_a0p3_b0p8,101,drift,0.3,0.25,9,0.3,fpr_owa,1.8137249920665424,1.8950958465994725,1.7306269517848782,2.765365171273043,3.207893618664391,0.8
full_seed101_drift_0p3_noise0p25_s9_a0p3_b0p8,101,drift,0.3,0.25,9,0.3,crp,1.809112426741119,1.8890634032934897,1.7306269517848782,2.7647691551014866,3.207893618664391,0.8
full_seed101_drift_0p3_noise0p5_s13_a0p2_b0p7,101,drift,0.3,0.5,13,0.2,fpr_owa,1.355076838254242,1.4483074823653632,1.3226799330648618,2.203438414439003,3.1596645261732768,0.7
full_seed101_drift_0p3_noise0p5_s13_a0p2_b0p7,101,drift,0.3,0.5,13,0.2,crp,1.3766916599198165,1.4851611943791294,1.314199954122623,2.3182434215693077,3.2134563807372056,0.7
full_seed101_drift_0p3_noise0p5_s13_a0p3_b0p8,101,drift,0.3,0.5,13,0.3,fpr_owa,1.4050790683381544,1.5303455854225534,1.3521723516963058,2.473381357362997,3.0535423251399325,0.8
full_seed101_drift_0p3_noise0p5_s13_a0p3_b0p8,101,drift,0.3,0.5,13,0.3,crp,1.4267850825543058,1.5570457471424737,1.3521723516963058,2.4969759060831804,3.230778575270595,0.8
full_seed101_drift_0p3_noise0p5_s5_a0p2_b0p7,101,drift,0.3,0.5,5,0.2,fpr_owa,1.8999531698469816,2.0140600776478004,1.857409066498388,3.021081795121927,4.388494568757411,0.7
full_seed101_drift_0p3_noise0p5_s5_a0p2_b0p7,101,drift,0.3,0.5,5,0.2,crp,1.8911919286474583,2.005214847385847,1.857409066498388,3.021081795121927,4.388494568757411,0.7
full_seed101_drift_0p3_noise0p5_s5_a0p3_b0p8,101,drift,0.3,0.5,5,0.3,fpr_owa,1.8711205488479985,1.9771024659733696,1.8774911197003843,2.892948269714983,3.9426845731934095,0.8
full_seed101_drift_0p3_noise0p5_s5_a0p3_b0p8,101,drift,0.3,0.5,5,0.3,crp,1.8631060269017248,1.9699248021030025,1.8742425728992065,2.9176490340150845,3.9426845731934095,0.8
full_seed101_drift_0p3_noise0p5_s9_a0p2_b0p7,101,drift,0.3,0.5,9,0.2,fpr_owa,1.841772118190947,1.9424441401199652,1.8342940279397943,2.8720315250439445,3.623635196769389,0.7
full_seed101_drift_0p3_noise0p5_s9_a0p2_b0p7,101,drift,0.3,0.5,9,0.2,crp,1.8302014651404988,1.9257753452498487,1.833156467034656,2.8149897784086524,3.7348430003715567,0.7
full_seed101_drift_0p3_noise0p5_s9_a0p3_b0p8,101,drift,0.3,0.5,9,0.3,fpr_owa,1.7986821194256664,1.885766396715717,1.7692722829430054,2.7694380693417533,3.3471758824576487,0.8
full_seed101_drift_0p3_noise0p5_s9_a0p3_b0p8,101,drift,0.3,0.5,9,0.3,crp,1.7922034642915328,1.877125085781313,1.767200305847822,2.681869556647904,3.8269447524838367,0.8
full_seed101_drift_0p4_noise0p1_s13_a0p2_b0p7,101,drift,0.4,0.1,13,0.2,fpr_owa,1.2998267024897587,1.3890413898080674,1.2598877338617558,2.27408084324233,3.288008364747504,0.7
full_seed101_drift_0p4_noise0p1_s13_a0p2_b0p7,101,drift,0.4,0.1,13,0.2,crp,1.2998267024897587,1.3890413898080674,1.2598877338617558,2.27408084324233,3.288008364747504,0.7
full_seed101_drift_0p4_noise0p1_s13_a0p3_b0p8,101,drift,0.4,0.1,13,0.3,fpr_owa,1.497579694728183,1.623322689020518,1.3855193271683046,2.4102335757655617,3.66196725019083,0.8
full_seed101_drift_0p4_noise0p1_s13_a0p3_b0p8,101,drift,0.4,0.1,13,0.3,crp,1.497579694728183,1.623322689020518,1.3855193271683046,2.4102335757655617,3.66196725019083,0.8
full_seed101_drift_0p4_noise0p1_s5_a0p2_b0p7,101,drift,0.4,0.1,5,0.2,fpr_owa,1.9434455948437448,2.03997060628528,1.8672885024811168,3.1750763567619105,3.4310376577360864,0.7
full_seed101_drift_0p4_noise0p1_s5_a0p2_b0p7,101,drift,0.4,0.1,5,0.2,crp,1.9434455948437448,2.03997060628528,1.8672885024811168,3.1750763567619105,3.4310376577360864,0.7
full_seed101_drift_0p4_noise0p1_s5_a0p3_b0p8,101,drift,0.4,0.1,5,0.3,fpr_owa,1.8781634267884035,1.9544022242700532,1.8647744838215143,2.7449015915175585,2.907102097934709,0.8
full_seed101_drift_0p4_noise0p1_s5_a0p3_b0p8,101,drift,0.4,0.1,5,0.3,crp,1.8781634267884035,1.9544022242700532,1.8647744838215143,2.7449015915175585,2.907102097934709,0.8
full_seed101_drift_0p4_noise0p1_s9_a0p2_b0p7,101,drift,0.4,0.1,9,0.2,fpr_owa,2.0232974294205968,2.136480448019263,1.9636732299005613,3.6101471491573816,4.171048094920362,0.7
full_seed101_drift_0p4_noise0p1_s9_a0p2_b0p7,101,drift,0.4,0.1,9,0.2,crp,2.0232974294205968,2.136480448019263,1.9636732299005613,3.6101471491573816,4.171048094920362,0.7
full_seed101_drift_0p4_noise0p1_s9_a0p3_b0p8,101,drift,0.4,0.1,9,0.3,fpr_owa,1.9441400185466275,2.04016217912768,1.8924832149611808,3.1905844392789304,3.616188002986787,0.8
full_seed101_drift_0p4_noise0p1_s9_a0p3_b0p8,101,drift,0.4,0.1,9,0.3,crp,1.9441400185466275,2.04016217912768,1.8924832149611808,3.1905844392789304,3.616188002986787,0.8
full_seed101_drift_0p4_noise0p25_s13_a0p2_b0p7,101,drift,0.4,0.25,13,0.2,fpr_owa,1.3846728369810857,1.4856916435237386,1.3043655627756248,2.410950405184172,3.239262545171498,0.7
full_seed101_drift_0p4_noise0p25_s13_a0p2_b0p7,101,drift,0.4,0.25,13,0.2,crp,1.384290278882237,1.485250279071452,1.3043655627756248,2.410950405184172,3.239262545171498,0.7
full_seed101_drift_0p4_noise0p25_s13_a0p3_b0p8,101,drift,0.4,0.25,13,0.3,fpr_owa,1.5438555419582711,1.6809001393245804,1.4458383366972134,2.671820896279113,4.026970533434588,0.8
full_seed101_drift_0p4_noise0p25_s13_a0p3_b0p8,101,drift,0.4,0.25,13,0.3,crp,1.543643478467424,1.6806378090097691,1.4458383366972134,2.671820896279113,4.026970533434588,0.8
full_seed101_drift_0p4_noise0p25_s5_a0p2_b0p7,101,drift,0.4,0.25,5,0.2,fpr_owa,1.9171170041749188,2.015709970219441,1.8229286272755267,3.068786185933828,3.413892749263723,0.7
full_seed101_drift_0p4_noise0p25_s5_a0p2_b0p7,101,drift,0.4,0.25,5,0.2,crp,1.9171170041749188,2.015709970219441,1.8229286272755267,3.068786185933828,3.413892749263723,0.7
full_seed101_drift_0p4_noise0p25_s5_a0p3_b0p8,101,drift,0.4,0.25,5,0.3,fpr_owa,1.8620189051746512,1.9436246168711524,1.868901147889998,2.6996297025584477,3.1696657833790494,0.8
full_seed101_drift_0p4_noise0p25_s5_a0p3_b0p8,101,drift,0.4,0.25,5,0.3,crp,1.8620189051746512,1.9436246168711524,1.868901147889998,2.6996297025584477,3.1696657833790494,0.8
full_seed101_drift_0p4_noise0p25_s9_a0p2_b0p7,101,drift,0.4,0.25,9,0.2,fpr_owa,1.9988815013679373,2.1276332637091144,1.942687486723226,3.7484932635401833,4.104061171465792,0.7
full_seed101_drift_0p4_noise0p25_s9_a0p2_b0p7,101,drift,0.4,0.25,9,0.2,crp,1.997166879152321,2.125400108492684,1.942687486723226,3.7484932635401833,4.104061171465792,0.7
full_seed101_drift_0p4_noise0p25_s9_a0p3_b0p8,101,drift,0.4,0.25,9,0.3,fpr_owa,1.9236322336309712,2.0248353384757403,1.8920245817137136,3.223273096422405,3.625966605186337,0.8
full_seed101_drift_0p4_noise0p25_s9_a0p3_b0p8,101,drift,0.4,0.25,9,0.3,crp,1.931791164917956,2.040071131374521,1.8920245817137136,3.2883942541057976,4.398680570495574,0.8
full_seed101_drift_0p4_noise0p5_s13_a0p2_b0p7,101,drift,0.4,0.5,13,0.2,fpr_owa,1.454021896953243,1.572044745981981,1.3986902394048086,2.6105443214272994,3.620052693731471,0.7
full_seed101_drift_0p4_noise0p5_s13_a0p2_b0p7,101,drift,0.4,0.5,13,0.2,crp,1.507251872520096,1.662044755235003,1.3815760693759331,3.234794469668695,4.015389403750199,0.7
full_seed101_drift_0p4_noise0p5_s13_a0p3_b0p8,101,drift,0.4,0.5,13,0.3,fpr_owa,1.5006951837360687,1.6484502788724535,1.4117191058244072,2.646119338581277,3.994373479872367,0.8
full_seed101_drift_0p4_noise0p5_s13_a0p3_b0p8,101,drift,0.4,0.5,13,0.3,crp,1.5660039585643484,1.7496547785163217,1.4268912426161218,3.1288677935870197,4.273104025912089,0.8
full_seed101_drift_0p4_noise0p5_s5_a0p2_b0p7,101,drift,0.4,0.5,5,0.2,fpr_owa,1.8999531698469816,2.0140600776478004,1.857409066498388,3.021081795121927,4.388494568757411,0.7
full_seed101_drift_0p4_noise0p5_s5_a0p2_b0p7,101,drift,0.4,0.5,5,0.2,crp,1.8911919286474583,2.005214847385847,1.857409066498388,3.021081795121927,4.388494568757411,0.7
full_seed101_drift_0p4_noise0p5_s5_a0p3_b0p8,101,drift,0.4,0.5,5,0.3,fpr_owa,1.8711205488479985,1.9771024659733696,1.8774911197003843,2.892948269714983,3.9426845731934095,0.8
full_seed101_drift_0p4_noise0p5_s5_a0p3_b0p8,101,drift,0.4,0.5,5,0.3,crp,1.8631060269017248,1.9699248021030025,1.8742425728992065,2.9176490340150845,3.9426845731934095,0.8
full_seed101_drift_0p4_noise0p5_s9_a0p2_b0p7,101,drift,0.4,0.5,9,0.2,fpr_owa,1.9655866184628423,2.105414429386095,1.8927539728224547,3.660999257109336,4.266429013631763,0.7
full_seed101_drift_0p4_noise0p5_s9_a0p2_b0p7,101,drift,0.4,0.5,9,0.2,crp,1.9608339567436976,2.103390442354458,1.8927539728224547,3.557142296652031,5.212170584120097,0.7
full_seed101_drift_0p4_noise0p5_s9_a0p3_b0p8,101,drift,0.4,0.5,9,0.3,fpr_owa,1.906930907817651,2.024876386002492,1.8418443474238144,3.210273552823273,4.688155392476928,0.8
full_seed101_drift_0p4_noise0p5_s9_a0p3_b0p8,101,drift,0.4,0.5,9,0.3,crp,1.9270252739354925,2.061434040680927,1.8406301363223707,3.298530574500327,5.146966851448302,0.8
full_seed101_freeze_0p0_noise0p1_s13_a0p2_b0p7,101,freeze,0.0,0.1,13,0.2,fpr_owa,1.2005996835464343,1.2492934636752335,1.1936329513941824,1.6485568056889095,1.7438379620698026,0.7
full_seed101_freeze_0p0_noise0p1_s13_a0p2_b0p7,101,freeze,0.0,0.1,13,0.2,crp,1.2005996835464343,1.2492934636752335,1.1936329513941824,1.6485568056889095,1.7438379620698026,0.7
full_seed101_freeze_0p0_noise0p1_s13_a0p3_b0p8,101,freeze,0.0,0.1,13,0.3,fpr_owa,1.459851850307026,1.5405262522493737,1.4105131735776282,2.0889440810659385,2.241185361713773,0.8
full_seed101_freeze_0p0_noise0p1_s13_a0p3_b0p8,101,freeze,0.0,0.1,13,0.3,crp,1.459851850307026,1.5405262522493737,1.4105131735776282,2.0889440810659385,2.241185361713773,0.8
full_seed101_freeze_0p0_noise0p1_s5_a0p2_b0p7,101,freeze,0.0,0.1,5,0.2,fpr_owa,1.767117669704048,1.8354108405671965,1.6600840900874871,2.4665471628706577,2.623309323256321,0.7
full_seed101_freeze_0p0_noise0p1_s5_a0p2_b0p7,101,freeze,0.0,0.1,5,0.2,crp,1.767117669704048,1.8354108405671965,1.6600840900874871,2.4665471628706577,2.623309323256321,0.7
full_seed101_freeze_0p0_noise0p1_s5_a0p3_b0p8,101,freeze,0.0,0.1,5,0.3,fpr_owa,1.7626268134227294,1.838567579606963,1.6659867656620362,2.496622538502625,2.5856445900776754,0.8
full_seed101_freeze_0p0_noise0p1_s5_a0p3_b0p8,101,freeze,0.0,0.1,5,0.3,crp,1.7626268134227294,1.838567579606963,1.6659867656620362,2.496622538502625,2.5856445900776754,0.8
full_seed101_freeze_0p0_noise0p1_s9_a0p2_b0p7,101,freeze,0.0,0.1,9,0.2,fpr_owa,1.7649217452909671,1.8188107961041775,1.6358181714411566,2.402411083444426,2.5208303773184952,0.7
full_seed101_freeze_0p0_noise0p1_s9_a0p2_b0p7,101,freeze,0.0,0.1,9,0.2,crp,1.7649217452909671,1.8188107961041775,1.6358181714411566,2.402411083444426,2.5208303773184952,0.7
full_seed101_freeze_0p0_noise0p1_s9_a0p3_b0p8,101,freeze,0.0,0.1,9,0.3,fpr_owa,1.748512793146674,1.822359247104944,1.6160641797705488,2.483087558392486,2.621842066792208,0.8
full_seed101_freeze_0p0_noise0p1_s9_a0p3_b0p8,101,freeze,0.0,0.1,9,0.3,crp,1.748512793146674,1.822359247104944,1.6160641797705488,2.483087558392486,2.621842066792208,0.8
full_seed101_freeze_0p0_noise0p25_s13_a0p2_b0p7,101,freeze,0.0,0.25,13,0.2,fpr_owa,1.236562460285135,1.2956308708465365,1.2044535377120542,1.82105823882284,1.93807001433504,0.7
full_seed101_freeze_0p0_noise0p25_s13_a0p2_b0p7,101,freeze,0.0,0.25,13,0.2,crp,1.236562460285135,1.2956308708465365,1.2044535377120542,1.82105823882284,1.93807001433504,0.7
full_seed101_freeze_0p0_noise0p25_s13_a0p3_b0p8,101,freeze,0.0,0.25,13,0.3,fpr_owa,1.4423166327854453,1.5394491390162115,1.4096630712143363,2.215127343217554,2.402718544702593,0.8
full_seed101_freeze_0p0_noise0p25_s13_a0p3_b0p8,101,freeze,0.0,0.25,13,0.3,crp,1.4423166327854453,1.5394491390162115,1.4096630712143363,2.215127343217554,2.402718544702593,0.8
full_seed101_freeze_0p0_noise0p25_s5_a0p2_b0p7,101,freeze,0.0,0.25,5,0.2,fpr_owa,1.7336143413815548,1.8099001257236491,1.6922920438569655,2.55417172044426,2.7327033676123493,0.7
full_seed101_freeze_0p0_noise0p25_s5_a0p2_b0p7,101,freeze,0.0,0.25,5,0.2,crp,1.7336143413815548,1.8099001257236491,1.6922920438569655,2.55417172044426,2.7327033676123493,0.7
full_seed101_freeze_0p0_noise0p25_s5_a0p3_b0p8,101,freeze,0.0,0.25,5,0.3,fpr_owa,1.7299506229173902,1.809798933912468,1.6661550456250218,2.56977910378971,2.767724316695624,0.8
full_seed101_freeze_0p0_noise0p25_s5_a0p3_b0p8,101,freeze,0.0,0.25,5,0.3,crp,1.7299506229173902,1.809798933912468,1.6661550456250218,2.56977910378971,2.767724316695624,0.8
full_seed101_freeze_0p0_noise0p25_s9_a0p2_b0p7,101,freeze,0.0,0.25,9,0.2,fpr_owa,1.7298027951227697,1.795488778870893,1.6024240184477152,2.4398284480022494,2.632631395399988,0.7
full_seed101_freeze_0p0_noise0p25_s9_a0p2_b0p7,101,freeze,0.0,0.25,9,0.2,crp,1.7298027951227697,1.795488778870893,1.6024240184477152,2.4398284480022494,2.632631395399988,0.7
full_seed101_freeze_0p0_noise0p25_s9_a0p3_b0p8,101,freeze,0.0,0.25,9,0.3,fpr_owa,1.7256608562942817,1.7990798317672998,1.6358554405371024,2.4886343819454897,2.781453042917504,0.8
full_seed101_freeze_0p0_noise0p25_s9_a0p3_b0p8,101,freeze,0.0,0.25,9,0.3,crp,1.7256608562942817,1.7990798317672998,1.6358554405371024,2.4886343819454897,2.781453042917504,0.8
full_seed101_freeze_0p0_noise0p5_s13_a0p2_b0p7,101,freeze,0.0,0.5,13,0.2,fpr_owa,1.2839222170748892,1.3602123416225274,1.240801419563994,2.046768449975125,2.3782249001293287,0.7
full_seed101_freeze_0p0_noise0p5_s13_a0p2_b0p7,101,freeze,0.0,0.5,13,0.2,crp,1.2997189676694498,1.3803135158877573,1.240801419563994,2.053681390863597,2.434949713201487,0.7
full_seed101_freeze_0p0_noise0p5_s13_a0p3_b0p8,101,freeze,0.0,0.5,13,0.3,fpr_owa,1.3542700790443412,1.4646362664908377,1.2917001243824369,2.3401931281901307,2.585645126688344,0.8
full_seed101_freeze_0p0_noise0p5_s13_a0p3_b0p8,101,freeze,0.0,0.5,13,0.3,crp,1.3795600058190316,1.4935824973058032,1.297581587519955,2.364057041305829,2.6816652677859327,0.8
full_seed101_freeze_0p0_noise0p5_s5_a0p2_b0p7,101,freeze,0.0,0.5,5,0.2,fpr_owa,1.709271226509631,1.8044491280747168,1.6461929187271442,2.6895015239178703,3.020868080479137,0.7
full_seed101_freeze_0p0_noise0p5_s5_a0p2_b0p7,101,freeze,0.0,0.5,5,0.2,crp,1.7108937448554966,1.806884459017612,1.6461929187271442,2.6986287482273794,3.020868080479137,0.7
full_seed101_freeze_0p0_noise0p5_s5_a0p3_b0p8,101,freeze,0.0,0.5,5,0.3,fpr_owa,1.703342370087818,1.80311874125599,1.6345246869770231,2.725174442138963,3.089570498033422,0.8
full_seed101_freeze_0p0_noise0p5_s5_a0p3_b0p8,101,freeze,0.0,0.5,5,0.3,crp,1.70423412637046,1.8045258351022189,1.6345246869770231,2.725174442138963,3.089570498033422,0.8
full_seed101_freeze_0p0_noise0p5_s9_a0p2_b0p7,101,freeze,0.0,0.5,9,0.2,fpr_owa,1.70044414129838,1.7783768765686925,1.641228448021633,2.5752813313069827,2.867533613785253,0.7
full_seed101_freeze_0p0_noise0p5_s9_a0p2_b0p7,101,freeze,0.0,0.5,9,0.2,crp,1.6992102758586314,1.777116659734978,1.641228448021633,2.5752813313069827,2.867533613785253,0.7
full_seed101_freeze_0p0_noise0p5_s9_a0p3_b0p8,101,freeze,0.0,0.5,9,0.3,fpr_owa,1.6909088150660572,1.7716248152131142,1.5885115885765302,2.610265449817572,3.033435246204024,0.8
full_seed101_freeze_0p0_noise0p5_s9_a0p3_b0p8,101,freeze,0.0,0.5,9,0.3,crp,1.692712423537461,1.7730546854818758,1.605303248533299,2.610265449817572,3.033435246204024,0.8
full_seed101_freeze_0p1_noise0p1_s13_a0p2_b0p7,101,freeze,0.1,0.1,13,0.2,fpr_owa,1.1998149316062623,1.2493430963426797,1.1936329513941824,1.6493486746710642,1.7438379620698026,0.7
full_seed101_freeze_0p1_noise0p1_s13_a0p2_b0p7,101,freeze,0.1,0.1,13,0.2,crp,1.1998149316062623,1.2493430963426797,1.1936329513941824,1.6493486746710642,1.7438379620698026,0.7
full_seed101_freeze_0p1_noise0p1_s13_a0p3_b0p8,101,freeze,0.1,0.1,13,0.3,fpr_owa,1.45736703770427,1.536009120294032,1.4105131735776282,2.0822996460170384,2.1907118190644783,0.8
full_seed101_freeze_0p1_noise0p1_s13_a0p3_b0p8,101,freeze,0.1,0.1,13,0.3,crp,1.45736703770427,1.536009120294032,1.4105131735776282,2.0822996460170384,2.1907118190644783,0.8
full_seed101_freeze_0p1_noise0p1_s5_a0p2_b0p7,101,freeze,0.1,0.1,5,0.2,fpr_owa,1.767117669704048,1.8354108405671965,1.6600840900874871,2.4665471628706577,2.623309323256321,0.7
full_seed101_freeze_0p1_noise0p1_s5_a0p2_b0p7,101,freeze,0.1,0.1,5,0.2,crp,1.767117669704048,1.8354108405671965,1.6600840900874871,2.4665471628706577,2.623309323256321,0.7
full_seed101_freeze_0p1_noise0p1_s5_a0p3_b0p8,101,freeze,0.1,0.1,5,0.3,fpr_owa,1.7626268134227294,1.838567579606963,1.6659867656620362,2.496622538502625,2.5856445900776754,0.8
full_seed101_freeze_0p1_noise0p1_s5_a0p3_b0p8,101,freeze,0.1,0.1,5,0.3,crp,1.7626268134227294,1.838567579606963,1.6659867656620362,2.496622538502625,2.5856445900776754,0.8
full_seed101_freeze_0p1_noise0p1_s9_a0p2_b0p7,101,freeze,0.1,0.1,9,0.2,fpr_owa,1.7431267322240385,1.7957562784551415,1.6360161484302114,2.391604754266902,2.523561358285354,0.7
full_seed101_freeze_0p1_noise0p1_s9_a0p2_b0p7,101,freeze,0.1,0.1,9,0.2,crp,1.7431267322240385,1.7957562784551415,1.6360161484302114,2.391604754266902,2.523561358285354,0.7
full_seed101_freeze_0p1_noise0p1_s9_a0p3_b0p8,101,freeze,0.1,0.1,9,0.3,fpr_owa,1.713528403845548,1.7869630988891485,1.5911349792257754,2.479236558855026,2.539427961443164,0.8
full_seed101_freeze_0p1_noise0p1_s9_a0p3_b0p8,101,freeze,0.1,0.1,9,0.3,crp,1.713528403845548,1.7869630988891485,1.5911349792257754,2.479236558855026,2.539427961443164,0.8
full_seed101_freeze_0p1_noise0p25_s13_a0p2_b0p7,101,freeze,0.1,0.25,13,0.2,fpr_owa,1.2248871321354111,1.285195674379019,1.19725866256588,1.8205840883688,1.93807001433504,0.7
full_seed101_freeze_0p1_noise0p25_s13_a0p2_b0p7,101,freeze,0.1,0.25,13,0.2,crp,1.2248871321354111,1.285195674379019,1.19725866256588,1.8205840883688,1.93807001433504,0.7
full_seed101_freeze_0p1_noise0p25_s13_a0p3_b0p8,101,freeze,0.1,0.25,13,0.3,fpr_owa,1.4201540703649094,1.5148726549838312,1.3935973055068982,2.1739971801382496,2.364904962084545,0.8
full_seed101_freeze_0p1_noise0p25_s13_a0p3_b0p8,101,freeze,0.1,0.25,13,0.3,crp,1.4201540703649094,1.5148726549838312,1.3935973055068982,2.1739971801382496,2.364904962084545,0.8
full_seed101_freeze_0p1_noise0p25_s5_a0p2_b0p7,101,freeze,0.1,0.25,5,0.2,fpr_owa,1.7336143413815548,1.8099001257236491,1.6922920438569655,2.55417172044426,2.7327033676123493,0.7
full_seed101_freeze_0p1_noise0p25_s5_a0p2_b0p7,101,freeze,0.1,0.25,5,0.2,crp,1.7336143413815548,1.8099001257236491,1.6922920438569655,2.55417172044426,2.7327033676123493,0.7
full_seed101_freeze_0p1_noise0p25_s5_a0p3_b0p8,101,freeze,0.1,0.25,5,0.3,fpr_owa,1.7299506229173902,1.809798933912468,1.6661550456250218,2.56977910378971,2.767724316695624,0.8
full_seed101_freeze_0p1_noise0p25_s5_a0p3_b0p8,101,freeze,0.1,0.25,5,0.3,crp,1.7299506229173902,1.809798933912468,1.6661550456250218,2.56977910378971,2.767724316695624,0.8
full_seed101_freeze_0p1_noise0p25_s9_a0p2_b0p7,101,freeze,0.1,0.25,9,0.2,fpr_owa,1.7149786288704485,1.7787291413451884,1.6096267924073056,2.4324882517854496,2.6353623763668463,0.7
full_seed101_freeze_0p1_noise0p25_s9_a0p2_b0p7,101,freeze,0.1,0.25,9,0.2,crp,1.7157425360028744,1.7796052901525736,1.6096267924073056,2.4324882517854496,2.6353623763668463,0.7
full_seed101_freeze_0p1_noise0p25_s9_a0p3_b0p8,101,freeze,0.1,0.25,9,0.3,fpr_owa,1.699676980724064,1.7724449887095768,1.6085728558567252,2.4637748117797917,2.671886585904733,0.8
full_seed101_freeze_0p1_noise0p25_s9_a0p3_b0p8,101,freeze,0.1,0.25,9,0.3,crp,1.7002074225668082,1.7731142766228607,1.6085728558567252,2.4637748117797917,2.671886585904733,0.8
full_seed101_freeze_0p1_noise0p5_s13_a0p2_b0p7,101,freeze,0.1,0.5,13,0.2,fpr_owa,1.2661904919682845,1.3434312872994345,1.240801419563994,2.0477269291336966,2.3215045262022573,0.7
full_seed101_freeze_0p1_noise0p5_s13_a0p2_b0p7,101,freeze,0.1,0.5,13,0.2,crp,1.2822595190038082,1.364183704072765,1.2387970940273552,2.0477269291336966,2.436701985267087,0.7
full_seed101_freeze_0p1_noise0p5_s13_a0p3_b0p8,101,freeze,0.1,0.5,13,0.3,fpr_owa,1.3224245099336511,1.4290564730045592,1.2836515648764424,2.331147786840297,2.4987166291150835,0.8
full_seed101_freeze_0p1_noise0p5_s13_a0p3_b0p8,101,freeze,0.1,0.5,13,0.3,crp,1.3419766453018778,1.4524453992423805,1.2728297273652078,2.335685621870911,2.638924195582395,0.8
full_seed101_freeze_0p1_noise0p5_s5_a0p2_b0p7,101,freeze,0.1,0.5,5,0.2,fpr_owa,1.709271226509631,1.8044491280747168,1.6461929187271442,2.6895015239178703,3.020868080479137,0.7
full_seed101_freeze_0p1_noise0p5_s5_a0p2_b0p7,101,freeze,0.1,0.5,5,0.2,crp,1.7108937448554966,1.806884459017612,1.6461929187271442,2.6986287482273794,3.020868080479137,0.7
full_seed101_freeze_0p1_noise0p5_s5_a0p3_b0p8,101,freeze,0.1,0.5,5,0.3,fpr_owa,1.703342370087818,1.80311874125599,1.6345246869770231,2.725174442138963,3.089570498033422,0.8
full_seed101_freeze_0p1_noise0p5_s5_a0p3_b0p8,101,freeze,0.1,0.5,5,0.3,crp,1.70423412637046,1.8045258351022189,1.6345246869770231,2.725174442138963,3.089570498033422,0.8
full_seed101_freeze_0p1_noise0p5_s9_a0p2_b0p7,101,freeze,0.1,0.5,9,0.2,fpr_owa,1.679200189049418,1.755870631591648,1.6081310323269815,2.514867069402352,2.870264594752112,0.7
full_seed101_freeze_0p1_noise0p5_s9_a0p2_b0p7,101,freeze,0.1,0.5,9,0.2,crp,1.6805705212189546,1.757593315826627,1.6081310323269815,2.514867069402352,2.870264594752112,0.7
full_seed101_freeze_0p1_noise0p5_s9_a0p3_b0p8,101,freeze,0.1,0.5,9,0.3,fpr_owa,1.669025005055487,1.7515884841454676,1.571148724148809,2.60260037386507,2.9266970499106346,0.8
full_seed101_freeze_0p1_noise0p5_s9_a0p3_b0p8,101,freeze,0.1,0.5,9,0.3,crp,1.671836953868195,1.7540443070251368,1.5727331946709362,2.595632806485862,2.9266970499106346,0.8
full_seed101_freeze_0p2_noise0p1_s13_a0p2_b0p7,101,freeze,0.2,0.1,13,0.2,fpr_owa,1.2265056745990537,1.2704683731572388,1.225990047351839,1.6539651722283146,1.718632736989035,0.7
full_seed101_freeze_0p2_noise0p1_s13_a0p2_b0p7,101,freeze,0.2,0.1,13,0.2,crp,1.2265056745990537,1.2704683731572388,1.225990047351839,1.6539651722283146,1.718632736989035,0.7
full_seed101_freeze_0p2_noise0p1_s13_a0p3_b0p8,101,freeze,0.2,0.1,13,0.3,fpr_owa,1.4928411499919712,1.5662044240834123,1.4869897173251232,2.083792561859703,2.1805322811617684,0.8
full_seed101_freeze_0p2_noise0p1_s13_a0p3_b0p8,101,freeze,0.2,0.1,13,0.3,crp,1.4928411499919712,1.5662044240834123,1.4869897173251232,2.083792561859703,2.1805322811617684,0.8
full_seed101_freeze_0p2_noise0p1_s5_a0p2_b0p7,101,freeze,0.2,0.1,5,0.2,fpr_owa,1.7186949486412002,1.790965364251446,1.6210164285291826,2.4565832105198773,2.623309323256321,0.7
full_seed101_freeze_0p2_noise0p1_s5_a0p2_b0p7,101,freeze,0.2,0.1,5,0.2,crp,1.7186949486412002,1.790965364251446,1.6210164285291826,2.4565832105198773,2.623309323256321,0.7
full_seed101_freeze_0p2_noise0p1_s5_a0p3_b0p8,101,freeze,0.2,0.1,5,0.3,fpr_owa,1.7056884763983675,1.7834175409952338,1.5911570102417278,2.4796899970927493,2.5856445900776754,0.8
full_seed101_freeze_0p2_noise0p1_s5_a0p3_b0p8,101,freeze,0.2,0.1,5,0.3,crp,1.7056884763983675,1.7834175409952338,1.5911570102417278,2.4796899970927493,2.5856445900776754,0.8
full_seed101_freeze_0p2_noise0p1_s9_a0p2_b0p7,101,freeze,0.2,0.1,9,0.2,fpr_owa,1.7676144168871124,1.817447115599277,1.6833170702005522,2.397370534849156,2.556822477164654,0.7
full_seed101_freeze_0p2_noise0p1_s9_a0p2_b0p7,101,freeze,0.2,0.1,9,0.2,crp,1.7676144168871124,1.817447115599277,1.6833170702005522,2.397370534849156,2.556822477164654,0.7
full_seed101_freeze_0p2_noise0p1_s9_a0p3_b0p8,101,freeze,0.2,0.1,9,0.3,fpr_owa,1.7463549407257573,1.817828616851076,1.6351448970085083,2.483087558392486,2.615982087131423,0.8
full_seed101_freeze_0p2_noise0p1_s9_a0p3_b0p8,101,freeze,0.2,0.1,9,0.3,crp,1.7463549407257573,1.817828616851076,1.6351448970085083,2.483087558392486,2.615982087131423,0.8
full_seed101_freeze_0p2_noise0p25_s13_a0p2_b0p7,101,freeze,0.2,0.25,13,0.2,fpr_owa,1.2485855832845496,1.3034869338153323,1.2398665029228702,1.820979321793661,1.93807001433504,0.7
full_seed101_freeze_0p2_noise0p25_s13_a0p2_b0p7,101,freeze,0.2,0.25,13,0.2,crp,1.2485855832845496,1.3034869338153323,1.2398665029228702,1.820979321793661,1.93807001433504,0.7
full_seed101_freeze_0p2_noise0p25_s13_a0p3_b0p8,101,freeze,0.2,0.25,13,0.3,fpr_owa,1.446167560462041,1.5384420008116133,1.4129804139742663,2.196101854236166,2.364904962084545,0.8
full_seed101_freeze_0p2_noise0p25_s13_a0p3_b0p8,101,freeze,0.2,0.25,13,0.3,crp,1.446167560462041,1.5384420008116133,1.4129804139742663,2.196101854236166,2.364904962084545,0.8
full_seed101_freeze_0p2_noise0p25_s5_a0p2_b0p7,101,freeze,0.2,0.25,5,0.2,fpr_owa,1.6994781896146631,1.776777795121539,1.6417163603941751,2.505650056969039,2.7327033676123493,0.7
full_seed101_freeze_0p2_noise0p25_s5_a0p2_b0p7,101,freeze,0.2,0.25,5,0.2,crp,1.6994781896146631,1.776777795121539,1.6417163603941751,2.505650056969039,2.7327033676123493,0.7
full_seed101_freeze_0p2_noise0p25_s5_a0p3_b0p8,101,freeze,0.2,0.25,5,0.3,fpr_owa,1.6913440002484912,1.7707290159889926,1.6143172300979542,2.5541707944410432,2.767724316695624,0.8
full_seed101_freeze_0p2_noise0p25_s5_a0p3_b0p8,101,freeze,0.2,0.25,5,0.3,crp,1.6913440002484912,1.7707290159889926,1.6143172300979542,2.5541707944410432,2.767724316695624,0.8
full_seed101_freeze_0p2_noise0p25_s9_a0p2_b0p7,101,freeze,0.2,0.25,9,0.2,fpr_owa,1.735984129050371,1.7998178071024762,1.6580164908534962,2.46384236319453,2.6353623763668463,0.7
full_seed101_freeze_0p2_noise0p25_s9_a0p2_b0p7,101,freeze,0.2,0.25,9,0.2,crp,1.7367480361827967,1.8006836949424516,1.6580164908534962,2.46384236319453,2.6353623763668463,0.7
full_seed101_freeze_0p2_noise0p25_s9_a0p3_b0p8,101,freeze,0.2,0.25,9,0.3,fpr_owa,1.7228756756400387,1.7962531950873908,1.6411332435115256,2.477798450971836,2.724353125984368,0.8
full_seed101_freeze_0p2_noise0p25_s9_a0p3_b0p8,101,freeze,0.2,0.25,9,0.3,crp,1.7234061174827828,1.79691361529256,1.6411332435115256,2.477798450971836,2.724353125984368,0.8
full_seed101_freeze_0p2_noise0p5_s13_a0p2_b0p7,101,freeze,0.2,0.5,13,0.2,fpr_owa,1.2800621104725636,1.3542986225439246,1.240801419563994,2.0512581199648063,2.44997996627012,0.7
full_seed101_freeze_0p2_noise0p5_s13_a0p2_b0p7,101,freeze,0.2,0.5,13,0.2,crp,1.2969864098504928,1.3735417551482263,1.2614763353502465,2.0512581199648063,2.436701985267087,0.7
full_seed101_freeze_0p2_noise0p5_s13_a0p3_b0p8,101,freeze,0.2,0.5,13,0.3,fpr_owa,1.352056749771235,1.459239131771244,1.3295854179872189,2.3365054897639945,2.61467936605722,0.8
full_seed101_freeze_0p2_noise0p5_s13_a0p3_b0p8,101,freeze,0.2,0.5,13,0.3,crp,1.3692186188428,1.4785613074291892,1.3227896446623446,2.336730480083853,2.8244658732345167,0.8
full_seed101_freeze_0p2_noise0p5_s5_a0p2_b0p7,101,freeze,0.2,0.5,5,0.2,fpr_owa,1.6705705504759565,1.7679917520712225,1.5930803466833434,2.6191433205467187,3.020868080479137,0.7
full_seed101_freeze_0p2_noise0p5_s5_a0p2_b0p7,101,freeze,0.2,0.5,5,0.2,crp,1.672193068821822,1.770477231658637,1.5930803466833434,2.6356246656506297,3.020868080479137,0.7
full_seed101_freeze_0p2_noise0p5_s5_a0p3_b0p8,101,freeze,0.2,0.5,5,0.3,fpr_owa,1.6708269665307858,1.7711684200273643,1.6270113370918875,2.70287780136473,3.089570498033422,0.8
full_seed101_freeze_0p2_noise0p5_s5_a0p3_b0p8,101,freeze,0.2,0.5,5,0.3,crp,1.6717187228134278,1.7726008762789796,1.6270113370918875,2.70287780136473,3.089570498033422,0.8
full_seed101_freeze_0p2_noise0p5_s9_a0p2_b0p7,101,freeze,0.2,0.5,9,0.2,fpr_owa,1.7023498851716026,1.7792748890853485,1.607675141305693,2.549626323415734,2.870264594752112,0.7
full_seed101_freeze_0p2_noise0p5_s9_a0p2_b0p7,101,freeze,0.2,0.5,9,0.2,crp,1.7019820458128618,1.7790863466799582,1.607675141305693,2.549626323415734,2.870264594752112,0.7
full_seed101_freeze_0p2_noise0p5_s9_a0p3_b0p8,101,freeze,0.2,0.5,9,0.3,fpr_owa,1.6939974669445723,1.7741419545548784,1.6143133082805834,2.6105405103414583,2.9577269650377063,0.8
full_seed101_freeze_0p2_noise0p5_s9_a0p3_b0p8,101,freeze,0.2,0.5,9,0.3,crp,1.696755453540706,1.7770334106347343,1.6143133082805834,2.6093255922234677,2.9577269650377063,0.8
full_seed101_freeze_0p3_noise0p1_s13_a0p2_b0p7,101,freeze,0.3,0.1,13,0.2,fpr_owa,1.2278730529185364,1.268691671347426,1.2305367836384886,1.6377492040854786,1.7108231043868751,0.7
full_seed101_freeze_0p3_noise0p1_s13_a0p2_b0p7,101,freeze,0.3,0.1,13,0.2,crp,1.2278730529185364,1.268691671347426,1.2305367836384886,1.6377492040854786,1.7108231043868751,0.7
full_seed101_freeze_0p3_noise0p1_s13_a0p3_b0p8,101,freeze,0.3,0.1,13,0.3,fpr_owa,1.4989047948068055,1.5664831709117957,1.5145615314150092,2.0821620070444355,2.1805322811617684,0.8
full_seed101_freeze_0p3_noise0p1_s13_a0p3_b0p8,101,freeze,0.3,0.1,13,0.3,crp,1.4989047948068055,1.5664831709117957,1.5145615314150092,2.0821620070444355,2.1805322811617684,0.8
full_seed101_freeze_0p3_noise0p1_s5_a0p2_b0p7,101,freeze,0.3,0.1,5,0.2,fpr_owa,1.7685399923329714,1.835395269087492,1.667629823959527,2.486174470871711,2.6317778813505948,0.7
full_seed101_freeze_0p3_noise0p1_s5_a0p2_b0p7,101,freeze,0.3,0.1,5,0.2,crp,1.7685399923329714,1.835395269087492,1.667629823959527,2.486174470871711,2.6317778813505948,0.7
full_seed101_freeze_0p3_noise0p1_s5_a0p3_b0p8,101,freeze,0.3,0.1,5,0.3,fpr_owa,1.7548319396101044,1.8308694422372451,1.7071430022950145,2.5114486247602046,2.5856445900776754,0.8
full_seed101_freeze_0p3_noise0p1_s5_a0p3_b0p8,101,freeze,0.3,0.1,5,0.3,crp,1.7548319396101044,1.8308694422372451,1.7071430022950145,2.5114486247602046,2.5856445900776754,0.8
full_seed101_freeze_0p3_noise0p1_s9_a0p2_b0p7,101,freeze,0.3,0.1,9,0.2,fpr_owa,1.7772461660123478,1.8264179100392952,1.688603741471775,2.3995761498305272,2.6016583341996022,0.7
full_seed101_freeze_0p3_noise0p1_s9_a0p2_b0p7,101,freeze,0.3,0.1,9,0.2,crp,1.7772461660123478,1.8264179100392952,1.688603741471775,2.3995761498305272,2.6016583341996022,0.7
full_seed101_freeze_0p3_noise0p1_s9_a0p3_b0p8,101,freeze,0.3,0.1,9,0.3,fpr_owa,1.7672847660070194,1.835395835718048,1.659992678927206,2.486906006569736,2.586042908160543,0.8
full_seed101_freeze_0p3_noise0p1_s9_a0p3_b0p8,101,freeze,0.3,0.1,9,0.3,crp,1.7672847660070194,1.835395835718048,1.659992678927206,2.486906006569736,2.586042908160543,0.8
full_seed101_freeze_0p3_noise0p25_s13_a0p2_b0p7,101,freeze,0.3,0.25,13,0.2,fpr_owa,1.2527698821432245,1.3045092966437954,1.2456549603750893,1.820590858428842,1.93807001433504,0.7
full_seed101_freeze_0p3_noise0p25_s13_a0p2_b0p7,101,freeze,0.3,0.25,13,0.2,crp,1.2527698821432245,1.3045092966437954,1.2456549603750893,1.820590858428842,1.93807001433504,0.7
full_seed101_freeze_0p3_noise0p25_s13_a0p3_b0p8,101,freeze,0.3,0.25,13,0.3,fpr_owa,1.459142846078877,1.544233889271269,1.4357893867681866,2.192325854307477,2.348715633380049,0.8
full_seed101_freeze_0p3_noise0p25_s13_a0p3_b0p8,101,freeze,0.3,0.25,13,0.3,crp,1.459142846078877,1.544233889271269,1.4357893867681866,2.192325854307477,2.348715633380049,0.8
full_seed101_freeze_0p3_noise0p25_s5_a0p2_b0p7,101,freeze,0.3,0.25,5,0.2,fpr_owa,1.7347331845210687,1.8102846944759847,1.6744679092833217,2.580478015543148,2.7327033676123493,0.7
full_seed101_freeze_0p3_noise0p25_s5_a0p2_b0p7,101,freeze,0.3,0.25,5,0.2,crp,1.7347331845210687,1.8102846944759847,1.6744679092833217,2.580478015543148,2.7327033676123493,0.7
full_seed101_freeze_0p3_noise0p25_s5_a0p3_b0p8,101,freeze,0.3,0.25,5,0.3,fpr_owa,1.7235811546688966,1.801935336303781,1.6366253477849442,2.5766362005104635,2.767724316695624,0.8
full_seed101_freeze_0p3_noise0p25_s5_a0p3_b0p8,101,freeze,0.3,0.25,5,0.3,crp,1.7235811546688966,1.801935336303781,1.6366253477849442,2.5766362005104635,2.767724316695624,0.8
full_seed101_freeze_0p3_noise0p25_s9_a0p2_b0p7,101,freeze,0.3,0.25,9,0.2,fpr_owa,1.7493422502144336,1.8105099052382172,1.651757577450522,2.4808986829135944,2.63202489517159,0.7
full_seed101_freeze_0p3_noise0p25_s9_a0p2_b0p7,101,freeze,0.3,0.25,9,0.2,crp,1.7493422502144336,1.8105099052382172,1.651757577450522,2.4808986829135944,2.63202489517159,0.7
full_seed101_freeze_0p3_noise0p25_s9_a0p3_b0p8,101,freeze,0.3,0.25,9,0.3,fpr_owa,1.740977781335233,1.8096306591638605,1.6411332435115256,2.485224457342335,2.7449004468434475,0.8
full_seed101_freeze_0p3_noise0p25_s9_a0p3_b0p8,101,freeze,0.3,0.25,9,0.3,crp,1.740977781335233,1.8096306591638605,1.6411332435115256,2.485224457342335,2.7449004468434475,0.8
full_seed101_freeze_0p3_noise0p5_s13_a0p2_b0p7,101,freeze,0.3,0.5,13,0.2,fpr_owa,1.2831888220930243,1.356538260813096,1.2591364064849344,2.057347837523185,2.386969497805062,0.7
full_seed101_freeze_0p3_noise0p5_s13_a0p2_b0p7,101,freeze,0.3,0.5,13,0.2,crp,1.2997051731569509,1.3751826413132968,1.2839611654310603,2.062218236028996,2.3684406444299424,0.7
full_seed101_freeze_0p3_noise0p5_s13_a0p3_b0p8,101,freeze,0.3,0.5,13,0.3,fpr_owa,1.3617248165498368,1.4679368037038667,1.3416695804062218,2.335685621870911,2.551668897592163,0.8
full_seed101_freeze_0p3_noise0p5_s13_a0p3_b0p8,101,freeze,0.3,0.5,13,0.3,crp,1.3750645122981833,1.4832825520349178,1.3465507809687645,2.336827639437307,2.7562045323973723,0.8
full_seed101_freeze_0p3_noise0p5_s5_a0p2_b0p7,101,freeze,0.3,0.5,5,0.2,fpr_owa,1.7068481132738618,1.804264769352426,1.6266291230669725,2.7066877690532376,3.020868080479137,0.7
full_seed101_freeze_0p3_noise0p5_s5_a0p2_b0p7,101,freeze,0.3,0.5,5,0.2,crp,1.7093609899706257,1.8078437613424705,1.6266291230669725,2.7081718282132714,3.020868080479137,0.7
full_seed101_freeze_0p3_noise0p5_s5_a0p3_b0p8,101,freeze,0.3,0.5,5,0.3,fpr_owa,1.6973970819406383,1.7980869514635078,1.6563774825084892,2.725174442138963,3.089570498033422,0.8
full_seed101_freeze_0p3_noise0p5_s5_a0p3_b0p8,101,freeze,0.3,0.5,5,0.3,crp,1.698459222809025,1.799731235681452,1.6563774825084892,2.725174442138963,3.089570498033422,0.8
full_seed101_freeze_0p3_noise0p5_s9_a0p2_b0p7,101,freeze,0.3,0.5,9,0.2,fpr_owa,1.7185683723654903,1.791827271597466,1.6468159611748028,2.5534234735537864,2.817641262497876,0.7
full_seed101_freeze_0p3_noise0p5_s9_a0p2_b0p7,101,freeze,0.3,0.5,9,0.2,crp,1.7220931339366417,1.7960069795602742,1.6468159611748028,2.5534234735537864,2.817641262497876,0.7
full_seed101_freeze_0p3_noise0p5_s9_a0p3_b0p8,101,freeze,0.3,0.5,9,0.3,fpr_owa,1.7136066698424472,1.7889941971752,1.640670811964922,2.629755645020305,2.899386382569466,0.8
full_seed101_freeze_0p3_noise0p5_s9_a0p3_b0p8,101,freeze,0.3,0.5,9,0.3,crp,1.7191230667795976,1.7947561909399072,1.640670811964922,2.620011430693024,2.899386382569466,0.8
full_seed101_freeze_0p4_noise0p1_s13_a0p2_b0p7,101,freeze,0.4,0.1,13,0.2,fpr_owa,1.2173537271562582,1.262182825371183,1.2253171969934522,1.6362619351894503,1.7148521088811317,0.7
full_seed101_freeze_0p4_noise0p1_s13_a0p2_b0p7,101,freeze,0.4,0.1,13,0.2,crp,1.2173537271562582,1.262182825371183,1.2253171969934522,1.6362619351894503,1.7148521088811317,0.7
full_seed101_freeze_0p4_noise0p1_s13_a0p3_b0p8,101,freeze,0.4,0.1,13,0.3,fpr_owa,1.4736161327187447,1.5463334272929692,1.4695100360453828,2.083220548694629,2.142828786129591,0.8
full_seed101_freeze_0p4_noise0p1_s13_a0p3_b0p8,101,freeze,0.4,0.1,13,0.3,crp,1.4736161327187447,1.5463334272929692,1.4695100360453828,2.083220548694629,2.142828786129591,0.8
full_seed101_freeze_0p4_noise0p1_s5_a0p2_b0p7,101,freeze,0.4,0.1,5,0.2,fpr_owa,1.7685399923329714,1.835395269087492,1.667629823959527,2.486174470871711,2.6317778813505948,0.7
full_seed101_freeze_0p4_noise0p1_s5_a0p2_b0p7,101,freeze,0.4,0.1,5,0.2,crp,1.7685399923329714,1.835395269087492,1.667629823959527,2.486174470871711,2.6317778813505948,0.7
full_seed101_freeze_0p4_noise0p1_s5_a0p3_b0p8,101,freeze,0.4,0.1,5,0.3,fpr_owa,1.7548319396101044,1.8308694422372451,1.7071430022950145,2.5114486247602046,2.5856445900776754,0.8
full_seed101_freeze_0p4_noise0p1_s5_a0p3_b0p8,101,freeze,0.4,0.1,5,0.3,crp,1.7548319396101044,1.8308694422372451,1.7071430022950145,2.5114486247602046,2.5856445900776754,0.8
full_seed101_freeze_0p4_noise0p1_s9_a0p2_b0p7,101,freeze,0.4,0.1,9,0.2,fpr_owa,1.777517440705297,1.825243906808388,1.690044143966498,2.3981483074830336,2.57230255085972,0.7
full_seed101_freeze_0p4_noise0p1_s9_a0p2_b0p7,101,freeze,0.4,0.1,9,0.2,crp,1.777517440705297,1.825243906808388,1.690044143966498,2.3981483074830336,2.57230255085972,0.7
full_seed101_freeze_0p4_noise0p1_s9_a0p3_b0p8,101,freeze,0.4,0.1,9,0.3,fpr_owa,1.7674692244326216,1.8309326888777904,1.700435866606468,2.481753228222399,2.562509804855292,0.8
full_seed101_freeze_0p4_noise0p1_s9_a0p3_b0p8,101,freeze,0.4,0.1,9,0.3,crp,1.7674692244326216,1.8309326888777904,1.700435866606468,2.481753228222399,2.562509804855292,0.8
full_seed101_freeze_0p4_noise0p25_s13_a0p2_b0p7,101,freeze,0.4,0.25,13,0.2,fpr_owa,1.2306265100855929,1.2845062664270448,1.2044535377120542,1.820590858428842,1.93807001433504,0.7
full_seed101_freeze_0p4_noise0p25_s13_a0p2_b0p7,101,freeze,0.4,0.25,13,0.2,crp,1.2306265100855929,1.2845062664270448,1.2044535377120542,1.820590858428842,1.93807001433504,0.7
full_seed101_freeze_0p4_noise0p25_s13_a0p3_b0p8,101,freeze,0.4,0.25,13,0.3,fpr_owa,1.4196455848724718,1.5080825297581586,1.40325475865085,2.189210494620096,2.348715633380049,0.8
full_seed101_freeze_0p4_noise0p25_s13_a0p3_b0p8,101,freeze,0.4,0.25,13,0.3,crp,1.4196455848724718,1.5080825297581586,1.40325475865085,2.189210494620096,2.348715633380049,0.8
full_seed101_freeze_0p4_noise0p25_s5_a0p2_b0p7,101,freeze,0.4,0.25,5,0.2,fpr_owa,1.7347331845210687,1.8102846944759847,1.6744679092833217,2.580478015543148,2.7327033676123493,0.7
full_seed101_freeze_0p4_noise0p25_s5_a0p2_b0p7,101,freeze,0.4,0.25,5,0.2,crp,1.7347331845210687,1.8102846944759847,1.6744679092833217,2.580478015543148,2.7327033676123493,0.7
full_seed101_freeze_0p4_noise0p25_s5_a0p3_b0p8,101,freeze,0.4,0.25,5,0.3,fpr_owa,1.7235811546688966,1.801935336303781,1.6366253477849442,2.5766362005104635,2.767724316695624,0.8
full_seed101_freeze_0p4_noise0p25_s5_a0p3_b0p8,101,freeze,0.4,0.25,5,0.3,crp,1.7235811546688966,1.801935336303781,1.6366253477849442,2.5766362005104635,2.767724316695624,0.8
full_seed101_freeze_0p4_noise0p25_s9_a0p2_b0p7,101,freeze,0.4,0.25,9,0.2,fpr_owa,1.7443062765003907,1.803225412427768,1.6852839971654492,2.4398284480022494,2.5823984057279774,0.7
full_seed101_freeze_0p4_noise0p25_s9_a0p2_b0p7,101,freeze,0.4,0.25,9,0.2,crp,1.7443062765003907,1.803225412427768,1.6852839971654492,2.4398284480022494,2.5823984057279774,0.7
full_seed101_freeze_0p4_noise0p25_s9_a0p3_b0p8,101,freeze,0.4,0.25,9,0.3,fpr_owa,1.738418102019937,1.8031919248700097,1.6744650070957183,2.4637222532666665,2.671886585904733,0.8
full_seed101_freeze_0p4_noise0p25_s9_a0p3_b0p8,101,freeze,0.4,0.25,9,0.3,crp,1.738418102019937,1.8031919248700097,1.6744650070957183,2.4637222532666665,2.671886585904733,0.8
full_seed101_freeze_0p4_noise0p5_s13_a0p2_b0p7,101,freeze,0.4,0.5,13,0.2,fpr_owa,1.2564227390011231,1.3305241064851612,1.2393184122616925,2.0469385824003457,2.2735603414359,0.7
full_seed101_freeze_0p4_noise0p5_s13_a0p2_b0p7,101,freeze,0.4,0.5,13,0.2,crp,1.2744102443680798,1.3512220454727824,1.240801419563994,2.0512581199648063,2.3429851414243608,0.7
full_seed101_freeze_0p4_noise0p5_s13_a0p3_b0p8,101,freeze,0.4,0.5,13,0.3,fpr_owa,1.319691586851224,1.4245882606815816,1.2852734185273955,2.331178761822599,2.5397768976233057,0.8
full_seed101_freeze_0p4_noise0p5_s13_a0p3_b0p8,101,freeze,0.4,0.5,13,0.3,crp,1.3329926100742884,1.4412254523552397,1.28249353284678,2.335685621870911,2.638924195582395,0.8
full_seed101_freeze_0p4_noise0p5_s5_a0p2_b0p7,101,freeze,0.4,0.5,5,0.2,fpr_owa,1.7068481132738618,1.804264769352426,1.6266291230669725,2.7066877690532376,3.020868080479137,0.7
full_seed101_freeze_0p4_noise0p5_s5_a0p2_b0p7,101,freeze,0.4,0.5,5,0.2,crp,1.7093609899706257,1.8078437613424705,1.6266291230669725,2.7081718282132714,3.020868080479137,0.7
full_seed101_freeze_0p4_noise0p5_s5_a0p3_b0p8,101,freeze,0.4,0.5,5,0.3,fpr_owa,1.6973970819406383,1.7980869514635078,1.6563774825084892,2.725174442138963,3.089570498033422,0.8
full_seed101_freeze_0p4_noise0p5_s5_a0p3_b0p8,101,freeze,0.4,0.5,5,0.3,crp,1.698459222809025,1.799731235681452,1.6563774825084892,2.725174442138963,3.089570498033422,0.8
full_seed101_freeze_0p4_noise0p5_s9_a0p2_b0p7,101,freeze,0.4,0.5,9,0.2,fpr_owa,1.7183627142140423,1.7896607089080936,1.6477962578658143,2.594365913777648,2.7704657387066534,0.7
full_seed101_freeze_0p4_noise0p5_s9_a0p2_b0p7,101,freeze,0.4,0.5,9,0.2,crp,1.7190688865298185,1.790657223684055,1.6477962578658143,2.594365913777648,2.7704657387066534,0.7
full_seed101_freeze_0p4_noise0p5_s9_a0p3_b0p8,101,freeze,0.4,0.5,9,0.3,fpr_owa,1.7082254410018174,1.7812749976334952,1.6395129350512163,2.60260037386507,2.899386382569466,0.8
full_seed101_freeze_0p4_noise0p5_s9_a0p3_b0p8,101,freeze,0.4,0.5,9,0.3,crp,1.7103112658576776,1.782760966523113,1.6395129350512163,2.5798915393730506,2.899386382569466,0.8
full_seed101_mixed_0p0_noise0p1_s13_a0p2_b0p7,101,mixed,0.0,0.1,13,0.2,fpr_owa,1.2005996835464343,1.2492934636752335,1.1936329513941824,1.6485568056889095,1.7438379620698026,0.7
full_seed101_mixed_0p0_noise0p1_s13_a0p2_b0p7,101,mixed,0.0,0.1,13,0.2,crp,1.2005996835464343,1.2492934636752335,1.1936329513941824,1.6485568056889095,1.7438379620698026,0.7
full_seed101_mixed_0p0_noise0p1_s13_a0p3_b0p8,101,mixed,0.0,0.1,13,0.3,fpr_owa,1.459851850307026,1.5405262522493737,1.4105131735776282,2.0889440810659385,2.241185361713773,0.8
full_seed101_mixed_0p0_noise0p1_s13_a0p3_b0p8,101,mixed,0.0,0.1,13,0.3,crp,1.459851850307026,1.5405262522493737,1.4105131735776282,2.0889440810659385,2.241185361713773,0.8
full_seed101_mixed_0p0_noise0p1_s5_a0p2_b0p7,101,mixed,0.0,0.1,5,0.2,fpr_owa,1.767117669704048,1.8354108405671965,1.6600840900874871,2.4665471628706577,2.623309323256321,0.7
full_seed101_mixed_0p0_noise0p1_s5_a0p2_b0p7,101,mixed,0.0,0.1,5,0.2,crp,1.767117669704048,1.8354108405671965,1.6600840900874871,2.4665471628706577,2.623309323256321,0.7
full_seed101_mixed_0p0_noise0p1_s5_a0p3_b0p8,101,mixed,0.0,0.1,5,0.3,fpr_owa,1.7626268134227294,1.838567579606963,1.6659867656620362,2.496622538502625,2.5856445900776754,0.8
full_seed101_mixed_0p0_noise0p1_s5_a0p3_b0p8,101,mixed,0.0,0.1,5,0.3,crp,1.7626268134227294,1.838567579606963,1.6659867656620362,2.496622538502625,2.5856445900776754,0.8
full_seed101_mixed_0p0_noise0p1_s9_a0p2_b0p7,101,mixed,0.0,0.1,9,0.2,fpr_owa,1.7649217452909671,1.8188107961041775,1.6358181714411566,2.402411083444426,2.5208303773184952,0.7
full_seed101_mixed_0p0_noise0p1_s9_a0p2_b0p7,101,mixed,0.0,0.1,9,0.2,crp,1.7649217452909671,1.8188107961041775,1.6358181714411566,2.402411083444426,2.5208303773184952,0.7
full_seed101_mixed_0p0_noise0p1_s9_a0p3_b0p8,101,mixed,0.0,0.1,9,0.3,fpr_owa,1.748512793146674,1.822359247104944,1.6160641797705488,2.483087558392486,2.621842066792208,0.8
full_seed101_mixed_0p0_noise0p1_s9_a0p3_b0p8,101,mixed,0.0,0.1,9,0.3,crp,1.748512793146674,1.822359247104944,1.6160641797705488,2.483087558392486,2.621842066792208,0.8
full_seed101_mixed_0p0_noise0p25_s13_a0p2_b0p7,101,mixed,0.0,0.25,13,0.2,fpr_owa,1.236562460285135,1.2956308708465365,1.2044535377120542,1.82105823882284,1.93807001433504,0.7
full_seed101_mixed_0p0_noise0p25_s13_a0p2_b0p7,101,mixed,0.0,0.25,13,0.2,crp,1.236562460285135,1.2956308708465365,1.2044535377120542,1.82105823882284,1.93807001433504,0.7
full_seed101_mixed_0p0_noise0p25_s13_a0p3_b0p8,101,mixed,0.0,0.25,13,0.3,fpr_owa,1.4423166327854453,1.5394491390162115,1.4096630712143363,2.215127343217554,2.402718544702593,0.8
full_seed101_mixed_0p0_noise0p25_s13_a0p3_b0p8,101,mixed,0.0,0.25,13,0.3,crp,1.4423166327854453,1.5394491390162115,1.4096630712143363,2.215127343217554,2.402718544702593,0.8
full_seed101_mixed_0p0_noise0p25_s5_a0p2_b0p7,101,mixed,0.0,0.25,5,0.2,fpr_owa,1.7336143413815548,1.8099001257236491,1.6922920438569655,2.55417172044426,2.7327033676123493,0.7
full_seed101_mixed_0p0_noise0p25_s5_a0p2_b0p7,101,mixed,0.0,0.25,5,0.2,crp,1.7336143413815548,1.8099001257236491,1.6922920438569655,2.55417172044426,2.7327033676123493,0.7
full_seed101_mixed_0p0_noise0p25_s5_a0p3_b0p8,101,mixed,0.0,0.25,5,0.3,fpr_owa,1.7299506229173902,1.809798933912468,1.6661550456250218,2.56977910378971,2.767724316695624,0.8
full_seed101_mixed_0p0_noise0p25_s5_a0p3_b0p8,101,mixed,0.0,0.25,5,0.3,crp,1.7299506229173902,1.809798933912468,1.6661550456250218,2.56977910378971,2.767724316695624,0.8
full_seed101_mixed_0p0_noise0p25_s9_a0p2_b0p7,101,mixed,0.0,0.25,9,0.2,fpr_owa,1.7298027951227697,1.795488778870893,1.6024240184477152,2.4398284480022494,2.632631395399988,0.7
full_seed101_mixed_0p0_noise0p25_s9_a0p2_b0p7,101,mixed,0.0,0.25,9,0.2,crp,1.7298027951227697,1.795488778870893,1.6024240184477152,2.4398284480022494,2.632631395399988,0.7
full_seed101_mixed_0p0_noise0p25_s9_a0p3_b0p8,101,mixed,0.0,0.25,9,0.3,fpr_owa,1.7256608562942817,1.7990798317672998,1.6358554405371024,2.4886343819454897,2.781453042917504,0.8
full_seed101_mixed_0p0_noise0p25_s9_a0p3_b0p8,101,mixed,0.0,0.25,9,0.3,crp,1.7256608562942817,1.7990798317672998,1.6358554405371024,2.4886343819454897,2.781453042917504,0.8
full_seed101_mixed_0p0_noise0p5_s13_a0p2_b0p7,101,mixed,0.0,0.5,13,0.2,fpr_owa,1.2839222170748892,1.3602123416225274,1.240801419563994,2.046768449975125,2.3782249001293287,0.7
full_seed101_mixed_0p0_noise0p5_s13_a0p2_b0p7,101,mixed,0.0,0.5,13,0.2,crp,1.2997189676694498,1.3803135158877573,1.240801419563994,2.053681390863597,2.434949713201487,0.7
full_seed101_mixed_0p0_noise0p5_s13_a0p3_b0p8,101,mixed,0.0,0.5,13,0.3,fpr_owa,1.3542700790443412,1.4646362664908377,1.2917001243824369,2.3401931281901307,2.585645126688344,0.8
full_seed101_mixed_0p0_noise0p5_s13_a0p3_b0p8,101,mixed,0.0,0.5,13,0.3,crp,1.3795600058190316,1.4935824973058032,1.297581587519955,2.364057041305829,2.6816652677859327,0.8
full_seed101_mixed_0p0_noise0p5_s5_a0p2_b0p7,101,mixed,0.0,0.5,5,0.2,fpr_owa,1.709271226509631,1.8044491280747168,1.6461929187271442,2.6895015239178703,3.020868080479137,0.7
full_seed101_mixed_0p0_noise0p5_s5_a0p2_b0p7,101,mixed,0.0,0.5,5,0.2,crp,1.7108937448554966,1.806884459017612,1.6461929187271442,2.6986287482273794,3.020868080479137,0.7
full_seed101_mixed_0p0_noise0p5_s5_a0p3_b0p8,101,mixed,0.0,0.5,5,0.3,fpr_owa,1.703342370087818,1.80311874125599,1.6345246869770231,2.725174442138963,3.089570498033422,0.8
full_seed101_mixed_0p0_noise0p5_s5_a0p3_b0p8,101,mixed,0.0,0.5,5,0.3,crp,1.70423412637046,1.8045258351022189,1.6345246869770231,2.725174442138963,3.089570498033422,0.8
full_seed101_mixed_0p0_noise0p5_s9_a0p2_b0p7,101,mixed,0.0,0.5,9,0.2,fpr_owa,1.70044414129838,1.7783768765686925,1.641228448021633,2.5752813313069827,2.867533613785253,0.7
full_seed101_mixed_0p0_noise0p5_s9_a0p2_b0p7,101,mixed,0.0,0.5,9,0.2,crp,1.6992102758586314,1.777116659734978,1.641228448021633,2.5752813313069827,2.867533613785253,0.7
full_seed101_mixed_0p0_noise0p5_s9_a0p3_b0p8,101,mixed,0.0,0.5,9,0.3,fpr_owa,1.6909088150660572,1.7716248152131142,1.5885115885765302,2.610265449817572,3.033435246204024,0.8
full_seed101_mixed_0p0_noise0p5_s9_a0p3_b0p8,101,mixed,0.0,0.5,9,0.3,crp,1.692712423537461,1.7730546854818758,1.605303248533299,2.610265449817572,3.033435246204024,0.8
full_seed101_mixed_0p1_noise0p1_s13_a0p2_b0p7,101,mixed,0.1,0.1,13,0.2,fpr_owa,1.1534268964853358,1.2030158457256706,1.1428314205584416,1.656053377789619,1.7630768288607368,0.7
full_seed101_mixed_0p1_noise0p1_s13_a0p2_b0p7,101,mixed,0.1,0.1,13,0.2,crp,1.1855023052601017,1.234503533411,1.1958218486653815,1.6493486746710642,1.7630768288607368,0.7
full_seed101_mixed_0p1_noise0p1_s13_a0p3_b0p8,101,mixed,0.1,0.1,13,0.3,fpr_owa,1.4161533980943313,1.4969676323456922,1.3944847282468948,2.119119143902132,2.2822486572506966,0.8
full_seed101_mixed_0p1_noise0p1_s13_a0p3_b0p8,101,mixed,0.1,0.1,13,0.3,crp,1.4523806060908846,1.5322594013894657,1.4546913425945611,2.119119143902132,2.2822486572506966,0.8
full_seed101_mixed_0p1_noise0p1_s5_a0p2_b0p7,101,mixed,0.1,0.1,5,0.2,fpr_owa,1.767117669704048,1.8354108405671965,1.6600840900874871,2.4665471628706577,2.623309323256321,0.7
full_seed101_mixed_0p1_noise0p1_s5_a0p2_b0p7,101,mixed,0.1,0.1,5,0.2,crp,1.767117669704048,1.8354108405671965,1.6600840900874871,2.4665471628706577,2.623309323256321,0.7
full_seed101_mixed_0p1_noise0p1_s5_a0p3_b0p8,101,mixed,0.1,0.1,5,0.3,fpr_owa,1.7626268134227294,1.838567579606963,1.6659867656620362,2.496622538502625,2.5856445900776754,0.8
full_seed101_mixed_0p1_noise0p1_s5_a0p3_b0p8,101,mixed,0.1,0.1,5,0.3,crp,1.7626268134227294,1.838567579606963,1.6659867656620362,2.496622538502625,2.5856445900776754,0.8
full_seed101_mixed_0p1_noise0p1_s9_a0p2_b0p7,101,mixed,0.1,0.1,9,0.2,fpr_owa,1.7545693599896703,1.8044308026879623,1.6491420154818104,2.415840370669107,2.529581352112384,0.7
full_seed101_mixed_0p1_noise0p1_s9_a0p2_b0p7,101,mixed,0.1,0.1,9,0.2,crp,1.7770462587611076,1.829103577750158,1.6587695728625147,2.4207364492994343,2.529581352112384,0.7
full_seed101_mixed_0p1_noise0p1_s9_a0p3_b0p8,101,mixed,0.1,0.1,9,0.3,fpr_owa,1.7567518520868086,1.825340873225131,1.6480767199120865,2.4855531293785638,2.68596974680014,0.8
full_seed101_mixed_0p1_noise0p1_s9_a0p3_b0p8,101,mixed,0.1,0.1,9,0.3,crp,1.7605583981853732,1.832040211502454,1.6292475859554072,2.4855531293785638,2.68596974680014,0.8
full_seed101_mixed_0p1_noise0p25_s13_a0p2_b0p7,101,mixed,0.1,0.25,13,0.2,fpr_owa,1.1985944170243767,1.2548430428143509,1.1802706050607996,1.820590858428842,1.93807001433504,0.7
full_seed101_mixed_0p1_noise0p25_s13_a0p2_b0p7,101,mixed,0.1,0.25,13,0.2,crp,1.228163422292249,1.2854624668000936,1.2048205875472575,1.820590858428842,1.93807001433504,0.7
full_seed101_mixed_0p1_noise0p25_s13_a0p3_b0p8,101,mixed,0.1,0.25,13,0.3,fpr_owa,1.4007141698667858,1.494493917398214,1.3935973055068982,2.215127343217554,2.4478571094868418,0.8
full_seed101_mixed_0p1_noise0p25_s13_a0p3_b0p8,101,mixed,0.1,0.25,13,0.3,crp,1.4249742364352411,1.5202543289628332,1.3935973055068982,2.215127343217554,2.4478571094868418,0.8
full_seed101_mixed_0p1_noise0p25_s5_a0p2_b0p7,101,mixed,0.1,0.25,5,0.2,fpr_owa,1.7336143413815548,1.8099001257236491,1.6922920438569655,2.55417172044426,2.7327033676123493,0.7
full_seed101_mixed_0p1_noise0p25_s5_a0p2_b0p7,101,mixed,0.1,0.25,5,0.2,crp,1.7336143413815548,1.8099001257236491,1.6922920438569655,2.55417172044426,2.7327033676123493,0.7
full_seed101_mixed_0p1_noise0p25_s5_a0p3_b0p8,101,mixed,0.1,0.25,5,0.3,fpr_owa,1.7299506229173902,1.809798933912468,1.6661550456250218,2.56977910378971,2.767724316695624,0.8
full_seed101_mixed_0p1_noise0p25_s5_a0p3_b0p8,101,mixed,0.1,0.25,5,0.3,crp,1.7299506229173902,1.809798933912468,1.6661550456250218,2.56977910378971,2.767724316695624,0.8
full_seed101_mixed_0p1_noise0p25_s9_a0p2_b0p7,101,mixed,0.1,0.25,9,0.2,fpr_owa,1.7200150164433994,1.7837039385325126,1.6287324113708646,2.4699559680055034,2.641382370193876,0.7
full_seed101_mixed_0p1_noise0p25_s9_a0p2_b0p7,101,mixed,0.1,0.25,9,0.2,crp,1.745780255109071,1.810971227142489,1.6812245650032405,2.471616338655622,2.641382370193876,0.7
full_seed101_mixed_0p1_noise0p25_s9_a0p3_b0p8,101,mixed,0.1,0.25,9,0.3,fpr_owa,1.7304663759453986,1.8028935037425708,1.6336840685374092,2.473871728981381,2.847665282306486,0.8
full_seed101_mixed_0p1_noise0p25_s9_a0p3_b0p8,101,mixed,0.1,0.25,9,0.3,crp,1.7390568097149506,1.8125035110239485,1.6411332435115256,2.5006378168111696,2.847665282306486,0.8
full_seed101_mixed_0p1_noise0p5_s13_a0p2_b0p7,101,mixed,0.1,0.5,13,0.2,fpr_owa,1.2481028186164296,1.3218235475267228,1.2331369651456918,1.960169315600492,2.418442801391565,0.7
full_seed101_mixed_0p1_noise0p5_s13_a0p2_b0p7,101,mixed,0.1,0.5,13,0.2,crp,1.293578101588246,1.3768968223919429,1.2468577847336086,2.0538179488820725,2.4610913490219404,0.7
full_seed101_mixed_0p1_noise0p5_s13_a0p3_b0p8,101,mixed,0.1,0.5,13,0.3,fpr_owa,1.3336027139311295,1.4379825325461697,1.2776368165199163,2.2726956450143363,2.4987166291150835,0.8
full_seed101_mixed_0p1_noise0p5_s13_a0p3_b0p8,101,mixed,0.1,0.5,13,0.3,crp,1.3664095088117645,1.4813333414602394,1.2746409505576912,2.3632147162644874,2.7313793679954546,0.8
full_seed101_mixed_0p1_noise0p5_s5_a0p2_b0p7,101,mixed,0.1,0.5,5,0.2,fpr_owa,1.709271226509631,1.8044491280747168,1.6461929187271442,2.6895015239178703,3.020868080479137,0.7
full_seed101_mixed_0p1_noise0p5_s5_a0p2_b0p7,101,mixed,0.1,0.5,5,0.2,crp,1.7108937448554966,1.806884459017612,1.6461929187271442,2.6986287482273794,3.020868080479137,0.7
full_seed101_mixed_0p1_noise0p5_s5_a0p3_b0p8,101,mixed,0.1,0.5,5,0.3,fpr_owa,1.703342370087818,1.80311874125599,1.6345246869770231,2.725174442138963,3.089570498033422,0.8
full_seed101_mixed_0p1_noise0p5_s5_a0p3_b0p8,101,mixed,0.1,0.5,5,0.3,crp,1.70423412637046,1.8045258351022189,1.6345246869770231,2.725174442138963,3.089570498033422,0.8
full_seed101_mixed_0p1_noise0p5_s9_a0p2_b0p7,101,mixed,0.1,0.5,9,0.2,fpr_owa,1.7002399887933908,1.774495489421684,1.6450962151451047,2.5535205859172687,2.876284588579141,0.7
full_seed101_mixed_0p1_noise0p5_s9_a0p2_b0p7,101,mixed,0.1,0.5,9,0.2,crp,1.7146541709889995,1.791886956498318,1.6450962151451047,2.574389379839271,2.876284588579141,0.7
full_seed101_mixed_0p1_noise0p5_s9_a0p3_b0p8,101,mixed,0.1,0.5,9,0.3,fpr_owa,1.7059270513305913,1.785837845924325,1.6326205385463677,2.579443014141505,3.125739980150656,0.8
full_seed101_mixed_0p1_noise0p5_s9_a0p3_b0p8,101,mixed,0.1,0.5,9,0.3,crp,1.7080717442598057,1.7897841835174249,1.6256937546852337,2.5798915393730506,3.125739980150656,0.8
full_seed101_mixed_0p2_noise0p1_s13_a0p2_b0p7,101,mixed,0.2,0.1,13,0.2,fpr_owa,1.0991058584224505,1.1728813221934833,1.0906571792539586,1.6859863346961033,1.8431641664364973,0.7
full_seed101_mixed_0p2_noise0p1_s13_a0p2_b0p7,101,mixed,0.2,0.1,13,0.2,crp,1.0953202353229272,1.1618573690806695,1.0722496121788831,1.6845036180471455,1.8431641664364973,0.7
full_seed101_mixed_0p2_noise0p1_s13_a0p3_b0p8,101,mixed,0.2,0.1,13,0.3,fpr_owa,1.3397925758263045,1.436525900209195,1.300897975171909,2.142148482819444,2.2822486572506966,0.8
full_seed101_mixed_0p2_noise0p1_s13_a0p3_b0p8,101,mixed,0.2,0.1,13,0.3,crp,1.2816741477757123,1.406321066145197,1.2655937659211045,2.141039932160384,2.2822486572506966,0.8
full_seed101_mixed_0p2_noise0p1_s5_a0p2_b0p7,101,mixed,0.2,0.1,5,0.2,fpr_owa,1.7620943939872822,1.8241965902246944,1.667150139356865,2.46643063632383,2.623309323256321,0.7
full_seed101_mixed_0p2_noise0p1_s5_a0p2_b0p7,101,mixed,0.2,0.1,5,0.2,crp,1.7866111611429976,1.8516646771749397,1.6848225724938006,2.4755145111848424,2.623309323256321,0.7
full_seed101_mixed_0p2_noise0p1_s5_a0p3_b0p8,101,mixed,0.2,0.1,5,0.3,fpr_owa,1.7720701893746134,1.8406934068007983,1.7459115606201137,2.5124842462167893,2.6067432509643846,0.8
full_seed101_mixed_0p2_noise0p1_s5_a0p3_b0p8,101,mixed,0.2,0.1,5,0.3,crp,1.7892124109059988,1.8606656979278824,1.778622533652018,2.5157427386952538,2.6067432509643846,0.8
full_seed101_mixed_0p2_noise0p1_s9_a0p2_b0p7,101,mixed,0.2,0.1,9,0.2,fpr_owa,1.7100806631187688,1.7664015617668891,1.6176619976102502,2.436058580273153,2.6228985907992506,0.7
full_seed101_mixed_0p2_noise0p1_s9_a0p2_b0p7,101,mixed,0.2,0.1,9,0.2,crp,1.757515766789709,1.8088721736248636,1.6618531568863448,2.436058580273153,2.6228985907992506,0.7
full_seed101_mixed_0p2_noise0p1_s9_a0p3_b0p8,101,mixed,0.2,0.1,9,0.3,fpr_owa,1.7206615455235656,1.7892238814680768,1.606401315352528,2.5009573913686167,2.700937717459837,0.8
full_seed101_mixed_0p2_noise0p1_s9_a0p3_b0p8,101,mixed,0.2,0.1,9,0.3,crp,1.744402817285857,1.815856576046618,1.651744416290967,2.5009573913686167,2.700937717459837,0.8
full_seed101_mixed_0p2_noise0p25_s13_a0p2_b0p7,101,mixed,0.2,0.25,13,0.2,fpr_owa,1.1261355264060229,1.2082940654354424,1.098252148868165,1.824011201211303,2.0101930261345333,0.7
full_seed101_mixed_0p2_noise0p25_s13_a0p2_b0p7,101,mixed,0.2,0.25,13,0.2,crp,1.12843389062375,1.2069347813945244,1.0998784662576329,1.821082393883581,2.0101930261345333,0.7
full_seed101_mixed_0p2_noise0p25_s13_a0p3_b0p8,101,mixed,0.2,0.25,13,0.3,fpr_owa,1.323047723424071,1.430573347311016,1.2060534075007605,2.2253665223750634,2.4478571094868413,0.8
full_seed101_mixed_0p2_noise0p25_s13_a0p3_b0p8,101,mixed,0.2,0.25,13,0.3,crp,1.2896371065797771,1.41423479816246,1.2130985685789324,2.2253665223750634,2.4478571094868413,0.8
full_seed101_mixed_0p2_noise0p25_s5_a0p2_b0p7,101,mixed,0.2,0.25,5,0.2,fpr_owa,1.733503706245856,1.803121907897086,1.6948992803202385,2.499253231479655,2.7327033676123493,0.7
full_seed101_mixed_0p2_noise0p25_s5_a0p2_b0p7,101,mixed,0.2,0.25,5,0.2,crp,1.744518470483907,1.8169255117335092,1.700020922339184,2.520335963713103,2.7327033676123493,0.7
full_seed101_mixed_0p2_noise0p25_s5_a0p3_b0p8,101,mixed,0.2,0.25,5,0.3,fpr_owa,1.745115019842008,1.8192415105794115,1.6952487343807532,2.5532370269879747,2.767724316695624,0.8
full_seed101_mixed_0p2_noise0p25_s5_a0p3_b0p8,101,mixed,0.2,0.25,5,0.3,crp,1.747340683406873,1.8245499692965923,1.6898608122658576,2.578377598882516,2.767724316695624,0.8
full_seed101_mixed_0p2_noise0p25_s9_a0p2_b0p7,101,mixed,0.2,0.25,9,0.2,fpr_owa,1.691599803887518,1.7629595841347951,1.5908256465643715,2.5229040497373383,3.0701399908280944,0.7
full_seed101_mixed_0p2_noise0p25_s9_a0p2_b0p7,101,mixed,0.2,0.25,9,0.2,crp,1.7306150220253396,1.7965500043477096,1.6462221865507254,2.4790757966688988,2.713121726325315,0.7
full_seed101_mixed_0p2_noise0p25_s9_a0p3_b0p8,101,mixed,0.2,0.25,9,0.3,fpr_owa,1.7044647632931758,1.77695159146677,1.6110605716749085,2.480168691076463,2.8624517995259056,0.8
full_seed101_mixed_0p2_noise0p25_s9_a0p3_b0p8,101,mixed,0.2,0.25,9,0.3,crp,1.728094758501571,1.8030561714793891,1.636452425356336,2.505096412514181,2.8624517995259056,0.8
full_seed101_mixed_0p2_noise0p5_s13_a0p2_b0p7,101,mixed,0.2,0.5,13,0.2,fpr_owa,1.1745497808236047,1.2780730251231247,1.1542537803156925,1.995874056491792,2.5206051060716805,0.7
full_seed101_mixed_0p2_noise0p5_s13_a0p2_b0p7,101,mixed,0.2,0.5,13,0.2,crp,1.2198943250776555,1.3135152591367834,1.1673107994955911,2.051147434930599,2.4155907461249204,0.7
full_seed101_mixed_0p2_noise0p5_s13_a0p3_b0p8,101,mixed,0.2,0.5,13,0.3,fpr_owa,1.2473123674475288,1.3633053678650886,1.158470594948763,2.3363330131561257,2.5211936317347816,0.8
full_seed101_mixed_0p2_noise0p5_s13_a0p3_b0p8,101,mixed,0.2,0.5,13,0.3,crp,1.2867621485475935,1.4100220480716965,1.1819196981976174,2.3772144674257145,2.768799294644696,0.8
full_seed101_mixed_0p2_noise0p5_s5_a0p2_b0p7,101,mixed,0.2,0.5,5,0.2,fpr_owa,1.6992023553869735,1.7881577462145035,1.6094101312819236,2.6110484605560407,3.020868080479137,0.7
full_seed101_mixed_0p2_noise0p5_s5_a0p2_b0p7,101,mixed,0.2,0.5,5,0.2,crp,1.7132970938023993,1.807752091577775,1.6581599416327026,2.6856065369584314,3.020868080479137,0.7
full_seed101_mixed_0p2_noise0p5_s5_a0p3_b0p8,101,mixed,0.2,0.5,5,0.3,fpr_owa,1.7184750074449209,1.81315668842176,1.651041500278442,2.725174442138963,3.089570498033422,0.8
full_seed101_mixed_0p2_noise0p5_s5_a0p3_b0p8,101,mixed,0.2,0.5,5,0.3,crp,1.721369271405899,1.8219785021189785,1.6648866260036614,2.752748116008971,3.089570498033422,0.8
full_seed101_mixed_0p2_noise0p5_s9_a0p2_b0p7,101,mixed,0.2,0.5,9,0.2,fpr_owa,1.6614778352017123,1.745633329002237,1.5860432372499806,2.576057229036258,3.069047321510977,0.7
full_seed101_mixed_0p2_noise0p5_s9_a0p2_b0p7,101,mixed,0.2,0.5,9,0.2,crp,1.7035392081969505,1.7836745374922658,1.6366008964051928,2.5751352282954896,3.069047321510977,0.7
full_seed101_mixed_0p2_noise0p5_s9_a0p3_b0p8,101,mixed,0.2,0.5,9,0.3,fpr_owa,1.683983511506117,1.7634840265755545,1.5727331946709362,2.60260037386507,3.128045624739191,0.8
full_seed101_mixed_0p2_noise0p5_s9_a0p3_b0p8,101,mixed,0.2,0.5,9,0.3,crp,1.7053275325102568,1.787352844562779,1.5985390848895271,2.629524268942512,3.128045624739191,0.8
full_seed101_mixed_0p3_noise0p1_s13_a0p2_b0p7,101,mixed,0.3,0.1,13,0.2,fpr_owa,1.1559261811550858,1.2240021687070577,1.168891645405334,1.72422504411393,2.27822954122893,0.7
full_seed101_mixed_0p3_noise0p1_s13_a0p2_b0p7,101,mixed,0.3,0.1,13,0.2,crp,1.144545839190185,1.200616773163907,1.1348495375496443,1.693021447210428,1.847751831588828,0.7
full_seed101_mixed_0p3_noise0p1_s13_a0p3_b0p8,101,mixed,0.3,0.1,13,0.3,fpr_owa,1.324175088870985,1.43359225756566,1.3030745262390178,2.1511423499793576,2.3319059368819075,0.8
full_seed101_mixed_0p3_noise0p1_s13_a0p3_b0p8,101,mixed,0.3,0.1,13,0.3,crp,1.267481714620716,1.3985291326532177,1.2640309368629843,2.143156859541665,2.3319059368819075,0.8
full_seed101_mixed_0p3_noise0p1_s5_a0p2_b0p7,101,mixed,0.3,0.1,5,0.2,fpr_owa,2.008057962307713,2.204702021039805,1.6787453099572205,3.935776935450947,5.34881273574573,0.7
full_seed101_mixed_0p3_noise0p1_s5_a0p2_b0p7,101,mixed,0.3,0.1,5,0.2,crp,1.868263414303404,1.9857142845134617,1.667629823959527,3.420393386436272,4.021662643008527,0.7
full_seed101_mixed_0p3_noise0p1_s5_a0p3_b0p8,101,mixed,0.3,0.1,5,0.3,fpr_owa,1.8365286300269044,1.963463070934977,1.7177404868467356,3.0477028781025752,3.7836454965370976,0.8
full_seed101_mixed_0p3_noise0p1_s5_a0p3_b0p8,101,mixed,0.3,0.1,5,0.3,crp,1.8090896931315188,1.9013450712011288,1.7165618886515712,2.674230774654314,3.2707927675086617,0.8
full_seed101_mixed_0p3_noise0p1_s9_a0p2_b0p7,101,mixed,0.3,0.1,9,0.2,fpr_owa,1.7821580067974243,1.8883958052924317,1.6463056592287106,2.652466793413065,3.8577686178559314,0.7
full_seed101_mixed_0p3_noise0p1_s9_a0p2_b0p7,101,mixed,0.3,0.1,9,0.2,crp,1.7979723090124646,1.8606188302406617,1.6690505912365978,2.5590123431487646,2.8264494287587074,0.7
full_seed101_mixed_0p3_noise0p1_s9_a0p3_b0p8,101,mixed,0.3,0.1,9,0.3,fpr_owa,1.6823642765529612,1.7606106854420205,1.5742120435275937,2.5009573913686167,2.700937717459837,0.8
full_seed101_mixed_0p3_noise0p1_s9_a0p3_b0p8,101,mixed,0.3,0.1,9,0.3,crp,1.729510555749972,1.8018761060595296,1.5940785494448628,2.507575559941269,2.700937717459837,0.8
full_seed101_mixed_0p3_noise0p25_s13_a0p2_b0p7,101,mixed,0.3,0.25,13,0.2,fpr_owa,1.1913653285045511,1.2656373987808016,1.174825666055069,1.850711562912141,2.260706072292588,0.7
full_seed101_mixed_0p3_noise0p25_s13_a0p2_b0p7,101,mixed,0.3,0.25,13,0.2,crp,1.154268044241809,1.2248292005764252,1.1503310709728214,1.824011201211303,2.0221700504095184,0.7
full_seed101_mixed_0p3_noise0p25_s13_a0p3_b0p8,101,mixed,0.3,0.25,13,0.3,fpr_owa,1.2914634665596223,1.4153662472851385,1.1952433652040584,2.217274446969732,2.497514389118052,0.8
full_seed101_mixed_0p3_noise0p25_s13_a0p3_b0p8,101,mixed,0.3,0.25,13,0.3,crp,1.243413534940363,1.3891253328412323,1.1753589470915042,2.217274446969732,2.497514389118052,0.8
full_seed101_mixed_0p3_noise0p25_s5_a0p2_b0p7,101,mixed,0.3,0.25,5,0.2,fpr_owa,1.9496243705278185,2.1441825911682693,1.7050054406038515,3.73796389595335,5.355534833236638,0.7
full_seed101_mixed_0p3_noise0p25_s5_a0p2_b0p7,101,mixed,0.3,0.25,5,0.2,crp,1.834064926445742,1.9547568675843257,1.700461613388561,3.4131045086313887,4.033546992237713,0.7
full_seed101_mixed_0p3_noise0p25_s5_a0p3_b0p8,101,mixed,0.3,0.25,5,0.3,fpr_owa,1.792901155175003,1.9228719938453505,1.6571281922560257,2.933544704850638,3.842680906373417,0.8
full_seed101_mixed_0p3_noise0p25_s5_a0p3_b0p8,101,mixed,0.3,0.25,5,0.3,crp,1.783947388325088,1.8764938407213707,1.6783645497936337,2.730240541954918,3.356559521571116,0.8
full_seed101_mixed_0p3_noise0p25_s9_a0p2_b0p7,101,mixed,0.3,0.25,9,0.2,fpr_owa,1.738938144151737,1.8670721977366989,1.6024240184477152,2.6989968496775663,4.065169974327575,0.7
full_seed101_mixed_0p3_noise0p25_s9_a0p2_b0p7,101,mixed,0.3,0.25,9,0.2,crp,1.768908904286431,1.844231078325808,1.6698296678334366,2.584667959682292,3.1898749862482485,0.7
full_seed101_mixed_0p3_noise0p25_s9_a0p3_b0p8,101,mixed,0.3,0.25,9,0.3,fpr_owa,1.6728366120831155,1.758511003841651,1.5521301218021015,2.509060236219402,3.025080062185255,0.8
full_seed101_mixed_0p3_noise0p25_s9_a0p3_b0p8,101,mixed,0.3,0.25,9,0.3,crp,1.7165209722982298,1.7911277695052064,1.6136916047880103,2.524416018677848,2.8624517995259056,0.8
full_seed101_mixed_0p3_noise0p5_s13_a0p2_b0p7,101,mixed,0.3,0.5,13,0.2,fpr_owa,1.2417253282711185,1.3338664005260124,1.2262437133788813,2.0704935095989434,2.5702623857028915,0.7
full_seed101_mixed_0p3_noise0p5_s13_a0p2_b0p7,101,mixed,0.3,0.5,13,0.2,crp,1.2233050670682206,1.3201429397621918,1.18929307165791,2.07931409415247,2.4693861323920654,0.7
full_seed101_mixed_0p3_noise0p5_s13_a0p3_b0p8,101,mixed,0.3,0.5,13,0.3,fpr_owa,1.2231322900899797,1.3522140120152375,1.154909751450278,2.331178761822599,2.5458732658552417,0.8
full_seed101_mixed_0p3_noise0p5_s13_a0p3_b0p8,101,mixed,0.3,0.5,13,0.3,crp,1.2482129381257423,1.3854370694767602,1.147895530965922,2.3515300875738965,2.822594680911841,0.8
full_seed101_mixed_0p3_noise0p5_s5_a0p2_b0p7,101,mixed,0.3,0.5,5,0.2,fpr_owa,1.924634228683022,2.1381927289812843,1.7271524480821738,3.7632222501172414,5.453730383154587,0.7
full_seed101_mixed_0p3_noise0p5_s5_a0p2_b0p7,101,mixed,0.3,0.5,5,0.2,crp,1.7885444222173836,1.9217901780575055,1.7050492101186585,3.035821629455803,4.4366201973302015,0.7
full_seed101_mixed_0p3_noise0p5_s5_a0p3_b0p8,101,mixed,0.3,0.5,5,0.3,fpr_owa,1.7799397803895198,1.9230977293220115,1.6677424918058446,2.977522817437564,3.9410732561006174,0.8
full_seed101_mixed_0p3_noise0p5_s5_a0p3_b0p8,101,mixed,0.3,0.5,5,0.3,crp,1.7532851854469609,1.86484791376688,1.6799694406750634,2.8923046431875683,3.4995041116752064,0.8
full_seed101_mixed_0p3_noise0p5_s9_a0p2_b0p7,101,mixed,0.3,0.5,9,0.2,fpr_owa,1.7415281717333968,1.884302955617827,1.653604119836512,2.8734878644584283,4.394032423479895,0.7
full_seed101_mixed_0p3_noise0p5_s9_a0p2_b0p7,101,mixed,0.3,0.5,9,0.2,crp,1.7371216652103894,1.828011096957846,1.675367443340547,2.678930863523739,3.674453796072948,0.7
full_seed101_mixed_0p3_noise0p5_s9_a0p3_b0p8,101,mixed,0.3,0.5,9,0.3,fpr_owa,1.667243348741016,1.763644634990556,1.571148724148809,2.679108497663212,3.143794976283154,0.8
full_seed101_mixed_0p3_noise0p5_s9_a0p3_b0p8,101,mixed,0.3,0.5,9,0.3,crp,1.6969849831225996,1.7821196380065631,1.6012239317323662,2.629755645020305,3.138863037931761,0.8
full_seed101_mixed_0p4_noise0p1_s13_a0p2_b0p7,101,mixed,0.4,0.1,13,0.2,fpr_owa,1.3061627478702396,1.387748595166677,1.206486776699904,2.150004707541233,3.3588708553477766,0.7
full_seed101_mixed_0p4_noise0p1_s13_a0p2_b0p7,101,mixed,0.4,0.1,13,0.2,crp,1.1869246151939332,1.2751582757149795,1.1466569330183367,2.122041386572389,2.32725074283478,0.7
full_seed101_mixed_0p4_noise0p1_s13_a0p3_b0p8,101,mixed,0.4,0.1,13,0.3,fpr_owa,1.3652818094825274,1.46698343385744,1.3246971876662013,2.192127862931509,2.3815572435818986,0.8
full_seed101_mixed_0p4_noise0p1_s13_a0p3_b0p8,101,mixed,0.4,0.1,13,0.3,crp,1.2960527799200798,1.428751347054842,1.3071038210354833,2.1832395700501053,2.3815572435818986,0.8
full_seed101_mixed_0p4_noise0p1_s5_a0p2_b0p7,101,mixed,0.4,0.1,5,0.2,fpr_owa,2.008057962307713,2.204702021039805,1.6787453099572205,3.935776935450947,5.34881273574573,0.7
full_seed101_mixed_0p4_noise0p1_s5_a0p2_b0p7,101,mixed,0.4,0.1,5,0.2,crp,1.868263414303404,1.9857142845134617,1.667629823959527,3.420393386436272,4.021662643008527,0.7
full_seed101_mixed_0p4_noise0p1_s5_a0p3_b0p8,101,mixed,0.4,0.1,5,0.3,fpr_owa,1.8365286300269044,1.963463070934977,1.7177404868467356,3.0477028781025752,3.7836454965370976,0.8
full_seed101_mixed_0p4_noise0p1_s5_a0p3_b0p8,101,mixed,0.4,0.1,5,0.3,crp,1.8090896931315188,1.9013450712011288,1.7165618886515712,2.674230774654314,3.2707927675086617,0.8
full_seed101_mixed_0p4_noise0p1_s9_a0p2_b0p7,101,mixed,0.4,0.1,9,0.2,fpr_owa,1.992025068546476,2.152287035730424,1.6993600510146971,3.536852943446714,5.591558511971961,0.7
full_seed101_mixed_0p4_noise0p1_s9_a0p2_b0p7,101,mixed,0.4,0.1,9,0.2,crp,1.876205515405404,1.973186168836032,1.6911574189729413,3.339463660279951,3.7560318165311206,0.7
full_seed101_mixed_0p4_noise0p1_s9_a0p3_b0p8,101,mixed,0.4,0.1,9,0.3,fpr_owa,1.8146148891036324,1.932107782255412,1.6160641797705488,2.7728190334897973,4.099936774067645,0.8
full_seed101_mixed_0p4_noise0p1_s9_a0p3_b0p8,101,mixed,0.4,0.1,9,0.3,crp,1.7896727744620649,1.8719205131712529,1.6483955446944851,2.6669357598322403,2.919231457369875,0.8
full_seed101_mixed_0p4_noise0p25_s13_a0p2_b0p7,101,mixed,0.4,0.25,13,0.2,fpr_owa,1.3261758800908183,1.4088050873656743,1.243641735893824,2.068885946284346,3.3523706427005724,0.7
full_seed101_mixed_0p4_noise0p25_s13_a0p2_b0p7,101,mixed,0.4,0.25,13,0.2,crp,1.1922488362745491,1.2905730303766274,1.1710732553197971,2.02015204640423,2.2953619488659487,0.7
full_seed101_mixed_0p4_noise0p25_s13_a0p3_b0p8,101,mixed,0.4,0.25,13,0.3,fpr_owa,1.3372822560239757,1.4487391186557803,1.249518353870383,2.217599164286936,2.547165695818044,0.8
full_seed101_mixed_0p4_noise0p25_s13_a0p3_b0p8,101,mixed,0.4,0.25,13,0.3,crp,1.2713631104467809,1.4157214343256583,1.2159351397643985,2.217599164286936,2.547165695818044,0.8
full_seed101_mixed_0p4_noise0p25_s5_a0p2_b0p7,101,mixed,0.4,0.25,5,0.2,fpr_owa,1.9496243705278185,2.1441825911682693,1.7050054406038515,3.73796389595335,5.355534833236638,0.7
full_seed101_mixed_0p4_noise0p25_s5_a0p2_b0p7,101,mixed,0.4,0.25,5,0.2,crp,1.834064926445742,1.9547568675843257,1.700461613388561,3.4131045086313887,4.033546992237713,0.7
full_seed101_mixed_0p4_noise0p25_s5_a0p3_b0p8,101,mixed,0.4,0.25,5,0.3,fpr_owa,1.792901155175003,1.9228719938453505,1.6571281922560257,2.933544704850638,3.842680906373417,0.8
full_seed101_mixed_0p4_noise0p25_s5_a0p3_b0p8,101,mixed,0.4,0.25,5,0.3,crp,1.783947388325088,1.8764938407213707,1.6783645497936337,2.730240541954918,3.356559521571116,0.8
full_seed101_mixed_0p4_noise0p25_s9_a0p2_b0p7,101,mixed,0.4,0.25,9,0.2,fpr_owa,1.9523681810216864,2.130437863029491,1.687532033018432,3.551769672042097,5.834164496866843,0.7
full_seed101_mixed_0p4_noise0p25_s9_a0p2_b0p7,101,mixed,0.4,0.25,9,0.2,crp,1.8293171627254483,1.9423911556597224,1.6804114939957977,3.3132469029765232,4.219366098037676,0.7
full_seed101_mixed_0p4_noise0p25_s9_a0p3_b0p8,101,mixed,0.4,0.25,9,0.3,fpr_owa,1.775750324206327,1.9057877733470328,1.6102731320971873,2.7959602898534155,4.269807529839239,0.8
full_seed101_mixed_0p4_noise0p25_s9_a0p3_b0p8,101,mixed,0.4,0.25,9,0.3,crp,1.7677911314365509,1.8553027711581604,1.6542497045019524,2.6687230917156337,3.780109225281629,0.8
full_seed101_mixed_0p4_noise0p5_s13_a0p2_b0p7,101,mixed,0.4,0.5,13,0.2,fpr_owa,1.353767404074688,1.4527280893065757,1.3231856260831325,2.1782544471713408,3.314652603025218,0.7
full_seed101_mixed_0p4_noise0p5_s13_a0p2_b0p7,101,mixed,0.4,0.5,13,0.2,crp,1.2366010429781018,1.3538653461441443,1.1878820711581917,2.1779591076337206,2.8856472036410525,0.7
full_seed101_mixed_0p4_noise0p5_s13_a0p3_b0p8,101,mixed,0.4,0.5,13,0.3,fpr_owa,1.2793345409724532,1.3962257801324354,1.2222288117596047,2.3354902336344496,2.575244982331574,0.8
full_seed101_mixed_0p4_noise0p5_s13_a0p3_b0p8,101,mixed,0.4,0.5,13,0.3,crp,1.23641162716173,1.3799847306916642,1.166559105620402,2.371687613700894,2.737174235757465,0.8
full_seed101_mixed_0p4_noise0p5_s5_a0p2_b0p7,101,mixed,0.4,0.5,5,0.2,fpr_owa,1.924634228683022,2.1381927289812843,1.7271524480821738,3.7632222501172414,5.453730383154587,0.7
full_seed101_mixed_0p4_noise0p5_s5_a0p2_b0p7,101,mixed,0.4,0.5,5,0.2,crp,1.7885444222173836,1.9217901780575055,1.7050492101186585,3.035821629455803,4.4366201973302015,0.7
full_seed101_mixed_0p4_noise0p5_s5_a0p3_b0p8,101,mixed,0.4,0.5,5,0.3,fpr_owa,1.7799397803895198,1.9230977293220115,1.6677424918058446,2.977522817437564,3.9410732561006174,0.8
full_seed101_mixed_0p4_noise0p5_s5_a0p3_b0p8,101,mixed,0.4,0.5,5,0.3,crp,1.7532851854469609,1.86484791376688,1.6799694406750634,2.8923046431875683,3.4995041116752064,0.8
full_seed101_mixed_0p4_noise0p5_s9_a0p2_b0p7,101,mixed,0.4,0.5,9,0.2,fpr_owa,1.9343350681289049,2.143804914446887,1.688514407368053,3.584374975806062,6.160966862280618,0.7
full_seed101_mixed_0p4_noise0p5_s9_a0p2_b0p7,101,mixed,0.4,0.5,9,0.2,crp,1.8107946013364389,1.941552476109779,1.6881224427966166,2.945215046147955,4.734486478494523,0.7
full_seed101_mixed_0p4_noise0p5_s9_a0p3_b0p8,101,mixed,0.4,0.5,9,0.3,fpr_owa,1.7718026975314436,1.9323767212970704,1.622510901649732,3.219308228101509,4.579939172447104,0.8
full_seed101_mixed_0p4_noise0p5_s9_a0p3_b0p8,101,mixed,0.4,0.5,9,0.3,crp,1.771770511133015,1.8947231003789493,1.6305610211424009,2.739583378415492,5.471294374554078,0.8
full_seed101_replay_0p0_noise0p1_s13_a0p2_b0p7,101,replay,0.0,0.1,13,0.2,fpr_owa,1.2005996835464343,1.2492934636752335,1.1936329513941824,1.6485568056889095,1.7438379620698026,0.7
full_seed101_replay_0p0_noise0p1_s13_a0p2_b0p7,101,replay,0.0,0.1,13,0.2,crp,1.2005996835464343,1.2492934636752335,1.1936329513941824,1.6485568056889095,1.7438379620698026,0.7
full_seed101_replay_0p0_noise0p1_s13_a0p3_b0p8,101,replay,0.0,0.1,13,0.3,fpr_owa,1.459851850307026,1.5405262522493737,1.4105131735776282,2.0889440810659385,2.241185361713773,0.8
full_seed101_replay_0p0_noise0p1_s13_a0p3_b0p8,101,replay,0.0,0.1,13,0.3,crp,1.459851850307026,1.5405262522493737,1.4105131735776282,2.0889440810659385,2.241185361713773,0.8
full_seed101_replay_0p0_noise0p1_s5_a0p2_b0p7,101,replay,0.0,0.1,5,0.2,fpr_owa,1.767117669704048,1.8354108405671965,1.6600840900874871,2.4665471628706577,2.623309323256321,0.7
full_seed101_replay_0p0_noise0p1_s5_a0p2_b0p7,101,replay,0.0,0.1,5,0.2,crp,1.767117669704048,1.8354108405671965,1.6600840900874871,2.4665471628706577,2.623309323256321,0.7
full_seed101_replay_0p0_noise0p1_s5_a0p3_b0p8,101,replay,0.0,0.1,5,0.3,fpr_owa,1.7626268134227294,1.838567579606963,1.6659867656620362,2.496622538502625,2.5856445900776754,0.8
full_seed101_replay_0p0_noise0p1_s5_a0p3_b0p8,101,replay,0.0,0.1,5,0.3,crp,1.7626268134227294,1.838567579606963,1.6659867656620362,2.496622538502625,2.5856445900776754,0.8
full_seed101_replay_0p0_noise0p1_s9_a0p2_b0p7,101,replay,0.0,0.1,9,0.2,fpr_owa,1.7649217452909671,1.8188107961041775,1.6358181714411566,2.402411083444426,2.5208303773184952,0.7
full_seed101_replay_0p0_noise0p1_s9_a0p2_b0p7,101,replay,0.0,0.1,9,0.2,crp,1.7649217452909671,1.8188107961041775,1.6358181714411566,2.402411083444426,2.5208303773184952,0.7
full_seed101_replay_0p0_noise0p1_s9_a0p3_b0p8,101,replay,0.0,0.1,9,0.3,fpr_owa,1.748512793146674,1.822359247104944,1.6160641797705488,2.483087558392486,2.621842066792208,0.8
full_seed101_replay_0p0_noise0p1_s9_a0p3_b0p8,101,replay,0.0,0.1,9,0.3,crp,1.748512793146674,1.822359247104944,1.6160641797705488,2.483087558392486,2.621842066792208,0.8
full_seed101_replay_0p0_noise0p25_s13_a0p2_b0p7,101,replay,0.0,0.25,13,0.2,fpr_owa,1.236562460285135,1.2956308708465365,1.2044535377120542,1.82105823882284,1.93807001433504,0.7
full_seed101_replay_0p0_noise0p25_s13_a0p2_b0p7,101,replay,0.0,0.25,13,0.2,crp,1.236562460285135,1.2956308708465365,1.2044535377120542,1.82105823882284,1.93807001433504,0.7
full_seed101_replay_0p0_noise0p25_s13_a0p3_b0p8,101,replay,0.0,0.25,13,0.3,fpr_owa,1.4423166327854453,1.5394491390162115,1.4096630712143363,2.215127343217554,2.402718544702593,0.8
full_seed101_replay_0p0_noise0p25_s13_a0p3_b0p8,101,replay,0.0,0.25,13,0.3,crp,1.4423166327854453,1.5394491390162115,1.4096630712143363,2.215127343217554,2.402718544702593,0.8
full_seed101_replay_0p0_noise0p25_s5_a0p2_b0p7,101,replay,0.0,0.25,5,0.2,fpr_owa,1.7336143413815548,1.8099001257236491,1.6922920438569655,2.55417172044426,2.7327033676123493,0.7
full_seed101_replay_0p0_noise0p25_s5_a0p2_b0p7,101,replay,0.0,0.25,5,0.2,crp,1.7336143413815548,1.8099001257236491,1.6922920438569655,2.55417172044426,2.7327033676123493,0.7
full_seed101_replay_0p0_noise0p25_s5_a0p3_b0p8,101,replay,0.0,0.25,5,0.3,fpr_owa,1.7299506229173902,1.809798933912468,1.6661550456250218,2.56977910378971,2.767724316695624,0.8
full_seed101_replay_0p0_noise0p25_s5_a0p3_b0p8,101,replay,0.0,0.25,5,0.3,crp,1.7299506229173902,1.809798933912468,1.6661550456250218,2.56977910378971,2.767724316695624,0.8
full_seed101_replay_0p0_noise0p25_s9_a0p2_b0p7,101,replay,0.0,0.25,9,0.2,fpr_owa,1.7298027951227697,1.795488778870893,1.6024240184477152,2.4398284480022494,2.632631395399988,0.7
full_seed101_replay_0p0_noise0p25_s9_a0p2_b0p7,101,replay,0.0,0.25,9,0.2,crp,1.7298027951227697,1.795488778870893,1.6024240184477152,2.4398284480022494,2.632631395399988,0.7
full_seed101_replay_0p0_noise0p25_s9_a0p3_b0p8,101,replay,0.0,0.25,9,0.3,fpr_owa,1.7256608562942817,1.7990798317672998,1.6358554405371024,2.4886343819454897,2.781453042917504,0.8
full_seed101_replay_0p0_noise0p25_s9_a0p3_b0p8,101,replay,0.0,0.25,9,0.3,crp,1.7256608562942817,1.7990798317672998,1.6358554405371024,2.4886343819454897,2.781453042917504,0.8
full_seed101_replay_0p0_noise0p5_s13_a0p2_b0p7,101,replay,0.0,0.5,13,0.2,fpr_owa,1.2839222170748892,1.3602123416225274,1.240801419563994,2.046768449975125,2.3782249001293287,0.7
full_seed101_replay_0p0_noise0p5_s13_a0p2_b0p7,101,replay,0.0,0.5,13,0.2,crp,1.2997189676694498,1.3803135158877573,1.240801419563994,2.053681390863597,2.434949713201487,0.7
full_seed101_replay_0p0_noise0p5_s13_a0p3_b0p8,101,replay,0.0,0.5,13,0.3,fpr_owa,1.3542700790443412,1.4646362664908377,1.2917001243824369,2.3401931281901307,2.585645126688344,0.8
full_seed101_replay_0p0_noise0p5_s13_a0p3_b0p8,101,replay,0.0,0.5,13,0.3,crp,1.3795600058190316,1.4935824973058032,1.297581587519955,2.364057041305829,2.6816652677859327,0.8
full_seed101_replay_0p0_noise0p5_s5_a0p2_b0p7,101,replay,0.0,0.5,5,0.2,fpr_owa,1.709271226509631,1.8044491280747168,1.6461929187271442,2.6895015239178703,3.020868080479137,0.7
full_seed101_replay_0p0_noise0p5_s5_a0p2_b0p7,101,replay,0.0,0.5,5,0.2,crp,1.7108937448554966,1.806884459017612,1.6461929187271442,2.6986287482273794,3.020868080479137,0.7
full_seed101_replay_0p0_noise0p5_s5_a0p3_b0p8,101,replay,0.0,0.5,5,0.3,fpr_owa,1.703342370087818,1.80311874125599,1.6345246869770231,2.725174442138963,3.089570498033422,0.8
full_seed101_replay_0p0_noise0p5_s5_a0p3_b0p8,101,replay,0.0,0.5,5,0.3,crp,1.70423412637046,1.8045258351022189,1.6345246869770231,2.725174442138963,3.089570498033422,0.8
full_seed101_replay_0p0_noise0p5_s9_a0p2_b0p7,101,replay,0.0,0.5,9,0.2,fpr_owa,1.70044414129838,1.7783768765686925,1.641228448021633,2.5752813313069827,2.867533613785253,0.7
full_seed101_replay_0p0_noise0p5_s9_a0p2_b0p7,101,replay,0.0,0.5,9,0.2,crp,1.6992102758586314,1.777116659734978,1.641228448021633,2.5752813313069827,2.867533613785253,0.7
full_seed101_replay_0p0_noise0p5_s9_a0p3_b0p8,101,replay,0.0,0.5,9,0.3,fpr_owa,1.6909088150660572,1.7716248152131142,1.5885115885765302,2.610265449817572,3.033435246204024,0.8
full_seed101_replay_0p0_noise0p5_s9_a0p3_b0p8,101,replay,0.0,0.5,9,0.3,crp,1.692712423537461,1.7730546854818758,1.605303248533299,2.610265449817572,3.033435246204024,0.8
full_seed101_replay_0p1_noise0p1_s13_a0p2_b0p7,101,replay,0.1,0.1,13,0.2,fpr_owa,1.2023449864304732,1.251484474592147,1.2011074923859069,1.6576946450587,1.7438379620698026,0.7
full_seed101_replay_0p1_noise0p1_s13_a0p2_b0p7,101,replay,0.1,0.1,13,0.2,crp,1.2023449864304732,1.251484474592147,1.2011074923859069,1.6576946450587,1.7438379620698026,0.7
full_seed101_replay_0p1_noise0p1_s13_a0p3_b0p8,101,replay,0.1,0.1,13,0.3,fpr_owa,1.461914042191687,1.5432377642383566,1.4453452179078785,2.0830546619438226,2.241185361713773,0.8
full_seed101_replay_0p1_noise0p1_s13_a0p3_b0p8,101,replay,0.1,0.1,13,0.3,crp,1.461914042191687,1.5432377642383566,1.4453452179078785,2.0830546619438226,2.241185361713773,0.8
full_seed101_replay_0p1_noise0p1_s5_a0p2_b0p7,101,replay,0.1,0.1,5,0.2,fpr_owa,1.767117669704048,1.8354108405671965,1.6600840900874871,2.4665471628706577,2.623309323256321,0.7
full_seed101_replay_0p1_noise0p1_s5_a0p2_b0p7,101,replay,0.1,0.1,5,0.2,crp,1.767117669704048,1.8354108405671965,1.6600840900874871,2.4665471628706577,2.623309323256321,0.7
full_seed101_replay_0p1_noise0p1_s5_a0p3_b0p8,101,replay,0.1,0.1,5,0.3,fpr_owa,1.7626268134227294,1.838567579606963,1.6659867656620362,2.496622538502625,2.5856445900776754,0.8
full_seed101_replay_0p1_noise0p1_s5_a0p3_b0p8,101,replay,0.1,0.1,5,0.3,crp,1.7626268134227294,1.838567579606963,1.6659867656620362,2.496622538502625,2.5856445900776754,0.8
full_seed101_replay_0p1_noise0p1_s9_a0p2_b0p7,101,replay,0.1,0.1,9,0.2,fpr_owa,1.7653946077801852,1.8189742336777788,1.6406210637387222,2.4020962235130674,2.519911728070131,0.7
full_seed101_replay_0p1_noise0p1_s9_a0p2_b0p7,101,replay,0.1,0.1,9,0.2,crp,1.7653946077801852,1.8189742336777788,1.6406210637387222,2.4020962235130674,2.519911728070131,0.7
full_seed101_replay_0p1_noise0p1_s9_a0p3_b0p8,101,replay,0.1,0.1,9,0.3,fpr_owa,1.7479727452559193,1.8215241068198156,1.6160641797705488,2.483087558392486,2.621842066792208,0.8
full_seed101_replay_0p1_noise0p1_s9_a0p3_b0p8,101,replay,0.1,0.1,9,0.3,crp,1.7479727452559193,1.8215241068198156,1.6160641797705488,2.483087558392486,2.621842066792208,0.8
full_seed101_replay_0p1_noise0p25_s13_a0p2_b0p7,101,replay,0.1,0.25,13,0.2,fpr_owa,1.2350395785023385,1.2953141274763358,1.2039864309974475,1.8301473832293,1.93807001433504,0.7
full_seed101_replay_0p1_noise0p25_s13_a0p2_b0p7,101,replay,0.1,0.25,13,0.2,crp,1.2350395785023385,1.2953141274763358,1.2039864309974475,1.8301473832293,1.93807001433504,0.7
full_seed101_replay_0p1_noise0p25_s13_a0p3_b0p8,101,replay,0.1,0.25,13,0.3,fpr_owa,1.432605070169333,1.5314001093217315,1.3975510481900495,2.2153519252003484,2.402718544702593,0.8
full_seed101_replay_0p1_noise0p25_s13_a0p3_b0p8,101,replay,0.1,0.25,13,0.3,crp,1.432605070169333,1.5314001093217315,1.3975510481900495,2.2153519252003484,2.402718544702593,0.8
full_seed101_replay_0p1_noise0p25_s5_a0p2_b0p7,101,replay,0.1,0.25,5,0.2,fpr_owa,1.7336143413815548,1.8099001257236491,1.6922920438569655,2.55417172044426,2.7327033676123493,0.7
full_seed101_replay_0p1_noise0p25_s5_a0p2_b0p7,101,replay,0.1,0.25,5,0.2,crp,1.7336143413815548,1.8099001257236491,1.6922920438569655,2.55417172044426,2.7327033676123493,0.7
full_seed101_replay_0p1_noise0p25_s5_a0p3_b0p8,101,replay,0.1,0.25,5,0.3,fpr_owa,1.7299506229173902,1.809798933912468,1.6661550456250218,2.56977910378971,2.767724316695624,0.8
full_seed101_replay_0p1_noise0p25_s5_a0p3_b0p8,101,replay,0.1,0.25,5,0.3,crp,1.7299506229173902,1.809798933912468,1.6661550456250218,2.56977910378971,2.767724316695624,0.8
full_seed101_replay_0p1_noise0p25_s9_a0p2_b0p7,101,replay,0.1,0.25,9,0.2,fpr_owa,1.7270138807073716,1.7910345854434486,1.6091909038579626,2.4398284480022494,2.5823984057279774,0.7
full_seed101_replay_0p1_noise0p25_s9_a0p2_b0p7,101,replay,0.1,0.25,9,0.2,crp,1.7270138807073716,1.7910345854434486,1.6091909038579626,2.4398284480022494,2.5823984057279774,0.7
full_seed101_replay_0p1_noise0p25_s9_a0p3_b0p8,101,replay,0.1,0.25,9,0.3,fpr_owa,1.7191642507476517,1.7926311986280177,1.6085728558567252,2.480168691076463,2.781453042917504,0.8
full_seed101_replay_0p1_noise0p25_s9_a0p3_b0p8,101,replay,0.1,0.25,9,0.3,crp,1.7191642507476517,1.7926311986280177,1.6085728558567252,2.480168691076463,2.781453042917504,0.8
full_seed101_replay_0p1_noise0p5_s13_a0p2_b0p7,101,replay,0.1,0.5,13,0.2,fpr_owa,1.276400604627672,1.3542203179715786,1.2387970940273552,2.0469385824003457,2.416038482747376,0.7
full_seed101_replay_0p1_noise0p5_s13_a0p2_b0p7,101,replay,0.1,0.5,13,0.2,crp,1.2880645834141604,1.3695040971145185,1.2370453661568703,2.0535042204821936,2.459528541903217,0.7
full_seed101_replay_0p1_noise0p5_s13_a0p3_b0p8,101,replay,0.1,0.5,13,0.3,fpr_owa,1.3455158762295492,1.455958359985275,1.2728297273652078,2.335076304710164,2.6108541817670416,0.8
full_seed101_replay_0p1_noise0p5_s13_a0p3_b0p8,101,replay,0.1,0.5,13,0.3,crp,1.36311115004641,1.475915414578885,1.2598599655507958,2.351550565816133,2.6816652677859327,0.8
full_seed101_replay_0p1_noise0p5_s5_a0p2_b0p7,101,replay,0.1,0.5,5,0.2,fpr_owa,1.709271226509631,1.8044491280747168,1.6461929187271442,2.6895015239178703,3.020868080479137,0.7
full_seed101_replay_0p1_noise0p5_s5_a0p2_b0p7,101,replay,0.1,0.5,5,0.2,crp,1.7108937448554966,1.806884459017612,1.6461929187271442,2.6986287482273794,3.020868080479137,0.7
full_seed101_replay_0p1_noise0p5_s5_a0p3_b0p8,101,replay,0.1,0.5,5,0.3,fpr_owa,1.703342370087818,1.80311874125599,1.6345246869770231,2.725174442138963,3.089570498033422,0.8
full_seed101_replay_0p1_noise0p5_s5_a0p3_b0p8,101,replay,0.1,0.5,5,0.3,crp,1.70423412637046,1.8045258351022189,1.6345246869770231,2.725174442138963,3.089570498033422,0.8
full_seed101_replay_0p1_noise0p5_s9_a0p2_b0p7,101,replay,0.1,0.5,9,0.2,fpr_owa,1.702087070908196,1.7781389926460682,1.6412810162541267,2.563339522208566,2.7816733336827606,0.7
full_seed101_replay_0p1_noise0p5_s9_a0p2_b0p7,101,replay,0.1,0.5,9,0.2,crp,1.7007795205280969,1.7767304788185585,1.6412810162541267,2.563339522208566,2.7704657387066534,0.7
full_seed101_replay_0p1_noise0p5_s9_a0p3_b0p8,101,replay,0.1,0.5,9,0.3,fpr_owa,1.6877866841695872,1.7699042421950024,1.580801859589433,2.610177274465024,3.033435246204024,0.8
full_seed101_replay_0p1_noise0p5_s9_a0p3_b0p8,101,replay,0.1,0.5,9,0.3,crp,1.6903752598421529,1.7723306419017617,1.5865195956958045,2.60260037386507,3.033435246204024,0.8
full_seed101_replay_0p2_noise0p1_s13_a0p2_b0p7,101,replay,0.2,0.1,13,0.2,fpr_owa,1.1972472327393633,1.2488455177177489,1.1937662774624416,1.6539651722283146,1.7056900502596406,0.7
full_seed101_replay_0p2_noise0p1_s13_a0p2_b0p7,101,replay,0.2,0.1,13,0.2,crp,1.1972472327393633,1.2488455177177489,1.1937662774624416,1.6539651722283146,1.7056900502596406,0.7
full_seed101_replay_0p2_noise0p1_s13_a0p3_b0p8,101,replay,0.2,0.1,13,0.3,fpr_owa,1.457550458064132,1.5410128152284128,1.4428724942729054,2.0942280491582013,2.142828786129591,0.8
full_seed101_replay_0p2_noise0p1_s13_a0p3_b0p8,101,replay,0.2,0.1,13,0.3,crp,1.457550458064132,1.5410128152284128,1.4428724942729054,2.0942280491582013,2.142828786129591,0.8
full_seed101_replay_0p2_noise0p1_s5_a0p2_b0p7,101,replay,0.2,0.1,5,0.2,fpr_owa,1.7591971320079385,1.8297704963538657,1.6601332138492293,2.4765577730053923,2.605168287783102,0.7
full_seed101_replay_0p2_noise0p1_s5_a0p2_b0p7,101,replay,0.2,0.1,5,0.2,crp,1.7591971320079385,1.8297704963538657,1.6601332138492293,2.4765577730053923,2.605168287783102,0.7
full_seed101_replay_0p2_noise0p1_s5_a0p3_b0p8,101,replay,0.2,0.1,5,0.3,fpr_owa,1.757135468730799,1.8341936775268968,1.7177404868467356,2.5124823463815167,2.5687251693028466,0.8
full_seed101_replay_0p2_noise0p1_s5_a0p3_b0p8,101,replay,0.2,0.1,5,0.3,crp,1.757135468730799,1.8341936775268968,1.7177404868467356,2.5124823463815167,2.5687251693028466,0.8
full_seed101_replay_0p2_noise0p1_s9_a0p2_b0p7,101,replay,0.2,0.1,9,0.2,fpr_owa,1.7641265384665294,1.8173123942948408,1.6487481402810422,2.402411083444426,2.556822477164654,0.7
full_seed101_replay_0p2_noise0p1_s9_a0p2_b0p7,101,replay,0.2,0.1,9,0.2,crp,1.7641265384665294,1.8173123942948408,1.6487481402810422,2.402411083444426,2.556822477164654,0.7
full_seed101_replay_0p2_noise0p1_s9_a0p3_b0p8,101,replay,0.2,0.1,9,0.3,fpr_owa,1.7446634387525466,1.8181316476296197,1.6399243981865,2.483087558392486,2.614534996653954,0.8
full_seed101_replay_0p2_noise0p1_s9_a0p3_b0p8,101,replay,0.2,0.1,9,0.3,crp,1.7446634387525466,1.8181316476296197,1.6399243981865,2.483087558392486,2.614534996653954,0.8
full_seed101_replay_0p2_noise0p25_s13_a0p2_b0p7,101,replay,0.2,0.25,13,0.2,fpr_owa,1.2312751101607,1.2912590186934791,1.2037786376142234,1.8098158366640864,1.93807001433504,0.7
full_seed101_replay_0p2_noise0p25_s13_a0p2_b0p7,101,replay,0.2,0.25,13,0.2,crp,1.2312751101607,1.2912590186934791,1.2037786376142234,1.8098158366640864,1.93807001433504,0.7
full_seed101_replay_0p2_noise0p25_s13_a0p3_b0p8,101,replay,0.2,0.25,13,0.3,fpr_owa,1.4289782803961812,1.5257387511781224,1.3954426536961957,2.215127343217554,2.348715633380049,0.8
full_seed101_replay_0p2_noise0p25_s13_a0p3_b0p8,101,replay,0.2,0.25,13,0.3,crp,1.4289782803961812,1.5257387511781224,1.3954426536961957,2.215127343217554,2.348715633380049,0.8
full_seed101_replay_0p2_noise0p25_s5_a0p2_b0p7,101,replay,0.2,0.25,5,0.2,fpr_owa,1.7287921077503283,1.807584892604044,1.67633690324365,2.554419247982406,2.743832378404976,0.7
full_seed101_replay_0p2_noise0p25_s5_a0p2_b0p7,101,replay,0.2,0.25,5,0.2,crp,1.7287921077503283,1.807584892604044,1.67633690324365,2.554419247982406,2.743832378404976,0.7
full_seed101_replay_0p2_noise0p25_s5_a0p3_b0p8,101,replay,0.2,0.25,5,0.3,fpr_owa,1.7288475488371702,1.809749360338765,1.6541284753477266,2.5766362005104635,2.767724316695624,0.8
full_seed101_replay_0p2_noise0p25_s5_a0p3_b0p8,101,replay,0.2,0.25,5,0.3,crp,1.7288475488371702,1.809749360338765,1.6541284753477266,2.5766362005104635,2.767724316695624,0.8
full_seed101_replay_0p2_noise0p25_s9_a0p2_b0p7,101,replay,0.2,0.25,9,0.2,fpr_owa,1.7353801187857656,1.7993412768579329,1.647176736703154,2.470891629409719,2.591547550479572,0.7
full_seed101_replay_0p2_noise0p25_s9_a0p2_b0p7,101,replay,0.2,0.25,9,0.2,crp,1.7353801187857656,1.7993412768579329,1.647176736703154,2.470891629409719,2.591547550479572,0.7
full_seed101_replay_0p2_noise0p25_s9_a0p3_b0p8,101,replay,0.2,0.25,9,0.3,fpr_owa,1.7232650612323963,1.7974313667126447,1.6085728558567252,2.4957945877948857,2.781453042917504,0.8
full_seed101_replay_0p2_noise0p25_s9_a0p3_b0p8,101,replay,0.2,0.25,9,0.3,crp,1.7232650612323963,1.7974313667126447,1.6085728558567252,2.4957945877948857,2.781453042917504,0.8
full_seed101_replay_0p2_noise0p5_s13_a0p2_b0p7,101,replay,0.2,0.5,13,0.2,fpr_owa,1.2706104023973717,1.3446317655562798,1.240801419563994,2.02921010409429,2.3359865261798705,0.7
full_seed101_replay_0p2_noise0p5_s13_a0p2_b0p7,101,replay,0.2,0.5,13,0.2,crp,1.2852486324926895,1.363305317932351,1.2851474384491095,2.0636697652918388,2.363067573007457,0.7
full_seed101_replay_0p2_noise0p5_s13_a0p3_b0p8,101,replay,0.2,0.5,13,0.3,fpr_owa,1.3377948150938324,1.448880926750938,1.2776368165199163,2.3514364602499143,2.4987166291150835,0.8
full_seed101_replay_0p2_noise0p5_s13_a0p3_b0p8,101,replay,0.2,0.5,13,0.3,crp,1.3543653290842843,1.4682587620858225,1.2672256116348717,2.360187940385756,2.66118452972426,0.8
full_seed101_replay_0p2_noise0p5_s5_a0p2_b0p7,101,replay,0.2,0.5,5,0.2,fpr_owa,1.7051656591741549,1.8024258505909376,1.651397665383545,2.689444386406276,3.020868080479137,0.7
full_seed101_replay_0p2_noise0p5_s5_a0p2_b0p7,101,replay,0.2,0.5,5,0.2,crp,1.7067881775200209,1.8048639115756695,1.651397665383545,2.6970505586864304,3.020868080479137,0.7
full_seed101_replay_0p2_noise0p5_s5_a0p3_b0p8,101,replay,0.2,0.5,5,0.3,fpr_owa,1.7096639236330362,1.8108451784350503,1.6436631392395336,2.7399131654889706,3.089570498033422,0.8
full_seed101_replay_0p2_noise0p5_s5_a0p3_b0p8,101,replay,0.2,0.5,5,0.3,crp,1.7105556799156787,1.8122462732046785,1.6436631392395336,2.7424675947006567,3.089570498033422,0.8
full_seed101_replay_0p2_noise0p5_s9_a0p2_b0p7,101,replay,0.2,0.5,9,0.2,fpr_owa,1.6975757507490858,1.7731591568742675,1.6412810162541267,2.5737367907708584,2.7816733336827606,0.7
full_seed101_replay_0p2_noise0p5_s9_a0p2_b0p7,101,replay,0.2,0.5,9,0.2,crp,1.6962526940550484,1.7716523747381967,1.6412810162541267,2.5737367907708584,2.7704657387066534,0.7
full_seed101_replay_0p2_noise0p5_s9_a0p3_b0p8,101,replay,0.2,0.5,9,0.3,fpr_owa,1.6891502540643537,1.7717823191610031,1.579290538600671,2.610177274465024,3.033435246204024,0.8
full_seed101_replay_0p2_noise0p5_s9_a0p3_b0p8,101,replay,0.2,0.5,9,0.3,crp,1.692538672684067,1.7752381216167166,1.5860740030328304,2.60260037386507,3.033435246204024,0.8
full_seed101_replay_0p3_noise0p1_s13_a0p2_b0p7,101,replay,0.3,0.1,13,0.2,fpr_owa,1.1956000887421676,1.2477560804540444,1.1963091068336609,1.643381675647256,1.7056900502596406,0.7
full_seed101_replay_0p3_noise0p1_s13_a0p2_b0p7,101,replay,0.3,0.1,13,0.2,crp,1.1956000887421676,1.2477560804540444,1.1963091068336609,1.643381675647256,1.7056900502596406,0.7
full_seed101_replay_0p3_noise0p1_s13_a0p3_b0p8,101,replay,0.3,0.1,13,0.3,fpr_owa,1.4594211547237663,1.5418495570775754,1.4598296281116654,2.094150959506612,2.142828786129591,0.8
full_seed101_replay_0p3_noise0p1_s13_a0p3_b0p8,101,replay,0.3,0.1,13,0.3,crp,1.4594211547237663,1.5418495570775754,1.4598296281116654,2.094150959506612,2.142828786129591,0.8
full_seed101_replay_0p3_noise0p1_s5_a0p2_b0p7,101,replay,0.3,0.1,5,0.2,fpr_owa,1.7627478026949996,1.8340942642084344,1.6641897770674212,2.4777751377541906,2.6317778813505948,0.7
full_seed101_replay_0p3_noise0p1_s5_a0p2_b0p7,101,replay,0.3,0.1,5,0.2,crp,1.7627478026949996,1.8340942642084344,1.6641897770674212,2.4777751377541906,2.6317778813505948,0.7
full_seed101_replay_0p3_noise0p1_s5_a0p3_b0p8,101,replay,0.3,0.1,5,0.3,fpr_owa,1.7612095574167788,1.8380134273724795,1.7177404868467356,2.519554848318862,2.5809065936226183,0.8
full_seed101_replay_0p3_noise0p1_s5_a0p3_b0p8,101,replay,0.3,0.1,5,0.3,crp,1.7612095574167788,1.8380134273724795,1.7177404868467356,2.519554848318862,2.5809065936226183,0.8
full_seed101_replay_0p3_noise0p1_s9_a0p2_b0p7,101,replay,0.3,0.1,9,0.2,fpr_owa,1.7630185773289269,1.8164215567109068,1.6636137837531386,2.402036291853531,2.634412266772717,0.7
full_seed101_replay_0p3_noise0p1_s9_a0p2_b0p7,101,replay,0.3,0.1,9,0.2,crp,1.7630185773289269,1.8164215567109068,1.6636137837531386,2.402036291853531,2.634412266772717,0.7
full_seed101_replay_0p3_noise0p1_s9_a0p3_b0p8,101,replay,0.3,0.1,9,0.3,fpr_owa,1.7420617113815362,1.8154978612772323,1.6351448970085083,2.4843582690820227,2.64918673904403,0.8
full_seed101_replay_0p3_noise0p1_s9_a0p3_b0p8,101,replay,0.3,0.1,9,0.3,crp,1.7420617113815362,1.8154978612772323,1.6351448970085083,2.4843582690820227,2.64918673904403,0.8
full_seed101_replay_0p3_noise0p25_s13_a0p2_b0p7,101,replay,0.3,0.25,13,0.2,fpr_owa,1.2356195991148162,1.2954462713048736,1.2368126311309506,1.7980809780448666,1.93807001433504,0.7
full_seed101_replay_0p3_noise0p25_s13_a0p2_b0p7,101,replay,0.3,0.25,13,0.2,crp,1.2356195991148162,1.2954462713048736,1.2368126311309506,1.7980809780448666,1.93807001433504,0.7
full_seed101_replay_0p3_noise0p25_s13_a0p3_b0p8,101,replay,0.3,0.25,13,0.3,fpr_owa,1.4305410944912424,1.5263653131763042,1.401743653779456,2.192184368129442,2.348715633380049,0.8
full_seed101_replay_0p3_noise0p25_s13_a0p3_b0p8,101,replay,0.3,0.25,13,0.3,crp,1.4305410944912424,1.5263653131763042,1.401743653779456,2.192184368129442,2.348715633380049,0.8
full_seed101_replay_0p3_noise0p25_s5_a0p2_b0p7,101,replay,0.3,0.25,5,0.2,fpr_owa,1.730595368095208,1.810172857981028,1.6805903266375428,2.580478015543148,2.713322161879084,0.7
full_seed101_replay_0p3_noise0p25_s5_a0p2_b0p7,101,replay,0.3,0.25,5,0.2,crp,1.730595368095208,1.810172857981028,1.6805903266375428,2.580478015543148,2.713322161879084,0.7
full_seed101_replay_0p3_noise0p25_s5_a0p3_b0p8,101,replay,0.3,0.25,5,0.3,fpr_owa,1.7335624373712253,1.8157404704978355,1.6571281922560257,2.5806304410125374,2.767724316695624,0.8
full_seed101_replay_0p3_noise0p25_s5_a0p3_b0p8,101,replay,0.3,0.25,5,0.3,crp,1.7335624373712253,1.8157404704978355,1.6571281922560257,2.5806304410125374,2.767724316695624,0.8
full_seed101_replay_0p3_noise0p25_s9_a0p2_b0p7,101,replay,0.3,0.25,9,0.2,fpr_owa,1.731944477187605,1.7962416004577055,1.6096512847709294,2.4700931440006304,2.754804158813448,0.7
full_seed101_replay_0p3_noise0p25_s9_a0p2_b0p7,101,replay,0.3,0.25,9,0.2,crp,1.731944477187605,1.7962416004577055,1.6096512847709294,2.4700931440006304,2.754804158813448,0.7
full_seed101_replay_0p3_noise0p25_s9_a0p3_b0p8,101,replay,0.3,0.25,9,0.3,fpr_owa,1.7205313337510169,1.796155256833193,1.6085728558567252,2.4964560180354227,2.747853532717472,0.8
full_seed101_replay_0p3_noise0p25_s9_a0p3_b0p8,101,replay,0.3,0.25,9,0.3,crp,1.7205313337510169,1.796155256833193,1.6085728558567252,2.4964560180354227,2.747853532717472,0.8
full_seed101_replay_0p3_noise0p5_s13_a0p2_b0p7,101,replay,0.3,0.5,13,0.2,fpr_owa,1.2705873270819978,1.3444807086870734,1.2354030410986243,2.0137921585383247,2.3359865261798705,0.7
full_seed101_replay_0p3_noise0p5_s13_a0p2_b0p7,101,replay,0.3,0.5,13,0.2,crp,1.2847267149300952,1.3624543926859358,1.240801419563994,2.028260493754617,2.363067573007457,0.7
full_seed101_replay_0p3_noise0p5_s13_a0p3_b0p8,101,replay,0.3,0.5,13,0.3,fpr_owa,1.3416249293139315,1.45078818571518,1.270541216333453,2.3357953355733723,2.4987166291150835,0.8
full_seed101_replay_0p3_noise0p5_s13_a0p3_b0p8,101,replay,0.3,0.5,13,0.3,crp,1.3574520157331045,1.4688002467793009,1.257770147938833,2.338912199784071,2.638924195582395,0.8
full_seed101_replay_0p3_noise0p5_s5_a0p2_b0p7,101,replay,0.3,0.5,5,0.2,fpr_owa,1.71048641331835,1.810336511450647,1.6731155109603395,2.732207131958653,3.020868080479137,0.7
full_seed101_replay_0p3_noise0p5_s5_a0p2_b0p7,101,replay,0.3,0.5,5,0.2,crp,1.7121089316642155,1.8127639330925187,1.6731155109603395,2.7574853284237366,3.020868080479137,0.7
full_seed101_replay_0p3_noise0p5_s5_a0p3_b0p8,101,replay,0.3,0.5,5,0.3,fpr_owa,1.717000331300336,1.8207909084967435,1.6648866260036614,2.740318737430129,3.098602196679836,0.8
full_seed101_replay_0p3_noise0p5_s5_a0p3_b0p8,101,replay,0.3,0.5,5,0.3,crp,1.7178920875829782,1.8221843559165936,1.6648866260036614,2.751509481198484,3.098602196679836,0.8
full_seed101_replay_0p3_noise0p5_s9_a0p2_b0p7,101,replay,0.3,0.5,9,0.2,fpr_owa,1.6942864804349411,1.770512847301215,1.6393799199196677,2.5698447684830086,2.949699220242668,0.7
full_seed101_replay_0p3_noise0p5_s9_a0p2_b0p7,101,replay,0.3,0.5,9,0.2,crp,1.6937832307888865,1.7699817817573416,1.6393799199196677,2.5698447684830086,2.949699220242668,0.7
full_seed101_replay_0p3_noise0p5_s9_a0p3_b0p8,101,replay,0.3,0.5,9,0.3,fpr_owa,1.6839174007350952,1.7654768281285615,1.5746929578730078,2.60260037386507,2.910197677223065,0.8
full_seed101_replay_0p3_noise0p5_s9_a0p3_b0p8,101,replay,0.3,0.5,9,0.3,crp,1.688134989632842,1.7699978234493468,1.583835096647502,2.60260037386507,2.910197677223065,0.8
full_seed101_replay_0p4_noise0p1_s13_a0p2_b0p7,101,replay,0.4,0.1,13,0.2,fpr_owa,1.2010473715996146,1.2513083157232645,1.2007441398726637,1.649126628657971,1.7056900502596406,0.7
full_seed101_replay_0p4_noise0p1_s13_a0p2_b0p7,101,replay,0.4,0.1,13,0.2,crp,1.2010473715996146,1.2513083157232645,1.2007441398726637,1.649126628657971,1.7056900502596406,0.7
full_seed101_replay_0p4_noise0p1_s13_a0p3_b0p8,101,replay,0.4,0.1,13,0.3,fpr_owa,1.4684152050105994,1.5483118080013958,1.4574563898258064,2.094402781814444,2.142854543866055,0.8
full_seed101_replay_0p4_noise0p1_s13_a0p3_b0p8,101,replay,0.4,0.1,13,0.3,crp,1.4684152050105994,1.5483118080013958,1.4574563898258064,2.094402781814444,2.142854543866055,0.8
full_seed101_replay_0p4_noise0p1_s5_a0p2_b0p7,101,replay,0.4,0.1,5,0.2,fpr_owa,1.7627478026949996,1.8340942642084344,1.6641897770674212,2.4777751377541906,2.6317778813505948,0.7
full_seed101_replay_0p4_noise0p1_s5_a0p2_b0p7,101,replay,0.4,0.1,5,0.2,crp,1.7627478026949996,1.8340942642084344,1.6641897770674212,2.4777751377541906,2.6317778813505948,0.7
full_seed101_replay_0p4_noise0p1_s5_a0p3_b0p8,101,replay,0.4,0.1,5,0.3,fpr_owa,1.7612095574167788,1.8380134273724795,1.7177404868467356,2.519554848318862,2.5809065936226183,0.8
full_seed101_replay_0p4_noise0p1_s5_a0p3_b0p8,101,replay,0.4,0.1,5,0.3,crp,1.7612095574167788,1.8380134273724795,1.7177404868467356,2.519554848318862,2.5809065936226183,0.8
full_seed101_replay_0p4_noise0p1_s9_a0p2_b0p7,101,replay,0.4,0.1,9,0.2,fpr_owa,1.761339854240768,1.814040460228504,1.6777407003736338,2.3981483074830336,2.610297293389082,0.7
full_seed101_replay_0p4_noise0p1_s9_a0p2_b0p7,101,replay,0.4,0.1,9,0.2,crp,1.761339854240768,1.814040460228504,1.6777407003736338,2.3981483074830336,2.610297293389082,0.7
full_seed101_replay_0p4_noise0p1_s9_a0p3_b0p8,101,replay,0.4,0.1,9,0.3,fpr_owa,1.7376768792840698,1.8105205051208069,1.654006353899125,2.481753228222399,2.6175195113770537,0.8
full_seed101_replay_0p4_noise0p1_s9_a0p3_b0p8,101,replay,0.4,0.1,9,0.3,crp,1.7376768792840698,1.8105205051208069,1.654006353899125,2.481753228222399,2.6175195113770537,0.8
full_seed101_replay_0p4_noise0p25_s13_a0p2_b0p7,101,replay,0.4,0.25,13,0.2,fpr_owa,1.2365469412583157,1.2954138766927097,1.243641735893824,1.8098158366640864,1.93807001433504,0.7
full_seed101_replay_0p4_noise0p25_s13_a0p2_b0p7,101,replay,0.4,0.25,13,0.2,crp,1.2365469412583157,1.2954138766927097,1.243641735893824,1.8098158366640864,1.93807001433504,0.7
full_seed101_replay_0p4_noise0p25_s13_a0p3_b0p8,101,replay,0.4,0.25,13,0.3,fpr_owa,1.4347633644253224,1.5291966661288432,1.426252916261871,2.194102621739133,2.348715633380049,0.8
full_seed101_replay_0p4_noise0p25_s13_a0p3_b0p8,101,replay,0.4,0.25,13,0.3,crp,1.4347633644253224,1.5291966661288432,1.426252916261871,2.194102621739133,2.348715633380049,0.8
full_seed101_replay_0p4_noise0p25_s5_a0p2_b0p7,101,replay,0.4,0.25,5,0.2,fpr_owa,1.730595368095208,1.810172857981028,1.6805903266375428,2.580478015543148,2.713322161879084,0.7
full_seed101_replay_0p4_noise0p25_s5_a0p2_b0p7,101,replay,0.4,0.25,5,0.2,crp,1.730595368095208,1.810172857981028,1.6805903266375428,2.580478015543148,2.713322161879084,0.7
full_seed101_replay_0p4_noise0p25_s5_a0p3_b0p8,101,replay,0.4,0.25,5,0.3,fpr_owa,1.7335624373712253,1.8157404704978355,1.6571281922560257,2.5806304410125374,2.767724316695624,0.8
full_seed101_replay_0p4_noise0p25_s5_a0p3_b0p8,101,replay,0.4,0.25,5,0.3,crp,1.7335624373712253,1.8157404704978355,1.6571281922560257,2.5806304410125374,2.767724316695624,0.8
full_seed101_replay_0p4_noise0p25_s9_a0p2_b0p7,101,replay,0.4,0.25,9,0.2,fpr_owa,1.7289035650595512,1.79277495746852,1.6435769916385372,2.4384574533369454,2.7183981103669708,0.7
full_seed101_replay_0p4_noise0p25_s9_a0p2_b0p7,101,replay,0.4,0.25,9,0.2,crp,1.7289035650595512,1.79277495746852,1.6435769916385372,2.4384574533369454,2.7183981103669708,0.7
full_seed101_replay_0p4_noise0p25_s9_a0p3_b0p8,101,replay,0.4,0.25,9,0.3,fpr_owa,1.7179793274319646,1.7917884592680997,1.625566306399736,2.4644343528102017,2.7114474842709946,0.8
full_seed101_replay_0p4_noise0p25_s9_a0p3_b0p8,101,replay,0.4,0.25,9,0.3,crp,1.7179793274319646,1.7917884592680997,1.625566306399736,2.4644343528102017,2.7114474842709946,0.8
full_seed101_replay_0p4_noise0p5_s13_a0p2_b0p7,101,replay,0.4,0.5,13,0.2,fpr_owa,1.2668766715061186,1.3394309551112893,1.257834408801266,1.991234760489887,2.2855824566824645,0.7
full_seed101_replay_0p4_noise0p5_s13_a0p2_b0p7,101,replay,0.4,0.5,13,0.2,crp,1.2830904937492718,1.3598680047598075,1.2713265938490834,2.0469385824003457,2.363067573007457,0.7
full_seed101_replay_0p4_noise0p5_s13_a0p3_b0p8,101,replay,0.4,0.5,13,0.3,fpr_owa,1.329026904258157,1.4361266633522078,1.284404369107602,2.264444311441075,2.4987166291150835,0.8
full_seed101_replay_0p4_noise0p5_s13_a0p3_b0p8,101,replay,0.4,0.5,13,0.3,crp,1.348271534803751,1.457503094491046,1.275868106472585,2.268178429572906,2.638924195582395,0.8
full_seed101_replay_0p4_noise0p5_s5_a0p2_b0p7,101,replay,0.4,0.5,5,0.2,fpr_owa,1.71048641331835,1.810336511450647,1.6731155109603395,2.732207131958653,3.020868080479137,0.7
full_seed101_replay_0p4_noise0p5_s5_a0p2_b0p7,101,replay,0.4,0.5,5,0.2,crp,1.7121089316642155,1.8127639330925187,1.6731155109603395,2.7574853284237366,3.020868080479137,0.7
full_seed101_replay_0p4_noise0p5_s5_a0p3_b0p8,101,replay,0.4,0.5,5,0.3,fpr_owa,1.717000331300336,1.8207909084967435,1.6648866260036614,2.740318737430129,3.098602196679836,0.8
full_seed101_replay_0p4_noise0p5_s5_a0p3_b0p8,101,replay,0.4,0.5,5,0.3,crp,1.7178920875829782,1.8221843559165936,1.6648866260036614,2.751509481198484,3.098602196679836,0.8
full_seed101_replay_0p4_noise0p5_s9_a0p2_b0p7,101,replay,0.4,0.5,9,0.2,fpr_owa,1.697106541514233,1.773017974266221,1.6412810162541267,2.517097776544594,2.9132931717961905,0.7
full_seed101_replay_0p4_noise0p5_s9_a0p2_b0p7,101,replay,0.4,0.5,9,0.2,crp,1.697024490517376,1.7731873536323566,1.6412810162541267,2.517097776544594,2.9132931717961905,0.7
full_seed101_replay_0p4_noise0p5_s9_a0p3_b0p8,101,replay,0.4,0.5,9,0.3,fpr_owa,1.6913009970122816,1.7717457747760472,1.6044599835677142,2.6023247799612985,2.899386382569466,0.8
full_seed101_replay_0p4_noise0p5_s9_a0p3_b0p8,101,replay,0.4,0.5,9,0.3,crp,1.6923805125668878,1.7723698564461383,1.6102838744053565,2.5798915393730506,2.899386382569466,0.8
full_seed101_scaling_0p0_noise0p1_s13_a0p2_b0p7,101,scaling,0.0,0.1,13,0.2,fpr_owa,1.2005996835464343,1.2492934636752335,1.1936329513941824,1.6485568056889095,1.7438379620698026,0.7
full_seed101_scaling_0p0_noise0p1_s13_a0p2_b0p7,101,scaling,0.0,0.1,13,0.2,crp,1.2005996835464343,1.2492934636752335,1.1936329513941824,1.6485568056889095,1.7438379620698026,0.7
full_seed101_scaling_0p0_noise0p1_s13_a0p3_b0p8,101,scaling,0.0,0.1,13,0.3,fpr_owa,1.459851850307026,1.5405262522493737,1.4105131735776282,2.0889440810659385,2.241185361713773,0.8
full_seed101_scaling_0p0_noise0p1_s13_a0p3_b0p8,101,scaling,0.0,0.1,13,0.3,crp,1.459851850307026,1.5405262522493737,1.4105131735776282,2.0889440810659385,2.241185361713773,0.8
full_seed101_scaling_0p0_noise0p1_s5_a0p2_b0p7,101,scaling,0.0,0.1,5,0.2,fpr_owa,1.767117669704048,1.8354108405671965,1.6600840900874871,2.4665471628706577,2.623309323256321,0.7
full_seed101_scaling_0p0_noise0p1_s5_a0p2_b0p7,101,scaling,0.0,0.1,5,0.2,crp,1.767117669704048,1.8354108405671965,1.6600840900874871,2.4665471628706577,2.623309323256321,0.7
full_seed101_scaling_0p0_noise0p1_s5_a0p3_b0p8,101,scaling,0.0,0.1,5,0.3,fpr_owa,1.7626268134227294,1.838567579606963,1.6659867656620362,2.496622538502625,2.5856445900776754,0.8
full_seed101_scaling_0p0_noise0p1_s5_a0p3_b0p8,101,scaling,0.0,0.1,5,0.3,crp,1.7626268134227294,1.838567579606963,1.6659867656620362,2.496622538502625,2.5856445900776754,0.8
full_seed101_scaling_0p0_noise0p1_s9_a0p2_b0p7,101,scaling,0.0,0.1,9,0.2,fpr_owa,1.7649217452909671,1.8188107961041775,1.6358181714411566,2.402411083444426,2.5208303773184952,0.7
full_seed101_scaling_0p0_noise0p1_s9_a0p2_b0p7,101,scaling,0.0,0.1,9,0.2,crp,1.7649217452909671,1.8188107961041775,1.6358181714411566,2.402411083444426,2.5208303773184952,0.7
full_seed101_scaling_0p0_noise0p1_s9_a0p3_b0p8,101,scaling,0.0,0.1,9,0.3,fpr_owa,1.748512793146674,1.822359247104944,1.6160641797705488,2.483087558392486,2.621842066792208,0.8
full_seed101_scaling_0p0_noise0p1_s9_a0p3_b0p8,101,scaling,0.0,0.1,9,0.3,crp,1.748512793146674,1.822359247104944,1.6160641797705488,2.483087558392486,2.621842066792208,0.8
full_seed101_scaling_0p0_noise0p25_s13_a0p2_b0p7,101,scaling,0.0,0.25,13,0.2,fpr_owa,1.236562460285135,1.2956308708465365,1.2044535377120542,1.82105823882284,1.93807001433504,0.7
full_seed101_scaling_0p0_noise0p25_s13_a0p2_b0p7,101,scaling,0.0,0.25,13,0.2,crp,1.236562460285135,1.2956308708465365,1.2044535377120542,1.82105823882284,1.93807001433504,0.7
full_seed101_scaling_0p0_noise0p25_s13_a0p3_b0p8,101,scaling,0.0,0.25,13,0.3,fpr_owa,1.4423166327854453,1.5394491390162115,1.4096630712143363,2.215127343217554,2.402718544702593,0.8
full_seed101_scaling_0p0_noise0p25_s13_a0p3_b0p8,101,scaling,0.0,0.25,13,0.3,crp,1.4423166327854453,1.5394491390162115,1.4096630712143363,2.215127343217554,2.402718544702593,0.8
full_seed101_scaling_0p0_noise0p25_s5_a0p2_b0p7,101,scaling,0.0,0.25,5,0.2,fpr_owa,1.7336143413815548,1.8099001257236491,1.6922920438569655,2.55417172044426,2.7327033676123493,0.7
full_seed101_scaling_0p0_noise0p25_s5_a0p2_b0p7,101,scaling,0.0,0.25,5,0.2,crp,1.7336143413815548,1.8099001257236491,1.6922920438569655,2.55417172044426,2.7327033676123493,0.7
full_seed101_scaling_0p0_noise0p25_s5_a0p3_b0p8,101,scaling,0.0,0.25,5,0.3,fpr_owa,1.7299506229173902,1.809798933912468,1.6661550456250218,2.56977910378971,2.767724316695624,0.8
full_seed101_scaling_0p0_noise0p25_s5_a0p3_b0p8,101,scaling,0.0,0.25,5,0.3,crp,1.7299506229173902,1.809798933912468,1.6661550456250218,2.56977910378971,2.767724316695624,0.8
full_seed101_scaling_0p0_noise0p25_s9_a0p2_b0p7,101,scaling,0.0,0.25,9,0.2,fpr_owa,1.7298027951227697,1.795488778870893,1.6024240184477152,2.4398284480022494,2.632631395399988,0.7
full_seed101_scaling_0p0_noise0p25_s9_a0p2_b0p7,101,scaling,0.0,0.25,9,0.2,crp,1.7298027951227697,1.795488778870893,1.6024240184477152,2.4398284480022494,2.632631395399988,0.7
full_seed101_scaling_0p0_noise0p25_s9_a0p3_b0p8,101,scaling,0.0,0.25,9,0.3,fpr_owa,1.7256608562942817,1.7990798317672998,1.6358554405371024,2.4886343819454897,2.781453042917504,0.8
full_seed101_scaling_0p0_noise0p25_s9_a0p3_b0p8,101,scaling,0.0,0.25,9,0.3,crp,1.7256608562942817,1.7990798317672998,1.6358554405371024,2.4886343819454897,2.781453042917504,0.8
full_seed101_scaling_0p0_noise0p5_s13_a0p2_b0p7,101,scaling,0.0,0.5,13,0.2,fpr_owa,1.2839222170748892,1.3602123416225274,1.240801419563994,2.046768449975125,2.3782249001293287,0.7
full_seed101_scaling_0p0_noise0p5_s13_a0p2_b0p7,101,scaling,0.0,0.5,13,0.2,crp,1.2997189676694498,1.3803135158877573,1.240801419563994,2.053681390863597,2.434949713201487,0.7
full_seed101_scaling_0p0_noise0p5_s13_a0p3_b0p8,101,scaling,0.0,0.5,13,0.3,fpr_owa,1.3542700790443412,1.4646362664908377,1.2917001243824369,2.3401931281901307,2.585645126688344,0.8
full_seed101_scaling_0p0_noise0p5_s13_a0p3_b0p8,101,scaling,0.0,0.5,13,0.3,crp,1.3795600058190316,1.4935824973058032,1.297581587519955,2.364057041305829,2.6816652677859327,0.8
full_seed101_scaling_0p0_noise0p5_s5_a0p2_b0p7,101,scaling,0.0,0.5,5,0.2,fpr_owa,1.709271226509631,1.8044491280747168,1.6461929187271442,2.6895015239178703,3.020868080479137,0.7
full_seed101_scaling_0p0_noise0p5_s5_a0p2_b0p7,101,scaling,0.0,0.5,5,0.2,crp,1.7108937448554966,1.806884459017612,1.6461929187271442,2.6986287482273794,3.020868080479137,0.7
full_seed101_scaling_0p0_noise0p5_s5_a0p3_b0p8,101,scaling,0.0,0.5,5,0.3,fpr_owa,1.703342370087818,1.80311874125599,1.6345246869770231,2.725174442138963,3.089570498033422,0.8
full_seed101_scaling_0p0_noise0p5_s5_a0p3_b0p8,101,scaling,0.0,0.5,5,0.3,crp,1.70423412637046,1.8045258351022189,1.6345246869770231,2.725174442138963,3.089570498033422,0.8
full_seed101_scaling_0p0_noise0p5_s9_a0p2_b0p7,101,scaling,0.0,0.5,9,0.2,fpr_owa,1.70044414129838,1.7783768765686925,1.641228448021633,2.5752813313069827,2.867533613785253,0.7
full_seed101_scaling_0p0_noise0p5_s9_a0p2_b0p7,101,scaling,0.0,0.5,9,0.2,crp,1.6992102758586314,1.777116659734978,1.641228448021633,2.5752813313069827,2.867533613785253,0.7
full_seed101_scaling_0p0_noise0p5_s9_a0p3_b0p8,101,scaling,0.0,0.5,9,0.3,fpr_owa,1.6909088150660572,1.7716248152131142,1.5885115885765302,2.610265449817572,3.033435246204024,0.8
full_seed101_scaling_0p0_noise0p5_s9_a0p3_b0p8,101,scaling,0.0,0.5,9,0.3,crp,1.692712423537461,1.7730546854818758,1.605303248533299,2.610265449817572,3.033435246204024,0.8
full_seed101_scaling_0p1_noise0p1_s13_a0p2_b0p7,101,scaling,0.1,0.1,13,0.2,fpr_owa,1.2102765488925362,1.2609235755137238,1.1958218486653815,1.6716150965740668,1.7630768288607368,0.7
full_seed101_scaling_0p1_noise0p1_s13_a0p2_b0p7,101,scaling,0.1,0.1,13,0.2,crp,1.2102765488925362,1.2609235755137238,1.1958218486653815,1.6716150965740668,1.7630768288607368,0.7
full_seed101_scaling_0p1_noise0p1_s13_a0p3_b0p8,101,scaling,0.1,0.1,13,0.3,fpr_owa,1.4731554572009598,1.555103868907499,1.4474710055113138,2.12267043661577,2.2822486572506966,0.8
full_seed101_scaling_0p1_noise0p1_s13_a0p3_b0p8,101,scaling,0.1,0.1,13,0.3,crp,1.4731554572009598,1.555103868907499,1.4474710055113138,2.12267043661577,2.2822486572506966,0.8
full_seed101_scaling_0p1_noise0p1_s5_a0p2_b0p7,101,scaling,0.1,0.1,5,0.2,fpr_owa,1.767117669704048,1.8354108405671965,1.6600840900874871,2.4665471628706577,2.623309323256321,0.7
full_seed101_scaling_0p1_noise0p1_s5_a0p2_b0p7,101,scaling,0.1,0.1,5,0.2,crp,1.767117669704048,1.8354108405671965,1.6600840900874871,2.4665471628706577,2.623309323256321,0.7
full_seed101_scaling_0p1_noise0p1_s5_a0p3_b0p8,101,scaling,0.1,0.1,5,0.3,fpr_owa,1.7626268134227294,1.838567579606963,1.6659867656620362,2.496622538502625,2.5856445900776754,0.8
full_seed101_scaling_0p1_noise0p1_s5_a0p3_b0p8,101,scaling,0.1,0.1,5,0.3,crp,1.7626268134227294,1.838567579606963,1.6659867656620362,2.496622538502625,2.5856445900776754,0.8
full_seed101_scaling_0p1_noise0p1_s9_a0p2_b0p7,101,scaling,0.1,0.1,9,0.2,fpr_owa,1.7776146627499398,1.833133402433825,1.648286602371669,2.4344745745781298,2.529581352112384,0.7
full_seed101_scaling_0p1_noise0p1_s9_a0p2_b0p7,101,scaling,0.1,0.1,9,0.2,crp,1.7776146627499398,1.833133402433825,1.648286602371669,2.4344745745781298,2.529581352112384,0.7
full_seed101_scaling_0p1_noise0p1_s9_a0p3_b0p8,101,scaling,0.1,0.1,9,0.3,fpr_owa,1.760354733936511,1.8345114341480115,1.6351448970085083,2.4904431532786275,2.68596974680014,0.8
full_seed101_scaling_0p1_noise0p1_s9_a0p3_b0p8,101,scaling,0.1,0.1,9,0.3,crp,1.760354733936511,1.8345114341480115,1.6351448970085083,2.4904431532786275,2.68596974680014,0.8
full_seed101_scaling_0p1_noise0p25_s13_a0p2_b0p7,101,scaling,0.1,0.25,13,0.2,fpr_owa,1.24453170727879,1.305956001656829,1.2124360709071684,1.831965189073598,1.93807001433504,0.7
full_seed101_scaling_0p1_noise0p25_s13_a0p2_b0p7,101,scaling,0.1,0.25,13,0.2,crp,1.24453170727879,1.305956001656829,1.2124360709071684,1.831965189073598,1.93807001433504,0.7
full_seed101_scaling_0p1_noise0p25_s13_a0p3_b0p8,101,scaling,0.1,0.25,13,0.3,fpr_owa,1.449040884489402,1.5483359482201309,1.4076347872003536,2.2307799572166136,2.4478571094868418,0.8
full_seed101_scaling_0p1_noise0p25_s13_a0p3_b0p8,101,scaling,0.1,0.25,13,0.3,crp,1.449040884489402,1.5483359482201309,1.4076347872003536,2.2307799572166136,2.4478571094868418,0.8
full_seed101_scaling_0p1_noise0p25_s5_a0p2_b0p7,101,scaling,0.1,0.25,5,0.2,fpr_owa,1.7336143413815548,1.8099001257236491,1.6922920438569655,2.55417172044426,2.7327033676123493,0.7
full_seed101_scaling_0p1_noise0p25_s5_a0p2_b0p7,101,scaling,0.1,0.25,5,0.2,crp,1.7336143413815548,1.8099001257236491,1.6922920438569655,2.55417172044426,2.7327033676123493,0.7
full_seed101_scaling_0p1_noise0p25_s5_a0p3_b0p8,101,scaling,0.1,0.25,5,0.3,fpr_owa,1.7299506229173902,1.809798933912468,1.6661550456250218,2.56977910378971,2.767724316695624,0.8
full_seed101_scaling_0p1_noise0p25_s5_a0p3_b0p8,101,scaling,0.1,0.25,5,0.3,crp,1.7299506229173902,1.809798933912468,1.6661550456250218,2.56977910378971,2.767724316695624,0.8
full_seed101_scaling_0p1_noise0p25_s9_a0p2_b0p7,101,scaling,0.1,0.25,9,0.2,fpr_owa,1.741610587585726,1.8089704888742009,1.6192494865940454,2.501309923176588,2.641382370193876,0.7
full_seed101_scaling_0p1_noise0p25_s9_a0p2_b0p7,101,scaling,0.1,0.25,9,0.2,crp,1.741610587585726,1.8089704888742009,1.6192494865940454,2.501309923176588,2.641382370193876,0.7
full_seed101_scaling_0p1_noise0p25_s9_a0p3_b0p8,101,scaling,0.1,0.25,9,0.3,fpr_owa,1.735726822066473,1.8114463838612425,1.6501404717443515,2.524416018677848,2.847665282306486,0.8
full_seed101_scaling_0p1_noise0p25_s9_a0p3_b0p8,101,scaling,0.1,0.25,9,0.3,crp,1.735726822066473,1.8114463838612425,1.6501404717443515,2.524416018677848,2.847665282306486,0.8
full_seed101_scaling_0p1_noise0p5_s13_a0p2_b0p7,101,scaling,0.1,0.5,13,0.2,fpr_owa,1.293922406485765,1.36982409206789,1.2699166277733172,2.0469385824003457,2.418442801391565,0.7
full_seed101_scaling_0p1_noise0p5_s13_a0p2_b0p7,101,scaling,0.1,0.5,13,0.2,crp,1.3133971418006942,1.394762248519058,1.283550436813256,2.0791463897706177,2.4610913490219404,0.7
full_seed101_scaling_0p1_noise0p5_s13_a0p3_b0p8,101,scaling,0.1,0.5,13,0.3,fpr_owa,1.3690172756140695,1.4809135531153854,1.3067246921190143,2.3700691601417923,2.6315350653432863,0.8
full_seed101_scaling_0p1_noise0p5_s13_a0p3_b0p8,101,scaling,0.1,0.5,13,0.3,crp,1.393622103043448,1.509458866248874,1.3158399873061586,2.384924655813464,2.7313793679954546,0.8
full_seed101_scaling_0p1_noise0p5_s5_a0p2_b0p7,101,scaling,0.1,0.5,5,0.2,fpr_owa,1.709271226509631,1.8044491280747168,1.6461929187271442,2.6895015239178703,3.020868080479137,0.7
full_seed101_scaling_0p1_noise0p5_s5_a0p2_b0p7,101,scaling,0.1,0.5,5,0.2,crp,1.7108937448554966,1.806884459017612,1.6461929187271442,2.6986287482273794,3.020868080479137,0.7
full_seed101_scaling_0p1_noise0p5_s5_a0p3_b0p8,101,scaling,0.1,0.5,5,0.3,fpr_owa,1.703342370087818,1.80311874125599,1.6345246869770231,2.725174442138963,3.089570498033422,0.8
full_seed101_scaling_0p1_noise0p5_s5_a0p3_b0p8,101,scaling,0.1,0.5,5,0.3,crp,1.70423412637046,1.8045258351022189,1.6345246869770231,2.725174442138963,3.089570498033422,0.8
full_seed101_scaling_0p1_noise0p5_s9_a0p2_b0p7,101,scaling,0.1,0.5,9,0.2,fpr_owa,1.7140028850306777,1.7923579837802954,1.646650873773218,2.5754209316867898,2.876284588579141,0.7
full_seed101_scaling_0p1_noise0p5_s9_a0p2_b0p7,101,scaling,0.1,0.5,9,0.2,crp,1.712753084496882,1.791104878624136,1.646650873773218,2.5754209316867898,2.876284588579141,0.7
full_seed101_scaling_0p1_noise0p5_s9_a0p3_b0p8,101,scaling,0.1,0.5,9,0.3,fpr_owa,1.70715835277525,1.788404118917098,1.6326205385463677,2.60260037386507,3.125739980150656,0.8
full_seed101_scaling_0p1_noise0p5_s9_a0p3_b0p8,101,scaling,0.1,0.5,9,0.3,crp,1.7077464385064804,1.788436333580314,1.6326205385463677,2.60260037386507,3.125739980150656,0.8
full_seed101_scaling_0p2_noise0p1_s13_a0p2_b0p7,101,scaling,0.2,0.1,13,0.2,fpr_owa,1.2297609173250124,1.282705094518979,1.204821961344427,1.713698252120467,1.8431641664364973,0.7
full_seed101_scaling_0p2_noise0p1_s13_a0p2_b0p7,101,scaling,0.2,0.1,13,0.2,crp,1.2297609173250124,1.282705094518979,1.204821961344427,1.713698252120467,1.8431641664364973,0.7
full_seed101_scaling_0p2_noise0p1_s13_a0p3_b0p8,101,scaling,0.2,0.1,13,0.3,fpr_owa,1.4971416874533778,1.581271744370397,1.470899322808164,2.165388769266506,2.2822486572506966,0.8
full_seed101_scaling_0p2_noise0p1_s13_a0p3_b0p8,101,scaling,0.2,0.1,13,0.3,crp,1.4971416874533778,1.581271744370397,1.470899322808164,2.165388769266506,2.2822486572506966,0.8
full_seed101_scaling_0p2_noise0p1_s5_a0p2_b0p7,101,scaling,0.2,0.1,5,0.2,fpr_owa,1.784617258748552,1.854194652463521,1.667629823959527,2.4777751377541906,2.660205228418408,0.7
full_seed101_scaling_0p2_noise0p1_s5_a0p2_b0p7,101,scaling,0.2,0.1,5,0.2,crp,1.784617258748552,1.854194652463521,1.667629823959527,2.4777751377541906,2.660205228418408,0.7
full_seed101_scaling_0p2_noise0p1_s5_a0p3_b0p8,101,scaling,0.2,0.1,5,0.3,fpr_owa,1.780702750049432,1.8566066318050551,1.7210450048999564,2.515531104961854,2.6146768565212795,0.8
full_seed101_scaling_0p2_noise0p1_s5_a0p3_b0p8,101,scaling,0.2,0.1,5,0.3,crp,1.780702750049432,1.8566066318050551,1.7210450048999564,2.515531104961854,2.6146768565212795,0.8
full_seed101_scaling_0p2_noise0p1_s9_a0p2_b0p7,101,scaling,0.2,0.1,9,0.2,fpr_owa,1.790486486721044,1.8468325808457748,1.6383651175330929,2.463514443586389,2.6228985907992506,0.7
full_seed101_scaling_0p2_noise0p1_s9_a0p2_b0p7,101,scaling,0.2,0.1,9,0.2,crp,1.790486486721044,1.8468325808457748,1.6383651175330929,2.463514443586389,2.6228985907992506,0.7
full_seed101_scaling_0p2_noise0p1_s9_a0p3_b0p8,101,scaling,0.2,0.1,9,0.3,fpr_owa,1.7736798819762951,1.848503075543998,1.6568886100470988,2.5145477794939994,2.700937717459837,0.8
full_seed101_scaling_0p2_noise0p1_s9_a0p3_b0p8,101,scaling,0.2,0.1,9,0.3,crp,1.7736798819762951,1.848503075543998,1.6568886100470988,2.5145477794939994,2.700937717459837,0.8
full_seed101_scaling_0p2_noise0p25_s13_a0p2_b0p7,101,scaling,0.2,0.25,13,0.2,fpr_owa,1.2604236507250026,1.3229377303384515,1.2174251298667105,1.8530652670268304,2.0101930261345333,0.7
full_seed101_scaling_0p2_noise0p25_s13_a0p2_b0p7,101,scaling,0.2,0.25,13,0.2,crp,1.2604236507250026,1.3229377303384515,1.2174251298667105,1.8530652670268304,2.0101930261345333,0.7
full_seed101_scaling_0p2_noise0p25_s13_a0p3_b0p8,101,scaling,0.2,0.25,13,0.3,fpr_owa,1.4696606588559986,1.5713101511726673,1.4342778327131285,2.263518684417351,2.4478571094868413,0.8
full_seed101_scaling_0p2_noise0p25_s13_a0p3_b0p8,101,scaling,0.2,0.25,13,0.3,crp,1.4696606588559986,1.5713101511726673,1.4342778327131285,2.263518684417351,2.4478571094868413,0.8
full_seed101_scaling_0p2_noise0p25_s5_a0p2_b0p7,101,scaling,0.2,0.25,5,0.2,fpr_owa,1.754677674287723,1.83168277943214,1.6863788637081134,2.5779226778790147,2.7589280919151085,0.7
full_seed101_scaling_0p2_noise0p25_s5_a0p2_b0p7,101,scaling,0.2,0.25,5,0.2,crp,1.754677674287723,1.83168277943214,1.6863788637081134,2.5779226778790147,2.7589280919151085,0.7
full_seed101_scaling_0p2_noise0p25_s5_a0p3_b0p8,101,scaling,0.2,0.25,5,0.3,fpr_owa,1.7516094953899042,1.832040829606503,1.6571281922560257,2.578377598882516,2.767724316695624,0.8
full_seed101_scaling_0p2_noise0p25_s5_a0p3_b0p8,101,scaling,0.2,0.25,5,0.3,crp,1.7516094953899042,1.832040829606503,1.6571281922560257,2.578377598882516,2.767724316695624,0.8
full_seed101_scaling_0p2_noise0p25_s9_a0p2_b0p7,101,scaling,0.2,0.25,9,0.2,fpr_owa,1.7574820537741445,1.826326450095819,1.6353559957391242,2.525001941880843,2.713121726325315,0.7
full_seed101_scaling_0p2_noise0p25_s9_a0p2_b0p7,101,scaling,0.2,0.25,9,0.2,crp,1.7581432917424655,1.8271751765607969,1.6353559957391242,2.525001941880843,2.713121726325315,0.7
full_seed101_scaling_0p2_noise0p25_s9_a0p3_b0p8,101,scaling,0.2,0.25,9,0.3,fpr_owa,1.7532654887315922,1.828812117759788,1.655581858700856,2.524416018677848,2.8624517995259056,0.8
full_seed101_scaling_0p2_noise0p25_s9_a0p3_b0p8,101,scaling,0.2,0.25,9,0.3,crp,1.7532143558975768,1.8287441814600616,1.655581858700856,2.524416018677848,2.8624517995259056,0.8
full_seed101_scaling_0p2_noise0p5_s13_a0p2_b0p7,101,scaling,0.2,0.5,13,0.2,fpr_owa,1.304826238439934,1.3835801425219556,1.2816534367586,2.073072265829797,2.5206051060716805,0.7
full_seed101_scaling_0p2_noise0p5_s13_a0p2_b0p7,101,scaling,0.2,0.5,13,0.2,crp,1.3227469110702803,1.405358437070745,1.2979973481239608,2.1061833169664927,2.462915013183748,0.7
full_seed101_scaling_0p2_noise0p5_s13_a0p3_b0p8,101,scaling,0.2,0.5,13,0.3,fpr_owa,1.3813472671272258,1.5006338715002636,1.3335539072242022,2.403089888901307,2.6864340282350554,0.8
full_seed101_scaling_0p2_noise0p5_s13_a0p3_b0p8,101,scaling,0.2,0.5,13,0.3,crp,1.398831094800379,1.5212375861575471,1.3383180485146395,2.438787594355522,2.768799294644696,0.8
full_seed101_scaling_0p2_noise0p5_s5_a0p2_b0p7,101,scaling,0.2,0.5,5,0.2,fpr_owa,1.7293042429736027,1.8240504835422429,1.6593169058846764,2.7081317134380245,3.020868080479137,0.7
full_seed101_scaling_0p2_noise0p5_s5_a0p2_b0p7,101,scaling,0.2,0.5,5,0.2,crp,1.7309267613194683,1.8264596789801983,1.6593169058846764,2.710907934962781,3.020868080479137,0.7
full_seed101_scaling_0p2_noise0p5_s5_a0p3_b0p8,101,scaling,0.2,0.5,5,0.3,fpr_owa,1.7251432591648972,1.8253860484356788,1.6648866260036614,2.739770959285741,3.089570498033422,0.8
full_seed101_scaling_0p2_noise0p5_s5_a0p3_b0p8,101,scaling,0.2,0.5,5,0.3,crp,1.7260350154475397,1.826775990729678,1.6648866260036614,2.7515830598432944,3.089570498033422,0.8
full_seed101_scaling_0p2_noise0p5_s9_a0p2_b0p7,101,scaling,0.2,0.5,9,0.2,fpr_owa,1.726615395757681,1.804791158846973,1.672687522355781,2.6056846915447567,2.948023944710581,0.7
full_seed101_scaling_0p2_noise0p5_s9_a0p2_b0p7,101,scaling,0.2,0.5,9,0.2,crp,1.724354041610485,1.80231977437866,1.672687522355781,2.604762690803988,2.948023944710581,0.7
full_seed101_scaling_0p2_noise0p5_s9_a0p3_b0p8,101,scaling,0.2,0.5,9,0.3,fpr_owa,1.7156016342371028,1.7983057616635587,1.6337197682252669,2.6283767039964827,3.128045624739191,0.8
full_seed101_scaling_0p2_noise0p5_s9_a0p3_b0p8,101,scaling,0.2,0.5,9,0.3,crp,1.7184798089533904,1.800982336909285,1.6337197682252669,2.6283767039964827,3.128045624739191,0.8
full_seed101_scaling_0p3_noise0p1_s13_a0p2_b0p7,101,scaling,0.3,0.1,13,0.2,fpr_owa,1.238903788754804,1.2923173459801165,1.2337482544453242,1.7503652749189216,1.847751831588828,0.7
full_seed101_scaling_0p3_noise0p1_s13_a0p2_b0p7,101,scaling,0.3,0.1,13,0.2,crp,1.238903788754804,1.2923173459801165,1.2337482544453242,1.7503652749189216,1.847751831588828,0.7
full_seed101_scaling_0p3_noise0p1_s13_a0p3_b0p8,101,scaling,0.3,0.1,13,0.3,fpr_owa,1.5080785575486368,1.5923474932767334,1.466343512289161,2.2145210271951945,2.3319059368819075,0.8
full_seed101_scaling_0p3_noise0p1_s13_a0p3_b0p8,101,scaling,0.3,0.1,13,0.3,crp,1.5080785575486368,1.5923474932767334,1.466343512289161,2.2145210271951945,2.3319059368819075,0.8
full_seed101_scaling_0p3_noise0p1_s5_a0p2_b0p7,101,scaling,0.3,0.1,5,0.2,fpr_owa,1.803356752395292,1.875488977234653,1.6701768597347462,2.52713947739978,2.752440164292912,0.7
full_seed101_scaling_0p3_noise0p1_s5_a0p2_b0p7,101,scaling,0.3,0.1,5,0.2,crp,1.803356752395292,1.875488977234653,1.6701768597347462,2.52713947739978,2.752440164292912,0.7
full_seed101_scaling_0p3_noise0p1_s5_a0p3_b0p8,101,scaling,0.3,0.1,5,0.3,fpr_owa,1.802707755942347,1.8794555736364544,1.7637587250699076,2.533564838037124,2.665785378311368,0.8
full_seed101_scaling_0p3_noise0p1_s5_a0p3_b0p8,101,scaling,0.3,0.1,5,0.3,crp,1.802707755942347,1.8794555736364544,1.7637587250699076,2.533564838037124,2.665785378311368,0.8
full_seed101_scaling_0p3_noise0p1_s9_a0p2_b0p7,101,scaling,0.3,0.1,9,0.2,fpr_owa,1.8042254128918307,1.86251698878603,1.6708920090095556,2.4989782431769747,2.664654557519763,0.7
full_seed101_scaling_0p3_noise0p1_s9_a0p2_b0p7,101,scaling,0.3,0.1,9,0.2,crp,1.8042254128918307,1.86251698878603,1.6708920090095556,2.4989782431769747,2.664654557519763,0.7
full_seed101_scaling_0p3_noise0p1_s9_a0p3_b0p8,101,scaling,0.3,0.1,9,0.3,fpr_owa,1.7790919146240711,1.8556840367367449,1.601843894601426,2.545797027553122,2.700937717459837,0.8
full_seed101_scaling_0p3_noise0p1_s9_a0p3_b0p8,101,scaling,0.3,0.1,9,0.3,crp,1.7790919146240711,1.8556840367367449,1.601843894601426,2.545797027553122,2.700937717459837,0.8
full_seed101_scaling_0p3_noise0p25_s13_a0p2_b0p7,101,scaling,0.3,0.25,13,0.2,fpr_owa,1.2713594971043116,1.334272825083534,1.2461473806165524,1.862341509526936,2.184516780757728,0.7
full_seed101_scaling_0p3_noise0p25_s13_a0p2_b0p7,101,scaling,0.3,0.25,13,0.2,crp,1.2713594971043116,1.334272825083534,1.2461473806165524,1.862341509526936,2.184516780757728,0.7
full_seed101_scaling_0p3_noise0p25_s13_a0p3_b0p8,101,scaling,0.3,0.25,13,0.3,fpr_owa,1.4817687831756925,1.5809674303278758,1.440475752831324,2.2837513659920803,2.497514389118052,0.8
full_seed101_scaling_0p3_noise0p25_s13_a0p3_b0p8,101,scaling,0.3,0.25,13,0.3,crp,1.4817687831756925,1.5809674303278758,1.440475752831324,2.2837513659920803,2.497514389118052,0.8
full_seed101_scaling_0p3_noise0p25_s5_a0p2_b0p7,101,scaling,0.3,0.25,5,0.2,fpr_owa,1.77483317730726,1.8536066288504065,1.700461613388561,2.6055871973146525,2.8880589329517,0.7
full_seed101_scaling_0p3_noise0p25_s5_a0p2_b0p7,101,scaling,0.3,0.25,5,0.2,crp,1.77483317730726,1.8536066288504065,1.700461613388561,2.6055871973146525,2.8880589329517,0.7
full_seed101_scaling_0p3_noise0p25_s5_a0p3_b0p8,101,scaling,0.3,0.25,5,0.3,fpr_owa,1.7751562269955394,1.8556710904281144,1.6993251591870546,2.5853392106164974,2.7837858069438077,0.8
full_seed101_scaling_0p3_noise0p25_s5_a0p3_b0p8,101,scaling,0.3,0.25,5,0.3,crp,1.7751562269955394,1.8556710904281144,1.6993251591870546,2.5853392106164974,2.7837858069438077,0.8
full_seed101_scaling_0p3_noise0p25_s9_a0p2_b0p7,101,scaling,0.3,0.25,9,0.2,fpr_owa,1.7691240313993466,1.8381580303075744,1.6812245650032405,2.544853821604929,2.788443830009846,0.7
full_seed101_scaling_0p3_noise0p25_s9_a0p2_b0p7,101,scaling,0.3,0.25,9,0.2,crp,1.7698226296947268,1.839077881346034,1.6812245650032405,2.544853821604929,2.788443830009846,0.7
full_seed101_scaling_0p3_noise0p25_s9_a0p3_b0p8,101,scaling,0.3,0.25,9,0.3,fpr_owa,1.7581906583783502,1.8340758360102616,1.645251693358052,2.526668306541365,2.8624517995259056,0.8
full_seed101_scaling_0p3_noise0p25_s9_a0p3_b0p8,101,scaling,0.3,0.25,9,0.3,crp,1.758176885871394,1.8340570179712068,1.645251693358052,2.526668306541365,2.8624517995259056,0.8
full_seed101_scaling_0p3_noise0p5_s13_a0p2_b0p7,101,scaling,0.3,0.5,13,0.2,fpr_owa,1.3139952067869316,1.3947230745834656,1.2698935103666762,2.1210344513361816,2.5702623857028915,0.7
full_seed101_scaling_0p3_noise0p5_s13_a0p2_b0p7,101,scaling,0.3,0.5,13,0.2,crp,1.3314336047043194,1.4158399295418176,1.285616250166592,2.1515095037182768,2.5095429586629927,0.7
full_seed101_scaling_0p3_noise0p5_s13_a0p3_b0p8,101,scaling,0.3,0.5,13,0.3,fpr_owa,1.3855231965289831,1.5026916138848267,1.3327758633352558,2.4236108079838643,2.6413689876412114,0.8
full_seed101_scaling_0p3_noise0p5_s13_a0p3_b0p8,101,scaling,0.3,0.5,13,0.3,crp,1.4089339863269004,1.5317042020177447,1.330367494735824,2.4878326432284843,2.822594680911841,0.8
full_seed101_scaling_0p3_noise0p5_s5_a0p2_b0p7,101,scaling,0.3,0.5,5,0.2,fpr_owa,1.7551859925282365,1.8510995592466983,1.6911872435812798,2.713443810293032,3.0910630715276883,0.7
full_seed101_scaling_0p3_noise0p5_s5_a0p2_b0p7,101,scaling,0.3,0.5,5,0.2,crp,1.7568085108741016,1.8534735958931496,1.6911872435812798,2.747514810088997,3.0910630715276883,0.7
full_seed101_scaling_0p3_noise0p5_s5_a0p3_b0p8,101,scaling,0.3,0.5,5,0.3,fpr_owa,1.7479605401673703,1.8480626442015484,1.6648866260036614,2.7394831341497565,3.089570498033422,0.8
full_seed101_scaling_0p3_noise0p5_s5_a0p3_b0p8,101,scaling,0.3,0.5,5,0.3,crp,1.7488522964500126,1.849435543990651,1.6648866260036614,2.7447047839989582,3.089570498033422,0.8
full_seed101_scaling_0p3_noise0p5_s9_a0p2_b0p7,101,scaling,0.3,0.5,9,0.2,fpr_owa,1.737034442690567,1.8162340044698275,1.6595487972585534,2.652188937833959,2.902872552930833,0.7
full_seed101_scaling_0p3_noise0p5_s9_a0p2_b0p7,101,scaling,0.3,0.5,9,0.2,crp,1.7346249494010595,1.8135285035751143,1.6595487972585534,2.652188937833959,2.902872552930833,0.7
full_seed101_scaling_0p3_noise0p5_s9_a0p3_b0p8,101,scaling,0.3,0.5,9,0.3,fpr_owa,1.724782264067205,1.80762773125319,1.6337197682252669,2.629755645020305,3.138863037931761,0.8
full_seed101_scaling_0p3_noise0p5_s9_a0p3_b0p8,101,scaling,0.3,0.5,9,0.3,crp,1.7270188439100875,1.8095434146592035,1.6337197682252669,2.6103851637281337,3.138863037931761,0.8
full_seed101_scaling_0p4_noise0p1_s13_a0p2_b0p7,101,scaling,0.4,0.1,13,0.2,fpr_owa,1.2451290423978894,1.298285293987803,1.2406500043622088,1.7631551900110152,1.8739228331962603,0.7
full_seed101_scaling_0p4_noise0p1_s13_a0p2_b0p7,101,scaling,0.4,0.1,13,0.2,crp,1.2451290423978894,1.298285293987803,1.2406500043622088,1.7631551900110152,1.8739228331962603,0.7
full_seed101_scaling_0p4_noise0p1_s13_a0p3_b0p8,101,scaling,0.4,0.1,13,0.3,fpr_owa,1.5197522352957769,1.6047980794746932,1.4910593647037205,2.2314546334653578,2.3815572435818986,0.8
full_seed101_scaling_0p4_noise0p1_s13_a0p3_b0p8,101,scaling,0.4,0.1,13,0.3,crp,1.5197522352957769,1.6047980794746932,1.4910593647037205,2.2314546334653578,2.3815572435818986,0.8
full_seed101_scaling_0p4_noise0p1_s5_a0p2_b0p7,101,scaling,0.4,0.1,5,0.2,fpr_owa,1.803356752395292,1.875488977234653,1.6701768597347462,2.52713947739978,2.752440164292912,0.7
full_seed101_scaling_0p4_noise0p1_s5_a0p2_b0p7,101,scaling,0.4,0.1,5,0.2,crp,1.803356752395292,1.875488977234653,1.6701768597347462,2.52713947739978,2.752440164292912,0.7
full_seed101_scaling_0p4_noise0p1_s5_a0p3_b0p8,101,scaling,0.4,0.1,5,0.3,fpr_owa,1.802707755942347,1.8794555736364544,1.7637587250699076,2.533564838037124,2.665785378311368,0.8
full_seed101_scaling_0p4_noise0p1_s5_a0p3_b0p8,101,scaling,0.4,0.1,5,0.3,crp,1.802707755942347,1.8794555736364544,1.7637587250699076,2.533564838037124,2.665785378311368,0.8
full_seed101_scaling_0p4_noise0p1_s9_a0p2_b0p7,101,scaling,0.4,0.1,9,0.2,fpr_owa,1.8196497252944952,1.8790912486319795,1.6833170702005522,2.532719253838579,2.73638173920929,0.7
full_seed101_scaling_0p4_noise0p1_s9_a0p2_b0p7,101,scaling,0.4,0.1,9,0.2,crp,1.8196497252944952,1.8790912486319795,1.6833170702005522,2.532719253838579,2.73638173920929,0.7
full_seed101_scaling_0p4_noise0p1_s9_a0p3_b0p8,101,scaling,0.4,0.1,9,0.3,fpr_owa,1.7928744072380156,1.8710360964184445,1.6050082696659702,2.5768326689272687,2.772664899149363,0.8
full_seed101_scaling_0p4_noise0p1_s9_a0p3_b0p8,101,scaling,0.4,0.1,9,0.3,crp,1.7928744072380156,1.8710360964184445,1.6050082696659702,2.5768326689272687,2.772664899149363,0.8
full_seed101_scaling_0p4_noise0p25_s13_a0p2_b0p7,101,scaling,0.4,0.25,13,0.2,fpr_owa,1.283461969810333,1.3458317820576982,1.2549034497672151,1.882197880146202,2.227552553336185,0.7
full_seed101_scaling_0p4_noise0p25_s13_a0p2_b0p7,101,scaling,0.4,0.25,13,0.2,crp,1.283461969810333,1.3458317820576982,1.2549034497672151,1.882197880146202,2.227552553336185,0.7
full_seed101_scaling_0p4_noise0p25_s13_a0p3_b0p8,101,scaling,0.4,0.25,13,0.3,fpr_owa,1.4959255878146356,1.5936881372329958,1.439328103983863,2.2961775635457733,2.547165695818044,0.8
full_seed101_scaling_0p4_noise0p25_s13_a0p3_b0p8,101,scaling,0.4,0.25,13,0.3,crp,1.4959255878146356,1.5936881372329958,1.439328103983863,2.2961775635457733,2.547165695818044,0.8
full_seed101_scaling_0p4_noise0p25_s5_a0p2_b0p7,101,scaling,0.4,0.25,5,0.2,fpr_owa,1.77483317730726,1.8536066288504065,1.700461613388561,2.6055871973146525,2.8880589329517,0.7
full_seed101_scaling_0p4_noise0p25_s5_a0p2_b0p7,101,scaling,0.4,0.25,5,0.2,crp,1.77483317730726,1.8536066288504065,1.700461613388561,2.6055871973146525,2.8880589329517,0.7
full_seed101_scaling_0p4_noise0p25_s5_a0p3_b0p8,101,scaling,0.4,0.25,5,0.3,fpr_owa,1.7751562269955394,1.8556710904281144,1.6993251591870546,2.5853392106164974,2.7837858069438077,0.8
full_seed101_scaling_0p4_noise0p25_s5_a0p3_b0p8,101,scaling,0.4,0.25,5,0.3,crp,1.7751562269955394,1.8556710904281144,1.6993251591870546,2.5853392106164974,2.7837858069438077,0.8
full_seed101_scaling_0p4_noise0p25_s9_a0p2_b0p7,101,scaling,0.4,0.25,9,0.2,fpr_owa,1.7826057927443644,1.851917322834638,1.6812245650032405,2.580770866658476,2.8601710116993733,0.7
full_seed101_scaling_0p4_noise0p25_s9_a0p2_b0p7,101,scaling,0.4,0.25,9,0.2,crp,1.782746379327128,1.8522023559648944,1.6812245650032405,2.580770866658476,2.8601710116993733,0.7
full_seed101_scaling_0p4_noise0p25_s9_a0p3_b0p8,101,scaling,0.4,0.25,9,0.3,fpr_owa,1.7689533588195183,1.844794364614155,1.645251693358052,2.5760273962706286,2.934178981215432,0.8
full_seed101_scaling_0p4_noise0p25_s9_a0p3_b0p8,101,scaling,0.4,0.25,9,0.3,crp,1.7683889828568249,1.8441688660981348,1.645251693358052,2.569802539859784,2.934178981215432,0.8
full_seed101_scaling_0p4_noise0p5_s13_a0p2_b0p7,101,scaling,0.4,0.5,13,0.2,fpr_owa,1.3164189527101622,1.395415417151934,1.295847294688638,2.08366139934649,2.6161333871905774,0.7
full_seed101_scaling_0p4_noise0p5_s13_a0p2_b0p7,101,scaling,0.4,0.5,13,0.2,crp,1.3382557272346831,1.4230920735847374,1.3001445783747947,2.1381507141777045,2.632351747721263,0.7
full_seed101_scaling_0p4_noise0p5_s13_a0p3_b0p8,101,scaling,0.4,0.5,13,0.3,fpr_owa,1.3865845932750576,1.5014118098770268,1.320000086379092,2.4097203797494764,2.5900725238637348,0.8
full_seed101_scaling_0p4_noise0p5_s13_a0p3_b0p8,101,scaling,0.4,0.5,13,0.3,crp,1.4113537624512775,1.532858757719454,1.3102145862643124,2.4848131265273765,2.754734696822848,0.8
full_seed101_scaling_0p4_noise0p5_s5_a0p2_b0p7,101,scaling,0.4,0.5,5,0.2,fpr_owa,1.7551859925282365,1.8510995592466983,1.6911872435812798,2.713443810293032,3.0910630715276883,0.7
full_seed101_scaling_0p4_noise0p5_s5_a0p2_b0p7,101,scaling,0.4,0.5,5,0.2,crp,1.7568085108741016,1.8534735958931496,1.6911872435812798,2.747514810088997,3.0910630715276883,0.7
full_seed101_scaling_0p4_noise0p5_s5_a0p3_b0p8,101,scaling,0.4,0.5,5,0.3,fpr_owa,1.7479605401673703,1.8480626442015484,1.6648866260036614,2.7394831341497565,3.089570498033422,0.8
full_seed101_scaling_0p4_noise0p5_s5_a0p3_b0p8,101,scaling,0.4,0.5,5,0.3,crp,1.7488522964500126,1.849435543990651,1.6648866260036614,2.7447047839989582,3.089570498033422,0.8
full_seed101_scaling_0p4_noise0p5_s9_a0p2_b0p7,101,scaling,0.4,0.5,9,0.2,fpr_owa,1.75375051963793,1.83463304401482,1.6776586786740948,2.667062683511457,2.9604604208060348,0.7
full_seed101_scaling_0p4_noise0p5_s9_a0p2_b0p7,101,scaling,0.4,0.5,9,0.2,crp,1.7506272461313068,1.8310810293269413,1.6776586786740948,2.6667456668626794,2.9604604208060348,0.7
full_seed101_scaling_0p4_noise0p5_s9_a0p3_b0p8,101,scaling,0.4,0.5,9,0.3,fpr_owa,1.7355957831206186,1.819449658867768,1.6491762476698189,2.629755645020305,3.210590219621288,0.8
full_seed101_scaling_0p4_noise0p5_s9_a0p3_b0p8,101,scaling,0.4,0.5,9,0.3,crp,1.738808023109809,1.8228077205108104,1.6491762476698189,2.629755645020305,3.210590219621288,0.8
full_seed101_spike_0p0_noise0p1_s13_a0p2_b0p7,101,spike,0.0,0.1,13,0.2,fpr_owa,1.2005996835464343,1.2492934636752335,1.1936329513941824,1.6485568056889095,1.7438379620698026,0.7
full_seed101_spike_0p0_noise0p1_s13_a0p2_b0p7,101,spike,0.0,0.1,13,0.2,crp,1.2005996835464343,1.2492934636752335,1.1936329513941824,1.6485568056889095,1.7438379620698026,0.7
full_seed101_spike_0p0_noise0p1_s13_a0p3_b0p8,101,spike,0.0,0.1,13,0.3,fpr_owa,1.459851850307026,1.5405262522493737,1.4105131735776282,2.0889440810659385,2.241185361713773,0.8
full_seed101_spike_0p0_noise0p1_s13_a0p3_b0p8,101,spike,0.0,0.1,13,0.3,crp,1.459851850307026,1.5405262522493737,1.4105131735776282,2.0889440810659385,2.241185361713773,0.8
full_seed101_spike_0p0_noise0p1_s5_a0p2_b0p7,101,spike,0.0,0.1,5,0.2,fpr_owa,1.767117669704048,1.8354108405671965,1.6600840900874871,2.4665471628706577,2.623309323256321,0.7
full_seed101_spike_0p0_noise0p1_s5_a0p2_b0p7,101,spike,0.0,0.1,5,0.2,crp,1.767117669704048,1.8354108405671965,1.6600840900874871,2.4665471628706577,2.623309323256321,0.7
full_seed101_spike_0p0_noise0p1_s5_a0p3_b0p8,101,spike,0.0,0.1,5,0.3,fpr_owa,1.7626268134227294,1.838567579606963,1.6659867656620362,2.496622538502625,2.5856445900776754,0.8
full_seed101_spike_0p0_noise0p1_s5_a0p3_b0p8,101,spike,0.0,0.1,5,0.3,crp,1.7626268134227294,1.838567579606963,1.6659867656620362,2.496622538502625,2.5856445900776754,0.8
full_seed101_spike_0p0_noise0p1_s9_a0p2_b0p7,101,spike,0.0,0.1,9,0.2,fpr_owa,1.7649217452909671,1.8188107961041775,1.6358181714411566,2.402411083444426,2.5208303773184952,0.7
full_seed101_spike_0p0_noise0p1_s9_a0p2_b0p7,101,spike,0.0,0.1,9,0.2,crp,1.7649217452909671,1.8188107961041775,1.6358181714411566,2.402411083444426,2.5208303773184952,0.7
full_seed101_spike_0p0_noise0p1_s9_a0p3_b0p8,101,spike,0.0,0.1,9,0.3,fpr_owa,1.748512793146674,1.822359247104944,1.6160641797705488,2.483087558392486,2.621842066792208,0.8
full_seed101_spike_0p0_noise0p1_s9_a0p3_b0p8,101,spike,0.0,0.1,9,0.3,crp,1.748512793146674,1.822359247104944,1.6160641797705488,2.483087558392486,2.621842066792208,0.8
full_seed101_spike_0p0_noise0p25_s13_a0p2_b0p7,101,spike,0.0,0.25,13,0.2,fpr_owa,1.236562460285135,1.2956308708465365,1.2044535377120542,1.82105823882284,1.93807001433504,0.7
full_seed101_spike_0p0_noise0p25_s13_a0p2_b0p7,101,spike,0.0,0.25,13,0.2,crp,1.236562460285135,1.2956308708465365,1.2044535377120542,1.82105823882284,1.93807001433504,0.7
full_seed101_spike_0p0_noise0p25_s13_a0p3_b0p8,101,spike,0.0,0.25,13,0.3,fpr_owa,1.4423166327854453,1.5394491390162115,1.4096630712143363,2.215127343217554,2.402718544702593,0.8
full_seed101_spike_0p0_noise0p25_s13_a0p3_b0p8,101,spike,0.0,0.25,13,0.3,crp,1.4423166327854453,1.5394491390162115,1.4096630712143363,2.215127343217554,2.402718544702593,0.8
full_seed101_spike_0p0_noise0p25_s5_a0p2_b0p7,101,spike,0.0,0.25,5,0.2,fpr_owa,1.7336143413815548,1.8099001257236491,1.6922920438569655,2.55417172044426,2.7327033676123493,0.7
full_seed101_spike_0p0_noise0p25_s5_a0p2_b0p7,101,spike,0.0,0.25,5,0.2,crp,1.7336143413815548,1.8099001257236491,1.6922920438569655,2.55417172044426,2.7327033676123493,0.7
full_seed101_spike_0p0_noise0p25_s5_a0p3_b0p8,101,spike,0.0,0.25,5,0.3,fpr_owa,1.7299506229173902,1.809798933912468,1.6661550456250218,2.56977910378971,2.767724316695624,0.8
full_seed101_spike_0p0_noise0p25_s5_a0p3_b0p8,101,spike,0.0,0.25,5,0.3,crp,1.7299506229173902,1.809798933912468,1.6661550456250218,2.56977910378971,2.767724316695624,0.8
full_seed101_spike_0p0_noise0p25_s9_a0p2_b0p7,101,spike,0.0,0.25,9,0.2,fpr_owa,1.7298027951227697,1.795488778870893,1.6024240184477152,2.4398284480022494,2.632631395399988,0.7
full_seed101_spike_0p0_noise0p25_s9_a0p2_b0p7,101,spike,0.0,0.25,9,0.2,crp,1.7298027951227697,1.795488778870893,1.6024240184477152,2.4398284480022494,2.632631395399988,0.7
full_seed101_spike_0p0_noise0p25_s9_a0p3_b0p8,101,spike,0.0,0.25,9,0.3,fpr_owa,1.7256608562942817,1.7990798317672998,1.6358554405371024,2.4886343819454897,2.781453042917504,0.8
full_seed101_spike_0p0_noise0p25_s9_a0p3_b0p8,101,spike,0.0,0.25,9,0.3,crp,1.7256608562942817,1.7990798317672998,1.6358554405371024,2.4886343819454897,2.781453042917504,0.8
full_seed101_spike_0p0_noise0p5_s13_a0p2_b0p7,101,spike,0.0,0.5,13,0.2,fpr_owa,1.2839222170748892,1.3602123416225274,1.240801419563994,2.046768449975125,2.3782249001293287,0.7
full_seed101_spike_0p0_noise0p5_s13_a0p2_b0p7,101,spike,0.0,0.5,13,0.2,crp,1.2997189676694498,1.3803135158877573,1.240801419563994,2.053681390863597,2.434949713201487,0.7
full_seed101_spike_0p0_noise0p5_s13_a0p3_b0p8,101,spike,0.0,0.5,13,0.3,fpr_owa,1.3542700790443412,1.4646362664908377,1.2917001243824369,2.3401931281901307,2.585645126688344,0.8
full_seed101_spike_0p0_noise0p5_s13_a0p3_b0p8,101,spike,0.0,0.5,13,0.3,crp,1.3795600058190316,1.4935824973058032,1.297581587519955,2.364057041305829,2.6816652677859327,0.8
full_seed101_spike_0p0_noise0p5_s5_a0p2_b0p7,101,spike,0.0,0.5,5,0.2,fpr_owa,1.709271226509631,1.8044491280747168,1.6461929187271442,2.6895015239178703,3.020868080479137,0.7
full_seed101_spike_0p0_noise0p5_s5_a0p2_b0p7,101,spike,0.0,0.5,5,0.2,crp,1.7108937448554966,1.806884459017612,1.6461929187271442,2.6986287482273794,3.020868080479137,0.7
full_seed101_spike_0p0_noise0p5_s5_a0p3_b0p8,101,spike,0.0,0.5,5,0.3,fpr_owa,1.703342370087818,1.80311874125599,1.6345246869770231,2.725174442138963,3.089570498033422,0.8
full_seed101_spike_0p0_noise0p5_s5_a0p3_b0p8,101,spike,0.0,0.5,5,0.3,crp,1.70423412637046,1.8045258351022189,1.6345246869770231,2.725174442138963,3.089570498033422,0.8
full_seed101_spike_0p0_noise0p5_s9_a0p2_b0p7,101,spike,0.0,0.5,9,0.2,fpr_owa,1.70044414129838,1.7783768765686925,1.641228448021633,2.5752813313069827,2.867533613785253,0.7
full_seed101_spike_0p0_noise0p5_s9_a0p2_b0p7,101,spike,0.0,0.5,9,0.2,crp,1.6992102758586314,1.777116659734978,1.641228448021633,2.5752813313069827,2.867533613785253,0.7
full_seed101_spike_0p0_noise0p5_s9_a0p3_b0p8,101,spike,0.0,0.5,9,0.3,fpr_owa,1.6909088150660572,1.7716248152131142,1.5885115885765302,2.610265449817572,3.033435246204024,0.8
full_seed101_spike_0p0_noise0p5_s9_a0p3_b0p8,101,spike,0.0,0.5,9,0.3,crp,1.692712423537461,1.7730546854818758,1.605303248533299,2.610265449817572,3.033435246204024,0.8
full_seed101_spike_0p1_noise0p1_s13_a0p2_b0p7,101,spike,0.1,0.1,13,0.2,fpr_owa,1.0904313832876584,1.1358958304480733,1.1033996418899523,1.5976442639919717,1.7056900502596406,0.7
full_seed101_spike_0p1_noise0p1_s13_a0p2_b0p7,101,spike,0.1,0.1,13,0.2,crp,1.1514649181040373,1.2023880776561815,1.168891645405334,1.5976442639919717,1.7056900502596406,0.7
full_seed101_spike_0p1_noise0p1_s13_a0p3_b0p8,101,spike,0.1,0.1,13,0.3,fpr_owa,1.3612052596928612,1.435495821454923,1.348074613276969,2.033270501072068,2.142828786129591,0.8
full_seed101_spike_0p1_noise0p1_s13_a0p3_b0p8,101,spike,0.1,0.1,13,0.3,crp,1.4207942651629748,1.5019086486977995,1.391686677221362,2.066209612369095,2.142828786129591,0.8
full_seed101_spike_0p1_noise0p1_s5_a0p2_b0p7,101,spike,0.1,0.1,5,0.2,fpr_owa,1.767117669704048,1.8354108405671965,1.6600840900874871,2.4665471628706577,2.623309323256321,0.7
full_seed101_spike_0p1_noise0p1_s5_a0p2_b0p7,101,spike,0.1,0.1,5,0.2,crp,1.767117669704048,1.8354108405671965,1.6600840900874871,2.4665471628706577,2.623309323256321,0.7
full_seed101_spike_0p1_noise0p1_s5_a0p3_b0p8,101,spike,0.1,0.1,5,0.3,fpr_owa,1.7626268134227294,1.838567579606963,1.6659867656620362,2.496622538502625,2.5856445900776754,0.8
full_seed101_spike_0p1_noise0p1_s5_a0p3_b0p8,101,spike,0.1,0.1,5,0.3,crp,1.7626268134227294,1.838567579606963,1.6659867656620362,2.496622538502625,2.5856445900776754,0.8
full_seed101_spike_0p1_noise0p1_s9_a0p2_b0p7,101,spike,0.1,0.1,9,0.2,fpr_owa,1.7297527411382552,1.777432170774243,1.6469106919237164,2.3911356120579392,2.784630260443404,0.7
full_seed101_spike_0p1_noise0p1_s9_a0p2_b0p7,101,spike,0.1,0.1,9,0.2,crp,1.7671609912851352,1.8206345883891173,1.6409784210119405,2.4188246931160458,2.535474464393757,0.7
full_seed101_spike_0p1_noise0p1_s9_a0p3_b0p8,101,spike,0.1,0.1,9,0.3,fpr_owa,1.7460359098907736,1.8130930137877357,1.6141639016491158,2.4780983731805595,2.539427961443164,0.8
full_seed101_spike_0p1_noise0p1_s9_a0p3_b0p8,101,spike,0.1,0.1,9,0.3,crp,1.744674171843605,1.8191148249634328,1.606401315352528,2.483087558392486,2.596595539416615,0.8
full_seed101_spike_0p1_noise0p25_s13_a0p2_b0p7,101,spike,0.1,0.25,13,0.2,fpr_owa,1.1393628426000275,1.1904312354401256,1.1262025979673025,1.75234456813075,1.93807001433504,0.7
full_seed101_spike_0p1_noise0p25_s13_a0p2_b0p7,101,spike,0.1,0.25,13,0.2,crp,1.19288165470994,1.252633902854781,1.1807419393093617,1.7626396658218246,1.93807001433504,0.7
full_seed101_spike_0p1_noise0p25_s13_a0p3_b0p8,101,spike,0.1,0.25,13,0.3,fpr_owa,1.350805882131734,1.4393777784650668,1.2998548677199278,2.148530051422654,2.348715633380049,0.8
full_seed101_spike_0p1_noise0p25_s13_a0p3_b0p8,101,spike,0.1,0.25,13,0.3,crp,1.3944621149761645,1.492092074536167,1.351090046016153,2.17387322081977,2.348715633380049,0.8
full_seed101_spike_0p1_noise0p25_s5_a0p2_b0p7,101,spike,0.1,0.25,5,0.2,fpr_owa,1.7336143413815548,1.8099001257236491,1.6922920438569655,2.55417172044426,2.7327033676123493,0.7
full_seed101_spike_0p1_noise0p25_s5_a0p2_b0p7,101,spike,0.1,0.25,5,0.2,crp,1.7336143413815548,1.8099001257236491,1.6922920438569655,2.55417172044426,2.7327033676123493,0.7
full_seed101_spike_0p1_noise0p25_s5_a0p3_b0p8,101,spike,0.1,0.25,5,0.3,fpr_owa,1.7299506229173902,1.809798933912468,1.6661550456250218,2.56977910378971,2.767724316695624,0.8
full_seed101_spike_0p1_noise0p25_s5_a0p3_b0p8,101,spike,0.1,0.25,5,0.3,crp,1.7299506229173902,1.809798933912468,1.6661550456250218,2.56977910378971,2.767724316695624,0.8
full_seed101_spike_0p1_noise0p25_s9_a0p2_b0p7,101,spike,0.1,0.25,9,0.2,fpr_owa,1.7025869404538163,1.7629895577487484,1.6001737438600916,2.424243303455671,2.5823984057279774,0.7
full_seed101_spike_0p1_noise0p25_s9_a0p2_b0p7,101,spike,0.1,0.25,9,0.2,crp,1.736816537924391,1.801608121216845,1.6547990319793695,2.4331647154971736,2.6245915270813787,0.7
full_seed101_spike_0p1_noise0p25_s9_a0p3_b0p8,101,spike,0.1,0.25,9,0.3,fpr_owa,1.721101525250181,1.793210039287365,1.611748537758249,2.453655764154209,2.671886585904733,0.8
full_seed101_spike_0p1_noise0p25_s9_a0p3_b0p8,101,spike,0.1,0.25,9,0.3,crp,1.722475792241848,1.797260611126787,1.6166704391196736,2.492536950918529,2.717469723365046,0.8
full_seed101_spike_0p1_noise0p5_s13_a0p2_b0p7,101,spike,0.1,0.5,13,0.2,fpr_owa,1.199639284735181,1.2704971608922797,1.162675927993678,1.910138023729838,2.221630566581403,0.7
full_seed101_spike_0p1_noise0p5_s13_a0p2_b0p7,101,spike,0.1,0.5,13,0.2,crp,1.266154891077781,1.3502828263559858,1.2356830497963016,2.015274085532845,2.4129216428441707,0.7
full_seed101_spike_0p1_noise0p5_s13_a0p3_b0p8,101,spike,0.1,0.5,13,0.3,fpr_owa,1.2990089882148288,1.3984130084914,1.257067541520629,2.1832560456368992,2.4987166291150835,0.8
full_seed101_spike_0p1_noise0p5_s13_a0p3_b0p8,101,spike,0.1,0.5,13,0.3,crp,1.3346884559355825,1.452743324461796,1.2521018347333248,2.331178761822599,2.638924195582395,0.8
full_seed101_spike_0p1_noise0p5_s5_a0p2_b0p7,101,spike,0.1,0.5,5,0.2,fpr_owa,1.709271226509631,1.8044491280747168,1.6461929187271442,2.6895015239178703,3.020868080479137,0.7
full_seed101_spike_0p1_noise0p5_s5_a0p2_b0p7,101,spike,0.1,0.5,5,0.2,crp,1.7108937448554966,1.806884459017612,1.6461929187271442,2.6986287482273794,3.020868080479137,0.7
full_seed101_spike_0p1_noise0p5_s5_a0p3_b0p8,101,spike,0.1,0.5,5,0.3,fpr_owa,1.703342370087818,1.80311874125599,1.6345246869770231,2.725174442138963,3.089570498033422,0.8
full_seed101_spike_0p1_noise0p5_s5_a0p3_b0p8,101,spike,0.1,0.5,5,0.3,crp,1.70423412637046,1.8045258351022189,1.6345246869770231,2.725174442138963,3.089570498033422,0.8
full_seed101_spike_0p1_noise0p5_s9_a0p2_b0p7,101,spike,0.1,0.5,9,0.2,fpr_owa,1.687171351896683,1.7596474843613823,1.6322552771562626,2.4746275132021185,2.814914089196752,0.7
full_seed101_spike_0p1_noise0p5_s9_a0p2_b0p7,101,spike,0.1,0.5,9,0.2,crp,1.7086401743238775,1.7882487231650284,1.6412810162541267,2.574389379839271,2.781105224538187,0.7
full_seed101_spike_0p1_noise0p5_s9_a0p3_b0p8,101,spike,0.1,0.5,9,0.3,fpr_owa,1.6988109206161668,1.7791238553590552,1.6239146815774164,2.6097539289207687,2.899386382569466,0.8
full_seed101_spike_0p1_noise0p5_s9_a0p3_b0p8,101,spike,0.1,0.5,9,0.3,crp,1.6960828924456617,1.7814670775417123,1.6305053486517656,2.60961065294325,2.9735718573811485,0.8
full_seed101_spike_0p2_noise0p1_s13_a0p2_b0p7,101,spike,0.2,0.1,13,0.2,fpr_owa,0.9686723259359956,1.078774390766109,1.0217913062282509,1.603376899036027,1.7056900502596406,0.7
full_seed101_spike_0p2_noise0p1_s13_a0p2_b0p7,101,spike,0.2,0.1,13,0.2,crp,0.9513951642765603,1.040321145194478,0.9486266832963984,1.5978673426214305,1.7056900502596406,0.7
full_seed101_spike_0p2_noise0p1_s13_a0p3_b0p8,101,spike,0.2,0.1,13,0.3,fpr_owa,1.1988032691088055,1.2924648767630422,1.14456561512957,2.033270501072068,2.142828786129591,0.8
full_seed101_spike_0p2_noise0p1_s13_a0p3_b0p8,101,spike,0.2,0.1,13,0.3,crp,1.0204504791362317,1.2033443342346348,1.0243585661137842,2.0317301855912464,2.142828786129591,0.8
full_seed101_spike_0p2_noise0p1_s5_a0p2_b0p7,101,spike,0.2,0.1,5,0.2,fpr_owa,1.756449512989061,1.8204809564144704,1.6601332138492293,2.4664855448407006,2.623309323256321,0.7
full_seed101_spike_0p2_noise0p1_s5_a0p2_b0p7,101,spike,0.2,0.1,5,0.2,crp,1.758565290759968,1.832846928827576,1.6641897770674212,2.4888820187228293,2.684404463869879,0.7
full_seed101_spike_0p2_noise0p1_s5_a0p3_b0p8,101,spike,0.2,0.1,5,0.3,fpr_owa,1.7539696578258652,1.822992109066496,1.646020178650197,2.496622538502625,2.5856445900776754,0.8
full_seed101_spike_0p2_noise0p1_s5_a0p3_b0p8,101,spike,0.2,0.1,5,0.3,crp,1.7583005989226963,1.83802726420522,1.6788838321609698,2.533564838037124,2.7177483177364645,0.8
full_seed101_spike_0p2_noise0p1_s9_a0p2_b0p7,101,spike,0.2,0.1,9,0.2,fpr_owa,1.575004098239091,1.6406700801628382,1.4821580262658434,2.3802103808800967,2.504841460449386,0.7
full_seed101_spike_0p2_noise0p1_s9_a0p2_b0p7,101,spike,0.2,0.1,9,0.2,crp,1.762156509076089,1.8149260589936087,1.677123382830099,2.4205523190517995,2.558039053391467,0.7
full_seed101_spike_0p2_noise0p1_s9_a0p3_b0p8,101,spike,0.2,0.1,9,0.3,fpr_owa,1.698556402492857,1.7597413484482674,1.6160641797705488,2.4709163614723675,2.539427961443164,0.8
full_seed101_spike_0p2_noise0p1_s9_a0p3_b0p8,101,spike,0.2,0.1,9,0.3,crp,1.7439924445096766,1.8176741012260813,1.6349138958350522,2.483087558392486,2.705140084821005,0.8
full_seed101_spike_0p2_noise0p25_s13_a0p2_b0p7,101,spike,0.2,0.25,13,0.2,fpr_owa,0.984471482973881,1.0973872125311923,1.0158812135480202,1.7598254080356173,1.93807001433504,0.7
full_seed101_spike_0p2_noise0p25_s13_a0p2_b0p7,101,spike,0.2,0.25,13,0.2,crp,1.039911242799456,1.135072780886313,1.006189577028219,1.7980889089475385,2.0990166033209223,0.7
full_seed101_spike_0p2_noise0p25_s13_a0p3_b0p8,101,spike,0.2,0.25,13,0.3,fpr_owa,1.1808432496057155,1.2820264771592145,1.0935207085800058,2.148530051422654,2.348715633380049,0.8
full_seed101_spike_0p2_noise0p25_s13_a0p3_b0p8,101,spike,0.2,0.25,13,0.3,crp,1.1284773564572983,1.2755023611991747,1.0679100923972076,2.1518440097787,2.348715633380049,0.8
full_seed101_spike_0p2_noise0p25_s5_a0p2_b0p7,101,spike,0.2,0.25,5,0.2,fpr_owa,1.740732122315512,1.8127467362749727,1.6812231088016245,2.5075184816883813,2.788694263508119,0.7
full_seed101_spike_0p2_noise0p25_s5_a0p2_b0p7,101,spike,0.2,0.25,5,0.2,crp,1.726259734874463,1.804210573718288,1.6744679092833217,2.551753425753839,2.888152417479988,0.7
full_seed101_spike_0p2_noise0p25_s5_a0p3_b0p8,101,spike,0.2,0.25,5,0.3,fpr_owa,1.734795640530509,1.807504435272912,1.6325889233925834,2.536124814026792,2.767724316695624,0.8
full_seed101_spike_0p2_noise0p25_s5_a0p3_b0p8,101,spike,0.2,0.25,5,0.3,crp,1.726144953864493,1.8081028266305867,1.6541284753477266,2.578377598882516,2.892727309086109,0.8
full_seed101_spike_0p2_noise0p25_s9_a0p2_b0p7,101,spike,0.2,0.25,9,0.2,fpr_owa,1.5677244317430563,1.6408627139181555,1.497138886836325,2.3929087451608235,2.5823984057279774,0.7
full_seed101_spike_0p2_noise0p25_s9_a0p2_b0p7,101,spike,0.2,0.25,9,0.2,crp,1.7316082152293224,1.799252756397891,1.6745238929178203,2.4702654272735542,2.717655324112606,0.7
full_seed101_spike_0p2_noise0p25_s9_a0p3_b0p8,101,spike,0.2,0.25,9,0.3,fpr_owa,1.6805849678653983,1.7484072281542682,1.6085728558567252,2.430814890563829,2.671886585904733,0.8
full_seed101_spike_0p2_noise0p25_s9_a0p3_b0p8,101,spike,0.2,0.25,9,0.3,crp,1.720003177656136,1.7967852858733593,1.6411332435115256,2.4948899189213587,2.890508941593953,0.8
full_seed101_spike_0p2_noise0p5_s13_a0p2_b0p7,101,spike,0.2,0.5,13,0.2,fpr_owa,0.9982384203472447,1.128924061469562,0.980916467512465,1.87141860664764,2.221630566581403,0.7
full_seed101_spike_0p2_noise0p5_s13_a0p2_b0p7,101,spike,0.2,0.5,13,0.2,crp,1.146403716857272,1.245488439108957,1.1268590655409665,1.9527436441612205,2.3158592540409093,0.7
full_seed101_spike_0p2_noise0p5_s13_a0p3_b0p8,101,spike,0.2,0.5,13,0.3,fpr_owa,1.136359595716482,1.241388992449247,1.052994917343086,2.102321392168533,2.4987166291150835,0.8
full_seed101_spike_0p2_noise0p5_s13_a0p3_b0p8,101,spike,0.2,0.5,13,0.3,crp,1.205896436864055,1.3381210122352971,1.1155247881703485,2.3129345676842776,2.638924195582395,0.8
full_seed101_spike_0p2_noise0p5_s5_a0p2_b0p7,101,spike,0.2,0.5,5,0.2,fpr_owa,1.7292842287816188,1.8217050434959443,1.6387613942309145,2.6893682887909023,3.0903206362158557,0.7
full_seed101_spike_0p2_noise0p5_s5_a0p2_b0p7,101,spike,0.2,0.5,5,0.2,crp,1.6911399779970864,1.7924908478636483,1.6430580106319268,2.7081718282132714,3.3627821819898114,0.7
full_seed101_spike_0p2_noise0p5_s5_a0p3_b0p8,101,spike,0.2,0.5,5,0.3,fpr_owa,1.7229147502152826,1.81588424446382,1.6527766172798972,2.70287780136473,3.089570498033422,0.8
full_seed101_spike_0p2_noise0p5_s5_a0p3_b0p8,101,spike,0.2,0.5,5,0.3,crp,1.6975603102687782,1.8052832646445347,1.6436631392395336,2.791265043512139,3.3719804324369616,0.8
full_seed101_spike_0p2_noise0p5_s9_a0p2_b0p7,101,spike,0.2,0.5,9,0.2,fpr_owa,1.550601575504324,1.639758909506286,1.503166122161443,2.4298110308568046,2.7704657387066534,0.7
full_seed101_spike_0p2_noise0p5_s9_a0p2_b0p7,101,spike,0.2,0.5,9,0.2,crp,1.696177462912235,1.780793989051782,1.6467786026710896,2.5412056495291693,2.98368244198117,0.7
full_seed101_spike_0p2_noise0p5_s9_a0p3_b0p8,101,spike,0.2,0.5,9,0.3,fpr_owa,1.6591978546966002,1.7362562272883757,1.571148724148809,2.5072943102466114,2.899386382569466,0.8
full_seed101_spike_0p2_noise0p5_s9_a0p3_b0p8,101,spike,0.2,0.5,9,0.3,crp,1.6914699027414004,1.7796137906542382,1.6191030876108847,2.626403740120522,3.1855855487563343,0.8
full_seed101_spike_0p3_noise0p1_s13_a0p2_b0p7,101,spike,0.3,0.1,13,0.2,fpr_owa,0.908758630500208,1.0712544536079294,0.9580203683829012,1.7152212282113093,2.2707500701368453,0.7
full_seed101_spike_0p3_noise0p1_s13_a0p2_b0p7,101,spike,0.3,0.1,13,0.2,crp,0.9810353000560644,1.0491498588650607,0.9773306226036385,1.5944812369907106,1.7056900502596406,0.7
full_seed101_spike_0p3_noise0p1_s13_a0p3_b0p8,101,spike,0.3,0.1,13,0.3,fpr_owa,1.1715582187585971,1.2798493661606511,1.1591038576853443,2.033270501072068,2.142828786129591,0.8
full_seed101_spike_0p3_noise0p1_s13_a0p3_b0p8,101,spike,0.3,0.1,13,0.3,crp,0.9872000802483748,1.1722428538952934,0.8911459995950823,2.0317301855912464,2.142828786129591,0.8
full_seed101_spike_0p3_noise0p1_s5_a0p2_b0p7,101,spike,0.3,0.1,5,0.2,fpr_owa,2.0459419884601413,2.4071527746269226,1.6078917213798545,5.135516262910099,5.626207328122884,0.7
full_seed101_spike_0p3_noise0p1_s5_a0p2_b0p7,101,spike,0.3,0.1,5,0.2,crp,1.7472027823709086,1.8167102400176744,1.6592904324869235,2.4777751377541906,2.605168287783102,0.7
full_seed101_spike_0p3_noise0p1_s5_a0p3_b0p8,101,spike,0.3,0.1,5,0.3,fpr_owa,1.6181612637435088,1.896994180213152,1.4794644924972502,3.5865057655641706,4.070792767508662,0.8
full_seed101_spike_0p3_noise0p1_s5_a0p3_b0p8,101,spike,0.3,0.1,5,0.3,crp,1.7411190649157626,1.8213965681557456,1.706967769488759,2.5183437992098163,2.693359489445925,0.8
full_seed101_spike_0p3_noise0p1_s9_a0p2_b0p7,101,spike,0.3,0.1,9,0.2,fpr_owa,1.6402008821140446,1.9118173504167264,1.4732970389822817,3.6446949557966457,3.9307801138464495,0.7
full_seed101_spike_0p3_noise0p1_s9_a0p2_b0p7,101,spike,0.3,0.1,9,0.2,crp,1.7653905860389434,1.8196368758444372,1.6746492796612016,2.402411083444426,2.689512494084137,0.7
full_seed101_spike_0p3_noise0p1_s9_a0p3_b0p8,101,spike,0.3,0.1,9,0.3,fpr_owa,1.5452233618090443,1.64595162598624,1.4223519943131784,2.4780983731805595,2.539427961443164,0.8
full_seed101_spike_0p3_noise0p1_s9_a0p3_b0p8,101,spike,0.3,0.1,9,0.3,crp,1.7325833931615418,1.8054984389361863,1.606401315352528,2.486817504312558,2.6722392718954056,0.8
full_seed101_spike_0p3_noise0p25_s13_a0p2_b0p7,101,spike,0.3,0.25,13,0.2,fpr_owa,0.9284761288855344,1.0946526087715427,0.9125193673306508,1.8530652670268304,2.303884075538191,0.7
full_seed101_spike_0p3_noise0p25_s13_a0p2_b0p7,101,spike,0.3,0.25,13,0.2,crp,0.9716192322519844,1.06252658623699,0.9425392450212504,1.7407436347150458,1.93807001433504,0.7
full_seed101_spike_0p3_noise0p25_s13_a0p3_b0p8,101,spike,0.3,0.25,13,0.3,fpr_owa,1.1337537056167593,1.2556500746246937,1.035609139710229,2.148530051422654,2.348715633380049,0.8
full_seed101_spike_0p3_noise0p25_s13_a0p3_b0p8,101,spike,0.3,0.25,13,0.3,crp,0.9805759824103342,1.1735813513483877,0.9185073923086902,2.148530051422654,2.348715633380049,0.8
full_seed101_spike_0p3_noise0p25_s5_a0p2_b0p7,101,spike,0.3,0.25,5,0.2,fpr_owa,2.021872989469783,2.3904440014619457,1.6536469703547672,5.121546095075531,5.693539085285035,0.7
full_seed101_spike_0p3_noise0p25_s5_a0p2_b0p7,101,spike,0.3,0.25,5,0.2,crp,1.7255183577783018,1.8016154464050973,1.6744679092833217,2.563078990229276,2.753681130742159,0.7
full_seed101_spike_0p3_noise0p25_s5_a0p3_b0p8,101,spike,0.3,0.25,5,0.3,fpr_owa,1.5972141553652213,1.880408120243552,1.4562351070157438,3.57719533071889,4.156559521571116,0.8
full_seed101_spike_0p3_noise0p25_s5_a0p3_b0p8,101,spike,0.3,0.25,5,0.3,crp,1.718999447902065,1.8045018846430312,1.6545631626513688,2.578377598882516,2.92399136919038,0.8
full_seed101_spike_0p3_noise0p25_s9_a0p2_b0p7,101,spike,0.3,0.25,9,0.2,fpr_owa,1.5885343402690189,1.8683830229838445,1.470904606170249,3.61385284750245,4.036525414909954,0.7
full_seed101_spike_0p3_noise0p25_s9_a0p2_b0p7,101,spike,0.3,0.25,9,0.2,crp,1.7328077169503464,1.8012528970374626,1.666779784281522,2.5129252924939545,2.860812493993147,0.7
full_seed101_spike_0p3_noise0p25_s9_a0p3_b0p8,101,spike,0.3,0.25,9,0.3,fpr_owa,1.5313625864031193,1.6327335988929232,1.4895592896427572,2.4429859561373783,2.671886585904733,0.8
full_seed101_spike_0p3_noise0p25_s9_a0p3_b0p8,101,spike,0.3,0.25,9,0.3,crp,1.7039261085861452,1.780171695496754,1.6131542273890551,2.495877402698063,2.78689095783464,0.8
full_seed101_spike_0p3_noise0p5_s13_a0p2_b0p7,101,spike,0.3,0.5,13,0.2,fpr_owa,1.005988138693593,1.153894062959404,0.9641144569050633,2.0469385824003457,2.5819927736053674,0.7
full_seed101_spike_0p3_noise0p5_s13_a0p2_b0p7,101,spike,0.3,0.5,13,0.2,crp,1.0609655848243738,1.1753975407573003,1.0294662004766575,1.9180594226869228,2.335869912007473,0.7
full_seed101_spike_0p3_noise0p5_s13_a0p3_b0p8,101,spike,0.3,0.5,13,0.3,fpr_owa,1.0490106071330876,1.18087304758572,0.931829131677357,2.102321392168533,2.4987166291150835,0.8
full_seed101_spike_0p3_noise0p5_s13_a0p3_b0p8,101,spike,0.3,0.5,13,0.3,crp,1.0891107379239553,1.2441408226129418,0.9907127531164368,2.1669007249504166,2.638924195582395,0.8
full_seed101_spike_0p3_noise0p5_s5_a0p2_b0p7,101,spike,0.3,0.5,5,0.2,fpr_owa,2.0467451097848413,2.44836115009798,1.6747341705826233,5.022446117279388,5.951720005016817,0.7
full_seed101_spike_0p3_noise0p5_s5_a0p2_b0p7,101,spike,0.3,0.5,5,0.2,crp,1.7135994471047185,1.842363331510919,1.6269342238726003,2.70814181354495,5.653354240953022,0.7
full_seed101_spike_0p3_noise0p5_s5_a0p3_b0p8,101,spike,0.3,0.5,5,0.3,fpr_owa,1.644837364906066,1.932562854545384,1.5261868228243165,3.5650925124755184,4.299504111675206,0.8
full_seed101_spike_0p3_noise0p5_s5_a0p3_b0p8,101,spike,0.3,0.5,5,0.3,crp,1.6669895013700995,1.7982483542047298,1.6436631392395336,2.72635353528625,4.299504111675206,0.8
full_seed101_spike_0p3_noise0p5_s9_a0p2_b0p7,101,spike,0.3,0.5,9,0.2,fpr_owa,1.4972867176329316,1.7945591559646732,1.413419234751353,3.615478771739668,4.286109667671558,0.7
full_seed101_spike_0p3_noise0p5_s9_a0p2_b0p7,101,spike,0.3,0.5,9,0.2,crp,1.7050522775932495,1.790011298236183,1.6436122307554957,2.624234004158238,3.131662256917408,0.7
full_seed101_spike_0p3_noise0p5_s9_a0p3_b0p8,101,spike,0.3,0.5,9,0.3,fpr_owa,1.4891988084509369,1.6093997247660683,1.4861773459107068,2.579743932084135,2.899386382569466,0.8
full_seed101_spike_0p3_noise0p5_s9_a0p3_b0p8,101,spike,0.3,0.5,9,0.3,crp,1.6910558576471424,1.7778729598396277,1.6276333282668451,2.629269976302055,3.000293163549,0.8
full_seed101_spike_0p4_noise0p1_s13_a0p2_b0p7,101,spike,0.4,0.1,13,0.2,fpr_owa,1.1731733608928594,1.286531158727583,1.1380980123200022,1.7627266553267704,3.6592664361812335,0.7
full_seed101_spike_0p4_noise0p1_s13_a0p2_b0p7,101,spike,0.4,0.1,13,0.2,crp,0.8889722406590831,0.989773363560739,0.8689479524344508,1.5944812369907106,1.7056900502596406,0.7
full_seed101_spike_0p4_noise0p1_s13_a0p3_b0p8,101,spike,0.4,0.1,13,0.3,fpr_owa,1.008080980427103,1.2083419007608844,1.0445932384727905,2.033270501072068,2.142828786129591,0.8
full_seed101_spike_0p4_noise0p1_s13_a0p3_b0p8,101,spike,0.4,0.1,13,0.3,crp,0.906407508419372,1.1513717823397995,0.8911459995950823,2.0317301855912464,2.142828786129591,0.8
full_seed101_spike_0p4_noise0p1_s5_a0p2_b0p7,101,spike,0.4,0.1,5,0.2,fpr_owa,2.0459419884601413,2.4071527746269226,1.6078917213798545,5.135516262910099,5.626207328122884,0.7
full_seed101_spike_0p4_noise0p1_s5_a0p2_b0p7,101,spike,0.4,0.1,5,0.2,crp,1.7472027823709086,1.8167102400176744,1.6592904324869235,2.4777751377541906,2.605168287783102,0.7
full_seed101_spike_0p4_noise0p1_s5_a0p3_b0p8,101,spike,0.4,0.1,5,0.3,fpr_owa,1.6181612637435088,1.896994180213152,1.4794644924972502,3.5865057655641706,4.070792767508662,0.8
full_seed101_spike_0p4_noise0p1_s5_a0p3_b0p8,101,spike,0.4,0.1,5,0.3,crp,1.7411190649157626,1.8213965681557456,1.706967769488759,2.5183437992098163,2.693359489445925,0.8
full_seed101_spike_0p4_noise0p1_s9_a0p2_b0p7,101,spike,0.4,0.1,9,0.2,fpr_owa,2.09589847518854,2.383290215995596,1.781420467234596,5.093764839986918,5.713800867326333,0.7
full_seed101_spike_0p4_noise0p1_s9_a0p2_b0p7,101,spike,0.4,0.1,9,0.2,crp,1.7715668482949145,1.8271594993899656,1.6911574189729413,2.4565754663298187,2.705279953211774,0.7
full_seed101_spike_0p4_noise0p1_s9_a0p3_b0p8,101,spike,0.4,0.1,9,0.3,fpr_owa,1.6837510741887791,1.9439707060016675,1.4003044812509025,3.823144383200474,4.2081345267659,0.8
full_seed101_spike_0p4_noise0p1_s9_a0p3_b0p8,101,spike,0.4,0.1,9,0.3,crp,1.7295930285194645,1.799722829444509,1.654006353899125,2.4843582690820227,2.665826951379208,0.8
full_seed101_spike_0p4_noise0p25_s13_a0p2_b0p7,101,spike,0.4,0.25,13,0.2,fpr_owa,1.2329987118473371,1.3576542149181148,1.1807419393093617,1.879621337195264,3.616186541141568,0.7
full_seed101_spike_0p4_noise0p25_s13_a0p2_b0p7,101,spike,0.4,0.25,13,0.2,crp,0.8714799558011653,1.0038125911649822,0.8173317273930787,1.7407436347150458,1.93807001433504,0.7
full_seed101_spike_0p4_noise0p25_s13_a0p3_b0p8,101,spike,0.4,0.25,13,0.3,fpr_owa,1.005449069410621,1.205386777337483,0.96593754473623,2.148530051422654,2.348715633380049,0.8
full_seed101_spike_0p4_noise0p25_s13_a0p3_b0p8,101,spike,0.4,0.25,13,0.3,crp,0.8976031854890795,1.1449964320273938,0.8444255180734613,2.148530051422654,2.348715633380049,0.8
full_seed101_spike_0p4_noise0p25_s5_a0p2_b0p7,101,spike,0.4,0.25,5,0.2,fpr_owa,2.021872989469783,2.3904440014619457,1.6536469703547672,5.121546095075531,5.693539085285035,0.7
full_seed101_spike_0p4_noise0p25_s5_a0p2_b0p7,101,spike,0.4,0.25,5,0.2,crp,1.7255183577783018,1.8016154464050973,1.6744679092833217,2.563078990229276,2.753681130742159,0.7
full_seed101_spike_0p4_noise0p25_s5_a0p3_b0p8,101,spike,0.4,0.25,5,0.3,fpr_owa,1.5972141553652213,1.880408120243552,1.4562351070157438,3.57719533071889,4.156559521571116,0.8
full_seed101_spike_0p4_noise0p25_s5_a0p3_b0p8,101,spike,0.4,0.25,5,0.3,crp,1.718999447902065,1.8045018846430312,1.6545631626513688,2.578377598882516,2.92399136919038,0.8
full_seed101_spike_0p4_noise0p25_s9_a0p2_b0p7,101,spike,0.4,0.25,9,0.2,fpr_owa,2.040055339476022,2.316096586351787,1.782270683992346,5.107888015689171,5.73233627424653,0.7
full_seed101_spike_0p4_noise0p25_s9_a0p2_b0p7,101,spike,0.4,0.25,9,0.2,crp,1.7352130582535987,1.8076858690153903,1.6948838881245512,2.5425939378883458,2.894492674984795,0.7
full_seed101_spike_0p4_noise0p25_s9_a0p3_b0p8,101,spike,0.4,0.25,9,0.3,fpr_owa,1.6066998627253288,1.86968330703488,1.4306043652196496,3.651166781947001,4.215254162554864,0.8
full_seed101_spike_0p4_noise0p25_s9_a0p3_b0p8,101,spike,0.4,0.25,9,0.3,crp,1.709899203422006,1.7858475522477524,1.65910638203479,2.5139967127707963,2.8202416148195733,0.8
full_seed101_spike_0p4_noise0p5_s13_a0p2_b0p7,101,spike,0.4,0.5,13,0.2,fpr_owa,1.281554953438232,1.4180704319066524,1.240801419563994,2.2227643732483915,3.874878651481953,0.7
full_seed101_spike_0p4_noise0p5_s13_a0p2_b0p7,101,spike,0.4,0.5,13,0.2,crp,0.9706489999869252,1.1102029117624468,0.9647276595834918,1.874219123841685,2.3158592540409093,0.7
full_seed101_spike_0p4_noise0p5_s13_a0p3_b0p8,101,spike,0.4,0.5,13,0.3,fpr_owa,0.970105687074511,1.1546983903071135,0.8936647308431089,2.1143885730975764,2.4987166291150835,0.8
full_seed101_spike_0p4_noise0p5_s13_a0p3_b0p8,101,spike,0.4,0.5,13,0.3,crp,0.9941032993396298,1.1762455810063268,0.9293988245353596,2.1669007249504166,2.638924195582395,0.8
full_seed101_spike_0p4_noise0p5_s5_a0p2_b0p7,101,spike,0.4,0.5,5,0.2,fpr_owa,2.0467451097848413,2.44836115009798,1.6747341705826233,5.022446117279388,5.951720005016817,0.7
full_seed101_spike_0p4_noise0p5_s5_a0p2_b0p7,101,spike,0.4,0.5,5,0.2,crp,1.7135994471047185,1.842363331510919,1.6269342238726003,2.70814181354495,5.653354240953022,0.7
full_seed101_spike_0p4_noise0p5_s5_a0p3_b0p8,101,spike,0.4,0.5,5,0.3,fpr_owa,1.644837364906066,1.932562854545384,1.5261868228243165,3.5650925124755184,4.299504111675206,0.8
full_seed101_spike_0p4_noise0p5_s5_a0p3_b0p8,101,spike,0.4,0.5,5,0.3,crp,1.6669895013700995,1.7982483542047298,1.6436631392395336,2.72635353528625,4.299504111675206,0.8
full_seed101_spike_0p4_noise0p5_s9_a0p2_b0p7,101,spike,0.4,0.5,9,0.2,fpr_owa,1.997705203764924,2.2715414679604766,1.7605657821367622,4.836707880314188,5.964876810743219,0.7
full_seed101_spike_0p4_noise0p5_s9_a0p2_b0p7,101,spike,0.4,0.5,9,0.2,crp,1.702015061179832,1.802288531834925,1.6487629893256988,2.654513748014585,4.835388858977519,0.7
full_seed101_spike_0p4_noise0p5_s9_a0p3_b0p8,101,spike,0.4,0.5,9,0.3,fpr_owa,1.6010360637098644,1.8634163779983448,1.460571853334918,3.438855863310128,4.376370324727915,0.8
full_seed101_spike_0p4_noise0p5_s9_a0p3_b0p8,101,spike,0.4,0.5,9,0.3,crp,1.6895303570896487,1.7795132147358683,1.6315690032453984,2.606818367800205,3.5185553871284583,0.8
full_seed11_bias_0p0_noise0p1_s13_a0p2_b0p7,11,bias,0.0,0.1,13,0.2,fpr_owa,1.2030380377571297,1.251722441779351,1.2026784507458006,1.6480635543117987,1.7018842003615893,0.7
full_seed11_bias_0p0_noise0p1_s13_a0p2_b0p7,11,bias,0.0,0.1,13,0.2,crp,1.2030380377571297,1.251722441779351,1.2026784507458006,1.6480635543117987,1.7018842003615893,0.7
full_seed11_bias_0p0_noise0p1_s13_a0p3_b0p8,11,bias,0.0,0.1,13,0.3,fpr_owa,1.4692993938784018,1.5449144247902484,1.433608269751376,2.093640686237393,2.1531616283456394,0.8
full_seed11_bias_0p0_noise0p1_s13_a0p3_b0p8,11,bias,0.0,0.1,13,0.3,crp,1.4692993938784018,1.5449144247902484,1.433608269751376,2.093640686237393,2.1531616283456394,0.8
full_seed11_bias_0p0_noise0p1_s5_a0p2_b0p7,11,bias,0.0,0.1,5,0.2,fpr_owa,1.7641788435487618,1.8344957748451296,1.6378153881221,2.480498620302904,2.605539676523132,0.7
full_seed11_bias_0p0_noise0p1_s5_a0p2_b0p7,11,bias,0.0,0.1,5,0.2,crp,1.7641788435487618,1.8344957748451296,1.6378153881221,2.480498620302904,2.605539676523132,0.7
full_seed11_bias_0p0_noise0p1_s5_a0p3_b0p8,11,bias,0.0,0.1,5,0.3,fpr_owa,1.774467932880156,1.850312605071101,1.6740220907729897,2.48608007812878,2.5953096084478187,0.8
full_seed11_bias_0p0_noise0p1_s5_a0p3_b0p8,11,bias,0.0,0.1,5,0.3,crp,1.774467932880156,1.850312605071101,1.6740220907729897,2.48608007812878,2.5953096084478187,0.8
full_seed11_bias_0p0_noise0p1_s9_a0p2_b0p7,11,bias,0.0,0.1,9,0.2,fpr_owa,1.76382617176232,1.818790851360434,1.646441406201646,2.403961893301196,2.574826357871061,0.7
full_seed11_bias_0p0_noise0p1_s9_a0p2_b0p7,11,bias,0.0,0.1,9,0.2,crp,1.76382617176232,1.818790851360434,1.646441406201646,2.403961893301196,2.574826357871061,0.7
full_seed11_bias_0p0_noise0p1_s9_a0p3_b0p8,11,bias,0.0,0.1,9,0.3,fpr_owa,1.7391030676721655,1.8148932617376512,1.576794331174129,2.4696643260282585,2.5362443408446937,0.8
full_seed11_bias_0p0_noise0p1_s9_a0p3_b0p8,11,bias,0.0,0.1,9,0.3,crp,1.7391030676721655,1.8148932617376512,1.576794331174129,2.4696643260282585,2.5362443408446937,0.8
full_seed11_bias_0p0_noise0p25_s13_a0p2_b0p7,11,bias,0.0,0.25,13,0.2,fpr_owa,1.2367405563130776,1.2975391058372567,1.231759497280631,1.7918660933805393,1.9569972867118044,0.7
full_seed11_bias_0p0_noise0p25_s13_a0p2_b0p7,11,bias,0.0,0.25,13,0.2,crp,1.2367405563130776,1.2975391058372567,1.231759497280631,1.7918660933805393,1.9569972867118044,0.7
full_seed11_bias_0p0_noise0p25_s13_a0p3_b0p8,11,bias,0.0,0.25,13,0.3,fpr_owa,1.4406965827838207,1.5385127187146916,1.3426406936018875,2.1780674388216434,2.3214884090002728,0.8
full_seed11_bias_0p0_noise0p25_s13_a0p3_b0p8,11,bias,0.0,0.25,13,0.3,crp,1.4406965827838207,1.5385127187146916,1.3426406936018875,2.1780674388216434,2.3214884090002728,0.8
full_seed11_bias_0p0_noise0p25_s5_a0p2_b0p7,11,bias,0.0,0.25,5,0.2,fpr_owa,1.768739992363102,1.8408338656066765,1.6648480772683014,2.521330051813962,2.8249633333898125,0.7
full_seed11_bias_0p0_noise0p25_s5_a0p2_b0p7,11,bias,0.0,0.25,5,0.2,crp,1.768739992363102,1.8408338656066765,1.6648480772683014,2.521330051813962,2.8249633333898125,0.7
full_seed11_bias_0p0_noise0p25_s5_a0p3_b0p8,11,bias,0.0,0.25,5,0.3,fpr_owa,1.7807210666317297,1.853421338503683,1.700543780777097,2.5455608840162336,2.780508180814264,0.8
full_seed11_bias_0p0_noise0p25_s5_a0p3_b0p8,11,bias,0.0,0.25,5,0.3,crp,1.7807210666317297,1.853421338503683,1.700543780777097,2.5455608840162336,2.780508180814264,0.8
full_seed11_bias_0p0_noise0p25_s9_a0p2_b0p7,11,bias,0.0,0.25,9,0.2,fpr_owa,1.7461352404491015,1.8089103731019336,1.645012760945749,2.447591344300196,2.526468902583454,0.7
full_seed11_bias_0p0_noise0p25_s9_a0p2_b0p7,11,bias,0.0,0.25,9,0.2,crp,1.7463887434400327,1.8092445621181688,1.645012760945749,2.447591344300196,2.526468902583454,0.7
full_seed11_bias_0p0_noise0p25_s9_a0p3_b0p8,11,bias,0.0,0.25,9,0.3,fpr_owa,1.7255843389288017,1.797624491851203,1.630210464348906,2.4853318189876945,2.5830073309369843,0.8
full_seed11_bias_0p0_noise0p25_s9_a0p3_b0p8,11,bias,0.0,0.25,9,0.3,crp,1.7266353849468865,1.7989882338603809,1.630210464348906,2.4853318189876945,2.5830073309369843,0.8
full_seed11_bias_0p0_noise0p5_s13_a0p2_b0p7,11,bias,0.0,0.5,13,0.2,fpr_owa,1.2941491831629997,1.3694718070207743,1.2970916190651125,1.979666615836429,2.2904240069420423,0.7
full_seed11_bias_0p0_noise0p5_s13_a0p2_b0p7,11,bias,0.0,0.5,13,0.2,crp,1.3052333536073215,1.3830089110907258,1.2970916190651125,2.0583103842654302,2.2904240069420423,0.7
full_seed11_bias_0p0_noise0p5_s13_a0p3_b0p8,11,bias,0.0,0.5,13,0.3,fpr_owa,1.3879873128426703,1.4873215954875596,1.3082925736137798,2.2245555160048647,2.5341441719155235,0.8
full_seed11_bias_0p0_noise0p5_s13_a0p3_b0p8,11,bias,0.0,0.5,13,0.3,crp,1.4032743429891827,1.5044660511299015,1.323728973261268,2.2503150075942617,2.5341441719155235,0.8
full_seed11_bias_0p0_noise0p5_s5_a0p2_b0p7,11,bias,0.0,0.5,5,0.2,fpr_owa,1.7926018622007016,1.87783469716562,1.7723700273181024,2.684271847491995,3.190669428167615,0.7
full_seed11_bias_0p0_noise0p5_s5_a0p2_b0p7,11,bias,0.0,0.5,5,0.2,crp,1.7960853893362767,1.883204332941269,1.7723700273181024,2.6846289267011563,3.246589313978529,0.7
full_seed11_bias_0p0_noise0p5_s5_a0p3_b0p8,11,bias,0.0,0.5,5,0.3,fpr_owa,1.791824928608006,1.876863939248184,1.7385226185681226,2.7228923880791,3.101963578061354,0.8
full_seed11_bias_0p0_noise0p5_s5_a0p3_b0p8,11,bias,0.0,0.5,5,0.3,crp,1.7937165859728483,1.8799381993380773,1.7385226185681226,2.7228923880791,3.2863701541106525,0.8
full_seed11_bias_0p0_noise0p5_s9_a0p2_b0p7,11,bias,0.0,0.5,9,0.2,fpr_owa,1.7053325554692842,1.7803703247585505,1.6412696103953297,2.503828933608913,2.7646347948997105,0.7
full_seed11_bias_0p0_noise0p5_s9_a0p2_b0p7,11,bias,0.0,0.5,9,0.2,crp,1.7072344126820418,1.7820144265395983,1.6441890620646844,2.508182775778001,2.7646347948997105,0.7
full_seed11_bias_0p0_noise0p5_s9_a0p3_b0p8,11,bias,0.0,0.5,9,0.3,fpr_owa,1.7003480934025528,1.778436934064852,1.654233640163059,2.5271347718124075,2.864073642446804,0.8
full_seed11_bias_0p0_noise0p5_s9_a0p3_b0p8,11,bias,0.0,0.5,9,0.3,crp,1.7030225030190294,1.7815484229439311,1.6607103905430614,2.5271347718124075,2.864073642446804,0.8
full_seed11_bias_0p1_noise0p1_s13_a0p2_b0p7,11,bias,0.1,0.1,13,0.2,fpr_owa,1.0993406750941204,1.1408173379613662,1.1048309130933274,1.5896658820249447,1.6831001370246317,0.7
full_seed11_bias_0p1_noise0p1_s13_a0p2_b0p7,11,bias,0.1,0.1,13,0.2,crp,1.1461981536363928,1.196992738264389,1.1559422682193985,1.5877782220191674,1.6831001370246317,0.7
full_seed11_bias_0p1_noise0p1_s13_a0p3_b0p8,11,bias,0.1,0.1,13,0.3,fpr_owa,1.3776265533305756,1.4417708498212685,1.3644021628571676,2.023850308539544,2.1531616283456394,0.8
full_seed11_bias_0p1_noise0p1_s13_a0p3_b0p8,11,bias,0.1,0.1,13,0.3,crp,1.4180174861231671,1.4958956224476794,1.422265903171673,2.022400083061108,2.1531616283456394,0.8
full_seed11_bias_0p1_noise0p1_s5_a0p2_b0p7,11,bias,0.1,0.1,5,0.2,fpr_owa,1.7641788435487618,1.8344957748451296,1.6378153881221,2.480498620302904,2.605539676523132,0.7
full_seed11_bias_0p1_noise0p1_s5_a0p2_b0p7,11,bias,0.1,0.1,5,0.2,crp,1.7641788435487618,1.8344957748451296,1.6378153881221,2.480498620302904,2.605539676523132,0.7
full_seed11_bias_0p1_noise0p1_s5_a0p3_b0p8,11,bias,0.1,0.1,5,0.3,fpr_owa,1.774467932880156,1.850312605071101,1.6740220907729897,2.48608007812878,2.5953096084478187,0.8
full_seed11_bias_0p1_noise0p1_s5_a0p3_b0p8,11,bias,0.1,0.1,5,0.3,crp,1.774467932880156,1.850312605071101,1.6740220907729897,2.48608007812878,2.5953096084478187,0.8
full_seed11_bias_0p1_noise0p1_s9_a0p2_b0p7,11,bias,0.1,0.1,9,0.2,fpr_owa,1.7127089765832515,1.7604344713575866,1.595189867958826,2.368248287875581,2.4530845312122955,0.7
full_seed11_bias_0p1_noise0p1_s9_a0p2_b0p7,11,bias,0.1,0.1,9,0.2,crp,1.7528139096828357,1.80593752876326,1.6139181267731946,2.38301733195241,2.47347154741217,0.7
full_seed11_bias_0p1_noise0p1_s9_a0p3_b0p8,11,bias,0.1,0.1,9,0.3,fpr_owa,1.7375217850138198,1.8058837413835955,1.630469374457959,2.4570560095745657,2.5362443408446937,0.8
full_seed11_bias_0p1_noise0p1_s9_a0p3_b0p8,11,bias,0.1,0.1,9,0.3,crp,1.734805708517705,1.8092608040516505,1.6046029814938847,2.463367188719804,2.538139820089788,0.8
full_seed11_bias_0p1_noise0p25_s13_a0p2_b0p7,11,bias,0.1,0.25,13,0.2,fpr_owa,1.14229830859028,1.1934047040841818,1.1265534954910292,1.7004180809625586,1.9569972867118044,0.7
full_seed11_bias_0p1_noise0p25_s13_a0p2_b0p7,11,bias,0.1,0.25,13,0.2,crp,1.184744099691675,1.24473691656364,1.1956502730955108,1.7075886053819171,1.9569972867118044,0.7
full_seed11_bias_0p1_noise0p25_s13_a0p3_b0p8,11,bias,0.1,0.25,13,0.3,fpr_owa,1.363637609484634,1.4457428491205546,1.3169907805375305,2.077485902397328,2.3214884090002728,0.8
full_seed11_bias_0p1_noise0p25_s13_a0p3_b0p8,11,bias,0.1,0.25,13,0.3,crp,1.3880876022506756,1.4830115165459803,1.3025749629965977,2.09207651478204,2.3214884090002728,0.8
full_seed11_bias_0p1_noise0p25_s5_a0p2_b0p7,11,bias,0.1,0.25,5,0.2,fpr_owa,1.768739992363102,1.8408338656066765,1.6648480772683014,2.521330051813962,2.8249633333898125,0.7
full_seed11_bias_0p1_noise0p25_s5_a0p2_b0p7,11,bias,0.1,0.25,5,0.2,crp,1.768739992363102,1.8408338656066765,1.6648480772683014,2.521330051813962,2.8249633333898125,0.7
full_seed11_bias_0p1_noise0p25_s5_a0p3_b0p8,11,bias,0.1,0.25,5,0.3,fpr_owa,1.7807210666317297,1.853421338503683,1.700543780777097,2.5455608840162336,2.780508180814264,0.8
full_seed11_bias_0p1_noise0p25_s5_a0p3_b0p8,11,bias,0.1,0.25,5,0.3,crp,1.7807210666317297,1.853421338503683,1.700543780777097,2.5455608840162336,2.780508180814264,0.8
full_seed11_bias_0p1_noise0p25_s9_a0p2_b0p7,11,bias,0.1,0.25,9,0.2,fpr_owa,1.6975665120041912,1.7558060193844485,1.6294755529576612,2.4191534421421075,2.5153981132942484,0.7
full_seed11_bias_0p1_noise0p25_s9_a0p2_b0p7,11,bias,0.1,0.25,9,0.2,crp,1.7258314199013436,1.7886807635243902,1.645012760945749,2.4387783070765723,2.5153981132942484,0.7
full_seed11_bias_0p1_noise0p25_s9_a0p3_b0p8,11,bias,0.1,0.25,9,0.3,fpr_owa,1.7353474171337548,1.803204161285792,1.6599767386185893,2.485814516484194,2.5830073309369843,0.8
full_seed11_bias_0p1_noise0p25_s9_a0p3_b0p8,11,bias,0.1,0.25,9,0.3,crp,1.7285676960107204,1.800684720318783,1.6420627751737806,2.5024909818687373,2.5830073309369843,0.8
full_seed11_bias_0p1_noise0p5_s13_a0p2_b0p7,11,bias,0.1,0.5,13,0.2,fpr_owa,1.219771184685991,1.287081880234789,1.1918113568026982,1.8614584281681683,2.161930519026543,0.7
full_seed11_bias_0p1_noise0p5_s13_a0p2_b0p7,11,bias,0.1,0.5,13,0.2,crp,1.2533263218569195,1.3266346295721867,1.240045253332243,1.9446678030667637,2.161930519026543,0.7
full_seed11_bias_0p1_noise0p5_s13_a0p3_b0p8,11,bias,0.1,0.5,13,0.3,fpr_owa,1.354793257311376,1.444502467323332,1.3235840270910375,2.201267838030728,2.3790632436227748,0.8
full_seed11_bias_0p1_noise0p5_s13_a0p3_b0p8,11,bias,0.1,0.5,13,0.3,crp,1.3534668342412404,1.453612826009295,1.2976668213553992,2.2149298514482583,2.4686068838671047,0.8
full_seed11_bias_0p1_noise0p5_s5_a0p2_b0p7,11,bias,0.1,0.5,5,0.2,fpr_owa,1.7926018622007016,1.87783469716562,1.7723700273181024,2.684271847491995,3.190669428167615,0.7
full_seed11_bias_0p1_noise0p5_s5_a0p2_b0p7,11,bias,0.1,0.5,5,0.2,crp,1.7960853893362767,1.883204332941269,1.7723700273181024,2.6846289267011563,3.246589313978529,0.7
full_seed11_bias_0p1_noise0p5_s5_a0p3_b0p8,11,bias,0.1,0.5,5,0.3,fpr_owa,1.791824928608006,1.876863939248184,1.7385226185681226,2.7228923880791,3.101963578061354,0.8
full_seed11_bias_0p1_noise0p5_s5_a0p3_b0p8,11,bias,0.1,0.5,5,0.3,crp,1.7937165859728483,1.8799381993380773,1.7385226185681226,2.7228923880791,3.2863701541106525,0.8
full_seed11_bias_0p1_noise0p5_s9_a0p2_b0p7,11,bias,0.1,0.5,9,0.2,fpr_owa,1.6640523727891474,1.73932242567316,1.6112724066278128,2.503644414618502,2.685255675684843,0.7
full_seed11_bias_0p1_noise0p5_s9_a0p2_b0p7,11,bias,0.1,0.5,9,0.2,crp,1.6943547614702577,1.7698209972687953,1.6163216987704536,2.537331488097029,2.856817346568401,0.7
full_seed11_bias_0p1_noise0p5_s9_a0p3_b0p8,11,bias,0.1,0.5,9,0.3,fpr_owa,1.7021035541990603,1.7792331727979591,1.6572727564202143,2.5268814442352148,2.864073642446804,0.8
full_seed11_bias_0p1_noise0p5_s9_a0p3_b0p8,11,bias,0.1,0.5,9,0.3,crp,1.70576459964502,1.7835997021591294,1.6666872487153226,2.5301811424151945,2.8800944355587217,0.8
full_seed11_bias_0p2_noise0p1_s13_a0p2_b0p7,11,bias,0.2,0.1,13,0.2,fpr_owa,0.9804927849030408,1.0410693238893023,0.9115198210140008,1.5896658820249447,1.6831001370246317,0.7
full_seed11_bias_0p2_noise0p1_s13_a0p2_b0p7,11,bias,0.2,0.1,13,0.2,crp,0.9580868382817326,1.0276951393897291,0.875870869030443,1.5877782220191674,1.6831001370246317,0.7
full_seed11_bias_0p2_noise0p1_s13_a0p3_b0p8,11,bias,0.2,0.1,13,0.3,fpr_owa,1.1525355586327806,1.250009464565532,0.9870589972195428,2.023850308539544,2.1531616283456394,0.8
full_seed11_bias_0p2_noise0p1_s13_a0p3_b0p8,11,bias,0.2,0.1,13,0.3,crp,1.130500269677569,1.2427619360410165,0.9929443441973044,2.022400083061108,2.1531616283456394,0.8
full_seed11_bias_0p2_noise0p1_s5_a0p2_b0p7,11,bias,0.2,0.1,5,0.2,fpr_owa,1.705216150042746,1.7719454749932813,1.5732467798166714,2.4700476686350017,2.605539676523132,0.7
full_seed11_bias_0p2_noise0p1_s5_a0p2_b0p7,11,bias,0.2,0.1,5,0.2,crp,1.7330583651987026,1.8055923922208976,1.587954484549821,2.4811243406116805,2.605539676523132,0.7
full_seed11_bias_0p2_noise0p1_s5_a0p3_b0p8,11,bias,0.2,0.1,5,0.3,fpr_owa,1.7541425329950573,1.821492188528758,1.6418563728570983,2.456824863734656,2.587634942466009,0.8
full_seed11_bias_0p2_noise0p1_s5_a0p3_b0p8,11,bias,0.2,0.1,5,0.3,crp,1.755412145583597,1.829298412015485,1.656159357082492,2.477777592871992,2.587634942466009,0.8
full_seed11_bias_0p2_noise0p1_s9_a0p2_b0p7,11,bias,0.2,0.1,9,0.2,fpr_owa,1.6231813001305724,1.6778852761850007,1.5001598918748815,2.368248287875581,3.2204144968097443,0.7
full_seed11_bias_0p2_noise0p1_s9_a0p2_b0p7,11,bias,0.2,0.1,9,0.2,crp,1.6548472001399857,1.7075598509794871,1.551940824948265,2.368248287875581,3.2204144968097443,0.7
full_seed11_bias_0p2_noise0p1_s9_a0p3_b0p8,11,bias,0.2,0.1,9,0.3,fpr_owa,1.6571327124432085,1.7223890609185155,1.5407538368669185,2.450822579771484,2.5658972039958114,0.8
full_seed11_bias_0p2_noise0p1_s9_a0p3_b0p8,11,bias,0.2,0.1,9,0.3,crp,1.6743754220627272,1.740019151216838,1.5464191441187656,2.450822579771484,2.5658972039958114,0.8
full_seed11_bias_0p2_noise0p25_s13_a0p2_b0p7,11,bias,0.2,0.25,13,0.2,fpr_owa,1.0135102273814065,1.084921361017541,0.890772664950317,1.7004180809625586,1.9569972867118044,0.7
full_seed11_bias_0p2_noise0p25_s13_a0p2_b0p7,11,bias,0.2,0.25,13,0.2,crp,1.0036921730360635,1.0815313081669111,0.8885143849572907,1.7004180809625586,2.080663228059001,0.7
full_seed11_bias_0p2_noise0p25_s13_a0p3_b0p8,11,bias,0.2,0.25,13,0.3,fpr_owa,1.149994442655487,1.2544215252213993,0.9997167434867568,2.077485902397328,2.3214884090002728,0.8
full_seed11_bias_0p2_noise0p25_s13_a0p3_b0p8,11,bias,0.2,0.25,13,0.3,crp,1.1503330517584616,1.2572748403411225,1.0201283751325918,2.0674314603489323,2.3214884090002728,0.8
full_seed11_bias_0p2_noise0p25_s5_a0p2_b0p7,11,bias,0.2,0.25,5,0.2,fpr_owa,1.7095086556232202,1.7772408383316467,1.6285574830928446,2.4901249011151867,2.8249633333898125,0.7
full_seed11_bias_0p2_noise0p25_s5_a0p2_b0p7,11,bias,0.2,0.25,5,0.2,crp,1.7484865223616517,1.820599650245992,1.6349948605506883,2.5517197249860435,2.8249633333898125,0.7
full_seed11_bias_0p2_noise0p25_s5_a0p3_b0p8,11,bias,0.2,0.25,5,0.3,fpr_owa,1.7644271728230625,1.8310938001181527,1.660017421543199,2.532818700944801,2.780508180814264,0.8
full_seed11_bias_0p2_noise0p25_s5_a0p3_b0p8,11,bias,0.2,0.25,5,0.3,crp,1.777430881553279,1.850612242318774,1.6825824884170286,2.580292651495696,2.780508180814264,0.8
full_seed11_bias_0p2_noise0p25_s9_a0p2_b0p7,11,bias,0.2,0.25,9,0.2,fpr_owa,1.6084043262991234,1.6665981992255745,1.5187091660576462,2.415570615072013,2.5153981132942484,0.7
full_seed11_bias_0p2_noise0p25_s9_a0p2_b0p7,11,bias,0.2,0.25,9,0.2,crp,1.6394444232966217,1.6998462037971356,1.5539008247112038,2.4191534421421075,2.5153981132942484,0.7
full_seed11_bias_0p2_noise0p25_s9_a0p3_b0p8,11,bias,0.2,0.25,9,0.3,fpr_owa,1.654317287783433,1.7180556700763978,1.5585709254390268,2.452249497624205,2.5830073309369843,0.8
full_seed11_bias_0p2_noise0p25_s9_a0p3_b0p8,11,bias,0.2,0.25,9,0.3,crp,1.6717317328500647,1.740358719281821,1.5691458115633967,2.4601678271071084,2.5830073309369843,0.8
full_seed11_bias_0p2_noise0p5_s13_a0p2_b0p7,11,bias,0.2,0.5,13,0.2,fpr_owa,1.0970869655488158,1.1850024964553536,1.014177247130617,1.8614584281681683,2.161930519026543,0.7
full_seed11_bias_0p2_noise0p5_s13_a0p2_b0p7,11,bias,0.2,0.5,13,0.2,crp,1.1312669636390709,1.2189312079199086,1.0515637729544145,1.9226228988732608,2.696937079506473,0.7
full_seed11_bias_0p2_noise0p5_s13_a0p3_b0p8,11,bias,0.2,0.5,13,0.3,fpr_owa,1.1773264785053064,1.2859731124553422,1.0500389119600049,2.1290753511162817,2.5692108630677915,0.8
full_seed11_bias_0p2_noise0p5_s13_a0p3_b0p8,11,bias,0.2,0.5,13,0.3,crp,1.229576648085816,1.3354732486796257,1.1505499668889083,2.193035300610157,2.5692108630677915,0.8
full_seed11_bias_0p2_noise0p5_s5_a0p2_b0p7,11,bias,0.2,0.5,5,0.2,fpr_owa,1.7153344904173338,1.7944389109749832,1.656316994088388,2.6000603320991904,3.190669428167615,0.7
full_seed11_bias_0p2_noise0p5_s5_a0p2_b0p7,11,bias,0.2,0.5,5,0.2,crp,1.7619731172347075,1.8470805058119968,1.6890241533048005,2.684271847491995,3.246589313978529,0.7
full_seed11_bias_0p2_noise0p5_s5_a0p3_b0p8,11,bias,0.2,0.5,5,0.3,fpr_owa,1.772108610424025,1.8514936632292385,1.732789853107295,2.64693112795149,3.101963578061354,0.8
full_seed11_bias_0p2_noise0p5_s5_a0p3_b0p8,11,bias,0.2,0.5,5,0.3,crp,1.7957465857231183,1.8820669596927968,1.7434984452282831,2.719783088436631,3.2863701541106525,0.8
full_seed11_bias_0p2_noise0p5_s9_a0p2_b0p7,11,bias,0.2,0.5,9,0.2,fpr_owa,1.6149342121775172,1.6950306944390492,1.5323546805651165,2.5053373518540423,3.1196665437675213,0.7
full_seed11_bias_0p2_noise0p5_s9_a0p2_b0p7,11,bias,0.2,0.5,9,0.2,crp,1.6356581806723816,1.7096500711455052,1.586951400385793,2.503644414618502,2.9416486318283352,0.7
full_seed11_bias_0p2_noise0p5_s9_a0p3_b0p8,11,bias,0.2,0.5,9,0.3,fpr_owa,1.636161272107085,1.7138050941802487,1.5676942358638684,2.512794259812969,2.864073642446804,0.8
full_seed11_bias_0p2_noise0p5_s9_a0p3_b0p8,11,bias,0.2,0.5,9,0.3,crp,1.6508492046427008,1.7287394435149464,1.5676942358638684,2.512794259812969,2.8800944355587217,0.8
full_seed11_bias_0p3_noise0p1_s13_a0p2_b0p7,11,bias,0.3,0.1,13,0.2,fpr_owa,1.199318323789421,1.2314152142965569,1.2026784507458006,1.6142463416859385,1.7079499552993989,0.7
full_seed11_bias_0p3_noise0p1_s13_a0p2_b0p7,11,bias,0.3,0.1,13,0.2,crp,1.170687741564432,1.2087341997213232,1.181605131858503,1.5896658820249447,1.7079499552993989,0.7
full_seed11_bias_0p3_noise0p1_s13_a0p3_b0p8,11,bias,0.3,0.1,13,0.3,fpr_owa,1.0553220152446436,1.1972842862294484,0.9557524018259992,2.023850308539544,2.1531616283456394,0.8
full_seed11_bias_0p3_noise0p1_s13_a0p3_b0p8,11,bias,0.3,0.1,13,0.3,crp,1.047958928379285,1.1903248214811963,0.94264191943501,2.022400083061108,2.1531616283456394,0.8
full_seed11_bias_0p3_noise0p1_s5_a0p2_b0p7,11,bias,0.3,0.1,5,0.2,fpr_owa,2.302484893860812,2.472570267643972,2.3287420041265325,3.8527376137032423,4.011523827520332,0.7
full_seed11_bias_0p3_noise0p1_s5_a0p2_b0p7,11,bias,0.3,0.1,5,0.2,crp,2.2529701348371893,2.420751233353235,2.272936158229109,3.8527376137032423,4.011523827520332,0.7
full_seed11_bias_0p3_noise0p1_s5_a0p3_b0p8,11,bias,0.3,0.1,5,0.3,fpr_owa,2.0030753523102027,2.098862039548827,1.997507619103445,3.1144915663436383,3.235709019142151,0.8
full_seed11_bias_0p3_noise0p1_s5_a0p3_b0p8,11,bias,0.3,0.1,5,0.3,crp,1.9817062814249196,2.076814966244067,1.9608613890819069,3.1144915663436383,3.235709019142151,0.8
full_seed11_bias_0p3_noise0p1_s9_a0p2_b0p7,11,bias,0.3,0.1,9,0.2,fpr_owa,1.9330514977807416,1.9976172735656577,1.94588371167492,2.733395798307203,2.8782723120472986,0.7
full_seed11_bias_0p3_noise0p1_s9_a0p2_b0p7,11,bias,0.3,0.1,9,0.2,crp,1.915797309853818,1.9789753391479743,1.9363155704896555,2.733395798307203,2.8782723120472986,0.7
full_seed11_bias_0p3_noise0p1_s9_a0p3_b0p8,11,bias,0.3,0.1,9,0.3,fpr_owa,1.621600571627001,1.685424456808999,1.51763750768179,2.4479887975617043,2.5362443408446937,0.8
full_seed11_bias_0p3_noise0p1_s9_a0p3_b0p8,11,bias,0.3,0.1,9,0.3,crp,1.6302852864155843,1.6951722261185738,1.525741269867782,2.4479887975617043,2.5362443408446937,0.8
full_seed11_bias_0p3_noise0p25_s13_a0p2_b0p7,11,bias,0.3,0.25,13,0.2,fpr_owa,1.2202549691594895,1.2650357168420354,1.243252204139612,1.7498679534183634,1.9569972867118044,0.7
full_seed11_bias_0p3_noise0p25_s13_a0p2_b0p7,11,bias,0.3,0.25,13,0.2,crp,1.162199617579729,1.2177284160774686,1.1844784699110298,1.7044011877086642,1.9569972867118044,0.7
full_seed11_bias_0p3_noise0p25_s13_a0p3_b0p8,11,bias,0.3,0.25,13,0.3,fpr_owa,1.0444275838206982,1.1941165359675583,0.8453119819619447,2.077485902397328,2.3214884090002728,0.8
full_seed11_bias_0p3_noise0p25_s13_a0p3_b0p8,11,bias,0.3,0.25,13,0.3,crp,1.0442000868136043,1.1879846312132696,0.8580983560401036,2.0674314603489323,2.3214884090002728,0.8
full_seed11_bias_0p3_noise0p25_s5_a0p2_b0p7,11,bias,0.3,0.25,5,0.2,fpr_owa,2.291906548441589,2.4573554625221856,2.2971461584160178,3.7906296867180336,4.037886620209933,0.7
full_seed11_bias_0p3_noise0p25_s5_a0p2_b0p7,11,bias,0.3,0.25,5,0.2,crp,2.2257100238937366,2.3991172579985856,2.143977862517336,3.8095831651518335,5.3044476921849215,0.7
full_seed11_bias_0p3_noise0p25_s5_a0p3_b0p8,11,bias,0.3,0.25,5,0.3,fpr_owa,1.9993343554707323,2.091259310111744,1.9733485870620715,3.055006844758694,3.304802040726257,0.8
full_seed11_bias_0p3_noise0p25_s5_a0p3_b0p8,11,bias,0.3,0.25,5,0.3,crp,1.9779077263668337,2.083184025849371,1.935467889715388,3.064681418896656,5.305515146513149,0.8
full_seed11_bias_0p3_noise0p25_s9_a0p2_b0p7,11,bias,0.3,0.25,9,0.2,fpr_owa,1.9132037978533585,1.984820598084338,1.9558528374510376,2.7106137205231766,2.925095707154106,0.7
full_seed11_bias_0p3_noise0p25_s9_a0p2_b0p7,11,bias,0.3,0.25,9,0.2,crp,1.85970448309814,1.9337856079885647,1.8890175783197152,2.6978497317249666,2.925095707154106,0.7
full_seed11_bias_0p3_noise0p25_s9_a0p3_b0p8,11,bias,0.3,0.25,9,0.3,fpr_owa,1.6354217635684494,1.7059397952503508,1.55445882359462,2.4919329762061597,3.0408552768553707,0.8
full_seed11_bias_0p3_noise0p25_s9_a0p3_b0p8,11,bias,0.3,0.25,9,0.3,crp,1.6392955223189325,1.711318809284335,1.5474320041993597,2.4919329762061597,3.0408552768553707,0.8
full_seed11_bias_0p3_noise0p5_s13_a0p2_b0p7,11,bias,0.3,0.5,13,0.2,fpr_owa,1.2765329131869465,1.3432288978296472,1.262114725654344,1.911094376614419,2.3271119947353123,0.7
full_seed11_bias_0p3_noise0p5_s13_a0p2_b0p7,11,bias,0.3,0.5,13,0.2,crp,1.196804658710747,1.2817449704826434,1.1698074857698983,1.922416679071159,2.1695585164139266,0.7
full_seed11_bias_0p3_noise0p5_s13_a0p3_b0p8,11,bias,0.3,0.5,13,0.3,fpr_owa,1.1101816398228153,1.2463974320426696,0.9936233423631802,2.1290753511162817,2.449200822518278,0.8
full_seed11_bias_0p3_noise0p5_s13_a0p3_b0p8,11,bias,0.3,0.5,13,0.3,crp,1.1415305335381576,1.268539295039948,1.035579596687265,2.146162392523729,2.4686068838671047,0.8
full_seed11_bias_0p3_noise0p5_s5_a0p2_b0p7,11,bias,0.3,0.5,5,0.2,fpr_owa,2.265321572799552,2.426881156414729,2.260870037399286,3.741708922549503,4.0491604927539,0.7
full_seed11_bias_0p3_noise0p5_s5_a0p2_b0p7,11,bias,0.3,0.5,5,0.2,crp,2.190950872009353,2.373037391123108,2.042864508584009,3.7878795064703454,5.736935930225173,0.7
full_seed11_bias_0p3_noise0p5_s5_a0p3_b0p8,11,bias,0.3,0.5,5,0.3,fpr_owa,1.9736599835313464,2.070666083269877,1.916513869588932,2.978384447476123,3.414922899434837,0.8
full_seed11_bias_0p3_noise0p5_s5_a0p3_b0p8,11,bias,0.3,0.5,5,0.3,crp,1.9911110961925944,2.141463196762232,1.8501827820398509,3.096873535062477,6.637480897521938,0.8
full_seed11_bias_0p3_noise0p5_s9_a0p2_b0p7,11,bias,0.3,0.5,9,0.2,fpr_owa,1.903316364234076,2.0043878966784114,1.9120199557539024,2.800734894023965,4.154786143431567,0.7
full_seed11_bias_0p3_noise0p5_s9_a0p2_b0p7,11,bias,0.3,0.5,9,0.2,crp,1.829248914850392,1.9354492191247392,1.8009293364027812,2.802297826467839,4.37090351635709,0.7
full_seed11_bias_0p3_noise0p5_s9_a0p3_b0p8,11,bias,0.3,0.5,9,0.3,fpr_owa,1.6476864243024896,1.7406573055517198,1.5396439019483197,2.68749421540874,3.441991154149404,0.8
full_seed11_bias_0p3_noise0p5_s9_a0p3_b0p8,11,bias,0.3,0.5,9,0.3,crp,1.6554818820044948,1.7491846419999904,1.5900283322781954,2.6512383234359613,3.7733080829666528,0.8
full_seed11_bias_0p4_noise0p1_s13_a0p2_b0p7,11,bias,0.4,0.1,13,0.2,fpr_owa,1.515645458897888,1.6026073490236754,1.5401145852015752,2.274944090265223,2.403062953951454,0.7
full_seed11_bias_0p4_noise0p1_s13_a0p2_b0p7,11,bias,0.4,0.1,13,0.2,crp,1.4754556009983488,1.5698028084304008,1.506029285256701,2.274944090265223,2.403062953951454,0.7
full_seed11_bias_0p4_noise0p1_s13_a0p3_b0p8,11,bias,0.4,0.1,13,0.3,fpr_owa,1.2630592486106071,1.3258102693615494,1.1371250296263118,2.023850308539544,2.1531616283456394,0.8
full_seed11_bias_0p4_noise0p1_s13_a0p3_b0p8,11,bias,0.4,0.1,13,0.3,crp,1.2359160854470967,1.3102554838908411,1.13551317610482,2.022400083061108,2.1531616283456394,0.8
full_seed11_bias_0p4_noise0p1_s5_a0p2_b0p7,11,bias,0.4,0.1,5,0.2,fpr_owa,2.302484893860812,2.472570267643972,2.3287420041265325,3.8527376137032423,4.011523827520332,0.7
full_seed11_bias_0p4_noise0p1_s5_a0p2_b0p7,11,bias,0.4,0.1,5,0.2,crp,2.2529701348371893,2.420751233353235,2.272936158229109,3.8527376137032423,4.011523827520332,0.7
full_seed11_bias_0p4_noise0p1_s5_a0p3_b0p8,11,bias,0.4,0.1,5,0.3,fpr_owa,2.0030753523102027,2.098862039548827,1.997507619103445,3.1144915663436383,3.235709019142151,0.8
full_seed11_bias_0p4_noise0p1_s5_a0p3_b0p8,11,bias,0.4,0.1,5,0.3,crp,1.9817062814249196,2.076814966244067,1.9608613890819069,3.1144915663436383,3.235709019142151,0.8
full_seed11_bias_0p4_noise0p1_s9_a0p2_b0p7,11,bias,0.4,0.1,9,0.2,fpr_owa,2.285832808630524,2.432389303667791,2.2915840409026784,3.6017665934563845,3.785314966581954,0.7
full_seed11_bias_0p4_noise0p1_s9_a0p2_b0p7,11,bias,0.4,0.1,9,0.2,crp,2.2572046901021565,2.4015511318532474,2.266626020985318,3.6017665934563845,3.785314966581954,0.7
full_seed11_bias_0p4_noise0p1_s9_a0p3_b0p8,11,bias,0.4,0.1,9,0.3,fpr_owa,1.9420274475602863,2.0254747991245083,1.979636964405392,2.836737924928918,2.962360287621605,0.8
full_seed11_bias_0p4_noise0p1_s9_a0p3_b0p8,11,bias,0.4,0.1,9,0.3,crp,1.9290754286819447,2.011658730984651,1.975441789360468,2.836737924928918,2.962360287621605,0.8
full_seed11_bias_0p4_noise0p25_s13_a0p2_b0p7,11,bias,0.4,0.25,13,0.2,fpr_owa,1.5178983727420574,1.608679094267138,1.6054804843329,2.255847884932062,2.637114589568747,0.7
full_seed11_bias_0p4_noise0p25_s13_a0p2_b0p7,11,bias,0.4,0.25,13,0.2,crp,1.4593938217699205,1.5619668439250185,1.576334454991544,2.2548560150639063,2.637114589568747,0.7
full_seed11_bias_0p4_noise0p25_s13_a0p3_b0p8,11,bias,0.4,0.25,13,0.3,fpr_owa,1.2432974386486626,1.323746463122107,1.122396911151562,2.079747485842688,2.3214884090002728,0.8
full_seed11_bias_0p4_noise0p25_s13_a0p3_b0p8,11,bias,0.4,0.25,13,0.3,crp,1.2044055510349423,1.2980940082740378,1.1185067959422104,2.074580394085046,2.3214884090002728,0.8
full_seed11_bias_0p4_noise0p25_s5_a0p2_b0p7,11,bias,0.4,0.25,5,0.2,fpr_owa,2.291906548441589,2.4573554625221856,2.2971461584160178,3.7906296867180336,4.037886620209933,0.7
full_seed11_bias_0p4_noise0p25_s5_a0p2_b0p7,11,bias,0.4,0.25,5,0.2,crp,2.2257100238937366,2.3991172579985856,2.143977862517336,3.8095831651518335,5.3044476921849215,0.7
full_seed11_bias_0p4_noise0p25_s5_a0p3_b0p8,11,bias,0.4,0.25,5,0.3,fpr_owa,1.9993343554707323,2.091259310111744,1.9733485870620715,3.055006844758694,3.304802040726257,0.8
full_seed11_bias_0p4_noise0p25_s5_a0p3_b0p8,11,bias,0.4,0.25,5,0.3,crp,1.9779077263668337,2.083184025849371,1.935467889715388,3.064681418896656,5.305515146513149,0.8
full_seed11_bias_0p4_noise0p25_s9_a0p2_b0p7,11,bias,0.4,0.25,9,0.2,fpr_owa,2.26323807456087,2.4174770589010453,2.274416289639433,3.605419267326439,4.050213058466242,0.7
full_seed11_bias_0p4_noise0p25_s9_a0p2_b0p7,11,bias,0.4,0.25,9,0.2,crp,2.232425660310119,2.383945046837173,2.224882092702392,3.605419267326439,3.7190771630705046,0.7
full_seed11_bias_0p4_noise0p25_s9_a0p3_b0p8,11,bias,0.4,0.25,9,0.3,fpr_owa,1.937620937308404,2.026278492387024,1.9600533354341385,2.77067420639829,3.704061912775245,0.8
full_seed11_bias_0p4_noise0p25_s9_a0p3_b0p8,11,bias,0.4,0.25,9,0.3,crp,1.9260042751204975,2.013258175287238,1.9666659292318376,2.794451071499269,3.704061912775245,0.8
full_seed11_bias_0p4_noise0p5_s13_a0p2_b0p7,11,bias,0.4,0.5,13,0.2,fpr_owa,1.551551183764175,1.6656019169485912,1.5984631608243354,2.5175548804396217,4.06881031311335,0.7
full_seed11_bias_0p4_noise0p5_s13_a0p2_b0p7,11,bias,0.4,0.5,13,0.2,crp,1.4725438935520154,1.5941275095929943,1.5117512075076358,2.381018024154431,3.50354383611124,0.7
full_seed11_bias_0p4_noise0p5_s13_a0p3_b0p8,11,bias,0.4,0.5,13,0.3,fpr_owa,1.2957650276852783,1.4050596585095,1.196010899269092,2.2149298514482583,4.138715684456561,0.8
full_seed11_bias_0p4_noise0p5_s13_a0p3_b0p8,11,bias,0.4,0.5,13,0.3,crp,1.2318289407104184,1.341541085117829,1.1337626498154552,2.193035300610157,3.351449607821557,0.8
full_seed11_bias_0p4_noise0p5_s5_a0p2_b0p7,11,bias,0.4,0.5,5,0.2,fpr_owa,2.265321572799552,2.426881156414729,2.260870037399286,3.741708922549503,4.0491604927539,0.7
full_seed11_bias_0p4_noise0p5_s5_a0p2_b0p7,11,bias,0.4,0.5,5,0.2,crp,2.190950872009353,2.373037391123108,2.042864508584009,3.7878795064703454,5.736935930225173,0.7
full_seed11_bias_0p4_noise0p5_s5_a0p3_b0p8,11,bias,0.4,0.5,5,0.3,fpr_owa,1.9736599835313464,2.070666083269877,1.916513869588932,2.978384447476123,3.414922899434837,0.8
full_seed11_bias_0p4_noise0p5_s5_a0p3_b0p8,11,bias,0.4,0.5,5,0.3,crp,1.9911110961925944,2.141463196762232,1.8501827820398509,3.096873535062477,6.637480897521938,0.8
full_seed11_bias_0p4_noise0p5_s9_a0p2_b0p7,11,bias,0.4,0.5,9,0.2,fpr_owa,2.3056992111296344,2.523882352488295,2.191685374515947,4.1828105968498495,5.043675032320456,0.7
full_seed11_bias_0p4_noise0p5_s9_a0p2_b0p7,11,bias,0.4,0.5,9,0.2,crp,2.2534219127089816,2.4727550102158444,2.11689936353986,4.257333387463142,5.509624375781036,0.7
full_seed11_bias_0p4_noise0p5_s9_a0p3_b0p8,11,bias,0.4,0.5,9,0.3,fpr_owa,2.005447372108573,2.15500545358966,1.957993028995701,3.6403204584503,4.3262132094128445,0.8
full_seed11_bias_0p4_noise0p5_s9_a0p3_b0p8,11,bias,0.4,0.5,9,0.3,crp,2.032035985228513,2.2304279891705225,1.9218200010003168,4.108943413679798,5.445134910976354,0.8
full_seed11_drift_0p0_noise0p1_s13_a0p2_b0p7,11,drift,0.0,0.1,13,0.2,fpr_owa,1.2030380377571297,1.251722441779351,1.2026784507458006,1.6480635543117987,1.7018842003615893,0.7
full_seed11_drift_0p0_noise0p1_s13_a0p2_b0p7,11,drift,0.0,0.1,13,0.2,crp,1.2030380377571297,1.251722441779351,1.2026784507458006,1.6480635543117987,1.7018842003615893,0.7
full_seed11_drift_0p0_noise0p1_s13_a0p3_b0p8,11,drift,0.0,0.1,13,0.3,fpr_owa,1.4692993938784018,1.5449144247902484,1.433608269751376,2.093640686237393,2.1531616283456394,0.8
full_seed11_drift_0p0_noise0p1_s13_a0p3_b0p8,11,drift,0.0,0.1,13,0.3,crp,1.4692993938784018,1.5449144247902484,1.433608269751376,2.093640686237393,2.1531616283456394,0.8
full_seed11_drift_0p0_noise0p1_s5_a0p2_b0p7,11,drift,0.0,0.1,5,0.2,fpr_owa,1.7641788435487618,1.8344957748451296,1.6378153881221,2.480498620302904,2.605539676523132,0.7
full_seed11_drift_0p0_noise0p1_s5_a0p2_b0p7,11,drift,0.0,0.1,5,0.2,crp,1.7641788435487618,1.8344957748451296,1.6378153881221,2.480498620302904,2.605539676523132,0.7
full_seed11_drift_0p0_noise0p1_s5_a0p3_b0p8,11,drift,0.0,0.1,5,0.3,fpr_owa,1.774467932880156,1.850312605071101,1.6740220907729897,2.48608007812878,2.5953096084478187,0.8
full_seed11_drift_0p0_noise0p1_s5_a0p3_b0p8,11,drift,0.0,0.1,5,0.3,crp,1.774467932880156,1.850312605071101,1.6740220907729897,2.48608007812878,2.5953096084478187,0.8
full_seed11_drift_0p0_noise0p1_s9_a0p2_b0p7,11,drift,0.0,0.1,9,0.2,fpr_owa,1.76382617176232,1.818790851360434,1.646441406201646,2.403961893301196,2.574826357871061,0.7
full_seed11_drift_0p0_noise0p1_s9_a0p2_b0p7,11,drift,0.0,0.1,9,0.2,crp,1.76382617176232,1.818790851360434,1.646441406201646,2.403961893301196,2.574826357871061,0.7
full_seed11_drift_0p0_noise0p1_s9_a0p3_b0p8,11,drift,0.0,0.1,9,0.3,fpr_owa,1.7391030676721655,1.8148932617376512,1.576794331174129,2.4696643260282585,2.5362443408446937,0.8
full_seed11_drift_0p0_noise0p1_s9_a0p3_b0p8,11,drift,0.0,0.1,9,0.3,crp,1.7391030676721655,1.8148932617376512,1.576794331174129,2.4696643260282585,2.5362443408446937,0.8
full_seed11_drift_0p0_noise0p25_s13_a0p2_b0p7,11,drift,0.0,0.25,13,0.2,fpr_owa,1.2367405563130776,1.2975391058372567,1.231759497280631,1.7918660933805393,1.9569972867118044,0.7
full_seed11_drift_0p0_noise0p25_s13_a0p2_b0p7,11,drift,0.0,0.25,13,0.2,crp,1.2367405563130776,1.2975391058372567,1.231759497280631,1.7918660933805393,1.9569972867118044,0.7
full_seed11_drift_0p0_noise0p25_s13_a0p3_b0p8,11,drift,0.0,0.25,13,0.3,fpr_owa,1.4406965827838207,1.5385127187146916,1.3426406936018875,2.1780674388216434,2.3214884090002728,0.8
full_seed11_drift_0p0_noise0p25_s13_a0p3_b0p8,11,drift,0.0,0.25,13,0.3,crp,1.4406965827838207,1.5385127187146916,1.3426406936018875,2.1780674388216434,2.3214884090002728,0.8
full_seed11_drift_0p0_noise0p25_s5_a0p2_b0p7,11,drift,0.0,0.25,5,0.2,fpr_owa,1.768739992363102,1.8408338656066765,1.6648480772683014,2.521330051813962,2.8249633333898125,0.7
full_seed11_drift_0p0_noise0p25_s5_a0p2_b0p7,11,drift,0.0,0.25,5,0.2,crp,1.768739992363102,1.8408338656066765,1.6648480772683014,2.521330051813962,2.8249633333898125,0.7
full_seed11_drift_0p0_noise0p25_s5_a0p3_b0p8,11,drift,0.0,0.25,5,0.3,fpr_owa,1.7807210666317297,1.853421338503683,1.700543780777097,2.5455608840162336,2.780508180814264,0.8
full_seed11_drift_0p0_noise0p25_s5_a0p3_b0p8,11,drift,0.0,0.25,5,0.3,crp,1.7807210666317297,1.853421338503683,1.700543780777097,2.5455608840162336,2.780508180814264,0.8
full_seed11_drift_0p0_noise0p25_s9_a0p2_b0p7,11,drift,0.0,0.25,9,0.2,fpr_owa,1.7461352404491015,1.8089103731019336,1.645012760945749,2.447591344300196,2.526468902583454,0.7
full_seed11_drift_0p0_noise0p25_s9_a0p2_b0p7,11,drift,0.0,0.25,9,0.2,crp,1.7463887434400327,1.8092445621181688,1.645012760945749,2.447591344300196,2.526468902583454,0.7
full_seed11_drift_0p0_noise0p25_s9_a0p3_b0p8,11,drift,0.0,0.25,9,0.3,fpr_owa,1.7255843389288017,1.797624491851203,1.630210464348906,2.4853318189876945,2.5830073309369843,0.8
full_seed11_drift_0p0_noise0p25_s9_a0p3_b0p8,11,drift,0.0,0.25,9,0.3,crp,1.7266353849468865,1.7989882338603809,1.630210464348906,2.4853318189876945,2.5830073309369843,0.8
full_seed11_drift_0p0_noise0p5_s13_a0p2_b0p7,11,drift,0.0,0.5,13,0.2,fpr_owa,1.2941491831629997,1.3694718070207743,1.2970916190651125,1.979666615836429,2.2904240069420423,0.7
full_seed11_drift_0p0_noise0p5_s13_a0p2_b0p7,11,drift,0.0,0.5,13,0.2,crp,1.3052333536073215,1.3830089110907258,1.2970916190651125,2.0583103842654302,2.2904240069420423,0.7
full_seed11_drift_0p0_noise0p5_s13_a0p3_b0p8,11,drift,0.0,0.5,13,0.3,fpr_owa,1.3879873128426703,1.4873215954875596,1.3082925736137798,2.2245555160048647,2.5341441719155235,0.8
full_seed11_drift_0p0_noise0p5_s13_a0p3_b0p8,11,drift,0.0,0.5,13,0.3,crp,1.4032743429891827,1.5044660511299015,1.323728973261268,2.2503150075942617,2.5341441719155235,0.8
full_seed11_drift_0p0_noise0p5_s5_a0p2_b0p7,11,drift,0.0,0.5,5,0.2,fpr_owa,1.7926018622007016,1.87783469716562,1.7723700273181024,2.684271847491995,3.190669428167615,0.7
full_seed11_drift_0p0_noise0p5_s5_a0p2_b0p7,11,drift,0.0,0.5,5,0.2,crp,1.7960853893362767,1.883204332941269,1.7723700273181024,2.6846289267011563,3.246589313978529,0.7
full_seed11_drift_0p0_noise0p5_s5_a0p3_b0p8,11,drift,0.0,0.5,5,0.3,fpr_owa,1.791824928608006,1.876863939248184,1.7385226185681226,2.7228923880791,3.101963578061354,0.8
full_seed11_drift_0p0_noise0p5_s5_a0p3_b0p8,11,drift,0.0,0.5,5,0.3,crp,1.7937165859728483,1.8799381993380773,1.7385226185681226,2.7228923880791,3.2863701541106525,0.8
full_seed11_drift_0p0_noise0p5_s9_a0p2_b0p7,11,drift,0.0,0.5,9,0.2,fpr_owa,1.7053325554692842,1.7803703247585505,1.6412696103953297,2.503828933608913,2.7646347948997105,0.7
full_seed11_drift_0p0_noise0p5_s9_a0p2_b0p7,11,drift,0.0,0.5,9,0.2,crp,1.7072344126820418,1.7820144265395983,1.6441890620646844,2.508182775778001,2.7646347948997105,0.7
full_seed11_drift_0p0_noise0p5_s9_a0p3_b0p8,11,drift,0.0,0.5,9,0.3,fpr_owa,1.7003480934025528,1.778436934064852,1.654233640163059,2.5271347718124075,2.864073642446804,0.8
full_seed11_drift_0p0_noise0p5_s9_a0p3_b0p8,11,drift,0.0,0.5,9,0.3,crp,1.7030225030190294,1.7815484229439311,1.6607103905430614,2.5271347718124075,2.864073642446804,0.8
full_seed11_drift_0p1_noise0p1_s13_a0p2_b0p7,11,drift,0.1,0.1,13,0.2,fpr_owa,1.1566124743257524,1.2054179750052865,1.142120196706647,1.6412388690111754,1.9345248155311032,0.7
full_seed11_drift_0p1_noise0p1_s13_a0p2_b0p7,11,drift,0.1,0.1,13,0.2,crp,1.1566124743257524,1.2054179750052865,1.142120196706647,1.6412388690111754,1.9345248155311032,0.7
full_seed11_drift_0p1_noise0p1_s13_a0p3_b0p8,11,drift,0.1,0.1,13,0.3,fpr_owa,1.4312940408237476,1.5048019933124916,1.4174988839065945,2.0793100472115107,2.3783493842158183,0.8
full_seed11_drift_0p1_noise0p1_s13_a0p3_b0p8,11,drift,0.1,0.1,13,0.3,crp,1.4312940408237476,1.5048019933124916,1.4174988839065945,2.0793100472115107,2.3783493842158183,0.8
full_seed11_drift_0p1_noise0p1_s5_a0p2_b0p7,11,drift,0.1,0.1,5,0.2,fpr_owa,1.7641788435487618,1.8344957748451296,1.6378153881221,2.480498620302904,2.605539676523132,0.7
full_seed11_drift_0p1_noise0p1_s5_a0p2_b0p7,11,drift,0.1,0.1,5,0.2,crp,1.7641788435487618,1.8344957748451296,1.6378153881221,2.480498620302904,2.605539676523132,0.7
full_seed11_drift_0p1_noise0p1_s5_a0p3_b0p8,11,drift,0.1,0.1,5,0.3,fpr_owa,1.774467932880156,1.850312605071101,1.6740220907729897,2.48608007812878,2.5953096084478187,0.8
full_seed11_drift_0p1_noise0p1_s5_a0p3_b0p8,11,drift,0.1,0.1,5,0.3,crp,1.774467932880156,1.850312605071101,1.6740220907729897,2.48608007812878,2.5953096084478187,0.8
full_seed11_drift_0p1_noise0p1_s9_a0p2_b0p7,11,drift,0.1,0.1,9,0.2,fpr_owa,1.7539837830464595,1.8062029778073203,1.6590818149398154,2.3901765024946293,2.589293532869417,0.7
full_seed11_drift_0p1_noise0p1_s9_a0p2_b0p7,11,drift,0.1,0.1,9,0.2,crp,1.7539837830464595,1.8062029778073203,1.6590818149398154,2.3901765024946293,2.589293532869417,0.7
full_seed11_drift_0p1_noise0p1_s9_a0p3_b0p8,11,drift,0.1,0.1,9,0.3,fpr_owa,1.7472031769104237,1.8172703463568047,1.630469374457959,2.459099780013018,2.545910318356591,0.8
full_seed11_drift_0p1_noise0p1_s9_a0p3_b0p8,11,drift,0.1,0.1,9,0.3,crp,1.7472031769104237,1.8172703463568047,1.630469374457959,2.459099780013018,2.545910318356591,0.8
full_seed11_drift_0p1_noise0p25_s13_a0p2_b0p7,11,drift,0.1,0.25,13,0.2,fpr_owa,1.1936704139437495,1.250774055980633,1.196450561908743,1.7688460182610573,1.9569972867118044,0.7
full_seed11_drift_0p1_noise0p25_s13_a0p2_b0p7,11,drift,0.1,0.25,13,0.2,crp,1.193514315676315,1.251273475036413,1.201525120231937,1.7688460182610573,1.9569972867118044,0.7
full_seed11_drift_0p1_noise0p25_s13_a0p3_b0p8,11,drift,0.1,0.25,13,0.3,fpr_owa,1.405242822857338,1.4954039918383728,1.342798994082838,2.1478781964448204,2.3214884090002728,0.8
full_seed11_drift_0p1_noise0p25_s13_a0p3_b0p8,11,drift,0.1,0.25,13,0.3,crp,1.4054091560838775,1.4962941947389623,1.342798994082838,2.1531044636103807,2.3214884090002728,0.8
full_seed11_drift_0p1_noise0p25_s5_a0p2_b0p7,11,drift,0.1,0.25,5,0.2,fpr_owa,1.768739992363102,1.8408338656066765,1.6648480772683014,2.521330051813962,2.8249633333898125,0.7
full_seed11_drift_0p1_noise0p25_s5_a0p2_b0p7,11,drift,0.1,0.25,5,0.2,crp,1.768739992363102,1.8408338656066765,1.6648480772683014,2.521330051813962,2.8249633333898125,0.7
full_seed11_drift_0p1_noise0p25_s5_a0p3_b0p8,11,drift,0.1,0.25,5,0.3,fpr_owa,1.7807210666317297,1.853421338503683,1.700543780777097,2.5455608840162336,2.780508180814264,0.8
full_seed11_drift_0p1_noise0p25_s5_a0p3_b0p8,11,drift,0.1,0.25,5,0.3,crp,1.7807210666317297,1.853421338503683,1.700543780777097,2.5455608840162336,2.780508180814264,0.8
full_seed11_drift_0p1_noise0p25_s9_a0p2_b0p7,11,drift,0.1,0.25,9,0.2,fpr_owa,1.743285115300812,1.8048496569971253,1.6863042003169244,2.4406277834969,2.645542804624483,0.7
full_seed11_drift_0p1_noise0p25_s9_a0p2_b0p7,11,drift,0.1,0.25,9,0.2,crp,1.7435386182917432,1.8051845977630732,1.6863042003169244,2.4406277834969,2.645542804624483,0.7
full_seed11_drift_0p1_noise0p25_s9_a0p3_b0p8,11,drift,0.1,0.25,9,0.3,fpr_owa,1.741560109578794,1.810075456262386,1.6599767386185893,2.485045580082999,2.5830073309369843,0.8
full_seed11_drift_0p1_noise0p25_s9_a0p3_b0p8,11,drift,0.1,0.25,9,0.3,crp,1.7426111555968788,1.8114298245386933,1.6599767386185893,2.485045580082999,2.5830073309369843,0.8
full_seed11_drift_0p1_noise0p5_s13_a0p2_b0p7,11,drift,0.1,0.5,13,0.2,fpr_owa,1.267572456193442,1.341561425079029,1.2649553423585371,1.9189448666518196,2.271293630337932,0.7
full_seed11_drift_0p1_noise0p5_s13_a0p2_b0p7,11,drift,0.1,0.5,13,0.2,crp,1.282493623731964,1.3596054439505625,1.2777369580669424,2.009577443229347,2.2611766581990023,0.7
full_seed11_drift_0p1_noise0p5_s13_a0p3_b0p8,11,drift,0.1,0.5,13,0.3,fpr_owa,1.3762636559574155,1.4724708722173847,1.3186080379276852,2.220810343502956,2.660827026171971,0.8
full_seed11_drift_0p1_noise0p5_s13_a0p3_b0p8,11,drift,0.1,0.5,13,0.3,crp,1.3926128329284044,1.490434076407173,1.3275551147285376,2.225509779083766,2.660827026171971,0.8
full_seed11_drift_0p1_noise0p5_s5_a0p2_b0p7,11,drift,0.1,0.5,5,0.2,fpr_owa,1.7926018622007016,1.87783469716562,1.7723700273181024,2.684271847491995,3.190669428167615,0.7
full_seed11_drift_0p1_noise0p5_s5_a0p2_b0p7,11,drift,0.1,0.5,5,0.2,crp,1.7960853893362767,1.883204332941269,1.7723700273181024,2.6846289267011563,3.246589313978529,0.7
full_seed11_drift_0p1_noise0p5_s5_a0p3_b0p8,11,drift,0.1,0.5,5,0.3,fpr_owa,1.791824928608006,1.876863939248184,1.7385226185681226,2.7228923880791,3.101963578061354,0.8
full_seed11_drift_0p1_noise0p5_s5_a0p3_b0p8,11,drift,0.1,0.5,5,0.3,crp,1.7937165859728483,1.8799381993380773,1.7385226185681226,2.7228923880791,3.2863701541106525,0.8
full_seed11_drift_0p1_noise0p5_s9_a0p2_b0p7,11,drift,0.1,0.5,9,0.2,fpr_owa,1.7097777324499548,1.787921728053838,1.649032269113958,2.5541403386437325,2.8246347948997106,0.7
full_seed11_drift_0p1_noise0p5_s9_a0p2_b0p7,11,drift,0.1,0.5,9,0.2,crp,1.7158045854435278,1.793365536162386,1.654484794892514,2.5541403386437325,2.856817346568401,0.7
full_seed11_drift_0p1_noise0p5_s9_a0p3_b0p8,11,drift,0.1,0.5,9,0.3,fpr_owa,1.715128324921012,1.7937520481507214,1.679834846689372,2.532438835951293,2.864073642446804,0.8
full_seed11_drift_0p1_noise0p5_s9_a0p3_b0p8,11,drift,0.1,0.5,9,0.3,crp,1.7194576575293383,1.798424929638311,1.6829764781660796,2.5572985436694933,2.8800944355587217,0.8
full_seed11_drift_0p2_noise0p1_s13_a0p2_b0p7,11,drift,0.2,0.1,13,0.2,fpr_owa,1.108296751482069,1.1792881776364246,1.1035576374951492,1.6709810121870732,2.5209123667143603,0.7
full_seed11_drift_0p2_noise0p1_s13_a0p2_b0p7,11,drift,0.2,0.1,13,0.2,crp,1.108296751482069,1.1792881776364246,1.1035576374951492,1.6709810121870732,2.5209123667143603,0.7
full_seed11_drift_0p2_noise0p1_s13_a0p3_b0p8,11,drift,0.2,0.1,13,0.3,fpr_owa,1.3475683323760488,1.4469091396294531,1.271120432449838,2.122359392923232,3.062537466622936,0.8
full_seed11_drift_0p2_noise0p1_s13_a0p3_b0p8,11,drift,0.2,0.1,13,0.3,crp,1.3475683323760488,1.4469091396294531,1.271120432449838,2.122359392923232,3.062537466622936,0.8
full_seed11_drift_0p2_noise0p1_s5_a0p2_b0p7,11,drift,0.2,0.1,5,0.2,fpr_owa,1.745779364995566,1.8137403489804704,1.648555194955635,2.481785300351368,2.638665257632716,0.7
full_seed11_drift_0p2_noise0p1_s5_a0p2_b0p7,11,drift,0.2,0.1,5,0.2,crp,1.745779364995566,1.8137403489804704,1.648555194955635,2.481785300351368,2.638665257632716,0.7
full_seed11_drift_0p2_noise0p1_s5_a0p3_b0p8,11,drift,0.2,0.1,5,0.3,fpr_owa,1.782056812707495,1.850621174632041,1.7032894478528156,2.482295824473568,2.611416338417802,0.8
full_seed11_drift_0p2_noise0p1_s5_a0p3_b0p8,11,drift,0.2,0.1,5,0.3,crp,1.782056812707495,1.850621174632041,1.7032894478528156,2.482295824473568,2.611416338417802,0.8
full_seed11_drift_0p2_noise0p1_s9_a0p2_b0p7,11,drift,0.2,0.1,9,0.2,fpr_owa,1.7657224107421257,1.8272768837551665,1.658357487208125,2.4947885417690427,3.0029776442940714,0.7
full_seed11_drift_0p2_noise0p1_s9_a0p2_b0p7,11,drift,0.2,0.1,9,0.2,crp,1.7657224107421257,1.8272768837551665,1.658357487208125,2.4947885417690427,3.0029776442940714,0.7
full_seed11_drift_0p2_noise0p1_s9_a0p3_b0p8,11,drift,0.2,0.1,9,0.3,fpr_owa,1.7462560470426618,1.8158675951403225,1.6708156562324383,2.4702790155702665,2.63035851943661,0.8
full_seed11_drift_0p2_noise0p1_s9_a0p3_b0p8,11,drift,0.2,0.1,9,0.3,crp,1.7462560470426618,1.8158675951403225,1.6708156562324383,2.4702790155702665,2.63035851943661,0.8
full_seed11_drift_0p2_noise0p25_s13_a0p2_b0p7,11,drift,0.2,0.25,13,0.2,fpr_owa,1.1687664304281646,1.245038558259358,1.137974695421447,1.8352263680681904,2.46362843787216,0.7
full_seed11_drift_0p2_noise0p25_s13_a0p2_b0p7,11,drift,0.2,0.25,13,0.2,crp,1.1675779423177624,1.2446986615555828,1.137974695421447,1.8352263680681904,2.46362843787216,0.7
full_seed11_drift_0p2_noise0p25_s13_a0p3_b0p8,11,drift,0.2,0.25,13,0.3,fpr_owa,1.3533620660999104,1.4607253277282977,1.213392665095918,2.1961157464610124,3.0343080958142,0.8
full_seed11_drift_0p2_noise0p25_s13_a0p3_b0p8,11,drift,0.2,0.25,13,0.3,crp,1.3548325239856378,1.4619193005819764,1.229886633775039,2.1961157464610124,3.0343080958142,0.8
full_seed11_drift_0p2_noise0p25_s5_a0p2_b0p7,11,drift,0.2,0.25,5,0.2,fpr_owa,1.7739843532787354,1.8453226694533036,1.7176561112642743,2.5517197249860435,2.8813635168313296,0.7
full_seed11_drift_0p2_noise0p25_s5_a0p2_b0p7,11,drift,0.2,0.25,5,0.2,crp,1.7739843532787354,1.8453226694533036,1.7176561112642743,2.5517197249860435,2.8813635168313296,0.7
full_seed11_drift_0p2_noise0p25_s5_a0p3_b0p8,11,drift,0.2,0.25,5,0.3,fpr_owa,1.8033124620651664,1.8731122932892303,1.7485018190887929,2.5680035887528394,2.780508180814264,0.8
full_seed11_drift_0p2_noise0p25_s5_a0p3_b0p8,11,drift,0.2,0.25,5,0.3,crp,1.8033124620651664,1.8731122932892303,1.7485018190887929,2.5680035887528394,2.780508180814264,0.8
full_seed11_drift_0p2_noise0p25_s9_a0p2_b0p7,11,drift,0.2,0.25,9,0.2,fpr_owa,1.7699120239708506,1.8425992874816084,1.6975898359788784,2.5972286049748834,3.0305180084696874,0.7
full_seed11_drift_0p2_noise0p25_s9_a0p2_b0p7,11,drift,0.2,0.25,9,0.2,crp,1.7701655269617818,1.842927367496104,1.6975898359788784,2.5972286049748834,3.0305180084696874,0.7
full_seed11_drift_0p2_noise0p25_s9_a0p3_b0p8,11,drift,0.2,0.25,9,0.3,fpr_owa,1.746558737619638,1.8160426015476516,1.6923949027081786,2.5211505520280766,2.734508463761609,0.8
full_seed11_drift_0p2_noise0p25_s9_a0p3_b0p8,11,drift,0.2,0.25,9,0.3,crp,1.7476097836377231,1.8173925229572057,1.6923949027081786,2.5211505520280766,2.734508463761609,0.8
full_seed11_drift_0p2_noise0p5_s13_a0p2_b0p7,11,drift,0.2,0.5,13,0.2,fpr_owa,1.2668770841798564,1.3511205453483257,1.263434402574169,2.047008279251077,2.363915295318339,0.7
full_seed11_drift_0p2_noise0p5_s13_a0p2_b0p7,11,drift,0.2,0.5,13,0.2,crp,1.2946922731116206,1.3881838294102875,1.2648381005201172,2.0662442107703023,3.292613696992673,0.7
full_seed11_drift_0p2_noise0p5_s13_a0p3_b0p8,11,drift,0.2,0.5,13,0.3,fpr_owa,1.3611024574775132,1.4643486289950147,1.2762746346860627,2.282084598689531,2.964941946774711,0.8
full_seed11_drift_0p2_noise0p5_s13_a0p3_b0p8,11,drift,0.2,0.5,13,0.3,crp,1.388583619568032,1.5016055032826126,1.2785915016634866,2.317169576386698,3.54480964913726,0.8
full_seed11_drift_0p2_noise0p5_s5_a0p2_b0p7,11,drift,0.2,0.5,5,0.2,fpr_owa,1.80178988501184,1.8867271480255108,1.765108379922567,2.6846289267011563,3.3302754737675038,0.7
full_seed11_drift_0p2_noise0p5_s5_a0p2_b0p7,11,drift,0.2,0.5,5,0.2,crp,1.811938049999701,1.8966870518548629,1.776471658419267,2.6915603866972435,3.3302754737675038,0.7
full_seed11_drift_0p2_noise0p5_s5_a0p3_b0p8,11,drift,0.2,0.5,5,0.3,fpr_owa,1.8199530359762304,1.9036090412983409,1.750480242222706,2.735134597217824,3.157534012913184,0.8
full_seed11_drift_0p2_noise0p5_s5_a0p3_b0p8,11,drift,0.2,0.5,5,0.3,crp,1.827575947209076,1.91087344203284,1.769968748069738,2.735134597217824,3.2863701541106525,0.8
full_seed11_drift_0p2_noise0p5_s9_a0p2_b0p7,11,drift,0.2,0.5,9,0.2,fpr_owa,1.750564814152375,1.835406534432541,1.6727961820660482,2.6221388588895,3.255382594386408,0.7
full_seed11_drift_0p2_noise0p5_s9_a0p2_b0p7,11,drift,0.2,0.5,9,0.2,crp,1.7508034712487217,1.8354965670927168,1.6847929485807036,2.6221388588895,3.255382594386408,0.7
full_seed11_drift_0p2_noise0p5_s9_a0p3_b0p8,11,drift,0.2,0.5,9,0.3,fpr_owa,1.7269399410822086,1.8088725918027568,1.7158511457965069,2.546658713438171,2.966145204740916,0.8
full_seed11_drift_0p2_noise0p5_s9_a0p3_b0p8,11,drift,0.2,0.5,9,0.3,crp,1.7321989063479928,1.8156665456450305,1.721527439263552,2.6079309842216225,2.975272284723963,0.8
full_seed11_drift_0p3_noise0p1_s13_a0p2_b0p7,11,drift,0.3,0.1,13,0.2,fpr_owa,1.1763394699146654,1.2462193720384924,1.117472049718084,1.7463713123152782,2.9122426208878145,0.7
full_seed11_drift_0p3_noise0p1_s13_a0p2_b0p7,11,drift,0.3,0.1,13,0.2,crp,1.1763394699146654,1.2462193720384924,1.117472049718084,1.7463713123152782,2.9122426208878145,0.7
full_seed11_drift_0p3_noise0p1_s13_a0p3_b0p8,11,drift,0.3,0.1,13,0.3,fpr_owa,1.3521665056539036,1.4752358831363923,1.2886795337479806,2.144816049048908,3.4548451589306284,0.8
full_seed11_drift_0p3_noise0p1_s13_a0p3_b0p8,11,drift,0.3,0.1,13,0.3,crp,1.3521665056539036,1.4752358831363923,1.2886795337479806,2.144816049048908,3.4548451589306284,0.8
full_seed11_drift_0p3_noise0p1_s5_a0p2_b0p7,11,drift,0.3,0.1,5,0.2,fpr_owa,1.933603372074886,2.03379830594796,1.8269044498976887,3.1323822011806244,3.539523827520332,0.7
full_seed11_drift_0p3_noise0p1_s5_a0p2_b0p7,11,drift,0.3,0.1,5,0.2,crp,1.933603372074886,2.03379830594796,1.8269044498976887,3.1323822011806244,3.539523827520332,0.7
full_seed11_drift_0p3_noise0p1_s5_a0p3_b0p8,11,drift,0.3,0.1,5,0.3,fpr_owa,1.8864083256187267,1.9625238218159984,1.9051411210170304,2.737321886333847,2.9890403340808187,0.8
full_seed11_drift_0p3_noise0p1_s5_a0p3_b0p8,11,drift,0.3,0.1,5,0.3,crp,1.8864083256187267,1.9625238218159984,1.9051411210170304,2.737321886333847,2.9890403340808187,0.8
full_seed11_drift_0p3_noise0p1_s9_a0p2_b0p7,11,drift,0.3,0.1,9,0.2,fpr_owa,1.887080582664301,1.9647242500428144,1.8284934312187489,3.00229856531273,3.5136678656391545,0.7
full_seed11_drift_0p3_noise0p1_s9_a0p2_b0p7,11,drift,0.3,0.1,9,0.2,crp,1.887080582664301,1.9647242500428144,1.8284934312187489,3.00229856531273,3.5136678656391545,0.7
full_seed11_drift_0p3_noise0p1_s9_a0p3_b0p8,11,drift,0.3,0.1,9,0.3,fpr_owa,1.8093219973988752,1.8882339432386976,1.772457455505121,2.710594319020209,3.059422889702295,0.8
full_seed11_drift_0p3_noise0p1_s9_a0p3_b0p8,11,drift,0.3,0.1,9,0.3,crp,1.8093219973988752,1.8882339432386976,1.772457455505121,2.710594319020209,3.059422889702295,0.8
full_seed11_drift_0p3_noise0p25_s13_a0p2_b0p7,11,drift,0.3,0.25,13,0.2,fpr_owa,1.2382953910186614,1.3169913998756315,1.1832512432811066,1.9261130615312243,3.014320785450427,0.7
full_seed11_drift_0p3_noise0p25_s13_a0p2_b0p7,11,drift,0.3,0.25,13,0.2,crp,1.2382269184853711,1.3170687580894844,1.1832512432811066,1.9261130615312243,3.014320785450427,0.7
full_seed11_drift_0p3_noise0p25_s13_a0p3_b0p8,11,drift,0.3,0.25,13,0.3,fpr_owa,1.372028292585413,1.5003773652036811,1.277699195105906,2.280239652926668,3.426615788121892,0.8
full_seed11_drift_0p3_noise0p25_s13_a0p3_b0p8,11,drift,0.3,0.25,13,0.3,crp,1.3715448026971244,1.500161272528531,1.2763195619764225,2.280239652926668,3.426615788121892,0.8
full_seed11_drift_0p3_noise0p25_s5_a0p2_b0p7,11,drift,0.3,0.25,5,0.2,fpr_owa,1.9650023255342588,2.0637977366569658,1.9516101393353091,3.110442987563981,3.565886620209932,0.7
full_seed11_drift_0p3_noise0p25_s5_a0p2_b0p7,11,drift,0.3,0.25,5,0.2,crp,1.9650023255342588,2.0637977366569658,1.9516101393353091,3.110442987563981,3.565886620209932,0.7
full_seed11_drift_0p3_noise0p25_s5_a0p3_b0p8,11,drift,0.3,0.25,5,0.3,fpr_owa,1.9070219460191595,1.9830271454912811,1.9443468167487947,2.7417282046009226,3.038802040726257,0.8
full_seed11_drift_0p3_noise0p25_s5_a0p3_b0p8,11,drift,0.3,0.25,5,0.3,crp,1.9070219460191595,1.9830271454912811,1.9443468167487947,2.7417282046009226,3.038802040726257,0.8
full_seed11_drift_0p3_noise0p25_s9_a0p2_b0p7,11,drift,0.3,0.25,9,0.2,fpr_owa,1.8787377637060425,1.967741569773919,1.8325247134851732,3.1171363379539594,3.604136877128066,0.7
full_seed11_drift_0p3_noise0p25_s9_a0p2_b0p7,11,drift,0.3,0.25,9,0.2,crp,1.8789912666969733,1.9680487882811024,1.8325247134851732,3.1171363379539594,3.604136877128066,0.7
full_seed11_drift_0p3_noise0p25_s9_a0p3_b0p8,11,drift,0.3,0.25,9,0.3,fpr_owa,1.8125901291018625,1.8929811533336631,1.7827357244323063,2.7651262060564155,3.046196869281279,0.8
full_seed11_drift_0p3_noise0p25_s9_a0p3_b0p8,11,drift,0.3,0.25,9,0.3,crp,1.8136411751199475,1.8942762466813656,1.7827357244323063,2.7651262060564155,3.046196869281279,0.8
full_seed11_drift_0p3_noise0p5_s13_a0p2_b0p7,11,drift,0.3,0.5,13,0.2,fpr_owa,1.3369278015795485,1.4297673232214512,1.3507216818322534,2.1342369543316373,3.011843190322542,0.7
full_seed11_drift_0p3_noise0p5_s13_a0p2_b0p7,11,drift,0.3,0.5,13,0.2,crp,1.3392498379965645,1.4343931412072848,1.3193374410392744,2.115257837715284,3.093324552537545,0.7
full_seed11_drift_0p3_noise0p5_s13_a0p3_b0p8,11,drift,0.3,0.5,13,0.3,fpr_owa,1.3812462654631414,1.502227402566455,1.34025927816716,2.2890138410252656,3.4603458367099624,0.8
full_seed11_drift_0p3_noise0p5_s13_a0p3_b0p8,11,drift,0.3,0.5,13,0.3,crp,1.3914941437213728,1.5178714808907412,1.3196100386429213,2.3179567142285498,3.554167240245385,0.8
full_seed11_drift_0p3_noise0p5_s5_a0p2_b0p7,11,drift,0.3,0.5,5,0.2,fpr_owa,2.00668446272097,2.136838264699525,1.9389376916807697,3.1882599717185216,4.8758665664416245,0.7
full_seed11_drift_0p3_noise0p5_s5_a0p2_b0p7,11,drift,0.3,0.5,5,0.2,crp,2.006230879257065,2.135735497260301,1.9450612148398672,3.188843403367632,4.8758665664416245,0.7
full_seed11_drift_0p3_noise0p5_s5_a0p3_b0p8,11,drift,0.3,0.5,5,0.3,fpr_owa,1.9590981612896037,2.06536850702029,1.8967021739639751,2.983827027333592,4.216383334483008,0.8
full_seed11_drift_0p3_noise0p5_s5_a0p3_b0p8,11,drift,0.3,0.5,5,0.3,crp,1.9614083074016944,2.070728762951896,1.8987992585317484,3.0350977196884688,4.216383334483008,0.8
full_seed11_drift_0p3_noise0p5_s9_a0p2_b0p7,11,drift,0.3,0.5,9,0.2,fpr_owa,1.848399047495148,1.9535337156833728,1.7471756936899612,3.093722610578354,3.940980195536341,0.7
full_seed11_drift_0p3_noise0p5_s9_a0p2_b0p7,11,drift,0.3,0.5,9,0.2,crp,1.8436111659255905,1.9482384703421516,1.766209116405331,3.0906831864700397,3.940980195536341,0.7
full_seed11_drift_0p3_noise0p5_s9_a0p3_b0p8,11,drift,0.3,0.5,9,0.3,fpr_owa,1.7925340736336424,1.886302340289211,1.7434167459180805,2.86540125774134,3.4020219470639823,0.8
full_seed11_drift_0p3_noise0p5_s9_a0p3_b0p8,11,drift,0.3,0.5,9,0.3,crp,1.791103909504094,1.886578243507655,1.7434167459180805,2.880621011197662,3.4020219470639823,0.8
full_seed11_drift_0p4_noise0p1_s13_a0p2_b0p7,11,drift,0.4,0.1,13,0.2,fpr_owa,1.294710318110062,1.3730168764685746,1.220924875755438,1.936164547125656,3.2095010295574045,0.7
full_seed11_drift_0p4_noise0p1_s13_a0p2_b0p7,11,drift,0.4,0.1,13,0.2,crp,1.294710318110062,1.3730168764685746,1.220924875755438,1.936164547125656,3.2095010295574045,0.7
full_seed11_drift_0p4_noise0p1_s13_a0p3_b0p8,11,drift,0.4,0.1,13,0.3,fpr_owa,1.4795635028195373,1.6010691578793363,1.3739535433231702,2.3838524681511566,3.834294378595154,0.8
full_seed11_drift_0p4_noise0p1_s13_a0p3_b0p8,11,drift,0.4,0.1,13,0.3,crp,1.4795635028195373,1.6010691578793363,1.3739535433231702,2.3838524681511566,3.834294378595154,0.8
full_seed11_drift_0p4_noise0p1_s5_a0p2_b0p7,11,drift,0.4,0.1,5,0.2,fpr_owa,1.933603372074886,2.03379830594796,1.8269044498976887,3.1323822011806244,3.539523827520332,0.7
full_seed11_drift_0p4_noise0p1_s5_a0p2_b0p7,11,drift,0.4,0.1,5,0.2,crp,1.933603372074886,2.03379830594796,1.8269044498976887,3.1323822011806244,3.539523827520332,0.7
full_seed11_drift_0p4_noise0p1_s5_a0p3_b0p8,11,drift,0.4,0.1,5,0.3,fpr_owa,1.8864083256187267,1.9625238218159984,1.9051411210170304,2.737321886333847,2.9890403340808187,0.8
full_seed11_drift_0p4_noise0p1_s5_a0p3_b0p8,11,drift,0.4,0.1,5,0.3,crp,1.8864083256187267,1.9625238218159984,1.9051411210170304,2.737321886333847,2.9890403340808187,0.8
full_seed11_drift_0p4_noise0p1_s9_a0p2_b0p7,11,drift,0.4,0.1,9,0.2,fpr_owa,2.019510214894939,2.1352199686267963,1.9634315040505743,3.680095382236398,4.127001198972488,0.7
full_seed11_drift_0p4_noise0p1_s9_a0p2_b0p7,11,drift,0.4,0.1,9,0.2,crp,2.019510214894939,2.1352199686267963,1.9634315040505743,3.680095382236398,4.127001198972488,0.7
full_seed11_drift_0p4_noise0p1_s9_a0p3_b0p8,11,drift,0.4,0.1,9,0.3,fpr_owa,1.9271249118415976,2.0268947541415225,1.8718776325195856,3.205102870134556,3.6010051930393474,0.8
full_seed11_drift_0p4_noise0p1_s9_a0p3_b0p8,11,drift,0.4,0.1,9,0.3,crp,1.9271249118415976,2.0268947541415225,1.8718776325195856,3.205102870134556,3.6010051930393474,0.8
full_seed11_drift_0p4_noise0p25_s13_a0p2_b0p7,11,drift,0.4,0.25,13,0.2,fpr_owa,1.3708604071232264,1.4607130761056082,1.3308681712655577,2.1599004293836237,3.2580206688031774,0.7
full_seed11_drift_0p4_noise0p25_s13_a0p2_b0p7,11,drift,0.4,0.25,13,0.2,crp,1.3711725807116713,1.4610612218282326,1.3308681712655577,2.1599004293836237,3.2580206688031774,0.7
full_seed11_drift_0p4_noise0p25_s13_a0p3_b0p8,11,drift,0.4,0.25,13,0.3,fpr_owa,1.4930673524569325,1.6264377619237125,1.4095861845498625,2.424687071174901,3.8044777693434177,0.8
full_seed11_drift_0p4_noise0p25_s13_a0p3_b0p8,11,drift,0.4,0.25,13,0.3,crp,1.4933852952070377,1.62685413967208,1.4095861845498625,2.424687071174901,3.8044777693434177,0.8
full_seed11_drift_0p4_noise0p25_s5_a0p2_b0p7,11,drift,0.4,0.25,5,0.2,fpr_owa,1.9650023255342588,2.0637977366569658,1.9516101393353091,3.110442987563981,3.565886620209932,0.7
full_seed11_drift_0p4_noise0p25_s5_a0p2_b0p7,11,drift,0.4,0.25,5,0.2,crp,1.9650023255342588,2.0637977366569658,1.9516101393353091,3.110442987563981,3.565886620209932,0.7
full_seed11_drift_0p4_noise0p25_s5_a0p3_b0p8,11,drift,0.4,0.25,5,0.3,fpr_owa,1.9070219460191595,1.9830271454912811,1.9443468167487947,2.7417282046009226,3.038802040726257,0.8
full_seed11_drift_0p4_noise0p25_s5_a0p3_b0p8,11,drift,0.4,0.25,5,0.3,crp,1.9070219460191595,1.9830271454912811,1.9443468167487947,2.7417282046009226,3.038802040726257,0.8
full_seed11_drift_0p4_noise0p25_s9_a0p2_b0p7,11,drift,0.4,0.25,9,0.2,fpr_owa,1.997677997586229,2.118635896916221,1.9538166620729152,3.712642836250122,4.095301505364583,0.7
full_seed11_drift_0p4_noise0p25_s9_a0p2_b0p7,11,drift,0.4,0.25,9,0.2,crp,1.99793150057716,2.118921237644379,1.9538166620729152,3.712642836250122,4.095301505364583,0.7
full_seed11_drift_0p4_noise0p25_s9_a0p3_b0p8,11,drift,0.4,0.25,9,0.3,fpr_owa,1.91755413950608,2.0179837570378245,1.8854141458626184,3.2078374726223284,3.5339500000399635,0.8
full_seed11_drift_0p4_noise0p25_s9_a0p3_b0p8,11,drift,0.4,0.25,9,0.3,crp,1.9186051855241648,2.019198676587643,1.8854141458626184,3.2078374726223284,3.5339500000399635,0.8
full_seed11_drift_0p4_noise0p5_s13_a0p2_b0p7,11,drift,0.4,0.5,13,0.2,fpr_owa,1.4461266523473049,1.5544775925260346,1.427762600026343,2.4997624728764305,3.4708668507878766,0.7
full_seed11_drift_0p4_noise0p5_s13_a0p2_b0p7,11,drift,0.4,0.5,13,0.2,crp,1.459774830815556,1.5762013340432686,1.4364480357584504,2.490498668545932,4.155744532841906,0.7
full_seed11_drift_0p4_noise0p5_s13_a0p3_b0p8,11,drift,0.4,0.5,13,0.3,fpr_owa,1.47293937284305,1.6086767565148683,1.3800840746225465,2.493046517332183,3.746072755699421,0.8
full_seed11_drift_0p4_noise0p5_s13_a0p3_b0p8,11,drift,0.4,0.5,13,0.3,crp,1.4983838067047308,1.6453199759030177,1.397615973660974,2.495607166136716,4.448649267406288,0.8
full_seed11_drift_0p4_noise0p5_s5_a0p2_b0p7,11,drift,0.4,0.5,5,0.2,fpr_owa,2.00668446272097,2.136838264699525,1.9389376916807697,3.1882599717185216,4.8758665664416245,0.7
full_seed11_drift_0p4_noise0p5_s5_a0p2_b0p7,11,drift,0.4,0.5,5,0.2,crp,2.006230879257065,2.135735497260301,1.9450612148398672,3.188843403367632,4.8758665664416245,0.7
full_seed11_drift_0p4_noise0p5_s5_a0p3_b0p8,11,drift,0.4,0.5,5,0.3,fpr_owa,1.9590981612896037,2.06536850702029,1.8967021739639751,2.983827027333592,4.216383334483008,0.8
full_seed11_drift_0p4_noise0p5_s5_a0p3_b0p8,11,drift,0.4,0.5,5,0.3,crp,1.9614083074016944,2.070728762951896,1.8987992585317484,3.0350977196884688,4.216383334483008,0.8
full_seed11_drift_0p4_noise0p5_s9_a0p2_b0p7,11,drift,0.4,0.5,9,0.2,fpr_owa,1.9478434634879107,2.077804621622849,1.881764795910388,3.556534396626362,4.115068719107072,0.7
full_seed11_drift_0p4_noise0p5_s9_a0p2_b0p7,11,drift,0.4,0.5,9,0.2,crp,1.9467256771390615,2.0757369665943237,1.9139322555332177,3.4934270803107337,4.197124375781037,0.7
full_seed11_drift_0p4_noise0p5_s9_a0p3_b0p8,11,drift,0.4,0.5,9,0.3,fpr_owa,1.8860092184854544,1.9984043572889345,1.8335271059531757,3.317791868618845,3.803258960653031,0.8
full_seed11_drift_0p4_noise0p5_s9_a0p3_b0p8,11,drift,0.4,0.5,9,0.3,crp,1.9003780501170529,2.0224247962620776,1.84774768054028,3.317791868618845,4.149067169360825,0.8
full_seed11_freeze_0p0_noise0p1_s13_a0p2_b0p7,11,freeze,0.0,0.1,13,0.2,fpr_owa,1.2030380377571297,1.251722441779351,1.2026784507458006,1.6480635543117987,1.7018842003615893,0.7
full_seed11_freeze_0p0_noise0p1_s13_a0p2_b0p7,11,freeze,0.0,0.1,13,0.2,crp,1.2030380377571297,1.251722441779351,1.2026784507458006,1.6480635543117987,1.7018842003615893,0.7
full_seed11_freeze_0p0_noise0p1_s13_a0p3_b0p8,11,freeze,0.0,0.1,13,0.3,fpr_owa,1.4692993938784018,1.5449144247902484,1.433608269751376,2.093640686237393,2.1531616283456394,0.8
full_seed11_freeze_0p0_noise0p1_s13_a0p3_b0p8,11,freeze,0.0,0.1,13,0.3,crp,1.4692993938784018,1.5449144247902484,1.433608269751376,2.093640686237393,2.1531616283456394,0.8
full_seed11_freeze_0p0_noise0p1_s5_a0p2_b0p7,11,freeze,0.0,0.1,5,0.2,fpr_owa,1.7641788435487618,1.8344957748451296,1.6378153881221,2.480498620302904,2.605539676523132,0.7
full_seed11_freeze_0p0_noise0p1_s5_a0p2_b0p7,11,freeze,0.0,0.1,5,0.2,crp,1.7641788435487618,1.8344957748451296,1.6378153881221,2.480498620302904,2.605539676523132,0.7
full_seed11_freeze_0p0_noise0p1_s5_a0p3_b0p8,11,freeze,0.0,0.1,5,0.3,fpr_owa,1.774467932880156,1.850312605071101,1.6740220907729897,2.48608007812878,2.5953096084478187,0.8
full_seed11_freeze_0p0_noise0p1_s5_a0p3_b0p8,11,freeze,0.0,0.1,5,0.3,crp,1.774467932880156,1.850312605071101,1.6740220907729897,2.48608007812878,2.5953096084478187,0.8
full_seed11_freeze_0p0_noise0p1_s9_a0p2_b0p7,11,freeze,0.0,0.1,9,0.2,fpr_owa,1.76382617176232,1.818790851360434,1.646441406201646,2.403961893301196,2.574826357871061,0.7
full_seed11_freeze_0p0_noise0p1_s9_a0p2_b0p7,11,freeze,0.0,0.1,9,0.2,crp,1.76382617176232,1.818790851360434,1.646441406201646,2.403961893301196,2.574826357871061,0.7
full_seed11_freeze_0p0_noise0p1_s9_a0p3_b0p8,11,freeze,0.0,0.1,9,0.3,fpr_owa,1.7391030676721655,1.8148932617376512,1.576794331174129,2.4696643260282585,2.5362443408446937,0.8
full_seed11_freeze_0p0_noise0p1_s9_a0p3_b0p8,11,freeze,0.0,0.1,9,0.3,crp,1.7391030676721655,1.8148932617376512,1.576794331174129,2.4696643260282585,2.5362443408446937,0.8
full_seed11_freeze_0p0_noise0p25_s13_a0p2_b0p7,11,freeze,0.0,0.25,13,0.2,fpr_owa,1.2367405563130776,1.2975391058372567,1.231759497280631,1.7918660933805393,1.9569972867118044,0.7
full_seed11_freeze_0p0_noise0p25_s13_a0p2_b0p7,11,freeze,0.0,0.25,13,0.2,crp,1.2367405563130776,1.2975391058372567,1.231759497280631,1.7918660933805393,1.9569972867118044,0.7
full_seed11_freeze_0p0_noise0p25_s13_a0p3_b0p8,11,freeze,0.0,0.25,13,0.3,fpr_owa,1.4406965827838207,1.5385127187146916,1.3426406936018875,2.1780674388216434,2.3214884090002728,0.8
full_seed11_freeze_0p0_noise0p25_s13_a0p3_b0p8,11,freeze,0.0,0.25,13,0.3,crp,1.4406965827838207,1.5385127187146916,1.3426406936018875,2.1780674388216434,2.3214884090002728,0.8
full_seed11_freeze_0p0_noise0p25_s5_a0p2_b0p7,11,freeze,0.0,0.25,5,0.2,fpr_owa,1.768739992363102,1.8408338656066765,1.6648480772683014,2.521330051813962,2.8249633333898125,0.7
full_seed11_freeze_0p0_noise0p25_s5_a0p2_b0p7,11,freeze,0.0,0.25,5,0.2,crp,1.768739992363102,1.8408338656066765,1.6648480772683014,2.521330051813962,2.8249633333898125,0.7
full_seed11_freeze_0p0_noise0p25_s5_a0p3_b0p8,11,freeze,0.0,0.25,5,0.3,fpr_owa,1.7807210666317297,1.853421338503683,1.700543780777097,2.5455608840162336,2.780508180814264,0.8
full_seed11_freeze_0p0_noise0p25_s5_a0p3_b0p8,11,freeze,0.0,0.25,5,0.3,crp,1.7807210666317297,1.853421338503683,1.700543780777097,2.5455608840162336,2.780508180814264,0.8
full_seed11_freeze_0p0_noise0p25_s9_a0p2_b0p7,11,freeze,0.0,0.25,9,0.2,fpr_owa,1.7461352404491015,1.8089103731019336,1.645012760945749,2.447591344300196,2.526468902583454,0.7
full_seed11_freeze_0p0_noise0p25_s9_a0p2_b0p7,11,freeze,0.0,0.25,9,0.2,crp,1.7463887434400327,1.8092445621181688,1.645012760945749,2.447591344300196,2.526468902583454,0.7
full_seed11_freeze_0p0_noise0p25_s9_a0p3_b0p8,11,freeze,0.0,0.25,9,0.3,fpr_owa,1.7255843389288017,1.797624491851203,1.630210464348906,2.4853318189876945,2.5830073309369843,0.8
full_seed11_freeze_0p0_noise0p25_s9_a0p3_b0p8,11,freeze,0.0,0.25,9,0.3,crp,1.7266353849468865,1.7989882338603809,1.630210464348906,2.4853318189876945,2.5830073309369843,0.8
full_seed11_freeze_0p0_noise0p5_s13_a0p2_b0p7,11,freeze,0.0,0.5,13,0.2,fpr_owa,1.2941491831629997,1.3694718070207743,1.2970916190651125,1.979666615836429,2.2904240069420423,0.7
full_seed11_freeze_0p0_noise0p5_s13_a0p2_b0p7,11,freeze,0.0,0.5,13,0.2,crp,1.3052333536073215,1.3830089110907258,1.2970916190651125,2.0583103842654302,2.2904240069420423,0.7
full_seed11_freeze_0p0_noise0p5_s13_a0p3_b0p8,11,freeze,0.0,0.5,13,0.3,fpr_owa,1.3879873128426703,1.4873215954875596,1.3082925736137798,2.2245555160048647,2.5341441719155235,0.8
full_seed11_freeze_0p0_noise0p5_s13_a0p3_b0p8,11,freeze,0.0,0.5,13,0.3,crp,1.4032743429891827,1.5044660511299015,1.323728973261268,2.2503150075942617,2.5341441719155235,0.8
full_seed11_freeze_0p0_noise0p5_s5_a0p2_b0p7,11,freeze,0.0,0.5,5,0.2,fpr_owa,1.7926018622007016,1.87783469716562,1.7723700273181024,2.684271847491995,3.190669428167615,0.7
full_seed11_freeze_0p0_noise0p5_s5_a0p2_b0p7,11,freeze,0.0,0.5,5,0.2,crp,1.7960853893362767,1.883204332941269,1.7723700273181024,2.6846289267011563,3.246589313978529,0.7
full_seed11_freeze_0p0_noise0p5_s5_a0p3_b0p8,11,freeze,0.0,0.5,5,0.3,fpr_owa,1.791824928608006,1.876863939248184,1.7385226185681226,2.7228923880791,3.101963578061354,0.8
full_seed11_freeze_0p0_noise0p5_s5_a0p3_b0p8,11,freeze,0.0,0.5,5,0.3,crp,1.7937165859728483,1.8799381993380773,1.7385226185681226,2.7228923880791,3.2863701541106525,0.8
full_seed11_freeze_0p0_noise0p5_s9_a0p2_b0p7,11,freeze,0.0,0.5,9,0.2,fpr_owa,1.7053325554692842,1.7803703247585505,1.6412696103953297,2.503828933608913,2.7646347948997105,0.7
full_seed11_freeze_0p0_noise0p5_s9_a0p2_b0p7,11,freeze,0.0,0.5,9,0.2,crp,1.7072344126820418,1.7820144265395983,1.6441890620646844,2.508182775778001,2.7646347948997105,0.7
full_seed11_freeze_0p0_noise0p5_s9_a0p3_b0p8,11,freeze,0.0,0.5,9,0.3,fpr_owa,1.7003480934025528,1.778436934064852,1.654233640163059,2.5271347718124075,2.864073642446804,0.8
full_seed11_freeze_0p0_noise0p5_s9_a0p3_b0p8,11,freeze,0.0,0.5,9,0.3,crp,1.7030225030190294,1.7815484229439311,1.6607103905430614,2.5271347718124075,2.864073642446804,0.8
full_seed11_freeze_0p1_noise0p1_s13_a0p2_b0p7,11,freeze,0.1,0.1,13,0.2,fpr_owa,1.2028870320099634,1.2517264011600946,1.2028869382646048,1.6451687957481138,1.7018842003615893,0.7
full_seed11_freeze_0p1_noise0p1_s13_a0p2_b0p7,11,freeze,0.1,0.1,13,0.2,crp,1.2028870320099634,1.2517264011600946,1.2028869382646048,1.6451687957481138,1.7018842003615893,0.7
full_seed11_freeze_0p1_noise0p1_s13_a0p3_b0p8,11,freeze,0.1,0.1,13,0.3,fpr_owa,1.466581905655965,1.5396005637632997,1.438209196647089,2.076064272719471,2.1531616283456394,0.8
full_seed11_freeze_0p1_noise0p1_s13_a0p3_b0p8,11,freeze,0.1,0.1,13,0.3,crp,1.466581905655965,1.5396005637632997,1.438209196647089,2.076064272719471,2.1531616283456394,0.8
full_seed11_freeze_0p1_noise0p1_s5_a0p2_b0p7,11,freeze,0.1,0.1,5,0.2,fpr_owa,1.7641788435487618,1.8344957748451296,1.6378153881221,2.480498620302904,2.605539676523132,0.7
full_seed11_freeze_0p1_noise0p1_s5_a0p2_b0p7,11,freeze,0.1,0.1,5,0.2,crp,1.7641788435487618,1.8344957748451296,1.6378153881221,2.480498620302904,2.605539676523132,0.7
full_seed11_freeze_0p1_noise0p1_s5_a0p3_b0p8,11,freeze,0.1,0.1,5,0.3,fpr_owa,1.774467932880156,1.850312605071101,1.6740220907729897,2.48608007812878,2.5953096084478187,0.8
full_seed11_freeze_0p1_noise0p1_s5_a0p3_b0p8,11,freeze,0.1,0.1,5,0.3,crp,1.774467932880156,1.850312605071101,1.6740220907729897,2.48608007812878,2.5953096084478187,0.8
full_seed11_freeze_0p1_noise0p1_s9_a0p2_b0p7,11,freeze,0.1,0.1,9,0.2,fpr_owa,1.7442171931314396,1.7979080875696734,1.6442538065229038,2.38301733195241,2.574826357871061,0.7
full_seed11_freeze_0p1_noise0p1_s9_a0p2_b0p7,11,freeze,0.1,0.1,9,0.2,crp,1.7442171931314396,1.7979080875696734,1.6442538065229038,2.38301733195241,2.574826357871061,0.7
full_seed11_freeze_0p1_noise0p1_s9_a0p3_b0p8,11,freeze,0.1,0.1,9,0.3,fpr_owa,1.703875624341919,1.778854370865052,1.5608212187806985,2.457145504089235,2.5362443408446937,0.8
full_seed11_freeze_0p1_noise0p1_s9_a0p3_b0p8,11,freeze,0.1,0.1,9,0.3,crp,1.703875624341919,1.778854370865052,1.5608212187806985,2.457145504089235,2.5362443408446937,0.8
full_seed11_freeze_0p1_noise0p25_s13_a0p2_b0p7,11,freeze,0.1,0.25,13,0.2,fpr_owa,1.2301907176203382,1.2918522109471815,1.2369885657786412,1.790700125478227,1.9569972867118044,0.7
full_seed11_freeze_0p1_noise0p25_s13_a0p2_b0p7,11,freeze,0.1,0.25,13,0.2,crp,1.2301907176203382,1.2918522109471815,1.2369885657786412,1.790700125478227,1.9569972867118044,0.7
full_seed11_freeze_0p1_noise0p25_s13_a0p3_b0p8,11,freeze,0.1,0.25,13,0.3,fpr_owa,1.4299275138082863,1.5268607273978374,1.3435209751131676,2.1614053166065914,2.3214884090002728,0.8
full_seed11_freeze_0p1_noise0p25_s13_a0p3_b0p8,11,freeze,0.1,0.25,13,0.3,crp,1.4299275138082863,1.5268607273978374,1.3435209751131676,2.1614053166065914,2.3214884090002728,0.8
full_seed11_freeze_0p1_noise0p25_s5_a0p2_b0p7,11,freeze,0.1,0.25,5,0.2,fpr_owa,1.768739992363102,1.8408338656066765,1.6648480772683014,2.521330051813962,2.8249633333898125,0.7
full_seed11_freeze_0p1_noise0p25_s5_a0p2_b0p7,11,freeze,0.1,0.25,5,0.2,crp,1.768739992363102,1.8408338656066765,1.6648480772683014,2.521330051813962,2.8249633333898125,0.7
full_seed11_freeze_0p1_noise0p25_s5_a0p3_b0p8,11,freeze,0.1,0.25,5,0.3,fpr_owa,1.7807210666317297,1.853421338503683,1.700543780777097,2.5455608840162336,2.780508180814264,0.8
full_seed11_freeze_0p1_noise0p25_s5_a0p3_b0p8,11,freeze,0.1,0.25,5,0.3,crp,1.7807210666317297,1.853421338503683,1.700543780777097,2.5455608840162336,2.780508180814264,0.8
full_seed11_freeze_0p1_noise0p25_s9_a0p2_b0p7,11,freeze,0.1,0.25,9,0.2,fpr_owa,1.724634653433635,1.7869977558676164,1.6451651040881632,2.437536876326176,2.5153981132942484,0.7
full_seed11_freeze_0p1_noise0p25_s9_a0p2_b0p7,11,freeze,0.1,0.25,9,0.2,crp,1.724888156424566,1.7873360420229558,1.6451651040881632,2.437536876326176,2.5153981132942484,0.7
full_seed11_freeze_0p1_noise0p25_s9_a0p3_b0p8,11,freeze,0.1,0.25,9,0.3,fpr_owa,1.6921028921701098,1.763514400800238,1.6210691254499563,2.4853318189876945,2.5830073309369843,0.8
full_seed11_freeze_0p1_noise0p25_s9_a0p3_b0p8,11,freeze,0.1,0.25,9,0.3,crp,1.6931539381881948,1.764904499879418,1.6210691254499563,2.4853318189876945,2.5830073309369843,0.8
full_seed11_freeze_0p1_noise0p5_s13_a0p2_b0p7,11,freeze,0.1,0.5,13,0.2,fpr_owa,1.2816876311661145,1.3553001736868289,1.293990515181961,1.9492338214954077,2.214796841705948,0.7
full_seed11_freeze_0p1_noise0p5_s13_a0p2_b0p7,11,freeze,0.1,0.5,13,0.2,crp,1.2943258285566026,1.37075231516851,1.2904506545476897,2.019649268528265,2.214796841705948,0.7
full_seed11_freeze_0p1_noise0p5_s13_a0p3_b0p8,11,freeze,0.1,0.5,13,0.3,fpr_owa,1.3628206691787326,1.4588011002374413,1.314224835942306,2.184100278433464,2.476717227989487,0.8
full_seed11_freeze_0p1_noise0p5_s13_a0p3_b0p8,11,freeze,0.1,0.5,13,0.3,crp,1.3750546782038806,1.472568943406477,1.3330596505341623,2.193035300610157,2.476717227989487,0.8
full_seed11_freeze_0p1_noise0p5_s5_a0p2_b0p7,11,freeze,0.1,0.5,5,0.2,fpr_owa,1.7926018622007016,1.87783469716562,1.7723700273181024,2.684271847491995,3.190669428167615,0.7
full_seed11_freeze_0p1_noise0p5_s5_a0p2_b0p7,11,freeze,0.1,0.5,5,0.2,crp,1.7960853893362767,1.883204332941269,1.7723700273181024,2.6846289267011563,3.246589313978529,0.7
full_seed11_freeze_0p1_noise0p5_s5_a0p3_b0p8,11,freeze,0.1,0.5,5,0.3,fpr_owa,1.791824928608006,1.876863939248184,1.7385226185681226,2.7228923880791,3.101963578061354,0.8
full_seed11_freeze_0p1_noise0p5_s5_a0p3_b0p8,11,freeze,0.1,0.5,5,0.3,crp,1.7937165859728483,1.8799381993380773,1.7385226185681226,2.7228923880791,3.2863701541106525,0.8
full_seed11_freeze_0p1_noise0p5_s9_a0p2_b0p7,11,freeze,0.1,0.5,9,0.2,fpr_owa,1.6939099994106117,1.766290323674207,1.6195964509853575,2.4940419819093,2.778289699734005,0.7
full_seed11_freeze_0p1_noise0p5_s9_a0p2_b0p7,11,freeze,0.1,0.5,9,0.2,crp,1.696323074989403,1.7689052601577953,1.6307154867383566,2.4940419819093,2.778289699734005,0.7
full_seed11_freeze_0p1_noise0p5_s9_a0p3_b0p8,11,freeze,0.1,0.5,9,0.3,fpr_owa,1.6737844712949264,1.7486466102595488,1.6406429668474498,2.490743616845771,2.864073642446804,0.8
full_seed11_freeze_0p1_noise0p5_s9_a0p3_b0p8,11,freeze,0.1,0.5,9,0.3,crp,1.6746481274905685,1.7499134521052735,1.6406429668474498,2.490743616845771,2.864073642446804,0.8
full_seed11_freeze_0p2_noise0p1_s13_a0p2_b0p7,11,freeze,0.2,0.1,13,0.2,fpr_owa,1.2286464658154297,1.2719347808052737,1.2395945303919118,1.6480635543117987,1.6980898593404143,0.7
full_seed11_freeze_0p2_noise0p1_s13_a0p2_b0p7,11,freeze,0.2,0.1,13,0.2,crp,1.2286464658154297,1.2719347808052737,1.2395945303919118,1.6480635543117987,1.6980898593404143,0.7
full_seed11_freeze_0p2_noise0p1_s13_a0p3_b0p8,11,freeze,0.2,0.1,13,0.3,fpr_owa,1.499613106001838,1.5670845213355542,1.4942109486542563,2.072609081667942,2.1531616283456394,0.8
full_seed11_freeze_0p2_noise0p1_s13_a0p3_b0p8,11,freeze,0.2,0.1,13,0.3,crp,1.499613106001838,1.5670845213355542,1.4942109486542563,2.072609081667942,2.1531616283456394,0.8
full_seed11_freeze_0p2_noise0p1_s5_a0p2_b0p7,11,freeze,0.2,0.1,5,0.2,fpr_owa,1.7130458806689026,1.7843990244773766,1.6040274838643926,2.480498620302904,2.605539676523132,0.7
full_seed11_freeze_0p2_noise0p1_s5_a0p2_b0p7,11,freeze,0.2,0.1,5,0.2,crp,1.7130458806689026,1.7843990244773766,1.6040274838643926,2.480498620302904,2.605539676523132,0.7
full_seed11_freeze_0p2_noise0p1_s5_a0p3_b0p8,11,freeze,0.2,0.1,5,0.3,fpr_owa,1.7089937459253333,1.784430722063194,1.57942392121806,2.466498616102721,2.5953096084478187,0.8
full_seed11_freeze_0p2_noise0p1_s5_a0p3_b0p8,11,freeze,0.2,0.1,5,0.3,crp,1.7089937459253333,1.784430722063194,1.57942392121806,2.466498616102721,2.5953096084478187,0.8
full_seed11_freeze_0p2_noise0p1_s9_a0p2_b0p7,11,freeze,0.2,0.1,9,0.2,fpr_owa,1.7699562926822645,1.8218742995942645,1.700680695914481,2.3967184897844347,2.574826357871061,0.7
full_seed11_freeze_0p2_noise0p1_s9_a0p2_b0p7,11,freeze,0.2,0.1,9,0.2,crp,1.7699562926822645,1.8218742995942645,1.700680695914481,2.3967184897844347,2.574826357871061,0.7
full_seed11_freeze_0p2_noise0p1_s9_a0p3_b0p8,11,freeze,0.2,0.1,9,0.3,fpr_owa,1.7384195157116686,1.8117904798483548,1.6212251030643436,2.4605640305153686,2.5536400951101115,0.8
full_seed11_freeze_0p2_noise0p1_s9_a0p3_b0p8,11,freeze,0.2,0.1,9,0.3,crp,1.7384195157116686,1.8117904798483548,1.6212251030643436,2.4605640305153686,2.5536400951101115,0.8
full_seed11_freeze_0p2_noise0p25_s13_a0p2_b0p7,11,freeze,0.2,0.25,13,0.2,fpr_owa,1.251395937976713,1.3087907011643245,1.2670634455605412,1.7836445708299469,1.9569972867118044,0.7
full_seed11_freeze_0p2_noise0p25_s13_a0p2_b0p7,11,freeze,0.2,0.25,13,0.2,crp,1.251395937976713,1.3087907011643245,1.2670634455605412,1.7836445708299469,1.9569972867118044,0.7
full_seed11_freeze_0p2_noise0p25_s13_a0p3_b0p8,11,freeze,0.2,0.25,13,0.3,fpr_owa,1.4566879107041624,1.5490452270295654,1.4791364340388855,2.1696710213730563,2.3214884090002728,0.8
full_seed11_freeze_0p2_noise0p25_s13_a0p3_b0p8,11,freeze,0.2,0.25,13,0.3,crp,1.4566879107041624,1.5490452270295654,1.4791364340388855,2.1696710213730563,2.3214884090002728,0.8
full_seed11_freeze_0p2_noise0p25_s5_a0p2_b0p7,11,freeze,0.2,0.25,5,0.2,fpr_owa,1.7241308073640105,1.7956922304184275,1.6285574830928446,2.530336780708545,2.8249633333898125,0.7
full_seed11_freeze_0p2_noise0p25_s5_a0p2_b0p7,11,freeze,0.2,0.25,5,0.2,crp,1.7241308073640105,1.7956922304184275,1.6285574830928446,2.530336780708545,2.8249633333898125,0.7
full_seed11_freeze_0p2_noise0p25_s5_a0p3_b0p8,11,freeze,0.2,0.25,5,0.3,fpr_owa,1.7232835029384346,1.796697542758572,1.6285767927522714,2.54359028374445,2.780508180814264,0.8
full_seed11_freeze_0p2_noise0p25_s5_a0p3_b0p8,11,freeze,0.2,0.25,5,0.3,crp,1.7232835029384346,1.796697542758572,1.6285767927522714,2.54359028374445,2.780508180814264,0.8
full_seed11_freeze_0p2_noise0p25_s9_a0p2_b0p7,11,freeze,0.2,0.25,9,0.2,fpr_owa,1.7493272759167136,1.810342433423592,1.681382594372669,2.4470077354460797,2.521973157704734,0.7
full_seed11_freeze_0p2_noise0p25_s9_a0p2_b0p7,11,freeze,0.2,0.25,9,0.2,crp,1.7495807789076447,1.81067635813042,1.681382594372669,2.4470077354460797,2.521973157704734,0.7
full_seed11_freeze_0p2_noise0p25_s9_a0p3_b0p8,11,freeze,0.2,0.25,9,0.3,fpr_owa,1.7224321946088683,1.7925249529281817,1.668284193878235,2.505452646942912,2.5830073309369843,0.8
full_seed11_freeze_0p2_noise0p25_s9_a0p3_b0p8,11,freeze,0.2,0.25,9,0.3,crp,1.7234832406269536,1.7938925716817535,1.668284193878235,2.505452646942912,2.5830073309369843,0.8
full_seed11_freeze_0p2_noise0p5_s13_a0p2_b0p7,11,freeze,0.2,0.5,13,0.2,fpr_owa,1.3019724135618027,1.3737794542576065,1.312422136892076,1.9492338214954077,2.328857833792351,0.7
full_seed11_freeze_0p2_noise0p5_s13_a0p2_b0p7,11,freeze,0.2,0.5,13,0.2,crp,1.312823534040556,1.3873669565306157,1.308193831409998,1.9976318060202256,2.328857833792351,0.7
full_seed11_freeze_0p2_noise0p5_s13_a0p3_b0p8,11,freeze,0.2,0.5,13,0.3,fpr_owa,1.3937686990937397,1.4889468438312354,1.3238082934241444,2.2149298514482583,2.463651990888692,0.8
full_seed11_freeze_0p2_noise0p5_s13_a0p3_b0p8,11,freeze,0.2,0.5,13,0.3,crp,1.399961708353799,1.4969822077295492,1.3145778074466674,2.2149298514482583,2.463651990888692,0.8
full_seed11_freeze_0p2_noise0p5_s5_a0p2_b0p7,11,freeze,0.2,0.5,5,0.2,fpr_owa,1.7572618890623075,1.8405626979965963,1.7334212562837823,2.684271847491995,3.190669428167615,0.7
full_seed11_freeze_0p2_noise0p5_s5_a0p2_b0p7,11,freeze,0.2,0.5,5,0.2,crp,1.760745416197883,1.8460407511715948,1.7334212562837823,2.6846289267011563,3.246589313978529,0.7
full_seed11_freeze_0p2_noise0p5_s5_a0p3_b0p8,11,freeze,0.2,0.5,5,0.3,fpr_owa,1.749656213517927,1.8316702358380053,1.72598660621631,2.676148380869878,3.101963578061354,0.8
full_seed11_freeze_0p2_noise0p5_s5_a0p3_b0p8,11,freeze,0.2,0.5,5,0.3,crp,1.7515478708827692,1.8348202200038937,1.72598660621631,2.676148380869878,3.2863701541106525,0.8
full_seed11_freeze_0p2_noise0p5_s9_a0p2_b0p7,11,freeze,0.2,0.5,9,0.2,fpr_owa,1.7130723279990974,1.784940621864214,1.6479687532959648,2.503644414618502,2.778289699734005,0.7
full_seed11_freeze_0p2_noise0p5_s9_a0p2_b0p7,11,freeze,0.2,0.5,9,0.2,crp,1.7176751126994168,1.7896308920972974,1.6517399773323511,2.5053373518540423,2.778289699734005,0.7
full_seed11_freeze_0p2_noise0p5_s9_a0p3_b0p8,11,freeze,0.2,0.5,9,0.3,fpr_owa,1.6946041912482803,1.7703590011849164,1.647057831847302,2.517541225156484,2.864073642446804,0.8
full_seed11_freeze_0p2_noise0p5_s9_a0p3_b0p8,11,freeze,0.2,0.5,9,0.3,crp,1.69612812659294,1.7721198729870815,1.647057831847302,2.517541225156484,2.864073642446804,0.8
full_seed11_freeze_0p3_noise0p1_s13_a0p2_b0p7,11,freeze,0.3,0.1,13,0.2,fpr_owa,1.2327662089326343,1.2719579514393369,1.230797361319818,1.6408114862646264,1.6831001370246317,0.7
full_seed11_freeze_0p3_noise0p1_s13_a0p2_b0p7,11,freeze,0.3,0.1,13,0.2,crp,1.2327662089326343,1.2719579514393369,1.230797361319818,1.6408114862646264,1.6831001370246317,0.7
full_seed11_freeze_0p3_noise0p1_s13_a0p3_b0p8,11,freeze,0.3,0.1,13,0.3,fpr_owa,1.5067789559828548,1.5680731077574246,1.526986907368887,2.050739632493196,2.1531616283456394,0.8
full_seed11_freeze_0p3_noise0p1_s13_a0p3_b0p8,11,freeze,0.3,0.1,13,0.3,crp,1.5067789559828548,1.5680731077574246,1.526986907368887,2.050739632493196,2.1531616283456394,0.8
full_seed11_freeze_0p3_noise0p1_s5_a0p2_b0p7,11,freeze,0.3,0.1,5,0.2,fpr_owa,1.7588251629980192,1.8265193683262104,1.656554723452834,2.48870375917548,2.605539676523132,0.7
full_seed11_freeze_0p3_noise0p1_s5_a0p2_b0p7,11,freeze,0.3,0.1,5,0.2,crp,1.7588251629980192,1.8265193683262104,1.656554723452834,2.48870375917548,2.605539676523132,0.7
full_seed11_freeze_0p3_noise0p1_s5_a0p3_b0p8,11,freeze,0.3,0.1,5,0.3,fpr_owa,1.7571465633092158,1.8299487662597784,1.6657647502417128,2.4879273488857216,2.6243502790693647,0.8
full_seed11_freeze_0p3_noise0p1_s5_a0p3_b0p8,11,freeze,0.3,0.1,5,0.3,crp,1.7571465633092158,1.8299487662597784,1.6657647502417128,2.4879273488857216,2.6243502790693647,0.8
full_seed11_freeze_0p3_noise0p1_s9_a0p2_b0p7,11,freeze,0.3,0.1,9,0.2,fpr_owa,1.7802005007357338,1.830603534570572,1.7011175460947856,2.4012606868396986,2.5139828496002163,0.7
full_seed11_freeze_0p3_noise0p1_s9_a0p2_b0p7,11,freeze,0.3,0.1,9,0.2,crp,1.7802005007357338,1.830603534570572,1.7011175460947856,2.4012606868396986,2.5139828496002163,0.7
full_seed11_freeze_0p3_noise0p1_s9_a0p3_b0p8,11,freeze,0.3,0.1,9,0.3,fpr_owa,1.7619467571172072,1.831806765853952,1.6424891932989247,2.482842954880742,2.5858102897220308,0.8
full_seed11_freeze_0p3_noise0p1_s9_a0p3_b0p8,11,freeze,0.3,0.1,9,0.3,crp,1.7619467571172072,1.831806765853952,1.6424891932989247,2.482842954880742,2.5858102897220308,0.8
full_seed11_freeze_0p3_noise0p25_s13_a0p2_b0p7,11,freeze,0.3,0.25,13,0.2,fpr_owa,1.2608625001652656,1.3135895107620077,1.2722156512767664,1.767926065038224,1.9569972867118044,0.7
full_seed11_freeze_0p3_noise0p25_s13_a0p2_b0p7,11,freeze,0.3,0.25,13,0.2,crp,1.2608625001652656,1.3135895107620077,1.2722156512767664,1.767926065038224,1.9569972867118044,0.7
full_seed11_freeze_0p3_noise0p25_s13_a0p3_b0p8,11,freeze,0.3,0.25,13,0.3,fpr_owa,1.4644344089093182,1.551542652513135,1.489170636494387,2.163000432934401,2.3214884090002728,0.8
full_seed11_freeze_0p3_noise0p25_s13_a0p3_b0p8,11,freeze,0.3,0.25,13,0.3,crp,1.4644344089093182,1.551542652513135,1.489170636494387,2.163000432934401,2.3214884090002728,0.8
full_seed11_freeze_0p3_noise0p25_s5_a0p2_b0p7,11,freeze,0.3,0.25,5,0.2,fpr_owa,1.7629450888523956,1.82976320094425,1.7273636200124758,2.5564624595886305,2.8249633333898125,0.7
full_seed11_freeze_0p3_noise0p25_s5_a0p2_b0p7,11,freeze,0.3,0.25,5,0.2,crp,1.7629450888523956,1.82976320094425,1.7273636200124758,2.5564624595886305,2.8249633333898125,0.7
full_seed11_freeze_0p3_noise0p25_s5_a0p3_b0p8,11,freeze,0.3,0.25,5,0.3,fpr_owa,1.763808571953752,1.83336040631476,1.679470634562631,2.557885230330293,2.780508180814264,0.8
full_seed11_freeze_0p3_noise0p25_s5_a0p3_b0p8,11,freeze,0.3,0.25,5,0.3,crp,1.763808571953752,1.83336040631476,1.679470634562631,2.557885230330293,2.780508180814264,0.8
full_seed11_freeze_0p3_noise0p25_s9_a0p2_b0p7,11,freeze,0.3,0.25,9,0.2,fpr_owa,1.7615787351831895,1.8200522462343875,1.7098634847970189,2.447811500580874,2.5153981132942484,0.7
full_seed11_freeze_0p3_noise0p25_s9_a0p2_b0p7,11,freeze,0.3,0.25,9,0.2,crp,1.761832238174121,1.820384389809259,1.7098634847970189,2.447811500580874,2.5153981132942484,0.7
full_seed11_freeze_0p3_noise0p25_s9_a0p3_b0p8,11,freeze,0.3,0.25,9,0.3,fpr_owa,1.740080473540722,1.8071476299472815,1.680170053322714,2.505452646942912,2.5830073309369843,0.8
full_seed11_freeze_0p3_noise0p25_s9_a0p3_b0p8,11,freeze,0.3,0.25,9,0.3,crp,1.7411315195588069,1.808504190840838,1.680170053322714,2.505452646942912,2.5830073309369843,0.8
full_seed11_freeze_0p3_noise0p5_s13_a0p2_b0p7,11,freeze,0.3,0.5,13,0.2,fpr_owa,1.3007591434686538,1.3712285137731837,1.2950332977075258,1.929339078514468,2.2658473653272946,0.7
full_seed11_freeze_0p3_noise0p5_s13_a0p2_b0p7,11,freeze,0.3,0.5,13,0.2,crp,1.3152407796412608,1.3890465285755142,1.323650856514229,1.9877236301875176,2.2658473653272946,0.7
full_seed11_freeze_0p3_noise0p5_s13_a0p3_b0p8,11,freeze,0.3,0.5,13,0.3,fpr_owa,1.3894044688105822,1.483120780952555,1.3154909579482066,2.203207510541254,2.4241844890282884,0.8
full_seed11_freeze_0p3_noise0p5_s13_a0p3_b0p8,11,freeze,0.3,0.5,13,0.3,crp,1.3967116758874738,1.4925453868511165,1.3154909579482066,2.214914003958734,2.456268788799276,0.8
full_seed11_freeze_0p3_noise0p5_s5_a0p2_b0p7,11,freeze,0.3,0.5,5,0.2,fpr_owa,1.7851464925343827,1.867594244745236,1.7527794996040984,2.6915603866972435,3.190669428167615,0.7
full_seed11_freeze_0p3_noise0p5_s5_a0p2_b0p7,11,freeze,0.3,0.5,5,0.2,crp,1.788630019669958,1.872993238838625,1.7527794996040984,2.720146488779545,3.246589313978529,0.7
full_seed11_freeze_0p3_noise0p5_s5_a0p3_b0p8,11,freeze,0.3,0.5,5,0.3,fpr_owa,1.7840283004642212,1.8644330231143489,1.7544516632201068,2.724459367095698,3.101963578061354,0.8
full_seed11_freeze_0p3_noise0p5_s5_a0p3_b0p8,11,freeze,0.3,0.5,5,0.3,crp,1.7859199578290634,1.8675277466639133,1.7544516632201068,2.724459367095698,3.2863701541106525,0.8
full_seed11_freeze_0p3_noise0p5_s9_a0p2_b0p7,11,freeze,0.3,0.5,9,0.2,fpr_owa,1.7174775339796406,1.78717914266237,1.6514463274723254,2.5036777547565974,2.741882152395119,0.7
full_seed11_freeze_0p3_noise0p5_s9_a0p2_b0p7,11,freeze,0.3,0.5,9,0.2,crp,1.7220881035626012,1.792010798457666,1.654484794892514,2.5054665679159247,2.741882152395119,0.7
full_seed11_freeze_0p3_noise0p5_s9_a0p3_b0p8,11,freeze,0.3,0.5,9,0.3,fpr_owa,1.695765775242236,1.7693299450085125,1.6443811012118412,2.521671619613573,2.864073642446804,0.8
full_seed11_freeze_0p3_noise0p5_s9_a0p3_b0p8,11,freeze,0.3,0.5,9,0.3,crp,1.6986781320420572,1.772275500269304,1.6463958417358469,2.521671619613573,2.864073642446804,0.8
full_seed11_freeze_0p4_noise0p1_s13_a0p2_b0p7,11,freeze,0.4,0.1,13,0.2,fpr_owa,1.2173443240907944,1.2604352121659903,1.2237671332839528,1.6408114862646264,1.6831001370246317,0.7
full_seed11_freeze_0p4_noise0p1_s13_a0p2_b0p7,11,freeze,0.4,0.1,13,0.2,crp,1.2173443240907944,1.2604352121659903,1.2237671332839528,1.6408114862646264,1.6831001370246317,0.7
full_seed11_freeze_0p4_noise0p1_s13_a0p3_b0p8,11,freeze,0.4,0.1,13,0.3,fpr_owa,1.4813120975103111,1.5470908361689852,1.492333708365056,2.054147538950488,2.1531616283456394,0.8
full_seed11_freeze_0p4_noise0p1_s13_a0p3_b0p8,11,freeze,0.4,0.1,13,0.3,crp,1.4813120975103111,1.5470908361689852,1.492333708365056,2.054147538950488,2.1531616283456394,0.8
full_seed11_freeze_0p4_noise0p1_s5_a0p2_b0p7,11,freeze,0.4,0.1,5,0.2,fpr_owa,1.7588251629980192,1.8265193683262104,1.656554723452834,2.48870375917548,2.605539676523132,0.7
full_seed11_freeze_0p4_noise0p1_s5_a0p2_b0p7,11,freeze,0.4,0.1,5,0.2,crp,1.7588251629980192,1.8265193683262104,1.656554723452834,2.48870375917548,2.605539676523132,0.7
full_seed11_freeze_0p4_noise0p1_s5_a0p3_b0p8,11,freeze,0.4,0.1,5,0.3,fpr_owa,1.7571465633092158,1.8299487662597784,1.6657647502417128,2.4879273488857216,2.6243502790693647,0.8
full_seed11_freeze_0p4_noise0p1_s5_a0p3_b0p8,11,freeze,0.4,0.1,5,0.3,crp,1.7571465633092158,1.8299487662597784,1.6657647502417128,2.4879273488857216,2.6243502790693647,0.8
full_seed11_freeze_0p4_noise0p1_s9_a0p2_b0p7,11,freeze,0.4,0.1,9,0.2,fpr_owa,1.775552877500697,1.8256063756010168,1.6946105427692586,2.3845366344027674,2.508608754832274,0.7
full_seed11_freeze_0p4_noise0p1_s9_a0p2_b0p7,11,freeze,0.4,0.1,9,0.2,crp,1.775552877500697,1.8256063756010168,1.6946105427692586,2.3845366344027674,2.508608754832274,0.7
full_seed11_freeze_0p4_noise0p1_s9_a0p3_b0p8,11,freeze,0.4,0.1,9,0.3,fpr_owa,1.761718331649074,1.8276424620011404,1.682500313102138,2.457145504089235,2.5362443408446937,0.8
full_seed11_freeze_0p4_noise0p1_s9_a0p3_b0p8,11,freeze,0.4,0.1,9,0.3,crp,1.761718331649074,1.8276424620011404,1.682500313102138,2.457145504089235,2.5362443408446937,0.8
full_seed11_freeze_0p4_noise0p25_s13_a0p2_b0p7,11,freeze,0.4,0.25,13,0.2,fpr_owa,1.2378754714502591,1.2917153070739125,1.2548214029082725,1.767926065038224,1.9569972867118044,0.7
full_seed11_freeze_0p4_noise0p25_s13_a0p2_b0p7,11,freeze,0.4,0.25,13,0.2,crp,1.2378754714502591,1.2917153070739125,1.2548214029082725,1.767926065038224,1.9569972867118044,0.7
full_seed11_freeze_0p4_noise0p25_s13_a0p3_b0p8,11,freeze,0.4,0.25,13,0.3,fpr_owa,1.4345602049971011,1.5219040675077624,1.45891232888057,2.144239548854637,2.3214884090002728,0.8
full_seed11_freeze_0p4_noise0p25_s13_a0p3_b0p8,11,freeze,0.4,0.25,13,0.3,crp,1.4345602049971011,1.5219040675077624,1.45891232888057,2.144239548854637,2.3214884090002728,0.8
full_seed11_freeze_0p4_noise0p25_s5_a0p2_b0p7,11,freeze,0.4,0.25,5,0.2,fpr_owa,1.7629450888523956,1.82976320094425,1.7273636200124758,2.5564624595886305,2.8249633333898125,0.7
full_seed11_freeze_0p4_noise0p25_s5_a0p2_b0p7,11,freeze,0.4,0.25,5,0.2,crp,1.7629450888523956,1.82976320094425,1.7273636200124758,2.5564624595886305,2.8249633333898125,0.7
full_seed11_freeze_0p4_noise0p25_s5_a0p3_b0p8,11,freeze,0.4,0.25,5,0.3,fpr_owa,1.763808571953752,1.83336040631476,1.679470634562631,2.557885230330293,2.780508180814264,0.8
full_seed11_freeze_0p4_noise0p25_s5_a0p3_b0p8,11,freeze,0.4,0.25,5,0.3,crp,1.763808571953752,1.83336040631476,1.679470634562631,2.557885230330293,2.780508180814264,0.8
full_seed11_freeze_0p4_noise0p25_s9_a0p2_b0p7,11,freeze,0.4,0.25,9,0.2,fpr_owa,1.7587748867579232,1.816292181588978,1.7170543074770075,2.437536876326176,2.579529275801635,0.7
full_seed11_freeze_0p4_noise0p25_s9_a0p2_b0p7,11,freeze,0.4,0.25,9,0.2,crp,1.759028389748854,1.816625012637346,1.7170543074770075,2.437536876326176,2.579529275801635,0.7
full_seed11_freeze_0p4_noise0p25_s9_a0p3_b0p8,11,freeze,0.4,0.25,9,0.3,fpr_owa,1.7367329531001374,1.8009447611989122,1.6982522506781277,2.486857093257645,2.5830073309369843,0.8
full_seed11_freeze_0p4_noise0p25_s9_a0p3_b0p8,11,freeze,0.4,0.25,9,0.3,crp,1.7377839991182222,1.802305990877965,1.6982522506781277,2.486857093257645,2.5830073309369843,0.8
full_seed11_freeze_0p4_noise0p5_s13_a0p2_b0p7,11,freeze,0.4,0.5,13,0.2,fpr_owa,1.273557718307799,1.3437035702007374,1.285925243577851,1.9492338214954077,2.213473774915168,0.7
full_seed11_freeze_0p4_noise0p5_s13_a0p2_b0p7,11,freeze,0.4,0.5,13,0.2,crp,1.2837624762803828,1.3559466598189014,1.2936416965993378,1.95567798920896,2.213473774915168,0.7
full_seed11_freeze_0p4_noise0p5_s13_a0p3_b0p8,11,freeze,0.4,0.5,13,0.3,fpr_owa,1.3580552258362646,1.4484533801871595,1.307759392461581,2.201520138224337,2.416495020703485,0.8
full_seed11_freeze_0p4_noise0p5_s13_a0p3_b0p8,11,freeze,0.4,0.5,13,0.3,crp,1.364033767836017,1.455912367475859,1.307759392461581,2.201520138224337,2.456268788799276,0.8
full_seed11_freeze_0p4_noise0p5_s5_a0p2_b0p7,11,freeze,0.4,0.5,5,0.2,fpr_owa,1.7851464925343827,1.867594244745236,1.7527794996040984,2.6915603866972435,3.190669428167615,0.7
full_seed11_freeze_0p4_noise0p5_s5_a0p2_b0p7,11,freeze,0.4,0.5,5,0.2,crp,1.788630019669958,1.872993238838625,1.7527794996040984,2.720146488779545,3.246589313978529,0.7
full_seed11_freeze_0p4_noise0p5_s5_a0p3_b0p8,11,freeze,0.4,0.5,5,0.3,fpr_owa,1.7840283004642212,1.8644330231143489,1.7544516632201068,2.724459367095698,3.101963578061354,0.8
full_seed11_freeze_0p4_noise0p5_s5_a0p3_b0p8,11,freeze,0.4,0.5,5,0.3,crp,1.7859199578290634,1.8675277466639133,1.7544516632201068,2.724459367095698,3.2863701541106525,0.8
full_seed11_freeze_0p4_noise0p5_s9_a0p2_b0p7,11,freeze,0.4,0.5,9,0.2,fpr_owa,1.7233237978993905,1.7905897090609348,1.674821155225661,2.503644414618502,2.787962578284837,0.7
full_seed11_freeze_0p4_noise0p5_s9_a0p2_b0p7,11,freeze,0.4,0.5,9,0.2,crp,1.724807380965372,1.792125446868915,1.674821155225661,2.5053373518540423,2.787962578284837,0.7
full_seed11_freeze_0p4_noise0p5_s9_a0p3_b0p8,11,freeze,0.4,0.5,9,0.3,fpr_owa,1.7016173555770422,1.77300598071551,1.6420324084660942,2.5214644031801567,2.864073642446804,0.8
full_seed11_freeze_0p4_noise0p5_s9_a0p3_b0p8,11,freeze,0.4,0.5,9,0.3,crp,1.702919154348209,1.7744027399710085,1.6420324084660942,2.5214644031801567,2.864073642446804,0.8
full_seed11_mixed_0p0_noise0p1_s13_a0p2_b0p7,11,mixed,0.0,0.1,13,0.2,fpr_owa,1.2030380377571297,1.251722441779351,1.2026784507458006,1.6480635543117987,1.7018842003615893,0.7
full_seed11_mixed_0p0_noise0p1_s13_a0p2_b0p7,11,mixed,0.0,0.1,13,0.2,crp,1.2030380377571297,1.251722441779351,1.2026784507458006,1.6480635543117987,1.7018842003615893,0.7
full_seed11_mixed_0p0_noise0p1_s13_a0p3_b0p8,11,mixed,0.0,0.1,13,0.3,fpr_owa,1.4692993938784018,1.5449144247902484,1.433608269751376,2.093640686237393,2.1531616283456394,0.8
full_seed11_mixed_0p0_noise0p1_s13_a0p3_b0p8,11,mixed,0.0,0.1,13,0.3,crp,1.4692993938784018,1.5449144247902484,1.433608269751376,2.093640686237393,2.1531616283456394,0.8
full_seed11_mixed_0p0_noise0p1_s5_a0p2_b0p7,11,mixed,0.0,0.1,5,0.2,fpr_owa,1.7641788435487618,1.8344957748451296,1.6378153881221,2.480498620302904,2.605539676523132,0.7
full_seed11_mixed_0p0_noise0p1_s5_a0p2_b0p7,11,mixed,0.0,0.1,5,0.2,crp,1.7641788435487618,1.8344957748451296,1.6378153881221,2.480498620302904,2.605539676523132,0.7
full_seed11_mixed_0p0_noise0p1_s5_a0p3_b0p8,11,mixed,0.0,0.1,5,0.3,fpr_owa,1.774467932880156,1.850312605071101,1.6740220907729897,2.48608007812878,2.5953096084478187,0.8
full_seed11_mixed_0p0_noise0p1_s5_a0p3_b0p8,11,mixed,0.0,0.1,5,0.3,crp,1.774467932880156,1.850312605071101,1.6740220907729897,2.48608007812878,2.5953096084478187,0.8
full_seed11_mixed_0p0_noise0p1_s9_a0p2_b0p7,11,mixed,0.0,0.1,9,0.2,fpr_owa,1.76382617176232,1.818790851360434,1.646441406201646,2.403961893301196,2.574826357871061,0.7
full_seed11_mixed_0p0_noise0p1_s9_a0p2_b0p7,11,mixed,0.0,0.1,9,0.2,crp,1.76382617176232,1.818790851360434,1.646441406201646,2.403961893301196,2.574826357871061,0.7
full_seed11_mixed_0p0_noise0p1_s9_a0p3_b0p8,11,mixed,0.0,0.1,9,0.3,fpr_owa,1.7391030676721655,1.8148932617376512,1.576794331174129,2.4696643260282585,2.5362443408446937,0.8
full_seed11_mixed_0p0_noise0p1_s9_a0p3_b0p8,11,mixed,0.0,0.1,9,0.3,crp,1.7391030676721655,1.8148932617376512,1.576794331174129,2.4696643260282585,2.5362443408446937,0.8
full_seed11_mixed_0p0_noise0p25_s13_a0p2_b0p7,11,mixed,0.0,0.25,13,0.2,fpr_owa,1.2367405563130776,1.2975391058372567,1.231759497280631,1.7918660933805393,1.9569972867118044,0.7
full_seed11_mixed_0p0_noise0p25_s13_a0p2_b0p7,11,mixed,0.0,0.25,13,0.2,crp,1.2367405563130776,1.2975391058372567,1.231759497280631,1.7918660933805393,1.9569972867118044,0.7
full_seed11_mixed_0p0_noise0p25_s13_a0p3_b0p8,11,mixed,0.0,0.25,13,0.3,fpr_owa,1.4406965827838207,1.5385127187146916,1.3426406936018875,2.1780674388216434,2.3214884090002728,0.8
full_seed11_mixed_0p0_noise0p25_s13_a0p3_b0p8,11,mixed,0.0,0.25,13,0.3,crp,1.4406965827838207,1.5385127187146916,1.3426406936018875,2.1780674388216434,2.3214884090002728,0.8
full_seed11_mixed_0p0_noise0p25_s5_a0p2_b0p7,11,mixed,0.0,0.25,5,0.2,fpr_owa,1.768739992363102,1.8408338656066765,1.6648480772683014,2.521330051813962,2.8249633333898125,0.7
full_seed11_mixed_0p0_noise0p25_s5_a0p2_b0p7,11,mixed,0.0,0.25,5,0.2,crp,1.768739992363102,1.8408338656066765,1.6648480772683014,2.521330051813962,2.8249633333898125,0.7
full_seed11_mixed_0p0_noise0p25_s5_a0p3_b0p8,11,mixed,0.0,0.25,5,0.3,fpr_owa,1.7807210666317297,1.853421338503683,1.700543780777097,2.5455608840162336,2.780508180814264,0.8
full_seed11_mixed_0p0_noise0p25_s5_a0p3_b0p8,11,mixed,0.0,0.25,5,0.3,crp,1.7807210666317297,1.853421338503683,1.700543780777097,2.5455608840162336,2.780508180814264,0.8
full_seed11_mixed_0p0_noise0p25_s9_a0p2_b0p7,11,mixed,0.0,0.25,9,0.2,fpr_owa,1.7461352404491015,1.8089103731019336,1.645012760945749,2.447591344300196,2.526468902583454,0.7
full_seed11_mixed_0p0_noise0p25_s9_a0p2_b0p7,11,mixed,0.0,0.25,9,0.2,crp,1.7463887434400327,1.8092445621181688,1.645012760945749,2.447591344300196,2.526468902583454,0.7
full_seed11_mixed_0p0_noise0p25_s9_a0p3_b0p8,11,mixed,0.0,0.25,9,0.3,fpr_owa,1.7255843389288017,1.797624491851203,1.630210464348906,2.4853318189876945,2.5830073309369843,0.8
full_seed11_mixed_0p0_noise0p25_s9_a0p3_b0p8,11,mixed,0.0,0.25,9,0.3,crp,1.7266353849468865,1.7989882338603809,1.630210464348906,2.4853318189876945,2.5830073309369843,0.8
full_seed11_mixed_0p0_noise0p5_s13_a0p2_b0p7,11,mixed,0.0,0.5,13,0.2,fpr_owa,1.2941491831629997,1.3694718070207743,1.2970916190651125,1.979666615836429,2.2904240069420423,0.7
full_seed11_mixed_0p0_noise0p5_s13_a0p2_b0p7,11,mixed,0.0,0.5,13,0.2,crp,1.3052333536073215,1.3830089110907258,1.2970916190651125,2.0583103842654302,2.2904240069420423,0.7
full_seed11_mixed_0p0_noise0p5_s13_a0p3_b0p8,11,mixed,0.0,0.5,13,0.3,fpr_owa,1.3879873128426703,1.4873215954875596,1.3082925736137798,2.2245555160048647,2.5341441719155235,0.8
full_seed11_mixed_0p0_noise0p5_s13_a0p3_b0p8,11,mixed,0.0,0.5,13,0.3,crp,1.4032743429891827,1.5044660511299015,1.323728973261268,2.2503150075942617,2.5341441719155235,0.8
full_seed11_mixed_0p0_noise0p5_s5_a0p2_b0p7,11,mixed,0.0,0.5,5,0.2,fpr_owa,1.7926018622007016,1.87783469716562,1.7723700273181024,2.684271847491995,3.190669428167615,0.7
full_seed11_mixed_0p0_noise0p5_s5_a0p2_b0p7,11,mixed,0.0,0.5,5,0.2,crp,1.7960853893362767,1.883204332941269,1.7723700273181024,2.6846289267011563,3.246589313978529,0.7
full_seed11_mixed_0p0_noise0p5_s5_a0p3_b0p8,11,mixed,0.0,0.5,5,0.3,fpr_owa,1.791824928608006,1.876863939248184,1.7385226185681226,2.7228923880791,3.101963578061354,0.8
full_seed11_mixed_0p0_noise0p5_s5_a0p3_b0p8,11,mixed,0.0,0.5,5,0.3,crp,1.7937165859728483,1.8799381993380773,1.7385226185681226,2.7228923880791,3.2863701541106525,0.8
full_seed11_mixed_0p0_noise0p5_s9_a0p2_b0p7,11,mixed,0.0,0.5,9,0.2,fpr_owa,1.7053325554692842,1.7803703247585505,1.6412696103953297,2.503828933608913,2.7646347948997105,0.7
full_seed11_mixed_0p0_noise0p5_s9_a0p2_b0p7,11,mixed,0.0,0.5,9,0.2,crp,1.7072344126820418,1.7820144265395983,1.6441890620646844,2.508182775778001,2.7646347948997105,0.7
full_seed11_mixed_0p0_noise0p5_s9_a0p3_b0p8,11,mixed,0.0,0.5,9,0.3,fpr_owa,1.7003480934025528,1.778436934064852,1.654233640163059,2.5271347718124075,2.864073642446804,0.8
full_seed11_mixed_0p0_noise0p5_s9_a0p3_b0p8,11,mixed,0.0,0.5,9,0.3,crp,1.7030225030190294,1.7815484229439311,1.6607103905430614,2.5271347718124075,2.864073642446804,0.8
full_seed11_mixed_0p1_noise0p1_s13_a0p2_b0p7,11,mixed,0.1,0.1,13,0.2,fpr_owa,1.1596474850773228,1.205976928213499,1.135870234515585,1.6479544698814454,1.7351746813026845,0.7
full_seed11_mixed_0p1_noise0p1_s13_a0p2_b0p7,11,mixed,0.1,0.1,13,0.2,crp,1.180196824171772,1.2296321433787778,1.195767402629539,1.6479544698814454,1.7351746813026845,0.7
full_seed11_mixed_0p1_noise0p1_s13_a0p3_b0p8,11,mixed,0.1,0.1,13,0.3,fpr_owa,1.429918156611729,1.501683173943187,1.4174988839065945,2.0933557183598897,2.1931705960927865,0.8
full_seed11_mixed_0p1_noise0p1_s13_a0p3_b0p8,11,mixed,0.1,0.1,13,0.3,crp,1.447626724321117,1.5246016271474614,1.444230065738649,2.070580920228457,2.1931705960927865,0.8
full_seed11_mixed_0p1_noise0p1_s5_a0p2_b0p7,11,mixed,0.1,0.1,5,0.2,fpr_owa,1.7641788435487618,1.8344957748451296,1.6378153881221,2.480498620302904,2.605539676523132,0.7
full_seed11_mixed_0p1_noise0p1_s5_a0p2_b0p7,11,mixed,0.1,0.1,5,0.2,crp,1.7641788435487618,1.8344957748451296,1.6378153881221,2.480498620302904,2.605539676523132,0.7
full_seed11_mixed_0p1_noise0p1_s5_a0p3_b0p8,11,mixed,0.1,0.1,5,0.3,fpr_owa,1.774467932880156,1.850312605071101,1.6740220907729897,2.48608007812878,2.5953096084478187,0.8
full_seed11_mixed_0p1_noise0p1_s5_a0p3_b0p8,11,mixed,0.1,0.1,5,0.3,crp,1.774467932880156,1.850312605071101,1.6740220907729897,2.48608007812878,2.5953096084478187,0.8
full_seed11_mixed_0p1_noise0p1_s9_a0p2_b0p7,11,mixed,0.1,0.1,9,0.2,fpr_owa,1.75681973250921,1.8076113787298735,1.6682878695006251,2.4110148004639207,2.582255323435484,0.7
full_seed11_mixed_0p1_noise0p1_s9_a0p2_b0p7,11,mixed,0.1,0.1,9,0.2,crp,1.7791028638669393,1.8321816871376968,1.67225587783979,2.418161191933507,2.582255323435484,0.7
full_seed11_mixed_0p1_noise0p1_s9_a0p3_b0p8,11,mixed,0.1,0.1,9,0.3,fpr_owa,1.7512179919404234,1.8225451717331729,1.6325379039971284,2.4889727706313063,2.59593106892108,0.8
full_seed11_mixed_0p1_noise0p1_s9_a0p3_b0p8,11,mixed,0.1,0.1,9,0.3,crp,1.7541657942807385,1.827766625575772,1.604656356943826,2.4889727706313063,2.59593106892108,0.8
full_seed11_mixed_0p1_noise0p25_s13_a0p2_b0p7,11,mixed,0.1,0.25,13,0.2,fpr_owa,1.197353123251509,1.255300088126749,1.1680296704030897,1.7840765150264604,1.9569972867118044,0.7
full_seed11_mixed_0p1_noise0p25_s13_a0p2_b0p7,11,mixed,0.1,0.25,13,0.2,crp,1.225155172944537,1.2839065134414316,1.2282146361700526,1.79518149577169,1.9569972867118044,0.7
full_seed11_mixed_0p1_noise0p25_s13_a0p3_b0p8,11,mixed,0.1,0.25,13,0.3,fpr_owa,1.405325377616201,1.4967733693302712,1.3502521377163534,2.1939271985151123,2.3214884090002728,0.8
full_seed11_mixed_0p1_noise0p25_s13_a0p3_b0p8,11,mixed,0.1,0.25,13,0.3,crp,1.4205974900427374,1.5144827692879792,1.3431006691887808,2.189179453183458,2.3214884090002728,0.8
full_seed11_mixed_0p1_noise0p25_s5_a0p2_b0p7,11,mixed,0.1,0.25,5,0.2,fpr_owa,1.768739992363102,1.8408338656066765,1.6648480772683014,2.521330051813962,2.8249633333898125,0.7
full_seed11_mixed_0p1_noise0p25_s5_a0p2_b0p7,11,mixed,0.1,0.25,5,0.2,crp,1.768739992363102,1.8408338656066765,1.6648480772683014,2.521330051813962,2.8249633333898125,0.7
full_seed11_mixed_0p1_noise0p25_s5_a0p3_b0p8,11,mixed,0.1,0.25,5,0.3,fpr_owa,1.7807210666317297,1.853421338503683,1.700543780777097,2.5455608840162336,2.780508180814264,0.8
full_seed11_mixed_0p1_noise0p25_s5_a0p3_b0p8,11,mixed,0.1,0.25,5,0.3,crp,1.7807210666317297,1.853421338503683,1.700543780777097,2.5455608840162336,2.780508180814264,0.8
full_seed11_mixed_0p1_noise0p25_s9_a0p2_b0p7,11,mixed,0.1,0.25,9,0.2,fpr_owa,1.7400660154280412,1.8001814517269294,1.673602006863016,2.451517467544737,2.598216331463201,0.7
full_seed11_mixed_0p1_noise0p25_s9_a0p2_b0p7,11,mixed,0.1,0.25,9,0.2,crp,1.7557532547437815,1.817107549940862,1.673602006863016,2.451517467544737,2.598216331463201,0.7
full_seed11_mixed_0p1_noise0p25_s9_a0p3_b0p8,11,mixed,0.1,0.25,9,0.3,fpr_owa,1.7392973604295334,1.8085483825408135,1.6741308557370225,2.507313789305026,2.6059994327046154,0.8
full_seed11_mixed_0p1_noise0p25_s9_a0p3_b0p8,11,mixed,0.1,0.25,9,0.3,crp,1.7387018328815391,1.808934802751849,1.6641648317850624,2.507313789305026,2.6059994327046154,0.8
full_seed11_mixed_0p1_noise0p5_s13_a0p2_b0p7,11,mixed,0.1,0.5,13,0.2,fpr_owa,1.267554006836365,1.3400209735590172,1.263997575136764,1.9517950764589107,2.2903183284828312,0.7
full_seed11_mixed_0p1_noise0p5_s13_a0p2_b0p7,11,mixed,0.1,0.5,13,0.2,crp,1.280147616770637,1.3558701434305986,1.2666647549815575,2.019671451679246,2.161930519026543,0.7
full_seed11_mixed_0p1_noise0p5_s13_a0p3_b0p8,11,mixed,0.1,0.5,13,0.3,fpr_owa,1.3804923797274686,1.4761764704905207,1.3235840270910375,2.25712111348635,2.4660619455674526,0.8
full_seed11_mixed_0p1_noise0p5_s13_a0p3_b0p8,11,mixed,0.1,0.5,13,0.3,crp,1.3832783060039329,1.4841720675422023,1.3003620869333992,2.2732987446111825,2.484330837198273,0.8
full_seed11_mixed_0p1_noise0p5_s5_a0p2_b0p7,11,mixed,0.1,0.5,5,0.2,fpr_owa,1.7926018622007016,1.87783469716562,1.7723700273181024,2.684271847491995,3.190669428167615,0.7
full_seed11_mixed_0p1_noise0p5_s5_a0p2_b0p7,11,mixed,0.1,0.5,5,0.2,crp,1.7960853893362767,1.883204332941269,1.7723700273181024,2.6846289267011563,3.246589313978529,0.7
full_seed11_mixed_0p1_noise0p5_s5_a0p3_b0p8,11,mixed,0.1,0.5,5,0.3,fpr_owa,1.791824928608006,1.876863939248184,1.7385226185681226,2.7228923880791,3.101963578061354,0.8
full_seed11_mixed_0p1_noise0p5_s5_a0p3_b0p8,11,mixed,0.1,0.5,5,0.3,crp,1.7937165859728483,1.8799381993380773,1.7385226185681226,2.7228923880791,3.2863701541106525,0.8
full_seed11_mixed_0p1_noise0p5_s9_a0p2_b0p7,11,mixed,0.1,0.5,9,0.2,fpr_owa,1.705712030489518,1.778468679072559,1.654484794892514,2.537331488097029,2.750958942850786,0.7
full_seed11_mixed_0p1_noise0p5_s9_a0p2_b0p7,11,mixed,0.1,0.5,9,0.2,crp,1.720642841243661,1.7937016771288592,1.663759845820211,2.5484435199962383,2.7529325756919203,0.7
full_seed11_mixed_0p1_noise0p5_s9_a0p3_b0p8,11,mixed,0.1,0.5,9,0.3,fpr_owa,1.7152281927257336,1.7919781692128889,1.6829764781660796,2.5764953637347934,2.864073642446804,0.8
full_seed11_mixed_0p1_noise0p5_s9_a0p3_b0p8,11,mixed,0.1,0.5,9,0.3,crp,1.7168953995025282,1.7946049602425664,1.6829764781660796,2.549847221964369,2.864073642446804,0.8
full_seed11_mixed_0p2_noise0p1_s13_a0p2_b0p7,11,mixed,0.2,0.1,13,0.2,fpr_owa,1.107717365543039,1.1752969671685878,1.1066006907542223,1.6680838851874895,1.8307201019072643,0.7
full_seed11_mixed_0p2_noise0p1_s13_a0p2_b0p7,11,mixed,0.2,0.1,13,0.2,crp,1.100030443800839,1.1653496802836587,1.1035576374951492,1.658701100265299,2.00186292132008,0.7
full_seed11_mixed_0p2_noise0p1_s13_a0p3_b0p8,11,mixed,0.2,0.1,13,0.3,fpr_owa,1.3523872691276977,1.4418377208352375,1.27812269078769,2.137481410700663,2.2887160166973666,0.8
full_seed11_mixed_0p2_noise0p1_s13_a0p3_b0p8,11,mixed,0.2,0.1,13,0.3,crp,1.303688573109771,1.4185616903394664,1.270670687732494,2.1322433469791027,2.2887160166973666,0.8
full_seed11_mixed_0p2_noise0p1_s5_a0p2_b0p7,11,mixed,0.2,0.1,5,0.2,fpr_owa,1.7659928744899938,1.8299729617524496,1.7131898492398774,2.480498620302904,2.60921346085803,0.7
full_seed11_mixed_0p2_noise0p1_s5_a0p2_b0p7,11,mixed,0.2,0.1,5,0.2,crp,1.787026197390602,1.85384269216779,1.7392780151064249,2.482420637467317,2.60921346085803,0.7
full_seed11_mixed_0p2_noise0p1_s5_a0p3_b0p8,11,mixed,0.2,0.1,5,0.3,fpr_owa,1.7883602922738082,1.856946895443685,1.7256827145793068,2.4917900074558235,2.5953096084478187,0.8
full_seed11_mixed_0p2_noise0p1_s5_a0p3_b0p8,11,mixed,0.2,0.1,5,0.3,crp,1.8003978787877168,1.871081793865794,1.7759421955650458,2.5061651088002206,2.5953096084478187,0.8
full_seed11_mixed_0p2_noise0p1_s9_a0p2_b0p7,11,mixed,0.2,0.1,9,0.2,fpr_owa,1.70393763530765,1.7618170549955032,1.6074900645833674,2.4177151119182327,2.5917053510670884,0.7
full_seed11_mixed_0p2_noise0p1_s9_a0p2_b0p7,11,mixed,0.2,0.1,9,0.2,crp,1.757014750637672,1.8087913905577584,1.6682878695006251,2.418161191933507,2.5917053510670884,0.7
full_seed11_mixed_0p2_noise0p1_s9_a0p3_b0p8,11,mixed,0.2,0.1,9,0.3,fpr_owa,1.717569292863764,1.7878408659969858,1.6243659791756424,2.4904017707591777,2.6302898397795564,0.8
full_seed11_mixed_0p2_noise0p1_s9_a0p3_b0p8,11,mixed,0.2,0.1,9,0.3,crp,1.738242699006343,1.810419181637019,1.6243659791756424,2.491672800431338,2.6302898397795564,0.8
full_seed11_mixed_0p2_noise0p25_s13_a0p2_b0p7,11,mixed,0.2,0.25,13,0.2,fpr_owa,1.1327237726391923,1.2116425756787514,1.0863288523101322,1.816328741809505,2.026909411529538,0.7
full_seed11_mixed_0p2_noise0p25_s13_a0p2_b0p7,11,mixed,0.2,0.25,13,0.2,crp,1.1348903715466152,1.2108098178436844,1.080097247275197,1.816328741809505,2.026909411529538,0.7
full_seed11_mixed_0p2_noise0p25_s13_a0p3_b0p8,11,mixed,0.2,0.25,13,0.3,fpr_owa,1.318225487458254,1.4282808001011291,1.1667463121409605,2.223305498073374,2.3826668934029307,0.8
full_seed11_mixed_0p2_noise0p25_s13_a0p3_b0p8,11,mixed,0.2,0.25,13,0.3,crp,1.3008281113100433,1.4186305268759332,1.1697584973796666,2.2036730534524502,2.3826668934029307,0.8
full_seed11_mixed_0p2_noise0p25_s5_a0p2_b0p7,11,mixed,0.2,0.25,5,0.2,fpr_owa,1.7752851769769151,1.840760928211718,1.7449768692169023,2.5331313177917973,2.833926312452692,0.7
full_seed11_mixed_0p2_noise0p25_s5_a0p2_b0p7,11,mixed,0.2,0.25,5,0.2,crp,1.7956350451675618,1.864296551051484,1.755961481396875,2.5614466733597387,2.833926312452692,0.7
full_seed11_mixed_0p2_noise0p25_s5_a0p3_b0p8,11,mixed,0.2,0.25,5,0.3,fpr_owa,1.797833878132378,1.865569283895214,1.7734686392079326,2.544717931779845,2.780508180814264,0.8
full_seed11_mixed_0p2_noise0p25_s5_a0p3_b0p8,11,mixed,0.2,0.25,5,0.3,crp,1.810103837617264,1.880570432010396,1.7734686392079326,2.571868745118002,2.780508180814264,0.8
full_seed11_mixed_0p2_noise0p25_s9_a0p2_b0p7,11,mixed,0.2,0.25,9,0.2,fpr_owa,1.684310796801124,1.7507347588497404,1.6050075615884905,2.462494353761461,2.664544522488536,0.7
full_seed11_mixed_0p2_noise0p25_s9_a0p2_b0p7,11,mixed,0.2,0.25,9,0.2,crp,1.73872409231766,1.798884887369053,1.6715448748240191,2.474742902614537,2.664544522488536,0.7
full_seed11_mixed_0p2_noise0p25_s9_a0p3_b0p8,11,mixed,0.2,0.25,9,0.3,fpr_owa,1.7074998335116274,1.7757926581010983,1.6198964063713213,2.5180741975720284,2.621686317526212,0.8
full_seed11_mixed_0p2_noise0p25_s9_a0p3_b0p8,11,mixed,0.2,0.25,9,0.3,crp,1.7288409858948883,1.7985190855364,1.6574238324392672,2.5180741975720284,2.621686317526212,0.8
full_seed11_mixed_0p2_noise0p5_s13_a0p2_b0p7,11,mixed,0.2,0.5,13,0.2,fpr_owa,1.1992277366947783,1.2899248278197322,1.171650778911208,1.9492338214954077,2.2621152109575022,0.7
full_seed11_mixed_0p2_noise0p5_s13_a0p2_b0p7,11,mixed,0.2,0.5,13,0.2,crp,1.2323349838938715,1.3205072104305788,1.1849039640378871,2.0105971285994286,2.2631834734239398,0.7
full_seed11_mixed_0p2_noise0p5_s13_a0p3_b0p8,11,mixed,0.2,0.5,13,0.3,fpr_owa,1.3064238133212176,1.4169360603349717,1.2085334491495188,2.282084598689531,2.556132393318061,0.8
full_seed11_mixed_0p2_noise0p5_s13_a0p3_b0p8,11,mixed,0.2,0.5,13,0.3,crp,1.3325709542317634,1.447097874893465,1.234928665880529,2.3149752005572086,2.597248152458231,0.8
full_seed11_mixed_0p2_noise0p5_s5_a0p2_b0p7,11,mixed,0.2,0.5,5,0.2,fpr_owa,1.7863264955559233,1.867246905483724,1.7361437227614456,2.6846289267011563,3.190669428167615,0.7
full_seed11_mixed_0p2_noise0p5_s5_a0p2_b0p7,11,mixed,0.2,0.5,5,0.2,crp,1.813796413892876,1.896764065464358,1.7821425805980526,2.7499692349247025,3.246589313978529,0.7
full_seed11_mixed_0p2_noise0p5_s5_a0p3_b0p8,11,mixed,0.2,0.5,5,0.3,fpr_owa,1.809054276788856,1.8905264474157804,1.7458329681520823,2.6756292127768595,3.1417058188459723,0.8
full_seed11_mixed_0p2_noise0p5_s5_a0p3_b0p8,11,mixed,0.2,0.5,5,0.3,crp,1.8247006231222904,1.908588770608272,1.769968748069738,2.7270327412810533,3.2863701541106525,0.8
full_seed11_mixed_0p2_noise0p5_s9_a0p2_b0p7,11,mixed,0.2,0.5,9,0.2,fpr_owa,1.6733455401995772,1.7512274994017205,1.6188199477130305,2.539743017234285,2.797104056104732,0.7
full_seed11_mixed_0p2_noise0p5_s9_a0p2_b0p7,11,mixed,0.2,0.5,9,0.2,crp,1.7069266674348225,1.7780101754721676,1.6584916117813329,2.5441515085229685,2.7529325756919203,0.7
full_seed11_mixed_0p2_noise0p5_s9_a0p3_b0p8,11,mixed,0.2,0.5,9,0.3,fpr_owa,1.6922616713443963,1.7676793356877831,1.6559204466205917,2.521671619613573,2.864073642446804,0.8
full_seed11_mixed_0p2_noise0p5_s9_a0p3_b0p8,11,mixed,0.2,0.5,9,0.3,crp,1.7039252993550946,1.7810572336853738,1.6728984774265383,2.5290957643218865,2.864073642446804,0.8
full_seed11_mixed_0p3_noise0p1_s13_a0p2_b0p7,11,mixed,0.3,0.1,13,0.2,fpr_owa,1.172530317647211,1.2415406297219842,1.180158360425051,1.7567086207371734,2.169584996314276,0.7
full_seed11_mixed_0p3_noise0p1_s13_a0p2_b0p7,11,mixed,0.3,0.1,13,0.2,crp,1.138189437485276,1.198105430775977,1.1314926808782024,1.7008287514174822,1.8307201019072643,0.7
full_seed11_mixed_0p3_noise0p1_s13_a0p3_b0p8,11,mixed,0.3,0.1,13,0.3,fpr_owa,1.3285361433782688,1.4348119467143632,1.27812269078769,2.1779025142255843,2.2887160166973666,0.8
full_seed11_mixed_0p3_noise0p1_s13_a0p3_b0p8,11,mixed,0.3,0.1,13,0.3,crp,1.2735848682415627,1.4001254833899484,1.2572881984932502,2.154390758385984,2.2887160166973666,0.8
full_seed11_mixed_0p3_noise0p1_s5_a0p2_b0p7,11,mixed,0.3,0.1,5,0.2,fpr_owa,2.009641315672927,2.210138514406336,1.7171736787005485,3.937063455771358,5.331804517850538,0.7
full_seed11_mixed_0p3_noise0p1_s5_a0p2_b0p7,11,mixed,0.3,0.1,5,0.2,crp,1.8536825111634223,1.967969409718128,1.6636710246906627,3.3571818305737438,3.9611802530792697,0.7
full_seed11_mixed_0p3_noise0p1_s5_a0p3_b0p8,11,mixed,0.3,0.1,5,0.3,fpr_owa,1.8460203888573796,1.9747468686273095,1.701922615138241,3.070534796993679,3.941632565839912,0.8
full_seed11_mixed_0p3_noise0p1_s5_a0p3_b0p8,11,mixed,0.3,0.1,5,0.3,crp,1.816021527104151,1.9040547134478616,1.701922615138241,2.6866880732302323,3.1688566354836323,0.8
full_seed11_mixed_0p3_noise0p1_s9_a0p2_b0p7,11,mixed,0.3,0.1,9,0.2,fpr_owa,1.7473682292953494,1.8532668575472715,1.585332467672913,2.606709464609265,3.624568412037848,0.7
full_seed11_mixed_0p3_noise0p1_s9_a0p2_b0p7,11,mixed,0.3,0.1,9,0.2,crp,1.7942107617431045,1.858170064313392,1.6682878695006251,2.5451486475957483,2.8782723120472986,0.7
full_seed11_mixed_0p3_noise0p1_s9_a0p3_b0p8,11,mixed,0.3,0.1,9,0.3,fpr_owa,1.6625719744132683,1.7457497268027775,1.5267462918974686,2.5049587838068184,2.69656053563251,0.8
full_seed11_mixed_0p3_noise0p1_s9_a0p3_b0p8,11,mixed,0.3,0.1,9,0.3,crp,1.7213581395419195,1.7943093192631738,1.5954220411894453,2.5067651430632725,2.69656053563251,0.8
full_seed11_mixed_0p3_noise0p25_s13_a0p2_b0p7,11,mixed,0.3,0.25,13,0.2,fpr_owa,1.1935278886219676,1.273780619001133,1.182955789113602,1.861208365670011,2.0910563702945133,0.7
full_seed11_mixed_0p3_noise0p25_s13_a0p2_b0p7,11,mixed,0.3,0.25,13,0.2,crp,1.146785739578977,1.224492224876032,1.1404502615874614,1.8353665345052037,2.026909411529538,0.7
full_seed11_mixed_0p3_noise0p25_s13_a0p3_b0p8,11,mixed,0.3,0.25,13,0.3,fpr_owa,1.291785444758217,1.4201860142907563,1.1667463121409605,2.252938669326068,2.42067188141775,0.8
full_seed11_mixed_0p3_noise0p25_s13_a0p3_b0p8,11,mixed,0.3,0.25,13,0.3,crp,1.24824848297352,1.3890632271845291,1.1374826037862018,2.2276213216608496,2.42067188141775,0.8
full_seed11_mixed_0p3_noise0p25_s5_a0p2_b0p7,11,mixed,0.3,0.25,5,0.2,fpr_owa,2.0169245186948968,2.216922996429542,1.7382344959974645,3.8533017031114745,5.386629844075497,0.7
full_seed11_mixed_0p3_noise0p25_s5_a0p2_b0p7,11,mixed,0.3,0.25,5,0.2,crp,1.856690154823921,1.9676459311569607,1.7098586922159087,3.2770662568396616,3.882460481898762,0.7
full_seed11_mixed_0p3_noise0p25_s5_a0p3_b0p8,11,mixed,0.3,0.25,5,0.3,fpr_owa,1.860320108588468,1.9832310150462789,1.7099726449426185,2.980633557641122,4.004098463101063,0.8
full_seed11_mixed_0p3_noise0p25_s5_a0p3_b0p8,11,mixed,0.3,0.25,5,0.3,crp,1.826868880798594,1.910884677528475,1.7004067903190965,2.765728189373548,3.1354712897744794,0.8
full_seed11_mixed_0p3_noise0p25_s9_a0p2_b0p7,11,mixed,0.3,0.25,9,0.2,fpr_owa,1.7492461774881902,1.862457340909754,1.6541239572875672,2.6541273152886338,3.767754901711948,0.7
full_seed11_mixed_0p3_noise0p25_s9_a0p2_b0p7,11,mixed,0.3,0.25,9,0.2,crp,1.772871902271594,1.843552039387919,1.6710119816104012,2.555694457335852,2.925095707154106,0.7
full_seed11_mixed_0p3_noise0p25_s9_a0p3_b0p8,11,mixed,0.3,0.25,9,0.3,fpr_owa,1.6723711038470457,1.7509534004920693,1.5603868571643336,2.520428217876495,2.6850135511482764,0.8
full_seed11_mixed_0p3_noise0p25_s9_a0p3_b0p8,11,mixed,0.3,0.25,9,0.3,crp,1.7168566174886246,1.786751399409677,1.612606503257397,2.520428217876495,2.6850135511482764,0.8
full_seed11_mixed_0p3_noise0p5_s13_a0p2_b0p7,11,mixed,0.3,0.5,13,0.2,fpr_owa,1.2766428246326786,1.370079644349546,1.2649553423585371,2.090955297155124,2.628942415795668,0.7
full_seed11_mixed_0p3_noise0p5_s13_a0p2_b0p7,11,mixed,0.3,0.5,13,0.2,crp,1.2106946425748446,1.3090619296266628,1.1738083366148953,2.0406240332097583,2.46886765286448,0.7
full_seed11_mixed_0p3_noise0p5_s13_a0p3_b0p8,11,mixed,0.3,0.5,13,0.3,fpr_owa,1.2786221703755152,1.4050747509013528,1.203891088150856,2.3173505451399548,2.606721092901748,0.8
full_seed11_mixed_0p3_noise0p5_s13_a0p3_b0p8,11,mixed,0.3,0.5,13,0.3,crp,1.2715383164102618,1.4015665654093123,1.151604421254984,2.2920722298809717,2.67928478126362,0.8
full_seed11_mixed_0p3_noise0p5_s5_a0p2_b0p7,11,mixed,0.3,0.5,5,0.2,fpr_owa,2.0303466876250105,2.229428406561792,1.7857323304998798,3.757565457182476,5.478005387783758,0.7
full_seed11_mixed_0p3_noise0p5_s5_a0p2_b0p7,11,mixed,0.3,0.5,5,0.2,crp,1.867262726227477,1.9776332002545416,1.7402445725445768,3.008945017203424,3.9215302155656446,0.7
full_seed11_mixed_0p3_noise0p5_s5_a0p3_b0p8,11,mixed,0.3,0.5,5,0.3,fpr_owa,1.869370415000764,1.995384571148884,1.758138137384278,2.963521116788146,4.108208291869647,0.8
full_seed11_mixed_0p3_noise0p5_s5_a0p3_b0p8,11,mixed,0.3,0.5,5,0.3,crp,1.8343306606949723,1.9275263454817675,1.7470799470254157,2.7976753566425727,3.2863701541106525,0.8
full_seed11_mixed_0p3_noise0p5_s9_a0p2_b0p7,11,mixed,0.3,0.5,9,0.2,fpr_owa,1.7374870531723798,1.8583443381473013,1.6483997087427045,2.715320553028994,3.5607590048228834,0.7
full_seed11_mixed_0p3_noise0p5_s9_a0p2_b0p7,11,mixed,0.3,0.5,9,0.2,crp,1.7342761143954737,1.8163043242077308,1.6524345876192927,2.615010807589349,2.970423834182104,0.7
full_seed11_mixed_0p3_noise0p5_s9_a0p3_b0p8,11,mixed,0.3,0.5,9,0.3,fpr_owa,1.6742260725859728,1.7650031595930218,1.6336432484628154,2.6484117020442044,2.864073642446804,0.8
full_seed11_mixed_0p3_noise0p5_s9_a0p3_b0p8,11,mixed,0.3,0.5,9,0.3,crp,1.6963771892456108,1.7753309607834613,1.640119711316079,2.545452148507213,2.864073642446804,0.8
full_seed11_mixed_0p4_noise0p1_s13_a0p2_b0p7,11,mixed,0.4,0.1,13,0.2,fpr_owa,1.3181843270801004,1.407290719261601,1.2232898897981808,2.2184858189581504,3.620537104635531,0.7
full_seed11_mixed_0p4_noise0p1_s13_a0p2_b0p7,11,mixed,0.4,0.1,13,0.2,crp,1.1868672483662588,1.2773213176438505,1.153107856340332,2.1036202126085928,2.3667842886196464,0.7
full_seed11_mixed_0p4_noise0p1_s13_a0p3_b0p8,11,mixed,0.4,0.1,13,0.3,fpr_owa,1.3865759569277665,1.4809996168883586,1.3339819928933,2.191104475517601,2.3095731561705115,0.8
full_seed11_mixed_0p4_noise0p1_s13_a0p3_b0p8,11,mixed,0.4,0.1,13,0.3,crp,1.295927107358204,1.4279362994925162,1.2909696756434728,2.177813451693782,2.3095731561705115,0.8
full_seed11_mixed_0p4_noise0p1_s5_a0p2_b0p7,11,mixed,0.4,0.1,5,0.2,fpr_owa,2.009641315672927,2.210138514406336,1.7171736787005485,3.937063455771358,5.331804517850538,0.7
full_seed11_mixed_0p4_noise0p1_s5_a0p2_b0p7,11,mixed,0.4,0.1,5,0.2,crp,1.8536825111634223,1.967969409718128,1.6636710246906627,3.3571818305737438,3.9611802530792697,0.7
full_seed11_mixed_0p4_noise0p1_s5_a0p3_b0p8,11,mixed,0.4,0.1,5,0.3,fpr_owa,1.8460203888573796,1.9747468686273095,1.701922615138241,3.070534796993679,3.941632565839912,0.8
full_seed11_mixed_0p4_noise0p1_s5_a0p3_b0p8,11,mixed,0.4,0.1,5,0.3,crp,1.816021527104151,1.9040547134478616,1.701922615138241,2.6866880732302323,3.1688566354836323,0.8
full_seed11_mixed_0p4_noise0p1_s9_a0p2_b0p7,11,mixed,0.4,0.1,9,0.2,fpr_owa,1.948416483030629,2.087150959486357,1.6965533706462146,3.494717199979578,5.34775525283431,0.7
full_seed11_mixed_0p4_noise0p1_s9_a0p2_b0p7,11,mixed,0.4,0.1,9,0.2,crp,1.8680079492414456,1.9654561415461205,1.667568676978662,3.3454224947344,3.7289238676206007,0.7
full_seed11_mixed_0p4_noise0p1_s9_a0p3_b0p8,11,mixed,0.4,0.1,9,0.3,fpr_owa,1.7601393922574555,1.8776938131311431,1.578826138952437,2.709400408265955,3.96265710404285,0.8
full_seed11_mixed_0p4_noise0p1_s9_a0p3_b0p8,11,mixed,0.4,0.1,9,0.3,crp,1.774576157274523,1.8594352843309687,1.6212251030643436,2.612961551645008,2.897692602838116,0.8
full_seed11_mixed_0p4_noise0p25_s13_a0p2_b0p7,11,mixed,0.4,0.25,13,0.2,fpr_owa,1.3233195824269304,1.4218534426673413,1.2548214029082725,2.1634537326764773,3.518800253080118,0.7
full_seed11_mixed_0p4_noise0p25_s13_a0p2_b0p7,11,mixed,0.4,0.25,13,0.2,crp,1.1809420254601837,1.284337730560475,1.140845052284849,1.9643384130230188,2.514574234068171,0.7
full_seed11_mixed_0p4_noise0p25_s13_a0p3_b0p8,11,mixed,0.4,0.25,13,0.3,fpr_owa,1.3495657389901885,1.464203000017402,1.2388608570213049,2.277555729987541,2.4068709083982864,0.8
full_seed11_mixed_0p4_noise0p25_s13_a0p3_b0p8,11,mixed,0.4,0.25,13,0.3,crp,1.2647620917411122,1.4109017710703302,1.1909497721798168,2.2647098717043805,2.4068709083982864,0.8
full_seed11_mixed_0p4_noise0p25_s5_a0p2_b0p7,11,mixed,0.4,0.25,5,0.2,fpr_owa,2.0169245186948968,2.216922996429542,1.7382344959974645,3.8533017031114745,5.386629844075497,0.7
full_seed11_mixed_0p4_noise0p25_s5_a0p2_b0p7,11,mixed,0.4,0.25,5,0.2,crp,1.856690154823921,1.9676459311569607,1.7098586922159087,3.2770662568396616,3.882460481898762,0.7
full_seed11_mixed_0p4_noise0p25_s5_a0p3_b0p8,11,mixed,0.4,0.25,5,0.3,fpr_owa,1.860320108588468,1.9832310150462789,1.7099726449426185,2.980633557641122,4.004098463101063,0.8
full_seed11_mixed_0p4_noise0p25_s5_a0p3_b0p8,11,mixed,0.4,0.25,5,0.3,crp,1.826868880798594,1.910884677528475,1.7004067903190965,2.765728189373548,3.1354712897744794,0.8
full_seed11_mixed_0p4_noise0p25_s9_a0p2_b0p7,11,mixed,0.4,0.25,9,0.2,fpr_owa,1.9229833623692012,2.066453680919119,1.7165295229013733,3.5424838313114657,4.836998048360201,0.7
full_seed11_mixed_0p4_noise0p25_s9_a0p2_b0p7,11,mixed,0.4,0.25,9,0.2,crp,1.8480911872873635,1.950203077616628,1.6804089331196197,2.8386618263358034,3.718219992703744,0.7
full_seed11_mixed_0p4_noise0p25_s9_a0p3_b0p8,11,mixed,0.4,0.25,9,0.3,fpr_owa,1.7656388754378185,1.884698659002348,1.623307551276464,2.723013908583303,4.0942268811092495,0.8
full_seed11_mixed_0p4_noise0p25_s9_a0p3_b0p8,11,mixed,0.4,0.25,9,0.3,crp,1.7675280167048082,1.8474056022515395,1.6581131550560002,2.665997560167924,2.8120864067423312,0.8
full_seed11_mixed_0p4_noise0p5_s13_a0p2_b0p7,11,mixed,0.4,0.5,13,0.2,fpr_owa,1.3849374054915524,1.488976598806749,1.3630597559567137,2.2833657045251474,3.336268531497249,0.7
full_seed11_mixed_0p4_noise0p5_s13_a0p2_b0p7,11,mixed,0.4,0.5,13,0.2,crp,1.2359408157935812,1.364533031764512,1.214682403075673,2.1626718821198856,2.832426680652334,0.7
full_seed11_mixed_0p4_noise0p5_s13_a0p3_b0p8,11,mixed,0.4,0.5,13,0.3,fpr_owa,1.3361341593143112,1.453693635274971,1.254438006740651,2.316862205653188,2.652592094389434,0.8
full_seed11_mixed_0p4_noise0p5_s13_a0p3_b0p8,11,mixed,0.4,0.5,13,0.3,crp,1.2620427374320833,1.4038351168341168,1.1966961539313865,2.316862205653188,2.652592094389434,0.8
full_seed11_mixed_0p4_noise0p5_s5_a0p2_b0p7,11,mixed,0.4,0.5,5,0.2,fpr_owa,2.0303466876250105,2.229428406561792,1.7857323304998798,3.757565457182476,5.478005387783758,0.7
full_seed11_mixed_0p4_noise0p5_s5_a0p2_b0p7,11,mixed,0.4,0.5,5,0.2,crp,1.867262726227477,1.9776332002545416,1.7402445725445768,3.008945017203424,3.9215302155656446,0.7
full_seed11_mixed_0p4_noise0p5_s5_a0p3_b0p8,11,mixed,0.4,0.5,5,0.3,fpr_owa,1.869370415000764,1.995384571148884,1.758138137384278,2.963521116788146,4.108208291869647,0.8
full_seed11_mixed_0p4_noise0p5_s5_a0p3_b0p8,11,mixed,0.4,0.5,5,0.3,crp,1.8343306606949723,1.9275263454817675,1.7470799470254157,2.7976753566425727,3.2863701541106525,0.8
full_seed11_mixed_0p4_noise0p5_s9_a0p2_b0p7,11,mixed,0.4,0.5,9,0.2,fpr_owa,1.9072247532262492,2.0811648589087777,1.6929955634936449,3.630099840151572,5.202370292586004,0.7
full_seed11_mixed_0p4_noise0p5_s9_a0p2_b0p7,11,mixed,0.4,0.5,9,0.2,crp,1.8006754849392632,1.927776538901494,1.654484794892514,2.8984998729828835,4.914512390733397,0.7
full_seed11_mixed_0p4_noise0p5_s9_a0p3_b0p8,11,mixed,0.4,0.5,9,0.3,fpr_owa,1.7752025908928133,1.915012492326724,1.6829764781660796,2.86816678646319,4.443636273417505,0.8
full_seed11_mixed_0p4_noise0p5_s9_a0p3_b0p8,11,mixed,0.4,0.5,9,0.3,crp,1.7447791825627126,1.8466155550090304,1.6682719115632043,2.67131669027532,4.516730513414933,0.8
full_seed11_replay_0p0_noise0p1_s13_a0p2_b0p7,11,replay,0.0,0.1,13,0.2,fpr_owa,1.2030380377571297,1.251722441779351,1.2026784507458006,1.6480635543117987,1.7018842003615893,0.7
full_seed11_replay_0p0_noise0p1_s13_a0p2_b0p7,11,replay,0.0,0.1,13,0.2,crp,1.2030380377571297,1.251722441779351,1.2026784507458006,1.6480635543117987,1.7018842003615893,0.7
full_seed11_replay_0p0_noise0p1_s13_a0p3_b0p8,11,replay,0.0,0.1,13,0.3,fpr_owa,1.4692993938784018,1.5449144247902484,1.433608269751376,2.093640686237393,2.1531616283456394,0.8
full_seed11_replay_0p0_noise0p1_s13_a0p3_b0p8,11,replay,0.0,0.1,13,0.3,crp,1.4692993938784018,1.5449144247902484,1.433608269751376,2.093640686237393,2.1531616283456394,0.8
full_seed11_replay_0p0_noise0p1_s5_a0p2_b0p7,11,replay,0.0,0.1,5,0.2,fpr_owa,1.7641788435487618,1.8344957748451296,1.6378153881221,2.480498620302904,2.605539676523132,0.7
full_seed11_replay_0p0_noise0p1_s5_a0p2_b0p7,11,replay,0.0,0.1,5,0.2,crp,1.7641788435487618,1.8344957748451296,1.6378153881221,2.480498620302904,2.605539676523132,0.7
full_seed11_replay_0p0_noise0p1_s5_a0p3_b0p8,11,replay,0.0,0.1,5,0.3,fpr_owa,1.774467932880156,1.850312605071101,1.6740220907729897,2.48608007812878,2.5953096084478187,0.8
full_seed11_replay_0p0_noise0p1_s5_a0p3_b0p8,11,replay,0.0,0.1,5,0.3,crp,1.774467932880156,1.850312605071101,1.6740220907729897,2.48608007812878,2.5953096084478187,0.8
full_seed11_replay_0p0_noise0p1_s9_a0p2_b0p7,11,replay,0.0,0.1,9,0.2,fpr_owa,1.76382617176232,1.818790851360434,1.646441406201646,2.403961893301196,2.574826357871061,0.7
full_seed11_replay_0p0_noise0p1_s9_a0p2_b0p7,11,replay,0.0,0.1,9,0.2,crp,1.76382617176232,1.818790851360434,1.646441406201646,2.403961893301196,2.574826357871061,0.7
full_seed11_replay_0p0_noise0p1_s9_a0p3_b0p8,11,replay,0.0,0.1,9,0.3,fpr_owa,1.7391030676721655,1.8148932617376512,1.576794331174129,2.4696643260282585,2.5362443408446937,0.8
full_seed11_replay_0p0_noise0p1_s9_a0p3_b0p8,11,replay,0.0,0.1,9,0.3,crp,1.7391030676721655,1.8148932617376512,1.576794331174129,2.4696643260282585,2.5362443408446937,0.8
full_seed11_replay_0p0_noise0p25_s13_a0p2_b0p7,11,replay,0.0,0.25,13,0.2,fpr_owa,1.2367405563130776,1.2975391058372567,1.231759497280631,1.7918660933805393,1.9569972867118044,0.7
full_seed11_replay_0p0_noise0p25_s13_a0p2_b0p7,11,replay,0.0,0.25,13,0.2,crp,1.2367405563130776,1.2975391058372567,1.231759497280631,1.7918660933805393,1.9569972867118044,0.7
full_seed11_replay_0p0_noise0p25_s13_a0p3_b0p8,11,replay,0.0,0.25,13,0.3,fpr_owa,1.4406965827838207,1.5385127187146916,1.3426406936018875,2.1780674388216434,2.3214884090002728,0.8
full_seed11_replay_0p0_noise0p25_s13_a0p3_b0p8,11,replay,0.0,0.25,13,0.3,crp,1.4406965827838207,1.5385127187146916,1.3426406936018875,2.1780674388216434,2.3214884090002728,0.8
full_seed11_replay_0p0_noise0p25_s5_a0p2_b0p7,11,replay,0.0,0.25,5,0.2,fpr_owa,1.768739992363102,1.8408338656066765,1.6648480772683014,2.521330051813962,2.8249633333898125,0.7
full_seed11_replay_0p0_noise0p25_s5_a0p2_b0p7,11,replay,0.0,0.25,5,0.2,crp,1.768739992363102,1.8408338656066765,1.6648480772683014,2.521330051813962,2.8249633333898125,0.7
full_seed11_replay_0p0_noise0p25_s5_a0p3_b0p8,11,replay,0.0,0.25,5,0.3,fpr_owa,1.7807210666317297,1.853421338503683,1.700543780777097,2.5455608840162336,2.780508180814264,0.8
full_seed11_replay_0p0_noise0p25_s5_a0p3_b0p8,11,replay,0.0,0.25,5,0.3,crp,1.7807210666317297,1.853421338503683,1.700543780777097,2.5455608840162336,2.780508180814264,0.8
full_seed11_replay_0p0_noise0p25_s9_a0p2_b0p7,11,replay,0.0,0.25,9,0.2,fpr_owa,1.7461352404491015,1.8089103731019336,1.645012760945749,2.447591344300196,2.526468902583454,0.7
full_seed11_replay_0p0_noise0p25_s9_a0p2_b0p7,11,replay,0.0,0.25,9,0.2,crp,1.7463887434400327,1.8092445621181688,1.645012760945749,2.447591344300196,2.526468902583454,0.7
full_seed11_replay_0p0_noise0p25_s9_a0p3_b0p8,11,replay,0.0,0.25,9,0.3,fpr_owa,1.7255843389288017,1.797624491851203,1.630210464348906,2.4853318189876945,2.5830073309369843,0.8
full_seed11_replay_0p0_noise0p25_s9_a0p3_b0p8,11,replay,0.0,0.25,9,0.3,crp,1.7266353849468865,1.7989882338603809,1.630210464348906,2.4853318189876945,2.5830073309369843,0.8
full_seed11_replay_0p0_noise0p5_s13_a0p2_b0p7,11,replay,0.0,0.5,13,0.2,fpr_owa,1.2941491831629997,1.3694718070207743,1.2970916190651125,1.979666615836429,2.2904240069420423,0.7
full_seed11_replay_0p0_noise0p5_s13_a0p2_b0p7,11,replay,0.0,0.5,13,0.2,crp,1.3052333536073215,1.3830089110907258,1.2970916190651125,2.0583103842654302,2.2904240069420423,0.7
full_seed11_replay_0p0_noise0p5_s13_a0p3_b0p8,11,replay,0.0,0.5,13,0.3,fpr_owa,1.3879873128426703,1.4873215954875596,1.3082925736137798,2.2245555160048647,2.5341441719155235,0.8
full_seed11_replay_0p0_noise0p5_s13_a0p3_b0p8,11,replay,0.0,0.5,13,0.3,crp,1.4032743429891827,1.5044660511299015,1.323728973261268,2.2503150075942617,2.5341441719155235,0.8
full_seed11_replay_0p0_noise0p5_s5_a0p2_b0p7,11,replay,0.0,0.5,5,0.2,fpr_owa,1.7926018622007016,1.87783469716562,1.7723700273181024,2.684271847491995,3.190669428167615,0.7
full_seed11_replay_0p0_noise0p5_s5_a0p2_b0p7,11,replay,0.0,0.5,5,0.2,crp,1.7960853893362767,1.883204332941269,1.7723700273181024,2.6846289267011563,3.246589313978529,0.7
full_seed11_replay_0p0_noise0p5_s5_a0p3_b0p8,11,replay,0.0,0.5,5,0.3,fpr_owa,1.791824928608006,1.876863939248184,1.7385226185681226,2.7228923880791,3.101963578061354,0.8
full_seed11_replay_0p0_noise0p5_s5_a0p3_b0p8,11,replay,0.0,0.5,5,0.3,crp,1.7937165859728483,1.8799381993380773,1.7385226185681226,2.7228923880791,3.2863701541106525,0.8
full_seed11_replay_0p0_noise0p5_s9_a0p2_b0p7,11,replay,0.0,0.5,9,0.2,fpr_owa,1.7053325554692842,1.7803703247585505,1.6412696103953297,2.503828933608913,2.7646347948997105,0.7
full_seed11_replay_0p0_noise0p5_s9_a0p2_b0p7,11,replay,0.0,0.5,9,0.2,crp,1.7072344126820418,1.7820144265395983,1.6441890620646844,2.508182775778001,2.7646347948997105,0.7
full_seed11_replay_0p0_noise0p5_s9_a0p3_b0p8,11,replay,0.0,0.5,9,0.3,fpr_owa,1.7003480934025528,1.778436934064852,1.654233640163059,2.5271347718124075,2.864073642446804,0.8
full_seed11_replay_0p0_noise0p5_s9_a0p3_b0p8,11,replay,0.0,0.5,9,0.3,crp,1.7030225030190294,1.7815484229439311,1.6607103905430614,2.5271347718124075,2.864073642446804,0.8
full_seed11_replay_0p1_noise0p1_s13_a0p2_b0p7,11,replay,0.1,0.1,13,0.2,fpr_owa,1.2040691832353656,1.2531153986047816,1.2026784507458006,1.6480635543117987,1.700651047032628,0.7
full_seed11_replay_0p1_noise0p1_s13_a0p2_b0p7,11,replay,0.1,0.1,13,0.2,crp,1.2040691832353656,1.2531153986047816,1.2026784507458006,1.6480635543117987,1.700651047032628,0.7
full_seed11_replay_0p1_noise0p1_s13_a0p3_b0p8,11,replay,0.1,0.1,13,0.3,fpr_owa,1.4690129341211535,1.5453641913901164,1.4463923400377454,2.0813294075250206,2.1531616283456394,0.8
full_seed11_replay_0p1_noise0p1_s13_a0p3_b0p8,11,replay,0.1,0.1,13,0.3,crp,1.4690129341211535,1.5453641913901164,1.4463923400377454,2.0813294075250206,2.1531616283456394,0.8
full_seed11_replay_0p1_noise0p1_s5_a0p2_b0p7,11,replay,0.1,0.1,5,0.2,fpr_owa,1.7641788435487618,1.8344957748451296,1.6378153881221,2.480498620302904,2.605539676523132,0.7
full_seed11_replay_0p1_noise0p1_s5_a0p2_b0p7,11,replay,0.1,0.1,5,0.2,crp,1.7641788435487618,1.8344957748451296,1.6378153881221,2.480498620302904,2.605539676523132,0.7
full_seed11_replay_0p1_noise0p1_s5_a0p3_b0p8,11,replay,0.1,0.1,5,0.3,fpr_owa,1.774467932880156,1.850312605071101,1.6740220907729897,2.48608007812878,2.5953096084478187,0.8
full_seed11_replay_0p1_noise0p1_s5_a0p3_b0p8,11,replay,0.1,0.1,5,0.3,crp,1.774467932880156,1.850312605071101,1.6740220907729897,2.48608007812878,2.5953096084478187,0.8
full_seed11_replay_0p1_noise0p1_s9_a0p2_b0p7,11,replay,0.1,0.1,9,0.2,fpr_owa,1.7658797466791871,1.820919563243793,1.646441406201646,2.4012606868396986,2.582255323435484,0.7
full_seed11_replay_0p1_noise0p1_s9_a0p2_b0p7,11,replay,0.1,0.1,9,0.2,crp,1.7658797466791871,1.820919563243793,1.646441406201646,2.4012606868396986,2.582255323435484,0.7
full_seed11_replay_0p1_noise0p1_s9_a0p3_b0p8,11,replay,0.1,0.1,9,0.3,fpr_owa,1.7384961650016442,1.813732717070268,1.5738625989818076,2.4700663746752207,2.5362443408446937,0.8
full_seed11_replay_0p1_noise0p1_s9_a0p3_b0p8,11,replay,0.1,0.1,9,0.3,crp,1.7384961650016442,1.813732717070268,1.5738625989818076,2.4700663746752207,2.5362443408446937,0.8
full_seed11_replay_0p1_noise0p25_s13_a0p2_b0p7,11,replay,0.1,0.25,13,0.2,fpr_owa,1.2352518430987574,1.2964257337520433,1.2369885657786412,1.7944008630431263,1.9569972867118044,0.7
full_seed11_replay_0p1_noise0p25_s13_a0p2_b0p7,11,replay,0.1,0.25,13,0.2,crp,1.2352518430987574,1.2964257337520433,1.2369885657786412,1.7944008630431263,1.9569972867118044,0.7
full_seed11_replay_0p1_noise0p25_s13_a0p3_b0p8,11,replay,0.1,0.25,13,0.3,fpr_owa,1.4366542473895183,1.5337531275415397,1.3901024595257758,2.1742929399104525,2.3214884090002728,0.8
full_seed11_replay_0p1_noise0p25_s13_a0p3_b0p8,11,replay,0.1,0.25,13,0.3,crp,1.4366542473895183,1.5337531275415397,1.3901024595257758,2.1742929399104525,2.3214884090002728,0.8
full_seed11_replay_0p1_noise0p25_s5_a0p2_b0p7,11,replay,0.1,0.25,5,0.2,fpr_owa,1.768739992363102,1.8408338656066765,1.6648480772683014,2.521330051813962,2.8249633333898125,0.7
full_seed11_replay_0p1_noise0p25_s5_a0p2_b0p7,11,replay,0.1,0.25,5,0.2,crp,1.768739992363102,1.8408338656066765,1.6648480772683014,2.521330051813962,2.8249633333898125,0.7
full_seed11_replay_0p1_noise0p25_s5_a0p3_b0p8,11,replay,0.1,0.25,5,0.3,fpr_owa,1.7807210666317297,1.853421338503683,1.700543780777097,2.5455608840162336,2.780508180814264,0.8
full_seed11_replay_0p1_noise0p25_s5_a0p3_b0p8,11,replay,0.1,0.25,5,0.3,crp,1.7807210666317297,1.853421338503683,1.700543780777097,2.5455608840162336,2.780508180814264,0.8
full_seed11_replay_0p1_noise0p25_s9_a0p2_b0p7,11,replay,0.1,0.25,9,0.2,fpr_owa,1.7431338286696807,1.8061254534527225,1.64728148179561,2.442964191398087,2.5641415193997883,0.7
full_seed11_replay_0p1_noise0p25_s9_a0p2_b0p7,11,replay,0.1,0.25,9,0.2,crp,1.7433873316606114,1.8064601576697423,1.64728148179561,2.442964191398087,2.5641415193997883,0.7
full_seed11_replay_0p1_noise0p25_s9_a0p3_b0p8,11,replay,0.1,0.25,9,0.3,fpr_owa,1.7202547879118202,1.7930155736053883,1.6210691254499563,2.4853318189876945,2.5830073309369843,0.8
full_seed11_replay_0p1_noise0p25_s9_a0p3_b0p8,11,replay,0.1,0.25,9,0.3,crp,1.7213058339299052,1.7943828184242785,1.6210691254499563,2.4853318189876945,2.5830073309369843,0.8
full_seed11_replay_0p1_noise0p5_s13_a0p2_b0p7,11,replay,0.1,0.5,13,0.2,fpr_owa,1.2905909194948415,1.364868731359414,1.3142107446322588,1.9508072840625093,2.214796841705948,0.7
full_seed11_replay_0p1_noise0p5_s13_a0p2_b0p7,11,replay,0.1,0.5,13,0.2,crp,1.3012882955019125,1.378743543264574,1.3142107446322588,2.009561638763,2.214796841705948,0.7
full_seed11_replay_0p1_noise0p5_s13_a0p3_b0p8,11,replay,0.1,0.5,13,0.3,fpr_owa,1.380233830847578,1.480867172299692,1.307759392461581,2.220810343502956,2.4636576269232635,0.8
full_seed11_replay_0p1_noise0p5_s13_a0p3_b0p8,11,replay,0.1,0.5,13,0.3,crp,1.3972949625879023,1.4984866037503288,1.346605038890627,2.225105608211316,2.4636576269232635,0.8
full_seed11_replay_0p1_noise0p5_s5_a0p2_b0p7,11,replay,0.1,0.5,5,0.2,fpr_owa,1.7926018622007016,1.87783469716562,1.7723700273181024,2.684271847491995,3.190669428167615,0.7
full_seed11_replay_0p1_noise0p5_s5_a0p2_b0p7,11,replay,0.1,0.5,5,0.2,crp,1.7960853893362767,1.883204332941269,1.7723700273181024,2.6846289267011563,3.246589313978529,0.7
full_seed11_replay_0p1_noise0p5_s5_a0p3_b0p8,11,replay,0.1,0.5,5,0.3,fpr_owa,1.791824928608006,1.876863939248184,1.7385226185681226,2.7228923880791,3.101963578061354,0.8
full_seed11_replay_0p1_noise0p5_s5_a0p3_b0p8,11,replay,0.1,0.5,5,0.3,crp,1.7937165859728483,1.8799381993380773,1.7385226185681226,2.7228923880791,3.2863701541106525,0.8
full_seed11_replay_0p1_noise0p5_s9_a0p2_b0p7,11,replay,0.1,0.5,9,0.2,fpr_owa,1.7111503981375278,1.7861281092475318,1.6483997087427045,2.50833896610992,2.7236700803968263,0.7
full_seed11_replay_0p1_noise0p5_s9_a0p2_b0p7,11,replay,0.1,0.5,9,0.2,crp,1.7109667122428376,1.7856621303135214,1.6483997087427045,2.5370637053839182,2.7236700803968263,0.7
full_seed11_replay_0p1_noise0p5_s9_a0p3_b0p8,11,replay,0.1,0.5,9,0.3,fpr_owa,1.6966473707381398,1.774027937660042,1.6135029589460903,2.5206840843540554,2.864073642446804,0.8
full_seed11_replay_0p1_noise0p5_s9_a0p3_b0p8,11,replay,0.1,0.5,9,0.3,crp,1.6971960477898047,1.7748799875292225,1.6135029589460903,2.5206840843540554,2.864073642446804,0.8
full_seed11_replay_0p2_noise0p1_s13_a0p2_b0p7,11,replay,0.2,0.1,13,0.2,fpr_owa,1.198150355746878,1.2483411905518371,1.2026784507458006,1.6408114862646264,1.7069528125900653,0.7
full_seed11_replay_0p2_noise0p1_s13_a0p2_b0p7,11,replay,0.2,0.1,13,0.2,crp,1.198150355746878,1.2483411905518371,1.2026784507458006,1.6408114862646264,1.7069528125900653,0.7
full_seed11_replay_0p2_noise0p1_s13_a0p3_b0p8,11,replay,0.2,0.1,13,0.3,fpr_owa,1.4644751865600674,1.5415221729372437,1.444558928459628,2.068489843459696,2.1531616283456394,0.8
full_seed11_replay_0p2_noise0p1_s13_a0p3_b0p8,11,replay,0.2,0.1,13,0.3,crp,1.4644751865600674,1.5415221729372437,1.444558928459628,2.068489843459696,2.1531616283456394,0.8
full_seed11_replay_0p2_noise0p1_s5_a0p2_b0p7,11,replay,0.2,0.1,5,0.2,fpr_owa,1.769002173515032,1.8412966809856903,1.6558811932758128,2.48870375917548,2.6336585638600494,0.7
full_seed11_replay_0p2_noise0p1_s5_a0p2_b0p7,11,replay,0.2,0.1,5,0.2,crp,1.769002173515032,1.8412966809856903,1.6558811932758128,2.48870375917548,2.6336585638600494,0.7
full_seed11_replay_0p2_noise0p1_s5_a0p3_b0p8,11,replay,0.2,0.1,5,0.3,fpr_owa,1.7714269198122037,1.8473009189474865,1.6740220907729897,2.4879273488857216,2.602295108436337,0.8
full_seed11_replay_0p2_noise0p1_s5_a0p3_b0p8,11,replay,0.2,0.1,5,0.3,crp,1.7714269198122037,1.8473009189474865,1.6740220907729897,2.4879273488857216,2.602295108436337,0.8
full_seed11_replay_0p2_noise0p1_s9_a0p2_b0p7,11,replay,0.2,0.1,9,0.2,fpr_owa,1.7643542921115911,1.8186784926556012,1.646441406201646,2.4012606868396986,2.5121179624778103,0.7
full_seed11_replay_0p2_noise0p1_s9_a0p2_b0p7,11,replay,0.2,0.1,9,0.2,crp,1.7643542921115911,1.8186784926556012,1.646441406201646,2.4012606868396986,2.5121179624778103,0.7
full_seed11_replay_0p2_noise0p1_s9_a0p3_b0p8,11,replay,0.2,0.1,9,0.3,fpr_owa,1.7356473160832284,1.8106418229093728,1.6024844498321813,2.459658743724436,2.5362443408446937,0.8
full_seed11_replay_0p2_noise0p1_s9_a0p3_b0p8,11,replay,0.2,0.1,9,0.3,crp,1.7356473160832284,1.8106418229093728,1.6024844498321813,2.459658743724436,2.5362443408446937,0.8
full_seed11_replay_0p2_noise0p25_s13_a0p2_b0p7,11,replay,0.2,0.25,13,0.2,fpr_owa,1.2359986088874673,1.2972594289821149,1.2548214029082725,1.77772932196063,1.9569972867118044,0.7
full_seed11_replay_0p2_noise0p25_s13_a0p2_b0p7,11,replay,0.2,0.25,13,0.2,crp,1.2359986088874673,1.2972594289821149,1.2548214029082725,1.77772932196063,1.9569972867118044,0.7
full_seed11_replay_0p2_noise0p25_s13_a0p3_b0p8,11,replay,0.2,0.25,13,0.3,fpr_owa,1.4382511932420536,1.5340320186855487,1.4519838626260149,2.1743967087654967,2.3214884090002728,0.8
full_seed11_replay_0p2_noise0p25_s13_a0p3_b0p8,11,replay,0.2,0.25,13,0.3,crp,1.4382511932420536,1.5340320186855487,1.4519838626260149,2.1743967087654967,2.3214884090002728,0.8
full_seed11_replay_0p2_noise0p25_s5_a0p2_b0p7,11,replay,0.2,0.25,5,0.2,fpr_owa,1.7760616897011543,1.8507528591026037,1.7219994376998975,2.559329695970429,2.8249633333898125,0.7
full_seed11_replay_0p2_noise0p25_s5_a0p2_b0p7,11,replay,0.2,0.25,5,0.2,crp,1.7760616897011543,1.8507528591026037,1.7219994376998975,2.559329695970429,2.8249633333898125,0.7
full_seed11_replay_0p2_noise0p25_s5_a0p3_b0p8,11,replay,0.2,0.25,5,0.3,fpr_owa,1.7811011323203794,1.8545742053855,1.7297907783986153,2.557885230330293,2.780508180814264,0.8
full_seed11_replay_0p2_noise0p25_s5_a0p3_b0p8,11,replay,0.2,0.25,5,0.3,crp,1.7811011323203794,1.8545742053855,1.7297907783986153,2.557885230330293,2.780508180814264,0.8
full_seed11_replay_0p2_noise0p25_s9_a0p2_b0p7,11,replay,0.2,0.25,9,0.2,fpr_owa,1.7416406487887943,1.804595516955925,1.663486600280227,2.422946939710708,2.5153981132942484,0.7
full_seed11_replay_0p2_noise0p25_s9_a0p2_b0p7,11,replay,0.2,0.25,9,0.2,crp,1.7418941517797253,1.8049305048826148,1.663486600280227,2.422946939710708,2.5153981132942484,0.7
full_seed11_replay_0p2_noise0p25_s9_a0p3_b0p8,11,replay,0.2,0.25,9,0.3,fpr_owa,1.7216837390983408,1.79428108117603,1.6521391739273772,2.4919329762061597,2.5830073309369843,0.8
full_seed11_replay_0p2_noise0p25_s9_a0p3_b0p8,11,replay,0.2,0.25,9,0.3,crp,1.7227347851164256,1.795647362410287,1.6521391739273772,2.4919329762061597,2.5830073309369843,0.8
full_seed11_replay_0p2_noise0p5_s13_a0p2_b0p7,11,replay,0.2,0.5,13,0.2,fpr_owa,1.291899832303347,1.3647147597878215,1.2844421216889033,1.901285549127776,2.296719793952636,0.7
full_seed11_replay_0p2_noise0p5_s13_a0p2_b0p7,11,replay,0.2,0.5,13,0.2,crp,1.3044453427184255,1.380746960815704,1.3017027471875795,1.978365166221512,2.296719793952636,0.7
full_seed11_replay_0p2_noise0p5_s13_a0p3_b0p8,11,replay,0.2,0.5,13,0.3,fpr_owa,1.3877241843507198,1.4860057374741682,1.3750936066939978,2.260626003035456,2.382396871286631,0.8
full_seed11_replay_0p2_noise0p5_s13_a0p3_b0p8,11,replay,0.2,0.5,13,0.3,crp,1.398605832218901,1.4983613581621602,1.38248968906657,2.268599046525833,2.464522528044576,0.8
full_seed11_replay_0p2_noise0p5_s5_a0p2_b0p7,11,replay,0.2,0.5,5,0.2,fpr_owa,1.7838606008092055,1.873289240781229,1.745733287595802,2.71725999700344,3.190669428167615,0.7
full_seed11_replay_0p2_noise0p5_s5_a0p2_b0p7,11,replay,0.2,0.5,5,0.2,crp,1.7873441279447808,1.8786718684635668,1.745733287595802,2.720146488779545,3.246589313978529,0.7
full_seed11_replay_0p2_noise0p5_s5_a0p3_b0p8,11,replay,0.2,0.5,5,0.3,fpr_owa,1.7841594285636626,1.8705306118192069,1.7429661214526817,2.681697631938612,3.101963578061354,0.8
full_seed11_replay_0p2_noise0p5_s5_a0p3_b0p8,11,replay,0.2,0.5,5,0.3,crp,1.7860510859285048,1.8736152637702916,1.7429661214526817,2.681697631938612,3.2863701541106525,0.8
full_seed11_replay_0p2_noise0p5_s9_a0p2_b0p7,11,replay,0.2,0.5,9,0.2,fpr_owa,1.7088703016845417,1.7846241794162785,1.6701729500491893,2.503644414618502,2.8342303455627693,0.7
full_seed11_replay_0p2_noise0p5_s9_a0p2_b0p7,11,replay,0.2,0.5,9,0.2,crp,1.706757906803241,1.7820928326165622,1.6701729500491893,2.503644414618502,2.7529325756919203,0.7
full_seed11_replay_0p2_noise0p5_s9_a0p3_b0p8,11,replay,0.2,0.5,9,0.3,fpr_owa,1.6943702791690989,1.7725849492321375,1.6183099121312277,2.521671619613573,2.864073642446804,0.8
full_seed11_replay_0p2_noise0p5_s9_a0p3_b0p8,11,replay,0.2,0.5,9,0.3,crp,1.6942870070858749,1.7725946393778458,1.6260616473992695,2.521671619613573,2.864073642446804,0.8
full_seed11_replay_0p3_noise0p1_s13_a0p2_b0p7,11,replay,0.3,0.1,13,0.2,fpr_owa,1.1997573712505376,1.2491578875635152,1.205111364763916,1.6408114862646264,1.7069528125900653,0.7
full_seed11_replay_0p3_noise0p1_s13_a0p2_b0p7,11,replay,0.3,0.1,13,0.2,crp,1.1997573712505376,1.2491578875635152,1.205111364763916,1.6408114862646264,1.7069528125900653,0.7
full_seed11_replay_0p3_noise0p1_s13_a0p3_b0p8,11,replay,0.3,0.1,13,0.3,fpr_owa,1.4656283984009106,1.5416680109971974,1.444558928459628,2.0538722410922863,2.1531616283456394,0.8
full_seed11_replay_0p3_noise0p1_s13_a0p3_b0p8,11,replay,0.3,0.1,13,0.3,crp,1.4656283984009106,1.5416680109971974,1.444558928459628,2.0538722410922863,2.1531616283456394,0.8
full_seed11_replay_0p3_noise0p1_s5_a0p2_b0p7,11,replay,0.3,0.1,5,0.2,fpr_owa,1.7657475663297908,1.837699087748991,1.6589291444158063,2.4921327283568577,2.606087846620584,0.7
full_seed11_replay_0p3_noise0p1_s5_a0p2_b0p7,11,replay,0.3,0.1,5,0.2,crp,1.7657475663297908,1.837699087748991,1.6589291444158063,2.4921327283568577,2.606087846620584,0.7
full_seed11_replay_0p3_noise0p1_s5_a0p3_b0p8,11,replay,0.3,0.1,5,0.3,fpr_owa,1.7715812552796266,1.8462571806411707,1.7040283446717823,2.479807301040305,2.587634942466009,0.8
full_seed11_replay_0p3_noise0p1_s5_a0p3_b0p8,11,replay,0.3,0.1,5,0.3,crp,1.7715812552796266,1.8462571806411707,1.7040283446717823,2.479807301040305,2.587634942466009,0.8
full_seed11_replay_0p3_noise0p1_s9_a0p2_b0p7,11,replay,0.3,0.1,9,0.2,fpr_owa,1.7631440596673087,1.8181989533027187,1.6493693511814236,2.3992453779789686,2.5146780312984056,0.7
full_seed11_replay_0p3_noise0p1_s9_a0p2_b0p7,11,replay,0.3,0.1,9,0.2,crp,1.7631440596673087,1.8181989533027187,1.6493693511814236,2.3992453779789686,2.5146780312984056,0.7
full_seed11_replay_0p3_noise0p1_s9_a0p3_b0p8,11,replay,0.3,0.1,9,0.3,fpr_owa,1.7369417656927106,1.8117124927165975,1.6193350163177498,2.461600965211289,2.574894678660583,0.8
full_seed11_replay_0p3_noise0p1_s9_a0p3_b0p8,11,replay,0.3,0.1,9,0.3,crp,1.7369417656927106,1.8117124927165975,1.6193350163177498,2.461600965211289,2.574894678660583,0.8
full_seed11_replay_0p3_noise0p25_s13_a0p2_b0p7,11,replay,0.3,0.25,13,0.2,fpr_owa,1.229019076339703,1.2891208970672303,1.2333632782665087,1.7773195997937588,1.9569972867118044,0.7
full_seed11_replay_0p3_noise0p25_s13_a0p2_b0p7,11,replay,0.3,0.25,13,0.2,crp,1.229019076339703,1.2891208970672303,1.2333632782665087,1.7773195997937588,1.9569972867118044,0.7
full_seed11_replay_0p3_noise0p25_s13_a0p3_b0p8,11,replay,0.3,0.25,13,0.3,fpr_owa,1.434841199899535,1.530146851670233,1.4421965740384657,2.1648333256868684,2.3214884090002728,0.8
full_seed11_replay_0p3_noise0p25_s13_a0p3_b0p8,11,replay,0.3,0.25,13,0.3,crp,1.434841199899535,1.530146851670233,1.4421965740384657,2.1648333256868684,2.3214884090002728,0.8
full_seed11_replay_0p3_noise0p25_s5_a0p2_b0p7,11,replay,0.3,0.25,5,0.2,fpr_owa,1.7701365269916338,1.8412660115425463,1.7325682164611882,2.5408475395255685,2.8249633333898125,0.7
full_seed11_replay_0p3_noise0p25_s5_a0p2_b0p7,11,replay,0.3,0.25,5,0.2,crp,1.7701365269916338,1.8412660115425463,1.7325682164611882,2.5408475395255685,2.8249633333898125,0.7
full_seed11_replay_0p3_noise0p25_s5_a0p3_b0p8,11,replay,0.3,0.25,5,0.3,fpr_owa,1.7783855969539577,1.849735918728912,1.7485018190887929,2.542689342475345,2.780508180814264,0.8
full_seed11_replay_0p3_noise0p25_s5_a0p3_b0p8,11,replay,0.3,0.25,5,0.3,crp,1.7783855969539577,1.849735918728912,1.7485018190887929,2.542689342475345,2.780508180814264,0.8
full_seed11_replay_0p3_noise0p25_s9_a0p2_b0p7,11,replay,0.3,0.25,9,0.2,fpr_owa,1.737950610858988,1.8005925561117342,1.6764569613758225,2.4387783070765723,2.5377283152984704,0.7
full_seed11_replay_0p3_noise0p25_s9_a0p2_b0p7,11,replay,0.3,0.25,9,0.2,crp,1.738204113849919,1.8009282886232243,1.6764569613758225,2.4387783070765723,2.5377283152984704,0.7
full_seed11_replay_0p3_noise0p25_s9_a0p3_b0p8,11,replay,0.3,0.25,9,0.3,fpr_owa,1.7186240740578411,1.790193650157868,1.657229635834954,2.4963103599154106,2.58898328181503,0.8
full_seed11_replay_0p3_noise0p25_s9_a0p3_b0p8,11,replay,0.3,0.25,9,0.3,crp,1.7196751200759262,1.7915630485501617,1.657229635834954,2.4963103599154106,2.58898328181503,0.8
full_seed11_replay_0p3_noise0p5_s13_a0p2_b0p7,11,replay,0.3,0.5,13,0.2,fpr_owa,1.2883724643744066,1.361438620366329,1.28146046812562,1.93154764387273,2.2463114191805897,0.7
full_seed11_replay_0p3_noise0p5_s13_a0p2_b0p7,11,replay,0.3,0.5,13,0.2,crp,1.3011805623306067,1.3772827375096537,1.28146046812562,1.9774153887649,2.2463114191805897,0.7
full_seed11_replay_0p3_noise0p5_s13_a0p3_b0p8,11,replay,0.3,0.5,13,0.3,fpr_owa,1.3889309353556505,1.487696003664586,1.368715055346432,2.221741872432919,2.382396871286631,0.8
full_seed11_replay_0p3_noise0p5_s13_a0p3_b0p8,11,replay,0.3,0.5,13,0.3,crp,1.3977637414147956,1.4974955122553355,1.372127465443644,2.221741872432919,2.5054793325468623,0.8
full_seed11_replay_0p3_noise0p5_s5_a0p2_b0p7,11,replay,0.3,0.5,5,0.2,fpr_owa,1.776338171959614,1.8603730249559507,1.7312734618500942,2.6846289267011563,3.190669428167615,0.7
full_seed11_replay_0p3_noise0p5_s5_a0p2_b0p7,11,replay,0.3,0.5,5,0.2,crp,1.7798216990951892,1.865792915013193,1.7312734618500942,2.6915603866972435,3.246589313978529,0.7
full_seed11_replay_0p3_noise0p5_s5_a0p3_b0p8,11,replay,0.3,0.5,5,0.3,fpr_owa,1.7765956374607157,1.8586444394452288,1.734181554258461,2.676069488452786,3.101963578061354,0.8
full_seed11_replay_0p3_noise0p5_s5_a0p3_b0p8,11,replay,0.3,0.5,5,0.3,crp,1.7784872948255577,1.861748785191212,1.734181554258461,2.676069488452786,3.2863701541106525,0.8
full_seed11_replay_0p3_noise0p5_s9_a0p2_b0p7,11,replay,0.3,0.5,9,0.2,fpr_owa,1.7067365411775732,1.7815901623769934,1.6483997087427045,2.489283418020265,2.732772630646457,0.7
full_seed11_replay_0p3_noise0p5_s9_a0p2_b0p7,11,replay,0.3,0.5,9,0.2,crp,1.7052572419165364,1.7799307459290612,1.6483997087427045,2.4940419819093,2.732772630646457,0.7
full_seed11_replay_0p3_noise0p5_s9_a0p3_b0p8,11,replay,0.3,0.5,9,0.3,fpr_owa,1.6877412921472303,1.7654903868951248,1.6291089280019209,2.5206840843540554,2.864073642446804,0.8
full_seed11_replay_0p3_noise0p5_s9_a0p3_b0p8,11,replay,0.3,0.5,9,0.3,crp,1.689604339889397,1.767573099784464,1.6440644619876037,2.5206840843540554,2.864073642446804,0.8
full_seed11_replay_0p4_noise0p1_s13_a0p2_b0p7,11,replay,0.4,0.1,13,0.2,fpr_owa,1.2035247486140568,1.2520455285035894,1.2116984584214443,1.6409092938528635,1.7124963131526276,0.7
full_seed11_replay_0p4_noise0p1_s13_a0p2_b0p7,11,replay,0.4,0.1,13,0.2,crp,1.2035247486140568,1.2520455285035894,1.2116984584214443,1.6409092938528635,1.7124963131526276,0.7
full_seed11_replay_0p4_noise0p1_s13_a0p3_b0p8,11,replay,0.4,0.1,13,0.3,fpr_owa,1.4701670462952934,1.5447248438894725,1.4610334123686444,2.055545729461821,2.1537563137968965,0.8
full_seed11_replay_0p4_noise0p1_s13_a0p3_b0p8,11,replay,0.4,0.1,13,0.3,crp,1.4701670462952934,1.5447248438894725,1.4610334123686444,2.055545729461821,2.1537563137968965,0.8
full_seed11_replay_0p4_noise0p1_s5_a0p2_b0p7,11,replay,0.4,0.1,5,0.2,fpr_owa,1.7657475663297908,1.837699087748991,1.6589291444158063,2.4921327283568577,2.606087846620584,0.7
full_seed11_replay_0p4_noise0p1_s5_a0p2_b0p7,11,replay,0.4,0.1,5,0.2,crp,1.7657475663297908,1.837699087748991,1.6589291444158063,2.4921327283568577,2.606087846620584,0.7
full_seed11_replay_0p4_noise0p1_s5_a0p3_b0p8,11,replay,0.4,0.1,5,0.3,fpr_owa,1.7715812552796266,1.8462571806411707,1.7040283446717823,2.479807301040305,2.587634942466009,0.8
full_seed11_replay_0p4_noise0p1_s5_a0p3_b0p8,11,replay,0.4,0.1,5,0.3,crp,1.7715812552796266,1.8462571806411707,1.7040283446717823,2.479807301040305,2.587634942466009,0.8
full_seed11_replay_0p4_noise0p1_s9_a0p2_b0p7,11,replay,0.4,0.1,9,0.2,fpr_owa,1.764860573055373,1.8190587873405224,1.6587792378373152,2.395256572862045,2.5427107392701025,0.7
full_seed11_replay_0p4_noise0p1_s9_a0p2_b0p7,11,replay,0.4,0.1,9,0.2,crp,1.764860573055373,1.8190587873405224,1.6587792378373152,2.395256572862045,2.5427107392701025,0.7
full_seed11_replay_0p4_noise0p1_s9_a0p3_b0p8,11,replay,0.4,0.1,9,0.3,fpr_owa,1.7317826768883242,1.805831051893538,1.627697594433872,2.457145504089235,2.5443877358477907,0.8
full_seed11_replay_0p4_noise0p1_s9_a0p3_b0p8,11,replay,0.4,0.1,9,0.3,crp,1.7317826768883242,1.805831051893538,1.627697594433872,2.457145504089235,2.5443877358477907,0.8
full_seed11_replay_0p4_noise0p25_s13_a0p2_b0p7,11,replay,0.4,0.25,13,0.2,fpr_owa,1.2325066252454673,1.2915322799828657,1.241580443180604,1.7689660448018796,1.9569972867118044,0.7
full_seed11_replay_0p4_noise0p25_s13_a0p2_b0p7,11,replay,0.4,0.25,13,0.2,crp,1.2325066252454673,1.2915322799828657,1.241580443180604,1.7689660448018796,1.9569972867118044,0.7
full_seed11_replay_0p4_noise0p25_s13_a0p3_b0p8,11,replay,0.4,0.25,13,0.3,fpr_owa,1.4366783203905555,1.531267856333881,1.4363358188627675,2.1571753678179384,2.323571342532016,0.8
full_seed11_replay_0p4_noise0p25_s13_a0p3_b0p8,11,replay,0.4,0.25,13,0.3,crp,1.4366783203905555,1.531267856333881,1.4363358188627675,2.1571753678179384,2.323571342532016,0.8
full_seed11_replay_0p4_noise0p25_s5_a0p2_b0p7,11,replay,0.4,0.25,5,0.2,fpr_owa,1.7701365269916338,1.8412660115425463,1.7325682164611882,2.5408475395255685,2.8249633333898125,0.7
full_seed11_replay_0p4_noise0p25_s5_a0p2_b0p7,11,replay,0.4,0.25,5,0.2,crp,1.7701365269916338,1.8412660115425463,1.7325682164611882,2.5408475395255685,2.8249633333898125,0.7
full_seed11_replay_0p4_noise0p25_s5_a0p3_b0p8,11,replay,0.4,0.25,5,0.3,fpr_owa,1.7783855969539577,1.849735918728912,1.7485018190887929,2.542689342475345,2.780508180814264,0.8
full_seed11_replay_0p4_noise0p25_s5_a0p3_b0p8,11,replay,0.4,0.25,5,0.3,crp,1.7783855969539577,1.849735918728912,1.7485018190887929,2.542689342475345,2.780508180814264,0.8
full_seed11_replay_0p4_noise0p25_s9_a0p2_b0p7,11,replay,0.4,0.25,9,0.2,fpr_owa,1.7360600749490578,1.7995912464639738,1.647757483970974,2.437558998750801,2.615732026916565,0.7
full_seed11_replay_0p4_noise0p25_s9_a0p2_b0p7,11,replay,0.4,0.25,9,0.2,crp,1.7363135779399888,1.7999271657453664,1.647757483970974,2.437558998750801,2.615732026916565,0.7
full_seed11_replay_0p4_noise0p25_s9_a0p3_b0p8,11,replay,0.4,0.25,9,0.3,fpr_owa,1.7148202544842452,1.785222345675127,1.6365949976894758,2.4853318189876945,2.587683733721192,0.8
full_seed11_replay_0p4_noise0p25_s9_a0p3_b0p8,11,replay,0.4,0.25,9,0.3,crp,1.71587130050233,1.786595554500962,1.6365949976894758,2.4853318189876945,2.587683733721192,0.8
full_seed11_replay_0p4_noise0p5_s13_a0p2_b0p7,11,replay,0.4,0.5,13,0.2,fpr_owa,1.290281866179781,1.36465532935586,1.277347728004797,1.9508268890060685,2.235926873727442,0.7
full_seed11_replay_0p4_noise0p5_s13_a0p2_b0p7,11,replay,0.4,0.5,13,0.2,crp,1.3055139353209877,1.3828798914167717,1.2882029874660206,2.009106036246656,2.235926873727442,0.7
full_seed11_replay_0p4_noise0p5_s13_a0p3_b0p8,11,replay,0.4,0.5,13,0.3,fpr_owa,1.384805060379961,1.483757128640794,1.3582840473929294,2.2217841263401965,2.382396871286631,0.8
full_seed11_replay_0p4_noise0p5_s13_a0p3_b0p8,11,replay,0.4,0.5,13,0.3,crp,1.3919549548769752,1.491185525043731,1.3634283487173129,2.2149298514482583,2.5093966799357155,0.8
full_seed11_replay_0p4_noise0p5_s5_a0p2_b0p7,11,replay,0.4,0.5,5,0.2,fpr_owa,1.776338171959614,1.8603730249559507,1.7312734618500942,2.6846289267011563,3.190669428167615,0.7
full_seed11_replay_0p4_noise0p5_s5_a0p2_b0p7,11,replay,0.4,0.5,5,0.2,crp,1.7798216990951892,1.865792915013193,1.7312734618500942,2.6915603866972435,3.246589313978529,0.7
full_seed11_replay_0p4_noise0p5_s5_a0p3_b0p8,11,replay,0.4,0.5,5,0.3,fpr_owa,1.7765956374607157,1.8586444394452288,1.734181554258461,2.676069488452786,3.101963578061354,0.8
full_seed11_replay_0p4_noise0p5_s5_a0p3_b0p8,11,replay,0.4,0.5,5,0.3,crp,1.7784872948255577,1.861748785191212,1.734181554258461,2.676069488452786,3.2863701541106525,0.8
full_seed11_replay_0p4_noise0p5_s9_a0p2_b0p7,11,replay,0.4,0.5,9,0.2,fpr_owa,1.6995543657140575,1.774087971507209,1.6483997087427045,2.503362514925985,2.732772630646457,0.7
full_seed11_replay_0p4_noise0p5_s9_a0p2_b0p7,11,replay,0.4,0.5,9,0.2,crp,1.698961375302781,1.7732452227085764,1.6483997087427045,2.4940272185994243,2.732772630646457,0.7
full_seed11_replay_0p4_noise0p5_s9_a0p3_b0p8,11,replay,0.4,0.5,9,0.3,fpr_owa,1.6834940823003133,1.7605423673117384,1.6291089280019209,2.503197835987435,2.864073642446804,0.8
full_seed11_replay_0p4_noise0p5_s9_a0p3_b0p8,11,replay,0.4,0.5,9,0.3,crp,1.6861735871212635,1.7635452339319453,1.6291089280019209,2.503197835987435,2.864073642446804,0.8
full_seed11_scaling_0p0_noise0p1_s13_a0p2_b0p7,11,scaling,0.0,0.1,13,0.2,fpr_owa,1.2030380377571297,1.251722441779351,1.2026784507458006,1.6480635543117987,1.7018842003615893,0.7
full_seed11_scaling_0p0_noise0p1_s13_a0p2_b0p7,11,scaling,0.0,0.1,13,0.2,crp,1.2030380377571297,1.251722441779351,1.2026784507458006,1.6480635543117987,1.7018842003615893,0.7
full_seed11_scaling_0p0_noise0p1_s13_a0p3_b0p8,11,scaling,0.0,0.1,13,0.3,fpr_owa,1.4692993938784018,1.5449144247902484,1.433608269751376,2.093640686237393,2.1531616283456394,0.8
full_seed11_scaling_0p0_noise0p1_s13_a0p3_b0p8,11,scaling,0.0,0.1,13,0.3,crp,1.4692993938784018,1.5449144247902484,1.433608269751376,2.093640686237393,2.1531616283456394,0.8
full_seed11_scaling_0p0_noise0p1_s5_a0p2_b0p7,11,scaling,0.0,0.1,5,0.2,fpr_owa,1.7641788435487618,1.8344957748451296,1.6378153881221,2.480498620302904,2.605539676523132,0.7
full_seed11_scaling_0p0_noise0p1_s5_a0p2_b0p7,11,scaling,0.0,0.1,5,0.2,crp,1.7641788435487618,1.8344957748451296,1.6378153881221,2.480498620302904,2.605539676523132,0.7
full_seed11_scaling_0p0_noise0p1_s5_a0p3_b0p8,11,scaling,0.0,0.1,5,0.3,fpr_owa,1.774467932880156,1.850312605071101,1.6740220907729897,2.48608007812878,2.5953096084478187,0.8
full_seed11_scaling_0p0_noise0p1_s5_a0p3_b0p8,11,scaling,0.0,0.1,5,0.3,crp,1.774467932880156,1.850312605071101,1.6740220907729897,2.48608007812878,2.5953096084478187,0.8
full_seed11_scaling_0p0_noise0p1_s9_a0p2_b0p7,11,scaling,0.0,0.1,9,0.2,fpr_owa,1.76382617176232,1.818790851360434,1.646441406201646,2.403961893301196,2.574826357871061,0.7
full_seed11_scaling_0p0_noise0p1_s9_a0p2_b0p7,11,scaling,0.0,0.1,9,0.2,crp,1.76382617176232,1.818790851360434,1.646441406201646,2.403961893301196,2.574826357871061,0.7
full_seed11_scaling_0p0_noise0p1_s9_a0p3_b0p8,11,scaling,0.0,0.1,9,0.3,fpr_owa,1.7391030676721655,1.8148932617376512,1.576794331174129,2.4696643260282585,2.5362443408446937,0.8
full_seed11_scaling_0p0_noise0p1_s9_a0p3_b0p8,11,scaling,0.0,0.1,9,0.3,crp,1.7391030676721655,1.8148932617376512,1.576794331174129,2.4696643260282585,2.5362443408446937,0.8
full_seed11_scaling_0p0_noise0p25_s13_a0p2_b0p7,11,scaling,0.0,0.25,13,0.2,fpr_owa,1.2367405563130776,1.2975391058372567,1.231759497280631,1.7918660933805393,1.9569972867118044,0.7
full_seed11_scaling_0p0_noise0p25_s13_a0p2_b0p7,11,scaling,0.0,0.25,13,0.2,crp,1.2367405563130776,1.2975391058372567,1.231759497280631,1.7918660933805393,1.9569972867118044,0.7
full_seed11_scaling_0p0_noise0p25_s13_a0p3_b0p8,11,scaling,0.0,0.25,13,0.3,fpr_owa,1.4406965827838207,1.5385127187146916,1.3426406936018875,2.1780674388216434,2.3214884090002728,0.8
full_seed11_scaling_0p0_noise0p25_s13_a0p3_b0p8,11,scaling,0.0,0.25,13,0.3,crp,1.4406965827838207,1.5385127187146916,1.3426406936018875,2.1780674388216434,2.3214884090002728,0.8
full_seed11_scaling_0p0_noise0p25_s5_a0p2_b0p7,11,scaling,0.0,0.25,5,0.2,fpr_owa,1.768739992363102,1.8408338656066765,1.6648480772683014,2.521330051813962,2.8249633333898125,0.7
full_seed11_scaling_0p0_noise0p25_s5_a0p2_b0p7,11,scaling,0.0,0.25,5,0.2,crp,1.768739992363102,1.8408338656066765,1.6648480772683014,2.521330051813962,2.8249633333898125,0.7
full_seed11_scaling_0p0_noise0p25_s5_a0p3_b0p8,11,scaling,0.0,0.25,5,0.3,fpr_owa,1.7807210666317297,1.853421338503683,1.700543780777097,2.5455608840162336,2.780508180814264,0.8
full_seed11_scaling_0p0_noise0p25_s5_a0p3_b0p8,11,scaling,0.0,0.25,5,0.3,crp,1.7807210666317297,1.853421338503683,1.700543780777097,2.5455608840162336,2.780508180814264,0.8
full_seed11_scaling_0p0_noise0p25_s9_a0p2_b0p7,11,scaling,0.0,0.25,9,0.2,fpr_owa,1.7461352404491015,1.8089103731019336,1.645012760945749,2.447591344300196,2.526468902583454,0.7
full_seed11_scaling_0p0_noise0p25_s9_a0p2_b0p7,11,scaling,0.0,0.25,9,0.2,crp,1.7463887434400327,1.8092445621181688,1.645012760945749,2.447591344300196,2.526468902583454,0.7
full_seed11_scaling_0p0_noise0p25_s9_a0p3_b0p8,11,scaling,0.0,0.25,9,0.3,fpr_owa,1.7255843389288017,1.797624491851203,1.630210464348906,2.4853318189876945,2.5830073309369843,0.8
full_seed11_scaling_0p0_noise0p25_s9_a0p3_b0p8,11,scaling,0.0,0.25,9,0.3,crp,1.7266353849468865,1.7989882338603809,1.630210464348906,2.4853318189876945,2.5830073309369843,0.8
full_seed11_scaling_0p0_noise0p5_s13_a0p2_b0p7,11,scaling,0.0,0.5,13,0.2,fpr_owa,1.2941491831629997,1.3694718070207743,1.2970916190651125,1.979666615836429,2.2904240069420423,0.7
full_seed11_scaling_0p0_noise0p5_s13_a0p2_b0p7,11,scaling,0.0,0.5,13,0.2,crp,1.3052333536073215,1.3830089110907258,1.2970916190651125,2.0583103842654302,2.2904240069420423,0.7
full_seed11_scaling_0p0_noise0p5_s13_a0p3_b0p8,11,scaling,0.0,0.5,13,0.3,fpr_owa,1.3879873128426703,1.4873215954875596,1.3082925736137798,2.2245555160048647,2.5341441719155235,0.8
full_seed11_scaling_0p0_noise0p5_s13_a0p3_b0p8,11,scaling,0.0,0.5,13,0.3,crp,1.4032743429891827,1.5044660511299015,1.323728973261268,2.2503150075942617,2.5341441719155235,0.8
full_seed11_scaling_0p0_noise0p5_s5_a0p2_b0p7,11,scaling,0.0,0.5,5,0.2,fpr_owa,1.7926018622007016,1.87783469716562,1.7723700273181024,2.684271847491995,3.190669428167615,0.7
full_seed11_scaling_0p0_noise0p5_s5_a0p2_b0p7,11,scaling,0.0,0.5,5,0.2,crp,1.7960853893362767,1.883204332941269,1.7723700273181024,2.6846289267011563,3.246589313978529,0.7
full_seed11_scaling_0p0_noise0p5_s5_a0p3_b0p8,11,scaling,0.0,0.5,5,0.3,fpr_owa,1.791824928608006,1.876863939248184,1.7385226185681226,2.7228923880791,3.101963578061354,0.8
full_seed11_scaling_0p0_noise0p5_s5_a0p3_b0p8,11,scaling,0.0,0.5,5,0.3,crp,1.7937165859728483,1.8799381993380773,1.7385226185681226,2.7228923880791,3.2863701541106525,0.8
full_seed11_scaling_0p0_noise0p5_s9_a0p2_b0p7,11,scaling,0.0,0.5,9,0.2,fpr_owa,1.7053325554692842,1.7803703247585505,1.6412696103953297,2.503828933608913,2.7646347948997105,0.7
full_seed11_scaling_0p0_noise0p5_s9_a0p2_b0p7,11,scaling,0.0,0.5,9,0.2,crp,1.7072344126820418,1.7820144265395983,1.6441890620646844,2.508182775778001,2.7646347948997105,0.7
full_seed11_scaling_0p0_noise0p5_s9_a0p3_b0p8,11,scaling,0.0,0.5,9,0.3,fpr_owa,1.7003480934025528,1.778436934064852,1.654233640163059,2.5271347718124075,2.864073642446804,0.8
full_seed11_scaling_0p0_noise0p5_s9_a0p3_b0p8,11,scaling,0.0,0.5,9,0.3,crp,1.7030225030190294,1.7815484229439311,1.6607103905430614,2.5271347718124075,2.864073642446804,0.8
full_seed11_scaling_0p1_noise0p1_s13_a0p2_b0p7,11,scaling,0.1,0.1,13,0.2,fpr_owa,1.2125192937453044,1.262601401616235,1.2026784507458006,1.658657078149547,1.7351746813026845,0.7
full_seed11_scaling_0p1_noise0p1_s13_a0p2_b0p7,11,scaling,0.1,0.1,13,0.2,crp,1.2125192937453044,1.262601401616235,1.2026784507458006,1.658657078149547,1.7351746813026845,0.7
full_seed11_scaling_0p1_noise0p1_s13_a0p3_b0p8,11,scaling,0.1,0.1,13,0.3,fpr_owa,1.4748514973598792,1.5536960552110388,1.438209196647089,2.0965543121287284,2.1931705960927865,0.8
full_seed11_scaling_0p1_noise0p1_s13_a0p3_b0p8,11,scaling,0.1,0.1,13,0.3,crp,1.4748514973598792,1.5536960552110388,1.438209196647089,2.0965543121287284,2.1931705960927865,0.8
full_seed11_scaling_0p1_noise0p1_s5_a0p2_b0p7,11,scaling,0.1,0.1,5,0.2,fpr_owa,1.7641788435487618,1.8344957748451296,1.6378153881221,2.480498620302904,2.605539676523132,0.7
full_seed11_scaling_0p1_noise0p1_s5_a0p2_b0p7,11,scaling,0.1,0.1,5,0.2,crp,1.7641788435487618,1.8344957748451296,1.6378153881221,2.480498620302904,2.605539676523132,0.7
full_seed11_scaling_0p1_noise0p1_s5_a0p3_b0p8,11,scaling,0.1,0.1,5,0.3,fpr_owa,1.774467932880156,1.850312605071101,1.6740220907729897,2.48608007812878,2.5953096084478187,0.8
full_seed11_scaling_0p1_noise0p1_s5_a0p3_b0p8,11,scaling,0.1,0.1,5,0.3,crp,1.774467932880156,1.850312605071101,1.6740220907729897,2.48608007812878,2.5953096084478187,0.8
full_seed11_scaling_0p1_noise0p1_s9_a0p2_b0p7,11,scaling,0.1,0.1,9,0.2,fpr_owa,1.7769266046213867,1.833012580114408,1.6493693511814236,2.4162197421739045,2.582255323435484,0.7
full_seed11_scaling_0p1_noise0p1_s9_a0p2_b0p7,11,scaling,0.1,0.1,9,0.2,crp,1.7769266046213867,1.833012580114408,1.6493693511814236,2.4162197421739045,2.582255323435484,0.7
full_seed11_scaling_0p1_noise0p1_s9_a0p3_b0p8,11,scaling,0.1,0.1,9,0.3,fpr_owa,1.7516213612741975,1.8275307572519384,1.5954220411894453,2.4915020520048863,2.59593106892108,0.8
full_seed11_scaling_0p1_noise0p1_s9_a0p3_b0p8,11,scaling,0.1,0.1,9,0.3,crp,1.7516213612741975,1.8275307572519384,1.5954220411894453,2.4915020520048863,2.59593106892108,0.8
full_seed11_scaling_0p1_noise0p25_s13_a0p2_b0p7,11,scaling,0.1,0.25,13,0.2,fpr_owa,1.2437516311764596,1.3064932443609798,1.2275404392752771,1.808171987956359,1.9569972867118044,0.7
full_seed11_scaling_0p1_noise0p25_s13_a0p2_b0p7,11,scaling,0.1,0.25,13,0.2,crp,1.2437516311764596,1.3064932443609798,1.2275404392752771,1.808171987956359,1.9569972867118044,0.7
full_seed11_scaling_0p1_noise0p25_s13_a0p3_b0p8,11,scaling,0.1,0.25,13,0.3,fpr_owa,1.4498907092017064,1.5491425021388507,1.3769311932921688,2.1995760115661818,2.3214884090002728,0.8
full_seed11_scaling_0p1_noise0p25_s13_a0p3_b0p8,11,scaling,0.1,0.25,13,0.3,crp,1.4498907092017064,1.5491425021388507,1.3769311932921688,2.1995760115661818,2.3214884090002728,0.8
full_seed11_scaling_0p1_noise0p25_s5_a0p2_b0p7,11,scaling,0.1,0.25,5,0.2,fpr_owa,1.768739992363102,1.8408338656066765,1.6648480772683014,2.521330051813962,2.8249633333898125,0.7
full_seed11_scaling_0p1_noise0p25_s5_a0p2_b0p7,11,scaling,0.1,0.25,5,0.2,crp,1.768739992363102,1.8408338656066765,1.6648480772683014,2.521330051813962,2.8249633333898125,0.7
full_seed11_scaling_0p1_noise0p25_s5_a0p3_b0p8,11,scaling,0.1,0.25,5,0.3,fpr_owa,1.7807210666317297,1.853421338503683,1.700543780777097,2.5455608840162336,2.780508180814264,0.8
full_seed11_scaling_0p1_noise0p25_s5_a0p3_b0p8,11,scaling,0.1,0.25,5,0.3,crp,1.7807210666317297,1.853421338503683,1.700543780777097,2.5455608840162336,2.780508180814264,0.8
full_seed11_scaling_0p1_noise0p25_s9_a0p2_b0p7,11,scaling,0.1,0.25,9,0.2,fpr_owa,1.755861027668861,1.8207886436257836,1.6512099539353908,2.474742902614537,2.598216331463201,0.7
full_seed11_scaling_0p1_noise0p25_s9_a0p2_b0p7,11,scaling,0.1,0.25,9,0.2,crp,1.7561145306597925,1.8211206528934345,1.6512099539353908,2.474742902614537,2.598216331463201,0.7
full_seed11_scaling_0p1_noise0p25_s9_a0p3_b0p8,11,scaling,0.1,0.25,9,0.3,fpr_owa,1.7402963191349208,1.812954256538196,1.6599767386185893,2.507313789305026,2.6059994327046154,0.8
full_seed11_scaling_0p1_noise0p25_s9_a0p3_b0p8,11,scaling,0.1,0.25,9,0.3,crp,1.741347365153006,1.8143064758096303,1.6599767386185893,2.507313789305026,2.6059994327046154,0.8
full_seed11_scaling_0p1_noise0p5_s13_a0p2_b0p7,11,scaling,0.1,0.5,13,0.2,fpr_owa,1.3076770488195624,1.382317017828181,1.312422136892076,2.026469836013444,2.333477926900632,0.7
full_seed11_scaling_0p1_noise0p5_s13_a0p2_b0p7,11,scaling,0.1,0.5,13,0.2,crp,1.3192735352902616,1.395977264757012,1.3090955026584388,2.0406240332097583,2.333477926900632,0.7
full_seed11_scaling_0p1_noise0p5_s13_a0p3_b0p8,11,scaling,0.1,0.5,13,0.3,fpr_owa,1.3979692271728783,1.497526300867196,1.338549255701802,2.267072162479279,2.4660619455674526,0.8
full_seed11_scaling_0p1_noise0p5_s13_a0p3_b0p8,11,scaling,0.1,0.5,13,0.3,crp,1.413350743787041,1.514811390820756,1.338549255701802,2.292354025323568,2.484330837198273,0.8
full_seed11_scaling_0p1_noise0p5_s5_a0p2_b0p7,11,scaling,0.1,0.5,5,0.2,fpr_owa,1.7926018622007016,1.87783469716562,1.7723700273181024,2.684271847491995,3.190669428167615,0.7
full_seed11_scaling_0p1_noise0p5_s5_a0p2_b0p7,11,scaling,0.1,0.5,5,0.2,crp,1.7960853893362767,1.883204332941269,1.7723700273181024,2.6846289267011563,3.246589313978529,0.7
full_seed11_scaling_0p1_noise0p5_s5_a0p3_b0p8,11,scaling,0.1,0.5,5,0.3,fpr_owa,1.791824928608006,1.876863939248184,1.7385226185681226,2.7228923880791,3.101963578061354,0.8
full_seed11_scaling_0p1_noise0p5_s5_a0p3_b0p8,11,scaling,0.1,0.5,5,0.3,crp,1.7937165859728483,1.8799381993380773,1.7385226185681226,2.7228923880791,3.2863701541106525,0.8
full_seed11_scaling_0p1_noise0p5_s9_a0p2_b0p7,11,scaling,0.1,0.5,9,0.2,fpr_owa,1.7253101272880158,1.8017099550896456,1.6607969497579522,2.549873453498104,2.808389668869153,0.7
full_seed11_scaling_0p1_noise0p5_s9_a0p2_b0p7,11,scaling,0.1,0.5,9,0.2,crp,1.7255898454548229,1.8021293935076024,1.6689755167082327,2.5537879453243675,2.808389668869153,0.7
full_seed11_scaling_0p1_noise0p5_s9_a0p3_b0p8,11,scaling,0.1,0.5,9,0.3,fpr_owa,1.7144552409200071,1.7942004358655383,1.6596022591108297,2.604840368653493,2.864073642446804,0.8
full_seed11_scaling_0p1_noise0p5_s9_a0p3_b0p8,11,scaling,0.1,0.5,9,0.3,crp,1.714525889353843,1.7944670810274546,1.6596022591108297,2.5510588551940767,2.864073642446804,0.8
full_seed11_scaling_0p2_noise0p1_s13_a0p2_b0p7,11,scaling,0.2,0.1,13,0.2,fpr_owa,1.2290058554918233,1.2809596834641686,1.2028869382646048,1.7019904978503184,1.8307201019072643,0.7
full_seed11_scaling_0p2_noise0p1_s13_a0p2_b0p7,11,scaling,0.2,0.1,13,0.2,crp,1.2290058554918233,1.2809596834641686,1.2028869382646048,1.7019904978503184,1.8307201019072643,0.7
full_seed11_scaling_0p2_noise0p1_s13_a0p3_b0p8,11,scaling,0.2,0.1,13,0.3,fpr_owa,1.5047074160103229,1.5835752741019655,1.4585581346253589,2.1584005646733564,2.2887160166973666,0.8
full_seed11_scaling_0p2_noise0p1_s13_a0p3_b0p8,11,scaling,0.2,0.1,13,0.3,crp,1.5047074160103229,1.5835752741019655,1.4585581346253589,2.1584005646733564,2.2887160166973666,0.8
full_seed11_scaling_0p2_noise0p1_s5_a0p2_b0p7,11,scaling,0.2,0.1,5,0.2,fpr_owa,1.7795320482895538,1.850689946785162,1.640560451035476,2.48870375917548,2.60921346085803,0.7
full_seed11_scaling_0p2_noise0p1_s5_a0p2_b0p7,11,scaling,0.2,0.1,5,0.2,crp,1.7795320482895538,1.850689946785162,1.640560451035476,2.48870375917548,2.60921346085803,0.7
full_seed11_scaling_0p2_noise0p1_s5_a0p3_b0p8,11,scaling,0.2,0.1,5,0.3,fpr_owa,1.7851160398500383,1.860205530485259,1.6992556520243238,2.5068095461660707,2.6025624102346057,0.8
full_seed11_scaling_0p2_noise0p1_s5_a0p3_b0p8,11,scaling,0.2,0.1,5,0.3,crp,1.7851160398500383,1.860205530485259,1.6992556520243238,2.5068095461660707,2.6025624102346057,0.8
full_seed11_scaling_0p2_noise0p1_s9_a0p2_b0p7,11,scaling,0.2,0.1,9,0.2,fpr_owa,1.7903847059456195,1.847636799833356,1.6682878695006251,2.4532089108934048,2.5917053510670884,0.7
full_seed11_scaling_0p2_noise0p1_s9_a0p2_b0p7,11,scaling,0.2,0.1,9,0.2,crp,1.7903847059456195,1.847636799833356,1.6682878695006251,2.4532089108934048,2.5917053510670884,0.7
full_seed11_scaling_0p2_noise0p1_s9_a0p3_b0p8,11,scaling,0.2,0.1,9,0.3,fpr_owa,1.762440087089963,1.8396313499340988,1.6146982710678015,2.5016953602576057,2.6302898397795564,0.8
full_seed11_scaling_0p2_noise0p1_s9_a0p3_b0p8,11,scaling,0.2,0.1,9,0.3,crp,1.762440087089963,1.8396313499340988,1.6146982710678015,2.5016953602576057,2.6302898397795564,0.8
full_seed11_scaling_0p2_noise0p25_s13_a0p2_b0p7,11,scaling,0.2,0.25,13,0.2,fpr_owa,1.2658611599954923,1.3292936429872726,1.2550392845963927,1.8781316613093133,2.026909411529538,0.7
full_seed11_scaling_0p2_noise0p25_s13_a0p2_b0p7,11,scaling,0.2,0.25,13,0.2,crp,1.2658611599954923,1.3292936429872726,1.2550392845963927,1.8781316613093133,2.026909411529538,0.7
full_seed11_scaling_0p2_noise0p25_s13_a0p3_b0p8,11,scaling,0.2,0.25,13,0.3,fpr_owa,1.4698858766799026,1.572655433198879,1.4519478745893182,2.2743288025331667,2.3826668934029307,0.8
full_seed11_scaling_0p2_noise0p25_s13_a0p3_b0p8,11,scaling,0.2,0.25,13,0.3,crp,1.4698858766799026,1.572655433198879,1.4519478745893182,2.2743288025331667,2.3826668934029307,0.8
full_seed11_scaling_0p2_noise0p25_s5_a0p2_b0p7,11,scaling,0.2,0.25,5,0.2,fpr_owa,1.7936136355217178,1.866531807812032,1.7254538743921588,2.5796259723485955,2.833926312452692,0.7
full_seed11_scaling_0p2_noise0p25_s5_a0p2_b0p7,11,scaling,0.2,0.25,5,0.2,crp,1.7936136355217178,1.866531807812032,1.7254538743921588,2.5796259723485955,2.833926312452692,0.7
full_seed11_scaling_0p2_noise0p25_s5_a0p3_b0p8,11,scaling,0.2,0.25,5,0.3,fpr_owa,1.80305287529104,1.8770000372255016,1.7377043164960737,2.602344865161104,2.780508180814264,0.8
full_seed11_scaling_0p2_noise0p25_s5_a0p3_b0p8,11,scaling,0.2,0.25,5,0.3,crp,1.80305287529104,1.8770000372255016,1.7377043164960737,2.602344865161104,2.780508180814264,0.8
full_seed11_scaling_0p2_noise0p25_s9_a0p2_b0p7,11,scaling,0.2,0.25,9,0.2,fpr_owa,1.7690824609758329,1.8355264332118104,1.6633898102850833,2.491996335066092,2.664544522488536,0.7
full_seed11_scaling_0p2_noise0p25_s9_a0p2_b0p7,11,scaling,0.2,0.25,9,0.2,crp,1.7693359639667638,1.835855777194292,1.6633898102850833,2.491996335066092,2.664544522488536,0.7
full_seed11_scaling_0p2_noise0p25_s9_a0p3_b0p8,11,scaling,0.2,0.25,9,0.3,fpr_owa,1.7541086748468462,1.8284158233946668,1.659359615559731,2.554895021452724,2.637995248772796,0.8
full_seed11_scaling_0p2_noise0p25_s9_a0p3_b0p8,11,scaling,0.2,0.25,9,0.3,crp,1.755159720864931,1.829756616357704,1.659359615559731,2.554895021452724,2.637995248772796,0.8
full_seed11_scaling_0p2_noise0p5_s13_a0p2_b0p7,11,scaling,0.2,0.5,13,0.2,fpr_owa,1.3149036283110442,1.3894947465380376,1.3157288297448044,2.0623996030007543,2.3706224574300268,0.7
full_seed11_scaling_0p2_noise0p5_s13_a0p2_b0p7,11,scaling,0.2,0.5,13,0.2,crp,1.332528143295483,1.4122005697524536,1.312422136892076,2.06697910203435,2.3706224574300268,0.7
full_seed11_scaling_0p2_noise0p5_s13_a0p3_b0p8,11,scaling,0.2,0.5,13,0.3,fpr_owa,1.417237207936486,1.5195672138382914,1.324332959396866,2.3149752005572086,2.556132393318061,0.8
full_seed11_scaling_0p2_noise0p5_s13_a0p3_b0p8,11,scaling,0.2,0.5,13,0.3,crp,1.4315838634876168,1.5382666657202817,1.324332959396866,2.3503429924674597,2.597248152458231,0.8
full_seed11_scaling_0p2_noise0p5_s5_a0p2_b0p7,11,scaling,0.2,0.5,5,0.2,fpr_owa,1.812739932187747,1.897753219714824,1.7754376104405123,2.7501365766414554,3.190669428167615,0.7
full_seed11_scaling_0p2_noise0p5_s5_a0p2_b0p7,11,scaling,0.2,0.5,5,0.2,crp,1.8148026533189685,1.9008104938770825,1.7754376104405123,2.75729813991405,3.246589313978529,0.7
full_seed11_scaling_0p2_noise0p5_s5_a0p3_b0p8,11,scaling,0.2,0.5,5,0.3,fpr_owa,1.8111325787694916,1.8975824355436857,1.7458329681520823,2.7262573935028143,3.1417058188459723,0.8
full_seed11_scaling_0p2_noise0p5_s5_a0p3_b0p8,11,scaling,0.2,0.5,5,0.3,crp,1.8123309647960792,1.899572330440892,1.7458329681520823,2.7262573935028143,3.2863701541106525,0.8
full_seed11_scaling_0p2_noise0p5_s9_a0p2_b0p7,11,scaling,0.2,0.5,9,0.2,fpr_owa,1.727101814276771,1.8056317580613357,1.6584916117813329,2.5566094144774496,2.8801290250005924,0.7
full_seed11_scaling_0p2_noise0p5_s9_a0p2_b0p7,11,scaling,0.2,0.5,9,0.2,crp,1.7273947051011949,1.8057129232154885,1.6666701787316134,2.5566094144774496,2.8801290250005924,0.7
full_seed11_scaling_0p2_noise0p5_s9_a0p3_b0p8,11,scaling,0.2,0.5,9,0.3,fpr_owa,1.7214950673917266,1.801587046226719,1.6649857691716596,2.5373414160355634,2.864073642446804,0.8
full_seed11_scaling_0p2_noise0p5_s9_a0p3_b0p8,11,scaling,0.2,0.5,9,0.3,crp,1.722750445111681,1.8032200018729692,1.6649857691716596,2.5335922043755184,2.864073642446804,0.8
full_seed11_scaling_0p3_noise0p1_s13_a0p2_b0p7,11,scaling,0.3,0.1,13,0.2,fpr_owa,1.239497097031424,1.292986076455757,1.207598446074722,1.7514334844989063,1.8496345310305335,0.7
full_seed11_scaling_0p3_noise0p1_s13_a0p2_b0p7,11,scaling,0.3,0.1,13,0.2,crp,1.239497097031424,1.292986076455757,1.207598446074722,1.7514334844989063,1.8496345310305335,0.7
full_seed11_scaling_0p3_noise0p1_s13_a0p3_b0p8,11,scaling,0.3,0.1,13,0.3,fpr_owa,1.5118906328349595,1.5925654092905128,1.4541840856881407,2.200223437492548,2.2887160166973666,0.8
full_seed11_scaling_0p3_noise0p1_s13_a0p3_b0p8,11,scaling,0.3,0.1,13,0.3,crp,1.5118906328349595,1.5925654092905128,1.4541840856881407,2.200223437492548,2.2887160166973666,0.8
full_seed11_scaling_0p3_noise0p1_s5_a0p2_b0p7,11,scaling,0.3,0.1,5,0.2,fpr_owa,1.8064143488036144,1.8815983157662268,1.6558811932758128,2.595409947588094,2.7355679391143286,0.7
full_seed11_scaling_0p3_noise0p1_s5_a0p2_b0p7,11,scaling,0.3,0.1,5,0.2,crp,1.8064143488036144,1.8815983157662268,1.6558811932758128,2.595409947588094,2.7355679391143286,0.7
full_seed11_scaling_0p3_noise0p1_s5_a0p3_b0p8,11,scaling,0.3,0.1,5,0.3,fpr_owa,1.8101535144637688,1.887037077162479,1.7161768541856826,2.570805110447358,2.707021374494924,0.8
full_seed11_scaling_0p3_noise0p1_s5_a0p3_b0p8,11,scaling,0.3,0.1,5,0.3,crp,1.8101535144637688,1.887037077162479,1.7161768541856826,2.570805110447358,2.707021374494924,0.8
full_seed11_scaling_0p3_noise0p1_s9_a0p2_b0p7,11,scaling,0.3,0.1,9,0.2,fpr_owa,1.8030723845531256,1.8621730909809944,1.6590818149398154,2.4985736756868304,2.605088360633329,0.7
full_seed11_scaling_0p3_noise0p1_s9_a0p2_b0p7,11,scaling,0.3,0.1,9,0.2,crp,1.8030723845531256,1.8621730909809944,1.6590818149398154,2.4985736756868304,2.605088360633329,0.7
full_seed11_scaling_0p3_noise0p1_s9_a0p3_b0p8,11,scaling,0.3,0.1,9,0.3,fpr_owa,1.769205840829435,1.8471182461827735,1.618013445904371,2.523365882535625,2.69656053563251,0.8
full_seed11_scaling_0p3_noise0p1_s9_a0p3_b0p8,11,scaling,0.3,0.1,9,0.3,crp,1.769205840829435,1.8471182461827735,1.618013445904371,2.523365882535625,2.69656053563251,0.8
full_seed11_scaling_0p3_noise0p25_s13_a0p2_b0p7,11,scaling,0.3,0.25,13,0.2,fpr_owa,1.2693047468735823,1.334458525429396,1.2504792006017191,1.898200247734513,2.0637867144972306,0.7
full_seed11_scaling_0p3_noise0p25_s13_a0p2_b0p7,11,scaling,0.3,0.25,13,0.2,crp,1.2693047468735823,1.334458525429396,1.2504792006017191,1.898200247734513,2.0637867144972306,0.7
full_seed11_scaling_0p3_noise0p25_s13_a0p3_b0p8,11,scaling,0.3,0.25,13,0.3,fpr_owa,1.475748595109882,1.5800524992970604,1.427693672378514,2.3053441734948743,2.42067188141775,0.8
full_seed11_scaling_0p3_noise0p25_s13_a0p3_b0p8,11,scaling,0.3,0.25,13,0.3,crp,1.475748595109882,1.5800524992970604,1.427693672378514,2.3053441734948743,2.42067188141775,0.8
full_seed11_scaling_0p3_noise0p25_s5_a0p2_b0p7,11,scaling,0.3,0.25,5,0.2,fpr_owa,1.812443779609964,1.887902174986629,1.7211649704988596,2.655612522001844,2.8249633333898125,0.7
full_seed11_scaling_0p3_noise0p25_s5_a0p2_b0p7,11,scaling,0.3,0.25,5,0.2,crp,1.812443779609964,1.887902174986629,1.7211649704988596,2.655612522001844,2.8249633333898125,0.7
full_seed11_scaling_0p3_noise0p25_s5_a0p3_b0p8,11,scaling,0.3,0.25,5,0.3,fpr_owa,1.825802420106386,1.9013867668559608,1.7589815174739507,2.636475406692319,2.825767598424654,0.8
full_seed11_scaling_0p3_noise0p25_s5_a0p3_b0p8,11,scaling,0.3,0.25,5,0.3,crp,1.825802420106386,1.9013867668559608,1.7589815174739507,2.636475406692319,2.825767598424654,0.8
full_seed11_scaling_0p3_noise0p25_s9_a0p2_b0p7,11,scaling,0.3,0.25,9,0.2,fpr_owa,1.780826076284436,1.8469877102526495,1.6731556657218682,2.512170717536382,2.6949150054920032,0.7
full_seed11_scaling_0p3_noise0p25_s9_a0p2_b0p7,11,scaling,0.3,0.25,9,0.2,crp,1.781079579275367,1.8473150108908645,1.6731556657218682,2.512170717536382,2.6949150054920032,0.7
full_seed11_scaling_0p3_noise0p25_s9_a0p3_b0p8,11,scaling,0.3,0.25,9,0.3,fpr_owa,1.7666446996945673,1.841736203433618,1.6444364664500446,2.554752982028629,2.6850135511482764,0.8
full_seed11_scaling_0p3_noise0p25_s9_a0p3_b0p8,11,scaling,0.3,0.25,9,0.3,crp,1.767695745712652,1.8430673061239176,1.6444364664500446,2.554752982028629,2.6850135511482764,0.8
full_seed11_scaling_0p3_noise0p5_s13_a0p2_b0p7,11,scaling,0.3,0.5,13,0.2,fpr_owa,1.3230725151222988,1.398350504292518,1.325147204060105,2.079560570433844,2.420279737061237,0.7
full_seed11_scaling_0p3_noise0p5_s13_a0p2_b0p7,11,scaling,0.3,0.5,13,0.2,crp,1.3442343779314383,1.4255567612681592,1.3257376697458327,2.097835803202587,2.46886765286448,0.7
full_seed11_scaling_0p3_noise0p5_s13_a0p3_b0p8,11,scaling,0.3,0.5,13,0.3,fpr_owa,1.4193855926005472,1.5226774602785471,1.3500182958258415,2.3173505451399548,2.606721092901748,0.8
full_seed11_scaling_0p3_noise0p5_s13_a0p3_b0p8,11,scaling,0.3,0.5,13,0.3,crp,1.435971319421104,1.5432948417383316,1.3500182958258415,2.348989344850624,2.67928478126362,0.8
full_seed11_scaling_0p3_noise0p5_s5_a0p2_b0p7,11,scaling,0.3,0.5,5,0.2,fpr_owa,1.8276193485532872,1.915534079078054,1.7605293803352524,2.758288605645806,3.190669428167615,0.7
full_seed11_scaling_0p3_noise0p5_s5_a0p2_b0p7,11,scaling,0.3,0.5,5,0.2,crp,1.829682069684508,1.9185630192424397,1.7605293803352524,2.7867040924234194,3.246589313978529,0.7
full_seed11_scaling_0p3_noise0p5_s5_a0p3_b0p8,11,scaling,0.3,0.5,5,0.3,fpr_owa,1.828939343022231,1.9170927410774723,1.7434984452282831,2.7822015558360462,3.215567817222724,0.8
full_seed11_scaling_0p3_noise0p5_s5_a0p3_b0p8,11,scaling,0.3,0.5,5,0.3,crp,1.830137729048819,1.9190624056514352,1.7434984452282831,2.7822015558360462,3.2863701541106525,0.8
full_seed11_scaling_0p3_noise0p5_s9_a0p2_b0p7,11,scaling,0.3,0.5,9,0.2,fpr_owa,1.7350342858612764,1.8142470884816908,1.6625313728170608,2.568780494717421,2.9518608529543795,0.7
full_seed11_scaling_0p3_noise0p5_s9_a0p2_b0p7,11,scaling,0.3,0.5,9,0.2,crp,1.734592863567409,1.813216494503603,1.6625313728170608,2.568780494717421,2.9518608529543795,0.7
full_seed11_scaling_0p3_noise0p5_s9_a0p3_b0p8,11,scaling,0.3,0.5,9,0.3,fpr_owa,1.731817234671794,1.8136801533924,1.6931058298619113,2.5716668288043136,2.864073642446804,0.8
full_seed11_scaling_0p3_noise0p5_s9_a0p3_b0p8,11,scaling,0.3,0.5,9,0.3,crp,1.7325453973688032,1.8145764760377203,1.6931058298619113,2.567917617144268,2.864073642446804,0.8
full_seed11_scaling_0p4_noise0p1_s13_a0p2_b0p7,11,scaling,0.4,0.1,13,0.2,fpr_owa,1.2474611937078075,1.302851808870622,1.224856641418847,1.7889062553850137,1.8542216311793025,0.7
full_seed11_scaling_0p4_noise0p1_s13_a0p2_b0p7,11,scaling,0.4,0.1,13,0.2,crp,1.2474611937078075,1.302851808870622,1.224856641418847,1.7889062553850137,1.8542216311793025,0.7
full_seed11_scaling_0p4_noise0p1_s13_a0p3_b0p8,11,scaling,0.4,0.1,13,0.3,fpr_owa,1.5238978260220648,1.605375736921468,1.4610334123686444,2.2509416183189126,2.3095731561705115,0.8
full_seed11_scaling_0p4_noise0p1_s13_a0p3_b0p8,11,scaling,0.4,0.1,13,0.3,crp,1.5238978260220648,1.605375736921468,1.4610334123686444,2.2509416183189126,2.3095731561705115,0.8
full_seed11_scaling_0p4_noise0p1_s5_a0p2_b0p7,11,scaling,0.4,0.1,5,0.2,fpr_owa,1.8064143488036144,1.8815983157662268,1.6558811932758128,2.595409947588094,2.7355679391143286,0.7
full_seed11_scaling_0p4_noise0p1_s5_a0p2_b0p7,11,scaling,0.4,0.1,5,0.2,crp,1.8064143488036144,1.8815983157662268,1.6558811932758128,2.595409947588094,2.7355679391143286,0.7
full_seed11_scaling_0p4_noise0p1_s5_a0p3_b0p8,11,scaling,0.4,0.1,5,0.3,fpr_owa,1.8101535144637688,1.887037077162479,1.7161768541856826,2.570805110447358,2.707021374494924,0.8
full_seed11_scaling_0p4_noise0p1_s5_a0p3_b0p8,11,scaling,0.4,0.1,5,0.3,crp,1.8101535144637688,1.887037077162479,1.7161768541856826,2.570805110447358,2.707021374494924,0.8
full_seed11_scaling_0p4_noise0p1_s9_a0p2_b0p7,11,scaling,0.4,0.1,9,0.2,fpr_owa,1.8155265599107588,1.8774255017536388,1.6599086489152488,2.5244824743377245,2.6440968438176404,0.7
full_seed11_scaling_0p4_noise0p1_s9_a0p2_b0p7,11,scaling,0.4,0.1,9,0.2,crp,1.8155265599107588,1.8774255017536388,1.6599086489152488,2.5244824743377245,2.6440968438176404,0.7
full_seed11_scaling_0p4_noise0p1_s9_a0p3_b0p8,11,scaling,0.4,0.1,9,0.3,fpr_owa,1.780900114972941,1.8604134349558397,1.608424279356245,2.567085183030824,2.7089841181951733,0.8
full_seed11_scaling_0p4_noise0p1_s9_a0p3_b0p8,11,scaling,0.4,0.1,9,0.3,crp,1.780900114972941,1.8604134349558397,1.608424279356245,2.567085183030824,2.7089841181951733,0.8
full_seed11_scaling_0p4_noise0p25_s13_a0p2_b0p7,11,scaling,0.4,0.25,13,0.2,fpr_owa,1.2784681406545038,1.3435805866189476,1.2548214029082725,1.922201025822608,2.0823235834938947,0.7
full_seed11_scaling_0p4_noise0p25_s13_a0p2_b0p7,11,scaling,0.4,0.25,13,0.2,crp,1.2784681406545038,1.3435805866189476,1.2548214029082725,1.922201025822608,2.0823235834938947,0.7
full_seed11_scaling_0p4_noise0p25_s13_a0p3_b0p8,11,scaling,0.4,0.25,13,0.3,fpr_owa,1.4801525714560697,1.5878661889510783,1.4555431228362132,2.322138552953099,2.4497893314444985,0.8
full_seed11_scaling_0p4_noise0p25_s13_a0p3_b0p8,11,scaling,0.4,0.25,13,0.3,crp,1.4801525714560697,1.5878661889510783,1.4555431228362132,2.322138552953099,2.4497893314444985,0.8
full_seed11_scaling_0p4_noise0p25_s5_a0p2_b0p7,11,scaling,0.4,0.25,5,0.2,fpr_owa,1.812443779609964,1.887902174986629,1.7211649704988596,2.655612522001844,2.8249633333898125,0.7
full_seed11_scaling_0p4_noise0p25_s5_a0p2_b0p7,11,scaling,0.4,0.25,5,0.2,crp,1.812443779609964,1.887902174986629,1.7211649704988596,2.655612522001844,2.8249633333898125,0.7
full_seed11_scaling_0p4_noise0p25_s5_a0p3_b0p8,11,scaling,0.4,0.25,5,0.3,fpr_owa,1.825802420106386,1.9013867668559608,1.7589815174739507,2.636475406692319,2.825767598424654,0.8
full_seed11_scaling_0p4_noise0p25_s5_a0p3_b0p8,11,scaling,0.4,0.25,5,0.3,crp,1.825802420106386,1.9013867668559608,1.7589815174739507,2.636475406692319,2.825767598424654,0.8
full_seed11_scaling_0p4_noise0p25_s9_a0p2_b0p7,11,scaling,0.4,0.25,9,0.2,fpr_owa,1.792647866602923,1.8619265063931147,1.690376575329802,2.5464482217412807,2.8484970130130165,0.7
full_seed11_scaling_0p4_noise0p25_s9_a0p2_b0p7,11,scaling,0.4,0.25,9,0.2,crp,1.792901369593854,1.862251181459595,1.690376575329802,2.5464482217412807,2.8484970130130165,0.7
full_seed11_scaling_0p4_noise0p25_s9_a0p3_b0p8,11,scaling,0.4,0.25,9,0.3,fpr_owa,1.7739025789375067,1.850669446960153,1.668284193878235,2.568632372213341,2.7086535956786104,0.8
full_seed11_scaling_0p4_noise0p25_s9_a0p3_b0p8,11,scaling,0.4,0.25,9,0.3,crp,1.7749536249555915,1.851994128980056,1.668284193878235,2.568632372213341,2.7086535956786104,0.8
full_seed11_scaling_0p4_noise0p5_s13_a0p2_b0p7,11,scaling,0.4,0.5,13,0.2,fpr_owa,1.3305797924061409,1.406681109897891,1.3435275831571722,2.033998677033503,2.4699310437612283,0.7
full_seed11_scaling_0p4_noise0p5_s13_a0p2_b0p7,11,scaling,0.4,0.5,13,0.2,crp,1.3554585422332013,1.4388381625767162,1.3435275831571722,2.1331539209639887,2.5163773862917496,0.7
full_seed11_scaling_0p4_noise0p5_s13_a0p3_b0p8,11,scaling,0.4,0.5,13,0.3,fpr_owa,1.424891771104014,1.5293292924916728,1.3703432198691794,2.3267963334704582,2.652592094389434,0.8
full_seed11_scaling_0p4_noise0p5_s13_a0p3_b0p8,11,scaling,0.4,0.5,13,0.3,crp,1.4421177608081324,1.5508567001714215,1.3617865084475844,2.349741419397531,2.652592094389434,0.8
full_seed11_scaling_0p4_noise0p5_s5_a0p2_b0p7,11,scaling,0.4,0.5,5,0.2,fpr_owa,1.8276193485532872,1.915534079078054,1.7605293803352524,2.758288605645806,3.190669428167615,0.7
full_seed11_scaling_0p4_noise0p5_s5_a0p2_b0p7,11,scaling,0.4,0.5,5,0.2,crp,1.829682069684508,1.9185630192424397,1.7605293803352524,2.7867040924234194,3.246589313978529,0.7
full_seed11_scaling_0p4_noise0p5_s5_a0p3_b0p8,11,scaling,0.4,0.5,5,0.3,fpr_owa,1.828939343022231,1.9170927410774723,1.7434984452282831,2.7822015558360462,3.215567817222724,0.8
full_seed11_scaling_0p4_noise0p5_s5_a0p3_b0p8,11,scaling,0.4,0.5,5,0.3,crp,1.830137729048819,1.9190624056514352,1.7434984452282831,2.7822015558360462,3.2863701541106525,0.8
full_seed11_scaling_0p4_noise0p5_s9_a0p2_b0p7,11,scaling,0.4,0.5,9,0.2,fpr_owa,1.751130431651861,1.8322033111581308,1.6847929485807036,2.5869459909481454,3.105602414434484,0.7
full_seed11_scaling_0p4_noise0p5_s9_a0p2_b0p7,11,scaling,0.4,0.5,9,0.2,crp,1.75233260545124,1.832823310962248,1.6847929485807036,2.5869459909481454,3.105602414434484,0.7
full_seed11_scaling_0p4_noise0p5_s9_a0p3_b0p8,11,scaling,0.4,0.5,9,0.3,fpr_owa,1.7391520985188869,1.8215376309155304,1.7128003031000136,2.6179390982076125,2.9420872155943982,0.8
full_seed11_scaling_0p4_noise0p5_s9_a0p3_b0p8,11,scaling,0.4,0.5,9,0.3,crp,1.7429169732645775,1.8256126215146584,1.717372643629715,2.602643295264796,2.9420872155943982,0.8
full_seed11_spike_0p0_noise0p1_s13_a0p2_b0p7,11,spike,0.0,0.1,13,0.2,fpr_owa,1.2030380377571297,1.251722441779351,1.2026784507458006,1.6480635543117987,1.7018842003615893,0.7
full_seed11_spike_0p0_noise0p1_s13_a0p2_b0p7,11,spike,0.0,0.1,13,0.2,crp,1.2030380377571297,1.251722441779351,1.2026784507458006,1.6480635543117987,1.7018842003615893,0.7
full_seed11_spike_0p0_noise0p1_s13_a0p3_b0p8,11,spike,0.0,0.1,13,0.3,fpr_owa,1.4692993938784018,1.5449144247902484,1.433608269751376,2.093640686237393,2.1531616283456394,0.8
full_seed11_spike_0p0_noise0p1_s13_a0p3_b0p8,11,spike,0.0,0.1,13,0.3,crp,1.4692993938784018,1.5449144247902484,1.433608269751376,2.093640686237393,2.1531616283456394,0.8
full_seed11_spike_0p0_noise0p1_s5_a0p2_b0p7,11,spike,0.0,0.1,5,0.2,fpr_owa,1.7641788435487618,1.8344957748451296,1.6378153881221,2.480498620302904,2.605539676523132,0.7
full_seed11_spike_0p0_noise0p1_s5_a0p2_b0p7,11,spike,0.0,0.1,5,0.2,crp,1.7641788435487618,1.8344957748451296,1.6378153881221,2.480498620302904,2.605539676523132,0.7
full_seed11_spike_0p0_noise0p1_s5_a0p3_b0p8,11,spike,0.0,0.1,5,0.3,fpr_owa,1.774467932880156,1.850312605071101,1.6740220907729897,2.48608007812878,2.5953096084478187,0.8
full_seed11_spike_0p0_noise0p1_s5_a0p3_b0p8,11,spike,0.0,0.1,5,0.3,crp,1.774467932880156,1.850312605071101,1.6740220907729897,2.48608007812878,2.5953096084478187,0.8
full_seed11_spike_0p0_noise0p1_s9_a0p2_b0p7,11,spike,0.0,0.1,9,0.2,fpr_owa,1.76382617176232,1.818790851360434,1.646441406201646,2.403961893301196,2.574826357871061,0.7
full_seed11_spike_0p0_noise0p1_s9_a0p2_b0p7,11,spike,0.0,0.1,9,0.2,crp,1.76382617176232,1.818790851360434,1.646441406201646,2.403961893301196,2.574826357871061,0.7
full_seed11_spike_0p0_noise0p1_s9_a0p3_b0p8,11,spike,0.0,0.1,9,0.3,fpr_owa,1.7391030676721655,1.8148932617376512,1.576794331174129,2.4696643260282585,2.5362443408446937,0.8
full_seed11_spike_0p0_noise0p1_s9_a0p3_b0p8,11,spike,0.0,0.1,9,0.3,crp,1.7391030676721655,1.8148932617376512,1.576794331174129,2.4696643260282585,2.5362443408446937,0.8
full_seed11_spike_0p0_noise0p25_s13_a0p2_b0p7,11,spike,0.0,0.25,13,0.2,fpr_owa,1.2367405563130776,1.2975391058372567,1.231759497280631,1.7918660933805393,1.9569972867118044,0.7
full_seed11_spike_0p0_noise0p25_s13_a0p2_b0p7,11,spike,0.0,0.25,13,0.2,crp,1.2367405563130776,1.2975391058372567,1.231759497280631,1.7918660933805393,1.9569972867118044,0.7
full_seed11_spike_0p0_noise0p25_s13_a0p3_b0p8,11,spike,0.0,0.25,13,0.3,fpr_owa,1.4406965827838207,1.5385127187146916,1.3426406936018875,2.1780674388216434,2.3214884090002728,0.8
full_seed11_spike_0p0_noise0p25_s13_a0p3_b0p8,11,spike,0.0,0.25,13,0.3,crp,1.4406965827838207,1.5385127187146916,1.3426406936018875,2.1780674388216434,2.3214884090002728,0.8
full_seed11_spike_0p0_noise0p25_s5_a0p2_b0p7,11,spike,0.0,0.25,5,0.2,fpr_owa,1.768739992363102,1.8408338656066765,1.6648480772683014,2.521330051813962,2.8249633333898125,0.7
full_seed11_spike_0p0_noise0p25_s5_a0p2_b0p7,11,spike,0.0,0.25,5,0.2,crp,1.768739992363102,1.8408338656066765,1.6648480772683014,2.521330051813962,2.8249633333898125,0.7
full_seed11_spike_0p0_noise0p25_s5_a0p3_b0p8,11,spike,0.0,0.25,5,0.3,fpr_owa,1.7807210666317297,1.853421338503683,1.700543780777097,2.5455608840162336,2.780508180814264,0.8
full_seed11_spike_0p0_noise0p25_s5_a0p3_b0p8,11,spike,0.0,0.25,5,0.3,crp,1.7807210666317297,1.853421338503683,1.700543780777097,2.5455608840162336,2.780508180814264,0.8
full_seed11_spike_0p0_noise0p25_s9_a0p2_b0p7,11,spike,0.0,0.25,9,0.2,fpr_owa,1.7461352404491015,1.8089103731019336,1.645012760945749,2.447591344300196,2.526468902583454,0.7
full_seed11_spike_0p0_noise0p25_s9_a0p2_b0p7,11,spike,0.0,0.25,9,0.2,crp,1.7463887434400327,1.8092445621181688,1.645012760945749,2.447591344300196,2.526468902583454,0.7
full_seed11_spike_0p0_noise0p25_s9_a0p3_b0p8,11,spike,0.0,0.25,9,0.3,fpr_owa,1.7255843389288017,1.797624491851203,1.630210464348906,2.4853318189876945,2.5830073309369843,0.8
full_seed11_spike_0p0_noise0p25_s9_a0p3_b0p8,11,spike,0.0,0.25,9,0.3,crp,1.7266353849468865,1.7989882338603809,1.630210464348906,2.4853318189876945,2.5830073309369843,0.8
full_seed11_spike_0p0_noise0p5_s13_a0p2_b0p7,11,spike,0.0,0.5,13,0.2,fpr_owa,1.2941491831629997,1.3694718070207743,1.2970916190651125,1.979666615836429,2.2904240069420423,0.7
full_seed11_spike_0p0_noise0p5_s13_a0p2_b0p7,11,spike,0.0,0.5,13,0.2,crp,1.3052333536073215,1.3830089110907258,1.2970916190651125,2.0583103842654302,2.2904240069420423,0.7
full_seed11_spike_0p0_noise0p5_s13_a0p3_b0p8,11,spike,0.0,0.5,13,0.3,fpr_owa,1.3879873128426703,1.4873215954875596,1.3082925736137798,2.2245555160048647,2.5341441719155235,0.8
full_seed11_spike_0p0_noise0p5_s13_a0p3_b0p8,11,spike,0.0,0.5,13,0.3,crp,1.4032743429891827,1.5044660511299015,1.323728973261268,2.2503150075942617,2.5341441719155235,0.8
full_seed11_spike_0p0_noise0p5_s5_a0p2_b0p7,11,spike,0.0,0.5,5,0.2,fpr_owa,1.7926018622007016,1.87783469716562,1.7723700273181024,2.684271847491995,3.190669428167615,0.7
full_seed11_spike_0p0_noise0p5_s5_a0p2_b0p7,11,spike,0.0,0.5,5,0.2,crp,1.7960853893362767,1.883204332941269,1.7723700273181024,2.6846289267011563,3.246589313978529,0.7
full_seed11_spike_0p0_noise0p5_s5_a0p3_b0p8,11,spike,0.0,0.5,5,0.3,fpr_owa,1.791824928608006,1.876863939248184,1.7385226185681226,2.7228923880791,3.101963578061354,0.8
full_seed11_spike_0p0_noise0p5_s5_a0p3_b0p8,11,spike,0.0,0.5,5,0.3,crp,1.7937165859728483,1.8799381993380773,1.7385226185681226,2.7228923880791,3.2863701541106525,0.8
full_seed11_spike_0p0_noise0p5_s9_a0p2_b0p7,11,spike,0.0,0.5,9,0.2,fpr_owa,1.7053325554692842,1.7803703247585505,1.6412696103953297,2.503828933608913,2.7646347948997105,0.7
full_seed11_spike_0p0_noise0p5_s9_a0p2_b0p7,11,spike,0.0,0.5,9,0.2,crp,1.7072344126820418,1.7820144265395983,1.6441890620646844,2.508182775778001,2.7646347948997105,0.7
full_seed11_spike_0p0_noise0p5_s9_a0p3_b0p8,11,spike,0.0,0.5,9,0.3,fpr_owa,1.7003480934025528,1.778436934064852,1.654233640163059,2.5271347718124075,2.864073642446804,0.8
full_seed11_spike_0p0_noise0p5_s9_a0p3_b0p8,11,spike,0.0,0.5,9,0.3,crp,1.7030225030190294,1.7815484229439311,1.6607103905430614,2.5271347718124075,2.864073642446804,0.8
full_seed11_spike_0p1_noise0p1_s13_a0p2_b0p7,11,spike,0.1,0.1,13,0.2,fpr_owa,1.095445726961132,1.1398247348144612,1.1077051556070772,1.5896658820249447,1.6831001370246317,0.7
full_seed11_spike_0p1_noise0p1_s13_a0p2_b0p7,11,spike,0.1,0.1,13,0.2,crp,1.1503777479950985,1.2031030188193346,1.1694724667666636,1.5896658820249447,1.6831001370246317,0.7
full_seed11_spike_0p1_noise0p1_s13_a0p3_b0p8,11,spike,0.1,0.1,13,0.3,fpr_owa,1.3663388934677427,1.4361641978532704,1.3599518450287145,2.023850308539544,2.1531616283456394,0.8
full_seed11_spike_0p1_noise0p1_s13_a0p3_b0p8,11,spike,0.1,0.1,13,0.3,crp,1.4213136897111271,1.5017500356367386,1.422265903171673,2.023850308539544,2.1531616283456394,0.8
full_seed11_spike_0p1_noise0p1_s5_a0p2_b0p7,11,spike,0.1,0.1,5,0.2,fpr_owa,1.7641788435487618,1.8344957748451296,1.6378153881221,2.480498620302904,2.605539676523132,0.7
full_seed11_spike_0p1_noise0p1_s5_a0p2_b0p7,11,spike,0.1,0.1,5,0.2,crp,1.7641788435487618,1.8344957748451296,1.6378153881221,2.480498620302904,2.605539676523132,0.7
full_seed11_spike_0p1_noise0p1_s5_a0p3_b0p8,11,spike,0.1,0.1,5,0.3,fpr_owa,1.774467932880156,1.850312605071101,1.6740220907729897,2.48608007812878,2.5953096084478187,0.8
full_seed11_spike_0p1_noise0p1_s5_a0p3_b0p8,11,spike,0.1,0.1,5,0.3,crp,1.774467932880156,1.850312605071101,1.6740220907729897,2.48608007812878,2.5953096084478187,0.8
full_seed11_spike_0p1_noise0p1_s9_a0p2_b0p7,11,spike,0.1,0.1,9,0.2,fpr_owa,1.7227453837005675,1.7710377103595147,1.6383752785754182,2.368248287875581,2.4530845312122955,0.7
full_seed11_spike_0p1_noise0p1_s9_a0p2_b0p7,11,spike,0.1,0.1,9,0.2,crp,1.7681306481632353,1.822068770430342,1.646441406201646,2.393113048176817,2.47347154741217,0.7
full_seed11_spike_0p1_noise0p1_s9_a0p3_b0p8,11,spike,0.1,0.1,9,0.3,fpr_owa,1.7372702127590771,1.806527951922304,1.6337353540828854,2.4525786958032127,2.5362443408446937,0.8
full_seed11_spike_0p1_noise0p1_s9_a0p3_b0p8,11,spike,0.1,0.1,9,0.3,crp,1.7339449976859107,1.809649609024003,1.5830140028842965,2.470322285241471,2.538139820089788,0.8
full_seed11_spike_0p1_noise0p25_s13_a0p2_b0p7,11,spike,0.1,0.25,13,0.2,fpr_owa,1.1421657323765102,1.1957503183871685,1.1265534954910292,1.7004180809625586,1.9569972867118044,0.7
full_seed11_spike_0p1_noise0p25_s13_a0p2_b0p7,11,spike,0.1,0.25,13,0.2,crp,1.1956705768539144,1.257227775974514,1.20772599278918,1.7436121551875956,1.9569972867118044,0.7
full_seed11_spike_0p1_noise0p25_s13_a0p3_b0p8,11,spike,0.1,0.25,13,0.3,fpr_owa,1.3439454186552855,1.4302411775665822,1.2865529723221694,2.077485902397328,2.3214884090002728,0.8
full_seed11_spike_0p1_noise0p25_s13_a0p3_b0p8,11,spike,0.1,0.25,13,0.3,crp,1.3929008619873506,1.4916034321887408,1.289424241455522,2.1162261875909225,2.3214884090002728,0.8
full_seed11_spike_0p1_noise0p25_s5_a0p2_b0p7,11,spike,0.1,0.25,5,0.2,fpr_owa,1.768739992363102,1.8408338656066765,1.6648480772683014,2.521330051813962,2.8249633333898125,0.7
full_seed11_spike_0p1_noise0p25_s5_a0p2_b0p7,11,spike,0.1,0.25,5,0.2,crp,1.768739992363102,1.8408338656066765,1.6648480772683014,2.521330051813962,2.8249633333898125,0.7
full_seed11_spike_0p1_noise0p25_s5_a0p3_b0p8,11,spike,0.1,0.25,5,0.3,fpr_owa,1.7807210666317297,1.853421338503683,1.700543780777097,2.5455608840162336,2.780508180814264,0.8
full_seed11_spike_0p1_noise0p25_s5_a0p3_b0p8,11,spike,0.1,0.25,5,0.3,crp,1.7807210666317297,1.853421338503683,1.700543780777097,2.5455608840162336,2.780508180814264,0.8
full_seed11_spike_0p1_noise0p25_s9_a0p2_b0p7,11,spike,0.1,0.25,9,0.2,fpr_owa,1.7097597439855698,1.7691417222735828,1.6527163635804558,2.4202463077935152,2.5153981132942484,0.7
full_seed11_spike_0p1_noise0p25_s9_a0p2_b0p7,11,spike,0.1,0.25,9,0.2,crp,1.7427135987357318,1.80697154503324,1.6527163635804558,2.453624212401332,2.52574575453251,0.7
full_seed11_spike_0p1_noise0p25_s9_a0p3_b0p8,11,spike,0.1,0.25,9,0.3,fpr_owa,1.728128442186601,1.798056013421861,1.6503578459227275,2.4853318189876945,2.5830073309369843,0.8
full_seed11_spike_0p1_noise0p25_s9_a0p3_b0p8,11,spike,0.1,0.25,9,0.3,crp,1.724397478014612,1.7973462104735367,1.6382741808776309,2.516989226360079,2.5830073309369843,0.8
full_seed11_spike_0p1_noise0p5_s13_a0p2_b0p7,11,spike,0.1,0.5,13,0.2,fpr_owa,1.2176788762123745,1.28627086182961,1.1820273811309736,1.8647901585130564,2.161930519026543,0.7
full_seed11_spike_0p1_noise0p5_s13_a0p2_b0p7,11,spike,0.1,0.5,13,0.2,crp,1.2681005846056672,1.3459722556282538,1.242686731974507,2.0094682746463426,2.248624719924672,0.7
full_seed11_spike_0p1_noise0p5_s13_a0p3_b0p8,11,spike,0.1,0.5,13,0.3,fpr_owa,1.3164310783410669,1.4082652054890863,1.2762746346860627,2.184100278433464,2.3790632436227748,0.8
full_seed11_spike_0p1_noise0p5_s13_a0p3_b0p8,11,spike,0.1,0.5,13,0.3,crp,1.344342978794845,1.4487820769790716,1.2762746346860627,2.2454534086290265,2.5614004423162617,0.8
full_seed11_spike_0p1_noise0p5_s5_a0p2_b0p7,11,spike,0.1,0.5,5,0.2,fpr_owa,1.7926018622007016,1.87783469716562,1.7723700273181024,2.684271847491995,3.190669428167615,0.7
full_seed11_spike_0p1_noise0p5_s5_a0p2_b0p7,11,spike,0.1,0.5,5,0.2,crp,1.7960853893362767,1.883204332941269,1.7723700273181024,2.6846289267011563,3.246589313978529,0.7
full_seed11_spike_0p1_noise0p5_s5_a0p3_b0p8,11,spike,0.1,0.5,5,0.3,fpr_owa,1.791824928608006,1.876863939248184,1.7385226185681226,2.7228923880791,3.101963578061354,0.8
full_seed11_spike_0p1_noise0p5_s5_a0p3_b0p8,11,spike,0.1,0.5,5,0.3,crp,1.7937165859728483,1.8799381993380773,1.7385226185681226,2.7228923880791,3.2863701541106525,0.8
full_seed11_spike_0p1_noise0p5_s9_a0p2_b0p7,11,spike,0.1,0.5,9,0.2,fpr_owa,1.6815996523075585,1.7574143461221288,1.6376692117742735,2.507850567989192,2.685255675684843,0.7
full_seed11_spike_0p1_noise0p5_s9_a0p2_b0p7,11,spike,0.1,0.5,9,0.2,crp,1.7159394738726876,1.7919780046732077,1.635840323340203,2.537331488097029,2.8661614857151787,0.7
full_seed11_spike_0p1_noise0p5_s9_a0p3_b0p8,11,spike,0.1,0.5,9,0.3,fpr_owa,1.69935148061935,1.778536721550186,1.6383153033110829,2.5268814442352148,2.864073642446804,0.8
full_seed11_spike_0p1_noise0p5_s9_a0p3_b0p8,11,spike,0.1,0.5,9,0.3,crp,1.7107064762045237,1.7896286170559126,1.6655789780156391,2.551236136250329,2.8800944355587217,0.8
full_seed11_spike_0p2_noise0p1_s13_a0p2_b0p7,11,spike,0.2,0.1,13,0.2,fpr_owa,0.9786325566315368,1.0821321519904898,1.0487181281683284,1.6142463416859385,1.6831001370246317,0.7
full_seed11_spike_0p2_noise0p1_s13_a0p2_b0p7,11,spike,0.2,0.1,13,0.2,crp,0.966401128898731,1.0513069300891276,0.9519450111406458,1.6142463416859385,2.00186292132008,0.7
full_seed11_spike_0p2_noise0p1_s13_a0p3_b0p8,11,spike,0.2,0.1,13,0.3,fpr_owa,1.2115558891008364,1.2969760301637945,1.1440886443843783,2.023850308539544,2.1531616283456394,0.8
full_seed11_spike_0p2_noise0p1_s13_a0p3_b0p8,11,spike,0.2,0.1,13,0.3,crp,1.043344218656999,1.2145229688100498,1.0040580649679245,2.038964610623716,2.1531616283456394,0.8
full_seed11_spike_0p2_noise0p1_s5_a0p2_b0p7,11,spike,0.2,0.1,5,0.2,fpr_owa,1.7363509638801002,1.8029009033002268,1.6303822429251236,2.480498620302904,2.605539676523132,0.7
full_seed11_spike_0p2_noise0p1_s5_a0p2_b0p7,11,spike,0.2,0.1,5,0.2,crp,1.756859658063352,1.8303936425403544,1.6486061042684286,2.48870375917548,2.605539676523132,0.7
full_seed11_spike_0p2_noise0p1_s5_a0p3_b0p8,11,spike,0.2,0.1,5,0.3,fpr_owa,1.7589788293195114,1.826426991277092,1.6435015765203969,2.456824863734656,2.5953096084478187,0.8
full_seed11_spike_0p2_noise0p1_s5_a0p3_b0p8,11,spike,0.2,0.1,5,0.3,crp,1.763668522495922,1.8403974971092087,1.6820388120250147,2.5038153502059517,2.617010819506374,0.8
full_seed11_spike_0p2_noise0p1_s9_a0p2_b0p7,11,spike,0.2,0.1,9,0.2,fpr_owa,1.564923310041707,1.6308352797855952,1.4655967656394413,2.36615543500624,2.4530845312122955,0.7
full_seed11_spike_0p2_noise0p1_s9_a0p2_b0p7,11,spike,0.2,0.1,9,0.2,crp,1.7663686503203904,1.820056523820718,1.6829124602244967,2.4076373629156405,2.516154174995312,0.7
full_seed11_spike_0p2_noise0p1_s9_a0p3_b0p8,11,spike,0.2,0.1,9,0.3,fpr_owa,1.6838303083588773,1.747870822778208,1.60323258105842,2.4479887975617043,2.5362443408446937,0.8
full_seed11_spike_0p2_noise0p1_s9_a0p3_b0p8,11,spike,0.2,0.1,9,0.3,crp,1.7391327697991228,1.8137320406591413,1.6152258851942387,2.470248613872588,2.608033649215012,0.8
full_seed11_spike_0p2_noise0p25_s13_a0p2_b0p7,11,spike,0.2,0.25,13,0.2,fpr_owa,0.9902982669070368,1.0993972634822224,1.0003553098845122,1.7004180809625586,1.9569972867118044,0.7
full_seed11_spike_0p2_noise0p25_s13_a0p2_b0p7,11,spike,0.2,0.25,13,0.2,crp,1.0366428948045328,1.1199227909843046,0.984558390411739,1.7004180809625586,1.999538483437873,0.7
full_seed11_spike_0p2_noise0p25_s13_a0p3_b0p8,11,spike,0.2,0.25,13,0.3,fpr_owa,1.191033162193533,1.2865675151077525,1.072720831263628,2.077485902397328,2.3214884090002728,0.8
full_seed11_spike_0p2_noise0p25_s13_a0p3_b0p8,11,spike,0.2,0.25,13,0.3,crp,1.124327555573193,1.2627790286140912,1.0051293606424043,2.0796795988970667,2.3214884090002728,0.8
full_seed11_spike_0p2_noise0p25_s5_a0p2_b0p7,11,spike,0.2,0.25,5,0.2,fpr_owa,1.7455299422030828,1.8154216508326837,1.640780023737761,2.5312230407928302,2.8249633333898125,0.7
full_seed11_spike_0p2_noise0p25_s5_a0p2_b0p7,11,spike,0.2,0.25,5,0.2,crp,1.7738291618424291,1.8474529125341077,1.690445257324682,2.5781575429700188,2.837710750831988,0.7
full_seed11_spike_0p2_noise0p25_s5_a0p3_b0p8,11,spike,0.2,0.25,5,0.3,fpr_owa,1.7711710696748797,1.83849820053288,1.6984561219717458,2.532818700944801,2.780508180814264,0.8
full_seed11_spike_0p2_noise0p25_s5_a0p3_b0p8,11,spike,0.2,0.25,5,0.3,crp,1.7852026674036097,1.8605606580601544,1.692008845533524,2.5959808643972395,2.87440964567752,0.8
full_seed11_spike_0p2_noise0p25_s9_a0p2_b0p7,11,spike,0.2,0.25,9,0.2,fpr_owa,1.553843627918151,1.625199037689603,1.471716683833432,2.415570615072013,2.5153981132942484,0.7
full_seed11_spike_0p2_noise0p25_s9_a0p2_b0p7,11,spike,0.2,0.25,9,0.2,crp,1.7456293461621135,1.8100440664985744,1.688192334008756,2.453508243293218,2.5468978995982674,0.7
full_seed11_spike_0p2_noise0p25_s9_a0p3_b0p8,11,spike,0.2,0.25,9,0.3,fpr_owa,1.683762559941963,1.7486437778458608,1.623514188454092,2.452249497624205,2.5830073309369843,0.8
full_seed11_spike_0p2_noise0p25_s9_a0p3_b0p8,11,spike,0.2,0.25,9,0.3,crp,1.718592045399989,1.793594637030306,1.6744443507725102,2.516989226360079,2.6279046307049434,0.8
full_seed11_spike_0p2_noise0p5_s13_a0p2_b0p7,11,spike,0.2,0.5,13,0.2,fpr_owa,1.024344718291201,1.1416307499320133,0.9768680837926236,1.857110994503716,2.161930519026543,0.7
full_seed11_spike_0p2_noise0p5_s13_a0p2_b0p7,11,spike,0.2,0.5,13,0.2,crp,1.1579730932118044,1.2463634571755329,1.1042734507095924,1.9009422263987377,2.161930519026543,0.7
full_seed11_spike_0p2_noise0p5_s13_a0p3_b0p8,11,spike,0.2,0.5,13,0.3,fpr_owa,1.1875541642073046,1.2837635442176596,1.060991540388918,2.118283430851485,2.3790632436227748,0.8
full_seed11_spike_0p2_noise0p5_s13_a0p3_b0p8,11,spike,0.2,0.5,13,0.3,crp,1.216655307120241,1.3329469657298314,1.130440343429346,2.1785600272337198,2.456268788799276,0.8
full_seed11_spike_0p2_noise0p5_s5_a0p2_b0p7,11,spike,0.2,0.5,5,0.2,fpr_owa,1.7643013797948923,1.848328164715875,1.7080502490932117,2.684271847491995,3.190669428167615,0.7
full_seed11_spike_0p2_noise0p5_s5_a0p2_b0p7,11,spike,0.2,0.5,5,0.2,crp,1.8099560202196077,1.8989968833710376,1.7693083504011509,2.719979147062792,3.246589313978529,0.7
full_seed11_spike_0p2_noise0p5_s5_a0p3_b0p8,11,spike,0.2,0.5,5,0.3,fpr_owa,1.781356216321112,1.8607370539913195,1.7385226185681226,2.676722224999076,3.101963578061354,0.8
full_seed11_spike_0p2_noise0p5_s5_a0p3_b0p8,11,spike,0.2,0.5,5,0.3,crp,1.8143729144637089,1.9055013242823615,1.774499533146098,2.7270327412810533,3.2863701541106525,0.8
full_seed11_spike_0p2_noise0p5_s9_a0p2_b0p7,11,spike,0.2,0.5,9,0.2,fpr_owa,1.5332727184216366,1.6140049303879167,1.480302064018955,2.46084964567288,2.757934690839915,0.7
full_seed11_spike_0p2_noise0p5_s9_a0p2_b0p7,11,spike,0.2,0.5,9,0.2,crp,1.7082740220725416,1.7886882375985484,1.6430510841890915,2.5441515085229685,2.8772046494889083,0.7
full_seed11_spike_0p2_noise0p5_s9_a0p3_b0p8,11,spike,0.2,0.5,9,0.3,fpr_owa,1.6488739293690675,1.7240887331060135,1.5838092303061424,2.499794651630521,2.864073642446804,0.8
full_seed11_spike_0p2_noise0p5_s9_a0p3_b0p8,11,spike,0.2,0.5,9,0.3,crp,1.6933061741845952,1.779613045275113,1.6329038868409855,2.576364658246693,2.8915689765863744,0.8
full_seed11_spike_0p3_noise0p1_s13_a0p2_b0p7,11,spike,0.3,0.1,13,0.2,fpr_owa,0.910944341348116,1.071087694220133,0.971822848851562,1.6785376048945573,2.2552935514527457,0.7
full_seed11_spike_0p3_noise0p1_s13_a0p2_b0p7,11,spike,0.3,0.1,13,0.2,crp,0.9849000531579236,1.0524887996640158,0.9955361142433824,1.5877782220191674,1.6831001370246317,0.7
full_seed11_spike_0p3_noise0p1_s13_a0p3_b0p8,11,spike,0.3,0.1,13,0.3,fpr_owa,1.189239586875163,1.2878569891425766,1.174459536450802,2.023850308539544,2.1531616283456394,0.8
full_seed11_spike_0p3_noise0p1_s13_a0p3_b0p8,11,spike,0.3,0.1,13,0.3,crp,0.9990908536454152,1.176842315184021,0.9557524018259992,2.022400083061108,2.1531616283456394,0.8
full_seed11_spike_0p3_noise0p1_s5_a0p2_b0p7,11,spike,0.3,0.1,5,0.2,fpr_owa,2.1738075638333667,2.5820048993031546,1.592464697108294,5.295222278480376,5.707795290251509,0.7
full_seed11_spike_0p3_noise0p1_s5_a0p2_b0p7,11,spike,0.3,0.1,5,0.2,crp,1.7575124561469275,1.8252720952730328,1.6636710246906627,2.496402861941912,2.6255485141581723,0.7
full_seed11_spike_0p3_noise0p1_s5_a0p3_b0p8,11,spike,0.3,0.1,5,0.3,fpr_owa,1.737931373644688,2.014638468284351,1.5365943917809406,3.680961092816598,4.11130308813028,0.8
full_seed11_spike_0p3_noise0p1_s5_a0p3_b0p8,11,spike,0.3,0.1,5,0.3,crp,1.7653943546900204,1.8406198417520825,1.7113934460915892,2.535597969403818,2.6507522876098477,0.8
full_seed11_spike_0p3_noise0p1_s9_a0p2_b0p7,11,spike,0.3,0.1,9,0.2,fpr_owa,1.5881379652507672,1.845412624682599,1.4485202784663178,3.42656563150603,4.093089517304461,0.7
full_seed11_spike_0p3_noise0p1_s9_a0p2_b0p7,11,spike,0.3,0.1,9,0.2,crp,1.7637701692095316,1.819225633790582,1.666902676691992,2.4026504820570453,2.6009439710335616,0.7
full_seed11_spike_0p3_noise0p1_s9_a0p3_b0p8,11,spike,0.3,0.1,9,0.3,fpr_owa,1.5208944256388788,1.6214640909555402,1.3655381830795366,2.450822579771484,2.5362443408446937,0.8
full_seed11_spike_0p3_noise0p1_s9_a0p3_b0p8,11,spike,0.3,0.1,9,0.3,crp,1.7266667241610671,1.802130970354448,1.5954220411894453,2.4872246682095644,2.594555511262104,0.8
full_seed11_spike_0p3_noise0p25_s13_a0p2_b0p7,11,spike,0.3,0.25,13,0.2,fpr_owa,0.9368482363809052,1.1012796752842888,0.9214427426907792,1.8550773682438608,2.3724113541823217,0.7
full_seed11_spike_0p3_noise0p25_s13_a0p2_b0p7,11,spike,0.3,0.25,13,0.2,crp,0.9716409443310912,1.0590297010323009,0.91296255342732,1.6933682990954584,1.9569972867118044,0.7
full_seed11_spike_0p3_noise0p25_s13_a0p3_b0p8,11,spike,0.3,0.25,13,0.3,fpr_owa,1.1461952843206522,1.2632325157600963,1.0676341959448812,2.077485902397328,2.3214884090002728,0.8
full_seed11_spike_0p3_noise0p25_s13_a0p3_b0p8,11,spike,0.3,0.25,13,0.3,crp,0.9850180251325356,1.166865917025107,0.8271327944352502,2.074580394085046,2.3214884090002728,0.8
full_seed11_spike_0p3_noise0p25_s5_a0p2_b0p7,11,spike,0.3,0.25,5,0.2,fpr_owa,2.1796473492592243,2.59399646552756,1.616768582384171,5.349909535299456,5.7804927977335385,0.7
full_seed11_spike_0p3_noise0p25_s5_a0p2_b0p7,11,spike,0.3,0.25,5,0.2,crp,1.756282539998807,1.8270074079636145,1.6975620223604309,2.560409431016226,2.8486232676966097,0.7
full_seed11_spike_0p3_noise0p25_s5_a0p3_b0p8,11,spike,0.3,0.25,5,0.3,fpr_owa,1.7461618438605266,2.029062071447889,1.528432619557731,3.7767274194150913,4.189371862407682,0.8
full_seed11_spike_0p3_noise0p25_s5_a0p3_b0p8,11,spike,0.3,0.25,5,0.3,crp,1.7643603863104929,1.8447394299343,1.7178024096230309,2.5864581610462243,2.9295899341462657,0.8
full_seed11_spike_0p3_noise0p25_s9_a0p2_b0p7,11,spike,0.3,0.25,9,0.2,fpr_owa,1.5654489432133738,1.8320321284980248,1.427591040661782,3.3433295543906127,3.9925345712175,0.7
full_seed11_spike_0p3_noise0p25_s9_a0p2_b0p7,11,spike,0.3,0.25,9,0.2,crp,1.7445385628709096,1.810944142282244,1.6782751817790766,2.473547693874494,2.627953090370684,0.7
full_seed11_spike_0p3_noise0p25_s9_a0p3_b0p8,11,spike,0.3,0.25,9,0.3,fpr_owa,1.5210164020833183,1.6186959215847798,1.386291456694955,2.4743864679690346,2.5830073309369843,0.8
full_seed11_spike_0p3_noise0p25_s9_a0p3_b0p8,11,spike,0.3,0.25,9,0.3,crp,1.7164814383645564,1.7920434351808987,1.668284193878235,2.5450685292512176,2.662584001046129,0.8
full_seed11_spike_0p3_noise0p5_s13_a0p2_b0p7,11,spike,0.3,0.5,13,0.2,fpr_owa,1.008189723838823,1.177533149823213,0.9346962745795758,1.9566877699192315,3.067883580547425,0.7
full_seed11_spike_0p3_noise0p5_s13_a0p2_b0p7,11,spike,0.3,0.5,13,0.2,crp,1.0569910622636918,1.1633491548922048,0.986308157814819,1.869805523191188,2.161930519026543,0.7
full_seed11_spike_0p3_noise0p5_s13_a0p3_b0p8,11,spike,0.3,0.5,13,0.3,fpr_owa,1.1031346128013904,1.2293990148925225,0.9999499120151942,2.118283430851485,2.3790632436227748,0.8
full_seed11_spike_0p3_noise0p5_s13_a0p3_b0p8,11,spike,0.3,0.5,13,0.3,crp,1.0794094816394455,1.2263143937102212,1.005757829321349,2.1204294447301453,2.456268788799276,0.8
full_seed11_spike_0p3_noise0p5_s5_a0p2_b0p7,11,spike,0.3,0.5,5,0.2,fpr_owa,2.175500775885844,2.599517480191698,1.6699770873348263,5.26235798090546,5.855085646413777,0.7
full_seed11_spike_0p3_noise0p5_s5_a0p2_b0p7,11,spike,0.3,0.5,5,0.2,crp,1.854202742095908,2.008235437564582,1.7243307991082686,2.971254219256259,5.547667291176754,0.7
full_seed11_spike_0p3_noise0p5_s5_a0p3_b0p8,11,spike,0.3,0.5,5,0.3,fpr_owa,1.7632689798782903,2.045497726442619,1.6103399812931125,3.742205008167659,4.319486486203351,0.8
full_seed11_spike_0p3_noise0p5_s5_a0p3_b0p8,11,spike,0.3,0.5,5,0.3,crp,1.779044027808177,1.9083136929370488,1.715154225226745,2.95875481721143,4.123946181838976,0.8
full_seed11_spike_0p3_noise0p5_s9_a0p2_b0p7,11,spike,0.3,0.5,9,0.2,fpr_owa,1.543042781316237,1.8068870039116656,1.4196923097299194,3.286979350948727,4.166430919999916,0.7
full_seed11_spike_0p3_noise0p5_s9_a0p2_b0p7,11,spike,0.3,0.5,9,0.2,crp,1.70130659948967,1.7869647316730013,1.6479815085844876,2.569610280743119,2.871091290165531,0.7
full_seed11_spike_0p3_noise0p5_s9_a0p3_b0p8,11,spike,0.3,0.5,9,0.3,fpr_owa,1.5086544925663243,1.609385396811022,1.420525671780965,2.47188538019246,2.864073642446804,0.8
full_seed11_spike_0p3_noise0p5_s9_a0p3_b0p8,11,spike,0.3,0.5,9,0.3,crp,1.663732936483405,1.7524447463061716,1.6183873134601732,2.5308612000849964,3.0407029682307782,0.8
full_seed11_spike_0p4_noise0p1_s13_a0p2_b0p7,11,spike,0.4,0.1,13,0.2,fpr_owa,1.2391170998546897,1.3755068339704544,1.1403293323957566,1.932660002732683,3.803960236709664,0.7
full_seed11_spike_0p4_noise0p1_s13_a0p2_b0p7,11,spike,0.4,0.1,13,0.2,crp,0.893847754442893,0.9930231803658796,0.8340135028809617,1.5877782220191674,1.6831001370246317,0.7
full_seed11_spike_0p4_noise0p1_s13_a0p3_b0p8,11,spike,0.4,0.1,13,0.3,fpr_owa,1.0293757495355114,1.2280670240930824,1.0675625923846108,2.023850308539544,2.1531616283456394,0.8
full_seed11_spike_0p4_noise0p1_s13_a0p3_b0p8,11,spike,0.4,0.1,13,0.3,crp,0.92015188599641,1.1553020520977348,0.9557524018259992,2.022400083061108,2.1531616283456394,0.8
full_seed11_spike_0p4_noise0p1_s5_a0p2_b0p7,11,spike,0.4,0.1,5,0.2,fpr_owa,2.1738075638333667,2.5820048993031546,1.592464697108294,5.295222278480376,5.707795290251509,0.7
full_seed11_spike_0p4_noise0p1_s5_a0p2_b0p7,11,spike,0.4,0.1,5,0.2,crp,1.7575124561469275,1.8252720952730328,1.6636710246906627,2.496402861941912,2.6255485141581723,0.7
full_seed11_spike_0p4_noise0p1_s5_a0p3_b0p8,11,spike,0.4,0.1,5,0.3,fpr_owa,1.737931373644688,2.014638468284351,1.5365943917809406,3.680961092816598,4.11130308813028,0.8
full_seed11_spike_0p4_noise0p1_s5_a0p3_b0p8,11,spike,0.4,0.1,5,0.3,crp,1.7653943546900204,1.8406198417520825,1.7113934460915892,2.535597969403818,2.6507522876098477,0.8
full_seed11_spike_0p4_noise0p1_s9_a0p2_b0p7,11,spike,0.4,0.1,9,0.2,fpr_owa,2.0585777649015977,2.3309677263049577,1.788991147266625,4.910670347526929,5.8592812752214485,0.7
full_seed11_spike_0p4_noise0p1_s9_a0p2_b0p7,11,spike,0.4,0.1,9,0.2,crp,1.7713350318507632,1.8269144053265076,1.6682878695006251,2.422666335340081,2.603973494244212,0.7
full_seed11_spike_0p4_noise0p1_s9_a0p3_b0p8,11,spike,0.4,0.1,9,0.3,fpr_owa,1.6938788300545942,1.938370372158413,1.3732798929381391,3.715465072519823,4.183699127037001,0.8
full_seed11_spike_0p4_noise0p1_s9_a0p3_b0p8,11,spike,0.4,0.1,9,0.3,crp,1.7298356198284943,1.8019131691232064,1.6380072439322897,2.465422132924084,2.5869876977065616,0.8
full_seed11_spike_0p4_noise0p25_s13_a0p2_b0p7,11,spike,0.4,0.25,13,0.2,fpr_owa,1.2582262218207836,1.3915035114632657,1.1759060294372117,2.0765705026153465,3.716928077022178,0.7
full_seed11_spike_0p4_noise0p25_s13_a0p2_b0p7,11,spike,0.4,0.25,13,0.2,crp,0.8885053180578965,1.010031786285096,0.8242124771791808,1.6933682990954584,1.9569972867118044,0.7
full_seed11_spike_0p4_noise0p25_s13_a0p3_b0p8,11,spike,0.4,0.25,13,0.3,fpr_owa,1.0075996268481744,1.2138052519629563,0.9418012434508732,2.077485902397328,2.3214884090002728,0.8
full_seed11_spike_0p4_noise0p25_s13_a0p3_b0p8,11,spike,0.4,0.25,13,0.3,crp,0.920343912521302,1.147296711719626,0.8173830462157288,2.074580394085046,2.3214884090002728,0.8
full_seed11_spike_0p4_noise0p25_s5_a0p2_b0p7,11,spike,0.4,0.25,5,0.2,fpr_owa,2.1796473492592243,2.59399646552756,1.616768582384171,5.349909535299456,5.7804927977335385,0.7
full_seed11_spike_0p4_noise0p25_s5_a0p2_b0p7,11,spike,0.4,0.25,5,0.2,crp,1.756282539998807,1.8270074079636145,1.6975620223604309,2.560409431016226,2.8486232676966097,0.7
full_seed11_spike_0p4_noise0p25_s5_a0p3_b0p8,11,spike,0.4,0.25,5,0.3,fpr_owa,1.7461618438605266,2.029062071447889,1.528432619557731,3.7767274194150913,4.189371862407682,0.8
full_seed11_spike_0p4_noise0p25_s5_a0p3_b0p8,11,spike,0.4,0.25,5,0.3,crp,1.7643603863104929,1.8447394299343,1.7178024096230309,2.5864581610462243,2.9295899341462657,0.8
full_seed11_spike_0p4_noise0p25_s9_a0p2_b0p7,11,spike,0.4,0.25,9,0.2,fpr_owa,1.985317672061776,2.259302371498848,1.6527163635804558,4.906079155150474,5.554232703693836,0.7
full_seed11_spike_0p4_noise0p25_s9_a0p2_b0p7,11,spike,0.4,0.25,9,0.2,crp,1.7526963513760303,1.819468485199832,1.6804089331196197,2.492721108927906,2.6582769059016176,0.7
full_seed11_spike_0p4_noise0p25_s9_a0p3_b0p8,11,spike,0.4,0.25,9,0.3,fpr_owa,1.6580052291483938,1.9096460942317008,1.4003050935594217,3.572145891750292,4.065246692948007,0.8
full_seed11_spike_0p4_noise0p25_s9_a0p3_b0p8,11,spike,0.4,0.25,9,0.3,crp,1.7150279812350735,1.788166362590896,1.6503526935932853,2.51694418684359,2.7051188323695703,0.8
full_seed11_spike_0p4_noise0p5_s13_a0p2_b0p7,11,spike,0.4,0.5,13,0.2,fpr_owa,1.3088604549557885,1.4496315879856814,1.2451996170941997,2.174241894290124,3.731294532420909,0.7
full_seed11_spike_0p4_noise0p5_s13_a0p2_b0p7,11,spike,0.4,0.5,13,0.2,crp,0.9697341962062428,1.1067001963827767,0.928157705997442,1.869805523191188,2.161930519026543,0.7
full_seed11_spike_0p4_noise0p5_s13_a0p3_b0p8,11,spike,0.4,0.5,13,0.3,fpr_owa,1.0051980577455917,1.2001915463405473,0.9427144444829344,2.128493388635512,2.3790632436227748,0.8
full_seed11_spike_0p4_noise0p5_s13_a0p3_b0p8,11,spike,0.4,0.5,13,0.3,crp,0.9979905309632648,1.1797818415628438,0.8983446375595185,2.1628478902945174,2.456268788799276,0.8
full_seed11_spike_0p4_noise0p5_s5_a0p2_b0p7,11,spike,0.4,0.5,5,0.2,fpr_owa,2.175500775885844,2.599517480191698,1.6699770873348263,5.26235798090546,5.855085646413777,0.7
full_seed11_spike_0p4_noise0p5_s5_a0p2_b0p7,11,spike,0.4,0.5,5,0.2,crp,1.854202742095908,2.008235437564582,1.7243307991082686,2.971254219256259,5.547667291176754,0.7
full_seed11_spike_0p4_noise0p5_s5_a0p3_b0p8,11,spike,0.4,0.5,5,0.3,fpr_owa,1.7632689798782903,2.045497726442619,1.6103399812931125,3.742205008167659,4.319486486203351,0.8
full_seed11_spike_0p4_noise0p5_s5_a0p3_b0p8,11,spike,0.4,0.5,5,0.3,crp,1.779044027808177,1.9083136929370488,1.715154225226745,2.95875481721143,4.123946181838976,0.8
full_seed11_spike_0p4_noise0p5_s9_a0p2_b0p7,11,spike,0.4,0.5,9,0.2,fpr_owa,1.9206521436811708,2.176226891832961,1.6483997087427045,4.64633307420669,5.475990154725581,0.7
full_seed11_spike_0p4_noise0p5_s9_a0p2_b0p7,11,spike,0.4,0.5,9,0.2,crp,1.6806023319060164,1.7685254025991892,1.6380990370101158,2.5441515085229685,4.266593018762985,0.7
full_seed11_spike_0p4_noise0p5_s9_a0p3_b0p8,11,spike,0.4,0.5,9,0.3,fpr_owa,1.5811754162268417,1.8146616681355117,1.3879569220798784,3.3863314476393813,4.1460137552461935,0.8
full_seed11_spike_0p4_noise0p5_s9_a0p3_b0p8,11,spike,0.4,0.5,9,0.3,crp,1.6654712905390503,1.7535522067764155,1.6373991919880877,2.5515320870730704,3.574803653149224,0.8
full_seed42_bias_0p0_noise0p1_s13_a0p2_b0p7,42,bias,0.0,0.1,13,0.2,fpr_owa,1.204747239572172,1.2494632978305504,1.1889131152852903,1.6246678019843126,1.7409750298089346,0.7
full_seed42_bias_0p0_noise0p1_s13_a0p2_b0p7,42,bias,0.0,0.1,13,0.2,crp,1.204747239572172,1.2494632978305504,1.1889131152852903,1.6246678019843126,1.7409750298089346,0.7
full_seed42_bias_0p0_noise0p1_s13_a0p3_b0p8,42,bias,0.0,0.1,13,0.3,fpr_owa,1.4630984710557349,1.53918642759298,1.413795553401175,2.075003842309166,2.180546407161522,0.8
full_seed42_bias_0p0_noise0p1_s13_a0p3_b0p8,42,bias,0.0,0.1,13,0.3,crp,1.4630984710557349,1.53918642759298,1.413795553401175,2.075003842309166,2.180546407161522,0.8
full_seed42_bias_0p0_noise0p1_s5_a0p2_b0p7,42,bias,0.0,0.1,5,0.2,fpr_owa,1.7659881470137384,1.8341841107834416,1.6422287024709643,2.4841127883853624,2.582175321874684,0.7
full_seed42_bias_0p0_noise0p1_s5_a0p2_b0p7,42,bias,0.0,0.1,5,0.2,crp,1.7659881470137384,1.8341841107834416,1.6422287024709643,2.4841127883853624,2.582175321874684,0.7
full_seed42_bias_0p0_noise0p1_s5_a0p3_b0p8,42,bias,0.0,0.1,5,0.3,fpr_owa,1.7701030429409303,1.8429993973058765,1.6794693923244517,2.462546527583412,2.5635217374720267,0.8
full_seed42_bias_0p0_noise0p1_s5_a0p3_b0p8,42,bias,0.0,0.1,5,0.3,crp,1.7701030429409303,1.8429993973058765,1.6794693923244517,2.462546527583412,2.5635217374720267,0.8
full_seed42_bias_0p0_noise0p1_s9_a0p2_b0p7,42,bias,0.0,0.1,9,0.2,fpr_owa,1.7673726147488216,1.820046874004744,1.6165328076382752,2.410040800315646,2.5120531370564776,0.7
full_seed42_bias_0p0_noise0p1_s9_a0p2_b0p7,42,bias,0.0,0.1,9,0.2,crp,1.7673726147488216,1.820046874004744,1.6165328076382752,2.410040800315646,2.5120531370564776,0.7
full_seed42_bias_0p0_noise0p1_s9_a0p3_b0p8,42,bias,0.0,0.1,9,0.3,fpr_owa,1.7371656879270818,1.8102685437459043,1.5684284081958748,2.4840048378615034,2.6013060237435366,0.8
full_seed42_bias_0p0_noise0p1_s9_a0p3_b0p8,42,bias,0.0,0.1,9,0.3,crp,1.7371656879270818,1.8102685437459043,1.5684284081958748,2.4840048378615034,2.6013060237435366,0.8
full_seed42_bias_0p0_noise0p25_s13_a0p2_b0p7,42,bias,0.0,0.25,13,0.2,fpr_owa,1.2239519384539213,1.2817026770540818,1.205182468431389,1.760113942280174,2.024275092535646,0.7
full_seed42_bias_0p0_noise0p25_s13_a0p2_b0p7,42,bias,0.0,0.25,13,0.2,crp,1.2239519384539213,1.2817026770540818,1.205182468431389,1.760113942280174,2.024275092535646,0.7
full_seed42_bias_0p0_noise0p25_s13_a0p3_b0p8,42,bias,0.0,0.25,13,0.3,fpr_owa,1.4230427131961676,1.5184860649784044,1.3737965524029805,2.155221273762169,2.39418818999486,0.8
full_seed42_bias_0p0_noise0p25_s13_a0p3_b0p8,42,bias,0.0,0.25,13,0.3,crp,1.4230427131961676,1.5184860649784044,1.3737965524029805,2.155221273762169,2.39418818999486,0.8
full_seed42_bias_0p0_noise0p25_s5_a0p2_b0p7,42,bias,0.0,0.25,5,0.2,fpr_owa,1.7534629815201763,1.8176348178843071,1.6702733419829094,2.498835294561254,2.766426926313108,0.7
full_seed42_bias_0p0_noise0p25_s5_a0p2_b0p7,42,bias,0.0,0.25,5,0.2,crp,1.7534629815201763,1.8176348178843071,1.6702733419829094,2.498835294561254,2.766426926313108,0.7
full_seed42_bias_0p0_noise0p25_s5_a0p3_b0p8,42,bias,0.0,0.25,5,0.3,fpr_owa,1.7656647976945776,1.8313428892170025,1.736099880157009,2.4929046761809115,2.754470971714729,0.8
full_seed42_bias_0p0_noise0p25_s5_a0p3_b0p8,42,bias,0.0,0.25,5,0.3,crp,1.7656647976945776,1.8313428892170025,1.736099880157009,2.4929046761809115,2.754470971714729,0.8
full_seed42_bias_0p0_noise0p25_s9_a0p2_b0p7,42,bias,0.0,0.25,9,0.2,fpr_owa,1.7426996887661814,1.8000693487288324,1.6339637308116035,2.423123977132854,2.6593326846511403,0.7
full_seed42_bias_0p0_noise0p25_s9_a0p2_b0p7,42,bias,0.0,0.25,9,0.2,crp,1.7426996887661814,1.8000693487288324,1.6339637308116035,2.423123977132854,2.6593326846511403,0.7
full_seed42_bias_0p0_noise0p25_s9_a0p3_b0p8,42,bias,0.0,0.25,9,0.3,fpr_owa,1.7265432730010424,1.7937771837860732,1.6347870467410623,2.443306404915865,2.6370559037383408,0.8
full_seed42_bias_0p0_noise0p25_s9_a0p3_b0p8,42,bias,0.0,0.25,9,0.3,crp,1.7265432730010424,1.7937771837860732,1.6347870467410623,2.443306404915865,2.6370559037383408,0.8
full_seed42_bias_0p0_noise0p5_s13_a0p2_b0p7,42,bias,0.0,0.5,13,0.2,fpr_owa,1.2651689934985595,1.340754609269621,1.2510081640849386,1.9562212874413472,2.5391523953948094,0.7
full_seed42_bias_0p0_noise0p5_s13_a0p2_b0p7,42,bias,0.0,0.5,13,0.2,crp,1.284561218612761,1.3646185726599638,1.2630539040967008,2.015940409188442,2.4364860782429374,0.7
full_seed42_bias_0p0_noise0p5_s13_a0p3_b0p8,42,bias,0.0,0.5,13,0.3,fpr_owa,1.367046147538045,1.4636488360017177,1.3150144644377917,2.2460766148079334,2.527203313790653,0.8
full_seed42_bias_0p0_noise0p5_s13_a0p3_b0p8,42,bias,0.0,0.5,13,0.3,crp,1.3858737764666416,1.484557095299884,1.325879378880895,2.259339098916841,2.6226030977850723,0.8
full_seed42_bias_0p0_noise0p5_s5_a0p2_b0p7,42,bias,0.0,0.5,5,0.2,fpr_owa,1.7663549785759736,1.835242703992113,1.7353897935097486,2.5297316606163123,3.0735129337104823,0.7
full_seed42_bias_0p0_noise0p5_s5_a0p2_b0p7,42,bias,0.0,0.5,5,0.2,crp,1.7626146065100063,1.8325422939002585,1.7303133373235235,2.5297316606163123,3.0735129337104823,0.7
full_seed42_bias_0p0_noise0p5_s5_a0p3_b0p8,42,bias,0.0,0.5,5,0.3,fpr_owa,1.7690730180982104,1.8388569143154083,1.7445279805006293,2.59181469592718,3.1350957762386087,0.8
full_seed42_bias_0p0_noise0p5_s5_a0p3_b0p8,42,bias,0.0,0.5,5,0.3,crp,1.768004728417193,1.8382984952481496,1.741437731089552,2.59181469592718,3.1350957762386087,0.8
full_seed42_bias_0p0_noise0p5_s9_a0p2_b0p7,42,bias,0.0,0.5,9,0.2,fpr_owa,1.7166312646319943,1.7837266978711783,1.6667549411243054,2.4252408629733706,2.913077083781724,0.7
full_seed42_bias_0p0_noise0p5_s9_a0p2_b0p7,42,bias,0.0,0.5,9,0.2,crp,1.722498070820149,1.7922704651931152,1.6647032396139083,2.480474689679588,2.913077083781724,0.7
full_seed42_bias_0p0_noise0p5_s9_a0p3_b0p8,42,bias,0.0,0.5,9,0.3,fpr_owa,1.6986998747237194,1.770390544901288,1.680218113046028,2.473113970704796,2.8112617669113744,0.8
full_seed42_bias_0p0_noise0p5_s9_a0p3_b0p8,42,bias,0.0,0.5,9,0.3,crp,1.7059254523153575,1.7803442780136858,1.680218113046028,2.495307423016442,2.8612454678249226,0.8
full_seed42_bias_0p1_noise0p1_s13_a0p2_b0p7,42,bias,0.1,0.1,13,0.2,fpr_owa,1.100679588611807,1.1382170060713972,1.0825862995128566,1.5749386050940166,1.6999793311916491,0.7
full_seed42_bias_0p1_noise0p1_s13_a0p2_b0p7,42,bias,0.1,0.1,13,0.2,crp,1.1514342269672002,1.197090446906446,1.1431883251378443,1.5726229654549937,1.6999793311916491,0.7
full_seed42_bias_0p1_noise0p1_s13_a0p3_b0p8,42,bias,0.1,0.1,13,0.3,fpr_owa,1.370407076418157,1.435907921263312,1.3406920074275557,2.021672961025869,2.180546407161522,0.8
full_seed42_bias_0p1_noise0p1_s13_a0p3_b0p8,42,bias,0.1,0.1,13,0.3,crp,1.419373804702685,1.4960350359874015,1.402456675541491,2.021672961025869,2.180546407161522,0.8
full_seed42_bias_0p1_noise0p1_s5_a0p2_b0p7,42,bias,0.1,0.1,5,0.2,fpr_owa,1.7659881470137384,1.8341841107834416,1.6422287024709643,2.4841127883853624,2.582175321874684,0.7
full_seed42_bias_0p1_noise0p1_s5_a0p2_b0p7,42,bias,0.1,0.1,5,0.2,crp,1.7659881470137384,1.8341841107834416,1.6422287024709643,2.4841127883853624,2.582175321874684,0.7
full_seed42_bias_0p1_noise0p1_s5_a0p3_b0p8,42,bias,0.1,0.1,5,0.3,fpr_owa,1.7701030429409303,1.8429993973058765,1.6794693923244517,2.462546527583412,2.5635217374720267,0.8
full_seed42_bias_0p1_noise0p1_s5_a0p3_b0p8,42,bias,0.1,0.1,5,0.3,crp,1.7701030429409303,1.8429993973058765,1.6794693923244517,2.462546527583412,2.5635217374720267,0.8
full_seed42_bias_0p1_noise0p1_s9_a0p2_b0p7,42,bias,0.1,0.1,9,0.2,fpr_owa,1.7135554779198223,1.759053277349291,1.6166508763503675,2.359583409424745,2.5120531370564776,0.7
full_seed42_bias_0p1_noise0p1_s9_a0p2_b0p7,42,bias,0.1,0.1,9,0.2,crp,1.7546654889986764,1.8056011701904289,1.6320339247146616,2.38634494422482,2.5120531370564776,0.7
full_seed42_bias_0p1_noise0p1_s9_a0p3_b0p8,42,bias,0.1,0.1,9,0.3,fpr_owa,1.7406943402644188,1.8068109796829983,1.6020481812023069,2.4516847730020883,2.6013060237435366,0.8
full_seed42_bias_0p1_noise0p1_s9_a0p3_b0p8,42,bias,0.1,0.1,9,0.3,crp,1.737890796813143,1.810813854315439,1.594696868623981,2.4848695303974027,2.6013060237435366,0.8
full_seed42_bias_0p1_noise0p25_s13_a0p2_b0p7,42,bias,0.1,0.25,13,0.2,fpr_owa,1.1275665820558225,1.1765830793380845,1.110521097568545,1.665097330194273,1.9006810444329747,0.7
full_seed42_bias_0p1_noise0p25_s13_a0p2_b0p7,42,bias,0.1,0.25,13,0.2,crp,1.174467685840731,1.2305086713476268,1.170827596996588,1.7009534678136131,1.856209751390689,0.7
full_seed42_bias_0p1_noise0p25_s13_a0p3_b0p8,42,bias,0.1,0.25,13,0.3,fpr_owa,1.348383947902538,1.429522364769536,1.3539438247143236,2.0807052266070976,2.31606989625212,0.8
full_seed42_bias_0p1_noise0p25_s13_a0p3_b0p8,42,bias,0.1,0.25,13,0.3,crp,1.3794705389841184,1.4723074429196,1.3583261890767382,2.109472384500516,2.271889321770841,0.8
full_seed42_bias_0p1_noise0p25_s5_a0p2_b0p7,42,bias,0.1,0.25,5,0.2,fpr_owa,1.7534629815201763,1.8176348178843071,1.6702733419829094,2.498835294561254,2.766426926313108,0.7
full_seed42_bias_0p1_noise0p25_s5_a0p2_b0p7,42,bias,0.1,0.25,5,0.2,crp,1.7534629815201763,1.8176348178843071,1.6702733419829094,2.498835294561254,2.766426926313108,0.7
full_seed42_bias_0p1_noise0p25_s5_a0p3_b0p8,42,bias,0.1,0.25,5,0.3,fpr_owa,1.7656647976945776,1.8313428892170025,1.736099880157009,2.4929046761809115,2.754470971714729,0.8
full_seed42_bias_0p1_noise0p25_s5_a0p3_b0p8,42,bias,0.1,0.25,5,0.3,crp,1.7656647976945776,1.8313428892170025,1.736099880157009,2.4929046761809115,2.754470971714729,0.8
full_seed42_bias_0p1_noise0p25_s9_a0p2_b0p7,42,bias,0.1,0.25,9,0.2,fpr_owa,1.697751497625077,1.74924917966126,1.605684180538338,2.3587571327857444,2.6593326846511403,0.7
full_seed42_bias_0p1_noise0p25_s9_a0p2_b0p7,42,bias,0.1,0.25,9,0.2,crp,1.7209181902880526,1.7774531257344024,1.6215056554169394,2.440722403669705,2.6593326846511403,0.7
full_seed42_bias_0p1_noise0p25_s9_a0p3_b0p8,42,bias,0.1,0.25,9,0.3,fpr_owa,1.7274051086384776,1.792956470403485,1.6262124002786722,2.4413934608501418,2.6370559037383408,0.8
full_seed42_bias_0p1_noise0p25_s9_a0p3_b0p8,42,bias,0.1,0.25,9,0.3,crp,1.7178467587838604,1.7871277316592649,1.624915217158727,2.451714906738192,2.6370559037383408,0.8
full_seed42_bias_0p1_noise0p5_s13_a0p2_b0p7,42,bias,0.1,0.5,13,0.2,fpr_owa,1.1900211045042468,1.2541837000180884,1.187986430322964,1.872390052094699,2.1447835628418845,0.7
full_seed42_bias_0p1_noise0p5_s13_a0p2_b0p7,42,bias,0.1,0.5,13,0.2,crp,1.2363702782323307,1.3119335007926465,1.2358488337143674,1.949669788719252,2.303290509297214,0.7
full_seed42_bias_0p1_noise0p5_s13_a0p3_b0p8,42,bias,0.1,0.5,13,0.3,fpr_owa,1.3339060647436252,1.4242985728975868,1.3139537660122658,2.16825927628492,2.487182695732886,0.8
full_seed42_bias_0p1_noise0p5_s13_a0p3_b0p8,42,bias,0.1,0.5,13,0.3,crp,1.358502616067209,1.4543031750733422,1.3150144644377917,2.192920633187788,2.6131707591666293,0.8
full_seed42_bias_0p1_noise0p5_s5_a0p2_b0p7,42,bias,0.1,0.5,5,0.2,fpr_owa,1.7663549785759736,1.835242703992113,1.7353897935097486,2.5297316606163123,3.0735129337104823,0.7
full_seed42_bias_0p1_noise0p5_s5_a0p2_b0p7,42,bias,0.1,0.5,5,0.2,crp,1.7626146065100063,1.8325422939002585,1.7303133373235235,2.5297316606163123,3.0735129337104823,0.7
full_seed42_bias_0p1_noise0p5_s5_a0p3_b0p8,42,bias,0.1,0.5,5,0.3,fpr_owa,1.7690730180982104,1.8388569143154083,1.7445279805006293,2.59181469592718,3.1350957762386087,0.8
full_seed42_bias_0p1_noise0p5_s5_a0p3_b0p8,42,bias,0.1,0.5,5,0.3,crp,1.768004728417193,1.8382984952481496,1.741437731089552,2.59181469592718,3.1350957762386087,0.8
full_seed42_bias_0p1_noise0p5_s9_a0p2_b0p7,42,bias,0.1,0.5,9,0.2,fpr_owa,1.689739994414425,1.755633501239277,1.653847352288372,2.398575214072061,2.913077083781724,0.7
full_seed42_bias_0p1_noise0p5_s9_a0p2_b0p7,42,bias,0.1,0.5,9,0.2,crp,1.7113376609277178,1.7818709185485693,1.643575072630756,2.5236206423187717,2.913077083781724,0.7
full_seed42_bias_0p1_noise0p5_s9_a0p3_b0p8,42,bias,0.1,0.5,9,0.3,fpr_owa,1.703840265179169,1.7756032654891252,1.6798635961889588,2.4957235702740443,2.8112617669113744,0.8
full_seed42_bias_0p1_noise0p5_s9_a0p3_b0p8,42,bias,0.1,0.5,9,0.3,crp,1.7045053180212688,1.7817605502286282,1.681889226798801,2.54593731558886,2.8612454678249226,0.8
full_seed42_bias_0p2_noise0p1_s13_a0p2_b0p7,42,bias,0.2,0.1,13,0.2,fpr_owa,0.99389753397637,1.0460788381455404,0.9288850178209952,1.5749386050940166,1.6999793311916491,0.7
full_seed42_bias_0p2_noise0p1_s13_a0p2_b0p7,42,bias,0.2,0.1,13,0.2,crp,0.9742529758714682,1.0342238196800453,0.9177515332243344,1.5726229654549937,1.6999793311916491,0.7
full_seed42_bias_0p2_noise0p1_s13_a0p3_b0p8,42,bias,0.2,0.1,13,0.3,fpr_owa,1.153712299384126,1.2501723205309916,1.0151035513546105,2.021672961025869,2.180546407161522,0.8
full_seed42_bias_0p2_noise0p1_s13_a0p3_b0p8,42,bias,0.2,0.1,13,0.3,crp,1.1361791033123478,1.2427668505688092,1.0277008593457695,2.0182602212335667,2.180546407161522,0.8
full_seed42_bias_0p2_noise0p1_s5_a0p2_b0p7,42,bias,0.2,0.1,5,0.2,fpr_owa,1.705992140709372,1.771342571533678,1.5962048516684637,2.433318260702521,2.582175321874684,0.7
full_seed42_bias_0p2_noise0p1_s5_a0p2_b0p7,42,bias,0.2,0.1,5,0.2,crp,1.7398397569210673,1.8096780672234367,1.616491402887589,2.4658096356973886,2.582175321874684,0.7
full_seed42_bias_0p2_noise0p1_s5_a0p3_b0p8,42,bias,0.2,0.1,5,0.3,fpr_owa,1.745976668727422,1.8124532984679704,1.6277330748986965,2.45509674878539,2.5635217374720267,0.8
full_seed42_bias_0p2_noise0p1_s5_a0p3_b0p8,42,bias,0.2,0.1,5,0.3,crp,1.7562019353676874,1.828351778713986,1.6277330748986965,2.4648148311967963,2.6083188119643475,0.8
full_seed42_bias_0p2_noise0p1_s9_a0p2_b0p7,42,bias,0.2,0.1,9,0.2,fpr_owa,1.6224557906577324,1.671223580001463,1.5381505264792328,2.355383738183478,2.5120531370564776,0.7
full_seed42_bias_0p2_noise0p1_s9_a0p2_b0p7,42,bias,0.2,0.1,9,0.2,crp,1.6521450276753855,1.7003289431540145,1.590884544690664,2.355383738183478,2.5120531370564776,0.7
full_seed42_bias_0p2_noise0p1_s9_a0p3_b0p8,42,bias,0.2,0.1,9,0.3,fpr_owa,1.65852525553321,1.72100376471243,1.5421980479034736,2.4341264154604545,2.6013060237435366,0.8
full_seed42_bias_0p2_noise0p1_s9_a0p3_b0p8,42,bias,0.2,0.1,9,0.3,crp,1.66842727497939,1.7336727157088947,1.5484339218960748,2.4341264154604545,2.6013060237435366,0.8
full_seed42_bias_0p2_noise0p25_s13_a0p2_b0p7,42,bias,0.2,0.25,13,0.2,fpr_owa,1.0077263352978336,1.0729670752446043,0.9507012148886532,1.665097330194273,1.9006810444329747,0.7
full_seed42_bias_0p2_noise0p25_s13_a0p2_b0p7,42,bias,0.2,0.25,13,0.2,crp,0.9944213869933268,1.066265911465015,0.9469435224174187,1.6714562672705104,1.856209751390689,0.7
full_seed42_bias_0p2_noise0p25_s13_a0p3_b0p8,42,bias,0.2,0.25,13,0.3,fpr_owa,1.1398680807147517,1.2417200639263193,1.0143837436237335,2.0807052266070976,2.31606989625212,0.8
full_seed42_bias_0p2_noise0p25_s13_a0p3_b0p8,42,bias,0.2,0.25,13,0.3,crp,1.139057096302959,1.2477936809211427,1.0399972416356371,2.076724631226817,2.271889321770841,0.8
full_seed42_bias_0p2_noise0p25_s5_a0p2_b0p7,42,bias,0.2,0.25,5,0.2,fpr_owa,1.7048428297589846,1.7701857223971684,1.6540942696665015,2.4920939159600244,2.766426926313108,0.7
full_seed42_bias_0p2_noise0p25_s5_a0p2_b0p7,42,bias,0.2,0.25,5,0.2,crp,1.72197789568639,1.7892800136752671,1.6573479434533644,2.5245252859049723,2.766426926313108,0.7
full_seed42_bias_0p2_noise0p25_s5_a0p3_b0p8,42,bias,0.2,0.25,5,0.3,fpr_owa,1.741196452403263,1.8045290515073749,1.658162667610497,2.4896699235832105,2.685218321137698,0.8
full_seed42_bias_0p2_noise0p25_s5_a0p3_b0p8,42,bias,0.2,0.25,5,0.3,crp,1.737380510414878,1.8041444685347785,1.652903010367696,2.5054429131625677,2.7744101653328657,0.8
full_seed42_bias_0p2_noise0p25_s9_a0p2_b0p7,42,bias,0.2,0.25,9,0.2,fpr_owa,1.61141378151082,1.666226294628791,1.530711078918617,2.3612735410008123,2.9473204338711043,0.7
full_seed42_bias_0p2_noise0p25_s9_a0p2_b0p7,42,bias,0.2,0.25,9,0.2,crp,1.6417296022106007,1.6960934573573392,1.568691872170025,2.3612735410008123,2.6593326846511403,0.7
full_seed42_bias_0p2_noise0p25_s9_a0p3_b0p8,42,bias,0.2,0.25,9,0.3,fpr_owa,1.6519447626896653,1.71407533242696,1.5856449483027837,2.4355428146346245,2.6575992547801897,0.8
full_seed42_bias_0p2_noise0p25_s9_a0p3_b0p8,42,bias,0.2,0.25,9,0.3,crp,1.664818167779399,1.729055575964183,1.5941491798851808,2.4355428146346245,2.6370559037383408,0.8
full_seed42_bias_0p2_noise0p5_s13_a0p2_b0p7,42,bias,0.2,0.5,13,0.2,fpr_owa,1.0696213045688263,1.1482389161042224,1.0853911429644496,1.84052683737967,2.1447835628418845,0.7
full_seed42_bias_0p2_noise0p5_s13_a0p2_b0p7,42,bias,0.2,0.5,13,0.2,crp,1.109484654642127,1.18948413095248,1.117718668400695,1.876523565395157,2.0917766185100533,0.7
full_seed42_bias_0p2_noise0p5_s13_a0p3_b0p8,42,bias,0.2,0.5,13,0.3,fpr_owa,1.1485638309344737,1.2442432645606558,1.096006650822397,2.049934884350631,2.487182695732886,0.8
full_seed42_bias_0p2_noise0p5_s13_a0p3_b0p8,42,bias,0.2,0.5,13,0.3,crp,1.2070456325139858,1.30991071809737,1.1507491924185809,2.1011201218065425,2.4802872614977574,0.8
full_seed42_bias_0p2_noise0p5_s5_a0p2_b0p7,42,bias,0.2,0.5,5,0.2,fpr_owa,1.7087370574043714,1.7808210958786366,1.6756932242404006,2.5192084854791053,3.0735129337104823,0.7
full_seed42_bias_0p2_noise0p5_s5_a0p2_b0p7,42,bias,0.2,0.5,5,0.2,crp,1.7460252690678904,1.81927159632056,1.713297176180275,2.591060285508944,3.104029918068561,0.7
full_seed42_bias_0p2_noise0p5_s5_a0p3_b0p8,42,bias,0.2,0.5,5,0.3,fpr_owa,1.7535737728187408,1.820026541657936,1.730883331187095,2.56897778926659,2.9109709113042843,0.8
full_seed42_bias_0p2_noise0p5_s5_a0p3_b0p8,42,bias,0.2,0.5,5,0.3,crp,1.766382386921101,1.839146528984879,1.7476963304510047,2.582454824168841,3.1225441310646542,0.8
full_seed42_bias_0p2_noise0p5_s9_a0p2_b0p7,42,bias,0.2,0.5,9,0.2,fpr_owa,1.6415390108179069,1.7194080316666005,1.5754077955302728,2.5638648289380006,3.4174157131613505,0.7
full_seed42_bias_0p2_noise0p5_s9_a0p2_b0p7,42,bias,0.2,0.5,9,0.2,crp,1.65741389527887,1.734694669118091,1.6180164709042724,2.508951191639777,2.913077083781724,0.7
full_seed42_bias_0p2_noise0p5_s9_a0p3_b0p8,42,bias,0.2,0.5,9,0.3,fpr_owa,1.644629980090548,1.7154544056762506,1.624944475811315,2.473113970704796,2.8112617669113744,0.8
full_seed42_bias_0p2_noise0p5_s9_a0p3_b0p8,42,bias,0.2,0.5,9,0.3,crp,1.6612997827361664,1.738777895619044,1.662611258445457,2.472845241878639,2.8612454678249226,0.8
full_seed42_bias_0p3_noise0p1_s13_a0p2_b0p7,42,bias,0.3,0.1,13,0.2,fpr_owa,1.207653804735817,1.2333773627921203,1.2014935446786783,1.5877207692163904,1.735269545332903,0.7
full_seed42_bias_0p3_noise0p1_s13_a0p2_b0p7,42,bias,0.3,0.1,13,0.2,crp,1.185667333478902,1.2156228494121808,1.1774720187766428,1.587509363872618,1.735269545332903,0.7
full_seed42_bias_0p3_noise0p1_s13_a0p3_b0p8,42,bias,0.3,0.1,13,0.3,fpr_owa,1.059043206230584,1.1982300318404238,0.9728780544567596,2.021672961025869,2.180546407161522,0.8
full_seed42_bias_0p3_noise0p1_s13_a0p3_b0p8,42,bias,0.3,0.1,13,0.3,crp,1.051177233278122,1.1909239309319808,0.9572768001976998,2.0182602212335667,2.180546407161522,0.8
full_seed42_bias_0p3_noise0p1_s5_a0p2_b0p7,42,bias,0.3,0.1,5,0.2,fpr_owa,2.3045336564327177,2.471398149836626,2.3478673089393656,3.878876972751677,4.098232606103902,0.7
full_seed42_bias_0p3_noise0p1_s5_a0p2_b0p7,42,bias,0.3,0.1,5,0.2,crp,2.267385968211558,2.4318923397356733,2.271223025654323,3.878876972751677,4.098232606103902,0.7
full_seed42_bias_0p3_noise0p1_s5_a0p3_b0p8,42,bias,0.3,0.1,5,0.3,fpr_owa,2.000499669465968,2.095296104400201,1.9616387335440624,3.093026007618645,3.319504139653784,0.8
full_seed42_bias_0p3_noise0p1_s5_a0p3_b0p8,42,bias,0.3,0.1,5,0.3,crp,1.9847372944951944,2.0790810768075483,1.9586338803862509,3.093026007618645,3.319504139653784,0.8
full_seed42_bias_0p3_noise0p1_s9_a0p2_b0p7,42,bias,0.3,0.1,9,0.2,fpr_owa,1.940304316447207,2.001135860271326,1.9549124604499009,2.7229573680115275,2.9022547170312354,0.7
full_seed42_bias_0p3_noise0p1_s9_a0p2_b0p7,42,bias,0.3,0.1,9,0.2,crp,1.9213115272395396,1.9815689851990608,1.921793965477144,2.7229573680115275,2.9022547170312354,0.7
full_seed42_bias_0p3_noise0p1_s9_a0p3_b0p8,42,bias,0.3,0.1,9,0.3,fpr_owa,1.6259182322665469,1.686927323217306,1.5226105778034569,2.4341264154604545,2.6013060237435366,0.8
full_seed42_bias_0p3_noise0p1_s9_a0p3_b0p8,42,bias,0.3,0.1,9,0.3,crp,1.6334438000069291,1.6952416157306514,1.5226105778034569,2.4341264154604545,2.6013060237435366,0.8
full_seed42_bias_0p3_noise0p25_s13_a0p2_b0p7,42,bias,0.3,0.25,13,0.2,fpr_owa,1.2204045263159402,1.2608082624174113,1.2163770878740374,1.7080369595547615,1.902418724896079,0.7
full_seed42_bias_0p3_noise0p25_s13_a0p2_b0p7,42,bias,0.3,0.25,13,0.2,crp,1.1689998576381575,1.2205904149993023,1.1752905710938206,1.701608382026212,1.902418724896079,0.7
full_seed42_bias_0p3_noise0p25_s13_a0p3_b0p8,42,bias,0.3,0.25,13,0.3,fpr_owa,1.0513522656642078,1.1956509468372405,0.9607226800014852,2.0807052266070976,2.31606989625212,0.8
full_seed42_bias_0p3_noise0p25_s13_a0p3_b0p8,42,bias,0.3,0.25,13,0.3,crp,1.0358437991673235,1.1797469006572618,0.9498115351306596,2.076724631226817,2.271889321770841,0.8
full_seed42_bias_0p3_noise0p25_s5_a0p2_b0p7,42,bias,0.3,0.25,5,0.2,fpr_owa,2.290019921452979,2.449931958812031,2.2727147852403995,3.784922034187965,4.171349114159853,0.7
full_seed42_bias_0p3_noise0p25_s5_a0p2_b0p7,42,bias,0.3,0.25,5,0.2,crp,2.240878055756897,2.4009498845474937,2.197311779038258,3.784922034187965,4.171349114159853,0.7
full_seed42_bias_0p3_noise0p25_s5_a0p3_b0p8,42,bias,0.3,0.25,5,0.3,fpr_owa,1.988674164926895,2.078379881026873,1.9539849304893229,3.0143757059160965,3.439400544807105,0.8
full_seed42_bias_0p3_noise0p25_s5_a0p3_b0p8,42,bias,0.3,0.25,5,0.3,crp,1.969744698807742,2.0604076764140067,1.938130373602315,3.0143757059160965,3.439400544807105,0.8
full_seed42_bias_0p3_noise0p25_s9_a0p2_b0p7,42,bias,0.3,0.25,9,0.2,fpr_owa,1.915437906103396,1.9789921942176405,1.8945556323138448,2.69654517364526,2.8989189656491687,0.7
full_seed42_bias_0p3_noise0p25_s9_a0p2_b0p7,42,bias,0.3,0.25,9,0.2,crp,1.891518154959572,1.9627390097587225,1.8383188839081377,2.71309492667207,3.5773456849457546,0.7
full_seed42_bias_0p3_noise0p25_s9_a0p3_b0p8,42,bias,0.3,0.25,9,0.3,fpr_owa,1.6347846239128236,1.7004524536747303,1.5650232366353127,2.448192953216645,2.946652710492333,0.8
full_seed42_bias_0p3_noise0p25_s9_a0p3_b0p8,42,bias,0.3,0.25,9,0.3,crp,1.643756270512431,1.7113002308717344,1.581862127925011,2.451714906738192,2.876435642316597,0.8
full_seed42_bias_0p3_noise0p5_s13_a0p2_b0p7,42,bias,0.3,0.5,13,0.2,fpr_owa,1.2843179339168993,1.3482207475739327,1.2421021007153716,1.9515518685496736,2.5850335784519767,0.7
full_seed42_bias_0p3_noise0p5_s13_a0p2_b0p7,42,bias,0.3,0.5,13,0.2,crp,1.21190624740262,1.293991058263475,1.1884325239369908,1.949669788719252,2.641645845186831,0.7
full_seed42_bias_0p3_noise0p5_s13_a0p3_b0p8,42,bias,0.3,0.5,13,0.3,fpr_owa,1.0797397746801056,1.2150954423817957,1.0690924276132616,2.049934884350631,2.487182695732886,0.8
full_seed42_bias_0p3_noise0p5_s13_a0p3_b0p8,42,bias,0.3,0.5,13,0.3,crp,1.1280270044689211,1.250505230006131,1.076926459361228,2.100648753999586,2.8541887491676765,0.8
full_seed42_bias_0p3_noise0p5_s5_a0p2_b0p7,42,bias,0.3,0.5,5,0.2,fpr_owa,2.2538828212636024,2.40388151337754,2.141788416755472,3.76211692078567,4.283367943056219,0.7
full_seed42_bias_0p3_noise0p5_s5_a0p2_b0p7,42,bias,0.3,0.5,5,0.2,crp,2.1142906024789268,2.2764432685889457,1.968943772567913,3.596909633198353,5.269824174516888,0.7
full_seed42_bias_0p3_noise0p5_s5_a0p3_b0p8,42,bias,0.3,0.5,5,0.3,fpr_owa,1.972250822633908,2.0612484667958286,1.9081137080504635,2.9341172941905653,3.619543851002199,0.8
full_seed42_bias_0p3_noise0p5_s5_a0p3_b0p8,42,bias,0.3,0.5,5,0.3,crp,1.9239567427787063,2.036150206207324,1.8768362745597988,2.932900028871372,5.3147541860092575,0.8
full_seed42_bias_0p3_noise0p5_s9_a0p2_b0p7,42,bias,0.3,0.5,9,0.2,fpr_owa,1.916841568192656,2.0046785074816147,1.86138257313784,2.844760097137015,4.058840010850371,0.7
full_seed42_bias_0p3_noise0p5_s9_a0p2_b0p7,42,bias,0.3,0.5,9,0.2,crp,1.8542209814056143,1.9435487725919072,1.783282937702836,2.831148484171543,3.516480165470191,0.7
full_seed42_bias_0p3_noise0p5_s9_a0p3_b0p8,42,bias,0.3,0.5,9,0.3,fpr_owa,1.66619662301071,1.7485283237277622,1.6186573178442043,2.567246621292545,3.379005060068086,0.8
full_seed42_bias_0p3_noise0p5_s9_a0p3_b0p8,42,bias,0.3,0.5,9,0.3,crp,1.6691601728251872,1.7471824782233072,1.680532856403519,2.565995636923839,2.869349121680957,0.8
full_seed42_bias_0p4_noise0p1_s13_a0p2_b0p7,42,bias,0.4,0.1,13,0.2,fpr_owa,1.5222458810462507,1.601131292949359,1.524244863832195,2.264640449960412,2.4271773397410685,0.7
full_seed42_bias_0p4_noise0p1_s13_a0p2_b0p7,42,bias,0.4,0.1,13,0.2,crp,1.4870063909410156,1.571730766368051,1.495290248150771,2.264640449960412,2.4271773397410685,0.7
full_seed42_bias_0p4_noise0p1_s13_a0p3_b0p8,42,bias,0.4,0.1,13,0.3,fpr_owa,1.2667096895203087,1.326866918757927,1.1451865562515708,2.021672961025869,2.180546407161522,0.8
full_seed42_bias_0p4_noise0p1_s13_a0p3_b0p8,42,bias,0.4,0.1,13,0.3,crp,1.24197234048964,1.3117964318093849,1.1401310202196568,2.0182602212335667,2.180546407161522,0.8
full_seed42_bias_0p4_noise0p1_s5_a0p2_b0p7,42,bias,0.4,0.1,5,0.2,fpr_owa,2.3045336564327177,2.471398149836626,2.3478673089393656,3.878876972751677,4.098232606103902,0.7
full_seed42_bias_0p4_noise0p1_s5_a0p2_b0p7,42,bias,0.4,0.1,5,0.2,crp,2.267385968211558,2.4318923397356733,2.271223025654323,3.878876972751677,4.098232606103902,0.7
full_seed42_bias_0p4_noise0p1_s5_a0p3_b0p8,42,bias,0.4,0.1,5,0.3,fpr_owa,2.000499669465968,2.095296104400201,1.9616387335440624,3.093026007618645,3.319504139653784,0.8
full_seed42_bias_0p4_noise0p1_s5_a0p3_b0p8,42,bias,0.4,0.1,5,0.3,crp,1.9847372944951944,2.0790810768075483,1.9586338803862509,3.093026007618645,3.319504139653784,0.8
full_seed42_bias_0p4_noise0p1_s9_a0p2_b0p7,42,bias,0.4,0.1,9,0.2,fpr_owa,2.288298917955025,2.429456257701526,2.2636533973127504,3.605628739696888,3.83893091644921,0.7
full_seed42_bias_0p4_noise0p1_s9_a0p2_b0p7,42,bias,0.4,0.1,9,0.2,crp,2.2602360167785207,2.39878136306423,2.2114958164731675,3.605628739696888,3.83893091644921,0.7
full_seed42_bias_0p4_noise0p1_s9_a0p3_b0p8,42,bias,0.4,0.1,9,0.3,fpr_owa,1.9435480382115355,2.0232419524843057,1.96036024366838,2.801403925227368,2.995038396515603,0.8
full_seed42_bias_0p4_noise0p1_s9_a0p3_b0p8,42,bias,0.4,0.1,9,0.3,crp,1.9307234187468307,2.009544749358822,1.9563007613757597,2.801403925227368,2.995038396515603,0.8
full_seed42_bias_0p4_noise0p25_s13_a0p2_b0p7,42,bias,0.4,0.25,13,0.2,fpr_owa,1.512169320992462,1.5985232896678137,1.5873364026092212,2.331666107468933,2.5886269454551774,0.7
full_seed42_bias_0p4_noise0p25_s13_a0p2_b0p7,42,bias,0.4,0.25,13,0.2,crp,1.4482037449287966,1.545449713242472,1.508282003623675,2.331666107468933,2.5886269454551774,0.7
full_seed42_bias_0p4_noise0p25_s13_a0p3_b0p8,42,bias,0.4,0.25,13,0.3,fpr_owa,1.2501219017221905,1.3255150171930776,1.1129026846104066,2.088586359424605,2.31606989625212,0.8
full_seed42_bias_0p4_noise0p25_s13_a0p3_b0p8,42,bias,0.4,0.25,13,0.3,crp,1.2020918989764018,1.2956016447259353,1.1073746963087787,2.0807052266070976,2.271889321770841,0.8
full_seed42_bias_0p4_noise0p25_s5_a0p2_b0p7,42,bias,0.4,0.25,5,0.2,fpr_owa,2.290019921452979,2.449931958812031,2.2727147852403995,3.784922034187965,4.171349114159853,0.7
full_seed42_bias_0p4_noise0p25_s5_a0p2_b0p7,42,bias,0.4,0.25,5,0.2,crp,2.240878055756897,2.4009498845474937,2.197311779038258,3.784922034187965,4.171349114159853,0.7
full_seed42_bias_0p4_noise0p25_s5_a0p3_b0p8,42,bias,0.4,0.25,5,0.3,fpr_owa,1.988674164926895,2.078379881026873,1.9539849304893229,3.0143757059160965,3.439400544807105,0.8
full_seed42_bias_0p4_noise0p25_s5_a0p3_b0p8,42,bias,0.4,0.25,5,0.3,crp,1.969744698807742,2.0604076764140067,1.938130373602315,3.0143757059160965,3.439400544807105,0.8
full_seed42_bias_0p4_noise0p25_s9_a0p2_b0p7,42,bias,0.4,0.25,9,0.2,fpr_owa,2.277541524757837,2.432289921015572,2.235008237733159,3.5802733525479304,4.960055080868219,0.7
full_seed42_bias_0p4_noise0p25_s9_a0p2_b0p7,42,bias,0.4,0.25,9,0.2,crp,2.237550364971631,2.38598929782824,2.1854013218491897,3.59936642065968,4.489908350869815,0.7
full_seed42_bias_0p4_noise0p25_s9_a0p3_b0p8,42,bias,0.4,0.25,9,0.3,fpr_owa,1.962330028914976,2.059186234116698,1.9251201010377448,2.830255951517424,4.267086917439823,0.8
full_seed42_bias_0p4_noise0p25_s9_a0p3_b0p8,42,bias,0.4,0.25,9,0.3,crp,1.952230002057057,2.0534205764303937,1.895357707838898,2.877550132626923,4.401734229069871,0.8
full_seed42_bias_0p4_noise0p5_s13_a0p2_b0p7,42,bias,0.4,0.5,13,0.2,fpr_owa,1.554891547556589,1.6624277947716988,1.5149196640231195,2.596597078466928,3.7477588006639664,0.7
full_seed42_bias_0p4_noise0p5_s13_a0p2_b0p7,42,bias,0.4,0.5,13,0.2,crp,1.4975169783732494,1.653611330862194,1.378842257913481,2.662480230588751,4.6678006853726925,0.7
full_seed42_bias_0p4_noise0p5_s13_a0p3_b0p8,42,bias,0.4,0.5,13,0.3,fpr_owa,1.3009670242194744,1.408230609414573,1.1781265459076042,2.18663835818606,3.5912971692242333,0.8
full_seed42_bias_0p4_noise0p5_s13_a0p3_b0p8,42,bias,0.4,0.5,13,0.3,crp,1.2773874541127976,1.431703240555538,1.154081666126714,2.291945048404956,5.357292591329262,0.8
full_seed42_bias_0p4_noise0p5_s5_a0p2_b0p7,42,bias,0.4,0.5,5,0.2,fpr_owa,2.2538828212636024,2.40388151337754,2.141788416755472,3.76211692078567,4.283367943056219,0.7
full_seed42_bias_0p4_noise0p5_s5_a0p2_b0p7,42,bias,0.4,0.5,5,0.2,crp,2.1142906024789268,2.2764432685889457,1.968943772567913,3.596909633198353,5.269824174516888,0.7
full_seed42_bias_0p4_noise0p5_s5_a0p3_b0p8,42,bias,0.4,0.5,5,0.3,fpr_owa,1.972250822633908,2.0612484667958286,1.9081137080504635,2.9341172941905653,3.619543851002199,0.8
full_seed42_bias_0p4_noise0p5_s5_a0p3_b0p8,42,bias,0.4,0.5,5,0.3,crp,1.9239567427787063,2.036150206207324,1.8768362745597988,2.932900028871372,5.3147541860092575,0.8
full_seed42_bias_0p4_noise0p5_s9_a0p2_b0p7,42,bias,0.4,0.5,9,0.2,fpr_owa,2.309459860599249,2.4978908847343164,2.1755018434436604,4.202460803484763,4.9477288997392606,0.7
full_seed42_bias_0p4_noise0p5_s9_a0p2_b0p7,42,bias,0.4,0.5,9,0.2,crp,2.2572433881005947,2.4595956967495614,2.0515943415267595,4.223001503713401,6.065352965604758,0.7
full_seed42_bias_0p4_noise0p5_s9_a0p3_b0p8,42,bias,0.4,0.5,9,0.3,fpr_owa,2.030122981793808,2.1651233893660407,1.90742693129279,3.647879482875298,4.675959190651865,0.8
full_seed42_bias_0p4_noise0p5_s9_a0p3_b0p8,42,bias,0.4,0.5,9,0.3,crp,2.057739556793461,2.248620360516688,1.845919952456728,3.892788935690625,6.082833540852972,0.8
full_seed42_drift_0p0_noise0p1_s13_a0p2_b0p7,42,drift,0.0,0.1,13,0.2,fpr_owa,1.204747239572172,1.2494632978305504,1.1889131152852903,1.6246678019843126,1.7409750298089346,0.7
full_seed42_drift_0p0_noise0p1_s13_a0p2_b0p7,42,drift,0.0,0.1,13,0.2,crp,1.204747239572172,1.2494632978305504,1.1889131152852903,1.6246678019843126,1.7409750298089346,0.7
full_seed42_drift_0p0_noise0p1_s13_a0p3_b0p8,42,drift,0.0,0.1,13,0.3,fpr_owa,1.4630984710557349,1.53918642759298,1.413795553401175,2.075003842309166,2.180546407161522,0.8
full_seed42_drift_0p0_noise0p1_s13_a0p3_b0p8,42,drift,0.0,0.1,13,0.3,crp,1.4630984710557349,1.53918642759298,1.413795553401175,2.075003842309166,2.180546407161522,0.8
full_seed42_drift_0p0_noise0p1_s5_a0p2_b0p7,42,drift,0.0,0.1,5,0.2,fpr_owa,1.7659881470137384,1.8341841107834416,1.6422287024709643,2.4841127883853624,2.582175321874684,0.7
full_seed42_drift_0p0_noise0p1_s5_a0p2_b0p7,42,drift,0.0,0.1,5,0.2,crp,1.7659881470137384,1.8341841107834416,1.6422287024709643,2.4841127883853624,2.582175321874684,0.7
full_seed42_drift_0p0_noise0p1_s5_a0p3_b0p8,42,drift,0.0,0.1,5,0.3,fpr_owa,1.7701030429409303,1.8429993973058765,1.6794693923244517,2.462546527583412,2.5635217374720267,0.8
full_seed42_drift_0p0_noise0p1_s5_a0p3_b0p8,42,drift,0.0,0.1,5,0.3,crp,1.7701030429409303,1.8429993973058765,1.6794693923244517,2.462546527583412,2.5635217374720267,0.8
full_seed42_drift_0p0_noise0p1_s9_a0p2_b0p7,42,drift,0.0,0.1,9,0.2,fpr_owa,1.7673726147488216,1.820046874004744,1.6165328076382752,2.410040800315646,2.5120531370564776,0.7
full_seed42_drift_0p0_noise0p1_s9_a0p2_b0p7,42,drift,0.0,0.1,9,0.2,crp,1.7673726147488216,1.820046874004744,1.6165328076382752,2.410040800315646,2.5120531370564776,0.7
full_seed42_drift_0p0_noise0p1_s9_a0p3_b0p8,42,drift,0.0,0.1,9,0.3,fpr_owa,1.7371656879270818,1.8102685437459043,1.5684284081958748,2.4840048378615034,2.6013060237435366,0.8
full_seed42_drift_0p0_noise0p1_s9_a0p3_b0p8,42,drift,0.0,0.1,9,0.3,crp,1.7371656879270818,1.8102685437459043,1.5684284081958748,2.4840048378615034,2.6013060237435366,0.8
full_seed42_drift_0p0_noise0p25_s13_a0p2_b0p7,42,drift,0.0,0.25,13,0.2,fpr_owa,1.2239519384539213,1.2817026770540818,1.205182468431389,1.760113942280174,2.024275092535646,0.7
full_seed42_drift_0p0_noise0p25_s13_a0p2_b0p7,42,drift,0.0,0.25,13,0.2,crp,1.2239519384539213,1.2817026770540818,1.205182468431389,1.760113942280174,2.024275092535646,0.7
full_seed42_drift_0p0_noise0p25_s13_a0p3_b0p8,42,drift,0.0,0.25,13,0.3,fpr_owa,1.4230427131961676,1.5184860649784044,1.3737965524029805,2.155221273762169,2.39418818999486,0.8
full_seed42_drift_0p0_noise0p25_s13_a0p3_b0p8,42,drift,0.0,0.25,13,0.3,crp,1.4230427131961676,1.5184860649784044,1.3737965524029805,2.155221273762169,2.39418818999486,0.8
full_seed42_drift_0p0_noise0p25_s5_a0p2_b0p7,42,drift,0.0,0.25,5,0.2,fpr_owa,1.7534629815201763,1.8176348178843071,1.6702733419829094,2.498835294561254,2.766426926313108,0.7
full_seed42_drift_0p0_noise0p25_s5_a0p2_b0p7,42,drift,0.0,0.25,5,0.2,crp,1.7534629815201763,1.8176348178843071,1.6702733419829094,2.498835294561254,2.766426926313108,0.7
full_seed42_drift_0p0_noise0p25_s5_a0p3_b0p8,42,drift,0.0,0.25,5,0.3,fpr_owa,1.7656647976945776,1.8313428892170025,1.736099880157009,2.4929046761809115,2.754470971714729,0.8
full_seed42_drift_0p0_noise0p25_s5_a0p3_b0p8,42,drift,0.0,0.25,5,0.3,crp,1.7656647976945776,1.8313428892170025,1.736099880157009,2.4929046761809115,2.754470971714729,0.8
full_seed42_drift_0p0_noise0p25_s9_a0p2_b0p7,42,drift,0.0,0.25,9,0.2,fpr_owa,1.7426996887661814,1.8000693487288324,1.6339637308116035,2.423123977132854,2.6593326846511403,0.7
full_seed42_drift_0p0_noise0p25_s9_a0p2_b0p7,42,drift,0.0,0.25,9,0.2,crp,1.7426996887661814,1.8000693487288324,1.6339637308116035,2.423123977132854,2.6593326846511403,0.7
full_seed42_drift_0p0_noise0p25_s9_a0p3_b0p8,42,drift,0.0,0.25,9,0.3,fpr_owa,1.7265432730010424,1.7937771837860732,1.6347870467410623,2.443306404915865,2.6370559037383408,0.8
full_seed42_drift_0p0_noise0p25_s9_a0p3_b0p8,42,drift,0.0,0.25,9,0.3,crp,1.7265432730010424,1.7937771837860732,1.6347870467410623,2.443306404915865,2.6370559037383408,0.8
full_seed42_drift_0p0_noise0p5_s13_a0p2_b0p7,42,drift,0.0,0.5,13,0.2,fpr_owa,1.2651689934985595,1.340754609269621,1.2510081640849386,1.9562212874413472,2.5391523953948094,0.7
full_seed42_drift_0p0_noise0p5_s13_a0p2_b0p7,42,drift,0.0,0.5,13,0.2,crp,1.284561218612761,1.3646185726599638,1.2630539040967008,2.015940409188442,2.4364860782429374,0.7
full_seed42_drift_0p0_noise0p5_s13_a0p3_b0p8,42,drift,0.0,0.5,13,0.3,fpr_owa,1.367046147538045,1.4636488360017177,1.3150144644377917,2.2460766148079334,2.527203313790653,0.8
full_seed42_drift_0p0_noise0p5_s13_a0p3_b0p8,42,drift,0.0,0.5,13,0.3,crp,1.3858737764666416,1.484557095299884,1.325879378880895,2.259339098916841,2.6226030977850723,0.8
full_seed42_drift_0p0_noise0p5_s5_a0p2_b0p7,42,drift,0.0,0.5,5,0.2,fpr_owa,1.7663549785759736,1.835242703992113,1.7353897935097486,2.5297316606163123,3.0735129337104823,0.7
full_seed42_drift_0p0_noise0p5_s5_a0p2_b0p7,42,drift,0.0,0.5,5,0.2,crp,1.7626146065100063,1.8325422939002585,1.7303133373235235,2.5297316606163123,3.0735129337104823,0.7
full_seed42_drift_0p0_noise0p5_s5_a0p3_b0p8,42,drift,0.0,0.5,5,0.3,fpr_owa,1.7690730180982104,1.8388569143154083,1.7445279805006293,2.59181469592718,3.1350957762386087,0.8
full_seed42_drift_0p0_noise0p5_s5_a0p3_b0p8,42,drift,0.0,0.5,5,0.3,crp,1.768004728417193,1.8382984952481496,1.741437731089552,2.59181469592718,3.1350957762386087,0.8
full_seed42_drift_0p0_noise0p5_s9_a0p2_b0p7,42,drift,0.0,0.5,9,0.2,fpr_owa,1.7166312646319943,1.7837266978711783,1.6667549411243054,2.4252408629733706,2.913077083781724,0.7
full_seed42_drift_0p0_noise0p5_s9_a0p2_b0p7,42,drift,0.0,0.5,9,0.2,crp,1.722498070820149,1.7922704651931152,1.6647032396139083,2.480474689679588,2.913077083781724,0.7
full_seed42_drift_0p0_noise0p5_s9_a0p3_b0p8,42,drift,0.0,0.5,9,0.3,fpr_owa,1.6986998747237194,1.770390544901288,1.680218113046028,2.473113970704796,2.8112617669113744,0.8
full_seed42_drift_0p0_noise0p5_s9_a0p3_b0p8,42,drift,0.0,0.5,9,0.3,crp,1.7059254523153575,1.7803442780136858,1.680218113046028,2.495307423016442,2.8612454678249226,0.8
full_seed42_drift_0p1_noise0p1_s13_a0p2_b0p7,42,drift,0.1,0.1,13,0.2,fpr_owa,1.1530383382466085,1.1980227014381843,1.1263785107673878,1.6197577656048396,1.9282469614584852,0.7
full_seed42_drift_0p1_noise0p1_s13_a0p2_b0p7,42,drift,0.1,0.1,13,0.2,crp,1.1540371349345713,1.199220331019986,1.1263785107673878,1.6197577656048396,1.9282469614584852,0.7
full_seed42_drift_0p1_noise0p1_s13_a0p3_b0p8,42,drift,0.1,0.1,13,0.3,fpr_owa,1.42069442064405,1.4955927596075145,1.3694397728690129,2.071964348282221,2.4099440137886154,0.8
full_seed42_drift_0p1_noise0p1_s13_a0p3_b0p8,42,drift,0.1,0.1,13,0.3,crp,1.4216644987674043,1.49681019648791,1.3694397728690129,2.071964348282221,2.4099440137886154,0.8
full_seed42_drift_0p1_noise0p1_s5_a0p2_b0p7,42,drift,0.1,0.1,5,0.2,fpr_owa,1.7659881470137384,1.8341841107834416,1.6422287024709643,2.4841127883853624,2.582175321874684,0.7
full_seed42_drift_0p1_noise0p1_s5_a0p2_b0p7,42,drift,0.1,0.1,5,0.2,crp,1.7659881470137384,1.8341841107834416,1.6422287024709643,2.4841127883853624,2.582175321874684,0.7
full_seed42_drift_0p1_noise0p1_s5_a0p3_b0p8,42,drift,0.1,0.1,5,0.3,fpr_owa,1.7701030429409303,1.8429993973058765,1.6794693923244517,2.462546527583412,2.5635217374720267,0.8
full_seed42_drift_0p1_noise0p1_s5_a0p3_b0p8,42,drift,0.1,0.1,5,0.3,crp,1.7701030429409303,1.8429993973058765,1.6794693923244517,2.462546527583412,2.5635217374720267,0.8
full_seed42_drift_0p1_noise0p1_s9_a0p2_b0p7,42,drift,0.1,0.1,9,0.2,fpr_owa,1.7569125505945271,1.8063669459257312,1.6464415486483164,2.408435227517329,2.5482483512505154,0.7
full_seed42_drift_0p1_noise0p1_s9_a0p2_b0p7,42,drift,0.1,0.1,9,0.2,crp,1.7569125505945271,1.8063669459257312,1.6464415486483164,2.408435227517329,2.5482483512505154,0.7
full_seed42_drift_0p1_noise0p1_s9_a0p3_b0p8,42,drift,0.1,0.1,9,0.3,fpr_owa,1.749769948053004,1.817252986581951,1.606606910327108,2.4519267302793635,2.6013060237435366,0.8
full_seed42_drift_0p1_noise0p1_s9_a0p3_b0p8,42,drift,0.1,0.1,9,0.3,crp,1.749769948053004,1.817252986581951,1.606606910327108,2.4519267302793635,2.6013060237435366,0.8
full_seed42_drift_0p1_noise0p25_s13_a0p2_b0p7,42,drift,0.1,0.25,13,0.2,fpr_owa,1.1773280337425136,1.23281609988091,1.161327366034178,1.749955138627379,1.9779887274046484,0.7
full_seed42_drift_0p1_noise0p25_s13_a0p2_b0p7,42,drift,0.1,0.25,13,0.2,crp,1.1793843245240037,1.2355231437031238,1.161327366034178,1.7512862830454412,1.9779887274046484,0.7
full_seed42_drift_0p1_noise0p25_s13_a0p3_b0p8,42,drift,0.1,0.25,13,0.3,fpr_owa,1.386520094001708,1.4754869488833458,1.356801928454526,2.1132428516945083,2.344818853112349,0.8
full_seed42_drift_0p1_noise0p25_s13_a0p3_b0p8,42,drift,0.1,0.25,13,0.3,crp,1.386883494730256,1.4759444683316298,1.356801928454526,2.1132428516945083,2.344818853112349,0.8
full_seed42_drift_0p1_noise0p25_s5_a0p2_b0p7,42,drift,0.1,0.25,5,0.2,fpr_owa,1.7534629815201763,1.8176348178843071,1.6702733419829094,2.498835294561254,2.766426926313108,0.7
full_seed42_drift_0p1_noise0p25_s5_a0p2_b0p7,42,drift,0.1,0.25,5,0.2,crp,1.7534629815201763,1.8176348178843071,1.6702733419829094,2.498835294561254,2.766426926313108,0.7
full_seed42_drift_0p1_noise0p25_s5_a0p3_b0p8,42,drift,0.1,0.25,5,0.3,fpr_owa,1.7656647976945776,1.8313428892170025,1.736099880157009,2.4929046761809115,2.754470971714729,0.8
full_seed42_drift_0p1_noise0p25_s5_a0p3_b0p8,42,drift,0.1,0.25,5,0.3,crp,1.7656647976945776,1.8313428892170025,1.736099880157009,2.4929046761809115,2.754470971714729,0.8
full_seed42_drift_0p1_noise0p25_s9_a0p2_b0p7,42,drift,0.1,0.25,9,0.2,fpr_owa,1.7431117498951982,1.799423416433144,1.642557651201923,2.442243124287946,2.6593326846511403,0.7
full_seed42_drift_0p1_noise0p25_s9_a0p2_b0p7,42,drift,0.1,0.25,9,0.2,crp,1.7433271182841577,1.7997090602586907,1.642557651201923,2.442996150165213,2.6593326846511403,0.7
full_seed42_drift_0p1_noise0p25_s9_a0p3_b0p8,42,drift,0.1,0.25,9,0.3,fpr_owa,1.7362162582954617,1.803459228107448,1.6404274990384038,2.4576889346624657,2.6370559037383408,0.8
full_seed42_drift_0p1_noise0p25_s9_a0p3_b0p8,42,drift,0.1,0.25,9,0.3,crp,1.736163282228667,1.8034896943924577,1.6404274990384038,2.4576889346624657,2.6370559037383408,0.8
full_seed42_drift_0p1_noise0p5_s13_a0p2_b0p7,42,drift,0.1,0.5,13,0.2,fpr_owa,1.2355489533070712,1.3049510790888257,1.2358488337143674,1.934444230721824,2.401754025315733,0.7
full_seed42_drift_0p1_noise0p5_s13_a0p2_b0p7,42,drift,0.1,0.5,13,0.2,crp,1.2594855248678063,1.3355617738818584,1.2577297392546696,1.949669788719252,2.401754025315733,0.7
full_seed42_drift_0p1_noise0p5_s13_a0p3_b0p8,42,drift,0.1,0.5,13,0.3,fpr_owa,1.3623023363980271,1.453901783531653,1.3193847648204595,2.1851782792133934,2.487182695732886,0.8
full_seed42_drift_0p1_noise0p5_s13_a0p3_b0p8,42,drift,0.1,0.5,13,0.3,crp,1.3849222624584283,1.4792451394853965,1.334557410715508,2.213562061210232,2.6226030977850723,0.8
full_seed42_drift_0p1_noise0p5_s5_a0p2_b0p7,42,drift,0.1,0.5,5,0.2,fpr_owa,1.7663549785759736,1.835242703992113,1.7353897935097486,2.5297316606163123,3.0735129337104823,0.7
full_seed42_drift_0p1_noise0p5_s5_a0p2_b0p7,42,drift,0.1,0.5,5,0.2,crp,1.7626146065100063,1.8325422939002585,1.7303133373235235,2.5297316606163123,3.0735129337104823,0.7
full_seed42_drift_0p1_noise0p5_s5_a0p3_b0p8,42,drift,0.1,0.5,5,0.3,fpr_owa,1.7690730180982104,1.8388569143154083,1.7445279805006293,2.59181469592718,3.1350957762386087,0.8
full_seed42_drift_0p1_noise0p5_s5_a0p3_b0p8,42,drift,0.1,0.5,5,0.3,crp,1.768004728417193,1.8382984952481496,1.741437731089552,2.59181469592718,3.1350957762386087,0.8
full_seed42_drift_0p1_noise0p5_s9_a0p2_b0p7,42,drift,0.1,0.5,9,0.2,fpr_owa,1.7252997896972515,1.7937797736542385,1.6912576685429666,2.5177534013898226,2.913077083781724,0.7
full_seed42_drift_0p1_noise0p5_s9_a0p2_b0p7,42,drift,0.1,0.5,9,0.2,crp,1.7275881879785744,1.7981753309711603,1.6865113905019635,2.5177534013898226,2.913077083781724,0.7
full_seed42_drift_0p1_noise0p5_s9_a0p3_b0p8,42,drift,0.1,0.5,9,0.3,fpr_owa,1.7130605034657196,1.7848534725619138,1.6850295753738282,2.515096673974577,2.8112617669113744,0.8
full_seed42_drift_0p1_noise0p5_s9_a0p3_b0p8,42,drift,0.1,0.5,9,0.3,crp,1.7197658074494195,1.79370237817608,1.6850295753738282,2.515096673974577,2.8612454678249226,0.8
full_seed42_drift_0p2_noise0p1_s13_a0p2_b0p7,42,drift,0.2,0.1,13,0.2,fpr_owa,1.1252852319811244,1.1888628386673104,1.0655175862227275,1.6793514072210636,2.392341280842243,0.7
full_seed42_drift_0p2_noise0p1_s13_a0p2_b0p7,42,drift,0.2,0.1,13,0.2,crp,1.1252852319811244,1.1888628386673104,1.0655175862227275,1.6793514072210636,2.392341280842243,0.7
full_seed42_drift_0p2_noise0p1_s13_a0p3_b0p8,42,drift,0.2,0.1,13,0.3,fpr_owa,1.358360632579254,1.459158862755774,1.2712924678959194,2.12171897698499,2.895508057965312,0.8
full_seed42_drift_0p2_noise0p1_s13_a0p3_b0p8,42,drift,0.2,0.1,13,0.3,crp,1.358360632579254,1.459158862755774,1.2712924678959194,2.12171897698499,2.895508057965312,0.8
full_seed42_drift_0p2_noise0p1_s5_a0p2_b0p7,42,drift,0.2,0.1,5,0.2,fpr_owa,1.7503821570696136,1.816141230967749,1.6698305173938834,2.4516328419517683,2.5842589830122704,0.7
full_seed42_drift_0p2_noise0p1_s5_a0p2_b0p7,42,drift,0.2,0.1,5,0.2,crp,1.7503821570696136,1.816141230967749,1.6698305173938834,2.4516328419517683,2.5842589830122704,0.7
full_seed42_drift_0p2_noise0p1_s5_a0p3_b0p8,42,drift,0.2,0.1,5,0.3,fpr_owa,1.776859849521493,1.8448298559321357,1.6989770410438605,2.46091201989062,2.5635217374720267,0.8
full_seed42_drift_0p2_noise0p1_s5_a0p3_b0p8,42,drift,0.2,0.1,5,0.3,crp,1.776859849521493,1.8448298559321357,1.6989770410438605,2.46091201989062,2.5635217374720267,0.8
full_seed42_drift_0p2_noise0p1_s9_a0p2_b0p7,42,drift,0.2,0.1,9,0.2,fpr_owa,1.7773127075419788,1.8374171109718136,1.6392653510968147,2.514463872013983,2.936152900038896,0.7
full_seed42_drift_0p2_noise0p1_s9_a0p2_b0p7,42,drift,0.2,0.1,9,0.2,crp,1.7773127075419788,1.8374171109718136,1.6392653510968147,2.514463872013983,2.936152900038896,0.7
full_seed42_drift_0p2_noise0p1_s9_a0p3_b0p8,42,drift,0.2,0.1,9,0.3,fpr_owa,1.747950122294725,1.8158190342056009,1.6444697530506982,2.4906301135806075,2.608036070498313,0.8
full_seed42_drift_0p2_noise0p1_s9_a0p3_b0p8,42,drift,0.2,0.1,9,0.3,crp,1.747950122294725,1.8158190342056009,1.6444697530506982,2.4906301135806075,2.608036070498313,0.8
full_seed42_drift_0p2_noise0p25_s13_a0p2_b0p7,42,drift,0.2,0.25,13,0.2,fpr_owa,1.165895519652159,1.2382727659078765,1.1082649045971726,1.801369094992901,2.522303177104425,0.7
full_seed42_drift_0p2_noise0p25_s13_a0p2_b0p7,42,drift,0.2,0.25,13,0.2,crp,1.1624316335278158,1.234961133805419,1.104825851003388,1.797953062128368,2.522303177104425,0.7
full_seed42_drift_0p2_noise0p25_s13_a0p3_b0p8,42,drift,0.2,0.25,13,0.3,fpr_owa,1.3415741386785431,1.444854994376655,1.2086833279560043,2.1740517864110043,2.495259884476165,0.8
full_seed42_drift_0p2_noise0p25_s13_a0p3_b0p8,42,drift,0.2,0.25,13,0.3,crp,1.3402737972183585,1.442638263196675,1.2086833279560043,2.1705364100124585,2.495259884476165,0.8
full_seed42_drift_0p2_noise0p25_s5_a0p2_b0p7,42,drift,0.2,0.25,5,0.2,fpr_owa,1.7647568570234986,1.8300367851627013,1.702503771956943,2.523964319934433,2.850988966388431,0.7
full_seed42_drift_0p2_noise0p25_s5_a0p2_b0p7,42,drift,0.2,0.25,5,0.2,crp,1.7641501497711796,1.8293555356945768,1.702503771956943,2.523964319934433,2.850988966388431,0.7
full_seed42_drift_0p2_noise0p25_s5_a0p3_b0p8,42,drift,0.2,0.25,5,0.3,fpr_owa,1.781231866543491,1.8469728394285725,1.7417666817792092,2.5052618729211584,2.756556812026778,0.8
full_seed42_drift_0p2_noise0p25_s5_a0p3_b0p8,42,drift,0.2,0.25,5,0.3,crp,1.7810707364489615,1.8468009257539375,1.7417666817792092,2.5052618729211584,2.756556812026778,0.8
full_seed42_drift_0p2_noise0p25_s9_a0p2_b0p7,42,drift,0.2,0.25,9,0.2,fpr_owa,1.7773510200014044,1.8458223377318348,1.6846790944321048,2.5927583654578323,3.028934659745312,0.7
full_seed42_drift_0p2_noise0p25_s9_a0p2_b0p7,42,drift,0.2,0.25,9,0.2,crp,1.7747549997819383,1.8427404058260324,1.6846790944321048,2.585838007589013,3.028934659745312,0.7
full_seed42_drift_0p2_noise0p25_s9_a0p3_b0p8,42,drift,0.2,0.25,9,0.3,fpr_owa,1.743223849287835,1.810725987985208,1.684795930458319,2.451714906738192,2.6370559037383408,0.8
full_seed42_drift_0p2_noise0p25_s9_a0p3_b0p8,42,drift,0.2,0.25,9,0.3,crp,1.742677246794936,1.8101900546303464,1.684795930458319,2.451714906738192,2.6370559037383408,0.8
full_seed42_drift_0p2_noise0p5_s13_a0p2_b0p7,42,drift,0.2,0.5,13,0.2,fpr_owa,1.256226081959131,1.3299908752770524,1.2162461128644324,1.999446833774492,2.5803170510196183,0.7
full_seed42_drift_0p2_noise0p5_s13_a0p2_b0p7,42,drift,0.2,0.5,13,0.2,crp,1.2609332103486073,1.3409980928233045,1.2358488337143674,2.0384294242326426,2.8018160772910807,0.7
full_seed42_drift_0p2_noise0p5_s13_a0p3_b0p8,42,drift,0.2,0.5,13,0.3,fpr_owa,1.3388440967231536,1.4322373824289103,1.2391472456531365,2.2141341129157115,2.65201300238072,0.8
full_seed42_drift_0p2_noise0p5_s13_a0p3_b0p8,42,drift,0.2,0.5,13,0.3,crp,1.3623417450204698,1.4610625266946655,1.2758978074734264,2.2141341129157115,2.722369491622308,0.8
full_seed42_drift_0p2_noise0p5_s5_a0p2_b0p7,42,drift,0.2,0.5,5,0.2,fpr_owa,1.7781539372994797,1.849608198121878,1.7518504058535145,2.6118747209267705,3.084050978142937,0.7
full_seed42_drift_0p2_noise0p5_s5_a0p2_b0p7,42,drift,0.2,0.5,5,0.2,crp,1.7709191824904555,1.844345798909768,1.7518504058535145,2.6118747209267705,3.084050978142937,0.7
full_seed42_drift_0p2_noise0p5_s5_a0p3_b0p8,42,drift,0.2,0.5,5,0.3,fpr_owa,1.798236665122615,1.868806192380662,1.7838804576919776,2.619289251465268,3.198894511330279,0.8
full_seed42_drift_0p2_noise0p5_s5_a0p3_b0p8,42,drift,0.2,0.5,5,0.3,crp,1.7918640086652435,1.8639002149935704,1.7740619038361696,2.619289251465268,3.198894511330279,0.8
full_seed42_drift_0p2_noise0p5_s9_a0p2_b0p7,42,drift,0.2,0.5,9,0.2,fpr_owa,1.7619820302063018,1.840458582746016,1.7107303874945523,2.627801050189914,3.121637878106428,0.7
full_seed42_drift_0p2_noise0p5_s9_a0p2_b0p7,42,drift,0.2,0.5,9,0.2,crp,1.7597064555091468,1.837207312400135,1.6926491094029965,2.6296285605431136,2.936602103081434,0.7
full_seed42_drift_0p2_noise0p5_s9_a0p3_b0p8,42,drift,0.2,0.5,9,0.3,fpr_owa,1.7191271300338633,1.7905013191676822,1.6974061844813462,2.53363018479898,2.8112617669113744,0.8
full_seed42_drift_0p2_noise0p5_s9_a0p3_b0p8,42,drift,0.2,0.5,9,0.3,crp,1.7246945283843096,1.79906097052624,1.6974061844813462,2.534847784393484,2.893145028639028,0.8
full_seed42_drift_0p3_noise0p1_s13_a0p2_b0p7,42,drift,0.3,0.1,13,0.2,fpr_owa,1.2011502536584755,1.2734431939703577,1.107588007528136,1.8355238507549725,2.9014350685609864,0.7
full_seed42_drift_0p3_noise0p1_s13_a0p2_b0p7,42,drift,0.3,0.1,13,0.2,crp,1.2011502536584755,1.2734431939703577,1.107588007528136,1.8355238507549725,2.9014350685609864,0.7
full_seed42_drift_0p3_noise0p1_s13_a0p3_b0p8,42,drift,0.3,0.1,13,0.3,fpr_owa,1.373884691293359,1.4994406942668976,1.2712924678959194,2.244307435474464,3.3981154500790347,0.8
full_seed42_drift_0p3_noise0p1_s13_a0p3_b0p8,42,drift,0.3,0.1,13,0.3,crp,1.373884691293359,1.4994406942668976,1.2712924678959194,2.244307435474464,3.3981154500790347,0.8
full_seed42_drift_0p3_noise0p1_s5_a0p2_b0p7,42,drift,0.3,0.1,5,0.2,fpr_owa,1.9195001672930507,2.016892789242976,1.7831295311823836,3.1622070677820133,3.514614636168067,0.7
full_seed42_drift_0p3_noise0p1_s5_a0p2_b0p7,42,drift,0.3,0.1,5,0.2,crp,1.9195001672930507,2.016892789242976,1.7831295311823836,3.1622070677820133,3.514614636168067,0.7
full_seed42_drift_0p3_noise0p1_s5_a0p3_b0p8,42,drift,0.3,0.1,5,0.3,fpr_owa,1.869537136978365,1.944054947141422,1.8305841230448885,2.7400953674321475,3.011504139653784,0.8
full_seed42_drift_0p3_noise0p1_s5_a0p3_b0p8,42,drift,0.3,0.1,5,0.3,crp,1.869537136978365,1.944054947141422,1.8305841230448885,2.7400953674321475,3.011504139653784,0.8
full_seed42_drift_0p3_noise0p1_s9_a0p2_b0p7,42,drift,0.3,0.1,9,0.2,fpr_owa,1.8792904702115305,1.9517998555799287,1.804833326982194,2.966877476297653,3.58127354132055,0.7
full_seed42_drift_0p3_noise0p1_s9_a0p2_b0p7,42,drift,0.3,0.1,9,0.2,crp,1.8792904702115305,1.9517998555799287,1.804833326982194,2.966877476297653,3.58127354132055,0.7
full_seed42_drift_0p3_noise0p1_s9_a0p3_b0p8,42,drift,0.3,0.1,9,0.3,fpr_owa,1.8084034048347568,1.885034639438513,1.7565070290707725,2.669822974145314,3.0633757858575588,0.8
full_seed42_drift_0p3_noise0p1_s9_a0p3_b0p8,42,drift,0.3,0.1,9,0.3,crp,1.8084034048347568,1.885034639438513,1.7565070290707725,2.669822974145314,3.0633757858575588,0.8
full_seed42_drift_0p3_noise0p25_s13_a0p2_b0p7,42,drift,0.3,0.25,13,0.2,fpr_owa,1.2443583285125888,1.3249505966500277,1.1736952330107069,1.9039756648530208,2.8638416386428864,0.7
full_seed42_drift_0p3_noise0p25_s13_a0p2_b0p7,42,drift,0.3,0.25,13,0.2,crp,1.2422815122795718,1.3227468932041628,1.1736952330107069,1.8617279364628485,2.8638416386428864,0.7
full_seed42_drift_0p3_noise0p25_s13_a0p3_b0p8,42,drift,0.3,0.25,13,0.3,fpr_owa,1.371794570560991,1.5000248168869896,1.258882842588787,2.2991014279445188,3.345104830841781,0.8
full_seed42_drift_0p3_noise0p25_s13_a0p3_b0p8,42,drift,0.3,0.25,13,0.3,crp,1.3686628523227122,1.4971184377256683,1.2502142542011614,2.298280529365267,3.345104830841781,0.8
full_seed42_drift_0p3_noise0p25_s5_a0p2_b0p7,42,drift,0.3,0.25,5,0.2,fpr_owa,1.92292936654754,2.018092930084662,1.7892344819246513,3.144716781025388,3.555349114159853,0.7
full_seed42_drift_0p3_noise0p25_s5_a0p2_b0p7,42,drift,0.3,0.25,5,0.2,crp,1.92292936654754,2.018092930084662,1.7892344819246513,3.144716781025388,3.555349114159853,0.7
full_seed42_drift_0p3_noise0p25_s5_a0p3_b0p8,42,drift,0.3,0.25,5,0.3,fpr_owa,1.8663101167107845,1.9395459855306816,1.842533562992995,2.6853809243765103,3.131400544807105,0.8
full_seed42_drift_0p3_noise0p25_s5_a0p3_b0p8,42,drift,0.3,0.25,5,0.3,crp,1.8663101167107845,1.9395459855306816,1.842533562992995,2.6853809243765103,3.131400544807105,0.8
full_seed42_drift_0p3_noise0p25_s9_a0p2_b0p7,42,drift,0.3,0.25,9,0.2,fpr_owa,1.880216144022761,1.959047680210607,1.840663198176436,2.9884458655285204,3.57267888294813,0.7
full_seed42_drift_0p3_noise0p25_s9_a0p2_b0p7,42,drift,0.3,0.25,9,0.2,crp,1.8768912897463688,1.954507741231832,1.840663198176436,2.9855092129048546,3.57267888294813,0.7
full_seed42_drift_0p3_noise0p25_s9_a0p3_b0p8,42,drift,0.3,0.25,9,0.3,fpr_owa,1.818563719339504,1.894077305142412,1.7534529551369236,2.661259458789532,3.056566501191333,0.8
full_seed42_drift_0p3_noise0p25_s9_a0p3_b0p8,42,drift,0.3,0.25,9,0.3,crp,1.8157852231086675,1.890664112111564,1.7534529551369236,2.6381215528635176,3.056566501191333,0.8
full_seed42_drift_0p3_noise0p5_s13_a0p2_b0p7,42,drift,0.3,0.5,13,0.2,fpr_owa,1.327165460961369,1.4104236945844784,1.27557374755309,2.118972214499415,3.080444799079857,0.7
full_seed42_drift_0p3_noise0p5_s13_a0p2_b0p7,42,drift,0.3,0.5,13,0.2,crp,1.345458701272153,1.439562382324077,1.2784445963502653,2.2043384613353125,3.35499315762288,0.7
full_seed42_drift_0p3_noise0p5_s13_a0p3_b0p8,42,drift,0.3,0.5,13,0.3,fpr_owa,1.3966598898521032,1.5028423062577592,1.2735428064626213,2.3425832875082584,3.2521097273957404,0.8
full_seed42_drift_0p3_noise0p5_s13_a0p3_b0p8,42,drift,0.3,0.5,13,0.3,crp,1.4185419513186437,1.5337329913507978,1.2859985846536557,2.3577289344603005,3.447759017846614,0.8
full_seed42_drift_0p3_noise0p5_s5_a0p2_b0p7,42,drift,0.3,0.5,5,0.2,fpr_owa,1.9265080000203347,2.024716422899284,1.867804636116376,3.0868147571690763,3.695986578414569,0.7
full_seed42_drift_0p3_noise0p5_s5_a0p2_b0p7,42,drift,0.3,0.5,5,0.2,crp,1.9152981003191187,2.012353271796813,1.8653112439568245,3.0740556031939508,3.695986578414569,0.7
full_seed42_drift_0p3_noise0p5_s5_a0p3_b0p8,42,drift,0.3,0.5,5,0.3,fpr_owa,1.8827817032179197,1.960421702481156,1.8768362745597988,2.74485948029122,3.562697195774893,0.8
full_seed42_drift_0p3_noise0p5_s5_a0p3_b0p8,42,drift,0.3,0.5,5,0.3,crp,1.878548879152264,1.95735983563144,1.8733013847001008,2.7458106443449037,3.562697195774893,0.8
full_seed42_drift_0p3_noise0p5_s9_a0p2_b0p7,42,drift,0.3,0.5,9,0.2,fpr_owa,1.8769991959301515,1.9678330718457429,1.8293962291086376,2.9141247711013456,3.770715108190673,0.7
full_seed42_drift_0p3_noise0p5_s9_a0p2_b0p7,42,drift,0.3,0.5,9,0.2,crp,1.86044413420175,1.9477976921920015,1.814692341307771,2.895427714887411,3.6604420491856993,0.7
full_seed42_drift_0p3_noise0p5_s9_a0p3_b0p8,42,drift,0.3,0.5,9,0.3,fpr_owa,1.8042305533419063,1.8850678469617663,1.776021167228357,2.7273297184419536,3.5388804423456803,0.8
full_seed42_drift_0p3_noise0p5_s9_a0p3_b0p8,42,drift,0.3,0.5,9,0.3,crp,1.8028921195661556,1.8840269668987528,1.7575967982327954,2.7273297184419536,3.330154355919544,0.8
full_seed42_drift_0p4_noise0p1_s13_a0p2_b0p7,42,drift,0.4,0.1,13,0.2,fpr_owa,1.3123955934446412,1.392199120556887,1.2280796312120177,1.9442663167470116,3.055701243261414,0.7
full_seed42_drift_0p4_noise0p1_s13_a0p2_b0p7,42,drift,0.4,0.1,13,0.2,crp,1.3123955934446412,1.392199120556887,1.2280796312120177,1.9442663167470116,3.055701243261414,0.7
full_seed42_drift_0p4_noise0p1_s13_a0p3_b0p8,42,drift,0.4,0.1,13,0.3,fpr_owa,1.4830549802617232,1.6086350498618824,1.354785414053491,2.383321975219717,3.790423142386728,0.8
full_seed42_drift_0p4_noise0p1_s13_a0p3_b0p8,42,drift,0.4,0.1,13,0.3,crp,1.4830549802617232,1.6086350498618824,1.354785414053491,2.383321975219717,3.790423142386728,0.8
full_seed42_drift_0p4_noise0p1_s5_a0p2_b0p7,42,drift,0.4,0.1,5,0.2,fpr_owa,1.9195001672930507,2.016892789242976,1.7831295311823836,3.1622070677820133,3.514614636168067,0.7
full_seed42_drift_0p4_noise0p1_s5_a0p2_b0p7,42,drift,0.4,0.1,5,0.2,crp,1.9195001672930507,2.016892789242976,1.7831295311823836,3.1622070677820133,3.514614636168067,0.7
full_seed42_drift_0p4_noise0p1_s5_a0p3_b0p8,42,drift,0.4,0.1,5,0.3,fpr_owa,1.869537136978365,1.944054947141422,1.8305841230448885,2.7400953674321475,3.011504139653784,0.8
full_seed42_drift_0p4_noise0p1_s5_a0p3_b0p8,42,drift,0.4,0.1,5,0.3,crp,1.869537136978365,1.944054947141422,1.8305841230448885,2.7400953674321475,3.011504139653784,0.8
full_seed42_drift_0p4_noise0p1_s9_a0p2_b0p7,42,drift,0.4,0.1,9,0.2,fpr_owa,2.0504400811848544,2.16695987380575,1.9848470764744317,3.69839078693206,4.030293443611209,0.7
full_seed42_drift_0p4_noise0p1_s9_a0p2_b0p7,42,drift,0.4,0.1,9,0.2,crp,2.0504400811848544,2.16695987380575,1.9848470764744317,3.69839078693206,4.030293443611209,0.7
full_seed42_drift_0p4_noise0p1_s9_a0p3_b0p8,42,drift,0.4,0.1,9,0.3,fpr_owa,1.961041831104768,2.062123865781196,1.8881550475035744,3.2960714615548663,3.640548324190904,0.8
full_seed42_drift_0p4_noise0p1_s9_a0p3_b0p8,42,drift,0.4,0.1,9,0.3,crp,1.961041831104768,2.062123865781196,1.8881550475035744,3.2960714615548663,3.640548324190904,0.8
full_seed42_drift_0p4_noise0p25_s13_a0p2_b0p7,42,drift,0.4,0.25,13,0.2,fpr_owa,1.3667803525306956,1.4689172336261846,1.300519029437425,2.458968369282188,3.4342977437115256,0.7
full_seed42_drift_0p4_noise0p25_s13_a0p2_b0p7,42,drift,0.4,0.25,13,0.2,crp,1.366429283666018,1.4684871361452174,1.300519029437425,2.458968369282188,3.4342977437115256,0.7
full_seed42_drift_0p4_noise0p25_s13_a0p3_b0p8,42,drift,0.4,0.25,13,0.3,fpr_owa,1.4824760191828048,1.6212642542769216,1.35701088173814,2.447772179371352,3.6610475496648536,0.8
full_seed42_drift_0p4_noise0p25_s13_a0p3_b0p8,42,drift,0.4,0.25,13,0.3,crp,1.4821537906539888,1.6208528262002508,1.35701088173814,2.447772179371352,3.6610475496648536,0.8
full_seed42_drift_0p4_noise0p25_s5_a0p2_b0p7,42,drift,0.4,0.25,5,0.2,fpr_owa,1.92292936654754,2.018092930084662,1.7892344819246513,3.144716781025388,3.555349114159853,0.7
full_seed42_drift_0p4_noise0p25_s5_a0p2_b0p7,42,drift,0.4,0.25,5,0.2,crp,1.92292936654754,2.018092930084662,1.7892344819246513,3.144716781025388,3.555349114159853,0.7
full_seed42_drift_0p4_noise0p25_s5_a0p3_b0p8,42,drift,0.4,0.25,5,0.3,fpr_owa,1.8663101167107845,1.9395459855306816,1.842533562992995,2.6853809243765103,3.131400544807105,0.8
full_seed42_drift_0p4_noise0p25_s5_a0p3_b0p8,42,drift,0.4,0.25,5,0.3,crp,1.8663101167107845,1.9395459855306816,1.842533562992995,2.6853809243765103,3.131400544807105,0.8
full_seed42_drift_0p4_noise0p25_s9_a0p2_b0p7,42,drift,0.4,0.25,9,0.2,fpr_owa,2.0396148092447794,2.1657855509795185,1.9582519722499356,3.742007669754996,4.280413113542699,0.7
full_seed42_drift_0p4_noise0p25_s9_a0p2_b0p7,42,drift,0.4,0.25,9,0.2,crp,2.0341330659312424,2.158599172998104,1.9582519722499356,3.742007669754996,4.280413113542699,0.7
full_seed42_drift_0p4_noise0p25_s9_a0p3_b0p8,42,drift,0.4,0.25,9,0.3,fpr_owa,1.9586684628892923,2.0584918807345125,1.8989948442802904,3.3087010708978224,3.644836384395149,0.8
full_seed42_drift_0p4_noise0p25_s9_a0p3_b0p8,42,drift,0.4,0.25,9,0.3,crp,1.9582156050070487,2.0579306123061705,1.8989948442802904,3.3059597482318552,3.644836384395149,0.8
full_seed42_drift_0p4_noise0p5_s13_a0p2_b0p7,42,drift,0.4,0.5,13,0.2,fpr_owa,1.4353168199890978,1.547769003982285,1.3505858336668992,2.55277816527753,3.569152593834672,0.7
full_seed42_drift_0p4_noise0p5_s13_a0p2_b0p7,42,drift,0.4,0.5,13,0.2,crp,1.4439374202570316,1.5648055085838732,1.3425809971733549,2.552732786533036,3.766757827085759,0.7
full_seed42_drift_0p4_noise0p5_s13_a0p3_b0p8,42,drift,0.4,0.5,13,0.3,fpr_owa,1.4886599880029157,1.6231450879361904,1.334557410715508,2.584148189952953,3.8899918880168194,0.8
full_seed42_drift_0p4_noise0p5_s13_a0p3_b0p8,42,drift,0.4,0.5,13,0.3,crp,1.5136450060102746,1.6590429524316672,1.3615778082737222,2.688715578263533,4.264837314966028,0.8
full_seed42_drift_0p4_noise0p5_s5_a0p2_b0p7,42,drift,0.4,0.5,5,0.2,fpr_owa,1.9265080000203347,2.024716422899284,1.867804636116376,3.0868147571690763,3.695986578414569,0.7
full_seed42_drift_0p4_noise0p5_s5_a0p2_b0p7,42,drift,0.4,0.5,5,0.2,crp,1.9152981003191187,2.012353271796813,1.8653112439568245,3.0740556031939508,3.695986578414569,0.7
full_seed42_drift_0p4_noise0p5_s5_a0p3_b0p8,42,drift,0.4,0.5,5,0.3,fpr_owa,1.8827817032179197,1.960421702481156,1.8768362745597988,2.74485948029122,3.562697195774893,0.8
full_seed42_drift_0p4_noise0p5_s5_a0p3_b0p8,42,drift,0.4,0.5,5,0.3,crp,1.878548879152264,1.95735983563144,1.8733013847001008,2.7458106443449037,3.562697195774893,0.8
full_seed42_drift_0p4_noise0p5_s9_a0p2_b0p7,42,drift,0.4,0.5,9,0.2,fpr_owa,2.001017249287769,2.1295032109915795,1.9127847447424964,3.5341330757999296,4.332912279892419,0.7
full_seed42_drift_0p4_noise0p5_s9_a0p2_b0p7,42,drift,0.4,0.5,9,0.2,crp,1.9912334349762115,2.1162853270410125,1.9150057812373695,3.494323964008815,4.232675257253471,0.7
full_seed42_drift_0p4_noise0p5_s9_a0p3_b0p8,42,drift,0.4,0.5,9,0.3,fpr_owa,1.93584788109738,2.0442493807375555,1.8428647933559323,3.2471133417747304,4.015586363398339,0.8
full_seed42_drift_0p4_noise0p5_s9_a0p3_b0p8,42,drift,0.4,0.5,9,0.3,crp,1.9427107917567512,2.053967384863712,1.832288109022864,3.249600421105712,4.015586363398339,0.8
full_seed42_freeze_0p0_noise0p1_s13_a0p2_b0p7,42,freeze,0.0,0.1,13,0.2,fpr_owa,1.204747239572172,1.2494632978305504,1.1889131152852903,1.6246678019843126,1.7409750298089346,0.7
full_seed42_freeze_0p0_noise0p1_s13_a0p2_b0p7,42,freeze,0.0,0.1,13,0.2,crp,1.204747239572172,1.2494632978305504,1.1889131152852903,1.6246678019843126,1.7409750298089346,0.7
full_seed42_freeze_0p0_noise0p1_s13_a0p3_b0p8,42,freeze,0.0,0.1,13,0.3,fpr_owa,1.4630984710557349,1.53918642759298,1.413795553401175,2.075003842309166,2.180546407161522,0.8
full_seed42_freeze_0p0_noise0p1_s13_a0p3_b0p8,42,freeze,0.0,0.1,13,0.3,crp,1.4630984710557349,1.53918642759298,1.413795553401175,2.075003842309166,2.180546407161522,0.8
full_seed42_freeze_0p0_noise0p1_s5_a0p2_b0p7,42,freeze,0.0,0.1,5,0.2,fpr_owa,1.7659881470137384,1.8341841107834416,1.6422287024709643,2.4841127883853624,2.582175321874684,0.7
full_seed42_freeze_0p0_noise0p1_s5_a0p2_b0p7,42,freeze,0.0,0.1,5,0.2,crp,1.7659881470137384,1.8341841107834416,1.6422287024709643,2.4841127883853624,2.582175321874684,0.7
full_seed42_freeze_0p0_noise0p1_s5_a0p3_b0p8,42,freeze,0.0,0.1,5,0.3,fpr_owa,1.7701030429409303,1.8429993973058765,1.6794693923244517,2.462546527583412,2.5635217374720267,0.8
full_seed42_freeze_0p0_noise0p1_s5_a0p3_b0p8,42,freeze,0.0,0.1,5,0.3,crp,1.7701030429409303,1.8429993973058765,1.6794693923244517,2.462546527583412,2.5635217374720267,0.8
full_seed42_freeze_0p0_noise0p1_s9_a0p2_b0p7,42,freeze,0.0,0.1,9,0.2,fpr_owa,1.7673726147488216,1.820046874004744,1.6165328076382752,2.410040800315646,2.5120531370564776,0.7
full_seed42_freeze_0p0_noise0p1_s9_a0p2_b0p7,42,freeze,0.0,0.1,9,0.2,crp,1.7673726147488216,1.820046874004744,1.6165328076382752,2.410040800315646,2.5120531370564776,0.7
full_seed42_freeze_0p0_noise0p1_s9_a0p3_b0p8,42,freeze,0.0,0.1,9,0.3,fpr_owa,1.7371656879270818,1.8102685437459043,1.5684284081958748,2.4840048378615034,2.6013060237435366,0.8
full_seed42_freeze_0p0_noise0p1_s9_a0p3_b0p8,42,freeze,0.0,0.1,9,0.3,crp,1.7371656879270818,1.8102685437459043,1.5684284081958748,2.4840048378615034,2.6013060237435366,0.8
full_seed42_freeze_0p0_noise0p25_s13_a0p2_b0p7,42,freeze,0.0,0.25,13,0.2,fpr_owa,1.2239519384539213,1.2817026770540818,1.205182468431389,1.760113942280174,2.024275092535646,0.7
full_seed42_freeze_0p0_noise0p25_s13_a0p2_b0p7,42,freeze,0.0,0.25,13,0.2,crp,1.2239519384539213,1.2817026770540818,1.205182468431389,1.760113942280174,2.024275092535646,0.7
full_seed42_freeze_0p0_noise0p25_s13_a0p3_b0p8,42,freeze,0.0,0.25,13,0.3,fpr_owa,1.4230427131961676,1.5184860649784044,1.3737965524029805,2.155221273762169,2.39418818999486,0.8
full_seed42_freeze_0p0_noise0p25_s13_a0p3_b0p8,42,freeze,0.0,0.25,13,0.3,crp,1.4230427131961676,1.5184860649784044,1.3737965524029805,2.155221273762169,2.39418818999486,0.8
full_seed42_freeze_0p0_noise0p25_s5_a0p2_b0p7,42,freeze,0.0,0.25,5,0.2,fpr_owa,1.7534629815201763,1.8176348178843071,1.6702733419829094,2.498835294561254,2.766426926313108,0.7
full_seed42_freeze_0p0_noise0p25_s5_a0p2_b0p7,42,freeze,0.0,0.25,5,0.2,crp,1.7534629815201763,1.8176348178843071,1.6702733419829094,2.498835294561254,2.766426926313108,0.7
full_seed42_freeze_0p0_noise0p25_s5_a0p3_b0p8,42,freeze,0.0,0.25,5,0.3,fpr_owa,1.7656647976945776,1.8313428892170025,1.736099880157009,2.4929046761809115,2.754470971714729,0.8
full_seed42_freeze_0p0_noise0p25_s5_a0p3_b0p8,42,freeze,0.0,0.25,5,0.3,crp,1.7656647976945776,1.8313428892170025,1.736099880157009,2.4929046761809115,2.754470971714729,0.8
full_seed42_freeze_0p0_noise0p25_s9_a0p2_b0p7,42,freeze,0.0,0.25,9,0.2,fpr_owa,1.7426996887661814,1.8000693487288324,1.6339637308116035,2.423123977132854,2.6593326846511403,0.7
full_seed42_freeze_0p0_noise0p25_s9_a0p2_b0p7,42,freeze,0.0,0.25,9,0.2,crp,1.7426996887661814,1.8000693487288324,1.6339637308116035,2.423123977132854,2.6593326846511403,0.7
full_seed42_freeze_0p0_noise0p25_s9_a0p3_b0p8,42,freeze,0.0,0.25,9,0.3,fpr_owa,1.7265432730010424,1.7937771837860732,1.6347870467410623,2.443306404915865,2.6370559037383408,0.8
full_seed42_freeze_0p0_noise0p25_s9_a0p3_b0p8,42,freeze,0.0,0.25,9,0.3,crp,1.7265432730010424,1.7937771837860732,1.6347870467410623,2.443306404915865,2.6370559037383408,0.8
full_seed42_freeze_0p0_noise0p5_s13_a0p2_b0p7,42,freeze,0.0,0.5,13,0.2,fpr_owa,1.2651689934985595,1.340754609269621,1.2510081640849386,1.9562212874413472,2.5391523953948094,0.7
full_seed42_freeze_0p0_noise0p5_s13_a0p2_b0p7,42,freeze,0.0,0.5,13,0.2,crp,1.284561218612761,1.3646185726599638,1.2630539040967008,2.015940409188442,2.4364860782429374,0.7
full_seed42_freeze_0p0_noise0p5_s13_a0p3_b0p8,42,freeze,0.0,0.5,13,0.3,fpr_owa,1.367046147538045,1.4636488360017177,1.3150144644377917,2.2460766148079334,2.527203313790653,0.8
full_seed42_freeze_0p0_noise0p5_s13_a0p3_b0p8,42,freeze,0.0,0.5,13,0.3,crp,1.3858737764666416,1.484557095299884,1.325879378880895,2.259339098916841,2.6226030977850723,0.8
full_seed42_freeze_0p0_noise0p5_s5_a0p2_b0p7,42,freeze,0.0,0.5,5,0.2,fpr_owa,1.7663549785759736,1.835242703992113,1.7353897935097486,2.5297316606163123,3.0735129337104823,0.7
full_seed42_freeze_0p0_noise0p5_s5_a0p2_b0p7,42,freeze,0.0,0.5,5,0.2,crp,1.7626146065100063,1.8325422939002585,1.7303133373235235,2.5297316606163123,3.0735129337104823,0.7
full_seed42_freeze_0p0_noise0p5_s5_a0p3_b0p8,42,freeze,0.0,0.5,5,0.3,fpr_owa,1.7690730180982104,1.8388569143154083,1.7445279805006293,2.59181469592718,3.1350957762386087,0.8
full_seed42_freeze_0p0_noise0p5_s5_a0p3_b0p8,42,freeze,0.0,0.5,5,0.3,crp,1.768004728417193,1.8382984952481496,1.741437731089552,2.59181469592718,3.1350957762386087,0.8
full_seed42_freeze_0p0_noise0p5_s9_a0p2_b0p7,42,freeze,0.0,0.5,9,0.2,fpr_owa,1.7166312646319943,1.7837266978711783,1.6667549411243054,2.4252408629733706,2.913077083781724,0.7
full_seed42_freeze_0p0_noise0p5_s9_a0p2_b0p7,42,freeze,0.0,0.5,9,0.2,crp,1.722498070820149,1.7922704651931152,1.6647032396139083,2.480474689679588,2.913077083781724,0.7
full_seed42_freeze_0p0_noise0p5_s9_a0p3_b0p8,42,freeze,0.0,0.5,9,0.3,fpr_owa,1.6986998747237194,1.770390544901288,1.680218113046028,2.473113970704796,2.8112617669113744,0.8
full_seed42_freeze_0p0_noise0p5_s9_a0p3_b0p8,42,freeze,0.0,0.5,9,0.3,crp,1.7059254523153575,1.7803442780136858,1.680218113046028,2.495307423016442,2.8612454678249226,0.8
full_seed42_freeze_0p1_noise0p1_s13_a0p2_b0p7,42,freeze,0.1,0.1,13,0.2,fpr_owa,1.20304105256363,1.2471895594354097,1.1851258798099051,1.6219311089034232,1.7020144951340084,0.7
full_seed42_freeze_0p1_noise0p1_s13_a0p2_b0p7,42,freeze,0.1,0.1,13,0.2,crp,1.20304105256363,1.2471895594354097,1.1851258798099051,1.6219311089034232,1.7020144951340084,0.7
full_seed42_freeze_0p1_noise0p1_s13_a0p3_b0p8,42,freeze,0.1,0.1,13,0.3,fpr_owa,1.462160630414129,1.5343959578849549,1.4191788862475376,2.0546655857065703,2.180546407161522,0.8
full_seed42_freeze_0p1_noise0p1_s13_a0p3_b0p8,42,freeze,0.1,0.1,13,0.3,crp,1.462160630414129,1.5343959578849549,1.4191788862475376,2.0546655857065703,2.180546407161522,0.8
full_seed42_freeze_0p1_noise0p1_s5_a0p2_b0p7,42,freeze,0.1,0.1,5,0.2,fpr_owa,1.7659881470137384,1.8341841107834416,1.6422287024709643,2.4841127883853624,2.582175321874684,0.7
full_seed42_freeze_0p1_noise0p1_s5_a0p2_b0p7,42,freeze,0.1,0.1,5,0.2,crp,1.7659881470137384,1.8341841107834416,1.6422287024709643,2.4841127883853624,2.582175321874684,0.7
full_seed42_freeze_0p1_noise0p1_s5_a0p3_b0p8,42,freeze,0.1,0.1,5,0.3,fpr_owa,1.7701030429409303,1.8429993973058765,1.6794693923244517,2.462546527583412,2.5635217374720267,0.8
full_seed42_freeze_0p1_noise0p1_s5_a0p3_b0p8,42,freeze,0.1,0.1,5,0.3,crp,1.7701030429409303,1.8429993973058765,1.6794693923244517,2.462546527583412,2.5635217374720267,0.8
full_seed42_freeze_0p1_noise0p1_s9_a0p2_b0p7,42,freeze,0.1,0.1,9,0.2,fpr_owa,1.741899459642022,1.7922349176581904,1.6165328076382752,2.386594367013171,2.5120531370564776,0.7
full_seed42_freeze_0p1_noise0p1_s9_a0p2_b0p7,42,freeze,0.1,0.1,9,0.2,crp,1.741899459642022,1.7922349176581904,1.6165328076382752,2.386594367013171,2.5120531370564776,0.7
full_seed42_freeze_0p1_noise0p1_s9_a0p3_b0p8,42,freeze,0.1,0.1,9,0.3,fpr_owa,1.7038633481435097,1.7760489741123553,1.538494347797747,2.4477258928356656,2.6013060237435366,0.8
full_seed42_freeze_0p1_noise0p1_s9_a0p3_b0p8,42,freeze,0.1,0.1,9,0.3,crp,1.7038633481435097,1.7760489741123553,1.538494347797747,2.4477258928356656,2.6013060237435366,0.8
full_seed42_freeze_0p1_noise0p25_s13_a0p2_b0p7,42,freeze,0.1,0.25,13,0.2,fpr_owa,1.220398914016133,1.2799417369808723,1.1978771937259451,1.7628788463443463,1.9289683821883656,0.7
full_seed42_freeze_0p1_noise0p25_s13_a0p2_b0p7,42,freeze,0.1,0.25,13,0.2,crp,1.220398914016133,1.2799417369808723,1.1978771937259451,1.7628788463443463,1.9289683821883656,0.7
full_seed42_freeze_0p1_noise0p25_s13_a0p3_b0p8,42,freeze,0.1,0.25,13,0.3,fpr_owa,1.4136875009280705,1.5069743724270142,1.359952936165053,2.135778924085896,2.31606989625212,0.8
full_seed42_freeze_0p1_noise0p25_s13_a0p3_b0p8,42,freeze,0.1,0.25,13,0.3,crp,1.4136875009280705,1.5069743724270142,1.359952936165053,2.135778924085896,2.31606989625212,0.8
full_seed42_freeze_0p1_noise0p25_s5_a0p2_b0p7,42,freeze,0.1,0.25,5,0.2,fpr_owa,1.7534629815201763,1.8176348178843071,1.6702733419829094,2.498835294561254,2.766426926313108,0.7
full_seed42_freeze_0p1_noise0p25_s5_a0p2_b0p7,42,freeze,0.1,0.25,5,0.2,crp,1.7534629815201763,1.8176348178843071,1.6702733419829094,2.498835294561254,2.766426926313108,0.7
full_seed42_freeze_0p1_noise0p25_s5_a0p3_b0p8,42,freeze,0.1,0.25,5,0.3,fpr_owa,1.7656647976945776,1.8313428892170025,1.736099880157009,2.4929046761809115,2.754470971714729,0.8
full_seed42_freeze_0p1_noise0p25_s5_a0p3_b0p8,42,freeze,0.1,0.25,5,0.3,crp,1.7656647976945776,1.8313428892170025,1.736099880157009,2.4929046761809115,2.754470971714729,0.8
full_seed42_freeze_0p1_noise0p25_s9_a0p2_b0p7,42,freeze,0.1,0.25,9,0.2,fpr_owa,1.7173279732273854,1.775064038973638,1.6084015860729963,2.389449567153002,2.6593326846511403,0.7
full_seed42_freeze_0p1_noise0p25_s9_a0p2_b0p7,42,freeze,0.1,0.25,9,0.2,crp,1.7173279732273854,1.775064038973638,1.6084015860729963,2.389449567153002,2.6593326846511403,0.7
full_seed42_freeze_0p1_noise0p25_s9_a0p3_b0p8,42,freeze,0.1,0.25,9,0.3,fpr_owa,1.6921494283626104,1.7610059408959968,1.610010453512609,2.4413934608501418,2.6370559037383408,0.8
full_seed42_freeze_0p1_noise0p25_s9_a0p3_b0p8,42,freeze,0.1,0.25,9,0.3,crp,1.6921494283626104,1.7610059408959968,1.610010453512609,2.4413934608501418,2.6370559037383408,0.8
full_seed42_freeze_0p1_noise0p5_s13_a0p2_b0p7,42,freeze,0.1,0.5,13,0.2,fpr_owa,1.2486272948216035,1.3240516746704314,1.2358488337143674,1.949382408914542,2.458630239121013,0.7
full_seed42_freeze_0p1_noise0p5_s13_a0p2_b0p7,42,freeze,0.1,0.5,13,0.2,crp,1.2630514314702244,1.3417276241195448,1.2549868466505472,1.993543196546034,2.3812438320419305,0.7
full_seed42_freeze_0p1_noise0p5_s13_a0p3_b0p8,42,freeze,0.1,0.5,13,0.3,fpr_owa,1.342445115234363,1.4379279791045896,1.28540916674761,2.186247841675079,2.487182695732886,0.8
full_seed42_freeze_0p1_noise0p5_s13_a0p3_b0p8,42,freeze,0.1,0.5,13,0.3,crp,1.3614740945156527,1.4588192957573165,1.3212871765202556,2.238716656546915,2.6226030977850723,0.8
full_seed42_freeze_0p1_noise0p5_s5_a0p2_b0p7,42,freeze,0.1,0.5,5,0.2,fpr_owa,1.7663549785759736,1.835242703992113,1.7353897935097486,2.5297316606163123,3.0735129337104823,0.7
full_seed42_freeze_0p1_noise0p5_s5_a0p2_b0p7,42,freeze,0.1,0.5,5,0.2,crp,1.7626146065100063,1.8325422939002585,1.7303133373235235,2.5297316606163123,3.0735129337104823,0.7
full_seed42_freeze_0p1_noise0p5_s5_a0p3_b0p8,42,freeze,0.1,0.5,5,0.3,fpr_owa,1.7690730180982104,1.8388569143154083,1.7445279805006293,2.59181469592718,3.1350957762386087,0.8
full_seed42_freeze_0p1_noise0p5_s5_a0p3_b0p8,42,freeze,0.1,0.5,5,0.3,crp,1.768004728417193,1.8382984952481496,1.741437731089552,2.59181469592718,3.1350957762386087,0.8
full_seed42_freeze_0p1_noise0p5_s9_a0p2_b0p7,42,freeze,0.1,0.5,9,0.2,fpr_owa,1.687079539907822,1.7557234944013569,1.653847352288372,2.4597822589094207,2.913077083781724,0.7
full_seed42_freeze_0p1_noise0p5_s9_a0p2_b0p7,42,freeze,0.1,0.5,9,0.2,crp,1.692964462105674,1.7644661507041388,1.643575072630756,2.4725184298892184,2.913077083781724,0.7
full_seed42_freeze_0p1_noise0p5_s9_a0p3_b0p8,42,freeze,0.1,0.5,9,0.3,fpr_owa,1.6609949583521917,1.7344285803932675,1.6440313495631256,2.453725933481848,2.8112617669113744,0.8
full_seed42_freeze_0p1_noise0p5_s9_a0p3_b0p8,42,freeze,0.1,0.5,9,0.3,crp,1.669668628706925,1.746736353957142,1.6440313495631256,2.490171552244004,2.8612454678249226,0.8
full_seed42_freeze_0p2_noise0p1_s13_a0p2_b0p7,42,freeze,0.2,0.1,13,0.2,fpr_owa,1.2351399883156975,1.2725139419887417,1.2329465025147417,1.6197577656048396,1.7195654939352074,0.7
full_seed42_freeze_0p2_noise0p1_s13_a0p2_b0p7,42,freeze,0.2,0.1,13,0.2,crp,1.2351399883156975,1.2725139419887417,1.2329465025147417,1.6197577656048396,1.7195654939352074,0.7
full_seed42_freeze_0p2_noise0p1_s13_a0p3_b0p8,42,freeze,0.2,0.1,13,0.3,fpr_owa,1.5047243795067426,1.5703756036600196,1.4925546887706216,2.056017312555251,2.186563912915456,0.8
full_seed42_freeze_0p2_noise0p1_s13_a0p3_b0p8,42,freeze,0.2,0.1,13,0.3,crp,1.5047243795067426,1.5703756036600196,1.4925546887706216,2.056017312555251,2.186563912915456,0.8
full_seed42_freeze_0p2_noise0p1_s5_a0p2_b0p7,42,freeze,0.2,0.1,5,0.2,fpr_owa,1.7152210326243602,1.7850475544372,1.611925717489406,2.4679181478643257,2.582175321874684,0.7
full_seed42_freeze_0p2_noise0p1_s5_a0p2_b0p7,42,freeze,0.2,0.1,5,0.2,crp,1.7152210326243602,1.7850475544372,1.611925717489406,2.4679181478643257,2.582175321874684,0.7
full_seed42_freeze_0p2_noise0p1_s5_a0p3_b0p8,42,freeze,0.2,0.1,5,0.3,fpr_owa,1.7034678701445132,1.7792789617648972,1.6007536826364723,2.459416569959892,2.5635217374720267,0.8
full_seed42_freeze_0p2_noise0p1_s5_a0p3_b0p8,42,freeze,0.2,0.1,5,0.3,crp,1.7034678701445132,1.7792789617648972,1.6007536826364723,2.459416569959892,2.5635217374720267,0.8
full_seed42_freeze_0p2_noise0p1_s9_a0p2_b0p7,42,freeze,0.2,0.1,9,0.2,fpr_owa,1.7650390696673883,1.814026006958774,1.6789038880736389,2.400422972309749,2.523715867220357,0.7
full_seed42_freeze_0p2_noise0p1_s9_a0p2_b0p7,42,freeze,0.2,0.1,9,0.2,crp,1.7650390696673883,1.814026006958774,1.6789038880736389,2.400422972309749,2.523715867220357,0.7
full_seed42_freeze_0p2_noise0p1_s9_a0p3_b0p8,42,freeze,0.2,0.1,9,0.3,fpr_owa,1.7379236545241925,1.809116081451765,1.5987916282903638,2.451837753091523,2.6013060237435366,0.8
full_seed42_freeze_0p2_noise0p1_s9_a0p3_b0p8,42,freeze,0.2,0.1,9,0.3,crp,1.7379236545241925,1.809116081451765,1.5987916282903638,2.451837753091523,2.6013060237435366,0.8
full_seed42_freeze_0p2_noise0p25_s13_a0p2_b0p7,42,freeze,0.2,0.25,13,0.2,fpr_owa,1.2447504526855095,1.3000005624941788,1.2519392713205284,1.7662556902279771,1.9541754444181163,0.7
full_seed42_freeze_0p2_noise0p25_s13_a0p2_b0p7,42,freeze,0.2,0.25,13,0.2,crp,1.2447504526855095,1.3000005624941788,1.2519392713205284,1.7662556902279771,1.9541754444181163,0.7
full_seed42_freeze_0p2_noise0p25_s13_a0p3_b0p8,42,freeze,0.2,0.25,13,0.3,fpr_owa,1.453882202584157,1.5423213637666624,1.4270018587198292,2.1504541006344886,2.31606989625212,0.8
full_seed42_freeze_0p2_noise0p25_s13_a0p3_b0p8,42,freeze,0.2,0.25,13,0.3,crp,1.453882202584157,1.5423213637666624,1.4270018587198292,2.1504541006344886,2.31606989625212,0.8
full_seed42_freeze_0p2_noise0p25_s5_a0p2_b0p7,42,freeze,0.2,0.25,5,0.2,fpr_owa,1.7126404030166062,1.7796903137406046,1.6597645140031267,2.4981744566655126,2.766426926313108,0.7
full_seed42_freeze_0p2_noise0p25_s5_a0p2_b0p7,42,freeze,0.2,0.25,5,0.2,crp,1.7126404030166062,1.7796903137406046,1.6597645140031267,2.4981744566655126,2.766426926313108,0.7
full_seed42_freeze_0p2_noise0p25_s5_a0p3_b0p8,42,freeze,0.2,0.25,5,0.3,fpr_owa,1.704998440226847,1.7753826688777463,1.6259000904734893,2.4875852266616647,2.685218321137698,0.8
full_seed42_freeze_0p2_noise0p25_s5_a0p3_b0p8,42,freeze,0.2,0.25,5,0.3,crp,1.704998440226847,1.7753826688777463,1.6259000904734893,2.4875852266616647,2.685218321137698,0.8
full_seed42_freeze_0p2_noise0p25_s9_a0p2_b0p7,42,freeze,0.2,0.25,9,0.2,fpr_owa,1.7366243797864436,1.7933110864424076,1.6339637308116035,2.389449567153002,2.6593326846511403,0.7
full_seed42_freeze_0p2_noise0p25_s9_a0p2_b0p7,42,freeze,0.2,0.25,9,0.2,crp,1.7366243797864436,1.7933110864424076,1.6339637308116035,2.389449567153002,2.6593326846511403,0.7
full_seed42_freeze_0p2_noise0p25_s9_a0p3_b0p8,42,freeze,0.2,0.25,9,0.3,fpr_owa,1.7127704250757907,1.7817828725361688,1.629274136864614,2.448192953216645,2.6370559037383408,0.8
full_seed42_freeze_0p2_noise0p25_s9_a0p3_b0p8,42,freeze,0.2,0.25,9,0.3,crp,1.7127704250757907,1.7817828725361688,1.629274136864614,2.448192953216645,2.6370559037383408,0.8
full_seed42_freeze_0p2_noise0p5_s13_a0p2_b0p7,42,freeze,0.2,0.5,13,0.2,fpr_owa,1.276896118219294,1.3497033632157738,1.2630539040967008,1.9542003302928408,2.5437059112954032,0.7
full_seed42_freeze_0p2_noise0p5_s13_a0p2_b0p7,42,freeze,0.2,0.5,13,0.2,crp,1.2888479725906552,1.364764376806082,1.259202441459332,1.969598232719305,2.484323649077844,0.7
full_seed42_freeze_0p2_noise0p5_s13_a0p3_b0p8,42,freeze,0.2,0.5,13,0.3,fpr_owa,1.377646308811767,1.473666639838981,1.3303352733088976,2.2612656709301397,2.487182695732886,0.8
full_seed42_freeze_0p2_noise0p5_s13_a0p3_b0p8,42,freeze,0.2,0.5,13,0.3,crp,1.3938702510630734,1.4908426266228154,1.3441014976384285,2.243570888503938,2.6226030977850723,0.8
full_seed42_freeze_0p2_noise0p5_s5_a0p2_b0p7,42,freeze,0.2,0.5,5,0.2,fpr_owa,1.7296992942915053,1.80620113232798,1.699725781424872,2.634048472173837,3.0735129337104823,0.7
full_seed42_freeze_0p2_noise0p5_s5_a0p2_b0p7,42,freeze,0.2,0.5,5,0.2,crp,1.7263685693705668,1.803975364744058,1.6950246236544118,2.634048472173837,3.0735129337104823,0.7
full_seed42_freeze_0p2_noise0p5_s5_a0p3_b0p8,42,freeze,0.2,0.5,5,0.3,fpr_owa,1.7268092073940866,1.8024824726578192,1.7055637088772222,2.582454824168841,2.9109709113042843,0.8
full_seed42_freeze_0p2_noise0p5_s5_a0p3_b0p8,42,freeze,0.2,0.5,5,0.3,crp,1.7249872046990662,1.8010559327256788,1.6850617104915604,2.582454824168841,2.9109709113042843,0.8
full_seed42_freeze_0p2_noise0p5_s9_a0p2_b0p7,42,freeze,0.2,0.5,9,0.2,fpr_owa,1.7039513081193158,1.7720958251809285,1.690175511192434,2.4725184298892184,2.913077083781724,0.7
full_seed42_freeze_0p2_noise0p5_s9_a0p2_b0p7,42,freeze,0.2,0.5,9,0.2,crp,1.7092297721843106,1.7798913179876006,1.67305115361839,2.47892998483212,2.913077083781724,0.7
full_seed42_freeze_0p2_noise0p5_s9_a0p3_b0p8,42,freeze,0.2,0.5,9,0.3,fpr_owa,1.6796840269336788,1.75238463116373,1.6718464600551537,2.4614416196242277,2.8112617669113744,0.8
full_seed42_freeze_0p2_noise0p5_s9_a0p3_b0p8,42,freeze,0.2,0.5,9,0.3,crp,1.687959195418394,1.7640501079568036,1.6718464600551537,2.490171552244004,2.8612454678249226,0.8
full_seed42_freeze_0p3_noise0p1_s13_a0p2_b0p7,42,freeze,0.3,0.1,13,0.2,fpr_owa,1.2354585194957248,1.2710622665572444,1.2271866883499865,1.6181116476327868,1.7128242099819584,0.7
full_seed42_freeze_0p3_noise0p1_s13_a0p2_b0p7,42,freeze,0.3,0.1,13,0.2,crp,1.2354585194957248,1.2710622665572444,1.2271866883499865,1.6181116476327868,1.7128242099819584,0.7
full_seed42_freeze_0p3_noise0p1_s13_a0p3_b0p8,42,freeze,0.3,0.1,13,0.3,fpr_owa,1.5076264473319705,1.5684418023348732,1.4971545731770877,2.0696916759814057,2.180546407161522,0.8
full_seed42_freeze_0p3_noise0p1_s13_a0p3_b0p8,42,freeze,0.3,0.1,13,0.3,crp,1.5076264473319705,1.5684418023348732,1.4971545731770877,2.0696916759814057,2.180546407161522,0.8
full_seed42_freeze_0p3_noise0p1_s5_a0p2_b0p7,42,freeze,0.3,0.1,5,0.2,fpr_owa,1.763456609068355,1.828889285420985,1.6485284307600114,2.499426788013438,2.582175321874684,0.7
full_seed42_freeze_0p3_noise0p1_s5_a0p2_b0p7,42,freeze,0.3,0.1,5,0.2,crp,1.763456609068355,1.828889285420985,1.6485284307600114,2.499426788013438,2.582175321874684,0.7
full_seed42_freeze_0p3_noise0p1_s5_a0p3_b0p8,42,freeze,0.3,0.1,5,0.3,fpr_owa,1.757605064024385,1.8306270908021471,1.684326554326963,2.490611232746156,2.5635217374720267,0.8
full_seed42_freeze_0p3_noise0p1_s5_a0p3_b0p8,42,freeze,0.3,0.1,5,0.3,crp,1.757605064024385,1.8306270908021471,1.684326554326963,2.490611232746156,2.5635217374720267,0.8
full_seed42_freeze_0p3_noise0p1_s9_a0p2_b0p7,42,freeze,0.3,0.1,9,0.2,fpr_owa,1.7757859274550851,1.823453775477223,1.693238520909104,2.40501948270682,2.5271535021537885,0.7
full_seed42_freeze_0p3_noise0p1_s9_a0p2_b0p7,42,freeze,0.3,0.1,9,0.2,crp,1.7757859274550851,1.823453775477223,1.693238520909104,2.40501948270682,2.5271535021537885,0.7
full_seed42_freeze_0p3_noise0p1_s9_a0p3_b0p8,42,freeze,0.3,0.1,9,0.3,fpr_owa,1.7631349085977708,1.8296141092568985,1.6825740998780156,2.4694421850473574,2.6013060237435366,0.8
full_seed42_freeze_0p3_noise0p1_s9_a0p3_b0p8,42,freeze,0.3,0.1,9,0.3,crp,1.7631349085977708,1.8296141092568985,1.6825740998780156,2.4694421850473574,2.6013060237435366,0.8
full_seed42_freeze_0p3_noise0p25_s13_a0p2_b0p7,42,freeze,0.3,0.25,13,0.2,fpr_owa,1.24209023549547,1.295556147834888,1.2603272285199054,1.7613410472789253,1.9541754444181163,0.7
full_seed42_freeze_0p3_noise0p25_s13_a0p2_b0p7,42,freeze,0.3,0.25,13,0.2,crp,1.24209023549547,1.295556147834888,1.2603272285199054,1.7613410472789253,1.9541754444181163,0.7
full_seed42_freeze_0p3_noise0p25_s13_a0p3_b0p8,42,freeze,0.3,0.25,13,0.3,fpr_owa,1.4468473000525637,1.533363170281708,1.4242816536791714,2.130412651450308,2.31606989625212,0.8
full_seed42_freeze_0p3_noise0p25_s13_a0p3_b0p8,42,freeze,0.3,0.25,13,0.3,crp,1.4468473000525637,1.533363170281708,1.4242816536791714,2.130412651450308,2.31606989625212,0.8
full_seed42_freeze_0p3_noise0p25_s5_a0p2_b0p7,42,freeze,0.3,0.25,5,0.2,fpr_owa,1.7484880027101914,1.812415592727752,1.6741286657229892,2.5161511475790648,2.766426926313108,0.7
full_seed42_freeze_0p3_noise0p25_s5_a0p2_b0p7,42,freeze,0.3,0.25,5,0.2,crp,1.7484880027101914,1.812415592727752,1.6741286657229892,2.5161511475790648,2.766426926313108,0.7
full_seed42_freeze_0p3_noise0p25_s5_a0p3_b0p8,42,freeze,0.3,0.25,5,0.3,fpr_owa,1.7460584326931168,1.8150029166941557,1.6592860773349007,2.5054429131625677,2.685218321137698,0.8
full_seed42_freeze_0p3_noise0p25_s5_a0p3_b0p8,42,freeze,0.3,0.25,5,0.3,crp,1.7460584326931168,1.8150029166941557,1.6592860773349007,2.5054429131625677,2.685218321137698,0.8
full_seed42_freeze_0p3_noise0p25_s9_a0p2_b0p7,42,freeze,0.3,0.25,9,0.2,fpr_owa,1.7542897269506177,1.8077714037754564,1.6640104182157645,2.4106808178707886,2.6593326846511403,0.7
full_seed42_freeze_0p3_noise0p25_s9_a0p2_b0p7,42,freeze,0.3,0.25,9,0.2,crp,1.7542897269506177,1.8077714037754564,1.6640104182157645,2.4106808178707886,2.6593326846511403,0.7
full_seed42_freeze_0p3_noise0p25_s9_a0p3_b0p8,42,freeze,0.3,0.25,9,0.3,fpr_owa,1.7362558032560858,1.800576470974778,1.646565492972604,2.451714906738192,2.667567523810951,0.8
full_seed42_freeze_0p3_noise0p25_s9_a0p3_b0p8,42,freeze,0.3,0.25,9,0.3,crp,1.7362558032560858,1.800576470974778,1.646565492972604,2.451714906738192,2.667567523810951,0.8
full_seed42_freeze_0p3_noise0p5_s13_a0p2_b0p7,42,freeze,0.3,0.5,13,0.2,fpr_owa,1.2699669588115252,1.339548071468667,1.247341730181558,1.9311306775058037,2.444616446000744,0.7
full_seed42_freeze_0p3_noise0p5_s13_a0p2_b0p7,42,freeze,0.3,0.5,13,0.2,crp,1.2839096800691394,1.356001861595662,1.2691014949784163,1.9390499492147544,2.3223052713371315,0.7
full_seed42_freeze_0p3_noise0p5_s13_a0p3_b0p8,42,freeze,0.3,0.5,13,0.3,fpr_owa,1.3770383426193622,1.4687029744615343,1.3409186488957288,2.246829829979956,2.487182695732886,0.8
full_seed42_freeze_0p3_noise0p5_s13_a0p3_b0p8,42,freeze,0.3,0.5,13,0.3,crp,1.3966033947200778,1.4905536543656586,1.3615778082737222,2.242980998536612,2.6226030977850723,0.8
full_seed42_freeze_0p3_noise0p5_s5_a0p2_b0p7,42,freeze,0.3,0.5,5,0.2,fpr_owa,1.745576378596705,1.8209251958911368,1.7025250012704167,2.6161517002067014,3.0735129337104823,0.7
full_seed42_freeze_0p3_noise0p5_s5_a0p2_b0p7,42,freeze,0.3,0.5,5,0.2,crp,1.7440310831464505,1.82057230545169,1.7025250012704167,2.6161517002067014,3.0735129337104823,0.7
full_seed42_freeze_0p3_noise0p5_s5_a0p3_b0p8,42,freeze,0.3,0.5,5,0.3,fpr_owa,1.752838887178254,1.828950067474341,1.7195251604423718,2.646551501188504,2.9109709113042843,0.8
full_seed42_freeze_0p3_noise0p5_s5_a0p3_b0p8,42,freeze,0.3,0.5,5,0.3,crp,1.7522929776350713,1.8288176578408712,1.7195251604423718,2.646551501188504,2.9109709113042843,0.8
full_seed42_freeze_0p3_noise0p5_s9_a0p2_b0p7,42,freeze,0.3,0.5,9,0.2,fpr_owa,1.7265221011394445,1.790175947877531,1.6861094874032465,2.4725184298892184,2.913077083781724,0.7
full_seed42_freeze_0p3_noise0p5_s9_a0p2_b0p7,42,freeze,0.3,0.5,9,0.2,crp,1.7311155470182635,1.796970884601023,1.680884385450979,2.4725184298892184,2.913077083781724,0.7
full_seed42_freeze_0p3_noise0p5_s9_a0p3_b0p8,42,freeze,0.3,0.5,9,0.3,fpr_owa,1.7045773406739153,1.7712710351797316,1.686744826418055,2.476194183069784,2.8112617669113744,0.8
full_seed42_freeze_0p3_noise0p5_s9_a0p3_b0p8,42,freeze,0.3,0.5,9,0.3,crp,1.712255651042305,1.7817787829314844,1.686744826418055,2.4970891662896872,2.8612454678249226,0.8
full_seed42_freeze_0p4_noise0p1_s13_a0p2_b0p7,42,freeze,0.4,0.1,13,0.2,fpr_owa,1.2257598452416427,1.2627262361840077,1.2193570885851734,1.6181116476327868,1.7128242099819584,0.7
full_seed42_freeze_0p4_noise0p1_s13_a0p2_b0p7,42,freeze,0.4,0.1,13,0.2,crp,1.2257598452416427,1.2627262361840077,1.2193570885851734,1.6181116476327868,1.7128242099819584,0.7
full_seed42_freeze_0p4_noise0p1_s13_a0p3_b0p8,42,freeze,0.4,0.1,13,0.3,fpr_owa,1.48642385224964,1.550339733517498,1.4917827273954716,2.0529890755565203,2.180546407161522,0.8
full_seed42_freeze_0p4_noise0p1_s13_a0p3_b0p8,42,freeze,0.4,0.1,13,0.3,crp,1.48642385224964,1.550339733517498,1.4917827273954716,2.0529890755565203,2.180546407161522,0.8
full_seed42_freeze_0p4_noise0p1_s5_a0p2_b0p7,42,freeze,0.4,0.1,5,0.2,fpr_owa,1.763456609068355,1.828889285420985,1.6485284307600114,2.499426788013438,2.582175321874684,0.7
full_seed42_freeze_0p4_noise0p1_s5_a0p2_b0p7,42,freeze,0.4,0.1,5,0.2,crp,1.763456609068355,1.828889285420985,1.6485284307600114,2.499426788013438,2.582175321874684,0.7
full_seed42_freeze_0p4_noise0p1_s5_a0p3_b0p8,42,freeze,0.4,0.1,5,0.3,fpr_owa,1.757605064024385,1.8306270908021471,1.684326554326963,2.490611232746156,2.5635217374720267,0.8
full_seed42_freeze_0p4_noise0p1_s5_a0p3_b0p8,42,freeze,0.4,0.1,5,0.3,crp,1.757605064024385,1.8306270908021471,1.684326554326963,2.490611232746156,2.5635217374720267,0.8
full_seed42_freeze_0p4_noise0p1_s9_a0p2_b0p7,42,freeze,0.4,0.1,9,0.2,fpr_owa,1.77457866442866,1.8211239303915847,1.6771055466742408,2.400422972309749,2.5120531370564776,0.7
full_seed42_freeze_0p4_noise0p1_s9_a0p2_b0p7,42,freeze,0.4,0.1,9,0.2,crp,1.77457866442866,1.8211239303915847,1.6771055466742408,2.400422972309749,2.5120531370564776,0.7
full_seed42_freeze_0p4_noise0p1_s9_a0p3_b0p8,42,freeze,0.4,0.1,9,0.3,fpr_owa,1.7612159231063318,1.823220147185931,1.7087667936207327,2.4519267302793635,2.6013060237435366,0.8
full_seed42_freeze_0p4_noise0p1_s9_a0p3_b0p8,42,freeze,0.4,0.1,9,0.3,crp,1.7612159231063318,1.823220147185931,1.7087667936207327,2.4519267302793635,2.6013060237435366,0.8
full_seed42_freeze_0p4_noise0p25_s13_a0p2_b0p7,42,freeze,0.4,0.25,13,0.2,fpr_owa,1.2264112857599403,1.28147303051187,1.230631861014126,1.7491741225581738,1.9464085363610444,0.7
full_seed42_freeze_0p4_noise0p25_s13_a0p2_b0p7,42,freeze,0.4,0.25,13,0.2,crp,1.2264112857599403,1.28147303051187,1.230631861014126,1.7491741225581738,1.9464085363610444,0.7
full_seed42_freeze_0p4_noise0p25_s13_a0p3_b0p8,42,freeze,0.4,0.25,13,0.3,fpr_owa,1.4280189729200514,1.5121224436334193,1.4275622549953,2.109472384500516,2.31606989625212,0.8
full_seed42_freeze_0p4_noise0p25_s13_a0p3_b0p8,42,freeze,0.4,0.25,13,0.3,crp,1.4280189729200514,1.5121224436334193,1.4275622549953,2.109472384500516,2.31606989625212,0.8
full_seed42_freeze_0p4_noise0p25_s5_a0p2_b0p7,42,freeze,0.4,0.25,5,0.2,fpr_owa,1.7484880027101914,1.812415592727752,1.6741286657229892,2.5161511475790648,2.766426926313108,0.7
full_seed42_freeze_0p4_noise0p25_s5_a0p2_b0p7,42,freeze,0.4,0.25,5,0.2,crp,1.7484880027101914,1.812415592727752,1.6741286657229892,2.5161511475790648,2.766426926313108,0.7
full_seed42_freeze_0p4_noise0p25_s5_a0p3_b0p8,42,freeze,0.4,0.25,5,0.3,fpr_owa,1.7460584326931168,1.8150029166941557,1.6592860773349007,2.5054429131625677,2.685218321137698,0.8
full_seed42_freeze_0p4_noise0p25_s5_a0p3_b0p8,42,freeze,0.4,0.25,5,0.3,crp,1.7460584326931168,1.8150029166941557,1.6592860773349007,2.5054429131625677,2.685218321137698,0.8
full_seed42_freeze_0p4_noise0p25_s9_a0p2_b0p7,42,freeze,0.4,0.25,9,0.2,fpr_owa,1.750016516562974,1.8020238241789064,1.655956064031176,2.3989464774550373,2.6593326846511403,0.7
full_seed42_freeze_0p4_noise0p25_s9_a0p2_b0p7,42,freeze,0.4,0.25,9,0.2,crp,1.750016516562974,1.8020238241789064,1.655956064031176,2.3989464774550373,2.6593326846511403,0.7
full_seed42_freeze_0p4_noise0p25_s9_a0p3_b0p8,42,freeze,0.4,0.25,9,0.3,fpr_owa,1.730342787543416,1.7911407935643238,1.694414153587208,2.448192953216645,2.6987090562153817,0.8
full_seed42_freeze_0p4_noise0p25_s9_a0p3_b0p8,42,freeze,0.4,0.25,9,0.3,crp,1.730342787543416,1.7911407935643238,1.694414153587208,2.448192953216645,2.6987090562153817,0.8
full_seed42_freeze_0p4_noise0p5_s13_a0p2_b0p7,42,freeze,0.4,0.5,13,0.2,fpr_owa,1.245268058331569,1.3150217954061714,1.2231964551549963,1.920180770147952,2.442727175933099,0.7
full_seed42_freeze_0p4_noise0p5_s13_a0p2_b0p7,42,freeze,0.4,0.5,13,0.2,crp,1.2600849794510005,1.3322747269887705,1.259202441459332,1.949669788719252,2.3223052713371315,0.7
full_seed42_freeze_0p4_noise0p5_s13_a0p3_b0p8,42,freeze,0.4,0.5,13,0.3,fpr_owa,1.3504283376005006,1.43438669679767,1.3150144644377917,2.1844901874707205,2.487182695732886,0.8
full_seed42_freeze_0p4_noise0p5_s13_a0p3_b0p8,42,freeze,0.4,0.5,13,0.3,crp,1.369140478664517,1.4548107128815253,1.327546135754767,2.1645010942454235,2.6226030977850723,0.8
full_seed42_freeze_0p4_noise0p5_s5_a0p2_b0p7,42,freeze,0.4,0.5,5,0.2,fpr_owa,1.745576378596705,1.8209251958911368,1.7025250012704167,2.6161517002067014,3.0735129337104823,0.7
full_seed42_freeze_0p4_noise0p5_s5_a0p2_b0p7,42,freeze,0.4,0.5,5,0.2,crp,1.7440310831464505,1.82057230545169,1.7025250012704167,2.6161517002067014,3.0735129337104823,0.7
full_seed42_freeze_0p4_noise0p5_s5_a0p3_b0p8,42,freeze,0.4,0.5,5,0.3,fpr_owa,1.752838887178254,1.828950067474341,1.7195251604423718,2.646551501188504,2.9109709113042843,0.8
full_seed42_freeze_0p4_noise0p5_s5_a0p3_b0p8,42,freeze,0.4,0.5,5,0.3,crp,1.7522929776350713,1.8288176578408712,1.7195251604423718,2.646551501188504,2.9109709113042843,0.8
full_seed42_freeze_0p4_noise0p5_s9_a0p2_b0p7,42,freeze,0.4,0.5,9,0.2,fpr_owa,1.718076726076745,1.7823504835914752,1.6807463877301925,2.4793117684997004,2.913077083781724,0.7
full_seed42_freeze_0p4_noise0p5_s9_a0p2_b0p7,42,freeze,0.4,0.5,9,0.2,crp,1.7208152460920043,1.7869379730073942,1.6610498065852526,2.4793117684997004,2.913077083781724,0.7
full_seed42_freeze_0p4_noise0p5_s9_a0p3_b0p8,42,freeze,0.4,0.5,9,0.3,fpr_owa,1.6969314748555349,1.7640504293858197,1.686744826418055,2.472132384834746,2.8576859683652214,0.8
full_seed42_freeze_0p4_noise0p5_s9_a0p3_b0p8,42,freeze,0.4,0.5,9,0.3,crp,1.7035941975328368,1.7729147099042872,1.6869217948845616,2.490171552244004,2.8612454678249226,0.8
full_seed42_mixed_0p0_noise0p1_s13_a0p2_b0p7,42,mixed,0.0,0.1,13,0.2,fpr_owa,1.204747239572172,1.2494632978305504,1.1889131152852903,1.6246678019843126,1.7409750298089346,0.7
full_seed42_mixed_0p0_noise0p1_s13_a0p2_b0p7,42,mixed,0.0,0.1,13,0.2,crp,1.204747239572172,1.2494632978305504,1.1889131152852903,1.6246678019843126,1.7409750298089346,0.7
full_seed42_mixed_0p0_noise0p1_s13_a0p3_b0p8,42,mixed,0.0,0.1,13,0.3,fpr_owa,1.4630984710557349,1.53918642759298,1.413795553401175,2.075003842309166,2.180546407161522,0.8
full_seed42_mixed_0p0_noise0p1_s13_a0p3_b0p8,42,mixed,0.0,0.1,13,0.3,crp,1.4630984710557349,1.53918642759298,1.413795553401175,2.075003842309166,2.180546407161522,0.8
full_seed42_mixed_0p0_noise0p1_s5_a0p2_b0p7,42,mixed,0.0,0.1,5,0.2,fpr_owa,1.7659881470137384,1.8341841107834416,1.6422287024709643,2.4841127883853624,2.582175321874684,0.7
full_seed42_mixed_0p0_noise0p1_s5_a0p2_b0p7,42,mixed,0.0,0.1,5,0.2,crp,1.7659881470137384,1.8341841107834416,1.6422287024709643,2.4841127883853624,2.582175321874684,0.7
full_seed42_mixed_0p0_noise0p1_s5_a0p3_b0p8,42,mixed,0.0,0.1,5,0.3,fpr_owa,1.7701030429409303,1.8429993973058765,1.6794693923244517,2.462546527583412,2.5635217374720267,0.8
full_seed42_mixed_0p0_noise0p1_s5_a0p3_b0p8,42,mixed,0.0,0.1,5,0.3,crp,1.7701030429409303,1.8429993973058765,1.6794693923244517,2.462546527583412,2.5635217374720267,0.8
full_seed42_mixed_0p0_noise0p1_s9_a0p2_b0p7,42,mixed,0.0,0.1,9,0.2,fpr_owa,1.7673726147488216,1.820046874004744,1.6165328076382752,2.410040800315646,2.5120531370564776,0.7
full_seed42_mixed_0p0_noise0p1_s9_a0p2_b0p7,42,mixed,0.0,0.1,9,0.2,crp,1.7673726147488216,1.820046874004744,1.6165328076382752,2.410040800315646,2.5120531370564776,0.7
full_seed42_mixed_0p0_noise0p1_s9_a0p3_b0p8,42,mixed,0.0,0.1,9,0.3,fpr_owa,1.7371656879270818,1.8102685437459043,1.5684284081958748,2.4840048378615034,2.6013060237435366,0.8
full_seed42_mixed_0p0_noise0p1_s9_a0p3_b0p8,42,mixed,0.0,0.1,9,0.3,crp,1.7371656879270818,1.8102685437459043,1.5684284081958748,2.4840048378615034,2.6013060237435366,0.8
full_seed42_mixed_0p0_noise0p25_s13_a0p2_b0p7,42,mixed,0.0,0.25,13,0.2,fpr_owa,1.2239519384539213,1.2817026770540818,1.205182468431389,1.760113942280174,2.024275092535646,0.7
full_seed42_mixed_0p0_noise0p25_s13_a0p2_b0p7,42,mixed,0.0,0.25,13,0.2,crp,1.2239519384539213,1.2817026770540818,1.205182468431389,1.760113942280174,2.024275092535646,0.7
full_seed42_mixed_0p0_noise0p25_s13_a0p3_b0p8,42,mixed,0.0,0.25,13,0.3,fpr_owa,1.4230427131961676,1.5184860649784044,1.3737965524029805,2.155221273762169,2.39418818999486,0.8
full_seed42_mixed_0p0_noise0p25_s13_a0p3_b0p8,42,mixed,0.0,0.25,13,0.3,crp,1.4230427131961676,1.5184860649784044,1.3737965524029805,2.155221273762169,2.39418818999486,0.8
full_seed42_mixed_0p0_noise0p25_s5_a0p2_b0p7,42,mixed,0.0,0.25,5,0.2,fpr_owa,1.7534629815201763,1.8176348178843071,1.6702733419829094,2.498835294561254,2.766426926313108,0.7
full_seed42_mixed_0p0_noise0p25_s5_a0p2_b0p7,42,mixed,0.0,0.25,5,0.2,crp,1.7534629815201763,1.8176348178843071,1.6702733419829094,2.498835294561254,2.766426926313108,0.7
full_seed42_mixed_0p0_noise0p25_s5_a0p3_b0p8,42,mixed,0.0,0.25,5,0.3,fpr_owa,1.7656647976945776,1.8313428892170025,1.736099880157009,2.4929046761809115,2.754470971714729,0.8
full_seed42_mixed_0p0_noise0p25_s5_a0p3_b0p8,42,mixed,0.0,0.25,5,0.3,crp,1.7656647976945776,1.8313428892170025,1.736099880157009,2.4929046761809115,2.754470971714729,0.8
full_seed42_mixed_0p0_noise0p25_s9_a0p2_b0p7,42,mixed,0.0,0.25,9,0.2,fpr_owa,1.7426996887661814,1.8000693487288324,1.6339637308116035,2.423123977132854,2.6593326846511403,0.7
full_seed42_mixed_0p0_noise0p25_s9_a0p2_b0p7,42,mixed,0.0,0.25,9,0.2,crp,1.7426996887661814,1.8000693487288324,1.6339637308116035,2.423123977132854,2.6593326846511403,0.7
full_seed42_mixed_0p0_noise0p25_s9_a0p3_b0p8,42,mixed,0.0,0.25,9,0.3,fpr_owa,1.7265432730010424,1.7937771837860732,1.6347870467410623,2.443306404915865,2.6370559037383408,0.8
full_seed42_mixed_0p0_noise0p25_s9_a0p3_b0p8,42,mixed,0.0,0.25,9,0.3,crp,1.7265432730010424,1.7937771837860732,1.6347870467410623,2.443306404915865,2.6370559037383408,0.8
full_seed42_mixed_0p0_noise0p5_s13_a0p2_b0p7,42,mixed,0.0,0.5,13,0.2,fpr_owa,1.2651689934985595,1.340754609269621,1.2510081640849386,1.9562212874413472,2.5391523953948094,0.7
full_seed42_mixed_0p0_noise0p5_s13_a0p2_b0p7,42,mixed,0.0,0.5,13,0.2,crp,1.284561218612761,1.3646185726599638,1.2630539040967008,2.015940409188442,2.4364860782429374,0.7
full_seed42_mixed_0p0_noise0p5_s13_a0p3_b0p8,42,mixed,0.0,0.5,13,0.3,fpr_owa,1.367046147538045,1.4636488360017177,1.3150144644377917,2.2460766148079334,2.527203313790653,0.8
full_seed42_mixed_0p0_noise0p5_s13_a0p3_b0p8,42,mixed,0.0,0.5,13,0.3,crp,1.3858737764666416,1.484557095299884,1.325879378880895,2.259339098916841,2.6226030977850723,0.8
full_seed42_mixed_0p0_noise0p5_s5_a0p2_b0p7,42,mixed,0.0,0.5,5,0.2,fpr_owa,1.7663549785759736,1.835242703992113,1.7353897935097486,2.5297316606163123,3.0735129337104823,0.7
full_seed42_mixed_0p0_noise0p5_s5_a0p2_b0p7,42,mixed,0.0,0.5,5,0.2,crp,1.7626146065100063,1.8325422939002585,1.7303133373235235,2.5297316606163123,3.0735129337104823,0.7
full_seed42_mixed_0p0_noise0p5_s5_a0p3_b0p8,42,mixed,0.0,0.5,5,0.3,fpr_owa,1.7690730180982104,1.8388569143154083,1.7445279805006293,2.59181469592718,3.1350957762386087,0.8
full_seed42_mixed_0p0_noise0p5_s5_a0p3_b0p8,42,mixed,0.0,0.5,5,0.3,crp,1.768004728417193,1.8382984952481496,1.741437731089552,2.59181469592718,3.1350957762386087,0.8
full_seed42_mixed_0p0_noise0p5_s9_a0p2_b0p7,42,mixed,0.0,0.5,9,0.2,fpr_owa,1.7166312646319943,1.7837266978711783,1.6667549411243054,2.4252408629733706,2.913077083781724,0.7
full_seed42_mixed_0p0_noise0p5_s9_a0p2_b0p7,42,mixed,0.0,0.5,9,0.2,crp,1.722498070820149,1.7922704651931152,1.6647032396139083,2.480474689679588,2.913077083781724,0.7
full_seed42_mixed_0p0_noise0p5_s9_a0p3_b0p8,42,mixed,0.0,0.5,9,0.3,fpr_owa,1.6986998747237194,1.770390544901288,1.680218113046028,2.473113970704796,2.8112617669113744,0.8
full_seed42_mixed_0p0_noise0p5_s9_a0p3_b0p8,42,mixed,0.0,0.5,9,0.3,crp,1.7059254523153575,1.7803442780136858,1.680218113046028,2.495307423016442,2.8612454678249226,0.8
full_seed42_mixed_0p1_noise0p1_s13_a0p2_b0p7,42,mixed,0.1,0.1,13,0.2,fpr_owa,1.15752956228751,1.201296331008638,1.1370942282610956,1.6363082438943657,1.7906463267256822,0.7
full_seed42_mixed_0p1_noise0p1_s13_a0p2_b0p7,42,mixed,0.1,0.1,13,0.2,crp,1.1864635044636265,1.2302162236540497,1.1851258798099051,1.6230110743492556,1.7906463267256822,0.7
full_seed42_mixed_0p1_noise0p1_s13_a0p3_b0p8,42,mixed,0.1,0.1,13,0.3,fpr_owa,1.4164021316232265,1.4916285440903985,1.4012719023299494,2.071964348282221,2.1873608443310024,0.8
full_seed42_mixed_0p1_noise0p1_s13_a0p3_b0p8,42,mixed,0.1,0.1,13,0.3,crp,1.4496801188888484,1.524725308117597,1.4342375010509936,2.067978204907935,2.1873608443310024,0.8
full_seed42_mixed_0p1_noise0p1_s5_a0p2_b0p7,42,mixed,0.1,0.1,5,0.2,fpr_owa,1.7659881470137384,1.8341841107834416,1.6422287024709643,2.4841127883853624,2.582175321874684,0.7
full_seed42_mixed_0p1_noise0p1_s5_a0p2_b0p7,42,mixed,0.1,0.1,5,0.2,crp,1.7659881470137384,1.8341841107834416,1.6422287024709643,2.4841127883853624,2.582175321874684,0.7
full_seed42_mixed_0p1_noise0p1_s5_a0p3_b0p8,42,mixed,0.1,0.1,5,0.3,fpr_owa,1.7701030429409303,1.8429993973058765,1.6794693923244517,2.462546527583412,2.5635217374720267,0.8
full_seed42_mixed_0p1_noise0p1_s5_a0p3_b0p8,42,mixed,0.1,0.1,5,0.3,crp,1.7701030429409303,1.8429993973058765,1.6794693923244517,2.462546527583412,2.5635217374720267,0.8
full_seed42_mixed_0p1_noise0p1_s9_a0p2_b0p7,42,mixed,0.1,0.1,9,0.2,fpr_owa,1.758462932120265,1.805434681031396,1.672480430668563,2.4190007046553195,2.5120531370564776,0.7
full_seed42_mixed_0p1_noise0p1_s9_a0p2_b0p7,42,mixed,0.1,0.1,9,0.2,crp,1.7817891802793069,1.8317223105757576,1.671535020336718,2.426471219167061,2.5120531370564776,0.7
full_seed42_mixed_0p1_noise0p1_s9_a0p3_b0p8,42,mixed,0.1,0.1,9,0.3,fpr_owa,1.7522872457516372,1.8195624208505987,1.6815044238894057,2.4516847730020883,2.6013060237435366,0.8
full_seed42_mixed_0p1_noise0p1_s9_a0p3_b0p8,42,mixed,0.1,0.1,9,0.3,crp,1.755347221189413,1.8255425099317943,1.621618940424358,2.4630623542805394,2.6013060237435366,0.8
full_seed42_mixed_0p1_noise0p25_s13_a0p2_b0p7,42,mixed,0.1,0.25,13,0.2,fpr_owa,1.1833595860130215,1.240825144639239,1.161327366034178,1.7547350630639855,2.073946389452394,0.7
full_seed42_mixed_0p1_noise0p25_s13_a0p2_b0p7,42,mixed,0.1,0.25,13,0.2,crp,1.2064223565379384,1.262400729416013,1.1869079252248804,1.749955138627379,2.073946389452394,0.7
full_seed42_mixed_0p1_noise0p25_s13_a0p3_b0p8,42,mixed,0.1,0.25,13,0.3,fpr_owa,1.3846162977856111,1.4766220226759077,1.3556030007238435,2.150370968070111,2.443859486911608,0.8
full_seed42_mixed_0p1_noise0p25_s13_a0p3_b0p8,42,mixed,0.1,0.25,13,0.3,crp,1.410717758691014,1.5036762842784763,1.378902717103096,2.1384350023197563,2.443859486911608,0.8
full_seed42_mixed_0p1_noise0p25_s5_a0p2_b0p7,42,mixed,0.1,0.25,5,0.2,fpr_owa,1.7534629815201763,1.8176348178843071,1.6702733419829094,2.498835294561254,2.766426926313108,0.7
full_seed42_mixed_0p1_noise0p25_s5_a0p2_b0p7,42,mixed,0.1,0.25,5,0.2,crp,1.7534629815201763,1.8176348178843071,1.6702733419829094,2.498835294561254,2.766426926313108,0.7
full_seed42_mixed_0p1_noise0p25_s5_a0p3_b0p8,42,mixed,0.1,0.25,5,0.3,fpr_owa,1.7656647976945776,1.8313428892170025,1.736099880157009,2.4929046761809115,2.754470971714729,0.8
full_seed42_mixed_0p1_noise0p25_s5_a0p3_b0p8,42,mixed,0.1,0.25,5,0.3,crp,1.7656647976945776,1.8313428892170025,1.736099880157009,2.4929046761809115,2.754470971714729,0.8
full_seed42_mixed_0p1_noise0p25_s9_a0p2_b0p7,42,mixed,0.1,0.25,9,0.2,fpr_owa,1.7299131974697322,1.7844514177059485,1.6339637308116035,2.442928119881296,2.6593326846511403,0.7
full_seed42_mixed_0p1_noise0p25_s9_a0p2_b0p7,42,mixed,0.1,0.25,9,0.2,crp,1.7471012735692568,1.803838079238669,1.6393119965337677,2.4433356210206405,2.6593326846511403,0.7
full_seed42_mixed_0p1_noise0p25_s9_a0p3_b0p8,42,mixed,0.1,0.25,9,0.3,fpr_owa,1.731287792086855,1.7971725928493565,1.6315624714133323,2.4413934608501418,2.6370559037383408,0.8
full_seed42_mixed_0p1_noise0p25_s9_a0p3_b0p8,42,mixed,0.1,0.25,9,0.3,crp,1.7295495054279857,1.7960211935449135,1.6340519188776563,2.448071547099852,2.6370559037383408,0.8
full_seed42_mixed_0p1_noise0p5_s13_a0p2_b0p7,42,mixed,0.1,0.5,13,0.2,fpr_owa,1.2330054212475363,1.3077249442183154,1.2153069511838486,1.953309611977841,2.588823692311557,0.7
full_seed42_mixed_0p1_noise0p5_s13_a0p2_b0p7,42,mixed,0.1,0.5,13,0.2,crp,1.2695103908116605,1.3490793378004682,1.2680358570950283,1.977323601794454,2.439034091555176,0.7
full_seed42_mixed_0p1_noise0p5_s13_a0p3_b0p8,42,mixed,0.1,0.5,13,0.3,fpr_owa,1.3520372871247792,1.4500832020907932,1.3075172028133362,2.245115016866033,2.576874610707401,0.8
full_seed42_mixed_0p1_noise0p5_s13_a0p3_b0p8,42,mixed,0.1,0.5,13,0.3,crp,1.379396149117876,1.477876687443222,1.3150144644377917,2.290484014510114,2.6226030977850723,0.8
full_seed42_mixed_0p1_noise0p5_s5_a0p2_b0p7,42,mixed,0.1,0.5,5,0.2,fpr_owa,1.7663549785759736,1.835242703992113,1.7353897935097486,2.5297316606163123,3.0735129337104823,0.7
full_seed42_mixed_0p1_noise0p5_s5_a0p2_b0p7,42,mixed,0.1,0.5,5,0.2,crp,1.7626146065100063,1.8325422939002585,1.7303133373235235,2.5297316606163123,3.0735129337104823,0.7
full_seed42_mixed_0p1_noise0p5_s5_a0p3_b0p8,42,mixed,0.1,0.5,5,0.3,fpr_owa,1.7690730180982104,1.8388569143154083,1.7445279805006293,2.59181469592718,3.1350957762386087,0.8
full_seed42_mixed_0p1_noise0p5_s5_a0p3_b0p8,42,mixed,0.1,0.5,5,0.3,crp,1.768004728417193,1.8382984952481496,1.741437731089552,2.59181469592718,3.1350957762386087,0.8
full_seed42_mixed_0p1_noise0p5_s9_a0p2_b0p7,42,mixed,0.1,0.5,9,0.2,fpr_owa,1.7116133794345714,1.7787121084960866,1.6720353782433497,2.4780995338757816,2.913077083781724,0.7
full_seed42_mixed_0p1_noise0p5_s9_a0p2_b0p7,42,mixed,0.1,0.5,9,0.2,crp,1.732637777137652,1.8037417928592103,1.664040939086631,2.548039927980144,2.913077083781724,0.7
full_seed42_mixed_0p1_noise0p5_s9_a0p3_b0p8,42,mixed,0.1,0.5,9,0.3,fpr_owa,1.7066259665361676,1.7781961442760386,1.683003944763986,2.4614416196242277,2.859282516922032,0.8
full_seed42_mixed_0p1_noise0p5_s9_a0p3_b0p8,42,mixed,0.1,0.5,9,0.3,crp,1.7144979684829338,1.7898430667089484,1.6850295753738282,2.534847784393484,2.8612454678249226,0.8
full_seed42_mixed_0p2_noise0p1_s13_a0p2_b0p7,42,mixed,0.2,0.1,13,0.2,fpr_owa,1.1262019718765883,1.1836601270401736,1.0847027114396308,1.678319834359136,1.840054167111992,0.7
full_seed42_mixed_0p2_noise0p1_s13_a0p2_b0p7,42,mixed,0.2,0.1,13,0.2,crp,1.1064034113904735,1.1666971236066432,1.0738214770257586,1.678319834359136,2.012167717154433,0.7
full_seed42_mixed_0p2_noise0p1_s13_a0p3_b0p8,42,mixed,0.2,0.1,13,0.3,fpr_owa,1.3577913364898058,1.4437319252667198,1.2712924678959194,2.118679169094088,2.3048351055083622,0.8
full_seed42_mixed_0p2_noise0p1_s13_a0p3_b0p8,42,mixed,0.2,0.1,13,0.3,crp,1.2877848434626435,1.4021890364449332,1.2657428362939869,2.109072036217793,2.3048351055083622,0.8
full_seed42_mixed_0p2_noise0p1_s5_a0p2_b0p7,42,mixed,0.2,0.1,5,0.2,fpr_owa,1.7607470228911728,1.8217329525205124,1.689136169968581,2.47839164226944,2.582175321874684,0.7
full_seed42_mixed_0p2_noise0p1_s5_a0p2_b0p7,42,mixed,0.2,0.1,5,0.2,crp,1.7818094455582838,1.8470330284546843,1.705136874704339,2.486964969097936,2.582175321874684,0.7
full_seed42_mixed_0p2_noise0p1_s5_a0p3_b0p8,42,mixed,0.2,0.1,5,0.3,fpr_owa,1.779399523988615,1.844549516072148,1.7254919445131272,2.461862579812866,2.5635217374720267,0.8
full_seed42_mixed_0p2_noise0p1_s5_a0p3_b0p8,42,mixed,0.2,0.1,5,0.3,crp,1.7897805373531146,1.8585707723076617,1.7509835785104273,2.478818494027193,2.5635217374720267,0.8
full_seed42_mixed_0p2_noise0p1_s9_a0p2_b0p7,42,mixed,0.2,0.1,9,0.2,fpr_owa,1.7032185968445683,1.7592386551344472,1.5905170335860142,2.4188697201411857,2.5120531370564776,0.7
full_seed42_mixed_0p2_noise0p1_s9_a0p2_b0p7,42,mixed,0.2,0.1,9,0.2,crp,1.7498392736924624,1.800153011853601,1.6541277479760046,2.4188697201411857,2.5120531370564776,0.7
full_seed42_mixed_0p2_noise0p1_s9_a0p3_b0p8,42,mixed,0.2,0.1,9,0.3,fpr_owa,1.7134107496973534,1.7811173141370502,1.6036005536430524,2.4905817407786284,2.6013060237435366,0.8
full_seed42_mixed_0p2_noise0p1_s9_a0p3_b0p8,42,mixed,0.2,0.1,9,0.3,crp,1.73148189860805,1.8025323788012984,1.6085515590025634,2.4905817407786284,2.6013060237435366,0.8
full_seed42_mixed_0p2_noise0p25_s13_a0p2_b0p7,42,mixed,0.2,0.25,13,0.2,fpr_owa,1.1322467741153797,1.2054558763881884,1.100388020747368,1.80853342468087,2.1217379325437857,0.7
full_seed42_mixed_0p2_noise0p25_s13_a0p2_b0p7,42,mixed,0.2,0.25,13,0.2,crp,1.1293854546709607,1.201676599110095,1.0958330433412993,1.7983715543112673,2.1217379325437857,0.7
full_seed42_mixed_0p2_noise0p25_s13_a0p3_b0p8,42,mixed,0.2,0.25,13,0.3,fpr_owa,1.3230616432843012,1.425741305638608,1.1628032549821747,2.1987784047229533,2.519537386682722,0.8
full_seed42_mixed_0p2_noise0p25_s13_a0p3_b0p8,42,mixed,0.2,0.25,13,0.3,crp,1.2916381692356862,1.4039179006321325,1.160619689600519,2.1823949060481587,2.519537386682722,0.8
full_seed42_mixed_0p2_noise0p25_s5_a0p2_b0p7,42,mixed,0.2,0.25,5,0.2,fpr_owa,1.7464532176634198,1.805546335382404,1.67808601755973,2.4919047593000707,2.815389482333832,0.7
full_seed42_mixed_0p2_noise0p25_s5_a0p2_b0p7,42,mixed,0.2,0.25,5,0.2,crp,1.7623162481428776,1.8245646636746664,1.6821018023321228,2.5245252859049723,2.815389482333832,0.7
full_seed42_mixed_0p2_noise0p25_s5_a0p3_b0p8,42,mixed,0.2,0.25,5,0.3,fpr_owa,1.7685004469576415,1.829449065935079,1.7375744708557128,2.490397844629765,2.776250636679851,0.8
full_seed42_mixed_0p2_noise0p25_s5_a0p3_b0p8,42,mixed,0.2,0.25,5,0.3,crp,1.7715366224077995,1.8351070162128251,1.7396399082526663,2.513224759168293,2.776250636679851,0.8
full_seed42_mixed_0p2_noise0p25_s9_a0p2_b0p7,42,mixed,0.2,0.25,9,0.2,fpr_owa,1.6842152852227603,1.7456755353007976,1.581363727853584,2.485261258493409,2.6593326846511403,0.7
full_seed42_mixed_0p2_noise0p25_s9_a0p2_b0p7,42,mixed,0.2,0.25,9,0.2,crp,1.7333566261182598,1.79043740251035,1.6311680728326303,2.485501765318646,2.6593326846511403,0.7
full_seed42_mixed_0p2_noise0p25_s9_a0p3_b0p8,42,mixed,0.2,0.25,9,0.3,fpr_owa,1.7016407875944528,1.766250592081512,1.620164283178129,2.451714906738192,2.6370559037383408,0.8
full_seed42_mixed_0p2_noise0p25_s9_a0p3_b0p8,42,mixed,0.2,0.25,9,0.3,crp,1.723208492472755,1.7914862757137375,1.650061728144918,2.453354938981744,2.7392105344062805,0.8
full_seed42_mixed_0p2_noise0p5_s13_a0p2_b0p7,42,mixed,0.2,0.5,13,0.2,fpr_owa,1.1817782465679465,1.2763630545341418,1.1833288023202866,1.9977548462782837,2.641594135378434,0.7
full_seed42_mixed_0p2_noise0p5_s13_a0p2_b0p7,42,mixed,0.2,0.5,13,0.2,crp,1.2180578655151384,1.3029168727295868,1.2093749823936255,1.9607801343698772,2.461362370729402,0.7
full_seed42_mixed_0p2_noise0p5_s13_a0p3_b0p8,42,mixed,0.2,0.5,13,0.3,fpr_owa,1.297918006981274,1.4001489528189444,1.2020640616275693,2.308366946178779,2.6372914222001493,0.8
full_seed42_mixed_0p2_noise0p5_s13_a0p3_b0p8,42,mixed,0.2,0.5,13,0.3,crp,1.3180974840857962,1.4251461556067058,1.2424541149673418,2.304441746926864,2.780491338305748,0.8
full_seed42_mixed_0p2_noise0p5_s5_a0p2_b0p7,42,mixed,0.2,0.5,5,0.2,fpr_owa,1.7512083470154645,1.816554725362172,1.713297176180275,2.518725450506471,3.0735129337104823,0.7
full_seed42_mixed_0p2_noise0p5_s5_a0p2_b0p7,42,mixed,0.2,0.5,5,0.2,crp,1.7653663361378014,1.837088978372749,1.7148128870750723,2.590930464949681,3.0735129337104823,0.7
full_seed42_mixed_0p2_noise0p5_s5_a0p3_b0p8,42,mixed,0.2,0.5,5,0.3,fpr_owa,1.7752041198339044,1.8422593786931205,1.7582809310339949,2.582454824168841,3.1577870043852907,0.8
full_seed42_mixed_0p2_noise0p5_s5_a0p3_b0p8,42,mixed,0.2,0.5,5,0.3,crp,1.7770033010940476,1.849093873012172,1.7476963304510047,2.59181469592718,3.1577870043852907,0.8
full_seed42_mixed_0p2_noise0p5_s9_a0p2_b0p7,42,mixed,0.2,0.5,9,0.2,fpr_owa,1.6781902826461026,1.752360234842379,1.6211498921844727,2.5224089200981976,2.913077083781724,0.7
full_seed42_mixed_0p2_noise0p5_s9_a0p2_b0p7,42,mixed,0.2,0.5,9,0.2,crp,1.724800644777413,1.797424233532262,1.653847352288372,2.5583240779250267,2.913077083781724,0.7
full_seed42_mixed_0p2_noise0p5_s9_a0p3_b0p8,42,mixed,0.2,0.5,9,0.3,fpr_owa,1.683989680216755,1.7534828603813537,1.6698149776456224,2.472946510919209,2.827082090890789,0.8
full_seed42_mixed_0p2_noise0p5_s9_a0p3_b0p8,42,mixed,0.2,0.5,9,0.3,crp,1.7088158961421571,1.783297207030351,1.6917702491756983,2.534847784393484,2.8612454678249226,0.8
full_seed42_mixed_0p3_noise0p1_s13_a0p2_b0p7,42,mixed,0.3,0.1,13,0.2,fpr_owa,1.1521874713151206,1.2204759712752615,1.1640219041896034,1.7006248690154693,2.032058653085804,0.7
full_seed42_mixed_0p3_noise0p1_s13_a0p2_b0p7,42,mixed,0.3,0.1,13,0.2,crp,1.1429148236216151,1.1956620646400695,1.1144212712212502,1.6911329053851645,1.878144459710191,0.7
full_seed42_mixed_0p3_noise0p1_s13_a0p3_b0p8,42,mixed,0.3,0.1,13,0.3,fpr_owa,1.3437290801291462,1.4419130552564272,1.2821735214358856,2.159873054856153,2.3322017670643844,0.8
full_seed42_mixed_0p3_noise0p1_s13_a0p3_b0p8,42,mixed,0.3,0.1,13,0.3,crp,1.2746169780276952,1.3966514643791543,1.2648915780059458,2.1570157185753542,2.3322017670643844,0.8
full_seed42_mixed_0p3_noise0p1_s5_a0p2_b0p7,42,mixed,0.3,0.1,5,0.2,fpr_owa,1.9763445596432072,2.161776118234482,1.6698305173938834,3.837543541456791,5.3178162842827925,0.7
full_seed42_mixed_0p3_noise0p1_s5_a0p2_b0p7,42,mixed,0.3,0.1,5,0.2,crp,1.8547385350583976,1.9699583383099364,1.6597617337418074,3.4123904598788,4.008467810475229,0.7
full_seed42_mixed_0p3_noise0p1_s5_a0p3_b0p8,42,mixed,0.3,0.1,5,0.3,fpr_owa,1.8119632557262,1.943606942960165,1.6758429729101438,3.04235890558304,3.9071015706819328,0.8
full_seed42_mixed_0p3_noise0p1_s5_a0p3_b0p8,42,mixed,0.3,0.1,5,0.3,crp,1.8066386611296976,1.895279876543226,1.6991928820835958,2.689628384428973,3.2310629680414755,0.8
full_seed42_mixed_0p3_noise0p1_s9_a0p2_b0p7,42,mixed,0.3,0.1,9,0.2,fpr_owa,1.791796750655377,1.890315531168488,1.6156832304023283,2.616341621383901,3.72304418593462,0.7
full_seed42_mixed_0p3_noise0p1_s9_a0p2_b0p7,42,mixed,0.3,0.1,9,0.2,crp,1.7972231816187685,1.8587248344150404,1.636317206412886,2.553984019296323,2.843249620969349,0.7
full_seed42_mixed_0p3_noise0p1_s9_a0p3_b0p8,42,mixed,0.3,0.1,9,0.3,fpr_owa,1.673789967330343,1.7536756453664908,1.5293504895375778,2.507795761997945,2.6607485163006337,0.8
full_seed42_mixed_0p3_noise0p1_s9_a0p3_b0p8,42,mixed,0.3,0.1,9,0.3,crp,1.720818416721969,1.7929827995142575,1.5684284081958748,2.513977367492473,2.6607485163006337,0.8
full_seed42_mixed_0p3_noise0p25_s13_a0p2_b0p7,42,mixed,0.3,0.25,13,0.2,fpr_owa,1.1533058446902829,1.23849960696846,1.1592723889444776,1.8544508895014655,2.1112732058415085,0.7
full_seed42_mixed_0p3_noise0p25_s13_a0p2_b0p7,42,mixed,0.3,0.25,13,0.2,crp,1.1404713207532688,1.2154793803224286,1.123262626892435,1.7983715543112673,2.1112732058415085,0.7
full_seed42_mixed_0p3_noise0p25_s13_a0p3_b0p8,42,mixed,0.3,0.25,13,0.3,fpr_owa,1.293505117968688,1.412467117483733,1.1543913460195134,2.19906129200545,2.498160042645865,0.8
full_seed42_mixed_0p3_noise0p25_s13_a0p3_b0p8,42,mixed,0.3,0.25,13,0.3,crp,1.2357114180014337,1.3746350675455044,1.1291576129153134,2.1807719937184395,2.498160042645865,0.8
full_seed42_mixed_0p3_noise0p25_s5_a0p2_b0p7,42,mixed,0.3,0.25,5,0.2,fpr_owa,2.0093874708183788,2.1950954207450004,1.740638361988805,3.842261911886869,5.351659260156129,0.7
full_seed42_mixed_0p3_noise0p25_s5_a0p2_b0p7,42,mixed,0.3,0.25,5,0.2,crp,1.8589613459784995,1.964964664823909,1.7145332770429105,3.354520543581503,4.000482262798618,0.7
full_seed42_mixed_0p3_noise0p25_s5_a0p3_b0p8,42,mixed,0.3,0.25,5,0.3,fpr_owa,1.8378792282940677,1.9597858559729544,1.7370549232024968,2.950316525215379,3.9177709752061145,0.8
full_seed42_mixed_0p3_noise0p25_s5_a0p3_b0p8,42,mixed,0.3,0.25,5,0.3,crp,1.8089419338415276,1.88888704529818,1.6903269237190366,2.7518312533933167,3.2570797266914515,0.8
full_seed42_mixed_0p3_noise0p25_s9_a0p2_b0p7,42,mixed,0.3,0.25,9,0.2,fpr_owa,1.7694274165296586,1.8690619035647544,1.612945185509188,2.6463779979501907,3.690467589583163,0.7
full_seed42_mixed_0p3_noise0p25_s9_a0p2_b0p7,42,mixed,0.3,0.25,9,0.2,crp,1.7707235162275607,1.836960628674886,1.6333034219606055,2.5538220889520407,2.814977745942188,0.7
full_seed42_mixed_0p3_noise0p25_s9_a0p3_b0p8,42,mixed,0.3,0.25,9,0.3,fpr_owa,1.6743596466465314,1.7539446651722124,1.588326280567258,2.4793189118453776,2.8038200331583414,0.8
full_seed42_mixed_0p3_noise0p25_s9_a0p3_b0p8,42,mixed,0.3,0.25,9,0.3,crp,1.7170579445897176,1.7867703802671435,1.6138205133409986,2.538641484851573,2.8038200331583414,0.8
full_seed42_mixed_0p3_noise0p5_s13_a0p2_b0p7,42,mixed,0.3,0.5,13,0.2,fpr_owa,1.219818738233029,1.3180480415356584,1.1976692614626914,2.0507441505400426,2.565662607250045,0.7
full_seed42_mixed_0p3_noise0p5_s13_a0p2_b0p7,42,mixed,0.3,0.5,13,0.2,crp,1.208266062896819,1.3036459600737584,1.1748137747850875,2.050527441876578,2.6460888397259983,0.7
full_seed42_mixed_0p3_noise0p5_s13_a0p3_b0p8,42,mixed,0.3,0.5,13,0.3,fpr_owa,1.2753041894748869,1.3945437063450257,1.1965430969327708,2.304441746926864,2.68694870183136,0.8
full_seed42_mixed_0p3_noise0p5_s13_a0p3_b0p8,42,mixed,0.3,0.5,13,0.3,crp,1.2928690928986504,1.412216244553724,1.204282407968222,2.3327710388527625,2.6424032678671394,0.8
full_seed42_mixed_0p3_noise0p5_s5_a0p2_b0p7,42,mixed,0.3,0.5,5,0.2,fpr_owa,1.9822291582728655,2.1570780058643257,1.789642504194657,3.599914569536827,5.408064219945023,0.7
full_seed42_mixed_0p3_noise0p5_s5_a0p2_b0p7,42,mixed,0.3,0.5,5,0.2,crp,1.843140099737658,1.958956680252129,1.7551977765498803,3.0619598873033524,5.269824174516888,0.7
full_seed42_mixed_0p3_noise0p5_s5_a0p3_b0p8,42,mixed,0.3,0.5,5,0.3,fpr_owa,1.830938331387304,1.9561168235787327,1.802154102566232,2.945796897657569,3.93555331607975,0.8
full_seed42_mixed_0p3_noise0p5_s5_a0p3_b0p8,42,mixed,0.3,0.5,5,0.3,crp,1.8119695638536464,1.9163844111861317,1.7646809719752443,2.7914234058382195,5.3147541860092575,0.8
full_seed42_mixed_0p3_noise0p5_s9_a0p2_b0p7,42,mixed,0.3,0.5,9,0.2,fpr_owa,1.7630303410960664,1.8766713640708172,1.6926491094029965,2.6964980292614364,3.688247151371377,0.7
full_seed42_mixed_0p3_noise0p5_s9_a0p2_b0p7,42,mixed,0.3,0.5,9,0.2,crp,1.7422631397889996,1.8231383454754029,1.6570999645952844,2.591595994059096,3.357961260816089,0.7
full_seed42_mixed_0p3_noise0p5_s9_a0p3_b0p8,42,mixed,0.3,0.5,9,0.3,fpr_owa,1.6651549560429766,1.7521930743243346,1.617022630427055,2.5099747466322557,3.1587022723148577,0.8
full_seed42_mixed_0p3_noise0p5_s9_a0p3_b0p8,42,mixed,0.3,0.5,9,0.3,crp,1.6987672501549378,1.779724674541754,1.6668285711012767,2.536559032232643,2.9375937662231264,0.8
full_seed42_mixed_0p4_noise0p1_s13_a0p2_b0p7,42,mixed,0.4,0.1,13,0.2,fpr_owa,1.3179357304043422,1.385255551922924,1.2338505557490291,2.13786592611615,3.440984368627236,0.7
full_seed42_mixed_0p4_noise0p1_s13_a0p2_b0p7,42,mixed,0.4,0.1,13,0.2,crp,1.1933059917937774,1.2766872239872844,1.1405409737530203,2.1071478930331606,2.386277119290879,0.7
full_seed42_mixed_0p4_noise0p1_s13_a0p3_b0p8,42,mixed,0.4,0.1,13,0.3,fpr_owa,1.3646109567385762,1.4667711724813932,1.3001345371769082,2.201145351220688,2.3799629211582234,0.8
full_seed42_mixed_0p4_noise0p1_s13_a0p3_b0p8,42,mixed,0.4,0.1,13,0.3,crp,1.2982973230823702,1.4246279951071903,1.2800007943035063,2.181245258361077,2.3799629211582234,0.8
full_seed42_mixed_0p4_noise0p1_s5_a0p2_b0p7,42,mixed,0.4,0.1,5,0.2,fpr_owa,1.9763445596432072,2.161776118234482,1.6698305173938834,3.837543541456791,5.3178162842827925,0.7
full_seed42_mixed_0p4_noise0p1_s5_a0p2_b0p7,42,mixed,0.4,0.1,5,0.2,crp,1.8547385350583976,1.9699583383099364,1.6597617337418074,3.4123904598788,4.008467810475229,0.7
full_seed42_mixed_0p4_noise0p1_s5_a0p3_b0p8,42,mixed,0.4,0.1,5,0.3,fpr_owa,1.8119632557262,1.943606942960165,1.6758429729101438,3.04235890558304,3.9071015706819328,0.8
full_seed42_mixed_0p4_noise0p1_s5_a0p3_b0p8,42,mixed,0.4,0.1,5,0.3,crp,1.8066386611296976,1.895279876543226,1.6991928820835958,2.689628384428973,3.2310629680414755,0.8
full_seed42_mixed_0p4_noise0p1_s9_a0p2_b0p7,42,mixed,0.4,0.1,9,0.2,fpr_owa,1.975512269293532,2.1269596817572483,1.7174215755274311,3.5248414019507384,5.495723883443479,0.7
full_seed42_mixed_0p4_noise0p1_s9_a0p2_b0p7,42,mixed,0.4,0.1,9,0.2,crp,1.8740416699781968,1.969314996016208,1.6964681988168255,3.367425320895244,3.717203728125032,0.7
full_seed42_mixed_0p4_noise0p1_s9_a0p3_b0p8,42,mixed,0.4,0.1,9,0.3,fpr_owa,1.7988011680979574,1.9167932302231216,1.595218688657097,2.718947989765416,3.990900933566591,0.8
full_seed42_mixed_0p4_noise0p1_s9_a0p3_b0p8,42,mixed,0.4,0.1,9,0.3,crp,1.7803718714660657,1.8634156600721423,1.6249885385449891,2.6281648329335896,2.9040195961674424,0.8
full_seed42_mixed_0p4_noise0p25_s13_a0p2_b0p7,42,mixed,0.4,0.25,13,0.2,fpr_owa,1.3082912209068382,1.3896716119564356,1.2162869482374985,2.1145211605609817,3.436689838246186,0.7
full_seed42_mixed_0p4_noise0p25_s13_a0p2_b0p7,42,mixed,0.4,0.25,13,0.2,crp,1.1726852254268052,1.2761421494522538,1.1516047526917812,2.01147494607467,2.430745244963227,0.7
full_seed42_mixed_0p4_noise0p25_s13_a0p3_b0p8,42,mixed,0.4,0.25,13,0.3,fpr_owa,1.3154022483766736,1.4374076804042275,1.2027590897566849,2.233603979834809,2.5459211967397035,0.8
full_seed42_mixed_0p4_noise0p25_s13_a0p3_b0p8,42,mixed,0.4,0.25,13,0.3,crp,1.2483090667683194,1.3969636487216517,1.1666461117822893,2.2203308218993048,2.5459211967397035,0.8
full_seed42_mixed_0p4_noise0p25_s5_a0p2_b0p7,42,mixed,0.4,0.25,5,0.2,fpr_owa,2.0093874708183788,2.1950954207450004,1.740638361988805,3.842261911886869,5.351659260156129,0.7
full_seed42_mixed_0p4_noise0p25_s5_a0p2_b0p7,42,mixed,0.4,0.25,5,0.2,crp,1.8589613459784995,1.964964664823909,1.7145332770429105,3.354520543581503,4.000482262798618,0.7
full_seed42_mixed_0p4_noise0p25_s5_a0p3_b0p8,42,mixed,0.4,0.25,5,0.3,fpr_owa,1.8378792282940677,1.9597858559729544,1.7370549232024968,2.950316525215379,3.9177709752061145,0.8
full_seed42_mixed_0p4_noise0p25_s5_a0p3_b0p8,42,mixed,0.4,0.25,5,0.3,crp,1.8089419338415276,1.88888704529818,1.6903269237190366,2.7518312533933167,3.2570797266914515,0.8
full_seed42_mixed_0p4_noise0p25_s9_a0p2_b0p7,42,mixed,0.4,0.25,9,0.2,fpr_owa,1.9380865717848,2.0911797973829334,1.654614713015779,3.5245862353591244,5.390948826690788,0.7
full_seed42_mixed_0p4_noise0p25_s9_a0p2_b0p7,42,mixed,0.4,0.25,9,0.2,crp,1.8412043257245156,1.941606656657852,1.654445230403546,3.324027810171604,4.346911424083083,0.7
full_seed42_mixed_0p4_noise0p25_s9_a0p3_b0p8,42,mixed,0.4,0.25,9,0.3,fpr_owa,1.79046123636158,1.9126853283602496,1.6193992524432932,2.7195115430690677,3.948295377505159,0.8
full_seed42_mixed_0p4_noise0p25_s9_a0p3_b0p8,42,mixed,0.4,0.25,9,0.3,crp,1.772016365672854,1.858345099966136,1.6262124002786722,2.626586131945581,3.878474702921928,0.8
full_seed42_mixed_0p4_noise0p5_s13_a0p2_b0p7,42,mixed,0.4,0.5,13,0.2,fpr_owa,1.3481230031550608,1.44924613441228,1.2715920795003046,2.159990406453234,3.309807902942984,0.7
full_seed42_mixed_0p4_noise0p5_s13_a0p2_b0p7,42,mixed,0.4,0.5,13,0.2,crp,1.241623048135345,1.3566099846326851,1.1997387684468068,2.155901247342209,2.697830089994324,0.7
full_seed42_mixed_0p4_noise0p5_s13_a0p3_b0p8,42,mixed,0.4,0.5,13,0.3,fpr_owa,1.2972957648287806,1.4189522065943394,1.215002219857571,2.3054525158953045,2.564292222191555,0.8
full_seed42_mixed_0p4_noise0p5_s13_a0p3_b0p8,42,mixed,0.4,0.5,13,0.3,crp,1.2686717815850546,1.3975020740619777,1.204282407968222,2.3054525158953045,2.677273850548973,0.8
full_seed42_mixed_0p4_noise0p5_s5_a0p2_b0p7,42,mixed,0.4,0.5,5,0.2,fpr_owa,1.9822291582728655,2.1570780058643257,1.789642504194657,3.599914569536827,5.408064219945023,0.7
full_seed42_mixed_0p4_noise0p5_s5_a0p2_b0p7,42,mixed,0.4,0.5,5,0.2,crp,1.843140099737658,1.958956680252129,1.7551977765498803,3.0619598873033524,5.269824174516888,0.7
full_seed42_mixed_0p4_noise0p5_s5_a0p3_b0p8,42,mixed,0.4,0.5,5,0.3,fpr_owa,1.830938331387304,1.9561168235787327,1.802154102566232,2.945796897657569,3.93555331607975,0.8
full_seed42_mixed_0p4_noise0p5_s5_a0p3_b0p8,42,mixed,0.4,0.5,5,0.3,crp,1.8119695638536464,1.9163844111861317,1.7646809719752443,2.7914234058382195,5.3147541860092575,0.8
full_seed42_mixed_0p4_noise0p5_s9_a0p2_b0p7,42,mixed,0.4,0.5,9,0.2,fpr_owa,1.9089937190051205,2.071604362038922,1.7047763310638495,3.422018735389812,5.279389895161661,0.7
full_seed42_mixed_0p4_noise0p5_s9_a0p2_b0p7,42,mixed,0.4,0.5,9,0.2,crp,1.833332978359808,1.970479685797666,1.6926491094029965,3.243618472606536,6.065352965604758,0.7
full_seed42_mixed_0p4_noise0p5_s9_a0p3_b0p8,42,mixed,0.4,0.5,9,0.3,fpr_owa,1.7846401144209412,1.9190219531008768,1.686744826418055,2.768273950215283,4.675959190651865,0.8
full_seed42_mixed_0p4_noise0p5_s9_a0p3_b0p8,42,mixed,0.4,0.5,9,0.3,crp,1.78453862496457,1.9077990191742864,1.682681565826294,2.728734028568691,6.082833540852972,0.8
full_seed42_replay_0p0_noise0p1_s13_a0p2_b0p7,42,replay,0.0,0.1,13,0.2,fpr_owa,1.204747239572172,1.2494632978305504,1.1889131152852903,1.6246678019843126,1.7409750298089346,0.7
full_seed42_replay_0p0_noise0p1_s13_a0p2_b0p7,42,replay,0.0,0.1,13,0.2,crp,1.204747239572172,1.2494632978305504,1.1889131152852903,1.6246678019843126,1.7409750298089346,0.7
full_seed42_replay_0p0_noise0p1_s13_a0p3_b0p8,42,replay,0.0,0.1,13,0.3,fpr_owa,1.4630984710557349,1.53918642759298,1.413795553401175,2.075003842309166,2.180546407161522,0.8
full_seed42_replay_0p0_noise0p1_s13_a0p3_b0p8,42,replay,0.0,0.1,13,0.3,crp,1.4630984710557349,1.53918642759298,1.413795553401175,2.075003842309166,2.180546407161522,0.8
full_seed42_replay_0p0_noise0p1_s5_a0p2_b0p7,42,replay,0.0,0.1,5,0.2,fpr_owa,1.7659881470137384,1.8341841107834416,1.6422287024709643,2.4841127883853624,2.582175321874684,0.7
full_seed42_replay_0p0_noise0p1_s5_a0p2_b0p7,42,replay,0.0,0.1,5,0.2,crp,1.7659881470137384,1.8341841107834416,1.6422287024709643,2.4841127883853624,2.582175321874684,0.7
full_seed42_replay_0p0_noise0p1_s5_a0p3_b0p8,42,replay,0.0,0.1,5,0.3,fpr_owa,1.7701030429409303,1.8429993973058765,1.6794693923244517,2.462546527583412,2.5635217374720267,0.8
full_seed42_replay_0p0_noise0p1_s5_a0p3_b0p8,42,replay,0.0,0.1,5,0.3,crp,1.7701030429409303,1.8429993973058765,1.6794693923244517,2.462546527583412,2.5635217374720267,0.8
full_seed42_replay_0p0_noise0p1_s9_a0p2_b0p7,42,replay,0.0,0.1,9,0.2,fpr_owa,1.7673726147488216,1.820046874004744,1.6165328076382752,2.410040800315646,2.5120531370564776,0.7
full_seed42_replay_0p0_noise0p1_s9_a0p2_b0p7,42,replay,0.0,0.1,9,0.2,crp,1.7673726147488216,1.820046874004744,1.6165328076382752,2.410040800315646,2.5120531370564776,0.7
full_seed42_replay_0p0_noise0p1_s9_a0p3_b0p8,42,replay,0.0,0.1,9,0.3,fpr_owa,1.7371656879270818,1.8102685437459043,1.5684284081958748,2.4840048378615034,2.6013060237435366,0.8
full_seed42_replay_0p0_noise0p1_s9_a0p3_b0p8,42,replay,0.0,0.1,9,0.3,crp,1.7371656879270818,1.8102685437459043,1.5684284081958748,2.4840048378615034,2.6013060237435366,0.8
full_seed42_replay_0p0_noise0p25_s13_a0p2_b0p7,42,replay,0.0,0.25,13,0.2,fpr_owa,1.2239519384539213,1.2817026770540818,1.205182468431389,1.760113942280174,2.024275092535646,0.7
full_seed42_replay_0p0_noise0p25_s13_a0p2_b0p7,42,replay,0.0,0.25,13,0.2,crp,1.2239519384539213,1.2817026770540818,1.205182468431389,1.760113942280174,2.024275092535646,0.7
full_seed42_replay_0p0_noise0p25_s13_a0p3_b0p8,42,replay,0.0,0.25,13,0.3,fpr_owa,1.4230427131961676,1.5184860649784044,1.3737965524029805,2.155221273762169,2.39418818999486,0.8
full_seed42_replay_0p0_noise0p25_s13_a0p3_b0p8,42,replay,0.0,0.25,13,0.3,crp,1.4230427131961676,1.5184860649784044,1.3737965524029805,2.155221273762169,2.39418818999486,0.8
full_seed42_replay_0p0_noise0p25_s5_a0p2_b0p7,42,replay,0.0,0.25,5,0.2,fpr_owa,1.7534629815201763,1.8176348178843071,1.6702733419829094,2.498835294561254,2.766426926313108,0.7
full_seed42_replay_0p0_noise0p25_s5_a0p2_b0p7,42,replay,0.0,0.25,5,0.2,crp,1.7534629815201763,1.8176348178843071,1.6702733419829094,2.498835294561254,2.766426926313108,0.7
full_seed42_replay_0p0_noise0p25_s5_a0p3_b0p8,42,replay,0.0,0.25,5,0.3,fpr_owa,1.7656647976945776,1.8313428892170025,1.736099880157009,2.4929046761809115,2.754470971714729,0.8
full_seed42_replay_0p0_noise0p25_s5_a0p3_b0p8,42,replay,0.0,0.25,5,0.3,crp,1.7656647976945776,1.8313428892170025,1.736099880157009,2.4929046761809115,2.754470971714729,0.8
full_seed42_replay_0p0_noise0p25_s9_a0p2_b0p7,42,replay,0.0,0.25,9,0.2,fpr_owa,1.7426996887661814,1.8000693487288324,1.6339637308116035,2.423123977132854,2.6593326846511403,0.7
full_seed42_replay_0p0_noise0p25_s9_a0p2_b0p7,42,replay,0.0,0.25,9,0.2,crp,1.7426996887661814,1.8000693487288324,1.6339637308116035,2.423123977132854,2.6593326846511403,0.7
full_seed42_replay_0p0_noise0p25_s9_a0p3_b0p8,42,replay,0.0,0.25,9,0.3,fpr_owa,1.7265432730010424,1.7937771837860732,1.6347870467410623,2.443306404915865,2.6370559037383408,0.8
full_seed42_replay_0p0_noise0p25_s9_a0p3_b0p8,42,replay,0.0,0.25,9,0.3,crp,1.7265432730010424,1.7937771837860732,1.6347870467410623,2.443306404915865,2.6370559037383408,0.8
full_seed42_replay_0p0_noise0p5_s13_a0p2_b0p7,42,replay,0.0,0.5,13,0.2,fpr_owa,1.2651689934985595,1.340754609269621,1.2510081640849386,1.9562212874413472,2.5391523953948094,0.7
full_seed42_replay_0p0_noise0p5_s13_a0p2_b0p7,42,replay,0.0,0.5,13,0.2,crp,1.284561218612761,1.3646185726599638,1.2630539040967008,2.015940409188442,2.4364860782429374,0.7
full_seed42_replay_0p0_noise0p5_s13_a0p3_b0p8,42,replay,0.0,0.5,13,0.3,fpr_owa,1.367046147538045,1.4636488360017177,1.3150144644377917,2.2460766148079334,2.527203313790653,0.8
full_seed42_replay_0p0_noise0p5_s13_a0p3_b0p8,42,replay,0.0,0.5,13,0.3,crp,1.3858737764666416,1.484557095299884,1.325879378880895,2.259339098916841,2.6226030977850723,0.8
full_seed42_replay_0p0_noise0p5_s5_a0p2_b0p7,42,replay,0.0,0.5,5,0.2,fpr_owa,1.7663549785759736,1.835242703992113,1.7353897935097486,2.5297316606163123,3.0735129337104823,0.7
full_seed42_replay_0p0_noise0p5_s5_a0p2_b0p7,42,replay,0.0,0.5,5,0.2,crp,1.7626146065100063,1.8325422939002585,1.7303133373235235,2.5297316606163123,3.0735129337104823,0.7
full_seed42_replay_0p0_noise0p5_s5_a0p3_b0p8,42,replay,0.0,0.5,5,0.3,fpr_owa,1.7690730180982104,1.8388569143154083,1.7445279805006293,2.59181469592718,3.1350957762386087,0.8
full_seed42_replay_0p0_noise0p5_s5_a0p3_b0p8,42,replay,0.0,0.5,5,0.3,crp,1.768004728417193,1.8382984952481496,1.741437731089552,2.59181469592718,3.1350957762386087,0.8
full_seed42_replay_0p0_noise0p5_s9_a0p2_b0p7,42,replay,0.0,0.5,9,0.2,fpr_owa,1.7166312646319943,1.7837266978711783,1.6667549411243054,2.4252408629733706,2.913077083781724,0.7
full_seed42_replay_0p0_noise0p5_s9_a0p2_b0p7,42,replay,0.0,0.5,9,0.2,crp,1.722498070820149,1.7922704651931152,1.6647032396139083,2.480474689679588,2.913077083781724,0.7
full_seed42_replay_0p0_noise0p5_s9_a0p3_b0p8,42,replay,0.0,0.5,9,0.3,fpr_owa,1.6986998747237194,1.770390544901288,1.680218113046028,2.473113970704796,2.8112617669113744,0.8
full_seed42_replay_0p0_noise0p5_s9_a0p3_b0p8,42,replay,0.0,0.5,9,0.3,crp,1.7059254523153575,1.7803442780136858,1.680218113046028,2.495307423016442,2.8612454678249226,0.8
full_seed42_replay_0p1_noise0p1_s13_a0p2_b0p7,42,replay,0.1,0.1,13,0.2,fpr_owa,1.2085310896793662,1.251451796776608,1.1954139706649158,1.630417619736885,1.7409750298089346,0.7
full_seed42_replay_0p1_noise0p1_s13_a0p2_b0p7,42,replay,0.1,0.1,13,0.2,crp,1.2085310896793662,1.251451796776608,1.1954139706649158,1.630417619736885,1.7409750298089346,0.7
full_seed42_replay_0p1_noise0p1_s13_a0p3_b0p8,42,replay,0.1,0.1,13,0.3,fpr_owa,1.46565445625135,1.5416272034465,1.4339202281417829,2.0888913147867343,2.180546407161522,0.8
full_seed42_replay_0p1_noise0p1_s13_a0p3_b0p8,42,replay,0.1,0.1,13,0.3,crp,1.46565445625135,1.5416272034465,1.4339202281417829,2.0888913147867343,2.180546407161522,0.8
full_seed42_replay_0p1_noise0p1_s5_a0p2_b0p7,42,replay,0.1,0.1,5,0.2,fpr_owa,1.7659881470137384,1.8341841107834416,1.6422287024709643,2.4841127883853624,2.582175321874684,0.7
full_seed42_replay_0p1_noise0p1_s5_a0p2_b0p7,42,replay,0.1,0.1,5,0.2,crp,1.7659881470137384,1.8341841107834416,1.6422287024709643,2.4841127883853624,2.582175321874684,0.7
full_seed42_replay_0p1_noise0p1_s5_a0p3_b0p8,42,replay,0.1,0.1,5,0.3,fpr_owa,1.7701030429409303,1.8429993973058765,1.6794693923244517,2.462546527583412,2.5635217374720267,0.8
full_seed42_replay_0p1_noise0p1_s5_a0p3_b0p8,42,replay,0.1,0.1,5,0.3,crp,1.7701030429409303,1.8429993973058765,1.6794693923244517,2.462546527583412,2.5635217374720267,0.8
full_seed42_replay_0p1_noise0p1_s9_a0p2_b0p7,42,replay,0.1,0.1,9,0.2,fpr_owa,1.7653095964283192,1.817120493193528,1.6364196303313094,2.400422972309749,2.5309862543626704,0.7
full_seed42_replay_0p1_noise0p1_s9_a0p2_b0p7,42,replay,0.1,0.1,9,0.2,crp,1.7653095964283192,1.817120493193528,1.6364196303313094,2.400422972309749,2.5309862543626704,0.7
full_seed42_replay_0p1_noise0p1_s9_a0p3_b0p8,42,replay,0.1,0.1,9,0.3,fpr_owa,1.7399247381851362,1.812998013347292,1.595218688657097,2.4590309021772803,2.6013060237435366,0.8
full_seed42_replay_0p1_noise0p1_s9_a0p3_b0p8,42,replay,0.1,0.1,9,0.3,crp,1.7399247381851362,1.812998013347292,1.595218688657097,2.4590309021772803,2.6013060237435366,0.8
full_seed42_replay_0p1_noise0p25_s13_a0p2_b0p7,42,replay,0.1,0.25,13,0.2,fpr_owa,1.2240605679370873,1.2824095697781912,1.2077717565800778,1.7678451051185324,2.024275092535646,0.7
full_seed42_replay_0p1_noise0p25_s13_a0p2_b0p7,42,replay,0.1,0.25,13,0.2,crp,1.2240605679370873,1.2824095697781912,1.2077717565800778,1.7678451051185324,2.024275092535646,0.7
full_seed42_replay_0p1_noise0p25_s13_a0p3_b0p8,42,replay,0.1,0.25,13,0.3,fpr_owa,1.4254856151217783,1.5195227340682078,1.3747932920493873,2.1706519789642127,2.39418818999486,0.8
full_seed42_replay_0p1_noise0p25_s13_a0p3_b0p8,42,replay,0.1,0.25,13,0.3,crp,1.4254856151217783,1.5195227340682078,1.3747932920493873,2.1706519789642127,2.39418818999486,0.8
full_seed42_replay_0p1_noise0p25_s5_a0p2_b0p7,42,replay,0.1,0.25,5,0.2,fpr_owa,1.7534629815201763,1.8176348178843071,1.6702733419829094,2.498835294561254,2.766426926313108,0.7
full_seed42_replay_0p1_noise0p25_s5_a0p2_b0p7,42,replay,0.1,0.25,5,0.2,crp,1.7534629815201763,1.8176348178843071,1.6702733419829094,2.498835294561254,2.766426926313108,0.7
full_seed42_replay_0p1_noise0p25_s5_a0p3_b0p8,42,replay,0.1,0.25,5,0.3,fpr_owa,1.7656647976945776,1.8313428892170025,1.736099880157009,2.4929046761809115,2.754470971714729,0.8
full_seed42_replay_0p1_noise0p25_s5_a0p3_b0p8,42,replay,0.1,0.25,5,0.3,crp,1.7656647976945776,1.8313428892170025,1.736099880157009,2.4929046761809115,2.754470971714729,0.8
full_seed42_replay_0p1_noise0p25_s9_a0p2_b0p7,42,replay,0.1,0.25,9,0.2,fpr_owa,1.7393334456213725,1.7966459002514856,1.625790502749863,2.4052872508709484,2.6593326846511403,0.7
full_seed42_replay_0p1_noise0p25_s9_a0p2_b0p7,42,replay,0.1,0.25,9,0.2,crp,1.7393334456213725,1.7966459002514856,1.625790502749863,2.4052872508709484,2.6593326846511403,0.7
full_seed42_replay_0p1_noise0p25_s9_a0p3_b0p8,42,replay,0.1,0.25,9,0.3,fpr_owa,1.725414816180563,1.793662635409805,1.630937377133926,2.4606518505992736,2.6370559037383408,0.8
full_seed42_replay_0p1_noise0p25_s9_a0p3_b0p8,42,replay,0.1,0.25,9,0.3,crp,1.725414816180563,1.793662635409805,1.630937377133926,2.4606518505992736,2.6370559037383408,0.8
full_seed42_replay_0p1_noise0p5_s13_a0p2_b0p7,42,replay,0.1,0.5,13,0.2,fpr_owa,1.2695641020823358,1.3444909391387734,1.2527412394494994,1.994101955168461,2.5391523953948094,0.7
full_seed42_replay_0p1_noise0p5_s13_a0p2_b0p7,42,replay,0.1,0.5,13,0.2,crp,1.286843813562121,1.3672163313857346,1.265929269496164,2.015940409188442,2.4056671687074487,0.7
full_seed42_replay_0p1_noise0p5_s13_a0p3_b0p8,42,replay,0.1,0.5,13,0.3,fpr_owa,1.3702659497199705,1.4678512482954198,1.3182915737940577,2.245115016866033,2.5019942587119544,0.8
full_seed42_replay_0p1_noise0p5_s13_a0p3_b0p8,42,replay,0.1,0.5,13,0.3,crp,1.3918246348477648,1.4908489974286836,1.3275917189406667,2.245115016866033,2.6226030977850723,0.8
full_seed42_replay_0p1_noise0p5_s5_a0p2_b0p7,42,replay,0.1,0.5,5,0.2,fpr_owa,1.7663549785759736,1.835242703992113,1.7353897935097486,2.5297316606163123,3.0735129337104823,0.7
full_seed42_replay_0p1_noise0p5_s5_a0p2_b0p7,42,replay,0.1,0.5,5,0.2,crp,1.7626146065100063,1.8325422939002585,1.7303133373235235,2.5297316606163123,3.0735129337104823,0.7
full_seed42_replay_0p1_noise0p5_s5_a0p3_b0p8,42,replay,0.1,0.5,5,0.3,fpr_owa,1.7690730180982104,1.8388569143154083,1.7445279805006293,2.59181469592718,3.1350957762386087,0.8
full_seed42_replay_0p1_noise0p5_s5_a0p3_b0p8,42,replay,0.1,0.5,5,0.3,crp,1.768004728417193,1.8382984952481496,1.741437731089552,2.59181469592718,3.1350957762386087,0.8
full_seed42_replay_0p1_noise0p5_s9_a0p2_b0p7,42,replay,0.1,0.5,9,0.2,fpr_owa,1.7178003960497534,1.7865868085107526,1.6844154274514325,2.479159127397172,2.913077083781724,0.7
full_seed42_replay_0p1_noise0p5_s9_a0p2_b0p7,42,replay,0.1,0.5,9,0.2,crp,1.7218610467836646,1.7931313351447942,1.6701133388426737,2.493169116984029,2.913077083781724,0.7
full_seed42_replay_0p1_noise0p5_s9_a0p3_b0p8,42,replay,0.1,0.5,9,0.3,fpr_owa,1.6935398026271011,1.7682576921517823,1.6745356621633831,2.483135660672689,2.8112617669113744,0.8
full_seed42_replay_0p1_noise0p5_s9_a0p3_b0p8,42,replay,0.1,0.5,9,0.3,crp,1.6998058163030454,1.777242633431465,1.6745356621633831,2.5058779216826976,2.8612454678249226,0.8
full_seed42_replay_0p2_noise0p1_s13_a0p2_b0p7,42,replay,0.2,0.1,13,0.2,fpr_owa,1.207284613980245,1.2507511753664051,1.209856686586797,1.6197577656048396,1.767637834925179,0.7
full_seed42_replay_0p2_noise0p1_s13_a0p2_b0p7,42,replay,0.2,0.1,13,0.2,crp,1.207284613980245,1.2507511753664051,1.209856686586797,1.6197577656048396,1.767637834925179,0.7
full_seed42_replay_0p2_noise0p1_s13_a0p3_b0p8,42,replay,0.2,0.1,13,0.3,fpr_owa,1.470757557392687,1.54451005990223,1.4558004421021675,2.065866574992468,2.213811734632014,0.8
full_seed42_replay_0p2_noise0p1_s13_a0p3_b0p8,42,replay,0.2,0.1,13,0.3,crp,1.470757557392687,1.54451005990223,1.4558004421021675,2.065866574992468,2.213811734632014,0.8
full_seed42_replay_0p2_noise0p1_s5_a0p2_b0p7,42,replay,0.2,0.1,5,0.2,fpr_owa,1.7618300259613806,1.8320232021877807,1.649929804466284,2.4747806755392183,2.590547060609794,0.7
full_seed42_replay_0p2_noise0p1_s5_a0p2_b0p7,42,replay,0.2,0.1,5,0.2,crp,1.7618300259613806,1.8320232021877807,1.649929804466284,2.4747806755392183,2.590547060609794,0.7
full_seed42_replay_0p2_noise0p1_s5_a0p3_b0p8,42,replay,0.2,0.1,5,0.3,fpr_owa,1.761140002046011,1.8356820934049016,1.6396546955800029,2.483149262214191,2.565256844353045,0.8
full_seed42_replay_0p2_noise0p1_s5_a0p3_b0p8,42,replay,0.2,0.1,5,0.3,crp,1.761140002046011,1.8356820934049016,1.6396546955800029,2.483149262214191,2.565256844353045,0.8
full_seed42_replay_0p2_noise0p1_s9_a0p2_b0p7,42,replay,0.2,0.1,9,0.2,fpr_owa,1.763462054196246,1.815255105123413,1.6362494506965133,2.405133668583358,2.523715867220357,0.7
full_seed42_replay_0p2_noise0p1_s9_a0p2_b0p7,42,replay,0.2,0.1,9,0.2,crp,1.763462054196246,1.815255105123413,1.6362494506965133,2.405133668583358,2.523715867220357,0.7
full_seed42_replay_0p2_noise0p1_s9_a0p3_b0p8,42,replay,0.2,0.1,9,0.3,fpr_owa,1.7377213096079052,1.8106333325504709,1.58330654609797,2.465015463679077,2.6013060237435366,0.8
full_seed42_replay_0p2_noise0p1_s9_a0p3_b0p8,42,replay,0.2,0.1,9,0.3,crp,1.7377213096079052,1.8106333325504709,1.58330654609797,2.465015463679077,2.6013060237435366,0.8
full_seed42_replay_0p2_noise0p25_s13_a0p2_b0p7,42,replay,0.2,0.25,13,0.2,fpr_owa,1.2252307138263774,1.2840567882289078,1.2070388101376557,1.7573295815740435,2.0494821547653967,0.7
full_seed42_replay_0p2_noise0p25_s13_a0p2_b0p7,42,replay,0.2,0.25,13,0.2,crp,1.2252307138263774,1.2840567882289078,1.2070388101376557,1.7573295815740435,2.0494821547653967,0.7
full_seed42_replay_0p2_noise0p25_s13_a0p3_b0p8,42,replay,0.2,0.25,13,0.3,fpr_owa,1.4333153465842656,1.526540137101805,1.407043141806413,2.148419115597981,2.429477342256917,0.8
full_seed42_replay_0p2_noise0p25_s13_a0p3_b0p8,42,replay,0.2,0.25,13,0.3,crp,1.4333153465842656,1.526540137101805,1.407043141806413,2.148419115597981,2.429477342256917,0.8
full_seed42_replay_0p2_noise0p25_s5_a0p2_b0p7,42,replay,0.2,0.25,5,0.2,fpr_owa,1.76072013060265,1.8265004797400703,1.681786348501335,2.534405239440696,2.766426926313108,0.7
full_seed42_replay_0p2_noise0p25_s5_a0p2_b0p7,42,replay,0.2,0.25,5,0.2,crp,1.76072013060265,1.8265004797400703,1.681786348501335,2.534405239440696,2.766426926313108,0.7
full_seed42_replay_0p2_noise0p25_s5_a0p3_b0p8,42,replay,0.2,0.25,5,0.3,fpr_owa,1.7670104623002707,1.8345777042694045,1.707697107781176,2.5069079720387064,2.7216992001124214,0.8
full_seed42_replay_0p2_noise0p25_s5_a0p3_b0p8,42,replay,0.2,0.25,5,0.3,crp,1.7670104623002707,1.8345777042694045,1.707697107781176,2.5069079720387064,2.7216992001124214,0.8
full_seed42_replay_0p2_noise0p25_s9_a0p2_b0p7,42,replay,0.2,0.25,9,0.2,fpr_owa,1.7347876545315593,1.7923847101225383,1.6208949108194024,2.436770232583476,2.6593326846511403,0.7
full_seed42_replay_0p2_noise0p25_s9_a0p2_b0p7,42,replay,0.2,0.25,9,0.2,crp,1.7347876545315593,1.7923847101225383,1.6208949108194024,2.436770232583476,2.6593326846511403,0.7
full_seed42_replay_0p2_noise0p25_s9_a0p3_b0p8,42,replay,0.2,0.25,9,0.3,fpr_owa,1.7231933902285277,1.7911352788937205,1.6262124002786722,2.466861786028294,2.6370559037383408,0.8
full_seed42_replay_0p2_noise0p25_s9_a0p3_b0p8,42,replay,0.2,0.25,9,0.3,crp,1.7231933902285277,1.7911352788937205,1.6262124002786722,2.466861786028294,2.6370559037383408,0.8
full_seed42_replay_0p2_noise0p5_s13_a0p2_b0p7,42,replay,0.2,0.5,13,0.2,fpr_owa,1.2691560361727714,1.3454215699112355,1.256730100823109,1.9862719336671948,2.56435945762456,0.7
full_seed42_replay_0p2_noise0p5_s13_a0p2_b0p7,42,replay,0.2,0.5,13,0.2,crp,1.279069681040972,1.3574902835648397,1.265929269496164,1.9975020714623732,2.4514684838605585,0.7
full_seed42_replay_0p2_noise0p5_s13_a0p3_b0p8,42,replay,0.2,0.5,13,0.3,fpr_owa,1.3599674224049705,1.4557201581804389,1.3212871765202556,2.2221995775587664,2.487182695732886,0.8
full_seed42_replay_0p2_noise0p5_s13_a0p3_b0p8,42,replay,0.2,0.5,13,0.3,crp,1.380743444337134,1.4799048564602688,1.3212871765202556,2.2363823960299367,2.6226030977850723,0.8
full_seed42_replay_0p2_noise0p5_s5_a0p2_b0p7,42,replay,0.2,0.5,5,0.2,fpr_owa,1.7653248247147302,1.837857974695083,1.718307414091287,2.641968034398371,3.0735129337104823,0.7
full_seed42_replay_0p2_noise0p5_s5_a0p2_b0p7,42,replay,0.2,0.5,5,0.2,crp,1.7653085917044042,1.8394532543383049,1.718307414091287,2.641968034398371,3.0735129337104823,0.7
full_seed42_replay_0p2_noise0p5_s5_a0p3_b0p8,42,replay,0.2,0.5,5,0.3,fpr_owa,1.7663168661820785,1.838913023129159,1.7420362758244077,2.6246608965371543,3.102324004636301,0.8
full_seed42_replay_0p2_noise0p5_s5_a0p3_b0p8,42,replay,0.2,0.5,5,0.3,crp,1.7678687924249157,1.841327609035934,1.7420362758244077,2.6347122921448194,3.102324004636301,0.8
full_seed42_replay_0p2_noise0p5_s9_a0p2_b0p7,42,replay,0.2,0.5,9,0.2,fpr_owa,1.7135094762456944,1.7813985160154235,1.6924436580797555,2.479066533880463,2.913077083781724,0.7
full_seed42_replay_0p2_noise0p5_s9_a0p2_b0p7,42,replay,0.2,0.5,9,0.2,crp,1.7167050713263785,1.7866869676278132,1.6890524278068515,2.488003058770518,2.913077083781724,0.7
full_seed42_replay_0p2_noise0p5_s9_a0p3_b0p8,42,replay,0.2,0.5,9,0.3,fpr_owa,1.684765873897502,1.7593720756099058,1.6700689779122055,2.5047438603143397,2.8112617669113744,0.8
full_seed42_replay_0p2_noise0p5_s9_a0p3_b0p8,42,replay,0.2,0.5,9,0.3,crp,1.6921303403787868,1.7697379599608172,1.6700689779122055,2.536559032232643,2.8612454678249226,0.8
full_seed42_replay_0p3_noise0p1_s13_a0p2_b0p7,42,replay,0.3,0.1,13,0.2,fpr_owa,1.2072901801980245,1.2508782718034794,1.208664457200718,1.6244618785882126,1.7046080129640484,0.7
full_seed42_replay_0p3_noise0p1_s13_a0p2_b0p7,42,replay,0.3,0.1,13,0.2,crp,1.2072901801980245,1.2508782718034794,1.208664457200718,1.6244618785882126,1.7046080129640484,0.7
full_seed42_replay_0p3_noise0p1_s13_a0p3_b0p8,42,replay,0.3,0.1,13,0.3,fpr_owa,1.4715430715616995,1.545210952121526,1.4693214617705148,2.0747693637880804,2.180546407161522,0.8
full_seed42_replay_0p3_noise0p1_s13_a0p3_b0p8,42,replay,0.3,0.1,13,0.3,crp,1.4715430715616995,1.545210952121526,1.4693214617705148,2.0747693637880804,2.180546407161522,0.8
full_seed42_replay_0p3_noise0p1_s5_a0p2_b0p7,42,replay,0.3,0.1,5,0.2,fpr_owa,1.7587840354883368,1.829183278677332,1.6422287024709643,2.492729110436056,2.582175321874684,0.7
full_seed42_replay_0p3_noise0p1_s5_a0p2_b0p7,42,replay,0.3,0.1,5,0.2,crp,1.7587840354883368,1.829183278677332,1.6422287024709643,2.492729110436056,2.582175321874684,0.7
full_seed42_replay_0p3_noise0p1_s5_a0p3_b0p8,42,replay,0.3,0.1,5,0.3,fpr_owa,1.759539471451184,1.8339594968261963,1.6639960095481698,2.47860552641989,2.5635217374720267,0.8
full_seed42_replay_0p3_noise0p1_s5_a0p3_b0p8,42,replay,0.3,0.1,5,0.3,crp,1.759539471451184,1.8339594968261963,1.6639960095481698,2.47860552641989,2.5635217374720267,0.8
full_seed42_replay_0p3_noise0p1_s9_a0p2_b0p7,42,replay,0.3,0.1,9,0.2,fpr_owa,1.7631340341847002,1.814695149313979,1.638026640853706,2.4186640013894767,2.5416478723416187,0.7
full_seed42_replay_0p3_noise0p1_s9_a0p2_b0p7,42,replay,0.3,0.1,9,0.2,crp,1.7631340341847002,1.814695149313979,1.638026640853706,2.4186640013894767,2.5416478723416187,0.7
full_seed42_replay_0p3_noise0p1_s9_a0p3_b0p8,42,replay,0.3,0.1,9,0.3,fpr_owa,1.7354730999521837,1.8079917476588756,1.60476550325592,2.4700910761851373,2.6013060237435366,0.8
full_seed42_replay_0p3_noise0p1_s9_a0p3_b0p8,42,replay,0.3,0.1,9,0.3,crp,1.7354730999521837,1.8079917476588756,1.60476550325592,2.4700910761851373,2.6013060237435366,0.8
full_seed42_replay_0p3_noise0p25_s13_a0p2_b0p7,42,replay,0.3,0.25,13,0.2,fpr_owa,1.227159644807636,1.2850692268578845,1.2030378544190596,1.7557864773989946,2.0409243223979767,0.7
full_seed42_replay_0p3_noise0p25_s13_a0p2_b0p7,42,replay,0.3,0.25,13,0.2,crp,1.227159644807636,1.2850692268578845,1.2030378544190596,1.7557864773989946,2.0409243223979767,0.7
full_seed42_replay_0p3_noise0p25_s13_a0p3_b0p8,42,replay,0.3,0.25,13,0.3,fpr_owa,1.4304174895227528,1.5235382434178075,1.3951113381891391,2.147119541164064,2.3445412362164166,0.8
full_seed42_replay_0p3_noise0p25_s13_a0p3_b0p8,42,replay,0.3,0.25,13,0.3,crp,1.4304174895227528,1.5235382434178075,1.3951113381891391,2.147119541164064,2.3445412362164166,0.8
full_seed42_replay_0p3_noise0p25_s5_a0p2_b0p7,42,replay,0.3,0.25,5,0.2,fpr_owa,1.7578285244084555,1.825538779083528,1.6702733419829094,2.542928220014365,2.766426926313108,0.7
full_seed42_replay_0p3_noise0p25_s5_a0p2_b0p7,42,replay,0.3,0.25,5,0.2,crp,1.7578285244084555,1.825538779083528,1.6702733419829094,2.542928220014365,2.766426926313108,0.7
full_seed42_replay_0p3_noise0p25_s5_a0p3_b0p8,42,replay,0.3,0.25,5,0.3,fpr_owa,1.7596229718391732,1.826574986127383,1.6987148295398282,2.5054429131625677,2.685218321137698,0.8
full_seed42_replay_0p3_noise0p25_s5_a0p3_b0p8,42,replay,0.3,0.25,5,0.3,crp,1.7596229718391732,1.826574986127383,1.6987148295398282,2.5054429131625677,2.685218321137698,0.8
full_seed42_replay_0p3_noise0p25_s9_a0p2_b0p7,42,replay,0.3,0.25,9,0.2,fpr_owa,1.7370462412093428,1.7936977828165237,1.6294120298447707,2.427956299852821,2.6593326846511403,0.7
full_seed42_replay_0p3_noise0p25_s9_a0p2_b0p7,42,replay,0.3,0.25,9,0.2,crp,1.7370462412093428,1.7936977828165237,1.6294120298447707,2.427956299852821,2.6593326846511403,0.7
full_seed42_replay_0p3_noise0p25_s9_a0p3_b0p8,42,replay,0.3,0.25,9,0.3,fpr_owa,1.730271834512336,1.7975052114967034,1.6227174037141423,2.4612028850158816,2.6370559037383408,0.8
full_seed42_replay_0p3_noise0p25_s9_a0p3_b0p8,42,replay,0.3,0.25,9,0.3,crp,1.730271834512336,1.7975052114967034,1.6227174037141423,2.4612028850158816,2.6370559037383408,0.8
full_seed42_replay_0p3_noise0p5_s13_a0p2_b0p7,42,replay,0.3,0.5,13,0.2,fpr_owa,1.2612151780240788,1.3361580099752497,1.242017096870342,1.9678044741532368,2.564360340163068,0.7
full_seed42_replay_0p3_noise0p5_s13_a0p2_b0p7,42,replay,0.3,0.5,13,0.2,crp,1.27313491835847,1.350564698680235,1.2630539040967008,1.9912003235667888,2.343920497072953,0.7
full_seed42_replay_0p3_noise0p5_s13_a0p3_b0p8,42,replay,0.3,0.5,13,0.3,fpr_owa,1.358069477578577,1.4523227950865814,1.313148384975468,2.1856116814090694,2.487182695732886,0.8
full_seed42_replay_0p3_noise0p5_s13_a0p3_b0p8,42,replay,0.3,0.5,13,0.3,crp,1.380177379803377,1.4775224519190926,1.3214214716543258,2.195587157330388,2.6226030977850723,0.8
full_seed42_replay_0p3_noise0p5_s5_a0p2_b0p7,42,replay,0.3,0.5,5,0.2,fpr_owa,1.7639209698299825,1.8342960885602029,1.7286285183986612,2.5810117820578857,3.0900269978175623,0.7
full_seed42_replay_0p3_noise0p5_s5_a0p2_b0p7,42,replay,0.3,0.5,5,0.2,crp,1.76289345809432,1.83470405572038,1.7286285183986612,2.5810117820578857,3.0900269978175623,0.7
full_seed42_replay_0p3_noise0p5_s5_a0p3_b0p8,42,replay,0.3,0.5,5,0.3,fpr_owa,1.7542739297065684,1.8251875271268048,1.7425672045324352,2.61544739052765,2.9898329744077907,0.8
full_seed42_replay_0p3_noise0p5_s5_a0p3_b0p8,42,replay,0.3,0.5,5,0.3,crp,1.754262566628965,1.8258360241721208,1.7425672045324352,2.619912367730725,2.9898329744077907,0.8
full_seed42_replay_0p3_noise0p5_s9_a0p2_b0p7,42,replay,0.3,0.5,9,0.2,fpr_owa,1.7079132595073798,1.773074784046933,1.6799368706249047,2.4725184298892184,2.913077083781724,0.7
full_seed42_replay_0p3_noise0p5_s9_a0p2_b0p7,42,replay,0.3,0.5,9,0.2,crp,1.7125461731847442,1.7803367488357549,1.6668308737452546,2.5005861562132723,2.913077083781724,0.7
full_seed42_replay_0p3_noise0p5_s9_a0p3_b0p8,42,replay,0.3,0.5,9,0.3,fpr_owa,1.6915090851906782,1.7629316468093643,1.6762147016713072,2.534847784393484,2.8112617669113744,0.8
full_seed42_replay_0p3_noise0p5_s9_a0p3_b0p8,42,replay,0.3,0.5,9,0.3,crp,1.6982898427850386,1.7725999206943366,1.6762147016713072,2.545905721604569,2.8612454678249226,0.8
full_seed42_replay_0p4_noise0p1_s13_a0p2_b0p7,42,replay,0.4,0.1,13,0.2,fpr_owa,1.2108887528569183,1.2540252451302691,1.208664457200718,1.6270934079900543,1.6999793311916491,0.7
full_seed42_replay_0p4_noise0p1_s13_a0p2_b0p7,42,replay,0.4,0.1,13,0.2,crp,1.2108887528569183,1.2540252451302691,1.208664457200718,1.6270934079900543,1.6999793311916491,0.7
full_seed42_replay_0p4_noise0p1_s13_a0p3_b0p8,42,replay,0.4,0.1,13,0.3,fpr_owa,1.4749169360543044,1.5484509329092675,1.4696375943774649,2.0724405358291618,2.180546407161522,0.8
full_seed42_replay_0p4_noise0p1_s13_a0p3_b0p8,42,replay,0.4,0.1,13,0.3,crp,1.4749169360543044,1.5484509329092675,1.4696375943774649,2.0724405358291618,2.180546407161522,0.8
full_seed42_replay_0p4_noise0p1_s5_a0p2_b0p7,42,replay,0.4,0.1,5,0.2,fpr_owa,1.7587840354883368,1.829183278677332,1.6422287024709643,2.492729110436056,2.582175321874684,0.7
full_seed42_replay_0p4_noise0p1_s5_a0p2_b0p7,42,replay,0.4,0.1,5,0.2,crp,1.7587840354883368,1.829183278677332,1.6422287024709643,2.492729110436056,2.582175321874684,0.7
full_seed42_replay_0p4_noise0p1_s5_a0p3_b0p8,42,replay,0.4,0.1,5,0.3,fpr_owa,1.759539471451184,1.8339594968261963,1.6639960095481698,2.47860552641989,2.5635217374720267,0.8
full_seed42_replay_0p4_noise0p1_s5_a0p3_b0p8,42,replay,0.4,0.1,5,0.3,crp,1.759539471451184,1.8339594968261963,1.6639960095481698,2.47860552641989,2.5635217374720267,0.8
full_seed42_replay_0p4_noise0p1_s9_a0p2_b0p7,42,replay,0.4,0.1,9,0.2,fpr_owa,1.762511964318766,1.8132370694636857,1.6388877604529344,2.3995658247724583,2.5467294325197654,0.7
full_seed42_replay_0p4_noise0p1_s9_a0p2_b0p7,42,replay,0.4,0.1,9,0.2,crp,1.762511964318766,1.8132370694636857,1.6388877604529344,2.3995658247724583,2.5467294325197654,0.7
full_seed42_replay_0p4_noise0p1_s9_a0p3_b0p8,42,replay,0.4,0.1,9,0.3,fpr_owa,1.7343889606234322,1.806132372938676,1.6088708114775216,2.480069247282226,2.6013060237435366,0.8
full_seed42_replay_0p4_noise0p1_s9_a0p3_b0p8,42,replay,0.4,0.1,9,0.3,crp,1.7343889606234322,1.806132372938676,1.6088708114775216,2.480069247282226,2.6013060237435366,0.8
full_seed42_replay_0p4_noise0p25_s13_a0p2_b0p7,42,replay,0.4,0.25,13,0.2,fpr_owa,1.22865966681243,1.2865909423595363,1.2251119210867414,1.7678418772730369,2.1043449542447887,0.7
full_seed42_replay_0p4_noise0p25_s13_a0p2_b0p7,42,replay,0.4,0.25,13,0.2,crp,1.22865966681243,1.2865909423595363,1.2251119210867414,1.7678418772730369,2.1043449542447887,0.7
full_seed42_replay_0p4_noise0p25_s13_a0p3_b0p8,42,replay,0.4,0.25,13,0.3,fpr_owa,1.429690606199613,1.521908046801704,1.4077644190586105,2.14128703915014,2.3634427622779444,0.8
full_seed42_replay_0p4_noise0p25_s13_a0p3_b0p8,42,replay,0.4,0.25,13,0.3,crp,1.429690606199613,1.521908046801704,1.4077644190586105,2.14128703915014,2.3634427622779444,0.8
full_seed42_replay_0p4_noise0p25_s5_a0p2_b0p7,42,replay,0.4,0.25,5,0.2,fpr_owa,1.7578285244084555,1.825538779083528,1.6702733419829094,2.542928220014365,2.766426926313108,0.7
full_seed42_replay_0p4_noise0p25_s5_a0p2_b0p7,42,replay,0.4,0.25,5,0.2,crp,1.7578285244084555,1.825538779083528,1.6702733419829094,2.542928220014365,2.766426926313108,0.7
full_seed42_replay_0p4_noise0p25_s5_a0p3_b0p8,42,replay,0.4,0.25,5,0.3,fpr_owa,1.7596229718391732,1.826574986127383,1.6987148295398282,2.5054429131625677,2.685218321137698,0.8
full_seed42_replay_0p4_noise0p25_s5_a0p3_b0p8,42,replay,0.4,0.25,5,0.3,crp,1.7596229718391732,1.826574986127383,1.6987148295398282,2.5054429131625677,2.685218321137698,0.8
full_seed42_replay_0p4_noise0p25_s9_a0p2_b0p7,42,replay,0.4,0.25,9,0.2,fpr_owa,1.7379629840679416,1.793721430982659,1.6155845131495934,2.443297831983182,2.6593326846511403,0.7
full_seed42_replay_0p4_noise0p25_s9_a0p2_b0p7,42,replay,0.4,0.25,9,0.2,crp,1.7379629840679416,1.793721430982659,1.6155845131495934,2.443297831983182,2.6593326846511403,0.7
full_seed42_replay_0p4_noise0p25_s9_a0p3_b0p8,42,replay,0.4,0.25,9,0.3,fpr_owa,1.728396944630332,1.7962525979062898,1.6313738928897767,2.4608488199820915,2.6370559037383408,0.8
full_seed42_replay_0p4_noise0p25_s9_a0p3_b0p8,42,replay,0.4,0.25,9,0.3,crp,1.728396944630332,1.7962525979062898,1.6313738928897767,2.4608488199820915,2.6370559037383408,0.8
full_seed42_replay_0p4_noise0p5_s13_a0p2_b0p7,42,replay,0.4,0.5,13,0.2,fpr_owa,1.2638242874448251,1.3370782725965378,1.2533647000950237,1.9848331667085568,2.566250492769221,0.7
full_seed42_replay_0p4_noise0p5_s13_a0p2_b0p7,42,replay,0.4,0.5,13,0.2,crp,1.2738885436108096,1.3484962137214616,1.265929269496164,1.995307095793875,2.3223052713371315,0.7
full_seed42_replay_0p4_noise0p5_s13_a0p3_b0p8,42,replay,0.4,0.5,13,0.3,fpr_owa,1.3561941804473945,1.4498449535773597,1.318579383783662,2.188603198014052,2.487182695732886,0.8
full_seed42_replay_0p4_noise0p5_s13_a0p3_b0p8,42,replay,0.4,0.5,13,0.3,crp,1.378227291423325,1.472540971428089,1.325879378880895,2.184195460343566,2.6226030977850723,0.8
full_seed42_replay_0p4_noise0p5_s5_a0p2_b0p7,42,replay,0.4,0.5,5,0.2,fpr_owa,1.7639209698299825,1.8342960885602029,1.7286285183986612,2.5810117820578857,3.0900269978175623,0.7
full_seed42_replay_0p4_noise0p5_s5_a0p2_b0p7,42,replay,0.4,0.5,5,0.2,crp,1.76289345809432,1.83470405572038,1.7286285183986612,2.5810117820578857,3.0900269978175623,0.7
full_seed42_replay_0p4_noise0p5_s5_a0p3_b0p8,42,replay,0.4,0.5,5,0.3,fpr_owa,1.7542739297065684,1.8251875271268048,1.7425672045324352,2.61544739052765,2.9898329744077907,0.8
full_seed42_replay_0p4_noise0p5_s5_a0p3_b0p8,42,replay,0.4,0.5,5,0.3,crp,1.754262566628965,1.8258360241721208,1.7425672045324352,2.619912367730725,2.9898329744077907,0.8
full_seed42_replay_0p4_noise0p5_s9_a0p2_b0p7,42,replay,0.4,0.5,9,0.2,fpr_owa,1.7066030393973728,1.7724315909205386,1.6570999645952844,2.4678646511930777,2.913077083781724,0.7
full_seed42_replay_0p4_noise0p5_s9_a0p2_b0p7,42,replay,0.4,0.5,9,0.2,crp,1.7102360506364551,1.778198250262488,1.653847352288372,2.4725184298892184,2.913077083781724,0.7
full_seed42_replay_0p4_noise0p5_s9_a0p3_b0p8,42,replay,0.4,0.5,9,0.3,fpr_owa,1.6881656070788107,1.7584951678877525,1.6659068393534686,2.534847784393484,2.8112617669113744,0.8
full_seed42_replay_0p4_noise0p5_s9_a0p3_b0p8,42,replay,0.4,0.5,9,0.3,crp,1.6943438632847845,1.7672568877299422,1.6659068393534686,2.5350835426665737,2.8612454678249226,0.8
full_seed42_scaling_0p0_noise0p1_s13_a0p2_b0p7,42,scaling,0.0,0.1,13,0.2,fpr_owa,1.204747239572172,1.2494632978305504,1.1889131152852903,1.6246678019843126,1.7409750298089346,0.7
full_seed42_scaling_0p0_noise0p1_s13_a0p2_b0p7,42,scaling,0.0,0.1,13,0.2,crp,1.204747239572172,1.2494632978305504,1.1889131152852903,1.6246678019843126,1.7409750298089346,0.7
full_seed42_scaling_0p0_noise0p1_s13_a0p3_b0p8,42,scaling,0.0,0.1,13,0.3,fpr_owa,1.4630984710557349,1.53918642759298,1.413795553401175,2.075003842309166,2.180546407161522,0.8
full_seed42_scaling_0p0_noise0p1_s13_a0p3_b0p8,42,scaling,0.0,0.1,13,0.3,crp,1.4630984710557349,1.53918642759298,1.413795553401175,2.075003842309166,2.180546407161522,0.8
full_seed42_scaling_0p0_noise0p1_s5_a0p2_b0p7,42,scaling,0.0,0.1,5,0.2,fpr_owa,1.7659881470137384,1.8341841107834416,1.6422287024709643,2.4841127883853624,2.582175321874684,0.7
full_seed42_scaling_0p0_noise0p1_s5_a0p2_b0p7,42,scaling,0.0,0.1,5,0.2,crp,1.7659881470137384,1.8341841107834416,1.6422287024709643,2.4841127883853624,2.582175321874684,0.7
full_seed42_scaling_0p0_noise0p1_s5_a0p3_b0p8,42,scaling,0.0,0.1,5,0.3,fpr_owa,1.7701030429409303,1.8429993973058765,1.6794693923244517,2.462546527583412,2.5635217374720267,0.8
full_seed42_scaling_0p0_noise0p1_s5_a0p3_b0p8,42,scaling,0.0,0.1,5,0.3,crp,1.7701030429409303,1.8429993973058765,1.6794693923244517,2.462546527583412,2.5635217374720267,0.8
full_seed42_scaling_0p0_noise0p1_s9_a0p2_b0p7,42,scaling,0.0,0.1,9,0.2,fpr_owa,1.7673726147488216,1.820046874004744,1.6165328076382752,2.410040800315646,2.5120531370564776,0.7
full_seed42_scaling_0p0_noise0p1_s9_a0p2_b0p7,42,scaling,0.0,0.1,9,0.2,crp,1.7673726147488216,1.820046874004744,1.6165328076382752,2.410040800315646,2.5120531370564776,0.7
full_seed42_scaling_0p0_noise0p1_s9_a0p3_b0p8,42,scaling,0.0,0.1,9,0.3,fpr_owa,1.7371656879270818,1.8102685437459043,1.5684284081958748,2.4840048378615034,2.6013060237435366,0.8
full_seed42_scaling_0p0_noise0p1_s9_a0p3_b0p8,42,scaling,0.0,0.1,9,0.3,crp,1.7371656879270818,1.8102685437459043,1.5684284081958748,2.4840048378615034,2.6013060237435366,0.8
full_seed42_scaling_0p0_noise0p25_s13_a0p2_b0p7,42,scaling,0.0,0.25,13,0.2,fpr_owa,1.2239519384539213,1.2817026770540818,1.205182468431389,1.760113942280174,2.024275092535646,0.7
full_seed42_scaling_0p0_noise0p25_s13_a0p2_b0p7,42,scaling,0.0,0.25,13,0.2,crp,1.2239519384539213,1.2817026770540818,1.205182468431389,1.760113942280174,2.024275092535646,0.7
full_seed42_scaling_0p0_noise0p25_s13_a0p3_b0p8,42,scaling,0.0,0.25,13,0.3,fpr_owa,1.4230427131961676,1.5184860649784044,1.3737965524029805,2.155221273762169,2.39418818999486,0.8
full_seed42_scaling_0p0_noise0p25_s13_a0p3_b0p8,42,scaling,0.0,0.25,13,0.3,crp,1.4230427131961676,1.5184860649784044,1.3737965524029805,2.155221273762169,2.39418818999486,0.8
full_seed42_scaling_0p0_noise0p25_s5_a0p2_b0p7,42,scaling,0.0,0.25,5,0.2,fpr_owa,1.7534629815201763,1.8176348178843071,1.6702733419829094,2.498835294561254,2.766426926313108,0.7
full_seed42_scaling_0p0_noise0p25_s5_a0p2_b0p7,42,scaling,0.0,0.25,5,0.2,crp,1.7534629815201763,1.8176348178843071,1.6702733419829094,2.498835294561254,2.766426926313108,0.7
full_seed42_scaling_0p0_noise0p25_s5_a0p3_b0p8,42,scaling,0.0,0.25,5,0.3,fpr_owa,1.7656647976945776,1.8313428892170025,1.736099880157009,2.4929046761809115,2.754470971714729,0.8
full_seed42_scaling_0p0_noise0p25_s5_a0p3_b0p8,42,scaling,0.0,0.25,5,0.3,crp,1.7656647976945776,1.8313428892170025,1.736099880157009,2.4929046761809115,2.754470971714729,0.8
full_seed42_scaling_0p0_noise0p25_s9_a0p2_b0p7,42,scaling,0.0,0.25,9,0.2,fpr_owa,1.7426996887661814,1.8000693487288324,1.6339637308116035,2.423123977132854,2.6593326846511403,0.7
full_seed42_scaling_0p0_noise0p25_s9_a0p2_b0p7,42,scaling,0.0,0.25,9,0.2,crp,1.7426996887661814,1.8000693487288324,1.6339637308116035,2.423123977132854,2.6593326846511403,0.7
full_seed42_scaling_0p0_noise0p25_s9_a0p3_b0p8,42,scaling,0.0,0.25,9,0.3,fpr_owa,1.7265432730010424,1.7937771837860732,1.6347870467410623,2.443306404915865,2.6370559037383408,0.8
full_seed42_scaling_0p0_noise0p25_s9_a0p3_b0p8,42,scaling,0.0,0.25,9,0.3,crp,1.7265432730010424,1.7937771837860732,1.6347870467410623,2.443306404915865,2.6370559037383408,0.8
full_seed42_scaling_0p0_noise0p5_s13_a0p2_b0p7,42,scaling,0.0,0.5,13,0.2,fpr_owa,1.2651689934985595,1.340754609269621,1.2510081640849386,1.9562212874413472,2.5391523953948094,0.7
full_seed42_scaling_0p0_noise0p5_s13_a0p2_b0p7,42,scaling,0.0,0.5,13,0.2,crp,1.284561218612761,1.3646185726599638,1.2630539040967008,2.015940409188442,2.4364860782429374,0.7
full_seed42_scaling_0p0_noise0p5_s13_a0p3_b0p8,42,scaling,0.0,0.5,13,0.3,fpr_owa,1.367046147538045,1.4636488360017177,1.3150144644377917,2.2460766148079334,2.527203313790653,0.8
full_seed42_scaling_0p0_noise0p5_s13_a0p3_b0p8,42,scaling,0.0,0.5,13,0.3,crp,1.3858737764666416,1.484557095299884,1.325879378880895,2.259339098916841,2.6226030977850723,0.8
full_seed42_scaling_0p0_noise0p5_s5_a0p2_b0p7,42,scaling,0.0,0.5,5,0.2,fpr_owa,1.7663549785759736,1.835242703992113,1.7353897935097486,2.5297316606163123,3.0735129337104823,0.7
full_seed42_scaling_0p0_noise0p5_s5_a0p2_b0p7,42,scaling,0.0,0.5,5,0.2,crp,1.7626146065100063,1.8325422939002585,1.7303133373235235,2.5297316606163123,3.0735129337104823,0.7
full_seed42_scaling_0p0_noise0p5_s5_a0p3_b0p8,42,scaling,0.0,0.5,5,0.3,fpr_owa,1.7690730180982104,1.8388569143154083,1.7445279805006293,2.59181469592718,3.1350957762386087,0.8
full_seed42_scaling_0p0_noise0p5_s5_a0p3_b0p8,42,scaling,0.0,0.5,5,0.3,crp,1.768004728417193,1.8382984952481496,1.741437731089552,2.59181469592718,3.1350957762386087,0.8
full_seed42_scaling_0p0_noise0p5_s9_a0p2_b0p7,42,scaling,0.0,0.5,9,0.2,fpr_owa,1.7166312646319943,1.7837266978711783,1.6667549411243054,2.4252408629733706,2.913077083781724,0.7
full_seed42_scaling_0p0_noise0p5_s9_a0p2_b0p7,42,scaling,0.0,0.5,9,0.2,crp,1.722498070820149,1.7922704651931152,1.6647032396139083,2.480474689679588,2.913077083781724,0.7
full_seed42_scaling_0p0_noise0p5_s9_a0p3_b0p8,42,scaling,0.0,0.5,9,0.3,fpr_owa,1.6986998747237194,1.770390544901288,1.680218113046028,2.473113970704796,2.8112617669113744,0.8
full_seed42_scaling_0p0_noise0p5_s9_a0p3_b0p8,42,scaling,0.0,0.5,9,0.3,crp,1.7059254523153575,1.7803442780136858,1.680218113046028,2.495307423016442,2.8612454678249226,0.8
full_seed42_scaling_0p1_noise0p1_s13_a0p2_b0p7,42,scaling,0.1,0.1,13,0.2,fpr_owa,1.211990070860653,1.2578936393534097,1.2006013256268906,1.653836357405524,1.7906463267256822,0.7
full_seed42_scaling_0p1_noise0p1_s13_a0p2_b0p7,42,scaling,0.1,0.1,13,0.2,crp,1.211990070860653,1.2578936393534097,1.2006013256268906,1.653836357405524,1.7906463267256822,0.7
full_seed42_scaling_0p1_noise0p1_s13_a0p3_b0p8,42,scaling,0.1,0.1,13,0.3,fpr_owa,1.4713353649756575,1.5488621884068725,1.4191788862475376,2.083180300542068,2.1873608443310024,0.8
full_seed42_scaling_0p1_noise0p1_s13_a0p3_b0p8,42,scaling,0.1,0.1,13,0.3,crp,1.4713353649756575,1.5488621884068725,1.4191788862475376,2.083180300542068,2.1873608443310024,0.8
full_seed42_scaling_0p1_noise0p1_s5_a0p2_b0p7,42,scaling,0.1,0.1,5,0.2,fpr_owa,1.7659881470137384,1.8341841107834416,1.6422287024709643,2.4841127883853624,2.582175321874684,0.7
full_seed42_scaling_0p1_noise0p1_s5_a0p2_b0p7,42,scaling,0.1,0.1,5,0.2,crp,1.7659881470137384,1.8341841107834416,1.6422287024709643,2.4841127883853624,2.582175321874684,0.7
full_seed42_scaling_0p1_noise0p1_s5_a0p3_b0p8,42,scaling,0.1,0.1,5,0.3,fpr_owa,1.7701030429409303,1.8429993973058765,1.6794693923244517,2.462546527583412,2.5635217374720267,0.8
full_seed42_scaling_0p1_noise0p1_s5_a0p3_b0p8,42,scaling,0.1,0.1,5,0.3,crp,1.7701030429409303,1.8429993973058765,1.6794693923244517,2.462546527583412,2.5635217374720267,0.8
full_seed42_scaling_0p1_noise0p1_s9_a0p2_b0p7,42,scaling,0.1,0.1,9,0.2,fpr_owa,1.782958465393783,1.8353926808440264,1.6266814748889027,2.426471219167061,2.5120531370564776,0.7
full_seed42_scaling_0p1_noise0p1_s9_a0p2_b0p7,42,scaling,0.1,0.1,9,0.2,crp,1.782958465393783,1.8353926808440264,1.6266814748889027,2.426471219167061,2.5120531370564776,0.7
full_seed42_scaling_0p1_noise0p1_s9_a0p3_b0p8,42,scaling,0.1,0.1,9,0.3,fpr_owa,1.7522131536184806,1.82448014155954,1.6072979200157862,2.462958928499074,2.6013060237435366,0.8
full_seed42_scaling_0p1_noise0p1_s9_a0p3_b0p8,42,scaling,0.1,0.1,9,0.3,crp,1.7522131536184806,1.82448014155954,1.6072979200157862,2.462958928499074,2.6013060237435366,0.8
full_seed42_scaling_0p1_noise0p25_s13_a0p2_b0p7,42,scaling,0.1,0.25,13,0.2,fpr_owa,1.2328468872016127,1.2916529750982064,1.2126837180288677,1.7657474707011849,2.073946389452394,0.7
full_seed42_scaling_0p1_noise0p25_s13_a0p2_b0p7,42,scaling,0.1,0.25,13,0.2,crp,1.2328468872016127,1.2916529750982064,1.2126837180288677,1.7657474707011849,2.073946389452394,0.7
full_seed42_scaling_0p1_noise0p25_s13_a0p3_b0p8,42,scaling,0.1,0.25,13,0.3,fpr_owa,1.4295650686054169,1.5262930864050035,1.3737965524029805,2.170501638985984,2.443859486911608,0.8
full_seed42_scaling_0p1_noise0p25_s13_a0p3_b0p8,42,scaling,0.1,0.25,13,0.3,crp,1.4295650686054169,1.5262930864050035,1.3737965524029805,2.170501638985984,2.443859486911608,0.8
full_seed42_scaling_0p1_noise0p25_s5_a0p2_b0p7,42,scaling,0.1,0.25,5,0.2,fpr_owa,1.7534629815201763,1.8176348178843071,1.6702733419829094,2.498835294561254,2.766426926313108,0.7
full_seed42_scaling_0p1_noise0p25_s5_a0p2_b0p7,42,scaling,0.1,0.25,5,0.2,crp,1.7534629815201763,1.8176348178843071,1.6702733419829094,2.498835294561254,2.766426926313108,0.7
full_seed42_scaling_0p1_noise0p25_s5_a0p3_b0p8,42,scaling,0.1,0.25,5,0.3,fpr_owa,1.7656647976945776,1.8313428892170025,1.736099880157009,2.4929046761809115,2.754470971714729,0.8
full_seed42_scaling_0p1_noise0p25_s5_a0p3_b0p8,42,scaling,0.1,0.25,5,0.3,crp,1.7656647976945776,1.8313428892170025,1.736099880157009,2.4929046761809115,2.754470971714729,0.8
full_seed42_scaling_0p1_noise0p25_s9_a0p2_b0p7,42,scaling,0.1,0.25,9,0.2,fpr_owa,1.7537956598830908,1.81343341666404,1.6448317488269382,2.451362509824234,2.6593326846511403,0.7
full_seed42_scaling_0p1_noise0p25_s9_a0p2_b0p7,42,scaling,0.1,0.25,9,0.2,crp,1.7537956598830908,1.81343341666404,1.6448317488269382,2.451362509824234,2.6593326846511403,0.7
full_seed42_scaling_0p1_noise0p25_s9_a0p3_b0p8,42,scaling,0.1,0.25,9,0.3,fpr_owa,1.7321471199292489,1.800668833086858,1.6499703033420068,2.449374394341228,2.6370559037383408,0.8
full_seed42_scaling_0p1_noise0p25_s9_a0p3_b0p8,42,scaling,0.1,0.25,9,0.3,crp,1.7321471199292489,1.800668833086858,1.6499703033420068,2.449374394341228,2.6370559037383408,0.8
full_seed42_scaling_0p1_noise0p5_s13_a0p2_b0p7,42,scaling,0.1,0.5,13,0.2,fpr_owa,1.2749902748807378,1.3516420789551504,1.2606102708040612,1.9754115383582505,2.588823692311557,0.7
full_seed42_scaling_0p1_noise0p5_s13_a0p2_b0p7,42,scaling,0.1,0.5,13,0.2,crp,1.2938522020210117,1.375421909838901,1.2678581081673448,2.029937041424232,2.486157375159685,0.7
full_seed42_scaling_0p1_noise0p5_s13_a0p3_b0p8,42,scaling,0.1,0.5,13,0.3,fpr_owa,1.3812116554419045,1.4798373782930423,1.3150144644377917,2.304441746926864,2.576874610707401,0.8
full_seed42_scaling_0p1_noise0p5_s13_a0p3_b0p8,42,scaling,0.1,0.5,13,0.3,crp,1.4004961681149293,1.5009213458369717,1.3303352733088976,2.304441746926864,2.6226030977850723,0.8
full_seed42_scaling_0p1_noise0p5_s5_a0p2_b0p7,42,scaling,0.1,0.5,5,0.2,fpr_owa,1.7663549785759736,1.835242703992113,1.7353897935097486,2.5297316606163123,3.0735129337104823,0.7
full_seed42_scaling_0p1_noise0p5_s5_a0p2_b0p7,42,scaling,0.1,0.5,5,0.2,crp,1.7626146065100063,1.8325422939002585,1.7303133373235235,2.5297316606163123,3.0735129337104823,0.7
full_seed42_scaling_0p1_noise0p5_s5_a0p3_b0p8,42,scaling,0.1,0.5,5,0.3,fpr_owa,1.7690730180982104,1.8388569143154083,1.7445279805006293,2.59181469592718,3.1350957762386087,0.8
full_seed42_scaling_0p1_noise0p5_s5_a0p3_b0p8,42,scaling,0.1,0.5,5,0.3,crp,1.768004728417193,1.8382984952481496,1.741437731089552,2.59181469592718,3.1350957762386087,0.8
full_seed42_scaling_0p1_noise0p5_s9_a0p2_b0p7,42,scaling,0.1,0.5,9,0.2,fpr_owa,1.7348229099366324,1.8053493285305957,1.6926491094029965,2.482846544572616,2.913077083781724,0.7
full_seed42_scaling_0p1_noise0p5_s9_a0p2_b0p7,42,scaling,0.1,0.5,9,0.2,crp,1.7371064097238758,1.8090438692625224,1.68963985425178,2.5487702539413326,2.913077083781724,0.7
full_seed42_scaling_0p1_noise0p5_s9_a0p3_b0p8,42,scaling,0.1,0.5,9,0.3,fpr_owa,1.7101646741264973,1.7837314645438094,1.683003944763986,2.4993435784910822,2.859282516922032,0.8
full_seed42_scaling_0p1_noise0p5_s9_a0p3_b0p8,42,scaling,0.1,0.5,9,0.3,crp,1.714634369964053,1.7899032623402005,1.683003944763986,2.516320297869359,2.8612454678249226,0.8
full_seed42_scaling_0p2_noise0p1_s13_a0p2_b0p7,42,scaling,0.2,0.1,13,0.2,fpr_owa,1.2315615071996422,1.2801745967010572,1.2164784644319817,1.7001841859485003,1.840054167111992,0.7
full_seed42_scaling_0p2_noise0p1_s13_a0p2_b0p7,42,scaling,0.2,0.1,13,0.2,crp,1.2315615071996422,1.2801745967010572,1.2164784644319817,1.7001841859485003,1.840054167111992,0.7
full_seed42_scaling_0p2_noise0p1_s13_a0p3_b0p8,42,scaling,0.2,0.1,13,0.3,fpr_owa,1.5000831275406814,1.5793036360623804,1.467721125366675,2.147669750988564,2.3048351055083622,0.8
full_seed42_scaling_0p2_noise0p1_s13_a0p3_b0p8,42,scaling,0.2,0.1,13,0.3,crp,1.5000831275406814,1.5793036360623804,1.467721125366675,2.147669750988564,2.3048351055083622,0.8
full_seed42_scaling_0p2_noise0p1_s5_a0p2_b0p7,42,scaling,0.2,0.1,5,0.2,fpr_owa,1.7866255589751645,1.8537504507726312,1.6597617337418074,2.494569001938653,2.582175321874684,0.7
full_seed42_scaling_0p2_noise0p1_s5_a0p2_b0p7,42,scaling,0.2,0.1,5,0.2,crp,1.7866255589751645,1.8537504507726312,1.6597617337418074,2.494569001938653,2.582175321874684,0.7
full_seed42_scaling_0p2_noise0p1_s5_a0p3_b0p8,42,scaling,0.2,0.1,5,0.3,fpr_owa,1.7875313864250493,1.8591702551199236,1.709190074391555,2.478389758013078,2.5635217374720267,0.8
full_seed42_scaling_0p2_noise0p1_s5_a0p3_b0p8,42,scaling,0.2,0.1,5,0.3,crp,1.7875313864250493,1.8591702551199236,1.709190074391555,2.478389758013078,2.5635217374720267,0.8
full_seed42_scaling_0p2_noise0p1_s9_a0p2_b0p7,42,scaling,0.2,0.1,9,0.2,fpr_owa,1.7896000533875271,1.8427347595218304,1.6524389488974516,2.4379939759362266,2.5120531370564776,0.7
full_seed42_scaling_0p2_noise0p1_s9_a0p2_b0p7,42,scaling,0.2,0.1,9,0.2,crp,1.7896000533875271,1.8427347595218304,1.6524389488974516,2.4379939759362266,2.5120531370564776,0.7
full_seed42_scaling_0p2_noise0p1_s9_a0p3_b0p8,42,scaling,0.2,0.1,9,0.3,fpr_owa,1.761592566715609,1.834701072901464,1.6295009197874322,2.492717437040654,2.6013060237435366,0.8
full_seed42_scaling_0p2_noise0p1_s9_a0p3_b0p8,42,scaling,0.2,0.1,9,0.3,crp,1.761592566715609,1.834701072901464,1.6295009197874322,2.492717437040654,2.6013060237435366,0.8
full_seed42_scaling_0p2_noise0p25_s13_a0p2_b0p7,42,scaling,0.2,0.25,13,0.2,fpr_owa,1.2480817306490837,1.3093624747197343,1.2312990451378174,1.809799028468965,2.1217379325437857,0.7
full_seed42_scaling_0p2_noise0p25_s13_a0p2_b0p7,42,scaling,0.2,0.25,13,0.2,crp,1.2480817306490837,1.3093624747197343,1.2312990451378174,1.809799028468965,2.1217379325437857,0.7
full_seed42_scaling_0p2_noise0p25_s13_a0p3_b0p8,42,scaling,0.2,0.25,13,0.3,fpr_owa,1.4539783382838578,1.5533292680865236,1.3948723140919697,2.2308061025988444,2.519537386682722,0.8
full_seed42_scaling_0p2_noise0p25_s13_a0p3_b0p8,42,scaling,0.2,0.25,13,0.3,crp,1.4539783382838578,1.5533292680865236,1.3948723140919697,2.2308061025988444,2.519537386682722,0.8
full_seed42_scaling_0p2_noise0p25_s5_a0p2_b0p7,42,scaling,0.2,0.25,5,0.2,fpr_owa,1.7773892240120874,1.8418925680012737,1.7038680787328149,2.498835294561254,2.815389482333832,0.7
full_seed42_scaling_0p2_noise0p25_s5_a0p2_b0p7,42,scaling,0.2,0.25,5,0.2,crp,1.7773892240120874,1.8418925680012737,1.7038680787328149,2.498835294561254,2.815389482333832,0.7
full_seed42_scaling_0p2_noise0p25_s5_a0p3_b0p8,42,scaling,0.2,0.25,5,0.3,fpr_owa,1.7852369419070897,1.851193188701076,1.7443385928369322,2.5069079720387064,2.776250636679851,0.8
full_seed42_scaling_0p2_noise0p25_s5_a0p3_b0p8,42,scaling,0.2,0.25,5,0.3,crp,1.7852369419070897,1.851193188701076,1.7443385928369322,2.5069079720387064,2.776250636679851,0.8
full_seed42_scaling_0p2_noise0p25_s9_a0p2_b0p7,42,scaling,0.2,0.25,9,0.2,fpr_owa,1.7627191093099412,1.823827399120124,1.656602317327223,2.4940656249637274,2.6593326846511403,0.7
full_seed42_scaling_0p2_noise0p25_s9_a0p2_b0p7,42,scaling,0.2,0.25,9,0.2,crp,1.7627191093099412,1.823827399120124,1.656602317327223,2.4940656249637274,2.6593326846511403,0.7
full_seed42_scaling_0p2_noise0p25_s9_a0p3_b0p8,42,scaling,0.2,0.25,9,0.3,fpr_owa,1.7395779019094983,1.8103017052326216,1.6509489208423616,2.4725093548432,2.658255809907123,0.8
full_seed42_scaling_0p2_noise0p25_s9_a0p3_b0p8,42,scaling,0.2,0.25,9,0.3,crp,1.7395779019094983,1.8103017052326216,1.6509489208423616,2.4725093548432,2.658255809907123,0.8
full_seed42_scaling_0p2_noise0p5_s13_a0p2_b0p7,42,scaling,0.2,0.5,13,0.2,fpr_owa,1.28830390572369,1.365321747890859,1.265929269496164,2.0756007227341517,2.641594135378434,0.7
full_seed42_scaling_0p2_noise0p5_s13_a0p2_b0p7,42,scaling,0.2,0.5,13,0.2,crp,1.3085402248962508,1.3905579699036,1.2756352883279596,2.07612222607847,2.53988273145536,0.7
full_seed42_scaling_0p2_noise0p5_s13_a0p3_b0p8,42,scaling,0.2,0.5,13,0.3,fpr_owa,1.400423780183321,1.5008469860102678,1.3303352733088976,2.3323337742581414,2.6372914222001493,0.8
full_seed42_scaling_0p2_noise0p5_s13_a0p3_b0p8,42,scaling,0.2,0.5,13,0.3,crp,1.4224537910812125,1.5267793152103282,1.334557410715508,2.3333269483701,2.780491338305748,0.8
full_seed42_scaling_0p2_noise0p5_s5_a0p2_b0p7,42,scaling,0.2,0.5,5,0.2,fpr_owa,1.7883468076618785,1.858072439610248,1.7595355053298625,2.558481364842733,3.0735129337104823,0.7
full_seed42_scaling_0p2_noise0p5_s5_a0p2_b0p7,42,scaling,0.2,0.5,5,0.2,crp,1.785681690664264,1.856660981481782,1.7595355053298625,2.558481364842733,3.0735129337104823,0.7
full_seed42_scaling_0p2_noise0p5_s5_a0p3_b0p8,42,scaling,0.2,0.5,5,0.3,fpr_owa,1.796142688013045,1.8659894772449432,1.772875264880989,2.59181469592718,3.1577870043852907,0.8
full_seed42_scaling_0p2_noise0p5_s5_a0p3_b0p8,42,scaling,0.2,0.5,5,0.3,crp,1.7948685196871532,1.8652796746496487,1.7646809719752443,2.59181469592718,3.1577870043852907,0.8
full_seed42_scaling_0p2_noise0p5_s9_a0p2_b0p7,42,scaling,0.2,0.5,9,0.2,fpr_owa,1.7486187712489278,1.8203444109490028,1.7211252706812696,2.5583240779250267,2.913077083781724,0.7
full_seed42_scaling_0p2_noise0p5_s9_a0p2_b0p7,42,scaling,0.2,0.5,9,0.2,crp,1.749183158488394,1.8212283084974088,1.7093503274173218,2.5583240779250267,2.913077083781724,0.7
full_seed42_scaling_0p2_noise0p5_s9_a0p3_b0p8,42,scaling,0.2,0.5,9,0.3,fpr_owa,1.7224053096538667,1.7963990302168993,1.694117962505423,2.52646610571717,2.8531266434757447,0.8
full_seed42_scaling_0p2_noise0p5_s9_a0p3_b0p8,42,scaling,0.2,0.5,9,0.3,crp,1.7270372864988492,1.8023131152959655,1.694117962505423,2.52646610571717,2.8612454678249226,0.8
full_seed42_scaling_0p3_noise0p1_s13_a0p2_b0p7,42,scaling,0.3,0.1,13,0.2,fpr_owa,1.2333930468545744,1.2857300302415864,1.2192700771093894,1.72228295626911,1.878144459710191,0.7
full_seed42_scaling_0p3_noise0p1_s13_a0p2_b0p7,42,scaling,0.3,0.1,13,0.2,crp,1.2333930468545744,1.2857300302415864,1.2192700771093894,1.72228295626911,1.878144459710191,0.7
full_seed42_scaling_0p3_noise0p1_s13_a0p3_b0p8,42,scaling,0.3,0.1,13,0.3,fpr_owa,1.5045083374318005,1.5874726896758946,1.4846124976524382,2.1929895320779917,2.3322017670643844,0.8
full_seed42_scaling_0p3_noise0p1_s13_a0p3_b0p8,42,scaling,0.3,0.1,13,0.3,crp,1.5045083374318005,1.5874726896758946,1.4846124976524382,2.1929895320779917,2.3322017670643844,0.8
full_seed42_scaling_0p3_noise0p1_s5_a0p2_b0p7,42,scaling,0.3,0.1,5,0.2,fpr_owa,1.802898502322013,1.872507506185516,1.683421550946176,2.503349634308911,2.6414718909850707,0.7
full_seed42_scaling_0p3_noise0p1_s5_a0p2_b0p7,42,scaling,0.3,0.1,5,0.2,crp,1.802898502322013,1.872507506185516,1.683421550946176,2.503349634308911,2.6414718909850707,0.7
full_seed42_scaling_0p3_noise0p1_s5_a0p3_b0p8,42,scaling,0.3,0.1,5,0.3,fpr_owa,1.8053476535667683,1.8781712725817583,1.708809721265543,2.50853807565676,2.6870947261302858,0.8
full_seed42_scaling_0p3_noise0p1_s5_a0p3_b0p8,42,scaling,0.3,0.1,5,0.3,crp,1.8053476535667683,1.8781712725817583,1.708809721265543,2.50853807565676,2.6870947261302858,0.8
full_seed42_scaling_0p3_noise0p1_s9_a0p2_b0p7,42,scaling,0.3,0.1,9,0.2,fpr_owa,1.8008507077703355,1.8574083254647984,1.6563541323249915,2.493133056528353,2.6524577882206324,0.7
full_seed42_scaling_0p3_noise0p1_s9_a0p2_b0p7,42,scaling,0.3,0.1,9,0.2,crp,1.8008507077703355,1.8574083254647984,1.6563541323249915,2.493133056528353,2.6524577882206324,0.7
full_seed42_scaling_0p3_noise0p1_s9_a0p3_b0p8,42,scaling,0.3,0.1,9,0.3,fpr_owa,1.772409425757899,1.8475931676695827,1.595218688657097,2.5300756108144635,2.6607485163006337,0.8
full_seed42_scaling_0p3_noise0p1_s9_a0p3_b0p8,42,scaling,0.3,0.1,9,0.3,crp,1.772409425757899,1.8475931676695827,1.595218688657097,2.5300756108144635,2.6607485163006337,0.8
full_seed42_scaling_0p3_noise0p25_s13_a0p2_b0p7,42,scaling,0.3,0.25,13,0.2,fpr_owa,1.2562069276237826,1.3174534177247057,1.2356321910358776,1.8564103803671628,2.1112732058415085,0.7
full_seed42_scaling_0p3_noise0p25_s13_a0p2_b0p7,42,scaling,0.3,0.25,13,0.2,crp,1.2562069276237826,1.3174534177247057,1.2356321910358776,1.8564103803671628,2.1112732058415085,0.7
full_seed42_scaling_0p3_noise0p25_s13_a0p3_b0p8,42,scaling,0.3,0.25,13,0.3,fpr_owa,1.461543697547787,1.5629942980910527,1.3989784269668175,2.266835576050861,2.498160042645865,0.8
full_seed42_scaling_0p3_noise0p25_s13_a0p3_b0p8,42,scaling,0.3,0.25,13,0.3,crp,1.461543697547787,1.5629942980910527,1.3989784269668175,2.266835576050861,2.498160042645865,0.8
full_seed42_scaling_0p3_noise0p25_s5_a0p2_b0p7,42,scaling,0.3,0.25,5,0.2,fpr_owa,1.8004877117779263,1.867081036820723,1.7471584886103346,2.5719200885355185,2.9045032827354174,0.7
full_seed42_scaling_0p3_noise0p25_s5_a0p2_b0p7,42,scaling,0.3,0.25,5,0.2,crp,1.8004877117779263,1.867081036820723,1.7471584886103346,2.5719200885355185,2.9045032827354174,0.7
full_seed42_scaling_0p3_noise0p25_s5_a0p3_b0p8,42,scaling,0.3,0.25,5,0.3,fpr_owa,1.8005158644746857,1.8668748548327592,1.7490473218846505,2.5340115594089974,2.8937128546332835,0.8
full_seed42_scaling_0p3_noise0p25_s5_a0p3_b0p8,42,scaling,0.3,0.25,5,0.3,crp,1.8005158644746857,1.8668748548327592,1.7490473218846505,2.5340115594089974,2.8937128546332835,0.8
full_seed42_scaling_0p3_noise0p25_s9_a0p2_b0p7,42,scaling,0.3,0.25,9,0.2,fpr_owa,1.7803580431923214,1.8403650952215096,1.6908530444908156,2.5193084468470897,2.6593326846511403,0.7
full_seed42_scaling_0p3_noise0p25_s9_a0p2_b0p7,42,scaling,0.3,0.25,9,0.2,crp,1.7803580431923214,1.8403650952215096,1.6908530444908156,2.5193084468470897,2.6593326846511403,0.7
full_seed42_scaling_0p3_noise0p25_s9_a0p3_b0p8,42,scaling,0.3,0.25,9,0.3,fpr_owa,1.7566587509316145,1.828175715489518,1.6556933245204783,2.538641484851573,2.763958348934352,0.8
full_seed42_scaling_0p3_noise0p25_s9_a0p3_b0p8,42,scaling,0.3,0.25,9,0.3,crp,1.7566587509316145,1.828175715489518,1.6556933245204783,2.538641484851573,2.763958348934352,0.8
full_seed42_scaling_0p3_noise0p5_s13_a0p2_b0p7,42,scaling,0.3,0.5,13,0.2,fpr_owa,1.2985932724828717,1.377527458195077,1.265929269496164,2.1039655807683983,2.565662607250045,0.7
full_seed42_scaling_0p3_noise0p5_s13_a0p2_b0p7,42,scaling,0.3,0.5,13,0.2,crp,1.3220995119233914,1.4085185094395314,1.2756352883279596,2.129711358154645,2.6460888397259983,0.7
full_seed42_scaling_0p3_noise0p5_s13_a0p3_b0p8,42,scaling,0.3,0.5,13,0.3,fpr_owa,1.4155281215741808,1.5184801267480152,1.3262716994300776,2.351401841015612,2.68694870183136,0.8
full_seed42_scaling_0p3_noise0p5_s13_a0p3_b0p8,42,scaling,0.3,0.5,13,0.3,crp,1.4386846444923038,1.5452215933222115,1.325879378880895,2.364238473694318,2.7043322745167395,0.8
full_seed42_scaling_0p3_noise0p5_s5_a0p2_b0p7,42,scaling,0.3,0.5,5,0.2,fpr_owa,1.812190531231605,1.8851436205146064,1.8005632217710512,2.695536693651482,3.138327191163073,0.7
full_seed42_scaling_0p3_noise0p5_s5_a0p2_b0p7,42,scaling,0.3,0.5,5,0.2,crp,1.810520486981605,1.8845756000999652,1.7940171645126113,2.695536693651482,3.138327191163073,0.7
full_seed42_scaling_0p3_noise0p5_s5_a0p3_b0p8,42,scaling,0.3,0.5,5,0.3,fpr_owa,1.8135802647145385,1.8859778362506523,1.7925660074707248,2.6679521225980825,3.259325382481808,0.8
full_seed42_scaling_0p3_noise0p5_s5_a0p3_b0p8,42,scaling,0.3,0.5,5,0.3,crp,1.8143345682535996,1.8874894755296416,1.7838804576919776,2.6679521225980825,3.259325382481808,0.8
full_seed42_scaling_0p3_noise0p5_s9_a0p2_b0p7,42,scaling,0.3,0.5,9,0.2,fpr_owa,1.7627501390700595,1.833612334749752,1.7073942591974045,2.593081526500748,2.9312445197174988,0.7
full_seed42_scaling_0p3_noise0p5_s9_a0p2_b0p7,42,scaling,0.3,0.5,9,0.2,crp,1.7632596640296638,1.834912017152337,1.702920321787064,2.596192956603618,2.9312445197174988,0.7
full_seed42_scaling_0p3_noise0p5_s9_a0p3_b0p8,42,scaling,0.3,0.5,9,0.3,fpr_owa,1.7336127986332253,1.8077256000592752,1.713466502290536,2.5356775853465057,2.9375937662231264,0.8
full_seed42_scaling_0p3_noise0p5_s9_a0p3_b0p8,42,scaling,0.3,0.5,9,0.3,crp,1.7398652099899876,1.8156907374059996,1.7078577513284223,2.549085050539359,2.9375937662231264,0.8
full_seed42_scaling_0p4_noise0p1_s13_a0p2_b0p7,42,scaling,0.4,0.1,13,0.2,fpr_owa,1.2397469977618352,1.293695389103604,1.222610144600862,1.7468803971872475,1.8959329228258968,0.7
full_seed42_scaling_0p4_noise0p1_s13_a0p2_b0p7,42,scaling,0.4,0.1,13,0.2,crp,1.2397469977618352,1.293695389103604,1.222610144600862,1.7468803971872475,1.8959329228258968,0.7
full_seed42_scaling_0p4_noise0p1_s13_a0p3_b0p8,42,scaling,0.4,0.1,13,0.3,fpr_owa,1.5100270012193668,1.5968284641365722,1.490861700943542,2.224656703584663,2.3799629211582234,0.8
full_seed42_scaling_0p4_noise0p1_s13_a0p3_b0p8,42,scaling,0.4,0.1,13,0.3,crp,1.5100270012193668,1.5968284641365722,1.490861700943542,2.224656703584663,2.3799629211582234,0.8
full_seed42_scaling_0p4_noise0p1_s5_a0p2_b0p7,42,scaling,0.4,0.1,5,0.2,fpr_owa,1.802898502322013,1.872507506185516,1.683421550946176,2.503349634308911,2.6414718909850707,0.7
full_seed42_scaling_0p4_noise0p1_s5_a0p2_b0p7,42,scaling,0.4,0.1,5,0.2,crp,1.802898502322013,1.872507506185516,1.683421550946176,2.503349634308911,2.6414718909850707,0.7
full_seed42_scaling_0p4_noise0p1_s5_a0p3_b0p8,42,scaling,0.4,0.1,5,0.3,fpr_owa,1.8053476535667683,1.8781712725817583,1.708809721265543,2.50853807565676,2.6870947261302858,0.8
full_seed42_scaling_0p4_noise0p1_s5_a0p3_b0p8,42,scaling,0.4,0.1,5,0.3,crp,1.8053476535667683,1.8781712725817583,1.708809721265543,2.50853807565676,2.6870947261302858,0.8
full_seed42_scaling_0p4_noise0p1_s9_a0p2_b0p7,42,scaling,0.4,0.1,9,0.2,fpr_owa,1.8174320502860744,1.8748054187962044,1.6431581653978975,2.5324894959764603,2.6763023641158314,0.7
full_seed42_scaling_0p4_noise0p1_s9_a0p2_b0p7,42,scaling,0.4,0.1,9,0.2,crp,1.8174320502860744,1.8748054187962044,1.6431581653978975,2.5324894959764603,2.6763023641158314,0.7
full_seed42_scaling_0p4_noise0p1_s9_a0p3_b0p8,42,scaling,0.4,0.1,9,0.3,fpr_owa,1.786746740461728,1.8646296376164528,1.6325051446959722,2.5906981706445324,2.663099888009223,0.8
full_seed42_scaling_0p4_noise0p1_s9_a0p3_b0p8,42,scaling,0.4,0.1,9,0.3,crp,1.786746740461728,1.8646296376164528,1.6325051446959722,2.5906981706445324,2.663099888009223,0.8
full_seed42_scaling_0p4_noise0p25_s13_a0p2_b0p7,42,scaling,0.4,0.25,13,0.2,fpr_owa,1.2672570949707256,1.32989739655627,1.2528989256554988,1.873496117060634,2.1293237694339364,0.7
full_seed42_scaling_0p4_noise0p25_s13_a0p2_b0p7,42,scaling,0.4,0.25,13,0.2,crp,1.2672570949707256,1.32989739655627,1.2528989256554988,1.873496117060634,2.1293237694339364,0.7
full_seed42_scaling_0p4_noise0p25_s13_a0p3_b0p8,42,scaling,0.4,0.25,13,0.3,fpr_owa,1.476985805894799,1.5809771362262677,1.4242816536791714,2.295169973327065,2.5459211967397035,0.8
full_seed42_scaling_0p4_noise0p25_s13_a0p3_b0p8,42,scaling,0.4,0.25,13,0.3,crp,1.476985805894799,1.5809771362262677,1.4242816536791714,2.295169973327065,2.5459211967397035,0.8
full_seed42_scaling_0p4_noise0p25_s5_a0p2_b0p7,42,scaling,0.4,0.25,5,0.2,fpr_owa,1.8004877117779263,1.867081036820723,1.7471584886103346,2.5719200885355185,2.9045032827354174,0.7
full_seed42_scaling_0p4_noise0p25_s5_a0p2_b0p7,42,scaling,0.4,0.25,5,0.2,crp,1.8004877117779263,1.867081036820723,1.7471584886103346,2.5719200885355185,2.9045032827354174,0.7
full_seed42_scaling_0p4_noise0p25_s5_a0p3_b0p8,42,scaling,0.4,0.25,5,0.3,fpr_owa,1.8005158644746857,1.8668748548327592,1.7490473218846505,2.5340115594089974,2.8937128546332835,0.8
full_seed42_scaling_0p4_noise0p25_s5_a0p3_b0p8,42,scaling,0.4,0.25,5,0.3,crp,1.8005158644746857,1.8668748548327592,1.7490473218846505,2.5340115594089974,2.8937128546332835,0.8
full_seed42_scaling_0p4_noise0p25_s9_a0p2_b0p7,42,scaling,0.4,0.25,9,0.2,fpr_owa,1.7986627941632327,1.8597717292738625,1.6978579515502863,2.5424028282067748,2.7058847605791967,0.7
full_seed42_scaling_0p4_noise0p25_s9_a0p2_b0p7,42,scaling,0.4,0.25,9,0.2,crp,1.7986627941632327,1.8597717292738625,1.6978579515502863,2.5424028282067748,2.7058847605791967,0.7
full_seed42_scaling_0p4_noise0p25_s9_a0p3_b0p8,42,scaling,0.4,0.25,9,0.3,fpr_owa,1.773477236843245,1.8464625024697616,1.6950023111741312,2.558517877802401,2.826897437121208,0.8
full_seed42_scaling_0p4_noise0p25_s9_a0p3_b0p8,42,scaling,0.4,0.25,9,0.3,crp,1.773477236843245,1.8464625024697616,1.6950023111741312,2.558517877802401,2.826897437121208,0.8
full_seed42_scaling_0p4_noise0p5_s13_a0p2_b0p7,42,scaling,0.4,0.5,13,0.2,fpr_owa,1.307264333569828,1.3883061396463563,1.2698779980888375,2.121477374257459,2.6415941353784342,0.7
full_seed42_scaling_0p4_noise0p5_s13_a0p2_b0p7,42,scaling,0.4,0.5,13,0.2,crp,1.3312634976638575,1.4192085471293725,1.284934912224184,2.155901247342209,2.697830089994324,0.7
full_seed42_scaling_0p4_noise0p5_s13_a0p3_b0p8,42,scaling,0.4,0.5,13,0.3,fpr_owa,1.4247165925008112,1.5295956181863328,1.3262716994300776,2.374473865760435,2.564292222191555,0.8
full_seed42_scaling_0p4_noise0p5_s13_a0p3_b0p8,42,scaling,0.4,0.5,13,0.3,crp,1.4482476462519904,1.5569677038794176,1.334557410715508,2.450481049052688,2.677273850548973,0.8
full_seed42_scaling_0p4_noise0p5_s5_a0p2_b0p7,42,scaling,0.4,0.5,5,0.2,fpr_owa,1.812190531231605,1.8851436205146064,1.8005632217710512,2.695536693651482,3.138327191163073,0.7
full_seed42_scaling_0p4_noise0p5_s5_a0p2_b0p7,42,scaling,0.4,0.5,5,0.2,crp,1.810520486981605,1.8845756000999652,1.7940171645126113,2.695536693651482,3.138327191163073,0.7
full_seed42_scaling_0p4_noise0p5_s5_a0p3_b0p8,42,scaling,0.4,0.5,5,0.3,fpr_owa,1.8135802647145385,1.8859778362506523,1.7925660074707248,2.6679521225980825,3.259325382481808,0.8
full_seed42_scaling_0p4_noise0p5_s5_a0p3_b0p8,42,scaling,0.4,0.5,5,0.3,crp,1.8143345682535996,1.8874894755296416,1.7838804576919776,2.6679521225980825,3.259325382481808,0.8
full_seed42_scaling_0p4_noise0p5_s9_a0p2_b0p7,42,scaling,0.4,0.5,9,0.2,fpr_owa,1.7748511093489796,1.8470080565703744,1.738349662595856,2.6111525015167225,3.001713675736663,0.7
full_seed42_scaling_0p4_noise0p5_s9_a0p2_b0p7,42,scaling,0.4,0.5,9,0.2,crp,1.7749366850713968,1.8477751419815107,1.7093503274173218,2.596192956603618,3.001713675736663,0.7
full_seed42_scaling_0p4_noise0p5_s9_a0p3_b0p8,42,scaling,0.4,0.5,9,0.3,fpr_owa,1.7434291532664072,1.819782139605048,1.7152092740078049,2.576050335497873,2.9872723750189807,0.8
full_seed42_scaling_0p4_noise0p5_s9_a0p3_b0p8,42,scaling,0.4,0.5,9,0.3,crp,1.7500435012580948,1.8280283200156,1.7078577513284223,2.5687586793785493,2.9872723750189807,0.8
full_seed42_spike_0p0_noise0p1_s13_a0p2_b0p7,42,spike,0.0,0.1,13,0.2,fpr_owa,1.204747239572172,1.2494632978305504,1.1889131152852903,1.6246678019843126,1.7409750298089346,0.7
full_seed42_spike_0p0_noise0p1_s13_a0p2_b0p7,42,spike,0.0,0.1,13,0.2,crp,1.204747239572172,1.2494632978305504,1.1889131152852903,1.6246678019843126,1.7409750298089346,0.7
full_seed42_spike_0p0_noise0p1_s13_a0p3_b0p8,42,spike,0.0,0.1,13,0.3,fpr_owa,1.4630984710557349,1.53918642759298,1.413795553401175,2.075003842309166,2.180546407161522,0.8
full_seed42_spike_0p0_noise0p1_s13_a0p3_b0p8,42,spike,0.0,0.1,13,0.3,crp,1.4630984710557349,1.53918642759298,1.413795553401175,2.075003842309166,2.180546407161522,0.8
full_seed42_spike_0p0_noise0p1_s5_a0p2_b0p7,42,spike,0.0,0.1,5,0.2,fpr_owa,1.7659881470137384,1.8341841107834416,1.6422287024709643,2.4841127883853624,2.582175321874684,0.7
full_seed42_spike_0p0_noise0p1_s5_a0p2_b0p7,42,spike,0.0,0.1,5,0.2,crp,1.7659881470137384,1.8341841107834416,1.6422287024709643,2.4841127883853624,2.582175321874684,0.7
full_seed42_spike_0p0_noise0p1_s5_a0p3_b0p8,42,spike,0.0,0.1,5,0.3,fpr_owa,1.7701030429409303,1.8429993973058765,1.6794693923244517,2.462546527583412,2.5635217374720267,0.8
full_seed42_spike_0p0_noise0p1_s5_a0p3_b0p8,42,spike,0.0,0.1,5,0.3,crp,1.7701030429409303,1.8429993973058765,1.6794693923244517,2.462546527583412,2.5635217374720267,0.8
full_seed42_spike_0p0_noise0p1_s9_a0p2_b0p7,42,spike,0.0,0.1,9,0.2,fpr_owa,1.7673726147488216,1.820046874004744,1.6165328076382752,2.410040800315646,2.5120531370564776,0.7
full_seed42_spike_0p0_noise0p1_s9_a0p2_b0p7,42,spike,0.0,0.1,9,0.2,crp,1.7673726147488216,1.820046874004744,1.6165328076382752,2.410040800315646,2.5120531370564776,0.7
full_seed42_spike_0p0_noise0p1_s9_a0p3_b0p8,42,spike,0.0,0.1,9,0.3,fpr_owa,1.7371656879270818,1.8102685437459043,1.5684284081958748,2.4840048378615034,2.6013060237435366,0.8
full_seed42_spike_0p0_noise0p1_s9_a0p3_b0p8,42,spike,0.0,0.1,9,0.3,crp,1.7371656879270818,1.8102685437459043,1.5684284081958748,2.4840048378615034,2.6013060237435366,0.8
full_seed42_spike_0p0_noise0p25_s13_a0p2_b0p7,42,spike,0.0,0.25,13,0.2,fpr_owa,1.2239519384539213,1.2817026770540818,1.205182468431389,1.760113942280174,2.024275092535646,0.7
full_seed42_spike_0p0_noise0p25_s13_a0p2_b0p7,42,spike,0.0,0.25,13,0.2,crp,1.2239519384539213,1.2817026770540818,1.205182468431389,1.760113942280174,2.024275092535646,0.7
full_seed42_spike_0p0_noise0p25_s13_a0p3_b0p8,42,spike,0.0,0.25,13,0.3,fpr_owa,1.4230427131961676,1.5184860649784044,1.3737965524029805,2.155221273762169,2.39418818999486,0.8
full_seed42_spike_0p0_noise0p25_s13_a0p3_b0p8,42,spike,0.0,0.25,13,0.3,crp,1.4230427131961676,1.5184860649784044,1.3737965524029805,2.155221273762169,2.39418818999486,0.8
full_seed42_spike_0p0_noise0p25_s5_a0p2_b0p7,42,spike,0.0,0.25,5,0.2,fpr_owa,1.7534629815201763,1.8176348178843071,1.6702733419829094,2.498835294561254,2.766426926313108,0.7
full_seed42_spike_0p0_noise0p25_s5_a0p2_b0p7,42,spike,0.0,0.25,5,0.2,crp,1.7534629815201763,1.8176348178843071,1.6702733419829094,2.498835294561254,2.766426926313108,0.7
full_seed42_spike_0p0_noise0p25_s5_a0p3_b0p8,42,spike,0.0,0.25,5,0.3,fpr_owa,1.7656647976945776,1.8313428892170025,1.736099880157009,2.4929046761809115,2.754470971714729,0.8
full_seed42_spike_0p0_noise0p25_s5_a0p3_b0p8,42,spike,0.0,0.25,5,0.3,crp,1.7656647976945776,1.8313428892170025,1.736099880157009,2.4929046761809115,2.754470971714729,0.8
full_seed42_spike_0p0_noise0p25_s9_a0p2_b0p7,42,spike,0.0,0.25,9,0.2,fpr_owa,1.7426996887661814,1.8000693487288324,1.6339637308116035,2.423123977132854,2.6593326846511403,0.7
full_seed42_spike_0p0_noise0p25_s9_a0p2_b0p7,42,spike,0.0,0.25,9,0.2,crp,1.7426996887661814,1.8000693487288324,1.6339637308116035,2.423123977132854,2.6593326846511403,0.7
full_seed42_spike_0p0_noise0p25_s9_a0p3_b0p8,42,spike,0.0,0.25,9,0.3,fpr_owa,1.7265432730010424,1.7937771837860732,1.6347870467410623,2.443306404915865,2.6370559037383408,0.8
full_seed42_spike_0p0_noise0p25_s9_a0p3_b0p8,42,spike,0.0,0.25,9,0.3,crp,1.7265432730010424,1.7937771837860732,1.6347870467410623,2.443306404915865,2.6370559037383408,0.8
full_seed42_spike_0p0_noise0p5_s13_a0p2_b0p7,42,spike,0.0,0.5,13,0.2,fpr_owa,1.2651689934985595,1.340754609269621,1.2510081640849386,1.9562212874413472,2.5391523953948094,0.7
full_seed42_spike_0p0_noise0p5_s13_a0p2_b0p7,42,spike,0.0,0.5,13,0.2,crp,1.284561218612761,1.3646185726599638,1.2630539040967008,2.015940409188442,2.4364860782429374,0.7
full_seed42_spike_0p0_noise0p5_s13_a0p3_b0p8,42,spike,0.0,0.5,13,0.3,fpr_owa,1.367046147538045,1.4636488360017177,1.3150144644377917,2.2460766148079334,2.527203313790653,0.8
full_seed42_spike_0p0_noise0p5_s13_a0p3_b0p8,42,spike,0.0,0.5,13,0.3,crp,1.3858737764666416,1.484557095299884,1.325879378880895,2.259339098916841,2.6226030977850723,0.8
full_seed42_spike_0p0_noise0p5_s5_a0p2_b0p7,42,spike,0.0,0.5,5,0.2,fpr_owa,1.7663549785759736,1.835242703992113,1.7353897935097486,2.5297316606163123,3.0735129337104823,0.7
full_seed42_spike_0p0_noise0p5_s5_a0p2_b0p7,42,spike,0.0,0.5,5,0.2,crp,1.7626146065100063,1.8325422939002585,1.7303133373235235,2.5297316606163123,3.0735129337104823,0.7
full_seed42_spike_0p0_noise0p5_s5_a0p3_b0p8,42,spike,0.0,0.5,5,0.3,fpr_owa,1.7690730180982104,1.8388569143154083,1.7445279805006293,2.59181469592718,3.1350957762386087,0.8
full_seed42_spike_0p0_noise0p5_s5_a0p3_b0p8,42,spike,0.0,0.5,5,0.3,crp,1.768004728417193,1.8382984952481496,1.741437731089552,2.59181469592718,3.1350957762386087,0.8
full_seed42_spike_0p0_noise0p5_s9_a0p2_b0p7,42,spike,0.0,0.5,9,0.2,fpr_owa,1.7166312646319943,1.7837266978711783,1.6667549411243054,2.4252408629733706,2.913077083781724,0.7
full_seed42_spike_0p0_noise0p5_s9_a0p2_b0p7,42,spike,0.0,0.5,9,0.2,crp,1.722498070820149,1.7922704651931152,1.6647032396139083,2.480474689679588,2.913077083781724,0.7
full_seed42_spike_0p0_noise0p5_s9_a0p3_b0p8,42,spike,0.0,0.5,9,0.3,fpr_owa,1.6986998747237194,1.770390544901288,1.680218113046028,2.473113970704796,2.8112617669113744,0.8
full_seed42_spike_0p0_noise0p5_s9_a0p3_b0p8,42,spike,0.0,0.5,9,0.3,crp,1.7059254523153575,1.7803442780136858,1.680218113046028,2.495307423016442,2.8612454678249226,0.8
full_seed42_spike_0p1_noise0p1_s13_a0p2_b0p7,42,spike,0.1,0.1,13,0.2,fpr_owa,1.0956926014613777,1.1364840781713783,1.1011357439108562,1.5749386050940166,1.6999793311916491,0.7
full_seed42_spike_0p1_noise0p1_s13_a0p2_b0p7,42,spike,0.1,0.1,13,0.2,crp,1.153108370157155,1.2002796854160618,1.1474554664336574,1.5749386050940166,1.6999793311916491,0.7
full_seed42_spike_0p1_noise0p1_s13_a0p3_b0p8,42,spike,0.1,0.1,13,0.3,fpr_owa,1.3602603560634947,1.4323162720810432,1.337230913070314,2.021672961025869,2.180546407161522,0.8
full_seed42_spike_0p1_noise0p1_s13_a0p3_b0p8,42,spike,0.1,0.1,13,0.3,crp,1.421658871173656,1.499634763023489,1.402456675541491,2.0255970620695254,2.180546407161522,0.8
full_seed42_spike_0p1_noise0p1_s5_a0p2_b0p7,42,spike,0.1,0.1,5,0.2,fpr_owa,1.7659881470137384,1.8341841107834416,1.6422287024709643,2.4841127883853624,2.582175321874684,0.7
full_seed42_spike_0p1_noise0p1_s5_a0p2_b0p7,42,spike,0.1,0.1,5,0.2,crp,1.7659881470137384,1.8341841107834416,1.6422287024709643,2.4841127883853624,2.582175321874684,0.7
full_seed42_spike_0p1_noise0p1_s5_a0p3_b0p8,42,spike,0.1,0.1,5,0.3,fpr_owa,1.7701030429409303,1.8429993973058765,1.6794693923244517,2.462546527583412,2.5635217374720267,0.8
full_seed42_spike_0p1_noise0p1_s5_a0p3_b0p8,42,spike,0.1,0.1,5,0.3,crp,1.7701030429409303,1.8429993973058765,1.6794693923244517,2.462546527583412,2.5635217374720267,0.8
full_seed42_spike_0p1_noise0p1_s9_a0p2_b0p7,42,spike,0.1,0.1,9,0.2,fpr_owa,1.7270619779384018,1.7721464789706023,1.6382596260802482,2.3697408503836046,2.5120531370564776,0.7
full_seed42_spike_0p1_noise0p1_s9_a0p2_b0p7,42,spike,0.1,0.1,9,0.2,crp,1.7684140358909366,1.8206174971369105,1.6393940662301882,2.400422972309749,2.5120531370564776,0.7
full_seed42_spike_0p1_noise0p1_s9_a0p3_b0p8,42,spike,0.1,0.1,9,0.3,fpr_owa,1.7348314570752024,1.8017193368228024,1.595218688657097,2.4477258928356656,2.6013060237435366,0.8
full_seed42_spike_0p1_noise0p1_s9_a0p3_b0p8,42,spike,0.1,0.1,9,0.3,crp,1.7379363924577702,1.812758959687077,1.582262347304503,2.4906301135806075,2.6013060237435366,0.8
full_seed42_spike_0p1_noise0p25_s13_a0p2_b0p7,42,spike,0.1,0.25,13,0.2,fpr_owa,1.1325337111347122,1.1842602496582448,1.1164884428854562,1.6714562672705104,1.9006810444329747,0.7
full_seed42_spike_0p1_noise0p25_s13_a0p2_b0p7,42,spike,0.1,0.25,13,0.2,crp,1.1839247622632327,1.2417378101736325,1.1802940881756816,1.7076457839859327,1.9006810444329747,0.7
full_seed42_spike_0p1_noise0p25_s13_a0p3_b0p8,42,spike,0.1,0.25,13,0.3,fpr_owa,1.336533065189697,1.4252907093049716,1.3456056447612013,2.0807052266070976,2.31606989625212,0.8
full_seed42_spike_0p1_noise0p25_s13_a0p3_b0p8,42,spike,0.1,0.25,13,0.3,crp,1.3875563031961613,1.483745596578677,1.356801928454526,2.11050539339648,2.31606989625212,0.8
full_seed42_spike_0p1_noise0p25_s5_a0p2_b0p7,42,spike,0.1,0.25,5,0.2,fpr_owa,1.7534629815201763,1.8176348178843071,1.6702733419829094,2.498835294561254,2.766426926313108,0.7
full_seed42_spike_0p1_noise0p25_s5_a0p2_b0p7,42,spike,0.1,0.25,5,0.2,crp,1.7534629815201763,1.8176348178843071,1.6702733419829094,2.498835294561254,2.766426926313108,0.7
full_seed42_spike_0p1_noise0p25_s5_a0p3_b0p8,42,spike,0.1,0.25,5,0.3,fpr_owa,1.7656647976945776,1.8313428892170025,1.736099880157009,2.4929046761809115,2.754470971714729,0.8
full_seed42_spike_0p1_noise0p25_s5_a0p3_b0p8,42,spike,0.1,0.25,5,0.3,crp,1.7656647976945776,1.8313428892170025,1.736099880157009,2.4929046761809115,2.754470971714729,0.8
full_seed42_spike_0p1_noise0p25_s9_a0p2_b0p7,42,spike,0.1,0.25,9,0.2,fpr_owa,1.714429572529663,1.7666563083119793,1.6061408710631595,2.3612735410008123,2.6593326846511403,0.7
full_seed42_spike_0p1_noise0p25_s9_a0p2_b0p7,42,spike,0.1,0.25,9,0.2,crp,1.7415575038215214,1.8004128348659216,1.628416628304398,2.443929572172893,2.6593326846511403,0.7
full_seed42_spike_0p1_noise0p25_s9_a0p3_b0p8,42,spike,0.1,0.25,9,0.3,fpr_owa,1.7261245376898302,1.7925319024154145,1.6295334557841024,2.4413214308973057,2.6370559037383408,0.8
full_seed42_spike_0p1_noise0p25_s9_a0p3_b0p8,42,spike,0.1,0.25,9,0.3,crp,1.71718228737191,1.788268423627215,1.6340519188776563,2.4526919643897958,2.6370559037383408,0.8
full_seed42_spike_0p1_noise0p5_s13_a0p2_b0p7,42,spike,0.1,0.5,13,0.2,fpr_owa,1.1871218645919588,1.2531901776516527,1.1785611384418084,1.871999052699581,2.1447835628418845,0.7
full_seed42_spike_0p1_noise0p5_s13_a0p2_b0p7,42,spike,0.1,0.5,13,0.2,crp,1.2417741124462145,1.320787851960694,1.2428268035172954,1.949669788719252,2.3223052713371315,0.7
full_seed42_spike_0p1_noise0p5_s13_a0p3_b0p8,42,spike,0.1,0.5,13,0.3,fpr_owa,1.2994080499015184,1.3923578222223612,1.246223219199805,2.163687136633319,2.487182695732886,0.8
full_seed42_spike_0p1_noise0p5_s13_a0p3_b0p8,42,spike,0.1,0.5,13,0.3,crp,1.3598885132796303,1.4597186923836991,1.3067285542637146,2.242539021733839,2.6226030977850723,0.8
full_seed42_spike_0p1_noise0p5_s5_a0p2_b0p7,42,spike,0.1,0.5,5,0.2,fpr_owa,1.7663549785759736,1.835242703992113,1.7353897935097486,2.5297316606163123,3.0735129337104823,0.7
full_seed42_spike_0p1_noise0p5_s5_a0p2_b0p7,42,spike,0.1,0.5,5,0.2,crp,1.7626146065100063,1.8325422939002585,1.7303133373235235,2.5297316606163123,3.0735129337104823,0.7
full_seed42_spike_0p1_noise0p5_s5_a0p3_b0p8,42,spike,0.1,0.5,5,0.3,fpr_owa,1.7690730180982104,1.8388569143154083,1.7445279805006293,2.59181469592718,3.1350957762386087,0.8
full_seed42_spike_0p1_noise0p5_s5_a0p3_b0p8,42,spike,0.1,0.5,5,0.3,crp,1.768004728417193,1.8382984952481496,1.741437731089552,2.59181469592718,3.1350957762386087,0.8
full_seed42_spike_0p1_noise0p5_s9_a0p2_b0p7,42,spike,0.1,0.5,9,0.2,fpr_owa,1.6945204440157284,1.758520819066041,1.653847352288372,2.393814735378921,2.913077083781724,0.7
full_seed42_spike_0p1_noise0p5_s9_a0p2_b0p7,42,spike,0.1,0.5,9,0.2,crp,1.7212868344456975,1.7940986392151317,1.653847352288372,2.529156033260733,2.913077083781724,0.7
full_seed42_spike_0p1_noise0p5_s9_a0p3_b0p8,42,spike,0.1,0.5,9,0.3,fpr_owa,1.6957790039852536,1.7685191997498446,1.6798635961889588,2.4614416196242277,2.8112617669113744,0.8
full_seed42_spike_0p1_noise0p5_s9_a0p3_b0p8,42,spike,0.1,0.5,9,0.3,crp,1.6966620054401516,1.7755220818544917,1.6775193275538762,2.54593731558886,2.8612454678249226,0.8
full_seed42_spike_0p2_noise0p1_s13_a0p2_b0p7,42,spike,0.2,0.1,13,0.2,fpr_owa,1.0084216326008024,1.0987521146344144,1.05796146319659,1.5749386050940166,1.6999793311916491,0.7
full_seed42_spike_0p2_noise0p1_s13_a0p2_b0p7,42,spike,0.2,0.1,13,0.2,crp,0.971608478056311,1.0520150794574583,0.9683362257697338,1.587509363872618,2.012167717154433,0.7
full_seed42_spike_0p2_noise0p1_s13_a0p3_b0p8,42,spike,0.2,0.1,13,0.3,fpr_owa,1.2231394032418623,1.3053059608899669,1.1944129144245048,2.021672961025869,2.180546407161522,0.8
full_seed42_spike_0p2_noise0p1_s13_a0p3_b0p8,42,spike,0.2,0.1,13,0.3,crp,1.0258930212125257,1.1990103251388664,1.025179862652844,2.0182602212335667,2.180546407161522,0.8
full_seed42_spike_0p2_noise0p1_s5_a0p2_b0p7,42,spike,0.2,0.1,5,0.2,fpr_owa,1.747785959347822,1.8098997209469596,1.6469062716076237,2.4648521150204075,2.582175321874684,0.7
full_seed42_spike_0p2_noise0p1_s5_a0p2_b0p7,42,spike,0.2,0.1,5,0.2,crp,1.7684226776981744,1.8382696298130845,1.6703459717047855,2.487780934233936,2.582175321874684,0.7
full_seed42_spike_0p2_noise0p1_s5_a0p3_b0p8,42,spike,0.2,0.1,5,0.3,fpr_owa,1.7542877726115578,1.8206497330472176,1.6381001241185806,2.455018040894299,2.5635217374720267,0.8
full_seed42_spike_0p2_noise0p1_s5_a0p3_b0p8,42,spike,0.2,0.1,5,0.3,crp,1.770374204108577,1.844279144710922,1.6882020579875476,2.4918358003337358,2.6083188119643475,0.8
full_seed42_spike_0p2_noise0p1_s9_a0p2_b0p7,42,spike,0.2,0.1,9,0.2,fpr_owa,1.5883056709976586,1.6539267931453097,1.484141180957038,2.355383738183478,2.5120531370564776,0.7
full_seed42_spike_0p2_noise0p1_s9_a0p2_b0p7,42,spike,0.2,0.1,9,0.2,crp,1.758543210427996,1.8114262561517291,1.681211556690853,2.405306360384252,2.5439354587333427,0.7
full_seed42_spike_0p2_noise0p1_s9_a0p3_b0p8,42,spike,0.2,0.1,9,0.3,fpr_owa,1.683692304409815,1.74513147596106,1.5869093898935605,2.4341264154604545,2.6013060237435366,0.8
full_seed42_spike_0p2_noise0p1_s9_a0p3_b0p8,42,spike,0.2,0.1,9,0.3,crp,1.7330159371299076,1.807223100784572,1.5999109229302664,2.465262747872889,2.6013060237435366,0.8
full_seed42_spike_0p2_noise0p25_s13_a0p2_b0p7,42,spike,0.2,0.25,13,0.2,fpr_owa,0.998254292446912,1.0963025526075836,1.0520837250867547,1.665097330194273,1.9006810444329747,0.7
full_seed42_spike_0p2_noise0p25_s13_a0p2_b0p7,42,spike,0.2,0.25,13,0.2,crp,1.02574931026835,1.1106843630697412,1.021834906462133,1.7009534678136131,2.025300473023758,0.7
full_seed42_spike_0p2_noise0p25_s13_a0p3_b0p8,42,spike,0.2,0.25,13,0.3,fpr_owa,1.182196317933605,1.277341439913084,1.075933659455715,2.0807052266070976,2.31606989625212,0.8
full_seed42_spike_0p2_noise0p25_s13_a0p3_b0p8,42,spike,0.2,0.25,13,0.3,crp,1.1152237570115278,1.251344704050975,1.0598594420438732,2.0807052266070976,2.271889321770841,0.8
full_seed42_spike_0p2_noise0p25_s5_a0p2_b0p7,42,spike,0.2,0.25,5,0.2,fpr_owa,1.744318653405247,1.8054908522323807,1.6710283700572348,2.515228960611456,2.766426926313108,0.7
full_seed42_spike_0p2_noise0p25_s5_a0p2_b0p7,42,spike,0.2,0.25,5,0.2,crp,1.7538688466073311,1.8195010728527,1.6742390782641534,2.549007868420959,2.766426926313108,0.7
full_seed42_spike_0p2_noise0p25_s5_a0p3_b0p8,42,spike,0.2,0.25,5,0.3,fpr_owa,1.7527601750469464,1.8158625315816208,1.6641048376078773,2.4896699235832105,2.685218321137698,0.8
full_seed42_spike_0p2_noise0p25_s5_a0p3_b0p8,42,spike,0.2,0.25,5,0.3,crp,1.753862737383526,1.822183544516937,1.6757975929814644,2.5250326273608144,2.7744101653328657,0.8
full_seed42_spike_0p2_noise0p25_s9_a0p2_b0p7,42,spike,0.2,0.25,9,0.2,fpr_owa,1.5843628741319284,1.6551889444017778,1.5155505613434088,2.3587571327857444,2.6593326846511403,0.7
full_seed42_spike_0p2_noise0p25_s9_a0p2_b0p7,42,spike,0.2,0.25,9,0.2,crp,1.7391847452046283,1.8010522819614907,1.6369518211453444,2.483819796759826,2.6593326846511403,0.7
full_seed42_spike_0p2_noise0p25_s9_a0p3_b0p8,42,spike,0.2,0.25,9,0.3,fpr_owa,1.674364846881221,1.735642796876394,1.6011247173137466,2.432410690338058,2.6370559037383408,0.8
full_seed42_spike_0p2_noise0p25_s9_a0p3_b0p8,42,spike,0.2,0.25,9,0.3,crp,1.7186624626728215,1.7935040837023029,1.6285510298113648,2.461072595094258,2.7392105344062805,0.8
full_seed42_spike_0p2_noise0p5_s13_a0p2_b0p7,42,spike,0.2,0.5,13,0.2,fpr_owa,0.9857606087728892,1.10374893191481,1.0442743106150183,1.84052683737967,2.1447835628418845,0.7
full_seed42_spike_0p2_noise0p5_s13_a0p2_b0p7,42,spike,0.2,0.5,13,0.2,crp,1.1253567536235505,1.2128974217032715,1.1384200841389438,1.8912502061224072,2.21037185262595,0.7
full_seed42_spike_0p2_noise0p5_s13_a0p3_b0p8,42,spike,0.2,0.5,13,0.3,fpr_owa,1.17546591553717,1.265483345438626,1.102911742385828,2.049934884350631,2.487182695732886,0.8
full_seed42_spike_0p2_noise0p5_s13_a0p3_b0p8,42,spike,0.2,0.5,13,0.3,crp,1.2101203577338202,1.32057357320158,1.1561011778196306,2.1310395585505466,2.4802872614977574,0.8
full_seed42_spike_0p2_noise0p5_s5_a0p2_b0p7,42,spike,0.2,0.5,5,0.2,fpr_owa,1.7494330406281255,1.8174104725467617,1.7033820647513225,2.6117291508706293,3.0735129337104823,0.7
full_seed42_spike_0p2_noise0p5_s5_a0p2_b0p7,42,spike,0.2,0.5,5,0.2,crp,1.756551436799716,1.830712068671684,1.718307414091287,2.628129193205363,3.104029918068561,0.7
full_seed42_spike_0p2_noise0p5_s5_a0p3_b0p8,42,spike,0.2,0.5,5,0.3,fpr_owa,1.7568619319397525,1.824119403343436,1.7317509534408848,2.56897778926659,2.9109709113042843,0.8
full_seed42_spike_0p2_noise0p5_s5_a0p3_b0p8,42,spike,0.2,0.5,5,0.3,crp,1.7618382529862346,1.837693166982058,1.7476963304510047,2.6298380880835106,3.1225441310646542,0.8
full_seed42_spike_0p2_noise0p5_s9_a0p2_b0p7,42,spike,0.2,0.5,9,0.2,fpr_owa,1.5746985069291672,1.6579119604991928,1.5493924334313012,2.382653667324165,2.913077083781724,0.7
full_seed42_spike_0p2_noise0p5_s9_a0p2_b0p7,42,spike,0.2,0.5,9,0.2,crp,1.7032924594442325,1.7828211972308017,1.6443379370466893,2.5016604114744565,2.913077083781724,0.7
full_seed42_spike_0p2_noise0p5_s9_a0p3_b0p8,42,spike,0.2,0.5,9,0.3,fpr_owa,1.6527550864588558,1.721679996146011,1.627789693199988,2.3945369035821917,2.8112617669113744,0.8
full_seed42_spike_0p2_noise0p5_s9_a0p3_b0p8,42,spike,0.2,0.5,9,0.3,crp,1.6841915250893664,1.7674756908156597,1.6698740452708358,2.540666440882024,2.8612454678249226,0.8
full_seed42_spike_0p3_noise0p1_s13_a0p2_b0p7,42,spike,0.3,0.1,13,0.2,fpr_owa,0.8647325497115536,1.0171288874533235,0.9617193558341728,1.6181116476327868,2.178309828674695,0.7
full_seed42_spike_0p3_noise0p1_s13_a0p2_b0p7,42,spike,0.3,0.1,13,0.2,crp,0.9899740650191304,1.0504602569936483,0.9920582284550594,1.5726229654549937,1.6999793311916491,0.7
full_seed42_spike_0p3_noise0p1_s13_a0p3_b0p8,42,spike,0.3,0.1,13,0.3,fpr_owa,1.2105705984998187,1.3014088411845428,1.2060678823994286,2.021672961025869,2.180546407161522,0.8
full_seed42_spike_0p3_noise0p1_s13_a0p3_b0p8,42,spike,0.3,0.1,13,0.3,crp,0.9985296346473316,1.1745617558785184,0.9728780544567596,2.0182602212335667,2.180546407161522,0.8
full_seed42_spike_0p3_noise0p1_s5_a0p2_b0p7,42,spike,0.3,0.1,5,0.2,fpr_owa,2.202930649921944,2.611419039475287,1.6130645247097464,5.343752755276782,5.724221680944421,0.7
full_seed42_spike_0p3_noise0p1_s5_a0p2_b0p7,42,spike,0.3,0.1,5,0.2,crp,1.753245013766454,1.8217138836572515,1.6469062716076237,2.494402050477565,2.582175321874684,0.7
full_seed42_spike_0p3_noise0p1_s5_a0p3_b0p8,42,spike,0.3,0.1,5,0.3,fpr_owa,1.7457686168347089,2.0312184910021363,1.5481330912818154,3.858182655891866,4.131314561090049,0.8
full_seed42_spike_0p3_noise0p1_s5_a0p3_b0p8,42,spike,0.3,0.1,5,0.3,crp,1.7548363416279174,1.8333717467093813,1.697390045267854,2.491776756082633,2.604179443758015,0.8
full_seed42_spike_0p3_noise0p1_s9_a0p2_b0p7,42,spike,0.3,0.1,9,0.2,fpr_owa,1.6801642540025603,1.9552081492355984,1.495072315819332,3.6698577741596847,4.0231311496604985,0.7
full_seed42_spike_0p3_noise0p1_s9_a0p2_b0p7,42,spike,0.3,0.1,9,0.2,crp,1.7679612191855094,1.8201831416985552,1.6482734389097955,2.416904161585931,2.5431046555061667,0.7
full_seed42_spike_0p3_noise0p1_s9_a0p3_b0p8,42,spike,0.3,0.1,9,0.3,fpr_owa,1.54095069854634,1.6408315425296331,1.406441379924824,2.4391191990155026,2.6013060237435366,0.8
full_seed42_spike_0p3_noise0p1_s9_a0p3_b0p8,42,spike,0.3,0.1,9,0.3,crp,1.731863178502106,1.8038631126567164,1.595218688657097,2.4707168968690527,2.6013060237435366,0.8
full_seed42_spike_0p3_noise0p25_s13_a0p2_b0p7,42,spike,0.3,0.25,13,0.2,fpr_owa,0.8831019198074794,1.046900114959522,0.9082661177511006,1.7513813545660115,2.166802866862523,0.7
full_seed42_spike_0p3_noise0p25_s13_a0p2_b0p7,42,spike,0.3,0.25,13,0.2,crp,0.9552458663860348,1.0421857537932826,0.9205279918533626,1.645698291208226,1.856209751390689,0.7
full_seed42_spike_0p3_noise0p25_s13_a0p3_b0p8,42,spike,0.3,0.25,13,0.3,fpr_owa,1.1637842117155874,1.2685221504938846,1.1077083585484369,2.0807052266070976,2.31606989625212,0.8
full_seed42_spike_0p3_noise0p25_s13_a0p3_b0p8,42,spike,0.3,0.25,13,0.3,crp,0.9689474607316324,1.15672077737393,0.91645484608906,2.076724631226817,2.271889321770841,0.8
full_seed42_spike_0p3_noise0p25_s5_a0p2_b0p7,42,spike,0.3,0.25,5,0.2,fpr_owa,2.258375742420317,2.6745914090201013,1.6597645140031267,5.26839017432442,5.781235719350358,0.7
full_seed42_spike_0p3_noise0p25_s5_a0p2_b0p7,42,spike,0.3,0.25,5,0.2,crp,1.751872546599203,1.8183840572360332,1.6702733419829094,2.5161511475790648,2.766426926313108,0.7
full_seed42_spike_0p3_noise0p25_s5_a0p3_b0p8,42,spike,0.3,0.25,5,0.3,fpr_owa,1.80104835411681,2.0741896646730997,1.5838236771760834,3.740179544316864,4.259173755188114,0.8
full_seed42_spike_0p3_noise0p25_s5_a0p3_b0p8,42,spike,0.3,0.25,5,0.3,crp,1.7445181443257427,1.821630150301062,1.6755145640123774,2.513660026255522,2.792835081086594,0.8
full_seed42_spike_0p3_noise0p25_s9_a0p2_b0p7,42,spike,0.3,0.25,9,0.2,fpr_owa,1.7422265155845564,1.9947915910690213,1.5363149580089748,3.613974376305456,3.980486420559996,0.7
full_seed42_spike_0p3_noise0p25_s9_a0p2_b0p7,42,spike,0.3,0.25,9,0.2,crp,1.7420745654236305,1.8023909267357048,1.65112053555373,2.485261258493409,2.707515715673476,0.7
full_seed42_spike_0p3_noise0p25_s9_a0p3_b0p8,42,spike,0.3,0.25,9,0.3,fpr_owa,1.563659490275132,1.654095426344331,1.4557712942881769,2.432410690338058,2.6370559037383408,0.8
full_seed42_spike_0p3_noise0p25_s9_a0p3_b0p8,42,spike,0.3,0.25,9,0.3,crp,1.7068497675661578,1.7781435805379355,1.6329369833036362,2.450713099939538,2.669759222030169,0.8
full_seed42_spike_0p3_noise0p5_s13_a0p2_b0p7,42,spike,0.3,0.5,13,0.2,fpr_owa,0.9596534206969664,1.1150282521842256,1.00127761825386,1.872390052094699,2.5586855040667302,0.7
full_seed42_spike_0p3_noise0p5_s13_a0p2_b0p7,42,spike,0.3,0.5,13,0.2,crp,1.0649406890858468,1.1603306531541988,1.0847919637743648,1.8721041191784824,2.1073023400518025,0.7
full_seed42_spike_0p3_noise0p5_s13_a0p3_b0p8,42,spike,0.3,0.5,13,0.3,fpr_owa,1.0957404867501457,1.2136245283285014,1.0785221361214297,2.049934884350631,2.487182695732886,0.8
full_seed42_spike_0p3_noise0p5_s13_a0p3_b0p8,42,spike,0.3,0.5,13,0.3,crp,1.0983631239843237,1.2357977372012168,1.0908111431873302,2.0994156741412957,2.4802872614977574,0.8
full_seed42_spike_0p3_noise0p5_s5_a0p2_b0p7,42,spike,0.3,0.5,5,0.2,fpr_owa,2.271106114308206,2.6856501061814178,1.7377317803200505,5.226475781494431,5.919574241427786,0.7
full_seed42_spike_0p3_noise0p5_s5_a0p2_b0p7,42,spike,0.3,0.5,5,0.2,crp,1.807440760545904,1.9366428682648356,1.7242039788139891,2.7556135925247665,5.789986663598427,0.7
full_seed42_spike_0p3_noise0p5_s5_a0p3_b0p8,42,spike,0.3,0.5,5,0.3,fpr_owa,1.8277819463833749,2.094846568392461,1.679493985102536,3.708142265757824,4.491956447745332,0.8
full_seed42_spike_0p3_noise0p5_s5_a0p3_b0p8,42,spike,0.3,0.5,5,0.3,crp,1.7642143870207572,1.8732276916363129,1.7582809310339949,2.689701850583116,4.201343752527775,0.8
full_seed42_spike_0p3_noise0p5_s9_a0p2_b0p7,42,spike,0.3,0.5,9,0.2,fpr_owa,1.7321525109787432,1.9726196157588625,1.6093445207906676,3.517062542152619,4.123938261690141,0.7
full_seed42_spike_0p3_noise0p5_s9_a0p2_b0p7,42,spike,0.3,0.5,9,0.2,crp,1.706676909300819,1.7875689341611103,1.650976118342022,2.5210304163274277,3.0542282040036186,0.7
full_seed42_spike_0p3_noise0p5_s9_a0p3_b0p8,42,spike,0.3,0.5,9,0.3,fpr_owa,1.5531920954796776,1.6506505801505298,1.5299137270763383,2.406999122448643,2.8112617669113744,0.8
full_seed42_spike_0p3_noise0p5_s9_a0p3_b0p8,42,spike,0.3,0.5,9,0.3,crp,1.6805104228428542,1.7684510980163384,1.6226791042961737,2.565995636923839,2.866379407089433,0.8
full_seed42_spike_0p4_noise0p1_s13_a0p2_b0p7,42,spike,0.4,0.1,13,0.2,fpr_owa,1.190023468110346,1.2977868491975713,1.1097756206624814,1.7660620033129013,3.685786267667873,0.7
full_seed42_spike_0p4_noise0p1_s13_a0p2_b0p7,42,spike,0.4,0.1,13,0.2,crp,0.898428063029465,0.9910456238888004,0.8836687382557185,1.5726229654549937,1.6999793311916491,0.7
full_seed42_spike_0p4_noise0p1_s13_a0p3_b0p8,42,spike,0.4,0.1,13,0.3,fpr_owa,0.9927338768875108,1.198514660098297,1.0369603101963014,2.021672961025869,2.180546407161522,0.8
full_seed42_spike_0p4_noise0p1_s13_a0p3_b0p8,42,spike,0.4,0.1,13,0.3,crp,0.9197617329194064,1.1535621894416346,0.9728780544567596,2.0182602212335667,2.180546407161522,0.8
full_seed42_spike_0p4_noise0p1_s5_a0p2_b0p7,42,spike,0.4,0.1,5,0.2,fpr_owa,2.202930649921944,2.611419039475287,1.6130645247097464,5.343752755276782,5.724221680944421,0.7
full_seed42_spike_0p4_noise0p1_s5_a0p2_b0p7,42,spike,0.4,0.1,5,0.2,crp,1.753245013766454,1.8217138836572515,1.6469062716076237,2.494402050477565,2.582175321874684,0.7
full_seed42_spike_0p4_noise0p1_s5_a0p3_b0p8,42,spike,0.4,0.1,5,0.3,fpr_owa,1.7457686168347089,2.0312184910021363,1.5481330912818154,3.858182655891866,4.131314561090049,0.8
full_seed42_spike_0p4_noise0p1_s5_a0p3_b0p8,42,spike,0.4,0.1,5,0.3,crp,1.7548363416279174,1.8333717467093813,1.697390045267854,2.491776756082633,2.604179443758015,0.8
full_seed42_spike_0p4_noise0p1_s9_a0p2_b0p7,42,spike,0.4,0.1,9,0.2,fpr_owa,2.240134932324568,2.564500677155806,1.854957369070445,5.327799882723613,5.794486472004765,0.7
full_seed42_spike_0p4_noise0p1_s9_a0p2_b0p7,42,spike,0.4,0.1,9,0.2,crp,1.7706007779007762,1.825999865681256,1.6825979402769669,2.435056043999158,2.6187439296595234,0.7
full_seed42_spike_0p4_noise0p1_s9_a0p3_b0p8,42,spike,0.4,0.1,9,0.3,fpr_owa,1.7646234686637814,2.0347877715784337,1.4106191075113097,3.886283441403133,4.189866104963299,0.8
full_seed42_spike_0p4_noise0p1_s9_a0p3_b0p8,42,spike,0.4,0.1,9,0.3,crp,1.7278201879132002,1.7985196887312105,1.6261341390647257,2.494007027168094,2.6013060237435366,0.8
full_seed42_spike_0p4_noise0p25_s13_a0p2_b0p7,42,spike,0.4,0.25,13,0.2,fpr_owa,1.2037884160630716,1.325222449509834,1.1598444668497812,1.8351714199441171,3.6278906854816833,0.7
full_seed42_spike_0p4_noise0p25_s13_a0p2_b0p7,42,spike,0.4,0.25,13,0.2,crp,0.8651438475951051,0.99056164981566,0.8309851833205109,1.645698291208226,1.856209751390689,0.7
full_seed42_spike_0p4_noise0p25_s13_a0p3_b0p8,42,spike,0.4,0.25,13,0.3,fpr_owa,0.96578796778045,1.178661233439842,0.9607226800014852,2.0807052266070976,2.31606989625212,0.8
full_seed42_spike_0p4_noise0p25_s13_a0p3_b0p8,42,spike,0.4,0.25,13,0.3,crp,0.891903780125114,1.1327611380038485,0.8866538097350438,2.076724631226817,2.271889321770841,0.8
full_seed42_spike_0p4_noise0p25_s5_a0p2_b0p7,42,spike,0.4,0.25,5,0.2,fpr_owa,2.258375742420317,2.6745914090201013,1.6597645140031267,5.26839017432442,5.781235719350358,0.7
full_seed42_spike_0p4_noise0p25_s5_a0p2_b0p7,42,spike,0.4,0.25,5,0.2,crp,1.751872546599203,1.8183840572360332,1.6702733419829094,2.5161511475790648,2.766426926313108,0.7
full_seed42_spike_0p4_noise0p25_s5_a0p3_b0p8,42,spike,0.4,0.25,5,0.3,fpr_owa,1.80104835411681,2.0741896646730997,1.5838236771760834,3.740179544316864,4.259173755188114,0.8
full_seed42_spike_0p4_noise0p25_s5_a0p3_b0p8,42,spike,0.4,0.25,5,0.3,crp,1.7445181443257427,1.821630150301062,1.6755145640123774,2.513660026255522,2.792835081086594,0.8
full_seed42_spike_0p4_noise0p25_s9_a0p2_b0p7,42,spike,0.4,0.25,9,0.2,fpr_owa,2.146357352546153,2.45493332200621,1.7167831504405904,5.267410991452574,5.807924374853122,0.7
full_seed42_spike_0p4_noise0p25_s9_a0p2_b0p7,42,spike,0.4,0.25,9,0.2,crp,1.743350914224323,1.8081772476290985,1.649358595062064,2.486021854722905,2.818831121894035,0.7
full_seed42_spike_0p4_noise0p25_s9_a0p3_b0p8,42,spike,0.4,0.25,9,0.3,fpr_owa,1.755465874735792,2.01895878615832,1.4855610792397238,3.822209978411624,4.224359902239901,0.8
full_seed42_spike_0p4_noise0p25_s9_a0p3_b0p8,42,spike,0.4,0.25,9,0.3,crp,1.7108839474431463,1.7834228401309724,1.6313738928897767,2.4958238336782133,2.819035612152978,0.8
full_seed42_spike_0p4_noise0p5_s13_a0p2_b0p7,42,spike,0.4,0.5,13,0.2,fpr_owa,1.2675664637555424,1.381645679037482,1.2231964551549963,2.0016949170430665,3.882287298314444,0.7
full_seed42_spike_0p4_noise0p5_s13_a0p2_b0p7,42,spike,0.4,0.5,13,0.2,crp,0.9638387199213612,1.093254504509637,0.984182770945904,1.8721041191784824,2.190679974205247,0.7
full_seed42_spike_0p4_noise0p5_s13_a0p3_b0p8,42,spike,0.4,0.5,13,0.3,fpr_owa,0.986139372409001,1.1681481561859148,1.0103038183954938,2.0822664116503584,2.487182695732886,0.8
full_seed42_spike_0p4_noise0p5_s13_a0p3_b0p8,42,spike,0.4,0.5,13,0.3,crp,1.002732789824011,1.170714154489126,1.0312489363884816,2.094572775770271,2.4802872614977574,0.8
full_seed42_spike_0p4_noise0p5_s5_a0p2_b0p7,42,spike,0.4,0.5,5,0.2,fpr_owa,2.271106114308206,2.6856501061814178,1.7377317803200505,5.226475781494431,5.919574241427786,0.7
full_seed42_spike_0p4_noise0p5_s5_a0p2_b0p7,42,spike,0.4,0.5,5,0.2,crp,1.807440760545904,1.9366428682648356,1.7242039788139891,2.7556135925247665,5.789986663598427,0.7
full_seed42_spike_0p4_noise0p5_s5_a0p3_b0p8,42,spike,0.4,0.5,5,0.3,fpr_owa,1.8277819463833749,2.094846568392461,1.679493985102536,3.708142265757824,4.491956447745332,0.8
full_seed42_spike_0p4_noise0p5_s5_a0p3_b0p8,42,spike,0.4,0.5,5,0.3,crp,1.7642143870207572,1.8732276916363129,1.7582809310339949,2.689701850583116,4.201343752527775,0.8
full_seed42_spike_0p4_noise0p5_s9_a0p2_b0p7,42,spike,0.4,0.5,9,0.2,fpr_owa,2.082045938601546,2.397041044725457,1.7707874098130802,5.1589564496304,5.830320879600382,0.7
full_seed42_spike_0p4_noise0p5_s9_a0p2_b0p7,42,spike,0.4,0.5,9,0.2,crp,1.703474415482201,1.8000064924970458,1.643575072630756,2.5247260366047324,5.10887339226594,0.7
full_seed42_spike_0p4_noise0p5_s9_a0p3_b0p8,42,spike,0.4,0.5,9,0.3,fpr_owa,1.7403791820913166,1.9958650312526185,1.5727259257994757,3.708706090767441,4.471882206602233,0.8
full_seed42_spike_0p4_noise0p5_s9_a0p3_b0p8,42,spike,0.4,0.5,9,0.3,crp,1.6742419507896011,1.7665964642556775,1.6522222975329672,2.534847784393484,3.406242194507034,0.8
