scenario,seed,attack_type,attack_ratio,sensor_noise_level,sensors_per_group,alpha,mean_rounds,converged_rate,mean_consensus_degree,mean_excluded_per_tick,beta
full_seed101_bias_0p0_noise0p1_s13_a0p2_b0p7,101,bias,0.0,0.1,13,0.2,1.0,0.6166666666666667,0.7316503450568228,0.0,0.7
full_seed101_bias_0p0_noise0p1_s13_a0p3_b0p8,101,bias,0.0,0.1,13,0.3,1.0,0.6166666666666667,0.7316503450568228,0.0,0.8
full_seed101_bias_0p0_noise0p1_s5_a0p2_b0p7,101,bias,0.0,0.1,5,0.2,1.0,1.0,0.885706398181517,0.0,0.7
full_seed101_bias_0p0_noise0p1_s5_a0p3_b0p8,101,bias,0.0,0.1,5,0.3,1.0,1.0,0.885706398181517,0.0,0.8
full_seed101_bias_0p0_noise0p1_s9_a0p2_b0p7,101,bias,0.0,0.1,9,0.2,1.0,1.0,0.8165671065630927,0.0,0.7
full_seed101_bias_0p0_noise0p1_s9_a0p3_b0p8,101,bias,0.0,0.1,9,0.3,1.0,1.0,0.8165671065630927,0.0,0.8
full_seed101_bias_0p0_noise0p25_s13_a0p2_b0p7,101,bias,0.0,0.25,13,0.2,1.0,0.5708333333333333,0.7165146728230357,0.0,0.7
full_seed101_bias_0p0_noise0p25_s13_a0p3_b0p8,101,bias,0.0,0.25,13,0.3,1.0,0.5708333333333333,0.7165146728230357,0.0,0.8
full_seed101_bias_0p0_noise0p25_s5_a0p2_b0p7,101,bias,0.0,0.25,5,0.2,1.0,0.9958333333333332,0.867281571473503,0.0,0.7
full_seed101_bias_0p0_noise0p25_s5_a0p3_b0p8,101,bias,0.0,0.25,5,0.3,1.0,0.9958333333333332,0.867281571473503,0.0,0.8
full_seed101_bias_0p0_noise0p25_s9_a0p2_b0p7,101,bias,0.0,0.25,9,0.2,1.0,1.0,0.8020202165237822,0.0,0.7
full_seed101_bias_0p0_noise0p25_s9_a0p3_b0p8,101,bias,0.0,0.25,9,0.3,1.0,1.0,0.8020202165237822,0.0,0.8
full_seed101_bias_0p0_noise0p5_s13_a0p2_b0p7,101,bias,0.0,0.5,13,0.2,1.1583333333333334,0.4541666666666666,0.6915835190606209,0.175,0.7
full_seed101_bias_0p0_noise0p5_s13_a0p3_b0p8,101,bias,0.0,0.5,13,0.3,1.1583333333333334,0.4541666666666666,0.6915835190606209,0.175,0.8
full_seed101_bias_0p0_noise0p5_s5_a0p2_b0p7,101,bias,0.0,0.5,5,0.2,1.0041666666666669,0.9625,0.8179292501741884,0.0041666666666666,0.7
full_seed101_bias_0p0_noise0p5_s5_a0p3_b0p8,101,bias,0.0,0.5,5,0.3,1.0041666666666669,0.9625,0.8179292501741884,0.0041666666666666,0.8
full_seed101_bias_0p0_noise0p5_s9_a0p2_b0p7,101,bias,0.0,0.5,9,0.2,1.0541666666666667,0.8958333333333334,0.7678894253132152,0.0541666666666666,0.7
full_seed101_bias_0p0_noise0p5_s9_a0p3_b0p8,101,bias,0.0,0.5,9,0.3,1.0541666666666667,0.8958333333333334,0.7678894253132152,0.0541666666666666,0.8
full_seed101_bias_0p1_noise0p1_s13_a0p2_b0p7,101,bias,0.1,0.1,13,0.2,1.3625,0.6,0.7248880205188297,0.3625,0.7
full_seed101_bias_0p1_noise0p1_s13_a0p3_b0p8,101,bias,0.1,0.1,13,0.3,1.3625,0.6,0.7248880205188297,0.3625,0.8
full_seed101_bias_0p1_noise0p1_s5_a0p2_b0p7,101,bias,0.1,0.1,5,0.2,1.0,1.0,0.885706398181517,0.0,0.7
full_seed101_bias_0p1_noise0p1_s5_a0p3_b0p8,101,bias,0.1,0.1,5,0.3,1.0,1.0,0.885706398181517,0.0,0.8
full_seed101_bias_0p1_noise0p1_s9_a0p2_b0p7,101,bias,0.1,0.1,9,0.2,1.3041666666666667,0.9041666666666668,0.7967027125371667,0.3041666666666666,0.7
full_seed101_bias_0p1_noise0p1_s9_a0p3_b0p8,101,bias,0.1,0.1,9,0.3,1.3041666666666667,0.9041666666666668,0.7967027125371667,0.3041666666666666,0.8
full_seed101_bias_0p1_noise0p25_s13_a0p2_b0p7,101,bias,0.1,0.25,13,0.2,1.35,0.525,0.7080140162642319,0.35,0.7
full_seed101_bias_0p1_noise0p25_s13_a0p3_b0p8,101,bias,0.1,0.25,13,0.3,1.35,0.525,0.7080140162642319,0.35,0.8
full_seed101_bias_0p1_noise0p25_s5_a0p2_b0p7,101,bias,0.1,0.25,5,0.2,1.0,0.9958333333333332,0.867281571473503,0.0,0.7
full_seed101_bias_0p1_noise0p25_s5_a0p3_b0p8,101,bias,0.1,0.25,5,0.3,1.0,0.9958333333333332,0.867281571473503,0.0,0.8
full_seed101_bias_0p1_noise0p25_s9_a0p2_b0p7,101,bias,0.1,0.25,9,0.2,1.2916666666666667,0.8875,0.7816596996488945,0.2958333333333333,0.7
full_seed101_bias_0p1_noise0p25_s9_a0p3_b0p8,101,bias,0.1,0.25,9,0.3,1.2916666666666667,0.8875,0.7816596996488945,0.2958333333333333,0.8
full_seed101_bias_0p1_noise0p5_s13_a0p2_b0p7,101,bias,0.1,0.5,13,0.2,1.4333333333333331,0.4125,0.683389349147712,0.5333333333333333,0.7
full_seed101_bias_0p1_noise0p5_s13_a0p3_b0p8,101,bias,0.1,0.5,13,0.3,1.4333333333333331,0.4125,0.683389349147712,0.5333333333333333,0.8
full_seed101_bias_0p1_noise0p5_s5_a0p2_b0p7,101,bias,0.1,0.5,5,0.2,1.0041666666666669,0.9625,0.8179292501741884,0.0041666666666666,0.7
full_seed101_bias_0p1_noise0p5_s5_a0p3_b0p8,101,bias,0.1,0.5,5,0.3,1.0041666666666669,0.9625,0.8179292501741884,0.0041666666666666,0.8
full_seed101_bias_0p1_noise0p5_s9_a0p2_b0p7,101,bias,0.1,0.5,9,0.2,1.3208333333333333,0.7875,0.7513198093187955,0.3541666666666667,0.7
full_seed101_bias_0p1_noise0p5_s9_a0p3_b0p8,101,bias,0.1,0.5,9,0.3,1.3208333333333333,0.7875,0.7513198093187955,0.3541666666666667,0.8
full_seed101_bias_0p2_noise0p1_s13_a0p2_b0p7,101,bias,0.2,0.1,13,0.2,1.2041666666666666,0.4416666666666666,0.6453317532741113,0.3,0.7
full_seed101_bias_0p2_noise0p1_s13_a0p3_b0p8,101,bias,0.2,0.1,13,0.3,1.2041666666666666,0.4416666666666666,0.6453317532741113,0.3,0.8
full_seed101_bias_0p2_noise0p1_s5_a0p2_b0p7,101,bias,0.2,0.1,5,0.2,1.2625,0.8625,0.8409389620318197,0.2625,0.7
full_seed101_bias_0p2_noise0p1_s5_a0p3_b0p8,101,bias,0.2,0.1,5,0.3,1.2625,0.8625,0.8409389620318197,0.2625,0.8
full_seed101_bias_0p2_noise0p1_s9_a0p2_b0p7,101,bias,0.2,0.1,9,0.2,1.2291666666666667,0.7166666666666667,0.7292843336304361,0.2583333333333333,0.7
full_seed101_bias_0p2_noise0p1_s9_a0p3_b0p8,101,bias,0.2,0.1,9,0.3,1.2291666666666667,0.7166666666666667,0.7292843336304361,0.2583333333333333,0.8
full_seed101_bias_0p2_noise0p25_s13_a0p2_b0p7,101,bias,0.2,0.25,13,0.2,1.3166666666666669,0.4166666666666667,0.6433276933264312,0.475,0.7
full_seed101_bias_0p2_noise0p25_s13_a0p3_b0p8,101,bias,0.2,0.25,13,0.3,1.3166666666666669,0.4166666666666667,0.6433276933264312,0.475,0.8
full_seed101_bias_0p2_noise0p25_s5_a0p2_b0p7,101,bias,0.2,0.25,5,0.2,1.25,0.8458333333333333,0.8219027742207907,0.25,0.7
full_seed101_bias_0p2_noise0p25_s5_a0p3_b0p8,101,bias,0.2,0.25,5,0.3,1.25,0.8458333333333333,0.8219027742207907,0.25,0.8
full_seed101_bias_0p2_noise0p25_s9_a0p2_b0p7,101,bias,0.2,0.25,9,0.2,1.3083333333333331,0.7375,0.7293240247412983,0.3458333333333333,0.7
full_seed101_bias_0p2_noise0p25_s9_a0p3_b0p8,101,bias,0.2,0.25,9,0.3,1.3083333333333331,0.7375,0.7293240247412983,0.3458333333333333,0.8
full_seed101_bias_0p2_noise0p5_s13_a0p2_b0p7,101,bias,0.2,0.5,13,0.2,1.5666666666666669,0.3416666666666667,0.6366644720505614,0.9083333333333332,0.7
full_seed101_bias_0p2_noise0p5_s13_a0p3_b0p8,101,bias,0.2,0.5,13,0.3,1.5666666666666669,0.3416666666666667,0.6366644720505614,0.9083333333333332,0.8
full_seed101_bias_0p2_noise0p5_s5_a0p2_b0p7,101,bias,0.2,0.5,5,0.2,1.2583333333333333,0.8208333333333333,0.781717471001048,0.2583333333333333,0.7
full_seed101_bias_0p2_noise0p5_s5_a0p3_b0p8,101,bias,0.2,0.5,5,0.3,1.2583333333333333,0.8208333333333333,0.781717471001048,0.2583333333333333,0.8
full_seed101_bias_0p2_noise0p5_s9_a0p2_b0p7,101,bias,0.2,0.5,9,0.2,1.4041666666666666,0.6708333333333333,0.7126377003799071,0.4916666666666666,0.7
full_seed101_bias_0p2_noise0p5_s9_a0p3_b0p8,101,bias,0.2,0.5,9,0.3,1.4041666666666666,0.6708333333333333,0.7126377003799071,0.4916666666666666,0.8
full_seed101_bias_0p3_noise0p1_s13_a0p2_b0p7,101,bias,0.3,0.1,13,0.2,1.0541666666666667,0.4166666666666667,0.6142211372744576,0.125,0.7
full_seed101_bias_0p3_noise0p1_s13_a0p3_b0p8,101,bias,0.3,0.1,13,0.3,1.0541666666666667,0.4166666666666667,0.6142211372744576,0.125,0.8
full_seed101_bias_0p3_noise0p1_s5_a0p2_b0p7,101,bias,0.3,0.1,5,0.2,1.0458333333333334,0.6291666666666667,0.6983862739731584,0.0583333333333333,0.7
full_seed101_bias_0p3_noise0p1_s5_a0p3_b0p8,101,bias,0.3,0.1,5,0.3,1.0458333333333334,0.6291666666666667,0.6983862739731584,0.0583333333333333,0.8
full_seed101_bias_0p3_noise0p1_s9_a0p2_b0p7,101,bias,0.3,0.1,9,0.2,1.0333333333333334,0.6166666666666667,0.664583735974493,0.0625,0.7
full_seed101_bias_0p3_noise0p1_s9_a0p3_b0p8,101,bias,0.3,0.1,9,0.3,1.0333333333333334,0.6166666666666667,0.664583735974493,0.0625,0.8
full_seed101_bias_0p3_noise0p25_s13_a0p2_b0p7,101,bias,0.3,0.25,13,0.2,1.1333333333333333,0.3833333333333333,0.606791139617067,0.2541666666666666,0.7
full_seed101_bias_0p3_noise0p25_s13_a0p3_b0p8,101,bias,0.3,0.25,13,0.3,1.1333333333333333,0.3833333333333333,0.606791139617067,0.2541666666666666,0.8
full_seed101_bias_0p3_noise0p25_s5_a0p2_b0p7,101,bias,0.3,0.25,5,0.2,1.0625,0.6291666666666667,0.6903085631859899,0.0833333333333333,0.7
full_seed101_bias_0p3_noise0p25_s5_a0p3_b0p8,101,bias,0.3,0.25,5,0.3,1.0625,0.6291666666666667,0.6903085631859899,0.0833333333333333,0.8
full_seed101_bias_0p3_noise0p25_s9_a0p2_b0p7,101,bias,0.3,0.25,9,0.2,1.1083333333333334,0.6208333333333333,0.6626652605839358,0.1666666666666666,0.7
full_seed101_bias_0p3_noise0p25_s9_a0p3_b0p8,101,bias,0.3,0.25,9,0.3,1.1083333333333334,0.6208333333333333,0.6626652605839358,0.1666666666666666,0.8
full_seed101_bias_0p3_noise0p5_s13_a0p2_b0p7,101,bias,0.3,0.5,13,0.2,1.4625,0.3041666666666666,0.5968376931833161,0.7833333333333333,0.7
full_seed101_bias_0p3_noise0p5_s13_a0p3_b0p8,101,bias,0.3,0.5,13,0.3,1.4625,0.3041666666666666,0.5968376931833161,0.7833333333333333,0.8
full_seed101_bias_0p3_noise0p5_s5_a0p2_b0p7,101,bias,0.3,0.5,5,0.2,1.1833333333333331,0.6458333333333334,0.68257854525406,0.2125,0.7
full_seed101_bias_0p3_noise0p5_s5_a0p3_b0p8,101,bias,0.3,0.5,5,0.3,1.1833333333333331,0.6458333333333334,0.68257854525406,0.2125,0.8
full_seed101_bias_0p3_noise0p5_s9_a0p2_b0p7,101,bias,0.3,0.5,9,0.2,1.3208333333333333,0.5666666666666667,0.655857755044994,0.4541666666666666,0.7
full_seed101_bias_0p3_noise0p5_s9_a0p3_b0p8,101,bias,0.3,0.5,9,0.3,1.3208333333333333,0.5666666666666667,0.655857755044994,0.4541666666666666,0.8
full_seed101_bias_0p4_noise0p1_s13_a0p2_b0p7,101,bias,0.4,0.1,13,0.2,1.0375,0.4208333333333333,0.6036637567974262,0.1208333333333333,0.7
full_seed101_bias_0p4_noise0p1_s13_a0p3_b0p8,101,bias,0.4,0.1,13,0.3,1.0375,0.4208333333333333,0.6036637567974262,0.1208333333333333,0.8
full_seed101_bias_0p4_noise0p1_s5_a0p2_b0p7,101,bias,0.4,0.1,5,0.2,1.0458333333333334,0.6291666666666667,0.6983862739731584,0.0583333333333333,0.7
full_seed101_bias_0p4_noise0p1_s5_a0p3_b0p8,101,bias,0.4,0.1,5,0.3,1.0458333333333334,0.6291666666666667,0.6983862739731584,0.0583333333333333,0.8
full_seed101_bias_0p4_noise0p1_s9_a0p2_b0p7,101,bias,0.4,0.1,9,0.2,1.025,0.6041666666666666,0.6474806538102295,0.0666666666666666,0.7
full_seed101_bias_0p4_noise0p1_s9_a0p3_b0p8,101,bias,0.4,0.1,9,0.3,1.025,0.6041666666666666,0.6474806538102295,0.0666666666666666,0.8
full_seed101_bias_0p4_noise0p25_s13_a0p2_b0p7,101,bias,0.4,0.25,13,0.2,1.05,0.3833333333333333,0.5908671775690962,0.1375,0.7
full_seed101_bias_0p4_noise0p25_s13_a0p3_b0p8,101,bias,0.4,0.25,13,0.3,1.05,0.3833333333333333,0.5908671775690962,0.1375,0.8
full_seed101_bias_0p4_noise0p25_s5_a0p2_b0p7,101,bias,0.4,0.25,5,0.2,1.0625,0.6291666666666667,0.6903085631859899,0.0833333333333333,0.7
full_seed101_bias_0p4_noise0p25_s5_a0p3_b0p8,101,bias,0.4,0.25,5,0.3,1.0625,0.6291666666666667,0.6903085631859899,0.0833333333333333,0.8
full_seed101_bias_0p4_noise0p25_s9_a0p2_b0p7,101,bias,0.4,0.25,9,0.2,1.0625,0.6083333333333333,0.6417645799872979,0.1166666666666666,0.7
full_seed101_bias_0p4_noise0p25_s9_a0p3_b0p8,101,bias,0.4,0.25,9,0.3,1.0625,0.6083333333333333,0.6417645799872979,0.1166666666666666,0.8
full_seed101_bias_0p4_noise0p5_s13_a0p2_b0p7,101,bias,0.4,0.5,13,0.2,1.3958333333333333,0.3,0.5742784980773602,0.7041666666666667,0.7
full_seed101_bias_0p4_noise0p5_s13_a0p3_b0p8,101,bias,0.4,0.5,13,0.3,1.3958333333333333,0.3,0.5742784980773602,0.7041666666666667,0.8
full_seed101_bias_0p4_noise0p5_s5_a0p2_b0p7,101,bias,0.4,0.5,5,0.2,1.1833333333333331,0.6458333333333334,0.68257854525406,0.2125,0.7
full_seed101_bias_0p4_noise0p5_s5_a0p3_b0p8,101,bias,0.4,0.5,5,0.3,1.1833333333333331,0.6458333333333334,0.68257854525406,0.2125,0.8
full_seed101_bias_0p4_noise0p5_s9_a0p2_b0p7,101,bias,0.4,0.5,9,0.2,1.2708333333333333,0.5375,0.6262908600460577,0.4166666666666667,0.7
full_seed101_bias_0p4_noise0p5_s9_a0p3_b0p8,101,bias,0.4,0.5,9,0.3,1.2708333333333333,0.5375,0.6262908600460577,0.4166666666666667,0.8
full_seed101_drift_0p0_noise0p1_s13_a0p2_b0p7,101,drift,0.0,0.1,13,0.2,1.0,0.6166666666666667,0.7316503450568228,0.0,0.7
full_seed101_drift_0p0_noise0p1_s13_a0p3_b0p8,101,drift,0.0,0.1,13,0.3,1.0,0.6166666666666667,0.7316503450568228,0.0,0.8
full_seed101_drift_0p0_noise0p1_s5_a0p2_b0p7,101,drift,0.0,0.1,5,0.2,1.0,1.0,0.885706398181517,0.0,0.7
full_seed101_drift_0p0_noise0p1_s5_a0p3_b0p8,101,drift,0.0,0.1,5,0.3,1.0,1.0,0.885706398181517,0.0,0.8
full_seed101_drift_0p0_noise0p1_s9_a0p2_b0p7,101,drift,0.0,0.1,9,0.2,1.0,1.0,0.8165671065630927,0.0,0.7
full_seed101_drift_0p0_noise0p1_s9_a0p3_b0p8,101,drift,0.0,0.1,9,0.3,1.0,1.0,0.8165671065630927,0.0,0.8
full_seed101_drift_0p0_noise0p25_s13_a0p2_b0p7,101,drift,0.0,0.25,13,0.2,1.0,0.5708333333333333,0.7165146728230357,0.0,0.7
full_seed101_drift_0p0_noise0p25_s13_a0p3_b0p8,101,drift,0.0,0.25,13,0.3,1.0,0.5708333333333333,0.7165146728230357,0.0,0.8
full_seed101_drift_0p0_noise0p25_s5_a0p2_b0p7,101,drift,0.0,0.25,5,0.2,1.0,0.9958333333333332,0.867281571473503,0.0,0.7
full_seed101_drift_0p0_noise0p25_s5_a0p3_b0p8,101,drift,0.0,0.25,5,0.3,1.0,0.9958333333333332,0.867281571473503,0.0,0.8
full_seed101_drift_0p0_noise0p25_s9_a0p2_b0p7,101,drift,0.0,0.25,9,0.2,1.0,1.0,0.8020202165237822,0.0,0.7
full_seed101_drift_0p0_noise0p25_s9_a0p3_b0p8,101,drift,0.0,0.25,9,0.3,1.0,1.0,0.8020202165237822,0.0,0.8
full_seed101_drift_0p0_noise0p5_s13_a0p2_b0p7,101,drift,0.0,0.5,13,0.2,1.1583333333333334,0.4541666666666666,0.6915835190606209,0.175,0.7
full_seed101_drift_0p0_noise0p5_s13_a0p3_b0p8,101,drift,0.0,0.5,13,0.3,1.1583333333333334,0.4541666666666666,0.6915835190606209,0.175,0.8
full_seed101_drift_0p0_noise0p5_s5_a0p2_b0p7,101,drift,0.0,0.5,5,0.2,1.0041666666666669,0.9625,0.8179292501741884,0.0041666666666666,0.7
full_seed101_drift_0p0_noise0p5_s5_a0p3_b0p8,101,drift,0.0,0.5,5,0.3,1.0041666666666669,0.9625,0.8179292501741884,0.0041666666666666,0.8
full_seed101_drift_0p0_noise0p5_s9_a0p2_b0p7,101,drift,0.0,0.5,9,0.2,1.0541666666666667,0.8958333333333334,0.7678894253132152,0.0541666666666666,0.7
full_seed101_drift_0p0_noise0p5_s9_a0p3_b0p8,101,drift,0.0,0.5,9,0.3,1.0541666666666667,0.8958333333333334,0.7678894253132152,0.0541666666666666,0.8
full_seed101_drift_0p1_noise0p1_s13_a0p2_b0p7,101,drift,0.1,0.1,13,0.2,1.0041666666666669,0.5791666666666667,0.7148759717737083,0.0041666666666666,0.7
full_seed101_drift_0p1_noise0p1_s13_a0p3_b0p8,101,drift,0.1,0.1,13,0.3,1.0041666666666669,0.5791666666666667,0.7148759717737083,0.0041666666666666,0.8
full_seed101_drift_0p1_noise0p1_s5_a0p2_b0p7,101,drift,0.1,0.1,5,0.2,1.0,1.0,0.885706398181517,0.0,0.7
full_seed101_drift_0p1_noise0p1_s5_a0p3_b0p8,101,drift,0.1,0.1,5,0.3,1.0,1.0,0.885706398181517,0.0,0.8
full_seed101_drift_0p1_noise0p1_s9_a0p2_b0p7,101,drift,0.1,0.1,9,0.2,1.0,0.9,0.7929067308547209,0.0,0.7
full_seed101_drift_0p1_noise0p1_s9_a0p3_b0p8,101,drift,0.1,0.1,9,0.3,1.0,0.9,0.7929067308547209,0.0,0.8
full_seed101_drift_0p1_noise0p25_s13_a0p2_b0p7,101,drift,0.1,0.25,13,0.2,1.0166666666666666,0.525,0.7011332572097022,0.0166666666666666,0.7
full_seed101_drift_0p1_noise0p25_s13_a0p3_b0p8,101,drift,0.1,0.25,13,0.3,1.0166666666666666,0.525,0.7011332572097022,0.0166666666666666,0.8
full_seed101_drift_0p1_noise0p25_s5_a0p2_b0p7,101,drift,0.1,0.25,5,0.2,1.0,0.9958333333333332,0.867281571473503,0.0,0.7
full_seed101_drift_0p1_noise0p25_s5_a0p3_b0p8,101,drift,0.1,0.25,5,0.3,1.0,0.9958333333333332,0.867281571473503,0.0,0.8
full_seed101_drift_0p1_noise0p25_s9_a0p2_b0p7,101,drift,0.1,0.25,9,0.2,1.0083333333333333,0.9,0.7812229117564684,0.0083333333333333,0.7
full_seed101_drift_0p1_noise0p25_s9_a0p3_b0p8,101,drift,0.1,0.25,9,0.3,1.0083333333333333,0.9,0.7812229117564684,0.0083333333333333,0.8
full_seed101_drift_0p1_noise0p5_s13_a0p2_b0p7,101,drift,0.1,0.5,13,0.2,1.1958333333333333,0.3791666666666666,0.6795352220953036,0.2208333333333333,0.7
full_seed101_drift_0p1_noise0p5_s13_a0p3_b0p8,101,drift,0.1,0.5,13,0.3,1.1958333333333333,0.3791666666666666,0.6795352220953036,0.2208333333333333,0.8
full_seed101_drift_0p1_noise0p5_s5_a0p2_b0p7,101,drift,0.1,0.5,5,0.2,1.0041666666666669,0.9625,0.8179292501741884,0.0041666666666666,0.7
full_seed101_drift_0p1_noise0p5_s5_a0p3_b0p8,101,drift,0.1,0.5,5,0.3,1.0041666666666669,0.9625,0.8179292501741884,0.0041666666666666,0.8
full_seed101_drift_0p1_noise0p5_s9_a0p2_b0p7,101,drift,0.1,0.5,9,0.2,1.0875,0.8083333333333333,0.7536520991003027,0.0916666666666666,0.7
full_seed101_drift_0p1_noise0p5_s9_a0p3_b0p8,101,drift,0.1,0.5,9,0.3,1.0875,0.8083333333333333,0.7536520991003027,0.0916666666666666,0.8
full_seed101_drift_0p2_noise0p1_s13_a0p2_b0p7,101,drift,0.2,0.1,13,0.2,1.0,0.4583333333333333,0.6881637701057459,0.0,0.7
full_seed101_drift_0p2_noise0p1_s13_a0p3_b0p8,101,drift,0.2,0.1,13,0.3,1.0,0.4583333333333333,0.6881637701057459,0.0,0.8
full_seed101_drift_0p2_noise0p1_s5_a0p2_b0p7,101,drift,0.2,0.1,5,0.2,1.0,0.9208333333333332,0.8438839346948087,0.0,0.7
full_seed101_drift_0p2_noise0p1_s5_a0p3_b0p8,101,drift,0.2,0.1,5,0.3,1.0,0.9208333333333332,0.8438839346948087,0.0,0.8
full_seed101_drift_0p2_noise0p1_s9_a0p2_b0p7,101,drift,0.2,0.1,9,0.2,1.0,0.8416666666666667,0.7748827996129461,0.0,0.7
full_seed101_drift_0p2_noise0p1_s9_a0p3_b0p8,101,drift,0.2,0.1,9,0.3,1.0,0.8416666666666667,0.7748827996129461,0.0,0.8
full_seed101_drift_0p2_noise0p25_s13_a0p2_b0p7,101,drift,0.2,0.25,13,0.2,1.0208333333333333,0.4166666666666667,0.6753671426129079,0.0208333333333333,0.7
full_seed101_drift_0p2_noise0p25_s13_a0p3_b0p8,101,drift,0.2,0.25,13,0.3,1.0208333333333333,0.4166666666666667,0.6753671426129079,0.0208333333333333,0.8
full_seed101_drift_0p2_noise0p25_s5_a0p2_b0p7,101,drift,0.2,0.25,5,0.2,1.0041666666666669,0.9,0.830006846527994,0.0041666666666666,0.7
full_seed101_drift_0p2_noise0p25_s5_a0p3_b0p8,101,drift,0.2,0.25,5,0.3,1.0041666666666669,0.9,0.830006846527994,0.0041666666666666,0.8
full_seed101_drift_0p2_noise0p25_s9_a0p2_b0p7,101,drift,0.2,0.25,9,0.2,1.0125,0.8416666666666667,0.7638695619347494,0.0125,0.7
full_seed101_drift_0p2_noise0p25_s9_a0p3_b0p8,101,drift,0.2,0.25,9,0.3,1.0125,0.8416666666666667,0.7638695619347494,0.0125,0.8
full_seed101_drift_0p2_noise0p5_s13_a0p2_b0p7,101,drift,0.2,0.5,13,0.2,1.2208333333333334,0.325,0.6570395880358881,0.2708333333333333,0.7
full_seed101_drift_0p2_noise0p5_s13_a0p3_b0p8,101,drift,0.2,0.5,13,0.3,1.2208333333333334,0.325,0.6570395880358881,0.2708333333333333,0.8
full_seed101_drift_0p2_noise0p5_s5_a0p2_b0p7,101,drift,0.2,0.5,5,0.2,1.0291666666666666,0.8708333333333333,0.7916730433750525,0.0291666666666666,0.7
full_seed101_drift_0p2_noise0p5_s5_a0p3_b0p8,101,drift,0.2,0.5,5,0.3,1.0291666666666666,0.8708333333333333,0.7916730433750525,0.0291666666666666,0.8
full_seed101_drift_0p2_noise0p5_s9_a0p2_b0p7,101,drift,0.2,0.5,9,0.2,1.0916666666666666,0.7166666666666667,0.7382953796511719,0.1,0.7
full_seed101_drift_0p2_noise0p5_s9_a0p3_b0p8,101,drift,0.2,0.5,9,0.3,1.0916666666666666,0.7166666666666667,0.7382953796511719,0.1,0.8
full_seed101_drift_0p3_noise0p1_s13_a0p2_b0p7,101,drift,0.3,0.1,13,0.2,1.0,0.4458333333333333,0.6791259460747023,0.0,0.7
full_seed101_drift_0p3_noise0p1_s13_a0p3_b0p8,101,drift,0.3,0.1,13,0.3,1.0,0.4458333333333333,0.6791259460747023,0.0,0.8
full_seed101_drift_0p3_noise0p1_s5_a0p2_b0p7,101,drift,0.3,0.1,5,0.2,1.0,0.8416666666666667,0.8225147896419408,0.0,0.7
full_seed101_drift_0p3_noise0p1_s5_a0p3_b0p8,101,drift,0.3,0.1,5,0.3,1.0,0.8416666666666667,0.8225147896419408,0.0,0.8
full_seed101_drift_0p3_noise0p1_s9_a0p2_b0p7,101,drift,0.3,0.1,9,0.2,1.0,0.7916666666666666,0.7626372312236985,0.0,0.7
full_seed101_drift_0p3_noise0p1_s9_a0p3_b0p8,101,drift,0.3,0.1,9,0.3,1.0,0.7916666666666666,0.7626372312236985,0.0,0.8
full_seed101_drift_0p3_noise0p25_s13_a0p2_b0p7,101,drift,0.3,0.25,13,0.2,1.0041666666666669,0.4083333333333333,0.6656566334052331,0.0041666666666666,0.7
full_seed101_drift_0p3_noise0p25_s13_a0p3_b0p8,101,drift,0.3,0.25,13,0.3,1.0041666666666669,0.4083333333333333,0.6656566334052331,0.0041666666666666,0.8
full_seed101_drift_0p3_noise0p25_s5_a0p2_b0p7,101,drift,0.3,0.25,5,0.2,1.0,0.8208333333333333,0.8075129654928387,0.0,0.7
full_seed101_drift_0p3_noise0p25_s5_a0p3_b0p8,101,drift,0.3,0.25,5,0.3,1.0,0.8208333333333333,0.8075129654928387,0.0,0.8
full_seed101_drift_0p3_noise0p25_s9_a0p2_b0p7,101,drift,0.3,0.25,9,0.2,1.0166666666666666,0.7875,0.7525482043663849,0.0166666666666666,0.7
full_seed101_drift_0p3_noise0p25_s9_a0p3_b0p8,101,drift,0.3,0.25,9,0.3,1.0166666666666666,0.7875,0.7525482043663849,0.0166666666666666,0.8
full_seed101_drift_0p3_noise0p5_s13_a0p2_b0p7,101,drift,0.3,0.5,13,0.2,1.2291666666666667,0.3166666666666666,0.6482875255129879,0.2875,0.7
full_seed101_drift_0p3_noise0p5_s13_a0p3_b0p8,101,drift,0.3,0.5,13,0.3,1.2291666666666667,0.3166666666666666,0.6482875255129879,0.2875,0.8
full_seed101_drift_0p3_noise0p5_s5_a0p2_b0p7,101,drift,0.3,0.5,5,0.2,1.0333333333333334,0.775,0.7706592703556274,0.0333333333333333,0.7
full_seed101_drift_0p3_noise0p5_s5_a0p3_b0p8,101,drift,0.3,0.5,5,0.3,1.0333333333333334,0.775,0.7706592703556274,0.0333333333333333,0.8
full_seed101_drift_0p3_noise0p5_s9_a0p2_b0p7,101,drift,0.3,0.5,9,0.2,1.1,0.6708333333333333,0.7282021787500471,0.1125,0.7
full_seed101_drift_0p3_noise0p5_s9_a0p3_b0p8,101,drift,0.3,0.5,9,0.3,1.1,0.6708333333333333,0.7282021787500471,0.1125,0.8
full_seed101_drift_0p4_noise0p1_s13_a0p2_b0p7,101,drift,0.4,0.1,13,0.2,1.0,0.4291666666666666,0.6729139550902381,0.0,0.7
full_seed101_drift_0p4_noise0p1_s13_a0p3_b0p8,101,drift,0.4,0.1,13,0.3,1.0,0.4291666666666666,0.6729139550902381,0.0,0.8
full_seed101_drift_0p4_noise0p1_s5_a0p2_b0p7,101,drift,0.4,0.1,5,0.2,1.0,0.8416666666666667,0.8225147896419408,0.0,0.7
full_seed101_drift_0p4_noise0p1_s5_a0p3_b0p8,101,drift,0.4,0.1,5,0.3,1.0,0.8416666666666667,0.8225147896419408,0.0,0.8
full_seed101_drift_0p4_noise0p1_s9_a0p2_b0p7,101,drift,0.4,0.1,9,0.2,1.0,0.7833333333333333,0.756507352055203,0.0,0.7
full_seed101_drift_0p4_noise0p1_s9_a0p3_b0p8,101,drift,0.4,0.1,9,0.3,1.0,0.7833333333333333,0.756507352055203,0.0,0.8
full_seed101_drift_0p4_noise0p25_s13_a0p2_b0p7,101,drift,0.4,0.25,13,0.2,1.0041666666666669,0.3875,0.6596355306459418,0.0041666666666666,0.7
full_seed101_drift_0p4_noise0p25_s13_a0p3_b0p8,101,drift,0.4,0.25,13,0.3,1.0041666666666669,0.3875,0.6596355306459418,0.0041666666666666,0.8
full_seed101_drift_0p4_noise0p25_s5_a0p2_b0p7,101,drift,0.4,0.25,5,0.2,1.0,0.8208333333333333,0.8075129654928387,0.0,0.7
full_seed101_drift_0p4_noise0p25_s5_a0p3_b0p8,101,drift,0.4,0.25,5,0.3,1.0,0.8208333333333333,0.8075129654928387,0.0,0.8
full_seed101_drift_0p4_noise0p25_s9_a0p2_b0p7,101,drift,0.4,0.25,9,0.2,1.0208333333333333,0.7666666666666667,0.7471106538892118,0.0208333333333333,0.7
full_seed101_drift_0p4_noise0p25_s9_a0p3_b0p8,101,drift,0.4,0.25,9,0.3,1.0208333333333333,0.7666666666666667,0.7471106538892118,0.0208333333333333,0.8
full_seed101_drift_0p4_noise0p5_s13_a0p2_b0p7,101,drift,0.4,0.5,13,0.2,1.2333333333333334,0.3,0.6417013707511043,0.3,0.7
full_seed101_drift_0p4_noise0p5_s13_a0p3_b0p8,101,drift,0.4,0.5,13,0.3,1.2333333333333334,0.3,0.6417013707511043,0.3,0.8
full_seed101_drift_0p4_noise0p5_s5_a0p2_b0p7,101,drift,0.4,0.5,5,0.2,1.0333333333333334,0.775,0.7706592703556274,0.0333333333333333,0.7
full_seed101_drift_0p4_noise0p5_s5_a0p3_b0p8,101,drift,0.4,0.5,5,0.3,1.0333333333333334,0.775,0.7706592703556274,0.0333333333333333,0.8
full_seed101_drift_0p4_noise0p5_s9_a0p2_b0p7,101,drift,0.4,0.5,9,0.2,1.1333333333333333,0.6666666666666666,0.7242722439411869,0.15,0.7
full_seed101_drift_0p4_noise0p5_s9_a0p3_b0p8,101,drift,0.4,0.5,9,0.3,1.1333333333333333,0.6666666666666666,0.7242722439411869,0.15,0.8
full_seed101_freeze_0p0_noise0p1_s13_a0p2_b0p7,101,freeze,0.0,0.1,13,0.2,1.0,0.6166666666666667,0.7316503450568228,0.0,0.7
full_seed101_freeze_0p0_noise0p1_s13_a0p3_b0p8,101,freeze,0.0,0.1,13,0.3,1.0,0.6166666666666667,0.7316503450568228,0.0,0.8
full_seed101_freeze_0p0_noise0p1_s5_a0p2_b0p7,101,freeze,0.0,0.1,5,0.2,1.0,1.0,0.885706398181517,0.0,0.7
full_seed101_freeze_0p0_noise0p1_s5_a0p3_b0p8,101,freeze,0.0,0.1,5,0.3,1.0,1.0,0.885706398181517,0.0,0.8
full_seed101_freeze_0p0_noise0p1_s9_a0p2_b0p7,101,freeze,0.0,0.1,9,0.2,1.0,1.0,0.8165671065630927,0.0,0.7
full_seed101_freeze_0p0_noise0p1_s9_a0p3_b0p8,101,freeze,0.0,0.1,9,0.3,1.0,1.0,0.8165671065630927,0.0,0.8
full_seed101_freeze_0p0_noise0p25_s13_a0p2_b0p7,101,freeze,0.0,0.25,13,0.2,1.0,0.5708333333333333,0.7165146728230357,0.0,0.7
full_seed101_freeze_0p0_noise0p25_s13_a0p3_b0p8,101,freeze,0.0,0.25,13,0.3,1.0,0.5708333333333333,0.7165146728230357,0.0,0.8
full_seed101_freeze_0p0_noise0p25_s5_a0p2_b0p7,101,freeze,0.0,0.25,5,0.2,1.0,0.9958333333333332,0.867281571473503,0.0,0.7
full_seed101_freeze_0p0_noise0p25_s5_a0p3_b0p8,101,freeze,0.0,0.25,5,0.3,1.0,0.9958333333333332,0.867281571473503,0.0,0.8
full_seed101_freeze_0p0_noise0p25_s9_a0p2_b0p7,101,freeze,0.0,0.25,9,0.2,1.0,1.0,0.8020202165237822,0.0,0.7
full_seed101_freeze_0p0_noise0p25_s9_a0p3_b0p8,101,freeze,0.0,0.25,9,0.3,1.0,1.0,0.8020202165237822,0.0,0.8
full_seed101_freeze_0p0_noise0p5_s13_a0p2_b0p7,101,freeze,0.0,0.5,13,0.2,1.1583333333333334,0.4541666666666666,0.6915835190606209,0.175,0.7
full_seed101_freeze_0p0_noise0p5_s13_a0p3_b0p8,101,freeze,0.0,0.5,13,0.3,1.1583333333333334,0.4541666666666666,0.6915835190606209,0.175,0.8
full_seed101_freeze_0p0_noise0p5_s5_a0p2_b0p7,101,freeze,0.0,0.5,5,0.2,1.0041666666666669,0.9625,0.8179292501741884,0.0041666666666666,0.7
full_seed101_freeze_0p0_noise0p5_s5_a0p3_b0p8,101,freeze,0.0,0.5,5,0.3,1.0041666666666669,0.9625,0.8179292501741884,0.0041666666666666,0.8
full_seed101_freeze_0p0_noise0p5_s9_a0p2_b0p7,101,freeze,0.0,0.5,9,0.2,1.0541666666666667,0.8958333333333334,0.7678894253132152,0.0541666666666666,0.7
full_seed101_freeze_0p0_noise0p5_s9_a0p3_b0p8,101,freeze,0.0,0.5,9,0.3,1.0541666666666667,0.8958333333333334,0.7678894253132152,0.0541666666666666,0.8
full_seed101_freeze_0p1_noise0p1_s13_a0p2_b0p7,101,freeze,0.1,0.1,13,0.2,1.0,0.6291666666666667,0.7335945419615136,0.0,0.7
full_seed101_freeze_0p1_noise0p1_s13_a0p3_b0p8,101,freeze,0.1,0.1,13,0.3,1.0,0.6291666666666667,0.7335945419615136,0.0,0.8
full_seed101_freeze_0p1_noise0p1_s5_a0p2_b0p7,101,freeze,0.1,0.1,5,0.2,1.0,1.0,0.885706398181517,0.0,0.7
full_seed101_freeze_0p1_noise0p1_s5_a0p3_b0p8,101,freeze,0.1,0.1,5,0.3,1.0,1.0,0.885706398181517,0.0,0.8
full_seed101_freeze_0p1_noise0p1_s9_a0p2_b0p7,101,freeze,0.1,0.1,9,0.2,1.0,1.0,0.8162658285363643,0.0,0.7
full_seed101_freeze_0p1_noise0p1_s9_a0p3_b0p8,101,freeze,0.1,0.1,9,0.3,1.0,1.0,0.8162658285363643,0.0,0.8
full_seed101_freeze_0p1_noise0p25_s13_a0p2_b0p7,101,freeze,0.1,0.25,13,0.2,1.0,0.575,0.7185984337918758,0.0,0.7
full_seed101_freeze_0p1_noise0p25_s13_a0p3_b0p8,101,freeze,0.1,0.25,13,0.3,1.0,0.575,0.7185984337918758,0.0,0.8
full_seed101_freeze_0p1_noise0p25_s5_a0p2_b0p7,101,freeze,0.1,0.25,5,0.2,1.0,0.9958333333333332,0.867281571473503,0.0,0.7
full_seed101_freeze_0p1_noise0p25_s5_a0p3_b0p8,101,freeze,0.1,0.25,5,0.3,1.0,0.9958333333333332,0.867281571473503,0.0,0.8
full_seed101_freeze_0p1_noise0p25_s9_a0p2_b0p7,101,freeze,0.1,0.25,9,0.2,1.0041666666666669,1.0,0.8025189466206474,0.0041666666666666,0.7
full_seed101_freeze_0p1_noise0p25_s9_a0p3_b0p8,101,freeze,0.1,0.25,9,0.3,1.0041666666666669,1.0,0.8025189466206474,0.0041666666666666,0.8
full_seed101_freeze_0p1_noise0p5_s13_a0p2_b0p7,101,freeze,0.1,0.5,13,0.2,1.15,0.4791666666666667,0.6930545334685374,0.1666666666666666,0.7
full_seed101_freeze_0p1_noise0p5_s13_a0p3_b0p8,101,freeze,0.1,0.5,13,0.3,1.15,0.4791666666666667,0.6930545334685374,0.1666666666666666,0.8
full_seed101_freeze_0p1_noise0p5_s5_a0p2_b0p7,101,freeze,0.1,0.5,5,0.2,1.0041666666666669,0.9625,0.8179292501741884,0.0041666666666666,0.7
full_seed101_freeze_0p1_noise0p5_s5_a0p3_b0p8,101,freeze,0.1,0.5,5,0.3,1.0041666666666669,0.9625,0.8179292501741884,0.0041666666666666,0.8
full_seed101_freeze_0p1_noise0p5_s9_a0p2_b0p7,101,freeze,0.1,0.5,9,0.2,1.0583333333333331,0.8791666666666667,0.7688553138580445,0.0625,0.7
full_seed101_freeze_0p1_noise0p5_s9_a0p3_b0p8,101,freeze,0.1,0.5,9,0.3,1.0583333333333331,0.8791666666666667,0.7688553138580445,0.0625,0.8
full_seed101_freeze_0p2_noise0p1_s13_a0p2_b0p7,101,freeze,0.2,0.1,13,0.2,1.0,0.6291666666666667,0.7300279590830613,0.0,0.7
full_seed101_freeze_0p2_noise0p1_s13_a0p3_b0p8,101,freeze,0.2,0.1,13,0.3,1.0,0.6291666666666667,0.7300279590830613,0.0,0.8
full_seed101_freeze_0p2_noise0p1_s5_a0p2_b0p7,101,freeze,0.2,0.1,5,0.2,1.0,1.0,0.882963572648857,0.0,0.7
full_seed101_freeze_0p2_noise0p1_s5_a0p3_b0p8,101,freeze,0.2,0.1,5,0.3,1.0,1.0,0.882963572648857,0.0,0.8
full_seed101_freeze_0p2_noise0p1_s9_a0p2_b0p7,101,freeze,0.2,0.1,9,0.2,1.0,1.0,0.814286918660869,0.0,0.7
full_seed101_freeze_0p2_noise0p1_s9_a0p3_b0p8,101,freeze,0.2,0.1,9,0.3,1.0,1.0,0.814286918660869,0.0,0.8
full_seed101_freeze_0p2_noise0p25_s13_a0p2_b0p7,101,freeze,0.2,0.25,13,0.2,1.0,0.5666666666666667,0.7146754210937154,0.0,0.7
full_seed101_freeze_0p2_noise0p25_s13_a0p3_b0p8,101,freeze,0.2,0.25,13,0.3,1.0,0.5666666666666667,0.7146754210937154,0.0,0.8
full_seed101_freeze_0p2_noise0p25_s5_a0p2_b0p7,101,freeze,0.2,0.25,5,0.2,1.0,0.9958333333333332,0.865147466064286,0.0,0.7
full_seed101_freeze_0p2_noise0p25_s5_a0p3_b0p8,101,freeze,0.2,0.25,5,0.3,1.0,0.9958333333333332,0.865147466064286,0.0,0.8
full_seed101_freeze_0p2_noise0p25_s9_a0p2_b0p7,101,freeze,0.2,0.25,9,0.2,1.0041666666666669,0.9958333333333332,0.8001283954374686,0.0041666666666666,0.7
full_seed101_freeze_0p2_noise0p25_s9_a0p3_b0p8,101,freeze,0.2,0.25,9,0.3,1.0041666666666669,0.9958333333333332,0.8001283954374686,0.0041666666666666,0.8
full_seed101_freeze_0p2_noise0p5_s13_a0p2_b0p7,101,freeze,0.2,0.5,13,0.2,1.15,0.4625,0.6891135536163553,0.1666666666666666,0.7
full_seed101_freeze_0p2_noise0p5_s13_a0p3_b0p8,101,freeze,0.2,0.5,13,0.3,1.15,0.4625,0.6891135536163553,0.1666666666666666,0.8
full_seed101_freeze_0p2_noise0p5_s5_a0p2_b0p7,101,freeze,0.2,0.5,5,0.2,1.0041666666666669,0.9583333333333334,0.8157083079472066,0.0041666666666666,0.7
full_seed101_freeze_0p2_noise0p5_s5_a0p3_b0p8,101,freeze,0.2,0.5,5,0.3,1.0041666666666669,0.9583333333333334,0.8157083079472066,0.0041666666666666,0.8
full_seed101_freeze_0p2_noise0p5_s9_a0p2_b0p7,101,freeze,0.2,0.5,9,0.2,1.0583333333333331,0.8708333333333333,0.766343940782638,0.0625,0.7
full_seed101_freeze_0p2_noise0p5_s9_a0p3_b0p8,101,freeze,0.2,0.5,9,0.3,1.0583333333333331,0.8708333333333333,0.766343940782638,0.0625,0.8
full_seed101_freeze_0p3_noise0p1_s13_a0p2_b0p7,101,freeze,0.3,0.1,13,0.2,1.0,0.6333333333333333,0.7309467558742798,0.0,0.7
full_seed101_freeze_0p3_noise0p1_s13_a0p3_b0p8,101,freeze,0.3,0.1,13,0.3,1.0,0.6333333333333333,0.7309467558742798,0.0,0.8
full_seed101_freeze_0p3_noise0p1_s5_a0p2_b0p7,101,freeze,0.3,0.1,5,0.2,1.0,1.0,0.8798375293587822,0.0,0.7
full_seed101_freeze_0p3_noise0p1_s5_a0p3_b0p8,101,freeze,0.3,0.1,5,0.3,1.0,1.0,0.8798375293587822,0.0,0.8
full_seed101_freeze_0p3_noise0p1_s9_a0p2_b0p7,101,freeze,0.3,0.1,9,0.2,1.0,1.0,0.8150046657061562,0.0,0.7
full_seed101_freeze_0p3_noise0p1_s9_a0p3_b0p8,101,freeze,0.3,0.1,9,0.3,1.0,1.0,0.8150046657061562,0.0,0.8
full_seed101_freeze_0p3_noise0p25_s13_a0p2_b0p7,101,freeze,0.3,0.25,13,0.2,1.0,0.5708333333333333,0.7156935930705657,0.0,0.7
full_seed101_freeze_0p3_noise0p25_s13_a0p3_b0p8,101,freeze,0.3,0.25,13,0.3,1.0,0.5708333333333333,0.7156935930705657,0.0,0.8
full_seed101_freeze_0p3_noise0p25_s5_a0p2_b0p7,101,freeze,0.3,0.25,5,0.2,1.0,0.9958333333333332,0.861270291474313,0.0,0.7
full_seed101_freeze_0p3_noise0p25_s5_a0p3_b0p8,101,freeze,0.3,0.25,5,0.3,1.0,0.9958333333333332,0.861270291474313,0.0,0.8
full_seed101_freeze_0p3_noise0p25_s9_a0p2_b0p7,101,freeze,0.3,0.25,9,0.2,1.0,0.9958333333333332,0.7999554973090491,0.0,0.7
full_seed101_freeze_0p3_noise0p25_s9_a0p3_b0p8,101,freeze,0.3,0.25,9,0.3,1.0,0.9958333333333332,0.7999554973090491,0.0,0.8
full_seed101_freeze_0p3_noise0p5_s13_a0p2_b0p7,101,freeze,0.3,0.5,13,0.2,1.15,0.4375,0.6901372577097978,0.1666666666666666,0.7
full_seed101_freeze_0p3_noise0p5_s13_a0p3_b0p8,101,freeze,0.3,0.5,13,0.3,1.15,0.4375,0.6901372577097978,0.1666666666666666,0.8
full_seed101_freeze_0p3_noise0p5_s5_a0p2_b0p7,101,freeze,0.3,0.5,5,0.2,1.0083333333333333,0.9625,0.8123551708073303,0.0083333333333333,0.7
full_seed101_freeze_0p3_noise0p5_s5_a0p3_b0p8,101,freeze,0.3,0.5,5,0.3,1.0083333333333333,0.9625,0.8123551708073303,0.0083333333333333,0.8
full_seed101_freeze_0p3_noise0p5_s9_a0p2_b0p7,101,freeze,0.3,0.5,9,0.2,1.0583333333333331,0.8791666666666667,0.766411856036862,0.0625,0.7
full_seed101_freeze_0p3_noise0p5_s9_a0p3_b0p8,101,freeze,0.3,0.5,9,0.3,1.0583333333333331,0.8791666666666667,0.766411856036862,0.0625,0.8
full_seed101_freeze_0p4_noise0p1_s13_a0p2_b0p7,101,freeze,0.4,0.1,13,0.2,1.0,0.65,0.7329125522573567,0.0,0.7
full_seed101_freeze_0p4_noise0p1_s13_a0p3_b0p8,101,freeze,0.4,0.1,13,0.3,1.0,0.65,0.7329125522573567,0.0,0.8
full_seed101_freeze_0p4_noise0p1_s5_a0p2_b0p7,101,freeze,0.4,0.1,5,0.2,1.0,1.0,0.8798375293587822,0.0,0.7
full_seed101_freeze_0p4_noise0p1_s5_a0p3_b0p8,101,freeze,0.4,0.1,5,0.3,1.0,1.0,0.8798375293587822,0.0,0.8
full_seed101_freeze_0p4_noise0p1_s9_a0p2_b0p7,101,freeze,0.4,0.1,9,0.2,1.0,1.0,0.816644604641161,0.0,0.7
full_seed101_freeze_0p4_noise0p1_s9_a0p3_b0p8,101,freeze,0.4,0.1,9,0.3,1.0,1.0,0.816644604641161,0.0,0.8
full_seed101_freeze_0p4_noise0p25_s13_a0p2_b0p7,101,freeze,0.4,0.25,13,0.2,1.0,0.5791666666666667,0.7177561690433876,0.0,0.7
full_seed101_freeze_0p4_noise0p25_s13_a0p3_b0p8,101,freeze,0.4,0.25,13,0.3,1.0,0.5791666666666667,0.7177561690433876,0.0,0.8
full_seed101_freeze_0p4_noise0p25_s5_a0p2_b0p7,101,freeze,0.4,0.25,5,0.2,1.0,0.9958333333333332,0.861270291474313,0.0,0.7
full_seed101_freeze_0p4_noise0p25_s5_a0p3_b0p8,101,freeze,0.4,0.25,5,0.3,1.0,0.9958333333333332,0.861270291474313,0.0,0.8
full_seed101_freeze_0p4_noise0p25_s9_a0p2_b0p7,101,freeze,0.4,0.25,9,0.2,1.0,1.0,0.8018069450418432,0.0,0.7
full_seed101_freeze_0p4_noise0p25_s9_a0p3_b0p8,101,freeze,0.4,0.25,9,0.3,1.0,1.0,0.8018069450418432,0.0,0.8
full_seed101_freeze_0p4_noise0p5_s13_a0p2_b0p7,101,freeze,0.4,0.5,13,0.2,1.1458333333333333,0.45,0.6919571777169892,0.1625,0.7
full_seed101_freeze_0p4_noise0p5_s13_a0p3_b0p8,101,freeze,0.4,0.5,13,0.3,1.1458333333333333,0.45,0.6919571777169892,0.1625,0.8
full_seed101_freeze_0p4_noise0p5_s5_a0p2_b0p7,101,freeze,0.4,0.5,5,0.2,1.0083333333333333,0.9625,0.8123551708073303,0.0083333333333333,0.7
full_seed101_freeze_0p4_noise0p5_s5_a0p3_b0p8,101,freeze,0.4,0.5,5,0.3,1.0083333333333333,0.9625,0.8123551708073303,0.0083333333333333,0.8
full_seed101_freeze_0p4_noise0p5_s9_a0p2_b0p7,101,freeze,0.4,0.5,9,0.2,1.0583333333333331,0.8791666666666667,0.7680573942293409,0.0625,0.7
full_seed101_freeze_0p4_noise0p5_s9_a0p3_b0p8,101,freeze,0.4,0.5,9,0.3,1.0583333333333331,0.8791666666666667,0.7680573942293409,0.0625,0.8
full_seed101_mixed_0p0_noise0p1_s13_a0p2_b0p7,101,mixed,0.0,0.1,13,0.2,1.0,0.6166666666666667,0.7316503450568228,0.0,0.7
full_seed101_mixed_0p0_noise0p1_s13_a0p3_b0p8,101,mixed,0.0,0.1,13,0.3,1.0,0.6166666666666667,0.7316503450568228,0.0,0.8
full_seed101_mixed_0p0_noise0p1_s5_a0p2_b0p7,101,mixed,0.0,0.1,5,0.2,1.0,1.0,0.885706398181517,0.0,0.7
full_seed101_mixed_0p0_noise0p1_s5_a0p3_b0p8,101,mixed,0.0,0.1,5,0.3,1.0,1.0,0.885706398181517,0.0,0.8
full_seed101_mixed_0p0_noise0p1_s9_a0p2_b0p7,101,mixed,0.0,0.1,9,0.2,1.0,1.0,0.8165671065630927,0.0,0.7
full_seed101_mixed_0p0_noise0p1_s9_a0p3_b0p8,101,mixed,0.0,0.1,9,0.3,1.0,1.0,0.8165671065630927,0.0,0.8
full_seed101_mixed_0p0_noise0p25_s13_a0p2_b0p7,101,mixed,0.0,0.25,13,0.2,1.0,0.5708333333333333,0.7165146728230357,0.0,0.7
full_seed101_mixed_0p0_noise0p25_s13_a0p3_b0p8,101,mixed,0.0,0.25,13,0.3,1.0,0.5708333333333333,0.7165146728230357,0.0,0.8
full_seed101_mixed_0p0_noise0p25_s5_a0p2_b0p7,101,mixed,0.0,0.25,5,0.2,1.0,0.9958333333333332,0.867281571473503,0.0,0.7
full_seed101_mixed_0p0_noise0p25_s5_a0p3_b0p8,101,mixed,0.0,0.25,5,0.3,1.0,0.9958333333333332,0.867281571473503,0.0,0.8
full_seed101_mixed_0p0_noise0p25_s9_a0p2_b0p7,101,mixed,0.0,0.25,9,0.2,1.0,1.0,0.8020202165237822,0.0,0.7
full_seed101_mixed_0p0_noise0p25_s9_a0p3_b0p8,101,mixed,0.0,0.25,9,0.3,1.0,1.0,0.8020202165237822,0.0,0.8
full_seed101_mixed_0p0_noise0p5_s13_a0p2_b0p7,101,mixed,0.0,0.5,13,0.2,1.1583333333333334,0.4541666666666666,0.6915835190606209,0.175,0.7
full_seed101_mixed_0p0_noise0p5_s13_a0p3_b0p8,101,mixed,0.0,0.5,13,0.3,1.1583333333333334,0.4541666666666666,0.6915835190606209,0.175,0.8
full_seed101_mixed_0p0_noise0p5_s5_a0p2_b0p7,101,mixed,0.0,0.5,5,0.2,1.0041666666666669,0.9625,0.8179292501741884,0.0041666666666666,0.7
full_seed101_mixed_0p0_noise0p5_s5_a0p3_b0p8,101,mixed,0.0,0.5,5,0.3,1.0041666666666669,0.9625,0.8179292501741884,0.0041666666666666,0.8
full_seed101_mixed_0p0_noise0p5_s9_a0p2_b0p7,101,mixed,0.0,0.5,9,0.2,1.0541666666666667,0.8958333333333334,0.7678894253132152,0.0541666666666666,0.7
full_seed101_mixed_0p0_noise0p5_s9_a0p3_b0p8,101,mixed,0.0,0.5,9,0.3,1.0541666666666667,0.8958333333333334,0.7678894253132152,0.0541666666666666,0.8
full_seed101_mixed_0p1_noise0p1_s13_a0p2_b0p7,101,mixed,0.1,0.1,13,0.2,1.1583333333333334,0.6083333333333333,0.7273319632887021,0.1583333333333333,0.7
full_seed101_mixed_0p1_noise0p1_s13_a0p3_b0p8,101,mixed,0.1,0.1,13,0.3,1.1583333333333334,0.6083333333333333,0.7273319632887021,0.1583333333333333,0.8
full_seed101_mixed_0p1_noise0p1_s5_a0p2_b0p7,101,mixed,0.1,0.1,5,0.2,1.0,1.0,0.885706398181517,0.0,0.7
full_seed101_mixed_0p1_noise0p1_s5_a0p3_b0p8,101,mixed,0.1,0.1,5,0.3,1.0,1.0,0.885706398181517,0.0,0.8
full_seed101_mixed_0p1_noise0p1_s9_a0p2_b0p7,101,mixed,0.1,0.1,9,0.2,1.1458333333333333,0.9833333333333332,0.8100296487768683,0.1458333333333333,0.7
full_seed101_mixed_0p1_noise0p1_s9_a0p3_b0p8,101,mixed,0.1,0.1,9,0.3,1.1458333333333333,0.9833333333333332,0.8100296487768683,0.1458333333333333,0.8
full_seed101_mixed_0p1_noise0p25_s13_a0p2_b0p7,101,mixed,0.1,0.25,13,0.2,1.1625,0.5625,0.7126866491987386,0.1625,0.7
full_seed101_mixed_0p1_noise0p25_s13_a0p3_b0p8,101,mixed,0.1,0.25,13,0.3,1.1625,0.5625,0.7126866491987386,0.1625,0.8
full_seed101_mixed_0p1_noise0p25_s5_a0p2_b0p7,101,mixed,0.1,0.25,5,0.2,1.0,0.9958333333333332,0.867281571473503,0.0,0.7
full_seed101_mixed_0p1_noise0p25_s5_a0p3_b0p8,101,mixed,0.1,0.25,5,0.3,1.0,0.9958333333333332,0.867281571473503,0.0,0.8
full_seed101_mixed_0p1_noise0p25_s9_a0p2_b0p7,101,mixed,0.1,0.25,9,0.2,1.15,0.9833333333333332,0.7979186165562027,0.1583333333333333,0.7
full_seed101_mixed_0p1_noise0p25_s9_a0p3_b0p8,101,mixed,0.1,0.25,9,0.3,1.15,0.9833333333333332,0.7979186165562027,0.1583333333333333,0.8
full_seed101_mixed_0p1_noise0p5_s13_a0p2_b0p7,101,mixed,0.1,0.5,13,0.2,1.2875,0.4291666666666666,0.6882242730266801,0.35,0.7
full_seed101_mixed_0p1_noise0p5_s13_a0p3_b0p8,101,mixed,0.1,0.5,13,0.3,1.2875,0.4291666666666666,0.6882242730266801,0.35,0.8
full_seed101_mixed_0p1_noise0p5_s5_a0p2_b0p7,101,mixed,0.1,0.5,5,0.2,1.0041666666666669,0.9625,0.8179292501741884,0.0041666666666666,0.7
full_seed101_mixed_0p1_noise0p5_s5_a0p3_b0p8,101,mixed,0.1,0.5,5,0.3,1.0041666666666669,0.9625,0.8179292501741884,0.0041666666666666,0.8
full_seed101_mixed_0p1_noise0p5_s9_a0p2_b0p7,101,mixed,0.1,0.5,9,0.2,1.1791666666666667,0.8833333333333333,0.7641956763435062,0.2041666666666666,0.7
full_seed101_mixed_0p1_noise0p5_s9_a0p3_b0p8,101,mixed,0.1,0.5,9,0.3,1.1791666666666667,0.8833333333333333,0.7641956763435062,0.2041666666666666,0.8
full_seed101_mixed_0p2_noise0p1_s13_a0p2_b0p7,101,mixed,0.2,0.1,13,0.2,1.1458333333333333,0.6208333333333333,0.7148248609475033,0.3666666666666666,0.7
full_seed101_mixed_0p2_noise0p1_s13_a0p3_b0p8,101,mixed,0.2,0.1,13,0.3,1.1458333333333333,0.6208333333333333,0.7148248609475033,0.3666666666666666,0.8
full_seed101_mixed_0p2_noise0p1_s5_a0p2_b0p7,101,mixed,0.2,0.1,5,0.2,1.1375,0.975,0.8744676952635281,0.1375,0.7
full_seed101_mixed_0p2_noise0p1_s5_a0p3_b0p8,101,mixed,0.2,0.1,5,0.3,1.1375,0.975,0.8744676952635281,0.1375,0.8
full_seed101_mixed_0p2_noise0p1_s9_a0p2_b0p7,101,mixed,0.2,0.1,9,0.2,1.1375,0.9541666666666668,0.7972039638112546,0.2375,0.7
full_seed101_mixed_0p2_noise0p1_s9_a0p3_b0p8,101,mixed,0.2,0.1,9,0.3,1.1375,0.9541666666666668,0.7972039638112546,0.2375,0.8
full_seed101_mixed_0p2_noise0p25_s13_a0p2_b0p7,101,mixed,0.2,0.25,13,0.2,1.1583333333333334,0.5666666666666667,0.7012803659745226,0.3916666666666666,0.7
full_seed101_mixed_0p2_noise0p25_s13_a0p3_b0p8,101,mixed,0.2,0.25,13,0.3,1.1583333333333334,0.5666666666666667,0.7012803659745226,0.3916666666666666,0.8
full_seed101_mixed_0p2_noise0p25_s5_a0p2_b0p7,101,mixed,0.2,0.25,5,0.2,1.1375,0.9708333333333332,0.8576530656159911,0.1375,0.7
full_seed101_mixed_0p2_noise0p25_s5_a0p3_b0p8,101,mixed,0.2,0.25,5,0.3,1.1375,0.9708333333333332,0.8576530656159911,0.1375,0.8
full_seed101_mixed_0p2_noise0p25_s9_a0p2_b0p7,101,mixed,0.2,0.25,9,0.2,1.1625,0.9625,0.7894225156086317,0.275,0.7
full_seed101_mixed_0p2_noise0p25_s9_a0p3_b0p8,101,mixed,0.2,0.25,9,0.3,1.1625,0.9625,0.7894225156086317,0.275,0.8
full_seed101_mixed_0p2_noise0p5_s13_a0p2_b0p7,101,mixed,0.2,0.5,13,0.2,1.3125,0.4458333333333333,0.6789894100278154,0.6208333333333333,0.7
full_seed101_mixed_0p2_noise0p5_s13_a0p3_b0p8,101,mixed,0.2,0.5,13,0.3,1.3125,0.4458333333333333,0.6789894100278154,0.6208333333333333,0.8
full_seed101_mixed_0p2_noise0p5_s5_a0p2_b0p7,101,mixed,0.2,0.5,5,0.2,1.1375,0.925,0.8101293478128592,0.1375,0.7
full_seed101_mixed_0p2_noise0p5_s5_a0p3_b0p8,101,mixed,0.2,0.5,5,0.3,1.1375,0.925,0.8101293478128592,0.1375,0.8
full_seed101_mixed_0p2_noise0p5_s9_a0p2_b0p7,101,mixed,0.2,0.5,9,0.2,1.2,0.8458333333333333,0.756878785392869,0.325,0.7
full_seed101_mixed_0p2_noise0p5_s9_a0p3_b0p8,101,mixed,0.2,0.5,9,0.3,1.2,0.8458333333333333,0.756878785392869,0.325,0.8
full_seed101_mixed_0p3_noise0p1_s13_a0p2_b0p7,101,mixed,0.3,0.1,13,0.2,1.1333333333333333,0.6166666666666667,0.7098522669907978,0.4583333333333333,0.7
full_seed101_mixed_0p3_noise0p1_s13_a0p3_b0p8,101,mixed,0.3,0.1,13,0.3,1.1333333333333333,0.6166666666666667,0.7098522669907978,0.4583333333333333,0.8
full_seed101_mixed_0p3_noise0p1_s5_a0p2_b0p7,101,mixed,0.3,0.1,5,0.2,1.1083333333333334,0.9375,0.8497204956030532,0.2,0.7
full_seed101_mixed_0p3_noise0p1_s5_a0p3_b0p8,101,mixed,0.3,0.1,5,0.3,1.1083333333333334,0.9375,0.8497204956030532,0.2,0.8
full_seed101_mixed_0p3_noise0p1_s9_a0p2_b0p7,101,mixed,0.3,0.1,9,0.2,1.1125,0.9333333333333332,0.7844026135341372,0.3,0.7
full_seed101_mixed_0p3_noise0p1_s9_a0p3_b0p8,101,mixed,0.3,0.1,9,0.3,1.1125,0.9333333333333332,0.7844026135341372,0.3,0.8
full_seed101_mixed_0p3_noise0p25_s13_a0p2_b0p7,101,mixed,0.3,0.25,13,0.2,1.1416666666666666,0.5708333333333333,0.6963720819199156,0.475,0.7
full_seed101_mixed_0p3_noise0p25_s13_a0p3_b0p8,101,mixed,0.3,0.25,13,0.3,1.1416666666666666,0.5708333333333333,0.6963720819199156,0.475,0.8
full_seed101_mixed_0p3_noise0p25_s5_a0p2_b0p7,101,mixed,0.3,0.25,5,0.2,1.1,0.9291666666666668,0.8329431516785657,0.1958333333333333,0.7
full_seed101_mixed_0p3_noise0p25_s5_a0p3_b0p8,101,mixed,0.3,0.25,5,0.3,1.1,0.9291666666666668,0.8329431516785657,0.1958333333333333,0.8
full_seed101_mixed_0p3_noise0p25_s9_a0p2_b0p7,101,mixed,0.3,0.25,9,0.2,1.1208333333333331,0.9291666666666668,0.7754652093634601,0.3291666666666666,0.7
full_seed101_mixed_0p3_noise0p25_s9_a0p3_b0p8,101,mixed,0.3,0.25,9,0.3,1.1208333333333331,0.9291666666666668,0.7754652093634601,0.3291666666666666,0.8
full_seed101_mixed_0p3_noise0p5_s13_a0p2_b0p7,101,mixed,0.3,0.5,13,0.2,1.3208333333333333,0.4375,0.6751777003856403,0.75,0.7
full_seed101_mixed_0p3_noise0p5_s13_a0p3_b0p8,101,mixed,0.3,0.5,13,0.3,1.3208333333333333,0.4375,0.6751777003856403,0.75,0.8
full_seed101_mixed_0p3_noise0p5_s5_a0p2_b0p7,101,mixed,0.3,0.5,5,0.2,1.1291666666666669,0.8958333333333334,0.7926168084509155,0.2125,0.7
full_seed101_mixed_0p3_noise0p5_s5_a0p3_b0p8,101,mixed,0.3,0.5,5,0.3,1.1291666666666669,0.8958333333333334,0.7926168084509155,0.2125,0.8
full_seed101_mixed_0p3_noise0p5_s9_a0p2_b0p7,101,mixed,0.3,0.5,9,0.2,1.1958333333333333,0.825,0.7467371572703471,0.4208333333333333,0.7
full_seed101_mixed_0p3_noise0p5_s9_a0p3_b0p8,101,mixed,0.3,0.5,9,0.3,1.1958333333333333,0.825,0.7467371572703471,0.4208333333333333,0.8
full_seed101_mixed_0p4_noise0p1_s13_a0p2_b0p7,101,mixed,0.4,0.1,13,0.2,1.125,0.6291666666666667,0.7073309389709759,0.5458333333333333,0.7
full_seed101_mixed_0p4_noise0p1_s13_a0p3_b0p8,101,mixed,0.4,0.1,13,0.3,1.125,0.6291666666666667,0.7073309389709759,0.5458333333333333,0.8
full_seed101_mixed_0p4_noise0p1_s5_a0p2_b0p7,101,mixed,0.4,0.1,5,0.2,1.1083333333333334,0.9375,0.8497204956030532,0.2,0.7
full_seed101_mixed_0p4_noise0p1_s5_a0p3_b0p8,101,mixed,0.4,0.1,5,0.3,1.1083333333333334,0.9375,0.8497204956030532,0.2,0.8
full_seed101_mixed_0p4_noise0p1_s9_a0p2_b0p7,101,mixed,0.4,0.1,9,0.2,1.1041666666666667,0.9083333333333332,0.7773853973514889,0.3833333333333333,0.7
full_seed101_mixed_0p4_noise0p1_s9_a0p3_b0p8,101,mixed,0.4,0.1,9,0.3,1.1041666666666667,0.9083333333333332,0.7773853973514889,0.3833333333333333,0.8
full_seed101_mixed_0p4_noise0p25_s13_a0p2_b0p7,101,mixed,0.4,0.25,13,0.2,1.1208333333333331,0.575,0.6919217782134225,0.5375,0.7
full_seed101_mixed_0p4_noise0p25_s13_a0p3_b0p8,101,mixed,0.4,0.25,13,0.3,1.1208333333333331,0.575,0.6919217782134225,0.5375,0.8
full_seed101_mixed_0p4_noise0p25_s5_a0p2_b0p7,101,mixed,0.4,0.25,5,0.2,1.1,0.9291666666666668,0.8329431516785657,0.1958333333333333,0.7
full_seed101_mixed_0p4_noise0p25_s5_a0p3_b0p8,101,mixed,0.4,0.25,5,0.3,1.1,0.9291666666666668,0.8329431516785657,0.1958333333333333,0.8
full_seed101_mixed_0p4_noise0p25_s9_a0p2_b0p7,101,mixed,0.4,0.25,9,0.2,1.1166666666666667,0.9041666666666668,0.7699921429859742,0.4208333333333333,0.7
full_seed101_mixed_0p4_noise0p25_s9_a0p3_b0p8,101,mixed,0.4,0.25,9,0.3,1.1166666666666667,0.9041666666666668,0.7699921429859742,0.4208333333333333,0.8
full_seed101_mixed_0p4_noise0p5_s13_a0p2_b0p7,101,mixed,0.4,0.5,13,0.2,1.3083333333333331,0.4375,0.6697985944305811,0.8416666666666667,0.7
full_seed101_mixed_0p4_noise0p5_s13_a0p3_b0p8,101,mixed,0.4,0.5,13,0.3,1.3083333333333331,0.4375,0.6697985944305811,0.8416666666666667,0.8
full_seed101_mixed_0p4_noise0p5_s5_a0p2_b0p7,101,mixed,0.4,0.5,5,0.2,1.1291666666666669,0.8958333333333334,0.7926168084509155,0.2125,0.7
full_seed101_mixed_0p4_noise0p5_s5_a0p3_b0p8,101,mixed,0.4,0.5,5,0.3,1.1291666666666669,0.8958333333333334,0.7926168084509155,0.2125,0.8
full_seed101_mixed_0p4_noise0p5_s9_a0p2_b0p7,101,mixed,0.4,0.5,9,0.2,1.1916666666666669,0.825,0.7424999057856932,0.5375,0.7
full_seed101_mixed_0p4_noise0p5_s9_a0p3_b0p8,101,mixed,0.4,0.5,9,0.3,1.1916666666666669,0.825,0.7424999057856932,0.5375,0.8
full_seed101_replay_0p0_noise0p1_s13_a0p2_b0p7,101,replay,0.0,0.1,13,0.2,1.0,0.6166666666666667,0.7316503450568228,0.0,0.7
full_seed101_replay_0p0_noise0p1_s13_a0p3_b0p8,101,replay,0.0,0.1,13,0.3,1.0,0.6166666666666667,0.7316503450568228,0.0,0.8
full_seed101_replay_0p0_noise0p1_s5_a0p2_b0p7,101,replay,0.0,0.1,5,0.2,1.0,1.0,0.885706398181517,0.0,0.7
full_seed101_replay_0p0_noise0p1_s5_a0p3_b0p8,101,replay,0.0,0.1,5,0.3,1.0,1.0,0.885706398181517,0.0,0.8
full_seed101_replay_0p0_noise0p1_s9_a0p2_b0p7,101,replay,0.0,0.1,9,0.2,1.0,1.0,0.8165671065630927,0.0,0.7
full_seed101_replay_0p0_noise0p1_s9_a0p3_b0p8,101,replay,0.0,0.1,9,0.3,1.0,1.0,0.8165671065630927,0.0,0.8
full_seed101_replay_0p0_noise0p25_s13_a0p2_b0p7,101,replay,0.0,0.25,13,0.2,1.0,0.5708333333333333,0.7165146728230357,0.0,0.7
full_seed101_replay_0p0_noise0p25_s13_a0p3_b0p8,101,replay,0.0,0.25,13,0.3,1.0,0.5708333333333333,0.7165146728230357,0.0,0.8
full_seed101_replay_0p0_noise0p25_s5_a0p2_b0p7,101,replay,0.0,0.25,5,0.2,1.0,0.9958333333333332,0.867281571473503,0.0,0.7
full_seed101_replay_0p0_noise0p25_s5_a0p3_b0p8,101,replay,0.0,0.25,5,0.3,1.0,0.9958333333333332,0.867281571473503,0.0,0.8
full_seed101_replay_0p0_noise0p25_s9_a0p2_b0p7,101,replay,0.0,0.25,9,0.2,1.0,1.0,0.8020202165237822,0.0,0.7
full_seed101_replay_0p0_noise0p25_s9_a0p3_b0p8,101,replay,0.0,0.25,9,0.3,1.0,1.0,0.8020202165237822,0.0,0.8
full_seed101_replay_0p0_noise0p5_s13_a0p2_b0p7,101,replay,0.0,0.5,13,0.2,1.1583333333333334,0.4541666666666666,0.6915835190606209,0.175,0.7
full_seed101_replay_0p0_noise0p5_s13_a0p3_b0p8,101,replay,0.0,0.5,13,0.3,1.1583333333333334,0.4541666666666666,0.6915835190606209,0.175,0.8
full_seed101_replay_0p0_noise0p5_s5_a0p2_b0p7,101,replay,0.0,0.5,5,0.2,1.0041666666666669,0.9625,0.8179292501741884,0.0041666666666666,0.7
full_seed101_replay_0p0_noise0p5_s5_a0p3_b0p8,101,replay,0.0,0.5,5,0.3,1.0041666666666669,0.9625,0.8179292501741884,0.0041666666666666,0.8
full_seed101_replay_0p0_noise0p5_s9_a0p2_b0p7,101,replay,0.0,0.5,9,0.2,1.0541666666666667,0.8958333333333334,0.7678894253132152,0.0541666666666666,0.7
full_seed101_replay_0p0_noise0p5_s9_a0p3_b0p8,101,replay,0.0,0.5,9,0.3,1.0541666666666667,0.8958333333333334,0.7678894253132152,0.0541666666666666,0.8
full_seed101_replay_0p1_noise0p1_s13_a0p2_b0p7,101,replay,0.1,0.1,13,0.2,1.0,0.6166666666666667,0.7316981313746121,0.0,0.7
full_seed101_replay_0p1_noise0p1_s13_a0p3_b0p8,101,replay,0.1,0.1,13,0.3,1.0,0.6166666666666667,0.7316981313746121,0.0,0.8
full_seed101_replay_0p1_noise0p1_s5_a0p2_b0p7,101,replay,0.1,0.1,5,0.2,1.0,1.0,0.885706398181517,0.0,0.7
full_seed101_replay_0p1_noise0p1_s5_a0p3_b0p8,101,replay,0.1,0.1,5,0.3,1.0,1.0,0.885706398181517,0.0,0.8
full_seed101_replay_0p1_noise0p1_s9_a0p2_b0p7,101,replay,0.1,0.1,9,0.2,1.0,1.0,0.8162723755273026,0.0,0.7
full_seed101_replay_0p1_noise0p1_s9_a0p3_b0p8,101,replay,0.1,0.1,9,0.3,1.0,1.0,0.8162723755273026,0.0,0.8
full_seed101_replay_0p1_noise0p25_s13_a0p2_b0p7,101,replay,0.1,0.25,13,0.2,1.0,0.5666666666666667,0.7163869694499889,0.0,0.7
full_seed101_replay_0p1_noise0p25_s13_a0p3_b0p8,101,replay,0.1,0.25,13,0.3,1.0,0.5666666666666667,0.7163869694499889,0.0,0.8
full_seed101_replay_0p1_noise0p25_s5_a0p2_b0p7,101,replay,0.1,0.25,5,0.2,1.0,0.9958333333333332,0.867281571473503,0.0,0.7
full_seed101_replay_0p1_noise0p25_s5_a0p3_b0p8,101,replay,0.1,0.25,5,0.3,1.0,0.9958333333333332,0.867281571473503,0.0,0.8
full_seed101_replay_0p1_noise0p25_s9_a0p2_b0p7,101,replay,0.1,0.25,9,0.2,1.0,1.0,0.8013369355949596,0.0,0.7
full_seed101_replay_0p1_noise0p25_s9_a0p3_b0p8,101,replay,0.1,0.25,9,0.3,1.0,1.0,0.8013369355949596,0.0,0.8
full_seed101_replay_0p1_noise0p5_s13_a0p2_b0p7,101,replay,0.1,0.5,13,0.2,1.1541666666666666,0.4583333333333333,0.6910495621572023,0.1708333333333333,0.7
full_seed101_replay_0p1_noise0p5_s13_a0p3_b0p8,101,replay,0.1,0.5,13,0.3,1.1541666666666666,0.4583333333333333,0.6910495621572023,0.1708333333333333,0.8
full_seed101_replay_0p1_noise0p5_s5_a0p2_b0p7,101,replay,0.1,0.5,5,0.2,1.0041666666666669,0.9625,0.8179292501741884,0.0041666666666666,0.7
full_seed101_replay_0p1_noise0p5_s5_a0p3_b0p8,101,replay,0.1,0.5,5,0.3,1.0041666666666669,0.9625,0.8179292501741884,0.0041666666666666,0.8
full_seed101_replay_0p1_noise0p5_s9_a0p2_b0p7,101,replay,0.1,0.5,9,0.2,1.0583333333333331,0.8916666666666667,0.767523200908358,0.0583333333333333,0.7
full_seed101_replay_0p1_noise0p5_s9_a0p3_b0p8,101,replay,0.1,0.5,9,0.3,1.0583333333333331,0.8916666666666667,0.767523200908358,0.0583333333333333,0.8
full_seed101_replay_0p2_noise0p1_s13_a0p2_b0p7,101,replay,0.2,0.1,13,0.2,1.0,0.6208333333333333,0.732029598431781,0.0,0.7
full_seed101_replay_0p2_noise0p1_s13_a0p3_b0p8,101,replay,0.2,0.1,13,0.3,1.0,0.6208333333333333,0.732029598431781,0.0,0.8
full_seed101_replay_0p2_noise0p1_s5_a0p2_b0p7,101,replay,0.2,0.1,5,0.2,1.0,1.0,0.8848014699672068,0.0,0.7
full_seed101_replay_0p2_noise0p1_s5_a0p3_b0p8,101,replay,0.2,0.1,5,0.3,1.0,1.0,0.8848014699672068,0.0,0.8
full_seed101_replay_0p2_noise0p1_s9_a0p2_b0p7,101,replay,0.2,0.1,9,0.2,1.0,1.0,0.8163272661708585,0.0,0.7
full_seed101_replay_0p2_noise0p1_s9_a0p3_b0p8,101,replay,0.2,0.1,9,0.3,1.0,1.0,0.8163272661708585,0.0,0.8
full_seed101_replay_0p2_noise0p25_s13_a0p2_b0p7,101,replay,0.2,0.25,13,0.2,1.0,0.5708333333333333,0.716531909602882,0.0,0.7
full_seed101_replay_0p2_noise0p25_s13_a0p3_b0p8,101,replay,0.2,0.25,13,0.3,1.0,0.5708333333333333,0.716531909602882,0.0,0.8
full_seed101_replay_0p2_noise0p25_s5_a0p2_b0p7,101,replay,0.2,0.25,5,0.2,1.0,0.9958333333333332,0.8657228739000367,0.0,0.7
full_seed101_replay_0p2_noise0p25_s5_a0p3_b0p8,101,replay,0.2,0.25,5,0.3,1.0,0.9958333333333332,0.8657228739000367,0.0,0.8
full_seed101_replay_0p2_noise0p25_s9_a0p2_b0p7,101,replay,0.2,0.25,9,0.2,1.0,1.0,0.8011513462040318,0.0,0.7
full_seed101_replay_0p2_noise0p25_s9_a0p3_b0p8,101,replay,0.2,0.25,9,0.3,1.0,1.0,0.8011513462040318,0.0,0.8
full_seed101_replay_0p2_noise0p5_s13_a0p2_b0p7,101,replay,0.2,0.5,13,0.2,1.1541666666666666,0.45,0.6906497619789965,0.1708333333333333,0.7
full_seed101_replay_0p2_noise0p5_s13_a0p3_b0p8,101,replay,0.2,0.5,13,0.3,1.1541666666666666,0.45,0.6906497619789965,0.1708333333333333,0.8
full_seed101_replay_0p2_noise0p5_s5_a0p2_b0p7,101,replay,0.2,0.5,5,0.2,1.0041666666666669,0.9583333333333334,0.8157752036060705,0.0041666666666666,0.7
full_seed101_replay_0p2_noise0p5_s5_a0p3_b0p8,101,replay,0.2,0.5,5,0.3,1.0041666666666669,0.9583333333333334,0.8157752036060705,0.0041666666666666,0.8
full_seed101_replay_0p2_noise0p5_s9_a0p2_b0p7,101,replay,0.2,0.5,9,0.2,1.0625,0.8958333333333334,0.7670796258979192,0.0625,0.7
full_seed101_replay_0p2_noise0p5_s9_a0p3_b0p8,101,replay,0.2,0.5,9,0.3,1.0625,0.8958333333333334,0.7670796258979192,0.0625,0.8
full_seed101_replay_0p3_noise0p1_s13_a0p2_b0p7,101,replay,0.3,0.1,13,0.2,1.0,0.6166666666666667,0.7322238905817168,0.0,0.7
full_seed101_replay_0p3_noise0p1_s13_a0p3_b0p8,101,replay,0.3,0.1,13,0.3,1.0,0.6166666666666667,0.7322238905817168,0.0,0.8
full_seed101_replay_0p3_noise0p1_s5_a0p2_b0p7,101,replay,0.3,0.1,5,0.2,1.0,1.0,0.8845428834702581,0.0,0.7
full_seed101_replay_0p3_noise0p1_s5_a0p3_b0p8,101,replay,0.3,0.1,5,0.3,1.0,1.0,0.8845428834702581,0.0,0.8
full_seed101_replay_0p3_noise0p1_s9_a0p2_b0p7,101,replay,0.3,0.1,9,0.2,1.0,1.0,0.8162604786446217,0.0,0.7
full_seed101_replay_0p3_noise0p1_s9_a0p3_b0p8,101,replay,0.3,0.1,9,0.3,1.0,1.0,0.8162604786446217,0.0,0.8
full_seed101_replay_0p3_noise0p25_s13_a0p2_b0p7,101,replay,0.3,0.25,13,0.2,1.0,0.5666666666666667,0.7167086261638961,0.0,0.7
full_seed101_replay_0p3_noise0p25_s13_a0p3_b0p8,101,replay,0.3,0.25,13,0.3,1.0,0.5666666666666667,0.7167086261638961,0.0,0.8
full_seed101_replay_0p3_noise0p25_s5_a0p2_b0p7,101,replay,0.3,0.25,5,0.2,1.0,0.9958333333333332,0.8653736002436048,0.0,0.7
full_seed101_replay_0p3_noise0p25_s5_a0p3_b0p8,101,replay,0.3,0.25,5,0.3,1.0,0.9958333333333332,0.8653736002436048,0.0,0.8
full_seed101_replay_0p3_noise0p25_s9_a0p2_b0p7,101,replay,0.3,0.25,9,0.2,1.0,0.9958333333333332,0.8009142858463748,0.0,0.7
full_seed101_replay_0p3_noise0p25_s9_a0p3_b0p8,101,replay,0.3,0.25,9,0.3,1.0,0.9958333333333332,0.8009142858463748,0.0,0.8
full_seed101_replay_0p3_noise0p5_s13_a0p2_b0p7,101,replay,0.3,0.5,13,0.2,1.1541666666666666,0.4541666666666666,0.690873223081636,0.1708333333333333,0.7
full_seed101_replay_0p3_noise0p5_s13_a0p3_b0p8,101,replay,0.3,0.5,13,0.3,1.1541666666666666,0.4541666666666666,0.690873223081636,0.1708333333333333,0.8
full_seed101_replay_0p3_noise0p5_s5_a0p2_b0p7,101,replay,0.3,0.5,5,0.2,1.0041666666666669,0.9583333333333334,0.8150745436030469,0.0041666666666666,0.7
full_seed101_replay_0p3_noise0p5_s5_a0p3_b0p8,101,replay,0.3,0.5,5,0.3,1.0041666666666669,0.9583333333333334,0.8150745436030469,0.0041666666666666,0.8
full_seed101_replay_0p3_noise0p5_s9_a0p2_b0p7,101,replay,0.3,0.5,9,0.2,1.0625,0.8875,0.7666977747282131,0.0625,0.7
full_seed101_replay_0p3_noise0p5_s9_a0p3_b0p8,101,replay,0.3,0.5,9,0.3,1.0625,0.8875,0.7666977747282131,0.0625,0.8
full_seed101_replay_0p4_noise0p1_s13_a0p2_b0p7,101,replay,0.4,0.1,13,0.2,1.0,0.625,0.7323816890940537,0.0,0.7
full_seed101_replay_0p4_noise0p1_s13_a0p3_b0p8,101,replay,0.4,0.1,13,0.3,1.0,0.625,0.7323816890940537,0.0,0.8
full_seed101_replay_0p4_noise0p1_s5_a0p2_b0p7,101,replay,0.4,0.1,5,0.2,1.0,1.0,0.8845428834702581,0.0,0.7
full_seed101_replay_0p4_noise0p1_s5_a0p3_b0p8,101,replay,0.4,0.1,5,0.3,1.0,1.0,0.8845428834702581,0.0,0.8
full_seed101_replay_0p4_noise0p1_s9_a0p2_b0p7,101,replay,0.4,0.1,9,0.2,1.0,1.0,0.8164088736432231,0.0,0.7
full_seed101_replay_0p4_noise0p1_s9_a0p3_b0p8,101,replay,0.4,0.1,9,0.3,1.0,1.0,0.8164088736432231,0.0,0.8
full_seed101_replay_0p4_noise0p25_s13_a0p2_b0p7,101,replay,0.4,0.25,13,0.2,1.0,0.5708333333333333,0.7169131636425514,0.0,0.7
full_seed101_replay_0p4_noise0p25_s13_a0p3_b0p8,101,replay,0.4,0.25,13,0.3,1.0,0.5708333333333333,0.7169131636425514,0.0,0.8
full_seed101_replay_0p4_noise0p25_s5_a0p2_b0p7,101,replay,0.4,0.25,5,0.2,1.0,0.9958333333333332,0.8653736002436048,0.0,0.7
full_seed101_replay_0p4_noise0p25_s5_a0p3_b0p8,101,replay,0.4,0.25,5,0.3,1.0,0.9958333333333332,0.8653736002436048,0.0,0.8
full_seed101_replay_0p4_noise0p25_s9_a0p2_b0p7,101,replay,0.4,0.25,9,0.2,1.0,0.9958333333333332,0.8010207962978998,0.0,0.7
full_seed101_replay_0p4_noise0p25_s9_a0p3_b0p8,101,replay,0.4,0.25,9,0.3,1.0,0.9958333333333332,0.8010207962978998,0.0,0.8
full_seed101_replay_0p4_noise0p5_s13_a0p2_b0p7,101,replay,0.4,0.5,13,0.2,1.1541666666666666,0.4583333333333333,0.6909796359472845,0.1708333333333333,0.7
full_seed101_replay_0p4_noise0p5_s13_a0p3_b0p8,101,replay,0.4,0.5,13,0.3,1.1541666666666666,0.4583333333333333,0.6909796359472845,0.1708333333333333,0.8
full_seed101_replay_0p4_noise0p5_s5_a0p2_b0p7,101,replay,0.4,0.5,5,0.2,1.0041666666666669,0.9583333333333334,0.8150745436030469,0.0041666666666666,0.7
full_seed101_replay_0p4_noise0p5_s5_a0p3_b0p8,101,replay,0.4,0.5,5,0.3,1.0041666666666669,0.9583333333333334,0.8150745436030469,0.0041666666666666,0.8
full_seed101_replay_0p4_noise0p5_s9_a0p2_b0p7,101,replay,0.4,0.5,9,0.2,1.0625,0.8875,0.7669252252159194,0.0625,0.7
full_seed101_replay_0p4_noise0p5_s9_a0p3_b0p8,101,replay,0.4,0.5,9,0.3,1.0625,0.8875,0.7669252252159194,0.0625,0.8
full_seed101_scaling_0p0_noise0p1_s13_a0p2_b0p7,101,scaling,0.0,0.1,13,0.2,1.0,0.6166666666666667,0.7316503450568228,0.0,0.7
full_seed101_scaling_0p0_noise0p1_s13_a0p3_b0p8,101,scaling,0.0,0.1,13,0.3,1.0,0.6166666666666667,0.7316503450568228,0.0,0.8
full_seed101_scaling_0p0_noise0p1_s5_a0p2_b0p7,101,scaling,0.0,0.1,5,0.2,1.0,1.0,0.885706398181517,0.0,0.7
full_seed101_scaling_0p0_noise0p1_s5_a0p3_b0p8,101,scaling,0.0,0.1,5,0.3,1.0,1.0,0.885706398181517,0.0,0.8
full_seed101_scaling_0p0_noise0p1_s9_a0p2_b0p7,101,scaling,0.0,0.1,9,0.2,1.0,1.0,0.8165671065630927,0.0,0.7
full_seed101_scaling_0p0_noise0p1_s9_a0p3_b0p8,101,scaling,0.0,0.1,9,0.3,1.0,1.0,0.8165671065630927,0.0,0.8
full_seed101_scaling_0p0_noise0p25_s13_a0p2_b0p7,101,scaling,0.0,0.25,13,0.2,1.0,0.5708333333333333,0.7165146728230357,0.0,0.7
full_seed101_scaling_0p0_noise0p25_s13_a0p3_b0p8,101,scaling,0.0,0.25,13,0.3,1.0,0.5708333333333333,0.7165146728230357,0.0,0.8
full_seed101_scaling_0p0_noise0p25_s5_a0p2_b0p7,101,scaling,0.0,0.25,5,0.2,1.0,0.9958333333333332,0.867281571473503,0.0,0.7
full_seed101_scaling_0p0_noise0p25_s5_a0p3_b0p8,101,scaling,0.0,0.25,5,0.3,1.0,0.9958333333333332,0.867281571473503,0.0,0.8
full_seed101_scaling_0p0_noise0p25_s9_a0p2_b0p7,101,scaling,0.0,0.25,9,0.2,1.0,1.0,0.8020202165237822,0.0,0.7
full_seed101_scaling_0p0_noise0p25_s9_a0p3_b0p8,101,scaling,0.0,0.25,9,0.3,1.0,1.0,0.8020202165237822,0.0,0.8
full_seed101_scaling_0p0_noise0p5_s13_a0p2_b0p7,101,scaling,0.0,0.5,13,0.2,1.1583333333333334,0.4541666666666666,0.6915835190606209,0.175,0.7
full_seed101_scaling_0p0_noise0p5_s13_a0p3_b0p8,101,scaling,0.0,0.5,13,0.3,1.1583333333333334,0.4541666666666666,0.6915835190606209,0.175,0.8
full_seed101_scaling_0p0_noise0p5_s5_a0p2_b0p7,101,scaling,0.0,0.5,5,0.2,1.0041666666666669,0.9625,0.8179292501741884,0.0041666666666666,0.7
full_seed101_scaling_0p0_noise0p5_s5_a0p3_b0p8,101,scaling,0.0,0.5,5,0.3,1.0041666666666669,0.9625,0.8179292501741884,0.0041666666666666,0.8
full_seed101_scaling_0p0_noise0p5_s9_a0p2_b0p7,101,scaling,0.0,0.5,9,0.2,1.0541666666666667,0.8958333333333334,0.7678894253132152,0.0541666666666666,0.7
full_seed101_scaling_0p0_noise0p5_s9_a0p3_b0p8,101,scaling,0.0,0.5,9,0.3,1.0541666666666667,0.8958333333333334,0.7678894253132152,0.0541666666666666,0.8
full_seed101_scaling_0p1_noise0p1_s13_a0p2_b0p7,101,scaling,0.1,0.1,13,0.2,1.0,0.6125,0.7290137858650764,0.0,0.7
full_seed101_scaling_0p1_noise0p1_s13_a0p3_b0p8,101,scaling,0.1,0.1,13,0.3,1.0,0.6125,0.7290137858650764,0.0,0.8
full_seed101_scaling_0p1_noise0p1_s5_a0p2_b0p7,101,scaling,0.1,0.1,5,0.2,1.0,1.0,0.885706398181517,0.0,0.7
full_seed101_scaling_0p1_noise0p1_s5_a0p3_b0p8,101,scaling,0.1,0.1,5,0.3,1.0,1.0,0.885706398181517,0.0,0.8
full_seed101_scaling_0p1_noise0p1_s9_a0p2_b0p7,101,scaling,0.1,0.1,9,0.2,1.0,1.0,0.8138217728304052,0.0,0.7
full_seed101_scaling_0p1_noise0p1_s9_a0p3_b0p8,101,scaling,0.1,0.1,9,0.3,1.0,1.0,0.8138217728304052,0.0,0.8
full_seed101_scaling_0p1_noise0p25_s13_a0p2_b0p7,101,scaling,0.1,0.25,13,0.2,1.0,0.5666666666666667,0.7142361930370692,0.0,0.7
full_seed101_scaling_0p1_noise0p25_s13_a0p3_b0p8,101,scaling,0.1,0.25,13,0.3,1.0,0.5666666666666667,0.7142361930370692,0.0,0.8
full_seed101_scaling_0p1_noise0p25_s5_a0p2_b0p7,101,scaling,0.1,0.25,5,0.2,1.0,0.9958333333333332,0.867281571473503,0.0,0.7
full_seed101_scaling_0p1_noise0p25_s5_a0p3_b0p8,101,scaling,0.1,0.25,5,0.3,1.0,0.9958333333333332,0.867281571473503,0.0,0.8
full_seed101_scaling_0p1_noise0p25_s9_a0p2_b0p7,101,scaling,0.1,0.25,9,0.2,1.0,1.0,0.8000300660856393,0.0,0.7
full_seed101_scaling_0p1_noise0p25_s9_a0p3_b0p8,101,scaling,0.1,0.25,9,0.3,1.0,1.0,0.8000300660856393,0.0,0.8
full_seed101_scaling_0p1_noise0p5_s13_a0p2_b0p7,101,scaling,0.1,0.5,13,0.2,1.1625,0.4458333333333333,0.6898558157442506,0.1791666666666666,0.7
full_seed101_scaling_0p1_noise0p5_s13_a0p3_b0p8,101,scaling,0.1,0.5,13,0.3,1.1625,0.4458333333333333,0.6898558157442506,0.1791666666666666,0.8
full_seed101_scaling_0p1_noise0p5_s5_a0p2_b0p7,101,scaling,0.1,0.5,5,0.2,1.0041666666666669,0.9625,0.8179292501741884,0.0041666666666666,0.7
full_seed101_scaling_0p1_noise0p5_s5_a0p3_b0p8,101,scaling,0.1,0.5,5,0.3,1.0041666666666669,0.9625,0.8179292501741884,0.0041666666666666,0.8
full_seed101_scaling_0p1_noise0p5_s9_a0p2_b0p7,101,scaling,0.1,0.5,9,0.2,1.0541666666666667,0.8875,0.7666014745341552,0.0541666666666666,0.7
full_seed101_scaling_0p1_noise0p5_s9_a0p3_b0p8,101,scaling,0.1,0.5,9,0.3,1.0541666666666667,0.8875,0.7666014745341552,0.0541666666666666,0.8
full_seed101_scaling_0p2_noise0p1_s13_a0p2_b0p7,101,scaling,0.2,0.1,13,0.2,1.0,0.6041666666666666,0.7243433518031848,0.0,0.7
full_seed101_scaling_0p2_noise0p1_s13_a0p3_b0p8,101,scaling,0.2,0.1,13,0.3,1.0,0.6041666666666666,0.7243433518031848,0.0,0.8
full_seed101_scaling_0p2_noise0p1_s5_a0p2_b0p7,101,scaling,0.2,0.1,5,0.2,1.0,1.0,0.8814179833449238,0.0,0.7
full_seed101_scaling_0p2_noise0p1_s5_a0p3_b0p8,101,scaling,0.2,0.1,5,0.3,1.0,1.0,0.8814179833449238,0.0,0.8
full_seed101_scaling_0p2_noise0p1_s9_a0p2_b0p7,101,scaling,0.2,0.1,9,0.2,1.0,1.0,0.8115423578242482,0.0,0.7
full_seed101_scaling_0p2_noise0p1_s9_a0p3_b0p8,101,scaling,0.2,0.1,9,0.3,1.0,1.0,0.8115423578242482,0.0,0.8
full_seed101_scaling_0p2_noise0p25_s13_a0p2_b0p7,101,scaling,0.2,0.25,13,0.2,1.0,0.55,0.7097969377037789,0.0,0.7
full_seed101_scaling_0p2_noise0p25_s13_a0p3_b0p8,101,scaling,0.2,0.25,13,0.3,1.0,0.55,0.7097969377037789,0.0,0.8
full_seed101_scaling_0p2_noise0p25_s5_a0p2_b0p7,101,scaling,0.2,0.25,5,0.2,1.0,0.9958333333333332,0.8645809811365576,0.0,0.7
full_seed101_scaling_0p2_noise0p25_s5_a0p3_b0p8,101,scaling,0.2,0.25,5,0.3,1.0,0.9958333333333332,0.8645809811365576,0.0,0.8
full_seed101_scaling_0p2_noise0p25_s9_a0p2_b0p7,101,scaling,0.2,0.25,9,0.2,1.0041666666666669,1.0,0.7985924065186525,0.0041666666666666,0.7
full_seed101_scaling_0p2_noise0p25_s9_a0p3_b0p8,101,scaling,0.2,0.25,9,0.3,1.0041666666666669,1.0,0.7985924065186525,0.0041666666666666,0.8
full_seed101_scaling_0p2_noise0p5_s13_a0p2_b0p7,101,scaling,0.2,0.5,13,0.2,1.1625,0.4291666666666666,0.685755297359563,0.1791666666666666,0.7
full_seed101_scaling_0p2_noise0p5_s13_a0p3_b0p8,101,scaling,0.2,0.5,13,0.3,1.1625,0.4291666666666666,0.685755297359563,0.1791666666666666,0.8
full_seed101_scaling_0p2_noise0p5_s5_a0p2_b0p7,101,scaling,0.2,0.5,5,0.2,1.0041666666666669,0.9666666666666668,0.8164856788258857,0.0041666666666666,0.7
full_seed101_scaling_0p2_noise0p5_s5_a0p3_b0p8,101,scaling,0.2,0.5,5,0.3,1.0041666666666669,0.9666666666666668,0.8164856788258857,0.0041666666666666,0.8
full_seed101_scaling_0p2_noise0p5_s9_a0p2_b0p7,101,scaling,0.2,0.5,9,0.2,1.0625,0.875,0.7659182356398764,0.0625,0.7
full_seed101_scaling_0p2_noise0p5_s9_a0p3_b0p8,101,scaling,0.2,0.5,9,0.3,1.0625,0.875,0.7659182356398764,0.0625,0.8
full_seed101_scaling_0p3_noise0p1_s13_a0p2_b0p7,101,scaling,0.3,0.1,13,0.2,1.0,0.6041666666666666,0.7222750380585128,0.0,0.7
full_seed101_scaling_0p3_noise0p1_s13_a0p3_b0p8,101,scaling,0.3,0.1,13,0.3,1.0,0.6041666666666666,0.7222750380585128,0.0,0.8
full_seed101_scaling_0p3_noise0p1_s5_a0p2_b0p7,101,scaling,0.3,0.1,5,0.2,1.0,1.0,0.8788807091332311,0.0,0.7
full_seed101_scaling_0p3_noise0p1_s5_a0p3_b0p8,101,scaling,0.3,0.1,5,0.3,1.0,1.0,0.8788807091332311,0.0,0.8
full_seed101_scaling_0p3_noise0p1_s9_a0p2_b0p7,101,scaling,0.3,0.1,9,0.2,1.0,1.0,0.809633036617894,0.0,0.7
full_seed101_scaling_0p3_noise0p1_s9_a0p3_b0p8,101,scaling,0.3,0.1,9,0.3,1.0,1.0,0.809633036617894,0.0,0.8
full_seed101_scaling_0p3_noise0p25_s13_a0p2_b0p7,101,scaling,0.3,0.25,13,0.2,1.0,0.55,0.7077693771918611,0.0,0.7
full_seed101_scaling_0p3_noise0p25_s13_a0p3_b0p8,101,scaling,0.3,0.25,13,0.3,1.0,0.55,0.7077693771918611,0.0,0.8
full_seed101_scaling_0p3_noise0p25_s5_a0p2_b0p7,101,scaling,0.3,0.25,5,0.2,1.0,0.9958333333333332,0.8620345168246788,0.0,0.7
full_seed101_scaling_0p3_noise0p25_s5_a0p3_b0p8,101,scaling,0.3,0.25,5,0.3,1.0,0.9958333333333332,0.8620345168246788,0.0,0.8
full_seed101_scaling_0p3_noise0p25_s9_a0p2_b0p7,101,scaling,0.3,0.25,9,0.2,1.0041666666666669,0.9958333333333332,0.7968917537952419,0.0041666666666666,0.7
full_seed101_scaling_0p3_noise0p25_s9_a0p3_b0p8,101,scaling,0.3,0.25,9,0.3,1.0041666666666669,0.9958333333333332,0.7968917537952419,0.0041666666666666,0.8
full_seed101_scaling_0p3_noise0p5_s13_a0p2_b0p7,101,scaling,0.3,0.5,13,0.2,1.1625,0.4208333333333333,0.6840052406144884,0.1791666666666666,0.7
full_seed101_scaling_0p3_noise0p5_s13_a0p3_b0p8,101,scaling,0.3,0.5,13,0.3,1.1625,0.4208333333333333,0.6840052406144884,0.1791666666666666,0.8
full_seed101_scaling_0p3_noise0p5_s5_a0p2_b0p7,101,scaling,0.3,0.5,5,0.2,1.0041666666666669,0.95,0.813981145067641,0.0041666666666666,0.7
full_seed101_scaling_0p3_noise0p5_s5_a0p3_b0p8,101,scaling,0.3,0.5,5,0.3,1.0041666666666669,0.95,0.813981145067641,0.0041666666666666,0.8
full_seed101_scaling_0p3_noise0p5_s9_a0p2_b0p7,101,scaling,0.3,0.5,9,0.2,1.0666666666666669,0.875,0.7650700206838751,0.0666666666666666,0.7
full_seed101_scaling_0p3_noise0p5_s9_a0p3_b0p8,101,scaling,0.3,0.5,9,0.3,1.0666666666666669,0.875,0.7650700206838751,0.0666666666666666,0.8
full_seed101_scaling_0p4_noise0p1_s13_a0p2_b0p7,101,scaling,0.4,0.1,13,0.2,1.0,0.6,0.7205573535887358,0.0,0.7
full_seed101_scaling_0p4_noise0p1_s13_a0p3_b0p8,101,scaling,0.4,0.1,13,0.3,1.0,0.6,0.7205573535887358,0.0,0.8
full_seed101_scaling_0p4_noise0p1_s5_a0p2_b0p7,101,scaling,0.4,0.1,5,0.2,1.0,1.0,0.8788807091332311,0.0,0.7
full_seed101_scaling_0p4_noise0p1_s5_a0p3_b0p8,101,scaling,0.4,0.1,5,0.3,1.0,1.0,0.8788807091332311,0.0,0.8
full_seed101_scaling_0p4_noise0p1_s9_a0p2_b0p7,101,scaling,0.4,0.1,9,0.2,1.0,1.0,0.8081080539641052,0.0,0.7
full_seed101_scaling_0p4_noise0p1_s9_a0p3_b0p8,101,scaling,0.4,0.1,9,0.3,1.0,1.0,0.8081080539641052,0.0,0.8
full_seed101_scaling_0p4_noise0p25_s13_a0p2_b0p7,101,scaling,0.4,0.25,13,0.2,1.0,0.5458333333333333,0.7060792474819716,0.0,0.7
full_seed101_scaling_0p4_noise0p25_s13_a0p3_b0p8,101,scaling,0.4,0.25,13,0.3,1.0,0.5458333333333333,0.7060792474819716,0.0,0.8
full_seed101_scaling_0p4_noise0p25_s5_a0p2_b0p7,101,scaling,0.4,0.25,5,0.2,1.0,0.9958333333333332,0.8620345168246788,0.0,0.7
full_seed101_scaling_0p4_noise0p25_s5_a0p3_b0p8,101,scaling,0.4,0.25,5,0.3,1.0,0.9958333333333332,0.8620345168246788,0.0,0.8
full_seed101_scaling_0p4_noise0p25_s9_a0p2_b0p7,101,scaling,0.4,0.25,9,0.2,1.0083333333333333,0.9916666666666668,0.7960531712632786,0.0083333333333333,0.7
full_seed101_scaling_0p4_noise0p25_s9_a0p3_b0p8,101,scaling,0.4,0.25,9,0.3,1.0083333333333333,0.9916666666666668,0.7960531712632786,0.0083333333333333,0.8
full_seed101_scaling_0p4_noise0p5_s13_a0p2_b0p7,101,scaling,0.4,0.5,13,0.2,1.1666666666666667,0.4208333333333333,0.6827136043433977,0.1833333333333333,0.7
full_seed101_scaling_0p4_noise0p5_s13_a0p3_b0p8,101,scaling,0.4,0.5,13,0.3,1.1666666666666667,0.4208333333333333,0.6827136043433977,0.1833333333333333,0.8
full_seed101_scaling_0p4_noise0p5_s5_a0p2_b0p7,101,scaling,0.4,0.5,5,0.2,1.0041666666666669,0.95,0.813981145067641,0.0041666666666666,0.7
full_seed101_scaling_0p4_noise0p5_s5_a0p3_b0p8,101,scaling,0.4,0.5,5,0.3,1.0041666666666669,0.95,0.813981145067641,0.0041666666666666,0.8
full_seed101_scaling_0p4_noise0p5_s9_a0p2_b0p7,101,scaling,0.4,0.5,9,0.2,1.0708333333333333,0.8708333333333333,0.7642749980743238,0.0708333333333333,0.7
full_seed101_scaling_0p4_noise0p5_s9_a0p3_b0p8,101,scaling,0.4,0.5,9,0.3,1.0708333333333333,0.8708333333333333,0.7642749980743238,0.0708333333333333,0.8
full_seed101_spike_0p0_noise0p1_s13_a0p2_b0p7,101,spike,0.0,0.1,13,0.2,1.0,0.6166666666666667,0.7316503450568228,0.0,0.7
full_seed101_spike_0p0_noise0p1_s13_a0p3_b0p8,101,spike,0.0,0.1,13,0.3,1.0,0.6166666666666667,0.7316503450568228,0.0,0.8
full_seed101_spike_0p0_noise0p1_s5_a0p2_b0p7,101,spike,0.0,0.1,5,0.2,1.0,1.0,0.885706398181517,0.0,0.7
full_seed101_spike_0p0_noise0p1_s5_a0p3_b0p8,101,spike,0.0,0.1,5,0.3,1.0,1.0,0.885706398181517,0.0,0.8
full_seed101_spike_0p0_noise0p1_s9_a0p2_b0p7,101,spike,0.0,0.1,9,0.2,1.0,1.0,0.8165671065630927,0.0,0.7
full_seed101_spike_0p0_noise0p1_s9_a0p3_b0p8,101,spike,0.0,0.1,9,0.3,1.0,1.0,0.8165671065630927,0.0,0.8
full_seed101_spike_0p0_noise0p25_s13_a0p2_b0p7,101,spike,0.0,0.25,13,0.2,1.0,0.5708333333333333,0.7165146728230357,0.0,0.7
full_seed101_spike_0p0_noise0p25_s13_a0p3_b0p8,101,spike,0.0,0.25,13,0.3,1.0,0.5708333333333333,0.7165146728230357,0.0,0.8
full_seed101_spike_0p0_noise0p25_s5_a0p2_b0p7,101,spike,0.0,0.25,5,0.2,1.0,0.9958333333333332,0.867281571473503,0.0,0.7
full_seed101_spike_0p0_noise0p25_s5_a0p3_b0p8,101,spike,0.0,0.25,5,0.3,1.0,0.9958333333333332,0.867281571473503,0.0,0.8
full_seed101_spike_0p0_noise0p25_s9_a0p2_b0p7,101,spike,0.0,0.25,9,0.2,1.0,1.0,0.8020202165237822,0.0,0.7
full_seed101_spike_0p0_noise0p25_s9_a0p3_b0p8,101,spike,0.0,0.25,9,0.3,1.0,1.0,0.8020202165237822,0.0,0.8
full_seed101_spike_0p0_noise0p5_s13_a0p2_b0p7,101,spike,0.0,0.5,13,0.2,1.1583333333333334,0.4541666666666666,0.6915835190606209,0.175,0.7
full_seed101_spike_0p0_noise0p5_s13_a0p3_b0p8,101,spike,0.0,0.5,13,0.3,1.1583333333333334,0.4541666666666666,0.6915835190606209,0.175,0.8
full_seed101_spike_0p0_noise0p5_s5_a0p2_b0p7,101,spike,0.0,0.5,5,0.2,1.0041666666666669,0.9625,0.8179292501741884,0.0041666666666666,0.7
full_seed101_spike_0p0_noise0p5_s5_a0p3_b0p8,101,spike,0.0,0.5,5,0.3,1.0041666666666669,0.9625,0.8179292501741884,0.0041666666666666,0.8
full_seed101_spike_0p0_noise0p5_s9_a0p2_b0p7,101,spike,0.0,0.5,9,0.2,1.0541666666666667,0.8958333333333334,0.7678894253132152,0.0541666666666666,0.7
full_seed101_spike_0p0_noise0p5_s9_a0p3_b0p8,101,spike,0.0,0.5,9,0.3,1.0541666666666667,0.8958333333333334,0.7678894253132152,0.0541666666666666,0.8
full_seed101_spike_0p1_noise0p1_s13_a0p2_b0p7,101,spike,0.1,0.1,13,0.2,1.4,0.6125,0.7296095327681523,0.4,0.7
full_seed101_spike_0p1_noise0p1_s13_a0p3_b0p8,101,spike,0.1,0.1,13,0.3,1.4,0.6125,0.7296095327681523,0.4,0.8
full_seed101_spike_0p1_noise0p1_s5_a0p2_b0p7,101,spike,0.1,0.1,5,0.2,1.0,1.0,0.885706398181517,0.0,0.7
full_seed101_spike_0p1_noise0p1_s5_a0p3_b0p8,101,spike,0.1,0.1,5,0.3,1.0,1.0,0.885706398181517,0.0,0.8
full_seed101_spike_0p1_noise0p1_s9_a0p2_b0p7,101,spike,0.1,0.1,9,0.2,1.4,1.0,0.8122676742270526,0.4,0.7
full_seed101_spike_0p1_noise0p1_s9_a0p3_b0p8,101,spike,0.1,0.1,9,0.3,1.4,1.0,0.8122676742270526,0.4,0.8
full_seed101_spike_0p1_noise0p25_s13_a0p2_b0p7,101,spike,0.1,0.25,13,0.2,1.4,0.5625,0.7141635874508357,0.4,0.7
full_seed101_spike_0p1_noise0p25_s13_a0p3_b0p8,101,spike,0.1,0.25,13,0.3,1.4,0.5625,0.7141635874508357,0.4,0.8
full_seed101_spike_0p1_noise0p25_s5_a0p2_b0p7,101,spike,0.1,0.25,5,0.2,1.0,0.9958333333333332,0.867281571473503,0.0,0.7
full_seed101_spike_0p1_noise0p25_s5_a0p3_b0p8,101,spike,0.1,0.25,5,0.3,1.0,0.9958333333333332,0.867281571473503,0.0,0.8
full_seed101_spike_0p1_noise0p25_s9_a0p2_b0p7,101,spike,0.1,0.25,9,0.2,1.3958333333333333,0.9958333333333332,0.7992621758677472,0.4083333333333333,0.7
full_seed101_spike_0p1_noise0p25_s9_a0p3_b0p8,101,spike,0.1,0.25,9,0.3,1.3958333333333333,0.9958333333333332,0.7992621758677472,0.4083333333333333,0.8
full_seed101_spike_0p1_noise0p5_s13_a0p2_b0p7,101,spike,0.1,0.5,13,0.2,1.4708333333333334,0.4416666666666666,0.689436461303087,0.5875,0.7
full_seed101_spike_0p1_noise0p5_s13_a0p3_b0p8,101,spike,0.1,0.5,13,0.3,1.4708333333333334,0.4416666666666666,0.689436461303087,0.5875,0.8
full_seed101_spike_0p1_noise0p5_s5_a0p2_b0p7,101,spike,0.1,0.5,5,0.2,1.0041666666666669,0.9625,0.8179292501741884,0.0041666666666666,0.7
full_seed101_spike_0p1_noise0p5_s5_a0p3_b0p8,101,spike,0.1,0.5,5,0.3,1.0041666666666669,0.9625,0.8179292501741884,0.0041666666666666,0.8
full_seed101_spike_0p1_noise0p5_s9_a0p2_b0p7,101,spike,0.1,0.5,9,0.2,1.425,0.8791666666666667,0.7694430304701885,0.4833333333333333,0.7
full_seed101_spike_0p1_noise0p5_s9_a0p3_b0p8,101,spike,0.1,0.5,9,0.3,1.425,0.8791666666666667,0.7694430304701885,0.4833333333333333,0.8
full_seed101_spike_0p2_noise0p1_s13_a0p2_b0p7,101,spike,0.2,0.1,13,0.2,1.4166666666666667,0.6208333333333333,0.7279437652526324,1.2166666666666666,0.7
full_seed101_spike_0p2_noise0p1_s13_a0p3_b0p8,101,spike,0.2,0.1,13,0.3,1.4166666666666667,0.6208333333333333,0.7279437652526324,1.2166666666666666,0.8
full_seed101_spike_0p2_noise0p1_s5_a0p2_b0p7,101,spike,0.2,0.1,5,0.2,1.4,1.0,0.8851041343450047,0.4,0.7
full_seed101_spike_0p2_noise0p1_s5_a0p3_b0p8,101,spike,0.2,0.1,5,0.3,1.4,1.0,0.8851041343450047,0.4,0.8
full_seed101_spike_0p2_noise0p1_s9_a0p2_b0p7,101,spike,0.2,0.1,9,0.2,1.4,1.0,0.8069485760311118,0.8,0.7
full_seed101_spike_0p2_noise0p1_s9_a0p3_b0p8,101,spike,0.2,0.1,9,0.3,1.4,1.0,0.8069485760311118,0.8,0.8
full_seed101_spike_0p2_noise0p25_s13_a0p2_b0p7,101,spike,0.2,0.25,13,0.2,1.4208333333333334,0.5666666666666667,0.711560923929169,1.2166666666666666,0.7
full_seed101_spike_0p2_noise0p25_s13_a0p3_b0p8,101,spike,0.2,0.25,13,0.3,1.4208333333333334,0.5666666666666667,0.711560923929169,1.2166666666666666,0.8
full_seed101_spike_0p2_noise0p25_s5_a0p2_b0p7,101,spike,0.2,0.25,5,0.2,1.4,0.9958333333333332,0.8673392752183209,0.4,0.7
full_seed101_spike_0p2_noise0p25_s5_a0p3_b0p8,101,spike,0.2,0.25,5,0.3,1.4,0.9958333333333332,0.8673392752183209,0.4,0.8
full_seed101_spike_0p2_noise0p25_s9_a0p2_b0p7,101,spike,0.2,0.25,9,0.2,1.4,0.9833333333333332,0.7958892190570611,0.8166666666666667,0.7
full_seed101_spike_0p2_noise0p25_s9_a0p3_b0p8,101,spike,0.2,0.25,9,0.3,1.4,0.9833333333333332,0.7958892190570611,0.8166666666666667,0.8
full_seed101_spike_0p2_noise0p5_s13_a0p2_b0p7,101,spike,0.2,0.5,13,0.2,1.4833333333333334,0.4458333333333333,0.6885198437877672,1.4708333333333334,0.7
full_seed101_spike_0p2_noise0p5_s13_a0p3_b0p8,101,spike,0.2,0.5,13,0.3,1.4833333333333334,0.4458333333333333,0.6885198437877672,1.4708333333333334,0.8
full_seed101_spike_0p2_noise0p5_s5_a0p2_b0p7,101,spike,0.2,0.5,5,0.2,1.4041666666666666,0.9458333333333332,0.8191740890346063,0.4083333333333333,0.7
full_seed101_spike_0p2_noise0p5_s5_a0p3_b0p8,101,spike,0.2,0.5,5,0.3,1.4041666666666666,0.9458333333333332,0.8191740890346063,0.4083333333333333,0.8
full_seed101_spike_0p2_noise0p5_s9_a0p2_b0p7,101,spike,0.2,0.5,9,0.2,1.425,0.85,0.7681537941337219,0.9041666666666668,0.7
full_seed101_spike_0p2_noise0p5_s9_a0p3_b0p8,101,spike,0.2,0.5,9,0.3,1.425,0.85,0.7681537941337219,0.9041666666666668,0.8
full_seed101_spike_0p3_noise0p1_s13_a0p2_b0p7,101,spike,0.3,0.1,13,0.2,1.4166666666666667,0.6208333333333333,0.7294006869312468,1.6166666666666667,0.7
full_seed101_spike_0p3_noise0p1_s13_a0p3_b0p8,101,spike,0.3,0.1,13,0.3,1.4166666666666667,0.6208333333333333,0.7294006869312468,1.6166666666666667,0.8
full_seed101_spike_0p3_noise0p1_s5_a0p2_b0p7,101,spike,0.3,0.1,5,0.2,1.4083333333333334,1.0,0.8839757867799601,0.8,0.7
full_seed101_spike_0p3_noise0p1_s5_a0p3_b0p8,101,spike,0.3,0.1,5,0.3,1.4083333333333334,1.0,0.8839757867799601,0.8,0.8
full_seed101_spike_0p3_noise0p1_s9_a0p2_b0p7,101,spike,0.3,0.1,9,0.2,1.4041666666666666,0.9916666666666668,0.8000833925624471,1.2,0.7
full_seed101_spike_0p3_noise0p1_s9_a0p3_b0p8,101,spike,0.3,0.1,9,0.3,1.4041666666666666,0.9916666666666668,0.8000833925624471,1.2,0.8
full_seed101_spike_0p3_noise0p25_s13_a0p2_b0p7,101,spike,0.3,0.25,13,0.2,1.425,0.5666666666666667,0.71222965925288,1.6208333333333331,0.7
full_seed101_spike_0p3_noise0p25_s13_a0p3_b0p8,101,spike,0.3,0.25,13,0.3,1.425,0.5666666666666667,0.71222965925288,1.6208333333333331,0.8
full_seed101_spike_0p3_noise0p25_s5_a0p2_b0p7,101,spike,0.3,0.25,5,0.2,1.4083333333333334,0.9958333333333332,0.865871170071955,0.8,0.7
full_seed101_spike_0p3_noise0p25_s5_a0p3_b0p8,101,spike,0.3,0.25,5,0.3,1.4083333333333334,0.9958333333333332,0.865871170071955,0.8,0.8
full_seed101_spike_0p3_noise0p25_s9_a0p2_b0p7,101,spike,0.3,0.25,9,0.2,1.4041666666666666,0.9583333333333334,0.7916103502624663,1.225,0.7
full_seed101_spike_0p3_noise0p25_s9_a0p3_b0p8,101,spike,0.3,0.25,9,0.3,1.4041666666666666,0.9583333333333334,0.7916103502624663,1.225,0.8
full_seed101_spike_0p3_noise0p5_s13_a0p2_b0p7,101,spike,0.3,0.5,13,0.2,1.4875,0.4291666666666666,0.6895361233854157,1.9041666666666663,0.7
full_seed101_spike_0p3_noise0p5_s13_a0p3_b0p8,101,spike,0.3,0.5,13,0.3,1.4875,0.4291666666666666,0.6895361233854157,1.9041666666666663,0.8
full_seed101_spike_0p3_noise0p5_s5_a0p2_b0p7,101,spike,0.3,0.5,5,0.2,1.3625,0.9125,0.7983102558236953,0.7208333333333333,0.7
full_seed101_spike_0p3_noise0p5_s5_a0p3_b0p8,101,spike,0.3,0.5,5,0.3,1.3625,0.9125,0.7983102558236953,0.7208333333333333,0.8
full_seed101_spike_0p3_noise0p5_s9_a0p2_b0p7,101,spike,0.3,0.5,9,0.2,1.4291666666666667,0.8625,0.7678432147717139,1.3416666666666666,0.7
full_seed101_spike_0p3_noise0p5_s9_a0p3_b0p8,101,spike,0.3,0.5,9,0.3,1.4291666666666667,0.8625,0.7678432147717139,1.3416666666666666,0.8
full_seed101_spike_0p4_noise0p1_s13_a0p2_b0p7,101,spike,0.4,0.1,13,0.2,1.4333333333333331,0.6625,0.7340860168954375,2.0166666666666666,0.7
full_seed101_spike_0p4_noise0p1_s13_a0p3_b0p8,101,spike,0.4,0.1,13,0.3,1.4333333333333331,0.6625,0.7340860168954375,2.0166666666666666,0.8
full_seed101_spike_0p4_noise0p1_s5_a0p2_b0p7,101,spike,0.4,0.1,5,0.2,1.4083333333333334,1.0,0.8839757867799601,0.8,0.7
full_seed101_spike_0p4_noise0p1_s5_a0p3_b0p8,101,spike,0.4,0.1,5,0.3,1.4083333333333334,1.0,0.8839757867799601,0.8,0.8
full_seed101_spike_0p4_noise0p1_s9_a0p2_b0p7,101,spike,0.4,0.1,9,0.2,1.4041666666666666,0.9458333333333332,0.7903467667980351,1.6,0.7
full_seed101_spike_0p4_noise0p1_s9_a0p3_b0p8,101,spike,0.4,0.1,9,0.3,1.4041666666666666,0.9458333333333332,0.7903467667980351,1.6,0.8
full_seed101_spike_0p4_noise0p25_s13_a0p2_b0p7,101,spike,0.4,0.25,13,0.2,1.4375,0.5791666666666667,0.7154465373213755,2.025,0.7
full_seed101_spike_0p4_noise0p25_s13_a0p3_b0p8,101,spike,0.4,0.25,13,0.3,1.4375,0.5791666666666667,0.7154465373213755,2.025,0.8
full_seed101_spike_0p4_noise0p25_s5_a0p2_b0p7,101,spike,0.4,0.25,5,0.2,1.4083333333333334,0.9958333333333332,0.865871170071955,0.8,0.7
full_seed101_spike_0p4_noise0p25_s5_a0p3_b0p8,101,spike,0.4,0.25,5,0.3,1.4083333333333334,0.9958333333333332,0.865871170071955,0.8,0.8
full_seed101_spike_0p4_noise0p25_s9_a0p2_b0p7,101,spike,0.4,0.25,9,0.2,1.4041666666666666,0.9083333333333332,0.7844697711737606,1.6333333333333333,0.7
full_seed101_spike_0p4_noise0p25_s9_a0p3_b0p8,101,spike,0.4,0.25,9,0.3,1.4041666666666666,0.9083333333333332,0.7844697711737606,1.6333333333333333,0.8
full_seed101_spike_0p4_noise0p5_s13_a0p2_b0p7,101,spike,0.4,0.5,13,0.2,1.5041666666666669,0.4583333333333333,0.6913172510824369,2.3583333333333334,0.7
full_seed101_spike_0p4_noise0p5_s13_a0p3_b0p8,101,spike,0.4,0.5,13,0.3,1.5041666666666669,0.4583333333333333,0.6913172510824369,2.3583333333333334,0.8
full_seed101_spike_0p4_noise0p5_s5_a0p2_b0p7,101,spike,0.4,0.5,5,0.2,1.3625,0.9125,0.7983102558236953,0.7208333333333333,0.7
full_seed101_spike_0p4_noise0p5_s5_a0p3_b0p8,101,spike,0.4,0.5,5,0.3,1.3625,0.9125,0.7983102558236953,0.7208333333333333,0.8
full_seed101_spike_0p4_noise0p5_s9_a0p2_b0p7,101,spike,0.4,0.5,9,0.2,1.425,0.8375,0.7655718234964782,1.7958333333333334,0.7
full_seed101_spike_0p4_noise0p5_s9_a0p3_b0p8,101,spike,0.4,0.5,9,0.3,1.425,0.8375,0.7655718234964782,1.7958333333333334,0.8
full_seed11_bias_0p0_noise0p1_s13_a0p2_b0p7,11,bias,0.0,0.1,13,0.2,1.0,0.6333333333333333,0.7326846019944117,0.0,0.7
full_seed11_bias_0p0_noise0p1_s13_a0p3_b0p8,11,bias,0.0,0.1,13,0.3,1.0,0.6333333333333333,0.7326846019944117,0.0,0.8
full_seed11_bias_0p0_noise0p1_s5_a0p2_b0p7,11,bias,0.0,0.1,5,0.2,1.0,1.0,0.8850613277265076,0.0,0.7
full_seed11_bias_0p0_noise0p1_s5_a0p3_b0p8,11,bias,0.0,0.1,5,0.3,1.0,1.0,0.8850613277265076,0.0,0.8
full_seed11_bias_0p0_noise0p1_s9_a0p2_b0p7,11,bias,0.0,0.1,9,0.2,1.0,1.0,0.8165911570579494,0.0,0.7
full_seed11_bias_0p0_noise0p1_s9_a0p3_b0p8,11,bias,0.0,0.1,9,0.3,1.0,1.0,0.8165911570579494,0.0,0.8
full_seed11_bias_0p0_noise0p25_s13_a0p2_b0p7,11,bias,0.0,0.25,13,0.2,1.0,0.6125,0.719529198785523,0.0,0.7
full_seed11_bias_0p0_noise0p25_s13_a0p3_b0p8,11,bias,0.0,0.25,13,0.3,1.0,0.6125,0.719529198785523,0.0,0.8
full_seed11_bias_0p0_noise0p25_s5_a0p2_b0p7,11,bias,0.0,0.25,5,0.2,1.0,0.9958333333333332,0.8670661618588066,0.0,0.7
full_seed11_bias_0p0_noise0p25_s5_a0p3_b0p8,11,bias,0.0,0.25,5,0.3,1.0,0.9958333333333332,0.8670661618588066,0.0,0.8
full_seed11_bias_0p0_noise0p25_s9_a0p2_b0p7,11,bias,0.0,0.25,9,0.2,1.0041666666666669,0.9958333333333332,0.8035126733781441,0.0041666666666666,0.7
full_seed11_bias_0p0_noise0p25_s9_a0p3_b0p8,11,bias,0.0,0.25,9,0.3,1.0041666666666669,0.9958333333333332,0.8035126733781441,0.0041666666666666,0.8
full_seed11_bias_0p0_noise0p5_s13_a0p2_b0p7,11,bias,0.0,0.5,13,0.2,1.1541666666666666,0.5083333333333333,0.6966746840310475,0.1666666666666666,0.7
full_seed11_bias_0p0_noise0p5_s13_a0p3_b0p8,11,bias,0.0,0.5,13,0.3,1.1541666666666666,0.5083333333333333,0.6966746840310475,0.1666666666666666,0.8
full_seed11_bias_0p0_noise0p5_s5_a0p2_b0p7,11,bias,0.0,0.5,5,0.2,1.0083333333333333,0.9625,0.8204247471853504,0.0083333333333333,0.7
full_seed11_bias_0p0_noise0p5_s5_a0p3_b0p8,11,bias,0.0,0.5,5,0.3,1.0083333333333333,0.9625,0.8204247471853504,0.0083333333333333,0.8
full_seed11_bias_0p0_noise0p5_s9_a0p2_b0p7,11,bias,0.0,0.5,9,0.2,1.0375,0.9333333333333332,0.7697344691069133,0.0375,0.7
full_seed11_bias_0p0_noise0p5_s9_a0p3_b0p8,11,bias,0.0,0.5,9,0.3,1.0375,0.9333333333333332,0.7697344691069133,0.0375,0.8
full_seed11_bias_0p1_noise0p1_s13_a0p2_b0p7,11,bias,0.1,0.1,13,0.2,1.375,0.6208333333333333,0.7273193230094664,0.375,0.7
full_seed11_bias_0p1_noise0p1_s13_a0p3_b0p8,11,bias,0.1,0.1,13,0.3,1.375,0.6208333333333333,0.7273193230094664,0.375,0.8
full_seed11_bias_0p1_noise0p1_s5_a0p2_b0p7,11,bias,0.1,0.1,5,0.2,1.0,1.0,0.8850613277265076,0.0,0.7
full_seed11_bias_0p1_noise0p1_s5_a0p3_b0p8,11,bias,0.1,0.1,5,0.3,1.0,1.0,0.8850613277265076,0.0,0.8
full_seed11_bias_0p1_noise0p1_s9_a0p2_b0p7,11,bias,0.1,0.1,9,0.2,1.3083333333333331,0.9083333333333332,0.7974604822477893,0.3083333333333333,0.7
full_seed11_bias_0p1_noise0p1_s9_a0p3_b0p8,11,bias,0.1,0.1,9,0.3,1.3083333333333331,0.9083333333333332,0.7974604822477893,0.3083333333333333,0.8
full_seed11_bias_0p1_noise0p25_s13_a0p2_b0p7,11,bias,0.1,0.25,13,0.2,1.3291666666666666,0.575,0.7093498859311566,0.3291666666666666,0.7
full_seed11_bias_0p1_noise0p25_s13_a0p3_b0p8,11,bias,0.1,0.25,13,0.3,1.3291666666666666,0.575,0.7093498859311566,0.3291666666666666,0.8
full_seed11_bias_0p1_noise0p25_s5_a0p2_b0p7,11,bias,0.1,0.25,5,0.2,1.0,0.9958333333333332,0.8670661618588066,0.0,0.7
full_seed11_bias_0p1_noise0p25_s5_a0p3_b0p8,11,bias,0.1,0.25,5,0.3,1.0,0.9958333333333332,0.8670661618588066,0.0,0.8
full_seed11_bias_0p1_noise0p25_s9_a0p2_b0p7,11,bias,0.1,0.25,9,0.2,1.2791666666666666,0.8708333333333333,0.7799132710971673,0.2791666666666667,0.7
full_seed11_bias_0p1_noise0p25_s9_a0p3_b0p8,11,bias,0.1,0.25,9,0.3,1.2791666666666666,0.8708333333333333,0.7799132710971673,0.2791666666666667,0.8
full_seed11_bias_0p1_noise0p5_s13_a0p2_b0p7,11,bias,0.1,0.5,13,0.2,1.3958333333333333,0.4708333333333333,0.6846765700181707,0.475,0.7
full_seed11_bias_0p1_noise0p5_s13_a0p3_b0p8,11,bias,0.1,0.5,13,0.3,1.3958333333333333,0.4708333333333333,0.6846765700181707,0.475,0.8
full_seed11_bias_0p1_noise0p5_s5_a0p2_b0p7,11,bias,0.1,0.5,5,0.2,1.0083333333333333,0.9625,0.8204247471853504,0.0083333333333333,0.7
full_seed11_bias_0p1_noise0p5_s5_a0p3_b0p8,11,bias,0.1,0.5,5,0.3,1.0083333333333333,0.9625,0.8204247471853504,0.0083333333333333,0.8
full_seed11_bias_0p1_noise0p5_s9_a0p2_b0p7,11,bias,0.1,0.5,9,0.2,1.3166666666666669,0.7958333333333333,0.74910150587412,0.3291666666666666,0.7
full_seed11_bias_0p1_noise0p5_s9_a0p3_b0p8,11,bias,0.1,0.5,9,0.3,1.3166666666666669,0.7958333333333333,0.74910150587412,0.3291666666666666,0.8
full_seed11_bias_0p2_noise0p1_s13_a0p2_b0p7,11,bias,0.2,0.1,13,0.2,1.2041666666666666,0.4625,0.6472202133052325,0.3083333333333333,0.7
full_seed11_bias_0p2_noise0p1_s13_a0p3_b0p8,11,bias,0.2,0.1,13,0.3,1.2041666666666666,0.4625,0.6472202133052325,0.3083333333333333,0.8
full_seed11_bias_0p2_noise0p1_s5_a0p2_b0p7,11,bias,0.2,0.1,5,0.2,1.275,0.875,0.8451610965058567,0.275,0.7
full_seed11_bias_0p2_noise0p1_s5_a0p3_b0p8,11,bias,0.2,0.1,5,0.3,1.275,0.875,0.8451610965058567,0.275,0.8
full_seed11_bias_0p2_noise0p1_s9_a0p2_b0p7,11,bias,0.2,0.1,9,0.2,1.1958333333333333,0.7,0.7249126876301257,0.225,0.7
full_seed11_bias_0p2_noise0p1_s9_a0p3_b0p8,11,bias,0.2,0.1,9,0.3,1.1958333333333333,0.7,0.7249126876301257,0.225,0.8
full_seed11_bias_0p2_noise0p25_s13_a0p2_b0p7,11,bias,0.2,0.25,13,0.2,1.275,0.4333333333333333,0.6407321504105296,0.4208333333333333,0.7
full_seed11_bias_0p2_noise0p25_s13_a0p3_b0p8,11,bias,0.2,0.25,13,0.3,1.275,0.4333333333333333,0.6407321504105296,0.4208333333333333,0.8
full_seed11_bias_0p2_noise0p25_s5_a0p2_b0p7,11,bias,0.2,0.25,5,0.2,1.2541666666666669,0.85,0.8205077530990939,0.2541666666666666,0.7
full_seed11_bias_0p2_noise0p25_s5_a0p3_b0p8,11,bias,0.2,0.25,5,0.3,1.2541666666666669,0.85,0.8205077530990939,0.2541666666666666,0.8
full_seed11_bias_0p2_noise0p25_s9_a0p2_b0p7,11,bias,0.2,0.25,9,0.2,1.2208333333333334,0.7041666666666667,0.7199066913811146,0.2666666666666666,0.7
full_seed11_bias_0p2_noise0p25_s9_a0p3_b0p8,11,bias,0.2,0.25,9,0.3,1.2208333333333334,0.7041666666666667,0.7199066913811146,0.2666666666666666,0.8
full_seed11_bias_0p2_noise0p5_s13_a0p2_b0p7,11,bias,0.2,0.5,13,0.2,1.5291666666666666,0.3916666666666666,0.6391310405960664,0.8541666666666666,0.7
full_seed11_bias_0p2_noise0p5_s13_a0p3_b0p8,11,bias,0.2,0.5,13,0.3,1.5291666666666666,0.3916666666666666,0.6391310405960664,0.8541666666666666,0.8
full_seed11_bias_0p2_noise0p5_s5_a0p2_b0p7,11,bias,0.2,0.5,5,0.2,1.2625,0.8166666666666667,0.7797020231692166,0.2708333333333333,0.7
full_seed11_bias_0p2_noise0p5_s5_a0p3_b0p8,11,bias,0.2,0.5,5,0.3,1.2625,0.8166666666666667,0.7797020231692166,0.2708333333333333,0.8
full_seed11_bias_0p2_noise0p5_s9_a0p2_b0p7,11,bias,0.2,0.5,9,0.2,1.275,0.65,0.6986988749407232,0.3583333333333333,0.7
full_seed11_bias_0p2_noise0p5_s9_a0p3_b0p8,11,bias,0.2,0.5,9,0.3,1.275,0.65,0.6986988749407232,0.3583333333333333,0.8
full_seed11_bias_0p3_noise0p1_s13_a0p2_b0p7,11,bias,0.3,0.1,13,0.2,1.0791666666666666,0.4375,0.6157534635236555,0.1541666666666666,0.7
full_seed11_bias_0p3_noise0p1_s13_a0p3_b0p8,11,bias,0.3,0.1,13,0.3,1.0791666666666666,0.4375,0.6157534635236555,0.1541666666666666,0.8
full_seed11_bias_0p3_noise0p1_s5_a0p2_b0p7,11,bias,0.3,0.1,5,0.2,1.0583333333333331,0.6333333333333333,0.7010219954128915,0.0708333333333333,0.7
full_seed11_bias_0p3_noise0p1_s5_a0p3_b0p8,11,bias,0.3,0.1,5,0.3,1.0583333333333331,0.6333333333333333,0.7010219954128915,0.0708333333333333,0.8
full_seed11_bias_0p3_noise0p1_s9_a0p2_b0p7,11,bias,0.3,0.1,9,0.2,1.0541666666666667,0.6166666666666667,0.6668611936588985,0.0916666666666666,0.7
full_seed11_bias_0p3_noise0p1_s9_a0p3_b0p8,11,bias,0.3,0.1,9,0.3,1.0541666666666667,0.6166666666666667,0.6668611936588985,0.0916666666666666,0.8
full_seed11_bias_0p3_noise0p25_s13_a0p2_b0p7,11,bias,0.3,0.25,13,0.2,1.1458333333333333,0.4166666666666667,0.6072407989286105,0.2416666666666666,0.7
full_seed11_bias_0p3_noise0p25_s13_a0p3_b0p8,11,bias,0.3,0.25,13,0.3,1.1458333333333333,0.4166666666666667,0.6072407989286105,0.2416666666666666,0.8
full_seed11_bias_0p3_noise0p25_s5_a0p2_b0p7,11,bias,0.3,0.25,5,0.2,1.0916666666666666,0.6333333333333333,0.6934246230771958,0.1041666666666666,0.7
full_seed11_bias_0p3_noise0p25_s5_a0p3_b0p8,11,bias,0.3,0.25,5,0.3,1.0916666666666666,0.6333333333333333,0.6934246230771958,0.1041666666666666,0.8
full_seed11_bias_0p3_noise0p25_s9_a0p2_b0p7,11,bias,0.3,0.25,9,0.2,1.1166666666666667,0.6083333333333333,0.662643519464915,0.15,0.7
full_seed11_bias_0p3_noise0p25_s9_a0p3_b0p8,11,bias,0.3,0.25,9,0.3,1.1166666666666667,0.6083333333333333,0.662643519464915,0.15,0.8
full_seed11_bias_0p3_noise0p5_s13_a0p2_b0p7,11,bias,0.3,0.5,13,0.2,1.4708333333333334,0.35,0.6046616928125593,0.8041666666666667,0.7
full_seed11_bias_0p3_noise0p5_s13_a0p3_b0p8,11,bias,0.3,0.5,13,0.3,1.4708333333333334,0.35,0.6046616928125593,0.8041666666666667,0.8
full_seed11_bias_0p3_noise0p5_s5_a0p2_b0p7,11,bias,0.3,0.5,5,0.2,1.1875,0.6333333333333333,0.6764147867695672,0.2166666666666666,0.7
full_seed11_bias_0p3_noise0p5_s5_a0p3_b0p8,11,bias,0.3,0.5,5,0.3,1.1875,0.6333333333333333,0.6764147867695672,0.2166666666666666,0.8
full_seed11_bias_0p3_noise0p5_s9_a0p2_b0p7,11,bias,0.3,0.5,9,0.2,1.3083333333333331,0.5833333333333334,0.660172988535957,0.4,0.7
full_seed11_bias_0p3_noise0p5_s9_a0p3_b0p8,11,bias,0.3,0.5,9,0.3,1.3083333333333331,0.5833333333333334,0.660172988535957,0.4,0.8
full_seed11_bias_0p4_noise0p1_s13_a0p2_b0p7,11,bias,0.4,0.1,13,0.2,1.0458333333333334,0.4333333333333333,0.6038258025711755,0.1291666666666666,0.7
full_seed11_bias_0p4_noise0p1_s13_a0p3_b0p8,11,bias,0.4,0.1,13,0.3,1.0458333333333334,0.4333333333333333,0.6038258025711755,0.1291666666666666,0.8
full_seed11_bias_0p4_noise0p1_s5_a0p2_b0p7,11,bias,0.4,0.1,5,0.2,1.0583333333333331,0.6333333333333333,0.7010219954128915,0.0708333333333333,0.7
full_seed11_bias_0p4_noise0p1_s5_a0p3_b0p8,11,bias,0.4,0.1,5,0.3,1.0583333333333331,0.6333333333333333,0.7010219954128915,0.0708333333333333,0.8
full_seed11_bias_0p4_noise0p1_s9_a0p2_b0p7,11,bias,0.4,0.1,9,0.2,1.0291666666666666,0.6125,0.648034978189837,0.0708333333333333,0.7
full_seed11_bias_0p4_noise0p1_s9_a0p3_b0p8,11,bias,0.4,0.1,9,0.3,1.0291666666666666,0.6125,0.648034978189837,0.0708333333333333,0.8
full_seed11_bias_0p4_noise0p25_s13_a0p2_b0p7,11,bias,0.4,0.25,13,0.2,1.0708333333333333,0.4125,0.5928965888696679,0.1708333333333333,0.7
full_seed11_bias_0p4_noise0p25_s13_a0p3_b0p8,11,bias,0.4,0.25,13,0.3,1.0708333333333333,0.4125,0.5928965888696679,0.1708333333333333,0.8
full_seed11_bias_0p4_noise0p25_s5_a0p2_b0p7,11,bias,0.4,0.25,5,0.2,1.0916666666666666,0.6333333333333333,0.6934246230771958,0.1041666666666666,0.7
full_seed11_bias_0p4_noise0p25_s5_a0p3_b0p8,11,bias,0.4,0.25,5,0.3,1.0916666666666666,0.6333333333333333,0.6934246230771958,0.1041666666666666,0.8
full_seed11_bias_0p4_noise0p25_s9_a0p2_b0p7,11,bias,0.4,0.25,9,0.2,1.0666666666666669,0.6,0.641395096494458,0.1166666666666666,0.7
full_seed11_bias_0p4_noise0p25_s9_a0p3_b0p8,11,bias,0.4,0.25,9,0.3,1.0666666666666669,0.6,0.641395096494458,0.1166666666666666,0.8
full_seed11_bias_0p4_noise0p5_s13_a0p2_b0p7,11,bias,0.4,0.5,13,0.2,1.3875,0.3291666666666666,0.578107753517897,0.6666666666666666,0.7
full_seed11_bias_0p4_noise0p5_s13_a0p3_b0p8,11,bias,0.4,0.5,13,0.3,1.3875,0.3291666666666666,0.578107753517897,0.6666666666666666,0.8
full_seed11_bias_0p4_noise0p5_s5_a0p2_b0p7,11,bias,0.4,0.5,5,0.2,1.1875,0.6333333333333333,0.6764147867695672,0.2166666666666666,0.7
full_seed11_bias_0p4_noise0p5_s5_a0p3_b0p8,11,bias,0.4,0.5,5,0.3,1.1875,0.6333333333333333,0.6764147867695672,0.2166666666666666,0.8
full_seed11_bias_0p4_noise0p5_s9_a0p2_b0p7,11,bias,0.4,0.5,9,0.2,1.2291666666666667,0.5583333333333333,0.6261417514033532,0.3125,0.7
full_seed11_bias_0p4_noise0p5_s9_a0p3_b0p8,11,bias,0.4,0.5,9,0.3,1.2291666666666667,0.5583333333333333,0.6261417514033532,0.3125,0.8
full_seed11_drift_0p0_noise0p1_s13_a0p2_b0p7,11,drift,0.0,0.1,13,0.2,1.0,0.6333333333333333,0.7326846019944117,0.0,0.7
full_seed11_drift_0p0_noise0p1_s13_a0p3_b0p8,11,drift,0.0,0.1,13,0.3,1.0,0.6333333333333333,0.7326846019944117,0.0,0.8
full_seed11_drift_0p0_noise0p1_s5_a0p2_b0p7,11,drift,0.0,0.1,5,0.2,1.0,1.0,0.8850613277265076,0.0,0.7
full_seed11_drift_0p0_noise0p1_s5_a0p3_b0p8,11,drift,0.0,0.1,5,0.3,1.0,1.0,0.8850613277265076,0.0,0.8
full_seed11_drift_0p0_noise0p1_s9_a0p2_b0p7,11,drift,0.0,0.1,9,0.2,1.0,1.0,0.8165911570579494,0.0,0.7
full_seed11_drift_0p0_noise0p1_s9_a0p3_b0p8,11,drift,0.0,0.1,9,0.3,1.0,1.0,0.8165911570579494,0.0,0.8
full_seed11_drift_0p0_noise0p25_s13_a0p2_b0p7,11,drift,0.0,0.25,13,0.2,1.0,0.6125,0.719529198785523,0.0,0.7
full_seed11_drift_0p0_noise0p25_s13_a0p3_b0p8,11,drift,0.0,0.25,13,0.3,1.0,0.6125,0.719529198785523,0.0,0.8
full_seed11_drift_0p0_noise0p25_s5_a0p2_b0p7,11,drift,0.0,0.25,5,0.2,1.0,0.9958333333333332,0.8670661618588066,0.0,0.7
full_seed11_drift_0p0_noise0p25_s5_a0p3_b0p8,11,drift,0.0,0.25,5,0.3,1.0,0.9958333333333332,0.8670661618588066,0.0,0.8
full_seed11_drift_0p0_noise0p25_s9_a0p2_b0p7,11,drift,0.0,0.25,9,0.2,1.0041666666666669,0.9958333333333332,0.8035126733781441,0.0041666666666666,0.7
full_seed11_drift_0p0_noise0p25_s9_a0p3_b0p8,11,drift,0.0,0.25,9,0.3,1.0041666666666669,0.9958333333333332,0.8035126733781441,0.0041666666666666,0.8
full_seed11_drift_0p0_noise0p5_s13_a0p2_b0p7,11,drift,0.0,0.5,13,0.2,1.1541666666666666,0.5083333333333333,0.6966746840310475,0.1666666666666666,0.7
full_seed11_drift_0p0_noise0p5_s13_a0p3_b0p8,11,drift,0.0,0.5,13,0.3,1.1541666666666666,0.5083333333333333,0.6966746840310475,0.1666666666666666,0.8
full_seed11_drift_0p0_noise0p5_s5_a0p2_b0p7,11,drift,0.0,0.5,5,0.2,1.0083333333333333,0.9625,0.8204247471853504,0.0083333333333333,0.7
full_seed11_drift_0p0_noise0p5_s5_a0p3_b0p8,11,drift,0.0,0.5,5,0.3,1.0083333333333333,0.9625,0.8204247471853504,0.0083333333333333,0.8
full_seed11_drift_0p0_noise0p5_s9_a0p2_b0p7,11,drift,0.0,0.5,9,0.2,1.0375,0.9333333333333332,0.7697344691069133,0.0375,0.7
full_seed11_drift_0p0_noise0p5_s9_a0p3_b0p8,11,drift,0.0,0.5,9,0.3,1.0375,0.9333333333333332,0.7697344691069133,0.0375,0.8
full_seed11_drift_0p1_noise0p1_s13_a0p2_b0p7,11,drift,0.1,0.1,13,0.2,1.0,0.6,0.7154618915327406,0.0,0.7
full_seed11_drift_0p1_noise0p1_s13_a0p3_b0p8,11,drift,0.1,0.1,13,0.3,1.0,0.6,0.7154618915327406,0.0,0.8
full_seed11_drift_0p1_noise0p1_s5_a0p2_b0p7,11,drift,0.1,0.1,5,0.2,1.0,1.0,0.8850613277265076,0.0,0.7
full_seed11_drift_0p1_noise0p1_s5_a0p3_b0p8,11,drift,0.1,0.1,5,0.3,1.0,1.0,0.8850613277265076,0.0,0.8
full_seed11_drift_0p1_noise0p1_s9_a0p2_b0p7,11,drift,0.1,0.1,9,0.2,1.0,0.9041666666666668,0.7925749843148673,0.0,0.7
full_seed11_drift_0p1_noise0p1_s9_a0p3_b0p8,11,drift,0.1,0.1,9,0.3,1.0,0.9041666666666668,0.7925749843148673,0.0,0.8
full_seed11_drift_0p1_noise0p25_s13_a0p2_b0p7,11,drift,0.1,0.25,13,0.2,1.0125,0.5666666666666667,0.7034746465860263,0.0125,0.7
full_seed11_drift_0p1_noise0p25_s13_a0p3_b0p8,11,drift,0.1,0.25,13,0.3,1.0125,0.5666666666666667,0.7034746465860263,0.0125,0.8
full_seed11_drift_0p1_noise0p25_s5_a0p2_b0p7,11,drift,0.1,0.25,5,0.2,1.0,0.9958333333333332,0.8670661618588066,0.0,0.7
full_seed11_drift_0p1_noise0p25_s5_a0p3_b0p8,11,drift,0.1,0.25,5,0.3,1.0,0.9958333333333332,0.8670661618588066,0.0,0.8
full_seed11_drift_0p1_noise0p25_s9_a0p2_b0p7,11,drift,0.1,0.25,9,0.2,1.0041666666666669,0.8791666666666667,0.7804407169660512,0.0041666666666666,0.7
full_seed11_drift_0p1_noise0p25_s9_a0p3_b0p8,11,drift,0.1,0.25,9,0.3,1.0041666666666669,0.8791666666666667,0.7804407169660512,0.0041666666666666,0.8
full_seed11_drift_0p1_noise0p5_s13_a0p2_b0p7,11,drift,0.1,0.5,13,0.2,1.175,0.45,0.6833819240715352,0.2,0.7
full_seed11_drift_0p1_noise0p5_s13_a0p3_b0p8,11,drift,0.1,0.5,13,0.3,1.175,0.45,0.6833819240715352,0.2,0.8
full_seed11_drift_0p1_noise0p5_s5_a0p2_b0p7,11,drift,0.1,0.5,5,0.2,1.0083333333333333,0.9625,0.8204247471853504,0.0083333333333333,0.7
full_seed11_drift_0p1_noise0p5_s5_a0p3_b0p8,11,drift,0.1,0.5,5,0.3,1.0083333333333333,0.9625,0.8204247471853504,0.0083333333333333,0.8
full_seed11_drift_0p1_noise0p5_s9_a0p2_b0p7,11,drift,0.1,0.5,9,0.2,1.0583333333333331,0.8041666666666667,0.7509346390115803,0.0583333333333333,0.7
full_seed11_drift_0p1_noise0p5_s9_a0p3_b0p8,11,drift,0.1,0.5,9,0.3,1.0583333333333331,0.8041666666666667,0.7509346390115803,0.0583333333333333,0.8
full_seed11_drift_0p2_noise0p1_s13_a0p2_b0p7,11,drift,0.2,0.1,13,0.2,1.0,0.4791666666666667,0.6892133335339565,0.0,0.7
full_seed11_drift_0p2_noise0p1_s13_a0p3_b0p8,11,drift,0.2,0.1,13,0.3,1.0,0.4791666666666667,0.6892133335339565,0.0,0.8
full_seed11_drift_0p2_noise0p1_s5_a0p2_b0p7,11,drift,0.2,0.1,5,0.2,1.0,0.9208333333333332,0.8430322390271455,0.0,0.7
full_seed11_drift_0p2_noise0p1_s5_a0p3_b0p8,11,drift,0.2,0.1,5,0.3,1.0,0.9208333333333332,0.8430322390271455,0.0,0.8
full_seed11_drift_0p2_noise0p1_s9_a0p2_b0p7,11,drift,0.2,0.1,9,0.2,1.0,0.8375,0.7745794212774569,0.0,0.7
full_seed11_drift_0p2_noise0p1_s9_a0p3_b0p8,11,drift,0.2,0.1,9,0.3,1.0,0.8375,0.7745794212774569,0.0,0.8
full_seed11_drift_0p2_noise0p25_s13_a0p2_b0p7,11,drift,0.2,0.25,13,0.2,1.0125,0.4541666666666666,0.6777950351495606,0.0125,0.7
full_seed11_drift_0p2_noise0p25_s13_a0p3_b0p8,11,drift,0.2,0.25,13,0.3,1.0125,0.4541666666666666,0.6777950351495606,0.0125,0.8
full_seed11_drift_0p2_noise0p25_s5_a0p2_b0p7,11,drift,0.2,0.25,5,0.2,1.0,0.9083333333333332,0.8270812267433423,0.0,0.7
full_seed11_drift_0p2_noise0p25_s5_a0p3_b0p8,11,drift,0.2,0.25,5,0.3,1.0,0.9083333333333332,0.8270812267433423,0.0,0.8
full_seed11_drift_0p2_noise0p25_s9_a0p2_b0p7,11,drift,0.2,0.25,9,0.2,1.0041666666666669,0.8291666666666667,0.7631166930332999,0.0041666666666666,0.7
full_seed11_drift_0p2_noise0p25_s9_a0p3_b0p8,11,drift,0.2,0.25,9,0.3,1.0041666666666669,0.8291666666666667,0.7631166930332999,0.0041666666666666,0.8
full_seed11_drift_0p2_noise0p5_s13_a0p2_b0p7,11,drift,0.2,0.5,13,0.2,1.2041666666666666,0.3833333333333333,0.6622720147311756,0.25,0.7
full_seed11_drift_0p2_noise0p5_s13_a0p3_b0p8,11,drift,0.2,0.5,13,0.3,1.2041666666666666,0.3833333333333333,0.6622720147311756,0.25,0.8
full_seed11_drift_0p2_noise0p5_s5_a0p2_b0p7,11,drift,0.2,0.5,5,0.2,1.0291666666666666,0.8625,0.789506600964994,0.0291666666666666,0.7
full_seed11_drift_0p2_noise0p5_s5_a0p3_b0p8,11,drift,0.2,0.5,5,0.3,1.0291666666666666,0.8625,0.789506600964994,0.0291666666666666,0.8
full_seed11_drift_0p2_noise0p5_s9_a0p2_b0p7,11,drift,0.2,0.5,9,0.2,1.0791666666666666,0.7541666666666667,0.736940279415165,0.0791666666666666,0.7
full_seed11_drift_0p2_noise0p5_s9_a0p3_b0p8,11,drift,0.2,0.5,9,0.3,1.0791666666666666,0.7541666666666667,0.736940279415165,0.0791666666666666,0.8
full_seed11_drift_0p3_noise0p1_s13_a0p2_b0p7,11,drift,0.3,0.1,13,0.2,1.0,0.4708333333333333,0.679973102783372,0.0,0.7
full_seed11_drift_0p3_noise0p1_s13_a0p3_b0p8,11,drift,0.3,0.1,13,0.3,1.0,0.4708333333333333,0.679973102783372,0.0,0.8
full_seed11_drift_0p3_noise0p1_s5_a0p2_b0p7,11,drift,0.3,0.1,5,0.2,1.0,0.8375,0.8223384507095034,0.0,0.7
full_seed11_drift_0p3_noise0p1_s5_a0p3_b0p8,11,drift,0.3,0.1,5,0.3,1.0,0.8375,0.8223384507095034,0.0,0.8
full_seed11_drift_0p3_noise0p1_s9_a0p2_b0p7,11,drift,0.3,0.1,9,0.2,1.0,0.7958333333333333,0.7625417708912567,0.0,0.7
full_seed11_drift_0p3_noise0p1_s9_a0p3_b0p8,11,drift,0.3,0.1,9,0.3,1.0,0.7958333333333333,0.7625417708912567,0.0,0.8
full_seed11_drift_0p3_noise0p25_s13_a0p2_b0p7,11,drift,0.3,0.25,13,0.2,1.0083333333333333,0.4416666666666666,0.6681226068900427,0.0083333333333333,0.7
full_seed11_drift_0p3_noise0p25_s13_a0p3_b0p8,11,drift,0.3,0.25,13,0.3,1.0083333333333333,0.4416666666666666,0.6681226068900427,0.0083333333333333,0.8
full_seed11_drift_0p3_noise0p25_s5_a0p2_b0p7,11,drift,0.3,0.25,5,0.2,1.0,0.8208333333333333,0.8077251580062196,0.0,0.7
full_seed11_drift_0p3_noise0p25_s5_a0p3_b0p8,11,drift,0.3,0.25,5,0.3,1.0,0.8208333333333333,0.8077251580062196,0.0,0.8
full_seed11_drift_0p3_noise0p25_s9_a0p2_b0p7,11,drift,0.3,0.25,9,0.2,1.0041666666666669,0.7833333333333333,0.7518950408976174,0.0041666666666666,0.7
full_seed11_drift_0p3_noise0p25_s9_a0p3_b0p8,11,drift,0.3,0.25,9,0.3,1.0041666666666669,0.7833333333333333,0.7518950408976174,0.0041666666666666,0.8
full_seed11_drift_0p3_noise0p5_s13_a0p2_b0p7,11,drift,0.3,0.5,13,0.2,1.2208333333333334,0.3666666666666666,0.6520793506031455,0.2625,0.7
full_seed11_drift_0p3_noise0p5_s13_a0p3_b0p8,11,drift,0.3,0.5,13,0.3,1.2208333333333334,0.3666666666666666,0.6520793506031455,0.2625,0.8
full_seed11_drift_0p3_noise0p5_s5_a0p2_b0p7,11,drift,0.3,0.5,5,0.2,1.0333333333333334,0.7875,0.7716628028777797,0.0333333333333333,0.7
full_seed11_drift_0p3_noise0p5_s5_a0p3_b0p8,11,drift,0.3,0.5,5,0.3,1.0333333333333334,0.7875,0.7716628028777797,0.0333333333333333,0.8
full_seed11_drift_0p3_noise0p5_s9_a0p2_b0p7,11,drift,0.3,0.5,9,0.2,1.0875,0.7,0.7286996855236929,0.0916666666666666,0.7
full_seed11_drift_0p3_noise0p5_s9_a0p3_b0p8,11,drift,0.3,0.5,9,0.3,1.0875,0.7,0.7286996855236929,0.0916666666666666,0.8
full_seed11_drift_0p4_noise0p1_s13_a0p2_b0p7,11,drift,0.4,0.1,13,0.2,1.0,0.4458333333333333,0.6735303225265464,0.0,0.7
full_seed11_drift_0p4_noise0p1_s13_a0p3_b0p8,11,drift,0.4,0.1,13,0.3,1.0,0.4458333333333333,0.6735303225265464,0.0,0.8
full_seed11_drift_0p4_noise0p1_s5_a0p2_b0p7,11,drift,0.4,0.1,5,0.2,1.0,0.8375,0.8223384507095034,0.0,0.7
full_seed11_drift_0p4_noise0p1_s5_a0p3_b0p8,11,drift,0.4,0.1,5,0.3,1.0,0.8375,0.8223384507095034,0.0,0.8
full_seed11_drift_0p4_noise0p1_s9_a0p2_b0p7,11,drift,0.4,0.1,9,0.2,1.0,0.7791666666666667,0.7559686969982196,0.0,0.7
full_seed11_drift_0p4_noise0p1_s9_a0p3_b0p8,11,drift,0.4,0.1,9,0.3,1.0,0.7791666666666667,0.7559686969982196,0.0,0.8
full_seed11_drift_0p4_noise0p25_s13_a0p2_b0p7,11,drift,0.4,0.25,13,0.2,1.0041666666666669,0.425,0.6615631434037849,0.0041666666666666,0.7
full_seed11_drift_0p4_noise0p25_s13_a0p3_b0p8,11,drift,0.4,0.25,13,0.3,1.0041666666666669,0.425,0.6615631434037849,0.0041666666666666,0.8
full_seed11_drift_0p4_noise0p25_s5_a0p2_b0p7,11,drift,0.4,0.25,5,0.2,1.0,0.8208333333333333,0.8077251580062196,0.0,0.7
full_seed11_drift_0p4_noise0p25_s5_a0p3_b0p8,11,drift,0.4,0.25,5,0.3,1.0,0.8208333333333333,0.8077251580062196,0.0,0.8
full_seed11_drift_0p4_noise0p25_s9_a0p2_b0p7,11,drift,0.4,0.25,9,0.2,1.0041666666666669,0.7583333333333333,0.7448559144281753,0.0041666666666666,0.7
full_seed11_drift_0p4_noise0p25_s9_a0p3_b0p8,11,drift,0.4,0.25,9,0.3,1.0041666666666669,0.7583333333333333,0.7448559144281753,0.0041666666666666,0.8
full_seed11_drift_0p4_noise0p5_s13_a0p2_b0p7,11,drift,0.4,0.5,13,0.2,1.2208333333333334,0.3458333333333333,0.6452459319808306,0.2666666666666666,0.7
full_seed11_drift_0p4_noise0p5_s13_a0p3_b0p8,11,drift,0.4,0.5,13,0.3,1.2208333333333334,0.3458333333333333,0.6452459319808306,0.2666666666666666,0.8
full_seed11_drift_0p4_noise0p5_s5_a0p2_b0p7,11,drift,0.4,0.5,5,0.2,1.0333333333333334,0.7875,0.7716628028777797,0.0333333333333333,0.7
full_seed11_drift_0p4_noise0p5_s5_a0p3_b0p8,11,drift,0.4,0.5,5,0.3,1.0333333333333334,0.7875,0.7716628028777797,0.0333333333333333,0.8
full_seed11_drift_0p4_noise0p5_s9_a0p2_b0p7,11,drift,0.4,0.5,9,0.2,1.1,0.6916666666666667,0.722131092424926,0.1041666666666666,0.7
full_seed11_drift_0p4_noise0p5_s9_a0p3_b0p8,11,drift,0.4,0.5,9,0.3,1.1,0.6916666666666667,0.722131092424926,0.1041666666666666,0.8
full_seed11_freeze_0p0_noise0p1_s13_a0p2_b0p7,11,freeze,0.0,0.1,13,0.2,1.0,0.6333333333333333,0.7326846019944117,0.0,0.7
full_seed11_freeze_0p0_noise0p1_s13_a0p3_b0p8,11,freeze,0.0,0.1,13,0.3,1.0,0.6333333333333333,0.7326846019944117,0.0,0.8
full_seed11_freeze_0p0_noise0p1_s5_a0p2_b0p7,11,freeze,0.0,0.1,5,0.2,1.0,1.0,0.8850613277265076,0.0,0.7
full_seed11_freeze_0p0_noise0p1_s5_a0p3_b0p8,11,freeze,0.0,0.1,5,0.3,1.0,1.0,0.8850613277265076,0.0,0.8
full_seed11_freeze_0p0_noise0p1_s9_a0p2_b0p7,11,freeze,0.0,0.1,9,0.2,1.0,1.0,0.8165911570579494,0.0,0.7
full_seed11_freeze_0p0_noise0p1_s9_a0p3_b0p8,11,freeze,0.0,0.1,9,0.3,1.0,1.0,0.8165911570579494,0.0,0.8
full_seed11_freeze_0p0_noise0p25_s13_a0p2_b0p7,11,freeze,0.0,0.25,13,0.2,1.0,0.6125,0.719529198785523,0.0,0.7
full_seed11_freeze_0p0_noise0p25_s13_a0p3_b0p8,11,freeze,0.0,0.25,13,0.3,1.0,0.6125,0.719529198785523,0.0,0.8
full_seed11_freeze_0p0_noise0p25_s5_a0p2_b0p7,11,freeze,0.0,0.25,5,0.2,1.0,0.9958333333333332,0.8670661618588066,0.0,0.7
full_seed11_freeze_0p0_noise0p25_s5_a0p3_b0p8,11,freeze,0.0,0.25,5,0.3,1.0,0.9958333333333332,0.8670661618588066,0.0,0.8
full_seed11_freeze_0p0_noise0p25_s9_a0p2_b0p7,11,freeze,0.0,0.25,9,0.2,1.0041666666666669,0.9958333333333332,0.8035126733781441,0.0041666666666666,0.7
full_seed11_freeze_0p0_noise0p25_s9_a0p3_b0p8,11,freeze,0.0,0.25,9,0.3,1.0041666666666669,0.9958333333333332,0.8035126733781441,0.0041666666666666,0.8
full_seed11_freeze_0p0_noise0p5_s13_a0p2_b0p7,11,freeze,0.0,0.5,13,0.2,1.1541666666666666,0.5083333333333333,0.6966746840310475,0.1666666666666666,0.7
full_seed11_freeze_0p0_noise0p5_s13_a0p3_b0p8,11,freeze,0.0,0.5,13,0.3,1.1541666666666666,0.5083333333333333,0.6966746840310475,0.1666666666666666,0.8
full_seed11_freeze_0p0_noise0p5_s5_a0p2_b0p7,11,freeze,0.0,0.5,5,0.2,1.0083333333333333,0.9625,0.8204247471853504,0.0083333333333333,0.7
full_seed11_freeze_0p0_noise0p5_s5_a0p3_b0p8,11,freeze,0.0,0.5,5,0.3,1.0083333333333333,0.9625,0.8204247471853504,0.0083333333333333,0.8
full_seed11_freeze_0p0_noise0p5_s9_a0p2_b0p7,11,freeze,0.0,0.5,9,0.2,1.0375,0.9333333333333332,0.7697344691069133,0.0375,0.7
full_seed11_freeze_0p0_noise0p5_s9_a0p3_b0p8,11,freeze,0.0,0.5,9,0.3,1.0375,0.9333333333333332,0.7697344691069133,0.0375,0.8
full_seed11_freeze_0p1_noise0p1_s13_a0p2_b0p7,11,freeze,0.1,0.1,13,0.2,1.0,0.65,0.7347579130337745,0.0,0.7
full_seed11_freeze_0p1_noise0p1_s13_a0p3_b0p8,11,freeze,0.1,0.1,13,0.3,1.0,0.65,0.7347579130337745,0.0,0.8
full_seed11_freeze_0p1_noise0p1_s5_a0p2_b0p7,11,freeze,0.1,0.1,5,0.2,1.0,1.0,0.8850613277265076,0.0,0.7
full_seed11_freeze_0p1_noise0p1_s5_a0p3_b0p8,11,freeze,0.1,0.1,5,0.3,1.0,1.0,0.8850613277265076,0.0,0.8
full_seed11_freeze_0p1_noise0p1_s9_a0p2_b0p7,11,freeze,0.1,0.1,9,0.2,1.0,1.0,0.8165696263230103,0.0,0.7
full_seed11_freeze_0p1_noise0p1_s9_a0p3_b0p8,11,freeze,0.1,0.1,9,0.3,1.0,1.0,0.8165696263230103,0.0,0.8
full_seed11_freeze_0p1_noise0p25_s13_a0p2_b0p7,11,freeze,0.1,0.25,13,0.2,1.0,0.6291666666666667,0.7217615953802464,0.0,0.7
full_seed11_freeze_0p1_noise0p25_s13_a0p3_b0p8,11,freeze,0.1,0.25,13,0.3,1.0,0.6291666666666667,0.7217615953802464,0.0,0.8
full_seed11_freeze_0p1_noise0p25_s5_a0p2_b0p7,11,freeze,0.1,0.25,5,0.2,1.0,0.9958333333333332,0.8670661618588066,0.0,0.7
full_seed11_freeze_0p1_noise0p25_s5_a0p3_b0p8,11,freeze,0.1,0.25,5,0.3,1.0,0.9958333333333332,0.8670661618588066,0.0,0.8
full_seed11_freeze_0p1_noise0p25_s9_a0p2_b0p7,11,freeze,0.1,0.25,9,0.2,1.0041666666666669,0.9958333333333332,0.8038340470781968,0.0041666666666666,0.7
full_seed11_freeze_0p1_noise0p25_s9_a0p3_b0p8,11,freeze,0.1,0.25,9,0.3,1.0041666666666669,0.9958333333333332,0.8038340470781968,0.0041666666666666,0.8
full_seed11_freeze_0p1_noise0p5_s13_a0p2_b0p7,11,freeze,0.1,0.5,13,0.2,1.1416666666666666,0.5125,0.6981708452751614,0.1541666666666666,0.7
full_seed11_freeze_0p1_noise0p5_s13_a0p3_b0p8,11,freeze,0.1,0.5,13,0.3,1.1416666666666666,0.5125,0.6981708452751614,0.1541666666666666,0.8
full_seed11_freeze_0p1_noise0p5_s5_a0p2_b0p7,11,freeze,0.1,0.5,5,0.2,1.0083333333333333,0.9625,0.8204247471853504,0.0083333333333333,0.7
full_seed11_freeze_0p1_noise0p5_s5_a0p3_b0p8,11,freeze,0.1,0.5,5,0.3,1.0083333333333333,0.9625,0.8204247471853504,0.0083333333333333,0.8
full_seed11_freeze_0p1_noise0p5_s9_a0p2_b0p7,11,freeze,0.1,0.5,9,0.2,1.0333333333333334,0.925,0.7696444908472512,0.0333333333333333,0.7
full_seed11_freeze_0p1_noise0p5_s9_a0p3_b0p8,11,freeze,0.1,0.5,9,0.3,1.0333333333333334,0.925,0.7696444908472512,0.0333333333333333,0.8
full_seed11_freeze_0p2_noise0p1_s13_a0p2_b0p7,11,freeze,0.2,0.1,13,0.2,1.0,0.6458333333333334,0.7313849916736662,0.0,0.7
full_seed11_freeze_0p2_noise0p1_s13_a0p3_b0p8,11,freeze,0.2,0.1,13,0.3,1.0,0.6458333333333334,0.7313849916736662,0.0,0.8
full_seed11_freeze_0p2_noise0p1_s5_a0p2_b0p7,11,freeze,0.2,0.1,5,0.2,1.0,1.0,0.8826127388227974,0.0,0.7
full_seed11_freeze_0p2_noise0p1_s5_a0p3_b0p8,11,freeze,0.2,0.1,5,0.3,1.0,1.0,0.8826127388227974,0.0,0.8
full_seed11_freeze_0p2_noise0p1_s9_a0p2_b0p7,11,freeze,0.2,0.1,9,0.2,1.0,1.0,0.8147768762619175,0.0,0.7
full_seed11_freeze_0p2_noise0p1_s9_a0p3_b0p8,11,freeze,0.2,0.1,9,0.3,1.0,1.0,0.8147768762619175,0.0,0.8
full_seed11_freeze_0p2_noise0p25_s13_a0p2_b0p7,11,freeze,0.2,0.25,13,0.2,1.0,0.6208333333333333,0.7182836239825173,0.0,0.7
full_seed11_freeze_0p2_noise0p25_s13_a0p3_b0p8,11,freeze,0.2,0.25,13,0.3,1.0,0.6208333333333333,0.7182836239825173,0.0,0.8
full_seed11_freeze_0p2_noise0p25_s5_a0p2_b0p7,11,freeze,0.2,0.25,5,0.2,1.0,0.9958333333333332,0.8649122472227329,0.0,0.7
full_seed11_freeze_0p2_noise0p25_s5_a0p3_b0p8,11,freeze,0.2,0.25,5,0.3,1.0,0.9958333333333332,0.8649122472227329,0.0,0.8
full_seed11_freeze_0p2_noise0p25_s9_a0p2_b0p7,11,freeze,0.2,0.25,9,0.2,1.0041666666666669,0.9958333333333332,0.8018332067652042,0.0041666666666666,0.7
full_seed11_freeze_0p2_noise0p25_s9_a0p3_b0p8,11,freeze,0.2,0.25,9,0.3,1.0041666666666669,0.9958333333333332,0.8018332067652042,0.0041666666666666,0.8
full_seed11_freeze_0p2_noise0p5_s13_a0p2_b0p7,11,freeze,0.2,0.5,13,0.2,1.1458333333333333,0.4875,0.695275725322232,0.1583333333333333,0.7
full_seed11_freeze_0p2_noise0p5_s13_a0p3_b0p8,11,freeze,0.2,0.5,13,0.3,1.1458333333333333,0.4875,0.695275725322232,0.1583333333333333,0.8
full_seed11_freeze_0p2_noise0p5_s5_a0p2_b0p7,11,freeze,0.2,0.5,5,0.2,1.0083333333333333,0.9625,0.8186528674732474,0.0083333333333333,0.7
full_seed11_freeze_0p2_noise0p5_s5_a0p3_b0p8,11,freeze,0.2,0.5,5,0.3,1.0083333333333333,0.9625,0.8186528674732474,0.0083333333333333,0.8
full_seed11_freeze_0p2_noise0p5_s9_a0p2_b0p7,11,freeze,0.2,0.5,9,0.2,1.0375,0.9208333333333332,0.7683112708049299,0.0375,0.7
full_seed11_freeze_0p2_noise0p5_s9_a0p3_b0p8,11,freeze,0.2,0.5,9,0.3,1.0375,0.9208333333333332,0.7683112708049299,0.0375,0.8
full_seed11_freeze_0p3_noise0p1_s13_a0p2_b0p7,11,freeze,0.3,0.1,13,0.2,1.0,0.6625,0.7323132295586298,0.0,0.7
full_seed11_freeze_0p3_noise0p1_s13_a0p3_b0p8,11,freeze,0.3,0.1,13,0.3,1.0,0.6625,0.7323132295586298,0.0,0.8
full_seed11_freeze_0p3_noise0p1_s5_a0p2_b0p7,11,freeze,0.3,0.1,5,0.2,1.0,1.0,0.8800884226388298,0.0,0.7
full_seed11_freeze_0p3_noise0p1_s5_a0p3_b0p8,11,freeze,0.3,0.1,5,0.3,1.0,1.0,0.8800884226388298,0.0,0.8
full_seed11_freeze_0p3_noise0p1_s9_a0p2_b0p7,11,freeze,0.3,0.1,9,0.2,1.0,1.0,0.8157280634492143,0.0,0.7
full_seed11_freeze_0p3_noise0p1_s9_a0p3_b0p8,11,freeze,0.3,0.1,9,0.3,1.0,1.0,0.8157280634492143,0.0,0.8
full_seed11_freeze_0p3_noise0p25_s13_a0p2_b0p7,11,freeze,0.3,0.25,13,0.2,1.0,0.6208333333333333,0.7192551423636523,0.0,0.7
full_seed11_freeze_0p3_noise0p25_s13_a0p3_b0p8,11,freeze,0.3,0.25,13,0.3,1.0,0.6208333333333333,0.7192551423636523,0.0,0.8
full_seed11_freeze_0p3_noise0p25_s5_a0p2_b0p7,11,freeze,0.3,0.25,5,0.2,1.0,0.9958333333333332,0.862273094373218,0.0,0.7
full_seed11_freeze_0p3_noise0p25_s5_a0p3_b0p8,11,freeze,0.3,0.25,5,0.3,1.0,0.9958333333333332,0.862273094373218,0.0,0.8
full_seed11_freeze_0p3_noise0p25_s9_a0p2_b0p7,11,freeze,0.3,0.25,9,0.2,1.0041666666666669,0.9958333333333332,0.8027615079350421,0.0041666666666666,0.7
full_seed11_freeze_0p3_noise0p25_s9_a0p3_b0p8,11,freeze,0.3,0.25,9,0.3,1.0041666666666669,0.9958333333333332,0.8027615079350421,0.0041666666666666,0.8
full_seed11_freeze_0p3_noise0p5_s13_a0p2_b0p7,11,freeze,0.3,0.5,13,0.2,1.1375,0.4958333333333333,0.6955039419463541,0.15,0.7
full_seed11_freeze_0p3_noise0p5_s13_a0p3_b0p8,11,freeze,0.3,0.5,13,0.3,1.1375,0.4958333333333333,0.6955039419463541,0.15,0.8
full_seed11_freeze_0p3_noise0p5_s5_a0p2_b0p7,11,freeze,0.3,0.5,5,0.2,1.0083333333333333,0.9625,0.8163238648890807,0.0083333333333333,0.7
full_seed11_freeze_0p3_noise0p5_s5_a0p3_b0p8,11,freeze,0.3,0.5,5,0.3,1.0083333333333333,0.9625,0.8163238648890807,0.0083333333333333,0.8
full_seed11_freeze_0p3_noise0p5_s9_a0p2_b0p7,11,freeze,0.3,0.5,9,0.2,1.0458333333333334,0.9291666666666668,0.7699254203631576,0.0458333333333333,0.7
full_seed11_freeze_0p3_noise0p5_s9_a0p3_b0p8,11,freeze,0.3,0.5,9,0.3,1.0458333333333334,0.9291666666666668,0.7699254203631576,0.0458333333333333,0.8
full_seed11_freeze_0p4_noise0p1_s13_a0p2_b0p7,11,freeze,0.4,0.1,13,0.2,1.0,0.6875,0.7343890291556406,0.0,0.7
full_seed11_freeze_0p4_noise0p1_s13_a0p3_b0p8,11,freeze,0.4,0.1,13,0.3,1.0,0.6875,0.7343890291556406,0.0,0.8
full_seed11_freeze_0p4_noise0p1_s5_a0p2_b0p7,11,freeze,0.4,0.1,5,0.2,1.0,1.0,0.8800884226388298,0.0,0.7
full_seed11_freeze_0p4_noise0p1_s5_a0p3_b0p8,11,freeze,0.4,0.1,5,0.3,1.0,1.0,0.8800884226388298,0.0,0.8
full_seed11_freeze_0p4_noise0p1_s9_a0p2_b0p7,11,freeze,0.4,0.1,9,0.2,1.0,1.0,0.8173884580873334,0.0,0.7
full_seed11_freeze_0p4_noise0p1_s9_a0p3_b0p8,11,freeze,0.4,0.1,9,0.3,1.0,1.0,0.8173884580873334,0.0,0.8
full_seed11_freeze_0p4_noise0p25_s13_a0p2_b0p7,11,freeze,0.4,0.25,13,0.2,1.0,0.65,0.7216810886533993,0.0,0.7
full_seed11_freeze_0p4_noise0p25_s13_a0p3_b0p8,11,freeze,0.4,0.25,13,0.3,1.0,0.65,0.7216810886533993,0.0,0.8
full_seed11_freeze_0p4_noise0p25_s5_a0p2_b0p7,11,freeze,0.4,0.25,5,0.2,1.0,0.9958333333333332,0.862273094373218,0.0,0.7
full_seed11_freeze_0p4_noise0p25_s5_a0p3_b0p8,11,freeze,0.4,0.25,5,0.3,1.0,0.9958333333333332,0.862273094373218,0.0,0.8
full_seed11_freeze_0p4_noise0p25_s9_a0p2_b0p7,11,freeze,0.4,0.25,9,0.2,1.0041666666666669,0.9958333333333332,0.8044893807064416,0.0041666666666666,0.7
full_seed11_freeze_0p4_noise0p25_s9_a0p3_b0p8,11,freeze,0.4,0.25,9,0.3,1.0041666666666669,0.9958333333333332,0.8044893807064416,0.0041666666666666,0.8
full_seed11_freeze_0p4_noise0p5_s13_a0p2_b0p7,11,freeze,0.4,0.5,13,0.2,1.1333333333333333,0.525,0.6979695823880975,0.1458333333333333,0.7
full_seed11_freeze_0p4_noise0p5_s13_a0p3_b0p8,11,freeze,0.4,0.5,13,0.3,1.1333333333333333,0.525,0.6979695823880975,0.1458333333333333,0.8
full_seed11_freeze_0p4_noise0p5_s5_a0p2_b0p7,11,freeze,0.4,0.5,5,0.2,1.0083333333333333,0.9625,0.8163238648890807,0.0083333333333333,0.7
full_seed11_freeze_0p4_noise0p5_s5_a0p3_b0p8,11,freeze,0.4,0.5,5,0.3,1.0083333333333333,0.9625,0.8163238648890807,0.0083333333333333,0.8
full_seed11_freeze_0p4_noise0p5_s9_a0p2_b0p7,11,freeze,0.4,0.5,9,0.2,1.0416666666666667,0.9291666666666668,0.770624445017271,0.0416666666666666,0.7
full_seed11_freeze_0p4_noise0p5_s9_a0p3_b0p8,11,freeze,0.4,0.5,9,0.3,1.0416666666666667,0.9291666666666668,0.770624445017271,0.0416666666666666,0.8
full_seed11_mixed_0p0_noise0p1_s13_a0p2_b0p7,11,mixed,0.0,0.1,13,0.2,1.0,0.6333333333333333,0.7326846019944117,0.0,0.7
full_seed11_mixed_0p0_noise0p1_s13_a0p3_b0p8,11,mixed,0.0,0.1,13,0.3,1.0,0.6333333333333333,0.7326846019944117,0.0,0.8
full_seed11_mixed_0p0_noise0p1_s5_a0p2_b0p7,11,mixed,0.0,0.1,5,0.2,1.0,1.0,0.8850613277265076,0.0,0.7
full_seed11_mixed_0p0_noise0p1_s5_a0p3_b0p8,11,mixed,0.0,0.1,5,0.3,1.0,1.0,0.8850613277265076,0.0,0.8
full_seed11_mixed_0p0_noise0p1_s9_a0p2_b0p7,11,mixed,0.0,0.1,9,0.2,1.0,1.0,0.8165911570579494,0.0,0.7
full_seed11_mixed_0p0_noise0p1_s9_a0p3_b0p8,11,mixed,0.0,0.1,9,0.3,1.0,1.0,0.8165911570579494,0.0,0.8
full_seed11_mixed_0p0_noise0p25_s13_a0p2_b0p7,11,mixed,0.0,0.25,13,0.2,1.0,0.6125,0.719529198785523,0.0,0.7
full_seed11_mixed_0p0_noise0p25_s13_a0p3_b0p8,11,mixed,0.0,0.25,13,0.3,1.0,0.6125,0.719529198785523,0.0,0.8
full_seed11_mixed_0p0_noise0p25_s5_a0p2_b0p7,11,mixed,0.0,0.25,5,0.2,1.0,0.9958333333333332,0.8670661618588066,0.0,0.7
full_seed11_mixed_0p0_noise0p25_s5_a0p3_b0p8,11,mixed,0.0,0.25,5,0.3,1.0,0.9958333333333332,0.8670661618588066,0.0,0.8
full_seed11_mixed_0p0_noise0p25_s9_a0p2_b0p7,11,mixed,0.0,0.25,9,0.2,1.0041666666666669,0.9958333333333332,0.8035126733781441,0.0041666666666666,0.7
full_seed11_mixed_0p0_noise0p25_s9_a0p3_b0p8,11,mixed,0.0,0.25,9,0.3,1.0041666666666669,0.9958333333333332,0.8035126733781441,0.0041666666666666,0.8
full_seed11_mixed_0p0_noise0p5_s13_a0p2_b0p7,11,mixed,0.0,0.5,13,0.2,1.1541666666666666,0.5083333333333333,0.6966746840310475,0.1666666666666666,0.7
full_seed11_mixed_0p0_noise0p5_s13_a0p3_b0p8,11,mixed,0.0,0.5,13,0.3,1.1541666666666666,0.5083333333333333,0.6966746840310475,0.1666666666666666,0.8
full_seed11_mixed_0p0_noise0p5_s5_a0p2_b0p7,11,mixed,0.0,0.5,5,0.2,1.0083333333333333,0.9625,0.8204247471853504,0.0083333333333333,0.7
full_seed11_mixed_0p0_noise0p5_s5_a0p3_b0p8,11,mixed,0.0,0.5,5,0.3,1.0083333333333333,0.9625,0.8204247471853504,0.0083333333333333,0.8
full_seed11_mixed_0p0_noise0p5_s9_a0p2_b0p7,11,mixed,0.0,0.5,9,0.2,1.0375,0.9333333333333332,0.7697344691069133,0.0375,0.7
full_seed11_mixed_0p0_noise0p5_s9_a0p3_b0p8,11,mixed,0.0,0.5,9,0.3,1.0375,0.9333333333333332,0.7697344691069133,0.0375,0.8
full_seed11_mixed_0p1_noise0p1_s13_a0p2_b0p7,11,mixed,0.1,0.1,13,0.2,1.175,0.6333333333333333,0.7290392977543474,0.175,0.7
full_seed11_mixed_0p1_noise0p1_s13_a0p3_b0p8,11,mixed,0.1,0.1,13,0.3,1.175,0.6333333333333333,0.7290392977543474,0.175,0.8
full_seed11_mixed_0p1_noise0p1_s5_a0p2_b0p7,11,mixed,0.1,0.1,5,0.2,1.0,1.0,0.8850613277265076,0.0,0.7
full_seed11_mixed_0p1_noise0p1_s5_a0p3_b0p8,11,mixed,0.1,0.1,5,0.3,1.0,1.0,0.8850613277265076,0.0,0.8
full_seed11_mixed_0p1_noise0p1_s9_a0p2_b0p7,11,mixed,0.1,0.1,9,0.2,1.15,0.9875,0.8108248256561905,0.15,0.7
full_seed11_mixed_0p1_noise0p1_s9_a0p3_b0p8,11,mixed,0.1,0.1,9,0.3,1.15,0.9875,0.8108248256561905,0.15,0.8
full_seed11_mixed_0p1_noise0p25_s13_a0p2_b0p7,11,mixed,0.1,0.25,13,0.2,1.1625,0.6083333333333333,0.7149696508866711,0.1625,0.7
full_seed11_mixed_0p1_noise0p25_s13_a0p3_b0p8,11,mixed,0.1,0.25,13,0.3,1.1625,0.6083333333333333,0.7149696508866711,0.1625,0.8
full_seed11_mixed_0p1_noise0p25_s5_a0p2_b0p7,11,mixed,0.1,0.25,5,0.2,1.0,0.9958333333333332,0.8670661618588066,0.0,0.7
full_seed11_mixed_0p1_noise0p25_s5_a0p3_b0p8,11,mixed,0.1,0.25,5,0.3,1.0,0.9958333333333332,0.8670661618588066,0.0,0.8
full_seed11_mixed_0p1_noise0p25_s9_a0p2_b0p7,11,mixed,0.1,0.25,9,0.2,1.1458333333333333,0.975,0.7972865124155389,0.1458333333333333,0.7
full_seed11_mixed_0p1_noise0p25_s9_a0p3_b0p8,11,mixed,0.1,0.25,9,0.3,1.1458333333333333,0.975,0.7972865124155389,0.1458333333333333,0.8
full_seed11_mixed_0p1_noise0p5_s13_a0p2_b0p7,11,mixed,0.1,0.5,13,0.2,1.2916666666666667,0.5,0.6937025022550594,0.3416666666666667,0.7
full_seed11_mixed_0p1_noise0p5_s13_a0p3_b0p8,11,mixed,0.1,0.5,13,0.3,1.2916666666666667,0.5,0.6937025022550594,0.3416666666666667,0.8
full_seed11_mixed_0p1_noise0p5_s5_a0p2_b0p7,11,mixed,0.1,0.5,5,0.2,1.0083333333333333,0.9625,0.8204247471853504,0.0083333333333333,0.7
full_seed11_mixed_0p1_noise0p5_s5_a0p3_b0p8,11,mixed,0.1,0.5,5,0.3,1.0083333333333333,0.9625,0.8204247471853504,0.0083333333333333,0.8
full_seed11_mixed_0p1_noise0p5_s9_a0p2_b0p7,11,mixed,0.1,0.5,9,0.2,1.1791666666666667,0.9,0.7642337933015818,0.1875,0.7
full_seed11_mixed_0p1_noise0p5_s9_a0p3_b0p8,11,mixed,0.1,0.5,9,0.3,1.1791666666666667,0.9,0.7642337933015818,0.1875,0.8
full_seed11_mixed_0p2_noise0p1_s13_a0p2_b0p7,11,mixed,0.2,0.1,13,0.2,1.1541666666666666,0.6416666666666667,0.7155851333151444,0.375,0.7
full_seed11_mixed_0p2_noise0p1_s13_a0p3_b0p8,11,mixed,0.2,0.1,13,0.3,1.1541666666666666,0.6416666666666667,0.7155851333151444,0.375,0.8
full_seed11_mixed_0p2_noise0p1_s5_a0p2_b0p7,11,mixed,0.2,0.1,5,0.2,1.1458333333333333,0.9833333333333332,0.8771356958234027,0.1458333333333333,0.7
full_seed11_mixed_0p2_noise0p1_s5_a0p3_b0p8,11,mixed,0.2,0.1,5,0.3,1.1458333333333333,0.9833333333333332,0.8771356958234027,0.1458333333333333,0.8
full_seed11_mixed_0p2_noise0p1_s9_a0p2_b0p7,11,mixed,0.2,0.1,9,0.2,1.1333333333333333,0.95,0.7962656875225401,0.2291666666666666,0.7
full_seed11_mixed_0p2_noise0p1_s9_a0p3_b0p8,11,mixed,0.2,0.1,9,0.3,1.1333333333333333,0.95,0.7962656875225401,0.2291666666666666,0.8
full_seed11_mixed_0p2_noise0p25_s13_a0p2_b0p7,11,mixed,0.2,0.25,13,0.2,1.175,0.6083333333333333,0.7039163661316843,0.4166666666666667,0.7
full_seed11_mixed_0p2_noise0p25_s13_a0p3_b0p8,11,mixed,0.2,0.25,13,0.3,1.175,0.6083333333333333,0.7039163661316843,0.4166666666666667,0.8
full_seed11_mixed_0p2_noise0p25_s5_a0p2_b0p7,11,mixed,0.2,0.25,5,0.2,1.1416666666666666,0.975,0.8589280669156529,0.1416666666666666,0.7
full_seed11_mixed_0p2_noise0p25_s5_a0p3_b0p8,11,mixed,0.2,0.25,5,0.3,1.1416666666666666,0.975,0.8589280669156529,0.1416666666666666,0.8
full_seed11_mixed_0p2_noise0p25_s9_a0p2_b0p7,11,mixed,0.2,0.25,9,0.2,1.1291666666666669,0.9416666666666668,0.7844330127808373,0.2333333333333333,0.7
full_seed11_mixed_0p2_noise0p25_s9_a0p3_b0p8,11,mixed,0.2,0.25,9,0.3,1.1291666666666669,0.9416666666666668,0.7844330127808373,0.2333333333333333,0.8
full_seed11_mixed_0p2_noise0p5_s13_a0p2_b0p7,11,mixed,0.2,0.5,13,0.2,1.325,0.5,0.6862594800126225,0.6625,0.7
full_seed11_mixed_0p2_noise0p5_s13_a0p3_b0p8,11,mixed,0.2,0.5,13,0.3,1.325,0.5,0.6862594800126225,0.6625,0.8
full_seed11_mixed_0p2_noise0p5_s5_a0p2_b0p7,11,mixed,0.2,0.5,5,0.2,1.15,0.9333333333333332,0.8134708756040697,0.15,0.7
full_seed11_mixed_0p2_noise0p5_s5_a0p3_b0p8,11,mixed,0.2,0.5,5,0.3,1.15,0.9333333333333332,0.8134708756040697,0.15,0.8
full_seed11_mixed_0p2_noise0p5_s9_a0p2_b0p7,11,mixed,0.2,0.5,9,0.2,1.1708333333333334,0.8625,0.7544084160437564,0.2958333333333333,0.7
full_seed11_mixed_0p2_noise0p5_s9_a0p3_b0p8,11,mixed,0.2,0.5,9,0.3,1.1708333333333334,0.8625,0.7544084160437564,0.2958333333333333,0.8
full_seed11_mixed_0p3_noise0p1_s13_a0p2_b0p7,11,mixed,0.3,0.1,13,0.2,1.1583333333333334,0.6416666666666667,0.7108124925860783,0.4791666666666667,0.7
full_seed11_mixed_0p3_noise0p1_s13_a0p3_b0p8,11,mixed,0.3,0.1,13,0.3,1.1583333333333334,0.6416666666666667,0.7108124925860783,0.4791666666666667,0.8
full_seed11_mixed_0p3_noise0p1_s5_a0p2_b0p7,11,mixed,0.3,0.1,5,0.2,1.1208333333333331,0.9416666666666668,0.8524348630596018,0.2125,0.7
full_seed11_mixed_0p3_noise0p1_s5_a0p3_b0p8,11,mixed,0.3,0.1,5,0.3,1.1208333333333331,0.9416666666666668,0.8524348630596018,0.2125,0.8
full_seed11_mixed_0p3_noise0p1_s9_a0p2_b0p7,11,mixed,0.3,0.1,9,0.2,1.1291666666666669,0.9333333333333332,0.7860396595660766,0.325,0.7
full_seed11_mixed_0p3_noise0p1_s9_a0p3_b0p8,11,mixed,0.3,0.1,9,0.3,1.1291666666666669,0.9333333333333332,0.7860396595660766,0.325,0.8
full_seed11_mixed_0p3_noise0p25_s13_a0p2_b0p7,11,mixed,0.3,0.25,13,0.2,1.1541666666666666,0.6083333333333333,0.697657986998877,0.4875,0.7
full_seed11_mixed_0p3_noise0p25_s13_a0p3_b0p8,11,mixed,0.3,0.25,13,0.3,1.1541666666666666,0.6083333333333333,0.697657986998877,0.4875,0.8
full_seed11_mixed_0p3_noise0p25_s5_a0p2_b0p7,11,mixed,0.3,0.25,5,0.2,1.1166666666666667,0.9333333333333332,0.8358355497811173,0.2083333333333333,0.7
full_seed11_mixed_0p3_noise0p25_s5_a0p3_b0p8,11,mixed,0.3,0.25,5,0.3,1.1166666666666667,0.9333333333333332,0.8358355497811173,0.2083333333333333,0.8
full_seed11_mixed_0p3_noise0p25_s9_a0p2_b0p7,11,mixed,0.3,0.25,9,0.2,1.1291666666666669,0.9208333333333332,0.7741987244454722,0.3208333333333333,0.7
full_seed11_mixed_0p3_noise0p25_s9_a0p3_b0p8,11,mixed,0.3,0.25,9,0.3,1.1291666666666669,0.9208333333333332,0.7741987244454722,0.3208333333333333,0.8
full_seed11_mixed_0p3_noise0p5_s13_a0p2_b0p7,11,mixed,0.3,0.5,13,0.2,1.3125,0.475,0.6787775269020616,0.7541666666666667,0.7
full_seed11_mixed_0p3_noise0p5_s13_a0p3_b0p8,11,mixed,0.3,0.5,13,0.3,1.3125,0.475,0.6787775269020616,0.7541666666666667,0.8
full_seed11_mixed_0p3_noise0p5_s5_a0p2_b0p7,11,mixed,0.3,0.5,5,0.2,1.1458333333333333,0.9041666666666668,0.7962385918538636,0.2375,0.7
full_seed11_mixed_0p3_noise0p5_s5_a0p3_b0p8,11,mixed,0.3,0.5,5,0.3,1.1458333333333333,0.9041666666666668,0.7962385918538636,0.2375,0.8
full_seed11_mixed_0p3_noise0p5_s9_a0p2_b0p7,11,mixed,0.3,0.5,9,0.2,1.1791666666666667,0.8541666666666666,0.7488467396721319,0.4208333333333333,0.7
full_seed11_mixed_0p3_noise0p5_s9_a0p3_b0p8,11,mixed,0.3,0.5,9,0.3,1.1791666666666667,0.8541666666666666,0.7488467396721319,0.4208333333333333,0.8
full_seed11_mixed_0p4_noise0p1_s13_a0p2_b0p7,11,mixed,0.4,0.1,13,0.2,1.1416666666666666,0.6416666666666667,0.7079576276467137,0.5708333333333333,0.7
full_seed11_mixed_0p4_noise0p1_s13_a0p3_b0p8,11,mixed,0.4,0.1,13,0.3,1.1416666666666666,0.6416666666666667,0.7079576276467137,0.5708333333333333,0.8
full_seed11_mixed_0p4_noise0p1_s5_a0p2_b0p7,11,mixed,0.4,0.1,5,0.2,1.1208333333333331,0.9416666666666668,0.8524348630596018,0.2125,0.7
full_seed11_mixed_0p4_noise0p1_s5_a0p3_b0p8,11,mixed,0.4,0.1,5,0.3,1.1208333333333331,0.9416666666666668,0.8524348630596018,0.2125,0.8
full_seed11_mixed_0p4_noise0p1_s9_a0p2_b0p7,11,mixed,0.4,0.1,9,0.2,1.1083333333333334,0.9208333333333332,0.7779391547911497,0.3875,0.7
full_seed11_mixed_0p4_noise0p1_s9_a0p3_b0p8,11,mixed,0.4,0.1,9,0.3,1.1083333333333334,0.9208333333333332,0.7779391547911497,0.3875,0.8
full_seed11_mixed_0p4_noise0p25_s13_a0p2_b0p7,11,mixed,0.4,0.25,13,0.2,1.1541666666666666,0.6166666666666667,0.6948673199589277,0.5875,0.7
full_seed11_mixed_0p4_noise0p25_s13_a0p3_b0p8,11,mixed,0.4,0.25,13,0.3,1.1541666666666666,0.6166666666666667,0.6948673199589277,0.5875,0.8
full_seed11_mixed_0p4_noise0p25_s5_a0p2_b0p7,11,mixed,0.4,0.25,5,0.2,1.1166666666666667,0.9333333333333332,0.8358355497811173,0.2083333333333333,0.7
full_seed11_mixed_0p4_noise0p25_s5_a0p3_b0p8,11,mixed,0.4,0.25,5,0.3,1.1166666666666667,0.9333333333333332,0.8358355497811173,0.2083333333333333,0.8
full_seed11_mixed_0p4_noise0p25_s9_a0p2_b0p7,11,mixed,0.4,0.25,9,0.2,1.125,0.9041666666666668,0.7676820689582095,0.4125,0.7
full_seed11_mixed_0p4_noise0p25_s9_a0p3_b0p8,11,mixed,0.4,0.25,9,0.3,1.125,0.9041666666666668,0.7676820689582095,0.4125,0.8
full_seed11_mixed_0p4_noise0p5_s13_a0p2_b0p7,11,mixed,0.4,0.5,13,0.2,1.3083333333333331,0.4833333333333333,0.674236522920076,0.8708333333333333,0.7
full_seed11_mixed_0p4_noise0p5_s13_a0p3_b0p8,11,mixed,0.4,0.5,13,0.3,1.3083333333333331,0.4833333333333333,0.674236522920076,0.8708333333333333,0.8
full_seed11_mixed_0p4_noise0p5_s5_a0p2_b0p7,11,mixed,0.4,0.5,5,0.2,1.1458333333333333,0.9041666666666668,0.7962385918538636,0.2375,0.7
full_seed11_mixed_0p4_noise0p5_s5_a0p3_b0p8,11,mixed,0.4,0.5,5,0.3,1.1458333333333333,0.9041666666666668,0.7962385918538636,0.2375,0.8
full_seed11_mixed_0p4_noise0p5_s9_a0p2_b0p7,11,mixed,0.4,0.5,9,0.2,1.1666666666666667,0.8416666666666667,0.7424303165224705,0.5291666666666667,0.7
full_seed11_mixed_0p4_noise0p5_s9_a0p3_b0p8,11,mixed,0.4,0.5,9,0.3,1.1666666666666667,0.8416666666666667,0.7424303165224705,0.5291666666666667,0.8
full_seed11_replay_0p0_noise0p1_s13_a0p2_b0p7,11,replay,0.0,0.1,13,0.2,1.0,0.6333333333333333,0.7326846019944117,0.0,0.7
full_seed11_replay_0p0_noise0p1_s13_a0p3_b0p8,11,replay,0.0,0.1,13,0.3,1.0,0.6333333333333333,0.7326846019944117,0.0,0.8
full_seed11_replay_0p0_noise0p1_s5_a0p2_b0p7,11,replay,0.0,0.1,5,0.2,1.0,1.0,0.8850613277265076,0.0,0.7
full_seed11_replay_0p0_noise0p1_s5_a0p3_b0p8,11,replay,0.0,0.1,5,0.3,1.0,1.0,0.8850613277265076,0.0,0.8
full_seed11_replay_0p0_noise0p1_s9_a0p2_b0p7,11,replay,0.0,0.1,9,0.2,1.0,1.0,0.8165911570579494,0.0,0.7
full_seed11_replay_0p0_noise0p1_s9_a0p3_b0p8,11,replay,0.0,0.1,9,0.3,1.0,1.0,0.8165911570579494,0.0,0.8
full_seed11_replay_0p0_noise0p25_s13_a0p2_b0p7,11,replay,0.0,0.25,13,0.2,1.0,0.6125,0.719529198785523,0.0,0.7
full_seed11_replay_0p0_noise0p25_s13_a0p3_b0p8,11,replay,0.0,0.25,13,0.3,1.0,0.6125,0.719529198785523,0.0,0.8
full_seed11_replay_0p0_noise0p25_s5_a0p2_b0p7,11,replay,0.0,0.25,5,0.2,1.0,0.9958333333333332,0.8670661618588066,0.0,0.7
full_seed11_replay_0p0_noise0p25_s5_a0p3_b0p8,11,replay,0.0,0.25,5,0.3,1.0,0.9958333333333332,0.8670661618588066,0.0,0.8
full_seed11_replay_0p0_noise0p25_s9_a0p2_b0p7,11,replay,0.0,0.25,9,0.2,1.0041666666666669,0.9958333333333332,0.8035126733781441,0.0041666666666666,0.7
full_seed11_replay_0p0_noise0p25_s9_a0p3_b0p8,11,replay,0.0,0.25,9,0.3,1.0041666666666669,0.9958333333333332,0.8035126733781441,0.0041666666666666,0.8
full_seed11_replay_0p0_noise0p5_s13_a0p2_b0p7,11,replay,0.0,0.5,13,0.2,1.1541666666666666,0.5083333333333333,0.6966746840310475,0.1666666666666666,0.7
full_seed11_replay_0p0_noise0p5_s13_a0p3_b0p8,11,replay,0.0,0.5,13,0.3,1.1541666666666666,0.5083333333333333,0.6966746840310475,0.1666666666666666,0.8
full_seed11_replay_0p0_noise0p5_s5_a0p2_b0p7,11,replay,0.0,0.5,5,0.2,1.0083333333333333,0.9625,0.8204247471853504,0.0083333333333333,0.7
full_seed11_replay_0p0_noise0p5_s5_a0p3_b0p8,11,replay,0.0,0.5,5,0.3,1.0083333333333333,0.9625,0.8204247471853504,0.0083333333333333,0.8
full_seed11_replay_0p0_noise0p5_s9_a0p2_b0p7,11,replay,0.0,0.5,9,0.2,1.0375,0.9333333333333332,0.7697344691069133,0.0375,0.7
full_seed11_replay_0p0_noise0p5_s9_a0p3_b0p8,11,replay,0.0,0.5,9,0.3,1.0375,0.9333333333333332,0.7697344691069133,0.0375,0.8
full_seed11_replay_0p1_noise0p1_s13_a0p2_b0p7,11,replay,0.1,0.1,13,0.2,1.0,0.6333333333333333,0.7329126291588071,0.0,0.7
full_seed11_replay_0p1_noise0p1_s13_a0p3_b0p8,11,replay,0.1,0.1,13,0.3,1.0,0.6333333333333333,0.7329126291588071,0.0,0.8
full_seed11_replay_0p1_noise0p1_s5_a0p2_b0p7,11,replay,0.1,0.1,5,0.2,1.0,1.0,0.8850613277265076,0.0,0.7
full_seed11_replay_0p1_noise0p1_s5_a0p3_b0p8,11,replay,0.1,0.1,5,0.3,1.0,1.0,0.8850613277265076,0.0,0.8
full_seed11_replay_0p1_noise0p1_s9_a0p2_b0p7,11,replay,0.1,0.1,9,0.2,1.0,1.0,0.8166869478564726,0.0,0.7
full_seed11_replay_0p1_noise0p1_s9_a0p3_b0p8,11,replay,0.1,0.1,9,0.3,1.0,1.0,0.8166869478564726,0.0,0.8
full_seed11_replay_0p1_noise0p25_s13_a0p2_b0p7,11,replay,0.1,0.25,13,0.2,1.0,0.6083333333333333,0.7197673998945778,0.0,0.7
full_seed11_replay_0p1_noise0p25_s13_a0p3_b0p8,11,replay,0.1,0.25,13,0.3,1.0,0.6083333333333333,0.7197673998945778,0.0,0.8
full_seed11_replay_0p1_noise0p25_s5_a0p2_b0p7,11,replay,0.1,0.25,5,0.2,1.0,0.9958333333333332,0.8670661618588066,0.0,0.7
full_seed11_replay_0p1_noise0p25_s5_a0p3_b0p8,11,replay,0.1,0.25,5,0.3,1.0,0.9958333333333332,0.8670661618588066,0.0,0.8
full_seed11_replay_0p1_noise0p25_s9_a0p2_b0p7,11,replay,0.1,0.25,9,0.2,1.0041666666666669,0.9958333333333332,0.8036350571227552,0.0041666666666666,0.7
full_seed11_replay_0p1_noise0p25_s9_a0p3_b0p8,11,replay,0.1,0.25,9,0.3,1.0041666666666669,0.9958333333333332,0.8036350571227552,0.0041666666666666,0.8
full_seed11_replay_0p1_noise0p5_s13_a0p2_b0p7,11,replay,0.1,0.5,13,0.2,1.1458333333333333,0.5041666666666667,0.6963772039875119,0.1583333333333333,0.7
full_seed11_replay_0p1_noise0p5_s13_a0p3_b0p8,11,replay,0.1,0.5,13,0.3,1.1458333333333333,0.5041666666666667,0.6963772039875119,0.1583333333333333,0.8
full_seed11_replay_0p1_noise0p5_s5_a0p2_b0p7,11,replay,0.1,0.5,5,0.2,1.0083333333333333,0.9625,0.8204247471853504,0.0083333333333333,0.7
full_seed11_replay_0p1_noise0p5_s5_a0p3_b0p8,11,replay,0.1,0.5,5,0.3,1.0083333333333333,0.9625,0.8204247471853504,0.0083333333333333,0.8
full_seed11_replay_0p1_noise0p5_s9_a0p2_b0p7,11,replay,0.1,0.5,9,0.2,1.0375,0.9333333333333332,0.7698665217140489,0.0375,0.7
full_seed11_replay_0p1_noise0p5_s9_a0p3_b0p8,11,replay,0.1,0.5,9,0.3,1.0375,0.9333333333333332,0.7698665217140489,0.0375,0.8
full_seed11_replay_0p2_noise0p1_s13_a0p2_b0p7,11,replay,0.2,0.1,13,0.2,1.0,0.6375,0.7334495931408344,0.0,0.7
full_seed11_replay_0p2_noise0p1_s13_a0p3_b0p8,11,replay,0.2,0.1,13,0.3,1.0,0.6375,0.7334495931408344,0.0,0.8
full_seed11_replay_0p2_noise0p1_s5_a0p2_b0p7,11,replay,0.2,0.1,5,0.2,1.0,1.0,0.8847598281778715,0.0,0.7
full_seed11_replay_0p2_noise0p1_s5_a0p3_b0p8,11,replay,0.2,0.1,5,0.3,1.0,1.0,0.8847598281778715,0.0,0.8
full_seed11_replay_0p2_noise0p1_s9_a0p2_b0p7,11,replay,0.2,0.1,9,0.2,1.0,1.0,0.8169056434502547,0.0,0.7
full_seed11_replay_0p2_noise0p1_s9_a0p3_b0p8,11,replay,0.2,0.1,9,0.3,1.0,1.0,0.8169056434502547,0.0,0.8
full_seed11_replay_0p2_noise0p25_s13_a0p2_b0p7,11,replay,0.2,0.25,13,0.2,1.0,0.6083333333333333,0.7203509380302527,0.0,0.7
full_seed11_replay_0p2_noise0p25_s13_a0p3_b0p8,11,replay,0.2,0.25,13,0.3,1.0,0.6083333333333333,0.7203509380302527,0.0,0.8
full_seed11_replay_0p2_noise0p25_s5_a0p2_b0p7,11,replay,0.2,0.25,5,0.2,1.0,0.9958333333333332,0.8668185736414018,0.0,0.7
full_seed11_replay_0p2_noise0p25_s5_a0p3_b0p8,11,replay,0.2,0.25,5,0.3,1.0,0.9958333333333332,0.8668185736414018,0.0,0.8
full_seed11_replay_0p2_noise0p25_s9_a0p2_b0p7,11,replay,0.2,0.25,9,0.2,1.0041666666666669,0.9958333333333332,0.8038545454786938,0.0041666666666666,0.7
full_seed11_replay_0p2_noise0p25_s9_a0p3_b0p8,11,replay,0.2,0.25,9,0.3,1.0041666666666669,0.9958333333333332,0.8038545454786938,0.0041666666666666,0.8
full_seed11_replay_0p2_noise0p5_s13_a0p2_b0p7,11,replay,0.2,0.5,13,0.2,1.1416666666666666,0.5083333333333333,0.6968849652193974,0.1541666666666666,0.7
full_seed11_replay_0p2_noise0p5_s13_a0p3_b0p8,11,replay,0.2,0.5,13,0.3,1.1416666666666666,0.5083333333333333,0.6968849652193974,0.1541666666666666,0.8
full_seed11_replay_0p2_noise0p5_s5_a0p2_b0p7,11,replay,0.2,0.5,5,0.2,1.0083333333333333,0.9625,0.8204127233587106,0.0083333333333333,0.7
full_seed11_replay_0p2_noise0p5_s5_a0p3_b0p8,11,replay,0.2,0.5,5,0.3,1.0083333333333333,0.9625,0.8204127233587106,0.0083333333333333,0.8
full_seed11_replay_0p2_noise0p5_s9_a0p2_b0p7,11,replay,0.2,0.5,9,0.2,1.0333333333333334,0.9458333333333332,0.7697233852902092,0.0333333333333333,0.7
full_seed11_replay_0p2_noise0p5_s9_a0p3_b0p8,11,replay,0.2,0.5,9,0.3,1.0333333333333334,0.9458333333333332,0.7697233852902092,0.0333333333333333,0.8
full_seed11_replay_0p3_noise0p1_s13_a0p2_b0p7,11,replay,0.3,0.1,13,0.2,1.0,0.6375,0.7336910687151789,0.0,0.7
full_seed11_replay_0p3_noise0p1_s13_a0p3_b0p8,11,replay,0.3,0.1,13,0.3,1.0,0.6375,0.7336910687151789,0.0,0.8
full_seed11_replay_0p3_noise0p1_s5_a0p2_b0p7,11,replay,0.3,0.1,5,0.2,1.0,1.0,0.8845499602755528,0.0,0.7
full_seed11_replay_0p3_noise0p1_s5_a0p3_b0p8,11,replay,0.3,0.1,5,0.3,1.0,1.0,0.8845499602755528,0.0,0.8
full_seed11_replay_0p3_noise0p1_s9_a0p2_b0p7,11,replay,0.3,0.1,9,0.2,1.0,1.0,0.8171202943109848,0.0,0.7
full_seed11_replay_0p3_noise0p1_s9_a0p3_b0p8,11,replay,0.3,0.1,9,0.3,1.0,1.0,0.8171202943109848,0.0,0.8
full_seed11_replay_0p3_noise0p25_s13_a0p2_b0p7,11,replay,0.3,0.25,13,0.2,1.0,0.6083333333333333,0.7206296346183023,0.0,0.7
full_seed11_replay_0p3_noise0p25_s13_a0p3_b0p8,11,replay,0.3,0.25,13,0.3,1.0,0.6083333333333333,0.7206296346183023,0.0,0.8
full_seed11_replay_0p3_noise0p25_s5_a0p2_b0p7,11,replay,0.3,0.25,5,0.2,1.0,0.9958333333333332,0.8665431163049869,0.0,0.7
full_seed11_replay_0p3_noise0p25_s5_a0p3_b0p8,11,replay,0.3,0.25,5,0.3,1.0,0.9958333333333332,0.8665431163049869,0.0,0.8
full_seed11_replay_0p3_noise0p25_s9_a0p2_b0p7,11,replay,0.3,0.25,9,0.2,1.0041666666666669,0.9958333333333332,0.8041821529770677,0.0041666666666666,0.7
full_seed11_replay_0p3_noise0p25_s9_a0p3_b0p8,11,replay,0.3,0.25,9,0.3,1.0041666666666669,0.9958333333333332,0.8041821529770677,0.0041666666666666,0.8
full_seed11_replay_0p3_noise0p5_s13_a0p2_b0p7,11,replay,0.3,0.5,13,0.2,1.1416666666666666,0.5125,0.6972229804519184,0.1541666666666666,0.7
full_seed11_replay_0p3_noise0p5_s13_a0p3_b0p8,11,replay,0.3,0.5,13,0.3,1.1416666666666666,0.5125,0.6972229804519184,0.1541666666666666,0.8
full_seed11_replay_0p3_noise0p5_s5_a0p2_b0p7,11,replay,0.3,0.5,5,0.2,1.0083333333333333,0.9583333333333334,0.8200486842431923,0.0083333333333333,0.7
full_seed11_replay_0p3_noise0p5_s5_a0p3_b0p8,11,replay,0.3,0.5,5,0.3,1.0083333333333333,0.9583333333333334,0.8200486842431923,0.0083333333333333,0.8
full_seed11_replay_0p3_noise0p5_s9_a0p2_b0p7,11,replay,0.3,0.5,9,0.2,1.0333333333333334,0.9375,0.7700893917194567,0.0333333333333333,0.7
full_seed11_replay_0p3_noise0p5_s9_a0p3_b0p8,11,replay,0.3,0.5,9,0.3,1.0333333333333334,0.9375,0.7700893917194567,0.0333333333333333,0.8
full_seed11_replay_0p4_noise0p1_s13_a0p2_b0p7,11,replay,0.4,0.1,13,0.2,1.0,0.6458333333333334,0.7337852696417104,0.0,0.7
full_seed11_replay_0p4_noise0p1_s13_a0p3_b0p8,11,replay,0.4,0.1,13,0.3,1.0,0.6458333333333334,0.7337852696417104,0.0,0.8
full_seed11_replay_0p4_noise0p1_s5_a0p2_b0p7,11,replay,0.4,0.1,5,0.2,1.0,1.0,0.8845499602755528,0.0,0.7
full_seed11_replay_0p4_noise0p1_s5_a0p3_b0p8,11,replay,0.4,0.1,5,0.3,1.0,1.0,0.8845499602755528,0.0,0.8
full_seed11_replay_0p4_noise0p1_s9_a0p2_b0p7,11,replay,0.4,0.1,9,0.2,1.0,1.0,0.8173709200624718,0.0,0.7
full_seed11_replay_0p4_noise0p1_s9_a0p3_b0p8,11,replay,0.4,0.1,9,0.3,1.0,1.0,0.8173709200624718,0.0,0.8
full_seed11_replay_0p4_noise0p25_s13_a0p2_b0p7,11,replay,0.4,0.25,13,0.2,1.0,0.6083333333333333,0.7207108975617941,0.0,0.7
full_seed11_replay_0p4_noise0p25_s13_a0p3_b0p8,11,replay,0.4,0.25,13,0.3,1.0,0.6083333333333333,0.7207108975617941,0.0,0.8
full_seed11_replay_0p4_noise0p25_s5_a0p2_b0p7,11,replay,0.4,0.25,5,0.2,1.0,0.9958333333333332,0.8665431163049869,0.0,0.7
full_seed11_replay_0p4_noise0p25_s5_a0p3_b0p8,11,replay,0.4,0.25,5,0.3,1.0,0.9958333333333332,0.8665431163049869,0.0,0.8
full_seed11_replay_0p4_noise0p25_s9_a0p2_b0p7,11,replay,0.4,0.25,9,0.2,1.0041666666666669,0.9958333333333332,0.8044911788612699,0.0041666666666666,0.7
full_seed11_replay_0p4_noise0p25_s9_a0p3_b0p8,11,replay,0.4,0.25,9,0.3,1.0041666666666669,0.9958333333333332,0.8044911788612699,0.0041666666666666,0.8
full_seed11_replay_0p4_noise0p5_s13_a0p2_b0p7,11,replay,0.4,0.5,13,0.2,1.1416666666666666,0.5125,0.6972929332477847,0.1541666666666666,0.7
full_seed11_replay_0p4_noise0p5_s13_a0p3_b0p8,11,replay,0.4,0.5,13,0.3,1.1416666666666666,0.5125,0.6972929332477847,0.1541666666666666,0.8
full_seed11_replay_0p4_noise0p5_s5_a0p2_b0p7,11,replay,0.4,0.5,5,0.2,1.0083333333333333,0.9583333333333334,0.8200486842431923,0.0083333333333333,0.7
full_seed11_replay_0p4_noise0p5_s5_a0p3_b0p8,11,replay,0.4,0.5,5,0.3,1.0083333333333333,0.9583333333333334,0.8200486842431923,0.0083333333333333,0.8
full_seed11_replay_0p4_noise0p5_s9_a0p2_b0p7,11,replay,0.4,0.5,9,0.2,1.0375,0.925,0.7710197703262354,0.0375,0.7
full_seed11_replay_0p4_noise0p5_s9_a0p3_b0p8,11,replay,0.4,0.5,9,0.3,1.0375,0.925,0.7710197703262354,0.0375,0.8
full_seed11_scaling_0p0_noise0p1_s13_a0p2_b0p7,11,scaling,0.0,0.1,13,0.2,1.0,0.6333333333333333,0.7326846019944117,0.0,0.7
full_seed11_scaling_0p0_noise0p1_s13_a0p3_b0p8,11,scaling,0.0,0.1,13,0.3,1.0,0.6333333333333333,0.7326846019944117,0.0,0.8
full_seed11_scaling_0p0_noise0p1_s5_a0p2_b0p7,11,scaling,0.0,0.1,5,0.2,1.0,1.0,0.8850613277265076,0.0,0.7
full_seed11_scaling_0p0_noise0p1_s5_a0p3_b0p8,11,scaling,0.0,0.1,5,0.3,1.0,1.0,0.8850613277265076,0.0,0.8
full_seed11_scaling_0p0_noise0p1_s9_a0p2_b0p7,11,scaling,0.0,0.1,9,0.2,1.0,1.0,0.8165911570579494,0.0,0.7
full_seed11_scaling_0p0_noise0p1_s9_a0p3_b0p8,11,scaling,0.0,0.1,9,0.3,1.0,1.0,0.8165911570579494,0.0,0.8
full_seed11_scaling_0p0_noise0p25_s13_a0p2_b0p7,11,scaling,0.0,0.25,13,0.2,1.0,0.6125,0.719529198785523,0.0,0.7
full_seed11_scaling_0p0_noise0p25_s13_a0p3_b0p8,11,scaling,0.0,0.25,13,0.3,1.0,0.6125,0.719529198785523,0.0,0.8
full_seed11_scaling_0p0_noise0p25_s5_a0p2_b0p7,11,scaling,0.0,0.25,5,0.2,1.0,0.9958333333333332,0.8670661618588066,0.0,0.7
full_seed11_scaling_0p0_noise0p25_s5_a0p3_b0p8,11,scaling,0.0,0.25,5,0.3,1.0,0.9958333333333332,0.8670661618588066,0.0,0.8
full_seed11_scaling_0p0_noise0p25_s9_a0p2_b0p7,11,scaling,0.0,0.25,9,0.2,1.0041666666666669,0.9958333333333332,0.8035126733781441,0.0041666666666666,0.7
full_seed11_scaling_0p0_noise0p25_s9_a0p3_b0p8,11,scaling,0.0,0.25,9,0.3,1.0041666666666669,0.9958333333333332,0.8035126733781441,0.0041666666666666,0.8
full_seed11_scaling_0p0_noise0p5_s13_a0p2_b0p7,11,scaling,0.0,0.5,13,0.2,1.1541666666666666,0.5083333333333333,0.6966746840310475,0.1666666666666666,0.7
full_seed11_scaling_0p0_noise0p5_s13_a0p3_b0p8,11,scaling,0.0,0.5,13,0.3,1.1541666666666666,0.5083333333333333,0.6966746840310475,0.1666666666666666,0.8
full_seed11_scaling_0p0_noise0p5_s5_a0p2_b0p7,11,scaling,0.0,0.5,5,0.2,1.0083333333333333,0.9625,0.8204247471853504,0.0083333333333333,0.7
full_seed11_scaling_0p0_noise0p5_s5_a0p3_b0p8,11,scaling,0.0,0.5,5,0.3,1.0083333333333333,0.9625,0.8204247471853504,0.0083333333333333,0.8
full_seed11_scaling_0p0_noise0p5_s9_a0p2_b0p7,11,scaling,0.0,0.5,9,0.2,1.0375,0.9333333333333332,0.7697344691069133,0.0375,0.7
full_seed11_scaling_0p0_noise0p5_s9_a0p3_b0p8,11,scaling,0.0,0.5,9,0.3,1.0375,0.9333333333333332,0.7697344691069133,0.0375,0.8
full_seed11_scaling_0p1_noise0p1_s13_a0p2_b0p7,11,scaling,0.1,0.1,13,0.2,1.0,0.625,0.7300386273743956,0.0,0.7
full_seed11_scaling_0p1_noise0p1_s13_a0p3_b0p8,11,scaling,0.1,0.1,13,0.3,1.0,0.625,0.7300386273743956,0.0,0.8
full_seed11_scaling_0p1_noise0p1_s5_a0p2_b0p7,11,scaling,0.1,0.1,5,0.2,1.0,1.0,0.8850613277265076,0.0,0.7
full_seed11_scaling_0p1_noise0p1_s5_a0p3_b0p8,11,scaling,0.1,0.1,5,0.3,1.0,1.0,0.8850613277265076,0.0,0.8
full_seed11_scaling_0p1_noise0p1_s9_a0p2_b0p7,11,scaling,0.1,0.1,9,0.2,1.0,1.0,0.8138254232306779,0.0,0.7
full_seed11_scaling_0p1_noise0p1_s9_a0p3_b0p8,11,scaling,0.1,0.1,9,0.3,1.0,1.0,0.8138254232306779,0.0,0.8
full_seed11_scaling_0p1_noise0p25_s13_a0p2_b0p7,11,scaling,0.1,0.25,13,0.2,1.0,0.6,0.7171073104530528,0.0,0.7
full_seed11_scaling_0p1_noise0p25_s13_a0p3_b0p8,11,scaling,0.1,0.25,13,0.3,1.0,0.6,0.7171073104530528,0.0,0.8
full_seed11_scaling_0p1_noise0p25_s5_a0p2_b0p7,11,scaling,0.1,0.25,5,0.2,1.0,0.9958333333333332,0.8670661618588066,0.0,0.7
full_seed11_scaling_0p1_noise0p25_s5_a0p3_b0p8,11,scaling,0.1,0.25,5,0.3,1.0,0.9958333333333332,0.8670661618588066,0.0,0.8
full_seed11_scaling_0p1_noise0p25_s9_a0p2_b0p7,11,scaling,0.1,0.25,9,0.2,1.0041666666666669,0.9958333333333332,0.8012286407628489,0.0041666666666666,0.7
full_seed11_scaling_0p1_noise0p25_s9_a0p3_b0p8,11,scaling,0.1,0.25,9,0.3,1.0041666666666669,0.9958333333333332,0.8012286407628489,0.0041666666666666,0.8
full_seed11_scaling_0p1_noise0p5_s13_a0p2_b0p7,11,scaling,0.1,0.5,13,0.2,1.1583333333333334,0.4916666666666666,0.6948684911629368,0.1708333333333333,0.7
full_seed11_scaling_0p1_noise0p5_s13_a0p3_b0p8,11,scaling,0.1,0.5,13,0.3,1.1583333333333334,0.4916666666666666,0.6948684911629368,0.1708333333333333,0.8
full_seed11_scaling_0p1_noise0p5_s5_a0p2_b0p7,11,scaling,0.1,0.5,5,0.2,1.0083333333333333,0.9625,0.8204247471853504,0.0083333333333333,0.7
full_seed11_scaling_0p1_noise0p5_s5_a0p3_b0p8,11,scaling,0.1,0.5,5,0.3,1.0083333333333333,0.9625,0.8204247471853504,0.0083333333333333,0.8
full_seed11_scaling_0p1_noise0p5_s9_a0p2_b0p7,11,scaling,0.1,0.5,9,0.2,1.0333333333333334,0.9333333333333332,0.7674171730748921,0.0333333333333333,0.7
full_seed11_scaling_0p1_noise0p5_s9_a0p3_b0p8,11,scaling,0.1,0.5,9,0.3,1.0333333333333334,0.9333333333333332,0.7674171730748921,0.0333333333333333,0.8
full_seed11_scaling_0p2_noise0p1_s13_a0p2_b0p7,11,scaling,0.2,0.1,13,0.2,1.0,0.6208333333333333,0.7253714457358704,0.0,0.7
full_seed11_scaling_0p2_noise0p1_s13_a0p3_b0p8,11,scaling,0.2,0.1,13,0.3,1.0,0.6208333333333333,0.7253714457358704,0.0,0.8
full_seed11_scaling_0p2_noise0p1_s5_a0p2_b0p7,11,scaling,0.2,0.1,5,0.2,1.0,1.0,0.8809386720402145,0.0,0.7
full_seed11_scaling_0p2_noise0p1_s5_a0p3_b0p8,11,scaling,0.2,0.1,5,0.3,1.0,1.0,0.8809386720402145,0.0,0.8
full_seed11_scaling_0p2_noise0p1_s9_a0p2_b0p7,11,scaling,0.2,0.1,9,0.2,1.0,1.0,0.8114905073050743,0.0,0.7
full_seed11_scaling_0p2_noise0p1_s9_a0p3_b0p8,11,scaling,0.2,0.1,9,0.3,1.0,1.0,0.8114905073050743,0.0,0.8
full_seed11_scaling_0p2_noise0p25_s13_a0p2_b0p7,11,scaling,0.2,0.25,13,0.2,1.0,0.5958333333333333,0.7127019269177892,0.0,0.7
full_seed11_scaling_0p2_noise0p25_s13_a0p3_b0p8,11,scaling,0.2,0.25,13,0.3,1.0,0.5958333333333333,0.7127019269177892,0.0,0.8
full_seed11_scaling_0p2_noise0p25_s5_a0p2_b0p7,11,scaling,0.2,0.25,5,0.2,1.0,0.9958333333333332,0.8640150346465987,0.0,0.7
full_seed11_scaling_0p2_noise0p25_s5_a0p3_b0p8,11,scaling,0.2,0.25,5,0.3,1.0,0.9958333333333332,0.8640150346465987,0.0,0.8
full_seed11_scaling_0p2_noise0p25_s9_a0p2_b0p7,11,scaling,0.2,0.25,9,0.2,1.0041666666666669,0.9958333333333332,0.7991887622959448,0.0041666666666666,0.7
full_seed11_scaling_0p2_noise0p25_s9_a0p3_b0p8,11,scaling,0.2,0.25,9,0.3,1.0041666666666669,0.9958333333333332,0.7991887622959448,0.0041666666666666,0.8
full_seed11_scaling_0p2_noise0p5_s13_a0p2_b0p7,11,scaling,0.2,0.5,13,0.2,1.1625,0.4875,0.6915442786892989,0.1833333333333333,0.7
full_seed11_scaling_0p2_noise0p5_s13_a0p3_b0p8,11,scaling,0.2,0.5,13,0.3,1.1625,0.4875,0.6915442786892989,0.1833333333333333,0.8
full_seed11_scaling_0p2_noise0p5_s5_a0p2_b0p7,11,scaling,0.2,0.5,5,0.2,1.0125,0.9625,0.8194047058876534,0.0125,0.7
full_seed11_scaling_0p2_noise0p5_s5_a0p3_b0p8,11,scaling,0.2,0.5,5,0.3,1.0125,0.9625,0.8194047058876534,0.0125,0.8
full_seed11_scaling_0p2_noise0p5_s9_a0p2_b0p7,11,scaling,0.2,0.5,9,0.2,1.0333333333333334,0.925,0.7655587717838199,0.0333333333333333,0.7
full_seed11_scaling_0p2_noise0p5_s9_a0p3_b0p8,11,scaling,0.2,0.5,9,0.3,1.0333333333333334,0.925,0.7655587717838199,0.0333333333333333,0.8
full_seed11_scaling_0p3_noise0p1_s13_a0p2_b0p7,11,scaling,0.3,0.1,13,0.2,1.0,0.6208333333333333,0.7232491606244582,0.0,0.7
full_seed11_scaling_0p3_noise0p1_s13_a0p3_b0p8,11,scaling,0.3,0.1,13,0.3,1.0,0.6208333333333333,0.7232491606244582,0.0,0.8
full_seed11_scaling_0p3_noise0p1_s5_a0p2_b0p7,11,scaling,0.3,0.1,5,0.2,1.0,1.0,0.8785371400559021,0.0,0.7
full_seed11_scaling_0p3_noise0p1_s5_a0p3_b0p8,11,scaling,0.3,0.1,5,0.3,1.0,1.0,0.8785371400559021,0.0,0.8
full_seed11_scaling_0p3_noise0p1_s9_a0p2_b0p7,11,scaling,0.3,0.1,9,0.2,1.0,1.0,0.8096437339354604,0.0,0.7
full_seed11_scaling_0p3_noise0p1_s9_a0p3_b0p8,11,scaling,0.3,0.1,9,0.3,1.0,1.0,0.8096437339354604,0.0,0.8
full_seed11_scaling_0p3_noise0p25_s13_a0p2_b0p7,11,scaling,0.3,0.25,13,0.2,1.0,0.5958333333333333,0.7105678733021821,0.0,0.7
full_seed11_scaling_0p3_noise0p25_s13_a0p3_b0p8,11,scaling,0.3,0.25,13,0.3,1.0,0.5958333333333333,0.7105678733021821,0.0,0.8
full_seed11_scaling_0p3_noise0p25_s5_a0p2_b0p7,11,scaling,0.3,0.25,5,0.2,1.0,0.9958333333333332,0.8620047043893971,0.0,0.7
full_seed11_scaling_0p3_noise0p25_s5_a0p3_b0p8,11,scaling,0.3,0.25,5,0.3,1.0,0.9958333333333332,0.8620047043893971,0.0,0.8
full_seed11_scaling_0p3_noise0p25_s9_a0p2_b0p7,11,scaling,0.3,0.25,9,0.2,1.0041666666666669,0.9916666666666668,0.7976108128368511,0.0041666666666666,0.7
full_seed11_scaling_0p3_noise0p25_s9_a0p3_b0p8,11,scaling,0.3,0.25,9,0.3,1.0041666666666669,0.9916666666666668,0.7976108128368511,0.0041666666666666,0.8
full_seed11_scaling_0p3_noise0p5_s13_a0p2_b0p7,11,scaling,0.3,0.5,13,0.2,1.175,0.4791666666666667,0.6901419837594036,0.1958333333333333,0.7
full_seed11_scaling_0p3_noise0p5_s13_a0p3_b0p8,11,scaling,0.3,0.5,13,0.3,1.175,0.4791666666666667,0.6901419837594036,0.1958333333333333,0.8
full_seed11_scaling_0p3_noise0p5_s5_a0p2_b0p7,11,scaling,0.3,0.5,5,0.2,1.0125,0.9666666666666668,0.8174068005367972,0.0125,0.7
full_seed11_scaling_0p3_noise0p5_s5_a0p3_b0p8,11,scaling,0.3,0.5,5,0.3,1.0125,0.9666666666666668,0.8174068005367972,0.0125,0.8
full_seed11_scaling_0p3_noise0p5_s9_a0p2_b0p7,11,scaling,0.3,0.5,9,0.2,1.0375,0.9166666666666666,0.7650611190196706,0.0375,0.7
full_seed11_scaling_0p3_noise0p5_s9_a0p3_b0p8,11,scaling,0.3,0.5,9,0.3,1.0375,0.9166666666666666,0.7650611190196706,0.0375,0.8
full_seed11_scaling_0p4_noise0p1_s13_a0p2_b0p7,11,scaling,0.4,0.1,13,0.2,1.0,0.6166666666666667,0.7214259829695002,0.0,0.7
full_seed11_scaling_0p4_noise0p1_s13_a0p3_b0p8,11,scaling,0.4,0.1,13,0.3,1.0,0.6166666666666667,0.7214259829695002,0.0,0.8
full_seed11_scaling_0p4_noise0p1_s5_a0p2_b0p7,11,scaling,0.4,0.1,5,0.2,1.0,1.0,0.8785371400559021,0.0,0.7
full_seed11_scaling_0p4_noise0p1_s5_a0p3_b0p8,11,scaling,0.4,0.1,5,0.3,1.0,1.0,0.8785371400559021,0.0,0.8
full_seed11_scaling_0p4_noise0p1_s9_a0p2_b0p7,11,scaling,0.4,0.1,9,0.2,1.0,1.0,0.8080018133204008,0.0,0.7
full_seed11_scaling_0p4_noise0p1_s9_a0p3_b0p8,11,scaling,0.4,0.1,9,0.3,1.0,1.0,0.8080018133204008,0.0,0.8
full_seed11_scaling_0p4_noise0p25_s13_a0p2_b0p7,11,scaling,0.4,0.25,13,0.2,1.0,0.5875,0.7087567442491968,0.0,0.7
full_seed11_scaling_0p4_noise0p25_s13_a0p3_b0p8,11,scaling,0.4,0.25,13,0.3,1.0,0.5875,0.7087567442491968,0.0,0.8
full_seed11_scaling_0p4_noise0p25_s5_a0p2_b0p7,11,scaling,0.4,0.25,5,0.2,1.0,0.9958333333333332,0.8620047043893971,0.0,0.7
full_seed11_scaling_0p4_noise0p25_s5_a0p3_b0p8,11,scaling,0.4,0.25,5,0.3,1.0,0.9958333333333332,0.8620047043893971,0.0,0.8
full_seed11_scaling_0p4_noise0p25_s9_a0p2_b0p7,11,scaling,0.4,0.25,9,0.2,1.0041666666666669,0.9875,0.7959241537660736,0.0041666666666666,0.7
full_seed11_scaling_0p4_noise0p25_s9_a0p3_b0p8,11,scaling,0.4,0.25,9,0.3,1.0041666666666669,0.9875,0.7959241537660736,0.0041666666666666,0.8
full_seed11_scaling_0p4_noise0p5_s13_a0p2_b0p7,11,scaling,0.4,0.5,13,0.2,1.175,0.4666666666666667,0.6882698036984504,0.1916666666666666,0.7
full_seed11_scaling_0p4_noise0p5_s13_a0p3_b0p8,11,scaling,0.4,0.5,13,0.3,1.175,0.4666666666666667,0.6882698036984504,0.1916666666666666,0.8
full_seed11_scaling_0p4_noise0p5_s5_a0p2_b0p7,11,scaling,0.4,0.5,5,0.2,1.0125,0.9666666666666668,0.8174068005367972,0.0125,0.7
full_seed11_scaling_0p4_noise0p5_s5_a0p3_b0p8,11,scaling,0.4,0.5,5,0.3,1.0125,0.9666666666666668,0.8174068005367972,0.0125,0.8
full_seed11_scaling_0p4_noise0p5_s9_a0p2_b0p7,11,scaling,0.4,0.5,9,0.2,1.0416666666666667,0.9125,0.7638006554505412,0.0416666666666666,0.7
full_seed11_scaling_0p4_noise0p5_s9_a0p3_b0p8,11,scaling,0.4,0.5,9,0.3,1.0416666666666667,0.9125,0.7638006554505412,0.0416666666666666,0.8
full_seed11_spike_0p0_noise0p1_s13_a0p2_b0p7,11,spike,0.0,0.1,13,0.2,1.0,0.6333333333333333,0.7326846019944117,0.0,0.7
full_seed11_spike_0p0_noise0p1_s13_a0p3_b0p8,11,spike,0.0,0.1,13,0.3,1.0,0.6333333333333333,0.7326846019944117,0.0,0.8
full_seed11_spike_0p0_noise0p1_s5_a0p2_b0p7,11,spike,0.0,0.1,5,0.2,1.0,1.0,0.8850613277265076,0.0,0.7
full_seed11_spike_0p0_noise0p1_s5_a0p3_b0p8,11,spike,0.0,0.1,5,0.3,1.0,1.0,0.8850613277265076,0.0,0.8
full_seed11_spike_0p0_noise0p1_s9_a0p2_b0p7,11,spike,0.0,0.1,9,0.2,1.0,1.0,0.8165911570579494,0.0,0.7
full_seed11_spike_0p0_noise0p1_s9_a0p3_b0p8,11,spike,0.0,0.1,9,0.3,1.0,1.0,0.8165911570579494,0.0,0.8
full_seed11_spike_0p0_noise0p25_s13_a0p2_b0p7,11,spike,0.0,0.25,13,0.2,1.0,0.6125,0.719529198785523,0.0,0.7
full_seed11_spike_0p0_noise0p25_s13_a0p3_b0p8,11,spike,0.0,0.25,13,0.3,1.0,0.6125,0.719529198785523,0.0,0.8
full_seed11_spike_0p0_noise0p25_s5_a0p2_b0p7,11,spike,0.0,0.25,5,0.2,1.0,0.9958333333333332,0.8670661618588066,0.0,0.7
full_seed11_spike_0p0_noise0p25_s5_a0p3_b0p8,11,spike,0.0,0.25,5,0.3,1.0,0.9958333333333332,0.8670661618588066,0.0,0.8
full_seed11_spike_0p0_noise0p25_s9_a0p2_b0p7,11,spike,0.0,0.25,9,0.2,1.0041666666666669,0.9958333333333332,0.8035126733781441,0.0041666666666666,0.7
full_seed11_spike_0p0_noise0p25_s9_a0p3_b0p8,11,spike,0.0,0.25,9,0.3,1.0041666666666669,0.9958333333333332,0.8035126733781441,0.0041666666666666,0.8
full_seed11_spike_0p0_noise0p5_s13_a0p2_b0p7,11,spike,0.0,0.5,13,0.2,1.1541666666666666,0.5083333333333333,0.6966746840310475,0.1666666666666666,0.7
full_seed11_spike_0p0_noise0p5_s13_a0p3_b0p8,11,spike,0.0,0.5,13,0.3,1.1541666666666666,0.5083333333333333,0.6966746840310475,0.1666666666666666,0.8
full_seed11_spike_0p0_noise0p5_s5_a0p2_b0p7,11,spike,0.0,0.5,5,0.2,1.0083333333333333,0.9625,0.8204247471853504,0.0083333333333333,0.7
full_seed11_spike_0p0_noise0p5_s5_a0p3_b0p8,11,spike,0.0,0.5,5,0.3,1.0083333333333333,0.9625,0.8204247471853504,0.0083333333333333,0.8
full_seed11_spike_0p0_noise0p5_s9_a0p2_b0p7,11,spike,0.0,0.5,9,0.2,1.0375,0.9333333333333332,0.7697344691069133,0.0375,0.7
full_seed11_spike_0p0_noise0p5_s9_a0p3_b0p8,11,spike,0.0,0.5,9,0.3,1.0375,0.9333333333333332,0.7697344691069133,0.0375,0.8
full_seed11_spike_0p1_noise0p1_s13_a0p2_b0p7,11,spike,0.1,0.1,13,0.2,1.4,0.6333333333333333,0.7308301361249737,0.4,0.7
full_seed11_spike_0p1_noise0p1_s13_a0p3_b0p8,11,spike,0.1,0.1,13,0.3,1.4,0.6333333333333333,0.7308301361249737,0.4,0.8
full_seed11_spike_0p1_noise0p1_s5_a0p2_b0p7,11,spike,0.1,0.1,5,0.2,1.0,1.0,0.8850613277265076,0.0,0.7
full_seed11_spike_0p1_noise0p1_s5_a0p3_b0p8,11,spike,0.1,0.1,5,0.3,1.0,1.0,0.8850613277265076,0.0,0.8
full_seed11_spike_0p1_noise0p1_s9_a0p2_b0p7,11,spike,0.1,0.1,9,0.2,1.4,1.0,0.8123172426981424,0.4,0.7
full_seed11_spike_0p1_noise0p1_s9_a0p3_b0p8,11,spike,0.1,0.1,9,0.3,1.4,1.0,0.8123172426981424,0.4,0.8
full_seed11_spike_0p1_noise0p25_s13_a0p2_b0p7,11,spike,0.1,0.25,13,0.2,1.4,0.6125,0.717451950055727,0.4,0.7
full_seed11_spike_0p1_noise0p25_s13_a0p3_b0p8,11,spike,0.1,0.25,13,0.3,1.4,0.6125,0.717451950055727,0.4,0.8
full_seed11_spike_0p1_noise0p25_s5_a0p2_b0p7,11,spike,0.1,0.25,5,0.2,1.0,0.9958333333333332,0.8670661618588066,0.0,0.7
full_seed11_spike_0p1_noise0p25_s5_a0p3_b0p8,11,spike,0.1,0.25,5,0.3,1.0,0.9958333333333332,0.8670661618588066,0.0,0.8
full_seed11_spike_0p1_noise0p25_s9_a0p2_b0p7,11,spike,0.1,0.25,9,0.2,1.4041666666666666,0.9958333333333332,0.7993462186003668,0.4041666666666667,0.7
full_seed11_spike_0p1_noise0p25_s9_a0p3_b0p8,11,spike,0.1,0.25,9,0.3,1.4041666666666666,0.9958333333333332,0.7993462186003668,0.4041666666666667,0.8
full_seed11_spike_0p1_noise0p5_s13_a0p2_b0p7,11,spike,0.1,0.5,13,0.2,1.475,0.5125,0.6955186406906134,0.5875,0.7
full_seed11_spike_0p1_noise0p5_s13_a0p3_b0p8,11,spike,0.1,0.5,13,0.3,1.475,0.5125,0.6955186406906134,0.5875,0.8
full_seed11_spike_0p1_noise0p5_s5_a0p2_b0p7,11,spike,0.1,0.5,5,0.2,1.0083333333333333,0.9625,0.8204247471853504,0.0083333333333333,0.7
full_seed11_spike_0p1_noise0p5_s5_a0p3_b0p8,11,spike,0.1,0.5,5,0.3,1.0083333333333333,0.9625,0.8204247471853504,0.0083333333333333,0.8
full_seed11_spike_0p1_noise0p5_s9_a0p2_b0p7,11,spike,0.1,0.5,9,0.2,1.4208333333333334,0.9,0.7679996272718294,0.4583333333333333,0.7
full_seed11_spike_0p1_noise0p5_s9_a0p3_b0p8,11,spike,0.1,0.5,9,0.3,1.4208333333333334,0.9,0.7679996272718294,0.4583333333333333,0.8
full_seed11_spike_0p2_noise0p1_s13_a0p2_b0p7,11,spike,0.2,0.1,13,0.2,1.4,0.6416666666666667,0.7296059477502275,1.2,0.7
full_seed11_spike_0p2_noise0p1_s13_a0p3_b0p8,11,spike,0.2,0.1,13,0.3,1.4,0.6416666666666667,0.7296059477502275,1.2,0.8
full_seed11_spike_0p2_noise0p1_s5_a0p2_b0p7,11,spike,0.2,0.1,5,0.2,1.4,1.0,0.8838887691339813,0.4,0.7
full_seed11_spike_0p2_noise0p1_s5_a0p3_b0p8,11,spike,0.2,0.1,5,0.3,1.4,1.0,0.8838887691339813,0.4,0.8
full_seed11_spike_0p2_noise0p1_s9_a0p2_b0p7,11,spike,0.2,0.1,9,0.2,1.4,1.0,0.8072648152999953,0.8,0.7
full_seed11_spike_0p2_noise0p1_s9_a0p3_b0p8,11,spike,0.2,0.1,9,0.3,1.4,1.0,0.8072648152999953,0.8,0.8
full_seed11_spike_0p2_noise0p25_s13_a0p2_b0p7,11,spike,0.2,0.25,13,0.2,1.4041666666666666,0.6166666666666667,0.7156451447993355,1.2041666666666666,0.7
full_seed11_spike_0p2_noise0p25_s13_a0p3_b0p8,11,spike,0.2,0.25,13,0.3,1.4041666666666666,0.6166666666666667,0.7156451447993355,1.2041666666666666,0.8
full_seed11_spike_0p2_noise0p25_s5_a0p2_b0p7,11,spike,0.2,0.25,5,0.2,1.4,0.9958333333333332,0.8649742742200603,0.4,0.7
full_seed11_spike_0p2_noise0p25_s5_a0p3_b0p8,11,spike,0.2,0.25,5,0.3,1.4,0.9958333333333332,0.8649742742200603,0.4,0.8
full_seed11_spike_0p2_noise0p25_s9_a0p2_b0p7,11,spike,0.2,0.25,9,0.2,1.4041666666666666,0.9875,0.7946489525622437,0.8041666666666667,0.7
full_seed11_spike_0p2_noise0p25_s9_a0p3_b0p8,11,spike,0.2,0.25,9,0.3,1.4041666666666666,0.9875,0.7946489525622437,0.8041666666666667,0.8
full_seed11_spike_0p2_noise0p5_s13_a0p2_b0p7,11,spike,0.2,0.5,13,0.2,1.4791666666666667,0.5208333333333334,0.6964763066164384,1.45,0.7
full_seed11_spike_0p2_noise0p5_s13_a0p3_b0p8,11,spike,0.2,0.5,13,0.3,1.4791666666666667,0.5208333333333334,0.6964763066164384,1.45,0.8
full_seed11_spike_0p2_noise0p5_s5_a0p2_b0p7,11,spike,0.2,0.5,5,0.2,1.4083333333333334,0.9625,0.819173756742411,0.4208333333333333,0.7
full_seed11_spike_0p2_noise0p5_s5_a0p3_b0p8,11,spike,0.2,0.5,5,0.3,1.4083333333333334,0.9625,0.819173756742411,0.4208333333333333,0.8
full_seed11_spike_0p2_noise0p5_s9_a0p2_b0p7,11,spike,0.2,0.5,9,0.2,1.4208333333333334,0.8625,0.7650300762806507,0.8666666666666667,0.7
full_seed11_spike_0p2_noise0p5_s9_a0p3_b0p8,11,spike,0.2,0.5,9,0.3,1.4208333333333334,0.8625,0.7650300762806507,0.8666666666666667,0.8
full_seed11_spike_0p3_noise0p1_s13_a0p2_b0p7,11,spike,0.3,0.1,13,0.2,1.4041666666666666,0.6583333333333333,0.7312770210675892,1.6041666666666667,0.7
full_seed11_spike_0p3_noise0p1_s13_a0p3_b0p8,11,spike,0.3,0.1,13,0.3,1.4041666666666666,0.6583333333333333,0.7312770210675892,1.6041666666666667,0.8
full_seed11_spike_0p3_noise0p1_s5_a0p2_b0p7,11,spike,0.3,0.1,5,0.2,1.4,1.0,0.8830445215565218,0.8,0.7
full_seed11_spike_0p3_noise0p1_s5_a0p3_b0p8,11,spike,0.3,0.1,5,0.3,1.4,1.0,0.8830445215565218,0.8,0.8
full_seed11_spike_0p3_noise0p1_s9_a0p2_b0p7,11,spike,0.3,0.1,9,0.2,1.4,1.0,0.8008354398434747,1.2,0.7
full_seed11_spike_0p3_noise0p1_s9_a0p3_b0p8,11,spike,0.3,0.1,9,0.3,1.4,1.0,0.8008354398434747,1.2,0.8
full_seed11_spike_0p3_noise0p25_s13_a0p2_b0p7,11,spike,0.3,0.25,13,0.2,1.4083333333333334,0.6291666666666667,0.7166443676503353,1.6083333333333334,0.7
full_seed11_spike_0p3_noise0p25_s13_a0p3_b0p8,11,spike,0.3,0.25,13,0.3,1.4083333333333334,0.6291666666666667,0.7166443676503353,1.6083333333333334,0.8
full_seed11_spike_0p3_noise0p25_s5_a0p2_b0p7,11,spike,0.3,0.25,5,0.2,1.3958333333333333,0.9916666666666668,0.8618568270870703,0.7916666666666666,0.7
full_seed11_spike_0p3_noise0p25_s5_a0p3_b0p8,11,spike,0.3,0.25,5,0.3,1.3958333333333333,0.9916666666666668,0.8618568270870703,0.7916666666666666,0.8
full_seed11_spike_0p3_noise0p25_s9_a0p2_b0p7,11,spike,0.3,0.25,9,0.2,1.4041666666666666,0.9708333333333332,0.7893348361105158,1.2041666666666666,0.7
full_seed11_spike_0p3_noise0p25_s9_a0p3_b0p8,11,spike,0.3,0.25,9,0.3,1.4041666666666666,0.9708333333333332,0.7893348361105158,1.2041666666666666,0.8
full_seed11_spike_0p3_noise0p5_s13_a0p2_b0p7,11,spike,0.3,0.5,13,0.2,1.4875,0.4958333333333333,0.6975457179379142,1.875,0.7
full_seed11_spike_0p3_noise0p5_s13_a0p3_b0p8,11,spike,0.3,0.5,13,0.3,1.4875,0.4958333333333333,0.6975457179379142,1.875,0.8
full_seed11_spike_0p3_noise0p5_s5_a0p2_b0p7,11,spike,0.3,0.5,5,0.2,1.3458333333333334,0.9,0.7866220238113134,0.6833333333333333,0.7
full_seed11_spike_0p3_noise0p5_s5_a0p3_b0p8,11,spike,0.3,0.5,5,0.3,1.3458333333333334,0.9,0.7866220238113134,0.6833333333333333,0.8
full_seed11_spike_0p3_noise0p5_s9_a0p2_b0p7,11,spike,0.3,0.5,9,0.2,1.4208333333333334,0.8583333333333333,0.7679549619043712,1.3083333333333331,0.7
full_seed11_spike_0p3_noise0p5_s9_a0p3_b0p8,11,spike,0.3,0.5,9,0.3,1.4208333333333334,0.8583333333333333,0.7679549619043712,1.3083333333333331,0.8
full_seed11_spike_0p4_noise0p1_s13_a0p2_b0p7,11,spike,0.4,0.1,13,0.2,1.4083333333333334,0.6916666666666667,0.7365034879202034,2.004166666666667,0.7
full_seed11_spike_0p4_noise0p1_s13_a0p3_b0p8,11,spike,0.4,0.1,13,0.3,1.4083333333333334,0.6916666666666667,0.7365034879202034,2.004166666666667,0.8
full_seed11_spike_0p4_noise0p1_s5_a0p2_b0p7,11,spike,0.4,0.1,5,0.2,1.4,1.0,0.8830445215565218,0.8,0.7
full_seed11_spike_0p4_noise0p1_s5_a0p3_b0p8,11,spike,0.4,0.1,5,0.3,1.4,1.0,0.8830445215565218,0.8,0.8
full_seed11_spike_0p4_noise0p1_s9_a0p2_b0p7,11,spike,0.4,0.1,9,0.2,1.4,0.9708333333333332,0.7911737912517413,1.6,0.7
full_seed11_spike_0p4_noise0p1_s9_a0p3_b0p8,11,spike,0.4,0.1,9,0.3,1.4,0.9708333333333332,0.7911737912517413,1.6,0.8
full_seed11_spike_0p4_noise0p25_s13_a0p2_b0p7,11,spike,0.4,0.25,13,0.2,1.4083333333333334,0.65,0.7211376821890378,2.0125,0.7
full_seed11_spike_0p4_noise0p25_s13_a0p3_b0p8,11,spike,0.4,0.25,13,0.3,1.4083333333333334,0.65,0.7211376821890378,2.0125,0.8
full_seed11_spike_0p4_noise0p25_s5_a0p2_b0p7,11,spike,0.4,0.25,5,0.2,1.3958333333333333,0.9916666666666668,0.8618568270870703,0.7916666666666666,0.7
full_seed11_spike_0p4_noise0p25_s5_a0p3_b0p8,11,spike,0.4,0.25,5,0.3,1.3958333333333333,0.9916666666666668,0.8618568270870703,0.7916666666666666,0.8
full_seed11_spike_0p4_noise0p25_s9_a0p2_b0p7,11,spike,0.4,0.25,9,0.2,1.4041666666666666,0.9041666666666668,0.7826140864101278,1.6208333333333331,0.7
full_seed11_spike_0p4_noise0p25_s9_a0p3_b0p8,11,spike,0.4,0.25,9,0.3,1.4041666666666666,0.9041666666666668,0.7826140864101278,1.6208333333333331,0.8
full_seed11_spike_0p4_noise0p5_s13_a0p2_b0p7,11,spike,0.4,0.5,13,0.2,1.4875,0.55,0.7036801624191653,2.325,0.7
full_seed11_spike_0p4_noise0p5_s13_a0p3_b0p8,11,spike,0.4,0.5,13,0.3,1.4875,0.55,0.7036801624191653,2.325,0.8
full_seed11_spike_0p4_noise0p5_s5_a0p2_b0p7,11,spike,0.4,0.5,5,0.2,1.3458333333333334,0.9,0.7866220238113134,0.6833333333333333,0.7
full_seed11_spike_0p4_noise0p5_s5_a0p3_b0p8,11,spike,0.4,0.5,5,0.3,1.3458333333333334,0.9,0.7866220238113134,0.6833333333333333,0.8
full_seed11_spike_0p4_noise0p5_s9_a0p2_b0p7,11,spike,0.4,0.5,9,0.2,1.4166666666666667,0.8333333333333334,0.7662601835696596,1.7583333333333333,0.7
full_seed11_spike_0p4_noise0p5_s9_a0p3_b0p8,11,spike,0.4,0.5,9,0.3,1.4166666666666667,0.8333333333333334,0.7662601835696596,1.7583333333333333,0.8
full_seed42_bias_0p0_noise0p1_s13_a0p2_b0p7,42,bias,0.0,0.1,13,0.2,1.0,0.6291666666666667,0.7327074056031726,0.0,0.7
full_seed42_bias_0p0_noise0p1_s13_a0p3_b0p8,42,bias,0.0,0.1,13,0.3,1.0,0.6291666666666667,0.7327074056031726,0.0,0.8
full_seed42_bias_0p0_noise0p1_s5_a0p2_b0p7,42,bias,0.0,0.1,5,0.2,1.0,1.0,0.886459916122894,0.0,0.7
full_seed42_bias_0p0_noise0p1_s5_a0p3_b0p8,42,bias,0.0,0.1,5,0.3,1.0,1.0,0.886459916122894,0.0,0.8
full_seed42_bias_0p0_noise0p1_s9_a0p2_b0p7,42,bias,0.0,0.1,9,0.2,1.0,1.0,0.8165070868794124,0.0,0.7
full_seed42_bias_0p0_noise0p1_s9_a0p3_b0p8,42,bias,0.0,0.1,9,0.3,1.0,1.0,0.8165070868794124,0.0,0.8
full_seed42_bias_0p0_noise0p25_s13_a0p2_b0p7,42,bias,0.0,0.25,13,0.2,1.0,0.5833333333333334,0.7194763352304356,0.0,0.7
full_seed42_bias_0p0_noise0p25_s13_a0p3_b0p8,42,bias,0.0,0.25,13,0.3,1.0,0.5833333333333334,0.7194763352304356,0.0,0.8
full_seed42_bias_0p0_noise0p25_s5_a0p2_b0p7,42,bias,0.0,0.25,5,0.2,1.0,0.9958333333333332,0.870575060587834,0.0,0.7
full_seed42_bias_0p0_noise0p25_s5_a0p3_b0p8,42,bias,0.0,0.25,5,0.3,1.0,0.9958333333333332,0.870575060587834,0.0,0.8
full_seed42_bias_0p0_noise0p25_s9_a0p2_b0p7,42,bias,0.0,0.25,9,0.2,1.0,0.9916666666666668,0.8026484763129607,0.0,0.7
full_seed42_bias_0p0_noise0p25_s9_a0p3_b0p8,42,bias,0.0,0.25,9,0.3,1.0,0.9916666666666668,0.8026484763129607,0.0,0.8
full_seed42_bias_0p0_noise0p5_s13_a0p2_b0p7,42,bias,0.0,0.5,13,0.2,1.1708333333333334,0.5,0.6972664702296207,0.1833333333333333,0.7
full_seed42_bias_0p0_noise0p5_s13_a0p3_b0p8,42,bias,0.0,0.5,13,0.3,1.1708333333333334,0.5,0.6972664702296207,0.1833333333333333,0.8
full_seed42_bias_0p0_noise0p5_s5_a0p2_b0p7,42,bias,0.0,0.5,5,0.2,1.0166666666666666,0.9666666666666668,0.8268670853006412,0.0166666666666666,0.7
full_seed42_bias_0p0_noise0p5_s5_a0p3_b0p8,42,bias,0.0,0.5,5,0.3,1.0166666666666666,0.9666666666666668,0.8268670853006412,0.0166666666666666,0.8
full_seed42_bias_0p0_noise0p5_s9_a0p2_b0p7,42,bias,0.0,0.5,9,0.2,1.05,0.9125,0.7693062434138663,0.05,0.7
full_seed42_bias_0p0_noise0p5_s9_a0p3_b0p8,42,bias,0.0,0.5,9,0.3,1.05,0.9125,0.7693062434138663,0.05,0.8
full_seed42_bias_0p1_noise0p1_s13_a0p2_b0p7,42,bias,0.1,0.1,13,0.2,1.3791666666666669,0.6083333333333333,0.727628898097104,0.3791666666666666,0.7
full_seed42_bias_0p1_noise0p1_s13_a0p3_b0p8,42,bias,0.1,0.1,13,0.3,1.3791666666666669,0.6083333333333333,0.727628898097104,0.3791666666666666,0.8
full_seed42_bias_0p1_noise0p1_s5_a0p2_b0p7,42,bias,0.1,0.1,5,0.2,1.0,1.0,0.886459916122894,0.0,0.7
full_seed42_bias_0p1_noise0p1_s5_a0p3_b0p8,42,bias,0.1,0.1,5,0.3,1.0,1.0,0.886459916122894,0.0,0.8
full_seed42_bias_0p1_noise0p1_s9_a0p2_b0p7,42,bias,0.1,0.1,9,0.2,1.3125,0.9125,0.7977661209169528,0.3125,0.7
full_seed42_bias_0p1_noise0p1_s9_a0p3_b0p8,42,bias,0.1,0.1,9,0.3,1.3125,0.9125,0.7977661209169528,0.3125,0.8
full_seed42_bias_0p1_noise0p25_s13_a0p2_b0p7,42,bias,0.1,0.25,13,0.2,1.3333333333333333,0.5208333333333334,0.7086806084896344,0.3333333333333333,0.7
full_seed42_bias_0p1_noise0p25_s13_a0p3_b0p8,42,bias,0.1,0.25,13,0.3,1.3333333333333333,0.5208333333333334,0.7086806084896344,0.3333333333333333,0.8
full_seed42_bias_0p1_noise0p25_s5_a0p2_b0p7,42,bias,0.1,0.25,5,0.2,1.0,0.9958333333333332,0.870575060587834,0.0,0.7
full_seed42_bias_0p1_noise0p25_s5_a0p3_b0p8,42,bias,0.1,0.25,5,0.3,1.0,0.9958333333333332,0.870575060587834,0.0,0.8
full_seed42_bias_0p1_noise0p25_s9_a0p2_b0p7,42,bias,0.1,0.25,9,0.2,1.2416666666666667,0.825,0.7726127073838552,0.2416666666666666,0.7
full_seed42_bias_0p1_noise0p25_s9_a0p3_b0p8,42,bias,0.1,0.25,9,0.3,1.2416666666666667,0.825,0.7726127073838552,0.2416666666666666,0.8
full_seed42_bias_0p1_noise0p5_s13_a0p2_b0p7,42,bias,0.1,0.5,13,0.2,1.4,0.4333333333333333,0.6849244259654473,0.5041666666666667,0.7
full_seed42_bias_0p1_noise0p5_s13_a0p3_b0p8,42,bias,0.1,0.5,13,0.3,1.4,0.4333333333333333,0.6849244259654473,0.5041666666666667,0.8
full_seed42_bias_0p1_noise0p5_s5_a0p2_b0p7,42,bias,0.1,0.5,5,0.2,1.0166666666666666,0.9666666666666668,0.8268670853006412,0.0166666666666666,0.7
full_seed42_bias_0p1_noise0p5_s5_a0p3_b0p8,42,bias,0.1,0.5,5,0.3,1.0166666666666666,0.9666666666666668,0.8268670853006412,0.0166666666666666,0.8
full_seed42_bias_0p1_noise0p5_s9_a0p2_b0p7,42,bias,0.1,0.5,9,0.2,1.2916666666666667,0.7666666666666667,0.7429179791709563,0.3041666666666666,0.7
full_seed42_bias_0p1_noise0p5_s9_a0p3_b0p8,42,bias,0.1,0.5,9,0.3,1.2916666666666667,0.7666666666666667,0.7429179791709563,0.3041666666666666,0.8
full_seed42_bias_0p2_noise0p1_s13_a0p2_b0p7,42,bias,0.2,0.1,13,0.2,1.2208333333333334,0.4625,0.6486721936525558,0.3291666666666666,0.7
full_seed42_bias_0p2_noise0p1_s13_a0p3_b0p8,42,bias,0.2,0.1,13,0.3,1.2208333333333334,0.4625,0.6486721936525558,0.3291666666666666,0.8
full_seed42_bias_0p2_noise0p1_s5_a0p2_b0p7,42,bias,0.2,0.1,5,0.2,1.2791666666666666,0.8791666666666667,0.8473878515309413,0.2791666666666667,0.7
full_seed42_bias_0p2_noise0p1_s5_a0p3_b0p8,42,bias,0.2,0.1,5,0.3,1.2791666666666666,0.8791666666666667,0.8473878515309413,0.2791666666666667,0.8
full_seed42_bias_0p2_noise0p1_s9_a0p2_b0p7,42,bias,0.2,0.1,9,0.2,1.225,0.7208333333333333,0.7304194947355358,0.2583333333333333,0.7
full_seed42_bias_0p2_noise0p1_s9_a0p3_b0p8,42,bias,0.2,0.1,9,0.3,1.225,0.7208333333333333,0.7304194947355358,0.2583333333333333,0.8
full_seed42_bias_0p2_noise0p25_s13_a0p2_b0p7,42,bias,0.2,0.25,13,0.2,1.2875,0.425,0.6426400245375989,0.4166666666666667,0.7
full_seed42_bias_0p2_noise0p25_s13_a0p3_b0p8,42,bias,0.2,0.25,13,0.3,1.2875,0.425,0.6426400245375989,0.4166666666666667,0.8
full_seed42_bias_0p2_noise0p25_s5_a0p2_b0p7,42,bias,0.2,0.25,5,0.2,1.2375,0.8333333333333334,0.8186034056589604,0.2375,0.7
full_seed42_bias_0p2_noise0p25_s5_a0p3_b0p8,42,bias,0.2,0.25,5,0.3,1.2375,0.8333333333333334,0.8186034056589604,0.2375,0.8
full_seed42_bias_0p2_noise0p25_s9_a0p2_b0p7,42,bias,0.2,0.25,9,0.2,1.2583333333333333,0.7125,0.7235807012149335,0.2958333333333333,0.7
full_seed42_bias_0p2_noise0p25_s9_a0p3_b0p8,42,bias,0.2,0.25,9,0.3,1.2583333333333333,0.7125,0.7235807012149335,0.2958333333333333,0.8
full_seed42_bias_0p2_noise0p5_s13_a0p2_b0p7,42,bias,0.2,0.5,13,0.2,1.5458333333333334,0.375,0.6381136215283223,0.8916666666666667,0.7
full_seed42_bias_0p2_noise0p5_s13_a0p3_b0p8,42,bias,0.2,0.5,13,0.3,1.5458333333333334,0.375,0.6381136215283223,0.8916666666666667,0.8
full_seed42_bias_0p2_noise0p5_s5_a0p2_b0p7,42,bias,0.2,0.5,5,0.2,1.2416666666666667,0.8,0.7770029113471418,0.2458333333333333,0.7
full_seed42_bias_0p2_noise0p5_s5_a0p3_b0p8,42,bias,0.2,0.5,5,0.3,1.2416666666666667,0.8,0.7770029113471418,0.2458333333333333,0.8
full_seed42_bias_0p2_noise0p5_s9_a0p2_b0p7,42,bias,0.2,0.5,9,0.2,1.3708333333333331,0.7041666666666667,0.7118232421309634,0.4625,0.7
full_seed42_bias_0p2_noise0p5_s9_a0p3_b0p8,42,bias,0.2,0.5,9,0.3,1.3708333333333331,0.7041666666666667,0.7118232421309634,0.4625,0.8
full_seed42_bias_0p3_noise0p1_s13_a0p2_b0p7,42,bias,0.3,0.1,13,0.2,1.05,0.4333333333333333,0.6144212345689513,0.1208333333333333,0.7
full_seed42_bias_0p3_noise0p1_s13_a0p3_b0p8,42,bias,0.3,0.1,13,0.3,1.05,0.4333333333333333,0.6144212345689513,0.1208333333333333,0.8
full_seed42_bias_0p3_noise0p1_s5_a0p2_b0p7,42,bias,0.3,0.1,5,0.2,1.0416666666666667,0.625,0.6980793872949621,0.0541666666666666,0.7
full_seed42_bias_0p3_noise0p1_s5_a0p3_b0p8,42,bias,0.3,0.1,5,0.3,1.0416666666666667,0.625,0.6980793872949621,0.0541666666666666,0.8
full_seed42_bias_0p3_noise0p1_s9_a0p2_b0p7,42,bias,0.3,0.1,9,0.2,1.0541666666666667,0.6208333333333333,0.6682080615183147,0.0958333333333333,0.7
full_seed42_bias_0p3_noise0p1_s9_a0p3_b0p8,42,bias,0.3,0.1,9,0.3,1.0541666666666667,0.6208333333333333,0.6682080615183147,0.0958333333333333,0.8
full_seed42_bias_0p3_noise0p25_s13_a0p2_b0p7,42,bias,0.3,0.25,13,0.2,1.125,0.3916666666666666,0.6063474533154017,0.2291666666666666,0.7
full_seed42_bias_0p3_noise0p25_s13_a0p3_b0p8,42,bias,0.3,0.25,13,0.3,1.125,0.3916666666666666,0.6063474533154017,0.2291666666666666,0.8
full_seed42_bias_0p3_noise0p25_s5_a0p2_b0p7,42,bias,0.3,0.25,5,0.2,1.0625,0.6291666666666667,0.6928437602483956,0.0833333333333333,0.7
full_seed42_bias_0p3_noise0p25_s5_a0p3_b0p8,42,bias,0.3,0.25,5,0.3,1.0625,0.6291666666666667,0.6928437602483956,0.0833333333333333,0.8
full_seed42_bias_0p3_noise0p25_s9_a0p2_b0p7,42,bias,0.3,0.25,9,0.2,1.1,0.6041666666666666,0.6608624286606275,0.1416666666666666,0.7
full_seed42_bias_0p3_noise0p25_s9_a0p3_b0p8,42,bias,0.3,0.25,9,0.3,1.1,0.6041666666666666,0.6608624286606275,0.1416666666666666,0.8
full_seed42_bias_0p3_noise0p5_s13_a0p2_b0p7,42,bias,0.3,0.5,13,0.2,1.4583333333333333,0.3458333333333333,0.6001964405149908,0.7458333333333333,0.7
full_seed42_bias_0p3_noise0p5_s13_a0p3_b0p8,42,bias,0.3,0.5,13,0.3,1.4583333333333333,0.3458333333333333,0.6001964405149908,0.7458333333333333,0.8
full_seed42_bias_0p3_noise0p5_s5_a0p2_b0p7,42,bias,0.3,0.5,5,0.2,1.2208333333333334,0.6625,0.6945752400037807,0.2416666666666666,0.7
full_seed42_bias_0p3_noise0p5_s5_a0p3_b0p8,42,bias,0.3,0.5,5,0.3,1.2208333333333334,0.6625,0.6945752400037807,0.2416666666666666,0.8
full_seed42_bias_0p3_noise0p5_s9_a0p2_b0p7,42,bias,0.3,0.5,9,0.2,1.2958333333333334,0.5875,0.6561860111535005,0.425,0.7
full_seed42_bias_0p3_noise0p5_s9_a0p3_b0p8,42,bias,0.3,0.5,9,0.3,1.2958333333333334,0.5875,0.6561860111535005,0.425,0.8
full_seed42_bias_0p4_noise0p1_s13_a0p2_b0p7,42,bias,0.4,0.1,13,0.2,1.0375,0.4416666666666666,0.604152523778373,0.1166666666666666,0.7
full_seed42_bias_0p4_noise0p1_s13_a0p3_b0p8,42,bias,0.4,0.1,13,0.3,1.0375,0.4416666666666666,0.604152523778373,0.1166666666666666,0.8
full_seed42_bias_0p4_noise0p1_s5_a0p2_b0p7,42,bias,0.4,0.1,5,0.2,1.0416666666666667,0.625,0.6980793872949621,0.0541666666666666,0.7
full_seed42_bias_0p4_noise0p1_s5_a0p3_b0p8,42,bias,0.4,0.1,5,0.3,1.0416666666666667,0.625,0.6980793872949621,0.0541666666666666,0.8
full_seed42_bias_0p4_noise0p1_s9_a0p2_b0p7,42,bias,0.4,0.1,9,0.2,1.0291666666666666,0.6083333333333333,0.648146776093469,0.0708333333333333,0.7
full_seed42_bias_0p4_noise0p1_s9_a0p3_b0p8,42,bias,0.4,0.1,9,0.3,1.0291666666666666,0.6083333333333333,0.648146776093469,0.0708333333333333,0.8
full_seed42_bias_0p4_noise0p25_s13_a0p2_b0p7,42,bias,0.4,0.25,13,0.2,1.0958333333333334,0.3875,0.592866654348853,0.2041666666666666,0.7
full_seed42_bias_0p4_noise0p25_s13_a0p3_b0p8,42,bias,0.4,0.25,13,0.3,1.0958333333333334,0.3875,0.592866654348853,0.2041666666666666,0.8
full_seed42_bias_0p4_noise0p25_s5_a0p2_b0p7,42,bias,0.4,0.25,5,0.2,1.0625,0.6291666666666667,0.6928437602483956,0.0833333333333333,0.7
full_seed42_bias_0p4_noise0p25_s5_a0p3_b0p8,42,bias,0.4,0.25,5,0.3,1.0625,0.6291666666666667,0.6928437602483956,0.0833333333333333,0.8
full_seed42_bias_0p4_noise0p25_s9_a0p2_b0p7,42,bias,0.4,0.25,9,0.2,1.0625,0.6,0.6411545332202875,0.1041666666666666,0.7
full_seed42_bias_0p4_noise0p25_s9_a0p3_b0p8,42,bias,0.4,0.25,9,0.3,1.0625,0.6,0.6411545332202875,0.1041666666666666,0.8
full_seed42_bias_0p4_noise0p5_s13_a0p2_b0p7,42,bias,0.4,0.5,13,0.2,1.3958333333333333,0.3291666666666666,0.5790108452298942,0.6791666666666667,0.7
full_seed42_bias_0p4_noise0p5_s13_a0p3_b0p8,42,bias,0.4,0.5,13,0.3,1.3958333333333333,0.3291666666666666,0.5790108452298942,0.6791666666666667,0.8
full_seed42_bias_0p4_noise0p5_s5_a0p2_b0p7,42,bias,0.4,0.5,5,0.2,1.2208333333333334,0.6625,0.6945752400037807,0.2416666666666666,0.7
full_seed42_bias_0p4_noise0p5_s5_a0p3_b0p8,42,bias,0.4,0.5,5,0.3,1.2208333333333334,0.6625,0.6945752400037807,0.2416666666666666,0.8
full_seed42_bias_0p4_noise0p5_s9_a0p2_b0p7,42,bias,0.4,0.5,9,0.2,1.2291666666666667,0.5708333333333333,0.6297102613305915,0.3375,0.7
full_seed42_bias_0p4_noise0p5_s9_a0p3_b0p8,42,bias,0.4,0.5,9,0.3,1.2291666666666667,0.5708333333333333,0.6297102613305915,0.3375,0.8
full_seed42_drift_0p0_noise0p1_s13_a0p2_b0p7,42,drift,0.0,0.1,13,0.2,1.0,0.6291666666666667,0.7327074056031726,0.0,0.7
full_seed42_drift_0p0_noise0p1_s13_a0p3_b0p8,42,drift,0.0,0.1,13,0.3,1.0,0.6291666666666667,0.7327074056031726,0.0,0.8
full_seed42_drift_0p0_noise0p1_s5_a0p2_b0p7,42,drift,0.0,0.1,5,0.2,1.0,1.0,0.886459916122894,0.0,0.7
full_seed42_drift_0p0_noise0p1_s5_a0p3_b0p8,42,drift,0.0,0.1,5,0.3,1.0,1.0,0.886459916122894,0.0,0.8
full_seed42_drift_0p0_noise0p1_s9_a0p2_b0p7,42,drift,0.0,0.1,9,0.2,1.0,1.0,0.8165070868794124,0.0,0.7
full_seed42_drift_0p0_noise0p1_s9_a0p3_b0p8,42,drift,0.0,0.1,9,0.3,1.0,1.0,0.8165070868794124,0.0,0.8
full_seed42_drift_0p0_noise0p25_s13_a0p2_b0p7,42,drift,0.0,0.25,13,0.2,1.0,0.5833333333333334,0.7194763352304356,0.0,0.7
full_seed42_drift_0p0_noise0p25_s13_a0p3_b0p8,42,drift,0.0,0.25,13,0.3,1.0,0.5833333333333334,0.7194763352304356,0.0,0.8
full_seed42_drift_0p0_noise0p25_s5_a0p2_b0p7,42,drift,0.0,0.25,5,0.2,1.0,0.9958333333333332,0.870575060587834,0.0,0.7
full_seed42_drift_0p0_noise0p25_s5_a0p3_b0p8,42,drift,0.0,0.25,5,0.3,1.0,0.9958333333333332,0.870575060587834,0.0,0.8
full_seed42_drift_0p0_noise0p25_s9_a0p2_b0p7,42,drift,0.0,0.25,9,0.2,1.0,0.9916666666666668,0.8026484763129607,0.0,0.7
full_seed42_drift_0p0_noise0p25_s9_a0p3_b0p8,42,drift,0.0,0.25,9,0.3,1.0,0.9916666666666668,0.8026484763129607,0.0,0.8
full_seed42_drift_0p0_noise0p5_s13_a0p2_b0p7,42,drift,0.0,0.5,13,0.2,1.1708333333333334,0.5,0.6972664702296207,0.1833333333333333,0.7
full_seed42_drift_0p0_noise0p5_s13_a0p3_b0p8,42,drift,0.0,0.5,13,0.3,1.1708333333333334,0.5,0.6972664702296207,0.1833333333333333,0.8
full_seed42_drift_0p0_noise0p5_s5_a0p2_b0p7,42,drift,0.0,0.5,5,0.2,1.0166666666666666,0.9666666666666668,0.8268670853006412,0.0166666666666666,0.7
full_seed42_drift_0p0_noise0p5_s5_a0p3_b0p8,42,drift,0.0,0.5,5,0.3,1.0166666666666666,0.9666666666666668,0.8268670853006412,0.0166666666666666,0.8
full_seed42_drift_0p0_noise0p5_s9_a0p2_b0p7,42,drift,0.0,0.5,9,0.2,1.05,0.9125,0.7693062434138663,0.05,0.7
full_seed42_drift_0p0_noise0p5_s9_a0p3_b0p8,42,drift,0.0,0.5,9,0.3,1.05,0.9125,0.7693062434138663,0.05,0.8
full_seed42_drift_0p1_noise0p1_s13_a0p2_b0p7,42,drift,0.1,0.1,13,0.2,1.0041666666666669,0.5833333333333334,0.7157941143089808,0.0041666666666666,0.7
full_seed42_drift_0p1_noise0p1_s13_a0p3_b0p8,42,drift,0.1,0.1,13,0.3,1.0041666666666669,0.5833333333333334,0.7157941143089808,0.0041666666666666,0.8
full_seed42_drift_0p1_noise0p1_s5_a0p2_b0p7,42,drift,0.1,0.1,5,0.2,1.0,1.0,0.886459916122894,0.0,0.7
full_seed42_drift_0p1_noise0p1_s5_a0p3_b0p8,42,drift,0.1,0.1,5,0.3,1.0,1.0,0.886459916122894,0.0,0.8
full_seed42_drift_0p1_noise0p1_s9_a0p2_b0p7,42,drift,0.1,0.1,9,0.2,1.0,0.9041666666666668,0.7925681770989493,0.0,0.7
full_seed42_drift_0p1_noise0p1_s9_a0p3_b0p8,42,drift,0.1,0.1,9,0.3,1.0,0.9041666666666668,0.7925681770989493,0.0,0.8
full_seed42_drift_0p1_noise0p25_s13_a0p2_b0p7,42,drift,0.1,0.25,13,0.2,1.0083333333333333,0.5125,0.7033724843366066,0.0083333333333333,0.7
full_seed42_drift_0p1_noise0p25_s13_a0p3_b0p8,42,drift,0.1,0.25,13,0.3,1.0083333333333333,0.5125,0.7033724843366066,0.0083333333333333,0.8
full_seed42_drift_0p1_noise0p25_s5_a0p2_b0p7,42,drift,0.1,0.25,5,0.2,1.0,0.9958333333333332,0.870575060587834,0.0,0.7
full_seed42_drift_0p1_noise0p25_s5_a0p3_b0p8,42,drift,0.1,0.25,5,0.3,1.0,0.9958333333333332,0.870575060587834,0.0,0.8
full_seed42_drift_0p1_noise0p25_s9_a0p2_b0p7,42,drift,0.1,0.25,9,0.2,1.0125,0.8916666666666667,0.7812743978679607,0.0125,0.7
full_seed42_drift_0p1_noise0p25_s9_a0p3_b0p8,42,drift,0.1,0.25,9,0.3,1.0125,0.8916666666666667,0.7812743978679607,0.0125,0.8
full_seed42_drift_0p1_noise0p5_s13_a0p2_b0p7,42,drift,0.1,0.5,13,0.2,1.2,0.4541666666666666,0.6847189016567631,0.2291666666666666,0.7
full_seed42_drift_0p1_noise0p5_s13_a0p3_b0p8,42,drift,0.1,0.5,13,0.3,1.2,0.4541666666666666,0.6847189016567631,0.2291666666666666,0.8
full_seed42_drift_0p1_noise0p5_s5_a0p2_b0p7,42,drift,0.1,0.5,5,0.2,1.0166666666666666,0.9666666666666668,0.8268670853006412,0.0166666666666666,0.7
full_seed42_drift_0p1_noise0p5_s5_a0p3_b0p8,42,drift,0.1,0.5,5,0.3,1.0166666666666666,0.9666666666666668,0.8268670853006412,0.0166666666666666,0.8
full_seed42_drift_0p1_noise0p5_s9_a0p2_b0p7,42,drift,0.1,0.5,9,0.2,1.075,0.7916666666666666,0.7520155962057484,0.075,0.7
full_seed42_drift_0p1_noise0p5_s9_a0p3_b0p8,42,drift,0.1,0.5,9,0.3,1.075,0.7916666666666666,0.7520155962057484,0.075,0.8
full_seed42_drift_0p2_noise0p1_s13_a0p2_b0p7,42,drift,0.2,0.1,13,0.2,1.0,0.475,0.6892575718058429,0.0,0.7
full_seed42_drift_0p2_noise0p1_s13_a0p3_b0p8,42,drift,0.2,0.1,13,0.3,1.0,0.475,0.6892575718058429,0.0,0.8
full_seed42_drift_0p2_noise0p1_s5_a0p2_b0p7,42,drift,0.2,0.1,5,0.2,1.0,0.9125,0.8441481029243857,0.0,0.7
full_seed42_drift_0p2_noise0p1_s5_a0p3_b0p8,42,drift,0.2,0.1,5,0.3,1.0,0.9125,0.8441481029243857,0.0,0.8
full_seed42_drift_0p2_noise0p1_s9_a0p2_b0p7,42,drift,0.2,0.1,9,0.2,1.0,0.8333333333333334,0.7748462026601598,0.0,0.7
full_seed42_drift_0p2_noise0p1_s9_a0p3_b0p8,42,drift,0.2,0.1,9,0.3,1.0,0.8333333333333334,0.7748462026601598,0.0,0.8
full_seed42_drift_0p2_noise0p25_s13_a0p2_b0p7,42,drift,0.2,0.25,13,0.2,1.0208333333333333,0.4375,0.6777780319070708,0.0208333333333333,0.7
full_seed42_drift_0p2_noise0p25_s13_a0p3_b0p8,42,drift,0.2,0.25,13,0.3,1.0208333333333333,0.4375,0.6777780319070708,0.0208333333333333,0.8
full_seed42_drift_0p2_noise0p25_s5_a0p2_b0p7,42,drift,0.2,0.25,5,0.2,1.0041666666666669,0.9,0.8314209483802124,0.0041666666666666,0.7
full_seed42_drift_0p2_noise0p25_s5_a0p3_b0p8,42,drift,0.2,0.25,5,0.3,1.0041666666666669,0.9,0.8314209483802124,0.0041666666666666,0.8
full_seed42_drift_0p2_noise0p25_s9_a0p2_b0p7,42,drift,0.2,0.25,9,0.2,1.0083333333333333,0.825,0.7636318737416701,0.0083333333333333,0.7
full_seed42_drift_0p2_noise0p25_s9_a0p3_b0p8,42,drift,0.2,0.25,9,0.3,1.0083333333333333,0.825,0.7636318737416701,0.0083333333333333,0.8
full_seed42_drift_0p2_noise0p5_s13_a0p2_b0p7,42,drift,0.2,0.5,13,0.2,1.25,0.3666666666666666,0.6627944748372226,0.3041666666666666,0.7
full_seed42_drift_0p2_noise0p5_s13_a0p3_b0p8,42,drift,0.2,0.5,13,0.3,1.25,0.3666666666666666,0.6627944748372226,0.3041666666666666,0.8
full_seed42_drift_0p2_noise0p5_s5_a0p2_b0p7,42,drift,0.2,0.5,5,0.2,1.0333333333333334,0.8583333333333333,0.7963763944677387,0.0333333333333333,0.7
full_seed42_drift_0p2_noise0p5_s5_a0p3_b0p8,42,drift,0.2,0.5,5,0.3,1.0333333333333334,0.8583333333333333,0.7963763944677387,0.0333333333333333,0.8
full_seed42_drift_0p2_noise0p5_s9_a0p2_b0p7,42,drift,0.2,0.5,9,0.2,1.1041666666666667,0.7625,0.7393626573526443,0.1083333333333333,0.7
full_seed42_drift_0p2_noise0p5_s9_a0p3_b0p8,42,drift,0.2,0.5,9,0.3,1.1041666666666667,0.7625,0.7393626573526443,0.1083333333333333,0.8
full_seed42_drift_0p3_noise0p1_s13_a0p2_b0p7,42,drift,0.3,0.1,13,0.2,1.0,0.4583333333333333,0.6800883398246452,0.0,0.7
full_seed42_drift_0p3_noise0p1_s13_a0p3_b0p8,42,drift,0.3,0.1,13,0.3,1.0,0.4583333333333333,0.6800883398246452,0.0,0.8
full_seed42_drift_0p3_noise0p1_s5_a0p2_b0p7,42,drift,0.3,0.1,5,0.2,1.0,0.8208333333333333,0.8236880690939673,0.0,0.7
full_seed42_drift_0p3_noise0p1_s5_a0p3_b0p8,42,drift,0.3,0.1,5,0.3,1.0,0.8208333333333333,0.8236880690939673,0.0,0.8
full_seed42_drift_0p3_noise0p1_s9_a0p2_b0p7,42,drift,0.3,0.1,9,0.2,1.0,0.7958333333333333,0.762706360452473,0.0,0.7
full_seed42_drift_0p3_noise0p1_s9_a0p3_b0p8,42,drift,0.3,0.1,9,0.3,1.0,0.7958333333333333,0.762706360452473,0.0,0.8
full_seed42_drift_0p3_noise0p25_s13_a0p2_b0p7,42,drift,0.3,0.25,13,0.2,1.0166666666666666,0.4083333333333333,0.6684379835351897,0.0166666666666666,0.7
full_seed42_drift_0p3_noise0p25_s13_a0p3_b0p8,42,drift,0.3,0.25,13,0.3,1.0166666666666666,0.4083333333333333,0.6684379835351897,0.0166666666666666,0.8
full_seed42_drift_0p3_noise0p25_s5_a0p2_b0p7,42,drift,0.3,0.25,5,0.2,1.0,0.8166666666666667,0.8108931905843891,0.0,0.7
full_seed42_drift_0p3_noise0p25_s5_a0p3_b0p8,42,drift,0.3,0.25,5,0.3,1.0,0.8166666666666667,0.8108931905843891,0.0,0.8
full_seed42_drift_0p3_noise0p25_s9_a0p2_b0p7,42,drift,0.3,0.25,9,0.2,1.0083333333333333,0.7833333333333333,0.7517498196173442,0.0083333333333333,0.7
full_seed42_drift_0p3_noise0p25_s9_a0p3_b0p8,42,drift,0.3,0.25,9,0.3,1.0083333333333333,0.7833333333333333,0.7517498196173442,0.0083333333333333,0.8
full_seed42_drift_0p3_noise0p5_s13_a0p2_b0p7,42,drift,0.3,0.5,13,0.2,1.2208333333333334,0.3375,0.6512216907337901,0.2708333333333333,0.7
full_seed42_drift_0p3_noise0p5_s13_a0p3_b0p8,42,drift,0.3,0.5,13,0.3,1.2208333333333334,0.3375,0.6512216907337901,0.2708333333333333,0.8
full_seed42_drift_0p3_noise0p5_s5_a0p2_b0p7,42,drift,0.3,0.5,5,0.2,1.0291666666666666,0.7916666666666666,0.7775715617072885,0.0291666666666666,0.7
full_seed42_drift_0p3_noise0p5_s5_a0p3_b0p8,42,drift,0.3,0.5,5,0.3,1.0291666666666666,0.7916666666666666,0.7775715617072885,0.0291666666666666,0.8
full_seed42_drift_0p3_noise0p5_s9_a0p2_b0p7,42,drift,0.3,0.5,9,0.2,1.1041666666666667,0.7125,0.7284391942502298,0.1125,0.7
full_seed42_drift_0p3_noise0p5_s9_a0p3_b0p8,42,drift,0.3,0.5,9,0.3,1.1041666666666667,0.7125,0.7284391942502298,0.1125,0.8
full_seed42_drift_0p4_noise0p1_s13_a0p2_b0p7,42,drift,0.4,0.1,13,0.2,1.0,0.4541666666666666,0.6735628217472341,0.0,0.7
full_seed42_drift_0p4_noise0p1_s13_a0p3_b0p8,42,drift,0.4,0.1,13,0.3,1.0,0.4541666666666666,0.6735628217472341,0.0,0.8
full_seed42_drift_0p4_noise0p1_s5_a0p2_b0p7,42,drift,0.4,0.1,5,0.2,1.0,0.8208333333333333,0.8236880690939673,0.0,0.7
full_seed42_drift_0p4_noise0p1_s5_a0p3_b0p8,42,drift,0.4,0.1,5,0.3,1.0,0.8208333333333333,0.8236880690939673,0.0,0.8
full_seed42_drift_0p4_noise0p1_s9_a0p2_b0p7,42,drift,0.4,0.1,9,0.2,1.0,0.7833333333333333,0.7565202205326386,0.0,0.7
full_seed42_drift_0p4_noise0p1_s9_a0p3_b0p8,42,drift,0.4,0.1,9,0.3,1.0,0.7833333333333333,0.7565202205326386,0.0,0.8
full_seed42_drift_0p4_noise0p25_s13_a0p2_b0p7,42,drift,0.4,0.25,13,0.2,1.0125,0.4083333333333333,0.6615209179547608,0.0125,0.7
full_seed42_drift_0p4_noise0p25_s13_a0p3_b0p8,42,drift,0.4,0.25,13,0.3,1.0125,0.4083333333333333,0.6615209179547608,0.0125,0.8
full_seed42_drift_0p4_noise0p25_s5_a0p2_b0p7,42,drift,0.4,0.25,5,0.2,1.0,0.8166666666666667,0.8108931905843891,0.0,0.7
full_seed42_drift_0p4_noise0p25_s5_a0p3_b0p8,42,drift,0.4,0.25,5,0.3,1.0,0.8166666666666667,0.8108931905843891,0.0,0.8
full_seed42_drift_0p4_noise0p25_s9_a0p2_b0p7,42,drift,0.4,0.25,9,0.2,1.0125,0.775,0.7465599708758784,0.0125,0.7
full_seed42_drift_0p4_noise0p25_s9_a0p3_b0p8,42,drift,0.4,0.25,9,0.3,1.0125,0.775,0.7465599708758784,0.0125,0.8
full_seed42_drift_0p4_noise0p5_s13_a0p2_b0p7,42,drift,0.4,0.5,13,0.2,1.25,0.3291666666666666,0.6452514235765098,0.2958333333333333,0.7
full_seed42_drift_0p4_noise0p5_s13_a0p3_b0p8,42,drift,0.4,0.5,13,0.3,1.25,0.3291666666666666,0.6452514235765098,0.2958333333333333,0.8
full_seed42_drift_0p4_noise0p5_s5_a0p2_b0p7,42,drift,0.4,0.5,5,0.2,1.0291666666666666,0.7916666666666666,0.7775715617072885,0.0291666666666666,0.7
full_seed42_drift_0p4_noise0p5_s5_a0p3_b0p8,42,drift,0.4,0.5,5,0.3,1.0291666666666666,0.7916666666666666,0.7775715617072885,0.0291666666666666,0.8
full_seed42_drift_0p4_noise0p5_s9_a0p2_b0p7,42,drift,0.4,0.5,9,0.2,1.1125,0.6916666666666667,0.7236496695607552,0.1125,0.7
full_seed42_drift_0p4_noise0p5_s9_a0p3_b0p8,42,drift,0.4,0.5,9,0.3,1.1125,0.6916666666666667,0.7236496695607552,0.1125,0.8
full_seed42_freeze_0p0_noise0p1_s13_a0p2_b0p7,42,freeze,0.0,0.1,13,0.2,1.0,0.6291666666666667,0.7327074056031726,0.0,0.7
full_seed42_freeze_0p0_noise0p1_s13_a0p3_b0p8,42,freeze,0.0,0.1,13,0.3,1.0,0.6291666666666667,0.7327074056031726,0.0,0.8
full_seed42_freeze_0p0_noise0p1_s5_a0p2_b0p7,42,freeze,0.0,0.1,5,0.2,1.0,1.0,0.886459916122894,0.0,0.7
full_seed42_freeze_0p0_noise0p1_s5_a0p3_b0p8,42,freeze,0.0,0.1,5,0.3,1.0,1.0,0.886459916122894,0.0,0.8
full_seed42_freeze_0p0_noise0p1_s9_a0p2_b0p7,42,freeze,0.0,0.1,9,0.2,1.0,1.0,0.8165070868794124,0.0,0.7
full_seed42_freeze_0p0_noise0p1_s9_a0p3_b0p8,42,freeze,0.0,0.1,9,0.3,1.0,1.0,0.8165070868794124,0.0,0.8
full_seed42_freeze_0p0_noise0p25_s13_a0p2_b0p7,42,freeze,0.0,0.25,13,0.2,1.0,0.5833333333333334,0.7194763352304356,0.0,0.7
full_seed42_freeze_0p0_noise0p25_s13_a0p3_b0p8,42,freeze,0.0,0.25,13,0.3,1.0,0.5833333333333334,0.7194763352304356,0.0,0.8
full_seed42_freeze_0p0_noise0p25_s5_a0p2_b0p7,42,freeze,0.0,0.25,5,0.2,1.0,0.9958333333333332,0.870575060587834,0.0,0.7
full_seed42_freeze_0p0_noise0p25_s5_a0p3_b0p8,42,freeze,0.0,0.25,5,0.3,1.0,0.9958333333333332,0.870575060587834,0.0,0.8
full_seed42_freeze_0p0_noise0p25_s9_a0p2_b0p7,42,freeze,0.0,0.25,9,0.2,1.0,0.9916666666666668,0.8026484763129607,0.0,0.7
full_seed42_freeze_0p0_noise0p25_s9_a0p3_b0p8,42,freeze,0.0,0.25,9,0.3,1.0,0.9916666666666668,0.8026484763129607,0.0,0.8
full_seed42_freeze_0p0_noise0p5_s13_a0p2_b0p7,42,freeze,0.0,0.5,13,0.2,1.1708333333333334,0.5,0.6972664702296207,0.1833333333333333,0.7
full_seed42_freeze_0p0_noise0p5_s13_a0p3_b0p8,42,freeze,0.0,0.5,13,0.3,1.1708333333333334,0.5,0.6972664702296207,0.1833333333333333,0.8
full_seed42_freeze_0p0_noise0p5_s5_a0p2_b0p7,42,freeze,0.0,0.5,5,0.2,1.0166666666666666,0.9666666666666668,0.8268670853006412,0.0166666666666666,0.7
full_seed42_freeze_0p0_noise0p5_s5_a0p3_b0p8,42,freeze,0.0,0.5,5,0.3,1.0166666666666666,0.9666666666666668,0.8268670853006412,0.0166666666666666,0.8
full_seed42_freeze_0p0_noise0p5_s9_a0p2_b0p7,42,freeze,0.0,0.5,9,0.2,1.05,0.9125,0.7693062434138663,0.05,0.7
full_seed42_freeze_0p0_noise0p5_s9_a0p3_b0p8,42,freeze,0.0,0.5,9,0.3,1.05,0.9125,0.7693062434138663,0.05,0.8
full_seed42_freeze_0p1_noise0p1_s13_a0p2_b0p7,42,freeze,0.1,0.1,13,0.2,1.0,0.65,0.7346985903790025,0.0,0.7
full_seed42_freeze_0p1_noise0p1_s13_a0p3_b0p8,42,freeze,0.1,0.1,13,0.3,1.0,0.65,0.7346985903790025,0.0,0.8
full_seed42_freeze_0p1_noise0p1_s5_a0p2_b0p7,42,freeze,0.1,0.1,5,0.2,1.0,1.0,0.886459916122894,0.0,0.7
full_seed42_freeze_0p1_noise0p1_s5_a0p3_b0p8,42,freeze,0.1,0.1,5,0.3,1.0,1.0,0.886459916122894,0.0,0.8
full_seed42_freeze_0p1_noise0p1_s9_a0p2_b0p7,42,freeze,0.1,0.1,9,0.2,1.0,1.0,0.8163076159068186,0.0,0.7
full_seed42_freeze_0p1_noise0p1_s9_a0p3_b0p8,42,freeze,0.1,0.1,9,0.3,1.0,1.0,0.8163076159068186,0.0,0.8
full_seed42_freeze_0p1_noise0p25_s13_a0p2_b0p7,42,freeze,0.1,0.25,13,0.2,1.0,0.5875,0.7214954375543634,0.0,0.7
full_seed42_freeze_0p1_noise0p25_s13_a0p3_b0p8,42,freeze,0.1,0.25,13,0.3,1.0,0.5875,0.7214954375543634,0.0,0.8
full_seed42_freeze_0p1_noise0p25_s5_a0p2_b0p7,42,freeze,0.1,0.25,5,0.2,1.0,0.9958333333333332,0.870575060587834,0.0,0.7
full_seed42_freeze_0p1_noise0p25_s5_a0p3_b0p8,42,freeze,0.1,0.25,5,0.3,1.0,0.9958333333333332,0.870575060587834,0.0,0.8
full_seed42_freeze_0p1_noise0p25_s9_a0p2_b0p7,42,freeze,0.1,0.25,9,0.2,1.0,0.9916666666666668,0.8024863554960836,0.0,0.7
full_seed42_freeze_0p1_noise0p25_s9_a0p3_b0p8,42,freeze,0.1,0.25,9,0.3,1.0,0.9916666666666668,0.8024863554960836,0.0,0.8
full_seed42_freeze_0p1_noise0p5_s13_a0p2_b0p7,42,freeze,0.1,0.5,13,0.2,1.1666666666666667,0.5125,0.6986800154905733,0.175,0.7
full_seed42_freeze_0p1_noise0p5_s13_a0p3_b0p8,42,freeze,0.1,0.5,13,0.3,1.1666666666666667,0.5125,0.6986800154905733,0.175,0.8
full_seed42_freeze_0p1_noise0p5_s5_a0p2_b0p7,42,freeze,0.1,0.5,5,0.2,1.0166666666666666,0.9666666666666668,0.8268670853006412,0.0166666666666666,0.7
full_seed42_freeze_0p1_noise0p5_s5_a0p3_b0p8,42,freeze,0.1,0.5,5,0.3,1.0166666666666666,0.9666666666666668,0.8268670853006412,0.0166666666666666,0.8
full_seed42_freeze_0p1_noise0p5_s9_a0p2_b0p7,42,freeze,0.1,0.5,9,0.2,1.05,0.9083333333333332,0.7691010332053091,0.05,0.7
full_seed42_freeze_0p1_noise0p5_s9_a0p3_b0p8,42,freeze,0.1,0.5,9,0.3,1.05,0.9083333333333332,0.7691010332053091,0.05,0.8
full_seed42_freeze_0p2_noise0p1_s13_a0p2_b0p7,42,freeze,0.2,0.1,13,0.2,1.0,0.65,0.7313651652736373,0.0,0.7
full_seed42_freeze_0p2_noise0p1_s13_a0p3_b0p8,42,freeze,0.2,0.1,13,0.3,1.0,0.65,0.7313651652736373,0.0,0.8
full_seed42_freeze_0p2_noise0p1_s5_a0p2_b0p7,42,freeze,0.2,0.1,5,0.2,1.0,1.0,0.8836323229228954,0.0,0.7
full_seed42_freeze_0p2_noise0p1_s5_a0p3_b0p8,42,freeze,0.2,0.1,5,0.3,1.0,1.0,0.8836323229228954,0.0,0.8
full_seed42_freeze_0p2_noise0p1_s9_a0p2_b0p7,42,freeze,0.2,0.1,9,0.2,1.0,1.0,0.8147907310841177,0.0,0.7
full_seed42_freeze_0p2_noise0p1_s9_a0p3_b0p8,42,freeze,0.2,0.1,9,0.3,1.0,1.0,0.8147907310841177,0.0,0.8
full_seed42_freeze_0p2_noise0p25_s13_a0p2_b0p7,42,freeze,0.2,0.25,13,0.2,1.0,0.5833333333333334,0.7180622636877719,0.0,0.7
full_seed42_freeze_0p2_noise0p25_s13_a0p3_b0p8,42,freeze,0.2,0.25,13,0.3,1.0,0.5833333333333334,0.7180622636877719,0.0,0.8
full_seed42_freeze_0p2_noise0p25_s5_a0p2_b0p7,42,freeze,0.2,0.25,5,0.2,1.0,0.9958333333333332,0.8675563540774285,0.0,0.7
full_seed42_freeze_0p2_noise0p25_s5_a0p3_b0p8,42,freeze,0.2,0.25,5,0.3,1.0,0.9958333333333332,0.8675563540774285,0.0,0.8
full_seed42_freeze_0p2_noise0p25_s9_a0p2_b0p7,42,freeze,0.2,0.25,9,0.2,1.0,0.9916666666666668,0.8010729115478205,0.0,0.7
full_seed42_freeze_0p2_noise0p25_s9_a0p3_b0p8,42,freeze,0.2,0.25,9,0.3,1.0,0.9916666666666668,0.8010729115478205,0.0,0.8
full_seed42_freeze_0p2_noise0p5_s13_a0p2_b0p7,42,freeze,0.2,0.5,13,0.2,1.1791666666666667,0.5041666666666667,0.6961421885442266,0.1875,0.7
full_seed42_freeze_0p2_noise0p5_s13_a0p3_b0p8,42,freeze,0.2,0.5,13,0.3,1.1791666666666667,0.5041666666666667,0.6961421885442266,0.1875,0.8
full_seed42_freeze_0p2_noise0p5_s5_a0p2_b0p7,42,freeze,0.2,0.5,5,0.2,1.0166666666666666,0.9625,0.8239455549246462,0.0166666666666666,0.7
full_seed42_freeze_0p2_noise0p5_s5_a0p3_b0p8,42,freeze,0.2,0.5,5,0.3,1.0166666666666666,0.9625,0.8239455549246462,0.0166666666666666,0.8
full_seed42_freeze_0p2_noise0p5_s9_a0p2_b0p7,42,freeze,0.2,0.5,9,0.2,1.05,0.9041666666666668,0.7678418939713406,0.05,0.7
full_seed42_freeze_0p2_noise0p5_s9_a0p3_b0p8,42,freeze,0.2,0.5,9,0.3,1.05,0.9041666666666668,0.7678418939713406,0.05,0.8
full_seed42_freeze_0p3_noise0p1_s13_a0p2_b0p7,42,freeze,0.3,0.1,13,0.2,1.0,0.65,0.7320108235099844,0.0,0.7
full_seed42_freeze_0p3_noise0p1_s13_a0p3_b0p8,42,freeze,0.3,0.1,13,0.3,1.0,0.65,0.7320108235099844,0.0,0.8
full_seed42_freeze_0p3_noise0p1_s5_a0p2_b0p7,42,freeze,0.3,0.1,5,0.2,1.0,1.0,0.8816538867101227,0.0,0.7
full_seed42_freeze_0p3_noise0p1_s5_a0p3_b0p8,42,freeze,0.3,0.1,5,0.3,1.0,1.0,0.8816538867101227,0.0,0.8
full_seed42_freeze_0p3_noise0p1_s9_a0p2_b0p7,42,freeze,0.3,0.1,9,0.2,1.0,1.0,0.8155516282516324,0.0,0.7
full_seed42_freeze_0p3_noise0p1_s9_a0p3_b0p8,42,freeze,0.3,0.1,9,0.3,1.0,1.0,0.8155516282516324,0.0,0.8
full_seed42_freeze_0p3_noise0p25_s13_a0p2_b0p7,42,freeze,0.3,0.25,13,0.2,1.0,0.5833333333333334,0.7186016795814876,0.0,0.7
full_seed42_freeze_0p3_noise0p25_s13_a0p3_b0p8,42,freeze,0.3,0.25,13,0.3,1.0,0.5833333333333334,0.7186016795814876,0.0,0.8
full_seed42_freeze_0p3_noise0p25_s5_a0p2_b0p7,42,freeze,0.3,0.25,5,0.2,1.0,0.9958333333333332,0.8662376185860301,0.0,0.7
full_seed42_freeze_0p3_noise0p25_s5_a0p3_b0p8,42,freeze,0.3,0.25,5,0.3,1.0,0.9958333333333332,0.8662376185860301,0.0,0.8
full_seed42_freeze_0p3_noise0p25_s9_a0p2_b0p7,42,freeze,0.3,0.25,9,0.2,1.0,0.9916666666666668,0.8015033662855878,0.0,0.7
full_seed42_freeze_0p3_noise0p25_s9_a0p3_b0p8,42,freeze,0.3,0.25,9,0.3,1.0,0.9916666666666668,0.8015033662855878,0.0,0.8
full_seed42_freeze_0p3_noise0p5_s13_a0p2_b0p7,42,freeze,0.3,0.5,13,0.2,1.175,0.5,0.6963232641148486,0.1833333333333333,0.7
full_seed42_freeze_0p3_noise0p5_s13_a0p3_b0p8,42,freeze,0.3,0.5,13,0.3,1.175,0.5,0.6963232641148486,0.1833333333333333,0.8
full_seed42_freeze_0p3_noise0p5_s5_a0p2_b0p7,42,freeze,0.3,0.5,5,0.2,1.0125,0.9583333333333334,0.8226365379291732,0.0125,0.7
full_seed42_freeze_0p3_noise0p5_s5_a0p3_b0p8,42,freeze,0.3,0.5,5,0.3,1.0125,0.9583333333333334,0.8226365379291732,0.0125,0.8
full_seed42_freeze_0p3_noise0p5_s9_a0p2_b0p7,42,freeze,0.3,0.5,9,0.2,1.0541666666666667,0.9083333333333332,0.7684183020675107,0.0541666666666666,0.7
full_seed42_freeze_0p3_noise0p5_s9_a0p3_b0p8,42,freeze,0.3,0.5,9,0.3,1.0541666666666667,0.9083333333333332,0.7684183020675107,0.0541666666666666,0.8
full_seed42_freeze_0p4_noise0p1_s13_a0p2_b0p7,42,freeze,0.4,0.1,13,0.2,1.0,0.6791666666666667,0.7342129211479554,0.0,0.7
full_seed42_freeze_0p4_noise0p1_s13_a0p3_b0p8,42,freeze,0.4,0.1,13,0.3,1.0,0.6791666666666667,0.7342129211479554,0.0,0.8
full_seed42_freeze_0p4_noise0p1_s5_a0p2_b0p7,42,freeze,0.4,0.1,5,0.2,1.0,1.0,0.8816538867101227,0.0,0.7
full_seed42_freeze_0p4_noise0p1_s5_a0p3_b0p8,42,freeze,0.4,0.1,5,0.3,1.0,1.0,0.8816538867101227,0.0,0.8
full_seed42_freeze_0p4_noise0p1_s9_a0p2_b0p7,42,freeze,0.4,0.1,9,0.2,1.0,1.0,0.8165997669844155,0.0,0.7
full_seed42_freeze_0p4_noise0p1_s9_a0p3_b0p8,42,freeze,0.4,0.1,9,0.3,1.0,1.0,0.8165997669844155,0.0,0.8
full_seed42_freeze_0p4_noise0p25_s13_a0p2_b0p7,42,freeze,0.4,0.25,13,0.2,1.0,0.6,0.7212611626204345,0.0,0.7
full_seed42_freeze_0p4_noise0p25_s13_a0p3_b0p8,42,freeze,0.4,0.25,13,0.3,1.0,0.6,0.7212611626204345,0.0,0.8
full_seed42_freeze_0p4_noise0p25_s5_a0p2_b0p7,42,freeze,0.4,0.25,5,0.2,1.0,0.9958333333333332,0.8662376185860301,0.0,0.7
full_seed42_freeze_0p4_noise0p25_s5_a0p3_b0p8,42,freeze,0.4,0.25,5,0.3,1.0,0.9958333333333332,0.8662376185860301,0.0,0.8
full_seed42_freeze_0p4_noise0p25_s9_a0p2_b0p7,42,freeze,0.4,0.25,9,0.2,1.0,0.9916666666666668,0.8023080041953773,0.0,0.7
full_seed42_freeze_0p4_noise0p25_s9_a0p3_b0p8,42,freeze,0.4,0.25,9,0.3,1.0,0.9916666666666668,0.8023080041953773,0.0,0.8
full_seed42_freeze_0p4_noise0p5_s13_a0p2_b0p7,42,freeze,0.4,0.5,13,0.2,1.1666666666666667,0.5083333333333333,0.6986504336899927,0.1708333333333333,0.7
full_seed42_freeze_0p4_noise0p5_s13_a0p3_b0p8,42,freeze,0.4,0.5,13,0.3,1.1666666666666667,0.5083333333333333,0.6986504336899927,0.1708333333333333,0.8
full_seed42_freeze_0p4_noise0p5_s5_a0p2_b0p7,42,freeze,0.4,0.5,5,0.2,1.0125,0.9583333333333334,0.8226365379291732,0.0125,0.7
full_seed42_freeze_0p4_noise0p5_s5_a0p3_b0p8,42,freeze,0.4,0.5,5,0.3,1.0125,0.9583333333333334,0.8226365379291732,0.0125,0.8
full_seed42_freeze_0p4_noise0p5_s9_a0p2_b0p7,42,freeze,0.4,0.5,9,0.2,1.0583333333333331,0.9041666666666668,0.7693402421784531,0.0583333333333333,0.7
full_seed42_freeze_0p4_noise0p5_s9_a0p3_b0p8,42,freeze,0.4,0.5,9,0.3,1.0583333333333331,0.9041666666666668,0.7693402421784531,0.0583333333333333,0.8
full_seed42_mixed_0p0_noise0p1_s13_a0p2_b0p7,42,mixed,0.0,0.1,13,0.2,1.0,0.6291666666666667,0.7327074056031726,0.0,0.7
full_seed42_mixed_0p0_noise0p1_s13_a0p3_b0p8,42,mixed,0.0,0.1,13,0.3,1.0,0.6291666666666667,0.7327074056031726,0.0,0.8
full_seed42_mixed_0p0_noise0p1_s5_a0p2_b0p7,42,mixed,0.0,0.1,5,0.2,1.0,1.0,0.886459916122894,0.0,0.7
full_seed42_mixed_0p0_noise0p1_s5_a0p3_b0p8,42,mixed,0.0,0.1,5,0.3,1.0,1.0,0.886459916122894,0.0,0.8
full_seed42_mixed_0p0_noise0p1_s9_a0p2_b0p7,42,mixed,0.0,0.1,9,0.2,1.0,1.0,0.8165070868794124,0.0,0.7
full_seed42_mixed_0p0_noise0p1_s9_a0p3_b0p8,42,mixed,0.0,0.1,9,0.3,1.0,1.0,0.8165070868794124,0.0,0.8
full_seed42_mixed_0p0_noise0p25_s13_a0p2_b0p7,42,mixed,0.0,0.25,13,0.2,1.0,0.5833333333333334,0.7194763352304356,0.0,0.7
full_seed42_mixed_0p0_noise0p25_s13_a0p3_b0p8,42,mixed,0.0,0.25,13,0.3,1.0,0.5833333333333334,0.7194763352304356,0.0,0.8
full_seed42_mixed_0p0_noise0p25_s5_a0p2_b0p7,42,mixed,0.0,0.25,5,0.2,1.0,0.9958333333333332,0.870575060587834,0.0,0.7
full_seed42_mixed_0p0_noise0p25_s5_a0p3_b0p8,42,mixed,0.0,0.25,5,0.3,1.0,0.9958333333333332,0.870575060587834,0.0,0.8
full_seed42_mixed_0p0_noise0p25_s9_a0p2_b0p7,42,mixed,0.0,0.25,9,0.2,1.0,0.9916666666666668,0.8026484763129607,0.0,0.7
full_seed42_mixed_0p0_noise0p25_s9_a0p3_b0p8,42,mixed,0.0,0.25,9,0.3,1.0,0.9916666666666668,0.8026484763129607,0.0,0.8
full_seed42_mixed_0p0_noise0p5_s13_a0p2_b0p7,42,mixed,0.0,0.5,13,0.2,1.1708333333333334,0.5,0.6972664702296207,0.1833333333333333,0.7
full_seed42_mixed_0p0_noise0p5_s13_a0p3_b0p8,42,mixed,0.0,0.5,13,0.3,1.1708333333333334,0.5,0.6972664702296207,0.1833333333333333,0.8
full_seed42_mixed_0p0_noise0p5_s5_a0p2_b0p7,42,mixed,0.0,0.5,5,0.2,1.0166666666666666,0.9666666666666668,0.8268670853006412,0.0166666666666666,0.7
full_seed42_mixed_0p0_noise0p5_s5_a0p3_b0p8,42,mixed,0.0,0.5,5,0.3,1.0166666666666666,0.9666666666666668,0.8268670853006412,0.0166666666666666,0.8
full_seed42_mixed_0p0_noise0p5_s9_a0p2_b0p7,42,mixed,0.0,0.5,9,0.2,1.05,0.9125,0.7693062434138663,0.05,0.7
full_seed42_mixed_0p0_noise0p5_s9_a0p3_b0p8,42,mixed,0.0,0.5,9,0.3,1.05,0.9125,0.7693062434138663,0.05,0.8
full_seed42_mixed_0p1_noise0p1_s13_a0p2_b0p7,42,mixed,0.1,0.1,13,0.2,1.1791666666666667,0.6291666666666667,0.7292561263229113,0.1791666666666666,0.7
full_seed42_mixed_0p1_noise0p1_s13_a0p3_b0p8,42,mixed,0.1,0.1,13,0.3,1.1791666666666667,0.6291666666666667,0.7292561263229113,0.1791666666666666,0.8
full_seed42_mixed_0p1_noise0p1_s5_a0p2_b0p7,42,mixed,0.1,0.1,5,0.2,1.0,1.0,0.886459916122894,0.0,0.7
full_seed42_mixed_0p1_noise0p1_s5_a0p3_b0p8,42,mixed,0.1,0.1,5,0.3,1.0,1.0,0.886459916122894,0.0,0.8
full_seed42_mixed_0p1_noise0p1_s9_a0p2_b0p7,42,mixed,0.1,0.1,9,0.2,1.1541666666666666,0.9916666666666668,0.8110084102833778,0.1541666666666666,0.7
full_seed42_mixed_0p1_noise0p1_s9_a0p3_b0p8,42,mixed,0.1,0.1,9,0.3,1.1541666666666666,0.9916666666666668,0.8110084102833778,0.1541666666666666,0.8
full_seed42_mixed_0p1_noise0p25_s13_a0p2_b0p7,42,mixed,0.1,0.25,13,0.2,1.175,0.5708333333333333,0.7151117345383438,0.175,0.7
full_seed42_mixed_0p1_noise0p25_s13_a0p3_b0p8,42,mixed,0.1,0.25,13,0.3,1.175,0.5708333333333333,0.7151117345383438,0.175,0.8
full_seed42_mixed_0p1_noise0p25_s5_a0p2_b0p7,42,mixed,0.1,0.25,5,0.2,1.0,0.9958333333333332,0.870575060587834,0.0,0.7
full_seed42_mixed_0p1_noise0p25_s5_a0p3_b0p8,42,mixed,0.1,0.25,5,0.3,1.0,0.9958333333333332,0.870575060587834,0.0,0.8
full_seed42_mixed_0p1_noise0p25_s9_a0p2_b0p7,42,mixed,0.1,0.25,9,0.2,1.1375,0.9625,0.7954846853618088,0.1416666666666666,0.7
full_seed42_mixed_0p1_noise0p25_s9_a0p3_b0p8,42,mixed,0.1,0.25,9,0.3,1.1375,0.9625,0.7954846853618088,0.1416666666666666,0.8
full_seed42_mixed_0p1_noise0p5_s13_a0p2_b0p7,42,mixed,0.1,0.5,13,0.2,1.2875,0.4833333333333333,0.6934006393926285,0.3583333333333333,0.7
full_seed42_mixed_0p1_noise0p5_s13_a0p3_b0p8,42,mixed,0.1,0.5,13,0.3,1.2875,0.4833333333333333,0.6934006393926285,0.3583333333333333,0.8
full_seed42_mixed_0p1_noise0p5_s5_a0p2_b0p7,42,mixed,0.1,0.5,5,0.2,1.0166666666666666,0.9666666666666668,0.8268670853006412,0.0166666666666666,0.7
full_seed42_mixed_0p1_noise0p5_s5_a0p3_b0p8,42,mixed,0.1,0.5,5,0.3,1.0166666666666666,0.9666666666666668,0.8268670853006412,0.0166666666666666,0.8
full_seed42_mixed_0p1_noise0p5_s9_a0p2_b0p7,42,mixed,0.1,0.5,9,0.2,1.1791666666666667,0.8791666666666667,0.7634153090299068,0.2041666666666666,0.7
full_seed42_mixed_0p1_noise0p5_s9_a0p3_b0p8,42,mixed,0.1,0.5,9,0.3,1.1791666666666667,0.8791666666666667,0.7634153090299068,0.2041666666666666,0.8
full_seed42_mixed_0p2_noise0p1_s13_a0p2_b0p7,42,mixed,0.2,0.1,13,0.2,1.15,0.6458333333333334,0.7153285304900895,0.3916666666666666,0.7
full_seed42_mixed_0p2_noise0p1_s13_a0p3_b0p8,42,mixed,0.2,0.1,13,0.3,1.15,0.6458333333333334,0.7153285304900895,0.3916666666666666,0.8
full_seed42_mixed_0p2_noise0p1_s5_a0p2_b0p7,42,mixed,0.2,0.1,5,0.2,1.1458333333333333,0.9833333333333332,0.8779713127541093,0.1458333333333333,0.7
full_seed42_mixed_0p2_noise0p1_s5_a0p3_b0p8,42,mixed,0.2,0.1,5,0.3,1.1458333333333333,0.9833333333333332,0.8779713127541093,0.1458333333333333,0.8
full_seed42_mixed_0p2_noise0p1_s9_a0p2_b0p7,42,mixed,0.2,0.1,9,0.2,1.1208333333333331,0.9458333333333332,0.7949501540497363,0.2208333333333333,0.7
full_seed42_mixed_0p2_noise0p1_s9_a0p3_b0p8,42,mixed,0.2,0.1,9,0.3,1.1208333333333331,0.9458333333333332,0.7949501540497363,0.2208333333333333,0.8
full_seed42_mixed_0p2_noise0p25_s13_a0p2_b0p7,42,mixed,0.2,0.25,13,0.2,1.1541666666666666,0.575,0.7023888167621771,0.3916666666666666,0.7
full_seed42_mixed_0p2_noise0p25_s13_a0p3_b0p8,42,mixed,0.2,0.25,13,0.3,1.1541666666666666,0.575,0.7023888167621771,0.3916666666666666,0.8
full_seed42_mixed_0p2_noise0p25_s5_a0p2_b0p7,42,mixed,0.2,0.25,5,0.2,1.1416666666666666,0.975,0.8608428796221693,0.1416666666666666,0.7
full_seed42_mixed_0p2_noise0p25_s5_a0p3_b0p8,42,mixed,0.2,0.25,5,0.3,1.1416666666666666,0.975,0.8608428796221693,0.1416666666666666,0.8
full_seed42_mixed_0p2_noise0p25_s9_a0p2_b0p7,42,mixed,0.2,0.25,9,0.2,1.125,0.9375,0.7849002653177061,0.2375,0.7
full_seed42_mixed_0p2_noise0p25_s9_a0p3_b0p8,42,mixed,0.2,0.25,9,0.3,1.125,0.9375,0.7849002653177061,0.2375,0.8
full_seed42_mixed_0p2_noise0p5_s13_a0p2_b0p7,42,mixed,0.2,0.5,13,0.2,1.325,0.4833333333333333,0.6862381079048592,0.6625,0.7
full_seed42_mixed_0p2_noise0p5_s13_a0p3_b0p8,42,mixed,0.2,0.5,13,0.3,1.325,0.4833333333333333,0.6862381079048592,0.6625,0.8
full_seed42_mixed_0p2_noise0p5_s5_a0p2_b0p7,42,mixed,0.2,0.5,5,0.2,1.1416666666666666,0.9333333333333332,0.8150011592001313,0.1458333333333333,0.7
full_seed42_mixed_0p2_noise0p5_s5_a0p3_b0p8,42,mixed,0.2,0.5,5,0.3,1.1416666666666666,0.9333333333333332,0.8150011592001313,0.1458333333333333,0.8
full_seed42_mixed_0p2_noise0p5_s9_a0p2_b0p7,42,mixed,0.2,0.5,9,0.2,1.1958333333333333,0.8666666666666667,0.7581053260496012,0.3416666666666667,0.7
full_seed42_mixed_0p2_noise0p5_s9_a0p3_b0p8,42,mixed,0.2,0.5,9,0.3,1.1958333333333333,0.8666666666666667,0.7581053260496012,0.3416666666666667,0.8
full_seed42_mixed_0p3_noise0p1_s13_a0p2_b0p7,42,mixed,0.3,0.1,13,0.2,1.1458333333333333,0.6416666666666667,0.7104835789108049,0.4833333333333333,0.7
full_seed42_mixed_0p3_noise0p1_s13_a0p3_b0p8,42,mixed,0.3,0.1,13,0.3,1.1458333333333333,0.6416666666666667,0.7104835789108049,0.4833333333333333,0.8
full_seed42_mixed_0p3_noise0p1_s5_a0p2_b0p7,42,mixed,0.3,0.1,5,0.2,1.1125,0.9375,0.8512590176812068,0.2041666666666666,0.7
full_seed42_mixed_0p3_noise0p1_s5_a0p3_b0p8,42,mixed,0.3,0.1,5,0.3,1.1125,0.9375,0.8512590176812068,0.2041666666666666,0.8
full_seed42_mixed_0p3_noise0p1_s9_a0p2_b0p7,42,mixed,0.3,0.1,9,0.2,1.1166666666666667,0.9291666666666668,0.7851164984666199,0.3083333333333333,0.7
full_seed42_mixed_0p3_noise0p1_s9_a0p3_b0p8,42,mixed,0.3,0.1,9,0.3,1.1166666666666667,0.9291666666666668,0.7851164984666199,0.3083333333333333,0.8
full_seed42_mixed_0p3_noise0p25_s13_a0p2_b0p7,42,mixed,0.3,0.25,13,0.2,1.1416666666666666,0.5625,0.6964741319515402,0.4791666666666667,0.7
full_seed42_mixed_0p3_noise0p25_s13_a0p3_b0p8,42,mixed,0.3,0.25,13,0.3,1.1416666666666666,0.5625,0.6964741319515402,0.4791666666666667,0.8
full_seed42_mixed_0p3_noise0p25_s5_a0p2_b0p7,42,mixed,0.3,0.25,5,0.2,1.1083333333333334,0.9333333333333332,0.8383202323755846,0.2041666666666666,0.7
full_seed42_mixed_0p3_noise0p25_s5_a0p3_b0p8,42,mixed,0.3,0.25,5,0.3,1.1083333333333334,0.9333333333333332,0.8383202323755846,0.2041666666666666,0.8
full_seed42_mixed_0p3_noise0p25_s9_a0p2_b0p7,42,mixed,0.3,0.25,9,0.2,1.1166666666666667,0.9166666666666666,0.7742973342100582,0.3166666666666666,0.7
full_seed42_mixed_0p3_noise0p25_s9_a0p3_b0p8,42,mixed,0.3,0.25,9,0.3,1.1166666666666667,0.9166666666666666,0.7742973342100582,0.3166666666666666,0.8
full_seed42_mixed_0p3_noise0p5_s13_a0p2_b0p7,42,mixed,0.3,0.5,13,0.2,1.3083333333333331,0.4833333333333333,0.6787534475500886,0.7541666666666667,0.7
full_seed42_mixed_0p3_noise0p5_s13_a0p3_b0p8,42,mixed,0.3,0.5,13,0.3,1.3083333333333331,0.4833333333333333,0.6787534475500886,0.7541666666666667,0.8
full_seed42_mixed_0p3_noise0p5_s5_a0p2_b0p7,42,mixed,0.3,0.5,5,0.2,1.1458333333333333,0.9083333333333332,0.7988712123892008,0.225,0.7
full_seed42_mixed_0p3_noise0p5_s5_a0p3_b0p8,42,mixed,0.3,0.5,5,0.3,1.1458333333333333,0.9083333333333332,0.7988712123892008,0.225,0.8
full_seed42_mixed_0p3_noise0p5_s9_a0p2_b0p7,42,mixed,0.3,0.5,9,0.2,1.2041666666666666,0.8541666666666666,0.7503119244199259,0.4583333333333333,0.7
full_seed42_mixed_0p3_noise0p5_s9_a0p3_b0p8,42,mixed,0.3,0.5,9,0.3,1.2041666666666666,0.8541666666666666,0.7503119244199259,0.4583333333333333,0.8
full_seed42_mixed_0p4_noise0p1_s13_a0p2_b0p7,42,mixed,0.4,0.1,13,0.2,1.1375,0.65,0.7081338614849275,0.5666666666666667,0.7
full_seed42_mixed_0p4_noise0p1_s13_a0p3_b0p8,42,mixed,0.4,0.1,13,0.3,1.1375,0.65,0.7081338614849275,0.5666666666666667,0.8
full_seed42_mixed_0p4_noise0p1_s5_a0p2_b0p7,42,mixed,0.4,0.1,5,0.2,1.1125,0.9375,0.8512590176812068,0.2041666666666666,0.7
full_seed42_mixed_0p4_noise0p1_s5_a0p3_b0p8,42,mixed,0.4,0.1,5,0.3,1.1125,0.9375,0.8512590176812068,0.2041666666666666,0.8
full_seed42_mixed_0p4_noise0p1_s9_a0p2_b0p7,42,mixed,0.4,0.1,9,0.2,1.1083333333333334,0.9083333333333332,0.777338083825683,0.3875,0.7
full_seed42_mixed_0p4_noise0p1_s9_a0p3_b0p8,42,mixed,0.4,0.1,9,0.3,1.1083333333333334,0.9083333333333332,0.777338083825683,0.3875,0.8
full_seed42_mixed_0p4_noise0p25_s13_a0p2_b0p7,42,mixed,0.4,0.25,13,0.2,1.1458333333333333,0.575,0.6943425269227973,0.5875,0.7
full_seed42_mixed_0p4_noise0p25_s13_a0p3_b0p8,42,mixed,0.4,0.25,13,0.3,1.1458333333333333,0.575,0.6943425269227973,0.5875,0.8
full_seed42_mixed_0p4_noise0p25_s5_a0p2_b0p7,42,mixed,0.4,0.25,5,0.2,1.1083333333333334,0.9333333333333332,0.8383202323755846,0.2041666666666666,0.7
full_seed42_mixed_0p4_noise0p25_s5_a0p3_b0p8,42,mixed,0.4,0.25,5,0.3,1.1083333333333334,0.9333333333333332,0.8383202323755846,0.2041666666666666,0.8
full_seed42_mixed_0p4_noise0p25_s9_a0p2_b0p7,42,mixed,0.4,0.25,9,0.2,1.1166666666666667,0.9,0.7682572273587446,0.4083333333333333,0.7
full_seed42_mixed_0p4_noise0p25_s9_a0p3_b0p8,42,mixed,0.4,0.25,9,0.3,1.1166666666666667,0.9,0.7682572273587446,0.4083333333333333,0.8
full_seed42_mixed_0p4_noise0p5_s13_a0p2_b0p7,42,mixed,0.4,0.5,13,0.2,1.2916666666666667,0.475,0.6741929092392002,0.8291666666666667,0.7
full_seed42_mixed_0p4_noise0p5_s13_a0p3_b0p8,42,mixed,0.4,0.5,13,0.3,1.2916666666666667,0.475,0.6741929092392002,0.8291666666666667,0.8
full_seed42_mixed_0p4_noise0p5_s5_a0p2_b0p7,42,mixed,0.4,0.5,5,0.2,1.1458333333333333,0.9083333333333332,0.7988712123892008,0.225,0.7
full_seed42_mixed_0p4_noise0p5_s5_a0p3_b0p8,42,mixed,0.4,0.5,5,0.3,1.1458333333333333,0.9083333333333332,0.7988712123892008,0.225,0.8
full_seed42_mixed_0p4_noise0p5_s9_a0p2_b0p7,42,mixed,0.4,0.5,9,0.2,1.1791666666666667,0.8416666666666667,0.7445934687744646,0.5375,0.7
full_seed42_mixed_0p4_noise0p5_s9_a0p3_b0p8,42,mixed,0.4,0.5,9,0.3,1.1791666666666667,0.8416666666666667,0.7445934687744646,0.5375,0.8
full_seed42_replay_0p0_noise0p1_s13_a0p2_b0p7,42,replay,0.0,0.1,13,0.2,1.0,0.6291666666666667,0.7327074056031726,0.0,0.7
full_seed42_replay_0p0_noise0p1_s13_a0p3_b0p8,42,replay,0.0,0.1,13,0.3,1.0,0.6291666666666667,0.7327074056031726,0.0,0.8
full_seed42_replay_0p0_noise0p1_s5_a0p2_b0p7,42,replay,0.0,0.1,5,0.2,1.0,1.0,0.886459916122894,0.0,0.7
full_seed42_replay_0p0_noise0p1_s5_a0p3_b0p8,42,replay,0.0,0.1,5,0.3,1.0,1.0,0.886459916122894,0.0,0.8
full_seed42_replay_0p0_noise0p1_s9_a0p2_b0p7,42,replay,0.0,0.1,9,0.2,1.0,1.0,0.8165070868794124,0.0,0.7
full_seed42_replay_0p0_noise0p1_s9_a0p3_b0p8,42,replay,0.0,0.1,9,0.3,1.0,1.0,0.8165070868794124,0.0,0.8
full_seed42_replay_0p0_noise0p25_s13_a0p2_b0p7,42,replay,0.0,0.25,13,0.2,1.0,0.5833333333333334,0.7194763352304356,0.0,0.7
full_seed42_replay_0p0_noise0p25_s13_a0p3_b0p8,42,replay,0.0,0.25,13,0.3,1.0,0.5833333333333334,0.7194763352304356,0.0,0.8
full_seed42_replay_0p0_noise0p25_s5_a0p2_b0p7,42,replay,0.0,0.25,5,0.2,1.0,0.9958333333333332,0.870575060587834,0.0,0.7
full_seed42_replay_0p0_noise0p25_s5_a0p3_b0p8,42,replay,0.0,0.25,5,0.3,1.0,0.9958333333333332,0.870575060587834,0.0,0.8
full_seed42_replay_0p0_noise0p25_s9_a0p2_b0p7,42,replay,0.0,0.25,9,0.2,1.0,0.9916666666666668,0.8026484763129607,0.0,0.7
full_seed42_replay_0p0_noise0p25_s9_a0p3_b0p8,42,replay,0.0,0.25,9,0.3,1.0,0.9916666666666668,0.8026484763129607,0.0,0.8
full_seed42_replay_0p0_noise0p5_s13_a0p2_b0p7,42,replay,0.0,0.5,13,0.2,1.1708333333333334,0.5,0.6972664702296207,0.1833333333333333,0.7
full_seed42_replay_0p0_noise0p5_s13_a0p3_b0p8,42,replay,0.0,0.5,13,0.3,1.1708333333333334,0.5,0.6972664702296207,0.1833333333333333,0.8
full_seed42_replay_0p0_noise0p5_s5_a0p2_b0p7,42,replay,0.0,0.5,5,0.2,1.0166666666666666,0.9666666666666668,0.8268670853006412,0.0166666666666666,0.7
full_seed42_replay_0p0_noise0p5_s5_a0p3_b0p8,42,replay,0.0,0.5,5,0.3,1.0166666666666666,0.9666666666666668,0.8268670853006412,0.0166666666666666,0.8
full_seed42_replay_0p0_noise0p5_s9_a0p2_b0p7,42,replay,0.0,0.5,9,0.2,1.05,0.9125,0.7693062434138663,0.05,0.7
full_seed42_replay_0p0_noise0p5_s9_a0p3_b0p8,42,replay,0.0,0.5,9,0.3,1.05,0.9125,0.7693062434138663,0.05,0.8
full_seed42_replay_0p1_noise0p1_s13_a0p2_b0p7,42,replay,0.1,0.1,13,0.2,1.0,0.6375,0.7330097565904178,0.0,0.7
full_seed42_replay_0p1_noise0p1_s13_a0p3_b0p8,42,replay,0.1,0.1,13,0.3,1.0,0.6375,0.7330097565904178,0.0,0.8
full_seed42_replay_0p1_noise0p1_s5_a0p2_b0p7,42,replay,0.1,0.1,5,0.2,1.0,1.0,0.886459916122894,0.0,0.7
full_seed42_replay_0p1_noise0p1_s5_a0p3_b0p8,42,replay,0.1,0.1,5,0.3,1.0,1.0,0.886459916122894,0.0,0.8
full_seed42_replay_0p1_noise0p1_s9_a0p2_b0p7,42,replay,0.1,0.1,9,0.2,1.0,1.0,0.8167639126274427,0.0,0.7
full_seed42_replay_0p1_noise0p1_s9_a0p3_b0p8,42,replay,0.1,0.1,9,0.3,1.0,1.0,0.8167639126274427,0.0,0.8
full_seed42_replay_0p1_noise0p25_s13_a0p2_b0p7,42,replay,0.1,0.25,13,0.2,1.0,0.5833333333333334,0.7198388311797004,0.0,0.7
full_seed42_replay_0p1_noise0p25_s13_a0p3_b0p8,42,replay,0.1,0.25,13,0.3,1.0,0.5833333333333334,0.7198388311797004,0.0,0.8
full_seed42_replay_0p1_noise0p25_s5_a0p2_b0p7,42,replay,0.1,0.25,5,0.2,1.0,0.9958333333333332,0.870575060587834,0.0,0.7
full_seed42_replay_0p1_noise0p25_s5_a0p3_b0p8,42,replay,0.1,0.25,5,0.3,1.0,0.9958333333333332,0.870575060587834,0.0,0.8
full_seed42_replay_0p1_noise0p25_s9_a0p2_b0p7,42,replay,0.1,0.25,9,0.2,1.0,0.9916666666666668,0.8030311100041726,0.0,0.7
full_seed42_replay_0p1_noise0p25_s9_a0p3_b0p8,42,replay,0.1,0.25,9,0.3,1.0,0.9916666666666668,0.8030311100041726,0.0,0.8
full_seed42_replay_0p1_noise0p5_s13_a0p2_b0p7,42,replay,0.1,0.5,13,0.2,1.1708333333333334,0.5041666666666667,0.6977251608015106,0.1833333333333333,0.7
full_seed42_replay_0p1_noise0p5_s13_a0p3_b0p8,42,replay,0.1,0.5,13,0.3,1.1708333333333334,0.5041666666666667,0.6977251608015106,0.1833333333333333,0.8
full_seed42_replay_0p1_noise0p5_s5_a0p2_b0p7,42,replay,0.1,0.5,5,0.2,1.0166666666666666,0.9666666666666668,0.8268670853006412,0.0166666666666666,0.7
full_seed42_replay_0p1_noise0p5_s5_a0p3_b0p8,42,replay,0.1,0.5,5,0.3,1.0166666666666666,0.9666666666666668,0.8268670853006412,0.0166666666666666,0.8
full_seed42_replay_0p1_noise0p5_s9_a0p2_b0p7,42,replay,0.1,0.5,9,0.2,1.05,0.9125,0.769902116461427,0.05,0.7
full_seed42_replay_0p1_noise0p5_s9_a0p3_b0p8,42,replay,0.1,0.5,9,0.3,1.05,0.9125,0.769902116461427,0.05,0.8
full_seed42_replay_0p2_noise0p1_s13_a0p2_b0p7,42,replay,0.2,0.1,13,0.2,1.0,0.6416666666666667,0.7334901702609519,0.0,0.7
full_seed42_replay_0p2_noise0p1_s13_a0p3_b0p8,42,replay,0.2,0.1,13,0.3,1.0,0.6416666666666667,0.7334901702609519,0.0,0.8
full_seed42_replay_0p2_noise0p1_s5_a0p2_b0p7,42,replay,0.2,0.1,5,0.2,1.0,1.0,0.8864660140898434,0.0,0.7
full_seed42_replay_0p2_noise0p1_s5_a0p3_b0p8,42,replay,0.2,0.1,5,0.3,1.0,1.0,0.8864660140898434,0.0,0.8
full_seed42_replay_0p2_noise0p1_s9_a0p2_b0p7,42,replay,0.2,0.1,9,0.2,1.0,1.0,0.8170435849588638,0.0,0.7
full_seed42_replay_0p2_noise0p1_s9_a0p3_b0p8,42,replay,0.2,0.1,9,0.3,1.0,1.0,0.8170435849588638,0.0,0.8
full_seed42_replay_0p2_noise0p25_s13_a0p2_b0p7,42,replay,0.2,0.25,13,0.2,1.0,0.5916666666666667,0.7203164555975886,0.0,0.7
full_seed42_replay_0p2_noise0p25_s13_a0p3_b0p8,42,replay,0.2,0.25,13,0.3,1.0,0.5916666666666667,0.7203164555975886,0.0,0.8
full_seed42_replay_0p2_noise0p25_s5_a0p2_b0p7,42,replay,0.2,0.25,5,0.2,1.0,0.9958333333333332,0.8709394612470572,0.0,0.7
full_seed42_replay_0p2_noise0p25_s5_a0p3_b0p8,42,replay,0.2,0.25,5,0.3,1.0,0.9958333333333332,0.8709394612470572,0.0,0.8
full_seed42_replay_0p2_noise0p25_s9_a0p2_b0p7,42,replay,0.2,0.25,9,0.2,1.0,0.9916666666666668,0.8033359359334846,0.0,0.7
full_seed42_replay_0p2_noise0p25_s9_a0p3_b0p8,42,replay,0.2,0.25,9,0.3,1.0,0.9916666666666668,0.8033359359334846,0.0,0.8
full_seed42_replay_0p2_noise0p5_s13_a0p2_b0p7,42,replay,0.2,0.5,13,0.2,1.1708333333333334,0.5083333333333333,0.6980155451684662,0.1833333333333333,0.7
full_seed42_replay_0p2_noise0p5_s13_a0p3_b0p8,42,replay,0.2,0.5,13,0.3,1.1708333333333334,0.5083333333333333,0.6980155451684662,0.1833333333333333,0.8
full_seed42_replay_0p2_noise0p5_s5_a0p2_b0p7,42,replay,0.2,0.5,5,0.2,1.0166666666666666,0.9708333333333332,0.8279899997514482,0.0166666666666666,0.7
full_seed42_replay_0p2_noise0p5_s5_a0p3_b0p8,42,replay,0.2,0.5,5,0.3,1.0166666666666666,0.9708333333333332,0.8279899997514482,0.0166666666666666,0.8
full_seed42_replay_0p2_noise0p5_s9_a0p2_b0p7,42,replay,0.2,0.5,9,0.2,1.05,0.9166666666666666,0.7701205759338429,0.05,0.7
full_seed42_replay_0p2_noise0p5_s9_a0p3_b0p8,42,replay,0.2,0.5,9,0.3,1.05,0.9166666666666666,0.7701205759338429,0.05,0.8
full_seed42_replay_0p3_noise0p1_s13_a0p2_b0p7,42,replay,0.3,0.1,13,0.2,1.0,0.6458333333333334,0.733577730765852,0.0,0.7
full_seed42_replay_0p3_noise0p1_s13_a0p3_b0p8,42,replay,0.3,0.1,13,0.3,1.0,0.6458333333333334,0.733577730765852,0.0,0.8
full_seed42_replay_0p3_noise0p1_s5_a0p2_b0p7,42,replay,0.3,0.1,5,0.2,1.0,1.0,0.8865805174908659,0.0,0.7
full_seed42_replay_0p3_noise0p1_s5_a0p3_b0p8,42,replay,0.3,0.1,5,0.3,1.0,1.0,0.8865805174908659,0.0,0.8
full_seed42_replay_0p3_noise0p1_s9_a0p2_b0p7,42,replay,0.3,0.1,9,0.2,1.0,1.0,0.8170747334070536,0.0,0.7
full_seed42_replay_0p3_noise0p1_s9_a0p3_b0p8,42,replay,0.3,0.1,9,0.3,1.0,1.0,0.8170747334070536,0.0,0.8
full_seed42_replay_0p3_noise0p25_s13_a0p2_b0p7,42,replay,0.3,0.25,13,0.2,1.0,0.5875,0.7203513537290973,0.0,0.7
full_seed42_replay_0p3_noise0p25_s13_a0p3_b0p8,42,replay,0.3,0.25,13,0.3,1.0,0.5875,0.7203513537290973,0.0,0.8
full_seed42_replay_0p3_noise0p25_s5_a0p2_b0p7,42,replay,0.3,0.25,5,0.2,1.0,0.9958333333333332,0.8713767156597529,0.0,0.7
full_seed42_replay_0p3_noise0p25_s5_a0p3_b0p8,42,replay,0.3,0.25,5,0.3,1.0,0.9958333333333332,0.8713767156597529,0.0,0.8
full_seed42_replay_0p3_noise0p25_s9_a0p2_b0p7,42,replay,0.3,0.25,9,0.2,1.0,0.9916666666666668,0.8033438906746972,0.0,0.7
full_seed42_replay_0p3_noise0p25_s9_a0p3_b0p8,42,replay,0.3,0.25,9,0.3,1.0,0.9916666666666668,0.8033438906746972,0.0,0.8
full_seed42_replay_0p3_noise0p5_s13_a0p2_b0p7,42,replay,0.3,0.5,13,0.2,1.1791666666666667,0.5,0.6983040832776228,0.1875,0.7
full_seed42_replay_0p3_noise0p5_s13_a0p3_b0p8,42,replay,0.3,0.5,13,0.3,1.1791666666666667,0.5,0.6983040832776228,0.1875,0.8
full_seed42_replay_0p3_noise0p5_s5_a0p2_b0p7,42,replay,0.3,0.5,5,0.2,1.0125,0.9625,0.8279775340963762,0.0125,0.7
full_seed42_replay_0p3_noise0p5_s5_a0p3_b0p8,42,replay,0.3,0.5,5,0.3,1.0125,0.9625,0.8279775340963762,0.0125,0.8
full_seed42_replay_0p3_noise0p5_s9_a0p2_b0p7,42,replay,0.3,0.5,9,0.2,1.05,0.9166666666666666,0.7700710129763639,0.05,0.7
full_seed42_replay_0p3_noise0p5_s9_a0p3_b0p8,42,replay,0.3,0.5,9,0.3,1.05,0.9166666666666666,0.7700710129763639,0.05,0.8
full_seed42_replay_0p4_noise0p1_s13_a0p2_b0p7,42,replay,0.4,0.1,13,0.2,1.0,0.6458333333333334,0.7336569672279042,0.0,0.7
full_seed42_replay_0p4_noise0p1_s13_a0p3_b0p8,42,replay,0.4,0.1,13,0.3,1.0,0.6458333333333334,0.7336569672279042,0.0,0.8
full_seed42_replay_0p4_noise0p1_s5_a0p2_b0p7,42,replay,0.4,0.1,5,0.2,1.0,1.0,0.8865805174908659,0.0,0.7
full_seed42_replay_0p4_noise0p1_s5_a0p3_b0p8,42,replay,0.4,0.1,5,0.3,1.0,1.0,0.8865805174908659,0.0,0.8
full_seed42_replay_0p4_noise0p1_s9_a0p2_b0p7,42,replay,0.4,0.1,9,0.2,1.0,1.0,0.8169918765080774,0.0,0.7
full_seed42_replay_0p4_noise0p1_s9_a0p3_b0p8,42,replay,0.4,0.1,9,0.3,1.0,1.0,0.8169918765080774,0.0,0.8
full_seed42_replay_0p4_noise0p25_s13_a0p2_b0p7,42,replay,0.4,0.25,13,0.2,1.0,0.5791666666666667,0.7203731309062715,0.0,0.7
full_seed42_replay_0p4_noise0p25_s13_a0p3_b0p8,42,replay,0.4,0.25,13,0.3,1.0,0.5791666666666667,0.7203731309062715,0.0,0.8
full_seed42_replay_0p4_noise0p25_s5_a0p2_b0p7,42,replay,0.4,0.25,5,0.2,1.0,0.9958333333333332,0.8713767156597529,0.0,0.7
full_seed42_replay_0p4_noise0p25_s5_a0p3_b0p8,42,replay,0.4,0.25,5,0.3,1.0,0.9958333333333332,0.8713767156597529,0.0,0.8
full_seed42_replay_0p4_noise0p25_s9_a0p2_b0p7,42,replay,0.4,0.25,9,0.2,1.0,0.9916666666666668,0.8031451141574101,0.0,0.7
full_seed42_replay_0p4_noise0p25_s9_a0p3_b0p8,42,replay,0.4,0.25,9,0.3,1.0,0.9916666666666668,0.8031451141574101,0.0,0.8
full_seed42_replay_0p4_noise0p5_s13_a0p2_b0p7,42,replay,0.4,0.5,13,0.2,1.1791666666666667,0.4916666666666666,0.6981399309286959,0.1875,0.7
full_seed42_replay_0p4_noise0p5_s13_a0p3_b0p8,42,replay,0.4,0.5,13,0.3,1.1791666666666667,0.4916666666666666,0.6981399309286959,0.1875,0.8
full_seed42_replay_0p4_noise0p5_s5_a0p2_b0p7,42,replay,0.4,0.5,5,0.2,1.0125,0.9625,0.8279775340963762,0.0125,0.7
full_seed42_replay_0p4_noise0p5_s5_a0p3_b0p8,42,replay,0.4,0.5,5,0.3,1.0125,0.9625,0.8279775340963762,0.0125,0.8
full_seed42_replay_0p4_noise0p5_s9_a0p2_b0p7,42,replay,0.4,0.5,9,0.2,1.05,0.9125,0.7696788557160351,0.05,0.7
full_seed42_replay_0p4_noise0p5_s9_a0p3_b0p8,42,replay,0.4,0.5,9,0.3,1.05,0.9125,0.7696788557160351,0.05,0.8
full_seed42_scaling_0p0_noise0p1_s13_a0p2_b0p7,42,scaling,0.0,0.1,13,0.2,1.0,0.6291666666666667,0.7327074056031726,0.0,0.7
full_seed42_scaling_0p0_noise0p1_s13_a0p3_b0p8,42,scaling,0.0,0.1,13,0.3,1.0,0.6291666666666667,0.7327074056031726,0.0,0.8
full_seed42_scaling_0p0_noise0p1_s5_a0p2_b0p7,42,scaling,0.0,0.1,5,0.2,1.0,1.0,0.886459916122894,0.0,0.7
full_seed42_scaling_0p0_noise0p1_s5_a0p3_b0p8,42,scaling,0.0,0.1,5,0.3,1.0,1.0,0.886459916122894,0.0,0.8
full_seed42_scaling_0p0_noise0p1_s9_a0p2_b0p7,42,scaling,0.0,0.1,9,0.2,1.0,1.0,0.8165070868794124,0.0,0.7
full_seed42_scaling_0p0_noise0p1_s9_a0p3_b0p8,42,scaling,0.0,0.1,9,0.3,1.0,1.0,0.8165070868794124,0.0,0.8
full_seed42_scaling_0p0_noise0p25_s13_a0p2_b0p7,42,scaling,0.0,0.25,13,0.2,1.0,0.5833333333333334,0.7194763352304356,0.0,0.7
full_seed42_scaling_0p0_noise0p25_s13_a0p3_b0p8,42,scaling,0.0,0.25,13,0.3,1.0,0.5833333333333334,0.7194763352304356,0.0,0.8
full_seed42_scaling_0p0_noise0p25_s5_a0p2_b0p7,42,scaling,0.0,0.25,5,0.2,1.0,0.9958333333333332,0.870575060587834,0.0,0.7
full_seed42_scaling_0p0_noise0p25_s5_a0p3_b0p8,42,scaling,0.0,0.25,5,0.3,1.0,0.9958333333333332,0.870575060587834,0.0,0.8
full_seed42_scaling_0p0_noise0p25_s9_a0p2_b0p7,42,scaling,0.0,0.25,9,0.2,1.0,0.9916666666666668,0.8026484763129607,0.0,0.7
full_seed42_scaling_0p0_noise0p25_s9_a0p3_b0p8,42,scaling,0.0,0.25,9,0.3,1.0,0.9916666666666668,0.8026484763129607,0.0,0.8
full_seed42_scaling_0p0_noise0p5_s13_a0p2_b0p7,42,scaling,0.0,0.5,13,0.2,1.1708333333333334,0.5,0.6972664702296207,0.1833333333333333,0.7
full_seed42_scaling_0p0_noise0p5_s13_a0p3_b0p8,42,scaling,0.0,0.5,13,0.3,1.1708333333333334,0.5,0.6972664702296207,0.1833333333333333,0.8
full_seed42_scaling_0p0_noise0p5_s5_a0p2_b0p7,42,scaling,0.0,0.5,5,0.2,1.0166666666666666,0.9666666666666668,0.8268670853006412,0.0166666666666666,0.7
full_seed42_scaling_0p0_noise0p5_s5_a0p3_b0p8,42,scaling,0.0,0.5,5,0.3,1.0166666666666666,0.9666666666666668,0.8268670853006412,0.0166666666666666,0.8
full_seed42_scaling_0p0_noise0p5_s9_a0p2_b0p7,42,scaling,0.0,0.5,9,0.2,1.05,0.9125,0.7693062434138663,0.05,0.7
full_seed42_scaling_0p0_noise0p5_s9_a0p3_b0p8,42,scaling,0.0,0.5,9,0.3,1.05,0.9125,0.7693062434138663,0.05,0.8
full_seed42_scaling_0p1_noise0p1_s13_a0p2_b0p7,42,scaling,0.1,0.1,13,0.2,1.0,0.625,0.7300571823331947,0.0,0.7
full_seed42_scaling_0p1_noise0p1_s13_a0p3_b0p8,42,scaling,0.1,0.1,13,0.3,1.0,0.625,0.7300571823331947,0.0,0.8
full_seed42_scaling_0p1_noise0p1_s5_a0p2_b0p7,42,scaling,0.1,0.1,5,0.2,1.0,1.0,0.886459916122894,0.0,0.7
full_seed42_scaling_0p1_noise0p1_s5_a0p3_b0p8,42,scaling,0.1,0.1,5,0.3,1.0,1.0,0.886459916122894,0.0,0.8
full_seed42_scaling_0p1_noise0p1_s9_a0p2_b0p7,42,scaling,0.1,0.1,9,0.2,1.0,1.0,0.81373214764389,0.0,0.7
full_seed42_scaling_0p1_noise0p1_s9_a0p3_b0p8,42,scaling,0.1,0.1,9,0.3,1.0,1.0,0.81373214764389,0.0,0.8
full_seed42_scaling_0p1_noise0p25_s13_a0p2_b0p7,42,scaling,0.1,0.25,13,0.2,1.0,0.5708333333333333,0.7170944599171728,0.0,0.7
full_seed42_scaling_0p1_noise0p25_s13_a0p3_b0p8,42,scaling,0.1,0.25,13,0.3,1.0,0.5708333333333333,0.7170944599171728,0.0,0.8
full_seed42_scaling_0p1_noise0p25_s5_a0p2_b0p7,42,scaling,0.1,0.25,5,0.2,1.0,0.9958333333333332,0.870575060587834,0.0,0.7
full_seed42_scaling_0p1_noise0p25_s5_a0p3_b0p8,42,scaling,0.1,0.25,5,0.3,1.0,0.9958333333333332,0.870575060587834,0.0,0.8
full_seed42_scaling_0p1_noise0p25_s9_a0p2_b0p7,42,scaling,0.1,0.25,9,0.2,1.0,0.9916666666666668,0.800425131281024,0.0,0.7
full_seed42_scaling_0p1_noise0p25_s9_a0p3_b0p8,42,scaling,0.1,0.25,9,0.3,1.0,0.9916666666666668,0.800425131281024,0.0,0.8
full_seed42_scaling_0p1_noise0p5_s13_a0p2_b0p7,42,scaling,0.1,0.5,13,0.2,1.175,0.4875,0.6954746805710053,0.1875,0.7
full_seed42_scaling_0p1_noise0p5_s13_a0p3_b0p8,42,scaling,0.1,0.5,13,0.3,1.175,0.4875,0.6954746805710053,0.1875,0.8
full_seed42_scaling_0p1_noise0p5_s5_a0p2_b0p7,42,scaling,0.1,0.5,5,0.2,1.0166666666666666,0.9666666666666668,0.8268670853006412,0.0166666666666666,0.7
full_seed42_scaling_0p1_noise0p5_s5_a0p3_b0p8,42,scaling,0.1,0.5,5,0.3,1.0166666666666666,0.9666666666666668,0.8268670853006412,0.0166666666666666,0.8
full_seed42_scaling_0p1_noise0p5_s9_a0p2_b0p7,42,scaling,0.1,0.5,9,0.2,1.05,0.9041666666666668,0.7678251569229071,0.05,0.7
full_seed42_scaling_0p1_noise0p5_s9_a0p3_b0p8,42,scaling,0.1,0.5,9,0.3,1.05,0.9041666666666668,0.7678251569229071,0.05,0.8
full_seed42_scaling_0p2_noise0p1_s13_a0p2_b0p7,42,scaling,0.2,0.1,13,0.2,1.0,0.6208333333333333,0.7254433815776938,0.0,0.7
full_seed42_scaling_0p2_noise0p1_s13_a0p3_b0p8,42,scaling,0.2,0.1,13,0.3,1.0,0.6208333333333333,0.7254433815776938,0.0,0.8
full_seed42_scaling_0p2_noise0p1_s5_a0p2_b0p7,42,scaling,0.2,0.1,5,0.2,1.0,1.0,0.8820556179930331,0.0,0.7
full_seed42_scaling_0p2_noise0p1_s5_a0p3_b0p8,42,scaling,0.2,0.1,5,0.3,1.0,1.0,0.8820556179930331,0.0,0.8
full_seed42_scaling_0p2_noise0p1_s9_a0p2_b0p7,42,scaling,0.2,0.1,9,0.2,1.0,1.0,0.811506072154248,0.0,0.7
full_seed42_scaling_0p2_noise0p1_s9_a0p3_b0p8,42,scaling,0.2,0.1,9,0.3,1.0,1.0,0.811506072154248,0.0,0.8
full_seed42_scaling_0p2_noise0p25_s13_a0p2_b0p7,42,scaling,0.2,0.25,13,0.2,1.0,0.5625,0.7125999843278864,0.0,0.7
full_seed42_scaling_0p2_noise0p25_s13_a0p3_b0p8,42,scaling,0.2,0.25,13,0.3,1.0,0.5625,0.7125999843278864,0.0,0.8
full_seed42_scaling_0p2_noise0p25_s5_a0p2_b0p7,42,scaling,0.2,0.25,5,0.2,1.0,0.9958333333333332,0.867477635384617,0.0,0.7
full_seed42_scaling_0p2_noise0p25_s5_a0p3_b0p8,42,scaling,0.2,0.25,5,0.3,1.0,0.9958333333333332,0.867477635384617,0.0,0.8
full_seed42_scaling_0p2_noise0p25_s9_a0p2_b0p7,42,scaling,0.2,0.25,9,0.2,1.0,0.9875,0.7984157555416317,0.0,0.7
full_seed42_scaling_0p2_noise0p25_s9_a0p3_b0p8,42,scaling,0.2,0.25,9,0.3,1.0,0.9875,0.7984157555416317,0.0,0.8
full_seed42_scaling_0p2_noise0p5_s13_a0p2_b0p7,42,scaling,0.2,0.5,13,0.2,1.175,0.4666666666666667,0.6914544070421127,0.1875,0.7
full_seed42_scaling_0p2_noise0p5_s13_a0p3_b0p8,42,scaling,0.2,0.5,13,0.3,1.175,0.4666666666666667,0.6914544070421127,0.1875,0.8
full_seed42_scaling_0p2_noise0p5_s5_a0p2_b0p7,42,scaling,0.2,0.5,5,0.2,1.0166666666666666,0.9708333333333332,0.8254849171716991,0.0166666666666666,0.7
full_seed42_scaling_0p2_noise0p5_s5_a0p3_b0p8,42,scaling,0.2,0.5,5,0.3,1.0166666666666666,0.9708333333333332,0.8254849171716991,0.0166666666666666,0.8
full_seed42_scaling_0p2_noise0p5_s9_a0p2_b0p7,42,scaling,0.2,0.5,9,0.2,1.0541666666666667,0.8958333333333334,0.7663358477807554,0.0541666666666666,0.7
full_seed42_scaling_0p2_noise0p5_s9_a0p3_b0p8,42,scaling,0.2,0.5,9,0.3,1.0541666666666667,0.8958333333333334,0.7663358477807554,0.0541666666666666,0.8
full_seed42_scaling_0p3_noise0p1_s13_a0p2_b0p7,42,scaling,0.3,0.1,13,0.2,1.0,0.6208333333333333,0.7234003063658115,0.0,0.7
full_seed42_scaling_0p3_noise0p1_s13_a0p3_b0p8,42,scaling,0.3,0.1,13,0.3,1.0,0.6208333333333333,0.7234003063658115,0.0,0.8
full_seed42_scaling_0p3_noise0p1_s5_a0p2_b0p7,42,scaling,0.3,0.1,5,0.2,1.0,1.0,0.8797423154900268,0.0,0.7
full_seed42_scaling_0p3_noise0p1_s5_a0p3_b0p8,42,scaling,0.3,0.1,5,0.3,1.0,1.0,0.8797423154900268,0.0,0.8
full_seed42_scaling_0p3_noise0p1_s9_a0p2_b0p7,42,scaling,0.3,0.1,9,0.2,1.0,1.0,0.8096661169285587,0.0,0.7
full_seed42_scaling_0p3_noise0p1_s9_a0p3_b0p8,42,scaling,0.3,0.1,9,0.3,1.0,1.0,0.8096661169285587,0.0,0.8
full_seed42_scaling_0p3_noise0p25_s13_a0p2_b0p7,42,scaling,0.3,0.25,13,0.2,1.0,0.5583333333333333,0.7106831740275151,0.0,0.7
full_seed42_scaling_0p3_noise0p25_s13_a0p3_b0p8,42,scaling,0.3,0.25,13,0.3,1.0,0.5583333333333333,0.7106831740275151,0.0,0.8
full_seed42_scaling_0p3_noise0p25_s5_a0p2_b0p7,42,scaling,0.3,0.25,5,0.2,1.0,0.9958333333333332,0.8654935194572999,0.0,0.7
full_seed42_scaling_0p3_noise0p25_s5_a0p3_b0p8,42,scaling,0.3,0.25,5,0.3,1.0,0.9958333333333332,0.8654935194572999,0.0,0.8
full_seed42_scaling_0p3_noise0p25_s9_a0p2_b0p7,42,scaling,0.3,0.25,9,0.2,1.0,0.9875,0.7966067591865045,0.0,0.7
full_seed42_scaling_0p3_noise0p25_s9_a0p3_b0p8,42,scaling,0.3,0.25,9,0.3,1.0,0.9875,0.7966067591865045,0.0,0.8
full_seed42_scaling_0p3_noise0p5_s13_a0p2_b0p7,42,scaling,0.3,0.5,13,0.2,1.1708333333333334,0.4666666666666667,0.6895854676490284,0.1833333333333333,0.7
full_seed42_scaling_0p3_noise0p5_s13_a0p3_b0p8,42,scaling,0.3,0.5,13,0.3,1.1708333333333334,0.4666666666666667,0.6895854676490284,0.1833333333333333,0.8
full_seed42_scaling_0p3_noise0p5_s5_a0p2_b0p7,42,scaling,0.3,0.5,5,0.2,1.0208333333333333,0.9583333333333334,0.8242599901184733,0.0208333333333333,0.7
full_seed42_scaling_0p3_noise0p5_s5_a0p3_b0p8,42,scaling,0.3,0.5,5,0.3,1.0208333333333333,0.9583333333333334,0.8242599901184733,0.0208333333333333,0.8
full_seed42_scaling_0p3_noise0p5_s9_a0p2_b0p7,42,scaling,0.3,0.5,9,0.2,1.0541666666666667,0.9,0.7648373506388128,0.0541666666666666,0.7
full_seed42_scaling_0p3_noise0p5_s9_a0p3_b0p8,42,scaling,0.3,0.5,9,0.3,1.0541666666666667,0.9,0.7648373506388128,0.0541666666666666,0.8
full_seed42_scaling_0p4_noise0p1_s13_a0p2_b0p7,42,scaling,0.4,0.1,13,0.2,1.0,0.6208333333333333,0.7215534517907211,0.0,0.7
full_seed42_scaling_0p4_noise0p1_s13_a0p3_b0p8,42,scaling,0.4,0.1,13,0.3,1.0,0.6208333333333333,0.7215534517907211,0.0,0.8
full_seed42_scaling_0p4_noise0p1_s5_a0p2_b0p7,42,scaling,0.4,0.1,5,0.2,1.0,1.0,0.8797423154900268,0.0,0.7
full_seed42_scaling_0p4_noise0p1_s5_a0p3_b0p8,42,scaling,0.4,0.1,5,0.3,1.0,1.0,0.8797423154900268,0.0,0.8
full_seed42_scaling_0p4_noise0p1_s9_a0p2_b0p7,42,scaling,0.4,0.1,9,0.2,1.0,1.0,0.8081958177624806,0.0,0.7
full_seed42_scaling_0p4_noise0p1_s9_a0p3_b0p8,42,scaling,0.4,0.1,9,0.3,1.0,1.0,0.8081958177624806,0.0,0.8
full_seed42_scaling_0p4_noise0p25_s13_a0p2_b0p7,42,scaling,0.4,0.25,13,0.2,1.0,0.5458333333333333,0.7088046528955689,0.0,0.7
full_seed42_scaling_0p4_noise0p25_s13_a0p3_b0p8,42,scaling,0.4,0.25,13,0.3,1.0,0.5458333333333333,0.7088046528955689,0.0,0.8
full_seed42_scaling_0p4_noise0p25_s5_a0p2_b0p7,42,scaling,0.4,0.25,5,0.2,1.0,0.9958333333333332,0.8654935194572999,0.0,0.7
full_seed42_scaling_0p4_noise0p25_s5_a0p3_b0p8,42,scaling,0.4,0.25,5,0.3,1.0,0.9958333333333332,0.8654935194572999,0.0,0.8
full_seed42_scaling_0p4_noise0p25_s9_a0p2_b0p7,42,scaling,0.4,0.25,9,0.2,1.0,0.9875,0.795396724914741,0.0,0.7
full_seed42_scaling_0p4_noise0p25_s9_a0p3_b0p8,42,scaling,0.4,0.25,9,0.3,1.0,0.9875,0.795396724914741,0.0,0.8
full_seed42_scaling_0p4_noise0p5_s13_a0p2_b0p7,42,scaling,0.4,0.5,13,0.2,1.175,0.4583333333333333,0.6880318583050592,0.1875,0.7
full_seed42_scaling_0p4_noise0p5_s13_a0p3_b0p8,42,scaling,0.4,0.5,13,0.3,1.175,0.4583333333333333,0.6880318583050592,0.1875,0.8
full_seed42_scaling_0p4_noise0p5_s5_a0p2_b0p7,42,scaling,0.4,0.5,5,0.2,1.0208333333333333,0.9583333333333334,0.8242599901184733,0.0208333333333333,0.7
full_seed42_scaling_0p4_noise0p5_s5_a0p3_b0p8,42,scaling,0.4,0.5,5,0.3,1.0208333333333333,0.9583333333333334,0.8242599901184733,0.0208333333333333,0.8
full_seed42_scaling_0p4_noise0p5_s9_a0p2_b0p7,42,scaling,0.4,0.5,9,0.2,1.0625,0.9,0.7650553832314875,0.0625,0.7
full_seed42_scaling_0p4_noise0p5_s9_a0p3_b0p8,42,scaling,0.4,0.5,9,0.3,1.0625,0.9,0.7650553832314875,0.0625,0.8
full_seed42_spike_0p0_noise0p1_s13_a0p2_b0p7,42,spike,0.0,0.1,13,0.2,1.0,0.6291666666666667,0.7327074056031726,0.0,0.7
full_seed42_spike_0p0_noise0p1_s13_a0p3_b0p8,42,spike,0.0,0.1,13,0.3,1.0,0.6291666666666667,0.7327074056031726,0.0,0.8
full_seed42_spike_0p0_noise0p1_s5_a0p2_b0p7,42,spike,0.0,0.1,5,0.2,1.0,1.0,0.886459916122894,0.0,0.7
full_seed42_spike_0p0_noise0p1_s5_a0p3_b0p8,42,spike,0.0,0.1,5,0.3,1.0,1.0,0.886459916122894,0.0,0.8
full_seed42_spike_0p0_noise0p1_s9_a0p2_b0p7,42,spike,0.0,0.1,9,0.2,1.0,1.0,0.8165070868794124,0.0,0.7
full_seed42_spike_0p0_noise0p1_s9_a0p3_b0p8,42,spike,0.0,0.1,9,0.3,1.0,1.0,0.8165070868794124,0.0,0.8
full_seed42_spike_0p0_noise0p25_s13_a0p2_b0p7,42,spike,0.0,0.25,13,0.2,1.0,0.5833333333333334,0.7194763352304356,0.0,0.7
full_seed42_spike_0p0_noise0p25_s13_a0p3_b0p8,42,spike,0.0,0.25,13,0.3,1.0,0.5833333333333334,0.7194763352304356,0.0,0.8
full_seed42_spike_0p0_noise0p25_s5_a0p2_b0p7,42,spike,0.0,0.25,5,0.2,1.0,0.9958333333333332,0.870575060587834,0.0,0.7
full_seed42_spike_0p0_noise0p25_s5_a0p3_b0p8,42,spike,0.0,0.25,5,0.3,1.0,0.9958333333333332,0.870575060587834,0.0,0.8
full_seed42_spike_0p0_noise0p25_s9_a0p2_b0p7,42,spike,0.0,0.25,9,0.2,1.0,0.9916666666666668,0.8026484763129607,0.0,0.7
full_seed42_spike_0p0_noise0p25_s9_a0p3_b0p8,42,spike,0.0,0.25,9,0.3,1.0,0.9916666666666668,0.8026484763129607,0.0,0.8
full_seed42_spike_0p0_noise0p5_s13_a0p2_b0p7,42,spike,0.0,0.5,13,0.2,1.1708333333333334,0.5,0.6972664702296207,0.1833333333333333,0.7
full_seed42_spike_0p0_noise0p5_s13_a0p3_b0p8,42,spike,0.0,0.5,13,0.3,1.1708333333333334,0.5,0.6972664702296207,0.1833333333333333,0.8
full_seed42_spike_0p0_noise0p5_s5_a0p2_b0p7,42,spike,0.0,0.5,5,0.2,1.0166666666666666,0.9666666666666668,0.8268670853006412,0.0166666666666666,0.7
full_seed42_spike_0p0_noise0p5_s5_a0p3_b0p8,42,spike,0.0,0.5,5,0.3,1.0166666666666666,0.9666666666666668,0.8268670853006412,0.0166666666666666,0.8
full_seed42_spike_0p0_noise0p5_s9_a0p2_b0p7,42,spike,0.0,0.5,9,0.2,1.05,0.9125,0.7693062434138663,0.05,0.7
full_seed42_spike_0p0_noise0p5_s9_a0p3_b0p8,42,spike,0.0,0.5,9,0.3,1.05,0.9125,0.7693062434138663,0.05,0.8
full_seed42_spike_0p1_noise0p1_s13_a0p2_b0p7,42,spike,0.1,0.1,13,0.2,1.4,0.625,0.7307099186077826,0.4,0.7
full_seed42_spike_0p1_noise0p1_s13_a0p3_b0p8,42,spike,0.1,0.1,13,0.3,1.4,0.625,0.7307099186077826,0.4,0.8
full_seed42_spike_0p1_noise0p1_s5_a0p2_b0p7,42,spike,0.1,0.1,5,0.2,1.0,1.0,0.886459916122894,0.0,0.7
full_seed42_spike_0p1_noise0p1_s5_a0p3_b0p8,42,spike,0.1,0.1,5,0.3,1.0,1.0,0.886459916122894,0.0,0.8
full_seed42_spike_0p1_noise0p1_s9_a0p2_b0p7,42,spike,0.1,0.1,9,0.2,1.4,1.0,0.8120316133096708,0.4,0.7
full_seed42_spike_0p1_noise0p1_s9_a0p3_b0p8,42,spike,0.1,0.1,9,0.3,1.4,1.0,0.8120316133096708,0.4,0.8
full_seed42_spike_0p1_noise0p25_s13_a0p2_b0p7,42,spike,0.1,0.25,13,0.2,1.4,0.5708333333333333,0.7170631284520596,0.4,0.7
full_seed42_spike_0p1_noise0p25_s13_a0p3_b0p8,42,spike,0.1,0.25,13,0.3,1.4,0.5708333333333333,0.7170631284520596,0.4,0.8
full_seed42_spike_0p1_noise0p25_s5_a0p2_b0p7,42,spike,0.1,0.25,5,0.2,1.0,0.9958333333333332,0.870575060587834,0.0,0.7
full_seed42_spike_0p1_noise0p25_s5_a0p3_b0p8,42,spike,0.1,0.25,5,0.3,1.0,0.9958333333333332,0.870575060587834,0.0,0.8
full_seed42_spike_0p1_noise0p25_s9_a0p2_b0p7,42,spike,0.1,0.25,9,0.2,1.4,0.9875,0.7986699303939405,0.4041666666666667,0.7
full_seed42_spike_0p1_noise0p25_s9_a0p3_b0p8,42,spike,0.1,0.25,9,0.3,1.4,0.9875,0.7986699303939405,0.4041666666666667,0.8
full_seed42_spike_0p1_noise0p5_s13_a0p2_b0p7,42,spike,0.1,0.5,13,0.2,1.475,0.4875,0.6947906077603883,0.5916666666666667,0.7
full_seed42_spike_0p1_noise0p5_s13_a0p3_b0p8,42,spike,0.1,0.5,13,0.3,1.475,0.4875,0.6947906077603883,0.5916666666666667,0.8
full_seed42_spike_0p1_noise0p5_s5_a0p2_b0p7,42,spike,0.1,0.5,5,0.2,1.0166666666666666,0.9666666666666668,0.8268670853006412,0.0166666666666666,0.7
full_seed42_spike_0p1_noise0p5_s5_a0p3_b0p8,42,spike,0.1,0.5,5,0.3,1.0166666666666666,0.9666666666666668,0.8268670853006412,0.0166666666666666,0.8
full_seed42_spike_0p1_noise0p5_s9_a0p2_b0p7,42,spike,0.1,0.5,9,0.2,1.4333333333333331,0.9041666666666668,0.7682332596602486,0.475,0.7
full_seed42_spike_0p1_noise0p5_s9_a0p3_b0p8,42,spike,0.1,0.5,9,0.3,1.4333333333333331,0.9041666666666668,0.7682332596602486,0.475,0.8
full_seed42_spike_0p2_noise0p1_s13_a0p2_b0p7,42,spike,0.2,0.1,13,0.2,1.4041666666666666,0.6416666666666667,0.7293804423468749,1.2041666666666666,0.7
full_seed42_spike_0p2_noise0p1_s13_a0p3_b0p8,42,spike,0.2,0.1,13,0.3,1.4041666666666666,0.6416666666666667,0.7293804423468749,1.2041666666666666,0.8
full_seed42_spike_0p2_noise0p1_s5_a0p2_b0p7,42,spike,0.2,0.1,5,0.2,1.4,1.0,0.8851327249041391,0.4,0.7
full_seed42_spike_0p2_noise0p1_s5_a0p3_b0p8,42,spike,0.2,0.1,5,0.3,1.4,1.0,0.8851327249041391,0.4,0.8
full_seed42_spike_0p2_noise0p1_s9_a0p2_b0p7,42,spike,0.2,0.1,9,0.2,1.4041666666666666,1.0,0.807232759877862,0.8,0.7
full_seed42_spike_0p2_noise0p1_s9_a0p3_b0p8,42,spike,0.2,0.1,9,0.3,1.4041666666666666,1.0,0.807232759877862,0.8,0.8
full_seed42_spike_0p2_noise0p25_s13_a0p2_b0p7,42,spike,0.2,0.25,13,0.2,1.4041666666666666,0.5708333333333333,0.7150565746261658,1.2083333333333333,0.7
full_seed42_spike_0p2_noise0p25_s13_a0p3_b0p8,42,spike,0.2,0.25,13,0.3,1.4041666666666666,0.5708333333333333,0.7150565746261658,1.2083333333333333,0.8
full_seed42_spike_0p2_noise0p25_s5_a0p2_b0p7,42,spike,0.2,0.25,5,0.2,1.4,0.9958333333333332,0.8685021785779675,0.4,0.7
full_seed42_spike_0p2_noise0p25_s5_a0p3_b0p8,42,spike,0.2,0.25,5,0.3,1.4,0.9958333333333332,0.8685021785779675,0.4,0.8
full_seed42_spike_0p2_noise0p25_s9_a0p2_b0p7,42,spike,0.2,0.25,9,0.2,1.4041666666666666,0.9791666666666666,0.794587683710954,0.8041666666666667,0.7
full_seed42_spike_0p2_noise0p25_s9_a0p3_b0p8,42,spike,0.2,0.25,9,0.3,1.4041666666666666,0.9791666666666666,0.794587683710954,0.8041666666666667,0.8
full_seed42_spike_0p2_noise0p5_s13_a0p2_b0p7,42,spike,0.2,0.5,13,0.2,1.4791666666666667,0.4916666666666666,0.6952047381477499,1.4583333333333333,0.7
full_seed42_spike_0p2_noise0p5_s13_a0p3_b0p8,42,spike,0.2,0.5,13,0.3,1.4791666666666667,0.4916666666666666,0.6952047381477499,1.4583333333333333,0.8
full_seed42_spike_0p2_noise0p5_s5_a0p2_b0p7,42,spike,0.2,0.5,5,0.2,1.4083333333333334,0.9666666666666668,0.8245602584067825,0.4166666666666667,0.7
full_seed42_spike_0p2_noise0p5_s5_a0p3_b0p8,42,spike,0.2,0.5,5,0.3,1.4083333333333334,0.9666666666666668,0.8245602584067825,0.4166666666666667,0.8
full_seed42_spike_0p2_noise0p5_s9_a0p2_b0p7,42,spike,0.2,0.5,9,0.2,1.4416666666666669,0.8958333333333334,0.7692301031863867,0.9125,0.7
full_seed42_spike_0p2_noise0p5_s9_a0p3_b0p8,42,spike,0.2,0.5,9,0.3,1.4416666666666669,0.8958333333333334,0.7692301031863867,0.9125,0.8
full_seed42_spike_0p3_noise0p1_s13_a0p2_b0p7,42,spike,0.3,0.1,13,0.2,1.4083333333333334,0.6458333333333334,0.7305550967587247,1.6125,0.7
full_seed42_spike_0p3_noise0p1_s13_a0p3_b0p8,42,spike,0.3,0.1,13,0.3,1.4083333333333334,0.6458333333333334,0.7305550967587247,1.6125,0.8
full_seed42_spike_0p3_noise0p1_s5_a0p2_b0p7,42,spike,0.3,0.1,5,0.2,1.4,1.0,0.885438264266954,0.8,0.7
full_seed42_spike_0p3_noise0p1_s5_a0p3_b0p8,42,spike,0.3,0.1,5,0.3,1.4,1.0,0.885438264266954,0.8,0.8
full_seed42_spike_0p3_noise0p1_s9_a0p2_b0p7,42,spike,0.3,0.1,9,0.2,1.4041666666666666,0.9958333333333332,0.8003307637525007,1.2,0.7
full_seed42_spike_0p3_noise0p1_s9_a0p3_b0p8,42,spike,0.3,0.1,9,0.3,1.4041666666666666,0.9958333333333332,0.8003307637525007,1.2,0.8
full_seed42_spike_0p3_noise0p25_s13_a0p2_b0p7,42,spike,0.3,0.25,13,0.2,1.4083333333333334,0.5708333333333333,0.7149592926793443,1.6166666666666667,0.7
full_seed42_spike_0p3_noise0p25_s13_a0p3_b0p8,42,spike,0.3,0.25,13,0.3,1.4083333333333334,0.5708333333333333,0.7149592926793443,1.6166666666666667,0.8
full_seed42_spike_0p3_noise0p25_s5_a0p2_b0p7,42,spike,0.3,0.25,5,0.2,1.3958333333333333,0.9916666666666668,0.8687930880603469,0.7916666666666666,0.7
full_seed42_spike_0p3_noise0p25_s5_a0p3_b0p8,42,spike,0.3,0.25,5,0.3,1.3958333333333333,0.9916666666666668,0.8687930880603469,0.7916666666666666,0.8
full_seed42_spike_0p3_noise0p25_s9_a0p2_b0p7,42,spike,0.3,0.25,9,0.2,1.4041666666666666,0.9625,0.789603256378896,1.2125,0.7
full_seed42_spike_0p3_noise0p25_s9_a0p3_b0p8,42,spike,0.3,0.25,9,0.3,1.4041666666666666,0.9625,0.789603256378896,1.2125,0.8
full_seed42_spike_0p3_noise0p5_s13_a0p2_b0p7,42,spike,0.3,0.5,13,0.2,1.4875,0.5,0.6960293683707593,1.9041666666666663,0.7
full_seed42_spike_0p3_noise0p5_s13_a0p3_b0p8,42,spike,0.3,0.5,13,0.3,1.4875,0.5,0.6960293683707593,1.9041666666666663,0.8
full_seed42_spike_0p3_noise0p5_s5_a0p2_b0p7,42,spike,0.3,0.5,5,0.2,1.375,0.9291666666666668,0.8101724201556696,0.7333333333333333,0.7
full_seed42_spike_0p3_noise0p5_s5_a0p3_b0p8,42,spike,0.3,0.5,5,0.3,1.375,0.9291666666666668,0.8101724201556696,0.7333333333333333,0.8
full_seed42_spike_0p3_noise0p5_s9_a0p2_b0p7,42,spike,0.3,0.5,9,0.2,1.4416666666666669,0.8666666666666667,0.7683716385751017,1.3458333333333334,0.7
full_seed42_spike_0p3_noise0p5_s9_a0p3_b0p8,42,spike,0.3,0.5,9,0.3,1.4416666666666669,0.8666666666666667,0.7683716385751017,1.3458333333333334,0.8
full_seed42_spike_0p4_noise0p1_s13_a0p2_b0p7,42,spike,0.4,0.1,13,0.2,1.4125,0.6916666666666667,0.7357480287026944,2.0125,0.7
full_seed42_spike_0p4_noise0p1_s13_a0p3_b0p8,42,spike,0.4,0.1,13,0.3,1.4125,0.6916666666666667,0.7357480287026944,2.0125,0.8
full_seed42_spike_0p4_noise0p1_s5_a0p2_b0p7,42,spike,0.4,0.1,5,0.2,1.4,1.0,0.885438264266954,0.8,0.7
full_seed42_spike_0p4_noise0p1_s5_a0p3_b0p8,42,spike,0.4,0.1,5,0.3,1.4,1.0,0.885438264266954,0.8,0.8
full_seed42_spike_0p4_noise0p1_s9_a0p2_b0p7,42,spike,0.4,0.1,9,0.2,1.4041666666666666,0.9583333333333334,0.7898425568290245,1.6,0.7
full_seed42_spike_0p4_noise0p1_s9_a0p3_b0p8,42,spike,0.4,0.1,9,0.3,1.4041666666666666,0.9583333333333334,0.7898425568290245,1.6,0.8
full_seed42_spike_0p4_noise0p25_s13_a0p2_b0p7,42,spike,0.4,0.25,13,0.2,1.4083333333333334,0.6041666666666666,0.7209171397879539,2.0416666666666665,0.7
full_seed42_spike_0p4_noise0p25_s13_a0p3_b0p8,42,spike,0.4,0.25,13,0.3,1.4083333333333334,0.6041666666666666,0.7209171397879539,2.0416666666666665,0.8
full_seed42_spike_0p4_noise0p25_s5_a0p2_b0p7,42,spike,0.4,0.25,5,0.2,1.3958333333333333,0.9916666666666668,0.8687930880603469,0.7916666666666666,0.7
full_seed42_spike_0p4_noise0p25_s5_a0p3_b0p8,42,spike,0.4,0.25,5,0.3,1.3958333333333333,0.9916666666666668,0.8687930880603469,0.7916666666666666,0.8
full_seed42_spike_0p4_noise0p25_s9_a0p2_b0p7,42,spike,0.4,0.25,9,0.2,1.4041666666666666,0.8708333333333333,0.7806540362749116,1.6166666666666667,0.7
full_seed42_spike_0p4_noise0p25_s9_a0p3_b0p8,42,spike,0.4,0.25,9,0.3,1.4041666666666666,0.8708333333333333,0.7806540362749116,1.6166666666666667,0.8
full_seed42_spike_0p4_noise0p5_s13_a0p2_b0p7,42,spike,0.4,0.5,13,0.2,1.4875,0.5333333333333333,0.7032258029678528,2.379166666666667,0.7
full_seed42_spike_0p4_noise0p5_s13_a0p3_b0p8,42,spike,0.4,0.5,13,0.3,1.4875,0.5333333333333333,0.7032258029678528,2.379166666666667,0.8
full_seed42_spike_0p4_noise0p5_s5_a0p2_b0p7,42,spike,0.4,0.5,5,0.2,1.375,0.9291666666666668,0.8101724201556696,0.7333333333333333,0.7
full_seed42_spike_0p4_noise0p5_s5_a0p3_b0p8,42,spike,0.4,0.5,5,0.3,1.375,0.9291666666666668,0.8101724201556696,0.7333333333333333,0.8
full_seed42_spike_0p4_noise0p5_s9_a0p2_b0p7,42,spike,0.4,0.5,9,0.2,1.4333333333333331,0.8208333333333333,0.759907597970397,1.75,0.7
full_seed42_spike_0p4_noise0p5_s9_a0p3_b0p8,42,spike,0.4,0.5,9,0.3,1.4333333333333331,0.8208333333333333,0.759907597970397,1.75,0.8
