scenario,seed,attack_type,attack_ratio,sensor_noise_level,sensors_per_group,alpha,method,mae,rmse,median_absolute_error,p95_absolute_error,max_absolute_error,beta
full_seed101_bias_0p0_noise0p1_s13_a0p2_b0p7,101,bias,0.0,0.1,13,0.2,fpr_owa,1.2005996835464343,1.2492934636752335,1.1936329513941824,1.6485568056889095,1.7438379620698026,0.7
full_seed101_bias_0p0_noise0p1_s13_a0p2_b0p7,101,bias,0.0,0.1,13,0.2,crp,1.2005996835464343,1.2492934636752335,1.1936329513941824,1.6485568056889095,1.7438379620698026,0.7
full_seed101_bias_0p0_noise0p1_s13_a0p3_b0p8,101,bias,0.0,0.1,13,0.3,fpr_owa,1.459851850307026,1.5405262522493737,1.4105131735776282,2.0889440810659385,2.241185361713773,0.8
full_seed101_bias_0p0_noise0p1_s13_a0p3_b0p8,101,bias,0.0,0.1,13,0.3,crp,1.459851850307026,1.5405262522493737,1.4105131735776282,2.0889440810659385,2.241185361713773,0.8
full_seed101_bias_0p0_noise0p1_s5_a0p2_b0p7,101,bias,0.0,0.1,5,0.2,fpr_owa,1.767117669704048,1.8354108405671965,1.6600840900874871,2.4665471628706577,2.623309323256321,0.7
full_seed101_bias_0p0_noise0p1_s5_a0p2_b0p7,101,bias,0.0,0.1,5,0.2,crp,1.767117669704048,1.8354108405671965,1.6600840900874871,2.4665471628706577,2.623309323256321,0.7
full_seed101_bias_0p0_noise0p1_s5_a0p3_b0p8,101,bias,0.0,0.1,5,0.3,fpr_owa,1.7626268134227294,1.838567579606963,1.6659867656620362,2.496622538502625,2.5856445900776754,0.8
full_seed101_bias_0p0_noise0p1_s5_a0p3_b0p8,101,bias,0.0,0.1,5,0.3,crp,1.7626268134227294,1.838567579606963,1.6659867656620362,2.496622538502625,2.5856445900776754,0.8
full_seed101_bias_0p0_noise0p1_s9_a0p2_b0p7,101,bias,0.0,0.1,9,0.2,fpr_owa,1.7649217452909671,1.8188107961041775,1.6358181714411566,2.402411083444426,2.5208303773184952,0.7
full_seed101_bias_0p0_noise0p1_s9_a0p2_b0p7,101,bias,0.0,0.1,9,0.2,crp,1.7649217452909671,1.8188107961041775,1.6358181714411566,2.402411083444426,2.5208303773184952,0.7
full_seed101_bias_0p0_noise0p1_s9_a0p3_b0p8,101,bias,0.0,0.1,9,0.3,fpr_owa,1.748512793146674,1.822359247104944,1.6160641797705488,2.483087558392486,2.621842066792208,0.8
full_seed101_bias_0p0_noise0p1_s9_a0p3_b0p8,101,bias,0.0,0.1,9,0.3,crp,1.748512793146674,1.822359247104944,1.6160641797705488,2.483087558392486,2.621842066792208,0.8
full_seed101_bias_0p0_noise0p25_s13_a0p2_b0p7,101,bias,0.0,0.25,13,0.2,fpr_owa,1.236562460285135,1.2956308708465365,1.2044535377120542,1.82105823882284,1.93807001433504,0.7
full_seed101_bias_0p0_noise0p25_s13_a0p2_b0p7,101,bias,0.0,0.25,13,0.2,crp,1.23792592282417,1.2975706310835515,1.2044535377120542,1.823455705682877,2.0401290678638704,0.7
full_seed101_bias_0p0_noise0p25_s13_a0p3_b0p8,101,bias,0.0,0.25,13,0.3,fpr_owa,1.4423166327854453,1.5394491390162115,1.4096630712143363,2.215127343217554,2.402718544702593,0.8
full_seed101_bias_0p0_noise0p25_s13_a0p3_b0p8,101,bias,0.0,0.25,13,0.3,crp,1.4435529379297427,1.5412596403104573,1.4096630712143363,2.215402441778199,2.4340305606259047,0.8
full_seed101_bias_0p0_noise0p25_s5_a0p2_b0p7,101,bias,0.0,0.25,5,0.2,fpr_owa,1.7336143413815548,1.8099001257236491,1.6922920438569655,2.55417172044426,2.7327033676123493,0.7
full_seed101_bias_0p0_noise0p25_s5_a0p2_b0p7,101,bias,0.0,0.25,5,0.2,crp,1.7336143413815548,1.8099001257236491,1.6922920438569655,2.55417172044426,2.7327033676123493,0.7
full_seed101_bias_0p0_noise0p25_s5_a0p3_b0p8,101,bias,0.0,0.25,5,0.3,fpr_owa,1.7299506229173902,1.809798933912468,1.6661550456250218,2.56977910378971,2.767724316695624,0.8
full_seed101_bias_0p0_noise0p25_s5_a0p3_b0p8,101,bias,0.0,0.25,5,0.3,crp,1.7299506229173902,1.809798933912468,1.6661550456250218,2.56977910378971,2.767724316695624,0.8
full_seed101_bias_0p0_noise0p25_s9_a0p2_b0p7,101,bias,0.0,0.25,9,0.2,fpr_owa,1.7298027951227697,1.795488778870893,1.6024240184477152,2.4398284480022494,2.632631395399988,0.7
full_seed101_bias_0p0_noise0p25_s9_a0p2_b0p7,101,bias,0.0,0.25,9,0.2,crp,1.7298027951227697,1.795488778870893,1.6024240184477152,2.4398284480022494,2.632631395399988,0.7
full_seed101_bias_0p0_noise0p25_s9_a0p3_b0p8,101,bias,0.0,0.25,9,0.3,fpr_owa,1.7256608562942817,1.7990798317672998,1.6358554405371024,2.4886343819454897,2.781453042917504,0.8
full_seed101_bias_0p0_noise0p25_s9_a0p3_b0p8,101,bias,0.0,0.25,9,0.3,crp,1.7256608562942817,1.7990798317672998,1.6358554405371024,2.4886343819454897,2.781453042917504,0.8
full_seed101_bias_0p0_noise0p5_s13_a0p2_b0p7,101,bias,0.0,0.5,13,0.2,fpr_owa,1.2839222170748892,1.3602123416225274,1.240801419563994,2.046768449975125,2.3782249001293287,0.7
full_seed101_bias_0p0_noise0p5_s13_a0p2_b0p7,101,bias,0.0,0.5,13,0.2,crp,1.314497399839868,1.4025424085265137,1.2674135840584235,2.176788966053849,2.501637824569277,0.7
full_seed101_bias_0p0_noise0p5_s13_a0p3_b0p8,101,bias,0.0,0.5,13,0.3,fpr_owa,1.3542700790443412,1.4646362664908377,1.2917001243824369,2.3401931281901307,2.585645126688344,0.8
full_seed101_bias_0p0_noise0p5_s13_a0p3_b0p8,101,bias,0.0,0.5,13,0.3,crp,1.3918040028525296,1.5086911550620083,1.3236439171448255,2.398272568801241,2.6816652677859327,0.8
full_seed101_bias_0p0_noise0p5_s5_a0p2_b0p7,101,bias,0.0,0.5,5,0.2,fpr_owa,1.709271226509631,1.8044491280747168,1.6461929187271442,2.6895015239178703,3.020868080479137,0.7
full_seed101_bias_0p0_noise0p5_s5_a0p2_b0p7,101,bias,0.0,0.5,5,0.2,crp,1.7108937448554966,1.806884459017612,1.6461929187271442,2.6986287482273794,3.020868080479137,0.7
full_seed101_bias_0p0_noise0p5_s5_a0p3_b0p8,101,bias,0.0,0.5,5,0.3,fpr_owa,1.703342370087818,1.80311874125599,1.6345246869770231,2.725174442138963,3.089570498033422,0.8
full_seed101_bias_0p0_noise0p5_s5_a0p3_b0p8,101,bias,0.0,0.5,5,0.3,crp,1.70423412637046,1.8045258351022189,1.6345246869770231,2.725174442138963,3.089570498033422,0.8
full_seed101_bias_0p0_noise0p5_s9_a0p2_b0p7,101,bias,0.0,0.5,9,0.2,fpr_owa,1.70044414129838,1.7783768765686925,1.641228448021633,2.5752813313069827,2.867533613785253,0.7
full_seed101_bias_0p0_noise0p5_s9_a0p2_b0p7,101,bias,0.0,0.5,9,0.2,crp,1.6995412584305176,1.77824065333731,1.641228448021633,2.531861201014098,3.027519993135773,0.7
full_seed101_bias_0p0_noise0p5_s9_a0p3_b0p8,101,bias,0.0,0.5,9,0.3,fpr_owa,1.6909088150660572,1.7716248152131142,1.5885115885765302,2.610265449817572,3.033435246204024,0.8
full_seed101_bias_0p0_noise0p5_s9_a0p3_b0p8,101,bias,0.0,0.5,9,0.3,crp,1.6938066565066163,1.775111223809045,1.6191030876108847,2.611193243515313,3.0867938506811226,0.8
full_seed101_bias_0p1_noise0p1_s13_a0p2_b0p7,101,bias,0.1,0.1,13,0.2,fpr_owa,1.0945410120562316,1.1370475865085845,1.099567270216335,1.5976442639919717,1.7056900502596406,0.7
full_seed101_bias_0p1_noise0p1_s13_a0p2_b0p7,101,bias,0.1,0.1,13,0.2,crp,1.1514649181040373,1.2023880776561815,1.168891645405334,1.5976442639919717,1.7056900502596406,0.7
full_seed101_bias_0p1_noise0p1_s13_a0p3_b0p8,101,bias,0.1,0.1,13,0.3,fpr_owa,1.3699493307176762,1.438702433970864,1.348074613276969,2.033270501072068,2.142828786129591,0.8
full_seed101_bias_0p1_noise0p1_s13_a0p3_b0p8,101,bias,0.1,0.1,13,0.3,crp,1.4207942651629748,1.5019086486977995,1.391686677221362,2.066209612369095,2.142828786129591,0.8
full_seed101_bias_0p1_noise0p1_s5_a0p2_b0p7,101,bias,0.1,0.1,5,0.2,fpr_owa,1.767117669704048,1.8354108405671965,1.6600840900874871,2.4665471628706577,2.623309323256321,0.7
full_seed101_bias_0p1_noise0p1_s5_a0p2_b0p7,101,bias,0.1,0.1,5,0.2,crp,1.767117669704048,1.8354108405671965,1.6600840900874871,2.4665471628706577,2.623309323256321,0.7
full_seed101_bias_0p1_noise0p1_s5_a0p3_b0p8,101,bias,0.1,0.1,5,0.3,fpr_owa,1.7626268134227294,1.838567579606963,1.6659867656620362,2.496622538502625,2.5856445900776754,0.8
full_seed101_bias_0p1_noise0p1_s5_a0p3_b0p8,101,bias,0.1,0.1,5,0.3,crp,1.7626268134227294,1.838567579606963,1.6659867656620362,2.496622538502625,2.5856445900776754,0.8
full_seed101_bias_0p1_noise0p1_s9_a0p2_b0p7,101,bias,0.1,0.1,9,0.2,fpr_owa,1.7131557465842209,1.7607889024167125,1.6216881717871552,2.3895547005391755,2.6068524826656265,0.7
full_seed101_bias_0p1_noise0p1_s9_a0p2_b0p7,101,bias,0.1,0.1,9,0.2,crp,1.7674204639161522,1.8209812494653512,1.6409784210119405,2.4188246931160458,2.53713109078412,0.7
full_seed101_bias_0p1_noise0p1_s9_a0p3_b0p8,101,bias,0.1,0.1,9,0.3,fpr_owa,1.744239095612078,1.810534899220776,1.6160641797705488,2.4780983731805595,2.539427961443164,0.8
full_seed101_bias_0p1_noise0p1_s9_a0p3_b0p8,101,bias,0.1,0.1,9,0.3,crp,1.7448741489061148,1.8193439822749784,1.606401315352528,2.483087558392486,2.596595539416615,0.8
full_seed101_bias_0p1_noise0p25_s13_a0p2_b0p7,101,bias,0.1,0.25,13,0.2,fpr_owa,1.134370672004685,1.184962124752771,1.1262025979673025,1.75234456813075,1.93807001433504,0.7
full_seed101_bias_0p1_noise0p25_s13_a0p2_b0p7,101,bias,0.1,0.25,13,0.2,crp,1.1981493568566566,1.260232787687584,1.1807419393093617,1.798473105656222,2.060384650984369,0.7
full_seed101_bias_0p1_noise0p25_s13_a0p3_b0p8,101,bias,0.1,0.25,13,0.3,fpr_owa,1.3606577430636164,1.4449374455091757,1.3149504072830376,2.148530051422654,2.348715633380049,0.8
full_seed101_bias_0p1_noise0p25_s13_a0p3_b0p8,101,bias,0.1,0.25,13,0.3,crp,1.3990621198338464,1.498889300408245,1.351090046016153,2.1820723517306586,2.462875605403847,0.8
full_seed101_bias_0p1_noise0p25_s5_a0p2_b0p7,101,bias,0.1,0.25,5,0.2,fpr_owa,1.7336143413815548,1.8099001257236491,1.6922920438569655,2.55417172044426,2.7327033676123493,0.7
full_seed101_bias_0p1_noise0p25_s5_a0p2_b0p7,101,bias,0.1,0.25,5,0.2,crp,1.7336143413815548,1.8099001257236491,1.6922920438569655,2.55417172044426,2.7327033676123493,0.7
full_seed101_bias_0p1_noise0p25_s5_a0p3_b0p8,101,bias,0.1,0.25,5,0.3,fpr_owa,1.7299506229173902,1.809798933912468,1.6661550456250218,2.56977910378971,2.767724316695624,0.8
full_seed101_bias_0p1_noise0p25_s5_a0p3_b0p8,101,bias,0.1,0.25,5,0.3,crp,1.7299506229173902,1.809798933912468,1.6661550456250218,2.56977910378971,2.767724316695624,0.8
full_seed101_bias_0p1_noise0p25_s9_a0p2_b0p7,101,bias,0.1,0.25,9,0.2,fpr_owa,1.6879290218740823,1.7475129365778548,1.5943346499091635,2.411736744351193,2.5823984057279774,0.7
full_seed101_bias_0p1_noise0p25_s9_a0p2_b0p7,101,bias,0.1,0.25,9,0.2,crp,1.7375904886537252,1.8027993606866264,1.6547990319793695,2.4398284480022494,2.717655324112606,0.7
full_seed101_bias_0p1_noise0p25_s9_a0p3_b0p8,101,bias,0.1,0.25,9,0.3,fpr_owa,1.725427253212176,1.7956921250954652,1.611748537758249,2.453655764154209,2.671886585904733,0.8
full_seed101_bias_0p1_noise0p25_s9_a0p3_b0p8,101,bias,0.1,0.25,9,0.3,crp,1.7238960841807258,1.799300408042948,1.6166704391196736,2.4963036375764123,2.890508941593953,0.8
full_seed101_bias_0p1_noise0p5_s13_a0p2_b0p7,101,bias,0.1,0.5,13,0.2,fpr_owa,1.2072584099527317,1.273721972248634,1.164900758904721,1.8874874349884891,2.221630566581403,0.7
full_seed101_bias_0p1_noise0p5_s13_a0p2_b0p7,101,bias,0.1,0.5,13,0.2,crp,1.2829664527888802,1.3773206496572887,1.2387970940273552,2.13802358519689,2.493393850162428,0.7
full_seed101_bias_0p1_noise0p5_s13_a0p3_b0p8,101,bias,0.1,0.5,13,0.3,fpr_owa,1.325444308251786,1.4215220887269708,1.2768421337661944,2.1780102585617818,2.4987166291150835,0.8
full_seed101_bias_0p1_noise0p5_s13_a0p3_b0p8,101,bias,0.1,0.5,13,0.3,crp,1.357809813593612,1.482319487915564,1.2728297273652078,2.410041785206257,2.638924195582395,0.8
full_seed101_bias_0p1_noise0p5_s5_a0p2_b0p7,101,bias,0.1,0.5,5,0.2,fpr_owa,1.709271226509631,1.8044491280747168,1.6461929187271442,2.6895015239178703,3.020868080479137,0.7
full_seed101_bias_0p1_noise0p5_s5_a0p2_b0p7,101,bias,0.1,0.5,5,0.2,crp,1.7108937448554966,1.806884459017612,1.6461929187271442,2.6986287482273794,3.020868080479137,0.7
full_seed101_bias_0p1_noise0p5_s5_a0p3_b0p8,101,bias,0.1,0.5,5,0.3,fpr_owa,1.703342370087818,1.80311874125599,1.6345246869770231,2.725174442138963,3.089570498033422,0.8
full_seed101_bias_0p1_noise0p5_s5_a0p3_b0p8,101,bias,0.1,0.5,5,0.3,crp,1.70423412637046,1.8045258351022189,1.6345246869770231,2.725174442138963,3.089570498033422,0.8
full_seed101_bias_0p1_noise0p5_s9_a0p2_b0p7,101,bias,0.1,0.5,9,0.2,fpr_owa,1.6740815376245135,1.7484949178543567,1.5876695195774304,2.4759125240650213,2.774723130858848,0.7
full_seed101_bias_0p1_noise0p5_s9_a0p2_b0p7,101,bias,0.1,0.5,9,0.2,crp,1.7067336665517616,1.7880153757315405,1.6450962151451047,2.561414744361836,2.98368244198117,0.7
full_seed101_bias_0p1_noise0p5_s9_a0p3_b0p8,101,bias,0.1,0.5,9,0.3,fpr_owa,1.7002527703064454,1.7793274287900822,1.6326205385463677,2.60260037386507,2.899386382569466,0.8
full_seed101_bias_0p1_noise0p5_s9_a0p3_b0p8,101,bias,0.1,0.5,9,0.3,crp,1.6966082278710055,1.7844354211987388,1.6340258514384685,2.617314504408186,3.1855855487563343,0.8
full_seed101_bias_0p2_noise0p1_s13_a0p2_b0p7,101,bias,0.2,0.1,13,0.2,fpr_owa,0.9798105620883404,1.0403060853043713,0.8891274085871712,1.5976442639919717,1.7056900502596406,0.7
full_seed101_bias_0p2_noise0p1_s13_a0p2_b0p7,101,bias,0.2,0.1,13,0.2,crp,0.952478808255678,1.041910937204406,0.9486266832963984,1.603376899036027,1.7056900502596406,0.7
full_seed101_bias_0p2_noise0p1_s13_a0p3_b0p8,101,bias,0.2,0.1,13,0.3,fpr_owa,1.145571566714465,1.247681749391894,1.0099968070706522,2.033270501072068,2.142828786129591,0.8
full_seed101_bias_0p2_noise0p1_s13_a0p3_b0p8,101,bias,0.2,0.1,13,0.3,crp,1.0215101289430573,1.20509124682264,1.0243585661137842,2.033270501072068,2.142828786129591,0.8
full_seed101_bias_0p2_noise0p1_s5_a0p2_b0p7,101,bias,0.2,0.1,5,0.2,fpr_owa,1.7137869759559945,1.7795393424278434,1.6009027411088603,2.4449080454817262,2.605168287783102,0.7
full_seed101_bias_0p2_noise0p1_s5_a0p2_b0p7,101,bias,0.2,0.1,5,0.2,crp,1.758565290759968,1.832846928827576,1.6641897770674212,2.4888820187228293,2.684404463869879,0.7
full_seed101_bias_0p2_noise0p1_s5_a0p3_b0p8,101,bias,0.2,0.1,5,0.3,fpr_owa,1.7465013778979313,1.815729063950368,1.646020178650197,2.4769472000329715,2.5855766739862327,0.8
full_seed101_bias_0p2_noise0p1_s5_a0p3_b0p8,101,bias,0.2,0.1,5,0.3,crp,1.7583005989226963,1.83802726420522,1.6788838321609698,2.533564838037124,2.7177483177364645,0.8
full_seed101_bias_0p2_noise0p1_s9_a0p2_b0p7,101,bias,0.2,0.1,9,0.2,fpr_owa,1.6229969839786564,1.6731800006743869,1.5098584284162573,2.3802103808800967,2.504841460449386,0.7
full_seed101_bias_0p2_noise0p1_s9_a0p2_b0p7,101,bias,0.2,0.1,9,0.2,crp,1.766817192468064,1.8208999052279011,1.677123382830099,2.4207364492994343,2.685355914610005,0.7
full_seed101_bias_0p2_noise0p1_s9_a0p3_b0p8,101,bias,0.2,0.1,9,0.3,fpr_owa,1.666878832051958,1.729147550283599,1.5638040939910431,2.4709163614723675,2.539427961443164,0.8
full_seed101_bias_0p2_noise0p1_s9_a0p3_b0p8,101,bias,0.2,0.1,9,0.3,crp,1.746378070014161,1.82096185996393,1.6349138958350522,2.4951177766832484,2.6556129539988778,0.8
full_seed101_bias_0p2_noise0p25_s13_a0p2_b0p7,101,bias,0.2,0.25,13,0.2,fpr_owa,1.002751431652364,1.0771860368329285,0.925067235325392,1.7598419083712806,1.93807001433504,0.7
full_seed101_bias_0p2_noise0p25_s13_a0p2_b0p7,101,bias,0.2,0.25,13,0.2,crp,1.0404265807814344,1.1370753395370872,1.006189577028219,1.7980889089475385,2.0990166033209223,0.7
full_seed101_bias_0p2_noise0p25_s13_a0p3_b0p8,101,bias,0.2,0.25,13,0.3,fpr_owa,1.138027277995512,1.2464620970861282,0.9999972206977612,2.148530051422654,2.348715633380049,0.8
full_seed101_bias_0p2_noise0p25_s13_a0p3_b0p8,101,bias,0.2,0.25,13,0.3,crp,1.150803802577452,1.3018630270405973,1.0946758687300029,2.1627743494618867,2.4340305606259047,0.8
full_seed101_bias_0p2_noise0p25_s5_a0p2_b0p7,101,bias,0.2,0.25,5,0.2,fpr_owa,1.693356201101288,1.7643673400350972,1.5924318401393318,2.4945243726440607,2.713322161879084,0.7
full_seed101_bias_0p2_noise0p25_s5_a0p2_b0p7,101,bias,0.2,0.25,5,0.2,crp,1.726259734874463,1.804210573718288,1.6744679092833217,2.551753425753839,2.888152417479988,0.7
full_seed101_bias_0p2_noise0p25_s5_a0p3_b0p8,101,bias,0.2,0.25,5,0.3,fpr_owa,1.7268151803120182,1.8003055069833422,1.6325889233925834,2.533361552251704,2.767724316695624,0.8
full_seed101_bias_0p2_noise0p25_s5_a0p3_b0p8,101,bias,0.2,0.25,5,0.3,crp,1.726144953864493,1.8081028266305867,1.6541284753477266,2.578377598882516,2.892727309086109,0.8
full_seed101_bias_0p2_noise0p25_s9_a0p2_b0p7,101,bias,0.2,0.25,9,0.2,fpr_owa,1.624887379113754,1.6896756969515827,1.5147816129314686,2.4324882517854496,3.0701399908280944,0.7
full_seed101_bias_0p2_noise0p25_s9_a0p2_b0p7,101,bias,0.2,0.25,9,0.2,crp,1.7362654476587769,1.8049196479081264,1.6745238929178203,2.481131135259316,2.860812493993147,0.7
full_seed101_bias_0p2_noise0p25_s9_a0p3_b0p8,101,bias,0.2,0.25,9,0.3,fpr_owa,1.663161673497533,1.730350536258689,1.538752725886162,2.4317161055377188,2.741795684953831,0.8
full_seed101_bias_0p2_noise0p25_s9_a0p3_b0p8,101,bias,0.2,0.25,9,0.3,crp,1.7210880925334044,1.7979233422943983,1.6411332435115256,2.496036945028924,2.78689095783464,0.8
full_seed101_bias_0p2_noise0p5_s13_a0p2_b0p7,101,bias,0.2,0.5,13,0.2,fpr_owa,1.0745553698992794,1.1698901230622811,1.0294662004766575,1.8718843985509568,2.3691642861580315,0.7
full_seed101_bias_0p2_noise0p5_s13_a0p2_b0p7,101,bias,0.2,0.5,13,0.2,crp,1.1591496658873524,1.2645587845861028,1.112875455245622,2.062908613321268,2.3801878008539235,0.7
full_seed101_bias_0p2_noise0p5_s13_a0p3_b0p8,101,bias,0.2,0.5,13,0.3,fpr_owa,1.1324984301331535,1.244175371475511,1.033924722124861,2.1256516406144925,3.033902587784595,0.8
full_seed101_bias_0p2_noise0p5_s13_a0p3_b0p8,101,bias,0.2,0.5,13,0.3,crp,1.231838758782589,1.36916851985928,1.1377111685548924,2.2570540524117253,2.638924195582395,0.8
full_seed101_bias_0p2_noise0p5_s5_a0p2_b0p7,101,bias,0.2,0.5,5,0.2,fpr_owa,1.67296640555292,1.7598802145444017,1.5775002723468172,2.558268149259076,3.020868080479137,0.7
full_seed101_bias_0p2_noise0p5_s5_a0p2_b0p7,101,bias,0.2,0.5,5,0.2,crp,1.6897933420130529,1.7903648166892572,1.6430580106319268,2.6856065369584314,3.3627821819898114,0.7
full_seed101_bias_0p2_noise0p5_s5_a0p3_b0p8,101,bias,0.2,0.5,5,0.3,fpr_owa,1.712722644043706,1.8042581463980296,1.651041500278442,2.6756641174090787,3.089570498033422,0.8
full_seed101_bias_0p2_noise0p5_s5_a0p3_b0p8,101,bias,0.2,0.5,5,0.3,crp,1.6961410323979222,1.80309805180674,1.6436631392395336,2.752200668293362,3.3719804324369616,0.8
full_seed101_bias_0p2_noise0p5_s9_a0p2_b0p7,101,bias,0.2,0.5,9,0.2,fpr_owa,1.643418115654815,1.732407798037465,1.5408889685436915,2.625378007415964,3.585793215755493,0.7
full_seed101_bias_0p2_noise0p5_s9_a0p2_b0p7,101,bias,0.2,0.5,9,0.2,crp,1.6913839991768924,1.777308024535009,1.6268230922141544,2.6584232124745983,3.131662256917408,0.7
full_seed101_bias_0p2_noise0p5_s9_a0p3_b0p8,101,bias,0.2,0.5,9,0.3,fpr_owa,1.6566365984650242,1.7360025869996492,1.5631541072171211,2.584237882047676,2.964108270147804,0.8
full_seed101_bias_0p2_noise0p5_s9_a0p3_b0p8,101,bias,0.2,0.5,9,0.3,crp,1.6961901181147412,1.7859409946381957,1.640670811964922,2.624782655946825,3.000293163549,0.8
full_seed101_bias_0p3_noise0p1_s13_a0p2_b0p7,101,bias,0.3,0.1,13,0.2,fpr_owa,1.195270206395294,1.2273574111018626,1.1999700094968535,1.603376899036027,1.7056900502596406,0.7
full_seed101_bias_0p3_noise0p1_s13_a0p2_b0p7,101,bias,0.3,0.1,13,0.2,crp,0.982118944035182,1.0507262927537269,0.9773306226036385,1.5976442639919717,1.7056900502596406,0.7
full_seed101_bias_0p3_noise0p1_s13_a0p3_b0p8,101,bias,0.3,0.1,13,0.3,fpr_owa,1.0472724382639464,1.1939398766951272,0.8911459995950823,2.033270501072068,2.142828786129591,0.8
full_seed101_bias_0p3_noise0p1_s13_a0p3_b0p8,101,bias,0.3,0.1,13,0.3,crp,0.9882597300552008,1.1740360449928828,0.8911459995950823,2.033270501072068,2.142828786129591,0.8
full_seed101_bias_0p3_noise0p1_s5_a0p2_b0p7,101,bias,0.3,0.1,5,0.2,fpr_owa,2.30536101452348,2.4712255721894447,2.3481020394723235,3.857129154402629,4.021662643008527,0.7
full_seed101_bias_0p3_noise0p1_s5_a0p2_b0p7,101,bias,0.3,0.1,5,0.2,crp,1.7847252776697882,1.872066458430206,1.6640840352647843,2.5175467536195586,3.807472557575816,0.7
full_seed101_bias_0p3_noise0p1_s5_a0p3_b0p8,101,bias,0.3,0.1,5,0.3,fpr_owa,1.9995824487508471,2.0956040140571544,1.977457959384276,3.102679330001708,3.2707927675086617,0.8
full_seed101_bias_0p3_noise0p1_s5_a0p3_b0p8,101,bias,0.3,0.1,5,0.3,crp,1.7544185207462553,1.84006460980662,1.7165618886515712,2.5224790082734305,3.15365643540584,0.8
full_seed101_bias_0p3_noise0p1_s9_a0p2_b0p7,101,bias,0.3,0.1,9,0.2,fpr_owa,1.9339695944024529,1.9961326502195809,1.936366117463456,2.728483033155865,2.8856628646521503,0.7
full_seed101_bias_0p3_noise0p1_s9_a0p2_b0p7,101,bias,0.3,0.1,9,0.2,crp,1.7754085010658711,1.8321232002380423,1.6746492796612016,2.474505538788594,2.6713460552302597,0.7
full_seed101_bias_0p3_noise0p1_s9_a0p3_b0p8,101,bias,0.3,0.1,9,0.3,fpr_owa,1.629053715424894,1.6904873805080467,1.5177154006771214,2.4709163614723675,2.539427961443164,0.8
full_seed101_bias_0p3_noise0p1_s9_a0p3_b0p8,101,bias,0.3,0.1,9,0.3,crp,1.7435700494059845,1.8189750017842452,1.606401315352528,2.4868253849829283,2.693525834874094,0.8
full_seed101_bias_0p3_noise0p25_s13_a0p2_b0p7,101,bias,0.3,0.25,13,0.2,fpr_owa,1.2117147620169,1.2538455678435625,1.208536474943161,1.7632989542236357,2.2648107955012766,0.7
full_seed101_bias_0p3_noise0p25_s13_a0p2_b0p7,101,bias,0.3,0.25,13,0.2,crp,0.9813658959528574,1.0771554793712803,0.950704042103842,1.7636623865488468,2.0401290678638704,0.7
full_seed101_bias_0p3_noise0p25_s13_a0p3_b0p8,101,bias,0.3,0.25,13,0.3,fpr_owa,1.0329927198736648,1.190633665510172,0.9135930699157148,2.148530051422654,2.348715633380049,0.8
full_seed101_bias_0p3_noise0p25_s13_a0p3_b0p8,101,bias,0.3,0.25,13,0.3,crp,1.006774591816667,1.1958976739219909,0.96593754473623,2.152066773683476,2.4340305606259047,0.8
full_seed101_bias_0p3_noise0p25_s5_a0p2_b0p7,101,bias,0.3,0.25,5,0.2,fpr_owa,2.26426460786899,2.4320440648265857,2.2895568640239308,3.755877172272047,4.089892749263723,0.7
full_seed101_bias_0p3_noise0p25_s5_a0p2_b0p7,101,bias,0.3,0.25,5,0.2,crp,1.8036219464731016,1.9060863627053617,1.7109517976074942,2.7135283879868464,4.033546992237713,0.7
full_seed101_bias_0p3_noise0p25_s5_a0p3_b0p8,101,bias,0.3,0.25,5,0.3,fpr_owa,1.962661068921756,2.0603340049340253,1.9474957875925047,3.0150265003683017,3.356559521571116,0.8
full_seed101_bias_0p3_noise0p25_s5_a0p3_b0p8,101,bias,0.3,0.25,5,0.3,crp,1.7486461710267178,1.837405241586616,1.670605957493379,2.5859618557332955,3.356559521571116,0.8
full_seed101_bias_0p3_noise0p25_s9_a0p2_b0p7,101,bias,0.3,0.25,9,0.2,fpr_owa,1.9182759041184776,1.995743781287376,1.935348055667319,2.764961302244434,3.8957933064215537,0.7
full_seed101_bias_0p3_noise0p25_s9_a0p2_b0p7,101,bias,0.3,0.25,9,0.2,crp,1.7340912882516,1.803435719617502,1.6446587830296182,2.486536629626813,3.2858857709338447,0.7
full_seed101_bias_0p3_noise0p25_s9_a0p3_b0p8,101,bias,0.3,0.25,9,0.3,fpr_owa,1.6416137120148198,1.715789588541181,1.534226511205273,2.4640197873819445,3.62678250755328,0.8
full_seed101_bias_0p3_noise0p25_s9_a0p3_b0p8,101,bias,0.3,0.25,9,0.3,crp,1.711811540394638,1.7898270016656306,1.6131542273890551,2.497922952309253,2.816947809129597,0.8
full_seed101_bias_0p3_noise0p5_s13_a0p2_b0p7,101,bias,0.3,0.5,13,0.2,fpr_owa,1.2557508118206528,1.3216023844538252,1.240801419563994,2.015274085532845,2.434935337336376,0.7
full_seed101_bias_0p3_noise0p5_s13_a0p2_b0p7,101,bias,0.3,0.5,13,0.2,crp,1.099159747864428,1.218916738888406,1.044873491796987,2.0651999357323576,2.3801878008539235,0.7
full_seed101_bias_0p3_noise0p5_s13_a0p3_b0p8,101,bias,0.3,0.5,13,0.3,fpr_owa,1.0572320507821062,1.2108981858313252,0.950582730584552,2.178583281858926,2.523261703660225,0.8
full_seed101_bias_0p3_noise0p5_s13_a0p3_b0p8,101,bias,0.3,0.5,13,0.3,crp,1.1311821141707357,1.3030857583634703,1.042213564263759,2.309885253091265,2.7525828002586064,0.8
full_seed101_bias_0p3_noise0p5_s5_a0p2_b0p7,101,bias,0.3,0.5,5,0.2,fpr_owa,2.1981102249790547,2.366284580931799,2.2217596921489497,3.6526923030679934,4.24440332519552,0.7
full_seed101_bias_0p3_noise0p5_s5_a0p2_b0p7,101,bias,0.3,0.5,5,0.2,crp,1.8430260458805836,1.980135751689852,1.7729144404189436,3.078019980775865,4.391867614387485,0.7
full_seed101_bias_0p3_noise0p5_s5_a0p3_b0p8,101,bias,0.3,0.5,5,0.3,fpr_owa,1.9304402045592133,2.041578080398037,1.911729764638196,3.042518654848751,3.733496089358624,0.8
full_seed101_bias_0p3_noise0p5_s5_a0p3_b0p8,101,bias,0.3,0.5,5,0.3,crp,1.7446391915778168,1.86035906879356,1.6978914218227072,2.828686231984352,4.39604130837325,0.8
full_seed101_bias_0p3_noise0p5_s9_a0p2_b0p7,101,bias,0.3,0.5,9,0.2,fpr_owa,1.934327891131308,2.046380167141249,1.917694370698539,3.02409587590058,4.367946057071332,0.7
full_seed101_bias_0p3_noise0p5_s9_a0p2_b0p7,101,bias,0.3,0.5,9,0.2,crp,1.7220468755395824,1.818685483220399,1.6726839772737845,2.632927267640677,4.474337065849491,0.7
full_seed101_bias_0p3_noise0p5_s9_a0p3_b0p8,101,bias,0.3,0.5,9,0.3,fpr_owa,1.6897343072660935,1.792331087563826,1.557837512059837,2.793560161549488,3.722369282818158,0.8
full_seed101_bias_0p3_noise0p5_s9_a0p3_b0p8,101,bias,0.3,0.5,9,0.3,crp,1.7239574068990418,1.82587040118287,1.6361006265412643,2.7291044850868733,5.173773930093226,0.8
full_seed101_bias_0p4_noise0p1_s13_a0p2_b0p7,101,bias,0.4,0.1,13,0.2,fpr_owa,1.507802291813456,1.5930028192464074,1.5274600531484552,2.2572720466494856,2.390195862371012,0.7
full_seed101_bias_0p4_noise0p1_s13_a0p2_b0p7,101,bias,0.4,0.1,13,0.2,crp,0.9768764245047374,1.164613682911244,0.9392617128757936,1.684422411271973,5.106303138013213,0.7
full_seed101_bias_0p4_noise0p1_s13_a0p3_b0p8,101,bias,0.4,0.1,13,0.3,fpr_owa,1.2517744244929263,1.3196785038512873,1.1378893448914564,2.033270501072068,2.142828786129591,0.8
full_seed101_bias_0p4_noise0p1_s13_a0p3_b0p8,101,bias,0.4,0.1,13,0.3,crp,1.000359939359021,1.3055801491810997,1.0445932384727905,2.073084986219197,5.1821268874964295,0.8
full_seed101_bias_0p4_noise0p1_s5_a0p2_b0p7,101,bias,0.4,0.1,5,0.2,fpr_owa,2.30536101452348,2.4712255721894447,2.3481020394723235,3.857129154402629,4.021662643008527,0.7
full_seed101_bias_0p4_noise0p1_s5_a0p2_b0p7,101,bias,0.4,0.1,5,0.2,crp,1.7847252776697882,1.872066458430206,1.6640840352647843,2.5175467536195586,3.807472557575816,0.7
full_seed101_bias_0p4_noise0p1_s5_a0p3_b0p8,101,bias,0.4,0.1,5,0.3,fpr_owa,1.9995824487508471,2.0956040140571544,1.977457959384276,3.102679330001708,3.2707927675086617,0.8
full_seed101_bias_0p4_noise0p1_s5_a0p3_b0p8,101,bias,0.4,0.1,5,0.3,crp,1.7544185207462553,1.84006460980662,1.7165618886515712,2.5224790082734305,3.15365643540584,0.8
full_seed101_bias_0p4_noise0p1_s9_a0p2_b0p7,101,bias,0.4,0.1,9,0.2,fpr_owa,2.2867076924949545,2.430509222208748,2.2704013710352573,3.6034584016397457,3.765175296508037,0.7
full_seed101_bias_0p4_noise0p1_s9_a0p2_b0p7,101,bias,0.4,0.1,9,0.2,crp,2.21518359637389,2.5211934713776363,1.829360804387252,4.746264425540057,6.438779240838382,0.7
full_seed101_bias_0p4_noise0p1_s9_a0p3_b0p8,101,bias,0.4,0.1,9,0.3,fpr_owa,1.9498934878519985,2.029095550684464,1.973568525342269,2.812764797893313,2.973265641931511,0.8
full_seed101_bias_0p4_noise0p1_s9_a0p3_b0p8,101,bias,0.4,0.1,9,0.3,crp,2.135281695358098,2.469998939633262,1.7462951290085234,5.374789475503,6.445364536196447,0.8
full_seed101_bias_0p4_noise0p25_s13_a0p2_b0p7,101,bias,0.4,0.25,13,0.2,fpr_owa,1.5029131863391203,1.585721425860236,1.59037821855466,2.244651254188885,2.8801954108858925,0.7
full_seed101_bias_0p4_noise0p25_s13_a0p2_b0p7,101,bias,0.4,0.25,13,0.2,crp,0.9104582700088654,1.0713820875583842,0.8791377012639826,1.820590858428842,3.9063275695386266,0.7
full_seed101_bias_0p4_noise0p25_s13_a0p3_b0p8,101,bias,0.4,0.25,13,0.3,fpr_owa,1.234605705265136,1.3157049360568338,1.1080723581602967,2.148530051422654,2.348715633380049,0.8
full_seed101_bias_0p4_noise0p25_s13_a0p3_b0p8,101,bias,0.4,0.25,13,0.3,crp,0.9404754210008422,1.1858807101605957,0.9159805875870308,2.1660521104742783,3.295721065155759,0.8
full_seed101_bias_0p4_noise0p25_s5_a0p2_b0p7,101,bias,0.4,0.25,5,0.2,fpr_owa,2.26426460786899,2.4320440648265857,2.2895568640239308,3.755877172272047,4.089892749263723,0.7
full_seed101_bias_0p4_noise0p25_s5_a0p2_b0p7,101,bias,0.4,0.25,5,0.2,crp,1.8036219464731016,1.9060863627053617,1.7109517976074942,2.7135283879868464,4.033546992237713,0.7
full_seed101_bias_0p4_noise0p25_s5_a0p3_b0p8,101,bias,0.4,0.25,5,0.3,fpr_owa,1.962661068921756,2.0603340049340253,1.9474957875925047,3.0150265003683017,3.356559521571116,0.8
full_seed101_bias_0p4_noise0p25_s5_a0p3_b0p8,101,bias,0.4,0.25,5,0.3,crp,1.7486461710267178,1.837405241586616,1.670605957493379,2.5859618557332955,3.356559521571116,0.8
full_seed101_bias_0p4_noise0p25_s9_a0p2_b0p7,101,bias,0.4,0.25,9,0.2,fpr_owa,2.269331180320983,2.430079490102679,2.2398437230461936,3.6394237012477975,4.722180944750449,0.7
full_seed101_bias_0p4_noise0p25_s9_a0p2_b0p7,101,bias,0.4,0.25,9,0.2,crp,2.160607315967007,2.4758276349803507,1.842521553292007,4.876406250375573,6.607883911633501,0.7
full_seed101_bias_0p4_noise0p25_s9_a0p3_b0p8,101,bias,0.4,0.25,9,0.3,fpr_owa,1.9585040663141,2.055146763196042,1.9835144114816647,2.862194640391834,4.041621060275768,0.8
full_seed101_bias_0p4_noise0p25_s9_a0p3_b0p8,101,bias,0.4,0.25,9,0.3,crp,2.0943503032417885,2.413929791295146,1.7622867710532597,5.25329315223475,6.608577783219527,0.8
full_seed101_bias_0p4_noise0p5_s13_a0p2_b0p7,101,bias,0.4,0.5,13,0.2,fpr_owa,1.5232267064253495,1.625506416578895,1.508633085175915,2.418472982583172,3.0415067331494625,0.7
full_seed101_bias_0p4_noise0p5_s13_a0p2_b0p7,101,bias,0.4,0.5,13,0.2,crp,1.1287713131847137,1.3999656777698253,1.0221225027386949,2.2263420009543764,6.008140532842729,0.7
full_seed101_bias_0p4_noise0p5_s13_a0p3_b0p8,101,bias,0.4,0.5,13,0.3,fpr_owa,1.261102071842897,1.3732318883261014,1.164370575953749,2.3085096219916506,3.010584989931685,0.8
full_seed101_bias_0p4_noise0p5_s13_a0p3_b0p8,101,bias,0.4,0.5,13,0.3,crp,1.149233123807716,1.4680336755778594,0.9907127531164368,2.42861761390912,6.264484943594007,0.8
full_seed101_bias_0p4_noise0p5_s5_a0p2_b0p7,101,bias,0.4,0.5,5,0.2,fpr_owa,2.1981102249790547,2.366284580931799,2.2217596921489497,3.6526923030679934,4.24440332519552,0.7
full_seed101_bias_0p4_noise0p5_s5_a0p2_b0p7,101,bias,0.4,0.5,5,0.2,crp,1.8430260458805836,1.980135751689852,1.7729144404189436,3.078019980775865,4.391867614387485,0.7
full_seed101_bias_0p4_noise0p5_s5_a0p3_b0p8,101,bias,0.4,0.5,5,0.3,fpr_owa,1.9304402045592133,2.041578080398037,1.911729764638196,3.042518654848751,3.733496089358624,0.8
full_seed101_bias_0p4_noise0p5_s5_a0p3_b0p8,101,bias,0.4,0.5,5,0.3,crp,1.7446391915778168,1.86035906879356,1.6978914218227072,2.828686231984352,4.39604130837325,0.8
full_seed101_bias_0p4_noise0p5_s9_a0p2_b0p7,101,bias,0.4,0.5,9,0.2,fpr_owa,2.3383254903782538,2.570880690051255,2.201482428751464,4.588742343724411,5.221633164003812,0.7
full_seed101_bias_0p4_noise0p5_s9_a0p2_b0p7,101,bias,0.4,0.5,9,0.2,crp,2.1388811096401583,2.483601313747618,1.823446035242684,5.334706658856184,6.734967404401969,0.7
full_seed101_bias_0p4_noise0p5_s9_a0p3_b0p8,101,bias,0.4,0.5,9,0.3,fpr_owa,2.053446739745022,2.212591866164028,1.9508840339764524,3.739834328039304,4.579939172447104,0.8
full_seed101_bias_0p4_noise0p5_s9_a0p3_b0p8,101,bias,0.4,0.5,9,0.3,crp,2.1071095745225463,2.4556169161898813,1.770271416537794,5.425190828837627,6.787695120702351,0.8
full_seed101_drift_0p0_noise0p1_s13_a0p2_b0p7,101,drift,0.0,0.1,13,0.2,fpr_owa,1.2005996835464343,1.2492934636752335,1.1936329513941824,1.6485568056889095,1.7438379620698026,0.7
full_seed101_drift_0p0_noise0p1_s13_a0p2_b0p7,101,drift,0.0,0.1,13,0.2,crp,1.2005996835464343,1.2492934636752335,1.1936329513941824,1.6485568056889095,1.7438379620698026,0.7
full_seed101_drift_0p0_noise0p1_s13_a0p3_b0p8,101,drift,0.0,0.1,13,0.3,fpr_owa,1.459851850307026,1.5405262522493737,1.4105131735776282,2.0889440810659385,2.241185361713773,0.8
full_seed101_drift_0p0_noise0p1_s13_a0p3_b0p8,101,drift,0.0,0.1,13,0.3,crp,1.459851850307026,1.5405262522493737,1.4105131735776282,2.0889440810659385,2.241185361713773,0.8
full_seed101_drift_0p0_noise0p1_s5_a0p2_b0p7,101,drift,0.0,0.1,5,0.2,fpr_owa,1.767117669704048,1.8354108405671965,1.6600840900874871,2.4665471628706577,2.623309323256321,0.7
full_seed101_drift_0p0_noise0p1_s5_a0p2_b0p7,101,drift,0.0,0.1,5,0.2,crp,1.767117669704048,1.8354108405671965,1.6600840900874871,2.4665471628706577,2.623309323256321,0.7
full_seed101_drift_0p0_noise0p1_s5_a0p3_b0p8,101,drift,0.0,0.1,5,0.3,fpr_owa,1.7626268134227294,1.838567579606963,1.6659867656620362,2.496622538502625,2.5856445900776754,0.8
full_seed101_drift_0p0_noise0p1_s5_a0p3_b0p8,101,drift,0.0,0.1,5,0.3,crp,1.7626268134227294,1.838567579606963,1.6659867656620362,2.496622538502625,2.5856445900776754,0.8
full_seed101_drift_0p0_noise0p1_s9_a0p2_b0p7,101,drift,0.0,0.1,9,0.2,fpr_owa,1.7649217452909671,1.8188107961041775,1.6358181714411566,2.402411083444426,2.5208303773184952,0.7
full_seed101_drift_0p0_noise0p1_s9_a0p2_b0p7,101,drift,0.0,0.1,9,0.2,crp,1.7649217452909671,1.8188107961041775,1.6358181714411566,2.402411083444426,2.5208303773184952,0.7
full_seed101_drift_0p0_noise0p1_s9_a0p3_b0p8,101,drift,0.0,0.1,9,0.3,fpr_owa,1.748512793146674,1.822359247104944,1.6160641797705488,2.483087558392486,2.621842066792208,0.8
full_seed101_drift_0p0_noise0p1_s9_a0p3_b0p8,101,drift,0.0,0.1,9,0.3,crp,1.748512793146674,1.822359247104944,1.6160641797705488,2.483087558392486,2.621842066792208,0.8
full_seed101_drift_0p0_noise0p25_s13_a0p2_b0p7,101,drift,0.0,0.25,13,0.2,fpr_owa,1.236562460285135,1.2956308708465365,1.2044535377120542,1.82105823882284,1.93807001433504,0.7
full_seed101_drift_0p0_noise0p25_s13_a0p2_b0p7,101,drift,0.0,0.25,13,0.2,crp,1.23792592282417,1.2975706310835515,1.2044535377120542,1.823455705682877,2.0401290678638704,0.7
full_seed101_drift_0p0_noise0p25_s13_a0p3_b0p8,101,drift,0.0,0.25,13,0.3,fpr_owa,1.4423166327854453,1.5394491390162115,1.4096630712143363,2.215127343217554,2.402718544702593,0.8
full_seed101_drift_0p0_noise0p25_s13_a0p3_b0p8,101,drift,0.0,0.25,13,0.3,crp,1.4435529379297427,1.5412596403104573,1.4096630712143363,2.215402441778199,2.4340305606259047,0.8
full_seed101_drift_0p0_noise0p25_s5_a0p2_b0p7,101,drift,0.0,0.25,5,0.2,fpr_owa,1.7336143413815548,1.8099001257236491,1.6922920438569655,2.55417172044426,2.7327033676123493,0.7
full_seed101_drift_0p0_noise0p25_s5_a0p2_b0p7,101,drift,0.0,0.25,5,0.2,crp,1.7336143413815548,1.8099001257236491,1.6922920438569655,2.55417172044426,2.7327033676123493,0.7
full_seed101_drift_0p0_noise0p25_s5_a0p3_b0p8,101,drift,0.0,0.25,5,0.3,fpr_owa,1.7299506229173902,1.809798933912468,1.6661550456250218,2.56977910378971,2.767724316695624,0.8
full_seed101_drift_0p0_noise0p25_s5_a0p3_b0p8,101,drift,0.0,0.25,5,0.3,crp,1.7299506229173902,1.809798933912468,1.6661550456250218,2.56977910378971,2.767724316695624,0.8
full_seed101_drift_0p0_noise0p25_s9_a0p2_b0p7,101,drift,0.0,0.25,9,0.2,fpr_owa,1.7298027951227697,1.795488778870893,1.6024240184477152,2.4398284480022494,2.632631395399988,0.7
full_seed101_drift_0p0_noise0p25_s9_a0p2_b0p7,101,drift,0.0,0.25,9,0.2,crp,1.7298027951227697,1.795488778870893,1.6024240184477152,2.4398284480022494,2.632631395399988,0.7
full_seed101_drift_0p0_noise0p25_s9_a0p3_b0p8,101,drift,0.0,0.25,9,0.3,fpr_owa,1.7256608562942817,1.7990798317672998,1.6358554405371024,2.4886343819454897,2.781453042917504,0.8
full_seed101_drift_0p0_noise0p25_s9_a0p3_b0p8,101,drift,0.0,0.25,9,0.3,crp,1.7256608562942817,1.7990798317672998,1.6358554405371024,2.4886343819454897,2.781453042917504,0.8
full_seed101_drift_0p0_noise0p5_s13_a0p2_b0p7,101,drift,0.0,0.5,13,0.2,fpr_owa,1.2839222170748892,1.3602123416225274,1.240801419563994,2.046768449975125,2.3782249001293287,0.7
full_seed101_drift_0p0_noise0p5_s13_a0p2_b0p7,101,drift,0.0,0.5,13,0.2,crp,1.314497399839868,1.4025424085265137,1.2674135840584235,2.176788966053849,2.501637824569277,0.7
full_seed101_drift_0p0_noise0p5_s13_a0p3_b0p8,101,drift,0.0,0.5,13,0.3,fpr_owa,1.3542700790443412,1.4646362664908377,1.2917001243824369,2.3401931281901307,2.585645126688344,0.8
full_seed101_drift_0p0_noise0p5_s13_a0p3_b0p8,101,drift,0.0,0.5,13,0.3,crp,1.3918040028525296,1.5086911550620083,1.3236439171448255,2.398272568801241,2.6816652677859327,0.8
full_seed101_drift_0p0_noise0p5_s5_a0p2_b0p7,101,drift,0.0,0.5,5,0.2,fpr_owa,1.709271226509631,1.8044491280747168,1.6461929187271442,2.6895015239178703,3.020868080479137,0.7
full_seed101_drift_0p0_noise0p5_s5_a0p2_b0p7,101,drift,0.0,0.5,5,0.2,crp,1.7108937448554966,1.806884459017612,1.6461929187271442,2.6986287482273794,3.020868080479137,0.7
full_seed101_drift_0p0_noise0p5_s5_a0p3_b0p8,101,drift,0.0,0.5,5,0.3,fpr_owa,1.703342370087818,1.80311874125599,1.6345246869770231,2.725174442138963,3.089570498033422,0.8
full_seed101_drift_0p0_noise0p5_s5_a0p3_b0p8,101,drift,0.0,0.5,5,0.3,crp,1.70423412637046,1.8045258351022189,1.6345246869770231,2.725174442138963,3.089570498033422,0.8
full_seed101_drift_0p0_noise0p5_s9_a0p2_b0p7,101,drift,0.0,0.5,9,0.2,fpr_owa,1.70044414129838,1.7783768765686925,1.641228448021633,2.5752813313069827,2.867533613785253,0.7
full_seed101_drift_0p0_noise0p5_s9_a0p2_b0p7,101,drift,0.0,0.5,9,0.2,crp,1.6995412584305176,1.77824065333731,1.641228448021633,2.531861201014098,3.027519993135773,0.7
full_seed101_drift_0p0_noise0p5_s9_a0p3_b0p8,101,drift,0.0,0.5,9,0.3,fpr_owa,1.6909088150660572,1.7716248152131142,1.5885115885765302,2.610265449817572,3.033435246204024,0.8
full_seed101_drift_0p0_noise0p5_s9_a0p3_b0p8,101,drift,0.0,0.5,9,0.3,crp,1.6938066565066163,1.775111223809045,1.6191030876108847,2.611193243515313,3.0867938506811226,0.8
full_seed101_drift_0p1_noise0p1_s13_a0p2_b0p7,101,drift,0.1,0.1,13,0.2,fpr_owa,1.157036690097307,1.207330947146799,1.1348495375496443,1.6493486746710642,1.9172680224745249,0.7
full_seed101_drift_0p1_noise0p1_s13_a0p2_b0p7,101,drift,0.1,0.1,13,0.2,crp,1.1790280856319315,1.2290367376639388,1.1958218486653815,1.6351462683420654,1.7433891946253954,0.7
full_seed101_drift_0p1_noise0p1_s13_a0p3_b0p8,101,drift,0.1,0.1,13,0.3,fpr_owa,1.4244762299803218,1.5043150971056631,1.374904234711623,2.096913412889242,2.402609003995603,0.8
full_seed101_drift_0p1_noise0p1_s13_a0p3_b0p8,101,drift,0.1,0.1,13,0.3,crp,1.4452097232173755,1.526405109012163,1.391686677221362,2.087070009488921,2.148338232520944,0.8
full_seed101_drift_0p1_noise0p1_s5_a0p2_b0p7,101,drift,0.1,0.1,5,0.2,fpr_owa,1.767117669704048,1.8354108405671965,1.6600840900874871,2.4665471628706577,2.623309323256321,0.7
full_seed101_drift_0p1_noise0p1_s5_a0p2_b0p7,101,drift,0.1,0.1,5,0.2,crp,1.767117669704048,1.8354108405671965,1.6600840900874871,2.4665471628706577,2.623309323256321,0.7
full_seed101_drift_0p1_noise0p1_s5_a0p3_b0p8,101,drift,0.1,0.1,5,0.3,fpr_owa,1.7626268134227294,1.838567579606963,1.6659867656620362,2.496622538502625,2.5856445900776754,0.8
full_seed101_drift_0p1_noise0p1_s5_a0p3_b0p8,101,drift,0.1,0.1,5,0.3,crp,1.7626268134227294,1.838567579606963,1.6659867656620362,2.496622538502625,2.5856445900776754,0.8
full_seed101_drift_0p1_noise0p1_s9_a0p2_b0p7,101,drift,0.1,0.1,9,0.2,fpr_owa,1.7570321925000043,1.8089214253513537,1.6599292304883535,2.4202905913931967,2.6298202053039,0.7
full_seed101_drift_0p1_noise0p1_s9_a0p2_b0p7,101,drift,0.1,0.1,9,0.2,crp,1.76485040706935,1.8180168856661356,1.6656452735954628,2.4258411189957294,2.6298202053039,0.7
full_seed101_drift_0p1_noise0p1_s9_a0p3_b0p8,101,drift,0.1,0.1,9,0.3,fpr_owa,1.7547565354189991,1.8226709936128975,1.6351448970085083,2.4780983731805595,2.539427961443164,0.8
full_seed101_drift_0p1_noise0p1_s9_a0p3_b0p8,101,drift,0.1,0.1,9,0.3,crp,1.7563516288088958,1.8250883694498536,1.6351448970085083,2.479236558855026,2.580249350766456,0.8
full_seed101_drift_0p1_noise0p25_s13_a0p2_b0p7,101,drift,0.1,0.25,13,0.2,fpr_owa,1.1976681767468471,1.256007384157502,1.1881860185937878,1.820590858428842,2.0667599657506357,0.7
full_seed101_drift_0p1_noise0p25_s13_a0p2_b0p7,101,drift,0.1,0.25,13,0.2,crp,1.2229551933034954,1.2852160512022706,1.2101844868751257,1.824521597497936,2.1643894930569565,0.7
full_seed101_drift_0p1_noise0p25_s13_a0p3_b0p8,101,drift,0.1,0.25,13,0.3,fpr_owa,1.4103501486996612,1.5047924622699933,1.3975510481900495,2.2071944625621214,2.522074491201419,0.8
full_seed101_drift_0p1_noise0p25_s13_a0p3_b0p8,101,drift,0.1,0.25,13,0.3,crp,1.426763591093436,1.5252055396385158,1.3844624965298462,2.215402441778199,2.522074491201419,0.8
full_seed101_drift_0p1_noise0p25_s5_a0p2_b0p7,101,drift,0.1,0.25,5,0.2,fpr_owa,1.7336143413815548,1.8099001257236491,1.6922920438569655,2.55417172044426,2.7327033676123493,0.7
full_seed101_drift_0p1_noise0p25_s5_a0p2_b0p7,101,drift,0.1,0.25,5,0.2,crp,1.7336143413815548,1.8099001257236491,1.6922920438569655,2.55417172044426,2.7327033676123493,0.7
full_seed101_drift_0p1_noise0p25_s5_a0p3_b0p8,101,drift,0.1,0.25,5,0.3,fpr_owa,1.7299506229173902,1.809798933912468,1.6661550456250218,2.56977910378971,2.767724316695624,0.8
full_seed101_drift_0p1_noise0p25_s5_a0p3_b0p8,101,drift,0.1,0.25,5,0.3,crp,1.7299506229173902,1.809798933912468,1.6661550456250218,2.56977910378971,2.767724316695624,0.8
full_seed101_drift_0p1_noise0p25_s9_a0p2_b0p7,101,drift,0.1,0.25,9,0.2,fpr_owa,1.7328289764570868,1.798333371672211,1.6564741524587447,2.493455420064809,2.7365510542108518,0.7
full_seed101_drift_0p1_noise0p25_s9_a0p2_b0p7,101,drift,0.1,0.25,9,0.2,crp,1.7400188755780546,1.806434996644925,1.6564741524587447,2.4935729630233032,2.7365510542108518,0.7
full_seed101_drift_0p1_noise0p25_s9_a0p3_b0p8,101,drift,0.1,0.25,9,0.3,fpr_owa,1.7324185164872872,1.80423385930028,1.6367727887311527,2.480168691076463,2.671886585904733,0.8
full_seed101_drift_0p1_noise0p25_s9_a0p3_b0p8,101,drift,0.1,0.25,9,0.3,crp,1.7344435178415856,1.8072276427012848,1.6367727887311527,2.4970413624940706,2.890508941593953,0.8
full_seed101_drift_0p1_noise0p5_s13_a0p2_b0p7,101,drift,0.1,0.5,13,0.2,fpr_owa,1.27244250537418,1.3465202565967824,1.245749830214351,2.0469385824003457,2.3556074108412046,0.7
full_seed101_drift_0p1_noise0p5_s13_a0p2_b0p7,101,drift,0.1,0.5,13,0.2,crp,1.3139533882326275,1.4031097859196704,1.2623979985153388,2.1478065799354424,2.506493479212468,0.7
full_seed101_drift_0p1_noise0p5_s13_a0p3_b0p8,101,drift,0.1,0.5,13,0.3,fpr_owa,1.3571808476851046,1.463663676219345,1.2989892099077525,2.331178761822599,2.7227002221308743,0.8
full_seed101_drift_0p1_noise0p5_s13_a0p3_b0p8,101,drift,0.1,0.5,13,0.3,crp,1.3963336202113978,1.5137575486599864,1.339028565903591,2.409008892731757,2.9321272033317958,0.8
full_seed101_drift_0p1_noise0p5_s5_a0p2_b0p7,101,drift,0.1,0.5,5,0.2,fpr_owa,1.709271226509631,1.8044491280747168,1.6461929187271442,2.6895015239178703,3.020868080479137,0.7
full_seed101_drift_0p1_noise0p5_s5_a0p2_b0p7,101,drift,0.1,0.5,5,0.2,crp,1.7108937448554966,1.806884459017612,1.6461929187271442,2.6986287482273794,3.020868080479137,0.7
full_seed101_drift_0p1_noise0p5_s5_a0p3_b0p8,101,drift,0.1,0.5,5,0.3,fpr_owa,1.703342370087818,1.80311874125599,1.6345246869770231,2.725174442138963,3.089570498033422,0.8
full_seed101_drift_0p1_noise0p5_s5_a0p3_b0p8,101,drift,0.1,0.5,5,0.3,crp,1.70423412637046,1.8045258351022189,1.6345246869770231,2.725174442138963,3.089570498033422,0.8
full_seed101_drift_0p1_noise0p5_s9_a0p2_b0p7,101,drift,0.1,0.5,9,0.2,fpr_owa,1.713627393472383,1.7918222179587606,1.6450962151451047,2.578366566006577,2.827669087561776,0.7
full_seed101_drift_0p1_noise0p5_s9_a0p2_b0p7,101,drift,0.1,0.5,9,0.2,crp,1.7169646440987734,1.7963793618727424,1.6532823200588869,2.5755552209356494,2.98368244198117,0.7
full_seed101_drift_0p1_noise0p5_s9_a0p3_b0p8,101,drift,0.1,0.5,9,0.3,fpr_owa,1.703101310536436,1.7827603019323413,1.6347209425004725,2.6097196118312094,2.9249811897724847,0.8
full_seed101_drift_0p1_noise0p5_s9_a0p3_b0p8,101,drift,0.1,0.5,9,0.3,crp,1.713550029606402,1.7969388441855665,1.6378229780528484,2.611193243515313,3.1855855487563343,0.8
full_seed101_drift_0p2_noise0p1_s13_a0p2_b0p7,101,drift,0.2,0.1,13,0.2,fpr_owa,1.124357110857478,1.2034027278041477,1.0722496121788831,1.7599354663995856,2.604976499057101,0.7
full_seed101_drift_0p2_noise0p1_s13_a0p2_b0p7,101,drift,0.2,0.1,13,0.2,crp,1.104911213629874,1.1787074203881416,1.0692169952587336,1.706290092372739,2.195903922580221,0.7
full_seed101_drift_0p2_noise0p1_s13_a0p3_b0p8,101,drift,0.2,0.1,13,0.3,fpr_owa,1.3640128478652342,1.4722412222408938,1.300363899121957,2.2063757276849167,3.1439816575766684,0.8
full_seed101_drift_0p2_noise0p1_s13_a0p3_b0p8,101,drift,0.2,0.1,13,0.3,crp,1.3093002025116571,1.4337729931380852,1.268926937247787,2.145170871573068,2.650791726262878,0.8
full_seed101_drift_0p2_noise0p1_s5_a0p2_b0p7,101,drift,0.2,0.1,5,0.2,fpr_owa,1.755449119681049,1.821107553000043,1.667150139356865,2.456021898167412,2.605168287783102,0.7
full_seed101_drift_0p2_noise0p1_s5_a0p2_b0p7,101,drift,0.2,0.1,5,0.2,crp,1.7593845221181847,1.8262037857441056,1.667150139356865,2.463770334301532,2.650399534457988,0.7
full_seed101_drift_0p2_noise0p1_s5_a0p3_b0p8,101,drift,0.2,0.1,5,0.3,fpr_owa,1.774995188431186,1.8444165936263468,1.7230295161974891,2.496879025256148,2.5855766739862327,0.8
full_seed101_drift_0p2_noise0p1_s5_a0p3_b0p8,101,drift,0.2,0.1,5,0.3,crp,1.7761585109642335,1.846356776752192,1.7230295161974891,2.4983351938516227,2.6558838911992244,0.8
full_seed101_drift_0p2_noise0p1_s9_a0p2_b0p7,101,drift,0.2,0.1,9,0.2,fpr_owa,1.7881125540363882,1.852183703745705,1.6875469802753649,2.585612865262905,3.0535453878155128,0.7
full_seed101_drift_0p2_noise0p1_s9_a0p2_b0p7,101,drift,0.2,0.1,9,0.2,crp,1.7867669481705954,1.846515942671724,1.6875469802753649,2.507770325903273,2.756280778967012,0.7
full_seed101_drift_0p2_noise0p1_s9_a0p3_b0p8,101,drift,0.2,0.1,9,0.3,fpr_owa,1.75805207621742,1.8256162233512576,1.7049530981754382,2.5009573913686167,2.6774812401501644,0.8
full_seed101_drift_0p2_noise0p1_s9_a0p3_b0p8,101,drift,0.2,0.1,9,0.3,crp,1.761341622427014,1.82901301874163,1.7049530981754382,2.487362134773957,2.589184433378915,0.8
full_seed101_drift_0p2_noise0p25_s13_a0p2_b0p7,101,drift,0.2,0.25,13,0.2,fpr_owa,1.205019958738731,1.2839520156215918,1.15668417145925,1.8879177185877896,2.6737069676808614,0.7
full_seed101_drift_0p2_noise0p25_s13_a0p2_b0p7,101,drift,0.2,0.25,13,0.2,crp,1.1974266618727336,1.2793222243261777,1.15668417145925,1.8926243134559464,2.673094640640595,0.7
full_seed101_drift_0p2_noise0p25_s13_a0p3_b0p8,101,drift,0.2,0.25,13,0.3,fpr_owa,1.3809447235607484,1.4952494516212438,1.2723852857503213,2.283886484266394,3.242541903766115,0.8
full_seed101_drift_0p2_noise0p25_s13_a0p3_b0p8,101,drift,0.2,0.25,13,0.3,crp,1.3661277385836432,1.490183361229352,1.2858412267125072,2.283886484266394,3.191681761846786,0.8
full_seed101_drift_0p2_noise0p25_s5_a0p2_b0p7,101,drift,0.2,0.25,5,0.2,fpr_owa,1.732404695474964,1.8038604102887048,1.6922920438569655,2.4989413753065826,2.865367511694477,0.7
full_seed101_drift_0p2_noise0p25_s5_a0p2_b0p7,101,drift,0.2,0.25,5,0.2,crp,1.7389306071086372,1.812508406970164,1.6922920438569655,2.502844847121842,2.865367511694477,0.7
full_seed101_drift_0p2_noise0p25_s5_a0p3_b0p8,101,drift,0.2,0.25,5,0.3,fpr_owa,1.7509820061065728,1.825432395020672,1.6842480954850858,2.560687185203696,2.796996138485347,0.8
full_seed101_drift_0p2_noise0p25_s5_a0p3_b0p8,101,drift,0.2,0.25,5,0.3,crp,1.7542669858743154,1.8301056246816312,1.6842480954850858,2.5636519981257635,2.796996138485347,0.8
full_seed101_drift_0p2_noise0p25_s9_a0p2_b0p7,101,drift,0.2,0.25,9,0.2,fpr_owa,1.7692473657139876,1.8430162342613607,1.6948838881245512,2.5862335338521016,3.11924671195443,0.7
full_seed101_drift_0p2_noise0p25_s9_a0p2_b0p7,101,drift,0.2,0.25,9,0.2,crp,1.7594235676135597,1.8258811284953476,1.7098648145362445,2.5396085329789884,2.722703507329503,0.7
full_seed101_drift_0p2_noise0p25_s9_a0p3_b0p8,101,drift,0.2,0.25,9,0.3,fpr_owa,1.744879010457672,1.816481884784774,1.6777821853065076,2.5243799624851637,2.7122519259601194,0.8
full_seed101_drift_0p2_noise0p25_s9_a0p3_b0p8,101,drift,0.2,0.25,9,0.3,crp,1.7464849140088845,1.817438317104005,1.6777821853065076,2.49952299858516,2.8197582609742,0.8
full_seed101_drift_0p2_noise0p5_s13_a0p2_b0p7,101,drift,0.2,0.5,13,0.2,fpr_owa,1.2963031525101976,1.3887337962588142,1.240801419563994,2.171601727150605,2.9904422644002677,0.7
full_seed101_drift_0p2_noise0p5_s13_a0p2_b0p7,101,drift,0.2,0.5,13,0.2,crp,1.3249781491138646,1.4339819665519675,1.2736025589058368,2.265522607948218,3.2255524965467792,0.7
full_seed101_drift_0p2_noise0p5_s13_a0p3_b0p8,101,drift,0.2,0.5,13,0.3,fpr_owa,1.3544188595022573,1.479614212778064,1.298835322123703,2.427786539097627,3.4068089807485262,0.8
full_seed101_drift_0p2_noise0p5_s13_a0p3_b0p8,101,drift,0.2,0.5,13,0.3,crp,1.3905254055698364,1.530605338209118,1.3214102675553,2.4868634676071317,3.5932361075182517,0.8
full_seed101_drift_0p2_noise0p5_s5_a0p2_b0p7,101,drift,0.2,0.5,5,0.2,fpr_owa,1.72479693013762,1.8121728796326917,1.68933244348255,2.6110484605560407,3.039585013300317,0.7
full_seed101_drift_0p2_noise0p5_s5_a0p2_b0p7,101,drift,0.2,0.5,5,0.2,crp,1.728754569821872,1.820078225782288,1.6772351239367222,2.634925507464838,3.039585013300317,0.7
full_seed101_drift_0p2_noise0p5_s5_a0p3_b0p8,101,drift,0.2,0.5,5,0.3,fpr_owa,1.7453507047711845,1.8406276763048028,1.6851165578090377,2.7252129634553657,3.4150854179047414,0.8
full_seed101_drift_0p2_noise0p5_s5_a0p3_b0p8,101,drift,0.2,0.5,5,0.3,crp,1.7464424100689036,1.8452590279010757,1.6648866260036614,2.7285025967958574,3.4150854179047414,0.8
full_seed101_drift_0p2_noise0p5_s9_a0p2_b0p7,101,drift,0.2,0.5,9,0.2,fpr_owa,1.7585339560226767,1.8438846163441271,1.6981554384344184,2.734700228714303,3.1591265490888256,0.7
full_seed101_drift_0p2_noise0p5_s9_a0p2_b0p7,101,drift,0.2,0.5,9,0.2,crp,1.744002198160771,1.8250958495127203,1.69263205661139,2.6362666838148137,3.196646930873034,0.7
full_seed101_drift_0p2_noise0p5_s9_a0p3_b0p8,101,drift,0.2,0.5,9,0.3,fpr_owa,1.7392987913397142,1.821007628276252,1.6743792616040922,2.63271786453233,3.1404158510518148,0.8
full_seed101_drift_0p2_noise0p5_s9_a0p3_b0p8,101,drift,0.2,0.5,9,0.3,crp,1.74527918668404,1.8292062778508824,1.6921420247519787,2.647701282686732,3.067621745949778,0.8
full_seed101_drift_0p3_noise0p1_s13_a0p2_b0p7,101,drift,0.3,0.1,13,0.2,fpr_owa,1.1943237502640285,1.2761851780451856,1.1143310483174562,1.8366690199133648,3.0521640524889744,0.7
full_seed101_drift_0p3_noise0p1_s13_a0p2_b0p7,101,drift,0.3,0.1,13,0.2,crp,1.1750461112856574,1.2622249159444945,1.1000893322743386,1.83155545606769,3.0521640524889744,0.7
full_seed101_drift_0p3_noise0p1_s13_a0p3_b0p8,101,drift,0.3,0.1,13,0.3,fpr_owa,1.3786710253593788,1.5051304746965255,1.3141970383033534,2.287148868556661,3.254804022185735,0.8
full_seed101_drift_0p3_noise0p1_s13_a0p3_b0p8,101,drift,0.3,0.1,13,0.3,crp,1.3589359721109036,1.4945829051474309,1.3071038210354833,2.287148868556661,3.254804022185735,0.8
full_seed101_drift_0p3_noise0p1_s5_a0p2_b0p7,101,drift,0.3,0.1,5,0.2,fpr_owa,1.9434455948437448,2.03997060628528,1.8672885024811168,3.1750763567619105,3.4310376577360864,0.7
full_seed101_drift_0p3_noise0p1_s5_a0p2_b0p7,101,drift,0.3,0.1,5,0.2,crp,1.939308412048366,2.034688279652808,1.8672885024811168,3.1750763567619105,3.4310376577360864,0.7
full_seed101_drift_0p3_noise0p1_s5_a0p3_b0p8,101,drift,0.3,0.1,5,0.3,fpr_owa,1.8781634267884035,1.9544022242700532,1.8647744838215143,2.7449015915175585,2.907102097934709,0.8
full_seed101_drift_0p3_noise0p1_s5_a0p3_b0p8,101,drift,0.3,0.1,5,0.3,crp,1.876712281278369,1.9526430970773672,1.8647744838215143,2.7449015915175585,2.907102097934709,0.8
full_seed101_drift_0p3_noise0p1_s9_a0p2_b0p7,101,drift,0.3,0.1,9,0.2,fpr_owa,1.8811320802550044,1.9590080125220128,1.802740365542431,2.936513091881668,3.5617529130000785,0.7
full_seed101_drift_0p3_noise0p1_s9_a0p2_b0p7,101,drift,0.3,0.1,9,0.2,crp,1.8849524238854,1.9607010716475837,1.802740365542431,3.0115199611545003,3.2185151845609425,0.7
full_seed101_drift_0p3_noise0p1_s9_a0p3_b0p8,101,drift,0.3,0.1,9,0.3,fpr_owa,1.816260426437438,1.8933837465631087,1.726041383412538,2.6960755435892376,3.133491723182871,0.8
full_seed101_drift_0p3_noise0p1_s9_a0p3_b0p8,101,drift,0.3,0.1,9,0.3,crp,1.8135436311754185,1.8854651259631707,1.726041383412538,2.560129103173066,2.8932306119824105,0.8
full_seed101_drift_0p3_noise0p25_s13_a0p2_b0p7,101,drift,0.3,0.25,13,0.2,fpr_owa,1.2742213100747402,1.3604847712059918,1.1827688057797598,1.954053591253042,3.0903494678305377,0.7
full_seed101_drift_0p3_noise0p25_s13_a0p2_b0p7,101,drift,0.3,0.25,13,0.2,crp,1.2398054266142704,1.3274518782876197,1.1583725438985564,1.9624716039140293,3.096792997305302,0.7
full_seed101_drift_0p3_noise0p25_s13_a0p3_b0p8,101,drift,0.3,0.25,13,0.3,fpr_owa,1.4369655595177009,1.561200626834445,1.3720283963213995,2.3508208914537634,3.5179191140126798,0.8
full_seed101_drift_0p3_noise0p25_s13_a0p3_b0p8,101,drift,0.3,0.25,13,0.3,crp,1.3814015074718329,1.5218534090382867,1.3050821865108522,2.347253580721828,3.5179191140126798,0.8
full_seed101_drift_0p3_noise0p25_s5_a0p2_b0p7,101,drift,0.3,0.25,5,0.2,fpr_owa,1.9171170041749188,2.015709970219441,1.8229286272755267,3.068786185933828,3.413892749263723,0.7
full_seed101_drift_0p3_noise0p25_s5_a0p2_b0p7,101,drift,0.3,0.25,5,0.2,crp,1.9024280530363105,1.998241202165976,1.821109917664676,3.067580568619084,3.413892749263723,0.7
full_seed101_drift_0p3_noise0p25_s5_a0p3_b0p8,101,drift,0.3,0.25,5,0.3,fpr_owa,1.8620189051746512,1.9436246168711524,1.868901147889998,2.6996297025584477,3.1696657833790494,0.8
full_seed101_drift_0p3_noise0p25_s5_a0p3_b0p8,101,drift,0.3,0.25,5,0.3,crp,1.8543023884517156,1.935485157803975,1.868901147889998,2.6996297025584477,3.1696657833790494,0.8
full_seed101_drift_0p3_noise0p25_s9_a0p2_b0p7,101,drift,0.3,0.25,9,0.2,fpr_owa,1.86404588935572,1.954125622277233,1.771164716469749,3.0703930718465373,3.574516804283238,0.7
full_seed101_drift_0p3_noise0p25_s9_a0p2_b0p7,101,drift,0.3,0.25,9,0.2,crp,1.850180441896124,1.9310676833206248,1.771164716469749,2.8607703991309203,3.243752974192024,0.7
full_seed101_drift_0p3_noise0p25_s9_a0p3_b0p8,101,drift,0.3,0.25,9,0.3,fpr_owa,1.8137249920665424,1.8950958465994725,1.7306269517848782,2.765365171273043,3.207893618664391,0.8
full_seed101_drift_0p3_noise0p25_s9_a0p3_b0p8,101,drift,0.3,0.25,9,0.3,crp,1.799764714214194,1.8736643557041264,1.7381720126114355,2.632226075618211,2.9856300888447254,0.8
full_seed101_drift_0p3_noise0p5_s13_a0p2_b0p7,101,drift,0.3,0.5,13,0.2,fpr_owa,1.355076838254242,1.4483074823653632,1.3226799330648618,2.203438414439003,3.1596645261732768,0.7
full_seed101_drift_0p3_noise0p5_s13_a0p2_b0p7,101,drift,0.3,0.5,13,0.2,crp,1.362182581334224,1.4756995681891936,1.3187276327727022,2.36437486442114,3.750057028735192,0.7
full_seed101_drift_0p3_noise0p5_s13_a0p3_b0p8,101,drift,0.3,0.5,13,0.3,fpr_owa,1.4050790683381544,1.5303455854225534,1.3521723516963058,2.473381357362997,3.0535423251399325,0.8
full_seed101_drift_0p3_noise0p5_s13_a0p3_b0p8,101,drift,0.3,0.5,13,0.3,crp,1.4286702080652522,1.5725584046147292,1.3796790239024006,2.4969759060831804,3.8284976486373177,0.8
full_seed101_drift_0p3_noise0p5_s5_a0p2_b0p7,101,drift,0.3,0.5,5,0.2,fpr_owa,1.8999531698469816,2.0140600776478004,1.857409066498388,3.021081795121927,4.388494568757411,0.7
full_seed101_drift_0p3_noise0p5_s5_a0p2_b0p7,101,drift,0.3,0.5,5,0.2,crp,1.8899016943605007,2.0051568588804107,1.854438035944472,3.0321274197751578,3.93891635137393,0.7
full_seed101_drift_0p3_noise0p5_s5_a0p3_b0p8,101,drift,0.3,0.5,5,0.3,fpr_owa,1.8711205488479985,1.9771024659733696,1.8774911197003843,2.892948269714983,3.9426845731934095,0.8
full_seed101_drift_0p3_noise0p5_s5_a0p3_b0p8,101,drift,0.3,0.5,5,0.3,crp,1.8714003488801436,1.9852790631322688,1.8742425728992065,2.95679196161898,4.009859978321385,0.8
full_seed101_drift_0p3_noise0p5_s9_a0p2_b0p7,101,drift,0.3,0.5,9,0.2,fpr_owa,1.841772118190947,1.9424441401199652,1.8342940279397943,2.8720315250439445,3.623635196769389,0.7
full_seed101_drift_0p3_noise0p5_s9_a0p2_b0p7,101,drift,0.3,0.5,9,0.2,crp,1.821927160031314,1.9176712459161167,1.8212917180280133,2.8149897784086524,4.424872444045818,0.7
full_seed101_drift_0p3_noise0p5_s9_a0p3_b0p8,101,drift,0.3,0.5,9,0.3,fpr_owa,1.7986821194256664,1.885766396715717,1.7692722829430054,2.7694380693417533,3.3471758824576487,0.8
full_seed101_drift_0p3_noise0p5_s9_a0p3_b0p8,101,drift,0.3,0.5,9,0.3,crp,1.8056894929143872,1.8986882139217984,1.7821416768922052,2.755130102669344,4.539811219364846,0.8
full_seed101_drift_0p4_noise0p1_s13_a0p2_b0p7,101,drift,0.4,0.1,13,0.2,fpr_owa,1.2998267024897587,1.3890413898080674,1.2598877338617558,2.27408084324233,3.288008364747504,0.7
full_seed101_drift_0p4_noise0p1_s13_a0p2_b0p7,101,drift,0.4,0.1,13,0.2,crp,1.2907445733400849,1.3822945448511017,1.2384793456291825,2.27408084324233,3.288008364747504,0.7
full_seed101_drift_0p4_noise0p1_s13_a0p3_b0p8,101,drift,0.4,0.1,13,0.3,fpr_owa,1.497579694728183,1.623322689020518,1.3855193271683046,2.4102335757655617,3.66196725019083,0.8
full_seed101_drift_0p4_noise0p1_s13_a0p3_b0p8,101,drift,0.4,0.1,13,0.3,crp,1.4869848020203402,1.6161937177347478,1.3829076750082523,2.4102335757655617,3.66196725019083,0.8
full_seed101_drift_0p4_noise0p1_s5_a0p2_b0p7,101,drift,0.4,0.1,5,0.2,fpr_owa,1.9434455948437448,2.03997060628528,1.8672885024811168,3.1750763567619105,3.4310376577360864,0.7
full_seed101_drift_0p4_noise0p1_s5_a0p2_b0p7,101,drift,0.4,0.1,5,0.2,crp,1.939308412048366,2.034688279652808,1.8672885024811168,3.1750763567619105,3.4310376577360864,0.7
full_seed101_drift_0p4_noise0p1_s5_a0p3_b0p8,101,drift,0.4,0.1,5,0.3,fpr_owa,1.8781634267884035,1.9544022242700532,1.8647744838215143,2.7449015915175585,2.907102097934709,0.8
full_seed101_drift_0p4_noise0p1_s5_a0p3_b0p8,101,drift,0.4,0.1,5,0.3,crp,1.876712281278369,1.9526430970773672,1.8647744838215143,2.7449015915175585,2.907102097934709,0.8
full_seed101_drift_0p4_noise0p1_s9_a0p2_b0p7,101,drift,0.4,0.1,9,0.2,fpr_owa,2.0232974294205968,2.136480448019263,1.9636732299005613,3.6101471491573816,4.171048094920362,0.7
full_seed101_drift_0p4_noise0p1_s9_a0p2_b0p7,101,drift,0.4,0.1,9,0.2,crp,2.027979724912787,2.145259805245069,1.9636732299005613,3.595111838758858,4.49867088061649,0.7
full_seed101_drift_0p4_noise0p1_s9_a0p3_b0p8,101,drift,0.4,0.1,9,0.3,fpr_owa,1.9441400185466275,2.04016217912768,1.8924832149611808,3.1905844392789304,3.616188002986787,0.8
full_seed101_drift_0p4_noise0p1_s9_a0p3_b0p8,101,drift,0.4,0.1,9,0.3,crp,1.9819735634695077,2.104402334722072,1.8924832149611808,3.372501528446354,4.525948581579366,0.8
full_seed101_drift_0p4_noise0p25_s13_a0p2_b0p7,101,drift,0.4,0.25,13,0.2,fpr_owa,1.3846728369810857,1.4856916435237386,1.3043655627756248,2.410950405184172,3.239262545171498,0.7
full_seed101_drift_0p4_noise0p25_s13_a0p2_b0p7,101,drift,0.4,0.25,13,0.2,crp,1.4131297982678508,1.5598699270761909,1.2959244130744856,2.876658059362342,4.28337488657942,0.7
full_seed101_drift_0p4_noise0p25_s13_a0p3_b0p8,101,drift,0.4,0.25,13,0.3,fpr_owa,1.5438555419582711,1.6809001393245804,1.4458383366972134,2.671820896279113,4.026970533434588,0.8
full_seed101_drift_0p4_noise0p25_s13_a0p3_b0p8,101,drift,0.4,0.25,13,0.3,crp,1.5708275049152918,1.7489094254534527,1.440475752831324,2.739258645425221,4.647458650246295,0.8
full_seed101_drift_0p4_noise0p25_s5_a0p2_b0p7,101,drift,0.4,0.25,5,0.2,fpr_owa,1.9171170041749188,2.015709970219441,1.8229286272755267,3.068786185933828,3.413892749263723,0.7
full_seed101_drift_0p4_noise0p25_s5_a0p2_b0p7,101,drift,0.4,0.25,5,0.2,crp,1.9024280530363105,1.998241202165976,1.821109917664676,3.067580568619084,3.413892749263723,0.7
full_seed101_drift_0p4_noise0p25_s5_a0p3_b0p8,101,drift,0.4,0.25,5,0.3,fpr_owa,1.8620189051746512,1.9436246168711524,1.868901147889998,2.6996297025584477,3.1696657833790494,0.8
full_seed101_drift_0p4_noise0p25_s5_a0p3_b0p8,101,drift,0.4,0.25,5,0.3,crp,1.8543023884517156,1.935485157803975,1.868901147889998,2.6996297025584477,3.1696657833790494,0.8
full_seed101_drift_0p4_noise0p25_s9_a0p2_b0p7,101,drift,0.4,0.25,9,0.2,fpr_owa,1.9988815013679373,2.1276332637091144,1.942687486723226,3.7484932635401833,4.104061171465792,0.7
full_seed101_drift_0p4_noise0p25_s9_a0p2_b0p7,101,drift,0.4,0.25,9,0.2,crp,1.98959748162514,2.113166208318485,1.942687486723226,3.536261843705411,4.2599159138831135,0.7
full_seed101_drift_0p4_noise0p25_s9_a0p3_b0p8,101,drift,0.4,0.25,9,0.3,fpr_owa,1.9236322336309712,2.0248353384757403,1.8920245817137136,3.223273096422405,3.625966605186337,0.8
full_seed101_drift_0p4_noise0p25_s9_a0p3_b0p8,101,drift,0.4,0.25,9,0.3,crp,1.9685158499845996,2.103005664448134,1.8920245817137136,3.510856653499168,4.521925425925346,0.8
full_seed101_drift_0p4_noise0p5_s13_a0p2_b0p7,101,drift,0.4,0.5,13,0.2,fpr_owa,1.454021896953243,1.572044745981981,1.3986902394048086,2.6105443214272994,3.620052693731471,0.7
full_seed101_drift_0p4_noise0p5_s13_a0p2_b0p7,101,drift,0.4,0.5,13,0.2,crp,1.538019052361643,1.7368646373589516,1.3815760693759331,3.6390942168504985,4.413535818228395,0.7
full_seed101_drift_0p4_noise0p5_s13_a0p3_b0p8,101,drift,0.4,0.5,13,0.3,fpr_owa,1.5006951837360687,1.6484502788724535,1.4117191058244072,2.646119338581277,3.994373479872367,0.8
full_seed101_drift_0p4_noise0p5_s13_a0p3_b0p8,101,drift,0.4,0.5,13,0.3,crp,1.5951427393661746,1.8170818377488005,1.424952509772038,3.4279429735747606,4.689727825782298,0.8
full_seed101_drift_0p4_noise0p5_s5_a0p2_b0p7,101,drift,0.4,0.5,5,0.2,fpr_owa,1.8999531698469816,2.0140600776478004,1.857409066498388,3.021081795121927,4.388494568757411,0.7
full_seed101_drift_0p4_noise0p5_s5_a0p2_b0p7,101,drift,0.4,0.5,5,0.2,crp,1.8899016943605007,2.0051568588804107,1.854438035944472,3.0321274197751578,3.93891635137393,0.7
full_seed101_drift_0p4_noise0p5_s5_a0p3_b0p8,101,drift,0.4,0.5,5,0.3,fpr_owa,1.8711205488479985,1.9771024659733696,1.8774911197003843,2.892948269714983,3.9426845731934095,0.8
full_seed101_drift_0p4_noise0p5_s5_a0p3_b0p8,101,drift,0.4,0.5,5,0.3,crp,1.8714003488801436,1.9852790631322688,1.8742425728992065,2.95679196161898,4.009859978321385,0.8
full_seed101_drift_0p4_noise0p5_s9_a0p2_b0p7,101,drift,0.4,0.5,9,0.2,fpr_owa,1.9655866184628423,2.105414429386095,1.8927539728224547,3.660999257109336,4.266429013631763,0.7
full_seed101_drift_0p4_noise0p5_s9_a0p2_b0p7,101,drift,0.4,0.5,9,0.2,crp,1.9530896083012617,2.09447803788036,1.8708503195822168,3.339038076751574,4.980701388187807,0.7
full_seed101_drift_0p4_noise0p5_s9_a0p3_b0p8,101,drift,0.4,0.5,9,0.3,fpr_owa,1.906930907817651,2.024876386002492,1.8418443474238144,3.210273552823273,4.688155392476928,0.8
full_seed101_drift_0p4_noise0p5_s9_a0p3_b0p8,101,drift,0.4,0.5,9,0.3,crp,1.9355749366359656,2.081976117971546,1.812024155860024,3.408576348941924,5.151747546046655,0.8
full_seed101_freeze_0p0_noise0p1_s13_a0p2_b0p7,101,freeze,0.0,0.1,13,0.2,fpr_owa,1.2005996835464343,1.2492934636752335,1.1936329513941824,1.6485568056889095,1.7438379620698026,0.7
full_seed101_freeze_0p0_noise0p1_s13_a0p2_b0p7,101,freeze,0.0,0.1,13,0.2,crp,1.2005996835464343,1.2492934636752335,1.1936329513941824,1.6485568056889095,1.7438379620698026,0.7
full_seed101_freeze_0p0_noise0p1_s13_a0p3_b0p8,101,freeze,0.0,0.1,13,0.3,fpr_owa,1.459851850307026,1.5405262522493737,1.4105131735776282,2.0889440810659385,2.241185361713773,0.8
full_seed101_freeze_0p0_noise0p1_s13_a0p3_b0p8,101,freeze,0.0,0.1,13,0.3,crp,1.459851850307026,1.5405262522493737,1.4105131735776282,2.0889440810659385,2.241185361713773,0.8
full_seed101_freeze_0p0_noise0p1_s5_a0p2_b0p7,101,freeze,0.0,0.1,5,0.2,fpr_owa,1.767117669704048,1.8354108405671965,1.6600840900874871,2.4665471628706577,2.623309323256321,0.7
full_seed101_freeze_0p0_noise0p1_s5_a0p2_b0p7,101,freeze,0.0,0.1,5,0.2,crp,1.767117669704048,1.8354108405671965,1.6600840900874871,2.4665471628706577,2.623309323256321,0.7
full_seed101_freeze_0p0_noise0p1_s5_a0p3_b0p8,101,freeze,0.0,0.1,5,0.3,fpr_owa,1.7626268134227294,1.838567579606963,1.6659867656620362,2.496622538502625,2.5856445900776754,0.8
full_seed101_freeze_0p0_noise0p1_s5_a0p3_b0p8,101,freeze,0.0,0.1,5,0.3,crp,1.7626268134227294,1.838567579606963,1.6659867656620362,2.496622538502625,2.5856445900776754,0.8
full_seed101_freeze_0p0_noise0p1_s9_a0p2_b0p7,101,freeze,0.0,0.1,9,0.2,fpr_owa,1.7649217452909671,1.8188107961041775,1.6358181714411566,2.402411083444426,2.5208303773184952,0.7
full_seed101_freeze_0p0_noise0p1_s9_a0p2_b0p7,101,freeze,0.0,0.1,9,0.2,crp,1.7649217452909671,1.8188107961041775,1.6358181714411566,2.402411083444426,2.5208303773184952,0.7
full_seed101_freeze_0p0_noise0p1_s9_a0p3_b0p8,101,freeze,0.0,0.1,9,0.3,fpr_owa,1.748512793146674,1.822359247104944,1.6160641797705488,2.483087558392486,2.621842066792208,0.8
full_seed101_freeze_0p0_noise0p1_s9_a0p3_b0p8,101,freeze,0.0,0.1,9,0.3,crp,1.748512793146674,1.822359247104944,1.6160641797705488,2.483087558392486,2.621842066792208,0.8
full_seed101_freeze_0p0_noise0p25_s13_a0p2_b0p7,101,freeze,0.0,0.25,13,0.2,fpr_owa,1.236562460285135,1.2956308708465365,1.2044535377120542,1.82105823882284,1.93807001433504,0.7
full_seed101_freeze_0p0_noise0p25_s13_a0p2_b0p7,101,freeze,0.0,0.25,13,0.2,crp,1.23792592282417,1.2975706310835515,1.2044535377120542,1.823455705682877,2.0401290678638704,0.7
full_seed101_freeze_0p0_noise0p25_s13_a0p3_b0p8,101,freeze,0.0,0.25,13,0.3,fpr_owa,1.4423166327854453,1.5394491390162115,1.4096630712143363,2.215127343217554,2.402718544702593,0.8
full_seed101_freeze_0p0_noise0p25_s13_a0p3_b0p8,101,freeze,0.0,0.25,13,0.3,crp,1.4435529379297427,1.5412596403104573,1.4096630712143363,2.215402441778199,2.4340305606259047,0.8
full_seed101_freeze_0p0_noise0p25_s5_a0p2_b0p7,101,freeze,0.0,0.25,5,0.2,fpr_owa,1.7336143413815548,1.8099001257236491,1.6922920438569655,2.55417172044426,2.7327033676123493,0.7
full_seed101_freeze_0p0_noise0p25_s5_a0p2_b0p7,101,freeze,0.0,0.25,5,0.2,crp,1.7336143413815548,1.8099001257236491,1.6922920438569655,2.55417172044426,2.7327033676123493,0.7
full_seed101_freeze_0p0_noise0p25_s5_a0p3_b0p8,101,freeze,0.0,0.25,5,0.3,fpr_owa,1.7299506229173902,1.809798933912468,1.6661550456250218,2.56977910378971,2.767724316695624,0.8
full_seed101_freeze_0p0_noise0p25_s5_a0p3_b0p8,101,freeze,0.0,0.25,5,0.3,crp,1.7299506229173902,1.809798933912468,1.6661550456250218,2.56977910378971,2.767724316695624,0.8
full_seed101_freeze_0p0_noise0p25_s9_a0p2_b0p7,101,freeze,0.0,0.25,9,0.2,fpr_owa,1.7298027951227697,1.795488778870893,1.6024240184477152,2.4398284480022494,2.632631395399988,0.7
full_seed101_freeze_0p0_noise0p25_s9_a0p2_b0p7,101,freeze,0.0,0.25,9,0.2,crp,1.7298027951227697,1.795488778870893,1.6024240184477152,2.4398284480022494,2.632631395399988,0.7
full_seed101_freeze_0p0_noise0p25_s9_a0p3_b0p8,101,freeze,0.0,0.25,9,0.3,fpr_owa,1.7256608562942817,1.7990798317672998,1.6358554405371024,2.4886343819454897,2.781453042917504,0.8
full_seed101_freeze_0p0_noise0p25_s9_a0p3_b0p8,101,freeze,0.0,0.25,9,0.3,crp,1.7256608562942817,1.7990798317672998,1.6358554405371024,2.4886343819454897,2.781453042917504,0.8
full_seed101_freeze_0p0_noise0p5_s13_a0p2_b0p7,101,freeze,0.0,0.5,13,0.2,fpr_owa,1.2839222170748892,1.3602123416225274,1.240801419563994,2.046768449975125,2.3782249001293287,0.7
full_seed101_freeze_0p0_noise0p5_s13_a0p2_b0p7,101,freeze,0.0,0.5,13,0.2,crp,1.314497399839868,1.4025424085265137,1.2674135840584235,2.176788966053849,2.501637824569277,0.7
full_seed101_freeze_0p0_noise0p5_s13_a0p3_b0p8,101,freeze,0.0,0.5,13,0.3,fpr_owa,1.3542700790443412,1.4646362664908377,1.2917001243824369,2.3401931281901307,2.585645126688344,0.8
full_seed101_freeze_0p0_noise0p5_s13_a0p3_b0p8,101,freeze,0.0,0.5,13,0.3,crp,1.3918040028525296,1.5086911550620083,1.3236439171448255,2.398272568801241,2.6816652677859327,0.8
full_seed101_freeze_0p0_noise0p5_s5_a0p2_b0p7,101,freeze,0.0,0.5,5,0.2,fpr_owa,1.709271226509631,1.8044491280747168,1.6461929187271442,2.6895015239178703,3.020868080479137,0.7
full_seed101_freeze_0p0_noise0p5_s5_a0p2_b0p7,101,freeze,0.0,0.5,5,0.2,crp,1.7108937448554966,1.806884459017612,1.6461929187271442,2.6986287482273794,3.020868080479137,0.7
full_seed101_freeze_0p0_noise0p5_s5_a0p3_b0p8,101,freeze,0.0,0.5,5,0.3,fpr_owa,1.703342370087818,1.80311874125599,1.6345246869770231,2.725174442138963,3.089570498033422,0.8
full_seed101_freeze_0p0_noise0p5_s5_a0p3_b0p8,101,freeze,0.0,0.5,5,0.3,crp,1.70423412637046,1.8045258351022189,1.6345246869770231,2.725174442138963,3.089570498033422,0.8
full_seed101_freeze_0p0_noise0p5_s9_a0p2_b0p7,101,freeze,0.0,0.5,9,0.2,fpr_owa,1.70044414129838,1.7783768765686925,1.641228448021633,2.5752813313069827,2.867533613785253,0.7
full_seed101_freeze_0p0_noise0p5_s9_a0p2_b0p7,101,freeze,0.0,0.5,9,0.2,crp,1.6995412584305176,1.77824065333731,1.641228448021633,2.531861201014098,3.027519993135773,0.7
full_seed101_freeze_0p0_noise0p5_s9_a0p3_b0p8,101,freeze,0.0,0.5,9,0.3,fpr_owa,1.6909088150660572,1.7716248152131142,1.5885115885765302,2.610265449817572,3.033435246204024,0.8
full_seed101_freeze_0p0_noise0p5_s9_a0p3_b0p8,101,freeze,0.0,0.5,9,0.3,crp,1.6938066565066163,1.775111223809045,1.6191030876108847,2.611193243515313,3.0867938506811226,0.8
full_seed101_freeze_0p1_noise0p1_s13_a0p2_b0p7,101,freeze,0.1,0.1,13,0.2,fpr_owa,1.1998149316062623,1.2493430963426797,1.1936329513941824,1.6493486746710642,1.7438379620698026,0.7
full_seed101_freeze_0p1_noise0p1_s13_a0p2_b0p7,101,freeze,0.1,0.1,13,0.2,crp,1.1998149316062623,1.2493430963426797,1.1936329513941824,1.6493486746710642,1.7438379620698026,0.7
full_seed101_freeze_0p1_noise0p1_s13_a0p3_b0p8,101,freeze,0.1,0.1,13,0.3,fpr_owa,1.45736703770427,1.536009120294032,1.4105131735776282,2.0822996460170384,2.1907118190644783,0.8
full_seed101_freeze_0p1_noise0p1_s13_a0p3_b0p8,101,freeze,0.1,0.1,13,0.3,crp,1.45736703770427,1.536009120294032,1.4105131735776282,2.0822996460170384,2.1907118190644783,0.8
full_seed101_freeze_0p1_noise0p1_s5_a0p2_b0p7,101,freeze,0.1,0.1,5,0.2,fpr_owa,1.767117669704048,1.8354108405671965,1.6600840900874871,2.4665471628706577,2.623309323256321,0.7
full_seed101_freeze_0p1_noise0p1_s5_a0p2_b0p7,101,freeze,0.1,0.1,5,0.2,crp,1.767117669704048,1.8354108405671965,1.6600840900874871,2.4665471628706577,2.623309323256321,0.7
full_seed101_freeze_0p1_noise0p1_s5_a0p3_b0p8,101,freeze,0.1,0.1,5,0.3,fpr_owa,1.7626268134227294,1.838567579606963,1.6659867656620362,2.496622538502625,2.5856445900776754,0.8
full_seed101_freeze_0p1_noise0p1_s5_a0p3_b0p8,101,freeze,0.1,0.1,5,0.3,crp,1.7626268134227294,1.838567579606963,1.6659867656620362,2.496622538502625,2.5856445900776754,0.8
full_seed101_freeze_0p1_noise0p1_s9_a0p2_b0p7,101,freeze,0.1,0.1,9,0.2,fpr_owa,1.7431267322240385,1.7957562784551415,1.6360161484302114,2.391604754266902,2.523561358285354,0.7
full_seed101_freeze_0p1_noise0p1_s9_a0p2_b0p7,101,freeze,0.1,0.1,9,0.2,crp,1.7431267322240385,1.7957562784551415,1.6360161484302114,2.391604754266902,2.523561358285354,0.7
full_seed101_freeze_0p1_noise0p1_s9_a0p3_b0p8,101,freeze,0.1,0.1,9,0.3,fpr_owa,1.713528403845548,1.7869630988891485,1.5911349792257754,2.479236558855026,2.539427961443164,0.8
full_seed101_freeze_0p1_noise0p1_s9_a0p3_b0p8,101,freeze,0.1,0.1,9,0.3,crp,1.713528403845548,1.7869630988891485,1.5911349792257754,2.479236558855026,2.539427961443164,0.8
full_seed101_freeze_0p1_noise0p25_s13_a0p2_b0p7,101,freeze,0.1,0.25,13,0.2,fpr_owa,1.2248871321354111,1.285195674379019,1.19725866256588,1.8205840883688,1.93807001433504,0.7
full_seed101_freeze_0p1_noise0p25_s13_a0p2_b0p7,101,freeze,0.1,0.25,13,0.2,crp,1.2262505946744462,1.287151160743195,1.19725866256588,1.8208046965347109,2.0401290678638704,0.7
full_seed101_freeze_0p1_noise0p25_s13_a0p3_b0p8,101,freeze,0.1,0.25,13,0.3,fpr_owa,1.4201540703649094,1.5148726549838312,1.3935973055068982,2.1739971801382496,2.364904962084545,0.8
full_seed101_freeze_0p1_noise0p25_s13_a0p3_b0p8,101,freeze,0.1,0.25,13,0.3,crp,1.4213903755092068,1.5167124935365726,1.3935973055068982,2.178580041376485,2.4340305606259047,0.8
full_seed101_freeze_0p1_noise0p25_s5_a0p2_b0p7,101,freeze,0.1,0.25,5,0.2,fpr_owa,1.7336143413815548,1.8099001257236491,1.6922920438569655,2.55417172044426,2.7327033676123493,0.7
full_seed101_freeze_0p1_noise0p25_s5_a0p2_b0p7,101,freeze,0.1,0.25,5,0.2,crp,1.7336143413815548,1.8099001257236491,1.6922920438569655,2.55417172044426,2.7327033676123493,0.7
full_seed101_freeze_0p1_noise0p25_s5_a0p3_b0p8,101,freeze,0.1,0.25,5,0.3,fpr_owa,1.7299506229173902,1.809798933912468,1.6661550456250218,2.56977910378971,2.767724316695624,0.8
full_seed101_freeze_0p1_noise0p25_s5_a0p3_b0p8,101,freeze,0.1,0.25,5,0.3,crp,1.7299506229173902,1.809798933912468,1.6661550456250218,2.56977910378971,2.767724316695624,0.8
full_seed101_freeze_0p1_noise0p25_s9_a0p2_b0p7,101,freeze,0.1,0.25,9,0.2,fpr_owa,1.7149786288704485,1.7787291413451884,1.6096267924073056,2.4324882517854496,2.6353623763668463,0.7
full_seed101_freeze_0p1_noise0p25_s9_a0p2_b0p7,101,freeze,0.1,0.25,9,0.2,crp,1.7157425360028744,1.7796052901525736,1.6096267924073056,2.4324882517854496,2.6353623763668463,0.7
full_seed101_freeze_0p1_noise0p25_s9_a0p3_b0p8,101,freeze,0.1,0.25,9,0.3,fpr_owa,1.699676980724064,1.7724449887095768,1.6085728558567252,2.4637748117797917,2.671886585904733,0.8
full_seed101_freeze_0p1_noise0p25_s9_a0p3_b0p8,101,freeze,0.1,0.25,9,0.3,crp,1.7002074225668082,1.7731142766228607,1.6085728558567252,2.4637748117797917,2.671886585904733,0.8
full_seed101_freeze_0p1_noise0p5_s13_a0p2_b0p7,101,freeze,0.1,0.5,13,0.2,fpr_owa,1.2661904919682845,1.3434312872994345,1.240801419563994,2.0477269291336966,2.3215045262022573,0.7
full_seed101_freeze_0p1_noise0p5_s13_a0p2_b0p7,101,freeze,0.1,0.5,13,0.2,crp,1.2951007087247683,1.383390998741271,1.2689055939956453,2.129334942999685,2.436701985267087,0.7
full_seed101_freeze_0p1_noise0p5_s13_a0p3_b0p8,101,freeze,0.1,0.5,13,0.3,fpr_owa,1.3224245099336511,1.4290564730045592,1.2836515648764424,2.331147786840297,2.4987166291150835,0.8
full_seed101_freeze_0p1_noise0p5_s13_a0p3_b0p8,101,freeze,0.1,0.5,13,0.3,crp,1.3523544534968788,1.4669480624279303,1.2776368165199163,2.3517513155675016,2.638924195582395,0.8
full_seed101_freeze_0p1_noise0p5_s5_a0p2_b0p7,101,freeze,0.1,0.5,5,0.2,fpr_owa,1.709271226509631,1.8044491280747168,1.6461929187271442,2.6895015239178703,3.020868080479137,0.7
full_seed101_freeze_0p1_noise0p5_s5_a0p2_b0p7,101,freeze,0.1,0.5,5,0.2,crp,1.7108937448554966,1.806884459017612,1.6461929187271442,2.6986287482273794,3.020868080479137,0.7
full_seed101_freeze_0p1_noise0p5_s5_a0p3_b0p8,101,freeze,0.1,0.5,5,0.3,fpr_owa,1.703342370087818,1.80311874125599,1.6345246869770231,2.725174442138963,3.089570498033422,0.8
full_seed101_freeze_0p1_noise0p5_s5_a0p3_b0p8,101,freeze,0.1,0.5,5,0.3,crp,1.70423412637046,1.8045258351022189,1.6345246869770231,2.725174442138963,3.089570498033422,0.8
full_seed101_freeze_0p1_noise0p5_s9_a0p2_b0p7,101,freeze,0.1,0.5,9,0.2,fpr_owa,1.679200189049418,1.755870631591648,1.6081310323269815,2.514867069402352,2.870264594752112,0.7
full_seed101_freeze_0p1_noise0p5_s9_a0p2_b0p7,101,freeze,0.1,0.5,9,0.2,crp,1.680670385814617,1.758315400937876,1.6081310323269815,2.514867069402352,2.879365846589443,0.7
full_seed101_freeze_0p1_noise0p5_s9_a0p3_b0p8,101,freeze,0.1,0.5,9,0.3,fpr_owa,1.669025005055487,1.7515884841454676,1.571148724148809,2.60260037386507,2.9266970499106346,0.8
full_seed101_freeze_0p1_noise0p5_s9_a0p3_b0p8,101,freeze,0.1,0.5,9,0.3,crp,1.6733709930732548,1.7568566863689905,1.5727331946709362,2.5983641866320704,2.9697657655149032,0.8
full_seed101_freeze_0p2_noise0p1_s13_a0p2_b0p7,101,freeze,0.2,0.1,13,0.2,fpr_owa,1.2265056745990537,1.2704683731572388,1.225990047351839,1.6539651722283146,1.718632736989035,0.7
full_seed101_freeze_0p2_noise0p1_s13_a0p2_b0p7,101,freeze,0.2,0.1,13,0.2,crp,1.2265056745990537,1.2704683731572388,1.225990047351839,1.6539651722283146,1.718632736989035,0.7
full_seed101_freeze_0p2_noise0p1_s13_a0p3_b0p8,101,freeze,0.2,0.1,13,0.3,fpr_owa,1.4928411499919712,1.5662044240834123,1.4869897173251232,2.083792561859703,2.1805322811617684,0.8
full_seed101_freeze_0p2_noise0p1_s13_a0p3_b0p8,101,freeze,0.2,0.1,13,0.3,crp,1.4928411499919712,1.5662044240834123,1.4869897173251232,2.083792561859703,2.1805322811617684,0.8
full_seed101_freeze_0p2_noise0p1_s5_a0p2_b0p7,101,freeze,0.2,0.1,5,0.2,fpr_owa,1.7186949486412002,1.790965364251446,1.6210164285291826,2.4565832105198773,2.623309323256321,0.7
full_seed101_freeze_0p2_noise0p1_s5_a0p2_b0p7,101,freeze,0.2,0.1,5,0.2,crp,1.7186949486412002,1.790965364251446,1.6210164285291826,2.4565832105198773,2.623309323256321,0.7
full_seed101_freeze_0p2_noise0p1_s5_a0p3_b0p8,101,freeze,0.2,0.1,5,0.3,fpr_owa,1.7056884763983675,1.7834175409952338,1.5911570102417278,2.4796899970927493,2.5856445900776754,0.8
full_seed101_freeze_0p2_noise0p1_s5_a0p3_b0p8,101,freeze,0.2,0.1,5,0.3,crp,1.7056884763983675,1.7834175409952338,1.5911570102417278,2.4796899970927493,2.5856445900776754,0.8
full_seed101_freeze_0p2_noise0p1_s9_a0p2_b0p7,101,freeze,0.2,0.1,9,0.2,fpr_owa,1.7676144168871124,1.817447115599277,1.6833170702005522,2.397370534849156,2.556822477164654,0.7
full_seed101_freeze_0p2_noise0p1_s9_a0p2_b0p7,101,freeze,0.2,0.1,9,0.2,crp,1.7676144168871124,1.817447115599277,1.6833170702005522,2.397370534849156,2.556822477164654,0.7
full_seed101_freeze_0p2_noise0p1_s9_a0p3_b0p8,101,freeze,0.2,0.1,9,0.3,fpr_owa,1.7463549407257573,1.817828616851076,1.6351448970085083,2.483087558392486,2.615982087131423,0.8
full_seed101_freeze_0p2_noise0p1_s9_a0p3_b0p8,101,freeze,0.2,0.1,9,0.3,crp,1.7463549407257573,1.817828616851076,1.6351448970085083,2.483087558392486,2.615982087131423,0.8
full_seed101_freeze_0p2_noise0p25_s13_a0p2_b0p7,101,freeze,0.2,0.25,13,0.2,fpr_owa,1.2485855832845496,1.3034869338153323,1.2398665029228702,1.820979321793661,1.93807001433504,0.7
full_seed101_freeze_0p2_noise0p25_s13_a0p2_b0p7,101,freeze,0.2,0.25,13,0.2,crp,1.2499490458235845,1.3054150205154331,1.2398665029228702,1.821956282128484,2.0401290678638704,0.7
full_seed101_freeze_0p2_noise0p25_s13_a0p3_b0p8,101,freeze,0.2,0.25,13,0.3,fpr_owa,1.446167560462041,1.5384420008116133,1.4129804139742663,2.196101854236166,2.364904962084545,0.8
full_seed101_freeze_0p2_noise0p25_s13_a0p3_b0p8,101,freeze,0.2,0.25,13,0.3,crp,1.4474038656063384,1.5402536859535203,1.4129804139742663,2.204306504548037,2.4340305606259047,0.8
full_seed101_freeze_0p2_noise0p25_s5_a0p2_b0p7,101,freeze,0.2,0.25,5,0.2,fpr_owa,1.6994781896146631,1.776777795121539,1.6417163603941751,2.505650056969039,2.7327033676123493,0.7
full_seed101_freeze_0p2_noise0p25_s5_a0p2_b0p7,101,freeze,0.2,0.25,5,0.2,crp,1.6994781896146631,1.776777795121539,1.6417163603941751,2.505650056969039,2.7327033676123493,0.7
full_seed101_freeze_0p2_noise0p25_s5_a0p3_b0p8,101,freeze,0.2,0.25,5,0.3,fpr_owa,1.6913440002484912,1.7707290159889926,1.6143172300979542,2.5541707944410432,2.767724316695624,0.8
full_seed101_freeze_0p2_noise0p25_s5_a0p3_b0p8,101,freeze,0.2,0.25,5,0.3,crp,1.6913440002484912,1.7707290159889926,1.6143172300979542,2.5541707944410432,2.767724316695624,0.8
full_seed101_freeze_0p2_noise0p25_s9_a0p2_b0p7,101,freeze,0.2,0.25,9,0.2,fpr_owa,1.735984129050371,1.7998178071024762,1.6580164908534962,2.46384236319453,2.6353623763668463,0.7
full_seed101_freeze_0p2_noise0p25_s9_a0p2_b0p7,101,freeze,0.2,0.25,9,0.2,crp,1.7374728039727556,1.8015376169204345,1.6580164908534962,2.46384236319453,2.6353623763668463,0.7
full_seed101_freeze_0p2_noise0p25_s9_a0p3_b0p8,101,freeze,0.2,0.25,9,0.3,fpr_owa,1.7228756756400387,1.7962531950873908,1.6411332435115256,2.477798450971836,2.724353125984368,0.8
full_seed101_freeze_0p2_noise0p25_s9_a0p3_b0p8,101,freeze,0.2,0.25,9,0.3,crp,1.7238668639627135,1.7975024784144924,1.6411332435115256,2.477798450971836,2.724353125984368,0.8
full_seed101_freeze_0p2_noise0p5_s13_a0p2_b0p7,101,freeze,0.2,0.5,13,0.2,fpr_owa,1.2800621104725636,1.3542986225439246,1.240801419563994,2.0512581199648063,2.44997996627012,0.7
full_seed101_freeze_0p2_noise0p5_s13_a0p2_b0p7,101,freeze,0.2,0.5,13,0.2,crp,1.3118801029643776,1.394846170296635,1.2849888151117823,2.118441333097328,2.436701985267087,0.7
full_seed101_freeze_0p2_noise0p5_s13_a0p3_b0p8,101,freeze,0.2,0.5,13,0.3,fpr_owa,1.352056749771235,1.459239131771244,1.3295854179872189,2.3365054897639945,2.61467936605722,0.8
full_seed101_freeze_0p2_noise0p5_s13_a0p3_b0p8,101,freeze,0.2,0.5,13,0.3,crp,1.382767813442744,1.495473781432606,1.343732478788664,2.3923024978499923,2.8244658732345167,0.8
full_seed101_freeze_0p2_noise0p5_s5_a0p2_b0p7,101,freeze,0.2,0.5,5,0.2,fpr_owa,1.6705705504759565,1.7679917520712225,1.5930803466833434,2.6191433205467187,3.020868080479137,0.7
full_seed101_freeze_0p2_noise0p5_s5_a0p2_b0p7,101,freeze,0.2,0.5,5,0.2,crp,1.672193068821822,1.770477231658637,1.5930803466833434,2.6356246656506297,3.020868080479137,0.7
full_seed101_freeze_0p2_noise0p5_s5_a0p3_b0p8,101,freeze,0.2,0.5,5,0.3,fpr_owa,1.6708269665307858,1.7711684200273643,1.6270113370918875,2.70287780136473,3.089570498033422,0.8
full_seed101_freeze_0p2_noise0p5_s5_a0p3_b0p8,101,freeze,0.2,0.5,5,0.3,crp,1.6717187228134278,1.7726008762789796,1.6270113370918875,2.70287780136473,3.089570498033422,0.8
full_seed101_freeze_0p2_noise0p5_s9_a0p2_b0p7,101,freeze,0.2,0.5,9,0.2,fpr_owa,1.7023498851716026,1.7792748890853485,1.607675141305693,2.549626323415734,2.870264594752112,0.7
full_seed101_freeze_0p2_noise0p5_s9_a0p2_b0p7,101,freeze,0.2,0.5,9,0.2,crp,1.7018286668530147,1.7794386494192946,1.607675141305693,2.531702695658899,2.92591071928005,0.7
full_seed101_freeze_0p2_noise0p5_s9_a0p3_b0p8,101,freeze,0.2,0.5,9,0.3,fpr_owa,1.6939974669445723,1.7741419545548784,1.6143133082805834,2.6105405103414583,2.9577269650377063,0.8
full_seed101_freeze_0p2_noise0p5_s9_a0p3_b0p8,101,freeze,0.2,0.5,9,0.3,crp,1.6981791650790894,1.779610379106246,1.6162463716281334,2.6093255922234677,2.9697657655149032,0.8
full_seed101_freeze_0p3_noise0p1_s13_a0p2_b0p7,101,freeze,0.3,0.1,13,0.2,fpr_owa,1.2278730529185364,1.268691671347426,1.2305367836384886,1.6377492040854786,1.7108231043868751,0.7
full_seed101_freeze_0p3_noise0p1_s13_a0p2_b0p7,101,freeze,0.3,0.1,13,0.2,crp,1.2278730529185364,1.268691671347426,1.2305367836384886,1.6377492040854786,1.7108231043868751,0.7
full_seed101_freeze_0p3_noise0p1_s13_a0p3_b0p8,101,freeze,0.3,0.1,13,0.3,fpr_owa,1.4989047948068055,1.5664831709117957,1.5145615314150092,2.0821620070444355,2.1805322811617684,0.8
full_seed101_freeze_0p3_noise0p1_s13_a0p3_b0p8,101,freeze,0.3,0.1,13,0.3,crp,1.4989047948068055,1.5664831709117957,1.5145615314150092,2.0821620070444355,2.1805322811617684,0.8
full_seed101_freeze_0p3_noise0p1_s5_a0p2_b0p7,101,freeze,0.3,0.1,5,0.2,fpr_owa,1.7685399923329714,1.835395269087492,1.667629823959527,2.486174470871711,2.6317778813505948,0.7
full_seed101_freeze_0p3_noise0p1_s5_a0p2_b0p7,101,freeze,0.3,0.1,5,0.2,crp,1.7685399923329714,1.835395269087492,1.667629823959527,2.486174470871711,2.6317778813505948,0.7
full_seed101_freeze_0p3_noise0p1_s5_a0p3_b0p8,101,freeze,0.3,0.1,5,0.3,fpr_owa,1.7548319396101044,1.8308694422372451,1.7071430022950145,2.5114486247602046,2.5856445900776754,0.8
full_seed101_freeze_0p3_noise0p1_s5_a0p3_b0p8,101,freeze,0.3,0.1,5,0.3,crp,1.7548319396101044,1.8308694422372451,1.7071430022950145,2.5114486247602046,2.5856445900776754,0.8
full_seed101_freeze_0p3_noise0p1_s9_a0p2_b0p7,101,freeze,0.3,0.1,9,0.2,fpr_owa,1.7772461660123478,1.8264179100392952,1.688603741471775,2.3995761498305272,2.6016583341996022,0.7
full_seed101_freeze_0p3_noise0p1_s9_a0p2_b0p7,101,freeze,0.3,0.1,9,0.2,crp,1.7772461660123478,1.8264179100392952,1.688603741471775,2.3995761498305272,2.6016583341996022,0.7
full_seed101_freeze_0p3_noise0p1_s9_a0p3_b0p8,101,freeze,0.3,0.1,9,0.3,fpr_owa,1.7672847660070194,1.835395835718048,1.659992678927206,2.486906006569736,2.586042908160543,0.8
full_seed101_freeze_0p3_noise0p1_s9_a0p3_b0p8,101,freeze,0.3,0.1,9,0.3,crp,1.7672847660070194,1.835395835718048,1.659992678927206,2.486906006569736,2.586042908160543,0.8
full_seed101_freeze_0p3_noise0p25_s13_a0p2_b0p7,101,freeze,0.3,0.25,13,0.2,fpr_owa,1.2527698821432245,1.3045092966437954,1.2456549603750893,1.820590858428842,1.93807001433504,0.7
full_seed101_freeze_0p3_noise0p25_s13_a0p2_b0p7,101,freeze,0.3,0.25,13,0.2,crp,1.2541333446822591,1.3064358745036442,1.2456549603750893,1.820979321793661,2.0401290678638704,0.7
full_seed101_freeze_0p3_noise0p25_s13_a0p3_b0p8,101,freeze,0.3,0.25,13,0.3,fpr_owa,1.459142846078877,1.544233889271269,1.4357893867681866,2.192325854307477,2.348715633380049,0.8
full_seed101_freeze_0p3_noise0p25_s13_a0p3_b0p8,101,freeze,0.3,0.25,13,0.3,crp,1.4603791512231743,1.546038787354973,1.4357893867681866,2.196657612547512,2.4340305606259047,0.8
full_seed101_freeze_0p3_noise0p25_s5_a0p2_b0p7,101,freeze,0.3,0.25,5,0.2,fpr_owa,1.7347331845210687,1.8102846944759847,1.6744679092833217,2.580478015543148,2.7327033676123493,0.7
full_seed101_freeze_0p3_noise0p25_s5_a0p2_b0p7,101,freeze,0.3,0.25,5,0.2,crp,1.7347331845210687,1.8102846944759847,1.6744679092833217,2.580478015543148,2.7327033676123493,0.7
full_seed101_freeze_0p3_noise0p25_s5_a0p3_b0p8,101,freeze,0.3,0.25,5,0.3,fpr_owa,1.7235811546688966,1.801935336303781,1.6366253477849442,2.5766362005104635,2.767724316695624,0.8
full_seed101_freeze_0p3_noise0p25_s5_a0p3_b0p8,101,freeze,0.3,0.25,5,0.3,crp,1.7235811546688966,1.801935336303781,1.6366253477849442,2.5766362005104635,2.767724316695624,0.8
full_seed101_freeze_0p3_noise0p25_s9_a0p2_b0p7,101,freeze,0.3,0.25,9,0.2,fpr_owa,1.7493422502144336,1.8105099052382172,1.651757577450522,2.4808986829135944,2.63202489517159,0.7
full_seed101_freeze_0p3_noise0p25_s9_a0p2_b0p7,101,freeze,0.3,0.25,9,0.2,crp,1.749606666204603,1.8108515109863312,1.651757577450522,2.4808986829135944,2.63202489517159,0.7
full_seed101_freeze_0p3_noise0p25_s9_a0p3_b0p8,101,freeze,0.3,0.25,9,0.3,fpr_owa,1.740977781335233,1.8096306591638605,1.6411332435115256,2.485224457342335,2.7449004468434475,0.8
full_seed101_freeze_0p3_noise0p25_s9_a0p3_b0p8,101,freeze,0.3,0.25,9,0.3,crp,1.7426344213854157,1.811700213185067,1.6411332435115256,2.485224457342335,2.7449004468434475,0.8
full_seed101_freeze_0p3_noise0p5_s13_a0p2_b0p7,101,freeze,0.3,0.5,13,0.2,fpr_owa,1.2831888220930243,1.356538260813096,1.2591364064849344,2.057347837523185,2.386969497805062,0.7
full_seed101_freeze_0p3_noise0p5_s13_a0p2_b0p7,101,freeze,0.3,0.5,13,0.2,crp,1.312344738097199,1.3938701518622392,1.289347202387636,2.118441333097328,2.411404701810358,0.7
full_seed101_freeze_0p3_noise0p5_s13_a0p3_b0p8,101,freeze,0.3,0.5,13,0.3,fpr_owa,1.3617248165498368,1.4679368037038667,1.3416695804062218,2.335685621870911,2.551668897592163,0.8
full_seed101_freeze_0p3_noise0p5_s13_a0p3_b0p8,101,freeze,0.3,0.5,13,0.3,crp,1.3884190046581046,1.4993828769879745,1.3574480501052073,2.3838466841592405,2.7562045323973723,0.8
full_seed101_freeze_0p3_noise0p5_s5_a0p2_b0p7,101,freeze,0.3,0.5,5,0.2,fpr_owa,1.7068481132738618,1.804264769352426,1.6266291230669725,2.7066877690532376,3.020868080479137,0.7
full_seed101_freeze_0p3_noise0p5_s5_a0p2_b0p7,101,freeze,0.3,0.5,5,0.2,crp,1.7093609899706257,1.8078437613424705,1.6266291230669725,2.7081718282132714,3.020868080479137,0.7
full_seed101_freeze_0p3_noise0p5_s5_a0p3_b0p8,101,freeze,0.3,0.5,5,0.3,fpr_owa,1.6973970819406383,1.7980869514635078,1.6563774825084892,2.725174442138963,3.089570498033422,0.8
full_seed101_freeze_0p3_noise0p5_s5_a0p3_b0p8,101,freeze,0.3,0.5,5,0.3,crp,1.698459222809025,1.799731235681452,1.6563774825084892,2.725174442138963,3.089570498033422,0.8
full_seed101_freeze_0p3_noise0p5_s9_a0p2_b0p7,101,freeze,0.3,0.5,9,0.2,fpr_owa,1.7185683723654903,1.791827271597466,1.6468159611748028,2.5534234735537864,2.817641262497876,0.7
full_seed101_freeze_0p3_noise0p5_s9_a0p2_b0p7,101,freeze,0.3,0.5,9,0.2,crp,1.7198935886309423,1.793628643909916,1.6468159611748028,2.5318467334482846,2.817641262497876,0.7
full_seed101_freeze_0p3_noise0p5_s9_a0p3_b0p8,101,freeze,0.3,0.5,9,0.3,fpr_owa,1.7136066698424472,1.7889941971752,1.640670811964922,2.629755645020305,2.899386382569466,0.8
full_seed101_freeze_0p3_noise0p5_s9_a0p3_b0p8,101,freeze,0.3,0.5,9,0.3,crp,1.718220669641425,1.79499765686979,1.6387952398979135,2.6209392243907645,2.9330706639890143,0.8
full_seed101_freeze_0p4_noise0p1_s13_a0p2_b0p7,101,freeze,0.4,0.1,13,0.2,fpr_owa,1.2173537271562582,1.262182825371183,1.2253171969934522,1.6362619351894503,1.7148521088811317,0.7
full_seed101_freeze_0p4_noise0p1_s13_a0p2_b0p7,101,freeze,0.4,0.1,13,0.2,crp,1.2173537271562582,1.262182825371183,1.2253171969934522,1.6362619351894503,1.7148521088811317,0.7
full_seed101_freeze_0p4_noise0p1_s13_a0p3_b0p8,101,freeze,0.4,0.1,13,0.3,fpr_owa,1.4736161327187447,1.5463334272929692,1.4695100360453828,2.083220548694629,2.142828786129591,0.8
full_seed101_freeze_0p4_noise0p1_s13_a0p3_b0p8,101,freeze,0.4,0.1,13,0.3,crp,1.4736161327187447,1.5463334272929692,1.4695100360453828,2.083220548694629,2.142828786129591,0.8
full_seed101_freeze_0p4_noise0p1_s5_a0p2_b0p7,101,freeze,0.4,0.1,5,0.2,fpr_owa,1.7685399923329714,1.835395269087492,1.667629823959527,2.486174470871711,2.6317778813505948,0.7
full_seed101_freeze_0p4_noise0p1_s5_a0p2_b0p7,101,freeze,0.4,0.1,5,0.2,crp,1.7685399923329714,1.835395269087492,1.667629823959527,2.486174470871711,2.6317778813505948,0.7
full_seed101_freeze_0p4_noise0p1_s5_a0p3_b0p8,101,freeze,0.4,0.1,5,0.3,fpr_owa,1.7548319396101044,1.8308694422372451,1.7071430022950145,2.5114486247602046,2.5856445900776754,0.8
full_seed101_freeze_0p4_noise0p1_s5_a0p3_b0p8,101,freeze,0.4,0.1,5,0.3,crp,1.7548319396101044,1.8308694422372451,1.7071430022950145,2.5114486247602046,2.5856445900776754,0.8
full_seed101_freeze_0p4_noise0p1_s9_a0p2_b0p7,101,freeze,0.4,0.1,9,0.2,fpr_owa,1.777517440705297,1.825243906808388,1.690044143966498,2.3981483074830336,2.57230255085972,0.7
full_seed101_freeze_0p4_noise0p1_s9_a0p2_b0p7,101,freeze,0.4,0.1,9,0.2,crp,1.777517440705297,1.825243906808388,1.690044143966498,2.3981483074830336,2.57230255085972,0.7
full_seed101_freeze_0p4_noise0p1_s9_a0p3_b0p8,101,freeze,0.4,0.1,9,0.3,fpr_owa,1.7674692244326216,1.8309326888777904,1.700435866606468,2.481753228222399,2.562509804855292,0.8
full_seed101_freeze_0p4_noise0p1_s9_a0p3_b0p8,101,freeze,0.4,0.1,9,0.3,crp,1.7674692244326216,1.8309326888777904,1.700435866606468,2.481753228222399,2.562509804855292,0.8
full_seed101_freeze_0p4_noise0p25_s13_a0p2_b0p7,101,freeze,0.4,0.25,13,0.2,fpr_owa,1.2306265100855929,1.2845062664270448,1.2044535377120542,1.820590858428842,1.93807001433504,0.7
full_seed101_freeze_0p4_noise0p25_s13_a0p2_b0p7,101,freeze,0.4,0.25,13,0.2,crp,1.2319899726246275,1.2864628007254455,1.2044535377120542,1.820979321793661,2.0401290678638704,0.7
full_seed101_freeze_0p4_noise0p25_s13_a0p3_b0p8,101,freeze,0.4,0.25,13,0.3,fpr_owa,1.4196455848724718,1.5080825297581586,1.40325475865085,2.189210494620096,2.348715633380049,0.8
full_seed101_freeze_0p4_noise0p25_s13_a0p3_b0p8,101,freeze,0.4,0.25,13,0.3,crp,1.420881890016769,1.5099306420474858,1.40325475865085,2.195870679109029,2.4340305606259047,0.8
full_seed101_freeze_0p4_noise0p25_s5_a0p2_b0p7,101,freeze,0.4,0.25,5,0.2,fpr_owa,1.7347331845210687,1.8102846944759847,1.6744679092833217,2.580478015543148,2.7327033676123493,0.7
full_seed101_freeze_0p4_noise0p25_s5_a0p2_b0p7,101,freeze,0.4,0.25,5,0.2,crp,1.7347331845210687,1.8102846944759847,1.6744679092833217,2.580478015543148,2.7327033676123493,0.7
full_seed101_freeze_0p4_noise0p25_s5_a0p3_b0p8,101,freeze,0.4,0.25,5,0.3,fpr_owa,1.7235811546688966,1.801935336303781,1.6366253477849442,2.5766362005104635,2.767724316695624,0.8
full_seed101_freeze_0p4_noise0p25_s5_a0p3_b0p8,101,freeze,0.4,0.25,5,0.3,crp,1.7235811546688966,1.801935336303781,1.6366253477849442,2.5766362005104635,2.767724316695624,0.8
full_seed101_freeze_0p4_noise0p25_s9_a0p2_b0p7,101,freeze,0.4,0.25,9,0.2,fpr_owa,1.7443062765003907,1.803225412427768,1.6852839971654492,2.4398284480022494,2.5823984057279774,0.7
full_seed101_freeze_0p4_noise0p25_s9_a0p2_b0p7,101,freeze,0.4,0.25,9,0.2,crp,1.7443062765003907,1.803225412427768,1.6852839971654492,2.4398284480022494,2.5823984057279774,0.7
full_seed101_freeze_0p4_noise0p25_s9_a0p3_b0p8,101,freeze,0.4,0.25,9,0.3,fpr_owa,1.738418102019937,1.8031919248700097,1.6744650070957183,2.4637222532666665,2.671886585904733,0.8
full_seed101_freeze_0p4_noise0p25_s9_a0p3_b0p8,101,freeze,0.4,0.25,9,0.3,crp,1.738418102019937,1.8031919248700097,1.6744650070957183,2.4637222532666665,2.671886585904733,0.8
full_seed101_freeze_0p4_noise0p5_s13_a0p2_b0p7,101,freeze,0.4,0.5,13,0.2,fpr_owa,1.2564227390011231,1.3305241064851612,1.2393184122616925,2.0469385824003457,2.2735603414359,0.7
full_seed101_freeze_0p4_noise0p5_s13_a0p2_b0p7,101,freeze,0.4,0.5,13,0.2,crp,1.2856866030228806,1.3686928131597451,1.2773172488057605,2.1276280076040868,2.3829592258386265,0.7
full_seed101_freeze_0p4_noise0p5_s13_a0p3_b0p8,101,freeze,0.4,0.5,13,0.3,fpr_owa,1.319691586851224,1.4245882606815816,1.2852734185273955,2.331178761822599,2.5397768976233057,0.8
full_seed101_freeze_0p4_noise0p5_s13_a0p3_b0p8,101,freeze,0.4,0.5,13,0.3,crp,1.345886940868955,1.456103446386726,1.3279591467771437,2.30810889762575,2.638924195582395,0.8
full_seed101_freeze_0p4_noise0p5_s5_a0p2_b0p7,101,freeze,0.4,0.5,5,0.2,fpr_owa,1.7068481132738618,1.804264769352426,1.6266291230669725,2.7066877690532376,3.020868080479137,0.7
full_seed101_freeze_0p4_noise0p5_s5_a0p2_b0p7,101,freeze,0.4,0.5,5,0.2,crp,1.7093609899706257,1.8078437613424705,1.6266291230669725,2.7081718282132714,3.020868080479137,0.7
full_seed101_freeze_0p4_noise0p5_s5_a0p3_b0p8,101,freeze,0.4,0.5,5,0.3,fpr_owa,1.6973970819406383,1.7980869514635078,1.6563774825084892,2.725174442138963,3.089570498033422,0.8
full_seed101_freeze_0p4_noise0p5_s5_a0p3_b0p8,101,freeze,0.4,0.5,5,0.3,crp,1.698459222809025,1.799731235681452,1.6563774825084892,2.725174442138963,3.089570498033422,0.8
full_seed101_freeze_0p4_noise0p5_s9_a0p2_b0p7,101,freeze,0.4,0.5,9,0.2,fpr_owa,1.7183627142140423,1.7896607089080936,1.6477962578658143,2.594365913777648,2.7704657387066534,0.7
full_seed101_freeze_0p4_noise0p5_s9_a0p2_b0p7,101,freeze,0.4,0.5,9,0.2,crp,1.718178256690816,1.789703247877677,1.6477962578658143,2.594123813877826,2.7704657387066534,0.7
full_seed101_freeze_0p4_noise0p5_s9_a0p3_b0p8,101,freeze,0.4,0.5,9,0.3,fpr_owa,1.7082254410018174,1.7812749976334952,1.6395129350512163,2.60260037386507,2.899386382569466,0.8
full_seed101_freeze_0p4_noise0p5_s9_a0p3_b0p8,101,freeze,0.4,0.5,9,0.3,crp,1.7105332018063308,1.7845287421254092,1.6395129350512163,2.564140776027313,2.9330706639890143,0.8
full_seed101_mixed_0p0_noise0p1_s13_a0p2_b0p7,101,mixed,0.0,0.1,13,0.2,fpr_owa,1.2005996835464343,1.2492934636752335,1.1936329513941824,1.6485568056889095,1.7438379620698026,0.7
full_seed101_mixed_0p0_noise0p1_s13_a0p2_b0p7,101,mixed,0.0,0.1,13,0.2,crp,1.2005996835464343,1.2492934636752335,1.1936329513941824,1.6485568056889095,1.7438379620698026,0.7
full_seed101_mixed_0p0_noise0p1_s13_a0p3_b0p8,101,mixed,0.0,0.1,13,0.3,fpr_owa,1.459851850307026,1.5405262522493737,1.4105131735776282,2.0889440810659385,2.241185361713773,0.8
full_seed101_mixed_0p0_noise0p1_s13_a0p3_b0p8,101,mixed,0.0,0.1,13,0.3,crp,1.459851850307026,1.5405262522493737,1.4105131735776282,2.0889440810659385,2.241185361713773,0.8
full_seed101_mixed_0p0_noise0p1_s5_a0p2_b0p7,101,mixed,0.0,0.1,5,0.2,fpr_owa,1.767117669704048,1.8354108405671965,1.6600840900874871,2.4665471628706577,2.623309323256321,0.7
full_seed101_mixed_0p0_noise0p1_s5_a0p2_b0p7,101,mixed,0.0,0.1,5,0.2,crp,1.767117669704048,1.8354108405671965,1.6600840900874871,2.4665471628706577,2.623309323256321,0.7
full_seed101_mixed_0p0_noise0p1_s5_a0p3_b0p8,101,mixed,0.0,0.1,5,0.3,fpr_owa,1.7626268134227294,1.838567579606963,1.6659867656620362,2.496622538502625,2.5856445900776754,0.8
full_seed101_mixed_0p0_noise0p1_s5_a0p3_b0p8,101,mixed,0.0,0.1,5,0.3,crp,1.7626268134227294,1.838567579606963,1.6659867656620362,2.496622538502625,2.5856445900776754,0.8
full_seed101_mixed_0p0_noise0p1_s9_a0p2_b0p7,101,mixed,0.0,0.1,9,0.2,fpr_owa,1.7649217452909671,1.8188107961041775,1.6358181714411566,2.402411083444426,2.5208303773184952,0.7
full_seed101_mixed_0p0_noise0p1_s9_a0p2_b0p7,101,mixed,0.0,0.1,9,0.2,crp,1.7649217452909671,1.8188107961041775,1.6358181714411566,2.402411083444426,2.5208303773184952,0.7
full_seed101_mixed_0p0_noise0p1_s9_a0p3_b0p8,101,mixed,0.0,0.1,9,0.3,fpr_owa,1.748512793146674,1.822359247104944,1.6160641797705488,2.483087558392486,2.621842066792208,0.8
full_seed101_mixed_0p0_noise0p1_s9_a0p3_b0p8,101,mixed,0.0,0.1,9,0.3,crp,1.748512793146674,1.822359247104944,1.6160641797705488,2.483087558392486,2.621842066792208,0.8
full_seed101_mixed_0p0_noise0p25_s13_a0p2_b0p7,101,mixed,0.0,0.25,13,0.2,fpr_owa,1.236562460285135,1.2956308708465365,1.2044535377120542,1.82105823882284,1.93807001433504,0.7
full_seed101_mixed_0p0_noise0p25_s13_a0p2_b0p7,101,mixed,0.0,0.25,13,0.2,crp,1.23792592282417,1.2975706310835515,1.2044535377120542,1.823455705682877,2.0401290678638704,0.7
full_seed101_mixed_0p0_noise0p25_s13_a0p3_b0p8,101,mixed,0.0,0.25,13,0.3,fpr_owa,1.4423166327854453,1.5394491390162115,1.4096630712143363,2.215127343217554,2.402718544702593,0.8
full_seed101_mixed_0p0_noise0p25_s13_a0p3_b0p8,101,mixed,0.0,0.25,13,0.3,crp,1.4435529379297427,1.5412596403104573,1.4096630712143363,2.215402441778199,2.4340305606259047,0.8
full_seed101_mixed_0p0_noise0p25_s5_a0p2_b0p7,101,mixed,0.0,0.25,5,0.2,fpr_owa,1.7336143413815548,1.8099001257236491,1.6922920438569655,2.55417172044426,2.7327033676123493,0.7
full_seed101_mixed_0p0_noise0p25_s5_a0p2_b0p7,101,mixed,0.0,0.25,5,0.2,crp,1.7336143413815548,1.8099001257236491,1.6922920438569655,2.55417172044426,2.7327033676123493,0.7
full_seed101_mixed_0p0_noise0p25_s5_a0p3_b0p8,101,mixed,0.0,0.25,5,0.3,fpr_owa,1.7299506229173902,1.809798933912468,1.6661550456250218,2.56977910378971,2.767724316695624,0.8
full_seed101_mixed_0p0_noise0p25_s5_a0p3_b0p8,101,mixed,0.0,0.25,5,0.3,crp,1.7299506229173902,1.809798933912468,1.6661550456250218,2.56977910378971,2.767724316695624,0.8
full_seed101_mixed_0p0_noise0p25_s9_a0p2_b0p7,101,mixed,0.0,0.25,9,0.2,fpr_owa,1.7298027951227697,1.795488778870893,1.6024240184477152,2.4398284480022494,2.632631395399988,0.7
full_seed101_mixed_0p0_noise0p25_s9_a0p2_b0p7,101,mixed,0.0,0.25,9,0.2,crp,1.7298027951227697,1.795488778870893,1.6024240184477152,2.4398284480022494,2.632631395399988,0.7
full_seed101_mixed_0p0_noise0p25_s9_a0p3_b0p8,101,mixed,0.0,0.25,9,0.3,fpr_owa,1.7256608562942817,1.7990798317672998,1.6358554405371024,2.4886343819454897,2.781453042917504,0.8
full_seed101_mixed_0p0_noise0p25_s9_a0p3_b0p8,101,mixed,0.0,0.25,9,0.3,crp,1.7256608562942817,1.7990798317672998,1.6358554405371024,2.4886343819454897,2.781453042917504,0.8
full_seed101_mixed_0p0_noise0p5_s13_a0p2_b0p7,101,mixed,0.0,0.5,13,0.2,fpr_owa,1.2839222170748892,1.3602123416225274,1.240801419563994,2.046768449975125,2.3782249001293287,0.7
full_seed101_mixed_0p0_noise0p5_s13_a0p2_b0p7,101,mixed,0.0,0.5,13,0.2,crp,1.314497399839868,1.4025424085265137,1.2674135840584235,2.176788966053849,2.501637824569277,0.7
full_seed101_mixed_0p0_noise0p5_s13_a0p3_b0p8,101,mixed,0.0,0.5,13,0.3,fpr_owa,1.3542700790443412,1.4646362664908377,1.2917001243824369,2.3401931281901307,2.585645126688344,0.8
full_seed101_mixed_0p0_noise0p5_s13_a0p3_b0p8,101,mixed,0.0,0.5,13,0.3,crp,1.3918040028525296,1.5086911550620083,1.3236439171448255,2.398272568801241,2.6816652677859327,0.8
full_seed101_mixed_0p0_noise0p5_s5_a0p2_b0p7,101,mixed,0.0,0.5,5,0.2,fpr_owa,1.709271226509631,1.8044491280747168,1.6461929187271442,2.6895015239178703,3.020868080479137,0.7
full_seed101_mixed_0p0_noise0p5_s5_a0p2_b0p7,101,mixed,0.0,0.5,5,0.2,crp,1.7108937448554966,1.806884459017612,1.6461929187271442,2.6986287482273794,3.020868080479137,0.7
full_seed101_mixed_0p0_noise0p5_s5_a0p3_b0p8,101,mixed,0.0,0.5,5,0.3,fpr_owa,1.703342370087818,1.80311874125599,1.6345246869770231,2.725174442138963,3.089570498033422,0.8
full_seed101_mixed_0p0_noise0p5_s5_a0p3_b0p8,101,mixed,0.0,0.5,5,0.3,crp,1.70423412637046,1.8045258351022189,1.6345246869770231,2.725174442138963,3.089570498033422,0.8
full_seed101_mixed_0p0_noise0p5_s9_a0p2_b0p7,101,mixed,0.0,0.5,9,0.2,fpr_owa,1.70044414129838,1.7783768765686925,1.641228448021633,2.5752813313069827,2.867533613785253,0.7
full_seed101_mixed_0p0_noise0p5_s9_a0p2_b0p7,101,mixed,0.0,0.5,9,0.2,crp,1.6995412584305176,1.77824065333731,1.641228448021633,2.531861201014098,3.027519993135773,0.7
full_seed101_mixed_0p0_noise0p5_s9_a0p3_b0p8,101,mixed,0.0,0.5,9,0.3,fpr_owa,1.6909088150660572,1.7716248152131142,1.5885115885765302,2.610265449817572,3.033435246204024,0.8
full_seed101_mixed_0p0_noise0p5_s9_a0p3_b0p8,101,mixed,0.0,0.5,9,0.3,crp,1.6938066565066163,1.775111223809045,1.6191030876108847,2.611193243515313,3.0867938506811226,0.8
full_seed101_mixed_0p1_noise0p1_s13_a0p2_b0p7,101,mixed,0.1,0.1,13,0.2,fpr_owa,1.1534268964853358,1.2030158457256706,1.1428314205584416,1.656053377789619,1.7630768288607368,0.7
full_seed101_mixed_0p1_noise0p1_s13_a0p2_b0p7,101,mixed,0.1,0.1,13,0.2,crp,1.189236745574174,1.2385963099520114,1.1993716063423063,1.656053377789619,1.7630768288607368,0.7
full_seed101_mixed_0p1_noise0p1_s13_a0p3_b0p8,101,mixed,0.1,0.1,13,0.3,fpr_owa,1.4161533980943313,1.4969676323456922,1.3944847282468948,2.119119143902132,2.2822486572506966,0.8
full_seed101_mixed_0p1_noise0p1_s13_a0p3_b0p8,101,mixed,0.1,0.1,13,0.3,crp,1.4560880516381758,1.5366272635557028,1.4546913425945611,2.119119143902132,2.2822486572506966,0.8
full_seed101_mixed_0p1_noise0p1_s5_a0p2_b0p7,101,mixed,0.1,0.1,5,0.2,fpr_owa,1.767117669704048,1.8354108405671965,1.6600840900874871,2.4665471628706577,2.623309323256321,0.7
full_seed101_mixed_0p1_noise0p1_s5_a0p2_b0p7,101,mixed,0.1,0.1,5,0.2,crp,1.767117669704048,1.8354108405671965,1.6600840900874871,2.4665471628706577,2.623309323256321,0.7
full_seed101_mixed_0p1_noise0p1_s5_a0p3_b0p8,101,mixed,0.1,0.1,5,0.3,fpr_owa,1.7626268134227294,1.838567579606963,1.6659867656620362,2.496622538502625,2.5856445900776754,0.8
full_seed101_mixed_0p1_noise0p1_s5_a0p3_b0p8,101,mixed,0.1,0.1,5,0.3,crp,1.7626268134227294,1.838567579606963,1.6659867656620362,2.496622538502625,2.5856445900776754,0.8
full_seed101_mixed_0p1_noise0p1_s9_a0p2_b0p7,101,mixed,0.1,0.1,9,0.2,fpr_owa,1.7545693599896703,1.8044308026879623,1.6491420154818104,2.415840370669107,2.529581352112384,0.7
full_seed101_mixed_0p1_noise0p1_s9_a0p2_b0p7,101,mixed,0.1,0.1,9,0.2,crp,1.7814280492609695,1.834117618208828,1.6587695728625147,2.4207364492994343,2.529581352112384,0.7
full_seed101_mixed_0p1_noise0p1_s9_a0p3_b0p8,101,mixed,0.1,0.1,9,0.3,fpr_owa,1.7567518520868086,1.825340873225131,1.6480767199120865,2.4855531293785638,2.68596974680014,0.8
full_seed101_mixed_0p1_noise0p1_s9_a0p3_b0p8,101,mixed,0.1,0.1,9,0.3,crp,1.7630347996930416,1.8351324169667709,1.6292475859554072,2.4855531293785638,2.68596974680014,0.8
full_seed101_mixed_0p1_noise0p25_s13_a0p2_b0p7,101,mixed,0.1,0.25,13,0.2,fpr_owa,1.1985944170243767,1.2548430428143509,1.1802706050607996,1.820590858428842,1.93807001433504,0.7
full_seed101_mixed_0p1_noise0p25_s13_a0p2_b0p7,101,mixed,0.1,0.25,13,0.2,crp,1.234194832745881,1.2932510846945733,1.2048205875472575,1.821082393883581,2.0401290678638704,0.7
full_seed101_mixed_0p1_noise0p25_s13_a0p3_b0p8,101,mixed,0.1,0.25,13,0.3,fpr_owa,1.4007141698667858,1.494493917398214,1.3935973055068982,2.215127343217554,2.4478571094868418,0.8
full_seed101_mixed_0p1_noise0p25_s13_a0p3_b0p8,101,mixed,0.1,0.25,13,0.3,crp,1.4306161402731126,1.5279148960406133,1.3935973055068982,2.215402441778199,2.4478571094868418,0.8
full_seed101_mixed_0p1_noise0p25_s5_a0p2_b0p7,101,mixed,0.1,0.25,5,0.2,fpr_owa,1.7336143413815548,1.8099001257236491,1.6922920438569655,2.55417172044426,2.7327033676123493,0.7
full_seed101_mixed_0p1_noise0p25_s5_a0p2_b0p7,101,mixed,0.1,0.25,5,0.2,crp,1.7336143413815548,1.8099001257236491,1.6922920438569655,2.55417172044426,2.7327033676123493,0.7
full_seed101_mixed_0p1_noise0p25_s5_a0p3_b0p8,101,mixed,0.1,0.25,5,0.3,fpr_owa,1.7299506229173902,1.809798933912468,1.6661550456250218,2.56977910378971,2.767724316695624,0.8
full_seed101_mixed_0p1_noise0p25_s5_a0p3_b0p8,101,mixed,0.1,0.25,5,0.3,crp,1.7299506229173902,1.809798933912468,1.6661550456250218,2.56977910378971,2.767724316695624,0.8
full_seed101_mixed_0p1_noise0p25_s9_a0p2_b0p7,101,mixed,0.1,0.25,9,0.2,fpr_owa,1.7200150164433994,1.7837039385325126,1.6287324113708646,2.4699559680055034,2.641382370193876,0.7
full_seed101_mixed_0p1_noise0p25_s9_a0p2_b0p7,101,mixed,0.1,0.25,9,0.2,crp,1.7469984157245686,1.812467694227708,1.6812245650032405,2.500968073322547,2.641382370193876,0.7
full_seed101_mixed_0p1_noise0p25_s9_a0p3_b0p8,101,mixed,0.1,0.25,9,0.3,fpr_owa,1.7304663759453986,1.8028935037425708,1.6336840685374092,2.473871728981381,2.847665282306486,0.8
full_seed101_mixed_0p1_noise0p25_s9_a0p3_b0p8,101,mixed,0.1,0.25,9,0.3,crp,1.7399681868985295,1.813708139572182,1.6411332435115256,2.5103115281517243,2.847665282306486,0.8
full_seed101_mixed_0p1_noise0p5_s13_a0p2_b0p7,101,mixed,0.1,0.5,13,0.2,fpr_owa,1.2481028186164296,1.3218235475267228,1.2331369651456918,1.960169315600492,2.418442801391565,0.7
full_seed101_mixed_0p1_noise0p5_s13_a0p2_b0p7,101,mixed,0.1,0.5,13,0.2,crp,1.3071169435321517,1.3960764532884478,1.2656349216898894,2.1513265129782395,2.4610913490219404,0.7
full_seed101_mixed_0p1_noise0p5_s13_a0p3_b0p8,101,mixed,0.1,0.5,13,0.3,fpr_owa,1.3336027139311295,1.4379825325461697,1.2776368165199163,2.2726956450143363,2.4987166291150835,0.8
full_seed101_mixed_0p1_noise0p5_s13_a0p3_b0p8,101,mixed,0.1,0.5,13,0.3,crp,1.3892125524724306,1.508850619235325,1.3125700987562736,2.4021681918898463,2.7313793679954546,0.8
full_seed101_mixed_0p1_noise0p5_s5_a0p2_b0p7,101,mixed,0.1,0.5,5,0.2,fpr_owa,1.709271226509631,1.8044491280747168,1.6461929187271442,2.6895015239178703,3.020868080479137,0.7
full_seed101_mixed_0p1_noise0p5_s5_a0p2_b0p7,101,mixed,0.1,0.5,5,0.2,crp,1.7108937448554966,1.806884459017612,1.6461929187271442,2.6986287482273794,3.020868080479137,0.7
full_seed101_mixed_0p1_noise0p5_s5_a0p3_b0p8,101,mixed,0.1,0.5,5,0.3,fpr_owa,1.703342370087818,1.80311874125599,1.6345246869770231,2.725174442138963,3.089570498033422,0.8
full_seed101_mixed_0p1_noise0p5_s5_a0p3_b0p8,101,mixed,0.1,0.5,5,0.3,crp,1.70423412637046,1.8045258351022189,1.6345246869770231,2.725174442138963,3.089570498033422,0.8
full_seed101_mixed_0p1_noise0p5_s9_a0p2_b0p7,101,mixed,0.1,0.5,9,0.2,fpr_owa,1.7002399887933908,1.774495489421684,1.6450962151451047,2.5535205859172687,2.876284588579141,0.7
full_seed101_mixed_0p1_noise0p5_s9_a0p2_b0p7,101,mixed,0.1,0.5,9,0.2,crp,1.7139847675349609,1.792343266381614,1.6412810162541267,2.552837710365825,3.0608655842193766,0.7
full_seed101_mixed_0p1_noise0p5_s9_a0p3_b0p8,101,mixed,0.1,0.5,9,0.3,fpr_owa,1.7059270513305913,1.785837845924325,1.6326205385463677,2.579443014141505,3.125739980150656,0.8
full_seed101_mixed_0p1_noise0p5_s9_a0p3_b0p8,101,mixed,0.1,0.5,9,0.3,crp,1.706854726070903,1.7899768064090822,1.6256937546852337,2.60260037386507,3.142734436784685,0.8
full_seed101_mixed_0p2_noise0p1_s13_a0p2_b0p7,101,mixed,0.2,0.1,13,0.2,fpr_owa,1.0991058584224505,1.1728813221934833,1.0906571792539586,1.6859863346961033,1.8431641664364973,0.7
full_seed101_mixed_0p2_noise0p1_s13_a0p2_b0p7,101,mixed,0.2,0.1,13,0.2,crp,1.1001213823600406,1.1689917581592173,1.0799646349983263,1.6859863346961033,1.8431641664364973,0.7
full_seed101_mixed_0p2_noise0p1_s13_a0p3_b0p8,101,mixed,0.2,0.1,13,0.3,fpr_owa,1.3397925758263045,1.436525900209195,1.300897975171909,2.142148482819444,2.2822486572506966,0.8
full_seed101_mixed_0p2_noise0p1_s13_a0p3_b0p8,101,mixed,0.2,0.1,13,0.3,crp,1.2665764290908128,1.4049459709868386,1.2655937659211045,2.142148482819444,2.2822486572506966,0.8
full_seed101_mixed_0p2_noise0p1_s5_a0p2_b0p7,101,mixed,0.2,0.1,5,0.2,fpr_owa,1.7620943939872822,1.8241965902246944,1.667150139356865,2.46643063632383,2.623309323256321,0.7
full_seed101_mixed_0p2_noise0p1_s5_a0p2_b0p7,101,mixed,0.2,0.1,5,0.2,crp,1.7886147254201186,1.854286528850212,1.6848225724938006,2.479304215304961,2.623309323256321,0.7
full_seed101_mixed_0p2_noise0p1_s5_a0p3_b0p8,101,mixed,0.2,0.1,5,0.3,fpr_owa,1.7720701893746134,1.8406934068007983,1.7459115606201137,2.5124842462167893,2.6067432509643846,0.8
full_seed101_mixed_0p2_noise0p1_s5_a0p3_b0p8,101,mixed,0.2,0.1,5,0.3,crp,1.7905226655025843,1.8624415366723677,1.778622533652018,2.5258998123017804,2.6067432509643846,0.8
full_seed101_mixed_0p2_noise0p1_s9_a0p2_b0p7,101,mixed,0.2,0.1,9,0.2,fpr_owa,1.7100806631187688,1.7664015617668891,1.6176619976102502,2.436058580273153,2.6228985907992506,0.7
full_seed101_mixed_0p2_noise0p1_s9_a0p2_b0p7,101,mixed,0.2,0.1,9,0.2,crp,1.78086441684384,1.835338564886808,1.6746492796612016,2.4464596232929727,2.6228985907992506,0.7
full_seed101_mixed_0p2_noise0p1_s9_a0p3_b0p8,101,mixed,0.2,0.1,9,0.3,fpr_owa,1.7206615455235656,1.7892238814680768,1.606401315352528,2.5009573913686167,2.700937717459837,0.8
full_seed101_mixed_0p2_noise0p1_s9_a0p3_b0p8,101,mixed,0.2,0.1,9,0.3,crp,1.7599165874163631,1.834641060724396,1.651744416290967,2.5101678605483118,2.700937717459837,0.8
full_seed101_mixed_0p2_noise0p25_s13_a0p2_b0p7,101,mixed,0.2,0.25,13,0.2,fpr_owa,1.1261355264060229,1.2082940654354424,1.098252148868165,1.824011201211303,2.0101930261345333,0.7
full_seed101_mixed_0p2_noise0p25_s13_a0p2_b0p7,101,mixed,0.2,0.25,13,0.2,crp,1.148156333124391,1.2275103477962148,1.1262025979673025,1.824011201211303,2.0401290678638704,0.7
full_seed101_mixed_0p2_noise0p25_s13_a0p3_b0p8,101,mixed,0.2,0.25,13,0.3,fpr_owa,1.323047723424071,1.430573347311016,1.2060534075007605,2.2253665223750634,2.4478571094868413,0.8
full_seed101_mixed_0p2_noise0p25_s13_a0p3_b0p8,101,mixed,0.2,0.25,13,0.3,crp,1.3048000930359247,1.437113418872539,1.2396920391851731,2.232178021026574,2.4478571094868413,0.8
full_seed101_mixed_0p2_noise0p25_s5_a0p2_b0p7,101,mixed,0.2,0.25,5,0.2,fpr_owa,1.733503706245856,1.803121907897086,1.6948992803202385,2.499253231479655,2.7327033676123493,0.7
full_seed101_mixed_0p2_noise0p25_s5_a0p2_b0p7,101,mixed,0.2,0.25,5,0.2,crp,1.7484260324180758,1.8223247464206636,1.700020922339184,2.573053240215622,2.888152417479988,0.7
full_seed101_mixed_0p2_noise0p25_s5_a0p3_b0p8,101,mixed,0.2,0.25,5,0.3,fpr_owa,1.745115019842008,1.8192415105794115,1.6952487343807532,2.5532370269879747,2.767724316695624,0.8
full_seed101_mixed_0p2_noise0p25_s5_a0p3_b0p8,101,mixed,0.2,0.25,5,0.3,crp,1.7493468228806697,1.827502205319124,1.6898608122658576,2.5846329180664207,2.892727309086109,0.8
full_seed101_mixed_0p2_noise0p25_s9_a0p2_b0p7,101,mixed,0.2,0.25,9,0.2,fpr_owa,1.691599803887518,1.7629595841347951,1.5908256465643715,2.5229040497373383,3.0701399908280944,0.7
full_seed101_mixed_0p2_noise0p25_s9_a0p2_b0p7,101,mixed,0.2,0.25,9,0.2,crp,1.7483929595835694,1.8171251158570931,1.666779784281522,2.51835820250257,2.713121726325315,0.7
full_seed101_mixed_0p2_noise0p25_s9_a0p3_b0p8,101,mixed,0.2,0.25,9,0.3,fpr_owa,1.7044647632931758,1.77695159146677,1.6110605716749085,2.480168691076463,2.8624517995259056,0.8
full_seed101_mixed_0p2_noise0p25_s9_a0p3_b0p8,101,mixed,0.2,0.25,9,0.3,crp,1.7376395027891456,1.8146046724503184,1.636452425356336,2.524416018677848,2.8624517995259056,0.8
full_seed101_mixed_0p2_noise0p5_s13_a0p2_b0p7,101,mixed,0.2,0.5,13,0.2,fpr_owa,1.1745497808236047,1.2780730251231247,1.1542537803156925,1.995874056491792,2.5206051060716805,0.7
full_seed101_mixed_0p2_noise0p5_s13_a0p2_b0p7,101,mixed,0.2,0.5,13,0.2,crp,1.238262732121643,1.3377346909755954,1.2122248544145164,2.1381507141777045,2.4155907461249204,0.7
full_seed101_mixed_0p2_noise0p5_s13_a0p3_b0p8,101,mixed,0.2,0.5,13,0.3,fpr_owa,1.2473123674475288,1.3633053678650886,1.158470594948763,2.3363330131561257,2.5211936317347816,0.8
full_seed101_mixed_0p2_noise0p5_s13_a0p3_b0p8,101,mixed,0.2,0.5,13,0.3,crp,1.2971197703118738,1.4314602970870831,1.2100193734599651,2.3772144674257145,2.768799294644696,0.8
full_seed101_mixed_0p2_noise0p5_s5_a0p2_b0p7,101,mixed,0.2,0.5,5,0.2,fpr_owa,1.6992023553869735,1.7881577462145035,1.6094101312819236,2.6110484605560407,3.020868080479137,0.7
full_seed101_mixed_0p2_noise0p5_s5_a0p2_b0p7,101,mixed,0.2,0.5,5,0.2,crp,1.7179608937052224,1.8139795202932048,1.6581599416327026,2.7081317134380245,3.3627821819898114,0.7
full_seed101_mixed_0p2_noise0p5_s5_a0p3_b0p8,101,mixed,0.2,0.5,5,0.3,fpr_owa,1.7184750074449209,1.81315668842176,1.651041500278442,2.725174442138963,3.089570498033422,0.8
full_seed101_mixed_0p2_noise0p5_s5_a0p3_b0p8,101,mixed,0.2,0.5,5,0.3,crp,1.721754038340727,1.8238248895570144,1.6648866260036614,2.791265043512139,3.3719804324369616,0.8
full_seed101_mixed_0p2_noise0p5_s9_a0p2_b0p7,101,mixed,0.2,0.5,9,0.2,fpr_owa,1.6614778352017123,1.745633329002237,1.5860432372499806,2.576057229036258,3.069047321510977,0.7
full_seed101_mixed_0p2_noise0p5_s9_a0p2_b0p7,101,mixed,0.2,0.5,9,0.2,crp,1.7127965780099752,1.7943426687666768,1.6450962151451047,2.6250356694150603,3.064324051102179,0.7
full_seed101_mixed_0p2_noise0p5_s9_a0p3_b0p8,101,mixed,0.2,0.5,9,0.3,fpr_owa,1.683983511506117,1.7634840265755545,1.5727331946709362,2.60260037386507,3.128045624739191,0.8
full_seed101_mixed_0p2_noise0p5_s9_a0p3_b0p8,101,mixed,0.2,0.5,9,0.3,crp,1.713492790944276,1.7989038259778898,1.6281869970223566,2.625147606395396,3.142734436784685,0.8
full_seed101_mixed_0p3_noise0p1_s13_a0p2_b0p7,101,mixed,0.3,0.1,13,0.2,fpr_owa,1.1559261811550858,1.2240021687070577,1.168891645405334,1.72422504411393,2.27822954122893,0.7
full_seed101_mixed_0p3_noise0p1_s13_a0p2_b0p7,101,mixed,0.3,0.1,13,0.2,crp,1.1280075891438488,1.1873725707072964,1.1000893322743386,1.706312959078958,1.847751831588828,0.7
full_seed101_mixed_0p3_noise0p1_s13_a0p3_b0p8,101,mixed,0.3,0.1,13,0.3,fpr_owa,1.324175088870985,1.43359225756566,1.3030745262390178,2.1511423499793576,2.3319059368819075,0.8
full_seed101_mixed_0p3_noise0p1_s13_a0p3_b0p8,101,mixed,0.3,0.1,13,0.3,crp,1.2805247718594874,1.4149056094966923,1.291325295618195,2.1511423499793576,2.3319059368819075,0.8
full_seed101_mixed_0p3_noise0p1_s5_a0p2_b0p7,101,mixed,0.3,0.1,5,0.2,fpr_owa,2.008057962307713,2.204702021039805,1.6787453099572205,3.935776935450947,5.34881273574573,0.7
full_seed101_mixed_0p3_noise0p1_s5_a0p2_b0p7,101,mixed,0.3,0.1,5,0.2,crp,1.7934980188586365,1.8739791671567647,1.6654707900825678,2.5270878586262846,4.606392412814064,0.7
full_seed101_mixed_0p3_noise0p1_s5_a0p3_b0p8,101,mixed,0.3,0.1,5,0.3,fpr_owa,1.8365286300269044,1.963463070934977,1.7177404868467356,3.0477028781025752,3.7836454965370976,0.8
full_seed101_mixed_0p3_noise0p1_s5_a0p3_b0p8,101,mixed,0.3,0.1,5,0.3,crp,1.7696828178752664,1.8527539725052804,1.6733659694154035,2.5280556755341608,3.126057252471884,0.8
full_seed101_mixed_0p3_noise0p1_s9_a0p2_b0p7,101,mixed,0.3,0.1,9,0.2,fpr_owa,1.7821580067974243,1.8883958052924317,1.6463056592287106,2.652466793413065,3.8577686178559314,0.7
full_seed101_mixed_0p3_noise0p1_s9_a0p2_b0p7,101,mixed,0.3,0.1,9,0.2,crp,1.785256060329597,1.8431627445541543,1.6690505912365978,2.477583927354738,2.664654557519763,0.7
full_seed101_mixed_0p3_noise0p1_s9_a0p3_b0p8,101,mixed,0.3,0.1,9,0.3,fpr_owa,1.6823642765529612,1.7606106854420205,1.5742120435275937,2.5009573913686167,2.700937717459837,0.8
full_seed101_mixed_0p3_noise0p1_s9_a0p3_b0p8,101,mixed,0.3,0.1,9,0.3,crp,1.7601672389440672,1.8365761586415457,1.606401315352528,2.510168288223564,2.700937717459837,0.8
full_seed101_mixed_0p3_noise0p25_s13_a0p2_b0p7,101,mixed,0.3,0.25,13,0.2,fpr_owa,1.1913653285045511,1.2656373987808016,1.174825666055069,1.850711562912141,2.260706072292588,0.7
full_seed101_mixed_0p3_noise0p25_s13_a0p2_b0p7,101,mixed,0.3,0.25,13,0.2,crp,1.1357211734448256,1.2170932638038483,1.1212340494608608,1.836780656092973,2.0401290678638704,0.7
full_seed101_mixed_0p3_noise0p25_s13_a0p3_b0p8,101,mixed,0.3,0.25,13,0.3,fpr_owa,1.2914634665596223,1.4153662472851385,1.1952433652040584,2.217274446969732,2.497514389118052,0.8
full_seed101_mixed_0p3_noise0p25_s13_a0p3_b0p8,101,mixed,0.3,0.25,13,0.3,crp,1.256801113988413,1.4064986214666018,1.1952433652040584,2.2253665223750634,2.497514389118052,0.8
full_seed101_mixed_0p3_noise0p25_s5_a0p2_b0p7,101,mixed,0.3,0.25,5,0.2,fpr_owa,1.9496243705278185,2.1441825911682693,1.7050054406038515,3.73796389595335,5.355534833236638,0.7
full_seed101_mixed_0p3_noise0p25_s5_a0p2_b0p7,101,mixed,0.3,0.25,5,0.2,crp,1.7751789014070818,1.872533663750906,1.6805903266375428,2.612263050687313,4.672569768642245,0.7
full_seed101_mixed_0p3_noise0p25_s5_a0p3_b0p8,101,mixed,0.3,0.25,5,0.3,fpr_owa,1.792901155175003,1.9228719938453505,1.6571281922560257,2.933544704850638,3.842680906373417,0.8
full_seed101_mixed_0p3_noise0p25_s5_a0p3_b0p8,101,mixed,0.3,0.25,5,0.3,crp,1.7435275013513982,1.8354891688599693,1.6545631626513688,2.595686119427842,3.356559521571116,0.8
full_seed101_mixed_0p3_noise0p25_s9_a0p2_b0p7,101,mixed,0.3,0.25,9,0.2,fpr_owa,1.738938144151737,1.8670721977366989,1.6024240184477152,2.6989968496775663,4.065169974327575,0.7
full_seed101_mixed_0p3_noise0p25_s9_a0p2_b0p7,101,mixed,0.3,0.25,9,0.2,crp,1.7497565754409856,1.8186116801346432,1.6614455438526452,2.522571984061778,2.788443830009846,0.7
full_seed101_mixed_0p3_noise0p25_s9_a0p3_b0p8,101,mixed,0.3,0.25,9,0.3,fpr_owa,1.6728366120831155,1.758511003841651,1.5521301218021015,2.509060236219402,3.025080062185255,0.8
full_seed101_mixed_0p3_noise0p25_s9_a0p3_b0p8,101,mixed,0.3,0.25,9,0.3,crp,1.739942901043843,1.817594560722948,1.6411332435115256,2.524416018677848,2.8624517995259056,0.8
full_seed101_mixed_0p3_noise0p5_s13_a0p2_b0p7,101,mixed,0.3,0.5,13,0.2,fpr_owa,1.2417253282711185,1.3338664005260124,1.2262437133788813,2.0704935095989434,2.5702623857028915,0.7
full_seed101_mixed_0p3_noise0p5_s13_a0p2_b0p7,101,mixed,0.3,0.5,13,0.2,crp,1.212153204946562,1.3218876260040937,1.1802998695357028,2.129655487004031,2.5688587938369087,0.7
full_seed101_mixed_0p3_noise0p5_s13_a0p3_b0p8,101,mixed,0.3,0.5,13,0.3,fpr_owa,1.2231322900899797,1.3522140120152375,1.154909751450278,2.331178761822599,2.5458732658552417,0.8
full_seed101_mixed_0p3_noise0p5_s13_a0p3_b0p8,101,mixed,0.3,0.5,13,0.3,crp,1.2571090675192251,1.408901209641364,1.147895530965922,2.377556786192638,2.822594680911841,0.8
full_seed101_mixed_0p3_noise0p5_s5_a0p2_b0p7,101,mixed,0.3,0.5,5,0.2,fpr_owa,1.924634228683022,2.1381927289812843,1.7271524480821738,3.7632222501172414,5.453730383154587,0.7
full_seed101_mixed_0p3_noise0p5_s5_a0p2_b0p7,101,mixed,0.3,0.5,5,0.2,crp,1.806196413615797,1.9664217346326336,1.6772351239367222,3.035821629455803,5.453730383154587,0.7
full_seed101_mixed_0p3_noise0p5_s5_a0p3_b0p8,101,mixed,0.3,0.5,5,0.3,fpr_owa,1.7799397803895198,1.9230977293220115,1.6677424918058446,2.977522817437564,3.9410732561006174,0.8
full_seed101_mixed_0p3_noise0p5_s5_a0p3_b0p8,101,mixed,0.3,0.5,5,0.3,crp,1.746818230807959,1.868764117041408,1.6648866260036614,2.8575236593488955,3.9410732561006174,0.8
full_seed101_mixed_0p3_noise0p5_s9_a0p2_b0p7,101,mixed,0.3,0.5,9,0.2,fpr_owa,1.7415281717333968,1.884302955617827,1.653604119836512,2.8734878644584283,4.394032423479895,0.7
full_seed101_mixed_0p3_noise0p5_s9_a0p2_b0p7,101,mixed,0.3,0.5,9,0.2,crp,1.7194274122135538,1.802461411103878,1.682023333656813,2.611756387456105,3.0805501708910352,0.7
full_seed101_mixed_0p3_noise0p5_s9_a0p3_b0p8,101,mixed,0.3,0.5,9,0.3,fpr_owa,1.667243348741016,1.763644634990556,1.571148724148809,2.679108497663212,3.143794976283154,0.8
full_seed101_mixed_0p3_noise0p5_s9_a0p3_b0p8,101,mixed,0.3,0.5,9,0.3,crp,1.7154155676615834,1.8007146569722412,1.6191030876108847,2.643617500660013,3.142734436784685,0.8
full_seed101_mixed_0p4_noise0p1_s13_a0p2_b0p7,101,mixed,0.4,0.1,13,0.2,fpr_owa,1.3061627478702396,1.387748595166677,1.206486776699904,2.150004707541233,3.3588708553477766,0.7
full_seed101_mixed_0p4_noise0p1_s13_a0p2_b0p7,101,mixed,0.4,0.1,13,0.2,crp,1.093858846799994,1.2019654233554369,1.1234794794140412,1.725782259848302,3.8347356177606535,0.7
full_seed101_mixed_0p4_noise0p1_s13_a0p3_b0p8,101,mixed,0.4,0.1,13,0.3,fpr_owa,1.3652818094825274,1.46698343385744,1.3246971876662013,2.192127862931509,2.3815572435818986,0.8
full_seed101_mixed_0p4_noise0p1_s13_a0p3_b0p8,101,mixed,0.4,0.1,13,0.3,crp,1.2888334432334951,1.4793829467237996,1.3217053167140411,2.206487801340564,5.112721663660863,0.8
full_seed101_mixed_0p4_noise0p1_s5_a0p2_b0p7,101,mixed,0.4,0.1,5,0.2,fpr_owa,2.008057962307713,2.204702021039805,1.6787453099572205,3.935776935450947,5.34881273574573,0.7
full_seed101_mixed_0p4_noise0p1_s5_a0p2_b0p7,101,mixed,0.4,0.1,5,0.2,crp,1.7934980188586365,1.8739791671567647,1.6654707900825678,2.5270878586262846,4.606392412814064,0.7
full_seed101_mixed_0p4_noise0p1_s5_a0p3_b0p8,101,mixed,0.4,0.1,5,0.3,fpr_owa,1.8365286300269044,1.963463070934977,1.7177404868467356,3.0477028781025752,3.7836454965370976,0.8
full_seed101_mixed_0p4_noise0p1_s5_a0p3_b0p8,101,mixed,0.4,0.1,5,0.3,crp,1.7696828178752664,1.8527539725052804,1.6733659694154035,2.5280556755341608,3.126057252471884,0.8
full_seed101_mixed_0p4_noise0p1_s9_a0p2_b0p7,101,mixed,0.4,0.1,9,0.2,fpr_owa,1.992025068546476,2.152287035730424,1.6993600510146971,3.536852943446714,5.591558511971961,0.7
full_seed101_mixed_0p4_noise0p1_s9_a0p2_b0p7,101,mixed,0.4,0.1,9,0.2,crp,1.8935258587177333,2.044366135616035,1.6837849265002895,2.5864042746396563,6.410525685739088,0.7
full_seed101_mixed_0p4_noise0p1_s9_a0p3_b0p8,101,mixed,0.4,0.1,9,0.3,fpr_owa,1.8146148891036324,1.932107782255412,1.6160641797705488,2.7728190334897973,4.099936774067645,0.8
full_seed101_mixed_0p4_noise0p1_s9_a0p3_b0p8,101,mixed,0.4,0.1,9,0.3,crp,1.8589509929316117,2.0261325606999225,1.6364126817202551,2.674921914008839,6.369830844238309,0.8
full_seed101_mixed_0p4_noise0p25_s13_a0p2_b0p7,101,mixed,0.4,0.25,13,0.2,fpr_owa,1.3261758800908183,1.4088050873656743,1.243641735893824,2.068885946284346,3.3523706427005724,0.7
full_seed101_mixed_0p4_noise0p25_s13_a0p2_b0p7,101,mixed,0.4,0.25,13,0.2,crp,1.0953668489702575,1.2060607650452155,1.1222698504878272,1.835273218767401,2.243336437282094,0.7
full_seed101_mixed_0p4_noise0p25_s13_a0p3_b0p8,101,mixed,0.4,0.25,13,0.3,fpr_owa,1.3372822560239757,1.4487391186557803,1.249518353870383,2.217599164286936,2.547165695818044,0.8
full_seed101_mixed_0p4_noise0p25_s13_a0p3_b0p8,101,mixed,0.4,0.25,13,0.3,crp,1.2411189241736484,1.409856966014721,1.2159351397643985,2.232142044109973,2.58202554845854,0.8
full_seed101_mixed_0p4_noise0p25_s5_a0p2_b0p7,101,mixed,0.4,0.25,5,0.2,fpr_owa,1.9496243705278185,2.1441825911682693,1.7050054406038515,3.73796389595335,5.355534833236638,0.7
full_seed101_mixed_0p4_noise0p25_s5_a0p2_b0p7,101,mixed,0.4,0.25,5,0.2,crp,1.7751789014070818,1.872533663750906,1.6805903266375428,2.612263050687313,4.672569768642245,0.7
full_seed101_mixed_0p4_noise0p25_s5_a0p3_b0p8,101,mixed,0.4,0.25,5,0.3,fpr_owa,1.792901155175003,1.9228719938453505,1.6571281922560257,2.933544704850638,3.842680906373417,0.8
full_seed101_mixed_0p4_noise0p25_s5_a0p3_b0p8,101,mixed,0.4,0.25,5,0.3,crp,1.7435275013513982,1.8354891688599693,1.6545631626513688,2.595686119427842,3.356559521571116,0.8
full_seed101_mixed_0p4_noise0p25_s9_a0p2_b0p7,101,mixed,0.4,0.25,9,0.2,fpr_owa,1.9523681810216864,2.130437863029491,1.687532033018432,3.551769672042097,5.834164496866843,0.7
full_seed101_mixed_0p4_noise0p25_s9_a0p2_b0p7,101,mixed,0.4,0.25,9,0.2,crp,1.8440362898171725,2.0137397473539305,1.6247483844881043,2.596382590813168,6.607883911633501,0.7
full_seed101_mixed_0p4_noise0p25_s9_a0p3_b0p8,101,mixed,0.4,0.25,9,0.3,fpr_owa,1.775750324206327,1.9057877733470328,1.6102731320971873,2.7959602898534155,4.269807529839239,0.8
full_seed101_mixed_0p4_noise0p25_s9_a0p3_b0p8,101,mixed,0.4,0.25,9,0.3,crp,1.8251662339756696,1.9930178411869004,1.6411332435115256,2.674796698991177,6.608577783219527,0.8
full_seed101_mixed_0p4_noise0p5_s13_a0p2_b0p7,101,mixed,0.4,0.5,13,0.2,fpr_owa,1.353767404074688,1.4527280893065757,1.3231856260831325,2.1782544471713408,3.314652603025218,0.7
full_seed101_mixed_0p4_noise0p5_s13_a0p2_b0p7,101,mixed,0.4,0.5,13,0.2,crp,1.1906819233159902,1.3497444285594982,1.1370778791684293,2.1381507141777045,5.94340067860309,0.7
full_seed101_mixed_0p4_noise0p5_s13_a0p3_b0p8,101,mixed,0.4,0.5,13,0.3,fpr_owa,1.2793345409724532,1.3962257801324354,1.2222288117596047,2.3354902336344496,2.575244982331574,0.8
full_seed101_mixed_0p4_noise0p5_s13_a0p3_b0p8,101,mixed,0.4,0.5,13,0.3,crp,1.2273495586158836,1.428510041344363,1.1469156369108324,2.4097203797494764,6.264484943594007,0.8
full_seed101_mixed_0p4_noise0p5_s5_a0p2_b0p7,101,mixed,0.4,0.5,5,0.2,fpr_owa,1.924634228683022,2.1381927289812843,1.7271524480821738,3.7632222501172414,5.453730383154587,0.7
full_seed101_mixed_0p4_noise0p5_s5_a0p2_b0p7,101,mixed,0.4,0.5,5,0.2,crp,1.806196413615797,1.9664217346326336,1.6772351239367222,3.035821629455803,5.453730383154587,0.7
full_seed101_mixed_0p4_noise0p5_s5_a0p3_b0p8,101,mixed,0.4,0.5,5,0.3,fpr_owa,1.7799397803895198,1.9230977293220115,1.6677424918058446,2.977522817437564,3.9410732561006174,0.8
full_seed101_mixed_0p4_noise0p5_s5_a0p3_b0p8,101,mixed,0.4,0.5,5,0.3,crp,1.746818230807959,1.868764117041408,1.6648866260036614,2.8575236593488955,3.9410732561006174,0.8
full_seed101_mixed_0p4_noise0p5_s9_a0p2_b0p7,101,mixed,0.4,0.5,9,0.2,fpr_owa,1.9343350681289049,2.143804914446887,1.688514407368053,3.584374975806062,6.160966862280618,0.7
full_seed101_mixed_0p4_noise0p5_s9_a0p2_b0p7,101,mixed,0.4,0.5,9,0.2,crp,1.8311544459459208,2.0180187584928846,1.6631085583889016,2.8444520247664804,6.501326668070259,0.7
full_seed101_mixed_0p4_noise0p5_s9_a0p3_b0p8,101,mixed,0.4,0.5,9,0.3,fpr_owa,1.7718026975314436,1.9323767212970704,1.622510901649732,3.219308228101509,4.579939172447104,0.8
full_seed101_mixed_0p4_noise0p5_s9_a0p3_b0p8,101,mixed,0.4,0.5,9,0.3,crp,1.7902735305514783,1.9791073040462883,1.6191030876108847,2.901070596640443,6.477852107845486,0.8
full_seed101_replay_0p0_noise0p1_s13_a0p2_b0p7,101,replay,0.0,0.1,13,0.2,fpr_owa,1.2005996835464343,1.2492934636752335,1.1936329513941824,1.6485568056889095,1.7438379620698026,0.7
full_seed101_replay_0p0_noise0p1_s13_a0p2_b0p7,101,replay,0.0,0.1,13,0.2,crp,1.2005996835464343,1.2492934636752335,1.1936329513941824,1.6485568056889095,1.7438379620698026,0.7
full_seed101_replay_0p0_noise0p1_s13_a0p3_b0p8,101,replay,0.0,0.1,13,0.3,fpr_owa,1.459851850307026,1.5405262522493737,1.4105131735776282,2.0889440810659385,2.241185361713773,0.8
full_seed101_replay_0p0_noise0p1_s13_a0p3_b0p8,101,replay,0.0,0.1,13,0.3,crp,1.459851850307026,1.5405262522493737,1.4105131735776282,2.0889440810659385,2.241185361713773,0.8
full_seed101_replay_0p0_noise0p1_s5_a0p2_b0p7,101,replay,0.0,0.1,5,0.2,fpr_owa,1.767117669704048,1.8354108405671965,1.6600840900874871,2.4665471628706577,2.623309323256321,0.7
full_seed101_replay_0p0_noise0p1_s5_a0p2_b0p7,101,replay,0.0,0.1,5,0.2,crp,1.767117669704048,1.8354108405671965,1.6600840900874871,2.4665471628706577,2.623309323256321,0.7
full_seed101_replay_0p0_noise0p1_s5_a0p3_b0p8,101,replay,0.0,0.1,5,0.3,fpr_owa,1.7626268134227294,1.838567579606963,1.6659867656620362,2.496622538502625,2.5856445900776754,0.8
full_seed101_replay_0p0_noise0p1_s5_a0p3_b0p8,101,replay,0.0,0.1,5,0.3,crp,1.7626268134227294,1.838567579606963,1.6659867656620362,2.496622538502625,2.5856445900776754,0.8
full_seed101_replay_0p0_noise0p1_s9_a0p2_b0p7,101,replay,0.0,0.1,9,0.2,fpr_owa,1.7649217452909671,1.8188107961041775,1.6358181714411566,2.402411083444426,2.5208303773184952,0.7
full_seed101_replay_0p0_noise0p1_s9_a0p2_b0p7,101,replay,0.0,0.1,9,0.2,crp,1.7649217452909671,1.8188107961041775,1.6358181714411566,2.402411083444426,2.5208303773184952,0.7
full_seed101_replay_0p0_noise0p1_s9_a0p3_b0p8,101,replay,0.0,0.1,9,0.3,fpr_owa,1.748512793146674,1.822359247104944,1.6160641797705488,2.483087558392486,2.621842066792208,0.8
full_seed101_replay_0p0_noise0p1_s9_a0p3_b0p8,101,replay,0.0,0.1,9,0.3,crp,1.748512793146674,1.822359247104944,1.6160641797705488,2.483087558392486,2.621842066792208,0.8
full_seed101_replay_0p0_noise0p25_s13_a0p2_b0p7,101,replay,0.0,0.25,13,0.2,fpr_owa,1.236562460285135,1.2956308708465365,1.2044535377120542,1.82105823882284,1.93807001433504,0.7
full_seed101_replay_0p0_noise0p25_s13_a0p2_b0p7,101,replay,0.0,0.25,13,0.2,crp,1.23792592282417,1.2975706310835515,1.2044535377120542,1.823455705682877,2.0401290678638704,0.7
full_seed101_replay_0p0_noise0p25_s13_a0p3_b0p8,101,replay,0.0,0.25,13,0.3,fpr_owa,1.4423166327854453,1.5394491390162115,1.4096630712143363,2.215127343217554,2.402718544702593,0.8
full_seed101_replay_0p0_noise0p25_s13_a0p3_b0p8,101,replay,0.0,0.25,13,0.3,crp,1.4435529379297427,1.5412596403104573,1.4096630712143363,2.215402441778199,2.4340305606259047,0.8
full_seed101_replay_0p0_noise0p25_s5_a0p2_b0p7,101,replay,0.0,0.25,5,0.2,fpr_owa,1.7336143413815548,1.8099001257236491,1.6922920438569655,2.55417172044426,2.7327033676123493,0.7
full_seed101_replay_0p0_noise0p25_s5_a0p2_b0p7,101,replay,0.0,0.25,5,0.2,crp,1.7336143413815548,1.8099001257236491,1.6922920438569655,2.55417172044426,2.7327033676123493,0.7
full_seed101_replay_0p0_noise0p25_s5_a0p3_b0p8,101,replay,0.0,0.25,5,0.3,fpr_owa,1.7299506229173902,1.809798933912468,1.6661550456250218,2.56977910378971,2.767724316695624,0.8
full_seed101_replay_0p0_noise0p25_s5_a0p3_b0p8,101,replay,0.0,0.25,5,0.3,crp,1.7299506229173902,1.809798933912468,1.6661550456250218,2.56977910378971,2.767724316695624,0.8
full_seed101_replay_0p0_noise0p25_s9_a0p2_b0p7,101,replay,0.0,0.25,9,0.2,fpr_owa,1.7298027951227697,1.795488778870893,1.6024240184477152,2.4398284480022494,2.632631395399988,0.7
full_seed101_replay_0p0_noise0p25_s9_a0p2_b0p7,101,replay,0.0,0.25,9,0.2,crp,1.7298027951227697,1.795488778870893,1.6024240184477152,2.4398284480022494,2.632631395399988,0.7
full_seed101_replay_0p0_noise0p25_s9_a0p3_b0p8,101,replay,0.0,0.25,9,0.3,fpr_owa,1.7256608562942817,1.7990798317672998,1.6358554405371024,2.4886343819454897,2.781453042917504,0.8
full_seed101_replay_0p0_noise0p25_s9_a0p3_b0p8,101,replay,0.0,0.25,9,0.3,crp,1.7256608562942817,1.7990798317672998,1.6358554405371024,2.4886343819454897,2.781453042917504,0.8
full_seed101_replay_0p0_noise0p5_s13_a0p2_b0p7,101,replay,0.0,0.5,13,0.2,fpr_owa,1.2839222170748892,1.3602123416225274,1.240801419563994,2.046768449975125,2.3782249001293287,0.7
full_seed101_replay_0p0_noise0p5_s13_a0p2_b0p7,101,replay,0.0,0.5,13,0.2,crp,1.314497399839868,1.4025424085265137,1.2674135840584235,2.176788966053849,2.501637824569277,0.7
full_seed101_replay_0p0_noise0p5_s13_a0p3_b0p8,101,replay,0.0,0.5,13,0.3,fpr_owa,1.3542700790443412,1.4646362664908377,1.2917001243824369,2.3401931281901307,2.585645126688344,0.8
full_seed101_replay_0p0_noise0p5_s13_a0p3_b0p8,101,replay,0.0,0.5,13,0.3,crp,1.3918040028525296,1.5086911550620083,1.3236439171448255,2.398272568801241,2.6816652677859327,0.8
full_seed101_replay_0p0_noise0p5_s5_a0p2_b0p7,101,replay,0.0,0.5,5,0.2,fpr_owa,1.709271226509631,1.8044491280747168,1.6461929187271442,2.6895015239178703,3.020868080479137,0.7
full_seed101_replay_0p0_noise0p5_s5_a0p2_b0p7,101,replay,0.0,0.5,5,0.2,crp,1.7108937448554966,1.806884459017612,1.6461929187271442,2.6986287482273794,3.020868080479137,0.7
full_seed101_replay_0p0_noise0p5_s5_a0p3_b0p8,101,replay,0.0,0.5,5,0.3,fpr_owa,1.703342370087818,1.80311874125599,1.6345246869770231,2.725174442138963,3.089570498033422,0.8
full_seed101_replay_0p0_noise0p5_s5_a0p3_b0p8,101,replay,0.0,0.5,5,0.3,crp,1.70423412637046,1.8045258351022189,1.6345246869770231,2.725174442138963,3.089570498033422,0.8
full_seed101_replay_0p0_noise0p5_s9_a0p2_b0p7,101,replay,0.0,0.5,9,0.2,fpr_owa,1.70044414129838,1.7783768765686925,1.641228448021633,2.5752813313069827,2.867533613785253,0.7
full_seed101_replay_0p0_noise0p5_s9_a0p2_b0p7,101,replay,0.0,0.5,9,0.2,crp,1.6995412584305176,1.77824065333731,1.641228448021633,2.531861201014098,3.027519993135773,0.7
full_seed101_replay_0p0_noise0p5_s9_a0p3_b0p8,101,replay,0.0,0.5,9,0.3,fpr_owa,1.6909088150660572,1.7716248152131142,1.5885115885765302,2.610265449817572,3.033435246204024,0.8
full_seed101_replay_0p0_noise0p5_s9_a0p3_b0p8,101,replay,0.0,0.5,9,0.3,crp,1.6938066565066163,1.775111223809045,1.6191030876108847,2.611193243515313,3.0867938506811226,0.8
full_seed101_replay_0p1_noise0p1_s13_a0p2_b0p7,101,replay,0.1,0.1,13,0.2,fpr_owa,1.2023449864304732,1.251484474592147,1.2011074923859069,1.6576946450587,1.7438379620698026,0.7
full_seed101_replay_0p1_noise0p1_s13_a0p2_b0p7,101,replay,0.1,0.1,13,0.2,crp,1.2023449864304732,1.251484474592147,1.2011074923859069,1.6576946450587,1.7438379620698026,0.7
full_seed101_replay_0p1_noise0p1_s13_a0p3_b0p8,101,replay,0.1,0.1,13,0.3,fpr_owa,1.461914042191687,1.5432377642383566,1.4453452179078785,2.0830546619438226,2.241185361713773,0.8
full_seed101_replay_0p1_noise0p1_s13_a0p3_b0p8,101,replay,0.1,0.1,13,0.3,crp,1.461914042191687,1.5432377642383566,1.4453452179078785,2.0830546619438226,2.241185361713773,0.8
full_seed101_replay_0p1_noise0p1_s5_a0p2_b0p7,101,replay,0.1,0.1,5,0.2,fpr_owa,1.767117669704048,1.8354108405671965,1.6600840900874871,2.4665471628706577,2.623309323256321,0.7
full_seed101_replay_0p1_noise0p1_s5_a0p2_b0p7,101,replay,0.1,0.1,5,0.2,crp,1.767117669704048,1.8354108405671965,1.6600840900874871,2.4665471628706577,2.623309323256321,0.7
full_seed101_replay_0p1_noise0p1_s5_a0p3_b0p8,101,replay,0.1,0.1,5,0.3,fpr_owa,1.7626268134227294,1.838567579606963,1.6659867656620362,2.496622538502625,2.5856445900776754,0.8
full_seed101_replay_0p1_noise0p1_s5_a0p3_b0p8,101,replay,0.1,0.1,5,0.3,crp,1.7626268134227294,1.838567579606963,1.6659867656620362,2.496622538502625,2.5856445900776754,0.8
full_seed101_replay_0p1_noise0p1_s9_a0p2_b0p7,101,replay,0.1,0.1,9,0.2,fpr_owa,1.7653946077801852,1.8189742336777788,1.6406210637387222,2.4020962235130674,2.519911728070131,0.7
full_seed101_replay_0p1_noise0p1_s9_a0p2_b0p7,101,replay,0.1,0.1,9,0.2,crp,1.7653946077801852,1.8189742336777788,1.6406210637387222,2.4020962235130674,2.519911728070131,0.7
full_seed101_replay_0p1_noise0p1_s9_a0p3_b0p8,101,replay,0.1,0.1,9,0.3,fpr_owa,1.7479727452559193,1.8215241068198156,1.6160641797705488,2.483087558392486,2.621842066792208,0.8
full_seed101_replay_0p1_noise0p1_s9_a0p3_b0p8,101,replay,0.1,0.1,9,0.3,crp,1.7479727452559193,1.8215241068198156,1.6160641797705488,2.483087558392486,2.621842066792208,0.8
full_seed101_replay_0p1_noise0p25_s13_a0p2_b0p7,101,replay,0.1,0.25,13,0.2,fpr_owa,1.2350395785023385,1.2953141274763358,1.2039864309974475,1.8301473832293,1.93807001433504,0.7
full_seed101_replay_0p1_noise0p25_s13_a0p2_b0p7,101,replay,0.1,0.25,13,0.2,crp,1.236403041041373,1.2972543613338876,1.2039864309974475,1.8361475125772744,2.0401290678638704,0.7
full_seed101_replay_0p1_noise0p25_s13_a0p3_b0p8,101,replay,0.1,0.25,13,0.3,fpr_owa,1.432605070169333,1.5314001093217315,1.3975510481900495,2.2153519252003484,2.402718544702593,0.8
full_seed101_replay_0p1_noise0p25_s13_a0p3_b0p8,101,replay,0.1,0.25,13,0.3,crp,1.4338413753136303,1.533220115333339,1.3975510481900495,2.2159058236701448,2.4340305606259047,0.8
full_seed101_replay_0p1_noise0p25_s5_a0p2_b0p7,101,replay,0.1,0.25,5,0.2,fpr_owa,1.7336143413815548,1.8099001257236491,1.6922920438569655,2.55417172044426,2.7327033676123493,0.7
full_seed101_replay_0p1_noise0p25_s5_a0p2_b0p7,101,replay,0.1,0.25,5,0.2,crp,1.7336143413815548,1.8099001257236491,1.6922920438569655,2.55417172044426,2.7327033676123493,0.7
full_seed101_replay_0p1_noise0p25_s5_a0p3_b0p8,101,replay,0.1,0.25,5,0.3,fpr_owa,1.7299506229173902,1.809798933912468,1.6661550456250218,2.56977910378971,2.767724316695624,0.8
full_seed101_replay_0p1_noise0p25_s5_a0p3_b0p8,101,replay,0.1,0.25,5,0.3,crp,1.7299506229173902,1.809798933912468,1.6661550456250218,2.56977910378971,2.767724316695624,0.8
full_seed101_replay_0p1_noise0p25_s9_a0p2_b0p7,101,replay,0.1,0.25,9,0.2,fpr_owa,1.7270138807073716,1.7910345854434486,1.6091909038579626,2.4398284480022494,2.5823984057279774,0.7
full_seed101_replay_0p1_noise0p25_s9_a0p2_b0p7,101,replay,0.1,0.25,9,0.2,crp,1.7270138807073716,1.7910345854434486,1.6091909038579626,2.4398284480022494,2.5823984057279774,0.7
full_seed101_replay_0p1_noise0p25_s9_a0p3_b0p8,101,replay,0.1,0.25,9,0.3,fpr_owa,1.7191642507476517,1.7926311986280177,1.6085728558567252,2.480168691076463,2.781453042917504,0.8
full_seed101_replay_0p1_noise0p25_s9_a0p3_b0p8,101,replay,0.1,0.25,9,0.3,crp,1.7191642507476517,1.7926311986280177,1.6085728558567252,2.480168691076463,2.781453042917504,0.8
full_seed101_replay_0p1_noise0p5_s13_a0p2_b0p7,101,replay,0.1,0.5,13,0.2,fpr_owa,1.276400604627672,1.3542203179715786,1.2387970940273552,2.0469385824003457,2.416038482747376,0.7
full_seed101_replay_0p1_noise0p5_s13_a0p2_b0p7,101,replay,0.1,0.5,13,0.2,crp,1.3041726772107611,1.3931868214210688,1.251072731732394,2.1381507141777045,2.501637824569277,0.7
full_seed101_replay_0p1_noise0p5_s13_a0p3_b0p8,101,replay,0.1,0.5,13,0.3,fpr_owa,1.3455158762295492,1.455958359985275,1.2728297273652078,2.335076304710164,2.6108541817670416,0.8
full_seed101_replay_0p1_noise0p5_s13_a0p3_b0p8,101,replay,0.1,0.5,13,0.3,crp,1.3782786335849009,1.4945883909957218,1.2776368165199163,2.373994183738784,2.6816652677859327,0.8
full_seed101_replay_0p1_noise0p5_s5_a0p2_b0p7,101,replay,0.1,0.5,5,0.2,fpr_owa,1.709271226509631,1.8044491280747168,1.6461929187271442,2.6895015239178703,3.020868080479137,0.7
full_seed101_replay_0p1_noise0p5_s5_a0p2_b0p7,101,replay,0.1,0.5,5,0.2,crp,1.7108937448554966,1.806884459017612,1.6461929187271442,2.6986287482273794,3.020868080479137,0.7
full_seed101_replay_0p1_noise0p5_s5_a0p3_b0p8,101,replay,0.1,0.5,5,0.3,fpr_owa,1.703342370087818,1.80311874125599,1.6345246869770231,2.725174442138963,3.089570498033422,0.8
full_seed101_replay_0p1_noise0p5_s5_a0p3_b0p8,101,replay,0.1,0.5,5,0.3,crp,1.70423412637046,1.8045258351022189,1.6345246869770231,2.725174442138963,3.089570498033422,0.8
full_seed101_replay_0p1_noise0p5_s9_a0p2_b0p7,101,replay,0.1,0.5,9,0.2,fpr_owa,1.702087070908196,1.7781389926460682,1.6412810162541267,2.563339522208566,2.7816733336827606,0.7
full_seed101_replay_0p1_noise0p5_s9_a0p2_b0p7,101,replay,0.1,0.5,9,0.2,crp,1.701786895783395,1.7788490106210142,1.6412810162541267,2.563339522208566,3.027519993135773,0.7
full_seed101_replay_0p1_noise0p5_s9_a0p3_b0p8,101,replay,0.1,0.5,9,0.3,fpr_owa,1.6877866841695872,1.7699042421950024,1.580801859589433,2.610177274465024,3.033435246204024,0.8
full_seed101_replay_0p1_noise0p5_s9_a0p3_b0p8,101,replay,0.1,0.5,9,0.3,crp,1.6911074064874,1.774136945670036,1.5937837320199275,2.60260037386507,3.0867938506811226,0.8
full_seed101_replay_0p2_noise0p1_s13_a0p2_b0p7,101,replay,0.2,0.1,13,0.2,fpr_owa,1.1972472327393633,1.2488455177177489,1.1937662774624416,1.6539651722283146,1.7056900502596406,0.7
full_seed101_replay_0p2_noise0p1_s13_a0p2_b0p7,101,replay,0.2,0.1,13,0.2,crp,1.1972472327393633,1.2488455177177489,1.1937662774624416,1.6539651722283146,1.7056900502596406,0.7
full_seed101_replay_0p2_noise0p1_s13_a0p3_b0p8,101,replay,0.2,0.1,13,0.3,fpr_owa,1.457550458064132,1.5410128152284128,1.4428724942729054,2.0942280491582013,2.142828786129591,0.8
full_seed101_replay_0p2_noise0p1_s13_a0p3_b0p8,101,replay,0.2,0.1,13,0.3,crp,1.457550458064132,1.5410128152284128,1.4428724942729054,2.0942280491582013,2.142828786129591,0.8
full_seed101_replay_0p2_noise0p1_s5_a0p2_b0p7,101,replay,0.2,0.1,5,0.2,fpr_owa,1.7591971320079385,1.8297704963538657,1.6601332138492293,2.4765577730053923,2.605168287783102,0.7
full_seed101_replay_0p2_noise0p1_s5_a0p2_b0p7,101,replay,0.2,0.1,5,0.2,crp,1.7591971320079385,1.8297704963538657,1.6601332138492293,2.4765577730053923,2.605168287783102,0.7
full_seed101_replay_0p2_noise0p1_s5_a0p3_b0p8,101,replay,0.2,0.1,5,0.3,fpr_owa,1.757135468730799,1.8341936775268968,1.7177404868467356,2.5124823463815167,2.5687251693028466,0.8
full_seed101_replay_0p2_noise0p1_s5_a0p3_b0p8,101,replay,0.2,0.1,5,0.3,crp,1.757135468730799,1.8341936775268968,1.7177404868467356,2.5124823463815167,2.5687251693028466,0.8
full_seed101_replay_0p2_noise0p1_s9_a0p2_b0p7,101,replay,0.2,0.1,9,0.2,fpr_owa,1.7641265384665294,1.8173123942948408,1.6487481402810422,2.402411083444426,2.556822477164654,0.7
full_seed101_replay_0p2_noise0p1_s9_a0p2_b0p7,101,replay,0.2,0.1,9,0.2,crp,1.7641265384665294,1.8173123942948408,1.6487481402810422,2.402411083444426,2.556822477164654,0.7
full_seed101_replay_0p2_noise0p1_s9_a0p3_b0p8,101,replay,0.2,0.1,9,0.3,fpr_owa,1.7446634387525466,1.8181316476296197,1.6399243981865,2.483087558392486,2.614534996653954,0.8
full_seed101_replay_0p2_noise0p1_s9_a0p3_b0p8,101,replay,0.2,0.1,9,0.3,crp,1.7446634387525466,1.8181316476296197,1.6399243981865,2.483087558392486,2.614534996653954,0.8
full_seed101_replay_0p2_noise0p25_s13_a0p2_b0p7,101,replay,0.2,0.25,13,0.2,fpr_owa,1.2312751101607,1.2912590186934791,1.2037786376142234,1.8098158366640864,1.93807001433504,0.7
full_seed101_replay_0p2_noise0p25_s13_a0p2_b0p7,101,replay,0.2,0.25,13,0.2,crp,1.2326385726997349,1.2932053365638647,1.2037786376142234,1.820590858428842,2.0401290678638704,0.7
full_seed101_replay_0p2_noise0p25_s13_a0p3_b0p8,101,replay,0.2,0.25,13,0.3,fpr_owa,1.4289782803961812,1.5257387511781224,1.3954426536961957,2.215127343217554,2.348715633380049,0.8
full_seed101_replay_0p2_noise0p25_s13_a0p3_b0p8,101,replay,0.2,0.25,13,0.3,crp,1.4302145855404789,1.527565502385656,1.3954426536961957,2.2153905611717284,2.4340305606259047,0.8
full_seed101_replay_0p2_noise0p25_s5_a0p2_b0p7,101,replay,0.2,0.25,5,0.2,fpr_owa,1.7287921077503283,1.807584892604044,1.67633690324365,2.554419247982406,2.743832378404976,0.7
full_seed101_replay_0p2_noise0p25_s5_a0p2_b0p7,101,replay,0.2,0.25,5,0.2,crp,1.7287921077503283,1.807584892604044,1.67633690324365,2.554419247982406,2.743832378404976,0.7
full_seed101_replay_0p2_noise0p25_s5_a0p3_b0p8,101,replay,0.2,0.25,5,0.3,fpr_owa,1.7288475488371702,1.809749360338765,1.6541284753477266,2.5766362005104635,2.767724316695624,0.8
full_seed101_replay_0p2_noise0p25_s5_a0p3_b0p8,101,replay,0.2,0.25,5,0.3,crp,1.7288475488371702,1.809749360338765,1.6541284753477266,2.5766362005104635,2.767724316695624,0.8
full_seed101_replay_0p2_noise0p25_s9_a0p2_b0p7,101,replay,0.2,0.25,9,0.2,fpr_owa,1.7353801187857656,1.7993412768579329,1.647176736703154,2.470891629409719,2.591547550479572,0.7
full_seed101_replay_0p2_noise0p25_s9_a0p2_b0p7,101,replay,0.2,0.25,9,0.2,crp,1.7353801187857656,1.7993412768579329,1.647176736703154,2.470891629409719,2.591547550479572,0.7
full_seed101_replay_0p2_noise0p25_s9_a0p3_b0p8,101,replay,0.2,0.25,9,0.3,fpr_owa,1.7232650612323963,1.7974313667126447,1.6085728558567252,2.4957945877948857,2.781453042917504,0.8
full_seed101_replay_0p2_noise0p25_s9_a0p3_b0p8,101,replay,0.2,0.25,9,0.3,crp,1.7232650612323963,1.7974313667126447,1.6085728558567252,2.4957945877948857,2.781453042917504,0.8
full_seed101_replay_0p2_noise0p5_s13_a0p2_b0p7,101,replay,0.2,0.5,13,0.2,fpr_owa,1.2706104023973717,1.3446317655562798,1.240801419563994,2.02921010409429,2.3359865261798705,0.7
full_seed101_replay_0p2_noise0p5_s13_a0p2_b0p7,101,replay,0.2,0.5,13,0.2,crp,1.3039728727169002,1.391115952821475,1.2877517578933797,2.150940583972319,2.501637824569277,0.7
full_seed101_replay_0p2_noise0p5_s13_a0p3_b0p8,101,replay,0.2,0.5,13,0.3,fpr_owa,1.3377948150938324,1.448880926750938,1.2776368165199163,2.3514364602499143,2.4987166291150835,0.8
full_seed101_replay_0p2_noise0p5_s13_a0p3_b0p8,101,replay,0.2,0.5,13,0.3,crp,1.3662583219561415,1.4837175218378975,1.271773327129068,2.38963900069385,2.66118452972426,0.8
full_seed101_replay_0p2_noise0p5_s5_a0p2_b0p7,101,replay,0.2,0.5,5,0.2,fpr_owa,1.7051656591741549,1.8024258505909376,1.651397665383545,2.689444386406276,3.020868080479137,0.7
full_seed101_replay_0p2_noise0p5_s5_a0p2_b0p7,101,replay,0.2,0.5,5,0.2,crp,1.7067881775200209,1.8048639115756695,1.651397665383545,2.6970505586864304,3.020868080479137,0.7
full_seed101_replay_0p2_noise0p5_s5_a0p3_b0p8,101,replay,0.2,0.5,5,0.3,fpr_owa,1.7096639236330362,1.8108451784350503,1.6436631392395336,2.7399131654889706,3.089570498033422,0.8
full_seed101_replay_0p2_noise0p5_s5_a0p3_b0p8,101,replay,0.2,0.5,5,0.3,crp,1.7105556799156787,1.8122462732046785,1.6436631392395336,2.7424675947006567,3.089570498033422,0.8
full_seed101_replay_0p2_noise0p5_s9_a0p2_b0p7,101,replay,0.2,0.5,9,0.2,fpr_owa,1.6975757507490858,1.7731591568742675,1.6412810162541267,2.5737367907708584,2.7816733336827606,0.7
full_seed101_replay_0p2_noise0p5_s9_a0p2_b0p7,101,replay,0.2,0.5,9,0.2,crp,1.6990905578614222,1.7760362162063736,1.6412810162541267,2.578228863443943,3.027519993135773,0.7
full_seed101_replay_0p2_noise0p5_s9_a0p3_b0p8,101,replay,0.2,0.5,9,0.3,fpr_owa,1.6891502540643537,1.7717823191610031,1.579290538600671,2.610177274465024,3.033435246204024,0.8
full_seed101_replay_0p2_noise0p5_s9_a0p3_b0p8,101,replay,0.2,0.5,9,0.3,crp,1.6945448639340044,1.77843653273521,1.5937837320199275,2.60260037386507,3.0867938506811226,0.8
full_seed101_replay_0p3_noise0p1_s13_a0p2_b0p7,101,replay,0.3,0.1,13,0.2,fpr_owa,1.1956000887421676,1.2477560804540444,1.1963091068336609,1.643381675647256,1.7056900502596406,0.7
full_seed101_replay_0p3_noise0p1_s13_a0p2_b0p7,101,replay,0.3,0.1,13,0.2,crp,1.1956000887421676,1.2477560804540444,1.1963091068336609,1.643381675647256,1.7056900502596406,0.7
full_seed101_replay_0p3_noise0p1_s13_a0p3_b0p8,101,replay,0.3,0.1,13,0.3,fpr_owa,1.4594211547237663,1.5418495570775754,1.4598296281116654,2.094150959506612,2.142828786129591,0.8
full_seed101_replay_0p3_noise0p1_s13_a0p3_b0p8,101,replay,0.3,0.1,13,0.3,crp,1.4594211547237663,1.5418495570775754,1.4598296281116654,2.094150959506612,2.142828786129591,0.8
full_seed101_replay_0p3_noise0p1_s5_a0p2_b0p7,101,replay,0.3,0.1,5,0.2,fpr_owa,1.7627478026949996,1.8340942642084344,1.6641897770674212,2.4777751377541906,2.6317778813505948,0.7
full_seed101_replay_0p3_noise0p1_s5_a0p2_b0p7,101,replay,0.3,0.1,5,0.2,crp,1.7627478026949996,1.8340942642084344,1.6641897770674212,2.4777751377541906,2.6317778813505948,0.7
full_seed101_replay_0p3_noise0p1_s5_a0p3_b0p8,101,replay,0.3,0.1,5,0.3,fpr_owa,1.7612095574167788,1.8380134273724795,1.7177404868467356,2.519554848318862,2.5809065936226183,0.8
full_seed101_replay_0p3_noise0p1_s5_a0p3_b0p8,101,replay,0.3,0.1,5,0.3,crp,1.7612095574167788,1.8380134273724795,1.7177404868467356,2.519554848318862,2.5809065936226183,0.8
full_seed101_replay_0p3_noise0p1_s9_a0p2_b0p7,101,replay,0.3,0.1,9,0.2,fpr_owa,1.7630185773289269,1.8164215567109068,1.6636137837531386,2.402036291853531,2.634412266772717,0.7
full_seed101_replay_0p3_noise0p1_s9_a0p2_b0p7,101,replay,0.3,0.1,9,0.2,crp,1.7630185773289269,1.8164215567109068,1.6636137837531386,2.402036291853531,2.634412266772717,0.7
full_seed101_replay_0p3_noise0p1_s9_a0p3_b0p8,101,replay,0.3,0.1,9,0.3,fpr_owa,1.7420617113815362,1.8154978612772323,1.6351448970085083,2.4843582690820227,2.64918673904403,0.8
full_seed101_replay_0p3_noise0p1_s9_a0p3_b0p8,101,replay,0.3,0.1,9,0.3,crp,1.7420617113815362,1.8154978612772323,1.6351448970085083,2.4843582690820227,2.64918673904403,0.8
full_seed101_replay_0p3_noise0p25_s13_a0p2_b0p7,101,replay,0.3,0.25,13,0.2,fpr_owa,1.2356195991148162,1.2954462713048736,1.2368126311309506,1.7980809780448666,1.93807001433504,0.7
full_seed101_replay_0p3_noise0p25_s13_a0p2_b0p7,101,replay,0.3,0.25,13,0.2,crp,1.236983061653851,1.2973863075420953,1.2368126311309506,1.8098158366640864,2.0401290678638704,0.7
full_seed101_replay_0p3_noise0p25_s13_a0p3_b0p8,101,replay,0.3,0.25,13,0.3,fpr_owa,1.4305410944912424,1.5263653131763042,1.401743653779456,2.192184368129442,2.348715633380049,0.8
full_seed101_replay_0p3_noise0p25_s13_a0p3_b0p8,101,replay,0.3,0.25,13,0.3,crp,1.4317773996355396,1.528191315411772,1.401743653779456,2.198168964903344,2.4340305606259047,0.8
full_seed101_replay_0p3_noise0p25_s5_a0p2_b0p7,101,replay,0.3,0.25,5,0.2,fpr_owa,1.730595368095208,1.810172857981028,1.6805903266375428,2.580478015543148,2.713322161879084,0.7
full_seed101_replay_0p3_noise0p25_s5_a0p2_b0p7,101,replay,0.3,0.25,5,0.2,crp,1.730595368095208,1.810172857981028,1.6805903266375428,2.580478015543148,2.713322161879084,0.7
full_seed101_replay_0p3_noise0p25_s5_a0p3_b0p8,101,replay,0.3,0.25,5,0.3,fpr_owa,1.7335624373712253,1.8157404704978355,1.6571281922560257,2.5806304410125374,2.767724316695624,0.8
full_seed101_replay_0p3_noise0p25_s5_a0p3_b0p8,101,replay,0.3,0.25,5,0.3,crp,1.7335624373712253,1.8157404704978355,1.6571281922560257,2.5806304410125374,2.767724316695624,0.8
full_seed101_replay_0p3_noise0p25_s9_a0p2_b0p7,101,replay,0.3,0.25,9,0.2,fpr_owa,1.731944477187605,1.7962416004577055,1.6096512847709294,2.4700931440006304,2.754804158813448,0.7
full_seed101_replay_0p3_noise0p25_s9_a0p2_b0p7,101,replay,0.3,0.25,9,0.2,crp,1.731778468914792,1.7960484589095838,1.6096512847709294,2.4700931440006304,2.754804158813448,0.7
full_seed101_replay_0p3_noise0p25_s9_a0p3_b0p8,101,replay,0.3,0.25,9,0.3,fpr_owa,1.7205313337510169,1.796155256833193,1.6085728558567252,2.4964560180354227,2.747853532717472,0.8
full_seed101_replay_0p3_noise0p25_s9_a0p3_b0p8,101,replay,0.3,0.25,9,0.3,crp,1.7205388834351334,1.7961640747603262,1.6085728558567252,2.4964560180354227,2.747853532717472,0.8
full_seed101_replay_0p3_noise0p5_s13_a0p2_b0p7,101,replay,0.3,0.5,13,0.2,fpr_owa,1.2705873270819978,1.3444807086870734,1.2354030410986243,2.0137921585383247,2.3359865261798705,0.7
full_seed101_replay_0p3_noise0p5_s13_a0p2_b0p7,101,replay,0.3,0.5,13,0.2,crp,1.3042621962971472,1.391096795306184,1.2763569314721916,2.1502279269976974,2.53633609430331,0.7
full_seed101_replay_0p3_noise0p5_s13_a0p3_b0p8,101,replay,0.3,0.5,13,0.3,fpr_owa,1.3416249293139315,1.45078818571518,1.270541216333453,2.3357953355733723,2.4987166291150835,0.8
full_seed101_replay_0p3_noise0p5_s13_a0p3_b0p8,101,replay,0.3,0.5,13,0.3,crp,1.3697145592709206,1.484477105401748,1.270541216333453,2.361816741612802,2.638924195582395,0.8
full_seed101_replay_0p3_noise0p5_s5_a0p2_b0p7,101,replay,0.3,0.5,5,0.2,fpr_owa,1.71048641331835,1.810336511450647,1.6731155109603395,2.732207131958653,3.020868080479137,0.7
full_seed101_replay_0p3_noise0p5_s5_a0p2_b0p7,101,replay,0.3,0.5,5,0.2,crp,1.7121089316642155,1.8127639330925187,1.6731155109603395,2.7574853284237366,3.020868080479137,0.7
full_seed101_replay_0p3_noise0p5_s5_a0p3_b0p8,101,replay,0.3,0.5,5,0.3,fpr_owa,1.717000331300336,1.8207909084967435,1.6648866260036614,2.740318737430129,3.098602196679836,0.8
full_seed101_replay_0p3_noise0p5_s5_a0p3_b0p8,101,replay,0.3,0.5,5,0.3,crp,1.7178920875829782,1.8221843559165936,1.6648866260036614,2.751509481198484,3.098602196679836,0.8
full_seed101_replay_0p3_noise0p5_s9_a0p2_b0p7,101,replay,0.3,0.5,9,0.2,fpr_owa,1.6942864804349411,1.770512847301215,1.6393799199196677,2.5698447684830086,2.949699220242668,0.7
full_seed101_replay_0p3_noise0p5_s9_a0p2_b0p7,101,replay,0.3,0.5,9,0.2,crp,1.6953412286705836,1.772430061475459,1.6412810162541267,2.5698447684830086,2.938671232350672,0.7
full_seed101_replay_0p3_noise0p5_s9_a0p3_b0p8,101,replay,0.3,0.5,9,0.3,fpr_owa,1.6839174007350952,1.7654768281285615,1.5746929578730078,2.60260037386507,2.910197677223065,0.8
full_seed101_replay_0p3_noise0p5_s9_a0p3_b0p8,101,replay,0.3,0.5,9,0.3,crp,1.6899948162556593,1.7729668069989988,1.583835096647502,2.60260037386507,2.9330706639890143,0.8
full_seed101_replay_0p4_noise0p1_s13_a0p2_b0p7,101,replay,0.4,0.1,13,0.2,fpr_owa,1.2010473715996146,1.2513083157232645,1.2007441398726637,1.649126628657971,1.7056900502596406,0.7
full_seed101_replay_0p4_noise0p1_s13_a0p2_b0p7,101,replay,0.4,0.1,13,0.2,crp,1.2010473715996146,1.2513083157232645,1.2007441398726637,1.649126628657971,1.7056900502596406,0.7
full_seed101_replay_0p4_noise0p1_s13_a0p3_b0p8,101,replay,0.4,0.1,13,0.3,fpr_owa,1.4684152050105994,1.5483118080013958,1.4574563898258064,2.094402781814444,2.142854543866055,0.8
full_seed101_replay_0p4_noise0p1_s13_a0p3_b0p8,101,replay,0.4,0.1,13,0.3,crp,1.4684152050105994,1.5483118080013958,1.4574563898258064,2.094402781814444,2.142854543866055,0.8
full_seed101_replay_0p4_noise0p1_s5_a0p2_b0p7,101,replay,0.4,0.1,5,0.2,fpr_owa,1.7627478026949996,1.8340942642084344,1.6641897770674212,2.4777751377541906,2.6317778813505948,0.7
full_seed101_replay_0p4_noise0p1_s5_a0p2_b0p7,101,replay,0.4,0.1,5,0.2,crp,1.7627478026949996,1.8340942642084344,1.6641897770674212,2.4777751377541906,2.6317778813505948,0.7
full_seed101_replay_0p4_noise0p1_s5_a0p3_b0p8,101,replay,0.4,0.1,5,0.3,fpr_owa,1.7612095574167788,1.8380134273724795,1.7177404868467356,2.519554848318862,2.5809065936226183,0.8
full_seed101_replay_0p4_noise0p1_s5_a0p3_b0p8,101,replay,0.4,0.1,5,0.3,crp,1.7612095574167788,1.8380134273724795,1.7177404868467356,2.519554848318862,2.5809065936226183,0.8
full_seed101_replay_0p4_noise0p1_s9_a0p2_b0p7,101,replay,0.4,0.1,9,0.2,fpr_owa,1.761339854240768,1.814040460228504,1.6777407003736338,2.3981483074830336,2.610297293389082,0.7
full_seed101_replay_0p4_noise0p1_s9_a0p2_b0p7,101,replay,0.4,0.1,9,0.2,crp,1.761339854240768,1.814040460228504,1.6777407003736338,2.3981483074830336,2.610297293389082,0.7
full_seed101_replay_0p4_noise0p1_s9_a0p3_b0p8,101,replay,0.4,0.1,9,0.3,fpr_owa,1.7376768792840698,1.8105205051208069,1.654006353899125,2.481753228222399,2.6175195113770537,0.8
full_seed101_replay_0p4_noise0p1_s9_a0p3_b0p8,101,replay,0.4,0.1,9,0.3,crp,1.7376768792840698,1.8105205051208069,1.654006353899125,2.481753228222399,2.6175195113770537,0.8
full_seed101_replay_0p4_noise0p25_s13_a0p2_b0p7,101,replay,0.4,0.25,13,0.2,fpr_owa,1.2365469412583157,1.2954138766927097,1.243641735893824,1.8098158366640864,1.93807001433504,0.7
full_seed101_replay_0p4_noise0p25_s13_a0p2_b0p7,101,replay,0.4,0.25,13,0.2,crp,1.2379104037973503,1.297353961372164,1.243641735893824,1.820590858428842,2.0401290678638704,0.7
full_seed101_replay_0p4_noise0p25_s13_a0p3_b0p8,101,replay,0.4,0.25,13,0.3,fpr_owa,1.4347633644253224,1.5291966661288432,1.426252916261871,2.194102621739133,2.348715633380049,0.8
full_seed101_replay_0p4_noise0p25_s13_a0p3_b0p8,101,replay,0.4,0.25,13,0.3,crp,1.4359996695696196,1.5310192914956149,1.426252916261871,2.215127343217554,2.4340305606259047,0.8
full_seed101_replay_0p4_noise0p25_s5_a0p2_b0p7,101,replay,0.4,0.25,5,0.2,fpr_owa,1.730595368095208,1.810172857981028,1.6805903266375428,2.580478015543148,2.713322161879084,0.7
full_seed101_replay_0p4_noise0p25_s5_a0p2_b0p7,101,replay,0.4,0.25,5,0.2,crp,1.730595368095208,1.810172857981028,1.6805903266375428,2.580478015543148,2.713322161879084,0.7
full_seed101_replay_0p4_noise0p25_s5_a0p3_b0p8,101,replay,0.4,0.25,5,0.3,fpr_owa,1.7335624373712253,1.8157404704978355,1.6571281922560257,2.5806304410125374,2.767724316695624,0.8
full_seed101_replay_0p4_noise0p25_s5_a0p3_b0p8,101,replay,0.4,0.25,5,0.3,crp,1.7335624373712253,1.8157404704978355,1.6571281922560257,2.5806304410125374,2.767724316695624,0.8
full_seed101_replay_0p4_noise0p25_s9_a0p2_b0p7,101,replay,0.4,0.25,9,0.2,fpr_owa,1.7289035650595512,1.79277495746852,1.6435769916385372,2.4384574533369454,2.7183981103669708,0.7
full_seed101_replay_0p4_noise0p25_s9_a0p2_b0p7,101,replay,0.4,0.25,9,0.2,crp,1.7287375567867385,1.7925814424072577,1.6435769916385372,2.4384574533369454,2.7183981103669708,0.7
full_seed101_replay_0p4_noise0p25_s9_a0p3_b0p8,101,replay,0.4,0.25,9,0.3,fpr_owa,1.7179793274319646,1.7917884592680997,1.625566306399736,2.4644343528102017,2.7114474842709946,0.8
full_seed101_replay_0p4_noise0p25_s9_a0p3_b0p8,101,replay,0.4,0.25,9,0.3,crp,1.7179868771160811,1.791797298685444,1.625566306399736,2.4644343528102017,2.7114474842709946,0.8
full_seed101_replay_0p4_noise0p5_s13_a0p2_b0p7,101,replay,0.4,0.5,13,0.2,fpr_owa,1.2668766715061186,1.3394309551112893,1.257834408801266,1.991234760489887,2.2855824566824645,0.7
full_seed101_replay_0p4_noise0p5_s13_a0p2_b0p7,101,replay,0.4,0.5,13,0.2,crp,1.2978626621594624,1.3827087745207969,1.2721510469148587,2.129655487004031,2.53633609430331,0.7
full_seed101_replay_0p4_noise0p5_s13_a0p3_b0p8,101,replay,0.4,0.5,13,0.3,fpr_owa,1.329026904258157,1.4361266633522078,1.284404369107602,2.264444311441075,2.4987166291150835,0.8
full_seed101_replay_0p4_noise0p5_s13_a0p3_b0p8,101,replay,0.4,0.5,13,0.3,crp,1.3584654355400931,1.4730723573358355,1.284404369107602,2.3664821583028988,2.638924195582395,0.8
full_seed101_replay_0p4_noise0p5_s5_a0p2_b0p7,101,replay,0.4,0.5,5,0.2,fpr_owa,1.71048641331835,1.810336511450647,1.6731155109603395,2.732207131958653,3.020868080479137,0.7
full_seed101_replay_0p4_noise0p5_s5_a0p2_b0p7,101,replay,0.4,0.5,5,0.2,crp,1.7121089316642155,1.8127639330925187,1.6731155109603395,2.7574853284237366,3.020868080479137,0.7
full_seed101_replay_0p4_noise0p5_s5_a0p3_b0p8,101,replay,0.4,0.5,5,0.3,fpr_owa,1.717000331300336,1.8207909084967435,1.6648866260036614,2.740318737430129,3.098602196679836,0.8
full_seed101_replay_0p4_noise0p5_s5_a0p3_b0p8,101,replay,0.4,0.5,5,0.3,crp,1.7178920875829782,1.8221843559165936,1.6648866260036614,2.751509481198484,3.098602196679836,0.8
full_seed101_replay_0p4_noise0p5_s9_a0p2_b0p7,101,replay,0.4,0.5,9,0.2,fpr_owa,1.697106541514233,1.773017974266221,1.6412810162541267,2.517097776544594,2.9132931717961905,0.7
full_seed101_replay_0p4_noise0p5_s9_a0p2_b0p7,101,replay,0.4,0.5,9,0.2,crp,1.6977238076423669,1.7743715828365942,1.6412810162541267,2.5325261814236755,2.8977144278483844,0.7
full_seed101_replay_0p4_noise0p5_s9_a0p3_b0p8,101,replay,0.4,0.5,9,0.3,fpr_owa,1.6913009970122816,1.7717457747760472,1.6044599835677142,2.6023247799612985,2.899386382569466,0.8
full_seed101_replay_0p4_noise0p5_s9_a0p3_b0p8,101,replay,0.4,0.5,9,0.3,crp,1.6934023784627057,1.774305898236993,1.6102838744053565,2.5756047756895724,2.9330706639890143,0.8
full_seed101_scaling_0p0_noise0p1_s13_a0p2_b0p7,101,scaling,0.0,0.1,13,0.2,fpr_owa,1.2005996835464343,1.2492934636752335,1.1936329513941824,1.6485568056889095,1.7438379620698026,0.7
full_seed101_scaling_0p0_noise0p1_s13_a0p2_b0p7,101,scaling,0.0,0.1,13,0.2,crp,1.2005996835464343,1.2492934636752335,1.1936329513941824,1.6485568056889095,1.7438379620698026,0.7
full_seed101_scaling_0p0_noise0p1_s13_a0p3_b0p8,101,scaling,0.0,0.1,13,0.3,fpr_owa,1.459851850307026,1.5405262522493737,1.4105131735776282,2.0889440810659385,2.241185361713773,0.8
full_seed101_scaling_0p0_noise0p1_s13_a0p3_b0p8,101,scaling,0.0,0.1,13,0.3,crp,1.459851850307026,1.5405262522493737,1.4105131735776282,2.0889440810659385,2.241185361713773,0.8
full_seed101_scaling_0p0_noise0p1_s5_a0p2_b0p7,101,scaling,0.0,0.1,5,0.2,fpr_owa,1.767117669704048,1.8354108405671965,1.6600840900874871,2.4665471628706577,2.623309323256321,0.7
full_seed101_scaling_0p0_noise0p1_s5_a0p2_b0p7,101,scaling,0.0,0.1,5,0.2,crp,1.767117669704048,1.8354108405671965,1.6600840900874871,2.4665471628706577,2.623309323256321,0.7
full_seed101_scaling_0p0_noise0p1_s5_a0p3_b0p8,101,scaling,0.0,0.1,5,0.3,fpr_owa,1.7626268134227294,1.838567579606963,1.6659867656620362,2.496622538502625,2.5856445900776754,0.8
full_seed101_scaling_0p0_noise0p1_s5_a0p3_b0p8,101,scaling,0.0,0.1,5,0.3,crp,1.7626268134227294,1.838567579606963,1.6659867656620362,2.496622538502625,2.5856445900776754,0.8
full_seed101_scaling_0p0_noise0p1_s9_a0p2_b0p7,101,scaling,0.0,0.1,9,0.2,fpr_owa,1.7649217452909671,1.8188107961041775,1.6358181714411566,2.402411083444426,2.5208303773184952,0.7
full_seed101_scaling_0p0_noise0p1_s9_a0p2_b0p7,101,scaling,0.0,0.1,9,0.2,crp,1.7649217452909671,1.8188107961041775,1.6358181714411566,2.402411083444426,2.5208303773184952,0.7
full_seed101_scaling_0p0_noise0p1_s9_a0p3_b0p8,101,scaling,0.0,0.1,9,0.3,fpr_owa,1.748512793146674,1.822359247104944,1.6160641797705488,2.483087558392486,2.621842066792208,0.8
full_seed101_scaling_0p0_noise0p1_s9_a0p3_b0p8,101,scaling,0.0,0.1,9,0.3,crp,1.748512793146674,1.822359247104944,1.6160641797705488,2.483087558392486,2.621842066792208,0.8
full_seed101_scaling_0p0_noise0p25_s13_a0p2_b0p7,101,scaling,0.0,0.25,13,0.2,fpr_owa,1.236562460285135,1.2956308708465365,1.2044535377120542,1.82105823882284,1.93807001433504,0.7
full_seed101_scaling_0p0_noise0p25_s13_a0p2_b0p7,101,scaling,0.0,0.25,13,0.2,crp,1.23792592282417,1.2975706310835515,1.2044535377120542,1.823455705682877,2.0401290678638704,0.7
full_seed101_scaling_0p0_noise0p25_s13_a0p3_b0p8,101,scaling,0.0,0.25,13,0.3,fpr_owa,1.4423166327854453,1.5394491390162115,1.4096630712143363,2.215127343217554,2.402718544702593,0.8
full_seed101_scaling_0p0_noise0p25_s13_a0p3_b0p8,101,scaling,0.0,0.25,13,0.3,crp,1.4435529379297427,1.5412596403104573,1.4096630712143363,2.215402441778199,2.4340305606259047,0.8
full_seed101_scaling_0p0_noise0p25_s5_a0p2_b0p7,101,scaling,0.0,0.25,5,0.2,fpr_owa,1.7336143413815548,1.8099001257236491,1.6922920438569655,2.55417172044426,2.7327033676123493,0.7
full_seed101_scaling_0p0_noise0p25_s5_a0p2_b0p7,101,scaling,0.0,0.25,5,0.2,crp,1.7336143413815548,1.8099001257236491,1.6922920438569655,2.55417172044426,2.7327033676123493,0.7
full_seed101_scaling_0p0_noise0p25_s5_a0p3_b0p8,101,scaling,0.0,0.25,5,0.3,fpr_owa,1.7299506229173902,1.809798933912468,1.6661550456250218,2.56977910378971,2.767724316695624,0.8
full_seed101_scaling_0p0_noise0p25_s5_a0p3_b0p8,101,scaling,0.0,0.25,5,0.3,crp,1.7299506229173902,1.809798933912468,1.6661550456250218,2.56977910378971,2.767724316695624,0.8
full_seed101_scaling_0p0_noise0p25_s9_a0p2_b0p7,101,scaling,0.0,0.25,9,0.2,fpr_owa,1.7298027951227697,1.795488778870893,1.6024240184477152,2.4398284480022494,2.632631395399988,0.7
full_seed101_scaling_0p0_noise0p25_s9_a0p2_b0p7,101,scaling,0.0,0.25,9,0.2,crp,1.7298027951227697,1.795488778870893,1.6024240184477152,2.4398284480022494,2.632631395399988,0.7
full_seed101_scaling_0p0_noise0p25_s9_a0p3_b0p8,101,scaling,0.0,0.25,9,0.3,fpr_owa,1.7256608562942817,1.7990798317672998,1.6358554405371024,2.4886343819454897,2.781453042917504,0.8
full_seed101_scaling_0p0_noise0p25_s9_a0p3_b0p8,101,scaling,0.0,0.25,9,0.3,crp,1.7256608562942817,1.7990798317672998,1.6358554405371024,2.4886343819454897,2.781453042917504,0.8
full_seed101_scaling_0p0_noise0p5_s13_a0p2_b0p7,101,scaling,0.0,0.5,13,0.2,fpr_owa,1.2839222170748892,1.3602123416225274,1.240801419563994,2.046768449975125,2.3782249001293287,0.7
full_seed101_scaling_0p0_noise0p5_s13_a0p2_b0p7,101,scaling,0.0,0.5,13,0.2,crp,1.314497399839868,1.4025424085265137,1.2674135840584235,2.176788966053849,2.501637824569277,0.7
full_seed101_scaling_0p0_noise0p5_s13_a0p3_b0p8,101,scaling,0.0,0.5,13,0.3,fpr_owa,1.3542700790443412,1.4646362664908377,1.2917001243824369,2.3401931281901307,2.585645126688344,0.8
full_seed101_scaling_0p0_noise0p5_s13_a0p3_b0p8,101,scaling,0.0,0.5,13,0.3,crp,1.3918040028525296,1.5086911550620083,1.3236439171448255,2.398272568801241,2.6816652677859327,0.8
full_seed101_scaling_0p0_noise0p5_s5_a0p2_b0p7,101,scaling,0.0,0.5,5,0.2,fpr_owa,1.709271226509631,1.8044491280747168,1.6461929187271442,2.6895015239178703,3.020868080479137,0.7
full_seed101_scaling_0p0_noise0p5_s5_a0p2_b0p7,101,scaling,0.0,0.5,5,0.2,crp,1.7108937448554966,1.806884459017612,1.6461929187271442,2.6986287482273794,3.020868080479137,0.7
full_seed101_scaling_0p0_noise0p5_s5_a0p3_b0p8,101,scaling,0.0,0.5,5,0.3,fpr_owa,1.703342370087818,1.80311874125599,1.6345246869770231,2.725174442138963,3.089570498033422,0.8
full_seed101_scaling_0p0_noise0p5_s5_a0p3_b0p8,101,scaling,0.0,0.5,5,0.3,crp,1.70423412637046,1.8045258351022189,1.6345246869770231,2.725174442138963,3.089570498033422,0.8
full_seed101_scaling_0p0_noise0p5_s9_a0p2_b0p7,101,scaling,0.0,0.5,9,0.2,fpr_owa,1.70044414129838,1.7783768765686925,1.641228448021633,2.5752813313069827,2.867533613785253,0.7
full_seed101_scaling_0p0_noise0p5_s9_a0p2_b0p7,101,scaling,0.0,0.5,9,0.2,crp,1.6995412584305176,1.77824065333731,1.641228448021633,2.531861201014098,3.027519993135773,0.7
full_seed101_scaling_0p0_noise0p5_s9_a0p3_b0p8,101,scaling,0.0,0.5,9,0.3,fpr_owa,1.6909088150660572,1.7716248152131142,1.5885115885765302,2.610265449817572,3.033435246204024,0.8
full_seed101_scaling_0p0_noise0p5_s9_a0p3_b0p8,101,scaling,0.0,0.5,9,0.3,crp,1.6938066565066163,1.775111223809045,1.6191030876108847,2.611193243515313,3.0867938506811226,0.8
full_seed101_scaling_0p1_noise0p1_s13_a0p2_b0p7,101,scaling,0.1,0.1,13,0.2,fpr_owa,1.2102765488925362,1.2609235755137238,1.1958218486653815,1.6716150965740668,1.7630768288607368,0.7
full_seed101_scaling_0p1_noise0p1_s13_a0p2_b0p7,101,scaling,0.1,0.1,13,0.2,crp,1.2102765488925362,1.2609235755137238,1.1958218486653815,1.6716150965740668,1.7630768288607368,0.7
full_seed101_scaling_0p1_noise0p1_s13_a0p3_b0p8,101,scaling,0.1,0.1,13,0.3,fpr_owa,1.4731554572009598,1.555103868907499,1.4474710055113138,2.12267043661577,2.2822486572506966,0.8
full_seed101_scaling_0p1_noise0p1_s13_a0p3_b0p8,101,scaling,0.1,0.1,13,0.3,crp,1.4731554572009598,1.555103868907499,1.4474710055113138,2.12267043661577,2.2822486572506966,0.8
full_seed101_scaling_0p1_noise0p1_s5_a0p2_b0p7,101,scaling,0.1,0.1,5,0.2,fpr_owa,1.767117669704048,1.8354108405671965,1.6600840900874871,2.4665471628706577,2.623309323256321,0.7
full_seed101_scaling_0p1_noise0p1_s5_a0p2_b0p7,101,scaling,0.1,0.1,5,0.2,crp,1.767117669704048,1.8354108405671965,1.6600840900874871,2.4665471628706577,2.623309323256321,0.7
full_seed101_scaling_0p1_noise0p1_s5_a0p3_b0p8,101,scaling,0.1,0.1,5,0.3,fpr_owa,1.7626268134227294,1.838567579606963,1.6659867656620362,2.496622538502625,2.5856445900776754,0.8
full_seed101_scaling_0p1_noise0p1_s5_a0p3_b0p8,101,scaling,0.1,0.1,5,0.3,crp,1.7626268134227294,1.838567579606963,1.6659867656620362,2.496622538502625,2.5856445900776754,0.8
full_seed101_scaling_0p1_noise0p1_s9_a0p2_b0p7,101,scaling,0.1,0.1,9,0.2,fpr_owa,1.7776146627499398,1.833133402433825,1.648286602371669,2.4344745745781298,2.529581352112384,0.7
full_seed101_scaling_0p1_noise0p1_s9_a0p2_b0p7,101,scaling,0.1,0.1,9,0.2,crp,1.7776146627499398,1.833133402433825,1.648286602371669,2.4344745745781298,2.529581352112384,0.7
full_seed101_scaling_0p1_noise0p1_s9_a0p3_b0p8,101,scaling,0.1,0.1,9,0.3,fpr_owa,1.760354733936511,1.8345114341480115,1.6351448970085083,2.4904431532786275,2.68596974680014,0.8
full_seed101_scaling_0p1_noise0p1_s9_a0p3_b0p8,101,scaling,0.1,0.1,9,0.3,crp,1.760354733936511,1.8345114341480115,1.6351448970085083,2.4904431532786275,2.68596974680014,0.8
full_seed101_scaling_0p1_noise0p25_s13_a0p2_b0p7,101,scaling,0.1,0.25,13,0.2,fpr_owa,1.24453170727879,1.305956001656829,1.2124360709071684,1.831965189073598,1.93807001433504,0.7
full_seed101_scaling_0p1_noise0p25_s13_a0p2_b0p7,101,scaling,0.1,0.25,13,0.2,crp,1.2460817428826776,1.308113803952346,1.2124360709071684,1.8366272772833925,2.0401290678638704,0.7
full_seed101_scaling_0p1_noise0p25_s13_a0p3_b0p8,101,scaling,0.1,0.25,13,0.3,fpr_owa,1.449040884489402,1.5483359482201309,1.4076347872003536,2.2307799572166136,2.4478571094868418,0.8
full_seed101_scaling_0p1_noise0p25_s13_a0p3_b0p8,101,scaling,0.1,0.25,13,0.3,crp,1.450931750829173,1.550964878432699,1.4076347872003536,2.2316563373365024,2.4478571094868418,0.8
full_seed101_scaling_0p1_noise0p25_s5_a0p2_b0p7,101,scaling,0.1,0.25,5,0.2,fpr_owa,1.7336143413815548,1.8099001257236491,1.6922920438569655,2.55417172044426,2.7327033676123493,0.7
full_seed101_scaling_0p1_noise0p25_s5_a0p2_b0p7,101,scaling,0.1,0.25,5,0.2,crp,1.7336143413815548,1.8099001257236491,1.6922920438569655,2.55417172044426,2.7327033676123493,0.7
full_seed101_scaling_0p1_noise0p25_s5_a0p3_b0p8,101,scaling,0.1,0.25,5,0.3,fpr_owa,1.7299506229173902,1.809798933912468,1.6661550456250218,2.56977910378971,2.767724316695624,0.8
full_seed101_scaling_0p1_noise0p25_s5_a0p3_b0p8,101,scaling,0.1,0.25,5,0.3,crp,1.7299506229173902,1.809798933912468,1.6661550456250218,2.56977910378971,2.767724316695624,0.8
full_seed101_scaling_0p1_noise0p25_s9_a0p2_b0p7,101,scaling,0.1,0.25,9,0.2,fpr_owa,1.741610587585726,1.8089704888742009,1.6192494865940454,2.501309923176588,2.641382370193876,0.7
full_seed101_scaling_0p1_noise0p25_s9_a0p2_b0p7,101,scaling,0.1,0.25,9,0.2,crp,1.741610587585726,1.8089704888742009,1.6192494865940454,2.501309923176588,2.641382370193876,0.7
full_seed101_scaling_0p1_noise0p25_s9_a0p3_b0p8,101,scaling,0.1,0.25,9,0.3,fpr_owa,1.735726822066473,1.8114463838612425,1.6501404717443515,2.524416018677848,2.847665282306486,0.8
full_seed101_scaling_0p1_noise0p25_s9_a0p3_b0p8,101,scaling,0.1,0.25,9,0.3,crp,1.735726822066473,1.8114463838612425,1.6501404717443515,2.524416018677848,2.847665282306486,0.8
full_seed101_scaling_0p1_noise0p5_s13_a0p2_b0p7,101,scaling,0.1,0.5,13,0.2,fpr_owa,1.293922406485765,1.36982409206789,1.2699166277733172,2.0469385824003457,2.418442801391565,0.7
full_seed101_scaling_0p1_noise0p5_s13_a0p2_b0p7,101,scaling,0.1,0.5,13,0.2,crp,1.323911948034545,1.4111508381249025,1.2931374927842372,2.1515095037182768,2.4610913490219404,0.7
full_seed101_scaling_0p1_noise0p5_s13_a0p3_b0p8,101,scaling,0.1,0.5,13,0.3,fpr_owa,1.3690172756140695,1.4809135531153854,1.3067246921190143,2.3700691601417923,2.6315350653432863,0.8
full_seed101_scaling_0p1_noise0p5_s13_a0p3_b0p8,101,scaling,0.1,0.5,13,0.3,crp,1.4070227394483277,1.5265625145541937,1.338743567275578,2.4021681918898463,2.7313793679954546,0.8
full_seed101_scaling_0p1_noise0p5_s5_a0p2_b0p7,101,scaling,0.1,0.5,5,0.2,fpr_owa,1.709271226509631,1.8044491280747168,1.6461929187271442,2.6895015239178703,3.020868080479137,0.7
full_seed101_scaling_0p1_noise0p5_s5_a0p2_b0p7,101,scaling,0.1,0.5,5,0.2,crp,1.7108937448554966,1.806884459017612,1.6461929187271442,2.6986287482273794,3.020868080479137,0.7
full_seed101_scaling_0p1_noise0p5_s5_a0p3_b0p8,101,scaling,0.1,0.5,5,0.3,fpr_owa,1.703342370087818,1.80311874125599,1.6345246869770231,2.725174442138963,3.089570498033422,0.8
full_seed101_scaling_0p1_noise0p5_s5_a0p3_b0p8,101,scaling,0.1,0.5,5,0.3,crp,1.70423412637046,1.8045258351022189,1.6345246869770231,2.725174442138963,3.089570498033422,0.8
full_seed101_scaling_0p1_noise0p5_s9_a0p2_b0p7,101,scaling,0.1,0.5,9,0.2,fpr_owa,1.7140028850306777,1.7923579837802954,1.646650873773218,2.5754209316867898,2.876284588579141,0.7
full_seed101_scaling_0p1_noise0p5_s9_a0p2_b0p7,101,scaling,0.1,0.5,9,0.2,crp,1.7123512593067085,1.791124866026999,1.646650873773218,2.5648896590234886,3.0608655842193766,0.7
full_seed101_scaling_0p1_noise0p5_s9_a0p3_b0p8,101,scaling,0.1,0.5,9,0.3,fpr_owa,1.70715835277525,1.788404118917098,1.6326205385463677,2.60260037386507,3.125739980150656,0.8
full_seed101_scaling_0p1_noise0p5_s9_a0p3_b0p8,101,scaling,0.1,0.5,9,0.3,crp,1.7089874071750353,1.7907123850696078,1.6326205385463677,2.60260037386507,3.142734436784685,0.8
full_seed101_scaling_0p2_noise0p1_s13_a0p2_b0p7,101,scaling,0.2,0.1,13,0.2,fpr_owa,1.2297609173250124,1.282705094518979,1.204821961344427,1.713698252120467,1.8431641664364973,0.7
full_seed101_scaling_0p2_noise0p1_s13_a0p2_b0p7,101,scaling,0.2,0.1,13,0.2,crp,1.2297609173250124,1.282705094518979,1.204821961344427,1.713698252120467,1.8431641664364973,0.7
full_seed101_scaling_0p2_noise0p1_s13_a0p3_b0p8,101,scaling,0.2,0.1,13,0.3,fpr_owa,1.4971416874533778,1.581271744370397,1.470899322808164,2.165388769266506,2.2822486572506966,0.8
full_seed101_scaling_0p2_noise0p1_s13_a0p3_b0p8,101,scaling,0.2,0.1,13,0.3,crp,1.4971416874533778,1.581271744370397,1.470899322808164,2.165388769266506,2.2822486572506966,0.8
full_seed101_scaling_0p2_noise0p1_s5_a0p2_b0p7,101,scaling,0.2,0.1,5,0.2,fpr_owa,1.784617258748552,1.854194652463521,1.667629823959527,2.4777751377541906,2.660205228418408,0.7
full_seed101_scaling_0p2_noise0p1_s5_a0p2_b0p7,101,scaling,0.2,0.1,5,0.2,crp,1.784617258748552,1.854194652463521,1.667629823959527,2.4777751377541906,2.660205228418408,0.7
full_seed101_scaling_0p2_noise0p1_s5_a0p3_b0p8,101,scaling,0.2,0.1,5,0.3,fpr_owa,1.780702750049432,1.8566066318050551,1.7210450048999564,2.515531104961854,2.6146768565212795,0.8
full_seed101_scaling_0p2_noise0p1_s5_a0p3_b0p8,101,scaling,0.2,0.1,5,0.3,crp,1.780702750049432,1.8566066318050551,1.7210450048999564,2.515531104961854,2.6146768565212795,0.8
full_seed101_scaling_0p2_noise0p1_s9_a0p2_b0p7,101,scaling,0.2,0.1,9,0.2,fpr_owa,1.790486486721044,1.8468325808457748,1.6383651175330929,2.463514443586389,2.6228985907992506,0.7
full_seed101_scaling_0p2_noise0p1_s9_a0p2_b0p7,101,scaling,0.2,0.1,9,0.2,crp,1.790486486721044,1.8468325808457748,1.6383651175330929,2.463514443586389,2.6228985907992506,0.7
full_seed101_scaling_0p2_noise0p1_s9_a0p3_b0p8,101,scaling,0.2,0.1,9,0.3,fpr_owa,1.7736798819762951,1.848503075543998,1.6568886100470988,2.5145477794939994,2.700937717459837,0.8
full_seed101_scaling_0p2_noise0p1_s9_a0p3_b0p8,101,scaling,0.2,0.1,9,0.3,crp,1.7736798819762951,1.848503075543998,1.6568886100470988,2.5145477794939994,2.700937717459837,0.8
full_seed101_scaling_0p2_noise0p25_s13_a0p2_b0p7,101,scaling,0.2,0.25,13,0.2,fpr_owa,1.2604236507250026,1.3229377303384515,1.2174251298667105,1.8530652670268304,2.0101930261345333,0.7
full_seed101_scaling_0p2_noise0p25_s13_a0p2_b0p7,101,scaling,0.2,0.25,13,0.2,crp,1.2625678452721476,1.3258860083560555,1.2174251298667105,1.8579699091774724,2.0401290678638704,0.7
full_seed101_scaling_0p2_noise0p25_s13_a0p3_b0p8,101,scaling,0.2,0.25,13,0.3,fpr_owa,1.4696606588559986,1.5713101511726673,1.4342778327131285,2.263518684417351,2.4478571094868413,0.8
full_seed101_scaling_0p2_noise0p25_s13_a0p3_b0p8,101,scaling,0.2,0.25,13,0.3,crp,1.4720159440956198,1.5745838944980155,1.4342778327131285,2.2673195284193413,2.4478571094868413,0.8
full_seed101_scaling_0p2_noise0p25_s5_a0p2_b0p7,101,scaling,0.2,0.25,5,0.2,fpr_owa,1.754677674287723,1.83168277943214,1.6863788637081134,2.5779226778790147,2.7589280919151085,0.7
full_seed101_scaling_0p2_noise0p25_s5_a0p2_b0p7,101,scaling,0.2,0.25,5,0.2,crp,1.754677674287723,1.83168277943214,1.6863788637081134,2.5779226778790147,2.7589280919151085,0.7
full_seed101_scaling_0p2_noise0p25_s5_a0p3_b0p8,101,scaling,0.2,0.25,5,0.3,fpr_owa,1.7516094953899042,1.832040829606503,1.6571281922560257,2.578377598882516,2.767724316695624,0.8
full_seed101_scaling_0p2_noise0p25_s5_a0p3_b0p8,101,scaling,0.2,0.25,5,0.3,crp,1.7516094953899042,1.832040829606503,1.6571281922560257,2.578377598882516,2.767724316695624,0.8
full_seed101_scaling_0p2_noise0p25_s9_a0p2_b0p7,101,scaling,0.2,0.25,9,0.2,fpr_owa,1.7574820537741445,1.826326450095819,1.6353559957391242,2.525001941880843,2.713121726325315,0.7
full_seed101_scaling_0p2_noise0p25_s9_a0p2_b0p7,101,scaling,0.2,0.25,9,0.2,crp,1.7581432917424655,1.8271751765607969,1.6353559957391242,2.525001941880843,2.713121726325315,0.7
full_seed101_scaling_0p2_noise0p25_s9_a0p3_b0p8,101,scaling,0.2,0.25,9,0.3,fpr_owa,1.7532654887315922,1.828812117759788,1.655581858700856,2.524416018677848,2.8624517995259056,0.8
full_seed101_scaling_0p2_noise0p25_s9_a0p3_b0p8,101,scaling,0.2,0.25,9,0.3,crp,1.7532143558975768,1.8287441814600616,1.655581858700856,2.524416018677848,2.8624517995259056,0.8
full_seed101_scaling_0p2_noise0p5_s13_a0p2_b0p7,101,scaling,0.2,0.5,13,0.2,fpr_owa,1.304826238439934,1.3835801425219556,1.2816534367586,2.073072265829797,2.5206051060716805,0.7
full_seed101_scaling_0p2_noise0p5_s13_a0p2_b0p7,101,scaling,0.2,0.5,13,0.2,crp,1.3352870943265909,1.4248918969551705,1.3130575730180267,2.1782544471713408,2.4686410110124646,0.7
full_seed101_scaling_0p2_noise0p5_s13_a0p3_b0p8,101,scaling,0.2,0.5,13,0.3,fpr_owa,1.3813472671272258,1.5006338715002636,1.3335539072242022,2.403089888901307,2.6864340282350554,0.8
full_seed101_scaling_0p2_noise0p5_s13_a0p3_b0p8,101,scaling,0.2,0.5,13,0.3,crp,1.4116959686614432,1.537545777922193,1.3507525324159566,2.439816801807722,2.768799294644696,0.8
full_seed101_scaling_0p2_noise0p5_s5_a0p2_b0p7,101,scaling,0.2,0.5,5,0.2,fpr_owa,1.7293042429736027,1.8240504835422429,1.6593169058846764,2.7081317134380245,3.020868080479137,0.7
full_seed101_scaling_0p2_noise0p5_s5_a0p2_b0p7,101,scaling,0.2,0.5,5,0.2,crp,1.7309267613194683,1.8264596789801983,1.6593169058846764,2.710907934962781,3.020868080479137,0.7
full_seed101_scaling_0p2_noise0p5_s5_a0p3_b0p8,101,scaling,0.2,0.5,5,0.3,fpr_owa,1.7251432591648972,1.8253860484356788,1.6648866260036614,2.739770959285741,3.089570498033422,0.8
full_seed101_scaling_0p2_noise0p5_s5_a0p3_b0p8,101,scaling,0.2,0.5,5,0.3,crp,1.7260350154475397,1.826775990729678,1.6648866260036614,2.7515830598432944,3.089570498033422,0.8
full_seed101_scaling_0p2_noise0p5_s9_a0p2_b0p7,101,scaling,0.2,0.5,9,0.2,fpr_owa,1.726615395757681,1.804791158846973,1.672687522355781,2.6056846915447567,2.948023944710581,0.7
full_seed101_scaling_0p2_noise0p5_s9_a0p2_b0p7,101,scaling,0.2,0.5,9,0.2,crp,1.7250245999567122,1.8037456932192544,1.672687522355781,2.604762690803988,3.064324051102179,0.7
full_seed101_scaling_0p2_noise0p5_s9_a0p3_b0p8,101,scaling,0.2,0.5,9,0.3,fpr_owa,1.7156016342371028,1.7983057616635587,1.6337197682252669,2.6283767039964827,3.128045624739191,0.8
full_seed101_scaling_0p2_noise0p5_s9_a0p3_b0p8,101,scaling,0.2,0.5,9,0.3,crp,1.719611407690555,1.8031721470115896,1.6337197682252669,2.6293044976942244,3.142734436784685,0.8
full_seed101_scaling_0p3_noise0p1_s13_a0p2_b0p7,101,scaling,0.3,0.1,13,0.2,fpr_owa,1.238903788754804,1.2923173459801165,1.2337482544453242,1.7503652749189216,1.847751831588828,0.7
full_seed101_scaling_0p3_noise0p1_s13_a0p2_b0p7,101,scaling,0.3,0.1,13,0.2,crp,1.238903788754804,1.2923173459801165,1.2337482544453242,1.7503652749189216,1.847751831588828,0.7
full_seed101_scaling_0p3_noise0p1_s13_a0p3_b0p8,101,scaling,0.3,0.1,13,0.3,fpr_owa,1.5080785575486368,1.5923474932767334,1.466343512289161,2.2145210271951945,2.3319059368819075,0.8
full_seed101_scaling_0p3_noise0p1_s13_a0p3_b0p8,101,scaling,0.3,0.1,13,0.3,crp,1.5080785575486368,1.5923474932767334,1.466343512289161,2.2145210271951945,2.3319059368819075,0.8
full_seed101_scaling_0p3_noise0p1_s5_a0p2_b0p7,101,scaling,0.3,0.1,5,0.2,fpr_owa,1.803356752395292,1.875488977234653,1.6701768597347462,2.52713947739978,2.752440164292912,0.7
full_seed101_scaling_0p3_noise0p1_s5_a0p2_b0p7,101,scaling,0.3,0.1,5,0.2,crp,1.803356752395292,1.875488977234653,1.6701768597347462,2.52713947739978,2.752440164292912,0.7
full_seed101_scaling_0p3_noise0p1_s5_a0p3_b0p8,101,scaling,0.3,0.1,5,0.3,fpr_owa,1.802707755942347,1.8794555736364544,1.7637587250699076,2.533564838037124,2.665785378311368,0.8
full_seed101_scaling_0p3_noise0p1_s5_a0p3_b0p8,101,scaling,0.3,0.1,5,0.3,crp,1.802707755942347,1.8794555736364544,1.7637587250699076,2.533564838037124,2.665785378311368,0.8
full_seed101_scaling_0p3_noise0p1_s9_a0p2_b0p7,101,scaling,0.3,0.1,9,0.2,fpr_owa,1.8042254128918307,1.86251698878603,1.6708920090095556,2.4989782431769747,2.664654557519763,0.7
full_seed101_scaling_0p3_noise0p1_s9_a0p2_b0p7,101,scaling,0.3,0.1,9,0.2,crp,1.8042254128918307,1.86251698878603,1.6708920090095556,2.4989782431769747,2.664654557519763,0.7
full_seed101_scaling_0p3_noise0p1_s9_a0p3_b0p8,101,scaling,0.3,0.1,9,0.3,fpr_owa,1.7790919146240711,1.8556840367367449,1.601843894601426,2.545797027553122,2.700937717459837,0.8
full_seed101_scaling_0p3_noise0p1_s9_a0p3_b0p8,101,scaling,0.3,0.1,9,0.3,crp,1.7790919146240711,1.8556840367367449,1.601843894601426,2.545797027553122,2.700937717459837,0.8
full_seed101_scaling_0p3_noise0p25_s13_a0p2_b0p7,101,scaling,0.3,0.25,13,0.2,fpr_owa,1.2713594971043116,1.334272825083534,1.2461473806165524,1.862341509526936,2.184516780757728,0.7
full_seed101_scaling_0p3_noise0p25_s13_a0p2_b0p7,101,scaling,0.3,0.25,13,0.2,crp,1.2735176458835535,1.3372447142244364,1.2461473806165524,1.8920185482384728,2.184516780757728,0.7
full_seed101_scaling_0p3_noise0p25_s13_a0p3_b0p8,101,scaling,0.3,0.25,13,0.3,fpr_owa,1.4817687831756925,1.5809674303278758,1.440475752831324,2.2837513659920803,2.497514389118052,0.8
full_seed101_scaling_0p3_noise0p25_s13_a0p3_b0p8,101,scaling,0.3,0.25,13,0.3,crp,1.484157239919187,1.5843015705329129,1.440475752831324,2.291596637163862,2.497514389118052,0.8
full_seed101_scaling_0p3_noise0p25_s5_a0p2_b0p7,101,scaling,0.3,0.25,5,0.2,fpr_owa,1.77483317730726,1.8536066288504065,1.700461613388561,2.6055871973146525,2.8880589329517,0.7
full_seed101_scaling_0p3_noise0p25_s5_a0p2_b0p7,101,scaling,0.3,0.25,5,0.2,crp,1.77483317730726,1.8536066288504065,1.700461613388561,2.6055871973146525,2.8880589329517,0.7
full_seed101_scaling_0p3_noise0p25_s5_a0p3_b0p8,101,scaling,0.3,0.25,5,0.3,fpr_owa,1.7751562269955394,1.8556710904281144,1.6993251591870546,2.5853392106164974,2.7837858069438077,0.8
full_seed101_scaling_0p3_noise0p25_s5_a0p3_b0p8,101,scaling,0.3,0.25,5,0.3,crp,1.7751562269955394,1.8556710904281144,1.6993251591870546,2.5853392106164974,2.7837858069438077,0.8
full_seed101_scaling_0p3_noise0p25_s9_a0p2_b0p7,101,scaling,0.3,0.25,9,0.2,fpr_owa,1.7691240313993466,1.8381580303075744,1.6812245650032405,2.544853821604929,2.788443830009846,0.7
full_seed101_scaling_0p3_noise0p25_s9_a0p2_b0p7,101,scaling,0.3,0.25,9,0.2,crp,1.7698226296947268,1.839077881346034,1.6812245650032405,2.544853821604929,2.788443830009846,0.7
full_seed101_scaling_0p3_noise0p25_s9_a0p3_b0p8,101,scaling,0.3,0.25,9,0.3,fpr_owa,1.7581906583783502,1.8340758360102616,1.645251693358052,2.526668306541365,2.8624517995259056,0.8
full_seed101_scaling_0p3_noise0p25_s9_a0p3_b0p8,101,scaling,0.3,0.25,9,0.3,crp,1.758176885871394,1.8340570179712068,1.645251693358052,2.526668306541365,2.8624517995259056,0.8
full_seed101_scaling_0p3_noise0p5_s13_a0p2_b0p7,101,scaling,0.3,0.5,13,0.2,fpr_owa,1.3139952067869316,1.3947230745834656,1.2698935103666762,2.1210344513361816,2.5702623857028915,0.7
full_seed101_scaling_0p3_noise0p5_s13_a0p2_b0p7,101,scaling,0.3,0.5,13,0.2,crp,1.3461618450169843,1.4372866902940251,1.3096722427026704,2.192286466066006,2.5688587938369087,0.7
full_seed101_scaling_0p3_noise0p5_s13_a0p3_b0p8,101,scaling,0.3,0.5,13,0.3,fpr_owa,1.3855231965289831,1.5026916138848267,1.3327758633352558,2.4236108079838643,2.6413689876412114,0.8
full_seed101_scaling_0p3_noise0p5_s13_a0p3_b0p8,101,scaling,0.3,0.5,13,0.3,crp,1.4226869170651617,1.5498461491561084,1.3436763073852345,2.4879654863019103,2.822594680911841,0.8
full_seed101_scaling_0p3_noise0p5_s5_a0p2_b0p7,101,scaling,0.3,0.5,5,0.2,fpr_owa,1.7551859925282365,1.8510995592466983,1.6911872435812798,2.713443810293032,3.0910630715276883,0.7
full_seed101_scaling_0p3_noise0p5_s5_a0p2_b0p7,101,scaling,0.3,0.5,5,0.2,crp,1.7568085108741016,1.8534735958931496,1.6911872435812798,2.747514810088997,3.0910630715276883,0.7
full_seed101_scaling_0p3_noise0p5_s5_a0p3_b0p8,101,scaling,0.3,0.5,5,0.3,fpr_owa,1.7479605401673703,1.8480626442015484,1.6648866260036614,2.7394831341497565,3.089570498033422,0.8
full_seed101_scaling_0p3_noise0p5_s5_a0p3_b0p8,101,scaling,0.3,0.5,5,0.3,crp,1.7488522964500126,1.849435543990651,1.6648866260036614,2.7447047839989582,3.089570498033422,0.8
full_seed101_scaling_0p3_noise0p5_s9_a0p2_b0p7,101,scaling,0.3,0.5,9,0.2,fpr_owa,1.737034442690567,1.8162340044698275,1.6595487972585534,2.652188937833959,2.902872552930833,0.7
full_seed101_scaling_0p3_noise0p5_s9_a0p2_b0p7,101,scaling,0.3,0.5,9,0.2,crp,1.73813177970158,1.8185333763219385,1.6595487972585534,2.6667456668626794,3.0805501708910352,0.7
full_seed101_scaling_0p3_noise0p5_s9_a0p3_b0p8,101,scaling,0.3,0.5,9,0.3,fpr_owa,1.724782264067205,1.80762773125319,1.6337197682252669,2.629755645020305,3.138863037931761,0.8
full_seed101_scaling_0p3_noise0p5_s9_a0p3_b0p8,101,scaling,0.3,0.5,9,0.3,crp,1.729742430864446,1.8138857103220372,1.6337197682252669,2.648915752574144,3.142734436784685,0.8
full_seed101_scaling_0p4_noise0p1_s13_a0p2_b0p7,101,scaling,0.4,0.1,13,0.2,fpr_owa,1.2451290423978894,1.298285293987803,1.2406500043622088,1.7631551900110152,1.8739228331962603,0.7
full_seed101_scaling_0p4_noise0p1_s13_a0p2_b0p7,101,scaling,0.4,0.1,13,0.2,crp,1.2451290423978894,1.298285293987803,1.2406500043622088,1.7631551900110152,1.8739228331962603,0.7
full_seed101_scaling_0p4_noise0p1_s13_a0p3_b0p8,101,scaling,0.4,0.1,13,0.3,fpr_owa,1.5197522352957769,1.6047980794746932,1.4910593647037205,2.2314546334653578,2.3815572435818986,0.8
full_seed101_scaling_0p4_noise0p1_s13_a0p3_b0p8,101,scaling,0.4,0.1,13,0.3,crp,1.5197522352957769,1.6047980794746932,1.4910593647037205,2.2314546334653578,2.3815572435818986,0.8
full_seed101_scaling_0p4_noise0p1_s5_a0p2_b0p7,101,scaling,0.4,0.1,5,0.2,fpr_owa,1.803356752395292,1.875488977234653,1.6701768597347462,2.52713947739978,2.752440164292912,0.7
full_seed101_scaling_0p4_noise0p1_s5_a0p2_b0p7,101,scaling,0.4,0.1,5,0.2,crp,1.803356752395292,1.875488977234653,1.6701768597347462,2.52713947739978,2.752440164292912,0.7
full_seed101_scaling_0p4_noise0p1_s5_a0p3_b0p8,101,scaling,0.4,0.1,5,0.3,fpr_owa,1.802707755942347,1.8794555736364544,1.7637587250699076,2.533564838037124,2.665785378311368,0.8
full_seed101_scaling_0p4_noise0p1_s5_a0p3_b0p8,101,scaling,0.4,0.1,5,0.3,crp,1.802707755942347,1.8794555736364544,1.7637587250699076,2.533564838037124,2.665785378311368,0.8
full_seed101_scaling_0p4_noise0p1_s9_a0p2_b0p7,101,scaling,0.4,0.1,9,0.2,fpr_owa,1.8196497252944952,1.8790912486319795,1.6833170702005522,2.532719253838579,2.73638173920929,0.7
full_seed101_scaling_0p4_noise0p1_s9_a0p2_b0p7,101,scaling,0.4,0.1,9,0.2,crp,1.8196497252944952,1.8790912486319795,1.6833170702005522,2.532719253838579,2.73638173920929,0.7
full_seed101_scaling_0p4_noise0p1_s9_a0p3_b0p8,101,scaling,0.4,0.1,9,0.3,fpr_owa,1.7928744072380156,1.8710360964184445,1.6050082696659702,2.5768326689272687,2.772664899149363,0.8
full_seed101_scaling_0p4_noise0p1_s9_a0p3_b0p8,101,scaling,0.4,0.1,9,0.3,crp,1.7928744072380156,1.8710360964184445,1.6050082696659702,2.5768326689272687,2.772664899149363,0.8
full_seed101_scaling_0p4_noise0p25_s13_a0p2_b0p7,101,scaling,0.4,0.25,13,0.2,fpr_owa,1.283461969810333,1.3458317820576982,1.2549034497672151,1.882197880146202,2.227552553336185,0.7
full_seed101_scaling_0p4_noise0p25_s13_a0p2_b0p7,101,scaling,0.4,0.25,13,0.2,crp,1.288573327794291,1.3528716826387337,1.2549034497672151,1.910939869286182,2.243336437282094,0.7
full_seed101_scaling_0p4_noise0p25_s13_a0p3_b0p8,101,scaling,0.4,0.25,13,0.3,fpr_owa,1.4959255878146356,1.5936881372329958,1.439328103983863,2.2961775635457733,2.547165695818044,0.8
full_seed101_scaling_0p4_noise0p25_s13_a0p3_b0p8,101,scaling,0.4,0.25,13,0.3,crp,1.4999961701666795,1.5995035314741213,1.439328103983863,2.307550479298688,2.58202554845854,0.8
full_seed101_scaling_0p4_noise0p25_s5_a0p2_b0p7,101,scaling,0.4,0.25,5,0.2,fpr_owa,1.77483317730726,1.8536066288504065,1.700461613388561,2.6055871973146525,2.8880589329517,0.7
full_seed101_scaling_0p4_noise0p25_s5_a0p2_b0p7,101,scaling,0.4,0.25,5,0.2,crp,1.77483317730726,1.8536066288504065,1.700461613388561,2.6055871973146525,2.8880589329517,0.7
full_seed101_scaling_0p4_noise0p25_s5_a0p3_b0p8,101,scaling,0.4,0.25,5,0.3,fpr_owa,1.7751562269955394,1.8556710904281144,1.6993251591870546,2.5853392106164974,2.7837858069438077,0.8
full_seed101_scaling_0p4_noise0p25_s5_a0p3_b0p8,101,scaling,0.4,0.25,5,0.3,crp,1.7751562269955394,1.8556710904281144,1.6993251591870546,2.5853392106164974,2.7837858069438077,0.8
full_seed101_scaling_0p4_noise0p25_s9_a0p2_b0p7,101,scaling,0.4,0.25,9,0.2,fpr_owa,1.7826057927443644,1.851917322834638,1.6812245650032405,2.580770866658476,2.8601710116993733,0.7
full_seed101_scaling_0p4_noise0p25_s9_a0p2_b0p7,101,scaling,0.4,0.25,9,0.2,crp,1.7825334805128683,1.8519416307026733,1.6812245650032405,2.580770866658476,2.8601710116993733,0.7
full_seed101_scaling_0p4_noise0p25_s9_a0p3_b0p8,101,scaling,0.4,0.25,9,0.3,fpr_owa,1.7689533588195183,1.844794364614155,1.645251693358052,2.5760273962706286,2.934178981215432,0.8
full_seed101_scaling_0p4_noise0p25_s9_a0p3_b0p8,101,scaling,0.4,0.25,9,0.3,crp,1.7684207151887723,1.8442078651096867,1.645251693358052,2.569802539859784,2.934178981215432,0.8
full_seed101_scaling_0p4_noise0p5_s13_a0p2_b0p7,101,scaling,0.4,0.5,13,0.2,fpr_owa,1.3164189527101622,1.395415417151934,1.295847294688638,2.08366139934649,2.6161333871905774,0.7
full_seed101_scaling_0p4_noise0p5_s13_a0p2_b0p7,101,scaling,0.4,0.5,13,0.2,crp,1.354194557453419,1.447155772453364,1.3210005025406957,2.2605519321289127,2.632351747721263,0.7
full_seed101_scaling_0p4_noise0p5_s13_a0p3_b0p8,101,scaling,0.4,0.5,13,0.3,fpr_owa,1.3865845932750576,1.5014118098770268,1.320000086379092,2.4097203797494764,2.5900725238637348,0.8
full_seed101_scaling_0p4_noise0p5_s13_a0p3_b0p8,101,scaling,0.4,0.5,13,0.3,crp,1.4320673474477763,1.56006767718083,1.3311455386247704,2.4969759060831804,2.8181424314958536,0.8
full_seed101_scaling_0p4_noise0p5_s5_a0p2_b0p7,101,scaling,0.4,0.5,5,0.2,fpr_owa,1.7551859925282365,1.8510995592466983,1.6911872435812798,2.713443810293032,3.0910630715276883,0.7
full_seed101_scaling_0p4_noise0p5_s5_a0p2_b0p7,101,scaling,0.4,0.5,5,0.2,crp,1.7568085108741016,1.8534735958931496,1.6911872435812798,2.747514810088997,3.0910630715276883,0.7
full_seed101_scaling_0p4_noise0p5_s5_a0p3_b0p8,101,scaling,0.4,0.5,5,0.3,fpr_owa,1.7479605401673703,1.8480626442015484,1.6648866260036614,2.7394831341497565,3.089570498033422,0.8
full_seed101_scaling_0p4_noise0p5_s5_a0p3_b0p8,101,scaling,0.4,0.5,5,0.3,crp,1.7488522964500126,1.849435543990651,1.6648866260036614,2.7447047839989582,3.089570498033422,0.8
full_seed101_scaling_0p4_noise0p5_s9_a0p2_b0p7,101,scaling,0.4,0.5,9,0.2,fpr_owa,1.75375051963793,1.83463304401482,1.6776586786740948,2.667062683511457,2.9604604208060348,0.7
full_seed101_scaling_0p4_noise0p5_s9_a0p2_b0p7,101,scaling,0.4,0.5,9,0.2,crp,1.7564507680824524,1.838606609217406,1.6827932684078486,2.6969511871582124,3.1612432502917525,0.7
full_seed101_scaling_0p4_noise0p5_s9_a0p3_b0p8,101,scaling,0.4,0.5,9,0.3,fpr_owa,1.7355957831206186,1.819449658867768,1.6491762476698189,2.629755645020305,3.210590219621288,0.8
full_seed101_scaling_0p4_noise0p5_s9_a0p3_b0p8,101,scaling,0.4,0.5,9,0.3,crp,1.7435931997080258,1.829484960551227,1.6491762476698189,2.678628436419773,3.2186350575636333,0.8
full_seed101_spike_0p0_noise0p1_s13_a0p2_b0p7,101,spike,0.0,0.1,13,0.2,fpr_owa,1.2005996835464343,1.2492934636752335,1.1936329513941824,1.6485568056889095,1.7438379620698026,0.7
full_seed101_spike_0p0_noise0p1_s13_a0p2_b0p7,101,spike,0.0,0.1,13,0.2,crp,1.2005996835464343,1.2492934636752335,1.1936329513941824,1.6485568056889095,1.7438379620698026,0.7
full_seed101_spike_0p0_noise0p1_s13_a0p3_b0p8,101,spike,0.0,0.1,13,0.3,fpr_owa,1.459851850307026,1.5405262522493737,1.4105131735776282,2.0889440810659385,2.241185361713773,0.8
full_seed101_spike_0p0_noise0p1_s13_a0p3_b0p8,101,spike,0.0,0.1,13,0.3,crp,1.459851850307026,1.5405262522493737,1.4105131735776282,2.0889440810659385,2.241185361713773,0.8
full_seed101_spike_0p0_noise0p1_s5_a0p2_b0p7,101,spike,0.0,0.1,5,0.2,fpr_owa,1.767117669704048,1.8354108405671965,1.6600840900874871,2.4665471628706577,2.623309323256321,0.7
full_seed101_spike_0p0_noise0p1_s5_a0p2_b0p7,101,spike,0.0,0.1,5,0.2,crp,1.767117669704048,1.8354108405671965,1.6600840900874871,2.4665471628706577,2.623309323256321,0.7
full_seed101_spike_0p0_noise0p1_s5_a0p3_b0p8,101,spike,0.0,0.1,5,0.3,fpr_owa,1.7626268134227294,1.838567579606963,1.6659867656620362,2.496622538502625,2.5856445900776754,0.8
full_seed101_spike_0p0_noise0p1_s5_a0p3_b0p8,101,spike,0.0,0.1,5,0.3,crp,1.7626268134227294,1.838567579606963,1.6659867656620362,2.496622538502625,2.5856445900776754,0.8
full_seed101_spike_0p0_noise0p1_s9_a0p2_b0p7,101,spike,0.0,0.1,9,0.2,fpr_owa,1.7649217452909671,1.8188107961041775,1.6358181714411566,2.402411083444426,2.5208303773184952,0.7
full_seed101_spike_0p0_noise0p1_s9_a0p2_b0p7,101,spike,0.0,0.1,9,0.2,crp,1.7649217452909671,1.8188107961041775,1.6358181714411566,2.402411083444426,2.5208303773184952,0.7
full_seed101_spike_0p0_noise0p1_s9_a0p3_b0p8,101,spike,0.0,0.1,9,0.3,fpr_owa,1.748512793146674,1.822359247104944,1.6160641797705488,2.483087558392486,2.621842066792208,0.8
full_seed101_spike_0p0_noise0p1_s9_a0p3_b0p8,101,spike,0.0,0.1,9,0.3,crp,1.748512793146674,1.822359247104944,1.6160641797705488,2.483087558392486,2.621842066792208,0.8
full_seed101_spike_0p0_noise0p25_s13_a0p2_b0p7,101,spike,0.0,0.25,13,0.2,fpr_owa,1.236562460285135,1.2956308708465365,1.2044535377120542,1.82105823882284,1.93807001433504,0.7
full_seed101_spike_0p0_noise0p25_s13_a0p2_b0p7,101,spike,0.0,0.25,13,0.2,crp,1.23792592282417,1.2975706310835515,1.2044535377120542,1.823455705682877,2.0401290678638704,0.7
full_seed101_spike_0p0_noise0p25_s13_a0p3_b0p8,101,spike,0.0,0.25,13,0.3,fpr_owa,1.4423166327854453,1.5394491390162115,1.4096630712143363,2.215127343217554,2.402718544702593,0.8
full_seed101_spike_0p0_noise0p25_s13_a0p3_b0p8,101,spike,0.0,0.25,13,0.3,crp,1.4435529379297427,1.5412596403104573,1.4096630712143363,2.215402441778199,2.4340305606259047,0.8
full_seed101_spike_0p0_noise0p25_s5_a0p2_b0p7,101,spike,0.0,0.25,5,0.2,fpr_owa,1.7336143413815548,1.8099001257236491,1.6922920438569655,2.55417172044426,2.7327033676123493,0.7
full_seed101_spike_0p0_noise0p25_s5_a0p2_b0p7,101,spike,0.0,0.25,5,0.2,crp,1.7336143413815548,1.8099001257236491,1.6922920438569655,2.55417172044426,2.7327033676123493,0.7
full_seed101_spike_0p0_noise0p25_s5_a0p3_b0p8,101,spike,0.0,0.25,5,0.3,fpr_owa,1.7299506229173902,1.809798933912468,1.6661550456250218,2.56977910378971,2.767724316695624,0.8
full_seed101_spike_0p0_noise0p25_s5_a0p3_b0p8,101,spike,0.0,0.25,5,0.3,crp,1.7299506229173902,1.809798933912468,1.6661550456250218,2.56977910378971,2.767724316695624,0.8
full_seed101_spike_0p0_noise0p25_s9_a0p2_b0p7,101,spike,0.0,0.25,9,0.2,fpr_owa,1.7298027951227697,1.795488778870893,1.6024240184477152,2.4398284480022494,2.632631395399988,0.7
full_seed101_spike_0p0_noise0p25_s9_a0p2_b0p7,101,spike,0.0,0.25,9,0.2,crp,1.7298027951227697,1.795488778870893,1.6024240184477152,2.4398284480022494,2.632631395399988,0.7
full_seed101_spike_0p0_noise0p25_s9_a0p3_b0p8,101,spike,0.0,0.25,9,0.3,fpr_owa,1.7256608562942817,1.7990798317672998,1.6358554405371024,2.4886343819454897,2.781453042917504,0.8
full_seed101_spike_0p0_noise0p25_s9_a0p3_b0p8,101,spike,0.0,0.25,9,0.3,crp,1.7256608562942817,1.7990798317672998,1.6358554405371024,2.4886343819454897,2.781453042917504,0.8
full_seed101_spike_0p0_noise0p5_s13_a0p2_b0p7,101,spike,0.0,0.5,13,0.2,fpr_owa,1.2839222170748892,1.3602123416225274,1.240801419563994,2.046768449975125,2.3782249001293287,0.7
full_seed101_spike_0p0_noise0p5_s13_a0p2_b0p7,101,spike,0.0,0.5,13,0.2,crp,1.314497399839868,1.4025424085265137,1.2674135840584235,2.176788966053849,2.501637824569277,0.7
full_seed101_spike_0p0_noise0p5_s13_a0p3_b0p8,101,spike,0.0,0.5,13,0.3,fpr_owa,1.3542700790443412,1.4646362664908377,1.2917001243824369,2.3401931281901307,2.585645126688344,0.8
full_seed101_spike_0p0_noise0p5_s13_a0p3_b0p8,101,spike,0.0,0.5,13,0.3,crp,1.3918040028525296,1.5086911550620083,1.3236439171448255,2.398272568801241,2.6816652677859327,0.8
full_seed101_spike_0p0_noise0p5_s5_a0p2_b0p7,101,spike,0.0,0.5,5,0.2,fpr_owa,1.709271226509631,1.8044491280747168,1.6461929187271442,2.6895015239178703,3.020868080479137,0.7
full_seed101_spike_0p0_noise0p5_s5_a0p2_b0p7,101,spike,0.0,0.5,5,0.2,crp,1.7108937448554966,1.806884459017612,1.6461929187271442,2.6986287482273794,3.020868080479137,0.7
full_seed101_spike_0p0_noise0p5_s5_a0p3_b0p8,101,spike,0.0,0.5,5,0.3,fpr_owa,1.703342370087818,1.80311874125599,1.6345246869770231,2.725174442138963,3.089570498033422,0.8
full_seed101_spike_0p0_noise0p5_s5_a0p3_b0p8,101,spike,0.0,0.5,5,0.3,crp,1.70423412637046,1.8045258351022189,1.6345246869770231,2.725174442138963,3.089570498033422,0.8
full_seed101_spike_0p0_noise0p5_s9_a0p2_b0p7,101,spike,0.0,0.5,9,0.2,fpr_owa,1.70044414129838,1.7783768765686925,1.641228448021633,2.5752813313069827,2.867533613785253,0.7
full_seed101_spike_0p0_noise0p5_s9_a0p2_b0p7,101,spike,0.0,0.5,9,0.2,crp,1.6995412584305176,1.77824065333731,1.641228448021633,2.531861201014098,3.027519993135773,0.7
full_seed101_spike_0p0_noise0p5_s9_a0p3_b0p8,101,spike,0.0,0.5,9,0.3,fpr_owa,1.6909088150660572,1.7716248152131142,1.5885115885765302,2.610265449817572,3.033435246204024,0.8
full_seed101_spike_0p0_noise0p5_s9_a0p3_b0p8,101,spike,0.0,0.5,9,0.3,crp,1.6938066565066163,1.775111223809045,1.6191030876108847,2.611193243515313,3.0867938506811226,0.8
full_seed101_spike_0p1_noise0p1_s13_a0p2_b0p7,101,spike,0.1,0.1,13,0.2,fpr_owa,1.0904313832876584,1.1358958304480733,1.1033996418899523,1.5976442639919717,1.7056900502596406,0.7
full_seed101_spike_0p1_noise0p1_s13_a0p2_b0p7,101,spike,0.1,0.1,13,0.2,crp,1.1514649181040373,1.2023880776561815,1.168891645405334,1.5976442639919717,1.7056900502596406,0.7
full_seed101_spike_0p1_noise0p1_s13_a0p3_b0p8,101,spike,0.1,0.1,13,0.3,fpr_owa,1.3612052596928612,1.435495821454923,1.348074613276969,2.033270501072068,2.142828786129591,0.8
full_seed101_spike_0p1_noise0p1_s13_a0p3_b0p8,101,spike,0.1,0.1,13,0.3,crp,1.4207942651629748,1.5019086486977995,1.391686677221362,2.066209612369095,2.142828786129591,0.8
full_seed101_spike_0p1_noise0p1_s5_a0p2_b0p7,101,spike,0.1,0.1,5,0.2,fpr_owa,1.767117669704048,1.8354108405671965,1.6600840900874871,2.4665471628706577,2.623309323256321,0.7
full_seed101_spike_0p1_noise0p1_s5_a0p2_b0p7,101,spike,0.1,0.1,5,0.2,crp,1.767117669704048,1.8354108405671965,1.6600840900874871,2.4665471628706577,2.623309323256321,0.7
full_seed101_spike_0p1_noise0p1_s5_a0p3_b0p8,101,spike,0.1,0.1,5,0.3,fpr_owa,1.7626268134227294,1.838567579606963,1.6659867656620362,2.496622538502625,2.5856445900776754,0.8
full_seed101_spike_0p1_noise0p1_s5_a0p3_b0p8,101,spike,0.1,0.1,5,0.3,crp,1.7626268134227294,1.838567579606963,1.6659867656620362,2.496622538502625,2.5856445900776754,0.8
full_seed101_spike_0p1_noise0p1_s9_a0p2_b0p7,101,spike,0.1,0.1,9,0.2,fpr_owa,1.7297527411382552,1.777432170774243,1.6469106919237164,2.3911356120579392,2.784630260443404,0.7
full_seed101_spike_0p1_noise0p1_s9_a0p2_b0p7,101,spike,0.1,0.1,9,0.2,crp,1.7674204639161522,1.8209812494653512,1.6409784210119405,2.4188246931160458,2.53713109078412,0.7
full_seed101_spike_0p1_noise0p1_s9_a0p3_b0p8,101,spike,0.1,0.1,9,0.3,fpr_owa,1.7460359098907736,1.8130930137877357,1.6141639016491158,2.4780983731805595,2.539427961443164,0.8
full_seed101_spike_0p1_noise0p1_s9_a0p3_b0p8,101,spike,0.1,0.1,9,0.3,crp,1.7448741489061148,1.8193439822749784,1.606401315352528,2.483087558392486,2.596595539416615,0.8
full_seed101_spike_0p1_noise0p25_s13_a0p2_b0p7,101,spike,0.1,0.25,13,0.2,fpr_owa,1.1393628426000275,1.1904312354401256,1.1262025979673025,1.75234456813075,1.93807001433504,0.7
full_seed101_spike_0p1_noise0p25_s13_a0p2_b0p7,101,spike,0.1,0.25,13,0.2,crp,1.1981493568566566,1.260232787687584,1.1807419393093617,1.798473105656222,2.060384650984369,0.7
full_seed101_spike_0p1_noise0p25_s13_a0p3_b0p8,101,spike,0.1,0.25,13,0.3,fpr_owa,1.350805882131734,1.4393777784650668,1.2998548677199278,2.148530051422654,2.348715633380049,0.8
full_seed101_spike_0p1_noise0p25_s13_a0p3_b0p8,101,spike,0.1,0.25,13,0.3,crp,1.3990621198338464,1.498889300408245,1.351090046016153,2.1820723517306586,2.462875605403847,0.8
full_seed101_spike_0p1_noise0p25_s5_a0p2_b0p7,101,spike,0.1,0.25,5,0.2,fpr_owa,1.7336143413815548,1.8099001257236491,1.6922920438569655,2.55417172044426,2.7327033676123493,0.7
full_seed101_spike_0p1_noise0p25_s5_a0p2_b0p7,101,spike,0.1,0.25,5,0.2,crp,1.7336143413815548,1.8099001257236491,1.6922920438569655,2.55417172044426,2.7327033676123493,0.7
full_seed101_spike_0p1_noise0p25_s5_a0p3_b0p8,101,spike,0.1,0.25,5,0.3,fpr_owa,1.7299506229173902,1.809798933912468,1.6661550456250218,2.56977910378971,2.767724316695624,0.8
full_seed101_spike_0p1_noise0p25_s5_a0p3_b0p8,101,spike,0.1,0.25,5,0.3,crp,1.7299506229173902,1.809798933912468,1.6661550456250218,2.56977910378971,2.767724316695624,0.8
full_seed101_spike_0p1_noise0p25_s9_a0p2_b0p7,101,spike,0.1,0.25,9,0.2,fpr_owa,1.7025869404538163,1.7629895577487484,1.6001737438600916,2.424243303455671,2.5823984057279774,0.7
full_seed101_spike_0p1_noise0p25_s9_a0p2_b0p7,101,spike,0.1,0.25,9,0.2,crp,1.7375904886537252,1.8027993606866264,1.6547990319793695,2.4398284480022494,2.717655324112606,0.7
full_seed101_spike_0p1_noise0p25_s9_a0p3_b0p8,101,spike,0.1,0.25,9,0.3,fpr_owa,1.721101525250181,1.793210039287365,1.611748537758249,2.453655764154209,2.671886585904733,0.8
full_seed101_spike_0p1_noise0p25_s9_a0p3_b0p8,101,spike,0.1,0.25,9,0.3,crp,1.723904023238511,1.799305357638591,1.6166704391196736,2.4963036375764123,2.890508941593953,0.8
full_seed101_spike_0p1_noise0p5_s13_a0p2_b0p7,101,spike,0.1,0.5,13,0.2,fpr_owa,1.199639284735181,1.2704971608922797,1.162675927993678,1.910138023729838,2.221630566581403,0.7
full_seed101_spike_0p1_noise0p5_s13_a0p2_b0p7,101,spike,0.1,0.5,13,0.2,crp,1.276810417320614,1.3691135836469526,1.2387970940273552,2.129655487004031,2.4129216428441707,0.7
full_seed101_spike_0p1_noise0p5_s13_a0p3_b0p8,101,spike,0.1,0.5,13,0.3,fpr_owa,1.2990089882148288,1.3984130084914,1.257067541520629,2.1832560456368992,2.4987166291150835,0.8
full_seed101_spike_0p1_noise0p5_s13_a0p3_b0p8,101,spike,0.1,0.5,13,0.3,crp,1.3536156104060313,1.478112033363644,1.2746409505576912,2.410041785206257,2.638924195582395,0.8
full_seed101_spike_0p1_noise0p5_s5_a0p2_b0p7,101,spike,0.1,0.5,5,0.2,fpr_owa,1.709271226509631,1.8044491280747168,1.6461929187271442,2.6895015239178703,3.020868080479137,0.7
full_seed101_spike_0p1_noise0p5_s5_a0p2_b0p7,101,spike,0.1,0.5,5,0.2,crp,1.7108937448554966,1.806884459017612,1.6461929187271442,2.6986287482273794,3.020868080479137,0.7
full_seed101_spike_0p1_noise0p5_s5_a0p3_b0p8,101,spike,0.1,0.5,5,0.3,fpr_owa,1.703342370087818,1.80311874125599,1.6345246869770231,2.725174442138963,3.089570498033422,0.8
full_seed101_spike_0p1_noise0p5_s5_a0p3_b0p8,101,spike,0.1,0.5,5,0.3,crp,1.70423412637046,1.8045258351022189,1.6345246869770231,2.725174442138963,3.089570498033422,0.8
full_seed101_spike_0p1_noise0p5_s9_a0p2_b0p7,101,spike,0.1,0.5,9,0.2,fpr_owa,1.687171351896683,1.7596474843613823,1.6322552771562626,2.4746275132021185,2.814914089196752,0.7
full_seed101_spike_0p1_noise0p5_s9_a0p2_b0p7,101,spike,0.1,0.5,9,0.2,crp,1.7078461047201958,1.788975030444193,1.6477962578658143,2.561414744361836,2.98368244198117,0.7
full_seed101_spike_0p1_noise0p5_s9_a0p3_b0p8,101,spike,0.1,0.5,9,0.3,fpr_owa,1.6988109206161668,1.7791238553590552,1.6239146815774164,2.6097539289207687,2.899386382569466,0.8
full_seed101_spike_0p1_noise0p5_s9_a0p3_b0p8,101,spike,0.1,0.5,9,0.3,crp,1.6968876509247133,1.78454800851107,1.6340258514384685,2.617314504408186,3.1855855487563343,0.8
full_seed101_spike_0p2_noise0p1_s13_a0p2_b0p7,101,spike,0.2,0.1,13,0.2,fpr_owa,0.9686723259359956,1.078774390766109,1.0217913062282509,1.603376899036027,1.7056900502596406,0.7
full_seed101_spike_0p2_noise0p1_s13_a0p2_b0p7,101,spike,0.2,0.1,13,0.2,crp,0.951977967030112,1.0411800419722073,0.9486266832963984,1.603376899036027,1.7056900502596406,0.7
full_seed101_spike_0p2_noise0p1_s13_a0p3_b0p8,101,spike,0.2,0.1,13,0.3,fpr_owa,1.1988032691088055,1.2924648767630422,1.14456561512957,2.033270501072068,2.142828786129591,0.8
full_seed101_spike_0p2_noise0p1_s13_a0p3_b0p8,101,spike,0.2,0.1,13,0.3,crp,1.0209719323637456,1.2042137916931417,1.0243585661137842,2.033270501072068,2.142828786129591,0.8
full_seed101_spike_0p2_noise0p1_s5_a0p2_b0p7,101,spike,0.2,0.1,5,0.2,fpr_owa,1.756449512989061,1.8204809564144704,1.6601332138492293,2.4664855448407006,2.623309323256321,0.7
full_seed101_spike_0p2_noise0p1_s5_a0p2_b0p7,101,spike,0.2,0.1,5,0.2,crp,1.758565290759968,1.832846928827576,1.6641897770674212,2.4888820187228293,2.684404463869879,0.7
full_seed101_spike_0p2_noise0p1_s5_a0p3_b0p8,101,spike,0.2,0.1,5,0.3,fpr_owa,1.7539696578258652,1.822992109066496,1.646020178650197,2.496622538502625,2.5856445900776754,0.8
full_seed101_spike_0p2_noise0p1_s5_a0p3_b0p8,101,spike,0.2,0.1,5,0.3,crp,1.7583005989226963,1.83802726420522,1.6788838321609698,2.533564838037124,2.7177483177364645,0.8
full_seed101_spike_0p2_noise0p1_s9_a0p2_b0p7,101,spike,0.2,0.1,9,0.2,fpr_owa,1.575004098239091,1.6406700801628382,1.4821580262658434,2.3802103808800967,2.504841460449386,0.7
full_seed101_spike_0p2_noise0p1_s9_a0p2_b0p7,101,spike,0.2,0.1,9,0.2,crp,1.766817192468064,1.8208999052279011,1.677123382830099,2.4207364492994343,2.685355914610005,0.7
full_seed101_spike_0p2_noise0p1_s9_a0p3_b0p8,101,spike,0.2,0.1,9,0.3,fpr_owa,1.698556402492857,1.7597413484482674,1.6160641797705488,2.4709163614723675,2.539427961443164,0.8
full_seed101_spike_0p2_noise0p1_s9_a0p3_b0p8,101,spike,0.2,0.1,9,0.3,crp,1.746378070014161,1.82096185996393,1.6349138958350522,2.4951177766832484,2.6556129539988778,0.8
full_seed101_spike_0p2_noise0p25_s13_a0p2_b0p7,101,spike,0.2,0.25,13,0.2,fpr_owa,0.984471482973881,1.0973872125311923,1.0158812135480202,1.7598254080356173,1.93807001433504,0.7
full_seed101_spike_0p2_noise0p25_s13_a0p2_b0p7,101,spike,0.2,0.25,13,0.2,crp,1.038065557347041,1.134153697247423,0.99970778245752,1.7980889089475385,2.0990166033209223,0.7
full_seed101_spike_0p2_noise0p25_s13_a0p3_b0p8,101,spike,0.2,0.25,13,0.3,fpr_owa,1.1808432496057155,1.2820264771592145,1.0935207085800058,2.148530051422654,2.348715633380049,0.8
full_seed101_spike_0p2_noise0p25_s13_a0p3_b0p8,101,spike,0.2,0.25,13,0.3,crp,1.1503647606884846,1.3013060642340772,1.0946758687300029,2.1627743494618867,2.4340305606259047,0.8
full_seed101_spike_0p2_noise0p25_s5_a0p2_b0p7,101,spike,0.2,0.25,5,0.2,fpr_owa,1.740732122315512,1.8127467362749727,1.6812231088016245,2.5075184816883813,2.788694263508119,0.7
full_seed101_spike_0p2_noise0p25_s5_a0p2_b0p7,101,spike,0.2,0.25,5,0.2,crp,1.726259734874463,1.804210573718288,1.6744679092833217,2.551753425753839,2.888152417479988,0.7
full_seed101_spike_0p2_noise0p25_s5_a0p3_b0p8,101,spike,0.2,0.25,5,0.3,fpr_owa,1.734795640530509,1.807504435272912,1.6325889233925834,2.536124814026792,2.767724316695624,0.8
full_seed101_spike_0p2_noise0p25_s5_a0p3_b0p8,101,spike,0.2,0.25,5,0.3,crp,1.726144953864493,1.8081028266305867,1.6541284753477266,2.578377598882516,2.892727309086109,0.8
full_seed101_spike_0p2_noise0p25_s9_a0p2_b0p7,101,spike,0.2,0.25,9,0.2,fpr_owa,1.5677244317430563,1.6408627139181555,1.497138886836325,2.3929087451608235,2.5823984057279774,0.7
full_seed101_spike_0p2_noise0p25_s9_a0p2_b0p7,101,spike,0.2,0.25,9,0.2,crp,1.7362654476587769,1.8049196479081264,1.6745238929178203,2.481131135259316,2.860812493993147,0.7
full_seed101_spike_0p2_noise0p25_s9_a0p3_b0p8,101,spike,0.2,0.25,9,0.3,fpr_owa,1.6805849678653983,1.7484072281542682,1.6085728558567252,2.430814890563829,2.671886585904733,0.8
full_seed101_spike_0p2_noise0p25_s9_a0p3_b0p8,101,spike,0.2,0.25,9,0.3,crp,1.7210880925334044,1.7979233422943983,1.6411332435115256,2.496036945028924,2.78689095783464,0.8
full_seed101_spike_0p2_noise0p5_s13_a0p2_b0p7,101,spike,0.2,0.5,13,0.2,fpr_owa,0.9982384203472447,1.128924061469562,0.980916467512465,1.87141860664764,2.221630566581403,0.7
full_seed101_spike_0p2_noise0p5_s13_a0p2_b0p7,101,spike,0.2,0.5,13,0.2,crp,1.1523051990031263,1.2566584301506625,1.112875455245622,2.0513730852627257,2.3158592540409093,0.7
full_seed101_spike_0p2_noise0p5_s13_a0p3_b0p8,101,spike,0.2,0.5,13,0.3,fpr_owa,1.136359595716482,1.241388992449247,1.052994917343086,2.102321392168533,2.4987166291150835,0.8
full_seed101_spike_0p2_noise0p5_s13_a0p3_b0p8,101,spike,0.2,0.5,13,0.3,crp,1.214090630482086,1.3562106403353174,1.1155247881703485,2.237668927779396,2.638924195582395,0.8
full_seed101_spike_0p2_noise0p5_s5_a0p2_b0p7,101,spike,0.2,0.5,5,0.2,fpr_owa,1.7292842287816188,1.8217050434959443,1.6387613942309145,2.6893682887909023,3.0903206362158557,0.7
full_seed101_spike_0p2_noise0p5_s5_a0p2_b0p7,101,spike,0.2,0.5,5,0.2,crp,1.6911399779970864,1.7924908478636483,1.6430580106319268,2.7081718282132714,3.3627821819898114,0.7
full_seed101_spike_0p2_noise0p5_s5_a0p3_b0p8,101,spike,0.2,0.5,5,0.3,fpr_owa,1.7229147502152826,1.81588424446382,1.6527766172798972,2.70287780136473,3.089570498033422,0.8
full_seed101_spike_0p2_noise0p5_s5_a0p3_b0p8,101,spike,0.2,0.5,5,0.3,crp,1.6975603102687782,1.8052832646445347,1.6436631392395336,2.791265043512139,3.3719804324369616,0.8
full_seed101_spike_0p2_noise0p5_s9_a0p2_b0p7,101,spike,0.2,0.5,9,0.2,fpr_owa,1.550601575504324,1.639758909506286,1.503166122161443,2.4298110308568046,2.7704657387066534,0.7
full_seed101_spike_0p2_noise0p5_s9_a0p2_b0p7,101,spike,0.2,0.5,9,0.2,crp,1.6930482001012823,1.779038924366043,1.6441862817320307,2.6584232124745983,3.131662256917408,0.7
full_seed101_spike_0p2_noise0p5_s9_a0p3_b0p8,101,spike,0.2,0.5,9,0.3,fpr_owa,1.6591978546966002,1.7362562272883757,1.571148724148809,2.5072943102466114,2.899386382569466,0.8
full_seed101_spike_0p2_noise0p5_s9_a0p3_b0p8,101,spike,0.2,0.5,9,0.3,crp,1.6946010596736774,1.7853364716508484,1.640670811964922,2.624782655946825,3.000293163549,0.8
full_seed101_spike_0p3_noise0p1_s13_a0p2_b0p7,101,spike,0.3,0.1,13,0.2,fpr_owa,0.908758630500208,1.0712544536079294,0.9580203683829012,1.7152212282113093,2.2707500701368453,0.7
full_seed101_spike_0p3_noise0p1_s13_a0p2_b0p7,101,spike,0.3,0.1,13,0.2,crp,0.9781338172785592,1.0481415313080813,0.9773306226036385,1.5976442639919717,1.7056900502596406,0.7
full_seed101_spike_0p3_noise0p1_s13_a0p3_b0p8,101,spike,0.3,0.1,13,0.3,fpr_owa,1.1715582187585971,1.2798493661606511,1.1591038576853443,2.033270501072068,2.142828786129591,0.8
full_seed101_spike_0p3_noise0p1_s13_a0p3_b0p8,101,spike,0.3,0.1,13,0.3,crp,0.9850022072102425,1.172638929980086,0.8911459995950823,2.033270501072068,2.142828786129591,0.8
full_seed101_spike_0p3_noise0p1_s5_a0p2_b0p7,101,spike,0.3,0.1,5,0.2,fpr_owa,2.0459419884601413,2.4071527746269226,1.6078917213798545,5.135516262910099,5.626207328122884,0.7
full_seed101_spike_0p3_noise0p1_s5_a0p2_b0p7,101,spike,0.3,0.1,5,0.2,crp,1.7714932988435814,1.8613995795742533,1.6640840352647843,2.479033047077722,5.167322851457397,0.7
full_seed101_spike_0p3_noise0p1_s5_a0p3_b0p8,101,spike,0.3,0.1,5,0.3,fpr_owa,1.6181612637435088,1.896994180213152,1.4794644924972502,3.5865057655641706,4.070792767508662,0.8
full_seed101_spike_0p3_noise0p1_s5_a0p3_b0p8,101,spike,0.3,0.1,5,0.3,crp,1.7401318002294852,1.8310454007516976,1.696398143371766,2.520730787429991,3.7593513832411176,0.8
full_seed101_spike_0p3_noise0p1_s9_a0p2_b0p7,101,spike,0.3,0.1,9,0.2,fpr_owa,1.6402008821140446,1.9118173504167264,1.4732970389822817,3.6446949557966457,3.9307801138464495,0.7
full_seed101_spike_0p3_noise0p1_s9_a0p2_b0p7,101,spike,0.3,0.1,9,0.2,crp,1.775449075190101,1.8321948550379,1.6746492796612016,2.474505538788594,2.7088409812672616,0.7
full_seed101_spike_0p3_noise0p1_s9_a0p3_b0p8,101,spike,0.3,0.1,9,0.3,fpr_owa,1.5452233618090443,1.64595162598624,1.4223519943131784,2.4780983731805595,2.539427961443164,0.8
full_seed101_spike_0p3_noise0p1_s9_a0p3_b0p8,101,spike,0.3,0.1,9,0.3,crp,1.7436286973495934,1.819057261711798,1.606401315352528,2.490076798274288,2.697888484334974,0.8
full_seed101_spike_0p3_noise0p25_s13_a0p2_b0p7,101,spike,0.3,0.25,13,0.2,fpr_owa,0.9284761288855344,1.0946526087715427,0.9125193673306508,1.8530652670268304,2.303884075538191,0.7
full_seed101_spike_0p3_noise0p25_s13_a0p2_b0p7,101,spike,0.3,0.25,13,0.2,crp,0.9655469744890408,1.0659622034699066,0.9425392450212504,1.7524638013672085,2.0401290678638704,0.7
full_seed101_spike_0p3_noise0p25_s13_a0p3_b0p8,101,spike,0.3,0.25,13,0.3,fpr_owa,1.1337537056167593,1.2556500746246937,1.035609139710229,2.148530051422654,2.348715633380049,0.8
full_seed101_spike_0p3_noise0p25_s13_a0p3_b0p8,101,spike,0.3,0.25,13,0.3,crp,0.9902258442932604,1.1848144679612147,0.9434868296959644,2.152066773683476,2.4340305606259047,0.8
full_seed101_spike_0p3_noise0p25_s5_a0p2_b0p7,101,spike,0.3,0.25,5,0.2,fpr_owa,2.021872989469783,2.3904440014619457,1.6536469703547672,5.121546095075531,5.693539085285035,0.7
full_seed101_spike_0p3_noise0p25_s5_a0p2_b0p7,101,spike,0.3,0.25,5,0.2,crp,1.7671860310755043,1.878302513001974,1.6649423883173866,2.595943995276541,5.121484462422702,0.7
full_seed101_spike_0p3_noise0p25_s5_a0p3_b0p8,101,spike,0.3,0.25,5,0.3,fpr_owa,1.5972141553652213,1.880408120243552,1.4562351070157438,3.57719533071889,4.156559521571116,0.8
full_seed101_spike_0p3_noise0p25_s5_a0p3_b0p8,101,spike,0.3,0.25,5,0.3,crp,1.69059981606252,1.8038330798052404,1.6424991449404542,2.5859618557332955,3.805127924573017,0.8
full_seed101_spike_0p3_noise0p25_s9_a0p2_b0p7,101,spike,0.3,0.25,9,0.2,fpr_owa,1.5885343402690189,1.8683830229838445,1.470904606170249,3.61385284750245,4.036525414909954,0.7
full_seed101_spike_0p3_noise0p25_s9_a0p2_b0p7,101,spike,0.3,0.25,9,0.2,crp,1.7323297398739037,1.7998704231150575,1.642270311297278,2.486536629626813,2.731165507298273,0.7
full_seed101_spike_0p3_noise0p25_s9_a0p3_b0p8,101,spike,0.3,0.25,9,0.3,fpr_owa,1.5313625864031193,1.6327335988929232,1.4895592896427572,2.4429859561373783,2.671886585904733,0.8
full_seed101_spike_0p3_noise0p25_s9_a0p3_b0p8,101,spike,0.3,0.25,9,0.3,crp,1.7111552531821508,1.7891801768569535,1.6131542273890551,2.497922952309253,2.777957677026927,0.8
full_seed101_spike_0p3_noise0p5_s13_a0p2_b0p7,101,spike,0.3,0.5,13,0.2,fpr_owa,1.005988138693593,1.153894062959404,0.9641144569050633,2.0469385824003457,2.5819927736053674,0.7
full_seed101_spike_0p3_noise0p5_s13_a0p2_b0p7,101,spike,0.3,0.5,13,0.2,crp,1.056437207082512,1.1810602802769568,1.014954443481442,2.0469385824003457,2.32263936608122,0.7
full_seed101_spike_0p3_noise0p5_s13_a0p3_b0p8,101,spike,0.3,0.5,13,0.3,fpr_owa,1.0490106071330876,1.18087304758572,0.931829131677357,2.102321392168533,2.4987166291150835,0.8
full_seed101_spike_0p3_noise0p5_s13_a0p3_b0p8,101,spike,0.3,0.5,13,0.3,crp,1.0792334297050263,1.2581537772589633,0.9907127531164368,2.262164045211356,2.638924195582395,0.8
full_seed101_spike_0p3_noise0p5_s5_a0p2_b0p7,101,spike,0.3,0.5,5,0.2,fpr_owa,2.0467451097848413,2.44836115009798,1.6747341705826233,5.022446117279388,5.951720005016817,0.7
full_seed101_spike_0p3_noise0p5_s5_a0p2_b0p7,101,spike,0.3,0.5,5,0.2,crp,1.8227799780730825,2.0574210915735622,1.65794545915651,4.255394332495905,5.793404584046572,0.7
full_seed101_spike_0p3_noise0p5_s5_a0p3_b0p8,101,spike,0.3,0.5,5,0.3,fpr_owa,1.644837364906066,1.932562854545384,1.5261868228243165,3.5650925124755184,4.299504111675206,0.8
full_seed101_spike_0p3_noise0p5_s5_a0p3_b0p8,101,spike,0.3,0.5,5,0.3,crp,1.6375673554530623,1.8237909504927048,1.5764973699503626,2.9054923084167523,4.299504111675206,0.8
full_seed101_spike_0p3_noise0p5_s9_a0p2_b0p7,101,spike,0.3,0.5,9,0.2,fpr_owa,1.4972867176329316,1.7945591559646732,1.413419234751353,3.615478771739668,4.286109667671558,0.7
full_seed101_spike_0p3_noise0p5_s9_a0p2_b0p7,101,spike,0.3,0.5,9,0.2,crp,1.6899382804376424,1.7774953579354704,1.6496144508768844,2.6237247916145363,2.9709694101462025,0.7
full_seed101_spike_0p3_noise0p5_s9_a0p3_b0p8,101,spike,0.3,0.5,9,0.3,fpr_owa,1.4891988084509369,1.6093997247660683,1.4861773459107068,2.579743932084135,2.899386382569466,0.8
full_seed101_spike_0p3_noise0p5_s9_a0p3_b0p8,101,spike,0.3,0.5,9,0.3,crp,1.696703964012643,1.7855845346309038,1.6361006265412643,2.643617500660013,2.993344736603524,0.8
full_seed101_spike_0p4_noise0p1_s13_a0p2_b0p7,101,spike,0.4,0.1,13,0.2,fpr_owa,1.1731733608928594,1.286531158727583,1.1380980123200022,1.7627266553267704,3.6592664361812335,0.7
full_seed101_spike_0p4_noise0p1_s13_a0p2_b0p7,101,spike,0.4,0.1,13,0.2,crp,0.8159956250804236,0.9622074693413876,0.8689479524344508,1.5976442639919717,1.7056900502596406,0.7
full_seed101_spike_0p4_noise0p1_s13_a0p3_b0p8,101,spike,0.4,0.1,13,0.3,fpr_owa,1.008080980427103,1.2083419007608844,1.0445932384727905,2.033270501072068,2.142828786129591,0.8
full_seed101_spike_0p4_noise0p1_s13_a0p3_b0p8,101,spike,0.4,0.1,13,0.3,crp,0.8830925287781494,1.1492413249009654,0.8911459995950823,2.033270501072068,2.142828786129591,0.8
full_seed101_spike_0p4_noise0p1_s5_a0p2_b0p7,101,spike,0.4,0.1,5,0.2,fpr_owa,2.0459419884601413,2.4071527746269226,1.6078917213798545,5.135516262910099,5.626207328122884,0.7
full_seed101_spike_0p4_noise0p1_s5_a0p2_b0p7,101,spike,0.4,0.1,5,0.2,crp,1.7714932988435814,1.8613995795742533,1.6640840352647843,2.479033047077722,5.167322851457397,0.7
full_seed101_spike_0p4_noise0p1_s5_a0p3_b0p8,101,spike,0.4,0.1,5,0.3,fpr_owa,1.6181612637435088,1.896994180213152,1.4794644924972502,3.5865057655641706,4.070792767508662,0.8
full_seed101_spike_0p4_noise0p1_s5_a0p3_b0p8,101,spike,0.4,0.1,5,0.3,crp,1.7401318002294852,1.8310454007516976,1.696398143371766,2.520730787429991,3.7593513832411176,0.8
full_seed101_spike_0p4_noise0p1_s9_a0p2_b0p7,101,spike,0.4,0.1,9,0.2,fpr_owa,2.09589847518854,2.383290215995596,1.781420467234596,5.093764839986918,5.713800867326333,0.7
full_seed101_spike_0p4_noise0p1_s9_a0p2_b0p7,101,spike,0.4,0.1,9,0.2,crp,1.7926612548882233,1.8721642173795383,1.6833170702005522,2.477659206832802,5.408497127343943,0.7
full_seed101_spike_0p4_noise0p1_s9_a0p3_b0p8,101,spike,0.4,0.1,9,0.3,fpr_owa,1.6837510741887791,1.9439707060016675,1.4003044812509025,3.823144383200474,4.2081345267659,0.8
full_seed101_spike_0p4_noise0p1_s9_a0p3_b0p8,101,spike,0.4,0.1,9,0.3,crp,1.754758552484458,1.837879890436657,1.6368303012150855,2.5088755561273097,3.856768314045664,0.8
full_seed101_spike_0p4_noise0p25_s13_a0p2_b0p7,101,spike,0.4,0.25,13,0.2,fpr_owa,1.2329987118473371,1.3576542149181148,1.1807419393093617,1.879621337195264,3.616186541141568,0.7
full_seed101_spike_0p4_noise0p25_s13_a0p2_b0p7,101,spike,0.4,0.25,13,0.2,crp,0.8262619147649464,0.9908484547213872,0.8173317273930787,1.7524638013672085,2.0401290678638704,0.7
full_seed101_spike_0p4_noise0p25_s13_a0p3_b0p8,101,spike,0.4,0.25,13,0.3,fpr_owa,1.005449069410621,1.205386777337483,0.96593754473623,2.148530051422654,2.348715633380049,0.8
full_seed101_spike_0p4_noise0p25_s13_a0p3_b0p8,101,spike,0.4,0.25,13,0.3,crp,0.896972852371619,1.1472454872391409,0.8444255180734613,2.152066773683476,2.4340305606259047,0.8
full_seed101_spike_0p4_noise0p25_s5_a0p2_b0p7,101,spike,0.4,0.25,5,0.2,fpr_owa,2.021872989469783,2.3904440014619457,1.6536469703547672,5.121546095075531,5.693539085285035,0.7
full_seed101_spike_0p4_noise0p25_s5_a0p2_b0p7,101,spike,0.4,0.25,5,0.2,crp,1.7671860310755043,1.878302513001974,1.6649423883173866,2.595943995276541,5.121484462422702,0.7
full_seed101_spike_0p4_noise0p25_s5_a0p3_b0p8,101,spike,0.4,0.25,5,0.3,fpr_owa,1.5972141553652213,1.880408120243552,1.4562351070157438,3.57719533071889,4.156559521571116,0.8
full_seed101_spike_0p4_noise0p25_s5_a0p3_b0p8,101,spike,0.4,0.25,5,0.3,crp,1.69059981606252,1.8038330798052404,1.6424991449404542,2.5859618557332955,3.805127924573017,0.8
full_seed101_spike_0p4_noise0p25_s9_a0p2_b0p7,101,spike,0.4,0.25,9,0.2,fpr_owa,2.040055339476022,2.316096586351787,1.782270683992346,5.107888015689171,5.73233627424653,0.7
full_seed101_spike_0p4_noise0p25_s9_a0p2_b0p7,101,spike,0.4,0.25,9,0.2,crp,1.749414032443107,1.8548694062649624,1.6064407283431728,2.5466918638724403,5.304137102417999,0.7
full_seed101_spike_0p4_noise0p25_s9_a0p3_b0p8,101,spike,0.4,0.25,9,0.3,fpr_owa,1.6066998627253288,1.86968330703488,1.4306043652196496,3.651166781947001,4.215254162554864,0.8
full_seed101_spike_0p4_noise0p25_s9_a0p3_b0p8,101,spike,0.4,0.25,9,0.3,crp,1.692404515999015,1.7959681164246957,1.5734512482174237,2.6036030970211117,3.738561707289824,0.8
full_seed101_spike_0p4_noise0p5_s13_a0p2_b0p7,101,spike,0.4,0.5,13,0.2,fpr_owa,1.281554953438232,1.4180704319066524,1.240801419563994,2.2227643732483915,3.874878651481953,0.7
full_seed101_spike_0p4_noise0p5_s13_a0p2_b0p7,101,spike,0.4,0.5,13,0.2,crp,0.965292692694028,1.1199457730150204,0.9256968895588192,1.98031435799371,2.360027566247156,0.7
full_seed101_spike_0p4_noise0p5_s13_a0p3_b0p8,101,spike,0.4,0.5,13,0.3,fpr_owa,0.970105687074511,1.1546983903071135,0.8936647308431089,2.1143885730975764,2.4987166291150835,0.8
full_seed101_spike_0p4_noise0p5_s13_a0p3_b0p8,101,spike,0.4,0.5,13,0.3,crp,0.9743758956571446,1.1755955794020176,0.9115330028915568,2.1772308324722816,2.638924195582395,0.8
full_seed101_spike_0p4_noise0p5_s5_a0p2_b0p7,101,spike,0.4,0.5,5,0.2,fpr_owa,2.0467451097848413,2.44836115009798,1.6747341705826233,5.022446117279388,5.951720005016817,0.7
full_seed101_spike_0p4_noise0p5_s5_a0p2_b0p7,101,spike,0.4,0.5,5,0.2,crp,1.8227799780730825,2.0574210915735622,1.65794545915651,4.255394332495905,5.793404584046572,0.7
full_seed101_spike_0p4_noise0p5_s5_a0p3_b0p8,101,spike,0.4,0.5,5,0.3,fpr_owa,1.644837364906066,1.932562854545384,1.5261868228243165,3.5650925124755184,4.299504111675206,0.8
full_seed101_spike_0p4_noise0p5_s5_a0p3_b0p8,101,spike,0.4,0.5,5,0.3,crp,1.6375673554530623,1.8237909504927048,1.5764973699503626,2.9054923084167523,4.299504111675206,0.8
full_seed101_spike_0p4_noise0p5_s9_a0p2_b0p7,101,spike,0.4,0.5,9,0.2,fpr_owa,1.997705203764924,2.2715414679604766,1.7605657821367622,4.836707880314188,5.964876810743219,0.7
full_seed101_spike_0p4_noise0p5_s9_a0p2_b0p7,101,spike,0.4,0.5,9,0.2,crp,1.7654849770418486,1.9269811924167608,1.6514676548314324,2.6655485795971403,5.4753225056909205,0.7
full_seed101_spike_0p4_noise0p5_s9_a0p3_b0p8,101,spike,0.4,0.5,9,0.3,fpr_owa,1.6010360637098644,1.8634163779983448,1.460571853334918,3.438855863310128,4.376370324727915,0.8
full_seed101_spike_0p4_noise0p5_s9_a0p3_b0p8,101,spike,0.4,0.5,9,0.3,crp,1.6569527043820926,1.7867918087461596,1.5678645036188223,2.7167705351919187,3.9489536439425432,0.8
full_seed11_bias_0p0_noise0p1_s13_a0p2_b0p7,11,bias,0.0,0.1,13,0.2,fpr_owa,1.2030380377571297,1.251722441779351,1.2026784507458006,1.6480635543117987,1.7018842003615893,0.7
full_seed11_bias_0p0_noise0p1_s13_a0p2_b0p7,11,bias,0.0,0.1,13,0.2,crp,1.2030380377571297,1.251722441779351,1.2026784507458006,1.6480635543117987,1.7018842003615893,0.7
full_seed11_bias_0p0_noise0p1_s13_a0p3_b0p8,11,bias,0.0,0.1,13,0.3,fpr_owa,1.4692993938784018,1.5449144247902484,1.433608269751376,2.093640686237393,2.1531616283456394,0.8
full_seed11_bias_0p0_noise0p1_s13_a0p3_b0p8,11,bias,0.0,0.1,13,0.3,crp,1.4692993938784018,1.5449144247902484,1.433608269751376,2.093640686237393,2.1531616283456394,0.8
full_seed11_bias_0p0_noise0p1_s5_a0p2_b0p7,11,bias,0.0,0.1,5,0.2,fpr_owa,1.7641788435487618,1.8344957748451296,1.6378153881221,2.480498620302904,2.605539676523132,0.7
full_seed11_bias_0p0_noise0p1_s5_a0p2_b0p7,11,bias,0.0,0.1,5,0.2,crp,1.7641788435487618,1.8344957748451296,1.6378153881221,2.480498620302904,2.605539676523132,0.7
full_seed11_bias_0p0_noise0p1_s5_a0p3_b0p8,11,bias,0.0,0.1,5,0.3,fpr_owa,1.774467932880156,1.850312605071101,1.6740220907729897,2.48608007812878,2.5953096084478187,0.8
full_seed11_bias_0p0_noise0p1_s5_a0p3_b0p8,11,bias,0.0,0.1,5,0.3,crp,1.774467932880156,1.850312605071101,1.6740220907729897,2.48608007812878,2.5953096084478187,0.8
full_seed11_bias_0p0_noise0p1_s9_a0p2_b0p7,11,bias,0.0,0.1,9,0.2,fpr_owa,1.76382617176232,1.818790851360434,1.646441406201646,2.403961893301196,2.574826357871061,0.7
full_seed11_bias_0p0_noise0p1_s9_a0p2_b0p7,11,bias,0.0,0.1,9,0.2,crp,1.76382617176232,1.818790851360434,1.646441406201646,2.403961893301196,2.574826357871061,0.7
full_seed11_bias_0p0_noise0p1_s9_a0p3_b0p8,11,bias,0.0,0.1,9,0.3,fpr_owa,1.7391030676721655,1.8148932617376512,1.576794331174129,2.4696643260282585,2.5362443408446937,0.8
full_seed11_bias_0p0_noise0p1_s9_a0p3_b0p8,11,bias,0.0,0.1,9,0.3,crp,1.7391030676721655,1.8148932617376512,1.576794331174129,2.4696643260282585,2.5362443408446937,0.8
full_seed11_bias_0p0_noise0p25_s13_a0p2_b0p7,11,bias,0.0,0.25,13,0.2,fpr_owa,1.2367405563130776,1.2975391058372567,1.231759497280631,1.7918660933805393,1.9569972867118044,0.7
full_seed11_bias_0p0_noise0p25_s13_a0p2_b0p7,11,bias,0.0,0.25,13,0.2,crp,1.238083801527773,1.299166993182833,1.231759497280631,1.7989839629771611,1.974340065145474,0.7
full_seed11_bias_0p0_noise0p25_s13_a0p3_b0p8,11,bias,0.0,0.25,13,0.3,fpr_owa,1.4406965827838207,1.5385127187146916,1.3426406936018875,2.1780674388216434,2.3214884090002728,0.8
full_seed11_bias_0p0_noise0p25_s13_a0p3_b0p8,11,bias,0.0,0.25,13,0.3,crp,1.441268768296489,1.5388557950623212,1.3719119696010236,2.1780674388216434,2.312384437210297,0.8
full_seed11_bias_0p0_noise0p25_s5_a0p2_b0p7,11,bias,0.0,0.25,5,0.2,fpr_owa,1.768739992363102,1.8408338656066765,1.6648480772683014,2.521330051813962,2.8249633333898125,0.7
full_seed11_bias_0p0_noise0p25_s5_a0p2_b0p7,11,bias,0.0,0.25,5,0.2,crp,1.768739992363102,1.8408338656066765,1.6648480772683014,2.521330051813962,2.8249633333898125,0.7
full_seed11_bias_0p0_noise0p25_s5_a0p3_b0p8,11,bias,0.0,0.25,5,0.3,fpr_owa,1.7807210666317297,1.853421338503683,1.700543780777097,2.5455608840162336,2.780508180814264,0.8
full_seed11_bias_0p0_noise0p25_s5_a0p3_b0p8,11,bias,0.0,0.25,5,0.3,crp,1.7807210666317297,1.853421338503683,1.700543780777097,2.5455608840162336,2.780508180814264,0.8
full_seed11_bias_0p0_noise0p25_s9_a0p2_b0p7,11,bias,0.0,0.25,9,0.2,fpr_owa,1.7461352404491015,1.8089103731019336,1.645012760945749,2.447591344300196,2.526468902583454,0.7
full_seed11_bias_0p0_noise0p25_s9_a0p2_b0p7,11,bias,0.0,0.25,9,0.2,crp,1.7463887434400327,1.8092445621181688,1.645012760945749,2.447591344300196,2.526468902583454,0.7
full_seed11_bias_0p0_noise0p25_s9_a0p3_b0p8,11,bias,0.0,0.25,9,0.3,fpr_owa,1.7255843389288017,1.797624491851203,1.630210464348906,2.4853318189876945,2.5830073309369843,0.8
full_seed11_bias_0p0_noise0p25_s9_a0p3_b0p8,11,bias,0.0,0.25,9,0.3,crp,1.7266353849468865,1.7989882338603809,1.630210464348906,2.4853318189876945,2.5830073309369843,0.8
full_seed11_bias_0p0_noise0p5_s13_a0p2_b0p7,11,bias,0.0,0.5,13,0.2,fpr_owa,1.2941491831629997,1.3694718070207743,1.2970916190651125,1.979666615836429,2.2904240069420423,0.7
full_seed11_bias_0p0_noise0p5_s13_a0p2_b0p7,11,bias,0.0,0.5,13,0.2,crp,1.3187922066515667,1.3994827766604665,1.2970916190651125,2.093151676750094,2.30881810360427,0.7
full_seed11_bias_0p0_noise0p5_s13_a0p3_b0p8,11,bias,0.0,0.5,13,0.3,fpr_owa,1.3879873128426703,1.4873215954875596,1.3082925736137798,2.2245555160048647,2.5341441719155235,0.8
full_seed11_bias_0p0_noise0p5_s13_a0p3_b0p8,11,bias,0.0,0.5,13,0.3,crp,1.4157907027658343,1.5201311492350649,1.3566589066300914,2.314757773962166,2.5341441719155235,0.8
full_seed11_bias_0p0_noise0p5_s5_a0p2_b0p7,11,bias,0.0,0.5,5,0.2,fpr_owa,1.7926018622007016,1.87783469716562,1.7723700273181024,2.684271847491995,3.190669428167615,0.7
full_seed11_bias_0p0_noise0p5_s5_a0p2_b0p7,11,bias,0.0,0.5,5,0.2,crp,1.7930026967082473,1.8793602825150544,1.75999476208116,2.6846289267011563,3.246589313978529,0.7
full_seed11_bias_0p0_noise0p5_s5_a0p3_b0p8,11,bias,0.0,0.5,5,0.3,fpr_owa,1.791824928608006,1.876863939248184,1.7385226185681226,2.7228923880791,3.101963578061354,0.8
full_seed11_bias_0p0_noise0p5_s5_a0p3_b0p8,11,bias,0.0,0.5,5,0.3,crp,1.7922627217385465,1.878223215999288,1.7385226185681226,2.7228923880791,3.2863701541106525,0.8
full_seed11_bias_0p0_noise0p5_s9_a0p2_b0p7,11,bias,0.0,0.5,9,0.2,fpr_owa,1.7053325554692842,1.7803703247585505,1.6412696103953297,2.503828933608913,2.7646347948997105,0.7
full_seed11_bias_0p0_noise0p5_s9_a0p2_b0p7,11,bias,0.0,0.5,9,0.2,crp,1.7076475606457742,1.7835341219938097,1.6441890620646844,2.534031296460946,2.7646347948997105,0.7
full_seed11_bias_0p0_noise0p5_s9_a0p3_b0p8,11,bias,0.0,0.5,9,0.3,fpr_owa,1.7003480934025528,1.778436934064852,1.654233640163059,2.5271347718124075,2.864073642446804,0.8
full_seed11_bias_0p0_noise0p5_s9_a0p3_b0p8,11,bias,0.0,0.5,9,0.3,crp,1.7039093448358609,1.7840148391754616,1.6767480481877794,2.533586229925118,2.8962981748819616,0.8
full_seed11_bias_0p1_noise0p1_s13_a0p2_b0p7,11,bias,0.1,0.1,13,0.2,fpr_owa,1.0993406750941204,1.1408173379613662,1.1048309130933274,1.5896658820249447,1.6831001370246317,0.7
full_seed11_bias_0p1_noise0p1_s13_a0p2_b0p7,11,bias,0.1,0.1,13,0.2,crp,1.1503777479950985,1.2031030188193346,1.1694724667666636,1.5896658820249447,1.6831001370246317,0.7
full_seed11_bias_0p1_noise0p1_s13_a0p3_b0p8,11,bias,0.1,0.1,13,0.3,fpr_owa,1.3776265533305756,1.4417708498212685,1.3644021628571676,2.023850308539544,2.1531616283456394,0.8
full_seed11_bias_0p1_noise0p1_s13_a0p3_b0p8,11,bias,0.1,0.1,13,0.3,crp,1.4213136897111271,1.5017500356367386,1.422265903171673,2.023850308539544,2.1531616283456394,0.8
full_seed11_bias_0p1_noise0p1_s5_a0p2_b0p7,11,bias,0.1,0.1,5,0.2,fpr_owa,1.7641788435487618,1.8344957748451296,1.6378153881221,2.480498620302904,2.605539676523132,0.7
full_seed11_bias_0p1_noise0p1_s5_a0p2_b0p7,11,bias,0.1,0.1,5,0.2,crp,1.7641788435487618,1.8344957748451296,1.6378153881221,2.480498620302904,2.605539676523132,0.7
full_seed11_bias_0p1_noise0p1_s5_a0p3_b0p8,11,bias,0.1,0.1,5,0.3,fpr_owa,1.774467932880156,1.850312605071101,1.6740220907729897,2.48608007812878,2.5953096084478187,0.8
full_seed11_bias_0p1_noise0p1_s5_a0p3_b0p8,11,bias,0.1,0.1,5,0.3,crp,1.774467932880156,1.850312605071101,1.6740220907729897,2.48608007812878,2.5953096084478187,0.8
full_seed11_bias_0p1_noise0p1_s9_a0p2_b0p7,11,bias,0.1,0.1,9,0.2,fpr_owa,1.7127089765832515,1.7604344713575866,1.595189867958826,2.368248287875581,2.4530845312122955,0.7
full_seed11_bias_0p1_noise0p1_s9_a0p2_b0p7,11,bias,0.1,0.1,9,0.2,crp,1.7681306481632353,1.822068770430342,1.646441406201646,2.393113048176817,2.47347154741217,0.7
full_seed11_bias_0p1_noise0p1_s9_a0p3_b0p8,11,bias,0.1,0.1,9,0.3,fpr_owa,1.7375217850138198,1.8058837413835955,1.630469374457959,2.4570560095745657,2.5362443408446937,0.8
full_seed11_bias_0p1_noise0p1_s9_a0p3_b0p8,11,bias,0.1,0.1,9,0.3,crp,1.7339449976859107,1.809649609024003,1.5830140028842965,2.470322285241471,2.538139820089788,0.8
full_seed11_bias_0p1_noise0p25_s13_a0p2_b0p7,11,bias,0.1,0.25,13,0.2,fpr_owa,1.14229830859028,1.1934047040841818,1.1265534954910292,1.7004180809625586,1.9569972867118044,0.7
full_seed11_bias_0p1_noise0p25_s13_a0p2_b0p7,11,bias,0.1,0.25,13,0.2,crp,1.197145021412279,1.258999393802716,1.20772599278918,1.7498679534183634,1.9138726970161368,0.7
full_seed11_bias_0p1_noise0p25_s13_a0p3_b0p8,11,bias,0.1,0.25,13,0.3,fpr_owa,1.363637609484634,1.4457428491205546,1.3169907805375305,2.077485902397328,2.3214884090002728,0.8
full_seed11_bias_0p1_noise0p25_s13_a0p3_b0p8,11,bias,0.1,0.25,13,0.3,crp,1.393606388851476,1.4921164074671531,1.289424241455522,2.1162261875909225,2.268303830801699,0.8
full_seed11_bias_0p1_noise0p25_s5_a0p2_b0p7,11,bias,0.1,0.25,5,0.2,fpr_owa,1.768739992363102,1.8408338656066765,1.6648480772683014,2.521330051813962,2.8249633333898125,0.7
full_seed11_bias_0p1_noise0p25_s5_a0p2_b0p7,11,bias,0.1,0.25,5,0.2,crp,1.768739992363102,1.8408338656066765,1.6648480772683014,2.521330051813962,2.8249633333898125,0.7
full_seed11_bias_0p1_noise0p25_s5_a0p3_b0p8,11,bias,0.1,0.25,5,0.3,fpr_owa,1.7807210666317297,1.853421338503683,1.700543780777097,2.5455608840162336,2.780508180814264,0.8
full_seed11_bias_0p1_noise0p25_s5_a0p3_b0p8,11,bias,0.1,0.25,5,0.3,crp,1.7807210666317297,1.853421338503683,1.700543780777097,2.5455608840162336,2.780508180814264,0.8
full_seed11_bias_0p1_noise0p25_s9_a0p2_b0p7,11,bias,0.1,0.25,9,0.2,fpr_owa,1.6975665120041912,1.7558060193844485,1.6294755529576612,2.4191534421421075,2.5153981132942484,0.7
full_seed11_bias_0p1_noise0p25_s9_a0p2_b0p7,11,bias,0.1,0.25,9,0.2,crp,1.7455754159900974,1.8104969329706853,1.6527163635804558,2.474742902614537,2.5338429958245245,0.7
full_seed11_bias_0p1_noise0p25_s9_a0p3_b0p8,11,bias,0.1,0.25,9,0.3,fpr_owa,1.7353474171337548,1.803204161285792,1.6599767386185893,2.485814516484194,2.5830073309369843,0.8
full_seed11_bias_0p1_noise0p25_s9_a0p3_b0p8,11,bias,0.1,0.25,9,0.3,crp,1.7269052688867523,1.8007006523233515,1.6382741808776309,2.505452646942912,2.595962052274404,0.8
full_seed11_bias_0p1_noise0p5_s13_a0p2_b0p7,11,bias,0.1,0.5,13,0.2,fpr_owa,1.219771184685991,1.287081880234789,1.1918113568026982,1.8614584281681683,2.161930519026543,0.7
full_seed11_bias_0p1_noise0p5_s13_a0p2_b0p7,11,bias,0.1,0.5,13,0.2,crp,1.2876017033484586,1.3674527464424353,1.2673661185899188,2.040599484063753,2.248624719924672,0.7
full_seed11_bias_0p1_noise0p5_s13_a0p3_b0p8,11,bias,0.1,0.5,13,0.3,fpr_owa,1.354793257311376,1.444502467323332,1.3235840270910375,2.201267838030728,2.3790632436227748,0.8
full_seed11_bias_0p1_noise0p5_s13_a0p3_b0p8,11,bias,0.1,0.5,13,0.3,crp,1.3656421088650896,1.473541356155521,1.2781005325014814,2.2750226804026643,2.5756413292268228,0.8
full_seed11_bias_0p1_noise0p5_s5_a0p2_b0p7,11,bias,0.1,0.5,5,0.2,fpr_owa,1.7926018622007016,1.87783469716562,1.7723700273181024,2.684271847491995,3.190669428167615,0.7
full_seed11_bias_0p1_noise0p5_s5_a0p2_b0p7,11,bias,0.1,0.5,5,0.2,crp,1.7930026967082473,1.8793602825150544,1.75999476208116,2.6846289267011563,3.246589313978529,0.7
full_seed11_bias_0p1_noise0p5_s5_a0p3_b0p8,11,bias,0.1,0.5,5,0.3,fpr_owa,1.791824928608006,1.876863939248184,1.7385226185681226,2.7228923880791,3.101963578061354,0.8
full_seed11_bias_0p1_noise0p5_s5_a0p3_b0p8,11,bias,0.1,0.5,5,0.3,crp,1.7922627217385465,1.878223215999288,1.7385226185681226,2.7228923880791,3.2863701541106525,0.8
full_seed11_bias_0p1_noise0p5_s9_a0p2_b0p7,11,bias,0.1,0.5,9,0.2,fpr_owa,1.6640523727891474,1.73932242567316,1.6112724066278128,2.503644414618502,2.685255675684843,0.7
full_seed11_bias_0p1_noise0p5_s9_a0p2_b0p7,11,bias,0.1,0.5,9,0.2,crp,1.7120499511380165,1.789113057945322,1.6324421820318054,2.548643454160481,2.8661614857151787,0.7
full_seed11_bias_0p1_noise0p5_s9_a0p3_b0p8,11,bias,0.1,0.5,9,0.3,fpr_owa,1.7021035541990603,1.7792331727979591,1.6572727564202143,2.5268814442352148,2.864073642446804,0.8
full_seed11_bias_0p1_noise0p5_s9_a0p3_b0p8,11,bias,0.1,0.5,9,0.3,crp,1.7119243403153392,1.7925511355413235,1.6694735261193805,2.583942170014572,2.8962981748819616,0.8
full_seed11_bias_0p2_noise0p1_s13_a0p2_b0p7,11,bias,0.2,0.1,13,0.2,fpr_owa,0.9804927849030408,1.0410693238893023,0.9115198210140008,1.5896658820249447,1.6831001370246317,0.7
full_seed11_bias_0p2_noise0p1_s13_a0p2_b0p7,11,bias,0.2,0.1,13,0.2,crp,0.966401128898731,1.0513069300891276,0.9519450111406458,1.6142463416859385,2.00186292132008,0.7
full_seed11_bias_0p2_noise0p1_s13_a0p3_b0p8,11,bias,0.2,0.1,13,0.3,fpr_owa,1.1525355586327806,1.250009464565532,0.9870589972195428,2.023850308539544,2.1531616283456394,0.8
full_seed11_bias_0p2_noise0p1_s13_a0p3_b0p8,11,bias,0.2,0.1,13,0.3,crp,1.043344218656999,1.2145229688100498,1.0040580649679245,2.038964610623716,2.1531616283456394,0.8
full_seed11_bias_0p2_noise0p1_s5_a0p2_b0p7,11,bias,0.2,0.1,5,0.2,fpr_owa,1.705216150042746,1.7719454749932813,1.5732467798166714,2.4700476686350017,2.605539676523132,0.7
full_seed11_bias_0p2_noise0p1_s5_a0p2_b0p7,11,bias,0.2,0.1,5,0.2,crp,1.756859658063352,1.8303936425403544,1.6486061042684286,2.48870375917548,2.605539676523132,0.7
full_seed11_bias_0p2_noise0p1_s5_a0p3_b0p8,11,bias,0.2,0.1,5,0.3,fpr_owa,1.7541425329950573,1.821492188528758,1.6418563728570983,2.456824863734656,2.587634942466009,0.8
full_seed11_bias_0p2_noise0p1_s5_a0p3_b0p8,11,bias,0.2,0.1,5,0.3,crp,1.763668522495922,1.8403974971092087,1.6820388120250147,2.5038153502059517,2.617010819506374,0.8
full_seed11_bias_0p2_noise0p1_s9_a0p2_b0p7,11,bias,0.2,0.1,9,0.2,fpr_owa,1.6231813001305724,1.6778852761850007,1.5001598918748815,2.368248287875581,3.2204144968097443,0.7
full_seed11_bias_0p2_noise0p1_s9_a0p2_b0p7,11,bias,0.2,0.1,9,0.2,crp,1.767598071301319,1.821762294537352,1.6829124602244967,2.411215311849951,2.6009439710335616,0.7
full_seed11_bias_0p2_noise0p1_s9_a0p3_b0p8,11,bias,0.2,0.1,9,0.3,fpr_owa,1.6571327124432085,1.7223890609185155,1.5407538368669185,2.450822579771484,2.5658972039958114,0.8
full_seed11_bias_0p2_noise0p1_s9_a0p3_b0p8,11,bias,0.2,0.1,9,0.3,crp,1.7389294174650147,1.8134857665173756,1.6152258851942387,2.4826304626365423,2.594555511262104,0.8
full_seed11_bias_0p2_noise0p25_s13_a0p2_b0p7,11,bias,0.2,0.25,13,0.2,fpr_owa,1.0135102273814065,1.084921361017541,0.890772664950317,1.7004180809625586,1.9569972867118044,0.7
full_seed11_bias_0p2_noise0p25_s13_a0p2_b0p7,11,bias,0.2,0.25,13,0.2,crp,1.0412535371123146,1.1244771586748037,0.986270203499336,1.7044011877086642,1.999538483437873,0.7
full_seed11_bias_0p2_noise0p25_s13_a0p3_b0p8,11,bias,0.2,0.25,13,0.3,fpr_owa,1.149994442655487,1.2544215252213993,0.9997167434867568,2.077485902397328,2.3214884090002728,0.8
full_seed11_bias_0p2_noise0p25_s13_a0p3_b0p8,11,bias,0.2,0.25,13,0.3,crp,1.144357676895016,1.2820298645985138,1.02460347695299,2.0796795988970667,2.264521679521725,0.8
full_seed11_bias_0p2_noise0p25_s5_a0p2_b0p7,11,bias,0.2,0.25,5,0.2,fpr_owa,1.7095086556232202,1.7772408383316467,1.6285574830928446,2.4901249011151867,2.8249633333898125,0.7
full_seed11_bias_0p2_noise0p25_s5_a0p2_b0p7,11,bias,0.2,0.25,5,0.2,crp,1.7738291618424291,1.8474529125341077,1.690445257324682,2.5781575429700188,2.837710750831988,0.7
full_seed11_bias_0p2_noise0p25_s5_a0p3_b0p8,11,bias,0.2,0.25,5,0.3,fpr_owa,1.7644271728230625,1.8310938001181527,1.660017421543199,2.532818700944801,2.780508180814264,0.8
full_seed11_bias_0p2_noise0p25_s5_a0p3_b0p8,11,bias,0.2,0.25,5,0.3,crp,1.7852026674036097,1.8605606580601544,1.692008845533524,2.5959808643972395,2.87440964567752,0.8
full_seed11_bias_0p2_noise0p25_s9_a0p2_b0p7,11,bias,0.2,0.25,9,0.2,fpr_owa,1.6084043262991234,1.6665981992255745,1.5187091660576462,2.415570615072013,2.5153981132942484,0.7
full_seed11_bias_0p2_noise0p25_s9_a0p2_b0p7,11,bias,0.2,0.25,9,0.2,crp,1.7528690105327736,1.8188707445717864,1.688192334008756,2.474742902614537,2.6375627526461827,0.7
full_seed11_bias_0p2_noise0p25_s9_a0p3_b0p8,11,bias,0.2,0.25,9,0.3,fpr_owa,1.654317287783433,1.7180556700763978,1.5585709254390268,2.452249497624205,2.5830073309369843,0.8
full_seed11_bias_0p2_noise0p25_s9_a0p3_b0p8,11,bias,0.2,0.25,9,0.3,crp,1.7256135385972189,1.802532012267641,1.6744443507725102,2.5428464709174845,2.683016125935594,0.8
full_seed11_bias_0p2_noise0p5_s13_a0p2_b0p7,11,bias,0.2,0.5,13,0.2,fpr_owa,1.0970869655488158,1.1850024964553536,1.014177247130617,1.8614584281681683,2.161930519026543,0.7
full_seed11_bias_0p2_noise0p5_s13_a0p2_b0p7,11,bias,0.2,0.5,13,0.2,crp,1.168393699183946,1.2628439476659623,1.1042734507095924,1.952818984432814,2.248760083989293,0.7
full_seed11_bias_0p2_noise0p5_s13_a0p3_b0p8,11,bias,0.2,0.5,13,0.3,fpr_owa,1.1773264785053064,1.2859731124553422,1.0500389119600049,2.1290753511162817,2.5692108630677915,0.8
full_seed11_bias_0p2_noise0p5_s13_a0p3_b0p8,11,bias,0.2,0.5,13,0.3,crp,1.238720198806145,1.3629722092448828,1.1317696351749762,2.2149298514482583,2.6727634379859357,0.8
full_seed11_bias_0p2_noise0p5_s5_a0p2_b0p7,11,bias,0.2,0.5,5,0.2,fpr_owa,1.7153344904173338,1.7944389109749832,1.656316994088388,2.6000603320991904,3.190669428167615,0.7
full_seed11_bias_0p2_noise0p5_s5_a0p2_b0p7,11,bias,0.2,0.5,5,0.2,crp,1.81167275131522,1.8993507296403616,1.7693083504011509,2.719979147062792,3.246589313978529,0.7
full_seed11_bias_0p2_noise0p5_s5_a0p3_b0p8,11,bias,0.2,0.5,5,0.3,fpr_owa,1.772108610424025,1.8514936632292385,1.732789853107295,2.64693112795149,3.101963578061354,0.8
full_seed11_bias_0p2_noise0p5_s5_a0p3_b0p8,11,bias,0.2,0.5,5,0.3,crp,1.816298372569485,1.9063758658731964,1.7856768404748844,2.7270327412810533,3.2863701541106525,0.8
full_seed11_bias_0p2_noise0p5_s9_a0p2_b0p7,11,bias,0.2,0.5,9,0.2,fpr_owa,1.6149342121775172,1.6950306944390492,1.5323546805651165,2.5053373518540423,3.1196665437675213,0.7
full_seed11_bias_0p2_noise0p5_s9_a0p2_b0p7,11,bias,0.2,0.5,9,0.2,crp,1.7006816304883443,1.7826724531526583,1.6291867625372156,2.5642292786623067,2.8772046494889083,0.7
full_seed11_bias_0p2_noise0p5_s9_a0p3_b0p8,11,bias,0.2,0.5,9,0.3,fpr_owa,1.636161272107085,1.7138050941802487,1.5676942358638684,2.512794259812969,2.864073642446804,0.8
full_seed11_bias_0p2_noise0p5_s9_a0p3_b0p8,11,bias,0.2,0.5,9,0.3,crp,1.6949485748302715,1.7836115044212446,1.6461777371078292,2.6400799657327587,2.8962981748819616,0.8
full_seed11_bias_0p3_noise0p1_s13_a0p2_b0p7,11,bias,0.3,0.1,13,0.2,fpr_owa,1.199318323789421,1.2314152142965569,1.2026784507458006,1.6142463416859385,1.7079499552993989,0.7
full_seed11_bias_0p3_noise0p1_s13_a0p2_b0p7,11,bias,0.3,0.1,13,0.2,crp,0.9856082827477112,1.0535352585214854,0.9955361142433824,1.5896658820249447,1.6831001370246317,0.7
full_seed11_bias_0p3_noise0p1_s13_a0p3_b0p8,11,bias,0.3,0.1,13,0.3,fpr_owa,1.0553220152446436,1.1972842862294484,0.9557524018259992,2.023850308539544,2.1531616283456394,0.8
full_seed11_bias_0p3_noise0p1_s13_a0p3_b0p8,11,bias,0.3,0.1,13,0.3,crp,0.999797937217301,1.1780613420392123,0.9557524018259992,2.023850308539544,2.1531616283456394,0.8
full_seed11_bias_0p3_noise0p1_s5_a0p2_b0p7,11,bias,0.3,0.1,5,0.2,fpr_owa,2.302484893860812,2.472570267643972,2.3287420041265325,3.8527376137032423,4.011523827520332,0.7
full_seed11_bias_0p3_noise0p1_s5_a0p2_b0p7,11,bias,0.3,0.1,5,0.2,crp,1.8151508299811916,1.9057609505214588,1.7171736787005485,2.6050357228484367,3.863913306025481,0.7
full_seed11_bias_0p3_noise0p1_s5_a0p3_b0p8,11,bias,0.3,0.1,5,0.3,fpr_owa,2.0030753523102027,2.098862039548827,1.997507619103445,3.1144915663436383,3.235709019142151,0.8
full_seed11_bias_0p3_noise0p1_s5_a0p3_b0p8,11,bias,0.3,0.1,5,0.3,crp,1.783747612093168,1.8645937552960257,1.727087935048624,2.5460728781561883,3.2243302861420613,0.8
full_seed11_bias_0p3_noise0p1_s9_a0p2_b0p7,11,bias,0.3,0.1,9,0.2,fpr_owa,1.9330514977807416,1.9976172735656577,1.94588371167492,2.733395798307203,2.8782723120472986,0.7
full_seed11_bias_0p3_noise0p1_s9_a0p2_b0p7,11,bias,0.3,0.1,9,0.2,crp,1.7715891707290798,1.8294362321218505,1.666902676691992,2.446605070419022,2.6374547053079818,0.7
full_seed11_bias_0p3_noise0p1_s9_a0p3_b0p8,11,bias,0.3,0.1,9,0.3,fpr_owa,1.621600571627001,1.685424456808999,1.51763750768179,2.4479887975617043,2.5362443408446937,0.8
full_seed11_bias_0p3_noise0p1_s9_a0p3_b0p8,11,bias,0.3,0.1,9,0.3,crp,1.7331088970812,1.8105520938102235,1.5954220411894453,2.4983916475992367,2.5987611989008856,0.8
full_seed11_bias_0p3_noise0p25_s13_a0p2_b0p7,11,bias,0.3,0.25,13,0.2,fpr_owa,1.2202549691594895,1.2650357168420354,1.243252204139612,1.7498679534183634,1.9569972867118044,0.7
full_seed11_bias_0p3_noise0p25_s13_a0p2_b0p7,11,bias,0.3,0.25,13,0.2,crp,0.9692585791846206,1.0611842871040948,0.91296255342732,1.7004180809625586,1.899473694294905,0.7
full_seed11_bias_0p3_noise0p25_s13_a0p3_b0p8,11,bias,0.3,0.25,13,0.3,fpr_owa,1.0444275838206982,1.1941165359675583,0.8453119819619447,2.077485902397328,2.3214884090002728,0.8
full_seed11_bias_0p3_noise0p25_s13_a0p3_b0p8,11,bias,0.3,0.25,13,0.3,crp,0.9921735420010976,1.1695674472346134,0.8333785291237997,2.0674314603489323,2.264521679521725,0.8
full_seed11_bias_0p3_noise0p25_s5_a0p2_b0p7,11,bias,0.3,0.25,5,0.2,fpr_owa,2.291906548441589,2.4573554625221856,2.2971461584160178,3.7906296867180336,4.037886620209933,0.7
full_seed11_bias_0p3_noise0p25_s5_a0p2_b0p7,11,bias,0.3,0.25,5,0.2,crp,1.8512337589672232,1.9565188938898803,1.7458808546030664,2.845987339001951,3.919173201540185,0.7
full_seed11_bias_0p3_noise0p25_s5_a0p3_b0p8,11,bias,0.3,0.25,5,0.3,fpr_owa,1.9993343554707323,2.091259310111744,1.9733485870620715,3.055006844758694,3.304802040726257,0.8
full_seed11_bias_0p3_noise0p25_s5_a0p3_b0p8,11,bias,0.3,0.25,5,0.3,crp,1.80294455266849,1.890107364731465,1.7336089456556294,2.719913174599352,3.823795217972211,0.8
full_seed11_bias_0p3_noise0p25_s9_a0p2_b0p7,11,bias,0.3,0.25,9,0.2,fpr_owa,1.9132037978533585,1.984820598084338,1.9558528374510376,2.7106137205231766,2.925095707154106,0.7
full_seed11_bias_0p3_noise0p25_s9_a0p2_b0p7,11,bias,0.3,0.25,9,0.2,crp,1.744109276428908,1.8116359683667047,1.6764019162529724,2.512170717536382,2.7573006290033213,0.7
full_seed11_bias_0p3_noise0p25_s9_a0p3_b0p8,11,bias,0.3,0.25,9,0.3,fpr_owa,1.6354217635684494,1.7059397952503508,1.55445882359462,2.4919329762061597,3.0408552768553707,0.8
full_seed11_bias_0p3_noise0p25_s9_a0p3_b0p8,11,bias,0.3,0.25,9,0.3,crp,1.7172229353990451,1.7937429046443478,1.6549404958192615,2.553487927672345,2.719863362461454,0.8
full_seed11_bias_0p3_noise0p5_s13_a0p2_b0p7,11,bias,0.3,0.5,13,0.2,fpr_owa,1.2765329131869465,1.3432288978296472,1.262114725654344,1.911094376614419,2.3271119947353123,0.7
full_seed11_bias_0p3_noise0p5_s13_a0p2_b0p7,11,bias,0.3,0.5,13,0.2,crp,1.0942955988172556,1.2175801009579656,1.0014090069305506,1.9445962078712733,4.283556327117053,0.7
full_seed11_bias_0p3_noise0p5_s13_a0p3_b0p8,11,bias,0.3,0.5,13,0.3,fpr_owa,1.1101816398228153,1.2463974320426696,0.9936233423631802,2.1290753511162817,2.449200822518278,0.8
full_seed11_bias_0p3_noise0p5_s13_a0p3_b0p8,11,bias,0.3,0.5,13,0.3,crp,1.127910788404516,1.2968293303619918,1.0401824305130658,2.1903879239694164,4.769144202460477,0.8
full_seed11_bias_0p3_noise0p5_s5_a0p2_b0p7,11,bias,0.3,0.5,5,0.2,fpr_owa,2.265321572799552,2.426881156414729,2.260870037399286,3.741708922549503,4.0491604927539,0.7
full_seed11_bias_0p3_noise0p5_s5_a0p2_b0p7,11,bias,0.3,0.5,5,0.2,crp,2.013137160522592,2.170664139970788,1.811452652986316,3.658118204615076,5.446717705986998,0.7
full_seed11_bias_0p3_noise0p5_s5_a0p3_b0p8,11,bias,0.3,0.5,5,0.3,fpr_owa,1.9736599835313464,2.070666083269877,1.916513869588932,2.978384447476123,3.414922899434837,0.8
full_seed11_bias_0p3_noise0p5_s5_a0p3_b0p8,11,bias,0.3,0.5,5,0.3,crp,1.887095595909135,2.019231526397762,1.766049201747351,3.0407759941758488,6.052746403763936,0.8
full_seed11_bias_0p3_noise0p5_s9_a0p2_b0p7,11,bias,0.3,0.5,9,0.2,fpr_owa,1.903316364234076,2.0043878966784114,1.9120199557539024,2.800734894023965,4.154786143431567,0.7
full_seed11_bias_0p3_noise0p5_s9_a0p2_b0p7,11,bias,0.3,0.5,9,0.2,crp,1.701959880268381,1.7935561287193555,1.6453620925746233,2.620353862617043,3.4641335322070197,0.7
full_seed11_bias_0p3_noise0p5_s9_a0p3_b0p8,11,bias,0.3,0.5,9,0.3,fpr_owa,1.6476864243024896,1.7406573055517198,1.5396439019483197,2.68749421540874,3.441991154149404,0.8
full_seed11_bias_0p3_noise0p5_s9_a0p3_b0p8,11,bias,0.3,0.5,9,0.3,crp,1.6714609605405235,1.7622456740731145,1.6057331517269429,2.6479759892106483,2.957682890737731,0.8
full_seed11_bias_0p4_noise0p1_s13_a0p2_b0p7,11,bias,0.4,0.1,13,0.2,fpr_owa,1.515645458897888,1.6026073490236754,1.5401145852015752,2.274944090265223,2.403062953951454,0.7
full_seed11_bias_0p4_noise0p1_s13_a0p2_b0p7,11,bias,0.4,0.1,13,0.2,crp,0.9497866787393976,1.0992099403107698,0.9393829826892798,1.6412388690111754,3.8079413731613703,0.7
full_seed11_bias_0p4_noise0p1_s13_a0p3_b0p8,11,bias,0.4,0.1,13,0.3,fpr_owa,1.2630592486106071,1.3258102693615494,1.1371250296263118,2.023850308539544,2.1531616283456394,0.8
full_seed11_bias_0p4_noise0p1_s13_a0p3_b0p8,11,bias,0.4,0.1,13,0.3,crp,0.9577753651172142,1.1906471797551934,1.0115958094485684,2.038964610623716,2.5146777832349545,0.8
full_seed11_bias_0p4_noise0p1_s5_a0p2_b0p7,11,bias,0.4,0.1,5,0.2,fpr_owa,2.302484893860812,2.472570267643972,2.3287420041265325,3.8527376137032423,4.011523827520332,0.7
full_seed11_bias_0p4_noise0p1_s5_a0p2_b0p7,11,bias,0.4,0.1,5,0.2,crp,1.8151508299811916,1.9057609505214588,1.7171736787005485,2.6050357228484367,3.863913306025481,0.7
full_seed11_bias_0p4_noise0p1_s5_a0p3_b0p8,11,bias,0.4,0.1,5,0.3,fpr_owa,2.0030753523102027,2.098862039548827,1.997507619103445,3.1144915663436383,3.235709019142151,0.8
full_seed11_bias_0p4_noise0p1_s5_a0p3_b0p8,11,bias,0.4,0.1,5,0.3,crp,1.783747612093168,1.8645937552960257,1.727087935048624,2.5460728781561883,3.2243302861420613,0.8
full_seed11_bias_0p4_noise0p1_s9_a0p2_b0p7,11,bias,0.4,0.1,9,0.2,fpr_owa,2.285832808630524,2.432389303667791,2.2915840409026784,3.6017665934563845,3.785314966581954,0.7
full_seed11_bias_0p4_noise0p1_s9_a0p2_b0p7,11,bias,0.4,0.1,9,0.2,crp,2.254625416872101,2.5693179348098414,1.836026119942596,5.0762047648359365,6.412460808679742,0.7
full_seed11_bias_0p4_noise0p1_s9_a0p3_b0p8,11,bias,0.4,0.1,9,0.3,fpr_owa,1.9420274475602863,2.0254747991245083,1.979636964405392,2.836737924928918,2.962360287621605,0.8
full_seed11_bias_0p4_noise0p1_s9_a0p3_b0p8,11,bias,0.4,0.1,9,0.3,crp,2.1706079018871915,2.517512974900648,1.767394326902723,5.373302997817995,6.424043066293642,0.8
full_seed11_bias_0p4_noise0p25_s13_a0p2_b0p7,11,bias,0.4,0.25,13,0.2,fpr_owa,1.5178983727420574,1.608679094267138,1.6054804843329,2.255847884932062,2.637114589568747,0.7
full_seed11_bias_0p4_noise0p25_s13_a0p2_b0p7,11,bias,0.4,0.25,13,0.2,crp,0.967284322217553,1.1597767661698049,0.8796608500299583,1.8109330117719016,5.165973768724808,0.7
full_seed11_bias_0p4_noise0p25_s13_a0p3_b0p8,11,bias,0.4,0.25,13,0.3,fpr_owa,1.2432974386486626,1.323746463122107,1.122396911151562,2.079747485842688,2.3214884090002728,0.8
full_seed11_bias_0p4_noise0p25_s13_a0p3_b0p8,11,bias,0.4,0.25,13,0.3,crp,0.994177127638454,1.2443585794082417,0.8931920828713427,2.092301159250934,4.507210904737248,0.8
full_seed11_bias_0p4_noise0p25_s5_a0p2_b0p7,11,bias,0.4,0.25,5,0.2,fpr_owa,2.291906548441589,2.4573554625221856,2.2971461584160178,3.7906296867180336,4.037886620209933,0.7
full_seed11_bias_0p4_noise0p25_s5_a0p2_b0p7,11,bias,0.4,0.25,5,0.2,crp,1.8512337589672232,1.9565188938898803,1.7458808546030664,2.845987339001951,3.919173201540185,0.7
full_seed11_bias_0p4_noise0p25_s5_a0p3_b0p8,11,bias,0.4,0.25,5,0.3,fpr_owa,1.9993343554707323,2.091259310111744,1.9733485870620715,3.055006844758694,3.304802040726257,0.8
full_seed11_bias_0p4_noise0p25_s5_a0p3_b0p8,11,bias,0.4,0.25,5,0.3,crp,1.80294455266849,1.890107364731465,1.7336089456556294,2.719913174599352,3.823795217972211,0.8
full_seed11_bias_0p4_noise0p25_s9_a0p2_b0p7,11,bias,0.4,0.25,9,0.2,fpr_owa,2.26323807456087,2.4174770589010453,2.274416289639433,3.605419267326439,4.050213058466242,0.7
full_seed11_bias_0p4_noise0p25_s9_a0p2_b0p7,11,bias,0.4,0.25,9,0.2,crp,2.15152217856174,2.4178953428064176,1.890665830593822,4.396784282668932,6.457933539743505,0.7
full_seed11_bias_0p4_noise0p25_s9_a0p3_b0p8,11,bias,0.4,0.25,9,0.3,fpr_owa,1.937620937308404,2.026278492387024,1.9600533354341385,2.77067420639829,3.704061912775245,0.8
full_seed11_bias_0p4_noise0p25_s9_a0p3_b0p8,11,bias,0.4,0.25,9,0.3,crp,2.062635263821461,2.329393471088335,1.8594298322830607,4.491409910505305,6.493048864613483,0.8
full_seed11_bias_0p4_noise0p5_s13_a0p2_b0p7,11,bias,0.4,0.5,13,0.2,fpr_owa,1.551551183764175,1.6656019169485912,1.5984631608243354,2.5175548804396217,4.06881031311335,0.7
full_seed11_bias_0p4_noise0p5_s13_a0p2_b0p7,11,bias,0.4,0.5,13,0.2,crp,1.09415782696833,1.3417014125894744,0.9860096907791658,2.0117609014217828,6.277635145402832,0.7
full_seed11_bias_0p4_noise0p5_s13_a0p3_b0p8,11,bias,0.4,0.5,13,0.3,fpr_owa,1.2957650276852783,1.4050596585095,1.196010899269092,2.2149298514482583,4.138715684456561,0.8
full_seed11_bias_0p4_noise0p5_s13_a0p3_b0p8,11,bias,0.4,0.5,13,0.3,crp,1.1241217086438895,1.421979387483993,0.9753344813362546,2.2217841263401965,6.386044593496284,0.8
full_seed11_bias_0p4_noise0p5_s5_a0p2_b0p7,11,bias,0.4,0.5,5,0.2,fpr_owa,2.265321572799552,2.426881156414729,2.260870037399286,3.741708922549503,4.0491604927539,0.7
full_seed11_bias_0p4_noise0p5_s5_a0p2_b0p7,11,bias,0.4,0.5,5,0.2,crp,2.013137160522592,2.170664139970788,1.811452652986316,3.658118204615076,5.446717705986998,0.7
full_seed11_bias_0p4_noise0p5_s5_a0p3_b0p8,11,bias,0.4,0.5,5,0.3,fpr_owa,1.9736599835313464,2.070666083269877,1.916513869588932,2.978384447476123,3.414922899434837,0.8
full_seed11_bias_0p4_noise0p5_s5_a0p3_b0p8,11,bias,0.4,0.5,5,0.3,crp,1.887095595909135,2.019231526397762,1.766049201747351,3.0407759941758488,6.052746403763936,0.8
full_seed11_bias_0p4_noise0p5_s9_a0p2_b0p7,11,bias,0.4,0.5,9,0.2,fpr_owa,2.3056992111296344,2.523882352488295,2.191685374515947,4.1828105968498495,5.043675032320456,0.7
full_seed11_bias_0p4_noise0p5_s9_a0p2_b0p7,11,bias,0.4,0.5,9,0.2,crp,2.100688599389227,2.415244860443302,1.7755241082268045,4.932598100411998,6.586038354953868,0.7
full_seed11_bias_0p4_noise0p5_s9_a0p3_b0p8,11,bias,0.4,0.5,9,0.3,fpr_owa,2.005447372108573,2.15500545358966,1.957993028995701,3.6403204584503,4.3262132094128445,0.8
full_seed11_bias_0p4_noise0p5_s9_a0p3_b0p8,11,bias,0.4,0.5,9,0.3,crp,2.048947961608925,2.366295222444316,1.7642433991681936,4.905384380413853,6.660375458583977,0.8
full_seed11_drift_0p0_noise0p1_s13_a0p2_b0p7,11,drift,0.0,0.1,13,0.2,fpr_owa,1.2030380377571297,1.251722441779351,1.2026784507458006,1.6480635543117987,1.7018842003615893,0.7
full_seed11_drift_0p0_noise0p1_s13_a0p2_b0p7,11,drift,0.0,0.1,13,0.2,crp,1.2030380377571297,1.251722441779351,1.2026784507458006,1.6480635543117987,1.7018842003615893,0.7
full_seed11_drift_0p0_noise0p1_s13_a0p3_b0p8,11,drift,0.0,0.1,13,0.3,fpr_owa,1.4692993938784018,1.5449144247902484,1.433608269751376,2.093640686237393,2.1531616283456394,0.8
full_seed11_drift_0p0_noise0p1_s13_a0p3_b0p8,11,drift,0.0,0.1,13,0.3,crp,1.4692993938784018,1.5449144247902484,1.433608269751376,2.093640686237393,2.1531616283456394,0.8
full_seed11_drift_0p0_noise0p1_s5_a0p2_b0p7,11,drift,0.0,0.1,5,0.2,fpr_owa,1.7641788435487618,1.8344957748451296,1.6378153881221,2.480498620302904,2.605539676523132,0.7
full_seed11_drift_0p0_noise0p1_s5_a0p2_b0p7,11,drift,0.0,0.1,5,0.2,crp,1.7641788435487618,1.8344957748451296,1.6378153881221,2.480498620302904,2.605539676523132,0.7
full_seed11_drift_0p0_noise0p1_s5_a0p3_b0p8,11,drift,0.0,0.1,5,0.3,fpr_owa,1.774467932880156,1.850312605071101,1.6740220907729897,2.48608007812878,2.5953096084478187,0.8
full_seed11_drift_0p0_noise0p1_s5_a0p3_b0p8,11,drift,0.0,0.1,5,0.3,crp,1.774467932880156,1.850312605071101,1.6740220907729897,2.48608007812878,2.5953096084478187,0.8
full_seed11_drift_0p0_noise0p1_s9_a0p2_b0p7,11,drift,0.0,0.1,9,0.2,fpr_owa,1.76382617176232,1.818790851360434,1.646441406201646,2.403961893301196,2.574826357871061,0.7
full_seed11_drift_0p0_noise0p1_s9_a0p2_b0p7,11,drift,0.0,0.1,9,0.2,crp,1.76382617176232,1.818790851360434,1.646441406201646,2.403961893301196,2.574826357871061,0.7
full_seed11_drift_0p0_noise0p1_s9_a0p3_b0p8,11,drift,0.0,0.1,9,0.3,fpr_owa,1.7391030676721655,1.8148932617376512,1.576794331174129,2.4696643260282585,2.5362443408446937,0.8
full_seed11_drift_0p0_noise0p1_s9_a0p3_b0p8,11,drift,0.0,0.1,9,0.3,crp,1.7391030676721655,1.8148932617376512,1.576794331174129,2.4696643260282585,2.5362443408446937,0.8
full_seed11_drift_0p0_noise0p25_s13_a0p2_b0p7,11,drift,0.0,0.25,13,0.2,fpr_owa,1.2367405563130776,1.2975391058372567,1.231759497280631,1.7918660933805393,1.9569972867118044,0.7
full_seed11_drift_0p0_noise0p25_s13_a0p2_b0p7,11,drift,0.0,0.25,13,0.2,crp,1.238083801527773,1.299166993182833,1.231759497280631,1.7989839629771611,1.974340065145474,0.7
full_seed11_drift_0p0_noise0p25_s13_a0p3_b0p8,11,drift,0.0,0.25,13,0.3,fpr_owa,1.4406965827838207,1.5385127187146916,1.3426406936018875,2.1780674388216434,2.3214884090002728,0.8
full_seed11_drift_0p0_noise0p25_s13_a0p3_b0p8,11,drift,0.0,0.25,13,0.3,crp,1.441268768296489,1.5388557950623212,1.3719119696010236,2.1780674388216434,2.312384437210297,0.8
full_seed11_drift_0p0_noise0p25_s5_a0p2_b0p7,11,drift,0.0,0.25,5,0.2,fpr_owa,1.768739992363102,1.8408338656066765,1.6648480772683014,2.521330051813962,2.8249633333898125,0.7
full_seed11_drift_0p0_noise0p25_s5_a0p2_b0p7,11,drift,0.0,0.25,5,0.2,crp,1.768739992363102,1.8408338656066765,1.6648480772683014,2.521330051813962,2.8249633333898125,0.7
full_seed11_drift_0p0_noise0p25_s5_a0p3_b0p8,11,drift,0.0,0.25,5,0.3,fpr_owa,1.7807210666317297,1.853421338503683,1.700543780777097,2.5455608840162336,2.780508180814264,0.8
full_seed11_drift_0p0_noise0p25_s5_a0p3_b0p8,11,drift,0.0,0.25,5,0.3,crp,1.7807210666317297,1.853421338503683,1.700543780777097,2.5455608840162336,2.780508180814264,0.8
full_seed11_drift_0p0_noise0p25_s9_a0p2_b0p7,11,drift,0.0,0.25,9,0.2,fpr_owa,1.7461352404491015,1.8089103731019336,1.645012760945749,2.447591344300196,2.526468902583454,0.7
full_seed11_drift_0p0_noise0p25_s9_a0p2_b0p7,11,drift,0.0,0.25,9,0.2,crp,1.7463887434400327,1.8092445621181688,1.645012760945749,2.447591344300196,2.526468902583454,0.7
full_seed11_drift_0p0_noise0p25_s9_a0p3_b0p8,11,drift,0.0,0.25,9,0.3,fpr_owa,1.7255843389288017,1.797624491851203,1.630210464348906,2.4853318189876945,2.5830073309369843,0.8
full_seed11_drift_0p0_noise0p25_s9_a0p3_b0p8,11,drift,0.0,0.25,9,0.3,crp,1.7266353849468865,1.7989882338603809,1.630210464348906,2.4853318189876945,2.5830073309369843,0.8
full_seed11_drift_0p0_noise0p5_s13_a0p2_b0p7,11,drift,0.0,0.5,13,0.2,fpr_owa,1.2941491831629997,1.3694718070207743,1.2970916190651125,1.979666615836429,2.2904240069420423,0.7
full_seed11_drift_0p0_noise0p5_s13_a0p2_b0p7,11,drift,0.0,0.5,13,0.2,crp,1.3187922066515667,1.3994827766604665,1.2970916190651125,2.093151676750094,2.30881810360427,0.7
full_seed11_drift_0p0_noise0p5_s13_a0p3_b0p8,11,drift,0.0,0.5,13,0.3,fpr_owa,1.3879873128426703,1.4873215954875596,1.3082925736137798,2.2245555160048647,2.5341441719155235,0.8
full_seed11_drift_0p0_noise0p5_s13_a0p3_b0p8,11,drift,0.0,0.5,13,0.3,crp,1.4157907027658343,1.5201311492350649,1.3566589066300914,2.314757773962166,2.5341441719155235,0.8
full_seed11_drift_0p0_noise0p5_s5_a0p2_b0p7,11,drift,0.0,0.5,5,0.2,fpr_owa,1.7926018622007016,1.87783469716562,1.7723700273181024,2.684271847491995,3.190669428167615,0.7
full_seed11_drift_0p0_noise0p5_s5_a0p2_b0p7,11,drift,0.0,0.5,5,0.2,crp,1.7930026967082473,1.8793602825150544,1.75999476208116,2.6846289267011563,3.246589313978529,0.7
full_seed11_drift_0p0_noise0p5_s5_a0p3_b0p8,11,drift,0.0,0.5,5,0.3,fpr_owa,1.791824928608006,1.876863939248184,1.7385226185681226,2.7228923880791,3.101963578061354,0.8
full_seed11_drift_0p0_noise0p5_s5_a0p3_b0p8,11,drift,0.0,0.5,5,0.3,crp,1.7922627217385465,1.878223215999288,1.7385226185681226,2.7228923880791,3.2863701541106525,0.8
full_seed11_drift_0p0_noise0p5_s9_a0p2_b0p7,11,drift,0.0,0.5,9,0.2,fpr_owa,1.7053325554692842,1.7803703247585505,1.6412696103953297,2.503828933608913,2.7646347948997105,0.7
full_seed11_drift_0p0_noise0p5_s9_a0p2_b0p7,11,drift,0.0,0.5,9,0.2,crp,1.7076475606457742,1.7835341219938097,1.6441890620646844,2.534031296460946,2.7646347948997105,0.7
full_seed11_drift_0p0_noise0p5_s9_a0p3_b0p8,11,drift,0.0,0.5,9,0.3,fpr_owa,1.7003480934025528,1.778436934064852,1.654233640163059,2.5271347718124075,2.864073642446804,0.8
full_seed11_drift_0p0_noise0p5_s9_a0p3_b0p8,11,drift,0.0,0.5,9,0.3,crp,1.7039093448358609,1.7840148391754616,1.6767480481877794,2.533586229925118,2.8962981748819616,0.8
full_seed11_drift_0p1_noise0p1_s13_a0p2_b0p7,11,drift,0.1,0.1,13,0.2,fpr_owa,1.1566124743257524,1.2054179750052865,1.142120196706647,1.6412388690111754,1.9345248155311032,0.7
full_seed11_drift_0p1_noise0p1_s13_a0p2_b0p7,11,drift,0.1,0.1,13,0.2,crp,1.1794179909421971,1.2289590766510283,1.195767402629539,1.6375756004642903,1.700651047032628,0.7
full_seed11_drift_0p1_noise0p1_s13_a0p3_b0p8,11,drift,0.1,0.1,13,0.3,fpr_owa,1.4312940408237476,1.5048019933124916,1.4174988839065945,2.0793100472115107,2.3783493842158183,0.8
full_seed11_drift_0p1_noise0p1_s13_a0p3_b0p8,11,drift,0.1,0.1,13,0.3,crp,1.4544765609995745,1.5302975483294297,1.4407361654909945,2.058654863633696,2.1695699591071254,0.8
full_seed11_drift_0p1_noise0p1_s5_a0p2_b0p7,11,drift,0.1,0.1,5,0.2,fpr_owa,1.7641788435487618,1.8344957748451296,1.6378153881221,2.480498620302904,2.605539676523132,0.7
full_seed11_drift_0p1_noise0p1_s5_a0p2_b0p7,11,drift,0.1,0.1,5,0.2,crp,1.7641788435487618,1.8344957748451296,1.6378153881221,2.480498620302904,2.605539676523132,0.7
full_seed11_drift_0p1_noise0p1_s5_a0p3_b0p8,11,drift,0.1,0.1,5,0.3,fpr_owa,1.774467932880156,1.850312605071101,1.6740220907729897,2.48608007812878,2.5953096084478187,0.8
full_seed11_drift_0p1_noise0p1_s5_a0p3_b0p8,11,drift,0.1,0.1,5,0.3,crp,1.774467932880156,1.850312605071101,1.6740220907729897,2.48608007812878,2.5953096084478187,0.8
full_seed11_drift_0p1_noise0p1_s9_a0p2_b0p7,11,drift,0.1,0.1,9,0.2,fpr_owa,1.7539837830464595,1.8062029778073203,1.6590818149398154,2.3901765024946293,2.589293532869417,0.7
full_seed11_drift_0p1_noise0p1_s9_a0p2_b0p7,11,drift,0.1,0.1,9,0.2,crp,1.7641726887596472,1.8183527112533389,1.6590818149398154,2.3901765024946293,2.589293532869417,0.7
full_seed11_drift_0p1_noise0p1_s9_a0p3_b0p8,11,drift,0.1,0.1,9,0.3,fpr_owa,1.7472031769104237,1.8172703463568047,1.630469374457959,2.459099780013018,2.545910318356591,0.8
full_seed11_drift_0p1_noise0p1_s9_a0p3_b0p8,11,drift,0.1,0.1,9,0.3,crp,1.7496436245118758,1.8207733726003996,1.630469374457959,2.4602754011763994,2.545910318356591,0.8
full_seed11_drift_0p1_noise0p25_s13_a0p2_b0p7,11,drift,0.1,0.25,13,0.2,fpr_owa,1.1936704139437495,1.250774055980633,1.196450561908743,1.7688460182610573,1.9569972867118044,0.7
full_seed11_drift_0p1_noise0p25_s13_a0p2_b0p7,11,drift,0.1,0.25,13,0.2,crp,1.2208381346025026,1.2814176318280717,1.2342494003585136,1.7755934988656563,1.899473694294905,0.7
full_seed11_drift_0p1_noise0p25_s13_a0p3_b0p8,11,drift,0.1,0.25,13,0.3,fpr_owa,1.405242822857338,1.4954039918383728,1.342798994082838,2.1478781964448204,2.3214884090002728,0.8
full_seed11_drift_0p1_noise0p25_s13_a0p3_b0p8,11,drift,0.1,0.25,13,0.3,crp,1.427060872799785,1.5230594831069717,1.3900977962199486,2.1478781964448204,2.306741200338944,0.8
full_seed11_drift_0p1_noise0p25_s5_a0p2_b0p7,11,drift,0.1,0.25,5,0.2,fpr_owa,1.768739992363102,1.8408338656066765,1.6648480772683014,2.521330051813962,2.8249633333898125,0.7
full_seed11_drift_0p1_noise0p25_s5_a0p2_b0p7,11,drift,0.1,0.25,5,0.2,crp,1.768739992363102,1.8408338656066765,1.6648480772683014,2.521330051813962,2.8249633333898125,0.7
full_seed11_drift_0p1_noise0p25_s5_a0p3_b0p8,11,drift,0.1,0.25,5,0.3,fpr_owa,1.7807210666317297,1.853421338503683,1.700543780777097,2.5455608840162336,2.780508180814264,0.8
full_seed11_drift_0p1_noise0p25_s5_a0p3_b0p8,11,drift,0.1,0.25,5,0.3,crp,1.7807210666317297,1.853421338503683,1.700543780777097,2.5455608840162336,2.780508180814264,0.8
full_seed11_drift_0p1_noise0p25_s9_a0p2_b0p7,11,drift,0.1,0.25,9,0.2,fpr_owa,1.743285115300812,1.8048496569971253,1.6863042003169244,2.4406277834969,2.645542804624483,0.7
full_seed11_drift_0p1_noise0p25_s9_a0p2_b0p7,11,drift,0.1,0.25,9,0.2,crp,1.7525661596280833,1.8163666950331083,1.6864133052240105,2.453624212401332,2.645542804624483,0.7
full_seed11_drift_0p1_noise0p25_s9_a0p3_b0p8,11,drift,0.1,0.25,9,0.3,fpr_owa,1.741560109578794,1.810075456262386,1.6599767386185893,2.485045580082999,2.5830073309369843,0.8
full_seed11_drift_0p1_noise0p25_s9_a0p3_b0p8,11,drift,0.1,0.25,9,0.3,crp,1.7420763502806456,1.8120902283647895,1.6574554404656423,2.488538117922252,2.5830073309369843,0.8
full_seed11_drift_0p1_noise0p5_s13_a0p2_b0p7,11,drift,0.1,0.5,13,0.2,fpr_owa,1.267572456193442,1.341561425079029,1.2649553423585371,1.9189448666518196,2.271293630337932,0.7
full_seed11_drift_0p1_noise0p5_s13_a0p2_b0p7,11,drift,0.1,0.5,13,0.2,crp,1.3059553108556627,1.389376548498134,1.2938434351140709,2.0644650601403547,2.4976094131303825,0.7
full_seed11_drift_0p1_noise0p5_s13_a0p3_b0p8,11,drift,0.1,0.5,13,0.3,fpr_owa,1.3762636559574155,1.4724708722173847,1.3186080379276852,2.220810343502956,2.660827026171971,0.8
full_seed11_drift_0p1_noise0p5_s13_a0p3_b0p8,11,drift,0.1,0.5,13,0.3,crp,1.397339818403369,1.5006023216348776,1.307759392461581,2.316728544968955,2.5756413292268228,0.8
full_seed11_drift_0p1_noise0p5_s5_a0p2_b0p7,11,drift,0.1,0.5,5,0.2,fpr_owa,1.7926018622007016,1.87783469716562,1.7723700273181024,2.684271847491995,3.190669428167615,0.7
full_seed11_drift_0p1_noise0p5_s5_a0p2_b0p7,11,drift,0.1,0.5,5,0.2,crp,1.7930026967082473,1.8793602825150544,1.75999476208116,2.6846289267011563,3.246589313978529,0.7
full_seed11_drift_0p1_noise0p5_s5_a0p3_b0p8,11,drift,0.1,0.5,5,0.3,fpr_owa,1.791824928608006,1.876863939248184,1.7385226185681226,2.7228923880791,3.101963578061354,0.8
full_seed11_drift_0p1_noise0p5_s5_a0p3_b0p8,11,drift,0.1,0.5,5,0.3,crp,1.7922627217385465,1.878223215999288,1.7385226185681226,2.7228923880791,3.2863701541106525,0.8
full_seed11_drift_0p1_noise0p5_s9_a0p2_b0p7,11,drift,0.1,0.5,9,0.2,fpr_owa,1.7097777324499548,1.787921728053838,1.649032269113958,2.5541403386437325,2.8246347948997106,0.7
full_seed11_drift_0p1_noise0p5_s9_a0p2_b0p7,11,drift,0.1,0.5,9,0.2,crp,1.723697486524687,1.802803172727999,1.661284281782434,2.6035900310095625,2.856817346568401,0.7
full_seed11_drift_0p1_noise0p5_s9_a0p3_b0p8,11,drift,0.1,0.5,9,0.3,fpr_owa,1.715128324921012,1.7937520481507214,1.679834846689372,2.532438835951293,2.864073642446804,0.8
full_seed11_drift_0p1_noise0p5_s9_a0p3_b0p8,11,drift,0.1,0.5,9,0.3,crp,1.7230049800274962,1.8044576525901304,1.6931058298619113,2.6137108736096177,2.8962981748819616,0.8
full_seed11_drift_0p2_noise0p1_s13_a0p2_b0p7,11,drift,0.2,0.1,13,0.2,fpr_owa,1.108296751482069,1.1792881776364246,1.1035576374951492,1.6709810121870732,2.5209123667143603,0.7
full_seed11_drift_0p2_noise0p1_s13_a0p2_b0p7,11,drift,0.2,0.1,13,0.2,crp,1.104344822709503,1.17280837675575,1.0980265814061667,1.6588328292709476,2.121590278733496,0.7
full_seed11_drift_0p2_noise0p1_s13_a0p3_b0p8,11,drift,0.2,0.1,13,0.3,fpr_owa,1.3475683323760488,1.4469091396294531,1.271120432449838,2.122359392923232,3.062537466622936,0.8
full_seed11_drift_0p2_noise0p1_s13_a0p3_b0p8,11,drift,0.2,0.1,13,0.3,crp,1.3102874209373845,1.4230568688665268,1.271120432449838,2.1151281172695637,2.308432002342371,0.8
full_seed11_drift_0p2_noise0p1_s5_a0p2_b0p7,11,drift,0.2,0.1,5,0.2,fpr_owa,1.745779364995566,1.8137403489804704,1.648555194955635,2.481785300351368,2.638665257632716,0.7
full_seed11_drift_0p2_noise0p1_s5_a0p2_b0p7,11,drift,0.2,0.1,5,0.2,crp,1.7552837399322805,1.8243150299537216,1.6558811932758128,2.481785300351368,2.638665257632716,0.7
full_seed11_drift_0p2_noise0p1_s5_a0p3_b0p8,11,drift,0.2,0.1,5,0.3,fpr_owa,1.782056812707495,1.850621174632041,1.7032894478528156,2.482295824473568,2.611416338417802,0.8
full_seed11_drift_0p2_noise0p1_s5_a0p3_b0p8,11,drift,0.2,0.1,5,0.3,crp,1.7851026013622444,1.854351354994909,1.7032894478528156,2.482557942951494,2.611416338417802,0.8
full_seed11_drift_0p2_noise0p1_s9_a0p2_b0p7,11,drift,0.2,0.1,9,0.2,fpr_owa,1.7657224107421257,1.8272768837551665,1.658357487208125,2.4947885417690427,3.0029776442940714,0.7
full_seed11_drift_0p2_noise0p1_s9_a0p2_b0p7,11,drift,0.2,0.1,9,0.2,crp,1.7781355083016392,1.8400656624581893,1.6657841089506498,2.4954292673865206,2.8351069538791567,0.7
full_seed11_drift_0p2_noise0p1_s9_a0p3_b0p8,11,drift,0.2,0.1,9,0.3,fpr_owa,1.7462560470426618,1.8158675951403225,1.6708156562324383,2.4702790155702665,2.63035851943661,0.8
full_seed11_drift_0p2_noise0p1_s9_a0p3_b0p8,11,drift,0.2,0.1,9,0.3,crp,1.752188379898538,1.8228314381190456,1.6708156562324383,2.464115725316252,2.5734721344268348,0.8
full_seed11_drift_0p2_noise0p25_s13_a0p2_b0p7,11,drift,0.2,0.25,13,0.2,fpr_owa,1.1687664304281646,1.245038558259358,1.137974695421447,1.8352263680681904,2.46362843787216,0.7
full_seed11_drift_0p2_noise0p25_s13_a0p2_b0p7,11,drift,0.2,0.25,13,0.2,crp,1.1652269334794143,1.24344922643049,1.1172486271602555,1.829056573746587,2.766746397655788,0.7
full_seed11_drift_0p2_noise0p25_s13_a0p3_b0p8,11,drift,0.2,0.25,13,0.3,fpr_owa,1.3533620660999104,1.4607253277282977,1.213392665095918,2.1961157464610124,3.0343080958142,0.8
full_seed11_drift_0p2_noise0p25_s13_a0p3_b0p8,11,drift,0.2,0.25,13,0.3,crp,1.335182551707636,1.453584787189002,1.2388608570213049,2.189235648459366,3.27408163295685,0.8
full_seed11_drift_0p2_noise0p25_s5_a0p2_b0p7,11,drift,0.2,0.25,5,0.2,fpr_owa,1.7739843532787354,1.8453226694533036,1.7176561112642743,2.5517197249860435,2.8813635168313296,0.7
full_seed11_drift_0p2_noise0p25_s5_a0p2_b0p7,11,drift,0.2,0.25,5,0.2,crp,1.7801443316650891,1.8523407722224543,1.7176561112642743,2.5584323921361287,2.8813635168313296,0.7
full_seed11_drift_0p2_noise0p25_s5_a0p3_b0p8,11,drift,0.2,0.25,5,0.3,fpr_owa,1.8033124620651664,1.8731122932892303,1.7485018190887929,2.5680035887528394,2.780508180814264,0.8
full_seed11_drift_0p2_noise0p25_s5_a0p3_b0p8,11,drift,0.2,0.25,5,0.3,crp,1.8031185151169256,1.8736282627117216,1.738670411746288,2.5812157163781606,2.780508180814264,0.8
full_seed11_drift_0p2_noise0p25_s9_a0p2_b0p7,11,drift,0.2,0.25,9,0.2,fpr_owa,1.7699120239708506,1.8425992874816084,1.6975898359788784,2.5972286049748834,3.0305180084696874,0.7
full_seed11_drift_0p2_noise0p25_s9_a0p2_b0p7,11,drift,0.2,0.25,9,0.2,crp,1.7764075845527851,1.8449959556165143,1.7252083288066906,2.512170717536382,2.9241008798996067,0.7
full_seed11_drift_0p2_noise0p25_s9_a0p3_b0p8,11,drift,0.2,0.25,9,0.3,fpr_owa,1.746558737619638,1.8160426015476516,1.6923949027081786,2.5211505520280766,2.734508463761609,0.8
full_seed11_drift_0p2_noise0p25_s9_a0p3_b0p8,11,drift,0.2,0.25,9,0.3,crp,1.7526552297960114,1.8220498450176508,1.7119627045358818,2.519196051039651,2.734508463761609,0.8
full_seed11_drift_0p2_noise0p5_s13_a0p2_b0p7,11,drift,0.2,0.5,13,0.2,fpr_owa,1.2668770841798564,1.3511205453483257,1.263434402574169,2.047008279251077,2.363915295318339,0.7
full_seed11_drift_0p2_noise0p5_s13_a0p2_b0p7,11,drift,0.2,0.5,13,0.2,crp,1.2993324586871415,1.3969972744893675,1.2990583806833864,2.093265509394483,3.3796732410662265,0.7
full_seed11_drift_0p2_noise0p5_s13_a0p3_b0p8,11,drift,0.2,0.5,13,0.3,fpr_owa,1.3611024574775132,1.4643486289950147,1.2762746346860627,2.282084598689531,2.964941946774711,0.8
full_seed11_drift_0p2_noise0p5_s13_a0p3_b0p8,11,drift,0.2,0.5,13,0.3,crp,1.3855660388860995,1.499981937193179,1.3210923688045948,2.316728544968955,3.1145989960396023,0.8
full_seed11_drift_0p2_noise0p5_s5_a0p2_b0p7,11,drift,0.2,0.5,5,0.2,fpr_owa,1.80178988501184,1.8867271480255108,1.765108379922567,2.6846289267011563,3.3302754737675038,0.7
full_seed11_drift_0p2_noise0p5_s5_a0p2_b0p7,11,drift,0.2,0.5,5,0.2,crp,1.8243643977609871,1.9109521555093665,1.776471658419267,2.720146488779545,3.3302754737675038,0.7
full_seed11_drift_0p2_noise0p5_s5_a0p3_b0p8,11,drift,0.2,0.5,5,0.3,fpr_owa,1.8199530359762304,1.9036090412983409,1.750480242222706,2.735134597217824,3.157534012913184,0.8
full_seed11_drift_0p2_noise0p5_s5_a0p3_b0p8,11,drift,0.2,0.5,5,0.3,crp,1.831363222055837,1.916647442264003,1.7583191065644126,2.738406152488213,3.2863701541106525,0.8
full_seed11_drift_0p2_noise0p5_s9_a0p2_b0p7,11,drift,0.2,0.5,9,0.2,fpr_owa,1.750564814152375,1.835406534432541,1.6727961820660482,2.6221388588895,3.255382594386408,0.7
full_seed11_drift_0p2_noise0p5_s9_a0p2_b0p7,11,drift,0.2,0.5,9,0.2,crp,1.7424601641782085,1.8258673030469788,1.6847929485807036,2.604312248392537,2.9577229261932514,0.7
full_seed11_drift_0p2_noise0p5_s9_a0p3_b0p8,11,drift,0.2,0.5,9,0.3,fpr_owa,1.7269399410822086,1.8088725918027568,1.7158511457965069,2.546658713438171,2.966145204740916,0.8
full_seed11_drift_0p2_noise0p5_s9_a0p3_b0p8,11,drift,0.2,0.5,9,0.3,crp,1.733125490109301,1.8184711768700104,1.7284184593177585,2.6072426484140614,2.975272284723963,0.8
full_seed11_drift_0p3_noise0p1_s13_a0p2_b0p7,11,drift,0.3,0.1,13,0.2,fpr_owa,1.1763394699146654,1.2462193720384924,1.117472049718084,1.7463713123152782,2.9122426208878145,0.7
full_seed11_drift_0p3_noise0p1_s13_a0p2_b0p7,11,drift,0.3,0.1,13,0.2,crp,1.161301612083889,1.2363623940735151,1.1077051556070772,1.7463713123152782,2.9122426208878145,0.7
full_seed11_drift_0p3_noise0p1_s13_a0p3_b0p8,11,drift,0.3,0.1,13,0.3,fpr_owa,1.3521665056539036,1.4752358831363923,1.2886795337479806,2.144816049048908,3.4548451589306284,0.8
full_seed11_drift_0p3_noise0p1_s13_a0p3_b0p8,11,drift,0.3,0.1,13,0.3,crp,1.339852234042717,1.4692802136256269,1.2845609640912865,2.144816049048908,3.4548451589306284,0.8
full_seed11_drift_0p3_noise0p1_s5_a0p2_b0p7,11,drift,0.3,0.1,5,0.2,fpr_owa,1.933603372074886,2.03379830594796,1.8269044498976887,3.1323822011806244,3.539523827520332,0.7
full_seed11_drift_0p3_noise0p1_s5_a0p2_b0p7,11,drift,0.3,0.1,5,0.2,crp,1.933603372074886,2.03379830594796,1.8269044498976887,3.1323822011806244,3.539523827520332,0.7
full_seed11_drift_0p3_noise0p1_s5_a0p3_b0p8,11,drift,0.3,0.1,5,0.3,fpr_owa,1.8864083256187267,1.9625238218159984,1.9051411210170304,2.737321886333847,2.9890403340808187,0.8
full_seed11_drift_0p3_noise0p1_s5_a0p3_b0p8,11,drift,0.3,0.1,5,0.3,crp,1.8864083256187267,1.9625238218159984,1.9051411210170304,2.737321886333847,2.9890403340808187,0.8
full_seed11_drift_0p3_noise0p1_s9_a0p2_b0p7,11,drift,0.3,0.1,9,0.2,fpr_owa,1.887080582664301,1.9647242500428144,1.8284934312187489,3.00229856531273,3.5136678656391545,0.7
full_seed11_drift_0p3_noise0p1_s9_a0p2_b0p7,11,drift,0.3,0.1,9,0.2,crp,1.894008163328396,1.9711535991713989,1.8284934312187489,3.010783509506581,3.191547329461703,0.7
full_seed11_drift_0p3_noise0p1_s9_a0p3_b0p8,11,drift,0.3,0.1,9,0.3,fpr_owa,1.8093219973988752,1.8882339432386976,1.772457455505121,2.710594319020209,3.059422889702295,0.8
full_seed11_drift_0p3_noise0p1_s9_a0p3_b0p8,11,drift,0.3,0.1,9,0.3,crp,1.8108450771777236,1.8849913450924831,1.7796218611781176,2.550428035479436,2.8219669824597493,0.8
full_seed11_drift_0p3_noise0p25_s13_a0p2_b0p7,11,drift,0.3,0.25,13,0.2,fpr_owa,1.2382953910186614,1.3169913998756315,1.1832512432811066,1.9261130615312243,3.014320785450427,0.7
full_seed11_drift_0p3_noise0p25_s13_a0p2_b0p7,11,drift,0.3,0.25,13,0.2,crp,1.200542896063108,1.292074578917754,1.143541880870163,1.8805880352655329,3.014320785450427,0.7
full_seed11_drift_0p3_noise0p25_s13_a0p3_b0p8,11,drift,0.3,0.25,13,0.3,fpr_owa,1.372028292585413,1.5003773652036811,1.277699195105906,2.280239652926668,3.426615788121892,0.8
full_seed11_drift_0p3_noise0p25_s13_a0p3_b0p8,11,drift,0.3,0.25,13,0.3,crp,1.3360755762314072,1.4800246274204247,1.2301587588505265,2.265266494074708,3.426615788121892,0.8
full_seed11_drift_0p3_noise0p25_s5_a0p2_b0p7,11,drift,0.3,0.25,5,0.2,fpr_owa,1.9650023255342588,2.0637977366569658,1.9516101393353091,3.110442987563981,3.565886620209932,0.7
full_seed11_drift_0p3_noise0p25_s5_a0p2_b0p7,11,drift,0.3,0.25,5,0.2,crp,1.955681955603188,2.0525339825419837,1.9516101393353091,3.108911016158828,3.565886620209932,0.7
full_seed11_drift_0p3_noise0p25_s5_a0p3_b0p8,11,drift,0.3,0.25,5,0.3,fpr_owa,1.9070219460191595,1.9830271454912811,1.9443468167487947,2.7417282046009226,3.038802040726257,0.8
full_seed11_drift_0p3_noise0p25_s5_a0p3_b0p8,11,drift,0.3,0.25,5,0.3,crp,1.9006570946155776,1.9764609407647764,1.9369638042860544,2.7417282046009226,3.038802040726257,0.8
full_seed11_drift_0p3_noise0p25_s9_a0p2_b0p7,11,drift,0.3,0.25,9,0.2,fpr_owa,1.8787377637060425,1.967741569773919,1.8325247134851732,3.1171363379539594,3.604136877128066,0.7
full_seed11_drift_0p3_noise0p25_s9_a0p2_b0p7,11,drift,0.3,0.25,9,0.2,crp,1.8585018202082315,1.938177375393959,1.8368590055367515,2.900827126411721,3.2533358978646287,0.7
full_seed11_drift_0p3_noise0p25_s9_a0p3_b0p8,11,drift,0.3,0.25,9,0.3,fpr_owa,1.8125901291018625,1.8929811533336631,1.7827357244323063,2.7651262060564155,3.046196869281279,0.8
full_seed11_drift_0p3_noise0p25_s9_a0p3_b0p8,11,drift,0.3,0.25,9,0.3,crp,1.7938611281913803,1.8659300888449164,1.7842525951756325,2.55894336874697,2.8059427156690413,0.8
full_seed11_drift_0p3_noise0p5_s13_a0p2_b0p7,11,drift,0.3,0.5,13,0.2,fpr_owa,1.3369278015795485,1.4297673232214512,1.3507216818322534,2.1342369543316373,3.011843190322542,0.7
full_seed11_drift_0p3_noise0p5_s13_a0p2_b0p7,11,drift,0.3,0.5,13,0.2,crp,1.3224475375387943,1.438927681834141,1.2894199477494703,2.1807670064045404,3.712289371302775,0.7
full_seed11_drift_0p3_noise0p5_s13_a0p3_b0p8,11,drift,0.3,0.5,13,0.3,fpr_owa,1.3812462654631414,1.502227402566455,1.34025927816716,2.2890138410252656,3.4603458367099624,0.8
full_seed11_drift_0p3_noise0p5_s13_a0p3_b0p8,11,drift,0.3,0.5,13,0.3,crp,1.3900186439010953,1.5198968329411475,1.307759392461581,2.3242567804700363,3.8102969029781137,0.8
full_seed11_drift_0p3_noise0p5_s5_a0p2_b0p7,11,drift,0.3,0.5,5,0.2,fpr_owa,2.00668446272097,2.136838264699525,1.9389376916807697,3.1882599717185216,4.8758665664416245,0.7
full_seed11_drift_0p3_noise0p5_s5_a0p2_b0p7,11,drift,0.3,0.5,5,0.2,crp,1.997242965245142,2.121045444896297,1.9389376916807697,3.188843403367632,4.460178592165441,0.7
full_seed11_drift_0p3_noise0p5_s5_a0p3_b0p8,11,drift,0.3,0.5,5,0.3,fpr_owa,1.9590981612896037,2.06536850702029,1.8967021739639751,2.983827027333592,4.216383334483008,0.8
full_seed11_drift_0p3_noise0p5_s5_a0p3_b0p8,11,drift,0.3,0.5,5,0.3,crp,1.9628220308620108,2.075218662500007,1.8987992585317484,3.06455439716585,4.566624545919024,0.8
full_seed11_drift_0p3_noise0p5_s9_a0p2_b0p7,11,drift,0.3,0.5,9,0.2,fpr_owa,1.848399047495148,1.9535337156833728,1.7471756936899612,3.093722610578354,3.940980195536341,0.7
full_seed11_drift_0p3_noise0p5_s9_a0p2_b0p7,11,drift,0.3,0.5,9,0.2,crp,1.8092329015866675,1.8992351368849647,1.7710902155356614,2.801938905872711,3.4783339446248864,0.7
full_seed11_drift_0p3_noise0p5_s9_a0p3_b0p8,11,drift,0.3,0.5,9,0.3,fpr_owa,1.7925340736336424,1.886302340289211,1.7434167459180805,2.86540125774134,3.4020219470639823,0.8
full_seed11_drift_0p3_noise0p5_s9_a0p3_b0p8,11,drift,0.3,0.5,9,0.3,crp,1.7710050709134078,1.857747076479564,1.751492373413932,2.757867224743232,3.256157160378457,0.8
full_seed11_drift_0p4_noise0p1_s13_a0p2_b0p7,11,drift,0.4,0.1,13,0.2,fpr_owa,1.294710318110062,1.3730168764685746,1.220924875755438,1.936164547125656,3.2095010295574045,0.7
full_seed11_drift_0p4_noise0p1_s13_a0p2_b0p7,11,drift,0.4,0.1,13,0.2,crp,1.2858091652460482,1.3660526023971484,1.207598446074722,1.936164547125656,3.2095010295574045,0.7
full_seed11_drift_0p4_noise0p1_s13_a0p3_b0p8,11,drift,0.4,0.1,13,0.3,fpr_owa,1.4795635028195373,1.6010691578793363,1.3739535433231702,2.3838524681511566,3.834294378595154,0.8
full_seed11_drift_0p4_noise0p1_s13_a0p3_b0p8,11,drift,0.4,0.1,13,0.3,crp,1.4741702258755245,1.5992869859770829,1.3739535433231702,2.3838524681511566,3.834294378595154,0.8
full_seed11_drift_0p4_noise0p1_s5_a0p2_b0p7,11,drift,0.4,0.1,5,0.2,fpr_owa,1.933603372074886,2.03379830594796,1.8269044498976887,3.1323822011806244,3.539523827520332,0.7
full_seed11_drift_0p4_noise0p1_s5_a0p2_b0p7,11,drift,0.4,0.1,5,0.2,crp,1.933603372074886,2.03379830594796,1.8269044498976887,3.1323822011806244,3.539523827520332,0.7
full_seed11_drift_0p4_noise0p1_s5_a0p3_b0p8,11,drift,0.4,0.1,5,0.3,fpr_owa,1.8864083256187267,1.9625238218159984,1.9051411210170304,2.737321886333847,2.9890403340808187,0.8
full_seed11_drift_0p4_noise0p1_s5_a0p3_b0p8,11,drift,0.4,0.1,5,0.3,crp,1.8864083256187267,1.9625238218159984,1.9051411210170304,2.737321886333847,2.9890403340808187,0.8
full_seed11_drift_0p4_noise0p1_s9_a0p2_b0p7,11,drift,0.4,0.1,9,0.2,fpr_owa,2.019510214894939,2.1352199686267963,1.9634315040505743,3.680095382236398,4.127001198972488,0.7
full_seed11_drift_0p4_noise0p1_s9_a0p2_b0p7,11,drift,0.4,0.1,9,0.2,crp,2.0339406497838346,2.1601743821570545,1.9634315040505743,3.7323161139473817,4.549558841468793,0.7
full_seed11_drift_0p4_noise0p1_s9_a0p3_b0p8,11,drift,0.4,0.1,9,0.3,fpr_owa,1.9271249118415976,2.0268947541415225,1.8718776325195856,3.205102870134556,3.6010051930393474,0.8
full_seed11_drift_0p4_noise0p1_s9_a0p3_b0p8,11,drift,0.4,0.1,9,0.3,crp,1.9707843680327963,2.097226312493764,1.8718776325195856,3.418483359115231,4.569725706460588,0.8
full_seed11_drift_0p4_noise0p25_s13_a0p2_b0p7,11,drift,0.4,0.25,13,0.2,fpr_owa,1.3708604071232264,1.4607130761056082,1.3308681712655577,2.1599004293836237,3.2580206688031774,0.7
full_seed11_drift_0p4_noise0p25_s13_a0p2_b0p7,11,drift,0.4,0.25,13,0.2,crp,1.321695423323121,1.42735311789064,1.2715998737706098,2.049947204240512,4.038810607027634,0.7
full_seed11_drift_0p4_noise0p25_s13_a0p3_b0p8,11,drift,0.4,0.25,13,0.3,fpr_owa,1.4930673524569325,1.6264377619237125,1.4095861845498625,2.424687071174901,3.8044777693434177,0.8
full_seed11_drift_0p4_noise0p25_s13_a0p3_b0p8,11,drift,0.4,0.25,13,0.3,crp,1.453858191099198,1.6132065504964186,1.327033981373087,2.4117493604484044,4.503081617051918,0.8
full_seed11_drift_0p4_noise0p25_s5_a0p2_b0p7,11,drift,0.4,0.25,5,0.2,fpr_owa,1.9650023255342588,2.0637977366569658,1.9516101393353091,3.110442987563981,3.565886620209932,0.7
full_seed11_drift_0p4_noise0p25_s5_a0p2_b0p7,11,drift,0.4,0.25,5,0.2,crp,1.955681955603188,2.0525339825419837,1.9516101393353091,3.108911016158828,3.565886620209932,0.7
full_seed11_drift_0p4_noise0p25_s5_a0p3_b0p8,11,drift,0.4,0.25,5,0.3,fpr_owa,1.9070219460191595,1.9830271454912811,1.9443468167487947,2.7417282046009226,3.038802040726257,0.8
full_seed11_drift_0p4_noise0p25_s5_a0p3_b0p8,11,drift,0.4,0.25,5,0.3,crp,1.9006570946155776,1.9764609407647764,1.9369638042860544,2.7417282046009226,3.038802040726257,0.8
full_seed11_drift_0p4_noise0p25_s9_a0p2_b0p7,11,drift,0.4,0.25,9,0.2,fpr_owa,1.997677997586229,2.118635896916221,1.9538166620729152,3.712642836250122,4.095301505364583,0.7
full_seed11_drift_0p4_noise0p25_s9_a0p2_b0p7,11,drift,0.4,0.25,9,0.2,crp,2.0130275939344062,2.1411367313579235,1.9538166620729152,3.68697708799812,4.210195817660553,0.7
full_seed11_drift_0p4_noise0p25_s9_a0p3_b0p8,11,drift,0.4,0.25,9,0.3,fpr_owa,1.91755413950608,2.0179837570378245,1.8854141458626184,3.2078374726223284,3.5339500000399635,0.8
full_seed11_drift_0p4_noise0p25_s9_a0p3_b0p8,11,drift,0.4,0.25,9,0.3,crp,1.9719079042457195,2.1043924316986597,1.9114059272872232,3.639758313596121,4.6981980087915325,0.8
full_seed11_drift_0p4_noise0p5_s13_a0p2_b0p7,11,drift,0.4,0.5,13,0.2,fpr_owa,1.4461266523473049,1.5544775925260346,1.427762600026343,2.4997624728764305,3.4708668507878766,0.7
full_seed11_drift_0p4_noise0p5_s13_a0p2_b0p7,11,drift,0.4,0.5,13,0.2,crp,1.4230123265871704,1.572027379980644,1.360719565746168,2.379707073108561,4.467314289135452,0.7
full_seed11_drift_0p4_noise0p5_s13_a0p3_b0p8,11,drift,0.4,0.5,13,0.3,fpr_owa,1.47293937284305,1.6086767565148683,1.3800840746225465,2.493046517332183,3.746072755699421,0.8
full_seed11_drift_0p4_noise0p5_s13_a0p3_b0p8,11,drift,0.4,0.5,13,0.3,crp,1.4892599732464764,1.6581172342615171,1.402571605515548,2.5329753260152907,4.412470956199249,0.8
full_seed11_drift_0p4_noise0p5_s5_a0p2_b0p7,11,drift,0.4,0.5,5,0.2,fpr_owa,2.00668446272097,2.136838264699525,1.9389376916807697,3.1882599717185216,4.8758665664416245,0.7
full_seed11_drift_0p4_noise0p5_s5_a0p2_b0p7,11,drift,0.4,0.5,5,0.2,crp,1.997242965245142,2.121045444896297,1.9389376916807697,3.188843403367632,4.460178592165441,0.7
full_seed11_drift_0p4_noise0p5_s5_a0p3_b0p8,11,drift,0.4,0.5,5,0.3,fpr_owa,1.9590981612896037,2.06536850702029,1.8967021739639751,2.983827027333592,4.216383334483008,0.8
full_seed11_drift_0p4_noise0p5_s5_a0p3_b0p8,11,drift,0.4,0.5,5,0.3,crp,1.9628220308620108,2.075218662500007,1.8987992585317484,3.06455439716585,4.566624545919024,0.8
full_seed11_drift_0p4_noise0p5_s9_a0p2_b0p7,11,drift,0.4,0.5,9,0.2,fpr_owa,1.9478434634879107,2.077804621622849,1.881764795910388,3.556534396626362,4.115068719107072,0.7
full_seed11_drift_0p4_noise0p5_s9_a0p2_b0p7,11,drift,0.4,0.5,9,0.2,crp,1.9537505314361148,2.0870564925389368,1.9139322555332177,3.3402713131735906,4.545542427767412,0.7
full_seed11_drift_0p4_noise0p5_s9_a0p3_b0p8,11,drift,0.4,0.5,9,0.3,fpr_owa,1.8860092184854544,1.9984043572889345,1.8335271059531757,3.317791868618845,3.803258960653031,0.8
full_seed11_drift_0p4_noise0p5_s9_a0p3_b0p8,11,drift,0.4,0.5,9,0.3,crp,1.913665257773688,2.0498265819593064,1.8455915128434368,3.0126147679802244,4.682918326501422,0.8
full_seed11_freeze_0p0_noise0p1_s13_a0p2_b0p7,11,freeze,0.0,0.1,13,0.2,fpr_owa,1.2030380377571297,1.251722441779351,1.2026784507458006,1.6480635543117987,1.7018842003615893,0.7
full_seed11_freeze_0p0_noise0p1_s13_a0p2_b0p7,11,freeze,0.0,0.1,13,0.2,crp,1.2030380377571297,1.251722441779351,1.2026784507458006,1.6480635543117987,1.7018842003615893,0.7
full_seed11_freeze_0p0_noise0p1_s13_a0p3_b0p8,11,freeze,0.0,0.1,13,0.3,fpr_owa,1.4692993938784018,1.5449144247902484,1.433608269751376,2.093640686237393,2.1531616283456394,0.8
full_seed11_freeze_0p0_noise0p1_s13_a0p3_b0p8,11,freeze,0.0,0.1,13,0.3,crp,1.4692993938784018,1.5449144247902484,1.433608269751376,2.093640686237393,2.1531616283456394,0.8
full_seed11_freeze_0p0_noise0p1_s5_a0p2_b0p7,11,freeze,0.0,0.1,5,0.2,fpr_owa,1.7641788435487618,1.8344957748451296,1.6378153881221,2.480498620302904,2.605539676523132,0.7
full_seed11_freeze_0p0_noise0p1_s5_a0p2_b0p7,11,freeze,0.0,0.1,5,0.2,crp,1.7641788435487618,1.8344957748451296,1.6378153881221,2.480498620302904,2.605539676523132,0.7
full_seed11_freeze_0p0_noise0p1_s5_a0p3_b0p8,11,freeze,0.0,0.1,5,0.3,fpr_owa,1.774467932880156,1.850312605071101,1.6740220907729897,2.48608007812878,2.5953096084478187,0.8
full_seed11_freeze_0p0_noise0p1_s5_a0p3_b0p8,11,freeze,0.0,0.1,5,0.3,crp,1.774467932880156,1.850312605071101,1.6740220907729897,2.48608007812878,2.5953096084478187,0.8
full_seed11_freeze_0p0_noise0p1_s9_a0p2_b0p7,11,freeze,0.0,0.1,9,0.2,fpr_owa,1.76382617176232,1.818790851360434,1.646441406201646,2.403961893301196,2.574826357871061,0.7
full_seed11_freeze_0p0_noise0p1_s9_a0p2_b0p7,11,freeze,0.0,0.1,9,0.2,crp,1.76382617176232,1.818790851360434,1.646441406201646,2.403961893301196,2.574826357871061,0.7
full_seed11_freeze_0p0_noise0p1_s9_a0p3_b0p8,11,freeze,0.0,0.1,9,0.3,fpr_owa,1.7391030676721655,1.8148932617376512,1.576794331174129,2.4696643260282585,2.5362443408446937,0.8
full_seed11_freeze_0p0_noise0p1_s9_a0p3_b0p8,11,freeze,0.0,0.1,9,0.3,crp,1.7391030676721655,1.8148932617376512,1.576794331174129,2.4696643260282585,2.5362443408446937,0.8
full_seed11_freeze_0p0_noise0p25_s13_a0p2_b0p7,11,freeze,0.0,0.25,13,0.2,fpr_owa,1.2367405563130776,1.2975391058372567,1.231759497280631,1.7918660933805393,1.9569972867118044,0.7
full_seed11_freeze_0p0_noise0p25_s13_a0p2_b0p7,11,freeze,0.0,0.25,13,0.2,crp,1.238083801527773,1.299166993182833,1.231759497280631,1.7989839629771611,1.974340065145474,0.7
full_seed11_freeze_0p0_noise0p25_s13_a0p3_b0p8,11,freeze,0.0,0.25,13,0.3,fpr_owa,1.4406965827838207,1.5385127187146916,1.3426406936018875,2.1780674388216434,2.3214884090002728,0.8
full_seed11_freeze_0p0_noise0p25_s13_a0p3_b0p8,11,freeze,0.0,0.25,13,0.3,crp,1.441268768296489,1.5388557950623212,1.3719119696010236,2.1780674388216434,2.312384437210297,0.8
full_seed11_freeze_0p0_noise0p25_s5_a0p2_b0p7,11,freeze,0.0,0.25,5,0.2,fpr_owa,1.768739992363102,1.8408338656066765,1.6648480772683014,2.521330051813962,2.8249633333898125,0.7
full_seed11_freeze_0p0_noise0p25_s5_a0p2_b0p7,11,freeze,0.0,0.25,5,0.2,crp,1.768739992363102,1.8408338656066765,1.6648480772683014,2.521330051813962,2.8249633333898125,0.7
full_seed11_freeze_0p0_noise0p25_s5_a0p3_b0p8,11,freeze,0.0,0.25,5,0.3,fpr_owa,1.7807210666317297,1.853421338503683,1.700543780777097,2.5455608840162336,2.780508180814264,0.8
full_seed11_freeze_0p0_noise0p25_s5_a0p3_b0p8,11,freeze,0.0,0.25,5,0.3,crp,1.7807210666317297,1.853421338503683,1.700543780777097,2.5455608840162336,2.780508180814264,0.8
full_seed11_freeze_0p0_noise0p25_s9_a0p2_b0p7,11,freeze,0.0,0.25,9,0.2,fpr_owa,1.7461352404491015,1.8089103731019336,1.645012760945749,2.447591344300196,2.526468902583454,0.7
full_seed11_freeze_0p0_noise0p25_s9_a0p2_b0p7,11,freeze,0.0,0.25,9,0.2,crp,1.7463887434400327,1.8092445621181688,1.645012760945749,2.447591344300196,2.526468902583454,0.7
full_seed11_freeze_0p0_noise0p25_s9_a0p3_b0p8,11,freeze,0.0,0.25,9,0.3,fpr_owa,1.7255843389288017,1.797624491851203,1.630210464348906,2.4853318189876945,2.5830073309369843,0.8
full_seed11_freeze_0p0_noise0p25_s9_a0p3_b0p8,11,freeze,0.0,0.25,9,0.3,crp,1.7266353849468865,1.7989882338603809,1.630210464348906,2.4853318189876945,2.5830073309369843,0.8
full_seed11_freeze_0p0_noise0p5_s13_a0p2_b0p7,11,freeze,0.0,0.5,13,0.2,fpr_owa,1.2941491831629997,1.3694718070207743,1.2970916190651125,1.979666615836429,2.2904240069420423,0.7
full_seed11_freeze_0p0_noise0p5_s13_a0p2_b0p7,11,freeze,0.0,0.5,13,0.2,crp,1.3187922066515667,1.3994827766604665,1.2970916190651125,2.093151676750094,2.30881810360427,0.7
full_seed11_freeze_0p0_noise0p5_s13_a0p3_b0p8,11,freeze,0.0,0.5,13,0.3,fpr_owa,1.3879873128426703,1.4873215954875596,1.3082925736137798,2.2245555160048647,2.5341441719155235,0.8
full_seed11_freeze_0p0_noise0p5_s13_a0p3_b0p8,11,freeze,0.0,0.5,13,0.3,crp,1.4157907027658343,1.5201311492350649,1.3566589066300914,2.314757773962166,2.5341441719155235,0.8
full_seed11_freeze_0p0_noise0p5_s5_a0p2_b0p7,11,freeze,0.0,0.5,5,0.2,fpr_owa,1.7926018622007016,1.87783469716562,1.7723700273181024,2.684271847491995,3.190669428167615,0.7
full_seed11_freeze_0p0_noise0p5_s5_a0p2_b0p7,11,freeze,0.0,0.5,5,0.2,crp,1.7930026967082473,1.8793602825150544,1.75999476208116,2.6846289267011563,3.246589313978529,0.7
full_seed11_freeze_0p0_noise0p5_s5_a0p3_b0p8,11,freeze,0.0,0.5,5,0.3,fpr_owa,1.791824928608006,1.876863939248184,1.7385226185681226,2.7228923880791,3.101963578061354,0.8
full_seed11_freeze_0p0_noise0p5_s5_a0p3_b0p8,11,freeze,0.0,0.5,5,0.3,crp,1.7922627217385465,1.878223215999288,1.7385226185681226,2.7228923880791,3.2863701541106525,0.8
full_seed11_freeze_0p0_noise0p5_s9_a0p2_b0p7,11,freeze,0.0,0.5,9,0.2,fpr_owa,1.7053325554692842,1.7803703247585505,1.6412696103953297,2.503828933608913,2.7646347948997105,0.7
full_seed11_freeze_0p0_noise0p5_s9_a0p2_b0p7,11,freeze,0.0,0.5,9,0.2,crp,1.7076475606457742,1.7835341219938097,1.6441890620646844,2.534031296460946,2.7646347948997105,0.7
full_seed11_freeze_0p0_noise0p5_s9_a0p3_b0p8,11,freeze,0.0,0.5,9,0.3,fpr_owa,1.7003480934025528,1.778436934064852,1.654233640163059,2.5271347718124075,2.864073642446804,0.8
full_seed11_freeze_0p0_noise0p5_s9_a0p3_b0p8,11,freeze,0.0,0.5,9,0.3,crp,1.7039093448358609,1.7840148391754616,1.6767480481877794,2.533586229925118,2.8962981748819616,0.8
full_seed11_freeze_0p1_noise0p1_s13_a0p2_b0p7,11,freeze,0.1,0.1,13,0.2,fpr_owa,1.2028870320099634,1.2517264011600946,1.2028869382646048,1.6451687957481138,1.7018842003615893,0.7
full_seed11_freeze_0p1_noise0p1_s13_a0p2_b0p7,11,freeze,0.1,0.1,13,0.2,crp,1.2028870320099634,1.2517264011600946,1.2028869382646048,1.6451687957481138,1.7018842003615893,0.7
full_seed11_freeze_0p1_noise0p1_s13_a0p3_b0p8,11,freeze,0.1,0.1,13,0.3,fpr_owa,1.466581905655965,1.5396005637632997,1.438209196647089,2.076064272719471,2.1531616283456394,0.8
full_seed11_freeze_0p1_noise0p1_s13_a0p3_b0p8,11,freeze,0.1,0.1,13,0.3,crp,1.466581905655965,1.5396005637632997,1.438209196647089,2.076064272719471,2.1531616283456394,0.8
full_seed11_freeze_0p1_noise0p1_s5_a0p2_b0p7,11,freeze,0.1,0.1,5,0.2,fpr_owa,1.7641788435487618,1.8344957748451296,1.6378153881221,2.480498620302904,2.605539676523132,0.7
full_seed11_freeze_0p1_noise0p1_s5_a0p2_b0p7,11,freeze,0.1,0.1,5,0.2,crp,1.7641788435487618,1.8344957748451296,1.6378153881221,2.480498620302904,2.605539676523132,0.7
full_seed11_freeze_0p1_noise0p1_s5_a0p3_b0p8,11,freeze,0.1,0.1,5,0.3,fpr_owa,1.774467932880156,1.850312605071101,1.6740220907729897,2.48608007812878,2.5953096084478187,0.8
full_seed11_freeze_0p1_noise0p1_s5_a0p3_b0p8,11,freeze,0.1,0.1,5,0.3,crp,1.774467932880156,1.850312605071101,1.6740220907729897,2.48608007812878,2.5953096084478187,0.8
full_seed11_freeze_0p1_noise0p1_s9_a0p2_b0p7,11,freeze,0.1,0.1,9,0.2,fpr_owa,1.7442171931314396,1.7979080875696734,1.6442538065229038,2.38301733195241,2.574826357871061,0.7
full_seed11_freeze_0p1_noise0p1_s9_a0p2_b0p7,11,freeze,0.1,0.1,9,0.2,crp,1.7442171931314396,1.7979080875696734,1.6442538065229038,2.38301733195241,2.574826357871061,0.7
full_seed11_freeze_0p1_noise0p1_s9_a0p3_b0p8,11,freeze,0.1,0.1,9,0.3,fpr_owa,1.703875624341919,1.778854370865052,1.5608212187806985,2.457145504089235,2.5362443408446937,0.8
full_seed11_freeze_0p1_noise0p1_s9_a0p3_b0p8,11,freeze,0.1,0.1,9,0.3,crp,1.703875624341919,1.778854370865052,1.5608212187806985,2.457145504089235,2.5362443408446937,0.8
full_seed11_freeze_0p1_noise0p25_s13_a0p2_b0p7,11,freeze,0.1,0.25,13,0.2,fpr_owa,1.2301907176203382,1.2918522109471815,1.2369885657786412,1.790700125478227,1.9569972867118044,0.7
full_seed11_freeze_0p1_noise0p25_s13_a0p2_b0p7,11,freeze,0.1,0.25,13,0.2,crp,1.231533962835034,1.2934872554176542,1.2369885657786412,1.7940775929596942,1.974340065145474,0.7
full_seed11_freeze_0p1_noise0p25_s13_a0p3_b0p8,11,freeze,0.1,0.25,13,0.3,fpr_owa,1.4299275138082863,1.5268607273978374,1.3435209751131676,2.1614053166065914,2.3214884090002728,0.8
full_seed11_freeze_0p1_noise0p25_s13_a0p3_b0p8,11,freeze,0.1,0.25,13,0.3,crp,1.43049923809886,1.5271995817190689,1.356447674732769,2.1614053166065914,2.3009272120520943,0.8
full_seed11_freeze_0p1_noise0p25_s5_a0p2_b0p7,11,freeze,0.1,0.25,5,0.2,fpr_owa,1.768739992363102,1.8408338656066765,1.6648480772683014,2.521330051813962,2.8249633333898125,0.7
full_seed11_freeze_0p1_noise0p25_s5_a0p2_b0p7,11,freeze,0.1,0.25,5,0.2,crp,1.768739992363102,1.8408338656066765,1.6648480772683014,2.521330051813962,2.8249633333898125,0.7
full_seed11_freeze_0p1_noise0p25_s5_a0p3_b0p8,11,freeze,0.1,0.25,5,0.3,fpr_owa,1.7807210666317297,1.853421338503683,1.700543780777097,2.5455608840162336,2.780508180814264,0.8
full_seed11_freeze_0p1_noise0p25_s5_a0p3_b0p8,11,freeze,0.1,0.25,5,0.3,crp,1.7807210666317297,1.853421338503683,1.700543780777097,2.5455608840162336,2.780508180814264,0.8
full_seed11_freeze_0p1_noise0p25_s9_a0p2_b0p7,11,freeze,0.1,0.25,9,0.2,fpr_owa,1.724634653433635,1.7869977558676164,1.6451651040881632,2.437536876326176,2.5153981132942484,0.7
full_seed11_freeze_0p1_noise0p25_s9_a0p2_b0p7,11,freeze,0.1,0.25,9,0.2,crp,1.724888156424566,1.7873360420229558,1.6451651040881632,2.437536876326176,2.5153981132942484,0.7
full_seed11_freeze_0p1_noise0p25_s9_a0p3_b0p8,11,freeze,0.1,0.25,9,0.3,fpr_owa,1.6921028921701098,1.763514400800238,1.6210691254499563,2.4853318189876945,2.5830073309369843,0.8
full_seed11_freeze_0p1_noise0p25_s9_a0p3_b0p8,11,freeze,0.1,0.25,9,0.3,crp,1.6931539381881948,1.764904499879418,1.6210691254499563,2.4853318189876945,2.5830073309369843,0.8
full_seed11_freeze_0p1_noise0p5_s13_a0p2_b0p7,11,freeze,0.1,0.5,13,0.2,fpr_owa,1.2816876311661145,1.3553001736868289,1.293990515181961,1.9492338214954077,2.214796841705948,0.7
full_seed11_freeze_0p1_noise0p5_s13_a0p2_b0p7,11,freeze,0.1,0.5,13,0.2,crp,1.3078437573569677,1.3872380567519993,1.30783592525384,2.0644650601403547,2.216347757068048,0.7
full_seed11_freeze_0p1_noise0p5_s13_a0p3_b0p8,11,freeze,0.1,0.5,13,0.3,fpr_owa,1.3628206691787326,1.4588011002374413,1.314224835942306,2.184100278433464,2.476717227989487,0.8
full_seed11_freeze_0p1_noise0p5_s13_a0p3_b0p8,11,freeze,0.1,0.5,13,0.3,crp,1.3910907082951467,1.4913932872892235,1.366025483695022,2.2441923911765667,2.531336797196653,0.8
full_seed11_freeze_0p1_noise0p5_s5_a0p2_b0p7,11,freeze,0.1,0.5,5,0.2,fpr_owa,1.7926018622007016,1.87783469716562,1.7723700273181024,2.684271847491995,3.190669428167615,0.7
full_seed11_freeze_0p1_noise0p5_s5_a0p2_b0p7,11,freeze,0.1,0.5,5,0.2,crp,1.7930026967082473,1.8793602825150544,1.75999476208116,2.6846289267011563,3.246589313978529,0.7
full_seed11_freeze_0p1_noise0p5_s5_a0p3_b0p8,11,freeze,0.1,0.5,5,0.3,fpr_owa,1.791824928608006,1.876863939248184,1.7385226185681226,2.7228923880791,3.101963578061354,0.8
full_seed11_freeze_0p1_noise0p5_s5_a0p3_b0p8,11,freeze,0.1,0.5,5,0.3,crp,1.7922627217385465,1.878223215999288,1.7385226185681226,2.7228923880791,3.2863701541106525,0.8
full_seed11_freeze_0p1_noise0p5_s9_a0p2_b0p7,11,freeze,0.1,0.5,9,0.2,fpr_owa,1.6939099994106117,1.766290323674207,1.6195964509853575,2.4940419819093,2.778289699734005,0.7
full_seed11_freeze_0p1_noise0p5_s9_a0p2_b0p7,11,freeze,0.1,0.5,9,0.2,crp,1.6968566800518634,1.7708682185154276,1.6263502472566846,2.503644414618502,2.778289699734005,0.7
full_seed11_freeze_0p1_noise0p5_s9_a0p3_b0p8,11,freeze,0.1,0.5,9,0.3,fpr_owa,1.6737844712949264,1.7486466102595488,1.6406429668474498,2.490743616845771,2.864073642446804,0.8
full_seed11_freeze_0p1_noise0p5_s9_a0p3_b0p8,11,freeze,0.1,0.5,9,0.3,crp,1.6753520888246591,1.752566105662696,1.6436688735616252,2.499794651630521,2.8962981748819616,0.8
full_seed11_freeze_0p2_noise0p1_s13_a0p2_b0p7,11,freeze,0.2,0.1,13,0.2,fpr_owa,1.2286464658154297,1.2719347808052737,1.2395945303919118,1.6480635543117987,1.6980898593404143,0.7
full_seed11_freeze_0p2_noise0p1_s13_a0p2_b0p7,11,freeze,0.2,0.1,13,0.2,crp,1.2286464658154297,1.2719347808052737,1.2395945303919118,1.6480635543117987,1.6980898593404143,0.7
full_seed11_freeze_0p2_noise0p1_s13_a0p3_b0p8,11,freeze,0.2,0.1,13,0.3,fpr_owa,1.499613106001838,1.5670845213355542,1.4942109486542563,2.072609081667942,2.1531616283456394,0.8
full_seed11_freeze_0p2_noise0p1_s13_a0p3_b0p8,11,freeze,0.2,0.1,13,0.3,crp,1.499613106001838,1.5670845213355542,1.4942109486542563,2.072609081667942,2.1531616283456394,0.8
full_seed11_freeze_0p2_noise0p1_s5_a0p2_b0p7,11,freeze,0.2,0.1,5,0.2,fpr_owa,1.7130458806689026,1.7843990244773766,1.6040274838643926,2.480498620302904,2.605539676523132,0.7
full_seed11_freeze_0p2_noise0p1_s5_a0p2_b0p7,11,freeze,0.2,0.1,5,0.2,crp,1.7130458806689026,1.7843990244773766,1.6040274838643926,2.480498620302904,2.605539676523132,0.7
full_seed11_freeze_0p2_noise0p1_s5_a0p3_b0p8,11,freeze,0.2,0.1,5,0.3,fpr_owa,1.7089937459253333,1.784430722063194,1.57942392121806,2.466498616102721,2.5953096084478187,0.8
full_seed11_freeze_0p2_noise0p1_s5_a0p3_b0p8,11,freeze,0.2,0.1,5,0.3,crp,1.7089937459253333,1.784430722063194,1.57942392121806,2.466498616102721,2.5953096084478187,0.8
full_seed11_freeze_0p2_noise0p1_s9_a0p2_b0p7,11,freeze,0.2,0.1,9,0.2,fpr_owa,1.7699562926822645,1.8218742995942645,1.700680695914481,2.3967184897844347,2.574826357871061,0.7
full_seed11_freeze_0p2_noise0p1_s9_a0p2_b0p7,11,freeze,0.2,0.1,9,0.2,crp,1.7699562926822645,1.8218742995942645,1.700680695914481,2.3967184897844347,2.574826357871061,0.7
full_seed11_freeze_0p2_noise0p1_s9_a0p3_b0p8,11,freeze,0.2,0.1,9,0.3,fpr_owa,1.7384195157116686,1.8117904798483548,1.6212251030643436,2.4605640305153686,2.5536400951101115,0.8
full_seed11_freeze_0p2_noise0p1_s9_a0p3_b0p8,11,freeze,0.2,0.1,9,0.3,crp,1.7384195157116686,1.8117904798483548,1.6212251030643436,2.4605640305153686,2.5536400951101115,0.8
full_seed11_freeze_0p2_noise0p25_s13_a0p2_b0p7,11,freeze,0.2,0.25,13,0.2,fpr_owa,1.251395937976713,1.3087907011643245,1.2670634455605412,1.7836445708299469,1.9569972867118044,0.7
full_seed11_freeze_0p2_noise0p25_s13_a0p2_b0p7,11,freeze,0.2,0.25,13,0.2,crp,1.25280481295269,1.3105263157506393,1.2670634455605412,1.7856115060704487,2.018442211803433,0.7
full_seed11_freeze_0p2_noise0p25_s13_a0p3_b0p8,11,freeze,0.2,0.25,13,0.3,fpr_owa,1.4566879107041624,1.5490452270295654,1.4791364340388855,2.1696710213730563,2.3214884090002728,0.8
full_seed11_freeze_0p2_noise0p25_s13_a0p3_b0p8,11,freeze,0.2,0.25,13,0.3,crp,1.4572823527077965,1.549448869601014,1.487321941700677,2.1696710213730563,2.37180647680024,0.8
full_seed11_freeze_0p2_noise0p25_s5_a0p2_b0p7,11,freeze,0.2,0.25,5,0.2,fpr_owa,1.7241308073640105,1.7956922304184275,1.6285574830928446,2.530336780708545,2.8249633333898125,0.7
full_seed11_freeze_0p2_noise0p25_s5_a0p2_b0p7,11,freeze,0.2,0.25,5,0.2,crp,1.7241308073640105,1.7956922304184275,1.6285574830928446,2.530336780708545,2.8249633333898125,0.7
full_seed11_freeze_0p2_noise0p25_s5_a0p3_b0p8,11,freeze,0.2,0.25,5,0.3,fpr_owa,1.7232835029384346,1.796697542758572,1.6285767927522714,2.54359028374445,2.780508180814264,0.8
full_seed11_freeze_0p2_noise0p25_s5_a0p3_b0p8,11,freeze,0.2,0.25,5,0.3,crp,1.7232835029384346,1.796697542758572,1.6285767927522714,2.54359028374445,2.780508180814264,0.8
full_seed11_freeze_0p2_noise0p25_s9_a0p2_b0p7,11,freeze,0.2,0.25,9,0.2,fpr_owa,1.7493272759167136,1.810342433423592,1.681382594372669,2.4470077354460797,2.521973157704734,0.7
full_seed11_freeze_0p2_noise0p25_s9_a0p2_b0p7,11,freeze,0.2,0.25,9,0.2,crp,1.7495807789076447,1.81067635813042,1.681382594372669,2.4470077354460797,2.521973157704734,0.7
full_seed11_freeze_0p2_noise0p25_s9_a0p3_b0p8,11,freeze,0.2,0.25,9,0.3,fpr_owa,1.7224321946088683,1.7925249529281817,1.668284193878235,2.505452646942912,2.5830073309369843,0.8
full_seed11_freeze_0p2_noise0p25_s9_a0p3_b0p8,11,freeze,0.2,0.25,9,0.3,crp,1.7234832406269536,1.7938925716817535,1.668284193878235,2.505452646942912,2.5830073309369843,0.8
full_seed11_freeze_0p2_noise0p5_s13_a0p2_b0p7,11,freeze,0.2,0.5,13,0.2,fpr_owa,1.3019724135618027,1.3737794542576065,1.312422136892076,1.9492338214954077,2.328857833792351,0.7
full_seed11_freeze_0p2_noise0p5_s13_a0p2_b0p7,11,freeze,0.2,0.5,13,0.2,crp,1.324922677913693,1.403200934624068,1.3086377476017073,2.0644650601403547,2.328857833792351,0.7
full_seed11_freeze_0p2_noise0p5_s13_a0p3_b0p8,11,freeze,0.2,0.5,13,0.3,fpr_owa,1.3937686990937397,1.4889468438312354,1.3238082934241444,2.2149298514482583,2.463651990888692,0.8
full_seed11_freeze_0p2_noise0p5_s13_a0p3_b0p8,11,freeze,0.2,0.5,13,0.3,crp,1.4177012371071138,1.5174591038228389,1.3736359669816145,2.27912764752856,2.531336797196653,0.8
full_seed11_freeze_0p2_noise0p5_s5_a0p2_b0p7,11,freeze,0.2,0.5,5,0.2,fpr_owa,1.7572618890623075,1.8405626979965963,1.7334212562837823,2.684271847491995,3.190669428167615,0.7
full_seed11_freeze_0p2_noise0p5_s5_a0p2_b0p7,11,freeze,0.2,0.5,5,0.2,crp,1.7590835295742078,1.844447105749281,1.7304443579195723,2.6846289267011563,3.246589313978529,0.7
full_seed11_freeze_0p2_noise0p5_s5_a0p3_b0p8,11,freeze,0.2,0.5,5,0.3,fpr_owa,1.749656213517927,1.8316702358380053,1.72598660621631,2.676148380869878,3.101963578061354,0.8
full_seed11_freeze_0p2_noise0p5_s5_a0p3_b0p8,11,freeze,0.2,0.5,5,0.3,crp,1.750787277986721,1.8341519848450123,1.72598660621631,2.676148380869878,3.2863701541106525,0.8
full_seed11_freeze_0p2_noise0p5_s9_a0p2_b0p7,11,freeze,0.2,0.5,9,0.2,fpr_owa,1.7130723279990974,1.784940621864214,1.6479687532959648,2.503644414618502,2.778289699734005,0.7
full_seed11_freeze_0p2_noise0p5_s9_a0p2_b0p7,11,freeze,0.2,0.5,9,0.2,crp,1.7190576776451152,1.791968675544666,1.652807821246935,2.537331488097029,2.778289699734005,0.7
full_seed11_freeze_0p2_noise0p5_s9_a0p3_b0p8,11,freeze,0.2,0.5,9,0.3,fpr_owa,1.6946041912482803,1.7703590011849164,1.647057831847302,2.517541225156484,2.864073642446804,0.8
full_seed11_freeze_0p2_noise0p5_s9_a0p3_b0p8,11,freeze,0.2,0.5,9,0.3,crp,1.6971139611765556,1.7745404992107152,1.6495909583778174,2.517541225156484,2.8962981748819616,0.8
full_seed11_freeze_0p3_noise0p1_s13_a0p2_b0p7,11,freeze,0.3,0.1,13,0.2,fpr_owa,1.2327662089326343,1.2719579514393369,1.230797361319818,1.6408114862646264,1.6831001370246317,0.7
full_seed11_freeze_0p3_noise0p1_s13_a0p2_b0p7,11,freeze,0.3,0.1,13,0.2,crp,1.2327662089326343,1.2719579514393369,1.230797361319818,1.6408114862646264,1.6831001370246317,0.7
full_seed11_freeze_0p3_noise0p1_s13_a0p3_b0p8,11,freeze,0.3,0.1,13,0.3,fpr_owa,1.5067789559828548,1.5680731077574246,1.526986907368887,2.050739632493196,2.1531616283456394,0.8
full_seed11_freeze_0p3_noise0p1_s13_a0p3_b0p8,11,freeze,0.3,0.1,13,0.3,crp,1.5067789559828548,1.5680731077574246,1.526986907368887,2.050739632493196,2.1531616283456394,0.8
full_seed11_freeze_0p3_noise0p1_s5_a0p2_b0p7,11,freeze,0.3,0.1,5,0.2,fpr_owa,1.7588251629980192,1.8265193683262104,1.656554723452834,2.48870375917548,2.605539676523132,0.7
full_seed11_freeze_0p3_noise0p1_s5_a0p2_b0p7,11,freeze,0.3,0.1,5,0.2,crp,1.7588251629980192,1.8265193683262104,1.656554723452834,2.48870375917548,2.605539676523132,0.7
full_seed11_freeze_0p3_noise0p1_s5_a0p3_b0p8,11,freeze,0.3,0.1,5,0.3,fpr_owa,1.7571465633092158,1.8299487662597784,1.6657647502417128,2.4879273488857216,2.6243502790693647,0.8
full_seed11_freeze_0p3_noise0p1_s5_a0p3_b0p8,11,freeze,0.3,0.1,5,0.3,crp,1.7571465633092158,1.8299487662597784,1.6657647502417128,2.4879273488857216,2.6243502790693647,0.8
full_seed11_freeze_0p3_noise0p1_s9_a0p2_b0p7,11,freeze,0.3,0.1,9,0.2,fpr_owa,1.7802005007357338,1.830603534570572,1.7011175460947856,2.4012606868396986,2.5139828496002163,0.7
full_seed11_freeze_0p3_noise0p1_s9_a0p2_b0p7,11,freeze,0.3,0.1,9,0.2,crp,1.7802005007357338,1.830603534570572,1.7011175460947856,2.4012606868396986,2.5139828496002163,0.7
full_seed11_freeze_0p3_noise0p1_s9_a0p3_b0p8,11,freeze,0.3,0.1,9,0.3,fpr_owa,1.7619467571172072,1.831806765853952,1.6424891932989247,2.482842954880742,2.5858102897220308,0.8
full_seed11_freeze_0p3_noise0p1_s9_a0p3_b0p8,11,freeze,0.3,0.1,9,0.3,crp,1.7619467571172072,1.831806765853952,1.6424891932989247,2.482842954880742,2.5858102897220308,0.8
full_seed11_freeze_0p3_noise0p25_s13_a0p2_b0p7,11,freeze,0.3,0.25,13,0.2,fpr_owa,1.2608625001652656,1.3135895107620077,1.2722156512767664,1.767926065038224,1.9569972867118044,0.7
full_seed11_freeze_0p3_noise0p25_s13_a0p2_b0p7,11,freeze,0.3,0.25,13,0.2,crp,1.262234396663325,1.3152241846578745,1.2722156512767664,1.7691704527843182,1.95960317301956,0.7
full_seed11_freeze_0p3_noise0p25_s13_a0p3_b0p8,11,freeze,0.3,0.25,13,0.3,fpr_owa,1.4644344089093182,1.551542652513135,1.489170636494387,2.163000432934401,2.3214884090002728,0.8
full_seed11_freeze_0p3_noise0p25_s13_a0p3_b0p8,11,freeze,0.3,0.25,13,0.3,crp,1.4650069722780683,1.5518786500937116,1.490337694597462,2.163000432934401,2.303545135963096,0.8
full_seed11_freeze_0p3_noise0p25_s5_a0p2_b0p7,11,freeze,0.3,0.25,5,0.2,fpr_owa,1.7629450888523956,1.82976320094425,1.7273636200124758,2.5564624595886305,2.8249633333898125,0.7
full_seed11_freeze_0p3_noise0p25_s5_a0p2_b0p7,11,freeze,0.3,0.25,5,0.2,crp,1.7629450888523956,1.82976320094425,1.7273636200124758,2.5564624595886305,2.8249633333898125,0.7
full_seed11_freeze_0p3_noise0p25_s5_a0p3_b0p8,11,freeze,0.3,0.25,5,0.3,fpr_owa,1.763808571953752,1.83336040631476,1.679470634562631,2.557885230330293,2.780508180814264,0.8
full_seed11_freeze_0p3_noise0p25_s5_a0p3_b0p8,11,freeze,0.3,0.25,5,0.3,crp,1.763808571953752,1.83336040631476,1.679470634562631,2.557885230330293,2.780508180814264,0.8
full_seed11_freeze_0p3_noise0p25_s9_a0p2_b0p7,11,freeze,0.3,0.25,9,0.2,fpr_owa,1.7615787351831895,1.8200522462343875,1.7098634847970189,2.447811500580874,2.5153981132942484,0.7
full_seed11_freeze_0p3_noise0p25_s9_a0p2_b0p7,11,freeze,0.3,0.25,9,0.2,crp,1.761832238174121,1.820384389809259,1.7098634847970189,2.447811500580874,2.5153981132942484,0.7
full_seed11_freeze_0p3_noise0p25_s9_a0p3_b0p8,11,freeze,0.3,0.25,9,0.3,fpr_owa,1.740080473540722,1.8071476299472815,1.680170053322714,2.505452646942912,2.5830073309369843,0.8
full_seed11_freeze_0p3_noise0p25_s9_a0p3_b0p8,11,freeze,0.3,0.25,9,0.3,crp,1.7411315195588069,1.808504190840838,1.680170053322714,2.505452646942912,2.5830073309369843,0.8
full_seed11_freeze_0p3_noise0p5_s13_a0p2_b0p7,11,freeze,0.3,0.5,13,0.2,fpr_owa,1.3007591434686538,1.3712285137731837,1.2950332977075258,1.929339078514468,2.2658473653272946,0.7
full_seed11_freeze_0p3_noise0p5_s13_a0p2_b0p7,11,freeze,0.3,0.5,13,0.2,crp,1.325784374333046,1.403775830190131,1.3193374410392744,2.059644247433733,2.2658473653272946,0.7
full_seed11_freeze_0p3_noise0p5_s13_a0p3_b0p8,11,freeze,0.3,0.5,13,0.3,fpr_owa,1.3894044688105822,1.483120780952555,1.3154909579482066,2.203207510541254,2.4241844890282884,0.8
full_seed11_freeze_0p3_noise0p5_s13_a0p3_b0p8,11,freeze,0.3,0.5,13,0.3,crp,1.410331125048345,1.5090478572986017,1.3365451283606342,2.269271448521008,2.531336797196653,0.8
full_seed11_freeze_0p3_noise0p5_s5_a0p2_b0p7,11,freeze,0.3,0.5,5,0.2,fpr_owa,1.7851464925343827,1.867594244745236,1.7527794996040984,2.6915603866972435,3.190669428167615,0.7
full_seed11_freeze_0p3_noise0p5_s5_a0p2_b0p7,11,freeze,0.3,0.5,5,0.2,crp,1.7869681330462823,1.871422545459981,1.745733287595802,2.720146488779545,3.246589313978529,0.7
full_seed11_freeze_0p3_noise0p5_s5_a0p3_b0p8,11,freeze,0.3,0.5,5,0.3,fpr_owa,1.7840283004642212,1.8644330231143489,1.7544516632201068,2.724459367095698,3.101963578061354,0.8
full_seed11_freeze_0p3_noise0p5_s5_a0p3_b0p8,11,freeze,0.3,0.5,5,0.3,crp,1.7851593649330155,1.866871219001288,1.7544516632201068,2.724459367095698,3.2863701541106525,0.8
full_seed11_freeze_0p3_noise0p5_s9_a0p2_b0p7,11,freeze,0.3,0.5,9,0.2,fpr_owa,1.7174775339796406,1.78717914266237,1.6514463274723254,2.5036777547565974,2.741882152395119,0.7
full_seed11_freeze_0p3_noise0p5_s9_a0p2_b0p7,11,freeze,0.3,0.5,9,0.2,crp,1.7221934754881645,1.7931535598132784,1.654484794892514,2.537331488097029,2.741882152395119,0.7
full_seed11_freeze_0p3_noise0p5_s9_a0p3_b0p8,11,freeze,0.3,0.5,9,0.3,fpr_owa,1.695765775242236,1.7693299450085125,1.6443811012118412,2.521671619613573,2.864073642446804,0.8
full_seed11_freeze_0p3_noise0p5_s9_a0p3_b0p8,11,freeze,0.3,0.5,9,0.3,crp,1.6989559663050646,1.773999801184931,1.648209794094768,2.522283539270202,2.8962981748819616,0.8
full_seed11_freeze_0p4_noise0p1_s13_a0p2_b0p7,11,freeze,0.4,0.1,13,0.2,fpr_owa,1.2173443240907944,1.2604352121659903,1.2237671332839528,1.6408114862646264,1.6831001370246317,0.7
full_seed11_freeze_0p4_noise0p1_s13_a0p2_b0p7,11,freeze,0.4,0.1,13,0.2,crp,1.2173443240907944,1.2604352121659903,1.2237671332839528,1.6408114862646264,1.6831001370246317,0.7
full_seed11_freeze_0p4_noise0p1_s13_a0p3_b0p8,11,freeze,0.4,0.1,13,0.3,fpr_owa,1.4813120975103111,1.5470908361689852,1.492333708365056,2.054147538950488,2.1531616283456394,0.8
full_seed11_freeze_0p4_noise0p1_s13_a0p3_b0p8,11,freeze,0.4,0.1,13,0.3,crp,1.4813120975103111,1.5470908361689852,1.492333708365056,2.054147538950488,2.1531616283456394,0.8
full_seed11_freeze_0p4_noise0p1_s5_a0p2_b0p7,11,freeze,0.4,0.1,5,0.2,fpr_owa,1.7588251629980192,1.8265193683262104,1.656554723452834,2.48870375917548,2.605539676523132,0.7
full_seed11_freeze_0p4_noise0p1_s5_a0p2_b0p7,11,freeze,0.4,0.1,5,0.2,crp,1.7588251629980192,1.8265193683262104,1.656554723452834,2.48870375917548,2.605539676523132,0.7
full_seed11_freeze_0p4_noise0p1_s5_a0p3_b0p8,11,freeze,0.4,0.1,5,0.3,fpr_owa,1.7571465633092158,1.8299487662597784,1.6657647502417128,2.4879273488857216,2.6243502790693647,0.8
full_seed11_freeze_0p4_noise0p1_s5_a0p3_b0p8,11,freeze,0.4,0.1,5,0.3,crp,1.7571465633092158,1.8299487662597784,1.6657647502417128,2.4879273488857216,2.6243502790693647,0.8
full_seed11_freeze_0p4_noise0p1_s9_a0p2_b0p7,11,freeze,0.4,0.1,9,0.2,fpr_owa,1.775552877500697,1.8256063756010168,1.6946105427692586,2.3845366344027674,2.508608754832274,0.7
full_seed11_freeze_0p4_noise0p1_s9_a0p2_b0p7,11,freeze,0.4,0.1,9,0.2,crp,1.775552877500697,1.8256063756010168,1.6946105427692586,2.3845366344027674,2.508608754832274,0.7
full_seed11_freeze_0p4_noise0p1_s9_a0p3_b0p8,11,freeze,0.4,0.1,9,0.3,fpr_owa,1.761718331649074,1.8276424620011404,1.682500313102138,2.457145504089235,2.5362443408446937,0.8
full_seed11_freeze_0p4_noise0p1_s9_a0p3_b0p8,11,freeze,0.4,0.1,9,0.3,crp,1.761718331649074,1.8276424620011404,1.682500313102138,2.457145504089235,2.5362443408446937,0.8
full_seed11_freeze_0p4_noise0p25_s13_a0p2_b0p7,11,freeze,0.4,0.25,13,0.2,fpr_owa,1.2378754714502591,1.2917153070739125,1.2548214029082725,1.767926065038224,1.9569972867118044,0.7
full_seed11_freeze_0p4_noise0p25_s13_a0p2_b0p7,11,freeze,0.4,0.25,13,0.2,crp,1.238247431754633,1.291954604756712,1.2548214029082725,1.767926065038224,1.899473694294905,0.7
full_seed11_freeze_0p4_noise0p25_s13_a0p3_b0p8,11,freeze,0.4,0.25,13,0.3,fpr_owa,1.4345602049971011,1.5219040675077624,1.45891232888057,2.144239548854637,2.3214884090002728,0.8
full_seed11_freeze_0p4_noise0p25_s13_a0p3_b0p8,11,freeze,0.4,0.25,13,0.3,crp,1.43430534092233,1.5210479980927352,1.4614353911569031,2.12476684771799,2.264521679521725,0.8
full_seed11_freeze_0p4_noise0p25_s5_a0p2_b0p7,11,freeze,0.4,0.25,5,0.2,fpr_owa,1.7629450888523956,1.82976320094425,1.7273636200124758,2.5564624595886305,2.8249633333898125,0.7
full_seed11_freeze_0p4_noise0p25_s5_a0p2_b0p7,11,freeze,0.4,0.25,5,0.2,crp,1.7629450888523956,1.82976320094425,1.7273636200124758,2.5564624595886305,2.8249633333898125,0.7
full_seed11_freeze_0p4_noise0p25_s5_a0p3_b0p8,11,freeze,0.4,0.25,5,0.3,fpr_owa,1.763808571953752,1.83336040631476,1.679470634562631,2.557885230330293,2.780508180814264,0.8
full_seed11_freeze_0p4_noise0p25_s5_a0p3_b0p8,11,freeze,0.4,0.25,5,0.3,crp,1.763808571953752,1.83336040631476,1.679470634562631,2.557885230330293,2.780508180814264,0.8
full_seed11_freeze_0p4_noise0p25_s9_a0p2_b0p7,11,freeze,0.4,0.25,9,0.2,fpr_owa,1.7587748867579232,1.816292181588978,1.7170543074770075,2.437536876326176,2.579529275801635,0.7
full_seed11_freeze_0p4_noise0p25_s9_a0p2_b0p7,11,freeze,0.4,0.25,9,0.2,crp,1.759028389748854,1.816625012637346,1.7170543074770075,2.437536876326176,2.579529275801635,0.7
full_seed11_freeze_0p4_noise0p25_s9_a0p3_b0p8,11,freeze,0.4,0.25,9,0.3,fpr_owa,1.7367329531001374,1.8009447611989122,1.6982522506781277,2.486857093257645,2.5830073309369843,0.8
full_seed11_freeze_0p4_noise0p25_s9_a0p3_b0p8,11,freeze,0.4,0.25,9,0.3,crp,1.7377839991182222,1.802305990877965,1.6982522506781277,2.486857093257645,2.5830073309369843,0.8
full_seed11_freeze_0p4_noise0p5_s13_a0p2_b0p7,11,freeze,0.4,0.5,13,0.2,fpr_owa,1.273557718307799,1.3437035702007374,1.285925243577851,1.9492338214954077,2.213473774915168,0.7
full_seed11_freeze_0p4_noise0p5_s13_a0p2_b0p7,11,freeze,0.4,0.5,13,0.2,crp,1.2962355871952125,1.3734618157858658,1.2936416965993378,2.039791770616325,2.216347757068048,0.7
full_seed11_freeze_0p4_noise0p5_s13_a0p3_b0p8,11,freeze,0.4,0.5,13,0.3,fpr_owa,1.3580552258362646,1.4484533801871595,1.307759392461581,2.201520138224337,2.416495020703485,0.8
full_seed11_freeze_0p4_noise0p5_s13_a0p3_b0p8,11,freeze,0.4,0.5,13,0.3,crp,1.378622033140915,1.473210702749143,1.347421415776813,2.2441923911765667,2.531336797196653,0.8
full_seed11_freeze_0p4_noise0p5_s5_a0p2_b0p7,11,freeze,0.4,0.5,5,0.2,fpr_owa,1.7851464925343827,1.867594244745236,1.7527794996040984,2.6915603866972435,3.190669428167615,0.7
full_seed11_freeze_0p4_noise0p5_s5_a0p2_b0p7,11,freeze,0.4,0.5,5,0.2,crp,1.7869681330462823,1.871422545459981,1.745733287595802,2.720146488779545,3.246589313978529,0.7
full_seed11_freeze_0p4_noise0p5_s5_a0p3_b0p8,11,freeze,0.4,0.5,5,0.3,fpr_owa,1.7840283004642212,1.8644330231143489,1.7544516632201068,2.724459367095698,3.101963578061354,0.8
full_seed11_freeze_0p4_noise0p5_s5_a0p3_b0p8,11,freeze,0.4,0.5,5,0.3,crp,1.7851593649330155,1.866871219001288,1.7544516632201068,2.724459367095698,3.2863701541106525,0.8
full_seed11_freeze_0p4_noise0p5_s9_a0p2_b0p7,11,freeze,0.4,0.5,9,0.2,fpr_owa,1.7233237978993905,1.7905897090609348,1.674821155225661,2.503644414618502,2.787962578284837,0.7
full_seed11_freeze_0p4_noise0p5_s9_a0p2_b0p7,11,freeze,0.4,0.5,9,0.2,crp,1.7248843106655865,1.7932428892690775,1.674821155225661,2.537331488097029,2.787962578284837,0.7
full_seed11_freeze_0p4_noise0p5_s9_a0p3_b0p8,11,freeze,0.4,0.5,9,0.3,fpr_owa,1.7016173555770422,1.77300598071551,1.6420324084660942,2.5214644031801567,2.864073642446804,0.8
full_seed11_freeze_0p4_noise0p5_s9_a0p3_b0p8,11,freeze,0.4,0.5,9,0.3,crp,1.7031685463858677,1.7761136982599477,1.6454213667517712,2.5214644031801567,2.8962981748819616,0.8
full_seed11_mixed_0p0_noise0p1_s13_a0p2_b0p7,11,mixed,0.0,0.1,13,0.2,fpr_owa,1.2030380377571297,1.251722441779351,1.2026784507458006,1.6480635543117987,1.7018842003615893,0.7
full_seed11_mixed_0p0_noise0p1_s13_a0p2_b0p7,11,mixed,0.0,0.1,13,0.2,crp,1.2030380377571297,1.251722441779351,1.2026784507458006,1.6480635543117987,1.7018842003615893,0.7
full_seed11_mixed_0p0_noise0p1_s13_a0p3_b0p8,11,mixed,0.0,0.1,13,0.3,fpr_owa,1.4692993938784018,1.5449144247902484,1.433608269751376,2.093640686237393,2.1531616283456394,0.8
full_seed11_mixed_0p0_noise0p1_s13_a0p3_b0p8,11,mixed,0.0,0.1,13,0.3,crp,1.4692993938784018,1.5449144247902484,1.433608269751376,2.093640686237393,2.1531616283456394,0.8
full_seed11_mixed_0p0_noise0p1_s5_a0p2_b0p7,11,mixed,0.0,0.1,5,0.2,fpr_owa,1.7641788435487618,1.8344957748451296,1.6378153881221,2.480498620302904,2.605539676523132,0.7
full_seed11_mixed_0p0_noise0p1_s5_a0p2_b0p7,11,mixed,0.0,0.1,5,0.2,crp,1.7641788435487618,1.8344957748451296,1.6378153881221,2.480498620302904,2.605539676523132,0.7
full_seed11_mixed_0p0_noise0p1_s5_a0p3_b0p8,11,mixed,0.0,0.1,5,0.3,fpr_owa,1.774467932880156,1.850312605071101,1.6740220907729897,2.48608007812878,2.5953096084478187,0.8
full_seed11_mixed_0p0_noise0p1_s5_a0p3_b0p8,11,mixed,0.0,0.1,5,0.3,crp,1.774467932880156,1.850312605071101,1.6740220907729897,2.48608007812878,2.5953096084478187,0.8
full_seed11_mixed_0p0_noise0p1_s9_a0p2_b0p7,11,mixed,0.0,0.1,9,0.2,fpr_owa,1.76382617176232,1.818790851360434,1.646441406201646,2.403961893301196,2.574826357871061,0.7
full_seed11_mixed_0p0_noise0p1_s9_a0p2_b0p7,11,mixed,0.0,0.1,9,0.2,crp,1.76382617176232,1.818790851360434,1.646441406201646,2.403961893301196,2.574826357871061,0.7
full_seed11_mixed_0p0_noise0p1_s9_a0p3_b0p8,11,mixed,0.0,0.1,9,0.3,fpr_owa,1.7391030676721655,1.8148932617376512,1.576794331174129,2.4696643260282585,2.5362443408446937,0.8
full_seed11_mixed_0p0_noise0p1_s9_a0p3_b0p8,11,mixed,0.0,0.1,9,0.3,crp,1.7391030676721655,1.8148932617376512,1.576794331174129,2.4696643260282585,2.5362443408446937,0.8
full_seed11_mixed_0p0_noise0p25_s13_a0p2_b0p7,11,mixed,0.0,0.25,13,0.2,fpr_owa,1.2367405563130776,1.2975391058372567,1.231759497280631,1.7918660933805393,1.9569972867118044,0.7
full_seed11_mixed_0p0_noise0p25_s13_a0p2_b0p7,11,mixed,0.0,0.25,13,0.2,crp,1.238083801527773,1.299166993182833,1.231759497280631,1.7989839629771611,1.974340065145474,0.7
full_seed11_mixed_0p0_noise0p25_s13_a0p3_b0p8,11,mixed,0.0,0.25,13,0.3,fpr_owa,1.4406965827838207,1.5385127187146916,1.3426406936018875,2.1780674388216434,2.3214884090002728,0.8
full_seed11_mixed_0p0_noise0p25_s13_a0p3_b0p8,11,mixed,0.0,0.25,13,0.3,crp,1.441268768296489,1.5388557950623212,1.3719119696010236,2.1780674388216434,2.312384437210297,0.8
full_seed11_mixed_0p0_noise0p25_s5_a0p2_b0p7,11,mixed,0.0,0.25,5,0.2,fpr_owa,1.768739992363102,1.8408338656066765,1.6648480772683014,2.521330051813962,2.8249633333898125,0.7
full_seed11_mixed_0p0_noise0p25_s5_a0p2_b0p7,11,mixed,0.0,0.25,5,0.2,crp,1.768739992363102,1.8408338656066765,1.6648480772683014,2.521330051813962,2.8249633333898125,0.7
full_seed11_mixed_0p0_noise0p25_s5_a0p3_b0p8,11,mixed,0.0,0.25,5,0.3,fpr_owa,1.7807210666317297,1.853421338503683,1.700543780777097,2.5455608840162336,2.780508180814264,0.8
full_seed11_mixed_0p0_noise0p25_s5_a0p3_b0p8,11,mixed,0.0,0.25,5,0.3,crp,1.7807210666317297,1.853421338503683,1.700543780777097,2.5455608840162336,2.780508180814264,0.8
full_seed11_mixed_0p0_noise0p25_s9_a0p2_b0p7,11,mixed,0.0,0.25,9,0.2,fpr_owa,1.7461352404491015,1.8089103731019336,1.645012760945749,2.447591344300196,2.526468902583454,0.7
full_seed11_mixed_0p0_noise0p25_s9_a0p2_b0p7,11,mixed,0.0,0.25,9,0.2,crp,1.7463887434400327,1.8092445621181688,1.645012760945749,2.447591344300196,2.526468902583454,0.7
full_seed11_mixed_0p0_noise0p25_s9_a0p3_b0p8,11,mixed,0.0,0.25,9,0.3,fpr_owa,1.7255843389288017,1.797624491851203,1.630210464348906,2.4853318189876945,2.5830073309369843,0.8
full_seed11_mixed_0p0_noise0p25_s9_a0p3_b0p8,11,mixed,0.0,0.25,9,0.3,crp,1.7266353849468865,1.7989882338603809,1.630210464348906,2.4853318189876945,2.5830073309369843,0.8
full_seed11_mixed_0p0_noise0p5_s13_a0p2_b0p7,11,mixed,0.0,0.5,13,0.2,fpr_owa,1.2941491831629997,1.3694718070207743,1.2970916190651125,1.979666615836429,2.2904240069420423,0.7
full_seed11_mixed_0p0_noise0p5_s13_a0p2_b0p7,11,mixed,0.0,0.5,13,0.2,crp,1.3187922066515667,1.3994827766604665,1.2970916190651125,2.093151676750094,2.30881810360427,0.7
full_seed11_mixed_0p0_noise0p5_s13_a0p3_b0p8,11,mixed,0.0,0.5,13,0.3,fpr_owa,1.3879873128426703,1.4873215954875596,1.3082925736137798,2.2245555160048647,2.5341441719155235,0.8
full_seed11_mixed_0p0_noise0p5_s13_a0p3_b0p8,11,mixed,0.0,0.5,13,0.3,crp,1.4157907027658343,1.5201311492350649,1.3566589066300914,2.314757773962166,2.5341441719155235,0.8
full_seed11_mixed_0p0_noise0p5_s5_a0p2_b0p7,11,mixed,0.0,0.5,5,0.2,fpr_owa,1.7926018622007016,1.87783469716562,1.7723700273181024,2.684271847491995,3.190669428167615,0.7
full_seed11_mixed_0p0_noise0p5_s5_a0p2_b0p7,11,mixed,0.0,0.5,5,0.2,crp,1.7930026967082473,1.8793602825150544,1.75999476208116,2.6846289267011563,3.246589313978529,0.7
full_seed11_mixed_0p0_noise0p5_s5_a0p3_b0p8,11,mixed,0.0,0.5,5,0.3,fpr_owa,1.791824928608006,1.876863939248184,1.7385226185681226,2.7228923880791,3.101963578061354,0.8
full_seed11_mixed_0p0_noise0p5_s5_a0p3_b0p8,11,mixed,0.0,0.5,5,0.3,crp,1.7922627217385465,1.878223215999288,1.7385226185681226,2.7228923880791,3.2863701541106525,0.8
full_seed11_mixed_0p0_noise0p5_s9_a0p2_b0p7,11,mixed,0.0,0.5,9,0.2,fpr_owa,1.7053325554692842,1.7803703247585505,1.6412696103953297,2.503828933608913,2.7646347948997105,0.7
full_seed11_mixed_0p0_noise0p5_s9_a0p2_b0p7,11,mixed,0.0,0.5,9,0.2,crp,1.7076475606457742,1.7835341219938097,1.6441890620646844,2.534031296460946,2.7646347948997105,0.7
full_seed11_mixed_0p0_noise0p5_s9_a0p3_b0p8,11,mixed,0.0,0.5,9,0.3,fpr_owa,1.7003480934025528,1.778436934064852,1.654233640163059,2.5271347718124075,2.864073642446804,0.8
full_seed11_mixed_0p0_noise0p5_s9_a0p3_b0p8,11,mixed,0.0,0.5,9,0.3,crp,1.7039093448358609,1.7840148391754616,1.6767480481877794,2.533586229925118,2.8962981748819616,0.8
full_seed11_mixed_0p1_noise0p1_s13_a0p2_b0p7,11,mixed,0.1,0.1,13,0.2,fpr_owa,1.1596474850773228,1.205976928213499,1.135870234515585,1.6479544698814454,1.7351746813026845,0.7
full_seed11_mixed_0p1_noise0p1_s13_a0p2_b0p7,11,mixed,0.1,0.1,13,0.2,crp,1.1839256595221015,1.2337801952797558,1.1989003808745906,1.6479544698814454,1.7351746813026845,0.7
full_seed11_mixed_0p1_noise0p1_s13_a0p3_b0p8,11,mixed,0.1,0.1,13,0.3,fpr_owa,1.429918156611729,1.501683173943187,1.4174988839065945,2.0933557183598897,2.1931705960927865,0.8
full_seed11_mixed_0p1_noise0p1_s13_a0p3_b0p8,11,mixed,0.1,0.1,13,0.3,crp,1.4512503172854267,1.528929796922306,1.444230065738649,2.0933557183598897,2.1931705960927865,0.8
full_seed11_mixed_0p1_noise0p1_s5_a0p2_b0p7,11,mixed,0.1,0.1,5,0.2,fpr_owa,1.7641788435487618,1.8344957748451296,1.6378153881221,2.480498620302904,2.605539676523132,0.7
full_seed11_mixed_0p1_noise0p1_s5_a0p2_b0p7,11,mixed,0.1,0.1,5,0.2,crp,1.7641788435487618,1.8344957748451296,1.6378153881221,2.480498620302904,2.605539676523132,0.7
full_seed11_mixed_0p1_noise0p1_s5_a0p3_b0p8,11,mixed,0.1,0.1,5,0.3,fpr_owa,1.774467932880156,1.850312605071101,1.6740220907729897,2.48608007812878,2.5953096084478187,0.8
full_seed11_mixed_0p1_noise0p1_s5_a0p3_b0p8,11,mixed,0.1,0.1,5,0.3,crp,1.774467932880156,1.850312605071101,1.6740220907729897,2.48608007812878,2.5953096084478187,0.8
full_seed11_mixed_0p1_noise0p1_s9_a0p2_b0p7,11,mixed,0.1,0.1,9,0.2,fpr_owa,1.75681973250921,1.8076113787298735,1.6682878695006251,2.4110148004639207,2.582255323435484,0.7
full_seed11_mixed_0p1_noise0p1_s9_a0p2_b0p7,11,mixed,0.1,0.1,9,0.2,crp,1.782146064736935,1.8358366230568173,1.67225587783979,2.418161191933507,2.582255323435484,0.7
full_seed11_mixed_0p1_noise0p1_s9_a0p3_b0p8,11,mixed,0.1,0.1,9,0.3,fpr_owa,1.7512179919404234,1.8225451717331729,1.6325379039971284,2.4889727706313063,2.59593106892108,0.8
full_seed11_mixed_0p1_noise0p1_s9_a0p3_b0p8,11,mixed,0.1,0.1,9,0.3,crp,1.755413741986216,1.8293762944645984,1.604656356943826,2.4889727706313063,2.59593106892108,0.8
full_seed11_mixed_0p1_noise0p25_s13_a0p2_b0p7,11,mixed,0.1,0.25,13,0.2,fpr_owa,1.197353123251509,1.255300088126749,1.1680296704030897,1.7840765150264604,1.9569972867118044,0.7
full_seed11_mixed_0p1_noise0p25_s13_a0p2_b0p7,11,mixed,0.1,0.25,13,0.2,crp,1.232298878304477,1.292065515384502,1.2369885657786412,1.8076928133147887,1.974340065145474,0.7
full_seed11_mixed_0p1_noise0p25_s13_a0p3_b0p8,11,mixed,0.1,0.25,13,0.3,fpr_owa,1.405325377616201,1.4967733693302712,1.3502521377163534,2.1939271985151123,2.3214884090002728,0.8
full_seed11_mixed_0p1_noise0p25_s13_a0p3_b0p8,11,mixed,0.1,0.25,13,0.3,crp,1.4260954492074314,1.52106947165733,1.3593246064661724,2.195215641007407,2.312384437210297,0.8
full_seed11_mixed_0p1_noise0p25_s5_a0p2_b0p7,11,mixed,0.1,0.25,5,0.2,fpr_owa,1.768739992363102,1.8408338656066765,1.6648480772683014,2.521330051813962,2.8249633333898125,0.7
full_seed11_mixed_0p1_noise0p25_s5_a0p2_b0p7,11,mixed,0.1,0.25,5,0.2,crp,1.768739992363102,1.8408338656066765,1.6648480772683014,2.521330051813962,2.8249633333898125,0.7
full_seed11_mixed_0p1_noise0p25_s5_a0p3_b0p8,11,mixed,0.1,0.25,5,0.3,fpr_owa,1.7807210666317297,1.853421338503683,1.700543780777097,2.5455608840162336,2.780508180814264,0.8
full_seed11_mixed_0p1_noise0p25_s5_a0p3_b0p8,11,mixed,0.1,0.25,5,0.3,crp,1.7807210666317297,1.853421338503683,1.700543780777097,2.5455608840162336,2.780508180814264,0.8
full_seed11_mixed_0p1_noise0p25_s9_a0p2_b0p7,11,mixed,0.1,0.25,9,0.2,fpr_owa,1.7400660154280412,1.8001814517269294,1.673602006863016,2.451517467544737,2.598216331463201,0.7
full_seed11_mixed_0p1_noise0p25_s9_a0p2_b0p7,11,mixed,0.1,0.25,9,0.2,crp,1.7623753217128046,1.8249368247777664,1.673602006863016,2.4621216557607046,2.598216331463201,0.7
full_seed11_mixed_0p1_noise0p25_s9_a0p3_b0p8,11,mixed,0.1,0.25,9,0.3,fpr_owa,1.7392973604295334,1.8085483825408135,1.6741308557370225,2.507313789305026,2.6059994327046154,0.8
full_seed11_mixed_0p1_noise0p25_s9_a0p3_b0p8,11,mixed,0.1,0.25,9,0.3,crp,1.7417481871573697,1.8127872409455617,1.6641648317850624,2.507313789305026,2.6059994327046154,0.8
full_seed11_mixed_0p1_noise0p5_s13_a0p2_b0p7,11,mixed,0.1,0.5,13,0.2,fpr_owa,1.267554006836365,1.3400209735590172,1.263997575136764,1.9517950764589107,2.2903183284828312,0.7
full_seed11_mixed_0p1_noise0p5_s13_a0p2_b0p7,11,mixed,0.1,0.5,13,0.2,crp,1.3036102049483522,1.3835596745734,1.2942370958002667,2.065558450610501,2.3499098128717613,0.7
full_seed11_mixed_0p1_noise0p5_s13_a0p3_b0p8,11,mixed,0.1,0.5,13,0.3,fpr_owa,1.3804923797274686,1.4761764704905207,1.3235840270910375,2.25712111348635,2.4660619455674526,0.8
full_seed11_mixed_0p1_noise0p5_s13_a0p3_b0p8,11,mixed,0.1,0.5,13,0.3,crp,1.3898108161176972,1.4929028738332757,1.2976668213553992,2.299226675456655,2.561276180010243,0.8
full_seed11_mixed_0p1_noise0p5_s5_a0p2_b0p7,11,mixed,0.1,0.5,5,0.2,fpr_owa,1.7926018622007016,1.87783469716562,1.7723700273181024,2.684271847491995,3.190669428167615,0.7
full_seed11_mixed_0p1_noise0p5_s5_a0p2_b0p7,11,mixed,0.1,0.5,5,0.2,crp,1.7930026967082473,1.8793602825150544,1.75999476208116,2.6846289267011563,3.246589313978529,0.7
full_seed11_mixed_0p1_noise0p5_s5_a0p3_b0p8,11,mixed,0.1,0.5,5,0.3,fpr_owa,1.791824928608006,1.876863939248184,1.7385226185681226,2.7228923880791,3.101963578061354,0.8
full_seed11_mixed_0p1_noise0p5_s5_a0p3_b0p8,11,mixed,0.1,0.5,5,0.3,crp,1.7922627217385465,1.878223215999288,1.7385226185681226,2.7228923880791,3.2863701541106525,0.8
full_seed11_mixed_0p1_noise0p5_s9_a0p2_b0p7,11,mixed,0.1,0.5,9,0.2,fpr_owa,1.705712030489518,1.778468679072559,1.654484794892514,2.537331488097029,2.750958942850786,0.7
full_seed11_mixed_0p1_noise0p5_s9_a0p2_b0p7,11,mixed,0.1,0.5,9,0.2,crp,1.72172879021406,1.796536214506399,1.671598517795439,2.5484435199962383,2.8661614857151787,0.7
full_seed11_mixed_0p1_noise0p5_s9_a0p3_b0p8,11,mixed,0.1,0.5,9,0.3,fpr_owa,1.7152281927257336,1.7919781692128889,1.6829764781660796,2.5764953637347934,2.864073642446804,0.8
full_seed11_mixed_0p1_noise0p5_s9_a0p3_b0p8,11,mixed,0.1,0.5,9,0.3,crp,1.720375696373317,1.7999269932726631,1.7030713522627727,2.5817995183388653,2.8962981748819616,0.8
full_seed11_mixed_0p2_noise0p1_s13_a0p2_b0p7,11,mixed,0.2,0.1,13,0.2,fpr_owa,1.107717365543039,1.1752969671685878,1.1066006907542223,1.6680838851874895,1.8307201019072643,0.7
full_seed11_mixed_0p2_noise0p1_s13_a0p2_b0p7,11,mixed,0.2,0.1,13,0.2,crp,1.108199179262906,1.1731145200738533,1.1048309130933274,1.6680838851874895,2.00186292132008,0.7
full_seed11_mixed_0p2_noise0p1_s13_a0p3_b0p8,11,mixed,0.2,0.1,13,0.3,fpr_owa,1.3523872691276977,1.4418377208352375,1.27812269078769,2.137481410700663,2.2887160166973666,0.8
full_seed11_mixed_0p2_noise0p1_s13_a0p3_b0p8,11,mixed,0.2,0.1,13,0.3,crp,1.2814068203100453,1.4103769267603945,1.2730381429813291,2.137481410700663,2.2887160166973666,0.8
full_seed11_mixed_0p2_noise0p1_s5_a0p2_b0p7,11,mixed,0.2,0.1,5,0.2,fpr_owa,1.7659928744899938,1.8299729617524496,1.7131898492398774,2.480498620302904,2.60921346085803,0.7
full_seed11_mixed_0p2_noise0p1_s5_a0p2_b0p7,11,mixed,0.2,0.1,5,0.2,crp,1.7903589200382746,1.8577653331692576,1.7392780151064249,2.48870375917548,2.60921346085803,0.7
full_seed11_mixed_0p2_noise0p1_s5_a0p3_b0p8,11,mixed,0.2,0.1,5,0.3,fpr_owa,1.7883602922738082,1.856946895443685,1.7256827145793068,2.4917900074558235,2.5953096084478187,0.8
full_seed11_mixed_0p2_noise0p1_s5_a0p3_b0p8,11,mixed,0.2,0.1,5,0.3,crp,1.8022748117744904,1.8733670842755397,1.7759421955650458,2.5106873246219266,2.5953096084478187,0.8
full_seed11_mixed_0p2_noise0p1_s9_a0p2_b0p7,11,mixed,0.2,0.1,9,0.2,fpr_owa,1.70393763530765,1.7618170549955032,1.6074900645833674,2.4177151119182327,2.5917053510670884,0.7
full_seed11_mixed_0p2_noise0p1_s9_a0p2_b0p7,11,mixed,0.2,0.1,9,0.2,crp,1.7780350444459017,1.8323381973174773,1.6979438531519362,2.4256507996972663,2.5917053510670884,0.7
full_seed11_mixed_0p2_noise0p1_s9_a0p3_b0p8,11,mixed,0.2,0.1,9,0.3,fpr_owa,1.717569292863764,1.7878408659969858,1.6243659791756424,2.4904017707591777,2.6302898397795564,0.8
full_seed11_mixed_0p2_noise0p1_s9_a0p3_b0p8,11,mixed,0.2,0.1,9,0.3,crp,1.7525715024804878,1.827502296956994,1.6243659791756424,2.491672800431338,2.6302898397795564,0.8
full_seed11_mixed_0p2_noise0p25_s13_a0p2_b0p7,11,mixed,0.2,0.25,13,0.2,fpr_owa,1.1327237726391923,1.2116425756787514,1.0863288523101322,1.816328741809505,2.026909411529538,0.7
full_seed11_mixed_0p2_noise0p25_s13_a0p2_b0p7,11,mixed,0.2,0.25,13,0.2,crp,1.1535006149271954,1.2290822140554247,1.1042758903247274,1.8375354118722285,2.026909411529538,0.7
full_seed11_mixed_0p2_noise0p25_s13_a0p3_b0p8,11,mixed,0.2,0.25,13,0.3,fpr_owa,1.318225487458254,1.4282808001011291,1.1667463121409605,2.223305498073374,2.3826668934029307,0.8
full_seed11_mixed_0p2_noise0p25_s13_a0p3_b0p8,11,mixed,0.2,0.25,13,0.3,crp,1.31257953303407,1.4328311896155672,1.190272224838426,2.259298816514322,2.3826668934029307,0.8
full_seed11_mixed_0p2_noise0p25_s5_a0p2_b0p7,11,mixed,0.2,0.25,5,0.2,fpr_owa,1.7752851769769151,1.840760928211718,1.7449768692169023,2.5331313177917973,2.833926312452692,0.7
full_seed11_mixed_0p2_noise0p25_s5_a0p2_b0p7,11,mixed,0.2,0.25,5,0.2,crp,1.801811035292962,1.8715504852876657,1.755961481396875,2.5778815750440263,2.833926312452692,0.7
full_seed11_mixed_0p2_noise0p25_s5_a0p3_b0p8,11,mixed,0.2,0.25,5,0.3,fpr_owa,1.797833878132378,1.865569283895214,1.7734686392079326,2.544717931779845,2.780508180814264,0.8
full_seed11_mixed_0p2_noise0p25_s5_a0p3_b0p8,11,mixed,0.2,0.25,5,0.3,crp,1.81321851600148,1.884435504770843,1.7734686392079326,2.600498299385533,2.780508180814264,0.8
full_seed11_mixed_0p2_noise0p25_s9_a0p2_b0p7,11,mixed,0.2,0.25,9,0.2,fpr_owa,1.684310796801124,1.7507347588497404,1.6050075615884905,2.462494353761461,2.664544522488536,0.7
full_seed11_mixed_0p2_noise0p25_s9_a0p2_b0p7,11,mixed,0.2,0.25,9,0.2,crp,1.7633012032852988,1.826309092599985,1.688192334008756,2.474742902614537,2.664544522488536,0.7
full_seed11_mixed_0p2_noise0p25_s9_a0p3_b0p8,11,mixed,0.2,0.25,9,0.3,fpr_owa,1.7074998335116274,1.7757926581010983,1.6198964063713213,2.5180741975720284,2.621686317526212,0.8
full_seed11_mixed_0p2_noise0p25_s9_a0p3_b0p8,11,mixed,0.2,0.25,9,0.3,crp,1.7416990543846649,1.8140977786141363,1.6574238324392672,2.5450685292512176,2.621686317526212,0.8
full_seed11_mixed_0p2_noise0p5_s13_a0p2_b0p7,11,mixed,0.2,0.5,13,0.2,fpr_owa,1.1992277366947783,1.2899248278197322,1.171650778911208,1.9492338214954077,2.2621152109575022,0.7
full_seed11_mixed_0p2_noise0p5_s13_a0p2_b0p7,11,mixed,0.2,0.5,13,0.2,crp,1.2505589713048904,1.347001882145218,1.213365334198921,2.0798234699357128,2.4041312912969057,0.7
full_seed11_mixed_0p2_noise0p5_s13_a0p3_b0p8,11,mixed,0.2,0.5,13,0.3,fpr_owa,1.3064238133212176,1.4169360603349717,1.2085334491495188,2.282084598689531,2.556132393318061,0.8
full_seed11_mixed_0p2_noise0p5_s13_a0p3_b0p8,11,mixed,0.2,0.5,13,0.3,crp,1.3355515622529397,1.45508257732708,1.234928665880529,2.323673102463388,2.668879568074163,0.8
full_seed11_mixed_0p2_noise0p5_s5_a0p2_b0p7,11,mixed,0.2,0.5,5,0.2,fpr_owa,1.7863264955559233,1.867246905483724,1.7361437227614456,2.6846289267011563,3.190669428167615,0.7
full_seed11_mixed_0p2_noise0p5_s5_a0p2_b0p7,11,mixed,0.2,0.5,5,0.2,crp,1.8220474327890777,1.9065245912250248,1.7821425805980526,2.7499692349247025,3.246589313978529,0.7
full_seed11_mixed_0p2_noise0p5_s5_a0p3_b0p8,11,mixed,0.2,0.5,5,0.3,fpr_owa,1.809054276788856,1.8905264474157804,1.7458329681520823,2.6756292127768595,3.1417058188459723,0.8
full_seed11_mixed_0p2_noise0p5_s5_a0p3_b0p8,11,mixed,0.2,0.5,5,0.3,crp,1.8278314605327437,1.912488062231132,1.769968748069738,2.683390467196762,3.2863701541106525,0.8
full_seed11_mixed_0p2_noise0p5_s9_a0p2_b0p7,11,mixed,0.2,0.5,9,0.2,fpr_owa,1.6733455401995772,1.7512274994017205,1.6188199477130305,2.539743017234285,2.797104056104732,0.7
full_seed11_mixed_0p2_noise0p5_s9_a0p2_b0p7,11,mixed,0.2,0.5,9,0.2,crp,1.7205128267533738,1.7959455152543586,1.654484794892514,2.584120663221385,2.814780094164768,0.7
full_seed11_mixed_0p2_noise0p5_s9_a0p3_b0p8,11,mixed,0.2,0.5,9,0.3,fpr_owa,1.6922616713443963,1.7676793356877831,1.6559204466205917,2.521671619613573,2.864073642446804,0.8
full_seed11_mixed_0p2_noise0p5_s9_a0p3_b0p8,11,mixed,0.2,0.5,9,0.3,crp,1.7145525303598397,1.796382237676845,1.6777708885615163,2.647686176718511,2.8962981748819616,0.8
full_seed11_mixed_0p3_noise0p1_s13_a0p2_b0p7,11,mixed,0.3,0.1,13,0.2,fpr_owa,1.172530317647211,1.2415406297219842,1.180158360425051,1.7567086207371734,2.169584996314276,0.7
full_seed11_mixed_0p3_noise0p1_s13_a0p2_b0p7,11,mixed,0.3,0.1,13,0.2,crp,1.1232356976783346,1.1832564565051904,1.1066006907542223,1.7008287514174822,1.8307201019072643,0.7
full_seed11_mixed_0p3_noise0p1_s13_a0p3_b0p8,11,mixed,0.3,0.1,13,0.3,fpr_owa,1.3285361433782688,1.4348119467143632,1.27812269078769,2.1779025142255843,2.2887160166973666,0.8
full_seed11_mixed_0p3_noise0p1_s13_a0p3_b0p8,11,mixed,0.3,0.1,13,0.3,crp,1.2780172636777525,1.4085076033617847,1.2699199556812903,2.154390758385984,2.2887160166973666,0.8
full_seed11_mixed_0p3_noise0p1_s5_a0p2_b0p7,11,mixed,0.3,0.1,5,0.2,fpr_owa,2.009641315672927,2.210138514406336,1.7171736787005485,3.937063455771358,5.331804517850538,0.7
full_seed11_mixed_0p3_noise0p1_s5_a0p2_b0p7,11,mixed,0.3,0.1,5,0.2,crp,1.7871407677774045,1.8694371230428333,1.6636710246906627,2.540850561902356,4.615715807480312,0.7
full_seed11_mixed_0p3_noise0p1_s5_a0p3_b0p8,11,mixed,0.3,0.1,5,0.3,fpr_owa,1.8460203888573796,1.9747468686273095,1.701922615138241,3.070534796993679,3.941632565839912,0.8
full_seed11_mixed_0p3_noise0p1_s5_a0p3_b0p8,11,mixed,0.3,0.1,5,0.3,crp,1.7835671586781676,1.8610682539758077,1.6912958303581274,2.5621138761965234,3.061085274565458,0.8
full_seed11_mixed_0p3_noise0p1_s9_a0p2_b0p7,11,mixed,0.3,0.1,9,0.2,fpr_owa,1.7473682292953494,1.8532668575472715,1.585332467672913,2.606709464609265,3.624568412037848,0.7
full_seed11_mixed_0p3_noise0p1_s9_a0p2_b0p7,11,mixed,0.3,0.1,9,0.2,crp,1.779286088328799,1.8376450900322263,1.6682878695006251,2.465252326134068,2.605088360633329,0.7
full_seed11_mixed_0p3_noise0p1_s9_a0p3_b0p8,11,mixed,0.3,0.1,9,0.3,fpr_owa,1.6625719744132683,1.7457497268027775,1.5267462918974686,2.5049587838068184,2.69656053563251,0.8
full_seed11_mixed_0p3_noise0p1_s9_a0p3_b0p8,11,mixed,0.3,0.1,9,0.3,crp,1.74471454826318,1.8218920109933952,1.5954220411894453,2.523365882535625,2.69656053563251,0.8
full_seed11_mixed_0p3_noise0p25_s13_a0p2_b0p7,11,mixed,0.3,0.25,13,0.2,fpr_owa,1.1935278886219676,1.273780619001133,1.182955789113602,1.861208365670011,2.0910563702945133,0.7
full_seed11_mixed_0p3_noise0p25_s13_a0p2_b0p7,11,mixed,0.3,0.25,13,0.2,crp,1.1262978864314654,1.2127274971457362,1.0838074873828945,1.8416594972727645,2.055157204287772,0.7
full_seed11_mixed_0p3_noise0p25_s13_a0p3_b0p8,11,mixed,0.3,0.25,13,0.3,fpr_owa,1.291785444758217,1.4201860142907563,1.1667463121409605,2.252938669326068,2.42067188141775,0.8
full_seed11_mixed_0p3_noise0p25_s13_a0p3_b0p8,11,mixed,0.3,0.25,13,0.3,crp,1.2513364976982768,1.4019663715857404,1.157424122583667,2.253002274045345,2.4269595835496403,0.8
full_seed11_mixed_0p3_noise0p25_s5_a0p2_b0p7,11,mixed,0.3,0.25,5,0.2,fpr_owa,2.0169245186948968,2.216922996429542,1.7382344959974645,3.8533017031114745,5.386629844075497,0.7
full_seed11_mixed_0p3_noise0p25_s5_a0p2_b0p7,11,mixed,0.3,0.25,5,0.2,crp,1.7971069694665966,1.8826802434794656,1.7098586922159087,2.6543485993814717,4.508807691451153,0.7
full_seed11_mixed_0p3_noise0p25_s5_a0p3_b0p8,11,mixed,0.3,0.25,5,0.3,fpr_owa,1.860320108588468,1.9832310150462789,1.7099726449426185,2.980633557641122,4.004098463101063,0.8
full_seed11_mixed_0p3_noise0p25_s5_a0p3_b0p8,11,mixed,0.3,0.25,5,0.3,crp,1.7947957620469062,1.874062650050098,1.6803567924619882,2.652911928350927,2.9732606724729007,0.8
full_seed11_mixed_0p3_noise0p25_s9_a0p2_b0p7,11,mixed,0.3,0.25,9,0.2,fpr_owa,1.7492461774881902,1.862457340909754,1.6541239572875672,2.6541273152886338,3.767754901711948,0.7
full_seed11_mixed_0p3_noise0p25_s9_a0p2_b0p7,11,mixed,0.3,0.25,9,0.2,crp,1.7581976195843054,1.822862940450906,1.6764019162529724,2.503995824544413,2.7573006290033213,0.7
full_seed11_mixed_0p3_noise0p25_s9_a0p3_b0p8,11,mixed,0.3,0.25,9,0.3,fpr_owa,1.6723711038470457,1.7509534004920693,1.5603868571643336,2.520428217876495,2.6850135511482764,0.8
full_seed11_mixed_0p3_noise0p25_s9_a0p3_b0p8,11,mixed,0.3,0.25,9,0.3,crp,1.7372506020572644,1.810801685212294,1.6374582903386623,2.552415466002923,2.6850135511482764,0.8
full_seed11_mixed_0p3_noise0p5_s13_a0p2_b0p7,11,mixed,0.3,0.5,13,0.2,fpr_owa,1.2766428246326786,1.370079644349546,1.2649553423585371,2.090955297155124,2.628942415795668,0.7
full_seed11_mixed_0p3_noise0p5_s13_a0p2_b0p7,11,mixed,0.3,0.5,13,0.2,crp,1.229618176845105,1.3506770521613032,1.1826341742459938,2.13319728986602,4.283556327117053,0.7
full_seed11_mixed_0p3_noise0p5_s13_a0p3_b0p8,11,mixed,0.3,0.5,13,0.3,fpr_owa,1.2786221703755152,1.4050747509013528,1.203891088150856,2.3173505451399548,2.606721092901748,0.8
full_seed11_mixed_0p3_noise0p5_s13_a0p3_b0p8,11,mixed,0.3,0.5,13,0.3,crp,1.291941384282066,1.443173085375265,1.1857049315489898,2.349115666107776,4.769144202460477,0.8
full_seed11_mixed_0p3_noise0p5_s5_a0p2_b0p7,11,mixed,0.3,0.5,5,0.2,fpr_owa,2.0303466876250105,2.229428406561792,1.7857323304998798,3.757565457182476,5.478005387783758,0.7
full_seed11_mixed_0p3_noise0p5_s5_a0p2_b0p7,11,mixed,0.3,0.5,5,0.2,crp,1.846877430616088,1.952273779335121,1.7349178330983237,2.851561256704182,3.877352741622498,0.7
full_seed11_mixed_0p3_noise0p5_s5_a0p3_b0p8,11,mixed,0.3,0.5,5,0.3,fpr_owa,1.869370415000764,1.995384571148884,1.758138137384278,2.963521116788146,4.108208291869647,0.8
full_seed11_mixed_0p3_noise0p5_s5_a0p3_b0p8,11,mixed,0.3,0.5,5,0.3,crp,1.802628153866928,1.8989318215761013,1.743094740427742,2.770103840303048,3.2863701541106525,0.8
full_seed11_mixed_0p3_noise0p5_s9_a0p2_b0p7,11,mixed,0.3,0.5,9,0.2,fpr_owa,1.7374870531723798,1.8583443381473013,1.6483997087427045,2.715320553028994,3.5607590048228834,0.7
full_seed11_mixed_0p3_noise0p5_s9_a0p2_b0p7,11,mixed,0.3,0.5,9,0.2,crp,1.713320576420738,1.7932533307897471,1.6335360848304474,2.6023571776932366,3.013124004901325,0.7
full_seed11_mixed_0p3_noise0p5_s9_a0p3_b0p8,11,mixed,0.3,0.5,9,0.3,fpr_owa,1.6742260725859728,1.7650031595930218,1.6336432484628154,2.6484117020442044,2.864073642446804,0.8
full_seed11_mixed_0p3_noise0p5_s9_a0p3_b0p8,11,mixed,0.3,0.5,9,0.3,crp,1.7029593037323931,1.7858045623405046,1.6440644619876037,2.647686176718511,2.9337300453995008,0.8
full_seed11_mixed_0p4_noise0p1_s13_a0p2_b0p7,11,mixed,0.4,0.1,13,0.2,fpr_owa,1.3181843270801004,1.407290719261601,1.2232898897981808,2.2184858189581504,3.620537104635531,0.7
full_seed11_mixed_0p4_noise0p1_s13_a0p2_b0p7,11,mixed,0.4,0.1,13,0.2,crp,1.0849457316150908,1.1778241571531924,1.1235959739911243,1.7570469407692193,2.465028643495266,0.7
full_seed11_mixed_0p4_noise0p1_s13_a0p3_b0p8,11,mixed,0.4,0.1,13,0.3,fpr_owa,1.3865759569277665,1.4809996168883586,1.3339819928933,2.191104475517601,2.3095731561705115,0.8
full_seed11_mixed_0p4_noise0p1_s13_a0p3_b0p8,11,mixed,0.4,0.1,13,0.3,crp,1.2550393646544014,1.416621914332574,1.3000397465340732,2.177813451693782,2.3095731561705115,0.8
full_seed11_mixed_0p4_noise0p1_s5_a0p2_b0p7,11,mixed,0.4,0.1,5,0.2,fpr_owa,2.009641315672927,2.210138514406336,1.7171736787005485,3.937063455771358,5.331804517850538,0.7
full_seed11_mixed_0p4_noise0p1_s5_a0p2_b0p7,11,mixed,0.4,0.1,5,0.2,crp,1.7871407677774045,1.8694371230428333,1.6636710246906627,2.540850561902356,4.615715807480312,0.7
full_seed11_mixed_0p4_noise0p1_s5_a0p3_b0p8,11,mixed,0.4,0.1,5,0.3,fpr_owa,1.8460203888573796,1.9747468686273095,1.701922615138241,3.070534796993679,3.941632565839912,0.8
full_seed11_mixed_0p4_noise0p1_s5_a0p3_b0p8,11,mixed,0.4,0.1,5,0.3,crp,1.7835671586781676,1.8610682539758077,1.6912958303581274,2.5621138761965234,3.061085274565458,0.8
full_seed11_mixed_0p4_noise0p1_s9_a0p2_b0p7,11,mixed,0.4,0.1,9,0.2,fpr_owa,1.948416483030629,2.087150959486357,1.6965533706462146,3.494717199979578,5.34775525283431,0.7
full_seed11_mixed_0p4_noise0p1_s9_a0p2_b0p7,11,mixed,0.4,0.1,9,0.2,crp,1.9063103193853892,2.05369597960074,1.6606274681220208,2.622060893458236,5.4354139857097605,0.7
full_seed11_mixed_0p4_noise0p1_s9_a0p3_b0p8,11,mixed,0.4,0.1,9,0.3,fpr_owa,1.7601393922574555,1.8776938131311431,1.578826138952437,2.709400408265955,3.96265710404285,0.8
full_seed11_mixed_0p4_noise0p1_s9_a0p3_b0p8,11,mixed,0.4,0.1,9,0.3,crp,1.867341266088872,2.0452702704512875,1.6046029814938847,2.702883223875141,6.1442323069712925,0.8
full_seed11_mixed_0p4_noise0p25_s13_a0p2_b0p7,11,mixed,0.4,0.25,13,0.2,fpr_owa,1.3233195824269304,1.4218534426673413,1.2548214029082725,2.1634537326764773,3.518800253080118,0.7
full_seed11_mixed_0p4_noise0p25_s13_a0p2_b0p7,11,mixed,0.4,0.25,13,0.2,crp,1.0917078020042033,1.2044672654491602,1.0850077867380616,1.8453700972948888,2.83064258377358,0.7
full_seed11_mixed_0p4_noise0p25_s13_a0p3_b0p8,11,mixed,0.4,0.25,13,0.3,fpr_owa,1.3495657389901885,1.464203000017402,1.2388608570213049,2.277555729987541,2.4068709083982864,0.8
full_seed11_mixed_0p4_noise0p25_s13_a0p3_b0p8,11,mixed,0.4,0.25,13,0.3,crp,1.2253132366069497,1.399660316112478,1.1697584973796666,2.277555729987541,2.4396657507940014,0.8
full_seed11_mixed_0p4_noise0p25_s5_a0p2_b0p7,11,mixed,0.4,0.25,5,0.2,fpr_owa,2.0169245186948968,2.216922996429542,1.7382344959974645,3.8533017031114745,5.386629844075497,0.7
full_seed11_mixed_0p4_noise0p25_s5_a0p2_b0p7,11,mixed,0.4,0.25,5,0.2,crp,1.7971069694665966,1.8826802434794656,1.7098586922159087,2.6543485993814717,4.508807691451153,0.7
full_seed11_mixed_0p4_noise0p25_s5_a0p3_b0p8,11,mixed,0.4,0.25,5,0.3,fpr_owa,1.860320108588468,1.9832310150462789,1.7099726449426185,2.980633557641122,4.004098463101063,0.8
full_seed11_mixed_0p4_noise0p25_s5_a0p3_b0p8,11,mixed,0.4,0.25,5,0.3,crp,1.7947957620469062,1.874062650050098,1.6803567924619882,2.652911928350927,2.9732606724729007,0.8
full_seed11_mixed_0p4_noise0p25_s9_a0p2_b0p7,11,mixed,0.4,0.25,9,0.2,fpr_owa,1.9229833623692012,2.066453680919119,1.7165295229013733,3.5424838313114657,4.836998048360201,0.7
full_seed11_mixed_0p4_noise0p25_s9_a0p2_b0p7,11,mixed,0.4,0.25,9,0.2,crp,1.824838925853417,1.9552180072712209,1.669921273299866,2.5601088235381377,6.313534042102758,0.7
full_seed11_mixed_0p4_noise0p25_s9_a0p3_b0p8,11,mixed,0.4,0.25,9,0.3,fpr_owa,1.7656388754378185,1.884698659002348,1.623307551276464,2.723013908583303,4.0942268811092495,0.8
full_seed11_mixed_0p4_noise0p25_s9_a0p3_b0p8,11,mixed,0.4,0.25,9,0.3,crp,1.789459952268834,1.92305901379094,1.6582278434856197,2.665997560167924,6.366474930174502,0.8
full_seed11_mixed_0p4_noise0p5_s13_a0p2_b0p7,11,mixed,0.4,0.5,13,0.2,fpr_owa,1.3849374054915524,1.488976598806749,1.3630597559567137,2.2833657045251474,3.336268531497249,0.7
full_seed11_mixed_0p4_noise0p5_s13_a0p2_b0p7,11,mixed,0.4,0.5,13,0.2,crp,1.1816280251831957,1.319203031836359,1.132231656767417,2.1455408556473805,3.4695389150911216,0.7
full_seed11_mixed_0p4_noise0p5_s13_a0p3_b0p8,11,mixed,0.4,0.5,13,0.3,fpr_owa,1.3361341593143112,1.453693635274971,1.254438006740651,2.316862205653188,2.652592094389434,0.8
full_seed11_mixed_0p4_noise0p5_s13_a0p3_b0p8,11,mixed,0.4,0.5,13,0.3,crp,1.2579164192307686,1.4290655598725006,1.1671394441760252,2.35089924194091,4.565639849453994,0.8
full_seed11_mixed_0p4_noise0p5_s5_a0p2_b0p7,11,mixed,0.4,0.5,5,0.2,fpr_owa,2.0303466876250105,2.229428406561792,1.7857323304998798,3.757565457182476,5.478005387783758,0.7
full_seed11_mixed_0p4_noise0p5_s5_a0p2_b0p7,11,mixed,0.4,0.5,5,0.2,crp,1.846877430616088,1.952273779335121,1.7349178330983237,2.851561256704182,3.877352741622498,0.7
full_seed11_mixed_0p4_noise0p5_s5_a0p3_b0p8,11,mixed,0.4,0.5,5,0.3,fpr_owa,1.869370415000764,1.995384571148884,1.758138137384278,2.963521116788146,4.108208291869647,0.8
full_seed11_mixed_0p4_noise0p5_s5_a0p3_b0p8,11,mixed,0.4,0.5,5,0.3,crp,1.802628153866928,1.8989318215761013,1.743094740427742,2.770103840303048,3.2863701541106525,0.8
full_seed11_mixed_0p4_noise0p5_s9_a0p2_b0p7,11,mixed,0.4,0.5,9,0.2,fpr_owa,1.9072247532262492,2.0811648589087777,1.6929955634936449,3.630099840151572,5.202370292586004,0.7
full_seed11_mixed_0p4_noise0p5_s9_a0p2_b0p7,11,mixed,0.4,0.5,9,0.2,crp,1.7985094103504953,1.9464827457789875,1.6622438504607246,2.7541287142007675,6.226230851398395,0.7
full_seed11_mixed_0p4_noise0p5_s9_a0p3_b0p8,11,mixed,0.4,0.5,9,0.3,fpr_owa,1.7752025908928133,1.915012492326724,1.6829764781660796,2.86816678646319,4.443636273417505,0.8
full_seed11_mixed_0p4_noise0p5_s9_a0p3_b0p8,11,mixed,0.4,0.5,9,0.3,crp,1.7699079349870497,1.9109414109723544,1.7031821465358572,2.752209061613252,6.30647230528256,0.8
full_seed11_replay_0p0_noise0p1_s13_a0p2_b0p7,11,replay,0.0,0.1,13,0.2,fpr_owa,1.2030380377571297,1.251722441779351,1.2026784507458006,1.6480635543117987,1.7018842003615893,0.7
full_seed11_replay_0p0_noise0p1_s13_a0p2_b0p7,11,replay,0.0,0.1,13,0.2,crp,1.2030380377571297,1.251722441779351,1.2026784507458006,1.6480635543117987,1.7018842003615893,0.7
full_seed11_replay_0p0_noise0p1_s13_a0p3_b0p8,11,replay,0.0,0.1,13,0.3,fpr_owa,1.4692993938784018,1.5449144247902484,1.433608269751376,2.093640686237393,2.1531616283456394,0.8
full_seed11_replay_0p0_noise0p1_s13_a0p3_b0p8,11,replay,0.0,0.1,13,0.3,crp,1.4692993938784018,1.5449144247902484,1.433608269751376,2.093640686237393,2.1531616283456394,0.8
full_seed11_replay_0p0_noise0p1_s5_a0p2_b0p7,11,replay,0.0,0.1,5,0.2,fpr_owa,1.7641788435487618,1.8344957748451296,1.6378153881221,2.480498620302904,2.605539676523132,0.7
full_seed11_replay_0p0_noise0p1_s5_a0p2_b0p7,11,replay,0.0,0.1,5,0.2,crp,1.7641788435487618,1.8344957748451296,1.6378153881221,2.480498620302904,2.605539676523132,0.7
full_seed11_replay_0p0_noise0p1_s5_a0p3_b0p8,11,replay,0.0,0.1,5,0.3,fpr_owa,1.774467932880156,1.850312605071101,1.6740220907729897,2.48608007812878,2.5953096084478187,0.8
full_seed11_replay_0p0_noise0p1_s5_a0p3_b0p8,11,replay,0.0,0.1,5,0.3,crp,1.774467932880156,1.850312605071101,1.6740220907729897,2.48608007812878,2.5953096084478187,0.8
full_seed11_replay_0p0_noise0p1_s9_a0p2_b0p7,11,replay,0.0,0.1,9,0.2,fpr_owa,1.76382617176232,1.818790851360434,1.646441406201646,2.403961893301196,2.574826357871061,0.7
full_seed11_replay_0p0_noise0p1_s9_a0p2_b0p7,11,replay,0.0,0.1,9,0.2,crp,1.76382617176232,1.818790851360434,1.646441406201646,2.403961893301196,2.574826357871061,0.7
full_seed11_replay_0p0_noise0p1_s9_a0p3_b0p8,11,replay,0.0,0.1,9,0.3,fpr_owa,1.7391030676721655,1.8148932617376512,1.576794331174129,2.4696643260282585,2.5362443408446937,0.8
full_seed11_replay_0p0_noise0p1_s9_a0p3_b0p8,11,replay,0.0,0.1,9,0.3,crp,1.7391030676721655,1.8148932617376512,1.576794331174129,2.4696643260282585,2.5362443408446937,0.8
full_seed11_replay_0p0_noise0p25_s13_a0p2_b0p7,11,replay,0.0,0.25,13,0.2,fpr_owa,1.2367405563130776,1.2975391058372567,1.231759497280631,1.7918660933805393,1.9569972867118044,0.7
full_seed11_replay_0p0_noise0p25_s13_a0p2_b0p7,11,replay,0.0,0.25,13,0.2,crp,1.238083801527773,1.299166993182833,1.231759497280631,1.7989839629771611,1.974340065145474,0.7
full_seed11_replay_0p0_noise0p25_s13_a0p3_b0p8,11,replay,0.0,0.25,13,0.3,fpr_owa,1.4406965827838207,1.5385127187146916,1.3426406936018875,2.1780674388216434,2.3214884090002728,0.8
full_seed11_replay_0p0_noise0p25_s13_a0p3_b0p8,11,replay,0.0,0.25,13,0.3,crp,1.441268768296489,1.5388557950623212,1.3719119696010236,2.1780674388216434,2.312384437210297,0.8
full_seed11_replay_0p0_noise0p25_s5_a0p2_b0p7,11,replay,0.0,0.25,5,0.2,fpr_owa,1.768739992363102,1.8408338656066765,1.6648480772683014,2.521330051813962,2.8249633333898125,0.7
full_seed11_replay_0p0_noise0p25_s5_a0p2_b0p7,11,replay,0.0,0.25,5,0.2,crp,1.768739992363102,1.8408338656066765,1.6648480772683014,2.521330051813962,2.8249633333898125,0.7
full_seed11_replay_0p0_noise0p25_s5_a0p3_b0p8,11,replay,0.0,0.25,5,0.3,fpr_owa,1.7807210666317297,1.853421338503683,1.700543780777097,2.5455608840162336,2.780508180814264,0.8
full_seed11_replay_0p0_noise0p25_s5_a0p3_b0p8,11,replay,0.0,0.25,5,0.3,crp,1.7807210666317297,1.853421338503683,1.700543780777097,2.5455608840162336,2.780508180814264,0.8
full_seed11_replay_0p0_noise0p25_s9_a0p2_b0p7,11,replay,0.0,0.25,9,0.2,fpr_owa,1.7461352404491015,1.8089103731019336,1.645012760945749,2.447591344300196,2.526468902583454,0.7
full_seed11_replay_0p0_noise0p25_s9_a0p2_b0p7,11,replay,0.0,0.25,9,0.2,crp,1.7463887434400327,1.8092445621181688,1.645012760945749,2.447591344300196,2.526468902583454,0.7
full_seed11_replay_0p0_noise0p25_s9_a0p3_b0p8,11,replay,0.0,0.25,9,0.3,fpr_owa,1.7255843389288017,1.797624491851203,1.630210464348906,2.4853318189876945,2.5830073309369843,0.8
full_seed11_replay_0p0_noise0p25_s9_a0p3_b0p8,11,replay,0.0,0.25,9,0.3,crp,1.7266353849468865,1.7989882338603809,1.630210464348906,2.4853318189876945,2.5830073309369843,0.8
full_seed11_replay_0p0_noise0p5_s13_a0p2_b0p7,11,replay,0.0,0.5,13,0.2,fpr_owa,1.2941491831629997,1.3694718070207743,1.2970916190651125,1.979666615836429,2.2904240069420423,0.7
full_seed11_replay_0p0_noise0p5_s13_a0p2_b0p7,11,replay,0.0,0.5,13,0.2,crp,1.3187922066515667,1.3994827766604665,1.2970916190651125,2.093151676750094,2.30881810360427,0.7
full_seed11_replay_0p0_noise0p5_s13_a0p3_b0p8,11,replay,0.0,0.5,13,0.3,fpr_owa,1.3879873128426703,1.4873215954875596,1.3082925736137798,2.2245555160048647,2.5341441719155235,0.8
full_seed11_replay_0p0_noise0p5_s13_a0p3_b0p8,11,replay,0.0,0.5,13,0.3,crp,1.4157907027658343,1.5201311492350649,1.3566589066300914,2.314757773962166,2.5341441719155235,0.8
full_seed11_replay_0p0_noise0p5_s5_a0p2_b0p7,11,replay,0.0,0.5,5,0.2,fpr_owa,1.7926018622007016,1.87783469716562,1.7723700273181024,2.684271847491995,3.190669428167615,0.7
full_seed11_replay_0p0_noise0p5_s5_a0p2_b0p7,11,replay,0.0,0.5,5,0.2,crp,1.7930026967082473,1.8793602825150544,1.75999476208116,2.6846289267011563,3.246589313978529,0.7
full_seed11_replay_0p0_noise0p5_s5_a0p3_b0p8,11,replay,0.0,0.5,5,0.3,fpr_owa,1.791824928608006,1.876863939248184,1.7385226185681226,2.7228923880791,3.101963578061354,0.8
full_seed11_replay_0p0_noise0p5_s5_a0p3_b0p8,11,replay,0.0,0.5,5,0.3,crp,1.7922627217385465,1.878223215999288,1.7385226185681226,2.7228923880791,3.2863701541106525,0.8
full_seed11_replay_0p0_noise0p5_s9_a0p2_b0p7,11,replay,0.0,0.5,9,0.2,fpr_owa,1.7053325554692842,1.7803703247585505,1.6412696103953297,2.503828933608913,2.7646347948997105,0.7
full_seed11_replay_0p0_noise0p5_s9_a0p2_b0p7,11,replay,0.0,0.5,9,0.2,crp,1.7076475606457742,1.7835341219938097,1.6441890620646844,2.534031296460946,2.7646347948997105,0.7
full_seed11_replay_0p0_noise0p5_s9_a0p3_b0p8,11,replay,0.0,0.5,9,0.3,fpr_owa,1.7003480934025528,1.778436934064852,1.654233640163059,2.5271347718124075,2.864073642446804,0.8
full_seed11_replay_0p0_noise0p5_s9_a0p3_b0p8,11,replay,0.0,0.5,9,0.3,crp,1.7039093448358609,1.7840148391754616,1.6767480481877794,2.533586229925118,2.8962981748819616,0.8
full_seed11_replay_0p1_noise0p1_s13_a0p2_b0p7,11,replay,0.1,0.1,13,0.2,fpr_owa,1.2040691832353656,1.2531153986047816,1.2026784507458006,1.6480635543117987,1.700651047032628,0.7
full_seed11_replay_0p1_noise0p1_s13_a0p2_b0p7,11,replay,0.1,0.1,13,0.2,crp,1.2040691832353656,1.2531153986047816,1.2026784507458006,1.6480635543117987,1.700651047032628,0.7
full_seed11_replay_0p1_noise0p1_s13_a0p3_b0p8,11,replay,0.1,0.1,13,0.3,fpr_owa,1.4690129341211535,1.5453641913901164,1.4463923400377454,2.0813294075250206,2.1531616283456394,0.8
full_seed11_replay_0p1_noise0p1_s13_a0p3_b0p8,11,replay,0.1,0.1,13,0.3,crp,1.4690129341211535,1.5453641913901164,1.4463923400377454,2.0813294075250206,2.1531616283456394,0.8
full_seed11_replay_0p1_noise0p1_s5_a0p2_b0p7,11,replay,0.1,0.1,5,0.2,fpr_owa,1.7641788435487618,1.8344957748451296,1.6378153881221,2.480498620302904,2.605539676523132,0.7
full_seed11_replay_0p1_noise0p1_s5_a0p2_b0p7,11,replay,0.1,0.1,5,0.2,crp,1.7641788435487618,1.8344957748451296,1.6378153881221,2.480498620302904,2.605539676523132,0.7
full_seed11_replay_0p1_noise0p1_s5_a0p3_b0p8,11,replay,0.1,0.1,5,0.3,fpr_owa,1.774467932880156,1.850312605071101,1.6740220907729897,2.48608007812878,2.5953096084478187,0.8
full_seed11_replay_0p1_noise0p1_s5_a0p3_b0p8,11,replay,0.1,0.1,5,0.3,crp,1.774467932880156,1.850312605071101,1.6740220907729897,2.48608007812878,2.5953096084478187,0.8
full_seed11_replay_0p1_noise0p1_s9_a0p2_b0p7,11,replay,0.1,0.1,9,0.2,fpr_owa,1.7658797466791871,1.820919563243793,1.646441406201646,2.4012606868396986,2.582255323435484,0.7
full_seed11_replay_0p1_noise0p1_s9_a0p2_b0p7,11,replay,0.1,0.1,9,0.2,crp,1.7658797466791871,1.820919563243793,1.646441406201646,2.4012606868396986,2.582255323435484,0.7
full_seed11_replay_0p1_noise0p1_s9_a0p3_b0p8,11,replay,0.1,0.1,9,0.3,fpr_owa,1.7384961650016442,1.813732717070268,1.5738625989818076,2.4700663746752207,2.5362443408446937,0.8
full_seed11_replay_0p1_noise0p1_s9_a0p3_b0p8,11,replay,0.1,0.1,9,0.3,crp,1.7384961650016442,1.813732717070268,1.5738625989818076,2.4700663746752207,2.5362443408446937,0.8
full_seed11_replay_0p1_noise0p25_s13_a0p2_b0p7,11,replay,0.1,0.25,13,0.2,fpr_owa,1.2352518430987574,1.2964257337520433,1.2369885657786412,1.7944008630431263,1.9569972867118044,0.7
full_seed11_replay_0p1_noise0p25_s13_a0p2_b0p7,11,replay,0.1,0.25,13,0.2,crp,1.2365950883134529,1.2980550173753411,1.2369885657786412,1.7989000056079267,1.974340065145474,0.7
full_seed11_replay_0p1_noise0p25_s13_a0p3_b0p8,11,replay,0.1,0.25,13,0.3,fpr_owa,1.4366542473895183,1.5337531275415397,1.3901024595257758,2.1742929399104525,2.3214884090002728,0.8
full_seed11_replay_0p1_noise0p25_s13_a0p3_b0p8,11,replay,0.1,0.25,13,0.3,crp,1.437225971680092,1.5340904594503222,1.4322156823118557,2.1742929399104525,2.3009272120520943,0.8
full_seed11_replay_0p1_noise0p25_s5_a0p2_b0p7,11,replay,0.1,0.25,5,0.2,fpr_owa,1.768739992363102,1.8408338656066765,1.6648480772683014,2.521330051813962,2.8249633333898125,0.7
full_seed11_replay_0p1_noise0p25_s5_a0p2_b0p7,11,replay,0.1,0.25,5,0.2,crp,1.768739992363102,1.8408338656066765,1.6648480772683014,2.521330051813962,2.8249633333898125,0.7
full_seed11_replay_0p1_noise0p25_s5_a0p3_b0p8,11,replay,0.1,0.25,5,0.3,fpr_owa,1.7807210666317297,1.853421338503683,1.700543780777097,2.5455608840162336,2.780508180814264,0.8
full_seed11_replay_0p1_noise0p25_s5_a0p3_b0p8,11,replay,0.1,0.25,5,0.3,crp,1.7807210666317297,1.853421338503683,1.700543780777097,2.5455608840162336,2.780508180814264,0.8
full_seed11_replay_0p1_noise0p25_s9_a0p2_b0p7,11,replay,0.1,0.25,9,0.2,fpr_owa,1.7431338286696807,1.8061254534527225,1.64728148179561,2.442964191398087,2.5641415193997883,0.7
full_seed11_replay_0p1_noise0p25_s9_a0p2_b0p7,11,replay,0.1,0.25,9,0.2,crp,1.7433873316606114,1.8064601576697423,1.64728148179561,2.442964191398087,2.5641415193997883,0.7
full_seed11_replay_0p1_noise0p25_s9_a0p3_b0p8,11,replay,0.1,0.25,9,0.3,fpr_owa,1.7202547879118202,1.7930155736053883,1.6210691254499563,2.4853318189876945,2.5830073309369843,0.8
full_seed11_replay_0p1_noise0p25_s9_a0p3_b0p8,11,replay,0.1,0.25,9,0.3,crp,1.7213058339299052,1.7943828184242785,1.6210691254499563,2.4853318189876945,2.5830073309369843,0.8
full_seed11_replay_0p1_noise0p5_s13_a0p2_b0p7,11,replay,0.1,0.5,13,0.2,fpr_owa,1.2905909194948415,1.364868731359414,1.3142107446322588,1.9508072840625093,2.214796841705948,0.7
full_seed11_replay_0p1_noise0p5_s13_a0p2_b0p7,11,replay,0.1,0.5,13,0.2,crp,1.3144812382767688,1.3963339032098503,1.3164210112475496,2.065438234678292,2.30881810360427,0.7
full_seed11_replay_0p1_noise0p5_s13_a0p3_b0p8,11,replay,0.1,0.5,13,0.3,fpr_owa,1.380233830847578,1.480867172299692,1.307759392461581,2.220810343502956,2.4636576269232635,0.8
full_seed11_replay_0p1_noise0p5_s13_a0p3_b0p8,11,replay,0.1,0.5,13,0.3,crp,1.41161746567292,1.5161770641382926,1.3776597131079047,2.247780482687121,2.531336797196653,0.8
full_seed11_replay_0p1_noise0p5_s5_a0p2_b0p7,11,replay,0.1,0.5,5,0.2,fpr_owa,1.7926018622007016,1.87783469716562,1.7723700273181024,2.684271847491995,3.190669428167615,0.7
full_seed11_replay_0p1_noise0p5_s5_a0p2_b0p7,11,replay,0.1,0.5,5,0.2,crp,1.7930026967082473,1.8793602825150544,1.75999476208116,2.6846289267011563,3.246589313978529,0.7
full_seed11_replay_0p1_noise0p5_s5_a0p3_b0p8,11,replay,0.1,0.5,5,0.3,fpr_owa,1.791824928608006,1.876863939248184,1.7385226185681226,2.7228923880791,3.101963578061354,0.8
full_seed11_replay_0p1_noise0p5_s5_a0p3_b0p8,11,replay,0.1,0.5,5,0.3,crp,1.7922627217385465,1.878223215999288,1.7385226185681226,2.7228923880791,3.2863701541106525,0.8
full_seed11_replay_0p1_noise0p5_s9_a0p2_b0p7,11,replay,0.1,0.5,9,0.2,fpr_owa,1.7111503981375278,1.7861281092475318,1.6483997087427045,2.50833896610992,2.7236700803968263,0.7
full_seed11_replay_0p1_noise0p5_s9_a0p2_b0p7,11,replay,0.1,0.5,9,0.2,crp,1.7120691167243314,1.7882269192766782,1.6483997087427045,2.538562547810931,2.7836409664420643,0.7
full_seed11_replay_0p1_noise0p5_s9_a0p3_b0p8,11,replay,0.1,0.5,9,0.3,fpr_owa,1.6966473707381398,1.774027937660042,1.6135029589460903,2.5206840843540554,2.864073642446804,0.8
full_seed11_replay_0p1_noise0p5_s9_a0p3_b0p8,11,replay,0.1,0.5,9,0.3,crp,1.6989205509621397,1.7786767371894672,1.6291089280019209,2.5206840843540554,2.8962981748819616,0.8
full_seed11_replay_0p2_noise0p1_s13_a0p2_b0p7,11,replay,0.2,0.1,13,0.2,fpr_owa,1.198150355746878,1.2483411905518371,1.2026784507458006,1.6408114862646264,1.7069528125900653,0.7
full_seed11_replay_0p2_noise0p1_s13_a0p2_b0p7,11,replay,0.2,0.1,13,0.2,crp,1.198150355746878,1.2483411905518371,1.2026784507458006,1.6408114862646264,1.7069528125900653,0.7
full_seed11_replay_0p2_noise0p1_s13_a0p3_b0p8,11,replay,0.2,0.1,13,0.3,fpr_owa,1.4644751865600674,1.5415221729372437,1.444558928459628,2.068489843459696,2.1531616283456394,0.8
full_seed11_replay_0p2_noise0p1_s13_a0p3_b0p8,11,replay,0.2,0.1,13,0.3,crp,1.4644751865600674,1.5415221729372437,1.444558928459628,2.068489843459696,2.1531616283456394,0.8
full_seed11_replay_0p2_noise0p1_s5_a0p2_b0p7,11,replay,0.2,0.1,5,0.2,fpr_owa,1.769002173515032,1.8412966809856903,1.6558811932758128,2.48870375917548,2.6336585638600494,0.7
full_seed11_replay_0p2_noise0p1_s5_a0p2_b0p7,11,replay,0.2,0.1,5,0.2,crp,1.769002173515032,1.8412966809856903,1.6558811932758128,2.48870375917548,2.6336585638600494,0.7
full_seed11_replay_0p2_noise0p1_s5_a0p3_b0p8,11,replay,0.2,0.1,5,0.3,fpr_owa,1.7714269198122037,1.8473009189474865,1.6740220907729897,2.4879273488857216,2.602295108436337,0.8
full_seed11_replay_0p2_noise0p1_s5_a0p3_b0p8,11,replay,0.2,0.1,5,0.3,crp,1.7714269198122037,1.8473009189474865,1.6740220907729897,2.4879273488857216,2.602295108436337,0.8
full_seed11_replay_0p2_noise0p1_s9_a0p2_b0p7,11,replay,0.2,0.1,9,0.2,fpr_owa,1.7643542921115911,1.8186784926556012,1.646441406201646,2.4012606868396986,2.5121179624778103,0.7
full_seed11_replay_0p2_noise0p1_s9_a0p2_b0p7,11,replay,0.2,0.1,9,0.2,crp,1.7643542921115911,1.8186784926556012,1.646441406201646,2.4012606868396986,2.5121179624778103,0.7
full_seed11_replay_0p2_noise0p1_s9_a0p3_b0p8,11,replay,0.2,0.1,9,0.3,fpr_owa,1.7356473160832284,1.8106418229093728,1.6024844498321813,2.459658743724436,2.5362443408446937,0.8
full_seed11_replay_0p2_noise0p1_s9_a0p3_b0p8,11,replay,0.2,0.1,9,0.3,crp,1.7356473160832284,1.8106418229093728,1.6024844498321813,2.459658743724436,2.5362443408446937,0.8
full_seed11_replay_0p2_noise0p25_s13_a0p2_b0p7,11,replay,0.2,0.25,13,0.2,fpr_owa,1.2359986088874673,1.2972594289821149,1.2548214029082725,1.77772932196063,1.9569972867118044,0.7
full_seed11_replay_0p2_noise0p25_s13_a0p2_b0p7,11,replay,0.2,0.25,13,0.2,crp,1.2374074838634448,1.2990104506522429,1.2548214029082725,1.7995969396827365,2.018442211803433,0.7
full_seed11_replay_0p2_noise0p25_s13_a0p3_b0p8,11,replay,0.2,0.25,13,0.3,fpr_owa,1.4382511932420536,1.5340320186855487,1.4519838626260149,2.1743967087654967,2.3214884090002728,0.8
full_seed11_replay_0p2_noise0p25_s13_a0p3_b0p8,11,replay,0.2,0.25,13,0.3,crp,1.4388456352456875,1.5344396105670766,1.4614353911569031,2.1743967087654967,2.37180647680024,0.8
full_seed11_replay_0p2_noise0p25_s5_a0p2_b0p7,11,replay,0.2,0.25,5,0.2,fpr_owa,1.7760616897011543,1.8507528591026037,1.7219994376998975,2.559329695970429,2.8249633333898125,0.7
full_seed11_replay_0p2_noise0p25_s5_a0p2_b0p7,11,replay,0.2,0.25,5,0.2,crp,1.7760616897011543,1.8507528591026037,1.7219994376998975,2.559329695970429,2.8249633333898125,0.7
full_seed11_replay_0p2_noise0p25_s5_a0p3_b0p8,11,replay,0.2,0.25,5,0.3,fpr_owa,1.7811011323203794,1.8545742053855,1.7297907783986153,2.557885230330293,2.780508180814264,0.8
full_seed11_replay_0p2_noise0p25_s5_a0p3_b0p8,11,replay,0.2,0.25,5,0.3,crp,1.7811011323203794,1.8545742053855,1.7297907783986153,2.557885230330293,2.780508180814264,0.8
full_seed11_replay_0p2_noise0p25_s9_a0p2_b0p7,11,replay,0.2,0.25,9,0.2,fpr_owa,1.7416406487887943,1.804595516955925,1.663486600280227,2.422946939710708,2.5153981132942484,0.7
full_seed11_replay_0p2_noise0p25_s9_a0p2_b0p7,11,replay,0.2,0.25,9,0.2,crp,1.7418941517797253,1.8049305048826148,1.663486600280227,2.422946939710708,2.5153981132942484,0.7
full_seed11_replay_0p2_noise0p25_s9_a0p3_b0p8,11,replay,0.2,0.25,9,0.3,fpr_owa,1.7216837390983408,1.79428108117603,1.6521391739273772,2.4919329762061597,2.5830073309369843,0.8
full_seed11_replay_0p2_noise0p25_s9_a0p3_b0p8,11,replay,0.2,0.25,9,0.3,crp,1.7227347851164256,1.795647362410287,1.6521391739273772,2.4919329762061597,2.5830073309369843,0.8
full_seed11_replay_0p2_noise0p5_s13_a0p2_b0p7,11,replay,0.2,0.5,13,0.2,fpr_owa,1.291899832303347,1.3647147597878215,1.2844421216889033,1.901285549127776,2.296719793952636,0.7
full_seed11_replay_0p2_noise0p5_s13_a0p2_b0p7,11,replay,0.2,0.5,13,0.2,crp,1.3158942052322289,1.3970246661509529,1.3126338942679383,2.040599484063753,2.3492953217095507,0.7
full_seed11_replay_0p2_noise0p5_s13_a0p3_b0p8,11,replay,0.2,0.5,13,0.3,fpr_owa,1.3877241843507198,1.4860057374741682,1.3750936066939978,2.260626003035456,2.382396871286631,0.8
full_seed11_replay_0p2_noise0p5_s13_a0p3_b0p8,11,replay,0.2,0.5,13,0.3,crp,1.408397526428025,1.5103440841257891,1.390887746675988,2.2820877002653,2.5512413800471183,0.8
full_seed11_replay_0p2_noise0p5_s5_a0p2_b0p7,11,replay,0.2,0.5,5,0.2,fpr_owa,1.7838606008092055,1.873289240781229,1.745733287595802,2.71725999700344,3.190669428167615,0.7
full_seed11_replay_0p2_noise0p5_s5_a0p2_b0p7,11,replay,0.2,0.5,5,0.2,crp,1.7842614353167512,1.8748185248825244,1.7402445725445768,2.720146488779545,3.246589313978529,0.7
full_seed11_replay_0p2_noise0p5_s5_a0p3_b0p8,11,replay,0.2,0.5,5,0.3,fpr_owa,1.7841594285636626,1.8705306118192069,1.7429661214526817,2.681697631938612,3.101963578061354,0.8
full_seed11_replay_0p2_noise0p5_s5_a0p3_b0p8,11,replay,0.2,0.5,5,0.3,crp,1.7845972216942023,1.8718944875235977,1.7429661214526817,2.681697631938612,3.2863701541106525,0.8
full_seed11_replay_0p2_noise0p5_s9_a0p2_b0p7,11,replay,0.2,0.5,9,0.2,fpr_owa,1.7088703016845417,1.7846241794162785,1.6701729500491893,2.503644414618502,2.8342303455627693,0.7
full_seed11_replay_0p2_noise0p5_s9_a0p2_b0p7,11,replay,0.2,0.5,9,0.2,crp,1.7070319243242869,1.783430497340119,1.6701729500491893,2.5053373518540423,2.7529325756919203,0.7
full_seed11_replay_0p2_noise0p5_s9_a0p3_b0p8,11,replay,0.2,0.5,9,0.3,fpr_owa,1.6943702791690989,1.7725849492321375,1.6183099121312277,2.521671619613573,2.864073642446804,0.8
full_seed11_replay_0p2_noise0p5_s9_a0p3_b0p8,11,replay,0.2,0.5,9,0.3,crp,1.6950943386270096,1.774868369770456,1.6368606632699627,2.521857003582568,2.8962981748819616,0.8
full_seed11_replay_0p3_noise0p1_s13_a0p2_b0p7,11,replay,0.3,0.1,13,0.2,fpr_owa,1.1997573712505376,1.2491578875635152,1.205111364763916,1.6408114862646264,1.7069528125900653,0.7
full_seed11_replay_0p3_noise0p1_s13_a0p2_b0p7,11,replay,0.3,0.1,13,0.2,crp,1.1997573712505376,1.2491578875635152,1.205111364763916,1.6408114862646264,1.7069528125900653,0.7
full_seed11_replay_0p3_noise0p1_s13_a0p3_b0p8,11,replay,0.3,0.1,13,0.3,fpr_owa,1.4656283984009106,1.5416680109971974,1.444558928459628,2.0538722410922863,2.1531616283456394,0.8
full_seed11_replay_0p3_noise0p1_s13_a0p3_b0p8,11,replay,0.3,0.1,13,0.3,crp,1.4656283984009106,1.5416680109971974,1.444558928459628,2.0538722410922863,2.1531616283456394,0.8
full_seed11_replay_0p3_noise0p1_s5_a0p2_b0p7,11,replay,0.3,0.1,5,0.2,fpr_owa,1.7657475663297908,1.837699087748991,1.6589291444158063,2.4921327283568577,2.606087846620584,0.7
full_seed11_replay_0p3_noise0p1_s5_a0p2_b0p7,11,replay,0.3,0.1,5,0.2,crp,1.7657475663297908,1.837699087748991,1.6589291444158063,2.4921327283568577,2.606087846620584,0.7
full_seed11_replay_0p3_noise0p1_s5_a0p3_b0p8,11,replay,0.3,0.1,5,0.3,fpr_owa,1.7715812552796266,1.8462571806411707,1.7040283446717823,2.479807301040305,2.587634942466009,0.8
full_seed11_replay_0p3_noise0p1_s5_a0p3_b0p8,11,replay,0.3,0.1,5,0.3,crp,1.7715812552796266,1.8462571806411707,1.7040283446717823,2.479807301040305,2.587634942466009,0.8
full_seed11_replay_0p3_noise0p1_s9_a0p2_b0p7,11,replay,0.3,0.1,9,0.2,fpr_owa,1.7631440596673087,1.8181989533027187,1.6493693511814236,2.3992453779789686,2.5146780312984056,0.7
full_seed11_replay_0p3_noise0p1_s9_a0p2_b0p7,11,replay,0.3,0.1,9,0.2,crp,1.7631440596673087,1.8181989533027187,1.6493693511814236,2.3992453779789686,2.5146780312984056,0.7
full_seed11_replay_0p3_noise0p1_s9_a0p3_b0p8,11,replay,0.3,0.1,9,0.3,fpr_owa,1.7369417656927106,1.8117124927165975,1.6193350163177498,2.461600965211289,2.574894678660583,0.8
full_seed11_replay_0p3_noise0p1_s9_a0p3_b0p8,11,replay,0.3,0.1,9,0.3,crp,1.7369417656927106,1.8117124927165975,1.6193350163177498,2.461600965211289,2.574894678660583,0.8
full_seed11_replay_0p3_noise0p25_s13_a0p2_b0p7,11,replay,0.3,0.25,13,0.2,fpr_owa,1.229019076339703,1.2891208970672303,1.2333632782665087,1.7773195997937588,1.9569972867118044,0.7
full_seed11_replay_0p3_noise0p25_s13_a0p2_b0p7,11,replay,0.3,0.25,13,0.2,crp,1.2303909728377624,1.2907865588006493,1.2333632782665087,1.791812218512177,1.95960317301956,0.7
full_seed11_replay_0p3_noise0p25_s13_a0p3_b0p8,11,replay,0.3,0.25,13,0.3,fpr_owa,1.434841199899535,1.530146851670233,1.4421965740384657,2.1648333256868684,2.3214884090002728,0.8
full_seed11_replay_0p3_noise0p25_s13_a0p3_b0p8,11,replay,0.3,0.25,13,0.3,crp,1.4354137632682855,1.5304875464130745,1.4519478745893182,2.1648333256868684,2.303545135963096,0.8
full_seed11_replay_0p3_noise0p25_s5_a0p2_b0p7,11,replay,0.3,0.25,5,0.2,fpr_owa,1.7701365269916338,1.8412660115425463,1.7325682164611882,2.5408475395255685,2.8249633333898125,0.7
full_seed11_replay_0p3_noise0p25_s5_a0p2_b0p7,11,replay,0.3,0.25,5,0.2,crp,1.7701365269916338,1.8412660115425463,1.7325682164611882,2.5408475395255685,2.8249633333898125,0.7
full_seed11_replay_0p3_noise0p25_s5_a0p3_b0p8,11,replay,0.3,0.25,5,0.3,fpr_owa,1.7783855969539577,1.849735918728912,1.7485018190887929,2.542689342475345,2.780508180814264,0.8
full_seed11_replay_0p3_noise0p25_s5_a0p3_b0p8,11,replay,0.3,0.25,5,0.3,crp,1.7783855969539577,1.849735918728912,1.7485018190887929,2.542689342475345,2.780508180814264,0.8
full_seed11_replay_0p3_noise0p25_s9_a0p2_b0p7,11,replay,0.3,0.25,9,0.2,fpr_owa,1.737950610858988,1.8005925561117342,1.6764569613758225,2.4387783070765723,2.5377283152984704,0.7
full_seed11_replay_0p3_noise0p25_s9_a0p2_b0p7,11,replay,0.3,0.25,9,0.2,crp,1.738204113849919,1.8009282886232243,1.6764569613758225,2.4387783070765723,2.5377283152984704,0.7
full_seed11_replay_0p3_noise0p25_s9_a0p3_b0p8,11,replay,0.3,0.25,9,0.3,fpr_owa,1.7186240740578411,1.790193650157868,1.657229635834954,2.4963103599154106,2.58898328181503,0.8
full_seed11_replay_0p3_noise0p25_s9_a0p3_b0p8,11,replay,0.3,0.25,9,0.3,crp,1.7196751200759262,1.7915630485501617,1.657229635834954,2.4963103599154106,2.58898328181503,0.8
full_seed11_replay_0p3_noise0p5_s13_a0p2_b0p7,11,replay,0.3,0.5,13,0.2,fpr_owa,1.2883724643744066,1.361438620366329,1.28146046812562,1.93154764387273,2.2463114191805897,0.7
full_seed11_replay_0p3_noise0p5_s13_a0p2_b0p7,11,replay,0.3,0.5,13,0.2,crp,1.3132454744011643,1.393888344459236,1.2955761621282318,2.009106036246656,2.482641513297334,0.7
full_seed11_replay_0p3_noise0p5_s13_a0p3_b0p8,11,replay,0.3,0.5,13,0.3,fpr_owa,1.3889309353556505,1.487696003664586,1.368715055346432,2.221741872432919,2.382396871286631,0.8
full_seed11_replay_0p3_noise0p5_s13_a0p3_b0p8,11,replay,0.3,0.5,13,0.3,crp,1.4061256478047026,1.5082557625786026,1.38224058266226,2.2864591004190737,2.5911988585090584,0.8
full_seed11_replay_0p3_noise0p5_s5_a0p2_b0p7,11,replay,0.3,0.5,5,0.2,fpr_owa,1.776338171959614,1.8603730249559507,1.7312734618500942,2.6846289267011563,3.190669428167615,0.7
full_seed11_replay_0p3_noise0p5_s5_a0p2_b0p7,11,replay,0.3,0.5,5,0.2,crp,1.7767390064671598,1.8619129178347,1.7230498041728215,2.6915603866972435,3.246589313978529,0.7
full_seed11_replay_0p3_noise0p5_s5_a0p3_b0p8,11,replay,0.3,0.5,5,0.3,fpr_owa,1.7765956374607157,1.8586444394452288,1.734181554258461,2.676069488452786,3.101963578061354,0.8
full_seed11_replay_0p3_noise0p5_s5_a0p3_b0p8,11,replay,0.3,0.5,5,0.3,crp,1.7770334305912556,1.8600170308223432,1.734181554258461,2.676069488452786,3.2863701541106525,0.8
full_seed11_replay_0p3_noise0p5_s9_a0p2_b0p7,11,replay,0.3,0.5,9,0.2,fpr_owa,1.7067365411775732,1.7815901623769934,1.6483997087427045,2.489283418020265,2.732772630646457,0.7
full_seed11_replay_0p3_noise0p5_s9_a0p2_b0p7,11,replay,0.3,0.5,9,0.2,crp,1.7055312594375818,1.7812700342966212,1.6483997087427045,2.503644414618502,2.732772630646457,0.7
full_seed11_replay_0p3_noise0p5_s9_a0p3_b0p8,11,replay,0.3,0.5,9,0.3,fpr_owa,1.6877412921472303,1.7654903868951248,1.6291089280019209,2.5206840843540554,2.864073642446804,0.8
full_seed11_replay_0p3_noise0p5_s9_a0p3_b0p8,11,replay,0.3,0.5,9,0.3,crp,1.6904116714305322,1.7698532813604126,1.6535053764233922,2.5206840843540554,2.8962981748819616,0.8
full_seed11_replay_0p4_noise0p1_s13_a0p2_b0p7,11,replay,0.4,0.1,13,0.2,fpr_owa,1.2035247486140568,1.2520455285035894,1.2116984584214443,1.6409092938528635,1.7124963131526276,0.7
full_seed11_replay_0p4_noise0p1_s13_a0p2_b0p7,11,replay,0.4,0.1,13,0.2,crp,1.2035247486140568,1.2520455285035894,1.2116984584214443,1.6409092938528635,1.7124963131526276,0.7
full_seed11_replay_0p4_noise0p1_s13_a0p3_b0p8,11,replay,0.4,0.1,13,0.3,fpr_owa,1.4701670462952934,1.5447248438894725,1.4610334123686444,2.055545729461821,2.1537563137968965,0.8
full_seed11_replay_0p4_noise0p1_s13_a0p3_b0p8,11,replay,0.4,0.1,13,0.3,crp,1.4701670462952934,1.5447248438894725,1.4610334123686444,2.055545729461821,2.1537563137968965,0.8
full_seed11_replay_0p4_noise0p1_s5_a0p2_b0p7,11,replay,0.4,0.1,5,0.2,fpr_owa,1.7657475663297908,1.837699087748991,1.6589291444158063,2.4921327283568577,2.606087846620584,0.7
full_seed11_replay_0p4_noise0p1_s5_a0p2_b0p7,11,replay,0.4,0.1,5,0.2,crp,1.7657475663297908,1.837699087748991,1.6589291444158063,2.4921327283568577,2.606087846620584,0.7
full_seed11_replay_0p4_noise0p1_s5_a0p3_b0p8,11,replay,0.4,0.1,5,0.3,fpr_owa,1.7715812552796266,1.8462571806411707,1.7040283446717823,2.479807301040305,2.587634942466009,0.8
full_seed11_replay_0p4_noise0p1_s5_a0p3_b0p8,11,replay,0.4,0.1,5,0.3,crp,1.7715812552796266,1.8462571806411707,1.7040283446717823,2.479807301040305,2.587634942466009,0.8
full_seed11_replay_0p4_noise0p1_s9_a0p2_b0p7,11,replay,0.4,0.1,9,0.2,fpr_owa,1.764860573055373,1.8190587873405224,1.6587792378373152,2.395256572862045,2.5427107392701025,0.7
full_seed11_replay_0p4_noise0p1_s9_a0p2_b0p7,11,replay,0.4,0.1,9,0.2,crp,1.764860573055373,1.8190587873405224,1.6587792378373152,2.395256572862045,2.5427107392701025,0.7
full_seed11_replay_0p4_noise0p1_s9_a0p3_b0p8,11,replay,0.4,0.1,9,0.3,fpr_owa,1.7317826768883242,1.805831051893538,1.627697594433872,2.457145504089235,2.5443877358477907,0.8
full_seed11_replay_0p4_noise0p1_s9_a0p3_b0p8,11,replay,0.4,0.1,9,0.3,crp,1.7317826768883242,1.805831051893538,1.627697594433872,2.457145504089235,2.5443877358477907,0.8
full_seed11_replay_0p4_noise0p25_s13_a0p2_b0p7,11,replay,0.4,0.25,13,0.2,fpr_owa,1.2325066252454673,1.2915322799828657,1.241580443180604,1.7689660448018796,1.9569972867118044,0.7
full_seed11_replay_0p4_noise0p25_s13_a0p2_b0p7,11,replay,0.4,0.25,13,0.2,crp,1.232878585549841,1.2917716115710078,1.241580443180604,1.7689660448018796,1.951888383674368,0.7
full_seed11_replay_0p4_noise0p25_s13_a0p3_b0p8,11,replay,0.4,0.25,13,0.3,fpr_owa,1.4366783203905555,1.531267856333881,1.4363358188627675,2.1571753678179384,2.323571342532016,0.8
full_seed11_replay_0p4_noise0p25_s13_a0p3_b0p8,11,replay,0.4,0.25,13,0.3,crp,1.436423456315785,1.5304170247506417,1.4421965740384657,2.1531044636103807,2.323571342532016,0.8
full_seed11_replay_0p4_noise0p25_s5_a0p2_b0p7,11,replay,0.4,0.25,5,0.2,fpr_owa,1.7701365269916338,1.8412660115425463,1.7325682164611882,2.5408475395255685,2.8249633333898125,0.7
full_seed11_replay_0p4_noise0p25_s5_a0p2_b0p7,11,replay,0.4,0.25,5,0.2,crp,1.7701365269916338,1.8412660115425463,1.7325682164611882,2.5408475395255685,2.8249633333898125,0.7
full_seed11_replay_0p4_noise0p25_s5_a0p3_b0p8,11,replay,0.4,0.25,5,0.3,fpr_owa,1.7783855969539577,1.849735918728912,1.7485018190887929,2.542689342475345,2.780508180814264,0.8
full_seed11_replay_0p4_noise0p25_s5_a0p3_b0p8,11,replay,0.4,0.25,5,0.3,crp,1.7783855969539577,1.849735918728912,1.7485018190887929,2.542689342475345,2.780508180814264,0.8
full_seed11_replay_0p4_noise0p25_s9_a0p2_b0p7,11,replay,0.4,0.25,9,0.2,fpr_owa,1.7360600749490578,1.7995912464639738,1.647757483970974,2.437558998750801,2.615732026916565,0.7
full_seed11_replay_0p4_noise0p25_s9_a0p2_b0p7,11,replay,0.4,0.25,9,0.2,crp,1.7363135779399888,1.7999271657453664,1.647757483970974,2.437558998750801,2.615732026916565,0.7
full_seed11_replay_0p4_noise0p25_s9_a0p3_b0p8,11,replay,0.4,0.25,9,0.3,fpr_owa,1.7148202544842452,1.785222345675127,1.6365949976894758,2.4853318189876945,2.587683733721192,0.8
full_seed11_replay_0p4_noise0p25_s9_a0p3_b0p8,11,replay,0.4,0.25,9,0.3,crp,1.71587130050233,1.786595554500962,1.6365949976894758,2.4853318189876945,2.587683733721192,0.8
full_seed11_replay_0p4_noise0p5_s13_a0p2_b0p7,11,replay,0.4,0.5,13,0.2,fpr_owa,1.290281866179781,1.36465532935586,1.277347728004797,1.9508268890060685,2.235926873727442,0.7
full_seed11_replay_0p4_noise0p5_s13_a0p2_b0p7,11,replay,0.4,0.5,13,0.2,crp,1.3212228555682373,1.4032118847117996,1.3089809179924554,2.047380263963817,2.482641513297334,0.7
full_seed11_replay_0p4_noise0p5_s13_a0p3_b0p8,11,replay,0.4,0.5,13,0.3,fpr_owa,1.384805060379961,1.483757128640794,1.3582840473929294,2.2217841263401965,2.382396871286631,0.8
full_seed11_replay_0p4_noise0p5_s13_a0p3_b0p8,11,replay,0.4,0.5,13,0.3,crp,1.4003988296727672,1.5016894448426172,1.3687796946915882,2.2864591004190737,2.579319574049713,0.8
full_seed11_replay_0p4_noise0p5_s5_a0p2_b0p7,11,replay,0.4,0.5,5,0.2,fpr_owa,1.776338171959614,1.8603730249559507,1.7312734618500942,2.6846289267011563,3.190669428167615,0.7
full_seed11_replay_0p4_noise0p5_s5_a0p2_b0p7,11,replay,0.4,0.5,5,0.2,crp,1.7767390064671598,1.8619129178347,1.7230498041728215,2.6915603866972435,3.246589313978529,0.7
full_seed11_replay_0p4_noise0p5_s5_a0p3_b0p8,11,replay,0.4,0.5,5,0.3,fpr_owa,1.7765956374607157,1.8586444394452288,1.734181554258461,2.676069488452786,3.101963578061354,0.8
full_seed11_replay_0p4_noise0p5_s5_a0p3_b0p8,11,replay,0.4,0.5,5,0.3,crp,1.7770334305912556,1.8600170308223432,1.734181554258461,2.676069488452786,3.2863701541106525,0.8
full_seed11_replay_0p4_noise0p5_s9_a0p2_b0p7,11,replay,0.4,0.5,9,0.2,fpr_owa,1.6995543657140575,1.774087971507209,1.6483997087427045,2.503362514925985,2.732772630646457,0.7
full_seed11_replay_0p4_noise0p5_s9_a0p2_b0p7,11,replay,0.4,0.5,9,0.2,crp,1.6981872266517215,1.7732081031305804,1.6483997087427045,2.503362514925985,2.732772630646457,0.7
full_seed11_replay_0p4_noise0p5_s9_a0p3_b0p8,11,replay,0.4,0.5,9,0.3,fpr_owa,1.6834940823003133,1.7605423673117384,1.6291089280019209,2.503197835987435,2.864073642446804,0.8
full_seed11_replay_0p4_noise0p5_s9_a0p3_b0p8,11,replay,0.4,0.5,9,0.3,crp,1.6863720885592577,1.765071398541164,1.6440644619876037,2.503197835987435,2.8962981748819616,0.8
full_seed11_scaling_0p0_noise0p1_s13_a0p2_b0p7,11,scaling,0.0,0.1,13,0.2,fpr_owa,1.2030380377571297,1.251722441779351,1.2026784507458006,1.6480635543117987,1.7018842003615893,0.7
full_seed11_scaling_0p0_noise0p1_s13_a0p2_b0p7,11,scaling,0.0,0.1,13,0.2,crp,1.2030380377571297,1.251722441779351,1.2026784507458006,1.6480635543117987,1.7018842003615893,0.7
full_seed11_scaling_0p0_noise0p1_s13_a0p3_b0p8,11,scaling,0.0,0.1,13,0.3,fpr_owa,1.4692993938784018,1.5449144247902484,1.433608269751376,2.093640686237393,2.1531616283456394,0.8
full_seed11_scaling_0p0_noise0p1_s13_a0p3_b0p8,11,scaling,0.0,0.1,13,0.3,crp,1.4692993938784018,1.5449144247902484,1.433608269751376,2.093640686237393,2.1531616283456394,0.8
full_seed11_scaling_0p0_noise0p1_s5_a0p2_b0p7,11,scaling,0.0,0.1,5,0.2,fpr_owa,1.7641788435487618,1.8344957748451296,1.6378153881221,2.480498620302904,2.605539676523132,0.7
full_seed11_scaling_0p0_noise0p1_s5_a0p2_b0p7,11,scaling,0.0,0.1,5,0.2,crp,1.7641788435487618,1.8344957748451296,1.6378153881221,2.480498620302904,2.605539676523132,0.7
full_seed11_scaling_0p0_noise0p1_s5_a0p3_b0p8,11,scaling,0.0,0.1,5,0.3,fpr_owa,1.774467932880156,1.850312605071101,1.6740220907729897,2.48608007812878,2.5953096084478187,0.8
full_seed11_scaling_0p0_noise0p1_s5_a0p3_b0p8,11,scaling,0.0,0.1,5,0.3,crp,1.774467932880156,1.850312605071101,1.6740220907729897,2.48608007812878,2.5953096084478187,0.8
full_seed11_scaling_0p0_noise0p1_s9_a0p2_b0p7,11,scaling,0.0,0.1,9,0.2,fpr_owa,1.76382617176232,1.818790851360434,1.646441406201646,2.403961893301196,2.574826357871061,0.7
full_seed11_scaling_0p0_noise0p1_s9_a0p2_b0p7,11,scaling,0.0,0.1,9,0.2,crp,1.76382617176232,1.818790851360434,1.646441406201646,2.403961893301196,2.574826357871061,0.7
full_seed11_scaling_0p0_noise0p1_s9_a0p3_b0p8,11,scaling,0.0,0.1,9,0.3,fpr_owa,1.7391030676721655,1.8148932617376512,1.576794331174129,2.4696643260282585,2.5362443408446937,0.8
full_seed11_scaling_0p0_noise0p1_s9_a0p3_b0p8,11,scaling,0.0,0.1,9,0.3,crp,1.7391030676721655,1.8148932617376512,1.576794331174129,2.4696643260282585,2.5362443408446937,0.8
full_seed11_scaling_0p0_noise0p25_s13_a0p2_b0p7,11,scaling,0.0,0.25,13,0.2,fpr_owa,1.2367405563130776,1.2975391058372567,1.231759497280631,1.7918660933805393,1.9569972867118044,0.7
full_seed11_scaling_0p0_noise0p25_s13_a0p2_b0p7,11,scaling,0.0,0.25,13,0.2,crp,1.238083801527773,1.299166993182833,1.231759497280631,1.7989839629771611,1.974340065145474,0.7
full_seed11_scaling_0p0_noise0p25_s13_a0p3_b0p8,11,scaling,0.0,0.25,13,0.3,fpr_owa,1.4406965827838207,1.5385127187146916,1.3426406936018875,2.1780674388216434,2.3214884090002728,0.8
full_seed11_scaling_0p0_noise0p25_s13_a0p3_b0p8,11,scaling,0.0,0.25,13,0.3,crp,1.441268768296489,1.5388557950623212,1.3719119696010236,2.1780674388216434,2.312384437210297,0.8
full_seed11_scaling_0p0_noise0p25_s5_a0p2_b0p7,11,scaling,0.0,0.25,5,0.2,fpr_owa,1.768739992363102,1.8408338656066765,1.6648480772683014,2.521330051813962,2.8249633333898125,0.7
full_seed11_scaling_0p0_noise0p25_s5_a0p2_b0p7,11,scaling,0.0,0.25,5,0.2,crp,1.768739992363102,1.8408338656066765,1.6648480772683014,2.521330051813962,2.8249633333898125,0.7
full_seed11_scaling_0p0_noise0p25_s5_a0p3_b0p8,11,scaling,0.0,0.25,5,0.3,fpr_owa,1.7807210666317297,1.853421338503683,1.700543780777097,2.5455608840162336,2.780508180814264,0.8
full_seed11_scaling_0p0_noise0p25_s5_a0p3_b0p8,11,scaling,0.0,0.25,5,0.3,crp,1.7807210666317297,1.853421338503683,1.700543780777097,2.5455608840162336,2.780508180814264,0.8
full_seed11_scaling_0p0_noise0p25_s9_a0p2_b0p7,11,scaling,0.0,0.25,9,0.2,fpr_owa,1.7461352404491015,1.8089103731019336,1.645012760945749,2.447591344300196,2.526468902583454,0.7
full_seed11_scaling_0p0_noise0p25_s9_a0p2_b0p7,11,scaling,0.0,0.25,9,0.2,crp,1.7463887434400327,1.8092445621181688,1.645012760945749,2.447591344300196,2.526468902583454,0.7
full_seed11_scaling_0p0_noise0p25_s9_a0p3_b0p8,11,scaling,0.0,0.25,9,0.3,fpr_owa,1.7255843389288017,1.797624491851203,1.630210464348906,2.4853318189876945,2.5830073309369843,0.8
full_seed11_scaling_0p0_noise0p25_s9_a0p3_b0p8,11,scaling,0.0,0.25,9,0.3,crp,1.7266353849468865,1.7989882338603809,1.630210464348906,2.4853318189876945,2.5830073309369843,0.8
full_seed11_scaling_0p0_noise0p5_s13_a0p2_b0p7,11,scaling,0.0,0.5,13,0.2,fpr_owa,1.2941491831629997,1.3694718070207743,1.2970916190651125,1.979666615836429,2.2904240069420423,0.7
full_seed11_scaling_0p0_noise0p5_s13_a0p2_b0p7,11,scaling,0.0,0.5,13,0.2,crp,1.3187922066515667,1.3994827766604665,1.2970916190651125,2.093151676750094,2.30881810360427,0.7
full_seed11_scaling_0p0_noise0p5_s13_a0p3_b0p8,11,scaling,0.0,0.5,13,0.3,fpr_owa,1.3879873128426703,1.4873215954875596,1.3082925736137798,2.2245555160048647,2.5341441719155235,0.8
full_seed11_scaling_0p0_noise0p5_s13_a0p3_b0p8,11,scaling,0.0,0.5,13,0.3,crp,1.4157907027658343,1.5201311492350649,1.3566589066300914,2.314757773962166,2.5341441719155235,0.8
full_seed11_scaling_0p0_noise0p5_s5_a0p2_b0p7,11,scaling,0.0,0.5,5,0.2,fpr_owa,1.7926018622007016,1.87783469716562,1.7723700273181024,2.684271847491995,3.190669428167615,0.7
full_seed11_scaling_0p0_noise0p5_s5_a0p2_b0p7,11,scaling,0.0,0.5,5,0.2,crp,1.7930026967082473,1.8793602825150544,1.75999476208116,2.6846289267011563,3.246589313978529,0.7
full_seed11_scaling_0p0_noise0p5_s5_a0p3_b0p8,11,scaling,0.0,0.5,5,0.3,fpr_owa,1.791824928608006,1.876863939248184,1.7385226185681226,2.7228923880791,3.101963578061354,0.8
full_seed11_scaling_0p0_noise0p5_s5_a0p3_b0p8,11,scaling,0.0,0.5,5,0.3,crp,1.7922627217385465,1.878223215999288,1.7385226185681226,2.7228923880791,3.2863701541106525,0.8
full_seed11_scaling_0p0_noise0p5_s9_a0p2_b0p7,11,scaling,0.0,0.5,9,0.2,fpr_owa,1.7053325554692842,1.7803703247585505,1.6412696103953297,2.503828933608913,2.7646347948997105,0.7
full_seed11_scaling_0p0_noise0p5_s9_a0p2_b0p7,11,scaling,0.0,0.5,9,0.2,crp,1.7076475606457742,1.7835341219938097,1.6441890620646844,2.534031296460946,2.7646347948997105,0.7
full_seed11_scaling_0p0_noise0p5_s9_a0p3_b0p8,11,scaling,0.0,0.5,9,0.3,fpr_owa,1.7003480934025528,1.778436934064852,1.654233640163059,2.5271347718124075,2.864073642446804,0.8
full_seed11_scaling_0p0_noise0p5_s9_a0p3_b0p8,11,scaling,0.0,0.5,9,0.3,crp,1.7039093448358609,1.7840148391754616,1.6767480481877794,2.533586229925118,2.8962981748819616,0.8
full_seed11_scaling_0p1_noise0p1_s13_a0p2_b0p7,11,scaling,0.1,0.1,13,0.2,fpr_owa,1.2125192937453044,1.262601401616235,1.2026784507458006,1.658657078149547,1.7351746813026845,0.7
full_seed11_scaling_0p1_noise0p1_s13_a0p2_b0p7,11,scaling,0.1,0.1,13,0.2,crp,1.2125192937453044,1.262601401616235,1.2026784507458006,1.658657078149547,1.7351746813026845,0.7
full_seed11_scaling_0p1_noise0p1_s13_a0p3_b0p8,11,scaling,0.1,0.1,13,0.3,fpr_owa,1.4748514973598792,1.5536960552110388,1.438209196647089,2.0965543121287284,2.1931705960927865,0.8
full_seed11_scaling_0p1_noise0p1_s13_a0p3_b0p8,11,scaling,0.1,0.1,13,0.3,crp,1.4748514973598792,1.5536960552110388,1.438209196647089,2.0965543121287284,2.1931705960927865,0.8
full_seed11_scaling_0p1_noise0p1_s5_a0p2_b0p7,11,scaling,0.1,0.1,5,0.2,fpr_owa,1.7641788435487618,1.8344957748451296,1.6378153881221,2.480498620302904,2.605539676523132,0.7
full_seed11_scaling_0p1_noise0p1_s5_a0p2_b0p7,11,scaling,0.1,0.1,5,0.2,crp,1.7641788435487618,1.8344957748451296,1.6378153881221,2.480498620302904,2.605539676523132,0.7
full_seed11_scaling_0p1_noise0p1_s5_a0p3_b0p8,11,scaling,0.1,0.1,5,0.3,fpr_owa,1.774467932880156,1.850312605071101,1.6740220907729897,2.48608007812878,2.5953096084478187,0.8
full_seed11_scaling_0p1_noise0p1_s5_a0p3_b0p8,11,scaling,0.1,0.1,5,0.3,crp,1.774467932880156,1.850312605071101,1.6740220907729897,2.48608007812878,2.5953096084478187,0.8
full_seed11_scaling_0p1_noise0p1_s9_a0p2_b0p7,11,scaling,0.1,0.1,9,0.2,fpr_owa,1.7769266046213867,1.833012580114408,1.6493693511814236,2.4162197421739045,2.582255323435484,0.7
full_seed11_scaling_0p1_noise0p1_s9_a0p2_b0p7,11,scaling,0.1,0.1,9,0.2,crp,1.7769266046213867,1.833012580114408,1.6493693511814236,2.4162197421739045,2.582255323435484,0.7
full_seed11_scaling_0p1_noise0p1_s9_a0p3_b0p8,11,scaling,0.1,0.1,9,0.3,fpr_owa,1.7516213612741975,1.8275307572519384,1.5954220411894453,2.4915020520048863,2.59593106892108,0.8
full_seed11_scaling_0p1_noise0p1_s9_a0p3_b0p8,11,scaling,0.1,0.1,9,0.3,crp,1.7516213612741975,1.8275307572519384,1.5954220411894453,2.4915020520048863,2.59593106892108,0.8
full_seed11_scaling_0p1_noise0p25_s13_a0p2_b0p7,11,scaling,0.1,0.25,13,0.2,fpr_owa,1.2437516311764596,1.3064932443609798,1.2275404392752771,1.808171987956359,1.9569972867118044,0.7
full_seed11_scaling_0p1_noise0p25_s13_a0p2_b0p7,11,scaling,0.1,0.25,13,0.2,crp,1.2450948763911551,1.3081099887087682,1.2275404392752771,1.8096007180435432,1.974340065145474,0.7
full_seed11_scaling_0p1_noise0p25_s13_a0p3_b0p8,11,scaling,0.1,0.25,13,0.3,fpr_owa,1.4498907092017064,1.5491425021388507,1.3769311932921688,2.1995760115661818,2.3214884090002728,0.8
full_seed11_scaling_0p1_noise0p25_s13_a0p3_b0p8,11,scaling,0.1,0.25,13,0.3,crp,1.4504210841718082,1.5494260481694986,1.4038727598410032,2.1995760115661818,2.312384437210297,0.8
full_seed11_scaling_0p1_noise0p25_s5_a0p2_b0p7,11,scaling,0.1,0.25,5,0.2,fpr_owa,1.768739992363102,1.8408338656066765,1.6648480772683014,2.521330051813962,2.8249633333898125,0.7
full_seed11_scaling_0p1_noise0p25_s5_a0p2_b0p7,11,scaling,0.1,0.25,5,0.2,crp,1.768739992363102,1.8408338656066765,1.6648480772683014,2.521330051813962,2.8249633333898125,0.7
full_seed11_scaling_0p1_noise0p25_s5_a0p3_b0p8,11,scaling,0.1,0.25,5,0.3,fpr_owa,1.7807210666317297,1.853421338503683,1.700543780777097,2.5455608840162336,2.780508180814264,0.8
full_seed11_scaling_0p1_noise0p25_s5_a0p3_b0p8,11,scaling,0.1,0.25,5,0.3,crp,1.7807210666317297,1.853421338503683,1.700543780777097,2.5455608840162336,2.780508180814264,0.8
full_seed11_scaling_0p1_noise0p25_s9_a0p2_b0p7,11,scaling,0.1,0.25,9,0.2,fpr_owa,1.755861027668861,1.8207886436257836,1.6512099539353908,2.474742902614537,2.598216331463201,0.7
full_seed11_scaling_0p1_noise0p25_s9_a0p2_b0p7,11,scaling,0.1,0.25,9,0.2,crp,1.7561145306597925,1.8211206528934345,1.6512099539353908,2.474742902614537,2.598216331463201,0.7
full_seed11_scaling_0p1_noise0p25_s9_a0p3_b0p8,11,scaling,0.1,0.25,9,0.3,fpr_owa,1.7402963191349208,1.812954256538196,1.6599767386185893,2.507313789305026,2.6059994327046154,0.8
full_seed11_scaling_0p1_noise0p25_s9_a0p3_b0p8,11,scaling,0.1,0.25,9,0.3,crp,1.741347365153006,1.8143064758096303,1.6599767386185893,2.507313789305026,2.6059994327046154,0.8
full_seed11_scaling_0p1_noise0p5_s13_a0p2_b0p7,11,scaling,0.1,0.5,13,0.2,fpr_owa,1.3076770488195624,1.382317017828181,1.312422136892076,2.026469836013444,2.333477926900632,0.7
full_seed11_scaling_0p1_noise0p5_s13_a0p2_b0p7,11,scaling,0.1,0.5,13,0.2,crp,1.3336647914708526,1.413986182726491,1.312422136892076,2.120898157824312,2.3499098128717613,0.7
full_seed11_scaling_0p1_noise0p5_s13_a0p3_b0p8,11,scaling,0.1,0.5,13,0.3,fpr_owa,1.3979692271728783,1.497526300867196,1.338549255701802,2.267072162479279,2.4660619455674526,0.8
full_seed11_scaling_0p1_noise0p5_s13_a0p3_b0p8,11,scaling,0.1,0.5,13,0.3,crp,1.4250636127978809,1.5292145558511627,1.3516942831528294,2.316728544968955,2.561276180010243,0.8
full_seed11_scaling_0p1_noise0p5_s5_a0p2_b0p7,11,scaling,0.1,0.5,5,0.2,fpr_owa,1.7926018622007016,1.87783469716562,1.7723700273181024,2.684271847491995,3.190669428167615,0.7
full_seed11_scaling_0p1_noise0p5_s5_a0p2_b0p7,11,scaling,0.1,0.5,5,0.2,crp,1.7930026967082473,1.8793602825150544,1.75999476208116,2.6846289267011563,3.246589313978529,0.7
full_seed11_scaling_0p1_noise0p5_s5_a0p3_b0p8,11,scaling,0.1,0.5,5,0.3,fpr_owa,1.791824928608006,1.876863939248184,1.7385226185681226,2.7228923880791,3.101963578061354,0.8
full_seed11_scaling_0p1_noise0p5_s5_a0p3_b0p8,11,scaling,0.1,0.5,5,0.3,crp,1.7922627217385465,1.878223215999288,1.7385226185681226,2.7228923880791,3.2863701541106525,0.8
full_seed11_scaling_0p1_noise0p5_s9_a0p2_b0p7,11,scaling,0.1,0.5,9,0.2,fpr_owa,1.7253101272880158,1.8017099550896456,1.6607969497579522,2.549873453498104,2.808389668869153,0.7
full_seed11_scaling_0p1_noise0p5_s9_a0p2_b0p7,11,scaling,0.1,0.5,9,0.2,crp,1.7262189894010658,1.804013421362512,1.6689755167082327,2.556425158398424,2.808389668869153,0.7
full_seed11_scaling_0p1_noise0p5_s9_a0p3_b0p8,11,scaling,0.1,0.5,9,0.3,fpr_owa,1.7144552409200071,1.7942004358655383,1.6596022591108297,2.604840368653493,2.864073642446804,0.8
full_seed11_scaling_0p1_noise0p5_s9_a0p3_b0p8,11,scaling,0.1,0.5,9,0.3,crp,1.715967104322249,1.797507339932576,1.6767480481877794,2.604840368653493,2.8962981748819616,0.8
full_seed11_scaling_0p2_noise0p1_s13_a0p2_b0p7,11,scaling,0.2,0.1,13,0.2,fpr_owa,1.2290058554918233,1.2809596834641686,1.2028869382646048,1.7019904978503184,1.8307201019072643,0.7
full_seed11_scaling_0p2_noise0p1_s13_a0p2_b0p7,11,scaling,0.2,0.1,13,0.2,crp,1.2290058554918233,1.2809596834641686,1.2028869382646048,1.7019904978503184,1.8307201019072643,0.7
full_seed11_scaling_0p2_noise0p1_s13_a0p3_b0p8,11,scaling,0.2,0.1,13,0.3,fpr_owa,1.5047074160103229,1.5835752741019655,1.4585581346253589,2.1584005646733564,2.2887160166973666,0.8
full_seed11_scaling_0p2_noise0p1_s13_a0p3_b0p8,11,scaling,0.2,0.1,13,0.3,crp,1.5047074160103229,1.5835752741019655,1.4585581346253589,2.1584005646733564,2.2887160166973666,0.8
full_seed11_scaling_0p2_noise0p1_s5_a0p2_b0p7,11,scaling,0.2,0.1,5,0.2,fpr_owa,1.7795320482895538,1.850689946785162,1.640560451035476,2.48870375917548,2.60921346085803,0.7
full_seed11_scaling_0p2_noise0p1_s5_a0p2_b0p7,11,scaling,0.2,0.1,5,0.2,crp,1.7795320482895538,1.850689946785162,1.640560451035476,2.48870375917548,2.60921346085803,0.7
full_seed11_scaling_0p2_noise0p1_s5_a0p3_b0p8,11,scaling,0.2,0.1,5,0.3,fpr_owa,1.7851160398500383,1.860205530485259,1.6992556520243238,2.5068095461660707,2.6025624102346057,0.8
full_seed11_scaling_0p2_noise0p1_s5_a0p3_b0p8,11,scaling,0.2,0.1,5,0.3,crp,1.7851160398500383,1.860205530485259,1.6992556520243238,2.5068095461660707,2.6025624102346057,0.8
full_seed11_scaling_0p2_noise0p1_s9_a0p2_b0p7,11,scaling,0.2,0.1,9,0.2,fpr_owa,1.7903847059456195,1.847636799833356,1.6682878695006251,2.4532089108934048,2.5917053510670884,0.7
full_seed11_scaling_0p2_noise0p1_s9_a0p2_b0p7,11,scaling,0.2,0.1,9,0.2,crp,1.7903847059456195,1.847636799833356,1.6682878695006251,2.4532089108934048,2.5917053510670884,0.7
full_seed11_scaling_0p2_noise0p1_s9_a0p3_b0p8,11,scaling,0.2,0.1,9,0.3,fpr_owa,1.762440087089963,1.8396313499340988,1.6146982710678015,2.5016953602576057,2.6302898397795564,0.8
full_seed11_scaling_0p2_noise0p1_s9_a0p3_b0p8,11,scaling,0.2,0.1,9,0.3,crp,1.762440087089963,1.8396313499340988,1.6146982710678015,2.5016953602576057,2.6302898397795564,0.8
full_seed11_scaling_0p2_noise0p25_s13_a0p2_b0p7,11,scaling,0.2,0.25,13,0.2,fpr_owa,1.2658611599954923,1.3292936429872726,1.2550392845963927,1.8781316613093133,2.026909411529538,0.7
full_seed11_scaling_0p2_noise0p25_s13_a0p2_b0p7,11,scaling,0.2,0.25,13,0.2,crp,1.268222630369475,1.3322584416189167,1.2550392845963927,1.8788250636809063,2.026909411529538,0.7
full_seed11_scaling_0p2_noise0p25_s13_a0p3_b0p8,11,scaling,0.2,0.25,13,0.3,fpr_owa,1.4698858766799026,1.572655433198879,1.4519478745893182,2.2743288025331667,2.3826668934029307,0.8
full_seed11_scaling_0p2_noise0p25_s13_a0p3_b0p8,11,scaling,0.2,0.25,13,0.3,crp,1.4713748883566302,1.5743063997190485,1.4614353911569031,2.289027617056552,2.3826668934029307,0.8
full_seed11_scaling_0p2_noise0p25_s5_a0p2_b0p7,11,scaling,0.2,0.25,5,0.2,fpr_owa,1.7936136355217178,1.866531807812032,1.7254538743921588,2.5796259723485955,2.833926312452692,0.7
full_seed11_scaling_0p2_noise0p25_s5_a0p2_b0p7,11,scaling,0.2,0.25,5,0.2,crp,1.7936136355217178,1.866531807812032,1.7254538743921588,2.5796259723485955,2.833926312452692,0.7
full_seed11_scaling_0p2_noise0p25_s5_a0p3_b0p8,11,scaling,0.2,0.25,5,0.3,fpr_owa,1.80305287529104,1.8770000372255016,1.7377043164960737,2.602344865161104,2.780508180814264,0.8
full_seed11_scaling_0p2_noise0p25_s5_a0p3_b0p8,11,scaling,0.2,0.25,5,0.3,crp,1.80305287529104,1.8770000372255016,1.7377043164960737,2.602344865161104,2.780508180814264,0.8
full_seed11_scaling_0p2_noise0p25_s9_a0p2_b0p7,11,scaling,0.2,0.25,9,0.2,fpr_owa,1.7690824609758329,1.8355264332118104,1.6633898102850833,2.491996335066092,2.664544522488536,0.7
full_seed11_scaling_0p2_noise0p25_s9_a0p2_b0p7,11,scaling,0.2,0.25,9,0.2,crp,1.7693359639667638,1.835855777194292,1.6633898102850833,2.491996335066092,2.664544522488536,0.7
full_seed11_scaling_0p2_noise0p25_s9_a0p3_b0p8,11,scaling,0.2,0.25,9,0.3,fpr_owa,1.7541086748468462,1.8284158233946668,1.659359615559731,2.554895021452724,2.637995248772796,0.8
full_seed11_scaling_0p2_noise0p25_s9_a0p3_b0p8,11,scaling,0.2,0.25,9,0.3,crp,1.755159720864931,1.829756616357704,1.659359615559731,2.554895021452724,2.637995248772796,0.8
full_seed11_scaling_0p2_noise0p5_s13_a0p2_b0p7,11,scaling,0.2,0.5,13,0.2,fpr_owa,1.3149036283110442,1.3894947465380376,1.3157288297448044,2.0623996030007543,2.3706224574300268,0.7
full_seed11_scaling_0p2_noise0p5_s13_a0p2_b0p7,11,scaling,0.2,0.5,13,0.2,crp,1.3459855617261145,1.4304227414736757,1.3207629054842576,2.133285146473777,2.4041312912969057,0.7
full_seed11_scaling_0p2_noise0p5_s13_a0p3_b0p8,11,scaling,0.2,0.5,13,0.3,fpr_owa,1.417237207936486,1.5195672138382914,1.324332959396866,2.3149752005572086,2.556132393318061,0.8
full_seed11_scaling_0p2_noise0p5_s13_a0p3_b0p8,11,scaling,0.2,0.5,13,0.3,crp,1.441240698253354,1.5496002844356347,1.335298183158424,2.3644316408611075,2.668879568074163,0.8
full_seed11_scaling_0p2_noise0p5_s5_a0p2_b0p7,11,scaling,0.2,0.5,5,0.2,fpr_owa,1.812739932187747,1.897753219714824,1.7754376104405123,2.7501365766414554,3.190669428167615,0.7
full_seed11_scaling_0p2_noise0p5_s5_a0p2_b0p7,11,scaling,0.2,0.5,5,0.2,crp,1.8131407666952928,1.8992628055521836,1.7682743024223964,2.75729813991405,3.246589313978529,0.7
full_seed11_scaling_0p2_noise0p5_s5_a0p3_b0p8,11,scaling,0.2,0.5,5,0.3,fpr_owa,1.8111325787694916,1.8975824355436857,1.7458329681520823,2.7262573935028143,3.1417058188459723,0.8
full_seed11_scaling_0p2_noise0p5_s5_a0p3_b0p8,11,scaling,0.2,0.5,5,0.3,crp,1.8115703719000316,1.898926881781498,1.7458329681520823,2.7262573935028143,3.2863701541106525,0.8
full_seed11_scaling_0p2_noise0p5_s9_a0p2_b0p7,11,scaling,0.2,0.5,9,0.2,fpr_owa,1.727101814276771,1.8056317580613357,1.6584916117813329,2.5566094144774496,2.8801290250005924,0.7
full_seed11_scaling_0p2_noise0p5_s9_a0p2_b0p7,11,scaling,0.2,0.5,9,0.2,crp,1.7285163312976042,1.8084771868571663,1.6666701787316134,2.587706644136185,2.8801290250005924,0.7
full_seed11_scaling_0p2_noise0p5_s9_a0p3_b0p8,11,scaling,0.2,0.5,9,0.3,fpr_owa,1.7214950673917266,1.801587046226719,1.6649857691716596,2.5373414160355634,2.864073642446804,0.8
full_seed11_scaling_0p2_noise0p5_s9_a0p3_b0p8,11,scaling,0.2,0.5,9,0.3,crp,1.7245834823612038,1.807148484027409,1.6767480481877794,2.647686176718511,2.8962981748819616,0.8
full_seed11_scaling_0p3_noise0p1_s13_a0p2_b0p7,11,scaling,0.3,0.1,13,0.2,fpr_owa,1.239497097031424,1.292986076455757,1.207598446074722,1.7514334844989063,1.8496345310305335,0.7
full_seed11_scaling_0p3_noise0p1_s13_a0p2_b0p7,11,scaling,0.3,0.1,13,0.2,crp,1.239497097031424,1.292986076455757,1.207598446074722,1.7514334844989063,1.8496345310305335,0.7
full_seed11_scaling_0p3_noise0p1_s13_a0p3_b0p8,11,scaling,0.3,0.1,13,0.3,fpr_owa,1.5118906328349595,1.5925654092905128,1.4541840856881407,2.200223437492548,2.2887160166973666,0.8
full_seed11_scaling_0p3_noise0p1_s13_a0p3_b0p8,11,scaling,0.3,0.1,13,0.3,crp,1.5118906328349595,1.5925654092905128,1.4541840856881407,2.200223437492548,2.2887160166973666,0.8
full_seed11_scaling_0p3_noise0p1_s5_a0p2_b0p7,11,scaling,0.3,0.1,5,0.2,fpr_owa,1.8064143488036144,1.8815983157662268,1.6558811932758128,2.595409947588094,2.7355679391143286,0.7
full_seed11_scaling_0p3_noise0p1_s5_a0p2_b0p7,11,scaling,0.3,0.1,5,0.2,crp,1.8064143488036144,1.8815983157662268,1.6558811932758128,2.595409947588094,2.7355679391143286,0.7
full_seed11_scaling_0p3_noise0p1_s5_a0p3_b0p8,11,scaling,0.3,0.1,5,0.3,fpr_owa,1.8101535144637688,1.887037077162479,1.7161768541856826,2.570805110447358,2.707021374494924,0.8
full_seed11_scaling_0p3_noise0p1_s5_a0p3_b0p8,11,scaling,0.3,0.1,5,0.3,crp,1.8101535144637688,1.887037077162479,1.7161768541856826,2.570805110447358,2.707021374494924,0.8
full_seed11_scaling_0p3_noise0p1_s9_a0p2_b0p7,11,scaling,0.3,0.1,9,0.2,fpr_owa,1.8030723845531256,1.8621730909809944,1.6590818149398154,2.4985736756868304,2.605088360633329,0.7
full_seed11_scaling_0p3_noise0p1_s9_a0p2_b0p7,11,scaling,0.3,0.1,9,0.2,crp,1.8030723845531256,1.8621730909809944,1.6590818149398154,2.4985736756868304,2.605088360633329,0.7
full_seed11_scaling_0p3_noise0p1_s9_a0p3_b0p8,11,scaling,0.3,0.1,9,0.3,fpr_owa,1.769205840829435,1.8471182461827735,1.618013445904371,2.523365882535625,2.69656053563251,0.8
full_seed11_scaling_0p3_noise0p1_s9_a0p3_b0p8,11,scaling,0.3,0.1,9,0.3,crp,1.769205840829435,1.8471182461827735,1.618013445904371,2.523365882535625,2.69656053563251,0.8
full_seed11_scaling_0p3_noise0p25_s13_a0p2_b0p7,11,scaling,0.3,0.25,13,0.2,fpr_owa,1.2693047468735823,1.334458525429396,1.2504792006017191,1.898200247734513,2.0637867144972306,0.7
full_seed11_scaling_0p3_noise0p25_s13_a0p2_b0p7,11,scaling,0.3,0.25,13,0.2,crp,1.271700701469531,1.3375372278757074,1.2504792006017191,1.9001752567744177,2.0637867144972306,0.7
full_seed11_scaling_0p3_noise0p25_s13_a0p3_b0p8,11,scaling,0.3,0.25,13,0.3,fpr_owa,1.475748595109882,1.5800524992970604,1.427693672378514,2.3053441734948743,2.42067188141775,0.8
full_seed11_scaling_0p3_noise0p25_s13_a0p3_b0p8,11,scaling,0.3,0.25,13,0.3,crp,1.4772720910085757,1.5818026591548195,1.4519478745893182,2.3140948040238998,2.4269595835496403,0.8
full_seed11_scaling_0p3_noise0p25_s5_a0p2_b0p7,11,scaling,0.3,0.25,5,0.2,fpr_owa,1.812443779609964,1.887902174986629,1.7211649704988596,2.655612522001844,2.8249633333898125,0.7
full_seed11_scaling_0p3_noise0p25_s5_a0p2_b0p7,11,scaling,0.3,0.25,5,0.2,crp,1.812443779609964,1.887902174986629,1.7211649704988596,2.655612522001844,2.8249633333898125,0.7
full_seed11_scaling_0p3_noise0p25_s5_a0p3_b0p8,11,scaling,0.3,0.25,5,0.3,fpr_owa,1.825802420106386,1.9013867668559608,1.7589815174739507,2.636475406692319,2.825767598424654,0.8
full_seed11_scaling_0p3_noise0p25_s5_a0p3_b0p8,11,scaling,0.3,0.25,5,0.3,crp,1.825802420106386,1.9013867668559608,1.7589815174739507,2.636475406692319,2.825767598424654,0.8
full_seed11_scaling_0p3_noise0p25_s9_a0p2_b0p7,11,scaling,0.3,0.25,9,0.2,fpr_owa,1.780826076284436,1.8469877102526495,1.6731556657218682,2.512170717536382,2.6949150054920032,0.7
full_seed11_scaling_0p3_noise0p25_s9_a0p2_b0p7,11,scaling,0.3,0.25,9,0.2,crp,1.7813394515820788,1.847601093963668,1.6731556657218682,2.512170717536382,2.6949150054920032,0.7
full_seed11_scaling_0p3_noise0p25_s9_a0p3_b0p8,11,scaling,0.3,0.25,9,0.3,fpr_owa,1.7666446996945673,1.841736203433618,1.6444364664500446,2.554752982028629,2.6850135511482764,0.8
full_seed11_scaling_0p3_noise0p25_s9_a0p3_b0p8,11,scaling,0.3,0.25,9,0.3,crp,1.7681397198656876,1.8435898331637188,1.6444364664500446,2.554752982028629,2.6850135511482764,0.8
full_seed11_scaling_0p3_noise0p5_s13_a0p2_b0p7,11,scaling,0.3,0.5,13,0.2,fpr_owa,1.3230725151222988,1.398350504292518,1.325147204060105,2.079560570433844,2.420279737061237,0.7
full_seed11_scaling_0p3_noise0p5_s13_a0p2_b0p7,11,scaling,0.3,0.5,13,0.2,crp,1.3570653476736676,1.4434696731021197,1.3424695662667006,2.1412351105725507,2.46886765286448,0.7
full_seed11_scaling_0p3_noise0p5_s13_a0p3_b0p8,11,scaling,0.3,0.5,13,0.3,fpr_owa,1.4193855926005472,1.5226774602785471,1.3500182958258415,2.3173505451399548,2.606721092901748,0.8
full_seed11_scaling_0p3_noise0p5_s13_a0p3_b0p8,11,scaling,0.3,0.5,13,0.3,crp,1.4515385830891632,1.5615987028322562,1.3726135818986014,2.380234943722308,2.722674954341308,0.8
full_seed11_scaling_0p3_noise0p5_s5_a0p2_b0p7,11,scaling,0.3,0.5,5,0.2,fpr_owa,1.8276193485532872,1.915534079078054,1.7605293803352524,2.758288605645806,3.190669428167615,0.7
full_seed11_scaling_0p3_noise0p5_s5_a0p2_b0p7,11,scaling,0.3,0.5,5,0.2,crp,1.828020183060833,1.9170296632356472,1.751203401511161,2.7867040924234194,3.246589313978529,0.7
full_seed11_scaling_0p3_noise0p5_s5_a0p3_b0p8,11,scaling,0.3,0.5,5,0.3,fpr_owa,1.828939343022231,1.9170927410774723,1.7434984452282831,2.7822015558360462,3.215567817222724,0.8
full_seed11_scaling_0p3_noise0p5_s5_a0p3_b0p8,11,scaling,0.3,0.5,5,0.3,crp,1.8293771361527709,1.918423514388946,1.7434984452282831,2.7822015558360462,3.2863701541106525,0.8
full_seed11_scaling_0p3_noise0p5_s9_a0p2_b0p7,11,scaling,0.3,0.5,9,0.2,fpr_owa,1.7350342858612764,1.8142470884816908,1.6625313728170608,2.568780494717421,2.9518608529543795,0.7
full_seed11_scaling_0p3_noise0p5_s9_a0p2_b0p7,11,scaling,0.3,0.5,9,0.2,crp,1.736164050548267,1.8166558573978588,1.6625313728170608,2.6023571776932366,2.9518608529543795,0.7
full_seed11_scaling_0p3_noise0p5_s9_a0p3_b0p8,11,scaling,0.3,0.5,9,0.3,fpr_owa,1.731817234671794,1.8136801533924,1.6931058298619113,2.5716668288043136,2.864073642446804,0.8
full_seed11_scaling_0p3_noise0p5_s9_a0p3_b0p8,11,scaling,0.3,0.5,9,0.3,crp,1.7343499727642238,1.818618242835765,1.7102291478397815,2.647686176718511,2.9337300453995008,0.8
full_seed11_scaling_0p4_noise0p1_s13_a0p2_b0p7,11,scaling,0.4,0.1,13,0.2,fpr_owa,1.2474611937078075,1.302851808870622,1.224856641418847,1.7889062553850137,1.8542216311793025,0.7
full_seed11_scaling_0p4_noise0p1_s13_a0p2_b0p7,11,scaling,0.4,0.1,13,0.2,crp,1.2474611937078075,1.302851808870622,1.224856641418847,1.7889062553850137,1.8542216311793025,0.7
full_seed11_scaling_0p4_noise0p1_s13_a0p3_b0p8,11,scaling,0.4,0.1,13,0.3,fpr_owa,1.5238978260220648,1.605375736921468,1.4610334123686444,2.2509416183189126,2.3095731561705115,0.8
full_seed11_scaling_0p4_noise0p1_s13_a0p3_b0p8,11,scaling,0.4,0.1,13,0.3,crp,1.5238978260220648,1.605375736921468,1.4610334123686444,2.2509416183189126,2.3095731561705115,0.8
full_seed11_scaling_0p4_noise0p1_s5_a0p2_b0p7,11,scaling,0.4,0.1,5,0.2,fpr_owa,1.8064143488036144,1.8815983157662268,1.6558811932758128,2.595409947588094,2.7355679391143286,0.7
full_seed11_scaling_0p4_noise0p1_s5_a0p2_b0p7,11,scaling,0.4,0.1,5,0.2,crp,1.8064143488036144,1.8815983157662268,1.6558811932758128,2.595409947588094,2.7355679391143286,0.7
full_seed11_scaling_0p4_noise0p1_s5_a0p3_b0p8,11,scaling,0.4,0.1,5,0.3,fpr_owa,1.8101535144637688,1.887037077162479,1.7161768541856826,2.570805110447358,2.707021374494924,0.8
full_seed11_scaling_0p4_noise0p1_s5_a0p3_b0p8,11,scaling,0.4,0.1,5,0.3,crp,1.8101535144637688,1.887037077162479,1.7161768541856826,2.570805110447358,2.707021374494924,0.8
full_seed11_scaling_0p4_noise0p1_s9_a0p2_b0p7,11,scaling,0.4,0.1,9,0.2,fpr_owa,1.8155265599107588,1.8774255017536388,1.6599086489152488,2.5244824743377245,2.6440968438176404,0.7
full_seed11_scaling_0p4_noise0p1_s9_a0p2_b0p7,11,scaling,0.4,0.1,9,0.2,crp,1.8155265599107588,1.8774255017536388,1.6599086489152488,2.5244824743377245,2.6440968438176404,0.7
full_seed11_scaling_0p4_noise0p1_s9_a0p3_b0p8,11,scaling,0.4,0.1,9,0.3,fpr_owa,1.780900114972941,1.8604134349558397,1.608424279356245,2.567085183030824,2.7089841181951733,0.8
full_seed11_scaling_0p4_noise0p1_s9_a0p3_b0p8,11,scaling,0.4,0.1,9,0.3,crp,1.780900114972941,1.8604134349558397,1.608424279356245,2.567085183030824,2.7089841181951733,0.8
full_seed11_scaling_0p4_noise0p25_s13_a0p2_b0p7,11,scaling,0.4,0.25,13,0.2,fpr_owa,1.2784681406545038,1.3435805866189476,1.2548214029082725,1.922201025822608,2.0823235834938947,0.7
full_seed11_scaling_0p4_noise0p25_s13_a0p2_b0p7,11,scaling,0.4,0.25,13,0.2,crp,1.280902651785666,1.3467121247617182,1.2548214029082725,1.9223447124379125,2.0823235834938947,0.7
full_seed11_scaling_0p4_noise0p25_s13_a0p3_b0p8,11,scaling,0.4,0.25,13,0.3,fpr_owa,1.4801525714560697,1.5878661889510783,1.4555431228362132,2.322138552953099,2.4497893314444985,0.8
full_seed11_scaling_0p4_noise0p25_s13_a0p3_b0p8,11,scaling,0.4,0.25,13,0.3,crp,1.4816635213866278,1.5896241977758796,1.4614353911569031,2.3348075118824294,2.4497893314444985,0.8
full_seed11_scaling_0p4_noise0p25_s5_a0p2_b0p7,11,scaling,0.4,0.25,5,0.2,fpr_owa,1.812443779609964,1.887902174986629,1.7211649704988596,2.655612522001844,2.8249633333898125,0.7
full_seed11_scaling_0p4_noise0p25_s5_a0p2_b0p7,11,scaling,0.4,0.25,5,0.2,crp,1.812443779609964,1.887902174986629,1.7211649704988596,2.655612522001844,2.8249633333898125,0.7
full_seed11_scaling_0p4_noise0p25_s5_a0p3_b0p8,11,scaling,0.4,0.25,5,0.3,fpr_owa,1.825802420106386,1.9013867668559608,1.7589815174739507,2.636475406692319,2.825767598424654,0.8
full_seed11_scaling_0p4_noise0p25_s5_a0p3_b0p8,11,scaling,0.4,0.25,5,0.3,crp,1.825802420106386,1.9013867668559608,1.7589815174739507,2.636475406692319,2.825767598424654,0.8
full_seed11_scaling_0p4_noise0p25_s9_a0p2_b0p7,11,scaling,0.4,0.25,9,0.2,fpr_owa,1.792647866602923,1.8619265063931147,1.690376575329802,2.5464482217412807,2.8484970130130165,0.7
full_seed11_scaling_0p4_noise0p25_s9_a0p2_b0p7,11,scaling,0.4,0.25,9,0.2,crp,1.7931872229175565,1.8625714743338984,1.690376575329802,2.5464482217412807,2.8484970130130165,0.7
full_seed11_scaling_0p4_noise0p25_s9_a0p3_b0p8,11,scaling,0.4,0.25,9,0.3,fpr_owa,1.7739025789375067,1.850669446960153,1.668284193878235,2.568632372213341,2.7086535956786104,0.8
full_seed11_scaling_0p4_noise0p25_s9_a0p3_b0p8,11,scaling,0.4,0.25,9,0.3,crp,1.7754235801256175,1.852558009452573,1.668284193878235,2.568632372213341,2.7086535956786104,0.8
full_seed11_scaling_0p4_noise0p5_s13_a0p2_b0p7,11,scaling,0.4,0.5,13,0.2,fpr_owa,1.3305797924061409,1.406681109897891,1.3435275831571722,2.033998677033503,2.4699310437612283,0.7
full_seed11_scaling_0p4_noise0p5_s13_a0p2_b0p7,11,scaling,0.4,0.5,13,0.2,crp,1.3719937500746622,1.4608815316394297,1.3362654323242646,2.1991079246387746,2.5163773862917496,0.7
full_seed11_scaling_0p4_noise0p5_s13_a0p3_b0p8,11,scaling,0.4,0.5,13,0.3,fpr_owa,1.424891771104014,1.5293292924916728,1.3703432198691794,2.3267963334704582,2.652592094389434,0.8
full_seed11_scaling_0p4_noise0p5_s13_a0p3_b0p8,11,scaling,0.4,0.5,13,0.3,crp,1.4593808733024969,1.5720852616498742,1.3703432198691794,2.4281681976849234,2.774416204609633,0.8
full_seed11_scaling_0p4_noise0p5_s5_a0p2_b0p7,11,scaling,0.4,0.5,5,0.2,fpr_owa,1.8276193485532872,1.915534079078054,1.7605293803352524,2.758288605645806,3.190669428167615,0.7
full_seed11_scaling_0p4_noise0p5_s5_a0p2_b0p7,11,scaling,0.4,0.5,5,0.2,crp,1.828020183060833,1.9170296632356472,1.751203401511161,2.7867040924234194,3.246589313978529,0.7
full_seed11_scaling_0p4_noise0p5_s5_a0p3_b0p8,11,scaling,0.4,0.5,5,0.3,fpr_owa,1.828939343022231,1.9170927410774723,1.7434984452282831,2.7822015558360462,3.215567817222724,0.8
full_seed11_scaling_0p4_noise0p5_s5_a0p3_b0p8,11,scaling,0.4,0.5,5,0.3,crp,1.8293771361527709,1.918423514388946,1.7434984452282831,2.7822015558360462,3.2863701541106525,0.8
full_seed11_scaling_0p4_noise0p5_s9_a0p2_b0p7,11,scaling,0.4,0.5,9,0.2,fpr_owa,1.751130431651861,1.8322033111581308,1.6847929485807036,2.5869459909481454,3.105602414434484,0.7
full_seed11_scaling_0p4_noise0p5_s9_a0p2_b0p7,11,scaling,0.4,0.5,9,0.2,crp,1.751813693822709,1.833229408949032,1.6847929485807036,2.616028563512627,3.105602414434484,0.7
full_seed11_scaling_0p4_noise0p5_s9_a0p3_b0p8,11,scaling,0.4,0.5,9,0.3,fpr_owa,1.7391520985188869,1.8215376309155304,1.7128003031000136,2.6179390982076125,2.9420872155943982,0.8
full_seed11_scaling_0p4_noise0p5_s9_a0p3_b0p8,11,scaling,0.4,0.5,9,0.3,crp,1.742856016709737,1.82686335194783,1.7187315373023275,2.6480024253169128,2.9420872155943982,0.8
full_seed11_spike_0p0_noise0p1_s13_a0p2_b0p7,11,spike,0.0,0.1,13,0.2,fpr_owa,1.2030380377571297,1.251722441779351,1.2026784507458006,1.6480635543117987,1.7018842003615893,0.7
full_seed11_spike_0p0_noise0p1_s13_a0p2_b0p7,11,spike,0.0,0.1,13,0.2,crp,1.2030380377571297,1.251722441779351,1.2026784507458006,1.6480635543117987,1.7018842003615893,0.7
full_seed11_spike_0p0_noise0p1_s13_a0p3_b0p8,11,spike,0.0,0.1,13,0.3,fpr_owa,1.4692993938784018,1.5449144247902484,1.433608269751376,2.093640686237393,2.1531616283456394,0.8
full_seed11_spike_0p0_noise0p1_s13_a0p3_b0p8,11,spike,0.0,0.1,13,0.3,crp,1.4692993938784018,1.5449144247902484,1.433608269751376,2.093640686237393,2.1531616283456394,0.8
full_seed11_spike_0p0_noise0p1_s5_a0p2_b0p7,11,spike,0.0,0.1,5,0.2,fpr_owa,1.7641788435487618,1.8344957748451296,1.6378153881221,2.480498620302904,2.605539676523132,0.7
full_seed11_spike_0p0_noise0p1_s5_a0p2_b0p7,11,spike,0.0,0.1,5,0.2,crp,1.7641788435487618,1.8344957748451296,1.6378153881221,2.480498620302904,2.605539676523132,0.7
full_seed11_spike_0p0_noise0p1_s5_a0p3_b0p8,11,spike,0.0,0.1,5,0.3,fpr_owa,1.774467932880156,1.850312605071101,1.6740220907729897,2.48608007812878,2.5953096084478187,0.8
full_seed11_spike_0p0_noise0p1_s5_a0p3_b0p8,11,spike,0.0,0.1,5,0.3,crp,1.774467932880156,1.850312605071101,1.6740220907729897,2.48608007812878,2.5953096084478187,0.8
full_seed11_spike_0p0_noise0p1_s9_a0p2_b0p7,11,spike,0.0,0.1,9,0.2,fpr_owa,1.76382617176232,1.818790851360434,1.646441406201646,2.403961893301196,2.574826357871061,0.7
full_seed11_spike_0p0_noise0p1_s9_a0p2_b0p7,11,spike,0.0,0.1,9,0.2,crp,1.76382617176232,1.818790851360434,1.646441406201646,2.403961893301196,2.574826357871061,0.7
full_seed11_spike_0p0_noise0p1_s9_a0p3_b0p8,11,spike,0.0,0.1,9,0.3,fpr_owa,1.7391030676721655,1.8148932617376512,1.576794331174129,2.4696643260282585,2.5362443408446937,0.8
full_seed11_spike_0p0_noise0p1_s9_a0p3_b0p8,11,spike,0.0,0.1,9,0.3,crp,1.7391030676721655,1.8148932617376512,1.576794331174129,2.4696643260282585,2.5362443408446937,0.8
full_seed11_spike_0p0_noise0p25_s13_a0p2_b0p7,11,spike,0.0,0.25,13,0.2,fpr_owa,1.2367405563130776,1.2975391058372567,1.231759497280631,1.7918660933805393,1.9569972867118044,0.7
full_seed11_spike_0p0_noise0p25_s13_a0p2_b0p7,11,spike,0.0,0.25,13,0.2,crp,1.238083801527773,1.299166993182833,1.231759497280631,1.7989839629771611,1.974340065145474,0.7
full_seed11_spike_0p0_noise0p25_s13_a0p3_b0p8,11,spike,0.0,0.25,13,0.3,fpr_owa,1.4406965827838207,1.5385127187146916,1.3426406936018875,2.1780674388216434,2.3214884090002728,0.8
full_seed11_spike_0p0_noise0p25_s13_a0p3_b0p8,11,spike,0.0,0.25,13,0.3,crp,1.441268768296489,1.5388557950623212,1.3719119696010236,2.1780674388216434,2.312384437210297,0.8
full_seed11_spike_0p0_noise0p25_s5_a0p2_b0p7,11,spike,0.0,0.25,5,0.2,fpr_owa,1.768739992363102,1.8408338656066765,1.6648480772683014,2.521330051813962,2.8249633333898125,0.7
full_seed11_spike_0p0_noise0p25_s5_a0p2_b0p7,11,spike,0.0,0.25,5,0.2,crp,1.768739992363102,1.8408338656066765,1.6648480772683014,2.521330051813962,2.8249633333898125,0.7
full_seed11_spike_0p0_noise0p25_s5_a0p3_b0p8,11,spike,0.0,0.25,5,0.3,fpr_owa,1.7807210666317297,1.853421338503683,1.700543780777097,2.5455608840162336,2.780508180814264,0.8
full_seed11_spike_0p0_noise0p25_s5_a0p3_b0p8,11,spike,0.0,0.25,5,0.3,crp,1.7807210666317297,1.853421338503683,1.700543780777097,2.5455608840162336,2.780508180814264,0.8
full_seed11_spike_0p0_noise0p25_s9_a0p2_b0p7,11,spike,0.0,0.25,9,0.2,fpr_owa,1.7461352404491015,1.8089103731019336,1.645012760945749,2.447591344300196,2.526468902583454,0.7
full_seed11_spike_0p0_noise0p25_s9_a0p2_b0p7,11,spike,0.0,0.25,9,0.2,crp,1.7463887434400327,1.8092445621181688,1.645012760945749,2.447591344300196,2.526468902583454,0.7
full_seed11_spike_0p0_noise0p25_s9_a0p3_b0p8,11,spike,0.0,0.25,9,0.3,fpr_owa,1.7255843389288017,1.797624491851203,1.630210464348906,2.4853318189876945,2.5830073309369843,0.8
full_seed11_spike_0p0_noise0p25_s9_a0p3_b0p8,11,spike,0.0,0.25,9,0.3,crp,1.7266353849468865,1.7989882338603809,1.630210464348906,2.4853318189876945,2.5830073309369843,0.8
full_seed11_spike_0p0_noise0p5_s13_a0p2_b0p7,11,spike,0.0,0.5,13,0.2,fpr_owa,1.2941491831629997,1.3694718070207743,1.2970916190651125,1.979666615836429,2.2904240069420423,0.7
full_seed11_spike_0p0_noise0p5_s13_a0p2_b0p7,11,spike,0.0,0.5,13,0.2,crp,1.3187922066515667,1.3994827766604665,1.2970916190651125,2.093151676750094,2.30881810360427,0.7
full_seed11_spike_0p0_noise0p5_s13_a0p3_b0p8,11,spike,0.0,0.5,13,0.3,fpr_owa,1.3879873128426703,1.4873215954875596,1.3082925736137798,2.2245555160048647,2.5341441719155235,0.8
full_seed11_spike_0p0_noise0p5_s13_a0p3_b0p8,11,spike,0.0,0.5,13,0.3,crp,1.4157907027658343,1.5201311492350649,1.3566589066300914,2.314757773962166,2.5341441719155235,0.8
full_seed11_spike_0p0_noise0p5_s5_a0p2_b0p7,11,spike,0.0,0.5,5,0.2,fpr_owa,1.7926018622007016,1.87783469716562,1.7723700273181024,2.684271847491995,3.190669428167615,0.7
full_seed11_spike_0p0_noise0p5_s5_a0p2_b0p7,11,spike,0.0,0.5,5,0.2,crp,1.7930026967082473,1.8793602825150544,1.75999476208116,2.6846289267011563,3.246589313978529,0.7
full_seed11_spike_0p0_noise0p5_s5_a0p3_b0p8,11,spike,0.0,0.5,5,0.3,fpr_owa,1.791824928608006,1.876863939248184,1.7385226185681226,2.7228923880791,3.101963578061354,0.8
full_seed11_spike_0p0_noise0p5_s5_a0p3_b0p8,11,spike,0.0,0.5,5,0.3,crp,1.7922627217385465,1.878223215999288,1.7385226185681226,2.7228923880791,3.2863701541106525,0.8
full_seed11_spike_0p0_noise0p5_s9_a0p2_b0p7,11,spike,0.0,0.5,9,0.2,fpr_owa,1.7053325554692842,1.7803703247585505,1.6412696103953297,2.503828933608913,2.7646347948997105,0.7
full_seed11_spike_0p0_noise0p5_s9_a0p2_b0p7,11,spike,0.0,0.5,9,0.2,crp,1.7076475606457742,1.7835341219938097,1.6441890620646844,2.534031296460946,2.7646347948997105,0.7
full_seed11_spike_0p0_noise0p5_s9_a0p3_b0p8,11,spike,0.0,0.5,9,0.3,fpr_owa,1.7003480934025528,1.778436934064852,1.654233640163059,2.5271347718124075,2.864073642446804,0.8
full_seed11_spike_0p0_noise0p5_s9_a0p3_b0p8,11,spike,0.0,0.5,9,0.3,crp,1.7039093448358609,1.7840148391754616,1.6767480481877794,2.533586229925118,2.8962981748819616,0.8
full_seed11_spike_0p1_noise0p1_s13_a0p2_b0p7,11,spike,0.1,0.1,13,0.2,fpr_owa,1.095445726961132,1.1398247348144612,1.1077051556070772,1.5896658820249447,1.6831001370246317,0.7
full_seed11_spike_0p1_noise0p1_s13_a0p2_b0p7,11,spike,0.1,0.1,13,0.2,crp,1.1503777479950985,1.2031030188193346,1.1694724667666636,1.5896658820249447,1.6831001370246317,0.7
full_seed11_spike_0p1_noise0p1_s13_a0p3_b0p8,11,spike,0.1,0.1,13,0.3,fpr_owa,1.3663388934677427,1.4361641978532704,1.3599518450287145,2.023850308539544,2.1531616283456394,0.8
full_seed11_spike_0p1_noise0p1_s13_a0p3_b0p8,11,spike,0.1,0.1,13,0.3,crp,1.4213136897111271,1.5017500356367386,1.422265903171673,2.023850308539544,2.1531616283456394,0.8
full_seed11_spike_0p1_noise0p1_s5_a0p2_b0p7,11,spike,0.1,0.1,5,0.2,fpr_owa,1.7641788435487618,1.8344957748451296,1.6378153881221,2.480498620302904,2.605539676523132,0.7
full_seed11_spike_0p1_noise0p1_s5_a0p2_b0p7,11,spike,0.1,0.1,5,0.2,crp,1.7641788435487618,1.8344957748451296,1.6378153881221,2.480498620302904,2.605539676523132,0.7
full_seed11_spike_0p1_noise0p1_s5_a0p3_b0p8,11,spike,0.1,0.1,5,0.3,fpr_owa,1.774467932880156,1.850312605071101,1.6740220907729897,2.48608007812878,2.5953096084478187,0.8
full_seed11_spike_0p1_noise0p1_s5_a0p3_b0p8,11,spike,0.1,0.1,5,0.3,crp,1.774467932880156,1.850312605071101,1.6740220907729897,2.48608007812878,2.5953096084478187,0.8
full_seed11_spike_0p1_noise0p1_s9_a0p2_b0p7,11,spike,0.1,0.1,9,0.2,fpr_owa,1.7227453837005675,1.7710377103595147,1.6383752785754182,2.368248287875581,2.4530845312122955,0.7
full_seed11_spike_0p1_noise0p1_s9_a0p2_b0p7,11,spike,0.1,0.1,9,0.2,crp,1.7681306481632353,1.822068770430342,1.646441406201646,2.393113048176817,2.47347154741217,0.7
full_seed11_spike_0p1_noise0p1_s9_a0p3_b0p8,11,spike,0.1,0.1,9,0.3,fpr_owa,1.7372702127590771,1.806527951922304,1.6337353540828854,2.4525786958032127,2.5362443408446937,0.8
full_seed11_spike_0p1_noise0p1_s9_a0p3_b0p8,11,spike,0.1,0.1,9,0.3,crp,1.7339449976859107,1.809649609024003,1.5830140028842965,2.470322285241471,2.538139820089788,0.8
full_seed11_spike_0p1_noise0p25_s13_a0p2_b0p7,11,spike,0.1,0.25,13,0.2,fpr_owa,1.1421657323765102,1.1957503183871685,1.1265534954910292,1.7004180809625586,1.9569972867118044,0.7
full_seed11_spike_0p1_noise0p25_s13_a0p2_b0p7,11,spike,0.1,0.25,13,0.2,crp,1.197145021412279,1.258999393802716,1.20772599278918,1.7498679534183634,1.9138726970161368,0.7
full_seed11_spike_0p1_noise0p25_s13_a0p3_b0p8,11,spike,0.1,0.25,13,0.3,fpr_owa,1.3439454186552855,1.4302411775665822,1.2865529723221694,2.077485902397328,2.3214884090002728,0.8
full_seed11_spike_0p1_noise0p25_s13_a0p3_b0p8,11,spike,0.1,0.25,13,0.3,crp,1.393606388851476,1.4921164074671531,1.289424241455522,2.1162261875909225,2.268303830801699,0.8
full_seed11_spike_0p1_noise0p25_s5_a0p2_b0p7,11,spike,0.1,0.25,5,0.2,fpr_owa,1.768739992363102,1.8408338656066765,1.6648480772683014,2.521330051813962,2.8249633333898125,0.7
full_seed11_spike_0p1_noise0p25_s5_a0p2_b0p7,11,spike,0.1,0.25,5,0.2,crp,1.768739992363102,1.8408338656066765,1.6648480772683014,2.521330051813962,2.8249633333898125,0.7
full_seed11_spike_0p1_noise0p25_s5_a0p3_b0p8,11,spike,0.1,0.25,5,0.3,fpr_owa,1.7807210666317297,1.853421338503683,1.700543780777097,2.5455608840162336,2.780508180814264,0.8
full_seed11_spike_0p1_noise0p25_s5_a0p3_b0p8,11,spike,0.1,0.25,5,0.3,crp,1.7807210666317297,1.853421338503683,1.700543780777097,2.5455608840162336,2.780508180814264,0.8
full_seed11_spike_0p1_noise0p25_s9_a0p2_b0p7,11,spike,0.1,0.25,9,0.2,fpr_owa,1.7097597439855698,1.7691417222735828,1.6527163635804558,2.4202463077935152,2.5153981132942484,0.7
full_seed11_spike_0p1_noise0p25_s9_a0p2_b0p7,11,spike,0.1,0.25,9,0.2,crp,1.7455754159900974,1.8104969329706853,1.6527163635804558,2.474742902614537,2.5338429958245245,0.7
full_seed11_spike_0p1_noise0p25_s9_a0p3_b0p8,11,spike,0.1,0.25,9,0.3,fpr_owa,1.728128442186601,1.798056013421861,1.6503578459227275,2.4853318189876945,2.5830073309369843,0.8
full_seed11_spike_0p1_noise0p25_s9_a0p3_b0p8,11,spike,0.1,0.25,9,0.3,crp,1.7269052688867523,1.8007006523233515,1.6382741808776309,2.505452646942912,2.595962052274404,0.8
full_seed11_spike_0p1_noise0p5_s13_a0p2_b0p7,11,spike,0.1,0.5,13,0.2,fpr_owa,1.2176788762123745,1.28627086182961,1.1820273811309736,1.8647901585130564,2.161930519026543,0.7
full_seed11_spike_0p1_noise0p5_s13_a0p2_b0p7,11,spike,0.1,0.5,13,0.2,crp,1.2840852176407476,1.363547582954342,1.2577055953437617,2.040599484063753,2.248624719924672,0.7
full_seed11_spike_0p1_noise0p5_s13_a0p3_b0p8,11,spike,0.1,0.5,13,0.3,fpr_owa,1.3164310783410669,1.4082652054890863,1.2762746346860627,2.184100278433464,2.3790632436227748,0.8
full_seed11_spike_0p1_noise0p5_s13_a0p3_b0p8,11,spike,0.1,0.5,13,0.3,crp,1.3592691346429528,1.465387435067233,1.2781005325014814,2.251063348805918,2.5756413292268228,0.8
full_seed11_spike_0p1_noise0p5_s5_a0p2_b0p7,11,spike,0.1,0.5,5,0.2,fpr_owa,1.7926018622007016,1.87783469716562,1.7723700273181024,2.684271847491995,3.190669428167615,0.7
full_seed11_spike_0p1_noise0p5_s5_a0p2_b0p7,11,spike,0.1,0.5,5,0.2,crp,1.7930026967082473,1.8793602825150544,1.75999476208116,2.6846289267011563,3.246589313978529,0.7
full_seed11_spike_0p1_noise0p5_s5_a0p3_b0p8,11,spike,0.1,0.5,5,0.3,fpr_owa,1.791824928608006,1.876863939248184,1.7385226185681226,2.7228923880791,3.101963578061354,0.8
full_seed11_spike_0p1_noise0p5_s5_a0p3_b0p8,11,spike,0.1,0.5,5,0.3,crp,1.7922627217385465,1.878223215999288,1.7385226185681226,2.7228923880791,3.2863701541106525,0.8
full_seed11_spike_0p1_noise0p5_s9_a0p2_b0p7,11,spike,0.1,0.5,9,0.2,fpr_owa,1.6815996523075585,1.7574143461221288,1.6376692117742735,2.507850567989192,2.685255675684843,0.7
full_seed11_spike_0p1_noise0p5_s9_a0p2_b0p7,11,spike,0.1,0.5,9,0.2,crp,1.7120499511380165,1.789113057945322,1.6324421820318054,2.548643454160481,2.8661614857151787,0.7
full_seed11_spike_0p1_noise0p5_s9_a0p3_b0p8,11,spike,0.1,0.5,9,0.3,fpr_owa,1.69935148061935,1.778536721550186,1.6383153033110829,2.5268814442352148,2.864073642446804,0.8
full_seed11_spike_0p1_noise0p5_s9_a0p3_b0p8,11,spike,0.1,0.5,9,0.3,crp,1.7119243403153392,1.7925511355413235,1.6694735261193805,2.583942170014572,2.8962981748819616,0.8
full_seed11_spike_0p2_noise0p1_s13_a0p2_b0p7,11,spike,0.2,0.1,13,0.2,fpr_owa,0.9786325566315368,1.0821321519904898,1.0487181281683284,1.6142463416859385,1.6831001370246317,0.7
full_seed11_spike_0p2_noise0p1_s13_a0p2_b0p7,11,spike,0.2,0.1,13,0.2,crp,0.966401128898731,1.0513069300891276,0.9519450111406458,1.6142463416859385,2.00186292132008,0.7
full_seed11_spike_0p2_noise0p1_s13_a0p3_b0p8,11,spike,0.2,0.1,13,0.3,fpr_owa,1.2115558891008364,1.2969760301637945,1.1440886443843783,2.023850308539544,2.1531616283456394,0.8
full_seed11_spike_0p2_noise0p1_s13_a0p3_b0p8,11,spike,0.2,0.1,13,0.3,crp,1.043344218656999,1.2145229688100498,1.0040580649679245,2.038964610623716,2.1531616283456394,0.8
full_seed11_spike_0p2_noise0p1_s5_a0p2_b0p7,11,spike,0.2,0.1,5,0.2,fpr_owa,1.7363509638801002,1.8029009033002268,1.6303822429251236,2.480498620302904,2.605539676523132,0.7
full_seed11_spike_0p2_noise0p1_s5_a0p2_b0p7,11,spike,0.2,0.1,5,0.2,crp,1.756859658063352,1.8303936425403544,1.6486061042684286,2.48870375917548,2.605539676523132,0.7
full_seed11_spike_0p2_noise0p1_s5_a0p3_b0p8,11,spike,0.2,0.1,5,0.3,fpr_owa,1.7589788293195114,1.826426991277092,1.6435015765203969,2.456824863734656,2.5953096084478187,0.8
full_seed11_spike_0p2_noise0p1_s5_a0p3_b0p8,11,spike,0.2,0.1,5,0.3,crp,1.763668522495922,1.8403974971092087,1.6820388120250147,2.5038153502059517,2.617010819506374,0.8
full_seed11_spike_0p2_noise0p1_s9_a0p2_b0p7,11,spike,0.2,0.1,9,0.2,fpr_owa,1.564923310041707,1.6308352797855952,1.4655967656394413,2.36615543500624,2.4530845312122955,0.7
full_seed11_spike_0p2_noise0p1_s9_a0p2_b0p7,11,spike,0.2,0.1,9,0.2,crp,1.767598071301319,1.821762294537352,1.6829124602244967,2.411215311849951,2.6009439710335616,0.7
full_seed11_spike_0p2_noise0p1_s9_a0p3_b0p8,11,spike,0.2,0.1,9,0.3,fpr_owa,1.6838303083588773,1.747870822778208,1.60323258105842,2.4479887975617043,2.5362443408446937,0.8
full_seed11_spike_0p2_noise0p1_s9_a0p3_b0p8,11,spike,0.2,0.1,9,0.3,crp,1.7389294174650147,1.8134857665173756,1.6152258851942387,2.4826304626365423,2.594555511262104,0.8
full_seed11_spike_0p2_noise0p25_s13_a0p2_b0p7,11,spike,0.2,0.25,13,0.2,fpr_owa,0.9902982669070368,1.0993972634822224,1.0003553098845122,1.7004180809625586,1.9569972867118044,0.7
full_seed11_spike_0p2_noise0p25_s13_a0p2_b0p7,11,spike,0.2,0.25,13,0.2,crp,1.0421516029532385,1.1247091472712756,0.986270203499336,1.7044011877086642,1.999538483437873,0.7
full_seed11_spike_0p2_noise0p25_s13_a0p3_b0p8,11,spike,0.2,0.25,13,0.3,fpr_owa,1.191033162193533,1.2865675151077525,1.072720831263628,2.077485902397328,2.3214884090002728,0.8
full_seed11_spike_0p2_noise0p25_s13_a0p3_b0p8,11,spike,0.2,0.25,13,0.3,crp,1.1407982148414717,1.2797503227514655,1.0180528749962263,2.0796795988970667,2.264521679521725,0.8
full_seed11_spike_0p2_noise0p25_s5_a0p2_b0p7,11,spike,0.2,0.25,5,0.2,fpr_owa,1.7455299422030828,1.8154216508326837,1.640780023737761,2.5312230407928302,2.8249633333898125,0.7
full_seed11_spike_0p2_noise0p25_s5_a0p2_b0p7,11,spike,0.2,0.25,5,0.2,crp,1.7738291618424291,1.8474529125341077,1.690445257324682,2.5781575429700188,2.837710750831988,0.7
full_seed11_spike_0p2_noise0p25_s5_a0p3_b0p8,11,spike,0.2,0.25,5,0.3,fpr_owa,1.7711710696748797,1.83849820053288,1.6984561219717458,2.532818700944801,2.780508180814264,0.8
full_seed11_spike_0p2_noise0p25_s5_a0p3_b0p8,11,spike,0.2,0.25,5,0.3,crp,1.7852026674036097,1.8605606580601544,1.692008845533524,2.5959808643972395,2.87440964567752,0.8
full_seed11_spike_0p2_noise0p25_s9_a0p2_b0p7,11,spike,0.2,0.25,9,0.2,fpr_owa,1.553843627918151,1.625199037689603,1.471716683833432,2.415570615072013,2.5153981132942484,0.7
full_seed11_spike_0p2_noise0p25_s9_a0p2_b0p7,11,spike,0.2,0.25,9,0.2,crp,1.7528690105327736,1.8188707445717864,1.688192334008756,2.474742902614537,2.6375627526461827,0.7
full_seed11_spike_0p2_noise0p25_s9_a0p3_b0p8,11,spike,0.2,0.25,9,0.3,fpr_owa,1.683762559941963,1.7486437778458608,1.623514188454092,2.452249497624205,2.5830073309369843,0.8
full_seed11_spike_0p2_noise0p25_s9_a0p3_b0p8,11,spike,0.2,0.25,9,0.3,crp,1.7256135385972189,1.802532012267641,1.6744443507725102,2.5428464709174845,2.683016125935594,0.8
full_seed11_spike_0p2_noise0p5_s13_a0p2_b0p7,11,spike,0.2,0.5,13,0.2,fpr_owa,1.024344718291201,1.1416307499320133,0.9768680837926236,1.857110994503716,2.161930519026543,0.7
full_seed11_spike_0p2_noise0p5_s13_a0p2_b0p7,11,spike,0.2,0.5,13,0.2,crp,1.1463086173405488,1.2443444131098371,1.068982984039744,1.952818984432814,2.216347757068048,0.7
full_seed11_spike_0p2_noise0p5_s13_a0p3_b0p8,11,spike,0.2,0.5,13,0.3,fpr_owa,1.1875541642073046,1.2837635442176596,1.060991540388918,2.118283430851485,2.3790632436227748,0.8
full_seed11_spike_0p2_noise0p5_s13_a0p3_b0p8,11,spike,0.2,0.5,13,0.3,crp,1.210362432384647,1.3366647856614002,1.0983445231631932,2.2003295244945797,2.531336797196653,0.8
full_seed11_spike_0p2_noise0p5_s5_a0p2_b0p7,11,spike,0.2,0.5,5,0.2,fpr_owa,1.7643013797948923,1.848328164715875,1.7080502490932117,2.684271847491995,3.190669428167615,0.7
full_seed11_spike_0p2_noise0p5_s5_a0p2_b0p7,11,spike,0.2,0.5,5,0.2,crp,1.8049069042125463,1.893646647271956,1.7625663111832948,2.719979147062792,3.246589313978529,0.7
full_seed11_spike_0p2_noise0p5_s5_a0p3_b0p8,11,spike,0.2,0.5,5,0.3,fpr_owa,1.781356216321112,1.8607370539913195,1.7385226185681226,2.676722224999076,3.101963578061354,0.8
full_seed11_spike_0p2_noise0p5_s5_a0p3_b0p8,11,spike,0.2,0.5,5,0.3,crp,1.8109094854255487,1.901013458847829,1.769968748069738,2.7270327412810533,3.2863701541106525,0.8
full_seed11_spike_0p2_noise0p5_s9_a0p2_b0p7,11,spike,0.2,0.5,9,0.2,fpr_owa,1.5332727184216366,1.6140049303879167,1.480302064018955,2.46084964567288,2.757934690839915,0.7
full_seed11_spike_0p2_noise0p5_s9_a0p2_b0p7,11,spike,0.2,0.5,9,0.2,crp,1.697949356471366,1.7795422153678235,1.6291867625372156,2.5642292786623067,2.8772046494889083,0.7
full_seed11_spike_0p2_noise0p5_s9_a0p3_b0p8,11,spike,0.2,0.5,9,0.3,fpr_owa,1.6488739293690675,1.7240887331060135,1.5838092303061424,2.499794651630521,2.864073642446804,0.8
full_seed11_spike_0p2_noise0p5_s9_a0p3_b0p8,11,spike,0.2,0.5,9,0.3,crp,1.6894263919997443,1.7785676816875136,1.6427887788221525,2.6400799657327587,2.8962981748819616,0.8
full_seed11_spike_0p3_noise0p1_s13_a0p2_b0p7,11,spike,0.3,0.1,13,0.2,fpr_owa,0.910944341348116,1.071087694220133,0.971822848851562,1.6785376048945573,2.2552935514527457,0.7
full_seed11_spike_0p3_noise0p1_s13_a0p2_b0p7,11,spike,0.3,0.1,13,0.2,crp,0.9830936115872462,1.0518639244034058,0.9955361142433824,1.5896658820249447,1.6831001370246317,0.7
full_seed11_spike_0p3_noise0p1_s13_a0p3_b0p8,11,spike,0.3,0.1,13,0.3,fpr_owa,1.189239586875163,1.2878569891425766,1.174459536450802,2.023850308539544,2.1531616283456394,0.8
full_seed11_spike_0p3_noise0p1_s13_a0p3_b0p8,11,spike,0.3,0.1,13,0.3,crp,0.9979103286330347,1.177534050733382,0.9557524018259992,2.023850308539544,2.1531616283456394,0.8
full_seed11_spike_0p3_noise0p1_s5_a0p2_b0p7,11,spike,0.3,0.1,5,0.2,fpr_owa,2.1738075638333667,2.5820048993031546,1.592464697108294,5.295222278480376,5.707795290251509,0.7
full_seed11_spike_0p3_noise0p1_s5_a0p2_b0p7,11,spike,0.3,0.1,5,0.2,crp,1.802763936674398,1.9086369693670404,1.6719010248904094,2.513013436687176,5.294092125539148,0.7
full_seed11_spike_0p3_noise0p1_s5_a0p3_b0p8,11,spike,0.3,0.1,5,0.3,fpr_owa,1.737931373644688,2.014638468284351,1.5365943917809406,3.680961092816598,4.11130308813028,0.8
full_seed11_spike_0p3_noise0p1_s5_a0p3_b0p8,11,spike,0.3,0.1,5,0.3,crp,1.7767058230448045,1.863266586955701,1.7063218954103423,2.548642723704764,3.736792073682324,0.8
full_seed11_spike_0p3_noise0p1_s9_a0p2_b0p7,11,spike,0.3,0.1,9,0.2,fpr_owa,1.5881379652507672,1.845412624682599,1.4485202784663178,3.42656563150603,4.093089517304461,0.7
full_seed11_spike_0p3_noise0p1_s9_a0p2_b0p7,11,spike,0.3,0.1,9,0.2,crp,1.7716470530119888,1.8295193092815187,1.666902676691992,2.446605070419022,2.6374547053079818,0.7
full_seed11_spike_0p3_noise0p1_s9_a0p3_b0p8,11,spike,0.3,0.1,9,0.3,fpr_owa,1.5208944256388788,1.6214640909555402,1.3655381830795366,2.450822579771484,2.5362443408446937,0.8
full_seed11_spike_0p3_noise0p1_s9_a0p3_b0p8,11,spike,0.3,0.1,9,0.3,crp,1.733101071893952,1.810542367291489,1.5954220411894453,2.4983916475992367,2.605958340699924,0.8
full_seed11_spike_0p3_noise0p25_s13_a0p2_b0p7,11,spike,0.3,0.25,13,0.2,fpr_owa,0.9368482363809052,1.1012796752842888,0.9214427426907792,1.8550773682438608,2.3724113541823217,0.7
full_seed11_spike_0p3_noise0p25_s13_a0p2_b0p7,11,spike,0.3,0.25,13,0.2,crp,0.9579655727740316,1.0562947001188714,0.8989086991151602,1.7044011877086642,1.899473694294905,0.7
full_seed11_spike_0p3_noise0p25_s13_a0p3_b0p8,11,spike,0.3,0.25,13,0.3,fpr_owa,1.1461952843206522,1.2632325157600963,1.0676341959448812,2.077485902397328,2.3214884090002728,0.8
full_seed11_spike_0p3_noise0p25_s13_a0p3_b0p8,11,spike,0.3,0.25,13,0.3,crp,0.98859698488301,1.17414533359495,0.8333785291237997,2.074580394085046,2.264521679521725,0.8
full_seed11_spike_0p3_noise0p25_s5_a0p2_b0p7,11,spike,0.3,0.25,5,0.2,fpr_owa,2.1796473492592243,2.59399646552756,1.616768582384171,5.349909535299456,5.7804927977335385,0.7
full_seed11_spike_0p3_noise0p25_s5_a0p2_b0p7,11,spike,0.3,0.25,5,0.2,crp,1.8433132444749816,1.9889674011432532,1.6975620223604309,2.676288436637732,5.3494483497117,0.7
full_seed11_spike_0p3_noise0p25_s5_a0p3_b0p8,11,spike,0.3,0.25,5,0.3,fpr_owa,1.7461618438605266,2.029062071447889,1.528432619557731,3.7767274194150913,4.189371862407682,0.8
full_seed11_spike_0p3_noise0p25_s5_a0p3_b0p8,11,spike,0.3,0.25,5,0.3,crp,1.760406404896446,1.87104608295634,1.678588256715046,2.7191603076411197,3.738193134989823,0.8
full_seed11_spike_0p3_noise0p25_s9_a0p2_b0p7,11,spike,0.3,0.25,9,0.2,fpr_owa,1.5654489432133738,1.8320321284980248,1.427591040661782,3.3433295543906127,3.9925345712175,0.7
full_seed11_spike_0p3_noise0p25_s9_a0p2_b0p7,11,spike,0.3,0.25,9,0.2,crp,1.744007025623031,1.8114903800387772,1.6764019162529724,2.512170717536382,2.7573006290033213,0.7
full_seed11_spike_0p3_noise0p25_s9_a0p3_b0p8,11,spike,0.3,0.25,9,0.3,fpr_owa,1.5210164020833183,1.6186959215847798,1.386291456694955,2.4743864679690346,2.5830073309369843,0.8
full_seed11_spike_0p3_noise0p25_s9_a0p3_b0p8,11,spike,0.3,0.25,9,0.3,crp,1.7170740946703928,1.7935281616958143,1.6549404958192615,2.553487927672345,2.719863362461454,0.8
full_seed11_spike_0p3_noise0p5_s13_a0p2_b0p7,11,spike,0.3,0.5,13,0.2,fpr_owa,1.008189723838823,1.177533149823213,0.9346962745795758,1.9566877699192315,3.067883580547425,0.7
full_seed11_spike_0p3_noise0p5_s13_a0p2_b0p7,11,spike,0.3,0.5,13,0.2,crp,1.0411914411265957,1.161188369712677,0.971522295625633,1.923120239903539,2.216347757068048,0.7
full_seed11_spike_0p3_noise0p5_s13_a0p3_b0p8,11,spike,0.3,0.5,13,0.3,fpr_owa,1.1031346128013904,1.2293990148925225,0.9999499120151942,2.118283430851485,2.3790632436227748,0.8
full_seed11_spike_0p3_noise0p5_s13_a0p3_b0p8,11,spike,0.3,0.5,13,0.3,crp,1.073977852350077,1.2339950616250268,1.007827078844229,2.1693111273380348,2.531336797196653,0.8
full_seed11_spike_0p3_noise0p5_s5_a0p2_b0p7,11,spike,0.3,0.5,5,0.2,fpr_owa,2.175500775885844,2.599517480191698,1.6699770873348263,5.26235798090546,5.855085646413777,0.7
full_seed11_spike_0p3_noise0p5_s5_a0p2_b0p7,11,spike,0.3,0.5,5,0.2,crp,1.9461799220267495,2.2213629872157408,1.6967438868799647,4.840100162326377,5.855085646413777,0.7
full_seed11_spike_0p3_noise0p5_s5_a0p3_b0p8,11,spike,0.3,0.5,5,0.3,fpr_owa,1.7632689798782903,2.045497726442619,1.6103399812931125,3.742205008167659,4.319486486203351,0.8
full_seed11_spike_0p3_noise0p5_s5_a0p3_b0p8,11,spike,0.3,0.5,5,0.3,crp,1.7602615857662605,1.9400043645769844,1.6810938694408044,3.316523869891644,4.214922899434837,0.8
full_seed11_spike_0p3_noise0p5_s9_a0p2_b0p7,11,spike,0.3,0.5,9,0.2,fpr_owa,1.543042781316237,1.8068870039116656,1.4196923097299194,3.286979350948727,4.166430919999916,0.7
full_seed11_spike_0p3_noise0p5_s9_a0p2_b0p7,11,spike,0.3,0.5,9,0.2,crp,1.6858191129804014,1.7723113636996333,1.6335360848304474,2.6156944073511617,2.955371921924115,0.7
full_seed11_spike_0p3_noise0p5_s9_a0p3_b0p8,11,spike,0.3,0.5,9,0.3,fpr_owa,1.5086544925663243,1.609385396811022,1.420525671780965,2.47188538019246,2.864073642446804,0.8
full_seed11_spike_0p3_noise0p5_s9_a0p3_b0p8,11,spike,0.3,0.5,9,0.3,crp,1.6601404413228833,1.7524319060484252,1.6057331517269429,2.609981841175678,3.0407029682307782,0.8
full_seed11_spike_0p4_noise0p1_s13_a0p2_b0p7,11,spike,0.4,0.1,13,0.2,fpr_owa,1.2391170998546897,1.3755068339704544,1.1403293323957566,1.932660002732683,3.803960236709664,0.7
full_seed11_spike_0p4_noise0p1_s13_a0p2_b0p7,11,spike,0.4,0.1,13,0.2,crp,0.8288348361749505,0.9690329676863546,0.8125374991425114,1.5896658820249447,1.6831001370246317,0.7
full_seed11_spike_0p4_noise0p1_s13_a0p3_b0p8,11,spike,0.4,0.1,13,0.3,fpr_owa,1.0293757495355114,1.2280670240930824,1.0675625923846108,2.023850308539544,2.1531616283456394,0.8
full_seed11_spike_0p4_noise0p1_s13_a0p3_b0p8,11,spike,0.4,0.1,13,0.3,crp,0.8988393833835694,1.1537708291376567,0.9557524018259992,2.023850308539544,2.1531616283456394,0.8
full_seed11_spike_0p4_noise0p1_s5_a0p2_b0p7,11,spike,0.4,0.1,5,0.2,fpr_owa,2.1738075638333667,2.5820048993031546,1.592464697108294,5.295222278480376,5.707795290251509,0.7
full_seed11_spike_0p4_noise0p1_s5_a0p2_b0p7,11,spike,0.4,0.1,5,0.2,crp,1.802763936674398,1.9086369693670404,1.6719010248904094,2.513013436687176,5.294092125539148,0.7
full_seed11_spike_0p4_noise0p1_s5_a0p3_b0p8,11,spike,0.4,0.1,5,0.3,fpr_owa,1.737931373644688,2.014638468284351,1.5365943917809406,3.680961092816598,4.11130308813028,0.8
full_seed11_spike_0p4_noise0p1_s5_a0p3_b0p8,11,spike,0.4,0.1,5,0.3,crp,1.7767058230448045,1.863266586955701,1.7063218954103423,2.548642723704764,3.736792073682324,0.8
full_seed11_spike_0p4_noise0p1_s9_a0p2_b0p7,11,spike,0.4,0.1,9,0.2,fpr_owa,2.0585777649015977,2.3309677263049577,1.788991147266625,4.910670347526929,5.8592812752214485,0.7
full_seed11_spike_0p4_noise0p1_s9_a0p2_b0p7,11,spike,0.4,0.1,9,0.2,crp,1.7804622351343535,1.840595570188429,1.65823832528433,2.4294026645065,2.632245596912356,0.7
full_seed11_spike_0p4_noise0p1_s9_a0p3_b0p8,11,spike,0.4,0.1,9,0.3,fpr_owa,1.6938788300545942,1.938370372158413,1.3732798929381391,3.715465072519823,4.183699127037001,0.8
full_seed11_spike_0p4_noise0p1_s9_a0p3_b0p8,11,spike,0.4,0.1,9,0.3,crp,1.7469004675263016,1.8255934116354804,1.6212251030643436,2.498404490169751,2.66421956635342,0.8
full_seed11_spike_0p4_noise0p25_s13_a0p2_b0p7,11,spike,0.4,0.25,13,0.2,fpr_owa,1.2582262218207836,1.3915035114632657,1.1759060294372117,2.0765705026153465,3.716928077022178,0.7
full_seed11_spike_0p4_noise0p25_s13_a0p2_b0p7,11,spike,0.4,0.25,13,0.2,crp,0.8525127369676717,1.0022047078626846,0.8414665849608394,1.7004180809625586,1.899473694294905,0.7
full_seed11_spike_0p4_noise0p25_s13_a0p3_b0p8,11,spike,0.4,0.25,13,0.3,fpr_owa,1.0075996268481744,1.2138052519629563,0.9418012434508732,2.077485902397328,2.3214884090002728,0.8
full_seed11_spike_0p4_noise0p25_s13_a0p3_b0p8,11,spike,0.4,0.25,13,0.3,crp,0.916890033879156,1.148488691405998,0.8173830462157288,2.074580394085046,2.264521679521725,0.8
full_seed11_spike_0p4_noise0p25_s5_a0p2_b0p7,11,spike,0.4,0.25,5,0.2,fpr_owa,2.1796473492592243,2.59399646552756,1.616768582384171,5.349909535299456,5.7804927977335385,0.7
full_seed11_spike_0p4_noise0p25_s5_a0p2_b0p7,11,spike,0.4,0.25,5,0.2,crp,1.8433132444749816,1.9889674011432532,1.6975620223604309,2.676288436637732,5.3494483497117,0.7
full_seed11_spike_0p4_noise0p25_s5_a0p3_b0p8,11,spike,0.4,0.25,5,0.3,fpr_owa,1.7461618438605266,2.029062071447889,1.528432619557731,3.7767274194150913,4.189371862407682,0.8
full_seed11_spike_0p4_noise0p25_s5_a0p3_b0p8,11,spike,0.4,0.25,5,0.3,crp,1.760406404896446,1.87104608295634,1.678588256715046,2.7191603076411197,3.738193134989823,0.8
full_seed11_spike_0p4_noise0p25_s9_a0p2_b0p7,11,spike,0.4,0.25,9,0.2,fpr_owa,1.985317672061776,2.259302371498848,1.6527163635804558,4.906079155150474,5.554232703693836,0.7
full_seed11_spike_0p4_noise0p25_s9_a0p2_b0p7,11,spike,0.4,0.25,9,0.2,crp,1.7453212375313898,1.8388892509313357,1.666265549138616,2.5016844836172307,5.438821559279494,0.7
full_seed11_spike_0p4_noise0p25_s9_a0p3_b0p8,11,spike,0.4,0.25,9,0.3,fpr_owa,1.6580052291483938,1.9096460942317008,1.4003050935594217,3.572145891750292,4.065246692948007,0.8
full_seed11_spike_0p4_noise0p25_s9_a0p3_b0p8,11,spike,0.4,0.25,9,0.3,crp,1.7165103229712302,1.8083236616931448,1.6805742626678533,2.5450685292512176,3.777377976684548,0.8
full_seed11_spike_0p4_noise0p5_s13_a0p2_b0p7,11,spike,0.4,0.5,13,0.2,fpr_owa,1.3088604549557885,1.4496315879856814,1.2451996170941997,2.174241894290124,3.731294532420909,0.7
full_seed11_spike_0p4_noise0p5_s13_a0p2_b0p7,11,spike,0.4,0.5,13,0.2,crp,0.9839732129938064,1.1370879534349825,0.9445207294187712,1.9231918350990287,3.26621609500752,0.7
full_seed11_spike_0p4_noise0p5_s13_a0p3_b0p8,11,spike,0.4,0.5,13,0.3,fpr_owa,1.0051980577455917,1.2001915463405473,0.9427144444829344,2.128493388635512,2.3790632436227748,0.8
full_seed11_spike_0p4_noise0p5_s13_a0p3_b0p8,11,spike,0.4,0.5,13,0.3,crp,1.0133652835167395,1.194981660547303,0.954831741584932,2.1693111273380348,2.531336797196653,0.8
full_seed11_spike_0p4_noise0p5_s5_a0p2_b0p7,11,spike,0.4,0.5,5,0.2,fpr_owa,2.175500775885844,2.599517480191698,1.6699770873348263,5.26235798090546,5.855085646413777,0.7
full_seed11_spike_0p4_noise0p5_s5_a0p2_b0p7,11,spike,0.4,0.5,5,0.2,crp,1.9461799220267495,2.2213629872157408,1.6967438868799647,4.840100162326377,5.855085646413777,0.7
full_seed11_spike_0p4_noise0p5_s5_a0p3_b0p8,11,spike,0.4,0.5,5,0.3,fpr_owa,1.7632689798782903,2.045497726442619,1.6103399812931125,3.742205008167659,4.319486486203351,0.8
full_seed11_spike_0p4_noise0p5_s5_a0p3_b0p8,11,spike,0.4,0.5,5,0.3,crp,1.7602615857662605,1.9400043645769844,1.6810938694408044,3.316523869891644,4.214922899434837,0.8
full_seed11_spike_0p4_noise0p5_s9_a0p2_b0p7,11,spike,0.4,0.5,9,0.2,fpr_owa,1.9206521436811708,2.176226891832961,1.6483997087427045,4.64633307420669,5.475990154725581,0.7
full_seed11_spike_0p4_noise0p5_s9_a0p2_b0p7,11,spike,0.4,0.5,9,0.2,crp,1.7453190362036055,1.8989651905373477,1.6109065723412757,2.6764631281175104,5.475990154725581,0.7
full_seed11_spike_0p4_noise0p5_s9_a0p3_b0p8,11,spike,0.4,0.5,9,0.3,fpr_owa,1.5811754162268417,1.8146616681355117,1.3879569220798784,3.3863314476393813,4.1460137552461935,0.8
full_seed11_spike_0p4_noise0p5_s9_a0p3_b0p8,11,spike,0.4,0.5,9,0.3,crp,1.645900879123595,1.7758471873848765,1.568650522461288,2.6936508101921377,3.953961579718413,0.8
full_seed42_bias_0p0_noise0p1_s13_a0p2_b0p7,42,bias,0.0,0.1,13,0.2,fpr_owa,1.204747239572172,1.2494632978305504,1.1889131152852903,1.6246678019843126,1.7409750298089346,0.7
full_seed42_bias_0p0_noise0p1_s13_a0p2_b0p7,42,bias,0.0,0.1,13,0.2,crp,1.204747239572172,1.2494632978305504,1.1889131152852903,1.6246678019843126,1.7409750298089346,0.7
full_seed42_bias_0p0_noise0p1_s13_a0p3_b0p8,42,bias,0.0,0.1,13,0.3,fpr_owa,1.4630984710557349,1.53918642759298,1.413795553401175,2.075003842309166,2.180546407161522,0.8
full_seed42_bias_0p0_noise0p1_s13_a0p3_b0p8,42,bias,0.0,0.1,13,0.3,crp,1.4630984710557349,1.53918642759298,1.413795553401175,2.075003842309166,2.180546407161522,0.8
full_seed42_bias_0p0_noise0p1_s5_a0p2_b0p7,42,bias,0.0,0.1,5,0.2,fpr_owa,1.7659881470137384,1.8341841107834416,1.6422287024709643,2.4841127883853624,2.582175321874684,0.7
full_seed42_bias_0p0_noise0p1_s5_a0p2_b0p7,42,bias,0.0,0.1,5,0.2,crp,1.7659881470137384,1.8341841107834416,1.6422287024709643,2.4841127883853624,2.582175321874684,0.7
full_seed42_bias_0p0_noise0p1_s5_a0p3_b0p8,42,bias,0.0,0.1,5,0.3,fpr_owa,1.7701030429409303,1.8429993973058765,1.6794693923244517,2.462546527583412,2.5635217374720267,0.8
full_seed42_bias_0p0_noise0p1_s5_a0p3_b0p8,42,bias,0.0,0.1,5,0.3,crp,1.7701030429409303,1.8429993973058765,1.6794693923244517,2.462546527583412,2.5635217374720267,0.8
full_seed42_bias_0p0_noise0p1_s9_a0p2_b0p7,42,bias,0.0,0.1,9,0.2,fpr_owa,1.7673726147488216,1.820046874004744,1.6165328076382752,2.410040800315646,2.5120531370564776,0.7
full_seed42_bias_0p0_noise0p1_s9_a0p2_b0p7,42,bias,0.0,0.1,9,0.2,crp,1.7673726147488216,1.820046874004744,1.6165328076382752,2.410040800315646,2.5120531370564776,0.7
full_seed42_bias_0p0_noise0p1_s9_a0p3_b0p8,42,bias,0.0,0.1,9,0.3,fpr_owa,1.7371656879270818,1.8102685437459043,1.5684284081958748,2.4840048378615034,2.6013060237435366,0.8
full_seed42_bias_0p0_noise0p1_s9_a0p3_b0p8,42,bias,0.0,0.1,9,0.3,crp,1.7371656879270818,1.8102685437459043,1.5684284081958748,2.4840048378615034,2.6013060237435366,0.8
full_seed42_bias_0p0_noise0p25_s13_a0p2_b0p7,42,bias,0.0,0.25,13,0.2,fpr_owa,1.2239519384539213,1.2817026770540818,1.205182468431389,1.760113942280174,2.024275092535646,0.7
full_seed42_bias_0p0_noise0p25_s13_a0p2_b0p7,42,bias,0.0,0.25,13,0.2,crp,1.2267448613533811,1.2845444050105337,1.205182468431389,1.7628788463443463,2.024275092535646,0.7
full_seed42_bias_0p0_noise0p25_s13_a0p3_b0p8,42,bias,0.0,0.25,13,0.3,fpr_owa,1.4230427131961676,1.5184860649784044,1.3737965524029805,2.155221273762169,2.39418818999486,0.8
full_seed42_bias_0p0_noise0p25_s13_a0p3_b0p8,42,bias,0.0,0.25,13,0.3,crp,1.4256942783791824,1.52118744240695,1.3737965524029805,2.1655636090079198,2.39418818999486,0.8
full_seed42_bias_0p0_noise0p25_s5_a0p2_b0p7,42,bias,0.0,0.25,5,0.2,fpr_owa,1.7534629815201763,1.8176348178843071,1.6702733419829094,2.498835294561254,2.766426926313108,0.7
full_seed42_bias_0p0_noise0p25_s5_a0p2_b0p7,42,bias,0.0,0.25,5,0.2,crp,1.7534629815201763,1.8176348178843071,1.6702733419829094,2.498835294561254,2.766426926313108,0.7
full_seed42_bias_0p0_noise0p25_s5_a0p3_b0p8,42,bias,0.0,0.25,5,0.3,fpr_owa,1.7656647976945776,1.8313428892170025,1.736099880157009,2.4929046761809115,2.754470971714729,0.8
full_seed42_bias_0p0_noise0p25_s5_a0p3_b0p8,42,bias,0.0,0.25,5,0.3,crp,1.7656647976945776,1.8313428892170025,1.736099880157009,2.4929046761809115,2.754470971714729,0.8
full_seed42_bias_0p0_noise0p25_s9_a0p2_b0p7,42,bias,0.0,0.25,9,0.2,fpr_owa,1.7426996887661814,1.8000693487288324,1.6339637308116035,2.423123977132854,2.6593326846511403,0.7
full_seed42_bias_0p0_noise0p25_s9_a0p2_b0p7,42,bias,0.0,0.25,9,0.2,crp,1.7426996887661814,1.8000693487288324,1.6339637308116035,2.423123977132854,2.6593326846511403,0.7
full_seed42_bias_0p0_noise0p25_s9_a0p3_b0p8,42,bias,0.0,0.25,9,0.3,fpr_owa,1.7265432730010424,1.7937771837860732,1.6347870467410623,2.443306404915865,2.6370559037383408,0.8
full_seed42_bias_0p0_noise0p25_s9_a0p3_b0p8,42,bias,0.0,0.25,9,0.3,crp,1.7265432730010424,1.7937771837860732,1.6347870467410623,2.443306404915865,2.6370559037383408,0.8
full_seed42_bias_0p0_noise0p5_s13_a0p2_b0p7,42,bias,0.0,0.5,13,0.2,fpr_owa,1.2651689934985595,1.340754609269621,1.2510081640849386,1.9562212874413472,2.5391523953948094,0.7
full_seed42_bias_0p0_noise0p5_s13_a0p2_b0p7,42,bias,0.0,0.5,13,0.2,crp,1.3014793643576144,1.3868869711051248,1.2698779980888375,2.113231236140137,2.539785943424528,0.7
full_seed42_bias_0p0_noise0p5_s13_a0p3_b0p8,42,bias,0.0,0.5,13,0.3,fpr_owa,1.367046147538045,1.4636488360017177,1.3150144644377917,2.2460766148079334,2.527203313790653,0.8
full_seed42_bias_0p0_noise0p5_s13_a0p3_b0p8,42,bias,0.0,0.5,13,0.3,crp,1.3931416715811489,1.4959009176156657,1.3303352733088976,2.259656267779179,2.73154810057501,0.8
full_seed42_bias_0p0_noise0p5_s5_a0p2_b0p7,42,bias,0.0,0.5,5,0.2,fpr_owa,1.7663549785759736,1.835242703992113,1.7353897935097486,2.5297316606163123,3.0735129337104823,0.7
full_seed42_bias_0p0_noise0p5_s5_a0p2_b0p7,42,bias,0.0,0.5,5,0.2,crp,1.762262891078861,1.8319908599487944,1.7303133373235235,2.5297316606163123,3.0735129337104823,0.7
full_seed42_bias_0p0_noise0p5_s5_a0p3_b0p8,42,bias,0.0,0.5,5,0.3,fpr_owa,1.7690730180982104,1.8388569143154083,1.7445279805006293,2.59181469592718,3.1350957762386087,0.8
full_seed42_bias_0p0_noise0p5_s5_a0p3_b0p8,42,bias,0.0,0.5,5,0.3,crp,1.7676250831317517,1.8378921924760072,1.741437731089552,2.59181469592718,3.1350957762386087,0.8
full_seed42_bias_0p0_noise0p5_s9_a0p2_b0p7,42,bias,0.0,0.5,9,0.2,fpr_owa,1.7166312646319943,1.7837266978711783,1.6667549411243054,2.4252408629733706,2.913077083781724,0.7
full_seed42_bias_0p0_noise0p5_s9_a0p2_b0p7,42,bias,0.0,0.5,9,0.2,crp,1.7218968322059898,1.793573691799956,1.6647032396139083,2.480474689679588,2.913077083781724,0.7
full_seed42_bias_0p0_noise0p5_s9_a0p3_b0p8,42,bias,0.0,0.5,9,0.3,fpr_owa,1.6986998747237194,1.770390544901288,1.680218113046028,2.473113970704796,2.8112617669113744,0.8
full_seed42_bias_0p0_noise0p5_s9_a0p3_b0p8,42,bias,0.0,0.5,9,0.3,crp,1.7075802004854217,1.783654820877225,1.680218113046028,2.497825922124619,2.8612454678249226,0.8
full_seed42_bias_0p1_noise0p1_s13_a0p2_b0p7,42,bias,0.1,0.1,13,0.2,fpr_owa,1.100679588611807,1.1382170060713972,1.0825862995128566,1.5749386050940166,1.6999793311916491,0.7
full_seed42_bias_0p1_noise0p1_s13_a0p2_b0p7,42,bias,0.1,0.1,13,0.2,crp,1.153108370157155,1.2002796854160618,1.1474554664336574,1.5749386050940166,1.6999793311916491,0.7
full_seed42_bias_0p1_noise0p1_s13_a0p3_b0p8,42,bias,0.1,0.1,13,0.3,fpr_owa,1.370407076418157,1.435907921263312,1.3406920074275557,2.021672961025869,2.180546407161522,0.8
full_seed42_bias_0p1_noise0p1_s13_a0p3_b0p8,42,bias,0.1,0.1,13,0.3,crp,1.421658871173656,1.499634763023489,1.402456675541491,2.0255970620695254,2.180546407161522,0.8
full_seed42_bias_0p1_noise0p1_s5_a0p2_b0p7,42,bias,0.1,0.1,5,0.2,fpr_owa,1.7659881470137384,1.8341841107834416,1.6422287024709643,2.4841127883853624,2.582175321874684,0.7
full_seed42_bias_0p1_noise0p1_s5_a0p2_b0p7,42,bias,0.1,0.1,5,0.2,crp,1.7659881470137384,1.8341841107834416,1.6422287024709643,2.4841127883853624,2.582175321874684,0.7
full_seed42_bias_0p1_noise0p1_s5_a0p3_b0p8,42,bias,0.1,0.1,5,0.3,fpr_owa,1.7701030429409303,1.8429993973058765,1.6794693923244517,2.462546527583412,2.5635217374720267,0.8
full_seed42_bias_0p1_noise0p1_s5_a0p3_b0p8,42,bias,0.1,0.1,5,0.3,crp,1.7701030429409303,1.8429993973058765,1.6794693923244517,2.462546527583412,2.5635217374720267,0.8
full_seed42_bias_0p1_noise0p1_s9_a0p2_b0p7,42,bias,0.1,0.1,9,0.2,fpr_owa,1.7135554779198223,1.759053277349291,1.6166508763503675,2.359583409424745,2.5120531370564776,0.7
full_seed42_bias_0p1_noise0p1_s9_a0p2_b0p7,42,bias,0.1,0.1,9,0.2,crp,1.7689976134939107,1.8213940546774456,1.6393940662301882,2.405352173320694,2.5126944897905386,0.7
full_seed42_bias_0p1_noise0p1_s9_a0p3_b0p8,42,bias,0.1,0.1,9,0.3,fpr_owa,1.7406943402644188,1.8068109796829983,1.6020481812023069,2.4516847730020883,2.6013060237435366,0.8
full_seed42_bias_0p1_noise0p1_s9_a0p3_b0p8,42,bias,0.1,0.1,9,0.3,crp,1.737959341083749,1.8127918210169407,1.582262347304503,2.4858362160439653,2.6013060237435366,0.8
full_seed42_bias_0p1_noise0p25_s13_a0p2_b0p7,42,bias,0.1,0.25,13,0.2,fpr_owa,1.1275665820558225,1.1765830793380845,1.110521097568545,1.665097330194273,1.9006810444329747,0.7
full_seed42_bias_0p1_noise0p25_s13_a0p2_b0p7,42,bias,0.1,0.25,13,0.2,crp,1.186183764689287,1.2436126402381766,1.1802940881756816,1.728688439267939,1.8735462570998247,0.7
full_seed42_bias_0p1_noise0p25_s13_a0p3_b0p8,42,bias,0.1,0.25,13,0.3,fpr_owa,1.348383947902538,1.429522364769536,1.3539438247143236,2.0807052266070976,2.31606989625212,0.8
full_seed42_bias_0p1_noise0p25_s13_a0p3_b0p8,42,bias,0.1,0.25,13,0.3,crp,1.3896462563163618,1.4855057254700597,1.356801928454526,2.1125660855539024,2.290792705601302,0.8
full_seed42_bias_0p1_noise0p25_s5_a0p2_b0p7,42,bias,0.1,0.25,5,0.2,fpr_owa,1.7534629815201763,1.8176348178843071,1.6702733419829094,2.498835294561254,2.766426926313108,0.7
full_seed42_bias_0p1_noise0p25_s5_a0p2_b0p7,42,bias,0.1,0.25,5,0.2,crp,1.7534629815201763,1.8176348178843071,1.6702733419829094,2.498835294561254,2.766426926313108,0.7
full_seed42_bias_0p1_noise0p25_s5_a0p3_b0p8,42,bias,0.1,0.25,5,0.3,fpr_owa,1.7656647976945776,1.8313428892170025,1.736099880157009,2.4929046761809115,2.754470971714729,0.8
full_seed42_bias_0p1_noise0p25_s5_a0p3_b0p8,42,bias,0.1,0.25,5,0.3,crp,1.7656647976945776,1.8313428892170025,1.736099880157009,2.4929046761809115,2.754470971714729,0.8
full_seed42_bias_0p1_noise0p25_s9_a0p2_b0p7,42,bias,0.1,0.25,9,0.2,fpr_owa,1.697751497625077,1.74924917966126,1.605684180538338,2.3587571327857444,2.6593326846511403,0.7
full_seed42_bias_0p1_noise0p25_s9_a0p2_b0p7,42,bias,0.1,0.25,9,0.2,crp,1.743495111302476,1.80293284471969,1.631935114771672,2.444119667224228,2.6593326846511403,0.7
full_seed42_bias_0p1_noise0p25_s9_a0p3_b0p8,42,bias,0.1,0.25,9,0.3,fpr_owa,1.7274051086384776,1.792956470403485,1.6262124002786722,2.4413934608501418,2.6370559037383408,0.8
full_seed42_bias_0p1_noise0p25_s9_a0p3_b0p8,42,bias,0.1,0.25,9,0.3,crp,1.7176858115452789,1.7890986320624982,1.6492265146712732,2.4720544113153697,2.6370559037383408,0.8
full_seed42_bias_0p1_noise0p5_s13_a0p2_b0p7,42,bias,0.1,0.5,13,0.2,fpr_owa,1.1900211045042468,1.2541837000180884,1.187986430322964,1.872390052094699,2.1447835628418845,0.7
full_seed42_bias_0p1_noise0p5_s13_a0p2_b0p7,42,bias,0.1,0.5,13,0.2,crp,1.2670381520122729,1.3509303677603066,1.262574181385976,2.027651141932856,2.454457888785821,0.7
full_seed42_bias_0p1_noise0p5_s13_a0p3_b0p8,42,bias,0.1,0.5,13,0.3,fpr_owa,1.3339060647436252,1.4242985728975868,1.3139537660122658,2.16825927628492,2.487182695732886,0.8
full_seed42_bias_0p1_noise0p5_s13_a0p3_b0p8,42,bias,0.1,0.5,13,0.3,crp,1.372752802172981,1.4753954931071875,1.3212871765202556,2.206810844887506,2.6898977315371484,0.8
full_seed42_bias_0p1_noise0p5_s5_a0p2_b0p7,42,bias,0.1,0.5,5,0.2,fpr_owa,1.7663549785759736,1.835242703992113,1.7353897935097486,2.5297316606163123,3.0735129337104823,0.7
full_seed42_bias_0p1_noise0p5_s5_a0p2_b0p7,42,bias,0.1,0.5,5,0.2,crp,1.762262891078861,1.8319908599487944,1.7303133373235235,2.5297316606163123,3.0735129337104823,0.7
full_seed42_bias_0p1_noise0p5_s5_a0p3_b0p8,42,bias,0.1,0.5,5,0.3,fpr_owa,1.7690730180982104,1.8388569143154083,1.7445279805006293,2.59181469592718,3.1350957762386087,0.8
full_seed42_bias_0p1_noise0p5_s5_a0p3_b0p8,42,bias,0.1,0.5,5,0.3,crp,1.7676250831317517,1.8378921924760072,1.741437731089552,2.59181469592718,3.1350957762386087,0.8
full_seed42_bias_0p1_noise0p5_s9_a0p2_b0p7,42,bias,0.1,0.5,9,0.2,fpr_owa,1.689739994414425,1.755633501239277,1.653847352288372,2.398575214072061,2.913077083781724,0.7
full_seed42_bias_0p1_noise0p5_s9_a0p2_b0p7,42,bias,0.1,0.5,9,0.2,crp,1.723645340907728,1.7980235025002629,1.653847352288372,2.529156033260733,2.913077083781724,0.7
full_seed42_bias_0p1_noise0p5_s9_a0p3_b0p8,42,bias,0.1,0.5,9,0.3,fpr_owa,1.703840265179169,1.7756032654891252,1.6798635961889588,2.4957235702740443,2.8112617669113744,0.8
full_seed42_bias_0p1_noise0p5_s9_a0p3_b0p8,42,bias,0.1,0.5,9,0.3,crp,1.700365985430193,1.7803932884384883,1.6775193275538762,2.5681782146742256,2.8612454678249226,0.8
full_seed42_bias_0p2_noise0p1_s13_a0p2_b0p7,42,bias,0.2,0.1,13,0.2,fpr_owa,0.99389753397637,1.0460788381455404,0.9288850178209952,1.5749386050940166,1.6999793311916491,0.7
full_seed42_bias_0p2_noise0p1_s13_a0p2_b0p7,42,bias,0.2,0.1,13,0.2,crp,0.9721937510741208,1.052909304744745,0.9683362257697338,1.5877207692163904,2.012167717154433,0.7
full_seed42_bias_0p2_noise0p1_s13_a0p3_b0p8,42,bias,0.2,0.1,13,0.3,fpr_owa,1.153712299384126,1.2501723205309916,1.0151035513546105,2.021672961025869,2.180546407161522,0.8
full_seed42_bias_0p2_noise0p1_s13_a0p3_b0p8,42,bias,0.2,0.1,13,0.3,crp,1.0263304431751985,1.1997528445356576,1.025179862652844,2.021672961025869,2.180546407161522,0.8
full_seed42_bias_0p2_noise0p1_s5_a0p2_b0p7,42,bias,0.2,0.1,5,0.2,fpr_owa,1.705992140709372,1.771342571533678,1.5962048516684637,2.433318260702521,2.582175321874684,0.7
full_seed42_bias_0p2_noise0p1_s5_a0p2_b0p7,42,bias,0.2,0.1,5,0.2,crp,1.7684226776981744,1.8382696298130845,1.6703459717047855,2.487780934233936,2.582175321874684,0.7
full_seed42_bias_0p2_noise0p1_s5_a0p3_b0p8,42,bias,0.2,0.1,5,0.3,fpr_owa,1.745976668727422,1.8124532984679704,1.6277330748986965,2.45509674878539,2.5635217374720267,0.8
full_seed42_bias_0p2_noise0p1_s5_a0p3_b0p8,42,bias,0.2,0.1,5,0.3,crp,1.770374204108577,1.844279144710922,1.6882020579875476,2.4918358003337358,2.6083188119643475,0.8
full_seed42_bias_0p2_noise0p1_s9_a0p2_b0p7,42,bias,0.2,0.1,9,0.2,fpr_owa,1.6224557906577324,1.671223580001463,1.5381505264792328,2.355383738183478,2.5120531370564776,0.7
full_seed42_bias_0p2_noise0p1_s9_a0p2_b0p7,42,bias,0.2,0.1,9,0.2,crp,1.7615719107376298,1.815262657648828,1.681211556690853,2.416904161585931,2.547703649232364,0.7
full_seed42_bias_0p2_noise0p1_s9_a0p3_b0p8,42,bias,0.2,0.1,9,0.3,fpr_owa,1.65852525553321,1.72100376471243,1.5421980479034736,2.4341264154604545,2.6013060237435366,0.8
full_seed42_bias_0p2_noise0p1_s9_a0p3_b0p8,42,bias,0.2,0.1,9,0.3,crp,1.734594314391558,1.8093413365750108,1.5999109229302664,2.481528526258114,2.6013060237435366,0.8
full_seed42_bias_0p2_noise0p25_s13_a0p2_b0p7,42,bias,0.2,0.25,13,0.2,fpr_owa,1.0077263352978336,1.0729670752446043,0.9507012148886532,1.665097330194273,1.9006810444329747,0.7
full_seed42_bias_0p2_noise0p25_s13_a0p2_b0p7,42,bias,0.2,0.25,13,0.2,crp,1.0351792684737535,1.118399035472,1.02916468927851,1.7009534678136131,2.025300473023758,0.7
full_seed42_bias_0p2_noise0p25_s13_a0p3_b0p8,42,bias,0.2,0.25,13,0.3,fpr_owa,1.1398680807147517,1.2417200639263193,1.0143837436237335,2.0807052266070976,2.31606989625212,0.8
full_seed42_bias_0p2_noise0p25_s13_a0p3_b0p8,42,bias,0.2,0.25,13,0.3,crp,1.1291213330903775,1.2637489747185944,1.0663800842369602,2.076724631226817,2.271889321770841,0.8
full_seed42_bias_0p2_noise0p25_s5_a0p2_b0p7,42,bias,0.2,0.25,5,0.2,fpr_owa,1.7048428297589846,1.7701857223971684,1.6540942696665015,2.4920939159600244,2.766426926313108,0.7
full_seed42_bias_0p2_noise0p25_s5_a0p2_b0p7,42,bias,0.2,0.25,5,0.2,crp,1.7538688466073311,1.8195010728527,1.6742390782641534,2.549007868420959,2.766426926313108,0.7
full_seed42_bias_0p2_noise0p25_s5_a0p3_b0p8,42,bias,0.2,0.25,5,0.3,fpr_owa,1.741196452403263,1.8045290515073749,1.658162667610497,2.4896699235832105,2.685218321137698,0.8
full_seed42_bias_0p2_noise0p25_s5_a0p3_b0p8,42,bias,0.2,0.25,5,0.3,crp,1.753862737383526,1.822183544516937,1.6757975929814644,2.5250326273608144,2.7744101653328657,0.8
full_seed42_bias_0p2_noise0p25_s9_a0p2_b0p7,42,bias,0.2,0.25,9,0.2,fpr_owa,1.61141378151082,1.666226294628791,1.530711078918617,2.3612735410008123,2.9473204338711043,0.7
full_seed42_bias_0p2_noise0p25_s9_a0p2_b0p7,42,bias,0.2,0.25,9,0.2,crp,1.7425192162069485,1.806143545969373,1.6312645918232564,2.485501765318646,2.6593326846511403,0.7
full_seed42_bias_0p2_noise0p25_s9_a0p3_b0p8,42,bias,0.2,0.25,9,0.3,fpr_owa,1.6519447626896653,1.71407533242696,1.5856449483027837,2.4355428146346245,2.6575992547801897,0.8
full_seed42_bias_0p2_noise0p25_s9_a0p3_b0p8,42,bias,0.2,0.25,9,0.3,crp,1.719858253056781,1.7952399755037696,1.6313738928897767,2.454423629403641,2.7392105344062805,0.8
full_seed42_bias_0p2_noise0p5_s13_a0p2_b0p7,42,bias,0.2,0.5,13,0.2,fpr_owa,1.0696213045688263,1.1482389161042224,1.0853911429644496,1.84052683737967,2.1447835628418845,0.7
full_seed42_bias_0p2_noise0p5_s13_a0p2_b0p7,42,bias,0.2,0.5,13,0.2,crp,1.161762933586065,1.2577507926225893,1.1522615106417566,2.002566109155469,2.3953610955505664,0.7
full_seed42_bias_0p2_noise0p5_s13_a0p3_b0p8,42,bias,0.2,0.5,13,0.3,fpr_owa,1.1485638309344737,1.2442432645606558,1.096006650822397,2.049934884350631,2.487182695732886,0.8
full_seed42_bias_0p2_noise0p5_s13_a0p3_b0p8,42,bias,0.2,0.5,13,0.3,crp,1.2475208362410677,1.3645841418332938,1.199446757192327,2.184195460343566,2.6898977315371484,0.8
full_seed42_bias_0p2_noise0p5_s5_a0p2_b0p7,42,bias,0.2,0.5,5,0.2,fpr_owa,1.7087370574043714,1.7808210958786366,1.6756932242404006,2.5192084854791053,3.0735129337104823,0.7
full_seed42_bias_0p2_noise0p5_s5_a0p2_b0p7,42,bias,0.2,0.5,5,0.2,crp,1.7566337405523358,1.8312559593723912,1.7182720865722745,2.628129193205363,3.104029918068561,0.7
full_seed42_bias_0p2_noise0p5_s5_a0p3_b0p8,42,bias,0.2,0.5,5,0.3,fpr_owa,1.7535737728187408,1.820026541657936,1.730883331187095,2.56897778926659,2.9109709113042843,0.8
full_seed42_bias_0p2_noise0p5_s5_a0p3_b0p8,42,bias,0.2,0.5,5,0.3,crp,1.763104350188504,1.8396784603492555,1.7476963304510047,2.6298380880835106,3.1225441310646542,0.8
full_seed42_bias_0p2_noise0p5_s9_a0p2_b0p7,42,bias,0.2,0.5,9,0.2,fpr_owa,1.6415390108179069,1.7194080316666005,1.5754077955302728,2.5638648289380006,3.4174157131613505,0.7
full_seed42_bias_0p2_noise0p5_s9_a0p2_b0p7,42,bias,0.2,0.5,9,0.2,crp,1.706310819292256,1.7888727828571875,1.653847352288372,2.566111917400622,2.913077083781724,0.7
full_seed42_bias_0p2_noise0p5_s9_a0p3_b0p8,42,bias,0.2,0.5,9,0.3,fpr_owa,1.644629980090548,1.7154544056762506,1.624944475811315,2.473113970704796,2.8112617669113744,0.8
full_seed42_bias_0p2_noise0p5_s9_a0p3_b0p8,42,bias,0.2,0.5,9,0.3,crp,1.6921982794401234,1.7769541198686951,1.681889226798801,2.534847784393484,2.8612454678249226,0.8
full_seed42_bias_0p3_noise0p1_s13_a0p2_b0p7,42,bias,0.3,0.1,13,0.2,fpr_owa,1.207653804735817,1.2333773627921203,1.2014935446786783,1.5877207692163904,1.735269545332903,0.7
full_seed42_bias_0p3_noise0p1_s13_a0p2_b0p7,42,bias,0.3,0.1,13,0.2,crp,0.9919941860296216,1.0533275399416464,0.9920582284550594,1.5749386050940166,1.6999793311916491,0.7
full_seed42_bias_0p3_noise0p1_s13_a0p3_b0p8,42,bias,0.3,0.1,13,0.3,fpr_owa,1.059043206230584,1.1982300318404238,0.9728780544567596,2.021672961025869,2.180546407161522,0.8
full_seed42_bias_0p3_noise0p1_s13_a0p3_b0p8,42,bias,0.3,0.1,13,0.3,crp,1.000402755615917,1.1776290624537518,0.9728780544567596,2.021672961025869,2.180546407161522,0.8
full_seed42_bias_0p3_noise0p1_s5_a0p2_b0p7,42,bias,0.3,0.1,5,0.2,fpr_owa,2.3045336564327177,2.471398149836626,2.3478673089393656,3.878876972751677,4.098232606103902,0.7
full_seed42_bias_0p3_noise0p1_s5_a0p2_b0p7,42,bias,0.3,0.1,5,0.2,crp,1.8065967476708515,1.8990339284926592,1.6698305173938834,2.5533714270547567,3.819748088768618,0.7
full_seed42_bias_0p3_noise0p1_s5_a0p3_b0p8,42,bias,0.3,0.1,5,0.3,fpr_owa,2.000499669465968,2.095296104400201,1.9616387335440624,3.093026007618645,3.319504139653784,0.8
full_seed42_bias_0p3_noise0p1_s5_a0p3_b0p8,42,bias,0.3,0.1,5,0.3,crp,1.7751209287231702,1.8602408239362136,1.7051768242556635,2.5214383436827825,3.155159714681636,0.8
full_seed42_bias_0p3_noise0p1_s9_a0p2_b0p7,42,bias,0.3,0.1,9,0.2,fpr_owa,1.940304316447207,2.001135860271326,1.9549124604499009,2.7229573680115275,2.9022547170312354,0.7
full_seed42_bias_0p3_noise0p1_s9_a0p2_b0p7,42,bias,0.3,0.1,9,0.2,crp,1.776992573542742,1.8315306635960584,1.650840882849552,2.442300045883289,2.6187439296595234,0.7
full_seed42_bias_0p3_noise0p1_s9_a0p3_b0p8,42,bias,0.3,0.1,9,0.3,fpr_owa,1.6259182322665469,1.686927323217306,1.5226105778034569,2.4341264154604545,2.6013060237435366,0.8
full_seed42_bias_0p3_noise0p1_s9_a0p3_b0p8,42,bias,0.3,0.1,9,0.3,crp,1.7428103677465925,1.8171527712329665,1.60476550325592,2.4940150724153174,2.6013060237435366,0.8
full_seed42_bias_0p3_noise0p25_s13_a0p2_b0p7,42,bias,0.3,0.25,13,0.2,fpr_owa,1.2204045263159402,1.2608082624174113,1.2163770878740374,1.7080369595547615,1.902418724896079,0.7
full_seed42_bias_0p3_noise0p25_s13_a0p2_b0p7,42,bias,0.3,0.25,13,0.2,crp,0.9634158299317144,1.0532804138452003,0.90945502631261,1.6714562672705104,2.1716055327113333,0.7
full_seed42_bias_0p3_noise0p25_s13_a0p3_b0p8,42,bias,0.3,0.25,13,0.3,fpr_owa,1.0513522656642078,1.1956509468372405,0.9607226800014852,2.0807052266070976,2.31606989625212,0.8
full_seed42_bias_0p3_noise0p25_s13_a0p3_b0p8,42,bias,0.3,0.25,13,0.3,crp,0.9884497066218986,1.1734402682249372,0.9562360956591108,2.0807052266070976,2.271889321770841,0.8
full_seed42_bias_0p3_noise0p25_s5_a0p2_b0p7,42,bias,0.3,0.25,5,0.2,fpr_owa,2.290019921452979,2.449931958812031,2.2727147852403995,3.784922034187965,4.171349114159853,0.7
full_seed42_bias_0p3_noise0p25_s5_a0p2_b0p7,42,bias,0.3,0.25,5,0.2,crp,1.8427322771091523,1.942575018099849,1.7104226158080995,2.8307861106419905,4.397036679620049,0.7
full_seed42_bias_0p3_noise0p25_s5_a0p3_b0p8,42,bias,0.3,0.25,5,0.3,fpr_owa,1.988674164926895,2.078379881026873,1.9539849304893229,3.0143757059160965,3.439400544807105,0.8
full_seed42_bias_0p3_noise0p25_s5_a0p3_b0p8,42,bias,0.3,0.25,5,0.3,crp,1.788958305017,1.8738154392200297,1.6885458500234416,2.565550410923307,4.407188839731702,0.8
full_seed42_bias_0p3_noise0p25_s9_a0p2_b0p7,42,bias,0.3,0.25,9,0.2,fpr_owa,1.915437906103396,1.9789921942176405,1.8945556323138448,2.69654517364526,2.8989189656491687,0.7
full_seed42_bias_0p3_noise0p25_s9_a0p2_b0p7,42,bias,0.3,0.25,9,0.2,crp,1.7509455008300765,1.816892409326362,1.6508306985473264,2.4913612505907152,3.297721862732625,0.7
full_seed42_bias_0p3_noise0p25_s9_a0p3_b0p8,42,bias,0.3,0.25,9,0.3,fpr_owa,1.6347846239128236,1.7004524536747303,1.5650232366353127,2.448192953216645,2.946652710492333,0.8
full_seed42_bias_0p3_noise0p25_s9_a0p3_b0p8,42,bias,0.3,0.25,9,0.3,crp,1.7221138466033163,1.7982937645767032,1.6329369833036362,2.545625782575454,2.718256488569515,0.8
full_seed42_bias_0p3_noise0p5_s13_a0p2_b0p7,42,bias,0.3,0.5,13,0.2,fpr_owa,1.2843179339168993,1.3482207475739327,1.2421021007153716,1.9515518685496736,2.5850335784519767,0.7
full_seed42_bias_0p3_noise0p5_s13_a0p2_b0p7,42,bias,0.3,0.5,13,0.2,crp,1.091153995027665,1.1961840874079084,1.101088375234064,1.9862512657577995,2.3953610955505664,0.7
full_seed42_bias_0p3_noise0p5_s13_a0p3_b0p8,42,bias,0.3,0.5,13,0.3,fpr_owa,1.0797397746801056,1.2150954423817957,1.0690924276132616,2.049934884350631,2.487182695732886,0.8
full_seed42_bias_0p3_noise0p5_s13_a0p3_b0p8,42,bias,0.3,0.5,13,0.3,crp,1.1467810201116166,1.2935352170238388,1.113526937355272,2.17105580242807,2.6898977315371484,0.8
full_seed42_bias_0p3_noise0p5_s5_a0p2_b0p7,42,bias,0.3,0.5,5,0.2,fpr_owa,2.2538828212636024,2.40388151337754,2.141788416755472,3.76211692078567,4.283367943056219,0.7
full_seed42_bias_0p3_noise0p5_s5_a0p2_b0p7,42,bias,0.3,0.5,5,0.2,crp,1.9012033487524085,2.010927375473843,1.8173445971781383,3.043086487670995,5.269824174516888,0.7
full_seed42_bias_0p3_noise0p5_s5_a0p3_b0p8,42,bias,0.3,0.5,5,0.3,fpr_owa,1.972250822633908,2.0612484667958286,1.9081137080504635,2.9341172941905653,3.619543851002199,0.8
full_seed42_bias_0p3_noise0p5_s5_a0p3_b0p8,42,bias,0.3,0.5,5,0.3,crp,1.8187384518776155,1.912520695429178,1.7683724077951926,2.7431969876906885,5.3147541860092575,0.8
full_seed42_bias_0p3_noise0p5_s9_a0p2_b0p7,42,bias,0.3,0.5,9,0.2,fpr_owa,1.916841568192656,2.0046785074816147,1.86138257313784,2.844760097137015,4.058840010850371,0.7
full_seed42_bias_0p3_noise0p5_s9_a0p2_b0p7,42,bias,0.3,0.5,9,0.2,crp,1.743714105928286,1.8479755862666896,1.650976118342022,2.6974974188416643,5.891149313366318,0.7
full_seed42_bias_0p3_noise0p5_s9_a0p3_b0p8,42,bias,0.3,0.5,9,0.3,fpr_owa,1.66619662301071,1.7485283237277622,1.6186573178442043,2.567246621292545,3.379005060068086,0.8
full_seed42_bias_0p3_noise0p5_s9_a0p3_b0p8,42,bias,0.3,0.5,9,0.3,crp,1.721883477390105,1.8288189615523005,1.681889226798801,2.6092399706217537,5.965656290784899,0.8
full_seed42_bias_0p4_noise0p1_s13_a0p2_b0p7,42,bias,0.4,0.1,13,0.2,fpr_owa,1.5222458810462507,1.601131292949359,1.524244863832195,2.264640449960412,2.4271773397410685,0.7
full_seed42_bias_0p4_noise0p1_s13_a0p2_b0p7,42,bias,0.4,0.1,13,0.2,crp,0.971419797065269,1.143156532714664,0.9708142372126248,1.6254578646237827,5.10582607875422,0.7
full_seed42_bias_0p4_noise0p1_s13_a0p3_b0p8,42,bias,0.4,0.1,13,0.3,fpr_owa,1.2667096895203087,1.326866918757927,1.1451865562515708,2.021672961025869,2.180546407161522,0.8
full_seed42_bias_0p4_noise0p1_s13_a0p3_b0p8,42,bias,0.4,0.1,13,0.3,crp,0.9800826829446028,1.234638074137378,1.0603928371143074,2.037009489494376,3.901711662792268,0.8
full_seed42_bias_0p4_noise0p1_s5_a0p2_b0p7,42,bias,0.4,0.1,5,0.2,fpr_owa,2.3045336564327177,2.471398149836626,2.3478673089393656,3.878876972751677,4.098232606103902,0.7
full_seed42_bias_0p4_noise0p1_s5_a0p2_b0p7,42,bias,0.4,0.1,5,0.2,crp,1.8065967476708515,1.8990339284926592,1.6698305173938834,2.5533714270547567,3.819748088768618,0.7
full_seed42_bias_0p4_noise0p1_s5_a0p3_b0p8,42,bias,0.4,0.1,5,0.3,fpr_owa,2.000499669465968,2.095296104400201,1.9616387335440624,3.093026007618645,3.319504139653784,0.8
full_seed42_bias_0p4_noise0p1_s5_a0p3_b0p8,42,bias,0.4,0.1,5,0.3,crp,1.7751209287231702,1.8602408239362136,1.7051768242556635,2.5214383436827825,3.155159714681636,0.8
full_seed42_bias_0p4_noise0p1_s9_a0p2_b0p7,42,bias,0.4,0.1,9,0.2,fpr_owa,2.288298917955025,2.429456257701526,2.2636533973127504,3.605628739696888,3.83893091644921,0.7
full_seed42_bias_0p4_noise0p1_s9_a0p2_b0p7,42,bias,0.4,0.1,9,0.2,crp,2.243586778741002,2.541471235533723,1.8620104906274448,4.994961344406772,6.45783028881147,0.7
full_seed42_bias_0p4_noise0p1_s9_a0p3_b0p8,42,bias,0.4,0.1,9,0.3,fpr_owa,1.9435480382115355,2.0232419524843057,1.96036024366838,2.801403925227368,2.995038396515603,0.8
full_seed42_bias_0p4_noise0p1_s9_a0p3_b0p8,42,bias,0.4,0.1,9,0.3,crp,2.176521396050845,2.5231251654028446,1.711195731845837,5.377035765911057,6.43652353030198,0.8
full_seed42_bias_0p4_noise0p25_s13_a0p2_b0p7,42,bias,0.4,0.25,13,0.2,fpr_owa,1.512169320992462,1.5985232896678137,1.5873364026092212,2.331666107468933,2.5886269454551774,0.7
full_seed42_bias_0p4_noise0p25_s13_a0p2_b0p7,42,bias,0.4,0.25,13,0.2,crp,0.9613737737674526,1.1972595216681623,0.9002064913168524,1.7513813545660115,6.042572634187048,0.7
full_seed42_bias_0p4_noise0p25_s13_a0p3_b0p8,42,bias,0.4,0.25,13,0.3,fpr_owa,1.2501219017221905,1.3255150171930776,1.1129026846104066,2.088586359424605,2.31606989625212,0.8
full_seed42_bias_0p4_noise0p25_s13_a0p3_b0p8,42,bias,0.4,0.25,13,0.3,crp,0.9927060293227477,1.2987726714712764,0.9757826860585888,2.1093519700449974,6.032875748796031,0.8
full_seed42_bias_0p4_noise0p25_s5_a0p2_b0p7,42,bias,0.4,0.25,5,0.2,fpr_owa,2.290019921452979,2.449931958812031,2.2727147852403995,3.784922034187965,4.171349114159853,0.7
full_seed42_bias_0p4_noise0p25_s5_a0p2_b0p7,42,bias,0.4,0.25,5,0.2,crp,1.8427322771091523,1.942575018099849,1.7104226158080995,2.8307861106419905,4.397036679620049,0.7
full_seed42_bias_0p4_noise0p25_s5_a0p3_b0p8,42,bias,0.4,0.25,5,0.3,fpr_owa,1.988674164926895,2.078379881026873,1.9539849304893229,3.0143757059160965,3.439400544807105,0.8
full_seed42_bias_0p4_noise0p25_s5_a0p3_b0p8,42,bias,0.4,0.25,5,0.3,crp,1.788958305017,1.8738154392200297,1.6885458500234416,2.565550410923307,4.407188839731702,0.8
full_seed42_bias_0p4_noise0p25_s9_a0p2_b0p7,42,bias,0.4,0.25,9,0.2,fpr_owa,2.277541524757837,2.432289921015572,2.235008237733159,3.5802733525479304,4.960055080868219,0.7
full_seed42_bias_0p4_noise0p25_s9_a0p2_b0p7,42,bias,0.4,0.25,9,0.2,crp,2.175069851852826,2.466151732580964,1.7118680706372036,4.695275163061325,6.557794822608589,0.7
full_seed42_bias_0p4_noise0p25_s9_a0p3_b0p8,42,bias,0.4,0.25,9,0.3,fpr_owa,1.962330028914976,2.059186234116698,1.9251201010377448,2.830255951517424,4.267086917439823,0.8
full_seed42_bias_0p4_noise0p25_s9_a0p3_b0p8,42,bias,0.4,0.25,9,0.3,crp,2.1243986499922034,2.43557827237976,1.7462109740325824,5.17938004253188,6.561435245038108,0.8
full_seed42_bias_0p4_noise0p5_s13_a0p2_b0p7,42,bias,0.4,0.5,13,0.2,fpr_owa,1.554891547556589,1.6624277947716988,1.5149196640231195,2.596597078466928,3.7477588006639664,0.7
full_seed42_bias_0p4_noise0p5_s13_a0p2_b0p7,42,bias,0.4,0.5,13,0.2,crp,1.1205178805723977,1.386651718246865,1.0753968919082912,2.145421668507824,6.307394694319299,0.7
full_seed42_bias_0p4_noise0p5_s13_a0p3_b0p8,42,bias,0.4,0.5,13,0.3,fpr_owa,1.3009670242194744,1.408230609414573,1.1781265459076042,2.18663835818606,3.5912971692242333,0.8
full_seed42_bias_0p4_noise0p5_s13_a0p3_b0p8,42,bias,0.4,0.5,13,0.3,crp,1.1606757842934192,1.4734918949897289,1.0663041521057406,2.309147487971878,6.270768275914913,0.8
full_seed42_bias_0p4_noise0p5_s5_a0p2_b0p7,42,bias,0.4,0.5,5,0.2,fpr_owa,2.2538828212636024,2.40388151337754,2.141788416755472,3.76211692078567,4.283367943056219,0.7
full_seed42_bias_0p4_noise0p5_s5_a0p2_b0p7,42,bias,0.4,0.5,5,0.2,crp,1.9012033487524085,2.010927375473843,1.8173445971781383,3.043086487670995,5.269824174516888,0.7
full_seed42_bias_0p4_noise0p5_s5_a0p3_b0p8,42,bias,0.4,0.5,5,0.3,fpr_owa,1.972250822633908,2.0612484667958286,1.9081137080504635,2.9341172941905653,3.619543851002199,0.8
full_seed42_bias_0p4_noise0p5_s5_a0p3_b0p8,42,bias,0.4,0.5,5,0.3,crp,1.8187384518776155,1.912520695429178,1.7683724077951926,2.7431969876906885,5.3147541860092575,0.8
full_seed42_bias_0p4_noise0p5_s9_a0p2_b0p7,42,bias,0.4,0.5,9,0.2,fpr_owa,2.309459860599249,2.4978908847343164,2.1755018434436604,4.202460803484763,4.9477288997392606,0.7
full_seed42_bias_0p4_noise0p5_s9_a0p2_b0p7,42,bias,0.4,0.5,9,0.2,crp,2.213261991712055,2.5678931314456817,1.81560994577898,5.306362072923533,6.775000676204261,0.7
full_seed42_bias_0p4_noise0p5_s9_a0p3_b0p8,42,bias,0.4,0.5,9,0.3,fpr_owa,2.030122981793808,2.1651233893660407,1.90742693129279,3.647879482875298,4.675959190651865,0.8
full_seed42_bias_0p4_noise0p5_s9_a0p3_b0p8,42,bias,0.4,0.5,9,0.3,crp,2.1730607822604937,2.5550311352731305,1.7539366345381249,5.610414074159906,6.848235400568014,0.8
full_seed42_drift_0p0_noise0p1_s13_a0p2_b0p7,42,drift,0.0,0.1,13,0.2,fpr_owa,1.204747239572172,1.2494632978305504,1.1889131152852903,1.6246678019843126,1.7409750298089346,0.7
full_seed42_drift_0p0_noise0p1_s13_a0p2_b0p7,42,drift,0.0,0.1,13,0.2,crp,1.204747239572172,1.2494632978305504,1.1889131152852903,1.6246678019843126,1.7409750298089346,0.7
full_seed42_drift_0p0_noise0p1_s13_a0p3_b0p8,42,drift,0.0,0.1,13,0.3,fpr_owa,1.4630984710557349,1.53918642759298,1.413795553401175,2.075003842309166,2.180546407161522,0.8
full_seed42_drift_0p0_noise0p1_s13_a0p3_b0p8,42,drift,0.0,0.1,13,0.3,crp,1.4630984710557349,1.53918642759298,1.413795553401175,2.075003842309166,2.180546407161522,0.8
full_seed42_drift_0p0_noise0p1_s5_a0p2_b0p7,42,drift,0.0,0.1,5,0.2,fpr_owa,1.7659881470137384,1.8341841107834416,1.6422287024709643,2.4841127883853624,2.582175321874684,0.7
full_seed42_drift_0p0_noise0p1_s5_a0p2_b0p7,42,drift,0.0,0.1,5,0.2,crp,1.7659881470137384,1.8341841107834416,1.6422287024709643,2.4841127883853624,2.582175321874684,0.7
full_seed42_drift_0p0_noise0p1_s5_a0p3_b0p8,42,drift,0.0,0.1,5,0.3,fpr_owa,1.7701030429409303,1.8429993973058765,1.6794693923244517,2.462546527583412,2.5635217374720267,0.8
full_seed42_drift_0p0_noise0p1_s5_a0p3_b0p8,42,drift,0.0,0.1,5,0.3,crp,1.7701030429409303,1.8429993973058765,1.6794693923244517,2.462546527583412,2.5635217374720267,0.8
full_seed42_drift_0p0_noise0p1_s9_a0p2_b0p7,42,drift,0.0,0.1,9,0.2,fpr_owa,1.7673726147488216,1.820046874004744,1.6165328076382752,2.410040800315646,2.5120531370564776,0.7
full_seed42_drift_0p0_noise0p1_s9_a0p2_b0p7,42,drift,0.0,0.1,9,0.2,crp,1.7673726147488216,1.820046874004744,1.6165328076382752,2.410040800315646,2.5120531370564776,0.7
full_seed42_drift_0p0_noise0p1_s9_a0p3_b0p8,42,drift,0.0,0.1,9,0.3,fpr_owa,1.7371656879270818,1.8102685437459043,1.5684284081958748,2.4840048378615034,2.6013060237435366,0.8
full_seed42_drift_0p0_noise0p1_s9_a0p3_b0p8,42,drift,0.0,0.1,9,0.3,crp,1.7371656879270818,1.8102685437459043,1.5684284081958748,2.4840048378615034,2.6013060237435366,0.8
full_seed42_drift_0p0_noise0p25_s13_a0p2_b0p7,42,drift,0.0,0.25,13,0.2,fpr_owa,1.2239519384539213,1.2817026770540818,1.205182468431389,1.760113942280174,2.024275092535646,0.7
full_seed42_drift_0p0_noise0p25_s13_a0p2_b0p7,42,drift,0.0,0.25,13,0.2,crp,1.2267448613533811,1.2845444050105337,1.205182468431389,1.7628788463443463,2.024275092535646,0.7
full_seed42_drift_0p0_noise0p25_s13_a0p3_b0p8,42,drift,0.0,0.25,13,0.3,fpr_owa,1.4230427131961676,1.5184860649784044,1.3737965524029805,2.155221273762169,2.39418818999486,0.8
full_seed42_drift_0p0_noise0p25_s13_a0p3_b0p8,42,drift,0.0,0.25,13,0.3,crp,1.4256942783791824,1.52118744240695,1.3737965524029805,2.1655636090079198,2.39418818999486,0.8
full_seed42_drift_0p0_noise0p25_s5_a0p2_b0p7,42,drift,0.0,0.25,5,0.2,fpr_owa,1.7534629815201763,1.8176348178843071,1.6702733419829094,2.498835294561254,2.766426926313108,0.7
full_seed42_drift_0p0_noise0p25_s5_a0p2_b0p7,42,drift,0.0,0.25,5,0.2,crp,1.7534629815201763,1.8176348178843071,1.6702733419829094,2.498835294561254,2.766426926313108,0.7
full_seed42_drift_0p0_noise0p25_s5_a0p3_b0p8,42,drift,0.0,0.25,5,0.3,fpr_owa,1.7656647976945776,1.8313428892170025,1.736099880157009,2.4929046761809115,2.754470971714729,0.8
full_seed42_drift_0p0_noise0p25_s5_a0p3_b0p8,42,drift,0.0,0.25,5,0.3,crp,1.7656647976945776,1.8313428892170025,1.736099880157009,2.4929046761809115,2.754470971714729,0.8
full_seed42_drift_0p0_noise0p25_s9_a0p2_b0p7,42,drift,0.0,0.25,9,0.2,fpr_owa,1.7426996887661814,1.8000693487288324,1.6339637308116035,2.423123977132854,2.6593326846511403,0.7
full_seed42_drift_0p0_noise0p25_s9_a0p2_b0p7,42,drift,0.0,0.25,9,0.2,crp,1.7426996887661814,1.8000693487288324,1.6339637308116035,2.423123977132854,2.6593326846511403,0.7
full_seed42_drift_0p0_noise0p25_s9_a0p3_b0p8,42,drift,0.0,0.25,9,0.3,fpr_owa,1.7265432730010424,1.7937771837860732,1.6347870467410623,2.443306404915865,2.6370559037383408,0.8
full_seed42_drift_0p0_noise0p25_s9_a0p3_b0p8,42,drift,0.0,0.25,9,0.3,crp,1.7265432730010424,1.7937771837860732,1.6347870467410623,2.443306404915865,2.6370559037383408,0.8
full_seed42_drift_0p0_noise0p5_s13_a0p2_b0p7,42,drift,0.0,0.5,13,0.2,fpr_owa,1.2651689934985595,1.340754609269621,1.2510081640849386,1.9562212874413472,2.5391523953948094,0.7
full_seed42_drift_0p0_noise0p5_s13_a0p2_b0p7,42,drift,0.0,0.5,13,0.2,crp,1.3014793643576144,1.3868869711051248,1.2698779980888375,2.113231236140137,2.539785943424528,0.7
full_seed42_drift_0p0_noise0p5_s13_a0p3_b0p8,42,drift,0.0,0.5,13,0.3,fpr_owa,1.367046147538045,1.4636488360017177,1.3150144644377917,2.2460766148079334,2.527203313790653,0.8
full_seed42_drift_0p0_noise0p5_s13_a0p3_b0p8,42,drift,0.0,0.5,13,0.3,crp,1.3931416715811489,1.4959009176156657,1.3303352733088976,2.259656267779179,2.73154810057501,0.8
full_seed42_drift_0p0_noise0p5_s5_a0p2_b0p7,42,drift,0.0,0.5,5,0.2,fpr_owa,1.7663549785759736,1.835242703992113,1.7353897935097486,2.5297316606163123,3.0735129337104823,0.7
full_seed42_drift_0p0_noise0p5_s5_a0p2_b0p7,42,drift,0.0,0.5,5,0.2,crp,1.762262891078861,1.8319908599487944,1.7303133373235235,2.5297316606163123,3.0735129337104823,0.7
full_seed42_drift_0p0_noise0p5_s5_a0p3_b0p8,42,drift,0.0,0.5,5,0.3,fpr_owa,1.7690730180982104,1.8388569143154083,1.7445279805006293,2.59181469592718,3.1350957762386087,0.8
full_seed42_drift_0p0_noise0p5_s5_a0p3_b0p8,42,drift,0.0,0.5,5,0.3,crp,1.7676250831317517,1.8378921924760072,1.741437731089552,2.59181469592718,3.1350957762386087,0.8
full_seed42_drift_0p0_noise0p5_s9_a0p2_b0p7,42,drift,0.0,0.5,9,0.2,fpr_owa,1.7166312646319943,1.7837266978711783,1.6667549411243054,2.4252408629733706,2.913077083781724,0.7
full_seed42_drift_0p0_noise0p5_s9_a0p2_b0p7,42,drift,0.0,0.5,9,0.2,crp,1.7218968322059898,1.793573691799956,1.6647032396139083,2.480474689679588,2.913077083781724,0.7
full_seed42_drift_0p0_noise0p5_s9_a0p3_b0p8,42,drift,0.0,0.5,9,0.3,fpr_owa,1.6986998747237194,1.770390544901288,1.680218113046028,2.473113970704796,2.8112617669113744,0.8
full_seed42_drift_0p0_noise0p5_s9_a0p3_b0p8,42,drift,0.0,0.5,9,0.3,crp,1.7075802004854217,1.783654820877225,1.680218113046028,2.497825922124619,2.8612454678249226,0.8
full_seed42_drift_0p1_noise0p1_s13_a0p2_b0p7,42,drift,0.1,0.1,13,0.2,fpr_owa,1.1530383382466085,1.1980227014381843,1.1263785107673878,1.6197577656048396,1.9282469614584852,0.7
full_seed42_drift_0p1_noise0p1_s13_a0p2_b0p7,42,drift,0.1,0.1,13,0.2,crp,1.1758244062630472,1.2215889729230762,1.1538853554638626,1.6180356412785075,1.7502715451953466,0.7
full_seed42_drift_0p1_noise0p1_s13_a0p3_b0p8,42,drift,0.1,0.1,13,0.3,fpr_owa,1.42069442064405,1.4955927596075145,1.3694397728690129,2.071964348282221,2.4099440137886154,0.8
full_seed42_drift_0p1_noise0p1_s13_a0p3_b0p8,42,drift,0.1,0.1,13,0.3,crp,1.4417426882493511,1.520081298568563,1.415061534142167,2.0526533634968827,2.1827396359281117,0.8
full_seed42_drift_0p1_noise0p1_s5_a0p2_b0p7,42,drift,0.1,0.1,5,0.2,fpr_owa,1.7659881470137384,1.8341841107834416,1.6422287024709643,2.4841127883853624,2.582175321874684,0.7
full_seed42_drift_0p1_noise0p1_s5_a0p2_b0p7,42,drift,0.1,0.1,5,0.2,crp,1.7659881470137384,1.8341841107834416,1.6422287024709643,2.4841127883853624,2.582175321874684,0.7
full_seed42_drift_0p1_noise0p1_s5_a0p3_b0p8,42,drift,0.1,0.1,5,0.3,fpr_owa,1.7701030429409303,1.8429993973058765,1.6794693923244517,2.462546527583412,2.5635217374720267,0.8
full_seed42_drift_0p1_noise0p1_s5_a0p3_b0p8,42,drift,0.1,0.1,5,0.3,crp,1.7701030429409303,1.8429993973058765,1.6794693923244517,2.462546527583412,2.5635217374720267,0.8
full_seed42_drift_0p1_noise0p1_s9_a0p2_b0p7,42,drift,0.1,0.1,9,0.2,fpr_owa,1.7569125505945271,1.8063669459257312,1.6464415486483164,2.408435227517329,2.5482483512505154,0.7
full_seed42_drift_0p1_noise0p1_s9_a0p2_b0p7,42,drift,0.1,0.1,9,0.2,crp,1.7667505622825448,1.8179975411174103,1.655888542746114,2.408435227517329,2.5482483512505154,0.7
full_seed42_drift_0p1_noise0p1_s9_a0p3_b0p8,42,drift,0.1,0.1,9,0.3,fpr_owa,1.749769948053004,1.817252986581951,1.606606910327108,2.4519267302793635,2.6013060237435366,0.8
full_seed42_drift_0p1_noise0p1_s9_a0p3_b0p8,42,drift,0.1,0.1,9,0.3,crp,1.7522084667063542,1.820664371252292,1.6024865542418685,2.4648672785075574,2.6013060237435366,0.8
full_seed42_drift_0p1_noise0p25_s13_a0p2_b0p7,42,drift,0.1,0.25,13,0.2,fpr_owa,1.1773280337425136,1.23281609988091,1.161327366034178,1.749955138627379,1.9779887274046484,0.7
full_seed42_drift_0p1_noise0p25_s13_a0p2_b0p7,42,drift,0.1,0.25,13,0.2,crp,1.208263683029845,1.2671544595162572,1.1791677182083122,1.7549141136837216,2.0117575465489628,0.7
full_seed42_drift_0p1_noise0p25_s13_a0p3_b0p8,42,drift,0.1,0.25,13,0.3,fpr_owa,1.386520094001708,1.4754869488833458,1.356801928454526,2.1132428516945083,2.344818853112349,0.8
full_seed42_drift_0p1_noise0p25_s13_a0p3_b0p8,42,drift,0.1,0.25,13,0.3,crp,1.412948870548234,1.508740056779892,1.359963154299895,2.151348878376413,2.405608369316722,0.8
full_seed42_drift_0p1_noise0p25_s5_a0p2_b0p7,42,drift,0.1,0.25,5,0.2,fpr_owa,1.7534629815201763,1.8176348178843071,1.6702733419829094,2.498835294561254,2.766426926313108,0.7
full_seed42_drift_0p1_noise0p25_s5_a0p2_b0p7,42,drift,0.1,0.25,5,0.2,crp,1.7534629815201763,1.8176348178843071,1.6702733419829094,2.498835294561254,2.766426926313108,0.7
full_seed42_drift_0p1_noise0p25_s5_a0p3_b0p8,42,drift,0.1,0.25,5,0.3,fpr_owa,1.7656647976945776,1.8313428892170025,1.736099880157009,2.4929046761809115,2.754470971714729,0.8
full_seed42_drift_0p1_noise0p25_s5_a0p3_b0p8,42,drift,0.1,0.25,5,0.3,crp,1.7656647976945776,1.8313428892170025,1.736099880157009,2.4929046761809115,2.754470971714729,0.8
full_seed42_drift_0p1_noise0p25_s9_a0p2_b0p7,42,drift,0.1,0.25,9,0.2,fpr_owa,1.7431117498951982,1.799423416433144,1.642557651201923,2.442243124287946,2.6593326846511403,0.7
full_seed42_drift_0p1_noise0p25_s9_a0p2_b0p7,42,drift,0.1,0.25,9,0.2,crp,1.7481560684720026,1.8056047534632365,1.6339637308116035,2.4444887795661545,2.6593326846511403,0.7
full_seed42_drift_0p1_noise0p25_s9_a0p3_b0p8,42,drift,0.1,0.25,9,0.3,fpr_owa,1.7362162582954617,1.803459228107448,1.6404274990384038,2.4576889346624657,2.6370559037383408,0.8
full_seed42_drift_0p1_noise0p25_s9_a0p3_b0p8,42,drift,0.1,0.25,9,0.3,crp,1.7365098577216418,1.8042827375125403,1.6404274990384038,2.4582746155184947,2.6370559037383408,0.8
full_seed42_drift_0p1_noise0p5_s13_a0p2_b0p7,42,drift,0.1,0.5,13,0.2,fpr_owa,1.2355489533070712,1.3049510790888257,1.2358488337143674,1.934444230721824,2.401754025315733,0.7
full_seed42_drift_0p1_noise0p5_s13_a0p2_b0p7,42,drift,0.1,0.5,13,0.2,crp,1.2927028886284793,1.3792360224911988,1.2698779980888375,2.0838586411958158,2.539785943424528,0.7
full_seed42_drift_0p1_noise0p5_s13_a0p3_b0p8,42,drift,0.1,0.5,13,0.3,fpr_owa,1.3623023363980271,1.453901783531653,1.3193847648204595,2.1851782792133934,2.487182695732886,0.8
full_seed42_drift_0p1_noise0p5_s13_a0p3_b0p8,42,drift,0.1,0.5,13,0.3,crp,1.403678680075552,1.5058231474148531,1.335283053158156,2.2818507194533986,2.73154810057501,0.8
full_seed42_drift_0p1_noise0p5_s5_a0p2_b0p7,42,drift,0.1,0.5,5,0.2,fpr_owa,1.7663549785759736,1.835242703992113,1.7353897935097486,2.5297316606163123,3.0735129337104823,0.7
full_seed42_drift_0p1_noise0p5_s5_a0p2_b0p7,42,drift,0.1,0.5,5,0.2,crp,1.762262891078861,1.8319908599487944,1.7303133373235235,2.5297316606163123,3.0735129337104823,0.7
full_seed42_drift_0p1_noise0p5_s5_a0p3_b0p8,42,drift,0.1,0.5,5,0.3,fpr_owa,1.7690730180982104,1.8388569143154083,1.7445279805006293,2.59181469592718,3.1350957762386087,0.8
full_seed42_drift_0p1_noise0p5_s5_a0p3_b0p8,42,drift,0.1,0.5,5,0.3,crp,1.7676250831317517,1.8378921924760072,1.741437731089552,2.59181469592718,3.1350957762386087,0.8
full_seed42_drift_0p1_noise0p5_s9_a0p2_b0p7,42,drift,0.1,0.5,9,0.2,fpr_owa,1.7252997896972515,1.7937797736542385,1.6912576685429666,2.5177534013898226,2.913077083781724,0.7
full_seed42_drift_0p1_noise0p5_s9_a0p2_b0p7,42,drift,0.1,0.5,9,0.2,crp,1.7286836077214265,1.8007544058834644,1.6860005665426017,2.563550684684221,2.913077083781724,0.7
full_seed42_drift_0p1_noise0p5_s9_a0p3_b0p8,42,drift,0.1,0.5,9,0.3,fpr_owa,1.7130605034657196,1.7848534725619138,1.6850295753738282,2.515096673974577,2.8112617669113744,0.8
full_seed42_drift_0p1_noise0p5_s9_a0p3_b0p8,42,drift,0.1,0.5,9,0.3,crp,1.7132155031911036,1.7878307644286198,1.681889226798801,2.534847784393484,2.8612454678249226,0.8
full_seed42_drift_0p2_noise0p1_s13_a0p2_b0p7,42,drift,0.2,0.1,13,0.2,fpr_owa,1.1252852319811244,1.1888628386673104,1.0655175862227275,1.6793514072210636,2.392341280842243,0.7
full_seed42_drift_0p2_noise0p1_s13_a0p2_b0p7,42,drift,0.2,0.1,13,0.2,crp,1.1173826758126044,1.1809002971268374,1.0655175862227275,1.6593407380943943,2.392341280842243,0.7
full_seed42_drift_0p2_noise0p1_s13_a0p3_b0p8,42,drift,0.2,0.1,13,0.3,fpr_owa,1.358360632579254,1.459158862755774,1.2712924678959194,2.12171897698499,2.895508057965312,0.8
full_seed42_drift_0p2_noise0p1_s13_a0p3_b0p8,42,drift,0.2,0.1,13,0.3,crp,1.3173661059905706,1.4284723786416826,1.270135120976116,2.0981087826425218,2.895508057965312,0.8
full_seed42_drift_0p2_noise0p1_s5_a0p2_b0p7,42,drift,0.2,0.1,5,0.2,fpr_owa,1.7503821570696136,1.816141230967749,1.6698305173938834,2.4516328419517683,2.5842589830122704,0.7
full_seed42_drift_0p2_noise0p1_s5_a0p2_b0p7,42,drift,0.2,0.1,5,0.2,crp,1.7540529933172069,1.8202215097662613,1.6698305173938834,2.4516328419517683,2.5842589830122704,0.7
full_seed42_drift_0p2_noise0p1_s5_a0p3_b0p8,42,drift,0.2,0.1,5,0.3,fpr_owa,1.776859849521493,1.8448298559321357,1.6989770410438605,2.46091201989062,2.5635217374720267,0.8
full_seed42_drift_0p2_noise0p1_s5_a0p3_b0p8,42,drift,0.2,0.1,5,0.3,crp,1.778727090801956,1.8469626790288407,1.6989770410438605,2.46091201989062,2.5635217374720267,0.8
full_seed42_drift_0p2_noise0p1_s9_a0p2_b0p7,42,drift,0.2,0.1,9,0.2,fpr_owa,1.7773127075419788,1.8374171109718136,1.6392653510968147,2.514463872013983,2.936152900038896,0.7
full_seed42_drift_0p2_noise0p1_s9_a0p2_b0p7,42,drift,0.2,0.1,9,0.2,crp,1.7844228217119729,1.8435404579814365,1.6392653510968147,2.500256783302398,2.8618904398785068,0.7
full_seed42_drift_0p2_noise0p1_s9_a0p3_b0p8,42,drift,0.2,0.1,9,0.3,fpr_owa,1.747950122294725,1.8158190342056009,1.6444697530506982,2.4906301135806075,2.608036070498313,0.8
full_seed42_drift_0p2_noise0p1_s9_a0p3_b0p8,42,drift,0.2,0.1,9,0.3,crp,1.7526475515227784,1.8211593793736716,1.6444697530506982,2.4754170067542334,2.6013060237435366,0.8
full_seed42_drift_0p2_noise0p25_s13_a0p2_b0p7,42,drift,0.2,0.25,13,0.2,fpr_owa,1.165895519652159,1.2382727659078765,1.1082649045971726,1.801369094992901,2.522303177104425,0.7
full_seed42_drift_0p2_noise0p25_s13_a0p2_b0p7,42,drift,0.2,0.25,13,0.2,crp,1.1740354408399256,1.2415565920135612,1.1197816119875603,1.756625527695206,2.564107335292711,0.7
full_seed42_drift_0p2_noise0p25_s13_a0p3_b0p8,42,drift,0.2,0.25,13,0.3,fpr_owa,1.3415741386785431,1.444854994376655,1.2086833279560043,2.1740517864110043,2.495259884476165,0.8
full_seed42_drift_0p2_noise0p25_s13_a0p3_b0p8,42,drift,0.2,0.25,13,0.3,crp,1.336926373766424,1.444122439655504,1.2573470272936271,2.16512766570718,2.62203614732733,0.8
full_seed42_drift_0p2_noise0p25_s5_a0p2_b0p7,42,drift,0.2,0.25,5,0.2,fpr_owa,1.7647568570234986,1.8300367851627013,1.702503771956943,2.523964319934433,2.850988966388431,0.7
full_seed42_drift_0p2_noise0p25_s5_a0p2_b0p7,42,drift,0.2,0.25,5,0.2,crp,1.7624045575758245,1.8277994373264912,1.700340789489175,2.523964319934433,2.850988966388431,0.7
full_seed42_drift_0p2_noise0p25_s5_a0p3_b0p8,42,drift,0.2,0.25,5,0.3,fpr_owa,1.781231866543491,1.8469728394285725,1.7417666817792092,2.5052618729211584,2.756556812026778,0.8
full_seed42_drift_0p2_noise0p25_s5_a0p3_b0p8,42,drift,0.2,0.25,5,0.3,crp,1.779316740774725,1.8452726474646648,1.7370549232024968,2.5052618729211584,2.756556812026778,0.8
full_seed42_drift_0p2_noise0p25_s9_a0p2_b0p7,42,drift,0.2,0.25,9,0.2,fpr_owa,1.7773510200014044,1.8458223377318348,1.6846790944321048,2.5927583654578323,3.028934659745312,0.7
full_seed42_drift_0p2_noise0p25_s9_a0p2_b0p7,42,drift,0.2,0.25,9,0.2,crp,1.7666144604289764,1.8305367999523363,1.6846790944321048,2.531075969443202,2.896272557704996,0.7
full_seed42_drift_0p2_noise0p25_s9_a0p3_b0p8,42,drift,0.2,0.25,9,0.3,fpr_owa,1.743223849287835,1.810725987985208,1.684795930458319,2.451714906738192,2.6370559037383408,0.8
full_seed42_drift_0p2_noise0p25_s9_a0p3_b0p8,42,drift,0.2,0.25,9,0.3,crp,1.7398329857132635,1.807846616159732,1.6808205413658937,2.451714906738192,2.6370559037383408,0.8
full_seed42_drift_0p2_noise0p5_s13_a0p2_b0p7,42,drift,0.2,0.5,13,0.2,fpr_owa,1.256226081959131,1.3299908752770524,1.2162461128644324,1.999446833774492,2.5803170510196183,0.7
full_seed42_drift_0p2_noise0p5_s13_a0p2_b0p7,42,drift,0.2,0.5,13,0.2,crp,1.2835436918269474,1.3725586875817386,1.2207719654410796,2.086846543772128,2.9353816245099447,0.7
full_seed42_drift_0p2_noise0p5_s13_a0p3_b0p8,42,drift,0.2,0.5,13,0.3,fpr_owa,1.3388440967231536,1.4322373824289103,1.2391472456531365,2.2141341129157115,2.65201300238072,0.8
full_seed42_drift_0p2_noise0p5_s13_a0p3_b0p8,42,drift,0.2,0.5,13,0.3,crp,1.3821663592280562,1.4883731343357904,1.3207074215835712,2.308261865006404,2.933781002131914,0.8
full_seed42_drift_0p2_noise0p5_s5_a0p2_b0p7,42,drift,0.2,0.5,5,0.2,fpr_owa,1.7781539372994797,1.849608198121878,1.7518504058535145,2.6118747209267705,3.084050978142937,0.7
full_seed42_drift_0p2_noise0p5_s5_a0p2_b0p7,42,drift,0.2,0.5,5,0.2,crp,1.7735618308231242,1.844467172197631,1.7529499299863898,2.6118747209267705,3.084050978142937,0.7
full_seed42_drift_0p2_noise0p5_s5_a0p3_b0p8,42,drift,0.2,0.5,5,0.3,fpr_owa,1.798236665122615,1.868806192380662,1.7838804576919776,2.619289251465268,3.198894511330279,0.8
full_seed42_drift_0p2_noise0p5_s5_a0p3_b0p8,42,drift,0.2,0.5,5,0.3,crp,1.7925315794758487,1.863875955744775,1.7740619038361696,2.619289251465268,3.198894511330279,0.8
full_seed42_drift_0p2_noise0p5_s9_a0p2_b0p7,42,drift,0.2,0.5,9,0.2,fpr_owa,1.7619820302063018,1.840458582746016,1.7107303874945523,2.627801050189914,3.121637878106428,0.7
full_seed42_drift_0p2_noise0p5_s9_a0p2_b0p7,42,drift,0.2,0.5,9,0.2,crp,1.7556489334917558,1.831104679512691,1.7012555526327402,2.627801050189914,2.913077083781724,0.7
full_seed42_drift_0p2_noise0p5_s9_a0p3_b0p8,42,drift,0.2,0.5,9,0.3,fpr_owa,1.7191271300338633,1.7905013191676822,1.6974061844813462,2.53363018479898,2.8112617669113744,0.8
full_seed42_drift_0p2_noise0p5_s9_a0p3_b0p8,42,drift,0.2,0.5,9,0.3,crp,1.7300657155120338,1.8053152181590613,1.7020630375513308,2.5364998411961825,2.893145028639028,0.8
full_seed42_drift_0p3_noise0p1_s13_a0p2_b0p7,42,drift,0.3,0.1,13,0.2,fpr_owa,1.2011502536584755,1.2734431939703577,1.107588007528136,1.8355238507549725,2.9014350685609864,0.7
full_seed42_drift_0p3_noise0p1_s13_a0p2_b0p7,42,drift,0.3,0.1,13,0.2,crp,1.181091393874829,1.2561148250422212,1.083847932690114,1.796657277413108,2.9014350685609864,0.7
full_seed42_drift_0p3_noise0p1_s13_a0p3_b0p8,42,drift,0.3,0.1,13,0.3,fpr_owa,1.373884691293359,1.4994406942668976,1.2712924678959194,2.244307435474464,3.3981154500790347,0.8
full_seed42_drift_0p3_noise0p1_s13_a0p3_b0p8,42,drift,0.3,0.1,13,0.3,crp,1.3512118266282025,1.4844114231532712,1.2677883716999938,2.1836849472056143,3.3981154500790347,0.8
full_seed42_drift_0p3_noise0p1_s5_a0p2_b0p7,42,drift,0.3,0.1,5,0.2,fpr_owa,1.9195001672930507,2.016892789242976,1.7831295311823836,3.1622070677820133,3.514614636168067,0.7
full_seed42_drift_0p3_noise0p1_s5_a0p2_b0p7,42,drift,0.3,0.1,5,0.2,crp,1.9149890846415771,2.010976674814564,1.7831295311823836,3.148788389825272,3.514614636168067,0.7
full_seed42_drift_0p3_noise0p1_s5_a0p3_b0p8,42,drift,0.3,0.1,5,0.3,fpr_owa,1.869537136978365,1.944054947141422,1.8305841230448885,2.7400953674321475,3.011504139653784,0.8
full_seed42_drift_0p3_noise0p1_s5_a0p3_b0p8,42,drift,0.3,0.1,5,0.3,crp,1.8679240895476548,1.942102066974491,1.8305841230448885,2.7400953674321475,3.011504139653784,0.8
full_seed42_drift_0p3_noise0p1_s9_a0p2_b0p7,42,drift,0.3,0.1,9,0.2,fpr_owa,1.8792904702115305,1.9517998555799287,1.804833326982194,2.966877476297653,3.58127354132055,0.7
full_seed42_drift_0p3_noise0p1_s9_a0p2_b0p7,42,drift,0.3,0.1,9,0.2,crp,1.8874267826384996,1.95955301697972,1.812052872663579,2.9616077167527117,3.20708364543065,0.7
full_seed42_drift_0p3_noise0p1_s9_a0p3_b0p8,42,drift,0.3,0.1,9,0.3,fpr_owa,1.8084034048347568,1.885034639438513,1.7565070290707725,2.669822974145314,3.0633757858575588,0.8
full_seed42_drift_0p3_noise0p1_s9_a0p3_b0p8,42,drift,0.3,0.1,9,0.3,crp,1.804580197345889,1.8764909619168129,1.7565070290707725,2.5537539766919606,2.751158852316278,0.8
full_seed42_drift_0p3_noise0p25_s13_a0p2_b0p7,42,drift,0.3,0.25,13,0.2,fpr_owa,1.2443583285125888,1.3249505966500277,1.1736952330107069,1.9039756648530208,2.8638416386428864,0.7
full_seed42_drift_0p3_noise0p25_s13_a0p2_b0p7,42,drift,0.3,0.25,13,0.2,crp,1.213483540590249,1.302955082908873,1.1225915434188731,1.8584333160428024,3.175161262176859,0.7
full_seed42_drift_0p3_noise0p25_s13_a0p3_b0p8,42,drift,0.3,0.25,13,0.3,fpr_owa,1.371794570560991,1.5000248168869896,1.258882842588787,2.2991014279445188,3.345104830841781,0.8
full_seed42_drift_0p3_noise0p25_s13_a0p3_b0p8,42,drift,0.3,0.25,13,0.3,crp,1.3397308505607388,1.4779378341336098,1.2011649268560474,2.2734999688801687,3.647032576418855,0.8
full_seed42_drift_0p3_noise0p25_s5_a0p2_b0p7,42,drift,0.3,0.25,5,0.2,fpr_owa,1.92292936654754,2.018092930084662,1.7892344819246513,3.144716781025388,3.555349114159853,0.7
full_seed42_drift_0p3_noise0p25_s5_a0p2_b0p7,42,drift,0.3,0.25,5,0.2,crp,1.904611373090652,1.9953348113368887,1.7892344819246513,3.054238467036607,3.555349114159853,0.7
full_seed42_drift_0p3_noise0p25_s5_a0p3_b0p8,42,drift,0.3,0.25,5,0.3,fpr_owa,1.8663101167107845,1.9395459855306816,1.842533562992995,2.6853809243765103,3.131400544807105,0.8
full_seed42_drift_0p3_noise0p25_s5_a0p3_b0p8,42,drift,0.3,0.25,5,0.3,crp,1.8559573506727631,1.9277582218767948,1.8341785698228144,2.6835615411896585,3.131400544807105,0.8
full_seed42_drift_0p3_noise0p25_s9_a0p2_b0p7,42,drift,0.3,0.25,9,0.2,fpr_owa,1.880216144022761,1.959047680210607,1.840663198176436,2.9884458655285204,3.57267888294813,0.7
full_seed42_drift_0p3_noise0p25_s9_a0p2_b0p7,42,drift,0.3,0.25,9,0.2,crp,1.8549942506936337,1.9230294341171204,1.8371997204249555,2.778260078233484,3.1823004698418176,0.7
full_seed42_drift_0p3_noise0p25_s9_a0p3_b0p8,42,drift,0.3,0.25,9,0.3,fpr_owa,1.818563719339504,1.894077305142412,1.7534529551369236,2.661259458789532,3.056566501191333,0.8
full_seed42_drift_0p3_noise0p25_s9_a0p3_b0p8,42,drift,0.3,0.25,9,0.3,crp,1.7919167810434748,1.8585689638851053,1.75722887121554,2.558517877802401,2.7101352651544985,0.8
full_seed42_drift_0p3_noise0p5_s13_a0p2_b0p7,42,drift,0.3,0.5,13,0.2,fpr_owa,1.327165460961369,1.4104236945844784,1.27557374755309,2.118972214499415,3.080444799079857,0.7
full_seed42_drift_0p3_noise0p5_s13_a0p2_b0p7,42,drift,0.3,0.5,13,0.2,crp,1.3348962707136551,1.4439266981812289,1.2680358570950283,2.269407629942876,3.531278234130041,0.7
full_seed42_drift_0p3_noise0p5_s13_a0p3_b0p8,42,drift,0.3,0.5,13,0.3,fpr_owa,1.3966598898521032,1.5028423062577592,1.2735428064626213,2.3425832875082584,3.2521097273957404,0.8
full_seed42_drift_0p3_noise0p5_s13_a0p3_b0p8,42,drift,0.3,0.5,13,0.3,crp,1.4194622502067589,1.5464187069920654,1.3014531558223985,2.465136083705086,3.447759017846614,0.8
full_seed42_drift_0p3_noise0p5_s5_a0p2_b0p7,42,drift,0.3,0.5,5,0.2,fpr_owa,1.9265080000203347,2.024716422899284,1.867804636116376,3.0868147571690763,3.695986578414569,0.7
full_seed42_drift_0p3_noise0p5_s5_a0p2_b0p7,42,drift,0.3,0.5,5,0.2,crp,1.8892520889471365,1.9814988301863468,1.857658236198175,2.9353265100812687,3.695986578414569,0.7
full_seed42_drift_0p3_noise0p5_s5_a0p3_b0p8,42,drift,0.3,0.5,5,0.3,fpr_owa,1.8827817032179197,1.960421702481156,1.8768362745597988,2.74485948029122,3.562697195774893,0.8
full_seed42_drift_0p3_noise0p5_s5_a0p3_b0p8,42,drift,0.3,0.5,5,0.3,crp,1.86387982286108,1.944043364160718,1.8402710123557071,2.7458106443449037,3.562697195774893,0.8
full_seed42_drift_0p3_noise0p5_s9_a0p2_b0p7,42,drift,0.3,0.5,9,0.2,fpr_owa,1.8769991959301515,1.9678330718457429,1.8293962291086376,2.9141247711013456,3.770715108190673,0.7
full_seed42_drift_0p3_noise0p5_s9_a0p2_b0p7,42,drift,0.3,0.5,9,0.2,crp,1.843141083509689,1.923123192072248,1.8188243875416608,2.8270738832010625,3.6604420491856993,0.7
full_seed42_drift_0p3_noise0p5_s9_a0p3_b0p8,42,drift,0.3,0.5,9,0.3,fpr_owa,1.8042305533419063,1.8850678469617663,1.776021167228357,2.7273297184419536,3.5388804423456803,0.8
full_seed42_drift_0p3_noise0p5_s9_a0p3_b0p8,42,drift,0.3,0.5,9,0.3,crp,1.794974163588268,1.87242014512128,1.760198619879921,2.669449891629293,3.330154355919544,0.8
full_seed42_drift_0p4_noise0p1_s13_a0p2_b0p7,42,drift,0.4,0.1,13,0.2,fpr_owa,1.3123955934446412,1.392199120556887,1.2280796312120177,1.9442663167470116,3.055701243261414,0.7
full_seed42_drift_0p4_noise0p1_s13_a0p2_b0p7,42,drift,0.4,0.1,13,0.2,crp,1.299328569501094,1.3800621611926258,1.2133060976471526,1.9347518555921892,3.055701243261414,0.7
full_seed42_drift_0p4_noise0p1_s13_a0p3_b0p8,42,drift,0.4,0.1,13,0.3,fpr_owa,1.4830549802617232,1.6086350498618824,1.354785414053491,2.383321975219717,3.790423142386728,0.8
full_seed42_drift_0p4_noise0p1_s13_a0p3_b0p8,42,drift,0.4,0.1,13,0.3,crp,1.468049388248878,1.595057280236298,1.3406920074275557,2.375448936947654,3.790423142386728,0.8
full_seed42_drift_0p4_noise0p1_s5_a0p2_b0p7,42,drift,0.4,0.1,5,0.2,fpr_owa,1.9195001672930507,2.016892789242976,1.7831295311823836,3.1622070677820133,3.514614636168067,0.7
full_seed42_drift_0p4_noise0p1_s5_a0p2_b0p7,42,drift,0.4,0.1,5,0.2,crp,1.9149890846415771,2.010976674814564,1.7831295311823836,3.148788389825272,3.514614636168067,0.7
full_seed42_drift_0p4_noise0p1_s5_a0p3_b0p8,42,drift,0.4,0.1,5,0.3,fpr_owa,1.869537136978365,1.944054947141422,1.8305841230448885,2.7400953674321475,3.011504139653784,0.8
full_seed42_drift_0p4_noise0p1_s5_a0p3_b0p8,42,drift,0.4,0.1,5,0.3,crp,1.8679240895476548,1.942102066974491,1.8305841230448885,2.7400953674321475,3.011504139653784,0.8
full_seed42_drift_0p4_noise0p1_s9_a0p2_b0p7,42,drift,0.4,0.1,9,0.2,fpr_owa,2.0504400811848544,2.16695987380575,1.9848470764744317,3.69839078693206,4.030293443611209,0.7
full_seed42_drift_0p4_noise0p1_s9_a0p2_b0p7,42,drift,0.4,0.1,9,0.2,crp,2.0539807343146643,2.177260290672947,1.9848470764744317,3.8159204774706064,4.307704287449609,0.7
full_seed42_drift_0p4_noise0p1_s9_a0p3_b0p8,42,drift,0.4,0.1,9,0.3,fpr_owa,1.961041831104768,2.062123865781196,1.8881550475035744,3.2960714615548663,3.640548324190904,0.8
full_seed42_drift_0p4_noise0p1_s9_a0p3_b0p8,42,drift,0.4,0.1,9,0.3,crp,2.0061158907059107,2.139989856754075,1.8881550475035744,3.586381439939188,4.601930591486922,0.8
full_seed42_drift_0p4_noise0p25_s13_a0p2_b0p7,42,drift,0.4,0.25,13,0.2,fpr_owa,1.3667803525306956,1.4689172336261846,1.300519029437425,2.458968369282188,3.4342977437115256,0.7
full_seed42_drift_0p4_noise0p25_s13_a0p2_b0p7,42,drift,0.4,0.25,13,0.2,crp,1.334931148377717,1.4651363644820663,1.1999304618145952,2.338210542333383,4.167817658158246,0.7
full_seed42_drift_0p4_noise0p25_s13_a0p3_b0p8,42,drift,0.4,0.25,13,0.3,fpr_owa,1.4824760191828048,1.6212642542769216,1.35701088173814,2.447772179371352,3.6610475496648536,0.8
full_seed42_drift_0p4_noise0p25_s13_a0p3_b0p8,42,drift,0.4,0.25,13,0.3,crp,1.4628675627831127,1.6381098669913137,1.356801928454526,2.4899087621559723,4.565203490412465,0.8
full_seed42_drift_0p4_noise0p25_s5_a0p2_b0p7,42,drift,0.4,0.25,5,0.2,fpr_owa,1.92292936654754,2.018092930084662,1.7892344819246513,3.144716781025388,3.555349114159853,0.7
full_seed42_drift_0p4_noise0p25_s5_a0p2_b0p7,42,drift,0.4,0.25,5,0.2,crp,1.904611373090652,1.9953348113368887,1.7892344819246513,3.054238467036607,3.555349114159853,0.7
full_seed42_drift_0p4_noise0p25_s5_a0p3_b0p8,42,drift,0.4,0.25,5,0.3,fpr_owa,1.8663101167107845,1.9395459855306816,1.842533562992995,2.6853809243765103,3.131400544807105,0.8
full_seed42_drift_0p4_noise0p25_s5_a0p3_b0p8,42,drift,0.4,0.25,5,0.3,crp,1.8559573506727631,1.9277582218767948,1.8341785698228144,2.6835615411896585,3.131400544807105,0.8
full_seed42_drift_0p4_noise0p25_s9_a0p2_b0p7,42,drift,0.4,0.25,9,0.2,fpr_owa,2.0396148092447794,2.1657855509795185,1.9582519722499356,3.742007669754996,4.280413113542699,0.7
full_seed42_drift_0p4_noise0p25_s9_a0p2_b0p7,42,drift,0.4,0.25,9,0.2,crp,2.028068485210849,2.1504785104583024,1.9582519722499356,3.714375233250255,4.281585102683032,0.7
full_seed42_drift_0p4_noise0p25_s9_a0p3_b0p8,42,drift,0.4,0.25,9,0.3,fpr_owa,1.9586684628892923,2.0584918807345125,1.8989948442802904,3.3087010708978224,3.644836384395149,0.8
full_seed42_drift_0p4_noise0p25_s9_a0p3_b0p8,42,drift,0.4,0.25,9,0.3,crp,1.9991736317180344,2.1320467906654628,1.8935251763520795,3.578367310189398,4.7322824519734485,0.8
full_seed42_drift_0p4_noise0p5_s13_a0p2_b0p7,42,drift,0.4,0.5,13,0.2,fpr_owa,1.4353168199890978,1.547769003982285,1.3505858336668992,2.55277816527753,3.569152593834672,0.7
full_seed42_drift_0p4_noise0p5_s13_a0p2_b0p7,42,drift,0.4,0.5,13,0.2,crp,1.4486326680522528,1.621651781152644,1.2903260174078022,2.9867431265271494,4.151575719285154,0.7
full_seed42_drift_0p4_noise0p5_s13_a0p3_b0p8,42,drift,0.4,0.5,13,0.3,fpr_owa,1.4886599880029157,1.6231450879361904,1.334557410715508,2.584148189952953,3.8899918880168194,0.8
full_seed42_drift_0p4_noise0p5_s13_a0p3_b0p8,42,drift,0.4,0.5,13,0.3,crp,1.538510816849164,1.7354920216552414,1.334557410715508,2.758039612962311,4.606139512619371,0.8
full_seed42_drift_0p4_noise0p5_s5_a0p2_b0p7,42,drift,0.4,0.5,5,0.2,fpr_owa,1.9265080000203347,2.024716422899284,1.867804636116376,3.0868147571690763,3.695986578414569,0.7
full_seed42_drift_0p4_noise0p5_s5_a0p2_b0p7,42,drift,0.4,0.5,5,0.2,crp,1.8892520889471365,1.9814988301863468,1.857658236198175,2.9353265100812687,3.695986578414569,0.7
full_seed42_drift_0p4_noise0p5_s5_a0p3_b0p8,42,drift,0.4,0.5,5,0.3,fpr_owa,1.8827817032179197,1.960421702481156,1.8768362745597988,2.74485948029122,3.562697195774893,0.8
full_seed42_drift_0p4_noise0p5_s5_a0p3_b0p8,42,drift,0.4,0.5,5,0.3,crp,1.86387982286108,1.944043364160718,1.8402710123557071,2.7458106443449037,3.562697195774893,0.8
full_seed42_drift_0p4_noise0p5_s9_a0p2_b0p7,42,drift,0.4,0.5,9,0.2,fpr_owa,2.001017249287769,2.1295032109915795,1.9127847447424964,3.5341330757999296,4.332912279892419,0.7
full_seed42_drift_0p4_noise0p5_s9_a0p2_b0p7,42,drift,0.4,0.5,9,0.2,crp,1.9871058011676248,2.1113643051616924,1.913603008968929,3.4861549762770427,4.38410070419349,0.7
full_seed42_drift_0p4_noise0p5_s9_a0p3_b0p8,42,drift,0.4,0.5,9,0.3,fpr_owa,1.93584788109738,2.0442493807375555,1.8428647933559323,3.2471133417747304,4.015586363398339,0.8
full_seed42_drift_0p4_noise0p5_s9_a0p3_b0p8,42,drift,0.4,0.5,9,0.3,crp,1.9672566948398136,2.1016951592460837,1.832288109022864,3.395975944990498,4.74708247011344,0.8
full_seed42_freeze_0p0_noise0p1_s13_a0p2_b0p7,42,freeze,0.0,0.1,13,0.2,fpr_owa,1.204747239572172,1.2494632978305504,1.1889131152852903,1.6246678019843126,1.7409750298089346,0.7
full_seed42_freeze_0p0_noise0p1_s13_a0p2_b0p7,42,freeze,0.0,0.1,13,0.2,crp,1.204747239572172,1.2494632978305504,1.1889131152852903,1.6246678019843126,1.7409750298089346,0.7
full_seed42_freeze_0p0_noise0p1_s13_a0p3_b0p8,42,freeze,0.0,0.1,13,0.3,fpr_owa,1.4630984710557349,1.53918642759298,1.413795553401175,2.075003842309166,2.180546407161522,0.8
full_seed42_freeze_0p0_noise0p1_s13_a0p3_b0p8,42,freeze,0.0,0.1,13,0.3,crp,1.4630984710557349,1.53918642759298,1.413795553401175,2.075003842309166,2.180546407161522,0.8
full_seed42_freeze_0p0_noise0p1_s5_a0p2_b0p7,42,freeze,0.0,0.1,5,0.2,fpr_owa,1.7659881470137384,1.8341841107834416,1.6422287024709643,2.4841127883853624,2.582175321874684,0.7
full_seed42_freeze_0p0_noise0p1_s5_a0p2_b0p7,42,freeze,0.0,0.1,5,0.2,crp,1.7659881470137384,1.8341841107834416,1.6422287024709643,2.4841127883853624,2.582175321874684,0.7
full_seed42_freeze_0p0_noise0p1_s5_a0p3_b0p8,42,freeze,0.0,0.1,5,0.3,fpr_owa,1.7701030429409303,1.8429993973058765,1.6794693923244517,2.462546527583412,2.5635217374720267,0.8
full_seed42_freeze_0p0_noise0p1_s5_a0p3_b0p8,42,freeze,0.0,0.1,5,0.3,crp,1.7701030429409303,1.8429993973058765,1.6794693923244517,2.462546527583412,2.5635217374720267,0.8
full_seed42_freeze_0p0_noise0p1_s9_a0p2_b0p7,42,freeze,0.0,0.1,9,0.2,fpr_owa,1.7673726147488216,1.820046874004744,1.6165328076382752,2.410040800315646,2.5120531370564776,0.7
full_seed42_freeze_0p0_noise0p1_s9_a0p2_b0p7,42,freeze,0.0,0.1,9,0.2,crp,1.7673726147488216,1.820046874004744,1.6165328076382752,2.410040800315646,2.5120531370564776,0.7
full_seed42_freeze_0p0_noise0p1_s9_a0p3_b0p8,42,freeze,0.0,0.1,9,0.3,fpr_owa,1.7371656879270818,1.8102685437459043,1.5684284081958748,2.4840048378615034,2.6013060237435366,0.8
full_seed42_freeze_0p0_noise0p1_s9_a0p3_b0p8,42,freeze,0.0,0.1,9,0.3,crp,1.7371656879270818,1.8102685437459043,1.5684284081958748,2.4840048378615034,2.6013060237435366,0.8
full_seed42_freeze_0p0_noise0p25_s13_a0p2_b0p7,42,freeze,0.0,0.25,13,0.2,fpr_owa,1.2239519384539213,1.2817026770540818,1.205182468431389,1.760113942280174,2.024275092535646,0.7
full_seed42_freeze_0p0_noise0p25_s13_a0p2_b0p7,42,freeze,0.0,0.25,13,0.2,crp,1.2267448613533811,1.2845444050105337,1.205182468431389,1.7628788463443463,2.024275092535646,0.7
full_seed42_freeze_0p0_noise0p25_s13_a0p3_b0p8,42,freeze,0.0,0.25,13,0.3,fpr_owa,1.4230427131961676,1.5184860649784044,1.3737965524029805,2.155221273762169,2.39418818999486,0.8
full_seed42_freeze_0p0_noise0p25_s13_a0p3_b0p8,42,freeze,0.0,0.25,13,0.3,crp,1.4256942783791824,1.52118744240695,1.3737965524029805,2.1655636090079198,2.39418818999486,0.8
full_seed42_freeze_0p0_noise0p25_s5_a0p2_b0p7,42,freeze,0.0,0.25,5,0.2,fpr_owa,1.7534629815201763,1.8176348178843071,1.6702733419829094,2.498835294561254,2.766426926313108,0.7
full_seed42_freeze_0p0_noise0p25_s5_a0p2_b0p7,42,freeze,0.0,0.25,5,0.2,crp,1.7534629815201763,1.8176348178843071,1.6702733419829094,2.498835294561254,2.766426926313108,0.7
full_seed42_freeze_0p0_noise0p25_s5_a0p3_b0p8,42,freeze,0.0,0.25,5,0.3,fpr_owa,1.7656647976945776,1.8313428892170025,1.736099880157009,2.4929046761809115,2.754470971714729,0.8
full_seed42_freeze_0p0_noise0p25_s5_a0p3_b0p8,42,freeze,0.0,0.25,5,0.3,crp,1.7656647976945776,1.8313428892170025,1.736099880157009,2.4929046761809115,2.754470971714729,0.8
full_seed42_freeze_0p0_noise0p25_s9_a0p2_b0p7,42,freeze,0.0,0.25,9,0.2,fpr_owa,1.7426996887661814,1.8000693487288324,1.6339637308116035,2.423123977132854,2.6593326846511403,0.7
full_seed42_freeze_0p0_noise0p25_s9_a0p2_b0p7,42,freeze,0.0,0.25,9,0.2,crp,1.7426996887661814,1.8000693487288324,1.6339637308116035,2.423123977132854,2.6593326846511403,0.7
full_seed42_freeze_0p0_noise0p25_s9_a0p3_b0p8,42,freeze,0.0,0.25,9,0.3,fpr_owa,1.7265432730010424,1.7937771837860732,1.6347870467410623,2.443306404915865,2.6370559037383408,0.8
full_seed42_freeze_0p0_noise0p25_s9_a0p3_b0p8,42,freeze,0.0,0.25,9,0.3,crp,1.7265432730010424,1.7937771837860732,1.6347870467410623,2.443306404915865,2.6370559037383408,0.8
full_seed42_freeze_0p0_noise0p5_s13_a0p2_b0p7,42,freeze,0.0,0.5,13,0.2,fpr_owa,1.2651689934985595,1.340754609269621,1.2510081640849386,1.9562212874413472,2.5391523953948094,0.7
full_seed42_freeze_0p0_noise0p5_s13_a0p2_b0p7,42,freeze,0.0,0.5,13,0.2,crp,1.3014793643576144,1.3868869711051248,1.2698779980888375,2.113231236140137,2.539785943424528,0.7
full_seed42_freeze_0p0_noise0p5_s13_a0p3_b0p8,42,freeze,0.0,0.5,13,0.3,fpr_owa,1.367046147538045,1.4636488360017177,1.3150144644377917,2.2460766148079334,2.527203313790653,0.8
full_seed42_freeze_0p0_noise0p5_s13_a0p3_b0p8,42,freeze,0.0,0.5,13,0.3,crp,1.3931416715811489,1.4959009176156657,1.3303352733088976,2.259656267779179,2.73154810057501,0.8
full_seed42_freeze_0p0_noise0p5_s5_a0p2_b0p7,42,freeze,0.0,0.5,5,0.2,fpr_owa,1.7663549785759736,1.835242703992113,1.7353897935097486,2.5297316606163123,3.0735129337104823,0.7
full_seed42_freeze_0p0_noise0p5_s5_a0p2_b0p7,42,freeze,0.0,0.5,5,0.2,crp,1.762262891078861,1.8319908599487944,1.7303133373235235,2.5297316606163123,3.0735129337104823,0.7
full_seed42_freeze_0p0_noise0p5_s5_a0p3_b0p8,42,freeze,0.0,0.5,5,0.3,fpr_owa,1.7690730180982104,1.8388569143154083,1.7445279805006293,2.59181469592718,3.1350957762386087,0.8
full_seed42_freeze_0p0_noise0p5_s5_a0p3_b0p8,42,freeze,0.0,0.5,5,0.3,crp,1.7676250831317517,1.8378921924760072,1.741437731089552,2.59181469592718,3.1350957762386087,0.8
full_seed42_freeze_0p0_noise0p5_s9_a0p2_b0p7,42,freeze,0.0,0.5,9,0.2,fpr_owa,1.7166312646319943,1.7837266978711783,1.6667549411243054,2.4252408629733706,2.913077083781724,0.7
full_seed42_freeze_0p0_noise0p5_s9_a0p2_b0p7,42,freeze,0.0,0.5,9,0.2,crp,1.7218968322059898,1.793573691799956,1.6647032396139083,2.480474689679588,2.913077083781724,0.7
full_seed42_freeze_0p0_noise0p5_s9_a0p3_b0p8,42,freeze,0.0,0.5,9,0.3,fpr_owa,1.6986998747237194,1.770390544901288,1.680218113046028,2.473113970704796,2.8112617669113744,0.8
full_seed42_freeze_0p0_noise0p5_s9_a0p3_b0p8,42,freeze,0.0,0.5,9,0.3,crp,1.7075802004854217,1.783654820877225,1.680218113046028,2.497825922124619,2.8612454678249226,0.8
full_seed42_freeze_0p1_noise0p1_s13_a0p2_b0p7,42,freeze,0.1,0.1,13,0.2,fpr_owa,1.20304105256363,1.2471895594354097,1.1851258798099051,1.6219311089034232,1.7020144951340084,0.7
full_seed42_freeze_0p1_noise0p1_s13_a0p2_b0p7,42,freeze,0.1,0.1,13,0.2,crp,1.20304105256363,1.2471895594354097,1.1851258798099051,1.6219311089034232,1.7020144951340084,0.7
full_seed42_freeze_0p1_noise0p1_s13_a0p3_b0p8,42,freeze,0.1,0.1,13,0.3,fpr_owa,1.462160630414129,1.5343959578849549,1.4191788862475376,2.0546655857065703,2.180546407161522,0.8
full_seed42_freeze_0p1_noise0p1_s13_a0p3_b0p8,42,freeze,0.1,0.1,13,0.3,crp,1.462160630414129,1.5343959578849549,1.4191788862475376,2.0546655857065703,2.180546407161522,0.8
full_seed42_freeze_0p1_noise0p1_s5_a0p2_b0p7,42,freeze,0.1,0.1,5,0.2,fpr_owa,1.7659881470137384,1.8341841107834416,1.6422287024709643,2.4841127883853624,2.582175321874684,0.7
full_seed42_freeze_0p1_noise0p1_s5_a0p2_b0p7,42,freeze,0.1,0.1,5,0.2,crp,1.7659881470137384,1.8341841107834416,1.6422287024709643,2.4841127883853624,2.582175321874684,0.7
full_seed42_freeze_0p1_noise0p1_s5_a0p3_b0p8,42,freeze,0.1,0.1,5,0.3,fpr_owa,1.7701030429409303,1.8429993973058765,1.6794693923244517,2.462546527583412,2.5635217374720267,0.8
full_seed42_freeze_0p1_noise0p1_s5_a0p3_b0p8,42,freeze,0.1,0.1,5,0.3,crp,1.7701030429409303,1.8429993973058765,1.6794693923244517,2.462546527583412,2.5635217374720267,0.8
full_seed42_freeze_0p1_noise0p1_s9_a0p2_b0p7,42,freeze,0.1,0.1,9,0.2,fpr_owa,1.741899459642022,1.7922349176581904,1.6165328076382752,2.386594367013171,2.5120531370564776,0.7
full_seed42_freeze_0p1_noise0p1_s9_a0p2_b0p7,42,freeze,0.1,0.1,9,0.2,crp,1.741899459642022,1.7922349176581904,1.6165328076382752,2.386594367013171,2.5120531370564776,0.7
full_seed42_freeze_0p1_noise0p1_s9_a0p3_b0p8,42,freeze,0.1,0.1,9,0.3,fpr_owa,1.7038633481435097,1.7760489741123553,1.538494347797747,2.4477258928356656,2.6013060237435366,0.8
full_seed42_freeze_0p1_noise0p1_s9_a0p3_b0p8,42,freeze,0.1,0.1,9,0.3,crp,1.7038633481435097,1.7760489741123553,1.538494347797747,2.4477258928356656,2.6013060237435366,0.8
full_seed42_freeze_0p1_noise0p25_s13_a0p2_b0p7,42,freeze,0.1,0.25,13,0.2,fpr_owa,1.220398914016133,1.2799417369808723,1.1978771937259451,1.7628788463443463,1.9289683821883656,0.7
full_seed42_freeze_0p1_noise0p25_s13_a0p2_b0p7,42,freeze,0.1,0.25,13,0.2,crp,1.2231502594810018,1.282642297317507,1.1978771937259451,1.7657871457859322,1.984862037660398,0.7
full_seed42_freeze_0p1_noise0p25_s13_a0p3_b0p8,42,freeze,0.1,0.25,13,0.3,fpr_owa,1.4136875009280705,1.5069743724270142,1.359952936165053,2.135778924085896,2.31606989625212,0.8
full_seed42_freeze_0p1_noise0p25_s13_a0p3_b0p8,42,freeze,0.1,0.25,13,0.3,crp,1.41628236635864,1.5095460405294925,1.359952936165053,2.135778924085896,2.348190791859207,0.8
full_seed42_freeze_0p1_noise0p25_s5_a0p2_b0p7,42,freeze,0.1,0.25,5,0.2,fpr_owa,1.7534629815201763,1.8176348178843071,1.6702733419829094,2.498835294561254,2.766426926313108,0.7
full_seed42_freeze_0p1_noise0p25_s5_a0p2_b0p7,42,freeze,0.1,0.25,5,0.2,crp,1.7534629815201763,1.8176348178843071,1.6702733419829094,2.498835294561254,2.766426926313108,0.7
full_seed42_freeze_0p1_noise0p25_s5_a0p3_b0p8,42,freeze,0.1,0.25,5,0.3,fpr_owa,1.7656647976945776,1.8313428892170025,1.736099880157009,2.4929046761809115,2.754470971714729,0.8
full_seed42_freeze_0p1_noise0p25_s5_a0p3_b0p8,42,freeze,0.1,0.25,5,0.3,crp,1.7656647976945776,1.8313428892170025,1.736099880157009,2.4929046761809115,2.754470971714729,0.8
full_seed42_freeze_0p1_noise0p25_s9_a0p2_b0p7,42,freeze,0.1,0.25,9,0.2,fpr_owa,1.7173279732273854,1.775064038973638,1.6084015860729963,2.389449567153002,2.6593326846511403,0.7
full_seed42_freeze_0p1_noise0p25_s9_a0p2_b0p7,42,freeze,0.1,0.25,9,0.2,crp,1.7173279732273854,1.775064038973638,1.6084015860729963,2.389449567153002,2.6593326846511403,0.7
full_seed42_freeze_0p1_noise0p25_s9_a0p3_b0p8,42,freeze,0.1,0.25,9,0.3,fpr_owa,1.6921494283626104,1.7610059408959968,1.610010453512609,2.4413934608501418,2.6370559037383408,0.8
full_seed42_freeze_0p1_noise0p25_s9_a0p3_b0p8,42,freeze,0.1,0.25,9,0.3,crp,1.6921494283626104,1.7610059408959968,1.610010453512609,2.4413934608501418,2.6370559037383408,0.8
full_seed42_freeze_0p1_noise0p5_s13_a0p2_b0p7,42,freeze,0.1,0.5,13,0.2,fpr_owa,1.2486272948216035,1.3240516746704314,1.2358488337143674,1.949382408914542,2.458630239121013,0.7
full_seed42_freeze_0p1_noise0p5_s13_a0p2_b0p7,42,freeze,0.1,0.5,13,0.2,crp,1.2820838345635623,1.3678567220807334,1.2680358570950283,2.098749479776408,2.539785943424528,0.7
full_seed42_freeze_0p1_noise0p5_s13_a0p3_b0p8,42,freeze,0.1,0.5,13,0.3,fpr_owa,1.342445115234363,1.4379279791045896,1.28540916674761,2.186247841675079,2.487182695732886,0.8
full_seed42_freeze_0p1_noise0p5_s13_a0p3_b0p8,42,freeze,0.1,0.5,13,0.3,crp,1.3702797880207596,1.4702053601774354,1.325879378880895,2.1842024359788312,2.73154810057501,0.8
full_seed42_freeze_0p1_noise0p5_s5_a0p2_b0p7,42,freeze,0.1,0.5,5,0.2,fpr_owa,1.7663549785759736,1.835242703992113,1.7353897935097486,2.5297316606163123,3.0735129337104823,0.7
full_seed42_freeze_0p1_noise0p5_s5_a0p2_b0p7,42,freeze,0.1,0.5,5,0.2,crp,1.762262891078861,1.8319908599487944,1.7303133373235235,2.5297316606163123,3.0735129337104823,0.7
full_seed42_freeze_0p1_noise0p5_s5_a0p3_b0p8,42,freeze,0.1,0.5,5,0.3,fpr_owa,1.7690730180982104,1.8388569143154083,1.7445279805006293,2.59181469592718,3.1350957762386087,0.8
full_seed42_freeze_0p1_noise0p5_s5_a0p3_b0p8,42,freeze,0.1,0.5,5,0.3,crp,1.7676250831317517,1.8378921924760072,1.741437731089552,2.59181469592718,3.1350957762386087,0.8
full_seed42_freeze_0p1_noise0p5_s9_a0p2_b0p7,42,freeze,0.1,0.5,9,0.2,fpr_owa,1.687079539907822,1.7557234944013569,1.653847352288372,2.4597822589094207,2.913077083781724,0.7
full_seed42_freeze_0p1_noise0p5_s9_a0p2_b0p7,42,freeze,0.1,0.5,9,0.2,crp,1.6918973026326332,1.764961957815634,1.643575072630756,2.4739934731273023,2.913077083781724,0.7
full_seed42_freeze_0p1_noise0p5_s9_a0p3_b0p8,42,freeze,0.1,0.5,9,0.3,fpr_owa,1.6609949583521917,1.7344285803932675,1.6440313495631256,2.453725933481848,2.8112617669113744,0.8
full_seed42_freeze_0p1_noise0p5_s9_a0p3_b0p8,42,freeze,0.1,0.5,9,0.3,crp,1.671261072232917,1.749887547917237,1.6412625826535416,2.4972554836910867,2.8612454678249226,0.8
full_seed42_freeze_0p2_noise0p1_s13_a0p2_b0p7,42,freeze,0.2,0.1,13,0.2,fpr_owa,1.2351399883156975,1.2725139419887417,1.2329465025147417,1.6197577656048396,1.7195654939352074,0.7
full_seed42_freeze_0p2_noise0p1_s13_a0p2_b0p7,42,freeze,0.2,0.1,13,0.2,crp,1.2351399883156975,1.2725139419887417,1.2329465025147417,1.6197577656048396,1.7195654939352074,0.7
full_seed42_freeze_0p2_noise0p1_s13_a0p3_b0p8,42,freeze,0.2,0.1,13,0.3,fpr_owa,1.5047243795067426,1.5703756036600196,1.4925546887706216,2.056017312555251,2.186563912915456,0.8
full_seed42_freeze_0p2_noise0p1_s13_a0p3_b0p8,42,freeze,0.2,0.1,13,0.3,crp,1.5047243795067426,1.5703756036600196,1.4925546887706216,2.056017312555251,2.186563912915456,0.8
full_seed42_freeze_0p2_noise0p1_s5_a0p2_b0p7,42,freeze,0.2,0.1,5,0.2,fpr_owa,1.7152210326243602,1.7850475544372,1.611925717489406,2.4679181478643257,2.582175321874684,0.7
full_seed42_freeze_0p2_noise0p1_s5_a0p2_b0p7,42,freeze,0.2,0.1,5,0.2,crp,1.7152210326243602,1.7850475544372,1.611925717489406,2.4679181478643257,2.582175321874684,0.7
full_seed42_freeze_0p2_noise0p1_s5_a0p3_b0p8,42,freeze,0.2,0.1,5,0.3,fpr_owa,1.7034678701445132,1.7792789617648972,1.6007536826364723,2.459416569959892,2.5635217374720267,0.8
full_seed42_freeze_0p2_noise0p1_s5_a0p3_b0p8,42,freeze,0.2,0.1,5,0.3,crp,1.7034678701445132,1.7792789617648972,1.6007536826364723,2.459416569959892,2.5635217374720267,0.8
full_seed42_freeze_0p2_noise0p1_s9_a0p2_b0p7,42,freeze,0.2,0.1,9,0.2,fpr_owa,1.7650390696673883,1.814026006958774,1.6789038880736389,2.400422972309749,2.523715867220357,0.7
full_seed42_freeze_0p2_noise0p1_s9_a0p2_b0p7,42,freeze,0.2,0.1,9,0.2,crp,1.7650390696673883,1.814026006958774,1.6789038880736389,2.400422972309749,2.523715867220357,0.7
full_seed42_freeze_0p2_noise0p1_s9_a0p3_b0p8,42,freeze,0.2,0.1,9,0.3,fpr_owa,1.7379236545241925,1.809116081451765,1.5987916282903638,2.451837753091523,2.6013060237435366,0.8
full_seed42_freeze_0p2_noise0p1_s9_a0p3_b0p8,42,freeze,0.2,0.1,9,0.3,crp,1.7379236545241925,1.809116081451765,1.5987916282903638,2.451837753091523,2.6013060237435366,0.8
full_seed42_freeze_0p2_noise0p25_s13_a0p2_b0p7,42,freeze,0.2,0.25,13,0.2,fpr_owa,1.2447504526855095,1.3000005624941788,1.2519392713205284,1.7662556902279771,1.9541754444181163,0.7
full_seed42_freeze_0p2_noise0p25_s13_a0p2_b0p7,42,freeze,0.2,0.25,13,0.2,crp,1.2473376991346226,1.3024792441477149,1.2519392713205284,1.7811852061741875,1.963165410973564,0.7
full_seed42_freeze_0p2_noise0p25_s13_a0p3_b0p8,42,freeze,0.2,0.25,13,0.3,fpr_owa,1.453882202584157,1.5423213637666624,1.4270018587198292,2.1504541006344886,2.31606989625212,0.8
full_seed42_freeze_0p2_noise0p25_s13_a0p3_b0p8,42,freeze,0.2,0.25,13,0.3,crp,1.456248693224805,1.5445452225966383,1.4270018587198292,2.153254088825107,2.31606989625212,0.8
full_seed42_freeze_0p2_noise0p25_s5_a0p2_b0p7,42,freeze,0.2,0.25,5,0.2,fpr_owa,1.7126404030166062,1.7796903137406046,1.6597645140031267,2.4981744566655126,2.766426926313108,0.7
full_seed42_freeze_0p2_noise0p25_s5_a0p2_b0p7,42,freeze,0.2,0.25,5,0.2,crp,1.7126404030166062,1.7796903137406046,1.6597645140031267,2.4981744566655126,2.766426926313108,0.7
full_seed42_freeze_0p2_noise0p25_s5_a0p3_b0p8,42,freeze,0.2,0.25,5,0.3,fpr_owa,1.704998440226847,1.7753826688777463,1.6259000904734893,2.4875852266616647,2.685218321137698,0.8
full_seed42_freeze_0p2_noise0p25_s5_a0p3_b0p8,42,freeze,0.2,0.25,5,0.3,crp,1.704998440226847,1.7753826688777463,1.6259000904734893,2.4875852266616647,2.685218321137698,0.8
full_seed42_freeze_0p2_noise0p25_s9_a0p2_b0p7,42,freeze,0.2,0.25,9,0.2,fpr_owa,1.7366243797864436,1.7933110864424076,1.6339637308116035,2.389449567153002,2.6593326846511403,0.7
full_seed42_freeze_0p2_noise0p25_s9_a0p2_b0p7,42,freeze,0.2,0.25,9,0.2,crp,1.7366243797864436,1.7933110864424076,1.6339637308116035,2.389449567153002,2.6593326846511403,0.7
full_seed42_freeze_0p2_noise0p25_s9_a0p3_b0p8,42,freeze,0.2,0.25,9,0.3,fpr_owa,1.7127704250757907,1.7817828725361688,1.629274136864614,2.448192953216645,2.6370559037383408,0.8
full_seed42_freeze_0p2_noise0p25_s9_a0p3_b0p8,42,freeze,0.2,0.25,9,0.3,crp,1.7127704250757907,1.7817828725361688,1.629274136864614,2.448192953216645,2.6370559037383408,0.8
full_seed42_freeze_0p2_noise0p5_s13_a0p2_b0p7,42,freeze,0.2,0.5,13,0.2,fpr_owa,1.276896118219294,1.3497033632157738,1.2630539040967008,1.9542003302928408,2.5437059112954032,0.7
full_seed42_freeze_0p2_noise0p5_s13_a0p2_b0p7,42,freeze,0.2,0.5,13,0.2,crp,1.3071364248353043,1.3888668679271488,1.2698779980888375,2.0862041344388533,2.539785943424528,0.7
full_seed42_freeze_0p2_noise0p5_s13_a0p3_b0p8,42,freeze,0.2,0.5,13,0.3,fpr_owa,1.377646308811767,1.473666639838981,1.3303352733088976,2.2612656709301397,2.487182695732886,0.8
full_seed42_freeze_0p2_noise0p5_s13_a0p3_b0p8,42,freeze,0.2,0.5,13,0.3,crp,1.402085179015035,1.5011440991347005,1.3522242275188294,2.218103666814961,2.73154810057501,0.8
full_seed42_freeze_0p2_noise0p5_s5_a0p2_b0p7,42,freeze,0.2,0.5,5,0.2,fpr_owa,1.7296992942915053,1.80620113232798,1.699725781424872,2.634048472173837,3.0735129337104823,0.7
full_seed42_freeze_0p2_noise0p5_s5_a0p2_b0p7,42,freeze,0.2,0.5,5,0.2,crp,1.7249677779482446,1.802775084595981,1.6854102433883753,2.634048472173837,3.0735129337104823,0.7
full_seed42_freeze_0p2_noise0p5_s5_a0p3_b0p8,42,freeze,0.2,0.5,5,0.3,fpr_owa,1.7268092073940866,1.8024824726578192,1.7055637088772222,2.582454824168841,2.9109709113042843,0.8
full_seed42_freeze_0p2_noise0p5_s5_a0p3_b0p8,42,freeze,0.2,0.5,5,0.3,crp,1.7239882057219151,1.8002366547761828,1.6850617104915604,2.582454824168841,2.9109709113042843,0.8
full_seed42_freeze_0p2_noise0p5_s9_a0p2_b0p7,42,freeze,0.2,0.5,9,0.2,fpr_owa,1.7039513081193158,1.7720958251809285,1.690175511192434,2.4725184298892184,2.913077083781724,0.7
full_seed42_freeze_0p2_noise0p5_s9_a0p2_b0p7,42,freeze,0.2,0.5,9,0.2,crp,1.7094874192360097,1.7824730449269093,1.67305115361839,2.47892998483212,2.913077083781724,0.7
full_seed42_freeze_0p2_noise0p5_s9_a0p3_b0p8,42,freeze,0.2,0.5,9,0.3,fpr_owa,1.6796840269336788,1.75238463116373,1.6718464600551537,2.4614416196242277,2.8112617669113744,0.8
full_seed42_freeze_0p2_noise0p5_s9_a0p3_b0p8,42,freeze,0.2,0.5,9,0.3,crp,1.6907102357606705,1.7687077803818865,1.6718464600551537,2.4972554836910867,2.8612454678249226,0.8
full_seed42_freeze_0p3_noise0p1_s13_a0p2_b0p7,42,freeze,0.3,0.1,13,0.2,fpr_owa,1.2354585194957248,1.2710622665572444,1.2271866883499865,1.6181116476327868,1.7128242099819584,0.7
full_seed42_freeze_0p3_noise0p1_s13_a0p2_b0p7,42,freeze,0.3,0.1,13,0.2,crp,1.2354585194957248,1.2710622665572444,1.2271866883499865,1.6181116476327868,1.7128242099819584,0.7
full_seed42_freeze_0p3_noise0p1_s13_a0p3_b0p8,42,freeze,0.3,0.1,13,0.3,fpr_owa,1.5076264473319705,1.5684418023348732,1.4971545731770877,2.0696916759814057,2.180546407161522,0.8
full_seed42_freeze_0p3_noise0p1_s13_a0p3_b0p8,42,freeze,0.3,0.1,13,0.3,crp,1.5076264473319705,1.5684418023348732,1.4971545731770877,2.0696916759814057,2.180546407161522,0.8
full_seed42_freeze_0p3_noise0p1_s5_a0p2_b0p7,42,freeze,0.3,0.1,5,0.2,fpr_owa,1.763456609068355,1.828889285420985,1.6485284307600114,2.499426788013438,2.582175321874684,0.7
full_seed42_freeze_0p3_noise0p1_s5_a0p2_b0p7,42,freeze,0.3,0.1,5,0.2,crp,1.763456609068355,1.828889285420985,1.6485284307600114,2.499426788013438,2.582175321874684,0.7
full_seed42_freeze_0p3_noise0p1_s5_a0p3_b0p8,42,freeze,0.3,0.1,5,0.3,fpr_owa,1.757605064024385,1.8306270908021471,1.684326554326963,2.490611232746156,2.5635217374720267,0.8
full_seed42_freeze_0p3_noise0p1_s5_a0p3_b0p8,42,freeze,0.3,0.1,5,0.3,crp,1.757605064024385,1.8306270908021471,1.684326554326963,2.490611232746156,2.5635217374720267,0.8
full_seed42_freeze_0p3_noise0p1_s9_a0p2_b0p7,42,freeze,0.3,0.1,9,0.2,fpr_owa,1.7757859274550851,1.823453775477223,1.693238520909104,2.40501948270682,2.5271535021537885,0.7
full_seed42_freeze_0p3_noise0p1_s9_a0p2_b0p7,42,freeze,0.3,0.1,9,0.2,crp,1.7757859274550851,1.823453775477223,1.693238520909104,2.40501948270682,2.5271535021537885,0.7
full_seed42_freeze_0p3_noise0p1_s9_a0p3_b0p8,42,freeze,0.3,0.1,9,0.3,fpr_owa,1.7631349085977708,1.8296141092568985,1.6825740998780156,2.4694421850473574,2.6013060237435366,0.8
full_seed42_freeze_0p3_noise0p1_s9_a0p3_b0p8,42,freeze,0.3,0.1,9,0.3,crp,1.7631349085977708,1.8296141092568985,1.6825740998780156,2.4694421850473574,2.6013060237435366,0.8
full_seed42_freeze_0p3_noise0p25_s13_a0p2_b0p7,42,freeze,0.3,0.25,13,0.2,fpr_owa,1.24209023549547,1.295556147834888,1.2603272285199054,1.7613410472789253,1.9541754444181163,0.7
full_seed42_freeze_0p3_noise0p25_s13_a0p2_b0p7,42,freeze,0.3,0.25,13,0.2,crp,1.2445935309502214,1.2978754840469868,1.2603272285199054,1.7807839830830785,1.9541754444181163,0.7
full_seed42_freeze_0p3_noise0p25_s13_a0p3_b0p8,42,freeze,0.3,0.25,13,0.3,fpr_owa,1.4468473000525637,1.533363170281708,1.4242816536791714,2.130412651450308,2.31606989625212,0.8
full_seed42_freeze_0p3_noise0p25_s13_a0p3_b0p8,42,freeze,0.3,0.25,13,0.3,crp,1.4492852731502974,1.535641289044404,1.4242816536791714,2.150399837882504,2.31606989625212,0.8
full_seed42_freeze_0p3_noise0p25_s5_a0p2_b0p7,42,freeze,0.3,0.25,5,0.2,fpr_owa,1.7484880027101914,1.812415592727752,1.6741286657229892,2.5161511475790648,2.766426926313108,0.7
full_seed42_freeze_0p3_noise0p25_s5_a0p2_b0p7,42,freeze,0.3,0.25,5,0.2,crp,1.7484880027101914,1.812415592727752,1.6741286657229892,2.5161511475790648,2.766426926313108,0.7
full_seed42_freeze_0p3_noise0p25_s5_a0p3_b0p8,42,freeze,0.3,0.25,5,0.3,fpr_owa,1.7460584326931168,1.8150029166941557,1.6592860773349007,2.5054429131625677,2.685218321137698,0.8
full_seed42_freeze_0p3_noise0p25_s5_a0p3_b0p8,42,freeze,0.3,0.25,5,0.3,crp,1.7460584326931168,1.8150029166941557,1.6592860773349007,2.5054429131625677,2.685218321137698,0.8
full_seed42_freeze_0p3_noise0p25_s9_a0p2_b0p7,42,freeze,0.3,0.25,9,0.2,fpr_owa,1.7542897269506177,1.8077714037754564,1.6640104182157645,2.4106808178707886,2.6593326846511403,0.7
full_seed42_freeze_0p3_noise0p25_s9_a0p2_b0p7,42,freeze,0.3,0.25,9,0.2,crp,1.7542897269506177,1.8077714037754564,1.6640104182157645,2.4106808178707886,2.6593326846511403,0.7
full_seed42_freeze_0p3_noise0p25_s9_a0p3_b0p8,42,freeze,0.3,0.25,9,0.3,fpr_owa,1.7362558032560858,1.800576470974778,1.646565492972604,2.451714906738192,2.667567523810951,0.8
full_seed42_freeze_0p3_noise0p25_s9_a0p3_b0p8,42,freeze,0.3,0.25,9,0.3,crp,1.7362558032560858,1.800576470974778,1.646565492972604,2.451714906738192,2.667567523810951,0.8
full_seed42_freeze_0p3_noise0p5_s13_a0p2_b0p7,42,freeze,0.3,0.5,13,0.2,fpr_owa,1.2699669588115252,1.339548071468667,1.247341730181558,1.9311306775058037,2.444616446000744,0.7
full_seed42_freeze_0p3_noise0p5_s13_a0p2_b0p7,42,freeze,0.3,0.5,13,0.2,crp,1.3013836954231062,1.3797341982480311,1.2715920795003046,2.069039768460151,2.539785943424528,0.7
full_seed42_freeze_0p3_noise0p5_s13_a0p3_b0p8,42,freeze,0.3,0.5,13,0.3,fpr_owa,1.3770383426193622,1.4687029744615343,1.3409186488957288,2.246829829979956,2.487182695732886,0.8
full_seed42_freeze_0p3_noise0p5_s13_a0p3_b0p8,42,freeze,0.3,0.5,13,0.3,crp,1.4067700240436902,1.503818339834239,1.3633287944306205,2.211691136263415,2.73154810057501,0.8
full_seed42_freeze_0p3_noise0p5_s5_a0p2_b0p7,42,freeze,0.3,0.5,5,0.2,fpr_owa,1.745576378596705,1.8209251958911368,1.7025250012704167,2.6161517002067014,3.0735129337104823,0.7
full_seed42_freeze_0p3_noise0p5_s5_a0p2_b0p7,42,freeze,0.3,0.5,5,0.2,crp,1.7426302917241288,1.8193829746412025,1.699725781424872,2.6161517002067014,3.0735129337104823,0.7
full_seed42_freeze_0p3_noise0p5_s5_a0p3_b0p8,42,freeze,0.3,0.5,5,0.3,fpr_owa,1.752838887178254,1.828950067474341,1.7195251604423718,2.646551501188504,2.9109709113042843,0.8
full_seed42_freeze_0p3_noise0p5_s5_a0p3_b0p8,42,freeze,0.3,0.5,5,0.3,crp,1.75129397865792,1.8280108221845808,1.7195251604423718,2.646551501188504,2.9109709113042843,0.8
full_seed42_freeze_0p3_noise0p5_s9_a0p2_b0p7,42,freeze,0.3,0.5,9,0.2,fpr_owa,1.7265221011394445,1.790175947877531,1.6861094874032465,2.4725184298892184,2.913077083781724,0.7
full_seed42_freeze_0p3_noise0p5_s9_a0p2_b0p7,42,freeze,0.3,0.5,9,0.2,crp,1.7297985655640948,1.7976165682040244,1.680884385450979,2.47892998483212,2.913077083781724,0.7
full_seed42_freeze_0p3_noise0p5_s9_a0p3_b0p8,42,freeze,0.3,0.5,9,0.3,fpr_owa,1.7045773406739153,1.7712710351797316,1.686744826418055,2.476194183069784,2.8112617669113744,0.8
full_seed42_freeze_0p3_noise0p5_s9_a0p3_b0p8,42,freeze,0.3,0.5,9,0.3,crp,1.7127926965588722,1.7845369934557649,1.686744826418055,2.5316790443162884,2.8612454678249226,0.8
full_seed42_freeze_0p4_noise0p1_s13_a0p2_b0p7,42,freeze,0.4,0.1,13,0.2,fpr_owa,1.2257598452416427,1.2627262361840077,1.2193570885851734,1.6181116476327868,1.7128242099819584,0.7
full_seed42_freeze_0p4_noise0p1_s13_a0p2_b0p7,42,freeze,0.4,0.1,13,0.2,crp,1.2257598452416427,1.2627262361840077,1.2193570885851734,1.6181116476327868,1.7128242099819584,0.7
full_seed42_freeze_0p4_noise0p1_s13_a0p3_b0p8,42,freeze,0.4,0.1,13,0.3,fpr_owa,1.48642385224964,1.550339733517498,1.4917827273954716,2.0529890755565203,2.180546407161522,0.8
full_seed42_freeze_0p4_noise0p1_s13_a0p3_b0p8,42,freeze,0.4,0.1,13,0.3,crp,1.48642385224964,1.550339733517498,1.4917827273954716,2.0529890755565203,2.180546407161522,0.8
full_seed42_freeze_0p4_noise0p1_s5_a0p2_b0p7,42,freeze,0.4,0.1,5,0.2,fpr_owa,1.763456609068355,1.828889285420985,1.6485284307600114,2.499426788013438,2.582175321874684,0.7
full_seed42_freeze_0p4_noise0p1_s5_a0p2_b0p7,42,freeze,0.4,0.1,5,0.2,crp,1.763456609068355,1.828889285420985,1.6485284307600114,2.499426788013438,2.582175321874684,0.7
full_seed42_freeze_0p4_noise0p1_s5_a0p3_b0p8,42,freeze,0.4,0.1,5,0.3,fpr_owa,1.757605064024385,1.8306270908021471,1.684326554326963,2.490611232746156,2.5635217374720267,0.8
full_seed42_freeze_0p4_noise0p1_s5_a0p3_b0p8,42,freeze,0.4,0.1,5,0.3,crp,1.757605064024385,1.8306270908021471,1.684326554326963,2.490611232746156,2.5635217374720267,0.8
full_seed42_freeze_0p4_noise0p1_s9_a0p2_b0p7,42,freeze,0.4,0.1,9,0.2,fpr_owa,1.77457866442866,1.8211239303915847,1.6771055466742408,2.400422972309749,2.5120531370564776,0.7
full_seed42_freeze_0p4_noise0p1_s9_a0p2_b0p7,42,freeze,0.4,0.1,9,0.2,crp,1.77457866442866,1.8211239303915847,1.6771055466742408,2.400422972309749,2.5120531370564776,0.7
full_seed42_freeze_0p4_noise0p1_s9_a0p3_b0p8,42,freeze,0.4,0.1,9,0.3,fpr_owa,1.7612159231063318,1.823220147185931,1.7087667936207327,2.4519267302793635,2.6013060237435366,0.8
full_seed42_freeze_0p4_noise0p1_s9_a0p3_b0p8,42,freeze,0.4,0.1,9,0.3,crp,1.7612159231063318,1.823220147185931,1.7087667936207327,2.4519267302793635,2.6013060237435366,0.8
full_seed42_freeze_0p4_noise0p25_s13_a0p2_b0p7,42,freeze,0.4,0.25,13,0.2,fpr_owa,1.2264112857599403,1.28147303051187,1.230631861014126,1.7491741225581738,1.9464085363610444,0.7
full_seed42_freeze_0p4_noise0p25_s13_a0p2_b0p7,42,freeze,0.4,0.25,13,0.2,crp,1.229011766817055,1.283778409108496,1.2346006909439748,1.749955138627379,1.9464085363610444,0.7
full_seed42_freeze_0p4_noise0p25_s13_a0p3_b0p8,42,freeze,0.4,0.25,13,0.3,fpr_owa,1.4280189729200514,1.5121224436334193,1.4275622549953,2.109472384500516,2.31606989625212,0.8
full_seed42_freeze_0p4_noise0p25_s13_a0p3_b0p8,42,freeze,0.4,0.25,13,0.3,crp,1.4304813416329691,1.5143575695410303,1.4275622549953,2.11050539339648,2.31606989625212,0.8
full_seed42_freeze_0p4_noise0p25_s5_a0p2_b0p7,42,freeze,0.4,0.25,5,0.2,fpr_owa,1.7484880027101914,1.812415592727752,1.6741286657229892,2.5161511475790648,2.766426926313108,0.7
full_seed42_freeze_0p4_noise0p25_s5_a0p2_b0p7,42,freeze,0.4,0.25,5,0.2,crp,1.7484880027101914,1.812415592727752,1.6741286657229892,2.5161511475790648,2.766426926313108,0.7
full_seed42_freeze_0p4_noise0p25_s5_a0p3_b0p8,42,freeze,0.4,0.25,5,0.3,fpr_owa,1.7460584326931168,1.8150029166941557,1.6592860773349007,2.5054429131625677,2.685218321137698,0.8
full_seed42_freeze_0p4_noise0p25_s5_a0p3_b0p8,42,freeze,0.4,0.25,5,0.3,crp,1.7460584326931168,1.8150029166941557,1.6592860773349007,2.5054429131625677,2.685218321137698,0.8
full_seed42_freeze_0p4_noise0p25_s9_a0p2_b0p7,42,freeze,0.4,0.25,9,0.2,fpr_owa,1.750016516562974,1.8020238241789064,1.655956064031176,2.3989464774550373,2.6593326846511403,0.7
full_seed42_freeze_0p4_noise0p25_s9_a0p2_b0p7,42,freeze,0.4,0.25,9,0.2,crp,1.750016516562974,1.8020238241789064,1.655956064031176,2.3989464774550373,2.6593326846511403,0.7
full_seed42_freeze_0p4_noise0p25_s9_a0p3_b0p8,42,freeze,0.4,0.25,9,0.3,fpr_owa,1.730342787543416,1.7911407935643238,1.694414153587208,2.448192953216645,2.6987090562153817,0.8
full_seed42_freeze_0p4_noise0p25_s9_a0p3_b0p8,42,freeze,0.4,0.25,9,0.3,crp,1.730342787543416,1.7911407935643238,1.694414153587208,2.448192953216645,2.6987090562153817,0.8
full_seed42_freeze_0p4_noise0p5_s13_a0p2_b0p7,42,freeze,0.4,0.5,13,0.2,fpr_owa,1.245268058331569,1.3150217954061714,1.2231964551549963,1.920180770147952,2.442727175933099,0.7
full_seed42_freeze_0p4_noise0p5_s13_a0p2_b0p7,42,freeze,0.4,0.5,13,0.2,crp,1.274212830756053,1.351418423853387,1.2511558244778107,2.0614668589227594,2.539785943424528,0.7
full_seed42_freeze_0p4_noise0p5_s13_a0p3_b0p8,42,freeze,0.4,0.5,13,0.3,fpr_owa,1.3504283376005006,1.43438669679767,1.3150144644377917,2.1844901874707205,2.487182695732886,0.8
full_seed42_freeze_0p4_noise0p5_s13_a0p3_b0p8,42,freeze,0.4,0.5,13,0.3,crp,1.386080026908033,1.4754674546121058,1.3409045847859236,2.181541770778211,2.73154810057501,0.8
full_seed42_freeze_0p4_noise0p5_s5_a0p2_b0p7,42,freeze,0.4,0.5,5,0.2,fpr_owa,1.745576378596705,1.8209251958911368,1.7025250012704167,2.6161517002067014,3.0735129337104823,0.7
full_seed42_freeze_0p4_noise0p5_s5_a0p2_b0p7,42,freeze,0.4,0.5,5,0.2,crp,1.7426302917241288,1.8193829746412025,1.699725781424872,2.6161517002067014,3.0735129337104823,0.7
full_seed42_freeze_0p4_noise0p5_s5_a0p3_b0p8,42,freeze,0.4,0.5,5,0.3,fpr_owa,1.752838887178254,1.828950067474341,1.7195251604423718,2.646551501188504,2.9109709113042843,0.8
full_seed42_freeze_0p4_noise0p5_s5_a0p3_b0p8,42,freeze,0.4,0.5,5,0.3,crp,1.75129397865792,1.8280108221845808,1.7195251604423718,2.646551501188504,2.9109709113042843,0.8
full_seed42_freeze_0p4_noise0p5_s9_a0p2_b0p7,42,freeze,0.4,0.5,9,0.2,fpr_owa,1.718076726076745,1.7823504835914752,1.6807463877301925,2.4793117684997004,2.913077083781724,0.7
full_seed42_freeze_0p4_noise0p5_s9_a0p2_b0p7,42,freeze,0.4,0.5,9,0.2,crp,1.7221285614585915,1.7897185088278815,1.6610498065852526,2.4793117684997004,2.913077083781724,0.7
full_seed42_freeze_0p4_noise0p5_s9_a0p3_b0p8,42,freeze,0.4,0.5,9,0.3,fpr_owa,1.6969314748555349,1.7640504293858197,1.686744826418055,2.472132384834746,2.8576859683652214,0.8
full_seed42_freeze_0p4_noise0p5_s9_a0p3_b0p8,42,freeze,0.4,0.5,9,0.3,crp,1.708093746065929,1.7788243903428886,1.6869217948845616,2.490171552244004,2.8612454678249226,0.8
full_seed42_mixed_0p0_noise0p1_s13_a0p2_b0p7,42,mixed,0.0,0.1,13,0.2,fpr_owa,1.204747239572172,1.2494632978305504,1.1889131152852903,1.6246678019843126,1.7409750298089346,0.7
full_seed42_mixed_0p0_noise0p1_s13_a0p2_b0p7,42,mixed,0.0,0.1,13,0.2,crp,1.204747239572172,1.2494632978305504,1.1889131152852903,1.6246678019843126,1.7409750298089346,0.7
full_seed42_mixed_0p0_noise0p1_s13_a0p3_b0p8,42,mixed,0.0,0.1,13,0.3,fpr_owa,1.4630984710557349,1.53918642759298,1.413795553401175,2.075003842309166,2.180546407161522,0.8
full_seed42_mixed_0p0_noise0p1_s13_a0p3_b0p8,42,mixed,0.0,0.1,13,0.3,crp,1.4630984710557349,1.53918642759298,1.413795553401175,2.075003842309166,2.180546407161522,0.8
full_seed42_mixed_0p0_noise0p1_s5_a0p2_b0p7,42,mixed,0.0,0.1,5,0.2,fpr_owa,1.7659881470137384,1.8341841107834416,1.6422287024709643,2.4841127883853624,2.582175321874684,0.7
full_seed42_mixed_0p0_noise0p1_s5_a0p2_b0p7,42,mixed,0.0,0.1,5,0.2,crp,1.7659881470137384,1.8341841107834416,1.6422287024709643,2.4841127883853624,2.582175321874684,0.7
full_seed42_mixed_0p0_noise0p1_s5_a0p3_b0p8,42,mixed,0.0,0.1,5,0.3,fpr_owa,1.7701030429409303,1.8429993973058765,1.6794693923244517,2.462546527583412,2.5635217374720267,0.8
full_seed42_mixed_0p0_noise0p1_s5_a0p3_b0p8,42,mixed,0.0,0.1,5,0.3,crp,1.7701030429409303,1.8429993973058765,1.6794693923244517,2.462546527583412,2.5635217374720267,0.8
full_seed42_mixed_0p0_noise0p1_s9_a0p2_b0p7,42,mixed,0.0,0.1,9,0.2,fpr_owa,1.7673726147488216,1.820046874004744,1.6165328076382752,2.410040800315646,2.5120531370564776,0.7
full_seed42_mixed_0p0_noise0p1_s9_a0p2_b0p7,42,mixed,0.0,0.1,9,0.2,crp,1.7673726147488216,1.820046874004744,1.6165328076382752,2.410040800315646,2.5120531370564776,0.7
full_seed42_mixed_0p0_noise0p1_s9_a0p3_b0p8,42,mixed,0.0,0.1,9,0.3,fpr_owa,1.7371656879270818,1.8102685437459043,1.5684284081958748,2.4840048378615034,2.6013060237435366,0.8
full_seed42_mixed_0p0_noise0p1_s9_a0p3_b0p8,42,mixed,0.0,0.1,9,0.3,crp,1.7371656879270818,1.8102685437459043,1.5684284081958748,2.4840048378615034,2.6013060237435366,0.8
full_seed42_mixed_0p0_noise0p25_s13_a0p2_b0p7,42,mixed,0.0,0.25,13,0.2,fpr_owa,1.2239519384539213,1.2817026770540818,1.205182468431389,1.760113942280174,2.024275092535646,0.7
full_seed42_mixed_0p0_noise0p25_s13_a0p2_b0p7,42,mixed,0.0,0.25,13,0.2,crp,1.2267448613533811,1.2845444050105337,1.205182468431389,1.7628788463443463,2.024275092535646,0.7
full_seed42_mixed_0p0_noise0p25_s13_a0p3_b0p8,42,mixed,0.0,0.25,13,0.3,fpr_owa,1.4230427131961676,1.5184860649784044,1.3737965524029805,2.155221273762169,2.39418818999486,0.8
full_seed42_mixed_0p0_noise0p25_s13_a0p3_b0p8,42,mixed,0.0,0.25,13,0.3,crp,1.4256942783791824,1.52118744240695,1.3737965524029805,2.1655636090079198,2.39418818999486,0.8
full_seed42_mixed_0p0_noise0p25_s5_a0p2_b0p7,42,mixed,0.0,0.25,5,0.2,fpr_owa,1.7534629815201763,1.8176348178843071,1.6702733419829094,2.498835294561254,2.766426926313108,0.7
full_seed42_mixed_0p0_noise0p25_s5_a0p2_b0p7,42,mixed,0.0,0.25,5,0.2,crp,1.7534629815201763,1.8176348178843071,1.6702733419829094,2.498835294561254,2.766426926313108,0.7
full_seed42_mixed_0p0_noise0p25_s5_a0p3_b0p8,42,mixed,0.0,0.25,5,0.3,fpr_owa,1.7656647976945776,1.8313428892170025,1.736099880157009,2.4929046761809115,2.754470971714729,0.8
full_seed42_mixed_0p0_noise0p25_s5_a0p3_b0p8,42,mixed,0.0,0.25,5,0.3,crp,1.7656647976945776,1.8313428892170025,1.736099880157009,2.4929046761809115,2.754470971714729,0.8
full_seed42_mixed_0p0_noise0p25_s9_a0p2_b0p7,42,mixed,0.0,0.25,9,0.2,fpr_owa,1.7426996887661814,1.8000693487288324,1.6339637308116035,2.423123977132854,2.6593326846511403,0.7
full_seed42_mixed_0p0_noise0p25_s9_a0p2_b0p7,42,mixed,0.0,0.25,9,0.2,crp,1.7426996887661814,1.8000693487288324,1.6339637308116035,2.423123977132854,2.6593326846511403,0.7
full_seed42_mixed_0p0_noise0p25_s9_a0p3_b0p8,42,mixed,0.0,0.25,9,0.3,fpr_owa,1.7265432730010424,1.7937771837860732,1.6347870467410623,2.443306404915865,2.6370559037383408,0.8
full_seed42_mixed_0p0_noise0p25_s9_a0p3_b0p8,42,mixed,0.0,0.25,9,0.3,crp,1.7265432730010424,1.7937771837860732,1.6347870467410623,2.443306404915865,2.6370559037383408,0.8
full_seed42_mixed_0p0_noise0p5_s13_a0p2_b0p7,42,mixed,0.0,0.5,13,0.2,fpr_owa,1.2651689934985595,1.340754609269621,1.2510081640849386,1.9562212874413472,2.5391523953948094,0.7
full_seed42_mixed_0p0_noise0p5_s13_a0p2_b0p7,42,mixed,0.0,0.5,13,0.2,crp,1.3014793643576144,1.3868869711051248,1.2698779980888375,2.113231236140137,2.539785943424528,0.7
full_seed42_mixed_0p0_noise0p5_s13_a0p3_b0p8,42,mixed,0.0,0.5,13,0.3,fpr_owa,1.367046147538045,1.4636488360017177,1.3150144644377917,2.2460766148079334,2.527203313790653,0.8
full_seed42_mixed_0p0_noise0p5_s13_a0p3_b0p8,42,mixed,0.0,0.5,13,0.3,crp,1.3931416715811489,1.4959009176156657,1.3303352733088976,2.259656267779179,2.73154810057501,0.8
full_seed42_mixed_0p0_noise0p5_s5_a0p2_b0p7,42,mixed,0.0,0.5,5,0.2,fpr_owa,1.7663549785759736,1.835242703992113,1.7353897935097486,2.5297316606163123,3.0735129337104823,0.7
full_seed42_mixed_0p0_noise0p5_s5_a0p2_b0p7,42,mixed,0.0,0.5,5,0.2,crp,1.762262891078861,1.8319908599487944,1.7303133373235235,2.5297316606163123,3.0735129337104823,0.7
full_seed42_mixed_0p0_noise0p5_s5_a0p3_b0p8,42,mixed,0.0,0.5,5,0.3,fpr_owa,1.7690730180982104,1.8388569143154083,1.7445279805006293,2.59181469592718,3.1350957762386087,0.8
full_seed42_mixed_0p0_noise0p5_s5_a0p3_b0p8,42,mixed,0.0,0.5,5,0.3,crp,1.7676250831317517,1.8378921924760072,1.741437731089552,2.59181469592718,3.1350957762386087,0.8
full_seed42_mixed_0p0_noise0p5_s9_a0p2_b0p7,42,mixed,0.0,0.5,9,0.2,fpr_owa,1.7166312646319943,1.7837266978711783,1.6667549411243054,2.4252408629733706,2.913077083781724,0.7
full_seed42_mixed_0p0_noise0p5_s9_a0p2_b0p7,42,mixed,0.0,0.5,9,0.2,crp,1.7218968322059898,1.793573691799956,1.6647032396139083,2.480474689679588,2.913077083781724,0.7
full_seed42_mixed_0p0_noise0p5_s9_a0p3_b0p8,42,mixed,0.0,0.5,9,0.3,fpr_owa,1.6986998747237194,1.770390544901288,1.680218113046028,2.473113970704796,2.8112617669113744,0.8
full_seed42_mixed_0p0_noise0p5_s9_a0p3_b0p8,42,mixed,0.0,0.5,9,0.3,crp,1.7075802004854217,1.783654820877225,1.680218113046028,2.497825922124619,2.8612454678249226,0.8
full_seed42_mixed_0p1_noise0p1_s13_a0p2_b0p7,42,mixed,0.1,0.1,13,0.2,fpr_owa,1.15752956228751,1.201296331008638,1.1370942282610956,1.6363082438943657,1.7906463267256822,0.7
full_seed42_mixed_0p1_noise0p1_s13_a0p2_b0p7,42,mixed,0.1,0.1,13,0.2,crp,1.1890974100098537,1.2333401254442322,1.1851258798099051,1.6363082438943657,1.7906463267256822,0.7
full_seed42_mixed_0p1_noise0p1_s13_a0p3_b0p8,42,mixed,0.1,0.1,13,0.3,fpr_owa,1.4164021316232265,1.4916285440903985,1.4012719023299494,2.071964348282221,2.1873608443310024,0.8
full_seed42_mixed_0p1_noise0p1_s13_a0p3_b0p8,42,mixed,0.1,0.1,13,0.3,crp,1.4519591714283715,1.5275739403872235,1.4342375010509936,2.071964348282221,2.1873608443310024,0.8
full_seed42_mixed_0p1_noise0p1_s5_a0p2_b0p7,42,mixed,0.1,0.1,5,0.2,fpr_owa,1.7659881470137384,1.8341841107834416,1.6422287024709643,2.4841127883853624,2.582175321874684,0.7
full_seed42_mixed_0p1_noise0p1_s5_a0p2_b0p7,42,mixed,0.1,0.1,5,0.2,crp,1.7659881470137384,1.8341841107834416,1.6422287024709643,2.4841127883853624,2.582175321874684,0.7
full_seed42_mixed_0p1_noise0p1_s5_a0p3_b0p8,42,mixed,0.1,0.1,5,0.3,fpr_owa,1.7701030429409303,1.8429993973058765,1.6794693923244517,2.462546527583412,2.5635217374720267,0.8
full_seed42_mixed_0p1_noise0p1_s5_a0p3_b0p8,42,mixed,0.1,0.1,5,0.3,crp,1.7701030429409303,1.8429993973058765,1.6794693923244517,2.462546527583412,2.5635217374720267,0.8
full_seed42_mixed_0p1_noise0p1_s9_a0p2_b0p7,42,mixed,0.1,0.1,9,0.2,fpr_owa,1.758462932120265,1.805434681031396,1.672480430668563,2.4190007046553195,2.5120531370564776,0.7
full_seed42_mixed_0p1_noise0p1_s9_a0p2_b0p7,42,mixed,0.1,0.1,9,0.2,crp,1.7840068095738209,1.8343657994961091,1.671535020336718,2.428325582147174,2.5120531370564776,0.7
full_seed42_mixed_0p1_noise0p1_s9_a0p3_b0p8,42,mixed,0.1,0.1,9,0.3,fpr_owa,1.7522872457516372,1.8195624208505987,1.6815044238894057,2.4516847730020883,2.6013060237435366,0.8
full_seed42_mixed_0p1_noise0p1_s9_a0p3_b0p8,42,mixed,0.1,0.1,9,0.3,crp,1.7562992211071191,1.826737560250384,1.621618940424358,2.4630623542805394,2.6013060237435366,0.8
full_seed42_mixed_0p1_noise0p25_s13_a0p2_b0p7,42,mixed,0.1,0.25,13,0.2,fpr_owa,1.1833595860130215,1.240825144639239,1.161327366034178,1.7547350630639855,2.073946389452394,0.7
full_seed42_mixed_0p1_noise0p25_s13_a0p2_b0p7,42,mixed,0.1,0.25,13,0.2,crp,1.2162171989624304,1.2733756875096458,1.1926435637556434,1.760113942280174,2.073946389452394,0.7
full_seed42_mixed_0p1_noise0p25_s13_a0p3_b0p8,42,mixed,0.1,0.25,13,0.3,fpr_owa,1.3846162977856111,1.4766220226759077,1.3556030007238435,2.150370968070111,2.443859486911608,0.8
full_seed42_mixed_0p1_noise0p25_s13_a0p3_b0p8,42,mixed,0.1,0.25,13,0.3,crp,1.4192877263626693,1.5137591711943774,1.378902717103096,2.154017500921208,2.443859486911608,0.8
full_seed42_mixed_0p1_noise0p25_s5_a0p2_b0p7,42,mixed,0.1,0.25,5,0.2,fpr_owa,1.7534629815201763,1.8176348178843071,1.6702733419829094,2.498835294561254,2.766426926313108,0.7
full_seed42_mixed_0p1_noise0p25_s5_a0p2_b0p7,42,mixed,0.1,0.25,5,0.2,crp,1.7534629815201763,1.8176348178843071,1.6702733419829094,2.498835294561254,2.766426926313108,0.7
full_seed42_mixed_0p1_noise0p25_s5_a0p3_b0p8,42,mixed,0.1,0.25,5,0.3,fpr_owa,1.7656647976945776,1.8313428892170025,1.736099880157009,2.4929046761809115,2.754470971714729,0.8
full_seed42_mixed_0p1_noise0p25_s5_a0p3_b0p8,42,mixed,0.1,0.25,5,0.3,crp,1.7656647976945776,1.8313428892170025,1.736099880157009,2.4929046761809115,2.754470971714729,0.8
full_seed42_mixed_0p1_noise0p25_s9_a0p2_b0p7,42,mixed,0.1,0.25,9,0.2,fpr_owa,1.7299131974697322,1.7844514177059485,1.6339637308116035,2.442928119881296,2.6593326846511403,0.7
full_seed42_mixed_0p1_noise0p25_s9_a0p2_b0p7,42,mixed,0.1,0.25,9,0.2,crp,1.7534796370729389,1.8116723152967635,1.6446866113345202,2.451362509824234,2.6593326846511403,0.7
full_seed42_mixed_0p1_noise0p25_s9_a0p3_b0p8,42,mixed,0.1,0.25,9,0.3,fpr_owa,1.731287792086855,1.7971725928493565,1.6315624714133323,2.4413934608501418,2.6370559037383408,0.8
full_seed42_mixed_0p1_noise0p25_s9_a0p3_b0p8,42,mixed,0.1,0.25,9,0.3,crp,1.7297451422284729,1.7964625597279245,1.6347870467410623,2.449374394341228,2.6370559037383408,0.8
full_seed42_mixed_0p1_noise0p5_s13_a0p2_b0p7,42,mixed,0.1,0.5,13,0.2,fpr_owa,1.2330054212475363,1.3077249442183154,1.2153069511838486,1.953309611977841,2.588823692311557,0.7
full_seed42_mixed_0p1_noise0p5_s13_a0p2_b0p7,42,mixed,0.1,0.5,13,0.2,crp,1.285600183020253,1.3712212831228627,1.278804295632208,2.0838586411958158,2.539785943424528,0.7
full_seed42_mixed_0p1_noise0p5_s13_a0p3_b0p8,42,mixed,0.1,0.5,13,0.3,fpr_owa,1.3520372871247792,1.4500832020907932,1.3075172028133362,2.245115016866033,2.576874610707401,0.8
full_seed42_mixed_0p1_noise0p5_s13_a0p3_b0p8,42,mixed,0.1,0.5,13,0.3,crp,1.3918240047597297,1.4946603884103442,1.3212871765202556,2.282151473978248,2.73154810057501,0.8
full_seed42_mixed_0p1_noise0p5_s5_a0p2_b0p7,42,mixed,0.1,0.5,5,0.2,fpr_owa,1.7663549785759736,1.835242703992113,1.7353897935097486,2.5297316606163123,3.0735129337104823,0.7
full_seed42_mixed_0p1_noise0p5_s5_a0p2_b0p7,42,mixed,0.1,0.5,5,0.2,crp,1.762262891078861,1.8319908599487944,1.7303133373235235,2.5297316606163123,3.0735129337104823,0.7
full_seed42_mixed_0p1_noise0p5_s5_a0p3_b0p8,42,mixed,0.1,0.5,5,0.3,fpr_owa,1.7690730180982104,1.8388569143154083,1.7445279805006293,2.59181469592718,3.1350957762386087,0.8
full_seed42_mixed_0p1_noise0p5_s5_a0p3_b0p8,42,mixed,0.1,0.5,5,0.3,crp,1.7676250831317517,1.8378921924760072,1.741437731089552,2.59181469592718,3.1350957762386087,0.8
full_seed42_mixed_0p1_noise0p5_s9_a0p2_b0p7,42,mixed,0.1,0.5,9,0.2,fpr_owa,1.7116133794345714,1.7787121084960866,1.6720353782433497,2.4780995338757816,2.913077083781724,0.7
full_seed42_mixed_0p1_noise0p5_s9_a0p2_b0p7,42,mixed,0.1,0.5,9,0.2,crp,1.7345523776297562,1.808106178089581,1.664040939086631,2.548039927980144,2.913077083781724,0.7
full_seed42_mixed_0p1_noise0p5_s9_a0p3_b0p8,42,mixed,0.1,0.5,9,0.3,fpr_owa,1.7066259665361676,1.7781961442760386,1.683003944763986,2.4614416196242277,2.859282516922032,0.8
full_seed42_mixed_0p1_noise0p5_s9_a0p3_b0p8,42,mixed,0.1,0.5,9,0.3,crp,1.712642281686474,1.7895226574416685,1.680659676128903,2.534847784393484,2.8612454678249226,0.8
full_seed42_mixed_0p2_noise0p1_s13_a0p2_b0p7,42,mixed,0.2,0.1,13,0.2,fpr_owa,1.1262019718765883,1.1836601270401736,1.0847027114396308,1.678319834359136,1.840054167111992,0.7
full_seed42_mixed_0p2_noise0p1_s13_a0p2_b0p7,42,mixed,0.2,0.1,13,0.2,crp,1.1076252557413475,1.166072474137117,1.0738214770257586,1.6726467222734585,1.840054167111992,0.7
full_seed42_mixed_0p2_noise0p1_s13_a0p3_b0p8,42,mixed,0.2,0.1,13,0.3,fpr_owa,1.3577913364898058,1.4437319252667198,1.2712924678959194,2.118679169094088,2.3048351055083622,0.8
full_seed42_mixed_0p2_noise0p1_s13_a0p3_b0p8,42,mixed,0.2,0.1,13,0.3,crp,1.2660692843115795,1.3970023826954188,1.2651468646523087,2.1150400165836696,2.3048351055083622,0.8
full_seed42_mixed_0p2_noise0p1_s5_a0p2_b0p7,42,mixed,0.2,0.1,5,0.2,fpr_owa,1.7607470228911728,1.8217329525205124,1.689136169968581,2.47839164226944,2.582175321874684,0.7
full_seed42_mixed_0p2_noise0p1_s5_a0p2_b0p7,42,mixed,0.2,0.1,5,0.2,crp,1.7854784969800763,1.8514922393979616,1.705136874704339,2.492212472288508,2.582175321874684,0.7
full_seed42_mixed_0p2_noise0p1_s5_a0p3_b0p8,42,mixed,0.2,0.1,5,0.3,fpr_owa,1.779399523988615,1.844549516072148,1.7254919445131272,2.461862579812866,2.5635217374720267,0.8
full_seed42_mixed_0p2_noise0p1_s5_a0p3_b0p8,42,mixed,0.2,0.1,5,0.3,crp,1.792157678759576,1.861586308861344,1.7509835785104273,2.490644637440974,2.5635217374720267,0.8
full_seed42_mixed_0p2_noise0p1_s9_a0p2_b0p7,42,mixed,0.2,0.1,9,0.2,fpr_owa,1.7032185968445683,1.7592386551344472,1.5905170335860142,2.4188697201411857,2.5120531370564776,0.7
full_seed42_mixed_0p2_noise0p1_s9_a0p2_b0p7,42,mixed,0.2,0.1,9,0.2,crp,1.7735368045166324,1.8268470693093788,1.6541277479760046,2.424227473062956,2.5120531370564776,0.7
full_seed42_mixed_0p2_noise0p1_s9_a0p3_b0p8,42,mixed,0.2,0.1,9,0.3,fpr_owa,1.7134107496973534,1.7811173141370502,1.6036005536430524,2.4905817407786284,2.6013060237435366,0.8
full_seed42_mixed_0p2_noise0p1_s9_a0p3_b0p8,42,mixed,0.2,0.1,9,0.3,crp,1.7472189029563514,1.8214503209111224,1.6085515590025634,2.4927376468935147,2.6013060237435366,0.8
full_seed42_mixed_0p2_noise0p25_s13_a0p2_b0p7,42,mixed,0.2,0.25,13,0.2,fpr_owa,1.1322467741153797,1.2054558763881884,1.100388020747368,1.80853342468087,2.1217379325437857,0.7
full_seed42_mixed_0p2_noise0p25_s13_a0p2_b0p7,42,mixed,0.2,0.25,13,0.2,crp,1.1411189122933114,1.2110303656518604,1.113179306318163,1.771649974479967,2.1217379325437857,0.7
full_seed42_mixed_0p2_noise0p25_s13_a0p3_b0p8,42,mixed,0.2,0.25,13,0.3,fpr_owa,1.3230616432843012,1.425741305638608,1.1628032549821747,2.1987784047229533,2.519537386682722,0.8
full_seed42_mixed_0p2_noise0p25_s13_a0p3_b0p8,42,mixed,0.2,0.25,13,0.3,crp,1.2950745109555608,1.413223212358983,1.1772749311476165,2.1823949060481587,2.519537386682722,0.8
full_seed42_mixed_0p2_noise0p25_s5_a0p2_b0p7,42,mixed,0.2,0.25,5,0.2,fpr_owa,1.7464532176634198,1.805546335382404,1.67808601755973,2.4919047593000707,2.815389482333832,0.7
full_seed42_mixed_0p2_noise0p25_s5_a0p2_b0p7,42,mixed,0.2,0.25,5,0.2,crp,1.7680828358258236,1.8314759121208768,1.6821018023321228,2.542683018785362,2.815389482333832,0.7
full_seed42_mixed_0p2_noise0p25_s5_a0p3_b0p8,42,mixed,0.2,0.25,5,0.3,fpr_owa,1.7685004469576415,1.829449065935079,1.7375744708557128,2.490397844629765,2.776250636679851,0.8
full_seed42_mixed_0p2_noise0p25_s5_a0p3_b0p8,42,mixed,0.2,0.25,5,0.3,crp,1.7751529157158528,1.8397270335217777,1.7396399082526663,2.515921067711264,2.776250636679851,0.8
full_seed42_mixed_0p2_noise0p25_s9_a0p2_b0p7,42,mixed,0.2,0.25,9,0.2,fpr_owa,1.6842152852227603,1.7456755353007976,1.581363727853584,2.485261258493409,2.6593326846511403,0.7
full_seed42_mixed_0p2_noise0p25_s9_a0p2_b0p7,42,mixed,0.2,0.25,9,0.2,crp,1.7588511884171751,1.819482635797059,1.6385341289330193,2.485501765318646,2.6593326846511403,0.7
full_seed42_mixed_0p2_noise0p25_s9_a0p3_b0p8,42,mixed,0.2,0.25,9,0.3,fpr_owa,1.7016407875944528,1.766250592081512,1.620164283178129,2.451714906738192,2.6370559037383408,0.8
full_seed42_mixed_0p2_noise0p25_s9_a0p3_b0p8,42,mixed,0.2,0.25,9,0.3,crp,1.7344925126427675,1.805196695352267,1.650061728144918,2.4725093548432,2.7392105344062805,0.8
full_seed42_mixed_0p2_noise0p5_s13_a0p2_b0p7,42,mixed,0.2,0.5,13,0.2,fpr_owa,1.1817782465679465,1.2763630545341418,1.1833288023202866,1.9977548462782837,2.641594135378434,0.7
full_seed42_mixed_0p2_noise0p5_s13_a0p2_b0p7,42,mixed,0.2,0.5,13,0.2,crp,1.2319159397994588,1.3245020040552962,1.211882510821482,2.0541748661621173,2.539785943424528,0.7
full_seed42_mixed_0p2_noise0p5_s13_a0p3_b0p8,42,mixed,0.2,0.5,13,0.3,fpr_owa,1.297918006981274,1.4001489528189444,1.2020640616275693,2.308366946178779,2.6372914222001493,0.8
full_seed42_mixed_0p2_noise0p5_s13_a0p3_b0p8,42,mixed,0.2,0.5,13,0.3,crp,1.3177963474221892,1.429360928928391,1.248866915093349,2.21257634478474,2.780491338305748,0.8
full_seed42_mixed_0p2_noise0p5_s5_a0p2_b0p7,42,mixed,0.2,0.5,5,0.2,fpr_owa,1.7512083470154645,1.816554725362172,1.713297176180275,2.518725450506471,3.0735129337104823,0.7
full_seed42_mixed_0p2_noise0p5_s5_a0p2_b0p7,42,mixed,0.2,0.5,5,0.2,crp,1.7661339500470357,1.838856864109365,1.71477755955606,2.563833737029348,3.0735129337104823,0.7
full_seed42_mixed_0p2_noise0p5_s5_a0p3_b0p8,42,mixed,0.2,0.5,5,0.3,fpr_owa,1.7752041198339044,1.8422593786931205,1.7582809310339949,2.582454824168841,3.1577870043852907,0.8
full_seed42_mixed_0p2_noise0p5_s5_a0p3_b0p8,42,mixed,0.2,0.5,5,0.3,crp,1.775618488482934,1.8484189218561484,1.7476963304510047,2.6190327144094097,3.1577870043852907,0.8
full_seed42_mixed_0p2_noise0p5_s9_a0p2_b0p7,42,mixed,0.2,0.5,9,0.2,fpr_owa,1.6781902826461026,1.752360234842379,1.6211498921844727,2.5224089200981976,2.913077083781724,0.7
full_seed42_mixed_0p2_noise0p5_s9_a0p2_b0p7,42,mixed,0.2,0.5,9,0.2,crp,1.73764032373417,1.812665400543506,1.6694202556571731,2.5647952251899384,2.913077083781724,0.7
full_seed42_mixed_0p2_noise0p5_s9_a0p3_b0p8,42,mixed,0.2,0.5,9,0.3,fpr_owa,1.683989680216755,1.7534828603813537,1.6698149776456224,2.472946510919209,2.827082090890789,0.8
full_seed42_mixed_0p2_noise0p5_s9_a0p3_b0p8,42,mixed,0.2,0.5,9,0.3,crp,1.7133823678482465,1.7900732938697896,1.695642825537583,2.534847784393484,2.8612454678249226,0.8
full_seed42_mixed_0p3_noise0p1_s13_a0p2_b0p7,42,mixed,0.3,0.1,13,0.2,fpr_owa,1.1521874713151206,1.2204759712752615,1.1640219041896034,1.7006248690154693,2.032058653085804,0.7
full_seed42_mixed_0p3_noise0p1_s13_a0p2_b0p7,42,mixed,0.3,0.1,13,0.2,crp,1.130076476217685,1.183717560357202,1.0775336272060034,1.6911329053851645,1.878144459710191,0.7
full_seed42_mixed_0p3_noise0p1_s13_a0p3_b0p8,42,mixed,0.3,0.1,13,0.3,fpr_owa,1.3437290801291462,1.4419130552564272,1.2821735214358856,2.159873054856153,2.3322017670643844,0.8
full_seed42_mixed_0p3_noise0p1_s13_a0p3_b0p8,42,mixed,0.3,0.1,13,0.3,crp,1.2801234704196738,1.407359538621731,1.2677883716999938,2.1570157185753542,2.3322017670643844,0.8
full_seed42_mixed_0p3_noise0p1_s5_a0p2_b0p7,42,mixed,0.3,0.1,5,0.2,fpr_owa,1.9763445596432072,2.161776118234482,1.6698305173938834,3.837543541456791,5.3178162842827925,0.7
full_seed42_mixed_0p3_noise0p1_s5_a0p2_b0p7,42,mixed,0.3,0.1,5,0.2,crp,1.793533612128448,1.878858925793418,1.649929804466284,2.503349634308911,4.99048646623257,0.7
full_seed42_mixed_0p3_noise0p1_s5_a0p3_b0p8,42,mixed,0.3,0.1,5,0.3,fpr_owa,1.8119632557262,1.943606942960165,1.6758429729101438,3.04235890558304,3.9071015706819328,0.8
full_seed42_mixed_0p3_noise0p1_s5_a0p3_b0p8,42,mixed,0.3,0.1,5,0.3,crp,1.7808190920955982,1.8601893100264923,1.6928194724665615,2.511303170357006,3.5096287417895247,0.8
full_seed42_mixed_0p3_noise0p1_s9_a0p2_b0p7,42,mixed,0.3,0.1,9,0.2,fpr_owa,1.791796750655377,1.890315531168488,1.6156832304023283,2.616341621383901,3.72304418593462,0.7
full_seed42_mixed_0p3_noise0p1_s9_a0p2_b0p7,42,mixed,0.3,0.1,9,0.2,crp,1.7854727083762532,1.841882109722797,1.6391466299555697,2.4804082844454163,2.6524577882206324,0.7
full_seed42_mixed_0p3_noise0p1_s9_a0p3_b0p8,42,mixed,0.3,0.1,9,0.3,fpr_owa,1.673789967330343,1.7536756453664908,1.5293504895375778,2.507795761997945,2.6607485163006337,0.8
full_seed42_mixed_0p3_noise0p1_s9_a0p3_b0p8,42,mixed,0.3,0.1,9,0.3,crp,1.7491839817958177,1.8258332385023,1.5855905139220834,2.5311187439361915,2.6607485163006337,0.8
full_seed42_mixed_0p3_noise0p25_s13_a0p2_b0p7,42,mixed,0.3,0.25,13,0.2,fpr_owa,1.1533058446902829,1.23849960696846,1.1592723889444776,1.8544508895014655,2.1112732058415085,0.7
full_seed42_mixed_0p3_noise0p25_s13_a0p2_b0p7,42,mixed,0.3,0.25,13,0.2,crp,1.1077332895156948,1.1841131680366566,1.0787127269129828,1.7687365627581604,2.1112732058415085,0.7
full_seed42_mixed_0p3_noise0p25_s13_a0p3_b0p8,42,mixed,0.3,0.25,13,0.3,fpr_owa,1.293505117968688,1.412467117483733,1.1543913460195134,2.19906129200545,2.498160042645865,0.8
full_seed42_mixed_0p3_noise0p25_s13_a0p3_b0p8,42,mixed,0.3,0.25,13,0.3,crp,1.224576703667313,1.3732766096577596,1.1291576129153134,2.1933810217156235,2.498160042645865,0.8
full_seed42_mixed_0p3_noise0p25_s5_a0p2_b0p7,42,mixed,0.3,0.25,5,0.2,fpr_owa,2.0093874708183788,2.1950954207450004,1.740638361988805,3.842261911886869,5.351659260156129,0.7
full_seed42_mixed_0p3_noise0p25_s5_a0p2_b0p7,42,mixed,0.3,0.25,5,0.2,crp,1.8207813026679012,1.9053346219720229,1.7100645615015089,2.608496334544697,4.92659775341406,0.7
full_seed42_mixed_0p3_noise0p25_s5_a0p3_b0p8,42,mixed,0.3,0.25,5,0.3,fpr_owa,1.8378792282940677,1.9597858559729544,1.7370549232024968,2.950316525215379,3.9177709752061145,0.8
full_seed42_mixed_0p3_noise0p25_s5_a0p3_b0p8,42,mixed,0.3,0.25,5,0.3,crp,1.784934012837502,1.866894324412392,1.6878678427749865,2.5631655914072904,4.407188839731702,0.8
full_seed42_mixed_0p3_noise0p25_s9_a0p2_b0p7,42,mixed,0.3,0.25,9,0.2,fpr_owa,1.7694274165296586,1.8690619035647544,1.612945185509188,2.6463779979501907,3.690467589583163,0.7
full_seed42_mixed_0p3_noise0p25_s9_a0p2_b0p7,42,mixed,0.3,0.25,9,0.2,crp,1.7642173248339152,1.8287111752674503,1.6333034219606055,2.4988651947292837,3.297721862732625,0.7
full_seed42_mixed_0p3_noise0p25_s9_a0p3_b0p8,42,mixed,0.3,0.25,9,0.3,fpr_owa,1.6743596466465314,1.7539446651722124,1.588326280567258,2.4793189118453776,2.8038200331583414,0.8
full_seed42_mixed_0p3_noise0p25_s9_a0p3_b0p8,42,mixed,0.3,0.25,9,0.3,crp,1.7396141898361308,1.8132131257392217,1.6166687988098074,2.558133604791498,2.763958348934352,0.8
full_seed42_mixed_0p3_noise0p5_s13_a0p2_b0p7,42,mixed,0.3,0.5,13,0.2,fpr_owa,1.219818738233029,1.3180480415356584,1.1976692614626914,2.0507441505400426,2.565662607250045,0.7
full_seed42_mixed_0p3_noise0p5_s13_a0p2_b0p7,42,mixed,0.3,0.5,13,0.2,crp,1.2133411916848862,1.31431645450729,1.1625498827265148,2.086654314801065,2.6460888397259983,0.7
full_seed42_mixed_0p3_noise0p5_s13_a0p3_b0p8,42,mixed,0.3,0.5,13,0.3,fpr_owa,1.2753041894748869,1.3945437063450257,1.1965430969327708,2.304441746926864,2.68694870183136,0.8
full_seed42_mixed_0p3_noise0p5_s13_a0p3_b0p8,42,mixed,0.3,0.5,13,0.3,crp,1.2919540689001463,1.4236033828747243,1.238511218817723,2.329719626175325,2.73154810057501,0.8
full_seed42_mixed_0p3_noise0p5_s5_a0p2_b0p7,42,mixed,0.3,0.5,5,0.2,fpr_owa,1.9822291582728655,2.1570780058643257,1.789642504194657,3.599914569536827,5.408064219945023,0.7
full_seed42_mixed_0p3_noise0p5_s5_a0p2_b0p7,42,mixed,0.3,0.5,5,0.2,crp,1.8539477743574448,1.9691208543917305,1.7722456223795482,2.9776315612535336,5.269824174516888,0.7
full_seed42_mixed_0p3_noise0p5_s5_a0p3_b0p8,42,mixed,0.3,0.5,5,0.3,fpr_owa,1.830938331387304,1.9561168235787327,1.802154102566232,2.945796897657569,3.93555331607975,0.8
full_seed42_mixed_0p3_noise0p5_s5_a0p3_b0p8,42,mixed,0.3,0.5,5,0.3,crp,1.8117611068344948,1.9153174720744348,1.772875264880989,2.7143174899679527,5.3147541860092575,0.8
full_seed42_mixed_0p3_noise0p5_s9_a0p2_b0p7,42,mixed,0.3,0.5,9,0.2,fpr_owa,1.7630303410960664,1.8766713640708172,1.6926491094029965,2.6964980292614364,3.688247151371377,0.7
full_seed42_mixed_0p3_noise0p5_s9_a0p2_b0p7,42,mixed,0.3,0.5,9,0.2,crp,1.7541886317334028,1.8522555161047756,1.6616264333898552,2.630301446273405,5.891149313366318,0.7
full_seed42_mixed_0p3_noise0p5_s9_a0p3_b0p8,42,mixed,0.3,0.5,9,0.3,fpr_owa,1.6651549560429766,1.7521930743243346,1.617022630427055,2.5099747466322557,3.1587022723148577,0.8
full_seed42_mixed_0p3_noise0p5_s9_a0p3_b0p8,42,mixed,0.3,0.5,9,0.3,crp,1.7334383135947553,1.838064268560168,1.6850805543811935,2.61730030342146,5.965656290784899,0.8
full_seed42_mixed_0p4_noise0p1_s13_a0p2_b0p7,42,mixed,0.4,0.1,13,0.2,fpr_owa,1.3179357304043422,1.385255551922924,1.2338505557490291,2.13786592611615,3.440984368627236,0.7
full_seed42_mixed_0p4_noise0p1_s13_a0p2_b0p7,42,mixed,0.4,0.1,13,0.2,crp,1.117290411920083,1.24201582851375,1.106016027845015,1.7317828137735458,5.10582607875422,0.7
full_seed42_mixed_0p4_noise0p1_s13_a0p3_b0p8,42,mixed,0.4,0.1,13,0.3,fpr_owa,1.3646109567385762,1.4667711724813932,1.3001345371769082,2.201145351220688,2.3799629211582234,0.8
full_seed42_mixed_0p4_noise0p1_s13_a0p3_b0p8,42,mixed,0.4,0.1,13,0.3,crp,1.273614576045758,1.4395104437930288,1.297339092805498,2.201145351220688,3.825799202599363,0.8
full_seed42_mixed_0p4_noise0p1_s5_a0p2_b0p7,42,mixed,0.4,0.1,5,0.2,fpr_owa,1.9763445596432072,2.161776118234482,1.6698305173938834,3.837543541456791,5.3178162842827925,0.7
full_seed42_mixed_0p4_noise0p1_s5_a0p2_b0p7,42,mixed,0.4,0.1,5,0.2,crp,1.793533612128448,1.878858925793418,1.649929804466284,2.503349634308911,4.99048646623257,0.7
full_seed42_mixed_0p4_noise0p1_s5_a0p3_b0p8,42,mixed,0.4,0.1,5,0.3,fpr_owa,1.8119632557262,1.943606942960165,1.6758429729101438,3.04235890558304,3.9071015706819328,0.8
full_seed42_mixed_0p4_noise0p1_s5_a0p3_b0p8,42,mixed,0.4,0.1,5,0.3,crp,1.7808190920955982,1.8601893100264923,1.6928194724665615,2.511303170357006,3.5096287417895247,0.8
full_seed42_mixed_0p4_noise0p1_s9_a0p2_b0p7,42,mixed,0.4,0.1,9,0.2,fpr_owa,1.975512269293532,2.1269596817572483,1.7174215755274311,3.5248414019507384,5.495723883443479,0.7
full_seed42_mixed_0p4_noise0p1_s9_a0p2_b0p7,42,mixed,0.4,0.1,9,0.2,crp,1.927126124873333,2.093524389732505,1.6541857384836067,3.4332044039110383,6.314828094064712,0.7
full_seed42_mixed_0p4_noise0p1_s9_a0p3_b0p8,42,mixed,0.4,0.1,9,0.3,fpr_owa,1.7988011680979574,1.9167932302231216,1.595218688657097,2.718947989765416,3.990900933566591,0.8
full_seed42_mixed_0p4_noise0p1_s9_a0p3_b0p8,42,mixed,0.4,0.1,9,0.3,crp,1.8860526334010488,2.0791466429796737,1.60476550325592,3.0347745793824306,6.301215017138103,0.8
full_seed42_mixed_0p4_noise0p25_s13_a0p2_b0p7,42,mixed,0.4,0.25,13,0.2,fpr_owa,1.3082912209068382,1.3896716119564356,1.2162869482374985,2.1145211605609817,3.436689838246186,0.7
full_seed42_mixed_0p4_noise0p25_s13_a0p2_b0p7,42,mixed,0.4,0.25,13,0.2,crp,1.0851824529585996,1.2166366457801192,1.0955847736972728,1.8106439326295365,5.068001641381189,0.7
full_seed42_mixed_0p4_noise0p25_s13_a0p3_b0p8,42,mixed,0.4,0.25,13,0.3,fpr_owa,1.3154022483766736,1.4374076804042275,1.2027590897566849,2.233603979834809,2.5459211967397035,0.8
full_seed42_mixed_0p4_noise0p25_s13_a0p3_b0p8,42,mixed,0.4,0.25,13,0.3,crp,1.2155350744438431,1.4003278956822762,1.1412416072366725,2.2424233331542416,3.7921209191069294,0.8
full_seed42_mixed_0p4_noise0p25_s5_a0p2_b0p7,42,mixed,0.4,0.25,5,0.2,fpr_owa,2.0093874708183788,2.1950954207450004,1.740638361988805,3.842261911886869,5.351659260156129,0.7
full_seed42_mixed_0p4_noise0p25_s5_a0p2_b0p7,42,mixed,0.4,0.25,5,0.2,crp,1.8207813026679012,1.9053346219720229,1.7100645615015089,2.608496334544697,4.92659775341406,0.7
full_seed42_mixed_0p4_noise0p25_s5_a0p3_b0p8,42,mixed,0.4,0.25,5,0.3,fpr_owa,1.8378792282940677,1.9597858559729544,1.7370549232024968,2.950316525215379,3.9177709752061145,0.8
full_seed42_mixed_0p4_noise0p25_s5_a0p3_b0p8,42,mixed,0.4,0.25,5,0.3,crp,1.784934012837502,1.866894324412392,1.6878678427749865,2.5631655914072904,4.407188839731702,0.8
full_seed42_mixed_0p4_noise0p25_s9_a0p2_b0p7,42,mixed,0.4,0.25,9,0.2,fpr_owa,1.9380865717848,2.0911797973829334,1.654614713015779,3.5245862353591244,5.390948826690788,0.7
full_seed42_mixed_0p4_noise0p25_s9_a0p2_b0p7,42,mixed,0.4,0.25,9,0.2,crp,1.853942520811635,1.993070999473292,1.6533855958247488,2.661085149830092,6.220310117202521,0.7
full_seed42_mixed_0p4_noise0p25_s9_a0p3_b0p8,42,mixed,0.4,0.25,9,0.3,fpr_owa,1.79046123636158,1.9126853283602496,1.6193992524432932,2.7195115430690677,3.948295377505159,0.8
full_seed42_mixed_0p4_noise0p25_s9_a0p3_b0p8,42,mixed,0.4,0.25,9,0.3,crp,1.8078320986084169,1.952377348925454,1.622314892561962,2.626586131945581,6.271034097466013,0.8
full_seed42_mixed_0p4_noise0p5_s13_a0p2_b0p7,42,mixed,0.4,0.5,13,0.2,fpr_owa,1.3481230031550608,1.44924613441228,1.2715920795003046,2.159990406453234,3.309807902942984,0.7
full_seed42_mixed_0p4_noise0p5_s13_a0p2_b0p7,42,mixed,0.4,0.5,13,0.2,crp,1.1994203753226875,1.3609599897551212,1.159540370518091,2.145421668507824,6.307394694319299,0.7
full_seed42_mixed_0p4_noise0p5_s13_a0p3_b0p8,42,mixed,0.4,0.5,13,0.3,fpr_owa,1.2972957648287806,1.4189522065943394,1.215002219857571,2.3054525158953045,2.564292222191555,0.8
full_seed42_mixed_0p4_noise0p5_s13_a0p3_b0p8,42,mixed,0.4,0.5,13,0.3,crp,1.265021058248896,1.45202233317254,1.2055881597656826,2.313287219186024,6.270768275914913,0.8
full_seed42_mixed_0p4_noise0p5_s5_a0p2_b0p7,42,mixed,0.4,0.5,5,0.2,fpr_owa,1.9822291582728655,2.1570780058643257,1.789642504194657,3.599914569536827,5.408064219945023,0.7
full_seed42_mixed_0p4_noise0p5_s5_a0p2_b0p7,42,mixed,0.4,0.5,5,0.2,crp,1.8539477743574448,1.9691208543917305,1.7722456223795482,2.9776315612535336,5.269824174516888,0.7
full_seed42_mixed_0p4_noise0p5_s5_a0p3_b0p8,42,mixed,0.4,0.5,5,0.3,fpr_owa,1.830938331387304,1.9561168235787327,1.802154102566232,2.945796897657569,3.93555331607975,0.8
full_seed42_mixed_0p4_noise0p5_s5_a0p3_b0p8,42,mixed,0.4,0.5,5,0.3,crp,1.8117611068344948,1.9153174720744348,1.772875264880989,2.7143174899679527,5.3147541860092575,0.8
full_seed42_mixed_0p4_noise0p5_s9_a0p2_b0p7,42,mixed,0.4,0.5,9,0.2,fpr_owa,1.9089937190051205,2.071604362038922,1.7047763310638495,3.422018735389812,5.279389895161661,0.7
full_seed42_mixed_0p4_noise0p5_s9_a0p2_b0p7,42,mixed,0.4,0.5,9,0.2,crp,1.827559196581968,1.9725775104416203,1.674788283724109,2.915374162089143,6.302666866822709,0.7
full_seed42_mixed_0p4_noise0p5_s9_a0p3_b0p8,42,mixed,0.4,0.5,9,0.3,fpr_owa,1.7846401144209412,1.9190219531008768,1.686744826418055,2.768273950215283,4.675959190651865,0.8
full_seed42_mixed_0p4_noise0p5_s9_a0p3_b0p8,42,mixed,0.4,0.5,9,0.3,crp,1.7663871930345156,1.9057102775932724,1.6774197215243474,2.7704264497796878,6.32470517627482,0.8
full_seed42_replay_0p0_noise0p1_s13_a0p2_b0p7,42,replay,0.0,0.1,13,0.2,fpr_owa,1.204747239572172,1.2494632978305504,1.1889131152852903,1.6246678019843126,1.7409750298089346,0.7
full_seed42_replay_0p0_noise0p1_s13_a0p2_b0p7,42,replay,0.0,0.1,13,0.2,crp,1.204747239572172,1.2494632978305504,1.1889131152852903,1.6246678019843126,1.7409750298089346,0.7
full_seed42_replay_0p0_noise0p1_s13_a0p3_b0p8,42,replay,0.0,0.1,13,0.3,fpr_owa,1.4630984710557349,1.53918642759298,1.413795553401175,2.075003842309166,2.180546407161522,0.8
full_seed42_replay_0p0_noise0p1_s13_a0p3_b0p8,42,replay,0.0,0.1,13,0.3,crp,1.4630984710557349,1.53918642759298,1.413795553401175,2.075003842309166,2.180546407161522,0.8
full_seed42_replay_0p0_noise0p1_s5_a0p2_b0p7,42,replay,0.0,0.1,5,0.2,fpr_owa,1.7659881470137384,1.8341841107834416,1.6422287024709643,2.4841127883853624,2.582175321874684,0.7
full_seed42_replay_0p0_noise0p1_s5_a0p2_b0p7,42,replay,0.0,0.1,5,0.2,crp,1.7659881470137384,1.8341841107834416,1.6422287024709643,2.4841127883853624,2.582175321874684,0.7
full_seed42_replay_0p0_noise0p1_s5_a0p3_b0p8,42,replay,0.0,0.1,5,0.3,fpr_owa,1.7701030429409303,1.8429993973058765,1.6794693923244517,2.462546527583412,2.5635217374720267,0.8
full_seed42_replay_0p0_noise0p1_s5_a0p3_b0p8,42,replay,0.0,0.1,5,0.3,crp,1.7701030429409303,1.8429993973058765,1.6794693923244517,2.462546527583412,2.5635217374720267,0.8
full_seed42_replay_0p0_noise0p1_s9_a0p2_b0p7,42,replay,0.0,0.1,9,0.2,fpr_owa,1.7673726147488216,1.820046874004744,1.6165328076382752,2.410040800315646,2.5120531370564776,0.7
full_seed42_replay_0p0_noise0p1_s9_a0p2_b0p7,42,replay,0.0,0.1,9,0.2,crp,1.7673726147488216,1.820046874004744,1.6165328076382752,2.410040800315646,2.5120531370564776,0.7
full_seed42_replay_0p0_noise0p1_s9_a0p3_b0p8,42,replay,0.0,0.1,9,0.3,fpr_owa,1.7371656879270818,1.8102685437459043,1.5684284081958748,2.4840048378615034,2.6013060237435366,0.8
full_seed42_replay_0p0_noise0p1_s9_a0p3_b0p8,42,replay,0.0,0.1,9,0.3,crp,1.7371656879270818,1.8102685437459043,1.5684284081958748,2.4840048378615034,2.6013060237435366,0.8
full_seed42_replay_0p0_noise0p25_s13_a0p2_b0p7,42,replay,0.0,0.25,13,0.2,fpr_owa,1.2239519384539213,1.2817026770540818,1.205182468431389,1.760113942280174,2.024275092535646,0.7
full_seed42_replay_0p0_noise0p25_s13_a0p2_b0p7,42,replay,0.0,0.25,13,0.2,crp,1.2267448613533811,1.2845444050105337,1.205182468431389,1.7628788463443463,2.024275092535646,0.7
full_seed42_replay_0p0_noise0p25_s13_a0p3_b0p8,42,replay,0.0,0.25,13,0.3,fpr_owa,1.4230427131961676,1.5184860649784044,1.3737965524029805,2.155221273762169,2.39418818999486,0.8
full_seed42_replay_0p0_noise0p25_s13_a0p3_b0p8,42,replay,0.0,0.25,13,0.3,crp,1.4256942783791824,1.52118744240695,1.3737965524029805,2.1655636090079198,2.39418818999486,0.8
full_seed42_replay_0p0_noise0p25_s5_a0p2_b0p7,42,replay,0.0,0.25,5,0.2,fpr_owa,1.7534629815201763,1.8176348178843071,1.6702733419829094,2.498835294561254,2.766426926313108,0.7
full_seed42_replay_0p0_noise0p25_s5_a0p2_b0p7,42,replay,0.0,0.25,5,0.2,crp,1.7534629815201763,1.8176348178843071,1.6702733419829094,2.498835294561254,2.766426926313108,0.7
full_seed42_replay_0p0_noise0p25_s5_a0p3_b0p8,42,replay,0.0,0.25,5,0.3,fpr_owa,1.7656647976945776,1.8313428892170025,1.736099880157009,2.4929046761809115,2.754470971714729,0.8
full_seed42_replay_0p0_noise0p25_s5_a0p3_b0p8,42,replay,0.0,0.25,5,0.3,crp,1.7656647976945776,1.8313428892170025,1.736099880157009,2.4929046761809115,2.754470971714729,0.8
full_seed42_replay_0p0_noise0p25_s9_a0p2_b0p7,42,replay,0.0,0.25,9,0.2,fpr_owa,1.7426996887661814,1.8000693487288324,1.6339637308116035,2.423123977132854,2.6593326846511403,0.7
full_seed42_replay_0p0_noise0p25_s9_a0p2_b0p7,42,replay,0.0,0.25,9,0.2,crp,1.7426996887661814,1.8000693487288324,1.6339637308116035,2.423123977132854,2.6593326846511403,0.7
full_seed42_replay_0p0_noise0p25_s9_a0p3_b0p8,42,replay,0.0,0.25,9,0.3,fpr_owa,1.7265432730010424,1.7937771837860732,1.6347870467410623,2.443306404915865,2.6370559037383408,0.8
full_seed42_replay_0p0_noise0p25_s9_a0p3_b0p8,42,replay,0.0,0.25,9,0.3,crp,1.7265432730010424,1.7937771837860732,1.6347870467410623,2.443306404915865,2.6370559037383408,0.8
full_seed42_replay_0p0_noise0p5_s13_a0p2_b0p7,42,replay,0.0,0.5,13,0.2,fpr_owa,1.2651689934985595,1.340754609269621,1.2510081640849386,1.9562212874413472,2.5391523953948094,0.7
full_seed42_replay_0p0_noise0p5_s13_a0p2_b0p7,42,replay,0.0,0.5,13,0.2,crp,1.3014793643576144,1.3868869711051248,1.2698779980888375,2.113231236140137,2.539785943424528,0.7
full_seed42_replay_0p0_noise0p5_s13_a0p3_b0p8,42,replay,0.0,0.5,13,0.3,fpr_owa,1.367046147538045,1.4636488360017177,1.3150144644377917,2.2460766148079334,2.527203313790653,0.8
full_seed42_replay_0p0_noise0p5_s13_a0p3_b0p8,42,replay,0.0,0.5,13,0.3,crp,1.3931416715811489,1.4959009176156657,1.3303352733088976,2.259656267779179,2.73154810057501,0.8
full_seed42_replay_0p0_noise0p5_s5_a0p2_b0p7,42,replay,0.0,0.5,5,0.2,fpr_owa,1.7663549785759736,1.835242703992113,1.7353897935097486,2.5297316606163123,3.0735129337104823,0.7
full_seed42_replay_0p0_noise0p5_s5_a0p2_b0p7,42,replay,0.0,0.5,5,0.2,crp,1.762262891078861,1.8319908599487944,1.7303133373235235,2.5297316606163123,3.0735129337104823,0.7
full_seed42_replay_0p0_noise0p5_s5_a0p3_b0p8,42,replay,0.0,0.5,5,0.3,fpr_owa,1.7690730180982104,1.8388569143154083,1.7445279805006293,2.59181469592718,3.1350957762386087,0.8
full_seed42_replay_0p0_noise0p5_s5_a0p3_b0p8,42,replay,0.0,0.5,5,0.3,crp,1.7676250831317517,1.8378921924760072,1.741437731089552,2.59181469592718,3.1350957762386087,0.8
full_seed42_replay_0p0_noise0p5_s9_a0p2_b0p7,42,replay,0.0,0.5,9,0.2,fpr_owa,1.7166312646319943,1.7837266978711783,1.6667549411243054,2.4252408629733706,2.913077083781724,0.7
full_seed42_replay_0p0_noise0p5_s9_a0p2_b0p7,42,replay,0.0,0.5,9,0.2,crp,1.7218968322059898,1.793573691799956,1.6647032396139083,2.480474689679588,2.913077083781724,0.7
full_seed42_replay_0p0_noise0p5_s9_a0p3_b0p8,42,replay,0.0,0.5,9,0.3,fpr_owa,1.6986998747237194,1.770390544901288,1.680218113046028,2.473113970704796,2.8112617669113744,0.8
full_seed42_replay_0p0_noise0p5_s9_a0p3_b0p8,42,replay,0.0,0.5,9,0.3,crp,1.7075802004854217,1.783654820877225,1.680218113046028,2.497825922124619,2.8612454678249226,0.8
full_seed42_replay_0p1_noise0p1_s13_a0p2_b0p7,42,replay,0.1,0.1,13,0.2,fpr_owa,1.2085310896793662,1.251451796776608,1.1954139706649158,1.630417619736885,1.7409750298089346,0.7
full_seed42_replay_0p1_noise0p1_s13_a0p2_b0p7,42,replay,0.1,0.1,13,0.2,crp,1.2085310896793662,1.251451796776608,1.1954139706649158,1.630417619736885,1.7409750298089346,0.7
full_seed42_replay_0p1_noise0p1_s13_a0p3_b0p8,42,replay,0.1,0.1,13,0.3,fpr_owa,1.46565445625135,1.5416272034465,1.4339202281417829,2.0888913147867343,2.180546407161522,0.8
full_seed42_replay_0p1_noise0p1_s13_a0p3_b0p8,42,replay,0.1,0.1,13,0.3,crp,1.46565445625135,1.5416272034465,1.4339202281417829,2.0888913147867343,2.180546407161522,0.8
full_seed42_replay_0p1_noise0p1_s5_a0p2_b0p7,42,replay,0.1,0.1,5,0.2,fpr_owa,1.7659881470137384,1.8341841107834416,1.6422287024709643,2.4841127883853624,2.582175321874684,0.7
full_seed42_replay_0p1_noise0p1_s5_a0p2_b0p7,42,replay,0.1,0.1,5,0.2,crp,1.7659881470137384,1.8341841107834416,1.6422287024709643,2.4841127883853624,2.582175321874684,0.7
full_seed42_replay_0p1_noise0p1_s5_a0p3_b0p8,42,replay,0.1,0.1,5,0.3,fpr_owa,1.7701030429409303,1.8429993973058765,1.6794693923244517,2.462546527583412,2.5635217374720267,0.8
full_seed42_replay_0p1_noise0p1_s5_a0p3_b0p8,42,replay,0.1,0.1,5,0.3,crp,1.7701030429409303,1.8429993973058765,1.6794693923244517,2.462546527583412,2.5635217374720267,0.8
full_seed42_replay_0p1_noise0p1_s9_a0p2_b0p7,42,replay,0.1,0.1,9,0.2,fpr_owa,1.7653095964283192,1.817120493193528,1.6364196303313094,2.400422972309749,2.5309862543626704,0.7
full_seed42_replay_0p1_noise0p1_s9_a0p2_b0p7,42,replay,0.1,0.1,9,0.2,crp,1.7653095964283192,1.817120493193528,1.6364196303313094,2.400422972309749,2.5309862543626704,0.7
full_seed42_replay_0p1_noise0p1_s9_a0p3_b0p8,42,replay,0.1,0.1,9,0.3,fpr_owa,1.7399247381851362,1.812998013347292,1.595218688657097,2.4590309021772803,2.6013060237435366,0.8
full_seed42_replay_0p1_noise0p1_s9_a0p3_b0p8,42,replay,0.1,0.1,9,0.3,crp,1.7399247381851362,1.812998013347292,1.595218688657097,2.4590309021772803,2.6013060237435366,0.8
full_seed42_replay_0p1_noise0p25_s13_a0p2_b0p7,42,replay,0.1,0.25,13,0.2,fpr_owa,1.2240605679370873,1.2824095697781912,1.2077717565800778,1.7678451051185324,2.024275092535646,0.7
full_seed42_replay_0p1_noise0p25_s13_a0p2_b0p7,42,replay,0.1,0.25,13,0.2,crp,1.2268528512289227,1.2851538531323083,1.2077717565800778,1.792658395755562,2.024275092535646,0.7
full_seed42_replay_0p1_noise0p25_s13_a0p3_b0p8,42,replay,0.1,0.25,13,0.3,fpr_owa,1.4254856151217783,1.5195227340682078,1.3747932920493873,2.1706519789642127,2.39418818999486,0.8
full_seed42_replay_0p1_noise0p25_s13_a0p3_b0p8,42,replay,0.1,0.25,13,0.3,crp,1.4280729972818578,1.5220718922337668,1.3747932920493873,2.1706519789642127,2.402778976948212,0.8
full_seed42_replay_0p1_noise0p25_s5_a0p2_b0p7,42,replay,0.1,0.25,5,0.2,fpr_owa,1.7534629815201763,1.8176348178843071,1.6702733419829094,2.498835294561254,2.766426926313108,0.7
full_seed42_replay_0p1_noise0p25_s5_a0p2_b0p7,42,replay,0.1,0.25,5,0.2,crp,1.7534629815201763,1.8176348178843071,1.6702733419829094,2.498835294561254,2.766426926313108,0.7
full_seed42_replay_0p1_noise0p25_s5_a0p3_b0p8,42,replay,0.1,0.25,5,0.3,fpr_owa,1.7656647976945776,1.8313428892170025,1.736099880157009,2.4929046761809115,2.754470971714729,0.8
full_seed42_replay_0p1_noise0p25_s5_a0p3_b0p8,42,replay,0.1,0.25,5,0.3,crp,1.7656647976945776,1.8313428892170025,1.736099880157009,2.4929046761809115,2.754470971714729,0.8
full_seed42_replay_0p1_noise0p25_s9_a0p2_b0p7,42,replay,0.1,0.25,9,0.2,fpr_owa,1.7393334456213725,1.7966459002514856,1.625790502749863,2.4052872508709484,2.6593326846511403,0.7
full_seed42_replay_0p1_noise0p25_s9_a0p2_b0p7,42,replay,0.1,0.25,9,0.2,crp,1.7393334456213725,1.7966459002514856,1.625790502749863,2.4052872508709484,2.6593326846511403,0.7
full_seed42_replay_0p1_noise0p25_s9_a0p3_b0p8,42,replay,0.1,0.25,9,0.3,fpr_owa,1.725414816180563,1.793662635409805,1.630937377133926,2.4606518505992736,2.6370559037383408,0.8
full_seed42_replay_0p1_noise0p25_s9_a0p3_b0p8,42,replay,0.1,0.25,9,0.3,crp,1.725414816180563,1.793662635409805,1.630937377133926,2.4606518505992736,2.6370559037383408,0.8
full_seed42_replay_0p1_noise0p5_s13_a0p2_b0p7,42,replay,0.1,0.5,13,0.2,fpr_owa,1.2695641020823358,1.3444909391387734,1.2527412394494994,1.994101955168461,2.5391523953948094,0.7
full_seed42_replay_0p1_noise0p5_s13_a0p2_b0p7,42,replay,0.1,0.5,13,0.2,crp,1.3009518186500375,1.3866916275472545,1.2715920795003046,2.158134327306528,2.539785943424528,0.7
full_seed42_replay_0p1_noise0p5_s13_a0p3_b0p8,42,replay,0.1,0.5,13,0.3,fpr_owa,1.3702659497199705,1.4678512482954198,1.3182915737940577,2.245115016866033,2.5019942587119544,0.8
full_seed42_replay_0p1_noise0p5_s13_a0p3_b0p8,42,replay,0.1,0.5,13,0.3,crp,1.4007551376862464,1.5032852629372504,1.334557410715508,2.2291106352135266,2.73154810057501,0.8
full_seed42_replay_0p1_noise0p5_s5_a0p2_b0p7,42,replay,0.1,0.5,5,0.2,fpr_owa,1.7663549785759736,1.835242703992113,1.7353897935097486,2.5297316606163123,3.0735129337104823,0.7
full_seed42_replay_0p1_noise0p5_s5_a0p2_b0p7,42,replay,0.1,0.5,5,0.2,crp,1.762262891078861,1.8319908599487944,1.7303133373235235,2.5297316606163123,3.0735129337104823,0.7
full_seed42_replay_0p1_noise0p5_s5_a0p3_b0p8,42,replay,0.1,0.5,5,0.3,fpr_owa,1.7690730180982104,1.8388569143154083,1.7445279805006293,2.59181469592718,3.1350957762386087,0.8
full_seed42_replay_0p1_noise0p5_s5_a0p3_b0p8,42,replay,0.1,0.5,5,0.3,crp,1.7676250831317517,1.8378921924760072,1.741437731089552,2.59181469592718,3.1350957762386087,0.8
full_seed42_replay_0p1_noise0p5_s9_a0p2_b0p7,42,replay,0.1,0.5,9,0.2,fpr_owa,1.7178003960497534,1.7865868085107526,1.6844154274514325,2.479159127397172,2.913077083781724,0.7
full_seed42_replay_0p1_noise0p5_s9_a0p2_b0p7,42,replay,0.1,0.5,9,0.2,crp,1.7237180621364183,1.7961388664405022,1.6701133388426737,2.539777165353639,2.913077083781724,0.7
full_seed42_replay_0p1_noise0p5_s9_a0p3_b0p8,42,replay,0.1,0.5,9,0.3,fpr_owa,1.6935398026271011,1.7682576921517823,1.6745356621633831,2.483135660672689,2.8112617669113744,0.8
full_seed42_replay_0p1_noise0p5_s9_a0p3_b0p8,42,replay,0.1,0.5,9,0.3,crp,1.7025147412692296,1.7809274900034178,1.681889226798801,2.5058779216826976,2.8612454678249226,0.8
full_seed42_replay_0p2_noise0p1_s13_a0p2_b0p7,42,replay,0.2,0.1,13,0.2,fpr_owa,1.207284613980245,1.2507511753664051,1.209856686586797,1.6197577656048396,1.767637834925179,0.7
full_seed42_replay_0p2_noise0p1_s13_a0p2_b0p7,42,replay,0.2,0.1,13,0.2,crp,1.207284613980245,1.2507511753664051,1.209856686586797,1.6197577656048396,1.767637834925179,0.7
full_seed42_replay_0p2_noise0p1_s13_a0p3_b0p8,42,replay,0.2,0.1,13,0.3,fpr_owa,1.470757557392687,1.54451005990223,1.4558004421021675,2.065866574992468,2.213811734632014,0.8
full_seed42_replay_0p2_noise0p1_s13_a0p3_b0p8,42,replay,0.2,0.1,13,0.3,crp,1.470757557392687,1.54451005990223,1.4558004421021675,2.065866574992468,2.213811734632014,0.8
full_seed42_replay_0p2_noise0p1_s5_a0p2_b0p7,42,replay,0.2,0.1,5,0.2,fpr_owa,1.7618300259613806,1.8320232021877807,1.649929804466284,2.4747806755392183,2.590547060609794,0.7
full_seed42_replay_0p2_noise0p1_s5_a0p2_b0p7,42,replay,0.2,0.1,5,0.2,crp,1.7618300259613806,1.8320232021877807,1.649929804466284,2.4747806755392183,2.590547060609794,0.7
full_seed42_replay_0p2_noise0p1_s5_a0p3_b0p8,42,replay,0.2,0.1,5,0.3,fpr_owa,1.761140002046011,1.8356820934049016,1.6396546955800029,2.483149262214191,2.565256844353045,0.8
full_seed42_replay_0p2_noise0p1_s5_a0p3_b0p8,42,replay,0.2,0.1,5,0.3,crp,1.761140002046011,1.8356820934049016,1.6396546955800029,2.483149262214191,2.565256844353045,0.8
full_seed42_replay_0p2_noise0p1_s9_a0p2_b0p7,42,replay,0.2,0.1,9,0.2,fpr_owa,1.763462054196246,1.815255105123413,1.6362494506965133,2.405133668583358,2.523715867220357,0.7
full_seed42_replay_0p2_noise0p1_s9_a0p2_b0p7,42,replay,0.2,0.1,9,0.2,crp,1.763462054196246,1.815255105123413,1.6362494506965133,2.405133668583358,2.523715867220357,0.7
full_seed42_replay_0p2_noise0p1_s9_a0p3_b0p8,42,replay,0.2,0.1,9,0.3,fpr_owa,1.7377213096079052,1.8106333325504709,1.58330654609797,2.465015463679077,2.6013060237435366,0.8
full_seed42_replay_0p2_noise0p1_s9_a0p3_b0p8,42,replay,0.2,0.1,9,0.3,crp,1.7377213096079052,1.8106333325504709,1.58330654609797,2.465015463679077,2.6013060237435366,0.8
full_seed42_replay_0p2_noise0p25_s13_a0p2_b0p7,42,replay,0.2,0.25,13,0.2,fpr_owa,1.2252307138263774,1.2840567882289078,1.2070388101376557,1.7573295815740435,2.0494821547653967,0.7
full_seed42_replay_0p2_noise0p25_s13_a0p2_b0p7,42,replay,0.2,0.25,13,0.2,crp,1.2273956571718163,1.2858475268044258,1.2070388101376557,1.7946453513436464,2.0494821547653967,0.7
full_seed42_replay_0p2_noise0p25_s13_a0p3_b0p8,42,replay,0.2,0.25,13,0.3,fpr_owa,1.4333153465842656,1.526540137101805,1.407043141806413,2.148419115597981,2.429477342256917,0.8
full_seed42_replay_0p2_noise0p25_s13_a0p3_b0p8,42,replay,0.2,0.25,13,0.3,crp,1.4356580331314526,1.528673419513532,1.407043141806413,2.1497200421870355,2.429477342256917,0.8
full_seed42_replay_0p2_noise0p25_s5_a0p2_b0p7,42,replay,0.2,0.25,5,0.2,fpr_owa,1.76072013060265,1.8265004797400703,1.681786348501335,2.534405239440696,2.766426926313108,0.7
full_seed42_replay_0p2_noise0p25_s5_a0p2_b0p7,42,replay,0.2,0.25,5,0.2,crp,1.76072013060265,1.8265004797400703,1.681786348501335,2.534405239440696,2.766426926313108,0.7
full_seed42_replay_0p2_noise0p25_s5_a0p3_b0p8,42,replay,0.2,0.25,5,0.3,fpr_owa,1.7670104623002707,1.8345777042694045,1.707697107781176,2.5069079720387064,2.7216992001124214,0.8
full_seed42_replay_0p2_noise0p25_s5_a0p3_b0p8,42,replay,0.2,0.25,5,0.3,crp,1.7670104623002707,1.8345777042694045,1.707697107781176,2.5069079720387064,2.7216992001124214,0.8
full_seed42_replay_0p2_noise0p25_s9_a0p2_b0p7,42,replay,0.2,0.25,9,0.2,fpr_owa,1.7347876545315593,1.7923847101225383,1.6208949108194024,2.436770232583476,2.6593326846511403,0.7
full_seed42_replay_0p2_noise0p25_s9_a0p2_b0p7,42,replay,0.2,0.25,9,0.2,crp,1.7347876545315593,1.7923847101225383,1.6208949108194024,2.436770232583476,2.6593326846511403,0.7
full_seed42_replay_0p2_noise0p25_s9_a0p3_b0p8,42,replay,0.2,0.25,9,0.3,fpr_owa,1.7231933902285277,1.7911352788937205,1.6262124002786722,2.466861786028294,2.6370559037383408,0.8
full_seed42_replay_0p2_noise0p25_s9_a0p3_b0p8,42,replay,0.2,0.25,9,0.3,crp,1.7231933902285277,1.7911352788937205,1.6262124002786722,2.466861786028294,2.6370559037383408,0.8
full_seed42_replay_0p2_noise0p5_s13_a0p2_b0p7,42,replay,0.2,0.5,13,0.2,fpr_owa,1.2691560361727714,1.3454215699112355,1.256730100823109,1.9862719336671948,2.56435945762456,0.7
full_seed42_replay_0p2_noise0p5_s13_a0p2_b0p7,42,replay,0.2,0.5,13,0.2,crp,1.2934290148747931,1.377607290238387,1.2691561177112995,2.0864036716044136,2.539785943424528,0.7
full_seed42_replay_0p2_noise0p5_s13_a0p3_b0p8,42,replay,0.2,0.5,13,0.3,fpr_owa,1.3599674224049705,1.4557201581804389,1.3212871765202556,2.2221995775587664,2.487182695732886,0.8
full_seed42_replay_0p2_noise0p5_s13_a0p3_b0p8,42,replay,0.2,0.5,13,0.3,crp,1.388604623325545,1.4912211350309117,1.325879378880895,2.195291377314185,2.73154810057501,0.8
full_seed42_replay_0p2_noise0p5_s5_a0p2_b0p7,42,replay,0.2,0.5,5,0.2,fpr_owa,1.7653248247147302,1.837857974695083,1.718307414091287,2.641968034398371,3.0735129337104823,0.7
full_seed42_replay_0p2_noise0p5_s5_a0p2_b0p7,42,replay,0.2,0.5,5,0.2,crp,1.7639078002820825,1.838276139194645,1.7182720865722745,2.641968034398371,3.0735129337104823,0.7
full_seed42_replay_0p2_noise0p5_s5_a0p3_b0p8,42,replay,0.2,0.5,5,0.3,fpr_owa,1.7663168661820785,1.838913023129159,1.7420362758244077,2.6246608965371543,3.102324004636301,0.8
full_seed42_replay_0p2_noise0p5_s5_a0p3_b0p8,42,replay,0.2,0.5,5,0.3,crp,1.7668697934477644,1.8405262574034,1.7420362758244077,2.6347122921448194,3.102324004636301,0.8
full_seed42_replay_0p2_noise0p5_s9_a0p2_b0p7,42,replay,0.2,0.5,9,0.2,fpr_owa,1.7135094762456944,1.7813985160154235,1.6924436580797555,2.479066533880463,2.913077083781724,0.7
full_seed42_replay_0p2_noise0p5_s9_a0p2_b0p7,42,replay,0.2,0.5,9,0.2,crp,1.719001669411018,1.7906407423642012,1.6890524278068515,2.50134008254998,2.913077083781724,0.7
full_seed42_replay_0p2_noise0p5_s9_a0p3_b0p8,42,replay,0.2,0.5,9,0.3,fpr_owa,1.684765873897502,1.7593720756099058,1.6700689779122055,2.5047438603143397,2.8112617669113744,0.8
full_seed42_replay_0p2_noise0p5_s9_a0p3_b0p8,42,replay,0.2,0.5,9,0.3,crp,1.695866491681545,1.7747376738391265,1.6762147016713072,2.5366232561155027,2.8612454678249226,0.8
full_seed42_replay_0p3_noise0p1_s13_a0p2_b0p7,42,replay,0.3,0.1,13,0.2,fpr_owa,1.2072901801980245,1.2508782718034794,1.208664457200718,1.6244618785882126,1.7046080129640484,0.7
full_seed42_replay_0p3_noise0p1_s13_a0p2_b0p7,42,replay,0.3,0.1,13,0.2,crp,1.2072901801980245,1.2508782718034794,1.208664457200718,1.6244618785882126,1.7046080129640484,0.7
full_seed42_replay_0p3_noise0p1_s13_a0p3_b0p8,42,replay,0.3,0.1,13,0.3,fpr_owa,1.4715430715616995,1.545210952121526,1.4693214617705148,2.0747693637880804,2.180546407161522,0.8
full_seed42_replay_0p3_noise0p1_s13_a0p3_b0p8,42,replay,0.3,0.1,13,0.3,crp,1.4715430715616995,1.545210952121526,1.4693214617705148,2.0747693637880804,2.180546407161522,0.8
full_seed42_replay_0p3_noise0p1_s5_a0p2_b0p7,42,replay,0.3,0.1,5,0.2,fpr_owa,1.7587840354883368,1.829183278677332,1.6422287024709643,2.492729110436056,2.582175321874684,0.7
full_seed42_replay_0p3_noise0p1_s5_a0p2_b0p7,42,replay,0.3,0.1,5,0.2,crp,1.7587840354883368,1.829183278677332,1.6422287024709643,2.492729110436056,2.582175321874684,0.7
full_seed42_replay_0p3_noise0p1_s5_a0p3_b0p8,42,replay,0.3,0.1,5,0.3,fpr_owa,1.759539471451184,1.8339594968261963,1.6639960095481698,2.47860552641989,2.5635217374720267,0.8
full_seed42_replay_0p3_noise0p1_s5_a0p3_b0p8,42,replay,0.3,0.1,5,0.3,crp,1.759539471451184,1.8339594968261963,1.6639960095481698,2.47860552641989,2.5635217374720267,0.8
full_seed42_replay_0p3_noise0p1_s9_a0p2_b0p7,42,replay,0.3,0.1,9,0.2,fpr_owa,1.7631340341847002,1.814695149313979,1.638026640853706,2.4186640013894767,2.5416478723416187,0.7
full_seed42_replay_0p3_noise0p1_s9_a0p2_b0p7,42,replay,0.3,0.1,9,0.2,crp,1.7631340341847002,1.814695149313979,1.638026640853706,2.4186640013894767,2.5416478723416187,0.7
full_seed42_replay_0p3_noise0p1_s9_a0p3_b0p8,42,replay,0.3,0.1,9,0.3,fpr_owa,1.7354730999521837,1.8079917476588756,1.60476550325592,2.4700910761851373,2.6013060237435366,0.8
full_seed42_replay_0p3_noise0p1_s9_a0p3_b0p8,42,replay,0.3,0.1,9,0.3,crp,1.7354730999521837,1.8079917476588756,1.60476550325592,2.4700910761851373,2.6013060237435366,0.8
full_seed42_replay_0p3_noise0p25_s13_a0p2_b0p7,42,replay,0.3,0.25,13,0.2,fpr_owa,1.227159644807636,1.2850692268578845,1.2030378544190596,1.7557864773989946,2.0409243223979767,0.7
full_seed42_replay_0p3_noise0p25_s13_a0p2_b0p7,42,replay,0.3,0.25,13,0.2,crp,1.2288850016748154,1.2862443537201431,1.2030378544190596,1.7557864773989946,2.0409243223979767,0.7
full_seed42_replay_0p3_noise0p25_s13_a0p3_b0p8,42,replay,0.3,0.25,13,0.3,fpr_owa,1.4304174895227528,1.5235382434178075,1.3951113381891391,2.147119541164064,2.3445412362164166,0.8
full_seed42_replay_0p3_noise0p25_s13_a0p3_b0p8,42,replay,0.3,0.25,13,0.3,crp,1.4324820906186724,1.5252558926289057,1.3951113381891391,2.148419115597981,2.3445412362164166,0.8
full_seed42_replay_0p3_noise0p25_s5_a0p2_b0p7,42,replay,0.3,0.25,5,0.2,fpr_owa,1.7578285244084555,1.825538779083528,1.6702733419829094,2.542928220014365,2.766426926313108,0.7
full_seed42_replay_0p3_noise0p25_s5_a0p2_b0p7,42,replay,0.3,0.25,5,0.2,crp,1.7578285244084555,1.825538779083528,1.6702733419829094,2.542928220014365,2.766426926313108,0.7
full_seed42_replay_0p3_noise0p25_s5_a0p3_b0p8,42,replay,0.3,0.25,5,0.3,fpr_owa,1.7596229718391732,1.826574986127383,1.6987148295398282,2.5054429131625677,2.685218321137698,0.8
full_seed42_replay_0p3_noise0p25_s5_a0p3_b0p8,42,replay,0.3,0.25,5,0.3,crp,1.7596229718391732,1.826574986127383,1.6987148295398282,2.5054429131625677,2.685218321137698,0.8
full_seed42_replay_0p3_noise0p25_s9_a0p2_b0p7,42,replay,0.3,0.25,9,0.2,fpr_owa,1.7370462412093428,1.7936977828165237,1.6294120298447707,2.427956299852821,2.6593326846511403,0.7
full_seed42_replay_0p3_noise0p25_s9_a0p2_b0p7,42,replay,0.3,0.25,9,0.2,crp,1.7370462412093428,1.7936977828165237,1.6294120298447707,2.427956299852821,2.6593326846511403,0.7
full_seed42_replay_0p3_noise0p25_s9_a0p3_b0p8,42,replay,0.3,0.25,9,0.3,fpr_owa,1.730271834512336,1.7975052114967034,1.6227174037141423,2.4612028850158816,2.6370559037383408,0.8
full_seed42_replay_0p3_noise0p25_s9_a0p3_b0p8,42,replay,0.3,0.25,9,0.3,crp,1.730271834512336,1.7975052114967034,1.6227174037141423,2.4612028850158816,2.6370559037383408,0.8
full_seed42_replay_0p3_noise0p5_s13_a0p2_b0p7,42,replay,0.3,0.5,13,0.2,fpr_owa,1.2612151780240788,1.3361580099752497,1.242017096870342,1.9678044741532368,2.564360340163068,0.7
full_seed42_replay_0p3_noise0p5_s13_a0p2_b0p7,42,replay,0.3,0.5,13,0.2,crp,1.2881203839755275,1.37192188752221,1.2674497923758892,2.0864036716044136,2.539785943424528,0.7
full_seed42_replay_0p3_noise0p5_s13_a0p3_b0p8,42,replay,0.3,0.5,13,0.3,fpr_owa,1.358069477578577,1.4523227950865814,1.313148384975468,2.1856116814090694,2.487182695732886,0.8
full_seed42_replay_0p3_noise0p5_s13_a0p3_b0p8,42,replay,0.3,0.5,13,0.3,crp,1.3877486115583642,1.4881526293979963,1.3303352733088976,2.181541770778211,2.73154810057501,0.8
full_seed42_replay_0p3_noise0p5_s5_a0p2_b0p7,42,replay,0.3,0.5,5,0.2,fpr_owa,1.7639209698299825,1.8342960885602029,1.7286285183986612,2.5810117820578857,3.0900269978175623,0.7
full_seed42_replay_0p3_noise0p5_s5_a0p2_b0p7,42,replay,0.3,0.5,5,0.2,crp,1.761492666671998,1.8335238916123784,1.7286285183986612,2.5810117820578857,3.0900269978175623,0.7
full_seed42_replay_0p3_noise0p5_s5_a0p3_b0p8,42,replay,0.3,0.5,5,0.3,fpr_owa,1.7542739297065684,1.8251875271268048,1.7425672045324352,2.61544739052765,2.9898329744077907,0.8
full_seed42_replay_0p3_noise0p5_s5_a0p3_b0p8,42,replay,0.3,0.5,5,0.3,crp,1.7532635676518138,1.825027870351035,1.7425672045324352,2.619912367730725,2.9898329744077907,0.8
full_seed42_replay_0p3_noise0p5_s9_a0p2_b0p7,42,replay,0.3,0.5,9,0.2,fpr_owa,1.7079132595073798,1.773074784046933,1.6799368706249047,2.4725184298892184,2.913077083781724,0.7
full_seed42_replay_0p3_noise0p5_s9_a0p2_b0p7,42,replay,0.3,0.5,9,0.2,crp,1.7160584901957996,1.7856954818342992,1.6668308737452546,2.5017319383149177,2.913077083781724,0.7
full_seed42_replay_0p3_noise0p5_s9_a0p3_b0p8,42,replay,0.3,0.5,9,0.3,fpr_owa,1.6915090851906782,1.7629316468093643,1.6762147016713072,2.534847784393484,2.8112617669113744,0.8
full_seed42_replay_0p3_noise0p5_s9_a0p3_b0p8,42,replay,0.3,0.5,9,0.3,crp,1.7011745603645685,1.776790178246219,1.6762147016713072,2.545905721604569,2.8612454678249226,0.8
full_seed42_replay_0p4_noise0p1_s13_a0p2_b0p7,42,replay,0.4,0.1,13,0.2,fpr_owa,1.2108887528569183,1.2540252451302691,1.208664457200718,1.6270934079900543,1.6999793311916491,0.7
full_seed42_replay_0p4_noise0p1_s13_a0p2_b0p7,42,replay,0.4,0.1,13,0.2,crp,1.2108887528569183,1.2540252451302691,1.208664457200718,1.6270934079900543,1.6999793311916491,0.7
full_seed42_replay_0p4_noise0p1_s13_a0p3_b0p8,42,replay,0.4,0.1,13,0.3,fpr_owa,1.4749169360543044,1.5484509329092675,1.4696375943774649,2.0724405358291618,2.180546407161522,0.8
full_seed42_replay_0p4_noise0p1_s13_a0p3_b0p8,42,replay,0.4,0.1,13,0.3,crp,1.4749169360543044,1.5484509329092675,1.4696375943774649,2.0724405358291618,2.180546407161522,0.8
full_seed42_replay_0p4_noise0p1_s5_a0p2_b0p7,42,replay,0.4,0.1,5,0.2,fpr_owa,1.7587840354883368,1.829183278677332,1.6422287024709643,2.492729110436056,2.582175321874684,0.7
full_seed42_replay_0p4_noise0p1_s5_a0p2_b0p7,42,replay,0.4,0.1,5,0.2,crp,1.7587840354883368,1.829183278677332,1.6422287024709643,2.492729110436056,2.582175321874684,0.7
full_seed42_replay_0p4_noise0p1_s5_a0p3_b0p8,42,replay,0.4,0.1,5,0.3,fpr_owa,1.759539471451184,1.8339594968261963,1.6639960095481698,2.47860552641989,2.5635217374720267,0.8
full_seed42_replay_0p4_noise0p1_s5_a0p3_b0p8,42,replay,0.4,0.1,5,0.3,crp,1.759539471451184,1.8339594968261963,1.6639960095481698,2.47860552641989,2.5635217374720267,0.8
full_seed42_replay_0p4_noise0p1_s9_a0p2_b0p7,42,replay,0.4,0.1,9,0.2,fpr_owa,1.762511964318766,1.8132370694636857,1.6388877604529344,2.3995658247724583,2.5467294325197654,0.7
full_seed42_replay_0p4_noise0p1_s9_a0p2_b0p7,42,replay,0.4,0.1,9,0.2,crp,1.762511964318766,1.8132370694636857,1.6388877604529344,2.3995658247724583,2.5467294325197654,0.7
full_seed42_replay_0p4_noise0p1_s9_a0p3_b0p8,42,replay,0.4,0.1,9,0.3,fpr_owa,1.7343889606234322,1.806132372938676,1.6088708114775216,2.480069247282226,2.6013060237435366,0.8
full_seed42_replay_0p4_noise0p1_s9_a0p3_b0p8,42,replay,0.4,0.1,9,0.3,crp,1.7343889606234322,1.806132372938676,1.6088708114775216,2.480069247282226,2.6013060237435366,0.8
full_seed42_replay_0p4_noise0p25_s13_a0p2_b0p7,42,replay,0.4,0.25,13,0.2,fpr_owa,1.22865966681243,1.2865909423595363,1.2251119210867414,1.7678418772730369,2.1043449542447887,0.7
full_seed42_replay_0p4_noise0p25_s13_a0p2_b0p7,42,replay,0.4,0.25,13,0.2,crp,1.2303893990328647,1.2877791953288784,1.2251119210867414,1.7678418772730369,2.1043449542447887,0.7
full_seed42_replay_0p4_noise0p25_s13_a0p3_b0p8,42,replay,0.4,0.25,13,0.3,fpr_owa,1.429690606199613,1.521908046801704,1.4077644190586105,2.14128703915014,2.3634427622779444,0.8
full_seed42_replay_0p4_noise0p25_s13_a0p3_b0p8,42,replay,0.4,0.25,13,0.3,crp,1.431759582648788,1.523640209860481,1.4077644190586105,2.1507782451206525,2.3634427622779444,0.8
full_seed42_replay_0p4_noise0p25_s5_a0p2_b0p7,42,replay,0.4,0.25,5,0.2,fpr_owa,1.7578285244084555,1.825538779083528,1.6702733419829094,2.542928220014365,2.766426926313108,0.7
full_seed42_replay_0p4_noise0p25_s5_a0p2_b0p7,42,replay,0.4,0.25,5,0.2,crp,1.7578285244084555,1.825538779083528,1.6702733419829094,2.542928220014365,2.766426926313108,0.7
full_seed42_replay_0p4_noise0p25_s5_a0p3_b0p8,42,replay,0.4,0.25,5,0.3,fpr_owa,1.7596229718391732,1.826574986127383,1.6987148295398282,2.5054429131625677,2.685218321137698,0.8
full_seed42_replay_0p4_noise0p25_s5_a0p3_b0p8,42,replay,0.4,0.25,5,0.3,crp,1.7596229718391732,1.826574986127383,1.6987148295398282,2.5054429131625677,2.685218321137698,0.8
full_seed42_replay_0p4_noise0p25_s9_a0p2_b0p7,42,replay,0.4,0.25,9,0.2,fpr_owa,1.7379629840679416,1.793721430982659,1.6155845131495934,2.443297831983182,2.6593326846511403,0.7
full_seed42_replay_0p4_noise0p25_s9_a0p2_b0p7,42,replay,0.4,0.25,9,0.2,crp,1.7379629840679416,1.793721430982659,1.6155845131495934,2.443297831983182,2.6593326846511403,0.7
full_seed42_replay_0p4_noise0p25_s9_a0p3_b0p8,42,replay,0.4,0.25,9,0.3,fpr_owa,1.728396944630332,1.7962525979062898,1.6313738928897767,2.4608488199820915,2.6370559037383408,0.8
full_seed42_replay_0p4_noise0p25_s9_a0p3_b0p8,42,replay,0.4,0.25,9,0.3,crp,1.728396944630332,1.7962525979062898,1.6313738928897767,2.4608488199820915,2.6370559037383408,0.8
full_seed42_replay_0p4_noise0p5_s13_a0p2_b0p7,42,replay,0.4,0.5,13,0.2,fpr_owa,1.2638242874448251,1.3370782725965378,1.2533647000950237,1.9848331667085568,2.566250492769221,0.7
full_seed42_replay_0p4_noise0p5_s13_a0p2_b0p7,42,replay,0.4,0.5,13,0.2,crp,1.2906991561869774,1.3715812799494078,1.2691561177112995,2.0288495315956223,2.539785943424528,0.7
full_seed42_replay_0p4_noise0p5_s13_a0p3_b0p8,42,replay,0.4,0.5,13,0.3,fpr_owa,1.3561941804473945,1.4498449535773597,1.318579383783662,2.188603198014052,2.487182695732886,0.8
full_seed42_replay_0p4_noise0p5_s13_a0p3_b0p8,42,replay,0.4,0.5,13,0.3,crp,1.3871773285500548,1.4846498505637054,1.334557410715508,2.181541770778211,2.73154810057501,0.8
full_seed42_replay_0p4_noise0p5_s5_a0p2_b0p7,42,replay,0.4,0.5,5,0.2,fpr_owa,1.7639209698299825,1.8342960885602029,1.7286285183986612,2.5810117820578857,3.0900269978175623,0.7
full_seed42_replay_0p4_noise0p5_s5_a0p2_b0p7,42,replay,0.4,0.5,5,0.2,crp,1.761492666671998,1.8335238916123784,1.7286285183986612,2.5810117820578857,3.0900269978175623,0.7
full_seed42_replay_0p4_noise0p5_s5_a0p3_b0p8,42,replay,0.4,0.5,5,0.3,fpr_owa,1.7542739297065684,1.8251875271268048,1.7425672045324352,2.61544739052765,2.9898329744077907,0.8
full_seed42_replay_0p4_noise0p5_s5_a0p3_b0p8,42,replay,0.4,0.5,5,0.3,crp,1.7532635676518138,1.825027870351035,1.7425672045324352,2.619912367730725,2.9898329744077907,0.8
full_seed42_replay_0p4_noise0p5_s9_a0p2_b0p7,42,replay,0.4,0.5,9,0.2,fpr_owa,1.7066030393973728,1.7724315909205386,1.6570999645952844,2.4678646511930777,2.913077083781724,0.7
full_seed42_replay_0p4_noise0p5_s9_a0p2_b0p7,42,replay,0.4,0.5,9,0.2,crp,1.7125819354906038,1.7822889613189596,1.653847352288372,2.4739934731273023,2.913077083781724,0.7
full_seed42_replay_0p4_noise0p5_s9_a0p3_b0p8,42,replay,0.4,0.5,9,0.3,fpr_owa,1.6881656070788107,1.7584951678877525,1.6659068393534686,2.534847784393484,2.8112617669113744,0.8
full_seed42_replay_0p4_noise0p5_s9_a0p3_b0p8,42,replay,0.4,0.5,9,0.3,crp,1.6959622901539335,1.7701290919694024,1.6659068393534686,2.5350835426665737,2.8612454678249226,0.8
full_seed42_scaling_0p0_noise0p1_s13_a0p2_b0p7,42,scaling,0.0,0.1,13,0.2,fpr_owa,1.204747239572172,1.2494632978305504,1.1889131152852903,1.6246678019843126,1.7409750298089346,0.7
full_seed42_scaling_0p0_noise0p1_s13_a0p2_b0p7,42,scaling,0.0,0.1,13,0.2,crp,1.204747239572172,1.2494632978305504,1.1889131152852903,1.6246678019843126,1.7409750298089346,0.7
full_seed42_scaling_0p0_noise0p1_s13_a0p3_b0p8,42,scaling,0.0,0.1,13,0.3,fpr_owa,1.4630984710557349,1.53918642759298,1.413795553401175,2.075003842309166,2.180546407161522,0.8
full_seed42_scaling_0p0_noise0p1_s13_a0p3_b0p8,42,scaling,0.0,0.1,13,0.3,crp,1.4630984710557349,1.53918642759298,1.413795553401175,2.075003842309166,2.180546407161522,0.8
full_seed42_scaling_0p0_noise0p1_s5_a0p2_b0p7,42,scaling,0.0,0.1,5,0.2,fpr_owa,1.7659881470137384,1.8341841107834416,1.6422287024709643,2.4841127883853624,2.582175321874684,0.7
full_seed42_scaling_0p0_noise0p1_s5_a0p2_b0p7,42,scaling,0.0,0.1,5,0.2,crp,1.7659881470137384,1.8341841107834416,1.6422287024709643,2.4841127883853624,2.582175321874684,0.7
full_seed42_scaling_0p0_noise0p1_s5_a0p3_b0p8,42,scaling,0.0,0.1,5,0.3,fpr_owa,1.7701030429409303,1.8429993973058765,1.6794693923244517,2.462546527583412,2.5635217374720267,0.8
full_seed42_scaling_0p0_noise0p1_s5_a0p3_b0p8,42,scaling,0.0,0.1,5,0.3,crp,1.7701030429409303,1.8429993973058765,1.6794693923244517,2.462546527583412,2.5635217374720267,0.8
full_seed42_scaling_0p0_noise0p1_s9_a0p2_b0p7,42,scaling,0.0,0.1,9,0.2,fpr_owa,1.7673726147488216,1.820046874004744,1.6165328076382752,2.410040800315646,2.5120531370564776,0.7
full_seed42_scaling_0p0_noise0p1_s9_a0p2_b0p7,42,scaling,0.0,0.1,9,0.2,crp,1.7673726147488216,1.820046874004744,1.6165328076382752,2.410040800315646,2.5120531370564776,0.7
full_seed42_scaling_0p0_noise0p1_s9_a0p3_b0p8,42,scaling,0.0,0.1,9,0.3,fpr_owa,1.7371656879270818,1.8102685437459043,1.5684284081958748,2.4840048378615034,2.6013060237435366,0.8
full_seed42_scaling_0p0_noise0p1_s9_a0p3_b0p8,42,scaling,0.0,0.1,9,0.3,crp,1.7371656879270818,1.8102685437459043,1.5684284081958748,2.4840048378615034,2.6013060237435366,0.8
full_seed42_scaling_0p0_noise0p25_s13_a0p2_b0p7,42,scaling,0.0,0.25,13,0.2,fpr_owa,1.2239519384539213,1.2817026770540818,1.205182468431389,1.760113942280174,2.024275092535646,0.7
full_seed42_scaling_0p0_noise0p25_s13_a0p2_b0p7,42,scaling,0.0,0.25,13,0.2,crp,1.2267448613533811,1.2845444050105337,1.205182468431389,1.7628788463443463,2.024275092535646,0.7
full_seed42_scaling_0p0_noise0p25_s13_a0p3_b0p8,42,scaling,0.0,0.25,13,0.3,fpr_owa,1.4230427131961676,1.5184860649784044,1.3737965524029805,2.155221273762169,2.39418818999486,0.8
full_seed42_scaling_0p0_noise0p25_s13_a0p3_b0p8,42,scaling,0.0,0.25,13,0.3,crp,1.4256942783791824,1.52118744240695,1.3737965524029805,2.1655636090079198,2.39418818999486,0.8
full_seed42_scaling_0p0_noise0p25_s5_a0p2_b0p7,42,scaling,0.0,0.25,5,0.2,fpr_owa,1.7534629815201763,1.8176348178843071,1.6702733419829094,2.498835294561254,2.766426926313108,0.7
full_seed42_scaling_0p0_noise0p25_s5_a0p2_b0p7,42,scaling,0.0,0.25,5,0.2,crp,1.7534629815201763,1.8176348178843071,1.6702733419829094,2.498835294561254,2.766426926313108,0.7
full_seed42_scaling_0p0_noise0p25_s5_a0p3_b0p8,42,scaling,0.0,0.25,5,0.3,fpr_owa,1.7656647976945776,1.8313428892170025,1.736099880157009,2.4929046761809115,2.754470971714729,0.8
full_seed42_scaling_0p0_noise0p25_s5_a0p3_b0p8,42,scaling,0.0,0.25,5,0.3,crp,1.7656647976945776,1.8313428892170025,1.736099880157009,2.4929046761809115,2.754470971714729,0.8
full_seed42_scaling_0p0_noise0p25_s9_a0p2_b0p7,42,scaling,0.0,0.25,9,0.2,fpr_owa,1.7426996887661814,1.8000693487288324,1.6339637308116035,2.423123977132854,2.6593326846511403,0.7
full_seed42_scaling_0p0_noise0p25_s9_a0p2_b0p7,42,scaling,0.0,0.25,9,0.2,crp,1.7426996887661814,1.8000693487288324,1.6339637308116035,2.423123977132854,2.6593326846511403,0.7
full_seed42_scaling_0p0_noise0p25_s9_a0p3_b0p8,42,scaling,0.0,0.25,9,0.3,fpr_owa,1.7265432730010424,1.7937771837860732,1.6347870467410623,2.443306404915865,2.6370559037383408,0.8
full_seed42_scaling_0p0_noise0p25_s9_a0p3_b0p8,42,scaling,0.0,0.25,9,0.3,crp,1.7265432730010424,1.7937771837860732,1.6347870467410623,2.443306404915865,2.6370559037383408,0.8
full_seed42_scaling_0p0_noise0p5_s13_a0p2_b0p7,42,scaling,0.0,0.5,13,0.2,fpr_owa,1.2651689934985595,1.340754609269621,1.2510081640849386,1.9562212874413472,2.5391523953948094,0.7
full_seed42_scaling_0p0_noise0p5_s13_a0p2_b0p7,42,scaling,0.0,0.5,13,0.2,crp,1.3014793643576144,1.3868869711051248,1.2698779980888375,2.113231236140137,2.539785943424528,0.7
full_seed42_scaling_0p0_noise0p5_s13_a0p3_b0p8,42,scaling,0.0,0.5,13,0.3,fpr_owa,1.367046147538045,1.4636488360017177,1.3150144644377917,2.2460766148079334,2.527203313790653,0.8
full_seed42_scaling_0p0_noise0p5_s13_a0p3_b0p8,42,scaling,0.0,0.5,13,0.3,crp,1.3931416715811489,1.4959009176156657,1.3303352733088976,2.259656267779179,2.73154810057501,0.8
full_seed42_scaling_0p0_noise0p5_s5_a0p2_b0p7,42,scaling,0.0,0.5,5,0.2,fpr_owa,1.7663549785759736,1.835242703992113,1.7353897935097486,2.5297316606163123,3.0735129337104823,0.7
full_seed42_scaling_0p0_noise0p5_s5_a0p2_b0p7,42,scaling,0.0,0.5,5,0.2,crp,1.762262891078861,1.8319908599487944,1.7303133373235235,2.5297316606163123,3.0735129337104823,0.7
full_seed42_scaling_0p0_noise0p5_s5_a0p3_b0p8,42,scaling,0.0,0.5,5,0.3,fpr_owa,1.7690730180982104,1.8388569143154083,1.7445279805006293,2.59181469592718,3.1350957762386087,0.8
full_seed42_scaling_0p0_noise0p5_s5_a0p3_b0p8,42,scaling,0.0,0.5,5,0.3,crp,1.7676250831317517,1.8378921924760072,1.741437731089552,2.59181469592718,3.1350957762386087,0.8
full_seed42_scaling_0p0_noise0p5_s9_a0p2_b0p7,42,scaling,0.0,0.5,9,0.2,fpr_owa,1.7166312646319943,1.7837266978711783,1.6667549411243054,2.4252408629733706,2.913077083781724,0.7
full_seed42_scaling_0p0_noise0p5_s9_a0p2_b0p7,42,scaling,0.0,0.5,9,0.2,crp,1.7218968322059898,1.793573691799956,1.6647032396139083,2.480474689679588,2.913077083781724,0.7
full_seed42_scaling_0p0_noise0p5_s9_a0p3_b0p8,42,scaling,0.0,0.5,9,0.3,fpr_owa,1.6986998747237194,1.770390544901288,1.680218113046028,2.473113970704796,2.8112617669113744,0.8
full_seed42_scaling_0p0_noise0p5_s9_a0p3_b0p8,42,scaling,0.0,0.5,9,0.3,crp,1.7075802004854217,1.783654820877225,1.680218113046028,2.497825922124619,2.8612454678249226,0.8
full_seed42_scaling_0p1_noise0p1_s13_a0p2_b0p7,42,scaling,0.1,0.1,13,0.2,fpr_owa,1.211990070860653,1.2578936393534097,1.2006013256268906,1.653836357405524,1.7906463267256822,0.7
full_seed42_scaling_0p1_noise0p1_s13_a0p2_b0p7,42,scaling,0.1,0.1,13,0.2,crp,1.211990070860653,1.2578936393534097,1.2006013256268906,1.653836357405524,1.7906463267256822,0.7
full_seed42_scaling_0p1_noise0p1_s13_a0p3_b0p8,42,scaling,0.1,0.1,13,0.3,fpr_owa,1.4713353649756575,1.5488621884068725,1.4191788862475376,2.083180300542068,2.1873608443310024,0.8
full_seed42_scaling_0p1_noise0p1_s13_a0p3_b0p8,42,scaling,0.1,0.1,13,0.3,crp,1.4713353649756575,1.5488621884068725,1.4191788862475376,2.083180300542068,2.1873608443310024,0.8
full_seed42_scaling_0p1_noise0p1_s5_a0p2_b0p7,42,scaling,0.1,0.1,5,0.2,fpr_owa,1.7659881470137384,1.8341841107834416,1.6422287024709643,2.4841127883853624,2.582175321874684,0.7
full_seed42_scaling_0p1_noise0p1_s5_a0p2_b0p7,42,scaling,0.1,0.1,5,0.2,crp,1.7659881470137384,1.8341841107834416,1.6422287024709643,2.4841127883853624,2.582175321874684,0.7
full_seed42_scaling_0p1_noise0p1_s5_a0p3_b0p8,42,scaling,0.1,0.1,5,0.3,fpr_owa,1.7701030429409303,1.8429993973058765,1.6794693923244517,2.462546527583412,2.5635217374720267,0.8
full_seed42_scaling_0p1_noise0p1_s5_a0p3_b0p8,42,scaling,0.1,0.1,5,0.3,crp,1.7701030429409303,1.8429993973058765,1.6794693923244517,2.462546527583412,2.5635217374720267,0.8
full_seed42_scaling_0p1_noise0p1_s9_a0p2_b0p7,42,scaling,0.1,0.1,9,0.2,fpr_owa,1.782958465393783,1.8353926808440264,1.6266814748889027,2.426471219167061,2.5120531370564776,0.7
full_seed42_scaling_0p1_noise0p1_s9_a0p2_b0p7,42,scaling,0.1,0.1,9,0.2,crp,1.782958465393783,1.8353926808440264,1.6266814748889027,2.426471219167061,2.5120531370564776,0.7
full_seed42_scaling_0p1_noise0p1_s9_a0p3_b0p8,42,scaling,0.1,0.1,9,0.3,fpr_owa,1.7522131536184806,1.82448014155954,1.6072979200157862,2.462958928499074,2.6013060237435366,0.8
full_seed42_scaling_0p1_noise0p1_s9_a0p3_b0p8,42,scaling,0.1,0.1,9,0.3,crp,1.7522131536184806,1.82448014155954,1.6072979200157862,2.462958928499074,2.6013060237435366,0.8
full_seed42_scaling_0p1_noise0p25_s13_a0p2_b0p7,42,scaling,0.1,0.25,13,0.2,fpr_owa,1.2328468872016127,1.2916529750982064,1.2126837180288677,1.7657474707011849,2.073946389452394,0.7
full_seed42_scaling_0p1_noise0p25_s13_a0p2_b0p7,42,scaling,0.1,0.25,13,0.2,crp,1.2355844821500537,1.2944240465550114,1.2126837180288677,1.7707854318302778,2.073946389452394,0.7
full_seed42_scaling_0p1_noise0p25_s13_a0p3_b0p8,42,scaling,0.1,0.25,13,0.3,fpr_owa,1.4295650686054169,1.5262930864050035,1.3737965524029805,2.170501638985984,2.443859486911608,0.8
full_seed42_scaling_0p1_noise0p25_s13_a0p3_b0p8,42,scaling,0.1,0.25,13,0.3,crp,1.4321929024058755,1.5289675867928971,1.3737965524029805,2.172645475506441,2.443859486911608,0.8
full_seed42_scaling_0p1_noise0p25_s5_a0p2_b0p7,42,scaling,0.1,0.25,5,0.2,fpr_owa,1.7534629815201763,1.8176348178843071,1.6702733419829094,2.498835294561254,2.766426926313108,0.7
full_seed42_scaling_0p1_noise0p25_s5_a0p2_b0p7,42,scaling,0.1,0.25,5,0.2,crp,1.7534629815201763,1.8176348178843071,1.6702733419829094,2.498835294561254,2.766426926313108,0.7
full_seed42_scaling_0p1_noise0p25_s5_a0p3_b0p8,42,scaling,0.1,0.25,5,0.3,fpr_owa,1.7656647976945776,1.8313428892170025,1.736099880157009,2.4929046761809115,2.754470971714729,0.8
full_seed42_scaling_0p1_noise0p25_s5_a0p3_b0p8,42,scaling,0.1,0.25,5,0.3,crp,1.7656647976945776,1.8313428892170025,1.736099880157009,2.4929046761809115,2.754470971714729,0.8
full_seed42_scaling_0p1_noise0p25_s9_a0p2_b0p7,42,scaling,0.1,0.25,9,0.2,fpr_owa,1.7537956598830908,1.81343341666404,1.6448317488269382,2.451362509824234,2.6593326846511403,0.7
full_seed42_scaling_0p1_noise0p25_s9_a0p2_b0p7,42,scaling,0.1,0.25,9,0.2,crp,1.7537956598830908,1.81343341666404,1.6448317488269382,2.451362509824234,2.6593326846511403,0.7
full_seed42_scaling_0p1_noise0p25_s9_a0p3_b0p8,42,scaling,0.1,0.25,9,0.3,fpr_owa,1.7321471199292489,1.800668833086858,1.6499703033420068,2.449374394341228,2.6370559037383408,0.8
full_seed42_scaling_0p1_noise0p25_s9_a0p3_b0p8,42,scaling,0.1,0.25,9,0.3,crp,1.7321471199292489,1.800668833086858,1.6499703033420068,2.449374394341228,2.6370559037383408,0.8
full_seed42_scaling_0p1_noise0p5_s13_a0p2_b0p7,42,scaling,0.1,0.5,13,0.2,fpr_owa,1.2749902748807378,1.3516420789551504,1.2606102708040612,1.9754115383582505,2.588823692311557,0.7
full_seed42_scaling_0p1_noise0p5_s13_a0p2_b0p7,42,scaling,0.1,0.5,13,0.2,crp,1.311156422489386,1.3981792795320256,1.2698779980888375,2.1488474824544634,2.539785943424528,0.7
full_seed42_scaling_0p1_noise0p5_s13_a0p3_b0p8,42,scaling,0.1,0.5,13,0.3,fpr_owa,1.3812116554419045,1.4798373782930423,1.3150144644377917,2.304441746926864,2.576874610707401,0.8
full_seed42_scaling_0p1_noise0p5_s13_a0p3_b0p8,42,scaling,0.1,0.5,13,0.3,crp,1.409591445298043,1.514169101074684,1.335418045066103,2.3088947382409604,2.73154810057501,0.8
full_seed42_scaling_0p1_noise0p5_s5_a0p2_b0p7,42,scaling,0.1,0.5,5,0.2,fpr_owa,1.7663549785759736,1.835242703992113,1.7353897935097486,2.5297316606163123,3.0735129337104823,0.7
full_seed42_scaling_0p1_noise0p5_s5_a0p2_b0p7,42,scaling,0.1,0.5,5,0.2,crp,1.762262891078861,1.8319908599487944,1.7303133373235235,2.5297316606163123,3.0735129337104823,0.7
full_seed42_scaling_0p1_noise0p5_s5_a0p3_b0p8,42,scaling,0.1,0.5,5,0.3,fpr_owa,1.7690730180982104,1.8388569143154083,1.7445279805006293,2.59181469592718,3.1350957762386087,0.8
full_seed42_scaling_0p1_noise0p5_s5_a0p3_b0p8,42,scaling,0.1,0.5,5,0.3,crp,1.7676250831317517,1.8378921924760072,1.741437731089552,2.59181469592718,3.1350957762386087,0.8
full_seed42_scaling_0p1_noise0p5_s9_a0p2_b0p7,42,scaling,0.1,0.5,9,0.2,fpr_owa,1.7348229099366324,1.8053493285305957,1.6926491094029965,2.482846544572616,2.913077083781724,0.7
full_seed42_scaling_0p1_noise0p5_s9_a0p2_b0p7,42,scaling,0.1,0.5,9,0.2,crp,1.7379054436532984,1.8118113089837853,1.68963985425178,2.5487702539413326,2.913077083781724,0.7
full_seed42_scaling_0p1_noise0p5_s9_a0p3_b0p8,42,scaling,0.1,0.5,9,0.3,fpr_owa,1.7101646741264973,1.7837314645438094,1.683003944763986,2.4993435784910822,2.859282516922032,0.8
full_seed42_scaling_0p1_noise0p5_s9_a0p3_b0p8,42,scaling,0.1,0.5,9,0.3,crp,1.7163848302793956,1.7931662062129607,1.6798635961889588,2.524788619539278,2.8612454678249226,0.8
full_seed42_scaling_0p2_noise0p1_s13_a0p2_b0p7,42,scaling,0.2,0.1,13,0.2,fpr_owa,1.2315615071996422,1.2801745967010572,1.2164784644319817,1.7001841859485003,1.840054167111992,0.7
full_seed42_scaling_0p2_noise0p1_s13_a0p2_b0p7,42,scaling,0.2,0.1,13,0.2,crp,1.2315615071996422,1.2801745967010572,1.2164784644319817,1.7001841859485003,1.840054167111992,0.7
full_seed42_scaling_0p2_noise0p1_s13_a0p3_b0p8,42,scaling,0.2,0.1,13,0.3,fpr_owa,1.5000831275406814,1.5793036360623804,1.467721125366675,2.147669750988564,2.3048351055083622,0.8
full_seed42_scaling_0p2_noise0p1_s13_a0p3_b0p8,42,scaling,0.2,0.1,13,0.3,crp,1.5000831275406814,1.5793036360623804,1.467721125366675,2.147669750988564,2.3048351055083622,0.8
full_seed42_scaling_0p2_noise0p1_s5_a0p2_b0p7,42,scaling,0.2,0.1,5,0.2,fpr_owa,1.7866255589751645,1.8537504507726312,1.6597617337418074,2.494569001938653,2.582175321874684,0.7
full_seed42_scaling_0p2_noise0p1_s5_a0p2_b0p7,42,scaling,0.2,0.1,5,0.2,crp,1.7866255589751645,1.8537504507726312,1.6597617337418074,2.494569001938653,2.582175321874684,0.7
full_seed42_scaling_0p2_noise0p1_s5_a0p3_b0p8,42,scaling,0.2,0.1,5,0.3,fpr_owa,1.7875313864250493,1.8591702551199236,1.709190074391555,2.478389758013078,2.5635217374720267,0.8
full_seed42_scaling_0p2_noise0p1_s5_a0p3_b0p8,42,scaling,0.2,0.1,5,0.3,crp,1.7875313864250493,1.8591702551199236,1.709190074391555,2.478389758013078,2.5635217374720267,0.8
full_seed42_scaling_0p2_noise0p1_s9_a0p2_b0p7,42,scaling,0.2,0.1,9,0.2,fpr_owa,1.7896000533875271,1.8427347595218304,1.6524389488974516,2.4379939759362266,2.5120531370564776,0.7
full_seed42_scaling_0p2_noise0p1_s9_a0p2_b0p7,42,scaling,0.2,0.1,9,0.2,crp,1.7896000533875271,1.8427347595218304,1.6524389488974516,2.4379939759362266,2.5120531370564776,0.7
full_seed42_scaling_0p2_noise0p1_s9_a0p3_b0p8,42,scaling,0.2,0.1,9,0.3,fpr_owa,1.761592566715609,1.834701072901464,1.6295009197874322,2.492717437040654,2.6013060237435366,0.8
full_seed42_scaling_0p2_noise0p1_s9_a0p3_b0p8,42,scaling,0.2,0.1,9,0.3,crp,1.761592566715609,1.834701072901464,1.6295009197874322,2.492717437040654,2.6013060237435366,0.8
full_seed42_scaling_0p2_noise0p25_s13_a0p2_b0p7,42,scaling,0.2,0.25,13,0.2,fpr_owa,1.2480817306490837,1.3093624747197343,1.2312990451378174,1.809799028468965,2.1217379325437857,0.7
full_seed42_scaling_0p2_noise0p25_s13_a0p2_b0p7,42,scaling,0.2,0.25,13,0.2,crp,1.250724000965929,1.3120639777331402,1.2312990451378174,1.817213176194827,2.1217379325437857,0.7
full_seed42_scaling_0p2_noise0p25_s13_a0p3_b0p8,42,scaling,0.2,0.25,13,0.3,fpr_owa,1.4539783382838578,1.5533292680865236,1.3948723140919697,2.2308061025988444,2.519537386682722,0.8
full_seed42_scaling_0p2_noise0p25_s13_a0p3_b0p8,42,scaling,0.2,0.25,13,0.3,crp,1.4565255771261247,1.555952263772527,1.3948723140919697,2.2308061025988444,2.519537386682722,0.8
full_seed42_scaling_0p2_noise0p25_s5_a0p2_b0p7,42,scaling,0.2,0.25,5,0.2,fpr_owa,1.7773892240120874,1.8418925680012737,1.7038680787328149,2.498835294561254,2.815389482333832,0.7
full_seed42_scaling_0p2_noise0p25_s5_a0p2_b0p7,42,scaling,0.2,0.25,5,0.2,crp,1.7773892240120874,1.8418925680012737,1.7038680787328149,2.498835294561254,2.815389482333832,0.7
full_seed42_scaling_0p2_noise0p25_s5_a0p3_b0p8,42,scaling,0.2,0.25,5,0.3,fpr_owa,1.7852369419070897,1.851193188701076,1.7443385928369322,2.5069079720387064,2.776250636679851,0.8
full_seed42_scaling_0p2_noise0p25_s5_a0p3_b0p8,42,scaling,0.2,0.25,5,0.3,crp,1.7852369419070897,1.851193188701076,1.7443385928369322,2.5069079720387064,2.776250636679851,0.8
full_seed42_scaling_0p2_noise0p25_s9_a0p2_b0p7,42,scaling,0.2,0.25,9,0.2,fpr_owa,1.7627191093099412,1.823827399120124,1.656602317327223,2.4940656249637274,2.6593326846511403,0.7
full_seed42_scaling_0p2_noise0p25_s9_a0p2_b0p7,42,scaling,0.2,0.25,9,0.2,crp,1.762928945061777,1.8240436371326272,1.656602317327223,2.4940656249637274,2.6593326846511403,0.7
full_seed42_scaling_0p2_noise0p25_s9_a0p3_b0p8,42,scaling,0.2,0.25,9,0.3,fpr_owa,1.7395779019094983,1.8103017052326216,1.6509489208423616,2.4725093548432,2.658255809907123,0.8
full_seed42_scaling_0p2_noise0p25_s9_a0p3_b0p8,42,scaling,0.2,0.25,9,0.3,crp,1.7399877384468152,1.810762851951736,1.6509489208423616,2.4725093548432,2.658255809907123,0.8
full_seed42_scaling_0p2_noise0p5_s13_a0p2_b0p7,42,scaling,0.2,0.5,13,0.2,fpr_owa,1.28830390572369,1.365321747890859,1.265929269496164,2.0756007227341517,2.641594135378434,0.7
full_seed42_scaling_0p2_noise0p5_s13_a0p2_b0p7,42,scaling,0.2,0.5,13,0.2,crp,1.3248999048285492,1.41197771853124,1.278804295632208,2.145421668507824,2.53988273145536,0.7
full_seed42_scaling_0p2_noise0p5_s13_a0p3_b0p8,42,scaling,0.2,0.5,13,0.3,fpr_owa,1.400423780183321,1.5008469860102678,1.3303352733088976,2.3323337742581414,2.6372914222001493,0.8
full_seed42_scaling_0p2_noise0p5_s13_a0p3_b0p8,42,scaling,0.2,0.5,13,0.3,crp,1.427883736363632,1.5348732101698468,1.343925452696653,2.317475544985702,2.780491338305748,0.8
full_seed42_scaling_0p2_noise0p5_s5_a0p2_b0p7,42,scaling,0.2,0.5,5,0.2,fpr_owa,1.7883468076618785,1.858072439610248,1.7595355053298625,2.558481364842733,3.0735129337104823,0.7
full_seed42_scaling_0p2_noise0p5_s5_a0p2_b0p7,42,scaling,0.2,0.5,5,0.2,crp,1.784280899241942,1.855494782852672,1.7595355053298625,2.558481364842733,3.0735129337104823,0.7
full_seed42_scaling_0p2_noise0p5_s5_a0p3_b0p8,42,scaling,0.2,0.5,5,0.3,fpr_owa,1.796142688013045,1.8659894772449432,1.772875264880989,2.59181469592718,3.1577870043852907,0.8
full_seed42_scaling_0p2_noise0p5_s5_a0p3_b0p8,42,scaling,0.2,0.5,5,0.3,crp,1.793869520710002,1.864488617571713,1.7646809719752443,2.59181469592718,3.1577870043852907,0.8
full_seed42_scaling_0p2_noise0p5_s9_a0p2_b0p7,42,scaling,0.2,0.5,9,0.2,fpr_owa,1.7486187712489278,1.8203444109490028,1.7211252706812696,2.5583240779250267,2.913077083781724,0.7
full_seed42_scaling_0p2_noise0p5_s9_a0p2_b0p7,42,scaling,0.2,0.5,9,0.2,crp,1.7484389917665533,1.822173972656159,1.7093503274173218,2.5583240779250267,2.913077083781724,0.7
full_seed42_scaling_0p2_noise0p5_s9_a0p3_b0p8,42,scaling,0.2,0.5,9,0.3,fpr_owa,1.7224053096538667,1.7963990302168993,1.694117962505423,2.52646610571717,2.8531266434757447,0.8
full_seed42_scaling_0p2_noise0p5_s9_a0p3_b0p8,42,scaling,0.2,0.5,9,0.3,crp,1.7283848342263946,1.805303584976568,1.694117962505423,2.52646610571717,2.8612454678249226,0.8
full_seed42_scaling_0p3_noise0p1_s13_a0p2_b0p7,42,scaling,0.3,0.1,13,0.2,fpr_owa,1.2333930468545744,1.2857300302415864,1.2192700771093894,1.72228295626911,1.878144459710191,0.7
full_seed42_scaling_0p3_noise0p1_s13_a0p2_b0p7,42,scaling,0.3,0.1,13,0.2,crp,1.2333930468545744,1.2857300302415864,1.2192700771093894,1.72228295626911,1.878144459710191,0.7
full_seed42_scaling_0p3_noise0p1_s13_a0p3_b0p8,42,scaling,0.3,0.1,13,0.3,fpr_owa,1.5045083374318005,1.5874726896758946,1.4846124976524382,2.1929895320779917,2.3322017670643844,0.8
full_seed42_scaling_0p3_noise0p1_s13_a0p3_b0p8,42,scaling,0.3,0.1,13,0.3,crp,1.5045083374318005,1.5874726896758946,1.4846124976524382,2.1929895320779917,2.3322017670643844,0.8
full_seed42_scaling_0p3_noise0p1_s5_a0p2_b0p7,42,scaling,0.3,0.1,5,0.2,fpr_owa,1.802898502322013,1.872507506185516,1.683421550946176,2.503349634308911,2.6414718909850707,0.7
full_seed42_scaling_0p3_noise0p1_s5_a0p2_b0p7,42,scaling,0.3,0.1,5,0.2,crp,1.802898502322013,1.872507506185516,1.683421550946176,2.503349634308911,2.6414718909850707,0.7
full_seed42_scaling_0p3_noise0p1_s5_a0p3_b0p8,42,scaling,0.3,0.1,5,0.3,fpr_owa,1.8053476535667683,1.8781712725817583,1.708809721265543,2.50853807565676,2.6870947261302858,0.8
full_seed42_scaling_0p3_noise0p1_s5_a0p3_b0p8,42,scaling,0.3,0.1,5,0.3,crp,1.8053476535667683,1.8781712725817583,1.708809721265543,2.50853807565676,2.6870947261302858,0.8
full_seed42_scaling_0p3_noise0p1_s9_a0p2_b0p7,42,scaling,0.3,0.1,9,0.2,fpr_owa,1.8008507077703355,1.8574083254647984,1.6563541323249915,2.493133056528353,2.6524577882206324,0.7
full_seed42_scaling_0p3_noise0p1_s9_a0p2_b0p7,42,scaling,0.3,0.1,9,0.2,crp,1.8008507077703355,1.8574083254647984,1.6563541323249915,2.493133056528353,2.6524577882206324,0.7
full_seed42_scaling_0p3_noise0p1_s9_a0p3_b0p8,42,scaling,0.3,0.1,9,0.3,fpr_owa,1.772409425757899,1.8475931676695827,1.595218688657097,2.5300756108144635,2.6607485163006337,0.8
full_seed42_scaling_0p3_noise0p1_s9_a0p3_b0p8,42,scaling,0.3,0.1,9,0.3,crp,1.772409425757899,1.8475931676695827,1.595218688657097,2.5300756108144635,2.6607485163006337,0.8
full_seed42_scaling_0p3_noise0p25_s13_a0p2_b0p7,42,scaling,0.3,0.25,13,0.2,fpr_owa,1.2562069276237826,1.3174534177247057,1.2356321910358776,1.8564103803671628,2.1112732058415085,0.7
full_seed42_scaling_0p3_noise0p25_s13_a0p2_b0p7,42,scaling,0.3,0.25,13,0.2,crp,1.258866440051611,1.3201906972618171,1.2356321910358776,1.8604207281462768,2.1112732058415085,0.7
full_seed42_scaling_0p3_noise0p25_s13_a0p3_b0p8,42,scaling,0.3,0.25,13,0.3,fpr_owa,1.461543697547787,1.5629942980910527,1.3989784269668175,2.266835576050861,2.498160042645865,0.8
full_seed42_scaling_0p3_noise0p25_s13_a0p3_b0p8,42,scaling,0.3,0.25,13,0.3,crp,1.4640749106051667,1.5656075468525168,1.3989784269668175,2.27189669153972,2.498160042645865,0.8
full_seed42_scaling_0p3_noise0p25_s5_a0p2_b0p7,42,scaling,0.3,0.25,5,0.2,fpr_owa,1.8004877117779263,1.867081036820723,1.7471584886103346,2.5719200885355185,2.9045032827354174,0.7
full_seed42_scaling_0p3_noise0p25_s5_a0p2_b0p7,42,scaling,0.3,0.25,5,0.2,crp,1.8004877117779263,1.867081036820723,1.7471584886103346,2.5719200885355185,2.9045032827354174,0.7
full_seed42_scaling_0p3_noise0p25_s5_a0p3_b0p8,42,scaling,0.3,0.25,5,0.3,fpr_owa,1.8005158644746857,1.8668748548327592,1.7490473218846505,2.5340115594089974,2.8937128546332835,0.8
full_seed42_scaling_0p3_noise0p25_s5_a0p3_b0p8,42,scaling,0.3,0.25,5,0.3,crp,1.8005158644746857,1.8668748548327592,1.7490473218846505,2.5340115594089974,2.8937128546332835,0.8
full_seed42_scaling_0p3_noise0p25_s9_a0p2_b0p7,42,scaling,0.3,0.25,9,0.2,fpr_owa,1.7803580431923214,1.8403650952215096,1.6908530444908156,2.5193084468470897,2.6593326846511403,0.7
full_seed42_scaling_0p3_noise0p25_s9_a0p2_b0p7,42,scaling,0.3,0.25,9,0.2,crp,1.7806023949315806,1.8406239850838872,1.6908530444908156,2.5193084468470897,2.6593326846511403,0.7
full_seed42_scaling_0p3_noise0p25_s9_a0p3_b0p8,42,scaling,0.3,0.25,9,0.3,fpr_owa,1.7566587509316145,1.828175715489518,1.6556933245204783,2.538641484851573,2.763958348934352,0.8
full_seed42_scaling_0p3_noise0p25_s9_a0p3_b0p8,42,scaling,0.3,0.25,9,0.3,crp,1.757103103456355,1.8286879168059909,1.6556933245204783,2.538641484851573,2.763958348934352,0.8
full_seed42_scaling_0p3_noise0p5_s13_a0p2_b0p7,42,scaling,0.3,0.5,13,0.2,fpr_owa,1.2985932724828717,1.377527458195077,1.265929269496164,2.1039655807683983,2.565662607250045,0.7
full_seed42_scaling_0p3_noise0p5_s13_a0p2_b0p7,42,scaling,0.3,0.5,13,0.2,crp,1.3376793384367889,1.429071875772448,1.278804295632208,2.214727823742044,2.6460888397259983,0.7
full_seed42_scaling_0p3_noise0p5_s13_a0p3_b0p8,42,scaling,0.3,0.5,13,0.3,fpr_owa,1.4155281215741808,1.5184801267480152,1.3262716994300776,2.351401841015612,2.68694870183136,0.8
full_seed42_scaling_0p3_noise0p5_s13_a0p3_b0p8,42,scaling,0.3,0.5,13,0.3,crp,1.4480814045944217,1.5578197382087535,1.343925452696653,2.3654184685764554,2.73154810057501,0.8
full_seed42_scaling_0p3_noise0p5_s5_a0p2_b0p7,42,scaling,0.3,0.5,5,0.2,fpr_owa,1.812190531231605,1.8851436205146064,1.8005632217710512,2.695536693651482,3.138327191163073,0.7
full_seed42_scaling_0p3_noise0p5_s5_a0p2_b0p7,42,scaling,0.3,0.5,5,0.2,crp,1.809119695559283,1.8834266859978208,1.7940171645126113,2.695536693651482,3.138327191163073,0.7
full_seed42_scaling_0p3_noise0p5_s5_a0p3_b0p8,42,scaling,0.3,0.5,5,0.3,fpr_owa,1.8135802647145385,1.8859778362506523,1.7925660074707248,2.6679521225980825,3.259325382481808,0.8
full_seed42_scaling_0p3_noise0p5_s5_a0p3_b0p8,42,scaling,0.3,0.5,5,0.3,crp,1.813335569276448,1.8867077305795243,1.7838804576919776,2.6679521225980825,3.259325382481808,0.8
full_seed42_scaling_0p3_noise0p5_s9_a0p2_b0p7,42,scaling,0.3,0.5,9,0.2,fpr_owa,1.7627501390700595,1.833612334749752,1.7073942591974045,2.593081526500748,2.9312445197174988,0.7
full_seed42_scaling_0p3_noise0p5_s9_a0p2_b0p7,42,scaling,0.3,0.5,9,0.2,crp,1.7618178506477462,1.835464008071067,1.6967816152223998,2.596634290213053,2.9312445197174988,0.7
full_seed42_scaling_0p3_noise0p5_s9_a0p3_b0p8,42,scaling,0.3,0.5,9,0.3,fpr_owa,1.7336127986332253,1.8077256000592752,1.713466502290536,2.5356775853465057,2.9375937662231264,0.8
full_seed42_scaling_0p3_noise0p5_s9_a0p3_b0p8,42,scaling,0.3,0.5,9,0.3,crp,1.7417934549164689,1.819972399541344,1.7078577513284223,2.567822389200633,2.9375937662231264,0.8
full_seed42_scaling_0p4_noise0p1_s13_a0p2_b0p7,42,scaling,0.4,0.1,13,0.2,fpr_owa,1.2397469977618352,1.293695389103604,1.222610144600862,1.7468803971872475,1.8959329228258968,0.7
full_seed42_scaling_0p4_noise0p1_s13_a0p2_b0p7,42,scaling,0.4,0.1,13,0.2,crp,1.2397469977618352,1.293695389103604,1.222610144600862,1.7468803971872475,1.8959329228258968,0.7
full_seed42_scaling_0p4_noise0p1_s13_a0p3_b0p8,42,scaling,0.4,0.1,13,0.3,fpr_owa,1.5100270012193668,1.5968284641365722,1.490861700943542,2.224656703584663,2.3799629211582234,0.8
full_seed42_scaling_0p4_noise0p1_s13_a0p3_b0p8,42,scaling,0.4,0.1,13,0.3,crp,1.5100270012193668,1.5968284641365722,1.490861700943542,2.224656703584663,2.3799629211582234,0.8
full_seed42_scaling_0p4_noise0p1_s5_a0p2_b0p7,42,scaling,0.4,0.1,5,0.2,fpr_owa,1.802898502322013,1.872507506185516,1.683421550946176,2.503349634308911,2.6414718909850707,0.7
full_seed42_scaling_0p4_noise0p1_s5_a0p2_b0p7,42,scaling,0.4,0.1,5,0.2,crp,1.802898502322013,1.872507506185516,1.683421550946176,2.503349634308911,2.6414718909850707,0.7
full_seed42_scaling_0p4_noise0p1_s5_a0p3_b0p8,42,scaling,0.4,0.1,5,0.3,fpr_owa,1.8053476535667683,1.8781712725817583,1.708809721265543,2.50853807565676,2.6870947261302858,0.8
full_seed42_scaling_0p4_noise0p1_s5_a0p3_b0p8,42,scaling,0.4,0.1,5,0.3,crp,1.8053476535667683,1.8781712725817583,1.708809721265543,2.50853807565676,2.6870947261302858,0.8
full_seed42_scaling_0p4_noise0p1_s9_a0p2_b0p7,42,scaling,0.4,0.1,9,0.2,fpr_owa,1.8174320502860744,1.8748054187962044,1.6431581653978975,2.5324894959764603,2.6763023641158314,0.7
full_seed42_scaling_0p4_noise0p1_s9_a0p2_b0p7,42,scaling,0.4,0.1,9,0.2,crp,1.8174320502860744,1.8748054187962044,1.6431581653978975,2.5324894959764603,2.6763023641158314,0.7
full_seed42_scaling_0p4_noise0p1_s9_a0p3_b0p8,42,scaling,0.4,0.1,9,0.3,fpr_owa,1.786746740461728,1.8646296376164528,1.6325051446959722,2.5906981706445324,2.663099888009223,0.8
full_seed42_scaling_0p4_noise0p1_s9_a0p3_b0p8,42,scaling,0.4,0.1,9,0.3,crp,1.786746740461728,1.8646296376164528,1.6325051446959722,2.5906981706445324,2.663099888009223,0.8
full_seed42_scaling_0p4_noise0p25_s13_a0p2_b0p7,42,scaling,0.4,0.25,13,0.2,fpr_owa,1.2672570949707256,1.32989739655627,1.2528989256554988,1.873496117060634,2.1293237694339364,0.7
full_seed42_scaling_0p4_noise0p25_s13_a0p2_b0p7,42,scaling,0.4,0.25,13,0.2,crp,1.2719948227624172,1.3353570783938349,1.2528989256554988,1.8798180743370376,2.1293237694339364,0.7
full_seed42_scaling_0p4_noise0p25_s13_a0p3_b0p8,42,scaling,0.4,0.25,13,0.3,fpr_owa,1.476985805894799,1.5809771362262677,1.4242816536791714,2.295169973327065,2.5459211967397035,0.8
full_seed42_scaling_0p4_noise0p25_s13_a0p3_b0p8,42,scaling,0.4,0.25,13,0.3,crp,1.4811353291893674,1.5857528860399126,1.4242816536791714,2.309050147880423,2.5459211967397035,0.8
full_seed42_scaling_0p4_noise0p25_s5_a0p2_b0p7,42,scaling,0.4,0.25,5,0.2,fpr_owa,1.8004877117779263,1.867081036820723,1.7471584886103346,2.5719200885355185,2.9045032827354174,0.7
full_seed42_scaling_0p4_noise0p25_s5_a0p2_b0p7,42,scaling,0.4,0.25,5,0.2,crp,1.8004877117779263,1.867081036820723,1.7471584886103346,2.5719200885355185,2.9045032827354174,0.7
full_seed42_scaling_0p4_noise0p25_s5_a0p3_b0p8,42,scaling,0.4,0.25,5,0.3,fpr_owa,1.8005158644746857,1.8668748548327592,1.7490473218846505,2.5340115594089974,2.8937128546332835,0.8
full_seed42_scaling_0p4_noise0p25_s5_a0p3_b0p8,42,scaling,0.4,0.25,5,0.3,crp,1.8005158644746857,1.8668748548327592,1.7490473218846505,2.5340115594089974,2.8937128546332835,0.8
full_seed42_scaling_0p4_noise0p25_s9_a0p2_b0p7,42,scaling,0.4,0.25,9,0.2,fpr_owa,1.7986627941632327,1.8597717292738625,1.6978579515502863,2.5424028282067748,2.7058847605791967,0.7
full_seed42_scaling_0p4_noise0p25_s9_a0p2_b0p7,42,scaling,0.4,0.25,9,0.2,crp,1.7997415823223188,1.860966701628869,1.6978579515502863,2.5424028282067748,2.7058847605791967,0.7
full_seed42_scaling_0p4_noise0p25_s9_a0p3_b0p8,42,scaling,0.4,0.25,9,0.3,fpr_owa,1.773477236843245,1.8464625024697616,1.6950023111741312,2.558517877802401,2.826897437121208,0.8
full_seed42_scaling_0p4_noise0p25_s9_a0p3_b0p8,42,scaling,0.4,0.25,9,0.3,crp,1.7739210340034086,1.846978564682072,1.6950023111741312,2.558517877802401,2.826897437121208,0.8
full_seed42_scaling_0p4_noise0p5_s13_a0p2_b0p7,42,scaling,0.4,0.5,13,0.2,fpr_owa,1.307264333569828,1.3883061396463563,1.2698779980888375,2.121477374257459,2.6415941353784342,0.7
full_seed42_scaling_0p4_noise0p5_s13_a0p2_b0p7,42,scaling,0.4,0.5,13,0.2,crp,1.3484745012087356,1.442716209935779,1.284934912224184,2.252425829425708,2.697830089994324,0.7
full_seed42_scaling_0p4_noise0p5_s13_a0p3_b0p8,42,scaling,0.4,0.5,13,0.3,fpr_owa,1.4247165925008112,1.5295956181863328,1.3262716994300776,2.374473865760435,2.564292222191555,0.8
full_seed42_scaling_0p4_noise0p5_s13_a0p3_b0p8,42,scaling,0.4,0.5,13,0.3,crp,1.457043560684788,1.569585358365559,1.343925452696653,2.494692286841482,2.73154810057501,0.8
full_seed42_scaling_0p4_noise0p5_s5_a0p2_b0p7,42,scaling,0.4,0.5,5,0.2,fpr_owa,1.812190531231605,1.8851436205146064,1.8005632217710512,2.695536693651482,3.138327191163073,0.7
full_seed42_scaling_0p4_noise0p5_s5_a0p2_b0p7,42,scaling,0.4,0.5,5,0.2,crp,1.809119695559283,1.8834266859978208,1.7940171645126113,2.695536693651482,3.138327191163073,0.7
full_seed42_scaling_0p4_noise0p5_s5_a0p3_b0p8,42,scaling,0.4,0.5,5,0.3,fpr_owa,1.8135802647145385,1.8859778362506523,1.7925660074707248,2.6679521225980825,3.259325382481808,0.8
full_seed42_scaling_0p4_noise0p5_s5_a0p3_b0p8,42,scaling,0.4,0.5,5,0.3,crp,1.813335569276448,1.8867077305795243,1.7838804576919776,2.6679521225980825,3.259325382481808,0.8
full_seed42_scaling_0p4_noise0p5_s9_a0p2_b0p7,42,scaling,0.4,0.5,9,0.2,fpr_owa,1.7748511093489796,1.8470080565703744,1.738349662595856,2.6111525015167225,3.001713675736663,0.7
full_seed42_scaling_0p4_noise0p5_s9_a0p2_b0p7,42,scaling,0.4,0.5,9,0.2,crp,1.7728829593101187,1.847253424575644,1.7093503274173218,2.5964001246924453,3.001713675736663,0.7
full_seed42_scaling_0p4_noise0p5_s9_a0p3_b0p8,42,scaling,0.4,0.5,9,0.3,fpr_owa,1.7434291532664072,1.819782139605048,1.7152092740078049,2.576050335497873,2.9872723750189807,0.8
full_seed42_scaling_0p4_noise0p5_s9_a0p3_b0p8,42,scaling,0.4,0.5,9,0.3,crp,1.7504643017759876,1.83025768500246,1.7078577513284223,2.5977902769823262,2.9872723750189807,0.8
full_seed42_spike_0p0_noise0p1_s13_a0p2_b0p7,42,spike,0.0,0.1,13,0.2,fpr_owa,1.204747239572172,1.2494632978305504,1.1889131152852903,1.6246678019843126,1.7409750298089346,0.7
full_seed42_spike_0p0_noise0p1_s13_a0p2_b0p7,42,spike,0.0,0.1,13,0.2,crp,1.204747239572172,1.2494632978305504,1.1889131152852903,1.6246678019843126,1.7409750298089346,0.7
full_seed42_spike_0p0_noise0p1_s13_a0p3_b0p8,42,spike,0.0,0.1,13,0.3,fpr_owa,1.4630984710557349,1.53918642759298,1.413795553401175,2.075003842309166,2.180546407161522,0.8
full_seed42_spike_0p0_noise0p1_s13_a0p3_b0p8,42,spike,0.0,0.1,13,0.3,crp,1.4630984710557349,1.53918642759298,1.413795553401175,2.075003842309166,2.180546407161522,0.8
full_seed42_spike_0p0_noise0p1_s5_a0p2_b0p7,42,spike,0.0,0.1,5,0.2,fpr_owa,1.7659881470137384,1.8341841107834416,1.6422287024709643,2.4841127883853624,2.582175321874684,0.7
full_seed42_spike_0p0_noise0p1_s5_a0p2_b0p7,42,spike,0.0,0.1,5,0.2,crp,1.7659881470137384,1.8341841107834416,1.6422287024709643,2.4841127883853624,2.582175321874684,0.7
full_seed42_spike_0p0_noise0p1_s5_a0p3_b0p8,42,spike,0.0,0.1,5,0.3,fpr_owa,1.7701030429409303,1.8429993973058765,1.6794693923244517,2.462546527583412,2.5635217374720267,0.8
full_seed42_spike_0p0_noise0p1_s5_a0p3_b0p8,42,spike,0.0,0.1,5,0.3,crp,1.7701030429409303,1.8429993973058765,1.6794693923244517,2.462546527583412,2.5635217374720267,0.8
full_seed42_spike_0p0_noise0p1_s9_a0p2_b0p7,42,spike,0.0,0.1,9,0.2,fpr_owa,1.7673726147488216,1.820046874004744,1.6165328076382752,2.410040800315646,2.5120531370564776,0.7
full_seed42_spike_0p0_noise0p1_s9_a0p2_b0p7,42,spike,0.0,0.1,9,0.2,crp,1.7673726147488216,1.820046874004744,1.6165328076382752,2.410040800315646,2.5120531370564776,0.7
full_seed42_spike_0p0_noise0p1_s9_a0p3_b0p8,42,spike,0.0,0.1,9,0.3,fpr_owa,1.7371656879270818,1.8102685437459043,1.5684284081958748,2.4840048378615034,2.6013060237435366,0.8
full_seed42_spike_0p0_noise0p1_s9_a0p3_b0p8,42,spike,0.0,0.1,9,0.3,crp,1.7371656879270818,1.8102685437459043,1.5684284081958748,2.4840048378615034,2.6013060237435366,0.8
full_seed42_spike_0p0_noise0p25_s13_a0p2_b0p7,42,spike,0.0,0.25,13,0.2,fpr_owa,1.2239519384539213,1.2817026770540818,1.205182468431389,1.760113942280174,2.024275092535646,0.7
full_seed42_spike_0p0_noise0p25_s13_a0p2_b0p7,42,spike,0.0,0.25,13,0.2,crp,1.2267448613533811,1.2845444050105337,1.205182468431389,1.7628788463443463,2.024275092535646,0.7
full_seed42_spike_0p0_noise0p25_s13_a0p3_b0p8,42,spike,0.0,0.25,13,0.3,fpr_owa,1.4230427131961676,1.5184860649784044,1.3737965524029805,2.155221273762169,2.39418818999486,0.8
full_seed42_spike_0p0_noise0p25_s13_a0p3_b0p8,42,spike,0.0,0.25,13,0.3,crp,1.4256942783791824,1.52118744240695,1.3737965524029805,2.1655636090079198,2.39418818999486,0.8
full_seed42_spike_0p0_noise0p25_s5_a0p2_b0p7,42,spike,0.0,0.25,5,0.2,fpr_owa,1.7534629815201763,1.8176348178843071,1.6702733419829094,2.498835294561254,2.766426926313108,0.7
full_seed42_spike_0p0_noise0p25_s5_a0p2_b0p7,42,spike,0.0,0.25,5,0.2,crp,1.7534629815201763,1.8176348178843071,1.6702733419829094,2.498835294561254,2.766426926313108,0.7
full_seed42_spike_0p0_noise0p25_s5_a0p3_b0p8,42,spike,0.0,0.25,5,0.3,fpr_owa,1.7656647976945776,1.8313428892170025,1.736099880157009,2.4929046761809115,2.754470971714729,0.8
full_seed42_spike_0p0_noise0p25_s5_a0p3_b0p8,42,spike,0.0,0.25,5,0.3,crp,1.7656647976945776,1.8313428892170025,1.736099880157009,2.4929046761809115,2.754470971714729,0.8
full_seed42_spike_0p0_noise0p25_s9_a0p2_b0p7,42,spike,0.0,0.25,9,0.2,fpr_owa,1.7426996887661814,1.8000693487288324,1.6339637308116035,2.423123977132854,2.6593326846511403,0.7
full_seed42_spike_0p0_noise0p25_s9_a0p2_b0p7,42,spike,0.0,0.25,9,0.2,crp,1.7426996887661814,1.8000693487288324,1.6339637308116035,2.423123977132854,2.6593326846511403,0.7
full_seed42_spike_0p0_noise0p25_s9_a0p3_b0p8,42,spike,0.0,0.25,9,0.3,fpr_owa,1.7265432730010424,1.7937771837860732,1.6347870467410623,2.443306404915865,2.6370559037383408,0.8
full_seed42_spike_0p0_noise0p25_s9_a0p3_b0p8,42,spike,0.0,0.25,9,0.3,crp,1.7265432730010424,1.7937771837860732,1.6347870467410623,2.443306404915865,2.6370559037383408,0.8
full_seed42_spike_0p0_noise0p5_s13_a0p2_b0p7,42,spike,0.0,0.5,13,0.2,fpr_owa,1.2651689934985595,1.340754609269621,1.2510081640849386,1.9562212874413472,2.5391523953948094,0.7
full_seed42_spike_0p0_noise0p5_s13_a0p2_b0p7,42,spike,0.0,0.5,13,0.2,crp,1.3014793643576144,1.3868869711051248,1.2698779980888375,2.113231236140137,2.539785943424528,0.7
full_seed42_spike_0p0_noise0p5_s13_a0p3_b0p8,42,spike,0.0,0.5,13,0.3,fpr_owa,1.367046147538045,1.4636488360017177,1.3150144644377917,2.2460766148079334,2.527203313790653,0.8
full_seed42_spike_0p0_noise0p5_s13_a0p3_b0p8,42,spike,0.0,0.5,13,0.3,crp,1.3931416715811489,1.4959009176156657,1.3303352733088976,2.259656267779179,2.73154810057501,0.8
full_seed42_spike_0p0_noise0p5_s5_a0p2_b0p7,42,spike,0.0,0.5,5,0.2,fpr_owa,1.7663549785759736,1.835242703992113,1.7353897935097486,2.5297316606163123,3.0735129337104823,0.7
full_seed42_spike_0p0_noise0p5_s5_a0p2_b0p7,42,spike,0.0,0.5,5,0.2,crp,1.762262891078861,1.8319908599487944,1.7303133373235235,2.5297316606163123,3.0735129337104823,0.7
full_seed42_spike_0p0_noise0p5_s5_a0p3_b0p8,42,spike,0.0,0.5,5,0.3,fpr_owa,1.7690730180982104,1.8388569143154083,1.7445279805006293,2.59181469592718,3.1350957762386087,0.8
full_seed42_spike_0p0_noise0p5_s5_a0p3_b0p8,42,spike,0.0,0.5,5,0.3,crp,1.7676250831317517,1.8378921924760072,1.741437731089552,2.59181469592718,3.1350957762386087,0.8
full_seed42_spike_0p0_noise0p5_s9_a0p2_b0p7,42,spike,0.0,0.5,9,0.2,fpr_owa,1.7166312646319943,1.7837266978711783,1.6667549411243054,2.4252408629733706,2.913077083781724,0.7
full_seed42_spike_0p0_noise0p5_s9_a0p2_b0p7,42,spike,0.0,0.5,9,0.2,crp,1.7218968322059898,1.793573691799956,1.6647032396139083,2.480474689679588,2.913077083781724,0.7
full_seed42_spike_0p0_noise0p5_s9_a0p3_b0p8,42,spike,0.0,0.5,9,0.3,fpr_owa,1.6986998747237194,1.770390544901288,1.680218113046028,2.473113970704796,2.8112617669113744,0.8
full_seed42_spike_0p0_noise0p5_s9_a0p3_b0p8,42,spike,0.0,0.5,9,0.3,crp,1.7075802004854217,1.783654820877225,1.680218113046028,2.497825922124619,2.8612454678249226,0.8
full_seed42_spike_0p1_noise0p1_s13_a0p2_b0p7,42,spike,0.1,0.1,13,0.2,fpr_owa,1.0956926014613777,1.1364840781713783,1.1011357439108562,1.5749386050940166,1.6999793311916491,0.7
full_seed42_spike_0p1_noise0p1_s13_a0p2_b0p7,42,spike,0.1,0.1,13,0.2,crp,1.153108370157155,1.2002796854160618,1.1474554664336574,1.5749386050940166,1.6999793311916491,0.7
full_seed42_spike_0p1_noise0p1_s13_a0p3_b0p8,42,spike,0.1,0.1,13,0.3,fpr_owa,1.3602603560634947,1.4323162720810432,1.337230913070314,2.021672961025869,2.180546407161522,0.8
full_seed42_spike_0p1_noise0p1_s13_a0p3_b0p8,42,spike,0.1,0.1,13,0.3,crp,1.421658871173656,1.499634763023489,1.402456675541491,2.0255970620695254,2.180546407161522,0.8
full_seed42_spike_0p1_noise0p1_s5_a0p2_b0p7,42,spike,0.1,0.1,5,0.2,fpr_owa,1.7659881470137384,1.8341841107834416,1.6422287024709643,2.4841127883853624,2.582175321874684,0.7
full_seed42_spike_0p1_noise0p1_s5_a0p2_b0p7,42,spike,0.1,0.1,5,0.2,crp,1.7659881470137384,1.8341841107834416,1.6422287024709643,2.4841127883853624,2.582175321874684,0.7
full_seed42_spike_0p1_noise0p1_s5_a0p3_b0p8,42,spike,0.1,0.1,5,0.3,fpr_owa,1.7701030429409303,1.8429993973058765,1.6794693923244517,2.462546527583412,2.5635217374720267,0.8
full_seed42_spike_0p1_noise0p1_s5_a0p3_b0p8,42,spike,0.1,0.1,5,0.3,crp,1.7701030429409303,1.8429993973058765,1.6794693923244517,2.462546527583412,2.5635217374720267,0.8
full_seed42_spike_0p1_noise0p1_s9_a0p2_b0p7,42,spike,0.1,0.1,9,0.2,fpr_owa,1.7270619779384018,1.7721464789706023,1.6382596260802482,2.3697408503836046,2.5120531370564776,0.7
full_seed42_spike_0p1_noise0p1_s9_a0p2_b0p7,42,spike,0.1,0.1,9,0.2,crp,1.7689976134939107,1.8213940546774456,1.6393940662301882,2.405352173320694,2.5126944897905386,0.7
full_seed42_spike_0p1_noise0p1_s9_a0p3_b0p8,42,spike,0.1,0.1,9,0.3,fpr_owa,1.7348314570752024,1.8017193368228024,1.595218688657097,2.4477258928356656,2.6013060237435366,0.8
full_seed42_spike_0p1_noise0p1_s9_a0p3_b0p8,42,spike,0.1,0.1,9,0.3,crp,1.737959341083749,1.8127918210169407,1.582262347304503,2.4858362160439653,2.6013060237435366,0.8
full_seed42_spike_0p1_noise0p25_s13_a0p2_b0p7,42,spike,0.1,0.25,13,0.2,fpr_owa,1.1325337111347122,1.1842602496582448,1.1164884428854562,1.6714562672705104,1.9006810444329747,0.7
full_seed42_spike_0p1_noise0p25_s13_a0p2_b0p7,42,spike,0.1,0.25,13,0.2,crp,1.1868872404821265,1.2446396243104412,1.1802940881756816,1.728913382474474,1.9006810444329747,0.7
full_seed42_spike_0p1_noise0p25_s13_a0p3_b0p8,42,spike,0.1,0.25,13,0.3,fpr_owa,1.336533065189697,1.4252907093049716,1.3456056447612013,2.0807052266070976,2.31606989625212,0.8
full_seed42_spike_0p1_noise0p25_s13_a0p3_b0p8,42,spike,0.1,0.25,13,0.3,crp,1.3903563382940909,1.4865717094878683,1.356801928454526,2.1125660855539024,2.31606989625212,0.8
full_seed42_spike_0p1_noise0p25_s5_a0p2_b0p7,42,spike,0.1,0.25,5,0.2,fpr_owa,1.7534629815201763,1.8176348178843071,1.6702733419829094,2.498835294561254,2.766426926313108,0.7
full_seed42_spike_0p1_noise0p25_s5_a0p2_b0p7,42,spike,0.1,0.25,5,0.2,crp,1.7534629815201763,1.8176348178843071,1.6702733419829094,2.498835294561254,2.766426926313108,0.7
full_seed42_spike_0p1_noise0p25_s5_a0p3_b0p8,42,spike,0.1,0.25,5,0.3,fpr_owa,1.7656647976945776,1.8313428892170025,1.736099880157009,2.4929046761809115,2.754470971714729,0.8
full_seed42_spike_0p1_noise0p25_s5_a0p3_b0p8,42,spike,0.1,0.25,5,0.3,crp,1.7656647976945776,1.8313428892170025,1.736099880157009,2.4929046761809115,2.754470971714729,0.8
full_seed42_spike_0p1_noise0p25_s9_a0p2_b0p7,42,spike,0.1,0.25,9,0.2,fpr_owa,1.714429572529663,1.7666563083119793,1.6061408710631595,2.3612735410008123,2.6593326846511403,0.7
full_seed42_spike_0p1_noise0p25_s9_a0p2_b0p7,42,spike,0.1,0.25,9,0.2,crp,1.743495111302476,1.80293284471969,1.631935114771672,2.444119667224228,2.6593326846511403,0.7
full_seed42_spike_0p1_noise0p25_s9_a0p3_b0p8,42,spike,0.1,0.25,9,0.3,fpr_owa,1.7261245376898302,1.7925319024154145,1.6295334557841024,2.4413214308973057,2.6370559037383408,0.8
full_seed42_spike_0p1_noise0p25_s9_a0p3_b0p8,42,spike,0.1,0.25,9,0.3,crp,1.7176858115452789,1.7890986320624982,1.6492265146712732,2.4720544113153697,2.6370559037383408,0.8
full_seed42_spike_0p1_noise0p5_s13_a0p2_b0p7,42,spike,0.1,0.5,13,0.2,fpr_owa,1.1871218645919588,1.2531901776516527,1.1785611384418084,1.871999052699581,2.1447835628418845,0.7
full_seed42_spike_0p1_noise0p5_s13_a0p2_b0p7,42,spike,0.1,0.5,13,0.2,crp,1.2678671232641707,1.3532768758921665,1.262574181385976,2.027651141932856,2.539785943424528,0.7
full_seed42_spike_0p1_noise0p5_s13_a0p3_b0p8,42,spike,0.1,0.5,13,0.3,fpr_owa,1.2994080499015184,1.3923578222223612,1.246223219199805,2.163687136633319,2.487182695732886,0.8
full_seed42_spike_0p1_noise0p5_s13_a0p3_b0p8,42,spike,0.1,0.5,13,0.3,crp,1.3731045860710216,1.477121584258373,1.3212871765202556,2.206810844887506,2.73154810057501,0.8
full_seed42_spike_0p1_noise0p5_s5_a0p2_b0p7,42,spike,0.1,0.5,5,0.2,fpr_owa,1.7663549785759736,1.835242703992113,1.7353897935097486,2.5297316606163123,3.0735129337104823,0.7
full_seed42_spike_0p1_noise0p5_s5_a0p2_b0p7,42,spike,0.1,0.5,5,0.2,crp,1.762262891078861,1.8319908599487944,1.7303133373235235,2.5297316606163123,3.0735129337104823,0.7
full_seed42_spike_0p1_noise0p5_s5_a0p3_b0p8,42,spike,0.1,0.5,5,0.3,fpr_owa,1.7690730180982104,1.8388569143154083,1.7445279805006293,2.59181469592718,3.1350957762386087,0.8
full_seed42_spike_0p1_noise0p5_s5_a0p3_b0p8,42,spike,0.1,0.5,5,0.3,crp,1.7676250831317517,1.8378921924760072,1.741437731089552,2.59181469592718,3.1350957762386087,0.8
full_seed42_spike_0p1_noise0p5_s9_a0p2_b0p7,42,spike,0.1,0.5,9,0.2,fpr_owa,1.6945204440157284,1.758520819066041,1.653847352288372,2.393814735378921,2.913077083781724,0.7
full_seed42_spike_0p1_noise0p5_s9_a0p2_b0p7,42,spike,0.1,0.5,9,0.2,crp,1.718503637075885,1.7934804226375105,1.643575072630756,2.529156033260733,2.913077083781724,0.7
full_seed42_spike_0p1_noise0p5_s9_a0p3_b0p8,42,spike,0.1,0.5,9,0.3,fpr_owa,1.6957790039852536,1.7685191997498446,1.6798635961889588,2.4614416196242277,2.8112617669113744,0.8
full_seed42_spike_0p1_noise0p5_s9_a0p3_b0p8,42,spike,0.1,0.5,9,0.3,crp,1.6988372014017286,1.7781434177212356,1.6698149776456224,2.5681782146742256,2.8612454678249226,0.8
full_seed42_spike_0p2_noise0p1_s13_a0p2_b0p7,42,spike,0.2,0.1,13,0.2,fpr_owa,1.0084216326008024,1.0987521146344144,1.05796146319659,1.5749386050940166,1.6999793311916491,0.7
full_seed42_spike_0p2_noise0p1_s13_a0p2_b0p7,42,spike,0.2,0.1,13,0.2,crp,0.9721937510741208,1.052909304744745,0.9683362257697338,1.5877207692163904,2.012167717154433,0.7
full_seed42_spike_0p2_noise0p1_s13_a0p3_b0p8,42,spike,0.2,0.1,13,0.3,fpr_owa,1.2231394032418623,1.3053059608899669,1.1944129144245048,2.021672961025869,2.180546407161522,0.8
full_seed42_spike_0p2_noise0p1_s13_a0p3_b0p8,42,spike,0.2,0.1,13,0.3,crp,1.0263304431751985,1.1997528445356576,1.025179862652844,2.021672961025869,2.180546407161522,0.8
full_seed42_spike_0p2_noise0p1_s5_a0p2_b0p7,42,spike,0.2,0.1,5,0.2,fpr_owa,1.747785959347822,1.8098997209469596,1.6469062716076237,2.4648521150204075,2.582175321874684,0.7
full_seed42_spike_0p2_noise0p1_s5_a0p2_b0p7,42,spike,0.2,0.1,5,0.2,crp,1.7684226776981744,1.8382696298130845,1.6703459717047855,2.487780934233936,2.582175321874684,0.7
full_seed42_spike_0p2_noise0p1_s5_a0p3_b0p8,42,spike,0.2,0.1,5,0.3,fpr_owa,1.7542877726115578,1.8206497330472176,1.6381001241185806,2.455018040894299,2.5635217374720267,0.8
full_seed42_spike_0p2_noise0p1_s5_a0p3_b0p8,42,spike,0.2,0.1,5,0.3,crp,1.770374204108577,1.844279144710922,1.6882020579875476,2.4918358003337358,2.6083188119643475,0.8
full_seed42_spike_0p2_noise0p1_s9_a0p2_b0p7,42,spike,0.2,0.1,9,0.2,fpr_owa,1.5883056709976586,1.6539267931453097,1.484141180957038,2.355383738183478,2.5120531370564776,0.7
full_seed42_spike_0p2_noise0p1_s9_a0p2_b0p7,42,spike,0.2,0.1,9,0.2,crp,1.7615719107376298,1.815262657648828,1.681211556690853,2.416904161585931,2.547703649232364,0.7
full_seed42_spike_0p2_noise0p1_s9_a0p3_b0p8,42,spike,0.2,0.1,9,0.3,fpr_owa,1.683692304409815,1.74513147596106,1.5869093898935605,2.4341264154604545,2.6013060237435366,0.8
full_seed42_spike_0p2_noise0p1_s9_a0p3_b0p8,42,spike,0.2,0.1,9,0.3,crp,1.734594314391558,1.8093413365750108,1.5999109229302664,2.481528526258114,2.6013060237435366,0.8
full_seed42_spike_0p2_noise0p25_s13_a0p2_b0p7,42,spike,0.2,0.25,13,0.2,fpr_owa,0.998254292446912,1.0963025526075836,1.0520837250867547,1.665097330194273,1.9006810444329747,0.7
full_seed42_spike_0p2_noise0p25_s13_a0p2_b0p7,42,spike,0.2,0.25,13,0.2,crp,1.0317606295183144,1.1154539740528395,1.0247232944046687,1.7009534678136131,2.025300473023758,0.7
full_seed42_spike_0p2_noise0p25_s13_a0p3_b0p8,42,spike,0.2,0.25,13,0.3,fpr_owa,1.182196317933605,1.277341439913084,1.075933659455715,2.0807052266070976,2.31606989625212,0.8
full_seed42_spike_0p2_noise0p25_s13_a0p3_b0p8,42,spike,0.2,0.25,13,0.3,crp,1.1277796619907476,1.2662190013617425,1.0663800842369602,2.0807052266070976,2.31606989625212,0.8
full_seed42_spike_0p2_noise0p25_s5_a0p2_b0p7,42,spike,0.2,0.25,5,0.2,fpr_owa,1.744318653405247,1.8054908522323807,1.6710283700572348,2.515228960611456,2.766426926313108,0.7
full_seed42_spike_0p2_noise0p25_s5_a0p2_b0p7,42,spike,0.2,0.25,5,0.2,crp,1.7538688466073311,1.8195010728527,1.6742390782641534,2.549007868420959,2.766426926313108,0.7
full_seed42_spike_0p2_noise0p25_s5_a0p3_b0p8,42,spike,0.2,0.25,5,0.3,fpr_owa,1.7527601750469464,1.8158625315816208,1.6641048376078773,2.4896699235832105,2.685218321137698,0.8
full_seed42_spike_0p2_noise0p25_s5_a0p3_b0p8,42,spike,0.2,0.25,5,0.3,crp,1.753862737383526,1.822183544516937,1.6757975929814644,2.5250326273608144,2.7744101653328657,0.8
full_seed42_spike_0p2_noise0p25_s9_a0p2_b0p7,42,spike,0.2,0.25,9,0.2,fpr_owa,1.5843628741319284,1.6551889444017778,1.5155505613434088,2.3587571327857444,2.6593326846511403,0.7
full_seed42_spike_0p2_noise0p25_s9_a0p2_b0p7,42,spike,0.2,0.25,9,0.2,crp,1.7425192162069485,1.806143545969373,1.6312645918232564,2.485501765318646,2.6593326846511403,0.7
full_seed42_spike_0p2_noise0p25_s9_a0p3_b0p8,42,spike,0.2,0.25,9,0.3,fpr_owa,1.674364846881221,1.735642796876394,1.6011247173137466,2.432410690338058,2.6370559037383408,0.8
full_seed42_spike_0p2_noise0p25_s9_a0p3_b0p8,42,spike,0.2,0.25,9,0.3,crp,1.719858253056781,1.7952399755037696,1.6313738928897767,2.454423629403641,2.7392105344062805,0.8
full_seed42_spike_0p2_noise0p5_s13_a0p2_b0p7,42,spike,0.2,0.5,13,0.2,fpr_owa,0.9857606087728892,1.10374893191481,1.0442743106150183,1.84052683737967,2.1447835628418845,0.7
full_seed42_spike_0p2_noise0p5_s13_a0p2_b0p7,42,spike,0.2,0.5,13,0.2,crp,1.144076693848866,1.236683873195633,1.132043797566746,1.960476331766495,2.480153054311426,0.7
full_seed42_spike_0p2_noise0p5_s13_a0p3_b0p8,42,spike,0.2,0.5,13,0.3,fpr_owa,1.17546591553717,1.265483345438626,1.102911742385828,2.049934884350631,2.487182695732886,0.8
full_seed42_spike_0p2_noise0p5_s13_a0p3_b0p8,42,spike,0.2,0.5,13,0.3,crp,1.2236791822043926,1.341279522954291,1.195596274498196,2.163023861377973,2.721223326864489,0.8
full_seed42_spike_0p2_noise0p5_s5_a0p2_b0p7,42,spike,0.2,0.5,5,0.2,fpr_owa,1.7494330406281255,1.8174104725467617,1.7033820647513225,2.6117291508706293,3.0735129337104823,0.7
full_seed42_spike_0p2_noise0p5_s5_a0p2_b0p7,42,spike,0.2,0.5,5,0.2,crp,1.7523432817644864,1.827377396785817,1.7085724160363187,2.628129193205363,3.104029918068561,0.7
full_seed42_spike_0p2_noise0p5_s5_a0p3_b0p8,42,spike,0.2,0.5,5,0.3,fpr_owa,1.7568619319397525,1.824119403343436,1.7317509534408848,2.56897778926659,2.9109709113042843,0.8
full_seed42_spike_0p2_noise0p5_s5_a0p3_b0p8,42,spike,0.2,0.5,5,0.3,crp,1.7613783943496784,1.8382407092708135,1.7476963304510047,2.6298380880835106,3.1225441310646542,0.8
full_seed42_spike_0p2_noise0p5_s9_a0p2_b0p7,42,spike,0.2,0.5,9,0.2,fpr_owa,1.5746985069291672,1.6579119604991928,1.5493924334313012,2.382653667324165,2.913077083781724,0.7
full_seed42_spike_0p2_noise0p5_s9_a0p2_b0p7,42,spike,0.2,0.5,9,0.2,crp,1.702350887511709,1.7852429414056583,1.636739775657703,2.566111917400622,2.913077083781724,0.7
full_seed42_spike_0p2_noise0p5_s9_a0p3_b0p8,42,spike,0.2,0.5,9,0.3,fpr_owa,1.6527550864588558,1.721679996146011,1.627789693199988,2.3945369035821917,2.8112617669113744,0.8
full_seed42_spike_0p2_noise0p5_s9_a0p3_b0p8,42,spike,0.2,0.5,9,0.3,crp,1.689165113168703,1.7756762294707202,1.6698740452708358,2.5352482173527187,2.8612454678249226,0.8
full_seed42_spike_0p3_noise0p1_s13_a0p2_b0p7,42,spike,0.3,0.1,13,0.2,fpr_owa,0.8647325497115536,1.0171288874533235,0.9617193558341728,1.6181116476327868,2.178309828674695,0.7
full_seed42_spike_0p3_noise0p1_s13_a0p2_b0p7,42,spike,0.3,0.1,13,0.2,crp,0.9860119960805972,1.0498971846830096,0.9920582284550594,1.5749386050940166,1.6999793311916491,0.7
full_seed42_spike_0p3_noise0p1_s13_a0p3_b0p8,42,spike,0.3,0.1,13,0.3,fpr_owa,1.2105705984998187,1.3014088411845428,1.2060678823994286,2.021672961025869,2.180546407161522,0.8
full_seed42_spike_0p3_noise0p1_s13_a0p3_b0p8,42,spike,0.3,0.1,13,0.3,crp,0.9966572254261484,1.1766500403846378,0.9728780544567596,2.021672961025869,2.180546407161522,0.8
full_seed42_spike_0p3_noise0p1_s5_a0p2_b0p7,42,spike,0.3,0.1,5,0.2,fpr_owa,2.202930649921944,2.611419039475287,1.6130645247097464,5.343752755276782,5.724221680944421,0.7
full_seed42_spike_0p3_noise0p1_s5_a0p2_b0p7,42,spike,0.3,0.1,5,0.2,crp,1.7593599715038293,1.8411865324566696,1.6469062716076237,2.494647653803642,5.104537284206592,0.7
full_seed42_spike_0p3_noise0p1_s5_a0p3_b0p8,42,spike,0.3,0.1,5,0.3,fpr_owa,1.7457686168347089,2.0312184910021363,1.5481330912818154,3.858182655891866,4.131314561090049,0.8
full_seed42_spike_0p3_noise0p1_s5_a0p3_b0p8,42,spike,0.3,0.1,5,0.3,crp,1.7400600766686831,1.8276954442498696,1.673676931379589,2.491776756082633,3.616947449475495,0.8
full_seed42_spike_0p3_noise0p1_s9_a0p2_b0p7,42,spike,0.3,0.1,9,0.2,fpr_owa,1.6801642540025603,1.9552081492355984,1.495072315819332,3.6698577741596847,4.0231311496604985,0.7
full_seed42_spike_0p3_noise0p1_s9_a0p2_b0p7,42,spike,0.3,0.1,9,0.2,crp,1.7772021856409022,1.831821027729696,1.650840882849552,2.442300045883289,2.6187439296595234,0.7
full_seed42_spike_0p3_noise0p1_s9_a0p3_b0p8,42,spike,0.3,0.1,9,0.3,fpr_owa,1.54095069854634,1.6408315425296331,1.406441379924824,2.4391191990155026,2.6013060237435366,0.8
full_seed42_spike_0p3_noise0p1_s9_a0p3_b0p8,42,spike,0.3,0.1,9,0.3,crp,1.7427841732607594,1.817116109950141,1.60476550325592,2.4940150724153174,2.6013060237435366,0.8
full_seed42_spike_0p3_noise0p25_s13_a0p2_b0p7,42,spike,0.3,0.25,13,0.2,fpr_owa,0.8831019198074794,1.046900114959522,0.9082661177511006,1.7513813545660115,2.166802866862523,0.7
full_seed42_spike_0p3_noise0p25_s13_a0p2_b0p7,42,spike,0.3,0.25,13,0.2,crp,0.9444118114333392,1.039362459013223,0.8959208116978485,1.665097330194273,1.856209751390689,0.7
full_seed42_spike_0p3_noise0p25_s13_a0p3_b0p8,42,spike,0.3,0.25,13,0.3,fpr_owa,1.1637842117155874,1.2685221504938846,1.1077083585484369,2.0807052266070976,2.31606989625212,0.8
full_seed42_spike_0p3_noise0p25_s13_a0p3_b0p8,42,spike,0.3,0.25,13,0.3,crp,0.9767747219529336,1.1694633859799524,0.9474485485542544,2.0807052266070976,2.271889321770841,0.8
full_seed42_spike_0p3_noise0p25_s5_a0p2_b0p7,42,spike,0.3,0.25,5,0.2,fpr_owa,2.258375742420317,2.6745914090201013,1.6597645140031267,5.26839017432442,5.781235719350358,0.7
full_seed42_spike_0p3_noise0p25_s5_a0p2_b0p7,42,spike,0.3,0.25,5,0.2,crp,1.764104335663853,1.8503693816664024,1.664793166681596,2.548043809932353,4.953597911157359,0.7
full_seed42_spike_0p3_noise0p25_s5_a0p3_b0p8,42,spike,0.3,0.25,5,0.3,fpr_owa,1.80104835411681,2.0741896646730997,1.5838236771760834,3.740179544316864,4.259173755188114,0.8
full_seed42_spike_0p3_noise0p25_s5_a0p3_b0p8,42,spike,0.3,0.25,5,0.3,crp,1.7097089459525767,1.8039500587235036,1.6592860773349007,2.524227744746151,3.5118484659367994,0.8
full_seed42_spike_0p3_noise0p25_s9_a0p2_b0p7,42,spike,0.3,0.25,9,0.2,fpr_owa,1.7422265155845564,1.9947915910690213,1.5363149580089748,3.613974376305456,3.980486420559996,0.7
full_seed42_spike_0p3_noise0p25_s9_a0p2_b0p7,42,spike,0.3,0.25,9,0.2,crp,1.7469168906174095,1.810178093679393,1.6508306985473264,2.4913612505907152,2.707515715673476,0.7
full_seed42_spike_0p3_noise0p25_s9_a0p3_b0p8,42,spike,0.3,0.25,9,0.3,fpr_owa,1.563659490275132,1.654095426344331,1.4557712942881769,2.432410690338058,2.6370559037383408,0.8
full_seed42_spike_0p3_noise0p25_s9_a0p3_b0p8,42,spike,0.3,0.25,9,0.3,crp,1.722651163428416,1.7988647503749506,1.6329369833036362,2.547626818061266,2.669759222030169,0.8
full_seed42_spike_0p3_noise0p5_s13_a0p2_b0p7,42,spike,0.3,0.5,13,0.2,fpr_owa,0.9596534206969664,1.1150282521842256,1.00127761825386,1.872390052094699,2.5586855040667302,0.7
full_seed42_spike_0p3_noise0p5_s13_a0p2_b0p7,42,spike,0.3,0.5,13,0.2,crp,1.0612372463136093,1.172865886927407,1.083334664582693,1.961080682262786,2.333500950729397,0.7
full_seed42_spike_0p3_noise0p5_s13_a0p3_b0p8,42,spike,0.3,0.5,13,0.3,fpr_owa,1.0957404867501457,1.2136245283285014,1.0785221361214297,2.049934884350631,2.487182695732886,0.8
full_seed42_spike_0p3_noise0p5_s13_a0p3_b0p8,42,spike,0.3,0.5,13,0.3,crp,1.1160288236002955,1.2689261667667433,1.0908111431873302,2.167826696965655,2.6898977315371484,0.8
full_seed42_spike_0p3_noise0p5_s5_a0p2_b0p7,42,spike,0.3,0.5,5,0.2,fpr_owa,2.271106114308206,2.6856501061814178,1.7377317803200505,5.226475781494431,5.919574241427786,0.7
full_seed42_spike_0p3_noise0p5_s5_a0p2_b0p7,42,spike,0.3,0.5,5,0.2,crp,1.9729953310954051,2.203049075389667,1.7744192331534534,4.41996622114112,5.789986663598427,0.7
full_seed42_spike_0p3_noise0p5_s5_a0p3_b0p8,42,spike,0.3,0.5,5,0.3,fpr_owa,1.8277819463833749,2.094846568392461,1.679493985102536,3.708142265757824,4.491956447745332,0.8
full_seed42_spike_0p3_noise0p5_s5_a0p3_b0p8,42,spike,0.3,0.5,5,0.3,crp,1.798733455537708,1.9442247673511817,1.7444899144487986,3.11460259529121,4.201343752527775,0.8
full_seed42_spike_0p3_noise0p5_s9_a0p2_b0p7,42,spike,0.3,0.5,9,0.2,fpr_owa,1.7321525109787432,1.9726196157588625,1.6093445207906676,3.517062542152619,4.123938261690141,0.7
full_seed42_spike_0p3_noise0p5_s9_a0p2_b0p7,42,spike,0.3,0.5,9,0.2,crp,1.7181797284482363,1.803453648266874,1.6486998587933193,2.59991901394784,3.6574634362742295,0.7
full_seed42_spike_0p3_noise0p5_s9_a0p3_b0p8,42,spike,0.3,0.5,9,0.3,fpr_owa,1.5531920954796776,1.6506505801505298,1.5299137270763383,2.406999122448643,2.8112617669113744,0.8
full_seed42_spike_0p3_noise0p5_s9_a0p3_b0p8,42,spike,0.3,0.5,9,0.3,crp,1.6940427358666088,1.7816545042342984,1.667999727312323,2.5461006475976906,2.919353931512916,0.8
full_seed42_spike_0p4_noise0p1_s13_a0p2_b0p7,42,spike,0.4,0.1,13,0.2,fpr_owa,1.190023468110346,1.2977868491975713,1.1097756206624814,1.7660620033129013,3.685786267667873,0.7
full_seed42_spike_0p4_noise0p1_s13_a0p2_b0p7,42,spike,0.4,0.1,13,0.2,crp,0.8247935651316157,0.9632631197947352,0.8836687382557185,1.5749386050940166,1.6999793311916491,0.7
full_seed42_spike_0p4_noise0p1_s13_a0p3_b0p8,42,spike,0.4,0.1,13,0.3,fpr_owa,0.9927338768875108,1.198514660098297,1.0369603101963014,2.021672961025869,2.180546407161522,0.8
full_seed42_spike_0p4_noise0p1_s13_a0p3_b0p8,42,spike,0.4,0.1,13,0.3,crp,0.889735740523159,1.1527886655577464,0.9728780544567596,2.021672961025869,2.180546407161522,0.8
full_seed42_spike_0p4_noise0p1_s5_a0p2_b0p7,42,spike,0.4,0.1,5,0.2,fpr_owa,2.202930649921944,2.611419039475287,1.6130645247097464,5.343752755276782,5.724221680944421,0.7
full_seed42_spike_0p4_noise0p1_s5_a0p2_b0p7,42,spike,0.4,0.1,5,0.2,crp,1.7593599715038293,1.8411865324566696,1.6469062716076237,2.494647653803642,5.104537284206592,0.7
full_seed42_spike_0p4_noise0p1_s5_a0p3_b0p8,42,spike,0.4,0.1,5,0.3,fpr_owa,1.7457686168347089,2.0312184910021363,1.5481330912818154,3.858182655891866,4.131314561090049,0.8
full_seed42_spike_0p4_noise0p1_s5_a0p3_b0p8,42,spike,0.4,0.1,5,0.3,crp,1.7400600766686831,1.8276954442498696,1.673676931379589,2.491776756082633,3.616947449475495,0.8
full_seed42_spike_0p4_noise0p1_s9_a0p2_b0p7,42,spike,0.4,0.1,9,0.2,fpr_owa,2.240134932324568,2.564500677155806,1.854957369070445,5.327799882723613,5.794486472004765,0.7
full_seed42_spike_0p4_noise0p1_s9_a0p2_b0p7,42,spike,0.4,0.1,9,0.2,crp,1.775217786942789,1.839927950753098,1.6507141061182848,2.4763418631087903,4.015010920397531,0.7
full_seed42_spike_0p4_noise0p1_s9_a0p3_b0p8,42,spike,0.4,0.1,9,0.3,fpr_owa,1.7646234686637814,2.0347877715784337,1.4106191075113097,3.886283441403133,4.189866104963299,0.8
full_seed42_spike_0p4_noise0p1_s9_a0p3_b0p8,42,spike,0.4,0.1,9,0.3,crp,1.730054944140518,1.8102565851121164,1.595218688657097,2.510608135073772,3.273842992391903,0.8
full_seed42_spike_0p4_noise0p25_s13_a0p2_b0p7,42,spike,0.4,0.25,13,0.2,fpr_owa,1.2037884160630716,1.325222449509834,1.1598444668497812,1.8351714199441171,3.6278906854816833,0.7
full_seed42_spike_0p4_noise0p25_s13_a0p2_b0p7,42,spike,0.4,0.25,13,0.2,crp,0.824914538838349,0.9771653413230054,0.8368667502376745,1.645698291208226,1.856209751390689,0.7
full_seed42_spike_0p4_noise0p25_s13_a0p3_b0p8,42,spike,0.4,0.25,13,0.3,fpr_owa,0.96578796778045,1.178661233439842,0.9607226800014852,2.0807052266070976,2.31606989625212,0.8
full_seed42_spike_0p4_noise0p25_s13_a0p3_b0p8,42,spike,0.4,0.25,13,0.3,crp,0.8906388780699594,1.1348675907791232,0.8866538097350438,2.076724631226817,2.271889321770841,0.8
full_seed42_spike_0p4_noise0p25_s5_a0p2_b0p7,42,spike,0.4,0.25,5,0.2,fpr_owa,2.258375742420317,2.6745914090201013,1.6597645140031267,5.26839017432442,5.781235719350358,0.7
full_seed42_spike_0p4_noise0p25_s5_a0p2_b0p7,42,spike,0.4,0.25,5,0.2,crp,1.764104335663853,1.8503693816664024,1.664793166681596,2.548043809932353,4.953597911157359,0.7
full_seed42_spike_0p4_noise0p25_s5_a0p3_b0p8,42,spike,0.4,0.25,5,0.3,fpr_owa,1.80104835411681,2.0741896646730997,1.5838236771760834,3.740179544316864,4.259173755188114,0.8
full_seed42_spike_0p4_noise0p25_s5_a0p3_b0p8,42,spike,0.4,0.25,5,0.3,crp,1.7097089459525767,1.8039500587235036,1.6592860773349007,2.524227744746151,3.5118484659367994,0.8
full_seed42_spike_0p4_noise0p25_s9_a0p2_b0p7,42,spike,0.4,0.25,9,0.2,fpr_owa,2.146357352546153,2.45493332200621,1.7167831504405904,5.267410991452574,5.807924374853122,0.7
full_seed42_spike_0p4_noise0p25_s9_a0p2_b0p7,42,spike,0.4,0.25,9,0.2,crp,1.7699818310164952,1.8709933199445767,1.6339637308116035,2.5197029794826835,5.370543562552549,0.7
full_seed42_spike_0p4_noise0p25_s9_a0p3_b0p8,42,spike,0.4,0.25,9,0.3,fpr_owa,1.755465874735792,2.01895878615832,1.4855610792397238,3.822209978411624,4.224359902239901,0.8
full_seed42_spike_0p4_noise0p25_s9_a0p3_b0p8,42,spike,0.4,0.25,9,0.3,crp,1.6889470961108348,1.7881084888491388,1.600560744882047,2.561521504355615,3.885491007882453,0.8
full_seed42_spike_0p4_noise0p5_s13_a0p2_b0p7,42,spike,0.4,0.5,13,0.2,fpr_owa,1.2675664637555424,1.381645679037482,1.2231964551549963,2.0016949170430665,3.882287298314444,0.7
full_seed42_spike_0p4_noise0p5_s13_a0p2_b0p7,42,spike,0.4,0.5,13,0.2,crp,0.961025253978666,1.1119113166156862,0.931905597294789,1.909625086175813,3.49317466736158,0.7
full_seed42_spike_0p4_noise0p5_s13_a0p3_b0p8,42,spike,0.4,0.5,13,0.3,fpr_owa,0.986139372409001,1.1681481561859148,1.0103038183954938,2.0822664116503584,2.487182695732886,0.8
full_seed42_spike_0p4_noise0p5_s13_a0p3_b0p8,42,spike,0.4,0.5,13,0.3,crp,0.9984804928670626,1.182084026682557,1.0103038183954938,2.1309965844925154,2.6898977315371484,0.8
full_seed42_spike_0p4_noise0p5_s5_a0p2_b0p7,42,spike,0.4,0.5,5,0.2,fpr_owa,2.271106114308206,2.6856501061814178,1.7377317803200505,5.226475781494431,5.919574241427786,0.7
full_seed42_spike_0p4_noise0p5_s5_a0p2_b0p7,42,spike,0.4,0.5,5,0.2,crp,1.9729953310954051,2.203049075389667,1.7744192331534534,4.41996622114112,5.789986663598427,0.7
full_seed42_spike_0p4_noise0p5_s5_a0p3_b0p8,42,spike,0.4,0.5,5,0.3,fpr_owa,1.8277819463833749,2.094846568392461,1.679493985102536,3.708142265757824,4.491956447745332,0.8
full_seed42_spike_0p4_noise0p5_s5_a0p3_b0p8,42,spike,0.4,0.5,5,0.3,crp,1.798733455537708,1.9442247673511817,1.7444899144487986,3.11460259529121,4.201343752527775,0.8
full_seed42_spike_0p4_noise0p5_s9_a0p2_b0p7,42,spike,0.4,0.5,9,0.2,fpr_owa,2.082045938601546,2.397041044725457,1.7707874098130802,5.1589564496304,5.830320879600382,0.7
full_seed42_spike_0p4_noise0p5_s9_a0p2_b0p7,42,spike,0.4,0.5,9,0.2,crp,1.8689567437326284,2.0865406026680766,1.653847352288372,4.13342470505884,5.814280862385759,0.7
full_seed42_spike_0p4_noise0p5_s9_a0p3_b0p8,42,spike,0.4,0.5,9,0.3,fpr_owa,1.7403791820913166,1.9958650312526185,1.5727259257994757,3.708706090767441,4.471882206602233,0.8
full_seed42_spike_0p4_noise0p5_s9_a0p3_b0p8,42,spike,0.4,0.5,9,0.3,crp,1.7300713070040383,1.886638435333229,1.613902038947156,2.901268501733648,4.471882206602233,0.8
