scenario,seed,attack_type,attack_ratio,sensor_noise_level,sensors_per_group,alpha,mean_rounds,converged_rate,mean_consensus_degree,mean_excluded_per_tick,beta
full_seed101_bias_0p0_noise0p1_s13_a0p2_b0p7,101,bias,0.0,0.1,13,0.2,2.0375,0.2125,0.6154120947055214,2.2041666666666666,0.7
full_seed101_bias_0p0_noise0p1_s13_a0p3_b0p8,101,bias,0.0,0.1,13,0.3,2.0375,0.2125,0.6154120947055214,2.2041666666666666,0.8
full_seed101_bias_0p0_noise0p1_s5_a0p2_b0p7,101,bias,0.0,0.1,5,0.2,1.0416666666666667,0.8958333333333334,0.7778765535718084,0.05,0.7
full_seed101_bias_0p0_noise0p1_s5_a0p3_b0p8,101,bias,0.0,0.1,5,0.3,1.0416666666666667,0.8958333333333334,0.7778765535718084,0.05,0.8
full_seed101_bias_0p0_noise0p1_s9_a0p2_b0p7,101,bias,0.0,0.1,9,0.2,1.6708333333333334,0.7916666666666666,0.7525204722430491,0.7625,0.7
full_seed101_bias_0p0_noise0p1_s9_a0p3_b0p8,101,bias,0.0,0.1,9,0.3,1.6708333333333334,0.7916666666666666,0.7525204722430491,0.7625,0.8
full_seed101_bias_0p0_noise0p25_s13_a0p2_b0p7,101,bias,0.0,0.25,13,0.2,2.245833333333333,0.4041666666666667,0.683356940746831,3.7,0.7
full_seed101_bias_0p0_noise0p25_s13_a0p3_b0p8,101,bias,0.0,0.25,13,0.3,2.245833333333333,0.4041666666666667,0.683356940746831,3.7,0.8
full_seed101_bias_0p0_noise0p25_s5_a0p2_b0p7,101,bias,0.0,0.25,5,0.2,1.1416666666666666,0.7833333333333333,0.755016007182041,0.1541666666666666,0.7
full_seed101_bias_0p0_noise0p25_s5_a0p3_b0p8,101,bias,0.0,0.25,5,0.3,1.1416666666666666,0.7833333333333333,0.755016007182041,0.1541666666666666,0.8
full_seed101_bias_0p0_noise0p25_s9_a0p2_b0p7,101,bias,0.0,0.25,9,0.2,1.7666666666666666,0.7416666666666667,0.749010025811955,1.0541666666666667,0.7
full_seed101_bias_0p0_noise0p25_s9_a0p3_b0p8,101,bias,0.0,0.25,9,0.3,1.7666666666666666,0.7416666666666667,0.749010025811955,1.0541666666666667,0.8
full_seed101_bias_0p0_noise0p5_s13_a0p2_b0p7,101,bias,0.0,0.5,13,0.2,2.1708333333333334,0.5,0.7014891264983326,5.129166666666666,0.7
full_seed101_bias_0p0_noise0p5_s13_a0p3_b0p8,101,bias,0.0,0.5,13,0.3,2.1708333333333334,0.5,0.7014891264983326,5.129166666666666,0.8
full_seed101_bias_0p0_noise0p5_s5_a0p2_b0p7,101,bias,0.0,0.5,5,0.2,1.5166666666666666,0.7125,0.734864328703523,0.65,0.7
full_seed101_bias_0p0_noise0p5_s5_a0p3_b0p8,101,bias,0.0,0.5,5,0.3,1.5166666666666666,0.7125,0.734864328703523,0.65,0.8
full_seed101_bias_0p0_noise0p5_s9_a0p2_b0p7,101,bias,0.0,0.5,9,0.2,1.9416666666666669,0.725,0.7330677495002281,2.0,0.7
full_seed101_bias_0p0_noise0p5_s9_a0p3_b0p8,101,bias,0.0,0.5,9,0.3,1.9416666666666669,0.725,0.7330677495002281,2.0,0.8
full_seed101_bias_0p1_noise0p1_s13_a0p2_b0p7,101,bias,0.1,0.1,13,0.2,2.1083333333333334,0.1958333333333333,0.6108564754163335,2.8208333333333333,0.7
full_seed101_bias_0p1_noise0p1_s13_a0p3_b0p8,101,bias,0.1,0.1,13,0.3,2.1083333333333334,0.1958333333333333,0.6108564754163335,2.8208333333333333,0.8
full_seed101_bias_0p1_noise0p1_s5_a0p2_b0p7,101,bias,0.1,0.1,5,0.2,1.0416666666666667,0.8958333333333334,0.7778765535718084,0.05,0.7
full_seed101_bias_0p1_noise0p1_s5_a0p3_b0p8,101,bias,0.1,0.1,5,0.3,1.0416666666666667,0.8958333333333334,0.7778765535718084,0.05,0.8
full_seed101_bias_0p1_noise0p1_s9_a0p2_b0p7,101,bias,0.1,0.1,9,0.2,1.7666666666666666,0.8208333333333333,0.7624066535802085,1.2625,0.7
full_seed101_bias_0p1_noise0p1_s9_a0p3_b0p8,101,bias,0.1,0.1,9,0.3,1.7666666666666666,0.8208333333333333,0.7624066535802085,1.2625,0.8
full_seed101_bias_0p1_noise0p25_s13_a0p2_b0p7,101,bias,0.1,0.25,13,0.2,2.2,0.4,0.685611248706435,4.241666666666666,0.7
full_seed101_bias_0p1_noise0p25_s13_a0p3_b0p8,101,bias,0.1,0.25,13,0.3,2.2,0.4,0.685611248706435,4.241666666666666,0.8
full_seed101_bias_0p1_noise0p25_s5_a0p2_b0p7,101,bias,0.1,0.25,5,0.2,1.1416666666666666,0.7833333333333333,0.755016007182041,0.1541666666666666,0.7
full_seed101_bias_0p1_noise0p25_s5_a0p3_b0p8,101,bias,0.1,0.25,5,0.3,1.1416666666666666,0.7833333333333333,0.755016007182041,0.1541666666666666,0.8
full_seed101_bias_0p1_noise0p25_s9_a0p2_b0p7,101,bias,0.1,0.25,9,0.2,1.8416666666666663,0.7916666666666666,0.7558249406124627,1.55,0.7
full_seed101_bias_0p1_noise0p25_s9_a0p3_b0p8,101,bias,0.1,0.25,9,0.3,1.8416666666666663,0.7916666666666666,0.7558249406124627,1.55,0.8
full_seed101_bias_0p1_noise0p5_s13_a0p2_b0p7,101,bias,0.1,0.5,13,0.2,2.1,0.4875,0.6902854808534609,5.333333333333333,0.7
full_seed101_bias_0p1_noise0p5_s13_a0p3_b0p8,101,bias,0.1,0.5,13,0.3,2.1,0.4875,0.6902854808534609,5.333333333333333,0.8
full_seed101_bias_0p1_noise0p5_s5_a0p2_b0p7,101,bias,0.1,0.5,5,0.2,1.5166666666666666,0.7125,0.734864328703523,0.65,0.7
full_seed101_bias_0p1_noise0p5_s5_a0p3_b0p8,101,bias,0.1,0.5,5,0.3,1.5166666666666666,0.7125,0.734864328703523,0.65,0.8
full_seed101_bias_0p1_noise0p5_s9_a0p2_b0p7,101,bias,0.1,0.5,9,0.2,1.9375,0.7458333333333333,0.7435369115434997,2.4916666666666667,0.7
full_seed101_bias_0p1_noise0p5_s9_a0p3_b0p8,101,bias,0.1,0.5,9,0.3,1.9375,0.7458333333333333,0.7435369115434997,2.4916666666666667,0.8
full_seed101_bias_0p2_noise0p1_s13_a0p2_b0p7,101,bias,0.2,0.1,13,0.2,1.9916666666666667,0.3125,0.6533437688887355,3.8333333333333335,0.7
full_seed101_bias_0p2_noise0p1_s13_a0p3_b0p8,101,bias,0.2,0.1,13,0.3,1.9916666666666667,0.3125,0.6533437688887355,3.8333333333333335,0.8
full_seed101_bias_0p2_noise0p1_s5_a0p2_b0p7,101,bias,0.2,0.1,5,0.2,1.4291666666666667,0.9125,0.7847478825225005,0.5125,0.7
full_seed101_bias_0p2_noise0p1_s5_a0p3_b0p8,101,bias,0.2,0.1,5,0.3,1.4291666666666667,0.9125,0.7847478825225005,0.5125,0.8
full_seed101_bias_0p2_noise0p1_s9_a0p2_b0p7,101,bias,0.2,0.1,9,0.2,1.7666666666666666,0.8375,0.773049011356472,1.8291666666666664,0.7
full_seed101_bias_0p2_noise0p1_s9_a0p3_b0p8,101,bias,0.2,0.1,9,0.3,1.7666666666666666,0.8375,0.773049011356472,1.8291666666666664,0.8
full_seed101_bias_0p2_noise0p25_s13_a0p2_b0p7,101,bias,0.2,0.25,13,0.2,1.9375,0.2916666666666667,0.5991119367467962,3.6666666666666665,0.7
full_seed101_bias_0p2_noise0p25_s13_a0p3_b0p8,101,bias,0.2,0.25,13,0.3,1.9375,0.2916666666666667,0.5991119367467962,3.6666666666666665,0.8
full_seed101_bias_0p2_noise0p25_s5_a0p2_b0p7,101,bias,0.2,0.25,5,0.2,1.4541666666666666,0.7958333333333333,0.7570921810079532,0.5666666666666667,0.7
full_seed101_bias_0p2_noise0p25_s5_a0p3_b0p8,101,bias,0.2,0.25,5,0.3,1.4541666666666666,0.7958333333333333,0.7570921810079532,0.5666666666666667,0.8
full_seed101_bias_0p2_noise0p25_s9_a0p2_b0p7,101,bias,0.2,0.25,9,0.2,1.8416666666666663,0.8166666666666667,0.769134032134406,2.15,0.7
full_seed101_bias_0p2_noise0p25_s9_a0p3_b0p8,101,bias,0.2,0.25,9,0.3,1.8416666666666663,0.8166666666666667,0.769134032134406,2.15,0.8
full_seed101_bias_0p2_noise0p5_s13_a0p2_b0p7,101,bias,0.2,0.5,13,0.2,1.8541666666666667,0.3333333333333333,0.5724317398410261,4.1125,0.7
full_seed101_bias_0p2_noise0p5_s13_a0p3_b0p8,101,bias,0.2,0.5,13,0.3,1.8541666666666667,0.3333333333333333,0.5724317398410261,4.1125,0.8
full_seed101_bias_0p2_noise0p5_s5_a0p2_b0p7,101,bias,0.2,0.5,5,0.2,1.5958333333333334,0.6666666666666666,0.6971470842811911,0.8125,0.7
full_seed101_bias_0p2_noise0p5_s5_a0p3_b0p8,101,bias,0.2,0.5,5,0.3,1.5958333333333334,0.6666666666666666,0.6971470842811911,0.8125,0.8
full_seed101_bias_0p2_noise0p5_s9_a0p2_b0p7,101,bias,0.2,0.5,9,0.2,1.875,0.7333333333333333,0.7211914690651241,2.6958333333333333,0.7
full_seed101_bias_0p2_noise0p5_s9_a0p3_b0p8,101,bias,0.2,0.5,9,0.3,1.875,0.7333333333333333,0.7211914690651241,2.6958333333333333,0.8
full_seed101_bias_0p3_noise0p1_s13_a0p2_b0p7,101,bias,0.3,0.1,13,0.2,1.8875,0.375,0.662543205450275,3.870833333333333,0.7
full_seed101_bias_0p3_noise0p1_s13_a0p3_b0p8,101,bias,0.3,0.1,13,0.3,1.8875,0.375,0.662543205450275,3.870833333333333,0.8
full_seed101_bias_0p3_noise0p1_s5_a0p2_b0p7,101,bias,0.3,0.1,5,0.2,1.1625,0.6708333333333333,0.6600618851215309,0.3,0.7
full_seed101_bias_0p3_noise0p1_s5_a0p3_b0p8,101,bias,0.3,0.1,5,0.3,1.1625,0.6708333333333333,0.6600618851215309,0.3,0.8
full_seed101_bias_0p3_noise0p1_s9_a0p2_b0p7,101,bias,0.3,0.1,9,0.2,1.7125,0.8,0.7611520611723263,2.175,0.7
full_seed101_bias_0p3_noise0p1_s9_a0p3_b0p8,101,bias,0.3,0.1,9,0.3,1.7125,0.8,0.7611520611723263,2.175,0.8
full_seed101_bias_0p3_noise0p25_s13_a0p2_b0p7,101,bias,0.3,0.25,13,0.2,1.8708333333333331,0.325,0.5853804325367185,3.4208333333333334,0.7
full_seed101_bias_0p3_noise0p25_s13_a0p3_b0p8,101,bias,0.3,0.25,13,0.3,1.8708333333333331,0.325,0.5853804325367185,3.4208333333333334,0.8
full_seed101_bias_0p3_noise0p25_s5_a0p2_b0p7,101,bias,0.3,0.25,5,0.2,1.1833333333333331,0.5458333333333333,0.6196101959004229,0.2875,0.7
full_seed101_bias_0p3_noise0p25_s5_a0p3_b0p8,101,bias,0.3,0.25,5,0.3,1.1833333333333331,0.5458333333333333,0.6196101959004229,0.2875,0.8
full_seed101_bias_0p3_noise0p25_s9_a0p2_b0p7,101,bias,0.3,0.25,9,0.2,1.7458333333333331,0.725,0.7331644220409499,2.1958333333333333,0.7
full_seed101_bias_0p3_noise0p25_s9_a0p3_b0p8,101,bias,0.3,0.25,9,0.3,1.7458333333333331,0.725,0.7331644220409499,2.1958333333333333,0.8
full_seed101_bias_0p3_noise0p5_s13_a0p2_b0p7,101,bias,0.3,0.5,13,0.2,1.7625,0.3083333333333333,0.5373081053054539,3.4916666666666667,0.7
full_seed101_bias_0p3_noise0p5_s13_a0p3_b0p8,101,bias,0.3,0.5,13,0.3,1.7625,0.3083333333333333,0.5373081053054539,3.4916666666666667,0.8
full_seed101_bias_0p3_noise0p5_s5_a0p2_b0p7,101,bias,0.3,0.5,5,0.2,1.375,0.475,0.5714506984066984,0.5166666666666667,0.7
full_seed101_bias_0p3_noise0p5_s5_a0p3_b0p8,101,bias,0.3,0.5,5,0.3,1.375,0.475,0.5714506984066984,0.5166666666666667,0.8
full_seed101_bias_0p3_noise0p5_s9_a0p2_b0p7,101,bias,0.3,0.5,9,0.2,1.725,0.5833333333333334,0.6404113068783678,2.183333333333333,0.7
full_seed101_bias_0p3_noise0p5_s9_a0p3_b0p8,101,bias,0.3,0.5,9,0.3,1.725,0.5833333333333334,0.6404113068783678,2.183333333333333,0.8
full_seed101_bias_0p4_noise0p1_s13_a0p2_b0p7,101,bias,0.4,0.1,13,0.2,1.9125,0.3875,0.6625971649155218,3.9125,0.7
full_seed101_bias_0p4_noise0p1_s13_a0p3_b0p8,101,bias,0.4,0.1,13,0.3,1.9125,0.3875,0.6625971649155218,3.9125,0.8
full_seed101_bias_0p4_noise0p1_s5_a0p2_b0p7,101,bias,0.4,0.1,5,0.2,1.1625,0.6708333333333333,0.6600618851215309,0.3,0.7
full_seed101_bias_0p4_noise0p1_s5_a0p3_b0p8,101,bias,0.4,0.1,5,0.3,1.1625,0.6708333333333333,0.6600618851215309,0.3,0.8
full_seed101_bias_0p4_noise0p1_s9_a0p2_b0p7,101,bias,0.4,0.1,9,0.2,1.55,0.55,0.6259432218259956,1.1875,0.7
full_seed101_bias_0p4_noise0p1_s9_a0p3_b0p8,101,bias,0.4,0.1,9,0.3,1.55,0.55,0.6259432218259956,1.1875,0.8
full_seed101_bias_0p4_noise0p25_s13_a0p2_b0p7,101,bias,0.4,0.25,13,0.2,1.8291666666666664,0.3083333333333333,0.5691395091684938,3.1416666666666666,0.7
full_seed101_bias_0p4_noise0p25_s13_a0p3_b0p8,101,bias,0.4,0.25,13,0.3,1.8291666666666664,0.3083333333333333,0.5691395091684938,3.1416666666666666,0.8
full_seed101_bias_0p4_noise0p25_s5_a0p2_b0p7,101,bias,0.4,0.25,5,0.2,1.1833333333333331,0.5458333333333333,0.6196101959004229,0.2875,0.7
full_seed101_bias_0p4_noise0p25_s5_a0p3_b0p8,101,bias,0.4,0.25,5,0.3,1.1833333333333331,0.5458333333333333,0.6196101959004229,0.2875,0.8
full_seed101_bias_0p4_noise0p25_s9_a0p2_b0p7,101,bias,0.4,0.25,9,0.2,1.5916666666666666,0.5208333333333334,0.6134311218019872,1.3708333333333331,0.7
full_seed101_bias_0p4_noise0p25_s9_a0p3_b0p8,101,bias,0.4,0.25,9,0.3,1.5916666666666666,0.5208333333333334,0.6134311218019872,1.3708333333333331,0.8
full_seed101_bias_0p4_noise0p5_s13_a0p2_b0p7,101,bias,0.4,0.5,13,0.2,1.7416666666666667,0.3083333333333333,0.5286446910861601,3.3375,0.7
full_seed101_bias_0p4_noise0p5_s13_a0p3_b0p8,101,bias,0.4,0.5,13,0.3,1.7416666666666667,0.3083333333333333,0.5286446910861601,3.3375,0.8
full_seed101_bias_0p4_noise0p5_s5_a0p2_b0p7,101,bias,0.4,0.5,5,0.2,1.375,0.475,0.5714506984066984,0.5166666666666667,0.7
full_seed101_bias_0p4_noise0p5_s5_a0p3_b0p8,101,bias,0.4,0.5,5,0.3,1.375,0.475,0.5714506984066984,0.5166666666666667,0.8
full_seed101_bias_0p4_noise0p5_s9_a0p2_b0p7,101,bias,0.4,0.5,9,0.2,1.5833333333333333,0.45,0.5542313683195599,1.4375,0.7
full_seed101_bias_0p4_noise0p5_s9_a0p3_b0p8,101,bias,0.4,0.5,9,0.3,1.5833333333333333,0.45,0.5542313683195599,1.4375,0.8
full_seed101_drift_0p0_noise0p1_s13_a0p2_b0p7,101,drift,0.0,0.1,13,0.2,2.0375,0.2125,0.6154120947055214,2.2041666666666666,0.7
full_seed101_drift_0p0_noise0p1_s13_a0p3_b0p8,101,drift,0.0,0.1,13,0.3,2.0375,0.2125,0.6154120947055214,2.2041666666666666,0.8
full_seed101_drift_0p0_noise0p1_s5_a0p2_b0p7,101,drift,0.0,0.1,5,0.2,1.0416666666666667,0.8958333333333334,0.7778765535718084,0.05,0.7
full_seed101_drift_0p0_noise0p1_s5_a0p3_b0p8,101,drift,0.0,0.1,5,0.3,1.0416666666666667,0.8958333333333334,0.7778765535718084,0.05,0.8
full_seed101_drift_0p0_noise0p1_s9_a0p2_b0p7,101,drift,0.0,0.1,9,0.2,1.6708333333333334,0.7916666666666666,0.7525204722430491,0.7625,0.7
full_seed101_drift_0p0_noise0p1_s9_a0p3_b0p8,101,drift,0.0,0.1,9,0.3,1.6708333333333334,0.7916666666666666,0.7525204722430491,0.7625,0.8
full_seed101_drift_0p0_noise0p25_s13_a0p2_b0p7,101,drift,0.0,0.25,13,0.2,2.245833333333333,0.4041666666666667,0.683356940746831,3.7,0.7
full_seed101_drift_0p0_noise0p25_s13_a0p3_b0p8,101,drift,0.0,0.25,13,0.3,2.245833333333333,0.4041666666666667,0.683356940746831,3.7,0.8
full_seed101_drift_0p0_noise0p25_s5_a0p2_b0p7,101,drift,0.0,0.25,5,0.2,1.1416666666666666,0.7833333333333333,0.755016007182041,0.1541666666666666,0.7
full_seed101_drift_0p0_noise0p25_s5_a0p3_b0p8,101,drift,0.0,0.25,5,0.3,1.1416666666666666,0.7833333333333333,0.755016007182041,0.1541666666666666,0.8
full_seed101_drift_0p0_noise0p25_s9_a0p2_b0p7,101,drift,0.0,0.25,9,0.2,1.7666666666666666,0.7416666666666667,0.749010025811955,1.0541666666666667,0.7
full_seed101_drift_0p0_noise0p25_s9_a0p3_b0p8,101,drift,0.0,0.25,9,0.3,1.7666666666666666,0.7416666666666667,0.749010025811955,1.0541666666666667,0.8
full_seed101_drift_0p0_noise0p5_s13_a0p2_b0p7,101,drift,0.0,0.5,13,0.2,2.1708333333333334,0.5,0.7014891264983326,5.129166666666666,0.7
full_seed101_drift_0p0_noise0p5_s13_a0p3_b0p8,101,drift,0.0,0.5,13,0.3,2.1708333333333334,0.5,0.7014891264983326,5.129166666666666,0.8
full_seed101_drift_0p0_noise0p5_s5_a0p2_b0p7,101,drift,0.0,0.5,5,0.2,1.5166666666666666,0.7125,0.734864328703523,0.65,0.7
full_seed101_drift_0p0_noise0p5_s5_a0p3_b0p8,101,drift,0.0,0.5,5,0.3,1.5166666666666666,0.7125,0.734864328703523,0.65,0.8
full_seed101_drift_0p0_noise0p5_s9_a0p2_b0p7,101,drift,0.0,0.5,9,0.2,1.9416666666666669,0.725,0.7330677495002281,2.0,0.7
full_seed101_drift_0p0_noise0p5_s9_a0p3_b0p8,101,drift,0.0,0.5,9,0.3,1.9416666666666669,0.725,0.7330677495002281,2.0,0.8
full_seed101_drift_0p1_noise0p1_s13_a0p2_b0p7,101,drift,0.1,0.1,13,0.2,2.095833333333333,0.2083333333333333,0.615430935678259,2.629166666666667,0.7
full_seed101_drift_0p1_noise0p1_s13_a0p3_b0p8,101,drift,0.1,0.1,13,0.3,2.095833333333333,0.2083333333333333,0.615430935678259,2.629166666666667,0.8
full_seed101_drift_0p1_noise0p1_s5_a0p2_b0p7,101,drift,0.1,0.1,5,0.2,1.0416666666666667,0.8958333333333334,0.7778765535718084,0.05,0.7
full_seed101_drift_0p1_noise0p1_s5_a0p3_b0p8,101,drift,0.1,0.1,5,0.3,1.0416666666666667,0.8958333333333334,0.7778765535718084,0.05,0.8
full_seed101_drift_0p1_noise0p1_s9_a0p2_b0p7,101,drift,0.1,0.1,9,0.2,1.7583333333333333,0.7958333333333333,0.7571523801929896,1.075,0.7
full_seed101_drift_0p1_noise0p1_s9_a0p3_b0p8,101,drift,0.1,0.1,9,0.3,1.7583333333333333,0.7958333333333333,0.7571523801929896,1.075,0.8
full_seed101_drift_0p1_noise0p25_s13_a0p2_b0p7,101,drift,0.1,0.25,13,0.2,2.216666666666667,0.4083333333333333,0.6836849714838601,3.983333333333333,0.7
full_seed101_drift_0p1_noise0p25_s13_a0p3_b0p8,101,drift,0.1,0.25,13,0.3,2.216666666666667,0.4083333333333333,0.6836849714838601,3.983333333333333,0.8
full_seed101_drift_0p1_noise0p25_s5_a0p2_b0p7,101,drift,0.1,0.25,5,0.2,1.1416666666666666,0.7833333333333333,0.755016007182041,0.1541666666666666,0.7
full_seed101_drift_0p1_noise0p25_s5_a0p3_b0p8,101,drift,0.1,0.25,5,0.3,1.1416666666666666,0.7833333333333333,0.755016007182041,0.1541666666666666,0.8
full_seed101_drift_0p1_noise0p25_s9_a0p2_b0p7,101,drift,0.1,0.25,9,0.2,1.8333333333333333,0.7458333333333333,0.7494170321607861,1.3125,0.7
full_seed101_drift_0p1_noise0p25_s9_a0p3_b0p8,101,drift,0.1,0.25,9,0.3,1.8333333333333333,0.7458333333333333,0.7494170321607861,1.3125,0.8
full_seed101_drift_0p1_noise0p5_s13_a0p2_b0p7,101,drift,0.1,0.5,13,0.2,2.1416666666666666,0.4916666666666666,0.6945374144204769,5.270833333333333,0.7
full_seed101_drift_0p1_noise0p5_s13_a0p3_b0p8,101,drift,0.1,0.5,13,0.3,2.1416666666666666,0.4916666666666666,0.6945374144204769,5.270833333333333,0.8
full_seed101_drift_0p1_noise0p5_s5_a0p2_b0p7,101,drift,0.1,0.5,5,0.2,1.5166666666666666,0.7125,0.734864328703523,0.65,0.7
full_seed101_drift_0p1_noise0p5_s5_a0p3_b0p8,101,drift,0.1,0.5,5,0.3,1.5166666666666666,0.7125,0.734864328703523,0.65,0.8
full_seed101_drift_0p1_noise0p5_s9_a0p2_b0p7,101,drift,0.1,0.5,9,0.2,1.9416666666666669,0.7041666666666667,0.7342386452857763,2.225,0.7
full_seed101_drift_0p1_noise0p5_s9_a0p3_b0p8,101,drift,0.1,0.5,9,0.3,1.9416666666666669,0.7041666666666667,0.7342386452857763,2.225,0.8
full_seed101_drift_0p2_noise0p1_s13_a0p2_b0p7,101,drift,0.2,0.1,13,0.2,2.0625,0.2458333333333333,0.6274171397570908,3.225,0.7
full_seed101_drift_0p2_noise0p1_s13_a0p3_b0p8,101,drift,0.2,0.1,13,0.3,2.0625,0.2458333333333333,0.6274171397570908,3.225,0.8
full_seed101_drift_0p2_noise0p1_s5_a0p2_b0p7,101,drift,0.2,0.1,5,0.2,1.2625,0.8625,0.773966196485448,0.3083333333333333,0.7
full_seed101_drift_0p2_noise0p1_s5_a0p3_b0p8,101,drift,0.2,0.1,5,0.3,1.2625,0.8625,0.773966196485448,0.3083333333333333,0.8
full_seed101_drift_0p2_noise0p1_s9_a0p2_b0p7,101,drift,0.2,0.1,9,0.2,1.7666666666666666,0.7625,0.7547558797109519,1.3291666666666666,0.7
full_seed101_drift_0p2_noise0p1_s9_a0p3_b0p8,101,drift,0.2,0.1,9,0.3,1.7666666666666666,0.7625,0.7547558797109519,1.3291666666666666,0.8
full_seed101_drift_0p2_noise0p25_s13_a0p2_b0p7,101,drift,0.2,0.25,13,0.2,2.1125,0.3625,0.6417523114888831,3.879166666666667,0.7
full_seed101_drift_0p2_noise0p25_s13_a0p3_b0p8,101,drift,0.2,0.25,13,0.3,2.1125,0.3625,0.6417523114888831,3.879166666666667,0.8
full_seed101_drift_0p2_noise0p25_s5_a0p2_b0p7,101,drift,0.2,0.25,5,0.2,1.3208333333333333,0.75,0.7509147927996891,0.3833333333333333,0.7
full_seed101_drift_0p2_noise0p25_s5_a0p3_b0p8,101,drift,0.2,0.25,5,0.3,1.3208333333333333,0.75,0.7509147927996891,0.3833333333333333,0.8
full_seed101_drift_0p2_noise0p25_s9_a0p2_b0p7,101,drift,0.2,0.25,9,0.2,1.8541666666666667,0.725,0.7497954163702482,1.5958333333333334,0.7
full_seed101_drift_0p2_noise0p25_s9_a0p3_b0p8,101,drift,0.2,0.25,9,0.3,1.8541666666666667,0.725,0.7497954163702482,1.5958333333333334,0.8
full_seed101_drift_0p2_noise0p5_s13_a0p2_b0p7,101,drift,0.2,0.5,13,0.2,2.05,0.4208333333333333,0.6424879794247367,5.033333333333333,0.7
full_seed101_drift_0p2_noise0p5_s13_a0p3_b0p8,101,drift,0.2,0.5,13,0.3,2.05,0.4208333333333333,0.6424879794247367,5.033333333333333,0.8
full_seed101_drift_0p2_noise0p5_s5_a0p2_b0p7,101,drift,0.2,0.5,5,0.2,1.5416666666666667,0.6333333333333333,0.711995213749164,0.7125,0.7
full_seed101_drift_0p2_noise0p5_s5_a0p3_b0p8,101,drift,0.2,0.5,5,0.3,1.5416666666666667,0.6333333333333333,0.711995213749164,0.7125,0.8
full_seed101_drift_0p2_noise0p5_s9_a0p2_b0p7,101,drift,0.2,0.5,9,0.2,1.925,0.7,0.726504141291368,2.395833333333333,0.7
full_seed101_drift_0p2_noise0p5_s9_a0p3_b0p8,101,drift,0.2,0.5,9,0.3,1.925,0.7,0.726504141291368,2.395833333333333,0.8
full_seed101_drift_0p3_noise0p1_s13_a0p2_b0p7,101,drift,0.3,0.1,13,0.2,2.029166666666667,0.2708333333333333,0.6247658383039562,3.254166666666667,0.7
full_seed101_drift_0p3_noise0p1_s13_a0p3_b0p8,101,drift,0.3,0.1,13,0.3,2.029166666666667,0.2708333333333333,0.6247658383039562,3.254166666666667,0.8
full_seed101_drift_0p3_noise0p1_s5_a0p2_b0p7,101,drift,0.3,0.1,5,0.2,1.2,0.7375,0.7269838149264454,0.3083333333333333,0.7
full_seed101_drift_0p3_noise0p1_s5_a0p3_b0p8,101,drift,0.3,0.1,5,0.3,1.2,0.7375,0.7269838149264454,0.3083333333333333,0.8
full_seed101_drift_0p3_noise0p1_s9_a0p2_b0p7,101,drift,0.3,0.1,9,0.2,1.775,0.7208333333333333,0.7457545904267617,1.5666666666666669,0.7
full_seed101_drift_0p3_noise0p1_s9_a0p3_b0p8,101,drift,0.3,0.1,9,0.3,1.775,0.7208333333333333,0.7457545904267617,1.5666666666666669,0.8
full_seed101_drift_0p3_noise0p25_s13_a0p2_b0p7,101,drift,0.3,0.25,13,0.2,2.1166666666666667,0.3666666666666666,0.6278162854752836,3.904166666666667,0.7
full_seed101_drift_0p3_noise0p25_s13_a0p3_b0p8,101,drift,0.3,0.25,13,0.3,2.1166666666666667,0.3666666666666666,0.6278162854752836,3.904166666666667,0.8
full_seed101_drift_0p3_noise0p25_s5_a0p2_b0p7,101,drift,0.3,0.25,5,0.2,1.25,0.6416666666666667,0.7013399380417913,0.3416666666666667,0.7
full_seed101_drift_0p3_noise0p25_s5_a0p3_b0p8,101,drift,0.3,0.25,5,0.3,1.25,0.6416666666666667,0.7013399380417913,0.3416666666666667,0.8
full_seed101_drift_0p3_noise0p25_s9_a0p2_b0p7,101,drift,0.3,0.25,9,0.2,1.8375,0.675,0.7313989466389422,1.7166666666666666,0.7
full_seed101_drift_0p3_noise0p25_s9_a0p3_b0p8,101,drift,0.3,0.25,9,0.3,1.8375,0.675,0.7313989466389422,1.7166666666666666,0.8
full_seed101_drift_0p3_noise0p5_s13_a0p2_b0p7,101,drift,0.3,0.5,13,0.2,2.029166666666667,0.4208333333333333,0.632864195921907,5.020833333333333,0.7
full_seed101_drift_0p3_noise0p5_s13_a0p3_b0p8,101,drift,0.3,0.5,13,0.3,2.029166666666667,0.4208333333333333,0.632864195921907,5.020833333333333,0.8
full_seed101_drift_0p3_noise0p5_s5_a0p2_b0p7,101,drift,0.3,0.5,5,0.2,1.5125,0.5708333333333333,0.6743239123562489,0.7041666666666667,0.7
full_seed101_drift_0p3_noise0p5_s5_a0p3_b0p8,101,drift,0.3,0.5,5,0.3,1.5125,0.5708333333333333,0.6743239123562489,0.7041666666666667,0.8
full_seed101_drift_0p3_noise0p5_s9_a0p2_b0p7,101,drift,0.3,0.5,9,0.2,1.9,0.6166666666666667,0.6995032539411224,2.3666666666666667,0.7
full_seed101_drift_0p3_noise0p5_s9_a0p3_b0p8,101,drift,0.3,0.5,9,0.3,1.9,0.6166666666666667,0.6995032539411224,2.3666666666666667,0.8
full_seed101_drift_0p4_noise0p1_s13_a0p2_b0p7,101,drift,0.4,0.1,13,0.2,2.095833333333333,0.3125,0.6313804805472277,3.433333333333333,0.7
full_seed101_drift_0p4_noise0p1_s13_a0p3_b0p8,101,drift,0.4,0.1,13,0.3,2.095833333333333,0.3125,0.6313804805472277,3.433333333333333,0.8
full_seed101_drift_0p4_noise0p1_s5_a0p2_b0p7,101,drift,0.4,0.1,5,0.2,1.2,0.7375,0.7269838149264454,0.3083333333333333,0.7
full_seed101_drift_0p4_noise0p1_s5_a0p3_b0p8,101,drift,0.4,0.1,5,0.3,1.2,0.7375,0.7269838149264454,0.3083333333333333,0.8
full_seed101_drift_0p4_noise0p1_s9_a0p2_b0p7,101,drift,0.4,0.1,9,0.2,1.7541666666666669,0.65,0.7152558192015872,1.4583333333333333,0.7
full_seed101_drift_0p4_noise0p1_s9_a0p3_b0p8,101,drift,0.4,0.1,9,0.3,1.7541666666666669,0.65,0.7152558192015872,1.4583333333333333,0.8
full_seed101_drift_0p4_noise0p25_s13_a0p2_b0p7,101,drift,0.4,0.25,13,0.2,2.1375,0.3791666666666666,0.6300621593062492,3.9791666666666665,0.7
full_seed101_drift_0p4_noise0p25_s13_a0p3_b0p8,101,drift,0.4,0.25,13,0.3,2.1375,0.3791666666666666,0.6300621593062492,3.9791666666666665,0.8
full_seed101_drift_0p4_noise0p25_s5_a0p2_b0p7,101,drift,0.4,0.25,5,0.2,1.25,0.6416666666666667,0.7013399380417913,0.3416666666666667,0.7
full_seed101_drift_0p4_noise0p25_s5_a0p3_b0p8,101,drift,0.4,0.25,5,0.3,1.25,0.6416666666666667,0.7013399380417913,0.3416666666666667,0.8
full_seed101_drift_0p4_noise0p25_s9_a0p2_b0p7,101,drift,0.4,0.25,9,0.2,1.8,0.6125,0.694946724846221,1.5458333333333334,0.7
full_seed101_drift_0p4_noise0p25_s9_a0p3_b0p8,101,drift,0.4,0.25,9,0.3,1.8,0.6125,0.694946724846221,1.5458333333333334,0.8
full_seed101_drift_0p4_noise0p5_s13_a0p2_b0p7,101,drift,0.4,0.5,13,0.2,2.0125,0.4416666666666666,0.629870789677189,4.816666666666666,0.7
full_seed101_drift_0p4_noise0p5_s13_a0p3_b0p8,101,drift,0.4,0.5,13,0.3,2.0125,0.4416666666666666,0.629870789677189,4.816666666666666,0.8
full_seed101_drift_0p4_noise0p5_s5_a0p2_b0p7,101,drift,0.4,0.5,5,0.2,1.5125,0.5708333333333333,0.6743239123562489,0.7041666666666667,0.7
full_seed101_drift_0p4_noise0p5_s5_a0p3_b0p8,101,drift,0.4,0.5,5,0.3,1.5125,0.5708333333333333,0.6743239123562489,0.7041666666666667,0.8
full_seed101_drift_0p4_noise0p5_s9_a0p2_b0p7,101,drift,0.4,0.5,9,0.2,1.85,0.5583333333333333,0.6683291437633255,2.1166666666666667,0.7
full_seed101_drift_0p4_noise0p5_s9_a0p3_b0p8,101,drift,0.4,0.5,9,0.3,1.85,0.5583333333333333,0.6683291437633255,2.1166666666666667,0.8
full_seed101_freeze_0p0_noise0p1_s13_a0p2_b0p7,101,freeze,0.0,0.1,13,0.2,2.0375,0.2125,0.6154120947055214,2.2041666666666666,0.7
full_seed101_freeze_0p0_noise0p1_s13_a0p3_b0p8,101,freeze,0.0,0.1,13,0.3,2.0375,0.2125,0.6154120947055214,2.2041666666666666,0.8
full_seed101_freeze_0p0_noise0p1_s5_a0p2_b0p7,101,freeze,0.0,0.1,5,0.2,1.0416666666666667,0.8958333333333334,0.7778765535718084,0.05,0.7
full_seed101_freeze_0p0_noise0p1_s5_a0p3_b0p8,101,freeze,0.0,0.1,5,0.3,1.0416666666666667,0.8958333333333334,0.7778765535718084,0.05,0.8
full_seed101_freeze_0p0_noise0p1_s9_a0p2_b0p7,101,freeze,0.0,0.1,9,0.2,1.6708333333333334,0.7916666666666666,0.7525204722430491,0.7625,0.7
full_seed101_freeze_0p0_noise0p1_s9_a0p3_b0p8,101,freeze,0.0,0.1,9,0.3,1.6708333333333334,0.7916666666666666,0.7525204722430491,0.7625,0.8
full_seed101_freeze_0p0_noise0p25_s13_a0p2_b0p7,101,freeze,0.0,0.25,13,0.2,2.245833333333333,0.4041666666666667,0.683356940746831,3.7,0.7
full_seed101_freeze_0p0_noise0p25_s13_a0p3_b0p8,101,freeze,0.0,0.25,13,0.3,2.245833333333333,0.4041666666666667,0.683356940746831,3.7,0.8
full_seed101_freeze_0p0_noise0p25_s5_a0p2_b0p7,101,freeze,0.0,0.25,5,0.2,1.1416666666666666,0.7833333333333333,0.755016007182041,0.1541666666666666,0.7
full_seed101_freeze_0p0_noise0p25_s5_a0p3_b0p8,101,freeze,0.0,0.25,5,0.3,1.1416666666666666,0.7833333333333333,0.755016007182041,0.1541666666666666,0.8
full_seed101_freeze_0p0_noise0p25_s9_a0p2_b0p7,101,freeze,0.0,0.25,9,0.2,1.7666666666666666,0.7416666666666667,0.749010025811955,1.0541666666666667,0.7
full_seed101_freeze_0p0_noise0p25_s9_a0p3_b0p8,101,freeze,0.0,0.25,9,0.3,1.7666666666666666,0.7416666666666667,0.749010025811955,1.0541666666666667,0.8
full_seed101_freeze_0p0_noise0p5_s13_a0p2_b0p7,101,freeze,0.0,0.5,13,0.2,2.1708333333333334,0.5,0.7014891264983326,5.129166666666666,0.7
full_seed101_freeze_0p0_noise0p5_s13_a0p3_b0p8,101,freeze,0.0,0.5,13,0.3,2.1708333333333334,0.5,0.7014891264983326,5.129166666666666,0.8
full_seed101_freeze_0p0_noise0p5_s5_a0p2_b0p7,101,freeze,0.0,0.5,5,0.2,1.5166666666666666,0.7125,0.734864328703523,0.65,0.7
full_seed101_freeze_0p0_noise0p5_s5_a0p3_b0p8,101,freeze,0.0,0.5,5,0.3,1.5166666666666666,0.7125,0.734864328703523,0.65,0.8
full_seed101_freeze_0p0_noise0p5_s9_a0p2_b0p7,101,freeze,0.0,0.5,9,0.2,1.9416666666666669,0.725,0.7330677495002281,2.0,0.7
full_seed101_freeze_0p0_noise0p5_s9_a0p3_b0p8,101,freeze,0.0,0.5,9,0.3,1.9416666666666669,0.725,0.7330677495002281,2.0,0.8
full_seed101_freeze_0p1_noise0p1_s13_a0p2_b0p7,101,freeze,0.1,0.1,13,0.2,2.0083333333333333,0.1916666666666666,0.6038878683805194,2.058333333333333,0.7
full_seed101_freeze_0p1_noise0p1_s13_a0p3_b0p8,101,freeze,0.1,0.1,13,0.3,2.0083333333333333,0.1916666666666666,0.6038878683805194,2.058333333333333,0.8
full_seed101_freeze_0p1_noise0p1_s5_a0p2_b0p7,101,freeze,0.1,0.1,5,0.2,1.0416666666666667,0.8958333333333334,0.7778765535718084,0.05,0.7
full_seed101_freeze_0p1_noise0p1_s5_a0p3_b0p8,101,freeze,0.1,0.1,5,0.3,1.0416666666666667,0.8958333333333334,0.7778765535718084,0.05,0.8
full_seed101_freeze_0p1_noise0p1_s9_a0p2_b0p7,101,freeze,0.1,0.1,9,0.2,1.6708333333333334,0.7833333333333333,0.750689476181027,0.7583333333333333,0.7
full_seed101_freeze_0p1_noise0p1_s9_a0p3_b0p8,101,freeze,0.1,0.1,9,0.3,1.6708333333333334,0.7833333333333333,0.750689476181027,0.7583333333333333,0.8
full_seed101_freeze_0p1_noise0p25_s13_a0p2_b0p7,101,freeze,0.1,0.25,13,0.2,2.25,0.3875,0.6728633679988837,3.6,0.7
full_seed101_freeze_0p1_noise0p25_s13_a0p3_b0p8,101,freeze,0.1,0.25,13,0.3,2.25,0.3875,0.6728633679988837,3.6,0.8
full_seed101_freeze_0p1_noise0p25_s5_a0p2_b0p7,101,freeze,0.1,0.25,5,0.2,1.1416666666666666,0.7833333333333333,0.755016007182041,0.1541666666666666,0.7
full_seed101_freeze_0p1_noise0p25_s5_a0p3_b0p8,101,freeze,0.1,0.25,5,0.3,1.1416666666666666,0.7833333333333333,0.755016007182041,0.1541666666666666,0.8
full_seed101_freeze_0p1_noise0p25_s9_a0p2_b0p7,101,freeze,0.1,0.25,9,0.2,1.7583333333333333,0.7208333333333333,0.740902144615544,1.0041666666666669,0.7
full_seed101_freeze_0p1_noise0p25_s9_a0p3_b0p8,101,freeze,0.1,0.25,9,0.3,1.7583333333333333,0.7208333333333333,0.740902144615544,1.0041666666666669,0.8
full_seed101_freeze_0p1_noise0p5_s13_a0p2_b0p7,101,freeze,0.1,0.5,13,0.2,2.2,0.4875,0.6969336556288359,5.1375,0.7
full_seed101_freeze_0p1_noise0p5_s13_a0p3_b0p8,101,freeze,0.1,0.5,13,0.3,2.2,0.4875,0.6969336556288359,5.1375,0.8
full_seed101_freeze_0p1_noise0p5_s5_a0p2_b0p7,101,freeze,0.1,0.5,5,0.2,1.5166666666666666,0.7125,0.734864328703523,0.65,0.7
full_seed101_freeze_0p1_noise0p5_s5_a0p3_b0p8,101,freeze,0.1,0.5,5,0.3,1.5166666666666666,0.7125,0.734864328703523,0.65,0.8
full_seed101_freeze_0p1_noise0p5_s9_a0p2_b0p7,101,freeze,0.1,0.5,9,0.2,1.9166666666666667,0.7083333333333334,0.72610881654301,1.9375,0.7
full_seed101_freeze_0p1_noise0p5_s9_a0p3_b0p8,101,freeze,0.1,0.5,9,0.3,1.9166666666666667,0.7083333333333334,0.72610881654301,1.9375,0.8
full_seed101_freeze_0p2_noise0p1_s13_a0p2_b0p7,101,freeze,0.2,0.1,13,0.2,1.9291666666666667,0.2166666666666666,0.6027934821772073,2.004166666666667,0.7
full_seed101_freeze_0p2_noise0p1_s13_a0p3_b0p8,101,freeze,0.2,0.1,13,0.3,1.9291666666666667,0.2166666666666666,0.6027934821772073,2.004166666666667,0.8
full_seed101_freeze_0p2_noise0p1_s5_a0p2_b0p7,101,freeze,0.2,0.1,5,0.2,1.0333333333333334,0.8916666666666667,0.7710600658481878,0.0416666666666666,0.7
full_seed101_freeze_0p2_noise0p1_s5_a0p3_b0p8,101,freeze,0.2,0.1,5,0.3,1.0333333333333334,0.8916666666666667,0.7710600658481878,0.0416666666666666,0.8
full_seed101_freeze_0p2_noise0p1_s9_a0p2_b0p7,101,freeze,0.2,0.1,9,0.2,1.7,0.7958333333333333,0.7508823833406347,0.7875,0.7
full_seed101_freeze_0p2_noise0p1_s9_a0p3_b0p8,101,freeze,0.2,0.1,9,0.3,1.7,0.7958333333333333,0.7508823833406347,0.7875,0.8
full_seed101_freeze_0p2_noise0p25_s13_a0p2_b0p7,101,freeze,0.2,0.25,13,0.2,2.254166666666667,0.4,0.6703793438878054,3.5875,0.7
full_seed101_freeze_0p2_noise0p25_s13_a0p3_b0p8,101,freeze,0.2,0.25,13,0.3,2.254166666666667,0.4,0.6703793438878054,3.5875,0.8
full_seed101_freeze_0p2_noise0p25_s5_a0p2_b0p7,101,freeze,0.2,0.25,5,0.2,1.125,0.7541666666666667,0.7483462643991278,0.1375,0.7
full_seed101_freeze_0p2_noise0p25_s5_a0p3_b0p8,101,freeze,0.2,0.25,5,0.3,1.125,0.7541666666666667,0.7483462643991278,0.1375,0.8
full_seed101_freeze_0p2_noise0p25_s9_a0p2_b0p7,101,freeze,0.2,0.25,9,0.2,1.7666666666666666,0.7041666666666667,0.7378856307664268,1.0083333333333333,0.7
full_seed101_freeze_0p2_noise0p25_s9_a0p3_b0p8,101,freeze,0.2,0.25,9,0.3,1.7666666666666666,0.7041666666666667,0.7378856307664268,1.0083333333333333,0.8
full_seed101_freeze_0p2_noise0p5_s13_a0p2_b0p7,101,freeze,0.2,0.5,13,0.2,2.1791666666666667,0.4916666666666666,0.6932803335544377,5.129166666666666,0.7
full_seed101_freeze_0p2_noise0p5_s13_a0p3_b0p8,101,freeze,0.2,0.5,13,0.3,2.1791666666666667,0.4916666666666666,0.6932803335544377,5.129166666666666,0.8
full_seed101_freeze_0p2_noise0p5_s5_a0p2_b0p7,101,freeze,0.2,0.5,5,0.2,1.5166666666666666,0.6833333333333333,0.7296681668443504,0.6458333333333334,0.7
full_seed101_freeze_0p2_noise0p5_s5_a0p3_b0p8,101,freeze,0.2,0.5,5,0.3,1.5166666666666666,0.6833333333333333,0.7296681668443504,0.6458333333333334,0.8
full_seed101_freeze_0p2_noise0p5_s9_a0p2_b0p7,101,freeze,0.2,0.5,9,0.2,1.9291666666666667,0.6541666666666667,0.7207720462135518,1.9666666666666663,0.7
full_seed101_freeze_0p2_noise0p5_s9_a0p3_b0p8,101,freeze,0.2,0.5,9,0.3,1.9291666666666667,0.6541666666666667,0.7207720462135518,1.9666666666666663,0.8
full_seed101_freeze_0p3_noise0p1_s13_a0p2_b0p7,101,freeze,0.3,0.1,13,0.2,1.9125,0.2125,0.6029311202106278,2.004166666666667,0.7
full_seed101_freeze_0p3_noise0p1_s13_a0p3_b0p8,101,freeze,0.3,0.1,13,0.3,1.9125,0.2125,0.6029311202106278,2.004166666666667,0.8
full_seed101_freeze_0p3_noise0p1_s5_a0p2_b0p7,101,freeze,0.3,0.1,5,0.2,1.0375,0.9041666666666668,0.7653211953114843,0.0458333333333333,0.7
full_seed101_freeze_0p3_noise0p1_s5_a0p3_b0p8,101,freeze,0.3,0.1,5,0.3,1.0375,0.9041666666666668,0.7653211953114843,0.0458333333333333,0.8
full_seed101_freeze_0p3_noise0p1_s9_a0p2_b0p7,101,freeze,0.3,0.1,9,0.2,1.7125,0.8083333333333333,0.7551909615499706,0.8,0.7
full_seed101_freeze_0p3_noise0p1_s9_a0p3_b0p8,101,freeze,0.3,0.1,9,0.3,1.7125,0.8083333333333333,0.7551909615499706,0.8,0.8
full_seed101_freeze_0p3_noise0p25_s13_a0p2_b0p7,101,freeze,0.3,0.25,13,0.2,2.25,0.3958333333333333,0.6720797650598981,3.5375,0.7
full_seed101_freeze_0p3_noise0p25_s13_a0p3_b0p8,101,freeze,0.3,0.25,13,0.3,2.25,0.3958333333333333,0.6720797650598981,3.5375,0.8
full_seed101_freeze_0p3_noise0p25_s5_a0p2_b0p7,101,freeze,0.3,0.25,5,0.2,1.1208333333333331,0.7083333333333334,0.7399174306597871,0.1333333333333333,0.7
full_seed101_freeze_0p3_noise0p25_s5_a0p3_b0p8,101,freeze,0.3,0.25,5,0.3,1.1208333333333331,0.7083333333333334,0.7399174306597871,0.1333333333333333,0.8
full_seed101_freeze_0p3_noise0p25_s9_a0p2_b0p7,101,freeze,0.3,0.25,9,0.2,1.7791666666666666,0.7083333333333334,0.7407874941975554,1.0083333333333333,0.7
full_seed101_freeze_0p3_noise0p25_s9_a0p3_b0p8,101,freeze,0.3,0.25,9,0.3,1.7791666666666666,0.7083333333333334,0.7407874941975554,1.0083333333333333,0.8
full_seed101_freeze_0p3_noise0p5_s13_a0p2_b0p7,101,freeze,0.3,0.5,13,0.2,2.191666666666667,0.475,0.6921435682412554,5.15,0.7
full_seed101_freeze_0p3_noise0p5_s13_a0p3_b0p8,101,freeze,0.3,0.5,13,0.3,2.191666666666667,0.475,0.6921435682412554,5.15,0.8
full_seed101_freeze_0p3_noise0p5_s5_a0p2_b0p7,101,freeze,0.3,0.5,5,0.2,1.5166666666666666,0.6416666666666667,0.7220725964294925,0.6583333333333333,0.7
full_seed101_freeze_0p3_noise0p5_s5_a0p3_b0p8,101,freeze,0.3,0.5,5,0.3,1.5166666666666666,0.6416666666666667,0.7220725964294925,0.6583333333333333,0.8
full_seed101_freeze_0p3_noise0p5_s9_a0p2_b0p7,101,freeze,0.3,0.5,9,0.2,1.9291666666666667,0.6583333333333333,0.7219682293395321,1.9333333333333331,0.7
full_seed101_freeze_0p3_noise0p5_s9_a0p3_b0p8,101,freeze,0.3,0.5,9,0.3,1.9291666666666667,0.6583333333333333,0.7219682293395321,1.9333333333333331,0.8
full_seed101_freeze_0p4_noise0p1_s13_a0p2_b0p7,101,freeze,0.4,0.1,13,0.2,1.8666666666666667,0.1625,0.5862794908441835,1.8416666666666663,0.7
full_seed101_freeze_0p4_noise0p1_s13_a0p3_b0p8,101,freeze,0.4,0.1,13,0.3,1.8666666666666667,0.1625,0.5862794908441835,1.8416666666666663,0.8
full_seed101_freeze_0p4_noise0p1_s5_a0p2_b0p7,101,freeze,0.4,0.1,5,0.2,1.0375,0.9041666666666668,0.7653211953114843,0.0458333333333333,0.7
full_seed101_freeze_0p4_noise0p1_s5_a0p3_b0p8,101,freeze,0.4,0.1,5,0.3,1.0375,0.9041666666666668,0.7653211953114843,0.0458333333333333,0.8
full_seed101_freeze_0p4_noise0p1_s9_a0p2_b0p7,101,freeze,0.4,0.1,9,0.2,1.725,0.8291666666666667,0.7597127003456232,0.8083333333333333,0.7
full_seed101_freeze_0p4_noise0p1_s9_a0p3_b0p8,101,freeze,0.4,0.1,9,0.3,1.725,0.8291666666666667,0.7597127003456232,0.8083333333333333,0.8
full_seed101_freeze_0p4_noise0p25_s13_a0p2_b0p7,101,freeze,0.4,0.25,13,0.2,2.25,0.35,0.6600284600728161,3.466666666666667,0.7
full_seed101_freeze_0p4_noise0p25_s13_a0p3_b0p8,101,freeze,0.4,0.25,13,0.3,2.25,0.35,0.6600284600728161,3.466666666666667,0.8
full_seed101_freeze_0p4_noise0p25_s5_a0p2_b0p7,101,freeze,0.4,0.25,5,0.2,1.1208333333333331,0.7083333333333334,0.7399174306597871,0.1333333333333333,0.7
full_seed101_freeze_0p4_noise0p25_s5_a0p3_b0p8,101,freeze,0.4,0.25,5,0.3,1.1208333333333331,0.7083333333333334,0.7399174306597871,0.1333333333333333,0.8
full_seed101_freeze_0p4_noise0p25_s9_a0p2_b0p7,101,freeze,0.4,0.25,9,0.2,1.775,0.75,0.7430652514293262,0.9916666666666668,0.7
full_seed101_freeze_0p4_noise0p25_s9_a0p3_b0p8,101,freeze,0.4,0.25,9,0.3,1.775,0.75,0.7430652514293262,0.9916666666666668,0.8
full_seed101_freeze_0p4_noise0p5_s13_a0p2_b0p7,101,freeze,0.4,0.5,13,0.2,2.2,0.4375,0.687318433223766,5.095833333333333,0.7
full_seed101_freeze_0p4_noise0p5_s13_a0p3_b0p8,101,freeze,0.4,0.5,13,0.3,2.2,0.4375,0.687318433223766,5.095833333333333,0.8
full_seed101_freeze_0p4_noise0p5_s5_a0p2_b0p7,101,freeze,0.4,0.5,5,0.2,1.5166666666666666,0.6416666666666667,0.7220725964294925,0.6583333333333333,0.7
full_seed101_freeze_0p4_noise0p5_s5_a0p3_b0p8,101,freeze,0.4,0.5,5,0.3,1.5166666666666666,0.6416666666666667,0.7220725964294925,0.6583333333333333,0.8
full_seed101_freeze_0p4_noise0p5_s9_a0p2_b0p7,101,freeze,0.4,0.5,9,0.2,1.9291666666666667,0.6958333333333333,0.7241330846426491,1.9291666666666667,0.7
full_seed101_freeze_0p4_noise0p5_s9_a0p3_b0p8,101,freeze,0.4,0.5,9,0.3,1.9291666666666667,0.6958333333333333,0.7241330846426491,1.9291666666666667,0.8
full_seed101_mixed_0p0_noise0p1_s13_a0p2_b0p7,101,mixed,0.0,0.1,13,0.2,2.0375,0.2125,0.6154120947055214,2.2041666666666666,0.7
full_seed101_mixed_0p0_noise0p1_s13_a0p3_b0p8,101,mixed,0.0,0.1,13,0.3,2.0375,0.2125,0.6154120947055214,2.2041666666666666,0.8
full_seed101_mixed_0p0_noise0p1_s5_a0p2_b0p7,101,mixed,0.0,0.1,5,0.2,1.0416666666666667,0.8958333333333334,0.7778765535718084,0.05,0.7
full_seed101_mixed_0p0_noise0p1_s5_a0p3_b0p8,101,mixed,0.0,0.1,5,0.3,1.0416666666666667,0.8958333333333334,0.7778765535718084,0.05,0.8
full_seed101_mixed_0p0_noise0p1_s9_a0p2_b0p7,101,mixed,0.0,0.1,9,0.2,1.6708333333333334,0.7916666666666666,0.7525204722430491,0.7625,0.7
full_seed101_mixed_0p0_noise0p1_s9_a0p3_b0p8,101,mixed,0.0,0.1,9,0.3,1.6708333333333334,0.7916666666666666,0.7525204722430491,0.7625,0.8
full_seed101_mixed_0p0_noise0p25_s13_a0p2_b0p7,101,mixed,0.0,0.25,13,0.2,2.245833333333333,0.4041666666666667,0.683356940746831,3.7,0.7
full_seed101_mixed_0p0_noise0p25_s13_a0p3_b0p8,101,mixed,0.0,0.25,13,0.3,2.245833333333333,0.4041666666666667,0.683356940746831,3.7,0.8
full_seed101_mixed_0p0_noise0p25_s5_a0p2_b0p7,101,mixed,0.0,0.25,5,0.2,1.1416666666666666,0.7833333333333333,0.755016007182041,0.1541666666666666,0.7
full_seed101_mixed_0p0_noise0p25_s5_a0p3_b0p8,101,mixed,0.0,0.25,5,0.3,1.1416666666666666,0.7833333333333333,0.755016007182041,0.1541666666666666,0.8
full_seed101_mixed_0p0_noise0p25_s9_a0p2_b0p7,101,mixed,0.0,0.25,9,0.2,1.7666666666666666,0.7416666666666667,0.749010025811955,1.0541666666666667,0.7
full_seed101_mixed_0p0_noise0p25_s9_a0p3_b0p8,101,mixed,0.0,0.25,9,0.3,1.7666666666666666,0.7416666666666667,0.749010025811955,1.0541666666666667,0.8
full_seed101_mixed_0p0_noise0p5_s13_a0p2_b0p7,101,mixed,0.0,0.5,13,0.2,2.1708333333333334,0.5,0.7014891264983326,5.129166666666666,0.7
full_seed101_mixed_0p0_noise0p5_s13_a0p3_b0p8,101,mixed,0.0,0.5,13,0.3,2.1708333333333334,0.5,0.7014891264983326,5.129166666666666,0.8
full_seed101_mixed_0p0_noise0p5_s5_a0p2_b0p7,101,mixed,0.0,0.5,5,0.2,1.5166666666666666,0.7125,0.734864328703523,0.65,0.7
full_seed101_mixed_0p0_noise0p5_s5_a0p3_b0p8,101,mixed,0.0,0.5,5,0.3,1.5166666666666666,0.7125,0.734864328703523,0.65,0.8
full_seed101_mixed_0p0_noise0p5_s9_a0p2_b0p7,101,mixed,0.0,0.5,9,0.2,1.9416666666666669,0.725,0.7330677495002281,2.0,0.7
full_seed101_mixed_0p0_noise0p5_s9_a0p3_b0p8,101,mixed,0.0,0.5,9,0.3,1.9416666666666669,0.725,0.7330677495002281,2.0,0.8
full_seed101_mixed_0p1_noise0p1_s13_a0p2_b0p7,101,mixed,0.1,0.1,13,0.2,2.0625,0.2,0.6036885126095596,2.495833333333333,0.7
full_seed101_mixed_0p1_noise0p1_s13_a0p3_b0p8,101,mixed,0.1,0.1,13,0.3,2.0625,0.2,0.6036885126095596,2.495833333333333,0.8
full_seed101_mixed_0p1_noise0p1_s5_a0p2_b0p7,101,mixed,0.1,0.1,5,0.2,1.0416666666666667,0.8958333333333334,0.7778765535718084,0.05,0.7
full_seed101_mixed_0p1_noise0p1_s5_a0p3_b0p8,101,mixed,0.1,0.1,5,0.3,1.0416666666666667,0.8958333333333334,0.7778765535718084,0.05,0.8
full_seed101_mixed_0p1_noise0p1_s9_a0p2_b0p7,101,mixed,0.1,0.1,9,0.2,1.7041666666666666,0.7958333333333333,0.7530963072726659,0.9708333333333332,0.7
full_seed101_mixed_0p1_noise0p1_s9_a0p3_b0p8,101,mixed,0.1,0.1,9,0.3,1.7041666666666666,0.7958333333333333,0.7530963072726659,0.9708333333333332,0.8
full_seed101_mixed_0p1_noise0p25_s13_a0p2_b0p7,101,mixed,0.1,0.25,13,0.2,2.2333333333333334,0.4,0.6828796318390299,3.995833333333333,0.7
full_seed101_mixed_0p1_noise0p25_s13_a0p3_b0p8,101,mixed,0.1,0.25,13,0.3,2.2333333333333334,0.4,0.6828796318390299,3.995833333333333,0.8
full_seed101_mixed_0p1_noise0p25_s5_a0p2_b0p7,101,mixed,0.1,0.25,5,0.2,1.1416666666666666,0.7833333333333333,0.755016007182041,0.1541666666666666,0.7
full_seed101_mixed_0p1_noise0p25_s5_a0p3_b0p8,101,mixed,0.1,0.25,5,0.3,1.1416666666666666,0.7833333333333333,0.755016007182041,0.1541666666666666,0.8
full_seed101_mixed_0p1_noise0p25_s9_a0p2_b0p7,101,mixed,0.1,0.25,9,0.2,1.7875,0.7708333333333334,0.7486452428236446,1.2708333333333333,0.7
full_seed101_mixed_0p1_noise0p25_s9_a0p3_b0p8,101,mixed,0.1,0.25,9,0.3,1.7875,0.7708333333333334,0.7486452428236446,1.2708333333333333,0.8
full_seed101_mixed_0p1_noise0p5_s13_a0p2_b0p7,101,mixed,0.1,0.5,13,0.2,2.1416666666666666,0.4791666666666667,0.6957041111852701,5.245833333333334,0.7
full_seed101_mixed_0p1_noise0p5_s13_a0p3_b0p8,101,mixed,0.1,0.5,13,0.3,2.1416666666666666,0.4791666666666667,0.6957041111852701,5.245833333333334,0.8
full_seed101_mixed_0p1_noise0p5_s5_a0p2_b0p7,101,mixed,0.1,0.5,5,0.2,1.5166666666666666,0.7125,0.734864328703523,0.65,0.7
full_seed101_mixed_0p1_noise0p5_s5_a0p3_b0p8,101,mixed,0.1,0.5,5,0.3,1.5166666666666666,0.7125,0.734864328703523,0.65,0.8
full_seed101_mixed_0p1_noise0p5_s9_a0p2_b0p7,101,mixed,0.1,0.5,9,0.2,1.9458333333333333,0.7333333333333333,0.7370667436836797,2.2333333333333334,0.7
full_seed101_mixed_0p1_noise0p5_s9_a0p3_b0p8,101,mixed,0.1,0.5,9,0.3,1.9458333333333333,0.7333333333333333,0.7370667436836797,2.2333333333333334,0.8
full_seed101_mixed_0p2_noise0p1_s13_a0p2_b0p7,101,mixed,0.2,0.1,13,0.2,1.9875,0.2875,0.6411560878499822,3.020833333333333,0.7
full_seed101_mixed_0p2_noise0p1_s13_a0p3_b0p8,101,mixed,0.2,0.1,13,0.3,1.9875,0.2875,0.6411560878499822,3.020833333333333,0.8
full_seed101_mixed_0p2_noise0p1_s5_a0p2_b0p7,101,mixed,0.2,0.1,5,0.2,1.1958333333333333,0.8791666666666667,0.7765269393768623,0.2458333333333333,0.7
full_seed101_mixed_0p2_noise0p1_s5_a0p3_b0p8,101,mixed,0.2,0.1,5,0.3,1.1958333333333333,0.8791666666666667,0.7765269393768623,0.2458333333333333,0.8
full_seed101_mixed_0p2_noise0p1_s9_a0p2_b0p7,101,mixed,0.2,0.1,9,0.2,1.7,0.8,0.758244005172218,1.2333333333333334,0.7
full_seed101_mixed_0p2_noise0p1_s9_a0p3_b0p8,101,mixed,0.2,0.1,9,0.3,1.7,0.8,0.758244005172218,1.2333333333333334,0.8
full_seed101_mixed_0p2_noise0p25_s13_a0p2_b0p7,101,mixed,0.2,0.25,13,0.2,2.0708333333333333,0.3375,0.6358950525927878,3.575,0.7
full_seed101_mixed_0p2_noise0p25_s13_a0p3_b0p8,101,mixed,0.2,0.25,13,0.3,2.0708333333333333,0.3375,0.6358950525927878,3.575,0.8
full_seed101_mixed_0p2_noise0p25_s5_a0p2_b0p7,101,mixed,0.2,0.25,5,0.2,1.2458333333333331,0.7458333333333333,0.7472836031467857,0.2916666666666667,0.7
full_seed101_mixed_0p2_noise0p25_s5_a0p3_b0p8,101,mixed,0.2,0.25,5,0.3,1.2458333333333331,0.7458333333333333,0.7472836031467857,0.2916666666666667,0.8
full_seed101_mixed_0p2_noise0p25_s9_a0p2_b0p7,101,mixed,0.2,0.25,9,0.2,1.7833333333333334,0.7833333333333333,0.7548395491673549,1.5208333333333333,0.7
full_seed101_mixed_0p2_noise0p25_s9_a0p3_b0p8,101,mixed,0.2,0.25,9,0.3,1.7833333333333334,0.7833333333333333,0.7548395491673549,1.5208333333333333,0.8
full_seed101_mixed_0p2_noise0p5_s13_a0p2_b0p7,101,mixed,0.2,0.5,13,0.2,2.0166666666666666,0.3875,0.6289423328917132,4.420833333333333,0.7
full_seed101_mixed_0p2_noise0p5_s13_a0p3_b0p8,101,mixed,0.2,0.5,13,0.3,2.0166666666666666,0.3875,0.6289423328917132,4.420833333333333,0.8
full_seed101_mixed_0p2_noise0p5_s5_a0p2_b0p7,101,mixed,0.2,0.5,5,0.2,1.5541666666666667,0.6666666666666666,0.7170453673433703,0.7041666666666667,0.7
full_seed101_mixed_0p2_noise0p5_s5_a0p3_b0p8,101,mixed,0.2,0.5,5,0.3,1.5541666666666667,0.6666666666666666,0.7170453673433703,0.7041666666666667,0.8
full_seed101_mixed_0p2_noise0p5_s9_a0p2_b0p7,101,mixed,0.2,0.5,9,0.2,1.8875,0.7083333333333334,0.7211609283536288,2.2333333333333334,0.7
full_seed101_mixed_0p2_noise0p5_s9_a0p3_b0p8,101,mixed,0.2,0.5,9,0.3,1.8875,0.7083333333333334,0.7211609283536288,2.2333333333333334,0.8
full_seed101_mixed_0p3_noise0p1_s13_a0p2_b0p7,101,mixed,0.3,0.1,13,0.2,1.9375,0.2875,0.636757979625709,2.9541666666666666,0.7
full_seed101_mixed_0p3_noise0p1_s13_a0p3_b0p8,101,mixed,0.3,0.1,13,0.3,1.9375,0.2875,0.636757979625709,2.9541666666666666,0.8
full_seed101_mixed_0p3_noise0p1_s5_a0p2_b0p7,101,mixed,0.3,0.1,5,0.2,1.0958333333333334,0.7916666666666666,0.7279042299931937,0.1666666666666666,0.7
full_seed101_mixed_0p3_noise0p1_s5_a0p3_b0p8,101,mixed,0.3,0.1,5,0.3,1.0958333333333334,0.7916666666666666,0.7279042299931937,0.1666666666666666,0.8
full_seed101_mixed_0p3_noise0p1_s9_a0p2_b0p7,101,mixed,0.3,0.1,9,0.2,1.6916666666666669,0.7708333333333334,0.7525800271236023,1.3791666666666669,0.7
full_seed101_mixed_0p3_noise0p1_s9_a0p3_b0p8,101,mixed,0.3,0.1,9,0.3,1.6916666666666669,0.7708333333333334,0.7525800271236023,1.3791666666666669,0.8
full_seed101_mixed_0p3_noise0p25_s13_a0p2_b0p7,101,mixed,0.3,0.25,13,0.2,2.0125,0.3291666666666666,0.6160620796656439,3.245833333333333,0.7
full_seed101_mixed_0p3_noise0p25_s13_a0p3_b0p8,101,mixed,0.3,0.25,13,0.3,2.0125,0.3291666666666666,0.6160620796656439,3.245833333333333,0.8
full_seed101_mixed_0p3_noise0p25_s5_a0p2_b0p7,101,mixed,0.3,0.25,5,0.2,1.1541666666666666,0.6541666666666667,0.6927015369615377,0.1958333333333333,0.7
full_seed101_mixed_0p3_noise0p25_s5_a0p3_b0p8,101,mixed,0.3,0.25,5,0.3,1.1541666666666666,0.6541666666666667,0.6927015369615377,0.1958333333333333,0.8
full_seed101_mixed_0p3_noise0p25_s9_a0p2_b0p7,101,mixed,0.3,0.25,9,0.2,1.7291666666666667,0.7291666666666666,0.7310858594375913,1.45,0.7
full_seed101_mixed_0p3_noise0p25_s9_a0p3_b0p8,101,mixed,0.3,0.25,9,0.3,1.7291666666666667,0.7291666666666666,0.7310858594375913,1.45,0.8
full_seed101_mixed_0p3_noise0p5_s13_a0p2_b0p7,101,mixed,0.3,0.5,13,0.2,1.9708333333333332,0.3833333333333333,0.6176925973454723,4.233333333333333,0.7
full_seed101_mixed_0p3_noise0p5_s13_a0p3_b0p8,101,mixed,0.3,0.5,13,0.3,1.9708333333333332,0.3833333333333333,0.6176925973454723,4.233333333333333,0.8
full_seed101_mixed_0p3_noise0p5_s5_a0p2_b0p7,101,mixed,0.3,0.5,5,0.2,1.4458333333333333,0.5958333333333333,0.6604048066590152,0.5583333333333333,0.7
full_seed101_mixed_0p3_noise0p5_s5_a0p3_b0p8,101,mixed,0.3,0.5,5,0.3,1.4458333333333333,0.5958333333333333,0.6604048066590152,0.5583333333333333,0.8
full_seed101_mixed_0p3_noise0p5_s9_a0p2_b0p7,101,mixed,0.3,0.5,9,0.2,1.825,0.6416666666666667,0.6864532215510128,2.0125,0.7
full_seed101_mixed_0p3_noise0p5_s9_a0p3_b0p8,101,mixed,0.3,0.5,9,0.3,1.825,0.6416666666666667,0.6864532215510128,2.0125,0.8
full_seed101_mixed_0p4_noise0p1_s13_a0p2_b0p7,101,mixed,0.4,0.1,13,0.2,1.9375,0.2875,0.6291330471089316,2.879166666666667,0.7
full_seed101_mixed_0p4_noise0p1_s13_a0p3_b0p8,101,mixed,0.4,0.1,13,0.3,1.9375,0.2875,0.6291330471089316,2.879166666666667,0.8
full_seed101_mixed_0p4_noise0p1_s5_a0p2_b0p7,101,mixed,0.4,0.1,5,0.2,1.0958333333333334,0.7916666666666666,0.7279042299931937,0.1666666666666666,0.7
full_seed101_mixed_0p4_noise0p1_s5_a0p3_b0p8,101,mixed,0.4,0.1,5,0.3,1.0958333333333334,0.7916666666666666,0.7279042299931937,0.1666666666666666,0.8
full_seed101_mixed_0p4_noise0p1_s9_a0p2_b0p7,101,mixed,0.4,0.1,9,0.2,1.5958333333333334,0.6583333333333333,0.6822066183737535,0.8458333333333333,0.7
full_seed101_mixed_0p4_noise0p1_s9_a0p3_b0p8,101,mixed,0.4,0.1,9,0.3,1.5958333333333334,0.6583333333333333,0.6822066183737535,0.8458333333333333,0.8
full_seed101_mixed_0p4_noise0p25_s13_a0p2_b0p7,101,mixed,0.4,0.25,13,0.2,1.9875,0.3083333333333333,0.6038717654625789,3.091666666666667,0.7
full_seed101_mixed_0p4_noise0p25_s13_a0p3_b0p8,101,mixed,0.4,0.25,13,0.3,1.9875,0.3083333333333333,0.6038717654625789,3.091666666666667,0.8
full_seed101_mixed_0p4_noise0p25_s5_a0p2_b0p7,101,mixed,0.4,0.25,5,0.2,1.1541666666666666,0.6541666666666667,0.6927015369615377,0.1958333333333333,0.7
full_seed101_mixed_0p4_noise0p25_s5_a0p3_b0p8,101,mixed,0.4,0.25,5,0.3,1.1541666666666666,0.6541666666666667,0.6927015369615377,0.1958333333333333,0.8
full_seed101_mixed_0p4_noise0p25_s9_a0p2_b0p7,101,mixed,0.4,0.25,9,0.2,1.6708333333333334,0.65,0.6791461189810857,1.1,0.7
full_seed101_mixed_0p4_noise0p25_s9_a0p3_b0p8,101,mixed,0.4,0.25,9,0.3,1.6708333333333334,0.65,0.6791461189810857,1.1,0.8
full_seed101_mixed_0p4_noise0p5_s13_a0p2_b0p7,101,mixed,0.4,0.5,13,0.2,1.95,0.3833333333333333,0.6104754047538771,4.141666666666667,0.7
full_seed101_mixed_0p4_noise0p5_s13_a0p3_b0p8,101,mixed,0.4,0.5,13,0.3,1.95,0.3833333333333333,0.6104754047538771,4.141666666666667,0.8
full_seed101_mixed_0p4_noise0p5_s5_a0p2_b0p7,101,mixed,0.4,0.5,5,0.2,1.4458333333333333,0.5958333333333333,0.6604048066590152,0.5583333333333333,0.7
full_seed101_mixed_0p4_noise0p5_s5_a0p3_b0p8,101,mixed,0.4,0.5,5,0.3,1.4458333333333333,0.5958333333333333,0.6604048066590152,0.5583333333333333,0.8
full_seed101_mixed_0p4_noise0p5_s9_a0p2_b0p7,101,mixed,0.4,0.5,9,0.2,1.7833333333333334,0.5875,0.6506614292562332,1.7291666666666667,0.7
full_seed101_mixed_0p4_noise0p5_s9_a0p3_b0p8,101,mixed,0.4,0.5,9,0.3,1.7833333333333334,0.5875,0.6506614292562332,1.7291666666666667,0.8
full_seed101_replay_0p0_noise0p1_s13_a0p2_b0p7,101,replay,0.0,0.1,13,0.2,2.0375,0.2125,0.6154120947055214,2.2041666666666666,0.7
full_seed101_replay_0p0_noise0p1_s13_a0p3_b0p8,101,replay,0.0,0.1,13,0.3,2.0375,0.2125,0.6154120947055214,2.2041666666666666,0.8
full_seed101_replay_0p0_noise0p1_s5_a0p2_b0p7,101,replay,0.0,0.1,5,0.2,1.0416666666666667,0.8958333333333334,0.7778765535718084,0.05,0.7
full_seed101_replay_0p0_noise0p1_s5_a0p3_b0p8,101,replay,0.0,0.1,5,0.3,1.0416666666666667,0.8958333333333334,0.7778765535718084,0.05,0.8
full_seed101_replay_0p0_noise0p1_s9_a0p2_b0p7,101,replay,0.0,0.1,9,0.2,1.6708333333333334,0.7916666666666666,0.7525204722430491,0.7625,0.7
full_seed101_replay_0p0_noise0p1_s9_a0p3_b0p8,101,replay,0.0,0.1,9,0.3,1.6708333333333334,0.7916666666666666,0.7525204722430491,0.7625,0.8
full_seed101_replay_0p0_noise0p25_s13_a0p2_b0p7,101,replay,0.0,0.25,13,0.2,2.245833333333333,0.4041666666666667,0.683356940746831,3.7,0.7
full_seed101_replay_0p0_noise0p25_s13_a0p3_b0p8,101,replay,0.0,0.25,13,0.3,2.245833333333333,0.4041666666666667,0.683356940746831,3.7,0.8
full_seed101_replay_0p0_noise0p25_s5_a0p2_b0p7,101,replay,0.0,0.25,5,0.2,1.1416666666666666,0.7833333333333333,0.755016007182041,0.1541666666666666,0.7
full_seed101_replay_0p0_noise0p25_s5_a0p3_b0p8,101,replay,0.0,0.25,5,0.3,1.1416666666666666,0.7833333333333333,0.755016007182041,0.1541666666666666,0.8
full_seed101_replay_0p0_noise0p25_s9_a0p2_b0p7,101,replay,0.0,0.25,9,0.2,1.7666666666666666,0.7416666666666667,0.749010025811955,1.0541666666666667,0.7
full_seed101_replay_0p0_noise0p25_s9_a0p3_b0p8,101,replay,0.0,0.25,9,0.3,1.7666666666666666,0.7416666666666667,0.749010025811955,1.0541666666666667,0.8
full_seed101_replay_0p0_noise0p5_s13_a0p2_b0p7,101,replay,0.0,0.5,13,0.2,2.1708333333333334,0.5,0.7014891264983326,5.129166666666666,0.7
full_seed101_replay_0p0_noise0p5_s13_a0p3_b0p8,101,replay,0.0,0.5,13,0.3,2.1708333333333334,0.5,0.7014891264983326,5.129166666666666,0.8
full_seed101_replay_0p0_noise0p5_s5_a0p2_b0p7,101,replay,0.0,0.5,5,0.2,1.5166666666666666,0.7125,0.734864328703523,0.65,0.7
full_seed101_replay_0p0_noise0p5_s5_a0p3_b0p8,101,replay,0.0,0.5,5,0.3,1.5166666666666666,0.7125,0.734864328703523,0.65,0.8
full_seed101_replay_0p0_noise0p5_s9_a0p2_b0p7,101,replay,0.0,0.5,9,0.2,1.9416666666666669,0.725,0.7330677495002281,2.0,0.7
full_seed101_replay_0p0_noise0p5_s9_a0p3_b0p8,101,replay,0.0,0.5,9,0.3,1.9416666666666669,0.725,0.7330677495002281,2.0,0.8
full_seed101_replay_0p1_noise0p1_s13_a0p2_b0p7,101,replay,0.1,0.1,13,0.2,2.033333333333333,0.2208333333333333,0.6161485403927536,2.2125,0.7
full_seed101_replay_0p1_noise0p1_s13_a0p3_b0p8,101,replay,0.1,0.1,13,0.3,2.033333333333333,0.2208333333333333,0.6161485403927536,2.2125,0.8
full_seed101_replay_0p1_noise0p1_s5_a0p2_b0p7,101,replay,0.1,0.1,5,0.2,1.0416666666666667,0.8958333333333334,0.7778765535718084,0.05,0.7
full_seed101_replay_0p1_noise0p1_s5_a0p3_b0p8,101,replay,0.1,0.1,5,0.3,1.0416666666666667,0.8958333333333334,0.7778765535718084,0.05,0.8
full_seed101_replay_0p1_noise0p1_s9_a0p2_b0p7,101,replay,0.1,0.1,9,0.2,1.6666666666666667,0.7875,0.7511656392561784,0.7583333333333333,0.7
full_seed101_replay_0p1_noise0p1_s9_a0p3_b0p8,101,replay,0.1,0.1,9,0.3,1.6666666666666667,0.7875,0.7511656392561784,0.7583333333333333,0.8
full_seed101_replay_0p1_noise0p25_s13_a0p2_b0p7,101,replay,0.1,0.25,13,0.2,2.2291666666666665,0.4041666666666667,0.6814149629702965,3.695833333333333,0.7
full_seed101_replay_0p1_noise0p25_s13_a0p3_b0p8,101,replay,0.1,0.25,13,0.3,2.2291666666666665,0.4041666666666667,0.6814149629702965,3.695833333333333,0.8
full_seed101_replay_0p1_noise0p25_s5_a0p2_b0p7,101,replay,0.1,0.25,5,0.2,1.1416666666666666,0.7833333333333333,0.755016007182041,0.1541666666666666,0.7
full_seed101_replay_0p1_noise0p25_s5_a0p3_b0p8,101,replay,0.1,0.25,5,0.3,1.1416666666666666,0.7833333333333333,0.755016007182041,0.1541666666666666,0.8
full_seed101_replay_0p1_noise0p25_s9_a0p2_b0p7,101,replay,0.1,0.25,9,0.2,1.7666666666666666,0.7208333333333333,0.7463016084997515,1.0458333333333334,0.7
full_seed101_replay_0p1_noise0p25_s9_a0p3_b0p8,101,replay,0.1,0.25,9,0.3,1.7666666666666666,0.7208333333333333,0.7463016084997515,1.0458333333333334,0.8
full_seed101_replay_0p1_noise0p5_s13_a0p2_b0p7,101,replay,0.1,0.5,13,0.2,2.175,0.4958333333333333,0.6987573010016507,5.158333333333333,0.7
full_seed101_replay_0p1_noise0p5_s13_a0p3_b0p8,101,replay,0.1,0.5,13,0.3,2.175,0.4958333333333333,0.6987573010016507,5.158333333333333,0.8
full_seed101_replay_0p1_noise0p5_s5_a0p2_b0p7,101,replay,0.1,0.5,5,0.2,1.5166666666666666,0.7125,0.734864328703523,0.65,0.7
full_seed101_replay_0p1_noise0p5_s5_a0p3_b0p8,101,replay,0.1,0.5,5,0.3,1.5166666666666666,0.7125,0.734864328703523,0.65,0.8
full_seed101_replay_0p1_noise0p5_s9_a0p2_b0p7,101,replay,0.1,0.5,9,0.2,1.9291666666666667,0.7,0.7321305401946364,2.0166666666666666,0.7
full_seed101_replay_0p1_noise0p5_s9_a0p3_b0p8,101,replay,0.1,0.5,9,0.3,1.9291666666666667,0.7,0.7321305401946364,2.0166666666666666,0.8
full_seed101_replay_0p2_noise0p1_s13_a0p2_b0p7,101,replay,0.2,0.1,13,0.2,2.0375,0.2083333333333333,0.6132612492795492,2.2125,0.7
full_seed101_replay_0p2_noise0p1_s13_a0p3_b0p8,101,replay,0.2,0.1,13,0.3,2.0375,0.2083333333333333,0.6132612492795492,2.2125,0.8
full_seed101_replay_0p2_noise0p1_s5_a0p2_b0p7,101,replay,0.2,0.1,5,0.2,1.0458333333333334,0.9,0.7768651528072232,0.0541666666666666,0.7
full_seed101_replay_0p2_noise0p1_s5_a0p3_b0p8,101,replay,0.2,0.1,5,0.3,1.0458333333333334,0.9,0.7768651528072232,0.0541666666666666,0.8
full_seed101_replay_0p2_noise0p1_s9_a0p2_b0p7,101,replay,0.2,0.1,9,0.2,1.6666666666666667,0.7875,0.7516410194299102,0.7625,0.7
full_seed101_replay_0p2_noise0p1_s9_a0p3_b0p8,101,replay,0.2,0.1,9,0.3,1.6666666666666667,0.7875,0.7516410194299102,0.7625,0.8
full_seed101_replay_0p2_noise0p25_s13_a0p2_b0p7,101,replay,0.2,0.25,13,0.2,2.2416666666666667,0.4166666666666667,0.6807233527742309,3.695833333333333,0.7
full_seed101_replay_0p2_noise0p25_s13_a0p3_b0p8,101,replay,0.2,0.25,13,0.3,2.2416666666666667,0.4166666666666667,0.6807233527742309,3.695833333333333,0.8
full_seed101_replay_0p2_noise0p25_s5_a0p2_b0p7,101,replay,0.2,0.25,5,0.2,1.1375,0.7583333333333333,0.752179867794437,0.15,0.7
full_seed101_replay_0p2_noise0p25_s5_a0p3_b0p8,101,replay,0.2,0.25,5,0.3,1.1375,0.7583333333333333,0.752179867794437,0.15,0.8
full_seed101_replay_0p2_noise0p25_s9_a0p2_b0p7,101,replay,0.2,0.25,9,0.2,1.7666666666666666,0.7208333333333333,0.7463129913516059,1.0541666666666667,0.7
full_seed101_replay_0p2_noise0p25_s9_a0p3_b0p8,101,replay,0.2,0.25,9,0.3,1.7666666666666666,0.7208333333333333,0.7463129913516059,1.0541666666666667,0.8
full_seed101_replay_0p2_noise0p5_s13_a0p2_b0p7,101,replay,0.2,0.5,13,0.2,2.183333333333333,0.4916666666666666,0.6997169013467445,5.245833333333334,0.7
full_seed101_replay_0p2_noise0p5_s13_a0p3_b0p8,101,replay,0.2,0.5,13,0.3,2.183333333333333,0.4916666666666666,0.6997169013467445,5.245833333333334,0.8
full_seed101_replay_0p2_noise0p5_s5_a0p2_b0p7,101,replay,0.2,0.5,5,0.2,1.5333333333333334,0.7125,0.7323146697436028,0.6541666666666667,0.7
full_seed101_replay_0p2_noise0p5_s5_a0p3_b0p8,101,replay,0.2,0.5,5,0.3,1.5333333333333334,0.7125,0.7323146697436028,0.6541666666666667,0.8
full_seed101_replay_0p2_noise0p5_s9_a0p2_b0p7,101,replay,0.2,0.5,9,0.2,1.9291666666666667,0.7,0.7290558413178165,2.0166666666666666,0.7
full_seed101_replay_0p2_noise0p5_s9_a0p3_b0p8,101,replay,0.2,0.5,9,0.3,1.9291666666666667,0.7,0.7290558413178165,2.0166666666666666,0.8
full_seed101_replay_0p3_noise0p1_s13_a0p2_b0p7,101,replay,0.3,0.1,13,0.2,2.033333333333333,0.1916666666666666,0.6084889267043144,2.245833333333333,0.7
full_seed101_replay_0p3_noise0p1_s13_a0p3_b0p8,101,replay,0.3,0.1,13,0.3,2.033333333333333,0.1916666666666666,0.6084889267043144,2.245833333333333,0.8
full_seed101_replay_0p3_noise0p1_s5_a0p2_b0p7,101,replay,0.3,0.1,5,0.2,1.05,0.9,0.7767016677122865,0.0583333333333333,0.7
full_seed101_replay_0p3_noise0p1_s5_a0p3_b0p8,101,replay,0.3,0.1,5,0.3,1.05,0.9,0.7767016677122865,0.0583333333333333,0.8
full_seed101_replay_0p3_noise0p1_s9_a0p2_b0p7,101,replay,0.3,0.1,9,0.2,1.6708333333333334,0.7916666666666666,0.751913715105111,0.7666666666666667,0.7
full_seed101_replay_0p3_noise0p1_s9_a0p3_b0p8,101,replay,0.3,0.1,9,0.3,1.6708333333333334,0.7916666666666666,0.751913715105111,0.7666666666666667,0.8
full_seed101_replay_0p3_noise0p25_s13_a0p2_b0p7,101,replay,0.3,0.25,13,0.2,2.245833333333333,0.4166666666666667,0.6822048885438323,3.7083333333333335,0.7
full_seed101_replay_0p3_noise0p25_s13_a0p3_b0p8,101,replay,0.3,0.25,13,0.3,2.245833333333333,0.4166666666666667,0.6822048885438323,3.7083333333333335,0.8
full_seed101_replay_0p3_noise0p25_s5_a0p2_b0p7,101,replay,0.3,0.25,5,0.2,1.1416666666666666,0.7625,0.7520196310303763,0.1583333333333333,0.7
full_seed101_replay_0p3_noise0p25_s5_a0p3_b0p8,101,replay,0.3,0.25,5,0.3,1.1416666666666666,0.7625,0.7520196310303763,0.1583333333333333,0.8
full_seed101_replay_0p3_noise0p25_s9_a0p2_b0p7,101,replay,0.3,0.25,9,0.2,1.7666666666666666,0.7458333333333333,0.7456694115532063,1.0625,0.7
full_seed101_replay_0p3_noise0p25_s9_a0p3_b0p8,101,replay,0.3,0.25,9,0.3,1.7666666666666666,0.7458333333333333,0.7456694115532063,1.0625,0.8
full_seed101_replay_0p3_noise0p5_s13_a0p2_b0p7,101,replay,0.3,0.5,13,0.2,2.1625,0.4875,0.6993506881875097,5.2,0.7
full_seed101_replay_0p3_noise0p5_s13_a0p3_b0p8,101,replay,0.3,0.5,13,0.3,2.1625,0.4875,0.6993506881875097,5.2,0.8
full_seed101_replay_0p3_noise0p5_s5_a0p2_b0p7,101,replay,0.3,0.5,5,0.2,1.5208333333333333,0.7041666666666667,0.7292470889284545,0.6333333333333333,0.7
full_seed101_replay_0p3_noise0p5_s5_a0p3_b0p8,101,replay,0.3,0.5,5,0.3,1.5208333333333333,0.7041666666666667,0.7292470889284545,0.6333333333333333,0.8
full_seed101_replay_0p3_noise0p5_s9_a0p2_b0p7,101,replay,0.3,0.5,9,0.2,1.9291666666666667,0.6958333333333333,0.7288382538182385,2.025,0.7
full_seed101_replay_0p3_noise0p5_s9_a0p3_b0p8,101,replay,0.3,0.5,9,0.3,1.9291666666666667,0.6958333333333333,0.7288382538182385,2.025,0.8
full_seed101_replay_0p4_noise0p1_s13_a0p2_b0p7,101,replay,0.4,0.1,13,0.2,2.033333333333333,0.2,0.608940224786666,2.270833333333333,0.7
full_seed101_replay_0p4_noise0p1_s13_a0p3_b0p8,101,replay,0.4,0.1,13,0.3,2.033333333333333,0.2,0.608940224786666,2.270833333333333,0.8
full_seed101_replay_0p4_noise0p1_s5_a0p2_b0p7,101,replay,0.4,0.1,5,0.2,1.05,0.9,0.7767016677122865,0.0583333333333333,0.7
full_seed101_replay_0p4_noise0p1_s5_a0p3_b0p8,101,replay,0.4,0.1,5,0.3,1.05,0.9,0.7767016677122865,0.0583333333333333,0.8
full_seed101_replay_0p4_noise0p1_s9_a0p2_b0p7,101,replay,0.4,0.1,9,0.2,1.6708333333333334,0.8041666666666667,0.7529258051162449,0.775,0.7
full_seed101_replay_0p4_noise0p1_s9_a0p3_b0p8,101,replay,0.4,0.1,9,0.3,1.6708333333333334,0.8041666666666667,0.7529258051162449,0.775,0.8
full_seed101_replay_0p4_noise0p25_s13_a0p2_b0p7,101,replay,0.4,0.25,13,0.2,2.225,0.4208333333333333,0.6819975558910585,3.683333333333333,0.7
full_seed101_replay_0p4_noise0p25_s13_a0p3_b0p8,101,replay,0.4,0.25,13,0.3,2.225,0.4208333333333333,0.6819975558910585,3.683333333333333,0.8
full_seed101_replay_0p4_noise0p25_s5_a0p2_b0p7,101,replay,0.4,0.25,5,0.2,1.1416666666666666,0.7625,0.7520196310303763,0.1583333333333333,0.7
full_seed101_replay_0p4_noise0p25_s5_a0p3_b0p8,101,replay,0.4,0.25,5,0.3,1.1416666666666666,0.7625,0.7520196310303763,0.1583333333333333,0.8
full_seed101_replay_0p4_noise0p25_s9_a0p2_b0p7,101,replay,0.4,0.25,9,0.2,1.7583333333333333,0.7458333333333333,0.744399952092909,1.0458333333333334,0.7
full_seed101_replay_0p4_noise0p25_s9_a0p3_b0p8,101,replay,0.4,0.25,9,0.3,1.7583333333333333,0.7458333333333333,0.744399952092909,1.0458333333333334,0.8
full_seed101_replay_0p4_noise0p5_s13_a0p2_b0p7,101,replay,0.4,0.5,13,0.2,2.1625,0.4875,0.7022950143960227,5.1875,0.7
full_seed101_replay_0p4_noise0p5_s13_a0p3_b0p8,101,replay,0.4,0.5,13,0.3,2.1625,0.4875,0.7022950143960227,5.1875,0.8
full_seed101_replay_0p4_noise0p5_s5_a0p2_b0p7,101,replay,0.4,0.5,5,0.2,1.5208333333333333,0.7041666666666667,0.7292470889284545,0.6333333333333333,0.7
full_seed101_replay_0p4_noise0p5_s5_a0p3_b0p8,101,replay,0.4,0.5,5,0.3,1.5208333333333333,0.7041666666666667,0.7292470889284545,0.6333333333333333,0.8
full_seed101_replay_0p4_noise0p5_s9_a0p2_b0p7,101,replay,0.4,0.5,9,0.2,1.9291666666666667,0.6791666666666667,0.7287932541979715,2.029166666666667,0.7
full_seed101_replay_0p4_noise0p5_s9_a0p3_b0p8,101,replay,0.4,0.5,9,0.3,1.9291666666666667,0.6791666666666667,0.7287932541979715,2.029166666666667,0.8
full_seed101_scaling_0p0_noise0p1_s13_a0p2_b0p7,101,scaling,0.0,0.1,13,0.2,2.0375,0.2125,0.6154120947055214,2.2041666666666666,0.7
full_seed101_scaling_0p0_noise0p1_s13_a0p3_b0p8,101,scaling,0.0,0.1,13,0.3,2.0375,0.2125,0.6154120947055214,2.2041666666666666,0.8
full_seed101_scaling_0p0_noise0p1_s5_a0p2_b0p7,101,scaling,0.0,0.1,5,0.2,1.0416666666666667,0.8958333333333334,0.7778765535718084,0.05,0.7
full_seed101_scaling_0p0_noise0p1_s5_a0p3_b0p8,101,scaling,0.0,0.1,5,0.3,1.0416666666666667,0.8958333333333334,0.7778765535718084,0.05,0.8
full_seed101_scaling_0p0_noise0p1_s9_a0p2_b0p7,101,scaling,0.0,0.1,9,0.2,1.6708333333333334,0.7916666666666666,0.7525204722430491,0.7625,0.7
full_seed101_scaling_0p0_noise0p1_s9_a0p3_b0p8,101,scaling,0.0,0.1,9,0.3,1.6708333333333334,0.7916666666666666,0.7525204722430491,0.7625,0.8
full_seed101_scaling_0p0_noise0p25_s13_a0p2_b0p7,101,scaling,0.0,0.25,13,0.2,2.245833333333333,0.4041666666666667,0.683356940746831,3.7,0.7
full_seed101_scaling_0p0_noise0p25_s13_a0p3_b0p8,101,scaling,0.0,0.25,13,0.3,2.245833333333333,0.4041666666666667,0.683356940746831,3.7,0.8
full_seed101_scaling_0p0_noise0p25_s5_a0p2_b0p7,101,scaling,0.0,0.25,5,0.2,1.1416666666666666,0.7833333333333333,0.755016007182041,0.1541666666666666,0.7
full_seed101_scaling_0p0_noise0p25_s5_a0p3_b0p8,101,scaling,0.0,0.25,5,0.3,1.1416666666666666,0.7833333333333333,0.755016007182041,0.1541666666666666,0.8
full_seed101_scaling_0p0_noise0p25_s9_a0p2_b0p7,101,scaling,0.0,0.25,9,0.2,1.7666666666666666,0.7416666666666667,0.749010025811955,1.0541666666666667,0.7
full_seed101_scaling_0p0_noise0p25_s9_a0p3_b0p8,101,scaling,0.0,0.25,9,0.3,1.7666666666666666,0.7416666666666667,0.749010025811955,1.0541666666666667,0.8
full_seed101_scaling_0p0_noise0p5_s13_a0p2_b0p7,101,scaling,0.0,0.5,13,0.2,2.1708333333333334,0.5,0.7014891264983326,5.129166666666666,0.7
full_seed101_scaling_0p0_noise0p5_s13_a0p3_b0p8,101,scaling,0.0,0.5,13,0.3,2.1708333333333334,0.5,0.7014891264983326,5.129166666666666,0.8
full_seed101_scaling_0p0_noise0p5_s5_a0p2_b0p7,101,scaling,0.0,0.5,5,0.2,1.5166666666666666,0.7125,0.734864328703523,0.65,0.7
full_seed101_scaling_0p0_noise0p5_s5_a0p3_b0p8,101,scaling,0.0,0.5,5,0.3,1.5166666666666666,0.7125,0.734864328703523,0.65,0.8
full_seed101_scaling_0p0_noise0p5_s9_a0p2_b0p7,101,scaling,0.0,0.5,9,0.2,1.9416666666666669,0.725,0.7330677495002281,2.0,0.7
full_seed101_scaling_0p0_noise0p5_s9_a0p3_b0p8,101,scaling,0.0,0.5,9,0.3,1.9416666666666669,0.725,0.7330677495002281,2.0,0.8
full_seed101_scaling_0p1_noise0p1_s13_a0p2_b0p7,101,scaling,0.1,0.1,13,0.2,2.0875,0.225,0.6178109264951881,2.3375,0.7
full_seed101_scaling_0p1_noise0p1_s13_a0p3_b0p8,101,scaling,0.1,0.1,13,0.3,2.0875,0.225,0.6178109264951881,2.3375,0.8
full_seed101_scaling_0p1_noise0p1_s5_a0p2_b0p7,101,scaling,0.1,0.1,5,0.2,1.0416666666666667,0.8958333333333334,0.7778765535718084,0.05,0.7
full_seed101_scaling_0p1_noise0p1_s5_a0p3_b0p8,101,scaling,0.1,0.1,5,0.3,1.0416666666666667,0.8958333333333334,0.7778765535718084,0.05,0.8
full_seed101_scaling_0p1_noise0p1_s9_a0p2_b0p7,101,scaling,0.1,0.1,9,0.2,1.6875,0.7833333333333333,0.7495143865692478,0.7833333333333333,0.7
full_seed101_scaling_0p1_noise0p1_s9_a0p3_b0p8,101,scaling,0.1,0.1,9,0.3,1.6875,0.7833333333333333,0.7495143865692478,0.7833333333333333,0.8
full_seed101_scaling_0p1_noise0p25_s13_a0p2_b0p7,101,scaling,0.1,0.25,13,0.2,2.2333333333333334,0.4083333333333333,0.6822233662475753,3.7291666666666665,0.7
full_seed101_scaling_0p1_noise0p25_s13_a0p3_b0p8,101,scaling,0.1,0.25,13,0.3,2.2333333333333334,0.4083333333333333,0.6822233662475753,3.7291666666666665,0.8
full_seed101_scaling_0p1_noise0p25_s5_a0p2_b0p7,101,scaling,0.1,0.25,5,0.2,1.1416666666666666,0.7833333333333333,0.755016007182041,0.1541666666666666,0.7
full_seed101_scaling_0p1_noise0p25_s5_a0p3_b0p8,101,scaling,0.1,0.25,5,0.3,1.1416666666666666,0.7833333333333333,0.755016007182041,0.1541666666666666,0.8
full_seed101_scaling_0p1_noise0p25_s9_a0p2_b0p7,101,scaling,0.1,0.25,9,0.2,1.775,0.7541666666666667,0.7452568611407713,1.0541666666666667,0.7
full_seed101_scaling_0p1_noise0p25_s9_a0p3_b0p8,101,scaling,0.1,0.25,9,0.3,1.775,0.7541666666666667,0.7452568611407713,1.0541666666666667,0.8
full_seed101_scaling_0p1_noise0p5_s13_a0p2_b0p7,101,scaling,0.1,0.5,13,0.2,2.191666666666667,0.5083333333333333,0.7068997376159635,5.2375,0.7
full_seed101_scaling_0p1_noise0p5_s13_a0p3_b0p8,101,scaling,0.1,0.5,13,0.3,2.191666666666667,0.5083333333333333,0.7068997376159635,5.2375,0.8
full_seed101_scaling_0p1_noise0p5_s5_a0p2_b0p7,101,scaling,0.1,0.5,5,0.2,1.5166666666666666,0.7125,0.734864328703523,0.65,0.7
full_seed101_scaling_0p1_noise0p5_s5_a0p3_b0p8,101,scaling,0.1,0.5,5,0.3,1.5166666666666666,0.7125,0.734864328703523,0.65,0.8
full_seed101_scaling_0p1_noise0p5_s9_a0p2_b0p7,101,scaling,0.1,0.5,9,0.2,1.9541666666666664,0.7291666666666666,0.7344044732002363,2.029166666666667,0.7
full_seed101_scaling_0p1_noise0p5_s9_a0p3_b0p8,101,scaling,0.1,0.5,9,0.3,1.9541666666666664,0.7291666666666666,0.7344044732002363,2.029166666666667,0.8
full_seed101_scaling_0p2_noise0p1_s13_a0p2_b0p7,101,scaling,0.2,0.1,13,0.2,2.1375,0.2291666666666666,0.6183574009918079,2.55,0.7
full_seed101_scaling_0p2_noise0p1_s13_a0p3_b0p8,101,scaling,0.2,0.1,13,0.3,2.1375,0.2291666666666666,0.6183574009918079,2.55,0.8
full_seed101_scaling_0p2_noise0p1_s5_a0p2_b0p7,101,scaling,0.2,0.1,5,0.2,1.0458333333333334,0.8541666666666666,0.7694617047396183,0.0541666666666666,0.7
full_seed101_scaling_0p2_noise0p1_s5_a0p3_b0p8,101,scaling,0.2,0.1,5,0.3,1.0458333333333334,0.8541666666666666,0.7694617047396183,0.0541666666666666,0.8
full_seed101_scaling_0p2_noise0p1_s9_a0p2_b0p7,101,scaling,0.2,0.1,9,0.2,1.7,0.7833333333333333,0.7478265227825005,0.8041666666666667,0.7
full_seed101_scaling_0p2_noise0p1_s9_a0p3_b0p8,101,scaling,0.2,0.1,9,0.3,1.7,0.7833333333333333,0.7478265227825005,0.8041666666666667,0.8
full_seed101_scaling_0p2_noise0p25_s13_a0p2_b0p7,101,scaling,0.2,0.25,13,0.2,2.2,0.4083333333333333,0.6809763929620752,3.795833333333333,0.7
full_seed101_scaling_0p2_noise0p25_s13_a0p3_b0p8,101,scaling,0.2,0.25,13,0.3,2.2,0.4083333333333333,0.6809763929620752,3.795833333333333,0.8
full_seed101_scaling_0p2_noise0p25_s5_a0p2_b0p7,101,scaling,0.2,0.25,5,0.2,1.1458333333333333,0.7458333333333333,0.7501863203869715,0.1541666666666666,0.7
full_seed101_scaling_0p2_noise0p25_s5_a0p3_b0p8,101,scaling,0.2,0.25,5,0.3,1.1458333333333333,0.7458333333333333,0.7501863203869715,0.1541666666666666,0.8
full_seed101_scaling_0p2_noise0p25_s9_a0p2_b0p7,101,scaling,0.2,0.25,9,0.2,1.8041666666666667,0.7666666666666667,0.7462351205783379,1.1125,0.7
full_seed101_scaling_0p2_noise0p25_s9_a0p3_b0p8,101,scaling,0.2,0.25,9,0.3,1.8041666666666667,0.7666666666666667,0.7462351205783379,1.1125,0.8
full_seed101_scaling_0p2_noise0p5_s13_a0p2_b0p7,101,scaling,0.2,0.5,13,0.2,2.158333333333333,0.5208333333333334,0.7022944859584261,5.283333333333333,0.7
full_seed101_scaling_0p2_noise0p5_s13_a0p3_b0p8,101,scaling,0.2,0.5,13,0.3,2.158333333333333,0.5208333333333334,0.7022944859584261,5.283333333333333,0.8
full_seed101_scaling_0p2_noise0p5_s5_a0p2_b0p7,101,scaling,0.2,0.5,5,0.2,1.5416666666666667,0.7041666666666667,0.737613727734263,0.6916666666666667,0.7
full_seed101_scaling_0p2_noise0p5_s5_a0p3_b0p8,101,scaling,0.2,0.5,5,0.3,1.5416666666666667,0.7041666666666667,0.737613727734263,0.6916666666666667,0.8
full_seed101_scaling_0p2_noise0p5_s9_a0p2_b0p7,101,scaling,0.2,0.5,9,0.2,1.9541666666666664,0.7041666666666667,0.7333764266601506,2.0708333333333333,0.7
full_seed101_scaling_0p2_noise0p5_s9_a0p3_b0p8,101,scaling,0.2,0.5,9,0.3,1.9541666666666664,0.7041666666666667,0.7333764266601506,2.0708333333333333,0.8
full_seed101_scaling_0p3_noise0p1_s13_a0p2_b0p7,101,scaling,0.3,0.1,13,0.2,2.158333333333333,0.225,0.616758111071563,2.629166666666667,0.7
full_seed101_scaling_0p3_noise0p1_s13_a0p3_b0p8,101,scaling,0.3,0.1,13,0.3,2.158333333333333,0.225,0.616758111071563,2.629166666666667,0.8
full_seed101_scaling_0p3_noise0p1_s5_a0p2_b0p7,101,scaling,0.3,0.1,5,0.2,1.0625,0.8416666666666667,0.7670276152290192,0.0708333333333333,0.7
full_seed101_scaling_0p3_noise0p1_s5_a0p3_b0p8,101,scaling,0.3,0.1,5,0.3,1.0625,0.8416666666666667,0.7670276152290192,0.0708333333333333,0.8
full_seed101_scaling_0p3_noise0p1_s9_a0p2_b0p7,101,scaling,0.3,0.1,9,0.2,1.725,0.7708333333333334,0.7492418252976999,0.8416666666666667,0.7
full_seed101_scaling_0p3_noise0p1_s9_a0p3_b0p8,101,scaling,0.3,0.1,9,0.3,1.725,0.7708333333333334,0.7492418252976999,0.8416666666666667,0.8
full_seed101_scaling_0p3_noise0p25_s13_a0p2_b0p7,101,scaling,0.3,0.25,13,0.2,2.208333333333333,0.4041666666666667,0.6800572076267793,3.8625,0.7
full_seed101_scaling_0p3_noise0p25_s13_a0p3_b0p8,101,scaling,0.3,0.25,13,0.3,2.208333333333333,0.4041666666666667,0.6800572076267793,3.8625,0.8
full_seed101_scaling_0p3_noise0p25_s5_a0p2_b0p7,101,scaling,0.3,0.25,5,0.2,1.1708333333333334,0.7375,0.7481036443773642,0.1833333333333333,0.7
full_seed101_scaling_0p3_noise0p25_s5_a0p3_b0p8,101,scaling,0.3,0.25,5,0.3,1.1708333333333334,0.7375,0.7481036443773642,0.1833333333333333,0.8
full_seed101_scaling_0p3_noise0p25_s9_a0p2_b0p7,101,scaling,0.3,0.25,9,0.2,1.8041666666666667,0.7625,0.744696076456672,1.125,0.7
full_seed101_scaling_0p3_noise0p25_s9_a0p3_b0p8,101,scaling,0.3,0.25,9,0.3,1.8041666666666667,0.7625,0.744696076456672,1.125,0.8
full_seed101_scaling_0p3_noise0p5_s13_a0p2_b0p7,101,scaling,0.3,0.5,13,0.2,2.154166666666667,0.5125,0.7013384212725564,5.291666666666667,0.7
full_seed101_scaling_0p3_noise0p5_s13_a0p3_b0p8,101,scaling,0.3,0.5,13,0.3,2.154166666666667,0.5125,0.7013384212725564,5.291666666666667,0.8
full_seed101_scaling_0p3_noise0p5_s5_a0p2_b0p7,101,scaling,0.3,0.5,5,0.2,1.5166666666666666,0.6625,0.7288606619011818,0.6625,0.7
full_seed101_scaling_0p3_noise0p5_s5_a0p3_b0p8,101,scaling,0.3,0.5,5,0.3,1.5166666666666666,0.6625,0.7288606619011818,0.6625,0.8
full_seed101_scaling_0p3_noise0p5_s9_a0p2_b0p7,101,scaling,0.3,0.5,9,0.2,1.9416666666666669,0.6916666666666667,0.7324983047231005,2.0708333333333333,0.7
full_seed101_scaling_0p3_noise0p5_s9_a0p3_b0p8,101,scaling,0.3,0.5,9,0.3,1.9416666666666669,0.6916666666666667,0.7324983047231005,2.0708333333333333,0.8
full_seed101_scaling_0p4_noise0p1_s13_a0p2_b0p7,101,scaling,0.4,0.1,13,0.2,2.1791666666666667,0.2375,0.6209440837619198,2.675,0.7
full_seed101_scaling_0p4_noise0p1_s13_a0p3_b0p8,101,scaling,0.4,0.1,13,0.3,2.1791666666666667,0.2375,0.6209440837619198,2.675,0.8
full_seed101_scaling_0p4_noise0p1_s5_a0p2_b0p7,101,scaling,0.4,0.1,5,0.2,1.0625,0.8416666666666667,0.7670276152290192,0.0708333333333333,0.7
full_seed101_scaling_0p4_noise0p1_s5_a0p3_b0p8,101,scaling,0.4,0.1,5,0.3,1.0625,0.8416666666666667,0.7670276152290192,0.0708333333333333,0.8
full_seed101_scaling_0p4_noise0p1_s9_a0p2_b0p7,101,scaling,0.4,0.1,9,0.2,1.7333333333333334,0.7875,0.7486475403074085,0.8583333333333333,0.7
full_seed101_scaling_0p4_noise0p1_s9_a0p3_b0p8,101,scaling,0.4,0.1,9,0.3,1.7333333333333334,0.7875,0.7486475403074085,0.8583333333333333,0.8
full_seed101_scaling_0p4_noise0p25_s13_a0p2_b0p7,101,scaling,0.4,0.25,13,0.2,2.216666666666667,0.4083333333333333,0.6823341106876112,3.925,0.7
full_seed101_scaling_0p4_noise0p25_s13_a0p3_b0p8,101,scaling,0.4,0.25,13,0.3,2.216666666666667,0.4083333333333333,0.6823341106876112,3.925,0.8
full_seed101_scaling_0p4_noise0p25_s5_a0p2_b0p7,101,scaling,0.4,0.25,5,0.2,1.1708333333333334,0.7375,0.7481036443773642,0.1833333333333333,0.7
full_seed101_scaling_0p4_noise0p25_s5_a0p3_b0p8,101,scaling,0.4,0.25,5,0.3,1.1708333333333334,0.7375,0.7481036443773642,0.1833333333333333,0.8
full_seed101_scaling_0p4_noise0p25_s9_a0p2_b0p7,101,scaling,0.4,0.25,9,0.2,1.8125,0.7416666666666667,0.7446047934125845,1.1541666666666666,0.7
full_seed101_scaling_0p4_noise0p25_s9_a0p3_b0p8,101,scaling,0.4,0.25,9,0.3,1.8125,0.7416666666666667,0.7446047934125845,1.1541666666666666,0.8
full_seed101_scaling_0p4_noise0p5_s13_a0p2_b0p7,101,scaling,0.4,0.5,13,0.2,2.1333333333333333,0.5083333333333333,0.6977857191611158,5.266666666666667,0.7
full_seed101_scaling_0p4_noise0p5_s13_a0p3_b0p8,101,scaling,0.4,0.5,13,0.3,2.1333333333333333,0.5083333333333333,0.6977857191611158,5.266666666666667,0.8
full_seed101_scaling_0p4_noise0p5_s5_a0p2_b0p7,101,scaling,0.4,0.5,5,0.2,1.5166666666666666,0.6625,0.7288606619011818,0.6625,0.7
full_seed101_scaling_0p4_noise0p5_s5_a0p3_b0p8,101,scaling,0.4,0.5,5,0.3,1.5166666666666666,0.6625,0.7288606619011818,0.6625,0.8
full_seed101_scaling_0p4_noise0p5_s9_a0p2_b0p7,101,scaling,0.4,0.5,9,0.2,1.9375,0.7041666666666667,0.733733692100626,2.095833333333333,0.7
full_seed101_scaling_0p4_noise0p5_s9_a0p3_b0p8,101,scaling,0.4,0.5,9,0.3,1.9375,0.7041666666666667,0.733733692100626,2.095833333333333,0.8
full_seed101_spike_0p0_noise0p1_s13_a0p2_b0p7,101,spike,0.0,0.1,13,0.2,2.0375,0.2125,0.6154120947055214,2.2041666666666666,0.7
full_seed101_spike_0p0_noise0p1_s13_a0p3_b0p8,101,spike,0.0,0.1,13,0.3,2.0375,0.2125,0.6154120947055214,2.2041666666666666,0.8
full_seed101_spike_0p0_noise0p1_s5_a0p2_b0p7,101,spike,0.0,0.1,5,0.2,1.0416666666666667,0.8958333333333334,0.7778765535718084,0.05,0.7
full_seed101_spike_0p0_noise0p1_s5_a0p3_b0p8,101,spike,0.0,0.1,5,0.3,1.0416666666666667,0.8958333333333334,0.7778765535718084,0.05,0.8
full_seed101_spike_0p0_noise0p1_s9_a0p2_b0p7,101,spike,0.0,0.1,9,0.2,1.6708333333333334,0.7916666666666666,0.7525204722430491,0.7625,0.7
full_seed101_spike_0p0_noise0p1_s9_a0p3_b0p8,101,spike,0.0,0.1,9,0.3,1.6708333333333334,0.7916666666666666,0.7525204722430491,0.7625,0.8
full_seed101_spike_0p0_noise0p25_s13_a0p2_b0p7,101,spike,0.0,0.25,13,0.2,2.245833333333333,0.4041666666666667,0.683356940746831,3.7,0.7
full_seed101_spike_0p0_noise0p25_s13_a0p3_b0p8,101,spike,0.0,0.25,13,0.3,2.245833333333333,0.4041666666666667,0.683356940746831,3.7,0.8
full_seed101_spike_0p0_noise0p25_s5_a0p2_b0p7,101,spike,0.0,0.25,5,0.2,1.1416666666666666,0.7833333333333333,0.755016007182041,0.1541666666666666,0.7
full_seed101_spike_0p0_noise0p25_s5_a0p3_b0p8,101,spike,0.0,0.25,5,0.3,1.1416666666666666,0.7833333333333333,0.755016007182041,0.1541666666666666,0.8
full_seed101_spike_0p0_noise0p25_s9_a0p2_b0p7,101,spike,0.0,0.25,9,0.2,1.7666666666666666,0.7416666666666667,0.749010025811955,1.0541666666666667,0.7
full_seed101_spike_0p0_noise0p25_s9_a0p3_b0p8,101,spike,0.0,0.25,9,0.3,1.7666666666666666,0.7416666666666667,0.749010025811955,1.0541666666666667,0.8
full_seed101_spike_0p0_noise0p5_s13_a0p2_b0p7,101,spike,0.0,0.5,13,0.2,2.1708333333333334,0.5,0.7014891264983326,5.129166666666666,0.7
full_seed101_spike_0p0_noise0p5_s13_a0p3_b0p8,101,spike,0.0,0.5,13,0.3,2.1708333333333334,0.5,0.7014891264983326,5.129166666666666,0.8
full_seed101_spike_0p0_noise0p5_s5_a0p2_b0p7,101,spike,0.0,0.5,5,0.2,1.5166666666666666,0.7125,0.734864328703523,0.65,0.7
full_seed101_spike_0p0_noise0p5_s5_a0p3_b0p8,101,spike,0.0,0.5,5,0.3,1.5166666666666666,0.7125,0.734864328703523,0.65,0.8
full_seed101_spike_0p0_noise0p5_s9_a0p2_b0p7,101,spike,0.0,0.5,9,0.2,1.9416666666666669,0.725,0.7330677495002281,2.0,0.7
full_seed101_spike_0p0_noise0p5_s9_a0p3_b0p8,101,spike,0.0,0.5,9,0.3,1.9416666666666669,0.725,0.7330677495002281,2.0,0.8
full_seed101_spike_0p1_noise0p1_s13_a0p2_b0p7,101,spike,0.1,0.1,13,0.2,2.1083333333333334,0.2,0.6118420930571111,2.8125,0.7
full_seed101_spike_0p1_noise0p1_s13_a0p3_b0p8,101,spike,0.1,0.1,13,0.3,2.1083333333333334,0.2,0.6118420930571111,2.8125,0.8
full_seed101_spike_0p1_noise0p1_s5_a0p2_b0p7,101,spike,0.1,0.1,5,0.2,1.0416666666666667,0.8958333333333334,0.7778765535718084,0.05,0.7
full_seed101_spike_0p1_noise0p1_s5_a0p3_b0p8,101,spike,0.1,0.1,5,0.3,1.0416666666666667,0.8958333333333334,0.7778765535718084,0.05,0.8
full_seed101_spike_0p1_noise0p1_s9_a0p2_b0p7,101,spike,0.1,0.1,9,0.2,1.7666666666666666,0.8208333333333333,0.7619395608778062,1.2583333333333333,0.7
full_seed101_spike_0p1_noise0p1_s9_a0p3_b0p8,101,spike,0.1,0.1,9,0.3,1.7666666666666666,0.8208333333333333,0.7619395608778062,1.2583333333333333,0.8
full_seed101_spike_0p1_noise0p25_s13_a0p2_b0p7,101,spike,0.1,0.25,13,0.2,2.2,0.4,0.6855903842349905,4.233333333333333,0.7
full_seed101_spike_0p1_noise0p25_s13_a0p3_b0p8,101,spike,0.1,0.25,13,0.3,2.2,0.4,0.6855903842349905,4.233333333333333,0.8
full_seed101_spike_0p1_noise0p25_s5_a0p2_b0p7,101,spike,0.1,0.25,5,0.2,1.1416666666666666,0.7833333333333333,0.755016007182041,0.1541666666666666,0.7
full_seed101_spike_0p1_noise0p25_s5_a0p3_b0p8,101,spike,0.1,0.25,5,0.3,1.1416666666666666,0.7833333333333333,0.755016007182041,0.1541666666666666,0.8
full_seed101_spike_0p1_noise0p25_s9_a0p2_b0p7,101,spike,0.1,0.25,9,0.2,1.8416666666666663,0.7916666666666666,0.7554557524169774,1.5458333333333334,0.7
full_seed101_spike_0p1_noise0p25_s9_a0p3_b0p8,101,spike,0.1,0.25,9,0.3,1.8416666666666663,0.7916666666666666,0.7554557524169774,1.5458333333333334,0.8
full_seed101_spike_0p1_noise0p5_s13_a0p2_b0p7,101,spike,0.1,0.5,13,0.2,2.1,0.4875,0.6901986972448779,5.320833333333334,0.7
full_seed101_spike_0p1_noise0p5_s13_a0p3_b0p8,101,spike,0.1,0.5,13,0.3,2.1,0.4875,0.6901986972448779,5.320833333333334,0.8
full_seed101_spike_0p1_noise0p5_s5_a0p2_b0p7,101,spike,0.1,0.5,5,0.2,1.5166666666666666,0.7125,0.734864328703523,0.65,0.7
full_seed101_spike_0p1_noise0p5_s5_a0p3_b0p8,101,spike,0.1,0.5,5,0.3,1.5166666666666666,0.7125,0.734864328703523,0.65,0.8
full_seed101_spike_0p1_noise0p5_s9_a0p2_b0p7,101,spike,0.1,0.5,9,0.2,1.9333333333333331,0.7375,0.7423089253837887,2.4833333333333334,0.7
full_seed101_spike_0p1_noise0p5_s9_a0p3_b0p8,101,spike,0.1,0.5,9,0.3,1.9333333333333331,0.7375,0.7423089253837887,2.4833333333333334,0.8
full_seed101_spike_0p2_noise0p1_s13_a0p2_b0p7,101,spike,0.2,0.1,13,0.2,1.9916666666666667,0.3166666666666666,0.6549041940417507,3.8333333333333335,0.7
full_seed101_spike_0p2_noise0p1_s13_a0p3_b0p8,101,spike,0.2,0.1,13,0.3,1.9916666666666667,0.3166666666666666,0.6549041940417507,3.8333333333333335,0.8
full_seed101_spike_0p2_noise0p1_s5_a0p2_b0p7,101,spike,0.2,0.1,5,0.2,1.4291666666666667,0.9125,0.7847478825225005,0.5125,0.7
full_seed101_spike_0p2_noise0p1_s5_a0p3_b0p8,101,spike,0.2,0.1,5,0.3,1.4291666666666667,0.9125,0.7847478825225005,0.5125,0.8
full_seed101_spike_0p2_noise0p1_s9_a0p2_b0p7,101,spike,0.2,0.1,9,0.2,1.7666666666666666,0.8375,0.7725819186540697,1.825,0.7
full_seed101_spike_0p2_noise0p1_s9_a0p3_b0p8,101,spike,0.2,0.1,9,0.3,1.7666666666666666,0.8375,0.7725819186540697,1.825,0.8
full_seed101_spike_0p2_noise0p25_s13_a0p2_b0p7,101,spike,0.2,0.25,13,0.2,1.9375,0.2916666666666667,0.5960907155213826,3.658333333333333,0.7
full_seed101_spike_0p2_noise0p25_s13_a0p3_b0p8,101,spike,0.2,0.25,13,0.3,1.9375,0.2916666666666667,0.5960907155213826,3.658333333333333,0.8
full_seed101_spike_0p2_noise0p25_s5_a0p2_b0p7,101,spike,0.2,0.25,5,0.2,1.4541666666666666,0.7958333333333333,0.7570921810079532,0.5666666666666667,0.7
full_seed101_spike_0p2_noise0p25_s5_a0p3_b0p8,101,spike,0.2,0.25,5,0.3,1.4541666666666666,0.7958333333333333,0.7570921810079532,0.5666666666666667,0.8
full_seed101_spike_0p2_noise0p25_s9_a0p2_b0p7,101,spike,0.2,0.25,9,0.2,1.8416666666666663,0.8166666666666667,0.768669231113896,2.1375,0.7
full_seed101_spike_0p2_noise0p25_s9_a0p3_b0p8,101,spike,0.2,0.25,9,0.3,1.8416666666666663,0.8166666666666667,0.768669231113896,2.1375,0.8
full_seed101_spike_0p2_noise0p5_s13_a0p2_b0p7,101,spike,0.2,0.5,13,0.2,1.8541666666666667,0.3291666666666666,0.5693254312812867,4.091666666666667,0.7
full_seed101_spike_0p2_noise0p5_s13_a0p3_b0p8,101,spike,0.2,0.5,13,0.3,1.8541666666666667,0.3291666666666666,0.5693254312812867,4.091666666666667,0.8
full_seed101_spike_0p2_noise0p5_s5_a0p2_b0p7,101,spike,0.2,0.5,5,0.2,1.5916666666666666,0.6666666666666666,0.6967943820066789,0.8083333333333333,0.7
full_seed101_spike_0p2_noise0p5_s5_a0p3_b0p8,101,spike,0.2,0.5,5,0.3,1.5916666666666666,0.6666666666666666,0.6967943820066789,0.8083333333333333,0.8
full_seed101_spike_0p2_noise0p5_s9_a0p2_b0p7,101,spike,0.2,0.5,9,0.2,1.8708333333333331,0.725,0.7187968881132001,2.675,0.7
full_seed101_spike_0p2_noise0p5_s9_a0p3_b0p8,101,spike,0.2,0.5,9,0.3,1.8708333333333331,0.725,0.7187968881132001,2.675,0.8
full_seed101_spike_0p3_noise0p1_s13_a0p2_b0p7,101,spike,0.3,0.1,13,0.2,1.8833333333333333,0.3791666666666666,0.6627059906850105,3.845833333333333,0.7
full_seed101_spike_0p3_noise0p1_s13_a0p3_b0p8,101,spike,0.3,0.1,13,0.3,1.8833333333333333,0.3791666666666666,0.6627059906850105,3.845833333333333,0.8
full_seed101_spike_0p3_noise0p1_s5_a0p2_b0p7,101,spike,0.3,0.1,5,0.2,1.1625,0.6708333333333333,0.6474276784599747,0.3,0.7
full_seed101_spike_0p3_noise0p1_s5_a0p3_b0p8,101,spike,0.3,0.1,5,0.3,1.1625,0.6708333333333333,0.6474276784599747,0.3,0.8
full_seed101_spike_0p3_noise0p1_s9_a0p2_b0p7,101,spike,0.3,0.1,9,0.2,1.7125,0.8,0.7589312794785971,2.1666666666666665,0.7
full_seed101_spike_0p3_noise0p1_s9_a0p3_b0p8,101,spike,0.3,0.1,9,0.3,1.7125,0.8,0.7589312794785971,2.1666666666666665,0.8
full_seed101_spike_0p3_noise0p25_s13_a0p2_b0p7,101,spike,0.3,0.25,13,0.2,1.8708333333333331,0.3208333333333333,0.5772046704913608,3.3916666666666666,0.7
full_seed101_spike_0p3_noise0p25_s13_a0p3_b0p8,101,spike,0.3,0.25,13,0.3,1.8708333333333331,0.3208333333333333,0.5772046704913608,3.3916666666666666,0.8
full_seed101_spike_0p3_noise0p25_s5_a0p2_b0p7,101,spike,0.3,0.25,5,0.2,1.1833333333333331,0.5458333333333333,0.6072399215725848,0.2875,0.7
full_seed101_spike_0p3_noise0p25_s5_a0p3_b0p8,101,spike,0.3,0.25,5,0.3,1.1833333333333331,0.5458333333333333,0.6072399215725848,0.2875,0.8
full_seed101_spike_0p3_noise0p25_s9_a0p2_b0p7,101,spike,0.3,0.25,9,0.2,1.7458333333333331,0.725,0.7301364040770305,2.183333333333333,0.7
full_seed101_spike_0p3_noise0p25_s9_a0p3_b0p8,101,spike,0.3,0.25,9,0.3,1.7458333333333331,0.725,0.7301364040770305,2.183333333333333,0.8
full_seed101_spike_0p3_noise0p5_s13_a0p2_b0p7,101,spike,0.3,0.5,13,0.2,1.7708333333333333,0.3083333333333333,0.5301481464962264,3.5458333333333334,0.7
full_seed101_spike_0p3_noise0p5_s13_a0p3_b0p8,101,spike,0.3,0.5,13,0.3,1.7708333333333333,0.3083333333333333,0.5301481464962264,3.5458333333333334,0.8
full_seed101_spike_0p3_noise0p5_s5_a0p2_b0p7,101,spike,0.3,0.5,5,0.2,1.3666666666666667,0.4708333333333333,0.5586889922334077,0.5083333333333333,0.7
full_seed101_spike_0p3_noise0p5_s5_a0p3_b0p8,101,spike,0.3,0.5,5,0.3,1.3666666666666667,0.4708333333333333,0.5586889922334077,0.5083333333333333,0.8
full_seed101_spike_0p3_noise0p5_s9_a0p2_b0p7,101,spike,0.3,0.5,9,0.2,1.7208333333333334,0.575,0.6343370277774646,2.154166666666667,0.7
full_seed101_spike_0p3_noise0p5_s9_a0p3_b0p8,101,spike,0.3,0.5,9,0.3,1.7208333333333334,0.575,0.6343370277774646,2.154166666666667,0.8
full_seed101_spike_0p4_noise0p1_s13_a0p2_b0p7,101,spike,0.4,0.1,13,0.2,1.8541666666666667,0.4,0.6632781298340424,3.820833333333333,0.7
full_seed101_spike_0p4_noise0p1_s13_a0p3_b0p8,101,spike,0.4,0.1,13,0.3,1.8541666666666667,0.4,0.6632781298340424,3.820833333333333,0.8
full_seed101_spike_0p4_noise0p1_s5_a0p2_b0p7,101,spike,0.4,0.1,5,0.2,1.1625,0.6708333333333333,0.6474276784599747,0.3,0.7
full_seed101_spike_0p4_noise0p1_s5_a0p3_b0p8,101,spike,0.4,0.1,5,0.3,1.1625,0.6708333333333333,0.6474276784599747,0.3,0.8
full_seed101_spike_0p4_noise0p1_s9_a0p2_b0p7,101,spike,0.4,0.1,9,0.2,1.4416666666666669,0.5291666666666667,0.5878121420835605,0.8625,0.7
full_seed101_spike_0p4_noise0p1_s9_a0p3_b0p8,101,spike,0.4,0.1,9,0.3,1.4416666666666669,0.5291666666666667,0.5878121420835605,0.8625,0.8
full_seed101_spike_0p4_noise0p25_s13_a0p2_b0p7,101,spike,0.4,0.25,13,0.2,1.8125,0.3,0.550343143825328,3.020833333333333,0.7
full_seed101_spike_0p4_noise0p25_s13_a0p3_b0p8,101,spike,0.4,0.25,13,0.3,1.8125,0.3,0.550343143825328,3.020833333333333,0.8
full_seed101_spike_0p4_noise0p25_s5_a0p2_b0p7,101,spike,0.4,0.25,5,0.2,1.1833333333333331,0.5458333333333333,0.6072399215725848,0.2875,0.7
full_seed101_spike_0p4_noise0p25_s5_a0p3_b0p8,101,spike,0.4,0.25,5,0.3,1.1833333333333331,0.5458333333333333,0.6072399215725848,0.2875,0.8
full_seed101_spike_0p4_noise0p25_s9_a0p2_b0p7,101,spike,0.4,0.25,9,0.2,1.5,0.4875,0.569367352629671,0.9666666666666668,0.7
full_seed101_spike_0p4_noise0p25_s9_a0p3_b0p8,101,spike,0.4,0.25,9,0.3,1.5,0.4875,0.569367352629671,0.9666666666666668,0.8
full_seed101_spike_0p4_noise0p5_s13_a0p2_b0p7,101,spike,0.4,0.5,13,0.2,1.7416666666666667,0.3041666666666666,0.5123860308764852,3.345833333333333,0.7
full_seed101_spike_0p4_noise0p5_s13_a0p3_b0p8,101,spike,0.4,0.5,13,0.3,1.7416666666666667,0.3041666666666666,0.5123860308764852,3.345833333333333,0.8
full_seed101_spike_0p4_noise0p5_s5_a0p2_b0p7,101,spike,0.4,0.5,5,0.2,1.3666666666666667,0.4708333333333333,0.5586889922334077,0.5083333333333333,0.7
full_seed101_spike_0p4_noise0p5_s5_a0p3_b0p8,101,spike,0.4,0.5,5,0.3,1.3666666666666667,0.4708333333333333,0.5586889922334077,0.5083333333333333,0.8
full_seed101_spike_0p4_noise0p5_s9_a0p2_b0p7,101,spike,0.4,0.5,9,0.2,1.575,0.4375,0.5322819357744533,1.3916666666666666,0.7
full_seed101_spike_0p4_noise0p5_s9_a0p3_b0p8,101,spike,0.4,0.5,9,0.3,1.575,0.4375,0.5322819357744533,1.3916666666666666,0.8
full_seed11_bias_0p0_noise0p1_s13_a0p2_b0p7,11,bias,0.0,0.1,13,0.2,2.004166666666667,0.2166666666666666,0.6107807600775591,2.1666666666666665,0.7
full_seed11_bias_0p0_noise0p1_s13_a0p3_b0p8,11,bias,0.0,0.1,13,0.3,2.004166666666667,0.2166666666666666,0.6107807600775591,2.1666666666666665,0.8
full_seed11_bias_0p0_noise0p1_s5_a0p2_b0p7,11,bias,0.0,0.1,5,0.2,1.0375,0.9125,0.7759339574630606,0.0416666666666666,0.7
full_seed11_bias_0p0_noise0p1_s5_a0p3_b0p8,11,bias,0.0,0.1,5,0.3,1.0375,0.9125,0.7759339574630606,0.0416666666666666,0.8
full_seed11_bias_0p0_noise0p1_s9_a0p2_b0p7,11,bias,0.0,0.1,9,0.2,1.6875,0.7875,0.7540961782459107,0.7833333333333333,0.7
full_seed11_bias_0p0_noise0p1_s9_a0p3_b0p8,11,bias,0.0,0.1,9,0.3,1.6875,0.7875,0.7540961782459107,0.7833333333333333,0.8
full_seed11_bias_0p0_noise0p25_s13_a0p2_b0p7,11,bias,0.0,0.25,13,0.2,2.308333333333333,0.3875,0.6711493016484792,3.5,0.7
full_seed11_bias_0p0_noise0p25_s13_a0p3_b0p8,11,bias,0.0,0.25,13,0.3,2.308333333333333,0.3875,0.6711493016484792,3.5,0.8
full_seed11_bias_0p0_noise0p25_s5_a0p2_b0p7,11,bias,0.0,0.25,5,0.2,1.1458333333333333,0.775,0.7566500681514393,0.1666666666666666,0.7
full_seed11_bias_0p0_noise0p25_s5_a0p3_b0p8,11,bias,0.0,0.25,5,0.3,1.1458333333333333,0.775,0.7566500681514393,0.1666666666666666,0.8
full_seed11_bias_0p0_noise0p25_s9_a0p2_b0p7,11,bias,0.0,0.25,9,0.2,1.7916666666666667,0.7666666666666667,0.7433082230516056,1.0083333333333333,0.7
full_seed11_bias_0p0_noise0p25_s9_a0p3_b0p8,11,bias,0.0,0.25,9,0.3,1.7916666666666667,0.7666666666666667,0.7433082230516056,1.0083333333333333,0.8
full_seed11_bias_0p0_noise0p5_s13_a0p2_b0p7,11,bias,0.0,0.5,13,0.2,2.208333333333333,0.4375,0.6903693199047223,4.95,0.7
full_seed11_bias_0p0_noise0p5_s13_a0p3_b0p8,11,bias,0.0,0.5,13,0.3,2.208333333333333,0.4375,0.6903693199047223,4.95,0.8
full_seed11_bias_0p0_noise0p5_s5_a0p2_b0p7,11,bias,0.0,0.5,5,0.2,1.5041666666666669,0.6833333333333333,0.7383936446256034,0.65,0.7
full_seed11_bias_0p0_noise0p5_s5_a0p3_b0p8,11,bias,0.0,0.5,5,0.3,1.5041666666666669,0.6833333333333333,0.7383936446256034,0.65,0.8
full_seed11_bias_0p0_noise0p5_s9_a0p2_b0p7,11,bias,0.0,0.5,9,0.2,1.9291666666666667,0.7125,0.7360335595493546,2.004166666666667,0.7
full_seed11_bias_0p0_noise0p5_s9_a0p3_b0p8,11,bias,0.0,0.5,9,0.3,1.9291666666666667,0.7125,0.7360335595493546,2.004166666666667,0.8
full_seed11_bias_0p1_noise0p1_s13_a0p2_b0p7,11,bias,0.1,0.1,13,0.2,2.1166666666666667,0.1875,0.6052708314503119,2.779166666666667,0.7
full_seed11_bias_0p1_noise0p1_s13_a0p3_b0p8,11,bias,0.1,0.1,13,0.3,2.1166666666666667,0.1875,0.6052708314503119,2.779166666666667,0.8
full_seed11_bias_0p1_noise0p1_s5_a0p2_b0p7,11,bias,0.1,0.1,5,0.2,1.0375,0.9125,0.7759339574630606,0.0416666666666666,0.7
full_seed11_bias_0p1_noise0p1_s5_a0p3_b0p8,11,bias,0.1,0.1,5,0.3,1.0375,0.9125,0.7759339574630606,0.0416666666666666,0.8
full_seed11_bias_0p1_noise0p1_s9_a0p2_b0p7,11,bias,0.1,0.1,9,0.2,1.7916666666666667,0.8083333333333333,0.7624707515505407,1.2791666666666666,0.7
full_seed11_bias_0p1_noise0p1_s9_a0p3_b0p8,11,bias,0.1,0.1,9,0.3,1.7916666666666667,0.8083333333333333,0.7624707515505407,1.2791666666666666,0.8
full_seed11_bias_0p1_noise0p25_s13_a0p2_b0p7,11,bias,0.1,0.25,13,0.2,2.279166666666667,0.3625,0.6672658557416715,4.058333333333334,0.7
full_seed11_bias_0p1_noise0p25_s13_a0p3_b0p8,11,bias,0.1,0.25,13,0.3,2.279166666666667,0.3625,0.6672658557416715,4.058333333333334,0.8
full_seed11_bias_0p1_noise0p25_s5_a0p2_b0p7,11,bias,0.1,0.25,5,0.2,1.1458333333333333,0.775,0.7566500681514393,0.1666666666666666,0.7
full_seed11_bias_0p1_noise0p25_s5_a0p3_b0p8,11,bias,0.1,0.25,5,0.3,1.1458333333333333,0.775,0.7566500681514393,0.1666666666666666,0.8
full_seed11_bias_0p1_noise0p25_s9_a0p2_b0p7,11,bias,0.1,0.25,9,0.2,1.85,0.8166666666666667,0.7544180722883796,1.5916666666666666,0.7
full_seed11_bias_0p1_noise0p25_s9_a0p3_b0p8,11,bias,0.1,0.25,9,0.3,1.85,0.8166666666666667,0.7544180722883796,1.5916666666666666,0.8
full_seed11_bias_0p1_noise0p5_s13_a0p2_b0p7,11,bias,0.1,0.5,13,0.2,2.120833333333333,0.425,0.6714204969285299,5.141666666666667,0.7
full_seed11_bias_0p1_noise0p5_s13_a0p3_b0p8,11,bias,0.1,0.5,13,0.3,2.120833333333333,0.425,0.6714204969285299,5.141666666666667,0.8
full_seed11_bias_0p1_noise0p5_s5_a0p2_b0p7,11,bias,0.1,0.5,5,0.2,1.5041666666666669,0.6833333333333333,0.7383936446256034,0.65,0.7
full_seed11_bias_0p1_noise0p5_s5_a0p3_b0p8,11,bias,0.1,0.5,5,0.3,1.5041666666666669,0.6833333333333333,0.7383936446256034,0.65,0.8
full_seed11_bias_0p1_noise0p5_s9_a0p2_b0p7,11,bias,0.1,0.5,9,0.2,1.925,0.7541666666666667,0.7454799889598258,2.5375,0.7
full_seed11_bias_0p1_noise0p5_s9_a0p3_b0p8,11,bias,0.1,0.5,9,0.3,1.925,0.7541666666666667,0.7454799889598258,2.5375,0.8
full_seed11_bias_0p2_noise0p1_s13_a0p2_b0p7,11,bias,0.2,0.1,13,0.2,1.9958333333333331,0.325,0.6562907836024579,3.870833333333333,0.7
full_seed11_bias_0p2_noise0p1_s13_a0p3_b0p8,11,bias,0.2,0.1,13,0.3,1.9958333333333331,0.325,0.6562907836024579,3.870833333333333,0.8
full_seed11_bias_0p2_noise0p1_s5_a0p2_b0p7,11,bias,0.2,0.1,5,0.2,1.425,0.9041666666666668,0.7780056560351121,0.4791666666666667,0.7
full_seed11_bias_0p2_noise0p1_s5_a0p3_b0p8,11,bias,0.2,0.1,5,0.3,1.425,0.9041666666666668,0.7780056560351121,0.4791666666666667,0.8
full_seed11_bias_0p2_noise0p1_s9_a0p2_b0p7,11,bias,0.2,0.1,9,0.2,1.7916666666666667,0.85,0.7766625898029763,1.8833333333333333,0.7
full_seed11_bias_0p2_noise0p1_s9_a0p3_b0p8,11,bias,0.2,0.1,9,0.3,1.7916666666666667,0.85,0.7766625898029763,1.8833333333333333,0.8
full_seed11_bias_0p2_noise0p25_s13_a0p2_b0p7,11,bias,0.2,0.25,13,0.2,2.029166666666667,0.275,0.5953456970131774,3.6416666666666666,0.7
full_seed11_bias_0p2_noise0p25_s13_a0p3_b0p8,11,bias,0.2,0.25,13,0.3,2.029166666666667,0.275,0.5953456970131774,3.6416666666666666,0.8
full_seed11_bias_0p2_noise0p25_s5_a0p2_b0p7,11,bias,0.2,0.25,5,0.2,1.4666666666666666,0.7958333333333333,0.7529300641610415,0.5958333333333333,0.7
full_seed11_bias_0p2_noise0p25_s5_a0p3_b0p8,11,bias,0.2,0.25,5,0.3,1.4666666666666666,0.7958333333333333,0.7529300641610415,0.5958333333333333,0.8
full_seed11_bias_0p2_noise0p25_s9_a0p2_b0p7,11,bias,0.2,0.25,9,0.2,1.8458333333333332,0.8291666666666667,0.766635608377536,2.175,0.7
full_seed11_bias_0p2_noise0p25_s9_a0p3_b0p8,11,bias,0.2,0.25,9,0.3,1.8458333333333332,0.8291666666666667,0.766635608377536,2.175,0.8
full_seed11_bias_0p2_noise0p5_s13_a0p2_b0p7,11,bias,0.2,0.5,13,0.2,1.9,0.3541666666666667,0.5977514369872833,4.425,0.7
full_seed11_bias_0p2_noise0p5_s13_a0p3_b0p8,11,bias,0.2,0.5,13,0.3,1.9,0.3541666666666667,0.5977514369872833,4.425,0.8
full_seed11_bias_0p2_noise0p5_s5_a0p2_b0p7,11,bias,0.2,0.5,5,0.2,1.5375,0.5916666666666667,0.67476216358923,0.7083333333333334,0.7
full_seed11_bias_0p2_noise0p5_s5_a0p3_b0p8,11,bias,0.2,0.5,5,0.3,1.5375,0.5916666666666667,0.67476216358923,0.7083333333333334,0.8
full_seed11_bias_0p2_noise0p5_s9_a0p2_b0p7,11,bias,0.2,0.5,9,0.2,1.8625,0.7208333333333333,0.7264609171833326,2.708333333333333,0.7
full_seed11_bias_0p2_noise0p5_s9_a0p3_b0p8,11,bias,0.2,0.5,9,0.3,1.8625,0.7208333333333333,0.7264609171833326,2.708333333333333,0.8
full_seed11_bias_0p3_noise0p1_s13_a0p2_b0p7,11,bias,0.3,0.1,13,0.2,1.8833333333333333,0.3708333333333333,0.6515385334007592,3.7125,0.7
full_seed11_bias_0p3_noise0p1_s13_a0p3_b0p8,11,bias,0.3,0.1,13,0.3,1.8833333333333333,0.3708333333333333,0.6515385334007592,3.7125,0.8
full_seed11_bias_0p3_noise0p1_s5_a0p2_b0p7,11,bias,0.3,0.1,5,0.2,1.175,0.6916666666666667,0.6647069506464252,0.3208333333333333,0.7
full_seed11_bias_0p3_noise0p1_s5_a0p3_b0p8,11,bias,0.3,0.1,5,0.3,1.175,0.6916666666666667,0.6647069506464252,0.3208333333333333,0.8
full_seed11_bias_0p3_noise0p1_s9_a0p2_b0p7,11,bias,0.3,0.1,9,0.2,1.7375,0.8083333333333333,0.7650651074808141,2.2416666666666667,0.7
full_seed11_bias_0p3_noise0p1_s9_a0p3_b0p8,11,bias,0.3,0.1,9,0.3,1.7375,0.8083333333333333,0.7650651074808141,2.2416666666666667,0.8
full_seed11_bias_0p3_noise0p25_s13_a0p2_b0p7,11,bias,0.3,0.25,13,0.2,1.95,0.2875,0.5788164042856946,3.441666666666667,0.7
full_seed11_bias_0p3_noise0p25_s13_a0p3_b0p8,11,bias,0.3,0.25,13,0.3,1.95,0.2875,0.5788164042856946,3.441666666666667,0.8
full_seed11_bias_0p3_noise0p25_s5_a0p2_b0p7,11,bias,0.3,0.25,5,0.2,1.2125,0.5833333333333334,0.6274911735980376,0.3333333333333333,0.7
full_seed11_bias_0p3_noise0p25_s5_a0p3_b0p8,11,bias,0.3,0.25,5,0.3,1.2125,0.5833333333333334,0.6274911735980376,0.3333333333333333,0.8
full_seed11_bias_0p3_noise0p25_s9_a0p2_b0p7,11,bias,0.3,0.25,9,0.2,1.7333333333333334,0.7416666666666667,0.721650744138638,2.083333333333333,0.7
full_seed11_bias_0p3_noise0p25_s9_a0p3_b0p8,11,bias,0.3,0.25,9,0.3,1.7333333333333334,0.7416666666666667,0.721650744138638,2.083333333333333,0.8
full_seed11_bias_0p3_noise0p5_s13_a0p2_b0p7,11,bias,0.3,0.5,13,0.2,1.8041666666666667,0.3166666666666666,0.5528256440642518,3.65,0.7
full_seed11_bias_0p3_noise0p5_s13_a0p3_b0p8,11,bias,0.3,0.5,13,0.3,1.8041666666666667,0.3166666666666666,0.5528256440642518,3.65,0.8
full_seed11_bias_0p3_noise0p5_s5_a0p2_b0p7,11,bias,0.3,0.5,5,0.2,1.35,0.4416666666666666,0.5641488823010228,0.4625,0.7
full_seed11_bias_0p3_noise0p5_s5_a0p3_b0p8,11,bias,0.3,0.5,5,0.3,1.35,0.4416666666666666,0.5641488823010228,0.4625,0.8
full_seed11_bias_0p3_noise0p5_s9_a0p2_b0p7,11,bias,0.3,0.5,9,0.2,1.7083333333333333,0.5958333333333333,0.6527627879141389,2.154166666666667,0.7
full_seed11_bias_0p3_noise0p5_s9_a0p3_b0p8,11,bias,0.3,0.5,9,0.3,1.7083333333333333,0.5958333333333333,0.6527627879141389,2.154166666666667,0.8
full_seed11_bias_0p4_noise0p1_s13_a0p2_b0p7,11,bias,0.4,0.1,13,0.2,1.925,0.4125,0.6747283758753366,4.045833333333333,0.7
full_seed11_bias_0p4_noise0p1_s13_a0p3_b0p8,11,bias,0.4,0.1,13,0.3,1.925,0.4125,0.6747283758753366,4.045833333333333,0.8
full_seed11_bias_0p4_noise0p1_s5_a0p2_b0p7,11,bias,0.4,0.1,5,0.2,1.175,0.6916666666666667,0.6647069506464252,0.3208333333333333,0.7
full_seed11_bias_0p4_noise0p1_s5_a0p3_b0p8,11,bias,0.4,0.1,5,0.3,1.175,0.6916666666666667,0.6647069506464252,0.3208333333333333,0.8
full_seed11_bias_0p4_noise0p1_s9_a0p2_b0p7,11,bias,0.4,0.1,9,0.2,1.5833333333333333,0.5791666666666667,0.640736228073311,1.2375,0.7
full_seed11_bias_0p4_noise0p1_s9_a0p3_b0p8,11,bias,0.4,0.1,9,0.3,1.5833333333333333,0.5791666666666667,0.640736228073311,1.2375,0.8
full_seed11_bias_0p4_noise0p25_s13_a0p2_b0p7,11,bias,0.4,0.25,13,0.2,1.8958333333333333,0.2916666666666667,0.5612072794052677,3.0416666666666665,0.7
full_seed11_bias_0p4_noise0p25_s13_a0p3_b0p8,11,bias,0.4,0.25,13,0.3,1.8958333333333333,0.2916666666666667,0.5612072794052677,3.0416666666666665,0.8
full_seed11_bias_0p4_noise0p25_s5_a0p2_b0p7,11,bias,0.4,0.25,5,0.2,1.2125,0.5833333333333334,0.6274911735980376,0.3333333333333333,0.7
full_seed11_bias_0p4_noise0p25_s5_a0p3_b0p8,11,bias,0.4,0.25,5,0.3,1.2125,0.5833333333333334,0.6274911735980376,0.3333333333333333,0.8
full_seed11_bias_0p4_noise0p25_s9_a0p2_b0p7,11,bias,0.4,0.25,9,0.2,1.6083333333333334,0.5458333333333333,0.60866273651588,1.3083333333333331,0.7
full_seed11_bias_0p4_noise0p25_s9_a0p3_b0p8,11,bias,0.4,0.25,9,0.3,1.6083333333333334,0.5458333333333333,0.60866273651588,1.3083333333333331,0.8
full_seed11_bias_0p4_noise0p5_s13_a0p2_b0p7,11,bias,0.4,0.5,13,0.2,1.7416666666666667,0.2708333333333333,0.518596187782936,3.1041666666666665,0.7
full_seed11_bias_0p4_noise0p5_s13_a0p3_b0p8,11,bias,0.4,0.5,13,0.3,1.7416666666666667,0.2708333333333333,0.518596187782936,3.1041666666666665,0.8
full_seed11_bias_0p4_noise0p5_s5_a0p2_b0p7,11,bias,0.4,0.5,5,0.2,1.35,0.4416666666666666,0.5641488823010228,0.4625,0.7
full_seed11_bias_0p4_noise0p5_s5_a0p3_b0p8,11,bias,0.4,0.5,5,0.3,1.35,0.4416666666666666,0.5641488823010228,0.4625,0.8
full_seed11_bias_0p4_noise0p5_s9_a0p2_b0p7,11,bias,0.4,0.5,9,0.2,1.5666666666666669,0.4458333333333333,0.5562668003094939,1.3916666666666666,0.7
full_seed11_bias_0p4_noise0p5_s9_a0p3_b0p8,11,bias,0.4,0.5,9,0.3,1.5666666666666669,0.4458333333333333,0.5562668003094939,1.3916666666666666,0.8
full_seed11_drift_0p0_noise0p1_s13_a0p2_b0p7,11,drift,0.0,0.1,13,0.2,2.004166666666667,0.2166666666666666,0.6107807600775591,2.1666666666666665,0.7
full_seed11_drift_0p0_noise0p1_s13_a0p3_b0p8,11,drift,0.0,0.1,13,0.3,2.004166666666667,0.2166666666666666,0.6107807600775591,2.1666666666666665,0.8
full_seed11_drift_0p0_noise0p1_s5_a0p2_b0p7,11,drift,0.0,0.1,5,0.2,1.0375,0.9125,0.7759339574630606,0.0416666666666666,0.7
full_seed11_drift_0p0_noise0p1_s5_a0p3_b0p8,11,drift,0.0,0.1,5,0.3,1.0375,0.9125,0.7759339574630606,0.0416666666666666,0.8
full_seed11_drift_0p0_noise0p1_s9_a0p2_b0p7,11,drift,0.0,0.1,9,0.2,1.6875,0.7875,0.7540961782459107,0.7833333333333333,0.7
full_seed11_drift_0p0_noise0p1_s9_a0p3_b0p8,11,drift,0.0,0.1,9,0.3,1.6875,0.7875,0.7540961782459107,0.7833333333333333,0.8
full_seed11_drift_0p0_noise0p25_s13_a0p2_b0p7,11,drift,0.0,0.25,13,0.2,2.308333333333333,0.3875,0.6711493016484792,3.5,0.7
full_seed11_drift_0p0_noise0p25_s13_a0p3_b0p8,11,drift,0.0,0.25,13,0.3,2.308333333333333,0.3875,0.6711493016484792,3.5,0.8
full_seed11_drift_0p0_noise0p25_s5_a0p2_b0p7,11,drift,0.0,0.25,5,0.2,1.1458333333333333,0.775,0.7566500681514393,0.1666666666666666,0.7
full_seed11_drift_0p0_noise0p25_s5_a0p3_b0p8,11,drift,0.0,0.25,5,0.3,1.1458333333333333,0.775,0.7566500681514393,0.1666666666666666,0.8
full_seed11_drift_0p0_noise0p25_s9_a0p2_b0p7,11,drift,0.0,0.25,9,0.2,1.7916666666666667,0.7666666666666667,0.7433082230516056,1.0083333333333333,0.7
full_seed11_drift_0p0_noise0p25_s9_a0p3_b0p8,11,drift,0.0,0.25,9,0.3,1.7916666666666667,0.7666666666666667,0.7433082230516056,1.0083333333333333,0.8
full_seed11_drift_0p0_noise0p5_s13_a0p2_b0p7,11,drift,0.0,0.5,13,0.2,2.208333333333333,0.4375,0.6903693199047223,4.95,0.7
full_seed11_drift_0p0_noise0p5_s13_a0p3_b0p8,11,drift,0.0,0.5,13,0.3,2.208333333333333,0.4375,0.6903693199047223,4.95,0.8
full_seed11_drift_0p0_noise0p5_s5_a0p2_b0p7,11,drift,0.0,0.5,5,0.2,1.5041666666666669,0.6833333333333333,0.7383936446256034,0.65,0.7
full_seed11_drift_0p0_noise0p5_s5_a0p3_b0p8,11,drift,0.0,0.5,5,0.3,1.5041666666666669,0.6833333333333333,0.7383936446256034,0.65,0.8
full_seed11_drift_0p0_noise0p5_s9_a0p2_b0p7,11,drift,0.0,0.5,9,0.2,1.9291666666666667,0.7125,0.7360335595493546,2.004166666666667,0.7
full_seed11_drift_0p0_noise0p5_s9_a0p3_b0p8,11,drift,0.0,0.5,9,0.3,1.9291666666666667,0.7125,0.7360335595493546,2.004166666666667,0.8
full_seed11_drift_0p1_noise0p1_s13_a0p2_b0p7,11,drift,0.1,0.1,13,0.2,2.145833333333333,0.2166666666666666,0.6126029366169551,2.6166666666666667,0.7
full_seed11_drift_0p1_noise0p1_s13_a0p3_b0p8,11,drift,0.1,0.1,13,0.3,2.145833333333333,0.2166666666666666,0.6126029366169551,2.6166666666666667,0.8
full_seed11_drift_0p1_noise0p1_s5_a0p2_b0p7,11,drift,0.1,0.1,5,0.2,1.0375,0.9125,0.7759339574630606,0.0416666666666666,0.7
full_seed11_drift_0p1_noise0p1_s5_a0p3_b0p8,11,drift,0.1,0.1,5,0.3,1.0375,0.9125,0.7759339574630606,0.0416666666666666,0.8
full_seed11_drift_0p1_noise0p1_s9_a0p2_b0p7,11,drift,0.1,0.1,9,0.2,1.7833333333333334,0.7833333333333333,0.7571688930654371,1.0916666666666666,0.7
full_seed11_drift_0p1_noise0p1_s9_a0p3_b0p8,11,drift,0.1,0.1,9,0.3,1.7833333333333334,0.7833333333333333,0.7571688930654371,1.0916666666666666,0.8
full_seed11_drift_0p1_noise0p25_s13_a0p2_b0p7,11,drift,0.1,0.25,13,0.2,2.2958333333333334,0.375,0.6671663153753432,3.858333333333333,0.7
full_seed11_drift_0p1_noise0p25_s13_a0p3_b0p8,11,drift,0.1,0.25,13,0.3,2.2958333333333334,0.375,0.6671663153753432,3.858333333333333,0.8
full_seed11_drift_0p1_noise0p25_s5_a0p2_b0p7,11,drift,0.1,0.25,5,0.2,1.1458333333333333,0.775,0.7566500681514393,0.1666666666666666,0.7
full_seed11_drift_0p1_noise0p25_s5_a0p3_b0p8,11,drift,0.1,0.25,5,0.3,1.1458333333333333,0.775,0.7566500681514393,0.1666666666666666,0.8
full_seed11_drift_0p1_noise0p25_s9_a0p2_b0p7,11,drift,0.1,0.25,9,0.2,1.8458333333333332,0.7708333333333334,0.7450071103069222,1.3208333333333333,0.7
full_seed11_drift_0p1_noise0p25_s9_a0p3_b0p8,11,drift,0.1,0.25,9,0.3,1.8458333333333332,0.7708333333333334,0.7450071103069222,1.3208333333333333,0.8
full_seed11_drift_0p1_noise0p5_s13_a0p2_b0p7,11,drift,0.1,0.5,13,0.2,2.158333333333333,0.4333333333333333,0.6803015048140016,5.083333333333333,0.7
full_seed11_drift_0p1_noise0p5_s13_a0p3_b0p8,11,drift,0.1,0.5,13,0.3,2.158333333333333,0.4333333333333333,0.6803015048140016,5.083333333333333,0.8
full_seed11_drift_0p1_noise0p5_s5_a0p2_b0p7,11,drift,0.1,0.5,5,0.2,1.5041666666666669,0.6833333333333333,0.7383936446256034,0.65,0.7
full_seed11_drift_0p1_noise0p5_s5_a0p3_b0p8,11,drift,0.1,0.5,5,0.3,1.5041666666666669,0.6833333333333333,0.7383936446256034,0.65,0.8
full_seed11_drift_0p1_noise0p5_s9_a0p2_b0p7,11,drift,0.1,0.5,9,0.2,1.9375,0.7041666666666667,0.7355407550544364,2.25,0.7
full_seed11_drift_0p1_noise0p5_s9_a0p3_b0p8,11,drift,0.1,0.5,9,0.3,1.9375,0.7041666666666667,0.7355407550544364,2.25,0.8
full_seed11_drift_0p2_noise0p1_s13_a0p2_b0p7,11,drift,0.2,0.1,13,0.2,2.091666666666667,0.2625,0.6194794322417655,3.125,0.7
full_seed11_drift_0p2_noise0p1_s13_a0p3_b0p8,11,drift,0.2,0.1,13,0.3,2.091666666666667,0.2625,0.6194794322417655,3.125,0.8
full_seed11_drift_0p2_noise0p1_s5_a0p2_b0p7,11,drift,0.2,0.1,5,0.2,1.25,0.8708333333333333,0.7698942928386503,0.2875,0.7
full_seed11_drift_0p2_noise0p1_s5_a0p3_b0p8,11,drift,0.2,0.1,5,0.3,1.25,0.8708333333333333,0.7698942928386503,0.2875,0.8
full_seed11_drift_0p2_noise0p1_s9_a0p2_b0p7,11,drift,0.2,0.1,9,0.2,1.7875,0.7875,0.758164338726361,1.3916666666666666,0.7
full_seed11_drift_0p2_noise0p1_s9_a0p3_b0p8,11,drift,0.2,0.1,9,0.3,1.7875,0.7875,0.758164338726361,1.3916666666666666,0.8
full_seed11_drift_0p2_noise0p25_s13_a0p2_b0p7,11,drift,0.2,0.25,13,0.2,2.2041666666666666,0.3208333333333333,0.6330271339170019,3.8,0.7
full_seed11_drift_0p2_noise0p25_s13_a0p3_b0p8,11,drift,0.2,0.25,13,0.3,2.2041666666666666,0.3208333333333333,0.6330271339170019,3.8,0.8
full_seed11_drift_0p2_noise0p25_s5_a0p2_b0p7,11,drift,0.2,0.25,5,0.2,1.3333333333333333,0.7583333333333333,0.7506409157984797,0.4041666666666667,0.7
full_seed11_drift_0p2_noise0p25_s5_a0p3_b0p8,11,drift,0.2,0.25,5,0.3,1.3333333333333333,0.7583333333333333,0.7506409157984797,0.4041666666666667,0.8
full_seed11_drift_0p2_noise0p25_s9_a0p2_b0p7,11,drift,0.2,0.25,9,0.2,1.8625,0.7541666666666667,0.7460288935632498,1.6291666666666669,0.7
full_seed11_drift_0p2_noise0p25_s9_a0p3_b0p8,11,drift,0.2,0.25,9,0.3,1.8625,0.7541666666666667,0.7460288935632498,1.6291666666666669,0.8
full_seed11_drift_0p2_noise0p5_s13_a0p2_b0p7,11,drift,0.2,0.5,13,0.2,2.066666666666667,0.4,0.6396739592714769,4.804166666666666,0.7
full_seed11_drift_0p2_noise0p5_s13_a0p3_b0p8,11,drift,0.2,0.5,13,0.3,2.066666666666667,0.4,0.6396739592714769,4.804166666666666,0.8
full_seed11_drift_0p2_noise0p5_s5_a0p2_b0p7,11,drift,0.2,0.5,5,0.2,1.5416666666666667,0.6333333333333333,0.7100124600001916,0.6875,0.7
full_seed11_drift_0p2_noise0p5_s5_a0p3_b0p8,11,drift,0.2,0.5,5,0.3,1.5416666666666667,0.6333333333333333,0.7100124600001916,0.6875,0.8
full_seed11_drift_0p2_noise0p5_s9_a0p2_b0p7,11,drift,0.2,0.5,9,0.2,1.9083333333333332,0.6875,0.7259150993765836,2.395833333333333,0.7
full_seed11_drift_0p2_noise0p5_s9_a0p3_b0p8,11,drift,0.2,0.5,9,0.3,1.9083333333333332,0.6875,0.7259150993765836,2.395833333333333,0.8
full_seed11_drift_0p3_noise0p1_s13_a0p2_b0p7,11,drift,0.3,0.1,13,0.2,2.0375,0.2791666666666667,0.614122237442276,3.0875,0.7
full_seed11_drift_0p3_noise0p1_s13_a0p3_b0p8,11,drift,0.3,0.1,13,0.3,2.0375,0.2791666666666667,0.614122237442276,3.0875,0.8
full_seed11_drift_0p3_noise0p1_s5_a0p2_b0p7,11,drift,0.3,0.1,5,0.2,1.2125,0.7625,0.7298053007191767,0.3208333333333333,0.7
full_seed11_drift_0p3_noise0p1_s5_a0p3_b0p8,11,drift,0.3,0.1,5,0.3,1.2125,0.7625,0.7298053007191767,0.3208333333333333,0.8
full_seed11_drift_0p3_noise0p1_s9_a0p2_b0p7,11,drift,0.3,0.1,9,0.2,1.7958333333333334,0.7375,0.7498429245941464,1.6,0.7
full_seed11_drift_0p3_noise0p1_s9_a0p3_b0p8,11,drift,0.3,0.1,9,0.3,1.7958333333333334,0.7375,0.7498429245941464,1.6,0.8
full_seed11_drift_0p3_noise0p25_s13_a0p2_b0p7,11,drift,0.3,0.25,13,0.2,2.2,0.3166666666666666,0.6211153729104221,3.808333333333333,0.7
full_seed11_drift_0p3_noise0p25_s13_a0p3_b0p8,11,drift,0.3,0.25,13,0.3,2.2,0.3166666666666666,0.6211153729104221,3.808333333333333,0.8
full_seed11_drift_0p3_noise0p25_s5_a0p2_b0p7,11,drift,0.3,0.25,5,0.2,1.3083333333333331,0.6625,0.70921622819284,0.4125,0.7
full_seed11_drift_0p3_noise0p25_s5_a0p3_b0p8,11,drift,0.3,0.25,5,0.3,1.3083333333333331,0.6625,0.70921622819284,0.4125,0.8
full_seed11_drift_0p3_noise0p25_s9_a0p2_b0p7,11,drift,0.3,0.25,9,0.2,1.8458333333333332,0.7,0.7311674037293997,1.7458333333333331,0.7
full_seed11_drift_0p3_noise0p25_s9_a0p3_b0p8,11,drift,0.3,0.25,9,0.3,1.8458333333333332,0.7,0.7311674037293997,1.7458333333333331,0.8
full_seed11_drift_0p3_noise0p5_s13_a0p2_b0p7,11,drift,0.3,0.5,13,0.2,2.05,0.3916666666666666,0.624953587524926,4.75,0.7
full_seed11_drift_0p3_noise0p5_s13_a0p3_b0p8,11,drift,0.3,0.5,13,0.3,2.05,0.3916666666666666,0.624953587524926,4.75,0.8
full_seed11_drift_0p3_noise0p5_s5_a0p2_b0p7,11,drift,0.3,0.5,5,0.2,1.5083333333333333,0.5583333333333333,0.6696812117003778,0.6583333333333333,0.7
full_seed11_drift_0p3_noise0p5_s5_a0p3_b0p8,11,drift,0.3,0.5,5,0.3,1.5083333333333333,0.5583333333333333,0.6696812117003778,0.6583333333333333,0.8
full_seed11_drift_0p3_noise0p5_s9_a0p2_b0p7,11,drift,0.3,0.5,9,0.2,1.8541666666666667,0.6041666666666666,0.6925388185298101,2.1666666666666665,0.7
full_seed11_drift_0p3_noise0p5_s9_a0p3_b0p8,11,drift,0.3,0.5,9,0.3,1.8541666666666667,0.6041666666666666,0.6925388185298101,2.1666666666666665,0.8
full_seed11_drift_0p4_noise0p1_s13_a0p2_b0p7,11,drift,0.4,0.1,13,0.2,2.1125,0.3083333333333333,0.6194495470800196,3.3291666666666666,0.7
full_seed11_drift_0p4_noise0p1_s13_a0p3_b0p8,11,drift,0.4,0.1,13,0.3,2.1125,0.3083333333333333,0.6194495470800196,3.3291666666666666,0.8
full_seed11_drift_0p4_noise0p1_s5_a0p2_b0p7,11,drift,0.4,0.1,5,0.2,1.2125,0.7625,0.7298053007191767,0.3208333333333333,0.7
full_seed11_drift_0p4_noise0p1_s5_a0p3_b0p8,11,drift,0.4,0.1,5,0.3,1.2125,0.7625,0.7298053007191767,0.3208333333333333,0.8
full_seed11_drift_0p4_noise0p1_s9_a0p2_b0p7,11,drift,0.4,0.1,9,0.2,1.8,0.6666666666666666,0.7219944477427797,1.5875,0.7
full_seed11_drift_0p4_noise0p1_s9_a0p3_b0p8,11,drift,0.4,0.1,9,0.3,1.8,0.6666666666666666,0.7219944477427797,1.5875,0.8
full_seed11_drift_0p4_noise0p25_s13_a0p2_b0p7,11,drift,0.4,0.25,13,0.2,2.220833333333333,0.3333333333333333,0.6219975792909985,4.091666666666667,0.7
full_seed11_drift_0p4_noise0p25_s13_a0p3_b0p8,11,drift,0.4,0.25,13,0.3,2.220833333333333,0.3333333333333333,0.6219975792909985,4.091666666666667,0.8
full_seed11_drift_0p4_noise0p25_s5_a0p2_b0p7,11,drift,0.4,0.25,5,0.2,1.3083333333333331,0.6625,0.70921622819284,0.4125,0.7
full_seed11_drift_0p4_noise0p25_s5_a0p3_b0p8,11,drift,0.4,0.25,5,0.3,1.3083333333333331,0.6625,0.70921622819284,0.4125,0.8
full_seed11_drift_0p4_noise0p25_s9_a0p2_b0p7,11,drift,0.4,0.25,9,0.2,1.8166666666666669,0.625,0.6914639032278608,1.575,0.7
full_seed11_drift_0p4_noise0p25_s9_a0p3_b0p8,11,drift,0.4,0.25,9,0.3,1.8166666666666669,0.625,0.6914639032278608,1.575,0.8
full_seed11_drift_0p4_noise0p5_s13_a0p2_b0p7,11,drift,0.4,0.5,13,0.2,2.0458333333333334,0.3958333333333333,0.6240091404729893,4.8875,0.7
full_seed11_drift_0p4_noise0p5_s13_a0p3_b0p8,11,drift,0.4,0.5,13,0.3,2.0458333333333334,0.3958333333333333,0.6240091404729893,4.8875,0.8
full_seed11_drift_0p4_noise0p5_s5_a0p2_b0p7,11,drift,0.4,0.5,5,0.2,1.5083333333333333,0.5583333333333333,0.6696812117003778,0.6583333333333333,0.7
full_seed11_drift_0p4_noise0p5_s5_a0p3_b0p8,11,drift,0.4,0.5,5,0.3,1.5083333333333333,0.5583333333333333,0.6696812117003778,0.6583333333333333,0.8
full_seed11_drift_0p4_noise0p5_s9_a0p2_b0p7,11,drift,0.4,0.5,9,0.2,1.8541666666666667,0.5958333333333333,0.6772422606045183,2.191666666666667,0.7
full_seed11_drift_0p4_noise0p5_s9_a0p3_b0p8,11,drift,0.4,0.5,9,0.3,1.8541666666666667,0.5958333333333333,0.6772422606045183,2.191666666666667,0.8
full_seed11_freeze_0p0_noise0p1_s13_a0p2_b0p7,11,freeze,0.0,0.1,13,0.2,2.004166666666667,0.2166666666666666,0.6107807600775591,2.1666666666666665,0.7
full_seed11_freeze_0p0_noise0p1_s13_a0p3_b0p8,11,freeze,0.0,0.1,13,0.3,2.004166666666667,0.2166666666666666,0.6107807600775591,2.1666666666666665,0.8
full_seed11_freeze_0p0_noise0p1_s5_a0p2_b0p7,11,freeze,0.0,0.1,5,0.2,1.0375,0.9125,0.7759339574630606,0.0416666666666666,0.7
full_seed11_freeze_0p0_noise0p1_s5_a0p3_b0p8,11,freeze,0.0,0.1,5,0.3,1.0375,0.9125,0.7759339574630606,0.0416666666666666,0.8
full_seed11_freeze_0p0_noise0p1_s9_a0p2_b0p7,11,freeze,0.0,0.1,9,0.2,1.6875,0.7875,0.7540961782459107,0.7833333333333333,0.7
full_seed11_freeze_0p0_noise0p1_s9_a0p3_b0p8,11,freeze,0.0,0.1,9,0.3,1.6875,0.7875,0.7540961782459107,0.7833333333333333,0.8
full_seed11_freeze_0p0_noise0p25_s13_a0p2_b0p7,11,freeze,0.0,0.25,13,0.2,2.308333333333333,0.3875,0.6711493016484792,3.5,0.7
full_seed11_freeze_0p0_noise0p25_s13_a0p3_b0p8,11,freeze,0.0,0.25,13,0.3,2.308333333333333,0.3875,0.6711493016484792,3.5,0.8
full_seed11_freeze_0p0_noise0p25_s5_a0p2_b0p7,11,freeze,0.0,0.25,5,0.2,1.1458333333333333,0.775,0.7566500681514393,0.1666666666666666,0.7
full_seed11_freeze_0p0_noise0p25_s5_a0p3_b0p8,11,freeze,0.0,0.25,5,0.3,1.1458333333333333,0.775,0.7566500681514393,0.1666666666666666,0.8
full_seed11_freeze_0p0_noise0p25_s9_a0p2_b0p7,11,freeze,0.0,0.25,9,0.2,1.7916666666666667,0.7666666666666667,0.7433082230516056,1.0083333333333333,0.7
full_seed11_freeze_0p0_noise0p25_s9_a0p3_b0p8,11,freeze,0.0,0.25,9,0.3,1.7916666666666667,0.7666666666666667,0.7433082230516056,1.0083333333333333,0.8
full_seed11_freeze_0p0_noise0p5_s13_a0p2_b0p7,11,freeze,0.0,0.5,13,0.2,2.208333333333333,0.4375,0.6903693199047223,4.95,0.7
full_seed11_freeze_0p0_noise0p5_s13_a0p3_b0p8,11,freeze,0.0,0.5,13,0.3,2.208333333333333,0.4375,0.6903693199047223,4.95,0.8
full_seed11_freeze_0p0_noise0p5_s5_a0p2_b0p7,11,freeze,0.0,0.5,5,0.2,1.5041666666666669,0.6833333333333333,0.7383936446256034,0.65,0.7
full_seed11_freeze_0p0_noise0p5_s5_a0p3_b0p8,11,freeze,0.0,0.5,5,0.3,1.5041666666666669,0.6833333333333333,0.7383936446256034,0.65,0.8
full_seed11_freeze_0p0_noise0p5_s9_a0p2_b0p7,11,freeze,0.0,0.5,9,0.2,1.9291666666666667,0.7125,0.7360335595493546,2.004166666666667,0.7
full_seed11_freeze_0p0_noise0p5_s9_a0p3_b0p8,11,freeze,0.0,0.5,9,0.3,1.9291666666666667,0.7125,0.7360335595493546,2.004166666666667,0.8
full_seed11_freeze_0p1_noise0p1_s13_a0p2_b0p7,11,freeze,0.1,0.1,13,0.2,1.9708333333333332,0.1791666666666666,0.5973692222434489,2.004166666666667,0.7
full_seed11_freeze_0p1_noise0p1_s13_a0p3_b0p8,11,freeze,0.1,0.1,13,0.3,1.9708333333333332,0.1791666666666666,0.5973692222434489,2.004166666666667,0.8
full_seed11_freeze_0p1_noise0p1_s5_a0p2_b0p7,11,freeze,0.1,0.1,5,0.2,1.0375,0.9125,0.7759339574630606,0.0416666666666666,0.7
full_seed11_freeze_0p1_noise0p1_s5_a0p3_b0p8,11,freeze,0.1,0.1,5,0.3,1.0375,0.9125,0.7759339574630606,0.0416666666666666,0.8
full_seed11_freeze_0p1_noise0p1_s9_a0p2_b0p7,11,freeze,0.1,0.1,9,0.2,1.7,0.7958333333333333,0.7542101975943006,0.7958333333333333,0.7
full_seed11_freeze_0p1_noise0p1_s9_a0p3_b0p8,11,freeze,0.1,0.1,9,0.3,1.7,0.7958333333333333,0.7542101975943006,0.7958333333333333,0.8
full_seed11_freeze_0p1_noise0p25_s13_a0p2_b0p7,11,freeze,0.1,0.25,13,0.2,2.2958333333333334,0.3625,0.6633924338379292,3.425,0.7
full_seed11_freeze_0p1_noise0p25_s13_a0p3_b0p8,11,freeze,0.1,0.25,13,0.3,2.2958333333333334,0.3625,0.6633924338379292,3.425,0.8
full_seed11_freeze_0p1_noise0p25_s5_a0p2_b0p7,11,freeze,0.1,0.25,5,0.2,1.1458333333333333,0.775,0.7566500681514393,0.1666666666666666,0.7
full_seed11_freeze_0p1_noise0p25_s5_a0p3_b0p8,11,freeze,0.1,0.25,5,0.3,1.1458333333333333,0.775,0.7566500681514393,0.1666666666666666,0.8
full_seed11_freeze_0p1_noise0p25_s9_a0p2_b0p7,11,freeze,0.1,0.25,9,0.2,1.7833333333333334,0.7625,0.7386486858744941,0.9791666666666666,0.7
full_seed11_freeze_0p1_noise0p25_s9_a0p3_b0p8,11,freeze,0.1,0.25,9,0.3,1.7833333333333334,0.7625,0.7386486858744941,0.9791666666666666,0.8
full_seed11_freeze_0p1_noise0p5_s13_a0p2_b0p7,11,freeze,0.1,0.5,13,0.2,2.208333333333333,0.4291666666666666,0.6849252414593032,4.8875,0.7
full_seed11_freeze_0p1_noise0p5_s13_a0p3_b0p8,11,freeze,0.1,0.5,13,0.3,2.208333333333333,0.4291666666666666,0.6849252414593032,4.8875,0.8
full_seed11_freeze_0p1_noise0p5_s5_a0p2_b0p7,11,freeze,0.1,0.5,5,0.2,1.5041666666666669,0.6833333333333333,0.7383936446256034,0.65,0.7
full_seed11_freeze_0p1_noise0p5_s5_a0p3_b0p8,11,freeze,0.1,0.5,5,0.3,1.5041666666666669,0.6833333333333333,0.7383936446256034,0.65,0.8
full_seed11_freeze_0p1_noise0p5_s9_a0p2_b0p7,11,freeze,0.1,0.5,9,0.2,1.9041666666666663,0.6916666666666667,0.7307771195687534,1.9541666666666664,0.7
full_seed11_freeze_0p1_noise0p5_s9_a0p3_b0p8,11,freeze,0.1,0.5,9,0.3,1.9041666666666663,0.6916666666666667,0.7307771195687534,1.9541666666666664,0.8
full_seed11_freeze_0p2_noise0p1_s13_a0p2_b0p7,11,freeze,0.2,0.1,13,0.2,1.9041666666666663,0.2083333333333333,0.5981071275168782,1.9416666666666669,0.7
full_seed11_freeze_0p2_noise0p1_s13_a0p3_b0p8,11,freeze,0.2,0.1,13,0.3,1.9041666666666663,0.2083333333333333,0.5981071275168782,1.9416666666666669,0.8
full_seed11_freeze_0p2_noise0p1_s5_a0p2_b0p7,11,freeze,0.2,0.1,5,0.2,1.0333333333333334,0.9041666666666668,0.7703832749813858,0.0375,0.7
full_seed11_freeze_0p2_noise0p1_s5_a0p3_b0p8,11,freeze,0.2,0.1,5,0.3,1.0333333333333334,0.9041666666666668,0.7703832749813858,0.0375,0.8
full_seed11_freeze_0p2_noise0p1_s9_a0p2_b0p7,11,freeze,0.2,0.1,9,0.2,1.7208333333333334,0.7916666666666666,0.7542176274071984,0.8166666666666667,0.7
full_seed11_freeze_0p2_noise0p1_s9_a0p3_b0p8,11,freeze,0.2,0.1,9,0.3,1.7208333333333334,0.7916666666666666,0.7542176274071984,0.8166666666666667,0.8
full_seed11_freeze_0p2_noise0p25_s13_a0p2_b0p7,11,freeze,0.2,0.25,13,0.2,2.3,0.3666666666666666,0.6608128578632834,3.4125,0.7
full_seed11_freeze_0p2_noise0p25_s13_a0p3_b0p8,11,freeze,0.2,0.25,13,0.3,2.3,0.3666666666666666,0.6608128578632834,3.4125,0.8
full_seed11_freeze_0p2_noise0p25_s5_a0p2_b0p7,11,freeze,0.2,0.25,5,0.2,1.15,0.75,0.7531002013988144,0.175,0.7
full_seed11_freeze_0p2_noise0p25_s5_a0p3_b0p8,11,freeze,0.2,0.25,5,0.3,1.15,0.75,0.7531002013988144,0.175,0.8
full_seed11_freeze_0p2_noise0p25_s9_a0p2_b0p7,11,freeze,0.2,0.25,9,0.2,1.7958333333333334,0.7458333333333333,0.73817365352725,1.0,0.7
full_seed11_freeze_0p2_noise0p25_s9_a0p3_b0p8,11,freeze,0.2,0.25,9,0.3,1.7958333333333334,0.7458333333333333,0.73817365352725,1.0,0.8
full_seed11_freeze_0p2_noise0p5_s13_a0p2_b0p7,11,freeze,0.2,0.5,13,0.2,2.208333333333333,0.4375,0.6861772773462411,4.970833333333333,0.7
full_seed11_freeze_0p2_noise0p5_s13_a0p3_b0p8,11,freeze,0.2,0.5,13,0.3,2.208333333333333,0.4375,0.6861772773462411,4.970833333333333,0.8
full_seed11_freeze_0p2_noise0p5_s5_a0p2_b0p7,11,freeze,0.2,0.5,5,0.2,1.5166666666666666,0.6416666666666667,0.7287162644347873,0.65,0.7
full_seed11_freeze_0p2_noise0p5_s5_a0p3_b0p8,11,freeze,0.2,0.5,5,0.3,1.5166666666666666,0.6416666666666667,0.7287162644347873,0.65,0.8
full_seed11_freeze_0p2_noise0p5_s9_a0p2_b0p7,11,freeze,0.2,0.5,9,0.2,1.8958333333333333,0.6916666666666667,0.7293116543164874,1.9541666666666664,0.7
full_seed11_freeze_0p2_noise0p5_s9_a0p3_b0p8,11,freeze,0.2,0.5,9,0.3,1.8958333333333333,0.6916666666666667,0.7293116543164874,1.9541666666666664,0.8
full_seed11_freeze_0p3_noise0p1_s13_a0p2_b0p7,11,freeze,0.3,0.1,13,0.2,1.9041666666666663,0.2083333333333333,0.5996538868510961,1.95,0.7
full_seed11_freeze_0p3_noise0p1_s13_a0p3_b0p8,11,freeze,0.3,0.1,13,0.3,1.9041666666666663,0.2083333333333333,0.5996538868510961,1.95,0.8
full_seed11_freeze_0p3_noise0p1_s5_a0p2_b0p7,11,freeze,0.3,0.1,5,0.2,1.0375,0.8958333333333334,0.7658355995712692,0.0416666666666666,0.7
full_seed11_freeze_0p3_noise0p1_s5_a0p3_b0p8,11,freeze,0.3,0.1,5,0.3,1.0375,0.8958333333333334,0.7658355995712692,0.0416666666666666,0.8
full_seed11_freeze_0p3_noise0p1_s9_a0p2_b0p7,11,freeze,0.3,0.1,9,0.2,1.7375,0.8166666666666667,0.7593084268269575,0.8333333333333334,0.7
full_seed11_freeze_0p3_noise0p1_s9_a0p3_b0p8,11,freeze,0.3,0.1,9,0.3,1.7375,0.8166666666666667,0.7593084268269575,0.8333333333333334,0.8
full_seed11_freeze_0p3_noise0p25_s13_a0p2_b0p7,11,freeze,0.3,0.25,13,0.2,2.270833333333333,0.35,0.6578693890196402,3.325,0.7
full_seed11_freeze_0p3_noise0p25_s13_a0p3_b0p8,11,freeze,0.3,0.25,13,0.3,2.270833333333333,0.35,0.6578693890196402,3.325,0.8
full_seed11_freeze_0p3_noise0p25_s5_a0p2_b0p7,11,freeze,0.3,0.25,5,0.2,1.15,0.7333333333333333,0.7475762451530014,0.1708333333333333,0.7
full_seed11_freeze_0p3_noise0p25_s5_a0p3_b0p8,11,freeze,0.3,0.25,5,0.3,1.15,0.7333333333333333,0.7475762451530014,0.1708333333333333,0.8
full_seed11_freeze_0p3_noise0p25_s9_a0p2_b0p7,11,freeze,0.3,0.25,9,0.2,1.7958333333333334,0.7583333333333333,0.7401266439946284,0.9875,0.7
full_seed11_freeze_0p3_noise0p25_s9_a0p3_b0p8,11,freeze,0.3,0.25,9,0.3,1.7958333333333334,0.7583333333333333,0.7401266439946284,0.9875,0.8
full_seed11_freeze_0p3_noise0p5_s13_a0p2_b0p7,11,freeze,0.3,0.5,13,0.2,2.2041666666666666,0.4458333333333333,0.6867318488837221,4.966666666666667,0.7
full_seed11_freeze_0p3_noise0p5_s13_a0p3_b0p8,11,freeze,0.3,0.5,13,0.3,2.2041666666666666,0.4458333333333333,0.6867318488837221,4.966666666666667,0.8
full_seed11_freeze_0p3_noise0p5_s5_a0p2_b0p7,11,freeze,0.3,0.5,5,0.2,1.525,0.6166666666666667,0.7262098973550491,0.6583333333333333,0.7
full_seed11_freeze_0p3_noise0p5_s5_a0p3_b0p8,11,freeze,0.3,0.5,5,0.3,1.525,0.6166666666666667,0.7262098973550491,0.6583333333333333,0.8
full_seed11_freeze_0p3_noise0p5_s9_a0p2_b0p7,11,freeze,0.3,0.5,9,0.2,1.9083333333333332,0.7,0.7299393448867012,1.925,0.7
full_seed11_freeze_0p3_noise0p5_s9_a0p3_b0p8,11,freeze,0.3,0.5,9,0.3,1.9083333333333332,0.7,0.7299393448867012,1.925,0.8
full_seed11_freeze_0p4_noise0p1_s13_a0p2_b0p7,11,freeze,0.4,0.1,13,0.2,1.8333333333333333,0.1666666666666666,0.5832997362447621,1.7791666666666666,0.7
full_seed11_freeze_0p4_noise0p1_s13_a0p3_b0p8,11,freeze,0.4,0.1,13,0.3,1.8333333333333333,0.1666666666666666,0.5832997362447621,1.7791666666666666,0.8
full_seed11_freeze_0p4_noise0p1_s5_a0p2_b0p7,11,freeze,0.4,0.1,5,0.2,1.0375,0.8958333333333334,0.7658355995712692,0.0416666666666666,0.7
full_seed11_freeze_0p4_noise0p1_s5_a0p3_b0p8,11,freeze,0.4,0.1,5,0.3,1.0375,0.8958333333333334,0.7658355995712692,0.0416666666666666,0.8
full_seed11_freeze_0p4_noise0p1_s9_a0p2_b0p7,11,freeze,0.4,0.1,9,0.2,1.75,0.8375,0.7641979748001712,0.8458333333333333,0.7
full_seed11_freeze_0p4_noise0p1_s9_a0p3_b0p8,11,freeze,0.4,0.1,9,0.3,1.75,0.8375,0.7641979748001712,0.8458333333333333,0.8
full_seed11_freeze_0p4_noise0p25_s13_a0p2_b0p7,11,freeze,0.4,0.25,13,0.2,2.2875,0.3333333333333333,0.6520205594804499,3.254166666666667,0.7
full_seed11_freeze_0p4_noise0p25_s13_a0p3_b0p8,11,freeze,0.4,0.25,13,0.3,2.2875,0.3333333333333333,0.6520205594804499,3.254166666666667,0.8
full_seed11_freeze_0p4_noise0p25_s5_a0p2_b0p7,11,freeze,0.4,0.25,5,0.2,1.15,0.7333333333333333,0.7475762451530014,0.1708333333333333,0.7
full_seed11_freeze_0p4_noise0p25_s5_a0p3_b0p8,11,freeze,0.4,0.25,5,0.3,1.15,0.7333333333333333,0.7475762451530014,0.1708333333333333,0.8
full_seed11_freeze_0p4_noise0p25_s9_a0p2_b0p7,11,freeze,0.4,0.25,9,0.2,1.7916666666666667,0.7916666666666666,0.7439793400833847,0.9833333333333332,0.7
full_seed11_freeze_0p4_noise0p25_s9_a0p3_b0p8,11,freeze,0.4,0.25,9,0.3,1.7916666666666667,0.7916666666666666,0.7439793400833847,0.9833333333333332,0.8
full_seed11_freeze_0p4_noise0p5_s13_a0p2_b0p7,11,freeze,0.4,0.5,13,0.2,2.216666666666667,0.45,0.685313186940247,4.8625,0.7
full_seed11_freeze_0p4_noise0p5_s13_a0p3_b0p8,11,freeze,0.4,0.5,13,0.3,2.216666666666667,0.45,0.685313186940247,4.8625,0.8
full_seed11_freeze_0p4_noise0p5_s5_a0p2_b0p7,11,freeze,0.4,0.5,5,0.2,1.525,0.6166666666666667,0.7262098973550491,0.6583333333333333,0.7
full_seed11_freeze_0p4_noise0p5_s5_a0p3_b0p8,11,freeze,0.4,0.5,5,0.3,1.525,0.6166666666666667,0.7262098973550491,0.6583333333333333,0.8
full_seed11_freeze_0p4_noise0p5_s9_a0p2_b0p7,11,freeze,0.4,0.5,9,0.2,1.9083333333333332,0.6875,0.7314301329429215,1.9208333333333332,0.7
full_seed11_freeze_0p4_noise0p5_s9_a0p3_b0p8,11,freeze,0.4,0.5,9,0.3,1.9083333333333332,0.6875,0.7314301329429215,1.9208333333333332,0.8
full_seed11_mixed_0p0_noise0p1_s13_a0p2_b0p7,11,mixed,0.0,0.1,13,0.2,2.004166666666667,0.2166666666666666,0.6107807600775591,2.1666666666666665,0.7
full_seed11_mixed_0p0_noise0p1_s13_a0p3_b0p8,11,mixed,0.0,0.1,13,0.3,2.004166666666667,0.2166666666666666,0.6107807600775591,2.1666666666666665,0.8
full_seed11_mixed_0p0_noise0p1_s5_a0p2_b0p7,11,mixed,0.0,0.1,5,0.2,1.0375,0.9125,0.7759339574630606,0.0416666666666666,0.7
full_seed11_mixed_0p0_noise0p1_s5_a0p3_b0p8,11,mixed,0.0,0.1,5,0.3,1.0375,0.9125,0.7759339574630606,0.0416666666666666,0.8
full_seed11_mixed_0p0_noise0p1_s9_a0p2_b0p7,11,mixed,0.0,0.1,9,0.2,1.6875,0.7875,0.7540961782459107,0.7833333333333333,0.7
full_seed11_mixed_0p0_noise0p1_s9_a0p3_b0p8,11,mixed,0.0,0.1,9,0.3,1.6875,0.7875,0.7540961782459107,0.7833333333333333,0.8
full_seed11_mixed_0p0_noise0p25_s13_a0p2_b0p7,11,mixed,0.0,0.25,13,0.2,2.308333333333333,0.3875,0.6711493016484792,3.5,0.7
full_seed11_mixed_0p0_noise0p25_s13_a0p3_b0p8,11,mixed,0.0,0.25,13,0.3,2.308333333333333,0.3875,0.6711493016484792,3.5,0.8
full_seed11_mixed_0p0_noise0p25_s5_a0p2_b0p7,11,mixed,0.0,0.25,5,0.2,1.1458333333333333,0.775,0.7566500681514393,0.1666666666666666,0.7
full_seed11_mixed_0p0_noise0p25_s5_a0p3_b0p8,11,mixed,0.0,0.25,5,0.3,1.1458333333333333,0.775,0.7566500681514393,0.1666666666666666,0.8
full_seed11_mixed_0p0_noise0p25_s9_a0p2_b0p7,11,mixed,0.0,0.25,9,0.2,1.7916666666666667,0.7666666666666667,0.7433082230516056,1.0083333333333333,0.7
full_seed11_mixed_0p0_noise0p25_s9_a0p3_b0p8,11,mixed,0.0,0.25,9,0.3,1.7916666666666667,0.7666666666666667,0.7433082230516056,1.0083333333333333,0.8
full_seed11_mixed_0p0_noise0p5_s13_a0p2_b0p7,11,mixed,0.0,0.5,13,0.2,2.208333333333333,0.4375,0.6903693199047223,4.95,0.7
full_seed11_mixed_0p0_noise0p5_s13_a0p3_b0p8,11,mixed,0.0,0.5,13,0.3,2.208333333333333,0.4375,0.6903693199047223,4.95,0.8
full_seed11_mixed_0p0_noise0p5_s5_a0p2_b0p7,11,mixed,0.0,0.5,5,0.2,1.5041666666666669,0.6833333333333333,0.7383936446256034,0.65,0.7
full_seed11_mixed_0p0_noise0p5_s5_a0p3_b0p8,11,mixed,0.0,0.5,5,0.3,1.5041666666666669,0.6833333333333333,0.7383936446256034,0.65,0.8
full_seed11_mixed_0p0_noise0p5_s9_a0p2_b0p7,11,mixed,0.0,0.5,9,0.2,1.9291666666666667,0.7125,0.7360335595493546,2.004166666666667,0.7
full_seed11_mixed_0p0_noise0p5_s9_a0p3_b0p8,11,mixed,0.0,0.5,9,0.3,1.9291666666666667,0.7125,0.7360335595493546,2.004166666666667,0.8
full_seed11_mixed_0p1_noise0p1_s13_a0p2_b0p7,11,mixed,0.1,0.1,13,0.2,2.025,0.1958333333333333,0.6017535603452902,2.4208333333333334,0.7
full_seed11_mixed_0p1_noise0p1_s13_a0p3_b0p8,11,mixed,0.1,0.1,13,0.3,2.025,0.1958333333333333,0.6017535603452902,2.4208333333333334,0.8
full_seed11_mixed_0p1_noise0p1_s5_a0p2_b0p7,11,mixed,0.1,0.1,5,0.2,1.0375,0.9125,0.7759339574630606,0.0416666666666666,0.7
full_seed11_mixed_0p1_noise0p1_s5_a0p3_b0p8,11,mixed,0.1,0.1,5,0.3,1.0375,0.9125,0.7759339574630606,0.0416666666666666,0.8
full_seed11_mixed_0p1_noise0p1_s9_a0p2_b0p7,11,mixed,0.1,0.1,9,0.2,1.7375,0.7916666666666666,0.757261592577494,1.0208333333333333,0.7
full_seed11_mixed_0p1_noise0p1_s9_a0p3_b0p8,11,mixed,0.1,0.1,9,0.3,1.7375,0.7916666666666666,0.757261592577494,1.0208333333333333,0.8
full_seed11_mixed_0p1_noise0p25_s13_a0p2_b0p7,11,mixed,0.1,0.25,13,0.2,2.2875,0.35,0.6626480176040653,3.745833333333333,0.7
full_seed11_mixed_0p1_noise0p25_s13_a0p3_b0p8,11,mixed,0.1,0.25,13,0.3,2.2875,0.35,0.6626480176040653,3.745833333333333,0.8
full_seed11_mixed_0p1_noise0p25_s5_a0p2_b0p7,11,mixed,0.1,0.25,5,0.2,1.1458333333333333,0.775,0.7566500681514393,0.1666666666666666,0.7
full_seed11_mixed_0p1_noise0p25_s5_a0p3_b0p8,11,mixed,0.1,0.25,5,0.3,1.1458333333333333,0.775,0.7566500681514393,0.1666666666666666,0.8
full_seed11_mixed_0p1_noise0p25_s9_a0p2_b0p7,11,mixed,0.1,0.25,9,0.2,1.8208333333333333,0.7916666666666666,0.7475777272955807,1.2916666666666667,0.7
full_seed11_mixed_0p1_noise0p25_s9_a0p3_b0p8,11,mixed,0.1,0.25,9,0.3,1.8208333333333333,0.7916666666666666,0.7475777272955807,1.2916666666666667,0.8
full_seed11_mixed_0p1_noise0p5_s13_a0p2_b0p7,11,mixed,0.1,0.5,13,0.2,2.1666666666666665,0.4333333333333333,0.6843865278067341,5.095833333333333,0.7
full_seed11_mixed_0p1_noise0p5_s13_a0p3_b0p8,11,mixed,0.1,0.5,13,0.3,2.1666666666666665,0.4333333333333333,0.6843865278067341,5.095833333333333,0.8
full_seed11_mixed_0p1_noise0p5_s5_a0p2_b0p7,11,mixed,0.1,0.5,5,0.2,1.5041666666666669,0.6833333333333333,0.7383936446256034,0.65,0.7
full_seed11_mixed_0p1_noise0p5_s5_a0p3_b0p8,11,mixed,0.1,0.5,5,0.3,1.5041666666666669,0.6833333333333333,0.7383936446256034,0.65,0.8
full_seed11_mixed_0p1_noise0p5_s9_a0p2_b0p7,11,mixed,0.1,0.5,9,0.2,1.9291666666666667,0.7291666666666666,0.7381310566151446,2.2291666666666665,0.7
full_seed11_mixed_0p1_noise0p5_s9_a0p3_b0p8,11,mixed,0.1,0.5,9,0.3,1.9291666666666667,0.7291666666666666,0.7381310566151446,2.2291666666666665,0.8
full_seed11_mixed_0p2_noise0p1_s13_a0p2_b0p7,11,mixed,0.2,0.1,13,0.2,1.975,0.2875,0.6427618870429065,3.0083333333333333,0.7
full_seed11_mixed_0p2_noise0p1_s13_a0p3_b0p8,11,mixed,0.2,0.1,13,0.3,1.975,0.2875,0.6427618870429065,3.0083333333333333,0.8
full_seed11_mixed_0p2_noise0p1_s5_a0p2_b0p7,11,mixed,0.2,0.1,5,0.2,1.2041666666666666,0.8958333333333334,0.7753828143638714,0.2375,0.7
full_seed11_mixed_0p2_noise0p1_s5_a0p3_b0p8,11,mixed,0.2,0.1,5,0.3,1.2041666666666666,0.8958333333333334,0.7753828143638714,0.2375,0.8
full_seed11_mixed_0p2_noise0p1_s9_a0p2_b0p7,11,mixed,0.2,0.1,9,0.2,1.7458333333333331,0.8125,0.7639626796109354,1.3,0.7
full_seed11_mixed_0p2_noise0p1_s9_a0p3_b0p8,11,mixed,0.2,0.1,9,0.3,1.7458333333333331,0.8125,0.7639626796109354,1.3,0.8
full_seed11_mixed_0p2_noise0p25_s13_a0p2_b0p7,11,mixed,0.2,0.25,13,0.2,2.1416666666666666,0.3083333333333333,0.6278795051685868,3.375,0.7
full_seed11_mixed_0p2_noise0p25_s13_a0p3_b0p8,11,mixed,0.2,0.25,13,0.3,2.1416666666666666,0.3083333333333333,0.6278795051685868,3.375,0.8
full_seed11_mixed_0p2_noise0p25_s5_a0p2_b0p7,11,mixed,0.2,0.25,5,0.2,1.3,0.7708333333333334,0.7572998081110952,0.3625,0.7
full_seed11_mixed_0p2_noise0p25_s5_a0p3_b0p8,11,mixed,0.2,0.25,5,0.3,1.3,0.7708333333333334,0.7572998081110952,0.3625,0.8
full_seed11_mixed_0p2_noise0p25_s9_a0p2_b0p7,11,mixed,0.2,0.25,9,0.2,1.8083333333333331,0.7791666666666667,0.7527305258969939,1.5458333333333334,0.7
full_seed11_mixed_0p2_noise0p25_s9_a0p3_b0p8,11,mixed,0.2,0.25,9,0.3,1.8083333333333331,0.7791666666666667,0.7527305258969939,1.5458333333333334,0.8
full_seed11_mixed_0p2_noise0p5_s13_a0p2_b0p7,11,mixed,0.2,0.5,13,0.2,2.0375,0.3833333333333333,0.6439119007048295,4.5375,0.7
full_seed11_mixed_0p2_noise0p5_s13_a0p3_b0p8,11,mixed,0.2,0.5,13,0.3,2.0375,0.3833333333333333,0.6439119007048295,4.5375,0.8
full_seed11_mixed_0p2_noise0p5_s5_a0p2_b0p7,11,mixed,0.2,0.5,5,0.2,1.5416666666666667,0.6458333333333334,0.7160040959920325,0.6958333333333333,0.7
full_seed11_mixed_0p2_noise0p5_s5_a0p3_b0p8,11,mixed,0.2,0.5,5,0.3,1.5416666666666667,0.6458333333333334,0.7160040959920325,0.6958333333333333,0.8
full_seed11_mixed_0p2_noise0p5_s9_a0p2_b0p7,11,mixed,0.2,0.5,9,0.2,1.9,0.7083333333333334,0.7285370789817658,2.283333333333333,0.7
full_seed11_mixed_0p2_noise0p5_s9_a0p3_b0p8,11,mixed,0.2,0.5,9,0.3,1.9,0.7083333333333334,0.7285370789817658,2.283333333333333,0.8
full_seed11_mixed_0p3_noise0p1_s13_a0p2_b0p7,11,mixed,0.3,0.1,13,0.2,1.9458333333333333,0.2958333333333333,0.6382175185939669,2.970833333333333,0.7
full_seed11_mixed_0p3_noise0p1_s13_a0p3_b0p8,11,mixed,0.3,0.1,13,0.3,1.9458333333333333,0.2958333333333333,0.6382175185939669,2.970833333333333,0.8
full_seed11_mixed_0p3_noise0p1_s5_a0p2_b0p7,11,mixed,0.3,0.1,5,0.2,1.1083333333333334,0.7958333333333333,0.7295954632989804,0.1791666666666666,0.7
full_seed11_mixed_0p3_noise0p1_s5_a0p3_b0p8,11,mixed,0.3,0.1,5,0.3,1.1083333333333334,0.7958333333333333,0.7295954632989804,0.1791666666666666,0.8
full_seed11_mixed_0p3_noise0p1_s9_a0p2_b0p7,11,mixed,0.3,0.1,9,0.2,1.7166666666666666,0.7916666666666666,0.7560850122524178,1.4375,0.7
full_seed11_mixed_0p3_noise0p1_s9_a0p3_b0p8,11,mixed,0.3,0.1,9,0.3,1.7166666666666666,0.7916666666666666,0.7560850122524178,1.4375,0.8
full_seed11_mixed_0p3_noise0p25_s13_a0p2_b0p7,11,mixed,0.3,0.25,13,0.2,2.0875,0.3083333333333333,0.6206740572703209,3.308333333333333,0.7
full_seed11_mixed_0p3_noise0p25_s13_a0p3_b0p8,11,mixed,0.3,0.25,13,0.3,2.0875,0.3083333333333333,0.6206740572703209,3.308333333333333,0.8
full_seed11_mixed_0p3_noise0p25_s5_a0p2_b0p7,11,mixed,0.3,0.25,5,0.2,1.2083333333333333,0.6791666666666667,0.7087979775611898,0.2875,0.7
full_seed11_mixed_0p3_noise0p25_s5_a0p3_b0p8,11,mixed,0.3,0.25,5,0.3,1.2083333333333333,0.6791666666666667,0.7087979775611898,0.2875,0.8
full_seed11_mixed_0p3_noise0p25_s9_a0p2_b0p7,11,mixed,0.3,0.25,9,0.2,1.7708333333333333,0.7541666666666667,0.7322954093734197,1.4875,0.7
full_seed11_mixed_0p3_noise0p25_s9_a0p3_b0p8,11,mixed,0.3,0.25,9,0.3,1.7708333333333333,0.7541666666666667,0.7322954093734197,1.4875,0.8
full_seed11_mixed_0p3_noise0p5_s13_a0p2_b0p7,11,mixed,0.3,0.5,13,0.2,1.9916666666666667,0.3666666666666666,0.6195730375102625,4.179166666666666,0.7
full_seed11_mixed_0p3_noise0p5_s13_a0p3_b0p8,11,mixed,0.3,0.5,13,0.3,1.9916666666666667,0.3666666666666666,0.6195730375102625,4.179166666666666,0.8
full_seed11_mixed_0p3_noise0p5_s5_a0p2_b0p7,11,mixed,0.3,0.5,5,0.2,1.4666666666666666,0.5666666666666667,0.665196504219278,0.6083333333333333,0.7
full_seed11_mixed_0p3_noise0p5_s5_a0p3_b0p8,11,mixed,0.3,0.5,5,0.3,1.4666666666666666,0.5666666666666667,0.665196504219278,0.6083333333333333,0.8
full_seed11_mixed_0p3_noise0p5_s9_a0p2_b0p7,11,mixed,0.3,0.5,9,0.2,1.8541666666666667,0.6541666666666667,0.7018411637867003,2.1,0.7
full_seed11_mixed_0p3_noise0p5_s9_a0p3_b0p8,11,mixed,0.3,0.5,9,0.3,1.8541666666666667,0.6541666666666667,0.7018411637867003,2.1,0.8
full_seed11_mixed_0p4_noise0p1_s13_a0p2_b0p7,11,mixed,0.4,0.1,13,0.2,1.9333333333333331,0.3083333333333333,0.639224607175332,2.9625,0.7
full_seed11_mixed_0p4_noise0p1_s13_a0p3_b0p8,11,mixed,0.4,0.1,13,0.3,1.9333333333333331,0.3083333333333333,0.639224607175332,2.9625,0.8
full_seed11_mixed_0p4_noise0p1_s5_a0p2_b0p7,11,mixed,0.4,0.1,5,0.2,1.1083333333333334,0.7958333333333333,0.7295954632989804,0.1791666666666666,0.7
full_seed11_mixed_0p4_noise0p1_s5_a0p3_b0p8,11,mixed,0.4,0.1,5,0.3,1.1083333333333334,0.7958333333333333,0.7295954632989804,0.1791666666666666,0.8
full_seed11_mixed_0p4_noise0p1_s9_a0p2_b0p7,11,mixed,0.4,0.1,9,0.2,1.6458333333333333,0.6916666666666667,0.6919073944354566,0.9666666666666668,0.7
full_seed11_mixed_0p4_noise0p1_s9_a0p3_b0p8,11,mixed,0.4,0.1,9,0.3,1.6458333333333333,0.6916666666666667,0.6919073944354566,0.9666666666666668,0.8
full_seed11_mixed_0p4_noise0p25_s13_a0p2_b0p7,11,mixed,0.4,0.25,13,0.2,2.075,0.3,0.609573637258318,3.208333333333333,0.7
full_seed11_mixed_0p4_noise0p25_s13_a0p3_b0p8,11,mixed,0.4,0.25,13,0.3,2.075,0.3,0.609573637258318,3.208333333333333,0.8
full_seed11_mixed_0p4_noise0p25_s5_a0p2_b0p7,11,mixed,0.4,0.25,5,0.2,1.2083333333333333,0.6791666666666667,0.7087979775611898,0.2875,0.7
full_seed11_mixed_0p4_noise0p25_s5_a0p3_b0p8,11,mixed,0.4,0.25,5,0.3,1.2083333333333333,0.6791666666666667,0.7087979775611898,0.2875,0.8
full_seed11_mixed_0p4_noise0p25_s9_a0p2_b0p7,11,mixed,0.4,0.25,9,0.2,1.6916666666666669,0.6791666666666667,0.6771575544310241,1.1375,0.7
full_seed11_mixed_0p4_noise0p25_s9_a0p3_b0p8,11,mixed,0.4,0.25,9,0.3,1.6916666666666669,0.6791666666666667,0.6771575544310241,1.1375,0.8
full_seed11_mixed_0p4_noise0p5_s13_a0p2_b0p7,11,mixed,0.4,0.5,13,0.2,1.9916666666666667,0.3625,0.6169749307108663,4.154166666666667,0.7
full_seed11_mixed_0p4_noise0p5_s13_a0p3_b0p8,11,mixed,0.4,0.5,13,0.3,1.9916666666666667,0.3625,0.6169749307108663,4.154166666666667,0.8
full_seed11_mixed_0p4_noise0p5_s5_a0p2_b0p7,11,mixed,0.4,0.5,5,0.2,1.4666666666666666,0.5666666666666667,0.665196504219278,0.6083333333333333,0.7
full_seed11_mixed_0p4_noise0p5_s5_a0p3_b0p8,11,mixed,0.4,0.5,5,0.3,1.4666666666666666,0.5666666666666667,0.665196504219278,0.6083333333333333,0.8
full_seed11_mixed_0p4_noise0p5_s9_a0p2_b0p7,11,mixed,0.4,0.5,9,0.2,1.7625,0.5791666666666667,0.6522921683434092,1.7125,0.7
full_seed11_mixed_0p4_noise0p5_s9_a0p3_b0p8,11,mixed,0.4,0.5,9,0.3,1.7625,0.5791666666666667,0.6522921683434092,1.7125,0.8
full_seed11_replay_0p0_noise0p1_s13_a0p2_b0p7,11,replay,0.0,0.1,13,0.2,2.004166666666667,0.2166666666666666,0.6107807600775591,2.1666666666666665,0.7
full_seed11_replay_0p0_noise0p1_s13_a0p3_b0p8,11,replay,0.0,0.1,13,0.3,2.004166666666667,0.2166666666666666,0.6107807600775591,2.1666666666666665,0.8
full_seed11_replay_0p0_noise0p1_s5_a0p2_b0p7,11,replay,0.0,0.1,5,0.2,1.0375,0.9125,0.7759339574630606,0.0416666666666666,0.7
full_seed11_replay_0p0_noise0p1_s5_a0p3_b0p8,11,replay,0.0,0.1,5,0.3,1.0375,0.9125,0.7759339574630606,0.0416666666666666,0.8
full_seed11_replay_0p0_noise0p1_s9_a0p2_b0p7,11,replay,0.0,0.1,9,0.2,1.6875,0.7875,0.7540961782459107,0.7833333333333333,0.7
full_seed11_replay_0p0_noise0p1_s9_a0p3_b0p8,11,replay,0.0,0.1,9,0.3,1.6875,0.7875,0.7540961782459107,0.7833333333333333,0.8
full_seed11_replay_0p0_noise0p25_s13_a0p2_b0p7,11,replay,0.0,0.25,13,0.2,2.308333333333333,0.3875,0.6711493016484792,3.5,0.7
full_seed11_replay_0p0_noise0p25_s13_a0p3_b0p8,11,replay,0.0,0.25,13,0.3,2.308333333333333,0.3875,0.6711493016484792,3.5,0.8
full_seed11_replay_0p0_noise0p25_s5_a0p2_b0p7,11,replay,0.0,0.25,5,0.2,1.1458333333333333,0.775,0.7566500681514393,0.1666666666666666,0.7
full_seed11_replay_0p0_noise0p25_s5_a0p3_b0p8,11,replay,0.0,0.25,5,0.3,1.1458333333333333,0.775,0.7566500681514393,0.1666666666666666,0.8
full_seed11_replay_0p0_noise0p25_s9_a0p2_b0p7,11,replay,0.0,0.25,9,0.2,1.7916666666666667,0.7666666666666667,0.7433082230516056,1.0083333333333333,0.7
full_seed11_replay_0p0_noise0p25_s9_a0p3_b0p8,11,replay,0.0,0.25,9,0.3,1.7916666666666667,0.7666666666666667,0.7433082230516056,1.0083333333333333,0.8
full_seed11_replay_0p0_noise0p5_s13_a0p2_b0p7,11,replay,0.0,0.5,13,0.2,2.208333333333333,0.4375,0.6903693199047223,4.95,0.7
full_seed11_replay_0p0_noise0p5_s13_a0p3_b0p8,11,replay,0.0,0.5,13,0.3,2.208333333333333,0.4375,0.6903693199047223,4.95,0.8
full_seed11_replay_0p0_noise0p5_s5_a0p2_b0p7,11,replay,0.0,0.5,5,0.2,1.5041666666666669,0.6833333333333333,0.7383936446256034,0.65,0.7
full_seed11_replay_0p0_noise0p5_s5_a0p3_b0p8,11,replay,0.0,0.5,5,0.3,1.5041666666666669,0.6833333333333333,0.7383936446256034,0.65,0.8
full_seed11_replay_0p0_noise0p5_s9_a0p2_b0p7,11,replay,0.0,0.5,9,0.2,1.9291666666666667,0.7125,0.7360335595493546,2.004166666666667,0.7
full_seed11_replay_0p0_noise0p5_s9_a0p3_b0p8,11,replay,0.0,0.5,9,0.3,1.9291666666666667,0.7125,0.7360335595493546,2.004166666666667,0.8
full_seed11_replay_0p1_noise0p1_s13_a0p2_b0p7,11,replay,0.1,0.1,13,0.2,2.0083333333333333,0.2208333333333333,0.6123403846716661,2.1666666666666665,0.7
full_seed11_replay_0p1_noise0p1_s13_a0p3_b0p8,11,replay,0.1,0.1,13,0.3,2.0083333333333333,0.2208333333333333,0.6123403846716661,2.1666666666666665,0.8
full_seed11_replay_0p1_noise0p1_s5_a0p2_b0p7,11,replay,0.1,0.1,5,0.2,1.0375,0.9125,0.7759339574630606,0.0416666666666666,0.7
full_seed11_replay_0p1_noise0p1_s5_a0p3_b0p8,11,replay,0.1,0.1,5,0.3,1.0375,0.9125,0.7759339574630606,0.0416666666666666,0.8
full_seed11_replay_0p1_noise0p1_s9_a0p2_b0p7,11,replay,0.1,0.1,9,0.2,1.6875,0.7875,0.7537456314796509,0.7833333333333333,0.7
full_seed11_replay_0p1_noise0p1_s9_a0p3_b0p8,11,replay,0.1,0.1,9,0.3,1.6875,0.7875,0.7537456314796509,0.7833333333333333,0.8
full_seed11_replay_0p1_noise0p25_s13_a0p2_b0p7,11,replay,0.1,0.25,13,0.2,2.3,0.3791666666666666,0.670915410756371,3.495833333333333,0.7
full_seed11_replay_0p1_noise0p25_s13_a0p3_b0p8,11,replay,0.1,0.25,13,0.3,2.3,0.3791666666666666,0.670915410756371,3.495833333333333,0.8
full_seed11_replay_0p1_noise0p25_s5_a0p2_b0p7,11,replay,0.1,0.25,5,0.2,1.1458333333333333,0.775,0.7566500681514393,0.1666666666666666,0.7
full_seed11_replay_0p1_noise0p25_s5_a0p3_b0p8,11,replay,0.1,0.25,5,0.3,1.1458333333333333,0.775,0.7566500681514393,0.1666666666666666,0.8
full_seed11_replay_0p1_noise0p25_s9_a0p2_b0p7,11,replay,0.1,0.25,9,0.2,1.7916666666666667,0.7666666666666667,0.7433082714329404,1.0166666666666666,0.7
full_seed11_replay_0p1_noise0p25_s9_a0p3_b0p8,11,replay,0.1,0.25,9,0.3,1.7916666666666667,0.7666666666666667,0.7433082714329404,1.0166666666666666,0.8
full_seed11_replay_0p1_noise0p5_s13_a0p2_b0p7,11,replay,0.1,0.5,13,0.2,2.1875,0.4375,0.6844872016993871,4.8625,0.7
full_seed11_replay_0p1_noise0p5_s13_a0p3_b0p8,11,replay,0.1,0.5,13,0.3,2.1875,0.4375,0.6844872016993871,4.8625,0.8
full_seed11_replay_0p1_noise0p5_s5_a0p2_b0p7,11,replay,0.1,0.5,5,0.2,1.5041666666666669,0.6833333333333333,0.7383936446256034,0.65,0.7
full_seed11_replay_0p1_noise0p5_s5_a0p3_b0p8,11,replay,0.1,0.5,5,0.3,1.5041666666666669,0.6833333333333333,0.7383936446256034,0.65,0.8
full_seed11_replay_0p1_noise0p5_s9_a0p2_b0p7,11,replay,0.1,0.5,9,0.2,1.9125,0.6916666666666667,0.73484462336945,1.9875,0.7
full_seed11_replay_0p1_noise0p5_s9_a0p3_b0p8,11,replay,0.1,0.5,9,0.3,1.9125,0.6916666666666667,0.73484462336945,1.9875,0.8
full_seed11_replay_0p2_noise0p1_s13_a0p2_b0p7,11,replay,0.2,0.1,13,0.2,2.0083333333333333,0.2041666666666666,0.605904591338172,2.129166666666667,0.7
full_seed11_replay_0p2_noise0p1_s13_a0p3_b0p8,11,replay,0.2,0.1,13,0.3,2.0083333333333333,0.2041666666666666,0.605904591338172,2.129166666666667,0.8
full_seed11_replay_0p2_noise0p1_s5_a0p2_b0p7,11,replay,0.2,0.1,5,0.2,1.0416666666666667,0.9125,0.7760351448013993,0.0458333333333333,0.7
full_seed11_replay_0p2_noise0p1_s5_a0p3_b0p8,11,replay,0.2,0.1,5,0.3,1.0416666666666667,0.9125,0.7760351448013993,0.0458333333333333,0.8
full_seed11_replay_0p2_noise0p1_s9_a0p2_b0p7,11,replay,0.2,0.1,9,0.2,1.6916666666666669,0.7875,0.7552241301174066,0.7875,0.7
full_seed11_replay_0p2_noise0p1_s9_a0p3_b0p8,11,replay,0.2,0.1,9,0.3,1.6916666666666669,0.7875,0.7552241301174066,0.7875,0.8
full_seed11_replay_0p2_noise0p25_s13_a0p2_b0p7,11,replay,0.2,0.25,13,0.2,2.3125,0.3708333333333333,0.6669452947288715,3.4916666666666667,0.7
full_seed11_replay_0p2_noise0p25_s13_a0p3_b0p8,11,replay,0.2,0.25,13,0.3,2.3125,0.3708333333333333,0.6669452947288715,3.4916666666666667,0.8
full_seed11_replay_0p2_noise0p25_s5_a0p2_b0p7,11,replay,0.2,0.25,5,0.2,1.1583333333333334,0.7833333333333333,0.7572994909730935,0.1791666666666666,0.7
full_seed11_replay_0p2_noise0p25_s5_a0p3_b0p8,11,replay,0.2,0.25,5,0.3,1.1583333333333334,0.7833333333333333,0.7572994909730935,0.1791666666666666,0.8
full_seed11_replay_0p2_noise0p25_s9_a0p2_b0p7,11,replay,0.2,0.25,9,0.2,1.7958333333333334,0.7666666666666667,0.7417610499847029,1.0041666666666669,0.7
full_seed11_replay_0p2_noise0p25_s9_a0p3_b0p8,11,replay,0.2,0.25,9,0.3,1.7958333333333334,0.7666666666666667,0.7417610499847029,1.0041666666666669,0.8
full_seed11_replay_0p2_noise0p5_s13_a0p2_b0p7,11,replay,0.2,0.5,13,0.2,2.1875,0.4291666666666666,0.6816988162607186,4.825,0.7
full_seed11_replay_0p2_noise0p5_s13_a0p3_b0p8,11,replay,0.2,0.5,13,0.3,2.1875,0.4291666666666666,0.6816988162607186,4.825,0.8
full_seed11_replay_0p2_noise0p5_s5_a0p2_b0p7,11,replay,0.2,0.5,5,0.2,1.5166666666666666,0.6708333333333333,0.7342968681795945,0.6458333333333334,0.7
full_seed11_replay_0p2_noise0p5_s5_a0p3_b0p8,11,replay,0.2,0.5,5,0.3,1.5166666666666666,0.6708333333333333,0.7342968681795945,0.6458333333333334,0.8
full_seed11_replay_0p2_noise0p5_s9_a0p2_b0p7,11,replay,0.2,0.5,9,0.2,1.9125,0.6958333333333333,0.7341919657823383,1.9708333333333332,0.7
full_seed11_replay_0p2_noise0p5_s9_a0p3_b0p8,11,replay,0.2,0.5,9,0.3,1.9125,0.6958333333333333,0.7341919657823383,1.9708333333333332,0.8
full_seed11_replay_0p3_noise0p1_s13_a0p2_b0p7,11,replay,0.3,0.1,13,0.2,2.0375,0.2166666666666666,0.6114770801242067,2.2125,0.7
full_seed11_replay_0p3_noise0p1_s13_a0p3_b0p8,11,replay,0.3,0.1,13,0.3,2.0375,0.2166666666666666,0.6114770801242067,2.2125,0.8
full_seed11_replay_0p3_noise0p1_s5_a0p2_b0p7,11,replay,0.3,0.1,5,0.2,1.0416666666666667,0.9083333333333332,0.7754788707430175,0.0458333333333333,0.7
full_seed11_replay_0p3_noise0p1_s5_a0p3_b0p8,11,replay,0.3,0.1,5,0.3,1.0416666666666667,0.9083333333333332,0.7754788707430175,0.0458333333333333,0.8
full_seed11_replay_0p3_noise0p1_s9_a0p2_b0p7,11,replay,0.3,0.1,9,0.2,1.6958333333333333,0.8041666666666667,0.7570938025591588,0.8,0.7
full_seed11_replay_0p3_noise0p1_s9_a0p3_b0p8,11,replay,0.3,0.1,9,0.3,1.6958333333333333,0.8041666666666667,0.7570938025591588,0.8,0.8
full_seed11_replay_0p3_noise0p25_s13_a0p2_b0p7,11,replay,0.3,0.25,13,0.2,2.3208333333333333,0.3708333333333333,0.6687511391965918,3.4875,0.7
full_seed11_replay_0p3_noise0p25_s13_a0p3_b0p8,11,replay,0.3,0.25,13,0.3,2.3208333333333333,0.3708333333333333,0.6687511391965918,3.4875,0.8
full_seed11_replay_0p3_noise0p25_s5_a0p2_b0p7,11,replay,0.3,0.25,5,0.2,1.15,0.7625,0.7566186582732928,0.1791666666666666,0.7
full_seed11_replay_0p3_noise0p25_s5_a0p3_b0p8,11,replay,0.3,0.25,5,0.3,1.15,0.7625,0.7566186582732928,0.1791666666666666,0.8
full_seed11_replay_0p3_noise0p25_s9_a0p2_b0p7,11,replay,0.3,0.25,9,0.2,1.7875,0.7625,0.7425398270658727,0.9958333333333332,0.7
full_seed11_replay_0p3_noise0p25_s9_a0p3_b0p8,11,replay,0.3,0.25,9,0.3,1.7875,0.7625,0.7425398270658727,0.9958333333333332,0.8
full_seed11_replay_0p3_noise0p5_s13_a0p2_b0p7,11,replay,0.3,0.5,13,0.2,2.183333333333333,0.4583333333333333,0.6901158564484634,4.875,0.7
full_seed11_replay_0p3_noise0p5_s13_a0p3_b0p8,11,replay,0.3,0.5,13,0.3,2.183333333333333,0.4583333333333333,0.6901158564484634,4.875,0.8
full_seed11_replay_0p3_noise0p5_s5_a0p2_b0p7,11,replay,0.3,0.5,5,0.2,1.5041666666666669,0.6583333333333333,0.730044016653469,0.6416666666666667,0.7
full_seed11_replay_0p3_noise0p5_s5_a0p3_b0p8,11,replay,0.3,0.5,5,0.3,1.5041666666666669,0.6583333333333333,0.730044016653469,0.6416666666666667,0.8
full_seed11_replay_0p3_noise0p5_s9_a0p2_b0p7,11,replay,0.3,0.5,9,0.2,1.9125,0.7041666666666667,0.7330365702442077,1.9416666666666669,0.7
full_seed11_replay_0p3_noise0p5_s9_a0p3_b0p8,11,replay,0.3,0.5,9,0.3,1.9125,0.7041666666666667,0.7330365702442077,1.9416666666666669,0.8
full_seed11_replay_0p4_noise0p1_s13_a0p2_b0p7,11,replay,0.4,0.1,13,0.2,2.0083333333333333,0.2083333333333333,0.6081431027194824,2.1666666666666665,0.7
full_seed11_replay_0p4_noise0p1_s13_a0p3_b0p8,11,replay,0.4,0.1,13,0.3,2.0083333333333333,0.2083333333333333,0.6081431027194824,2.1666666666666665,0.8
full_seed11_replay_0p4_noise0p1_s5_a0p2_b0p7,11,replay,0.4,0.1,5,0.2,1.0416666666666667,0.9083333333333332,0.7754788707430175,0.0458333333333333,0.7
full_seed11_replay_0p4_noise0p1_s5_a0p3_b0p8,11,replay,0.4,0.1,5,0.3,1.0416666666666667,0.9083333333333332,0.7754788707430175,0.0458333333333333,0.8
full_seed11_replay_0p4_noise0p1_s9_a0p2_b0p7,11,replay,0.4,0.1,9,0.2,1.7,0.8083333333333333,0.757626318444411,0.8041666666666667,0.7
full_seed11_replay_0p4_noise0p1_s9_a0p3_b0p8,11,replay,0.4,0.1,9,0.3,1.7,0.8083333333333333,0.757626318444411,0.8041666666666667,0.8
full_seed11_replay_0p4_noise0p25_s13_a0p2_b0p7,11,replay,0.4,0.25,13,0.2,2.316666666666667,0.375,0.6698119509239163,3.5166666666666666,0.7
full_seed11_replay_0p4_noise0p25_s13_a0p3_b0p8,11,replay,0.4,0.25,13,0.3,2.316666666666667,0.375,0.6698119509239163,3.5166666666666666,0.8
full_seed11_replay_0p4_noise0p25_s5_a0p2_b0p7,11,replay,0.4,0.25,5,0.2,1.15,0.7625,0.7566186582732928,0.1791666666666666,0.7
full_seed11_replay_0p4_noise0p25_s5_a0p3_b0p8,11,replay,0.4,0.25,5,0.3,1.15,0.7625,0.7566186582732928,0.1791666666666666,0.8
full_seed11_replay_0p4_noise0p25_s9_a0p2_b0p7,11,replay,0.4,0.25,9,0.2,1.7875,0.775,0.7434711520143203,1.0041666666666669,0.7
full_seed11_replay_0p4_noise0p25_s9_a0p3_b0p8,11,replay,0.4,0.25,9,0.3,1.7875,0.775,0.7434711520143203,1.0041666666666669,0.8
full_seed11_replay_0p4_noise0p5_s13_a0p2_b0p7,11,replay,0.4,0.5,13,0.2,2.2125,0.4625,0.6928538819813597,4.875,0.7
full_seed11_replay_0p4_noise0p5_s13_a0p3_b0p8,11,replay,0.4,0.5,13,0.3,2.2125,0.4625,0.6928538819813597,4.875,0.8
full_seed11_replay_0p4_noise0p5_s5_a0p2_b0p7,11,replay,0.4,0.5,5,0.2,1.5041666666666669,0.6583333333333333,0.730044016653469,0.6416666666666667,0.7
full_seed11_replay_0p4_noise0p5_s5_a0p3_b0p8,11,replay,0.4,0.5,5,0.3,1.5041666666666669,0.6583333333333333,0.730044016653469,0.6416666666666667,0.8
full_seed11_replay_0p4_noise0p5_s9_a0p2_b0p7,11,replay,0.4,0.5,9,0.2,1.9125,0.7125,0.7332429486030385,1.9375,0.7
full_seed11_replay_0p4_noise0p5_s9_a0p3_b0p8,11,replay,0.4,0.5,9,0.3,1.9125,0.7125,0.7332429486030385,1.9375,0.8
full_seed11_scaling_0p0_noise0p1_s13_a0p2_b0p7,11,scaling,0.0,0.1,13,0.2,2.004166666666667,0.2166666666666666,0.6107807600775591,2.1666666666666665,0.7
full_seed11_scaling_0p0_noise0p1_s13_a0p3_b0p8,11,scaling,0.0,0.1,13,0.3,2.004166666666667,0.2166666666666666,0.6107807600775591,2.1666666666666665,0.8
full_seed11_scaling_0p0_noise0p1_s5_a0p2_b0p7,11,scaling,0.0,0.1,5,0.2,1.0375,0.9125,0.7759339574630606,0.0416666666666666,0.7
full_seed11_scaling_0p0_noise0p1_s5_a0p3_b0p8,11,scaling,0.0,0.1,5,0.3,1.0375,0.9125,0.7759339574630606,0.0416666666666666,0.8
full_seed11_scaling_0p0_noise0p1_s9_a0p2_b0p7,11,scaling,0.0,0.1,9,0.2,1.6875,0.7875,0.7540961782459107,0.7833333333333333,0.7
full_seed11_scaling_0p0_noise0p1_s9_a0p3_b0p8,11,scaling,0.0,0.1,9,0.3,1.6875,0.7875,0.7540961782459107,0.7833333333333333,0.8
full_seed11_scaling_0p0_noise0p25_s13_a0p2_b0p7,11,scaling,0.0,0.25,13,0.2,2.308333333333333,0.3875,0.6711493016484792,3.5,0.7
full_seed11_scaling_0p0_noise0p25_s13_a0p3_b0p8,11,scaling,0.0,0.25,13,0.3,2.308333333333333,0.3875,0.6711493016484792,3.5,0.8
full_seed11_scaling_0p0_noise0p25_s5_a0p2_b0p7,11,scaling,0.0,0.25,5,0.2,1.1458333333333333,0.775,0.7566500681514393,0.1666666666666666,0.7
full_seed11_scaling_0p0_noise0p25_s5_a0p3_b0p8,11,scaling,0.0,0.25,5,0.3,1.1458333333333333,0.775,0.7566500681514393,0.1666666666666666,0.8
full_seed11_scaling_0p0_noise0p25_s9_a0p2_b0p7,11,scaling,0.0,0.25,9,0.2,1.7916666666666667,0.7666666666666667,0.7433082230516056,1.0083333333333333,0.7
full_seed11_scaling_0p0_noise0p25_s9_a0p3_b0p8,11,scaling,0.0,0.25,9,0.3,1.7916666666666667,0.7666666666666667,0.7433082230516056,1.0083333333333333,0.8
full_seed11_scaling_0p0_noise0p5_s13_a0p2_b0p7,11,scaling,0.0,0.5,13,0.2,2.208333333333333,0.4375,0.6903693199047223,4.95,0.7
full_seed11_scaling_0p0_noise0p5_s13_a0p3_b0p8,11,scaling,0.0,0.5,13,0.3,2.208333333333333,0.4375,0.6903693199047223,4.95,0.8
full_seed11_scaling_0p0_noise0p5_s5_a0p2_b0p7,11,scaling,0.0,0.5,5,0.2,1.5041666666666669,0.6833333333333333,0.7383936446256034,0.65,0.7
full_seed11_scaling_0p0_noise0p5_s5_a0p3_b0p8,11,scaling,0.0,0.5,5,0.3,1.5041666666666669,0.6833333333333333,0.7383936446256034,0.65,0.8
full_seed11_scaling_0p0_noise0p5_s9_a0p2_b0p7,11,scaling,0.0,0.5,9,0.2,1.9291666666666667,0.7125,0.7360335595493546,2.004166666666667,0.7
full_seed11_scaling_0p0_noise0p5_s9_a0p3_b0p8,11,scaling,0.0,0.5,9,0.3,1.9291666666666667,0.7125,0.7360335595493546,2.004166666666667,0.8
full_seed11_scaling_0p1_noise0p1_s13_a0p2_b0p7,11,scaling,0.1,0.1,13,0.2,2.0458333333333334,0.2208333333333333,0.6094569710261635,2.220833333333333,0.7
full_seed11_scaling_0p1_noise0p1_s13_a0p3_b0p8,11,scaling,0.1,0.1,13,0.3,2.0458333333333334,0.2208333333333333,0.6094569710261635,2.220833333333333,0.8
full_seed11_scaling_0p1_noise0p1_s5_a0p2_b0p7,11,scaling,0.1,0.1,5,0.2,1.0375,0.9125,0.7759339574630606,0.0416666666666666,0.7
full_seed11_scaling_0p1_noise0p1_s5_a0p3_b0p8,11,scaling,0.1,0.1,5,0.3,1.0375,0.9125,0.7759339574630606,0.0416666666666666,0.8
full_seed11_scaling_0p1_noise0p1_s9_a0p2_b0p7,11,scaling,0.1,0.1,9,0.2,1.7166666666666666,0.775,0.7527573733044939,0.8125,0.7
full_seed11_scaling_0p1_noise0p1_s9_a0p3_b0p8,11,scaling,0.1,0.1,9,0.3,1.7166666666666666,0.775,0.7527573733044939,0.8125,0.8
full_seed11_scaling_0p1_noise0p25_s13_a0p2_b0p7,11,scaling,0.1,0.25,13,0.2,2.2958333333333334,0.3833333333333333,0.6680983737142757,3.5375,0.7
full_seed11_scaling_0p1_noise0p25_s13_a0p3_b0p8,11,scaling,0.1,0.25,13,0.3,2.2958333333333334,0.3833333333333333,0.6680983737142757,3.5375,0.8
full_seed11_scaling_0p1_noise0p25_s5_a0p2_b0p7,11,scaling,0.1,0.25,5,0.2,1.1458333333333333,0.775,0.7566500681514393,0.1666666666666666,0.7
full_seed11_scaling_0p1_noise0p25_s5_a0p3_b0p8,11,scaling,0.1,0.25,5,0.3,1.1458333333333333,0.775,0.7566500681514393,0.1666666666666666,0.8
full_seed11_scaling_0p1_noise0p25_s9_a0p2_b0p7,11,scaling,0.1,0.25,9,0.2,1.8041666666666667,0.775,0.7433255475042879,1.0625,0.7
full_seed11_scaling_0p1_noise0p25_s9_a0p3_b0p8,11,scaling,0.1,0.25,9,0.3,1.8041666666666667,0.775,0.7433255475042879,1.0625,0.8
full_seed11_scaling_0p1_noise0p5_s13_a0p2_b0p7,11,scaling,0.1,0.5,13,0.2,2.1958333333333333,0.4375,0.6887488073851316,4.945833333333334,0.7
full_seed11_scaling_0p1_noise0p5_s13_a0p3_b0p8,11,scaling,0.1,0.5,13,0.3,2.1958333333333333,0.4375,0.6887488073851316,4.945833333333334,0.8
full_seed11_scaling_0p1_noise0p5_s5_a0p2_b0p7,11,scaling,0.1,0.5,5,0.2,1.5041666666666669,0.6833333333333333,0.7383936446256034,0.65,0.7
full_seed11_scaling_0p1_noise0p5_s5_a0p3_b0p8,11,scaling,0.1,0.5,5,0.3,1.5041666666666669,0.6833333333333333,0.7383936446256034,0.65,0.8
full_seed11_scaling_0p1_noise0p5_s9_a0p2_b0p7,11,scaling,0.1,0.5,9,0.2,1.925,0.7125,0.7356609771563903,2.0166666666666666,0.7
full_seed11_scaling_0p1_noise0p5_s9_a0p3_b0p8,11,scaling,0.1,0.5,9,0.3,1.925,0.7125,0.7356609771563903,2.0166666666666666,0.8
full_seed11_scaling_0p2_noise0p1_s13_a0p2_b0p7,11,scaling,0.2,0.1,13,0.2,2.1,0.2166666666666666,0.6057031462761403,2.395833333333333,0.7
full_seed11_scaling_0p2_noise0p1_s13_a0p3_b0p8,11,scaling,0.2,0.1,13,0.3,2.1,0.2166666666666666,0.6057031462761403,2.395833333333333,0.8
full_seed11_scaling_0p2_noise0p1_s5_a0p2_b0p7,11,scaling,0.2,0.1,5,0.2,1.0416666666666667,0.8583333333333333,0.7681037742753352,0.0458333333333333,0.7
full_seed11_scaling_0p2_noise0p1_s5_a0p3_b0p8,11,scaling,0.2,0.1,5,0.3,1.0416666666666667,0.8583333333333333,0.7681037742753352,0.0458333333333333,0.8
full_seed11_scaling_0p2_noise0p1_s9_a0p2_b0p7,11,scaling,0.2,0.1,9,0.2,1.7375,0.7916666666666666,0.7519152617577904,0.8541666666666666,0.7
full_seed11_scaling_0p2_noise0p1_s9_a0p3_b0p8,11,scaling,0.2,0.1,9,0.3,1.7375,0.7916666666666666,0.7519152617577904,0.8541666666666666,0.8
full_seed11_scaling_0p2_noise0p25_s13_a0p2_b0p7,11,scaling,0.2,0.25,13,0.2,2.2916666666666665,0.3666666666666666,0.6644720931255494,3.6125,0.7
full_seed11_scaling_0p2_noise0p25_s13_a0p3_b0p8,11,scaling,0.2,0.25,13,0.3,2.2916666666666665,0.3666666666666666,0.6644720931255494,3.6125,0.8
full_seed11_scaling_0p2_noise0p25_s5_a0p2_b0p7,11,scaling,0.2,0.25,5,0.2,1.1875,0.7666666666666667,0.7557927859332492,0.2166666666666666,0.7
full_seed11_scaling_0p2_noise0p25_s5_a0p3_b0p8,11,scaling,0.2,0.25,5,0.3,1.1875,0.7666666666666667,0.7557927859332492,0.2166666666666666,0.8
full_seed11_scaling_0p2_noise0p25_s9_a0p2_b0p7,11,scaling,0.2,0.25,9,0.2,1.8208333333333333,0.7791666666666667,0.7422828629317195,1.0875,0.7
full_seed11_scaling_0p2_noise0p25_s9_a0p3_b0p8,11,scaling,0.2,0.25,9,0.3,1.8208333333333333,0.7791666666666667,0.7422828629317195,1.0875,0.8
full_seed11_scaling_0p2_noise0p5_s13_a0p2_b0p7,11,scaling,0.2,0.5,13,0.2,2.183333333333333,0.4416666666666666,0.6878399207341559,5.020833333333333,0.7
full_seed11_scaling_0p2_noise0p5_s13_a0p3_b0p8,11,scaling,0.2,0.5,13,0.3,2.183333333333333,0.4416666666666666,0.6878399207341559,5.020833333333333,0.8
full_seed11_scaling_0p2_noise0p5_s5_a0p2_b0p7,11,scaling,0.2,0.5,5,0.2,1.5,0.6708333333333333,0.7335855794044275,0.625,0.7
full_seed11_scaling_0p2_noise0p5_s5_a0p3_b0p8,11,scaling,0.2,0.5,5,0.3,1.5,0.6708333333333333,0.7335855794044275,0.625,0.8
full_seed11_scaling_0p2_noise0p5_s9_a0p2_b0p7,11,scaling,0.2,0.5,9,0.2,1.9375,0.7125,0.7354898755666763,2.0541666666666667,0.7
full_seed11_scaling_0p2_noise0p5_s9_a0p3_b0p8,11,scaling,0.2,0.5,9,0.3,1.9375,0.7125,0.7354898755666763,2.0541666666666667,0.8
full_seed11_scaling_0p3_noise0p1_s13_a0p2_b0p7,11,scaling,0.3,0.1,13,0.2,2.158333333333333,0.2125,0.6056017043167614,2.558333333333333,0.7
full_seed11_scaling_0p3_noise0p1_s13_a0p3_b0p8,11,scaling,0.3,0.1,13,0.3,2.158333333333333,0.2125,0.6056017043167614,2.558333333333333,0.8
full_seed11_scaling_0p3_noise0p1_s5_a0p2_b0p7,11,scaling,0.3,0.1,5,0.2,1.0583333333333331,0.8583333333333333,0.7660176391064157,0.0666666666666666,0.7
full_seed11_scaling_0p3_noise0p1_s5_a0p3_b0p8,11,scaling,0.3,0.1,5,0.3,1.0583333333333331,0.8583333333333333,0.7660176391064157,0.0666666666666666,0.8
full_seed11_scaling_0p3_noise0p1_s9_a0p2_b0p7,11,scaling,0.3,0.1,9,0.2,1.7708333333333333,0.8,0.7529744969802672,0.8958333333333334,0.7
full_seed11_scaling_0p3_noise0p1_s9_a0p3_b0p8,11,scaling,0.3,0.1,9,0.3,1.7708333333333333,0.8,0.7529744969802672,0.8958333333333334,0.8
full_seed11_scaling_0p3_noise0p25_s13_a0p2_b0p7,11,scaling,0.3,0.25,13,0.2,2.3,0.375,0.666081298319843,3.745833333333333,0.7
full_seed11_scaling_0p3_noise0p25_s13_a0p3_b0p8,11,scaling,0.3,0.25,13,0.3,2.3,0.375,0.666081298319843,3.745833333333333,0.8
full_seed11_scaling_0p3_noise0p25_s5_a0p2_b0p7,11,scaling,0.3,0.25,5,0.2,1.2041666666666666,0.7625,0.7546490071709193,0.2291666666666666,0.7
full_seed11_scaling_0p3_noise0p25_s5_a0p3_b0p8,11,scaling,0.3,0.25,5,0.3,1.2041666666666666,0.7625,0.7546490071709193,0.2291666666666666,0.8
full_seed11_scaling_0p3_noise0p25_s9_a0p2_b0p7,11,scaling,0.3,0.25,9,0.2,1.825,0.7625,0.7415615363140663,1.1125,0.7
full_seed11_scaling_0p3_noise0p25_s9_a0p3_b0p8,11,scaling,0.3,0.25,9,0.3,1.825,0.7625,0.7415615363140663,1.1125,0.8
full_seed11_scaling_0p3_noise0p5_s13_a0p2_b0p7,11,scaling,0.3,0.5,13,0.2,2.183333333333333,0.4375,0.6882395792467998,5.095833333333333,0.7
full_seed11_scaling_0p3_noise0p5_s13_a0p3_b0p8,11,scaling,0.3,0.5,13,0.3,2.183333333333333,0.4375,0.6882395792467998,5.095833333333333,0.8
full_seed11_scaling_0p3_noise0p5_s5_a0p2_b0p7,11,scaling,0.3,0.5,5,0.2,1.525,0.6958333333333333,0.7356586644409849,0.675,0.7
full_seed11_scaling_0p3_noise0p5_s5_a0p3_b0p8,11,scaling,0.3,0.5,5,0.3,1.525,0.6958333333333333,0.7356586644409849,0.675,0.8
full_seed11_scaling_0p3_noise0p5_s9_a0p2_b0p7,11,scaling,0.3,0.5,9,0.2,1.9291666666666667,0.7083333333333334,0.7345054992005011,2.0625,0.7
full_seed11_scaling_0p3_noise0p5_s9_a0p3_b0p8,11,scaling,0.3,0.5,9,0.3,1.9291666666666667,0.7083333333333334,0.7345054992005011,2.0625,0.8
full_seed11_scaling_0p4_noise0p1_s13_a0p2_b0p7,11,scaling,0.4,0.1,13,0.2,2.1708333333333334,0.2333333333333333,0.6122265097429536,2.6125,0.7
full_seed11_scaling_0p4_noise0p1_s13_a0p3_b0p8,11,scaling,0.4,0.1,13,0.3,2.1708333333333334,0.2333333333333333,0.6122265097429536,2.6125,0.8
full_seed11_scaling_0p4_noise0p1_s5_a0p2_b0p7,11,scaling,0.4,0.1,5,0.2,1.0583333333333331,0.8583333333333333,0.7660176391064157,0.0666666666666666,0.7
full_seed11_scaling_0p4_noise0p1_s5_a0p3_b0p8,11,scaling,0.4,0.1,5,0.3,1.0583333333333331,0.8583333333333333,0.7660176391064157,0.0666666666666666,0.8
full_seed11_scaling_0p4_noise0p1_s9_a0p2_b0p7,11,scaling,0.4,0.1,9,0.2,1.7916666666666667,0.8041666666666667,0.7527646893488499,0.925,0.7
full_seed11_scaling_0p4_noise0p1_s9_a0p3_b0p8,11,scaling,0.4,0.1,9,0.3,1.7916666666666667,0.8041666666666667,0.7527646893488499,0.925,0.8
full_seed11_scaling_0p4_noise0p25_s13_a0p2_b0p7,11,scaling,0.4,0.25,13,0.2,2.3125,0.3708333333333333,0.6649299728048859,3.754166666666667,0.7
full_seed11_scaling_0p4_noise0p25_s13_a0p3_b0p8,11,scaling,0.4,0.25,13,0.3,2.3125,0.3708333333333333,0.6649299728048859,3.754166666666667,0.8
full_seed11_scaling_0p4_noise0p25_s5_a0p2_b0p7,11,scaling,0.4,0.25,5,0.2,1.2041666666666666,0.7625,0.7546490071709193,0.2291666666666666,0.7
full_seed11_scaling_0p4_noise0p25_s5_a0p3_b0p8,11,scaling,0.4,0.25,5,0.3,1.2041666666666666,0.7625,0.7546490071709193,0.2291666666666666,0.8
full_seed11_scaling_0p4_noise0p25_s9_a0p2_b0p7,11,scaling,0.4,0.25,9,0.2,1.8291666666666664,0.775,0.7401163419060659,1.125,0.7
full_seed11_scaling_0p4_noise0p25_s9_a0p3_b0p8,11,scaling,0.4,0.25,9,0.3,1.8291666666666664,0.775,0.7401163419060659,1.125,0.8
full_seed11_scaling_0p4_noise0p5_s13_a0p2_b0p7,11,scaling,0.4,0.5,13,0.2,2.1958333333333333,0.4666666666666667,0.6936266342999822,5.2,0.7
full_seed11_scaling_0p4_noise0p5_s13_a0p3_b0p8,11,scaling,0.4,0.5,13,0.3,2.1958333333333333,0.4666666666666667,0.6936266342999822,5.2,0.8
full_seed11_scaling_0p4_noise0p5_s5_a0p2_b0p7,11,scaling,0.4,0.5,5,0.2,1.525,0.6958333333333333,0.7356586644409849,0.675,0.7
full_seed11_scaling_0p4_noise0p5_s5_a0p3_b0p8,11,scaling,0.4,0.5,5,0.3,1.525,0.6958333333333333,0.7356586644409849,0.675,0.8
full_seed11_scaling_0p4_noise0p5_s9_a0p2_b0p7,11,scaling,0.4,0.5,9,0.2,1.9166666666666667,0.6875,0.7306744847198805,2.066666666666667,0.7
full_seed11_scaling_0p4_noise0p5_s9_a0p3_b0p8,11,scaling,0.4,0.5,9,0.3,1.9166666666666667,0.6875,0.7306744847198805,2.066666666666667,0.8
full_seed11_spike_0p0_noise0p1_s13_a0p2_b0p7,11,spike,0.0,0.1,13,0.2,2.004166666666667,0.2166666666666666,0.6107807600775591,2.1666666666666665,0.7
full_seed11_spike_0p0_noise0p1_s13_a0p3_b0p8,11,spike,0.0,0.1,13,0.3,2.004166666666667,0.2166666666666666,0.6107807600775591,2.1666666666666665,0.8
full_seed11_spike_0p0_noise0p1_s5_a0p2_b0p7,11,spike,0.0,0.1,5,0.2,1.0375,0.9125,0.7759339574630606,0.0416666666666666,0.7
full_seed11_spike_0p0_noise0p1_s5_a0p3_b0p8,11,spike,0.0,0.1,5,0.3,1.0375,0.9125,0.7759339574630606,0.0416666666666666,0.8
full_seed11_spike_0p0_noise0p1_s9_a0p2_b0p7,11,spike,0.0,0.1,9,0.2,1.6875,0.7875,0.7540961782459107,0.7833333333333333,0.7
full_seed11_spike_0p0_noise0p1_s9_a0p3_b0p8,11,spike,0.0,0.1,9,0.3,1.6875,0.7875,0.7540961782459107,0.7833333333333333,0.8
full_seed11_spike_0p0_noise0p25_s13_a0p2_b0p7,11,spike,0.0,0.25,13,0.2,2.308333333333333,0.3875,0.6711493016484792,3.5,0.7
full_seed11_spike_0p0_noise0p25_s13_a0p3_b0p8,11,spike,0.0,0.25,13,0.3,2.308333333333333,0.3875,0.6711493016484792,3.5,0.8
full_seed11_spike_0p0_noise0p25_s5_a0p2_b0p7,11,spike,0.0,0.25,5,0.2,1.1458333333333333,0.775,0.7566500681514393,0.1666666666666666,0.7
full_seed11_spike_0p0_noise0p25_s5_a0p3_b0p8,11,spike,0.0,0.25,5,0.3,1.1458333333333333,0.775,0.7566500681514393,0.1666666666666666,0.8
full_seed11_spike_0p0_noise0p25_s9_a0p2_b0p7,11,spike,0.0,0.25,9,0.2,1.7916666666666667,0.7666666666666667,0.7433082230516056,1.0083333333333333,0.7
full_seed11_spike_0p0_noise0p25_s9_a0p3_b0p8,11,spike,0.0,0.25,9,0.3,1.7916666666666667,0.7666666666666667,0.7433082230516056,1.0083333333333333,0.8
full_seed11_spike_0p0_noise0p5_s13_a0p2_b0p7,11,spike,0.0,0.5,13,0.2,2.208333333333333,0.4375,0.6903693199047223,4.95,0.7
full_seed11_spike_0p0_noise0p5_s13_a0p3_b0p8,11,spike,0.0,0.5,13,0.3,2.208333333333333,0.4375,0.6903693199047223,4.95,0.8
full_seed11_spike_0p0_noise0p5_s5_a0p2_b0p7,11,spike,0.0,0.5,5,0.2,1.5041666666666669,0.6833333333333333,0.7383936446256034,0.65,0.7
full_seed11_spike_0p0_noise0p5_s5_a0p3_b0p8,11,spike,0.0,0.5,5,0.3,1.5041666666666669,0.6833333333333333,0.7383936446256034,0.65,0.8
full_seed11_spike_0p0_noise0p5_s9_a0p2_b0p7,11,spike,0.0,0.5,9,0.2,1.9291666666666667,0.7125,0.7360335595493546,2.004166666666667,0.7
full_seed11_spike_0p0_noise0p5_s9_a0p3_b0p8,11,spike,0.0,0.5,9,0.3,1.9291666666666667,0.7125,0.7360335595493546,2.004166666666667,0.8
full_seed11_spike_0p1_noise0p1_s13_a0p2_b0p7,11,spike,0.1,0.1,13,0.2,2.1166666666666667,0.1875,0.6063160433978294,2.770833333333333,0.7
full_seed11_spike_0p1_noise0p1_s13_a0p3_b0p8,11,spike,0.1,0.1,13,0.3,2.1166666666666667,0.1875,0.6063160433978294,2.770833333333333,0.8
full_seed11_spike_0p1_noise0p1_s5_a0p2_b0p7,11,spike,0.1,0.1,5,0.2,1.0375,0.9125,0.7759339574630606,0.0416666666666666,0.7
full_seed11_spike_0p1_noise0p1_s5_a0p3_b0p8,11,spike,0.1,0.1,5,0.3,1.0375,0.9125,0.7759339574630606,0.0416666666666666,0.8
full_seed11_spike_0p1_noise0p1_s9_a0p2_b0p7,11,spike,0.1,0.1,9,0.2,1.7916666666666667,0.8083333333333333,0.7625949351449475,1.2833333333333334,0.7
full_seed11_spike_0p1_noise0p1_s9_a0p3_b0p8,11,spike,0.1,0.1,9,0.3,1.7916666666666667,0.8083333333333333,0.7625949351449475,1.2833333333333334,0.8
full_seed11_spike_0p1_noise0p25_s13_a0p2_b0p7,11,spike,0.1,0.25,13,0.2,2.279166666666667,0.3625,0.6674853523897616,4.041666666666667,0.7
full_seed11_spike_0p1_noise0p25_s13_a0p3_b0p8,11,spike,0.1,0.25,13,0.3,2.279166666666667,0.3625,0.6674853523897616,4.041666666666667,0.8
full_seed11_spike_0p1_noise0p25_s5_a0p2_b0p7,11,spike,0.1,0.25,5,0.2,1.1458333333333333,0.775,0.7566500681514393,0.1666666666666666,0.7
full_seed11_spike_0p1_noise0p25_s5_a0p3_b0p8,11,spike,0.1,0.25,5,0.3,1.1458333333333333,0.775,0.7566500681514393,0.1666666666666666,0.8
full_seed11_spike_0p1_noise0p25_s9_a0p2_b0p7,11,spike,0.1,0.25,9,0.2,1.85,0.8166666666666667,0.7544180722883796,1.5916666666666666,0.7
full_seed11_spike_0p1_noise0p25_s9_a0p3_b0p8,11,spike,0.1,0.25,9,0.3,1.85,0.8166666666666667,0.7544180722883796,1.5916666666666666,0.8
full_seed11_spike_0p1_noise0p5_s13_a0p2_b0p7,11,spike,0.1,0.5,13,0.2,2.125,0.4291666666666666,0.6733628148971726,5.170833333333333,0.7
full_seed11_spike_0p1_noise0p5_s13_a0p3_b0p8,11,spike,0.1,0.5,13,0.3,2.125,0.4291666666666666,0.6733628148971726,5.170833333333333,0.8
full_seed11_spike_0p1_noise0p5_s5_a0p2_b0p7,11,spike,0.1,0.5,5,0.2,1.5041666666666669,0.6833333333333333,0.7383936446256034,0.65,0.7
full_seed11_spike_0p1_noise0p5_s5_a0p3_b0p8,11,spike,0.1,0.5,5,0.3,1.5041666666666669,0.6833333333333333,0.7383936446256034,0.65,0.8
full_seed11_spike_0p1_noise0p5_s9_a0p2_b0p7,11,spike,0.1,0.5,9,0.2,1.925,0.7541666666666667,0.7453395752374303,2.5458333333333334,0.7
full_seed11_spike_0p1_noise0p5_s9_a0p3_b0p8,11,spike,0.1,0.5,9,0.3,1.925,0.7541666666666667,0.7453395752374303,2.5458333333333334,0.8
full_seed11_spike_0p2_noise0p1_s13_a0p2_b0p7,11,spike,0.2,0.1,13,0.2,2.004166666666667,0.3333333333333333,0.6590744773055388,3.8666666666666663,0.7
full_seed11_spike_0p2_noise0p1_s13_a0p3_b0p8,11,spike,0.2,0.1,13,0.3,2.004166666666667,0.3333333333333333,0.6590744773055388,3.8666666666666663,0.8
full_seed11_spike_0p2_noise0p1_s5_a0p2_b0p7,11,spike,0.2,0.1,5,0.2,1.425,0.9041666666666668,0.7780056560351121,0.4791666666666667,0.7
full_seed11_spike_0p2_noise0p1_s5_a0p3_b0p8,11,spike,0.2,0.1,5,0.3,1.425,0.9041666666666668,0.7780056560351121,0.4791666666666667,0.8
full_seed11_spike_0p2_noise0p1_s9_a0p2_b0p7,11,spike,0.2,0.1,9,0.2,1.7916666666666667,0.85,0.7761722375429968,1.8833333333333333,0.7
full_seed11_spike_0p2_noise0p1_s9_a0p3_b0p8,11,spike,0.2,0.1,9,0.3,1.7916666666666667,0.85,0.7761722375429968,1.8833333333333333,0.8
full_seed11_spike_0p2_noise0p25_s13_a0p2_b0p7,11,spike,0.2,0.25,13,0.2,2.029166666666667,0.2791666666666667,0.5945900309516154,3.6125,0.7
full_seed11_spike_0p2_noise0p25_s13_a0p3_b0p8,11,spike,0.2,0.25,13,0.3,2.029166666666667,0.2791666666666667,0.5945900309516154,3.6125,0.8
full_seed11_spike_0p2_noise0p25_s5_a0p2_b0p7,11,spike,0.2,0.25,5,0.2,1.4666666666666666,0.7958333333333333,0.7529300641610415,0.5958333333333333,0.7
full_seed11_spike_0p2_noise0p25_s5_a0p3_b0p8,11,spike,0.2,0.25,5,0.3,1.4666666666666666,0.7958333333333333,0.7529300641610415,0.5958333333333333,0.8
full_seed11_spike_0p2_noise0p25_s9_a0p2_b0p7,11,spike,0.2,0.25,9,0.2,1.8458333333333332,0.8291666666666667,0.7665283116033125,2.1791666666666667,0.7
full_seed11_spike_0p2_noise0p25_s9_a0p3_b0p8,11,spike,0.2,0.25,9,0.3,1.8458333333333332,0.8291666666666667,0.7665283116033125,2.1791666666666667,0.8
full_seed11_spike_0p2_noise0p5_s13_a0p2_b0p7,11,spike,0.2,0.5,13,0.2,1.9,0.3541666666666667,0.5948722817935926,4.395833333333333,0.7
full_seed11_spike_0p2_noise0p5_s13_a0p3_b0p8,11,spike,0.2,0.5,13,0.3,1.9,0.3541666666666667,0.5948722817935926,4.395833333333333,0.8
full_seed11_spike_0p2_noise0p5_s5_a0p2_b0p7,11,spike,0.2,0.5,5,0.2,1.5375,0.5916666666666667,0.67476216358923,0.7083333333333334,0.7
full_seed11_spike_0p2_noise0p5_s5_a0p3_b0p8,11,spike,0.2,0.5,5,0.3,1.5375,0.5916666666666667,0.67476216358923,0.7083333333333334,0.8
full_seed11_spike_0p2_noise0p5_s9_a0p2_b0p7,11,spike,0.2,0.5,9,0.2,1.8625,0.7208333333333333,0.7255401222198307,2.716666666666667,0.7
full_seed11_spike_0p2_noise0p5_s9_a0p3_b0p8,11,spike,0.2,0.5,9,0.3,1.8625,0.7208333333333333,0.7255401222198307,2.716666666666667,0.8
full_seed11_spike_0p3_noise0p1_s13_a0p2_b0p7,11,spike,0.3,0.1,13,0.2,1.8791666666666669,0.375,0.651430366170422,3.683333333333333,0.7
full_seed11_spike_0p3_noise0p1_s13_a0p3_b0p8,11,spike,0.3,0.1,13,0.3,1.8791666666666669,0.375,0.651430366170422,3.683333333333333,0.8
full_seed11_spike_0p3_noise0p1_s5_a0p2_b0p7,11,spike,0.3,0.1,5,0.2,1.175,0.6916666666666667,0.6534746204415156,0.3208333333333333,0.7
full_seed11_spike_0p3_noise0p1_s5_a0p3_b0p8,11,spike,0.3,0.1,5,0.3,1.175,0.6916666666666667,0.6534746204415156,0.3208333333333333,0.8
full_seed11_spike_0p3_noise0p1_s9_a0p2_b0p7,11,spike,0.3,0.1,9,0.2,1.7375,0.8083333333333333,0.7628402688934689,2.2416666666666667,0.7
full_seed11_spike_0p3_noise0p1_s9_a0p3_b0p8,11,spike,0.3,0.1,9,0.3,1.7375,0.8083333333333333,0.7628402688934689,2.2416666666666667,0.8
full_seed11_spike_0p3_noise0p25_s13_a0p2_b0p7,11,spike,0.3,0.25,13,0.2,1.95,0.2916666666666667,0.5741360372748977,3.404166666666667,0.7
full_seed11_spike_0p3_noise0p25_s13_a0p3_b0p8,11,spike,0.3,0.25,13,0.3,1.95,0.2916666666666667,0.5741360372748977,3.404166666666667,0.8
full_seed11_spike_0p3_noise0p25_s5_a0p2_b0p7,11,spike,0.3,0.25,5,0.2,1.2125,0.5833333333333334,0.6148753348474766,0.3333333333333333,0.7
full_seed11_spike_0p3_noise0p25_s5_a0p3_b0p8,11,spike,0.3,0.25,5,0.3,1.2125,0.5833333333333334,0.6148753348474766,0.3333333333333333,0.8
full_seed11_spike_0p3_noise0p25_s9_a0p2_b0p7,11,spike,0.3,0.25,9,0.2,1.7333333333333334,0.7416666666666667,0.7173961397130121,2.091666666666667,0.7
full_seed11_spike_0p3_noise0p25_s9_a0p3_b0p8,11,spike,0.3,0.25,9,0.3,1.7333333333333334,0.7416666666666667,0.7173961397130121,2.091666666666667,0.8
full_seed11_spike_0p3_noise0p5_s13_a0p2_b0p7,11,spike,0.3,0.5,13,0.2,1.8125,0.3291666666666666,0.549392301228714,3.7041666666666666,0.7
full_seed11_spike_0p3_noise0p5_s13_a0p3_b0p8,11,spike,0.3,0.5,13,0.3,1.8125,0.3291666666666666,0.549392301228714,3.7041666666666666,0.8
full_seed11_spike_0p3_noise0p5_s5_a0p2_b0p7,11,spike,0.3,0.5,5,0.2,1.35,0.4416666666666666,0.5516240895379199,0.4625,0.7
full_seed11_spike_0p3_noise0p5_s5_a0p3_b0p8,11,spike,0.3,0.5,5,0.3,1.35,0.4416666666666666,0.5516240895379199,0.4625,0.8
full_seed11_spike_0p3_noise0p5_s9_a0p2_b0p7,11,spike,0.3,0.5,9,0.2,1.7083333333333333,0.6,0.6456953647118551,2.1666666666666665,0.7
full_seed11_spike_0p3_noise0p5_s9_a0p3_b0p8,11,spike,0.3,0.5,9,0.3,1.7083333333333333,0.6,0.6456953647118551,2.1666666666666665,0.8
full_seed11_spike_0p4_noise0p1_s13_a0p2_b0p7,11,spike,0.4,0.1,13,0.2,1.8666666666666667,0.4083333333333333,0.6663208125557257,3.85,0.7
full_seed11_spike_0p4_noise0p1_s13_a0p3_b0p8,11,spike,0.4,0.1,13,0.3,1.8666666666666667,0.4083333333333333,0.6663208125557257,3.85,0.8
full_seed11_spike_0p4_noise0p1_s5_a0p2_b0p7,11,spike,0.4,0.1,5,0.2,1.175,0.6916666666666667,0.6534746204415156,0.3208333333333333,0.7
full_seed11_spike_0p4_noise0p1_s5_a0p3_b0p8,11,spike,0.4,0.1,5,0.3,1.175,0.6916666666666667,0.6534746204415156,0.3208333333333333,0.8
full_seed11_spike_0p4_noise0p1_s9_a0p2_b0p7,11,spike,0.4,0.1,9,0.2,1.4708333333333334,0.5416666666666666,0.5917136179425279,0.9291666666666668,0.7
full_seed11_spike_0p4_noise0p1_s9_a0p3_b0p8,11,spike,0.4,0.1,9,0.3,1.4708333333333334,0.5416666666666666,0.5917136179425279,0.9291666666666668,0.8
full_seed11_spike_0p4_noise0p25_s13_a0p2_b0p7,11,spike,0.4,0.25,13,0.2,1.8833333333333333,0.2958333333333333,0.5519245297956239,2.9791666666666665,0.7
full_seed11_spike_0p4_noise0p25_s13_a0p3_b0p8,11,spike,0.4,0.25,13,0.3,1.8833333333333333,0.2958333333333333,0.5519245297956239,2.9791666666666665,0.8
full_seed11_spike_0p4_noise0p25_s5_a0p2_b0p7,11,spike,0.4,0.25,5,0.2,1.2125,0.5833333333333334,0.6148753348474766,0.3333333333333333,0.7
full_seed11_spike_0p4_noise0p25_s5_a0p3_b0p8,11,spike,0.4,0.25,5,0.3,1.2125,0.5833333333333334,0.6148753348474766,0.3333333333333333,0.8
full_seed11_spike_0p4_noise0p25_s9_a0p2_b0p7,11,spike,0.4,0.25,9,0.2,1.5083333333333333,0.5166666666666667,0.5676766095832658,0.9583333333333334,0.7
full_seed11_spike_0p4_noise0p25_s9_a0p3_b0p8,11,spike,0.4,0.25,9,0.3,1.5083333333333333,0.5166666666666667,0.5676766095832658,0.9583333333333334,0.8
full_seed11_spike_0p4_noise0p5_s13_a0p2_b0p7,11,spike,0.4,0.5,13,0.2,1.75,0.2916666666666667,0.5130335167483523,3.154166666666667,0.7
full_seed11_spike_0p4_noise0p5_s13_a0p3_b0p8,11,spike,0.4,0.5,13,0.3,1.75,0.2916666666666667,0.5130335167483523,3.154166666666667,0.8
full_seed11_spike_0p4_noise0p5_s5_a0p2_b0p7,11,spike,0.4,0.5,5,0.2,1.35,0.4416666666666666,0.5516240895379199,0.4625,0.7
full_seed11_spike_0p4_noise0p5_s5_a0p3_b0p8,11,spike,0.4,0.5,5,0.3,1.35,0.4416666666666666,0.5516240895379199,0.4625,0.8
full_seed11_spike_0p4_noise0p5_s9_a0p2_b0p7,11,spike,0.4,0.5,9,0.2,1.55,0.4416666666666666,0.5321928716267817,1.3291666666666666,0.7
full_seed11_spike_0p4_noise0p5_s9_a0p3_b0p8,11,spike,0.4,0.5,9,0.3,1.55,0.4416666666666666,0.5321928716267817,1.3291666666666666,0.8
full_seed42_bias_0p0_noise0p1_s13_a0p2_b0p7,42,bias,0.0,0.1,13,0.2,1.9916666666666667,0.2166666666666666,0.6182749653657136,2.216666666666667,0.7
full_seed42_bias_0p0_noise0p1_s13_a0p3_b0p8,42,bias,0.0,0.1,13,0.3,1.9916666666666667,0.2166666666666666,0.6182749653657136,2.216666666666667,0.8
full_seed42_bias_0p0_noise0p1_s5_a0p2_b0p7,42,bias,0.0,0.1,5,0.2,1.0333333333333334,0.925,0.7782796500259875,0.0416666666666666,0.7
full_seed42_bias_0p0_noise0p1_s5_a0p3_b0p8,42,bias,0.0,0.1,5,0.3,1.0333333333333334,0.925,0.7782796500259875,0.0416666666666666,0.8
full_seed42_bias_0p0_noise0p1_s9_a0p2_b0p7,42,bias,0.0,0.1,9,0.2,1.6875,0.7958333333333333,0.7537238613826112,0.775,0.7
full_seed42_bias_0p0_noise0p1_s9_a0p3_b0p8,42,bias,0.0,0.1,9,0.3,1.6875,0.7958333333333333,0.7537238613826112,0.775,0.8
full_seed42_bias_0p0_noise0p25_s13_a0p2_b0p7,42,bias,0.0,0.25,13,0.2,2.2291666666666665,0.3708333333333333,0.674099229799589,3.4833333333333334,0.7
full_seed42_bias_0p0_noise0p25_s13_a0p3_b0p8,42,bias,0.0,0.25,13,0.3,2.2291666666666665,0.3708333333333333,0.674099229799589,3.4833333333333334,0.8
full_seed42_bias_0p0_noise0p25_s5_a0p2_b0p7,42,bias,0.0,0.25,5,0.2,1.1125,0.775,0.7588439419226182,0.1333333333333333,0.7
full_seed42_bias_0p0_noise0p25_s5_a0p3_b0p8,42,bias,0.0,0.25,5,0.3,1.1125,0.775,0.7588439419226182,0.1333333333333333,0.8
full_seed42_bias_0p0_noise0p25_s9_a0p2_b0p7,42,bias,0.0,0.25,9,0.2,1.7666666666666666,0.775,0.7472233369230438,1.0375,0.7
full_seed42_bias_0p0_noise0p25_s9_a0p3_b0p8,42,bias,0.0,0.25,9,0.3,1.7666666666666666,0.775,0.7472233369230438,1.0375,0.8
full_seed42_bias_0p0_noise0p5_s13_a0p2_b0p7,42,bias,0.0,0.5,13,0.2,2.2125,0.4708333333333333,0.6981394679552068,4.9,0.7
full_seed42_bias_0p0_noise0p5_s13_a0p3_b0p8,42,bias,0.0,0.5,13,0.3,2.2125,0.4708333333333333,0.6981394679552068,4.9,0.8
full_seed42_bias_0p0_noise0p5_s5_a0p2_b0p7,42,bias,0.0,0.5,5,0.2,1.4208333333333334,0.6333333333333333,0.7265293538607074,0.5375,0.7
full_seed42_bias_0p0_noise0p5_s5_a0p3_b0p8,42,bias,0.0,0.5,5,0.3,1.4208333333333334,0.6333333333333333,0.7265293538607074,0.5375,0.8
full_seed42_bias_0p0_noise0p5_s9_a0p2_b0p7,42,bias,0.0,0.5,9,0.2,1.9208333333333332,0.7041666666666667,0.7386935253048527,1.9708333333333332,0.7
full_seed42_bias_0p0_noise0p5_s9_a0p3_b0p8,42,bias,0.0,0.5,9,0.3,1.9208333333333332,0.7041666666666667,0.7386935253048527,1.9708333333333332,0.8
full_seed42_bias_0p1_noise0p1_s13_a0p2_b0p7,42,bias,0.1,0.1,13,0.2,2.0791666666666666,0.2,0.6136449705203773,2.7875,0.7
full_seed42_bias_0p1_noise0p1_s13_a0p3_b0p8,42,bias,0.1,0.1,13,0.3,2.0791666666666666,0.2,0.6136449705203773,2.7875,0.8
full_seed42_bias_0p1_noise0p1_s5_a0p2_b0p7,42,bias,0.1,0.1,5,0.2,1.0333333333333334,0.925,0.7782796500259875,0.0416666666666666,0.7
full_seed42_bias_0p1_noise0p1_s5_a0p3_b0p8,42,bias,0.1,0.1,5,0.3,1.0333333333333334,0.925,0.7782796500259875,0.0416666666666666,0.8
full_seed42_bias_0p1_noise0p1_s9_a0p2_b0p7,42,bias,0.1,0.1,9,0.2,1.7791666666666666,0.8041666666666667,0.7620863246812579,1.275,0.7
full_seed42_bias_0p1_noise0p1_s9_a0p3_b0p8,42,bias,0.1,0.1,9,0.3,1.7791666666666666,0.8041666666666667,0.7620863246812579,1.275,0.8
full_seed42_bias_0p1_noise0p25_s13_a0p2_b0p7,42,bias,0.1,0.25,13,0.2,2.2375,0.3666666666666666,0.6767151733965616,4.170833333333333,0.7
full_seed42_bias_0p1_noise0p25_s13_a0p3_b0p8,42,bias,0.1,0.25,13,0.3,2.2375,0.3666666666666666,0.6767151733965616,4.170833333333333,0.8
full_seed42_bias_0p1_noise0p25_s5_a0p2_b0p7,42,bias,0.1,0.25,5,0.2,1.1125,0.775,0.7588439419226182,0.1333333333333333,0.7
full_seed42_bias_0p1_noise0p25_s5_a0p3_b0p8,42,bias,0.1,0.25,5,0.3,1.1125,0.775,0.7588439419226182,0.1333333333333333,0.8
full_seed42_bias_0p1_noise0p25_s9_a0p2_b0p7,42,bias,0.1,0.25,9,0.2,1.85,0.7916666666666666,0.755646137488483,1.5708333333333333,0.7
full_seed42_bias_0p1_noise0p25_s9_a0p3_b0p8,42,bias,0.1,0.25,9,0.3,1.85,0.7916666666666666,0.755646137488483,1.5708333333333333,0.8
full_seed42_bias_0p1_noise0p5_s13_a0p2_b0p7,42,bias,0.1,0.5,13,0.2,2.1416666666666666,0.4541666666666666,0.6776339136616301,5.1875,0.7
full_seed42_bias_0p1_noise0p5_s13_a0p3_b0p8,42,bias,0.1,0.5,13,0.3,2.1416666666666666,0.4541666666666666,0.6776339136616301,5.1875,0.8
full_seed42_bias_0p1_noise0p5_s5_a0p2_b0p7,42,bias,0.1,0.5,5,0.2,1.4208333333333334,0.6333333333333333,0.7265293538607074,0.5375,0.7
full_seed42_bias_0p1_noise0p5_s5_a0p3_b0p8,42,bias,0.1,0.5,5,0.3,1.4208333333333334,0.6333333333333333,0.7265293538607074,0.5375,0.8
full_seed42_bias_0p1_noise0p5_s9_a0p2_b0p7,42,bias,0.1,0.5,9,0.2,1.95,0.7625,0.7529493865130337,2.5708333333333333,0.7
full_seed42_bias_0p1_noise0p5_s9_a0p3_b0p8,42,bias,0.1,0.5,9,0.3,1.95,0.7625,0.7529493865130337,2.5708333333333333,0.8
full_seed42_bias_0p2_noise0p1_s13_a0p2_b0p7,42,bias,0.2,0.1,13,0.2,1.9666666666666663,0.3416666666666667,0.6608226272561062,3.8958333333333335,0.7
full_seed42_bias_0p2_noise0p1_s13_a0p3_b0p8,42,bias,0.2,0.1,13,0.3,1.9666666666666663,0.3416666666666667,0.6608226272561062,3.8958333333333335,0.8
full_seed42_bias_0p2_noise0p1_s5_a0p2_b0p7,42,bias,0.2,0.1,5,0.2,1.4125,0.925,0.7793502016678886,0.475,0.7
full_seed42_bias_0p2_noise0p1_s5_a0p3_b0p8,42,bias,0.2,0.1,5,0.3,1.4125,0.925,0.7793502016678886,0.475,0.8
full_seed42_bias_0p2_noise0p1_s9_a0p2_b0p7,42,bias,0.2,0.1,9,0.2,1.7791666666666666,0.85,0.7750482623248949,1.8541666666666667,0.7
full_seed42_bias_0p2_noise0p1_s9_a0p3_b0p8,42,bias,0.2,0.1,9,0.3,1.7791666666666666,0.85,0.7750482623248949,1.8541666666666667,0.8
full_seed42_bias_0p2_noise0p25_s13_a0p2_b0p7,42,bias,0.2,0.25,13,0.2,1.9875,0.3,0.617149649284727,3.870833333333333,0.7
full_seed42_bias_0p2_noise0p25_s13_a0p3_b0p8,42,bias,0.2,0.25,13,0.3,1.9875,0.3,0.617149649284727,3.870833333333333,0.8
full_seed42_bias_0p2_noise0p25_s5_a0p2_b0p7,42,bias,0.2,0.25,5,0.2,1.4291666666666667,0.7958333333333333,0.7536586085412559,0.5375,0.7
full_seed42_bias_0p2_noise0p25_s5_a0p3_b0p8,42,bias,0.2,0.25,5,0.3,1.4291666666666667,0.7958333333333333,0.7536586085412559,0.5375,0.8
full_seed42_bias_0p2_noise0p25_s9_a0p2_b0p7,42,bias,0.2,0.25,9,0.2,1.8375,0.8375,0.7651982842805618,2.095833333333333,0.7
full_seed42_bias_0p2_noise0p25_s9_a0p3_b0p8,42,bias,0.2,0.25,9,0.3,1.8375,0.8375,0.7651982842805618,2.095833333333333,0.8
full_seed42_bias_0p2_noise0p5_s13_a0p2_b0p7,42,bias,0.2,0.5,13,0.2,1.9291666666666667,0.3625,0.5986075454649529,4.458333333333333,0.7
full_seed42_bias_0p2_noise0p5_s13_a0p3_b0p8,42,bias,0.2,0.5,13,0.3,1.9291666666666667,0.3625,0.5986075454649529,4.458333333333333,0.8
full_seed42_bias_0p2_noise0p5_s5_a0p2_b0p7,42,bias,0.2,0.5,5,0.2,1.5458333333333334,0.6541666666666667,0.6968280486079323,0.7625,0.7
full_seed42_bias_0p2_noise0p5_s5_a0p3_b0p8,42,bias,0.2,0.5,5,0.3,1.5458333333333334,0.6541666666666667,0.6968280486079323,0.7625,0.8
full_seed42_bias_0p2_noise0p5_s9_a0p2_b0p7,42,bias,0.2,0.5,9,0.2,1.8875,0.7333333333333333,0.7310899410023493,2.691666666666667,0.7
full_seed42_bias_0p2_noise0p5_s9_a0p3_b0p8,42,bias,0.2,0.5,9,0.3,1.8875,0.7333333333333333,0.7310899410023493,2.691666666666667,0.8
full_seed42_bias_0p3_noise0p1_s13_a0p2_b0p7,42,bias,0.3,0.1,13,0.2,1.8708333333333331,0.375,0.6590384674565737,3.7875,0.7
full_seed42_bias_0p3_noise0p1_s13_a0p3_b0p8,42,bias,0.3,0.1,13,0.3,1.8708333333333331,0.375,0.6590384674565737,3.7875,0.8
full_seed42_bias_0p3_noise0p1_s5_a0p2_b0p7,42,bias,0.3,0.1,5,0.2,1.1625,0.7041666666666667,0.6666987117580613,0.3125,0.7
full_seed42_bias_0p3_noise0p1_s5_a0p3_b0p8,42,bias,0.3,0.1,5,0.3,1.1625,0.7041666666666667,0.6666987117580613,0.3125,0.8
full_seed42_bias_0p3_noise0p1_s9_a0p2_b0p7,42,bias,0.3,0.1,9,0.2,1.7083333333333333,0.7958333333333333,0.757464731431509,2.120833333333333,0.7
full_seed42_bias_0p3_noise0p1_s9_a0p3_b0p8,42,bias,0.3,0.1,9,0.3,1.7083333333333333,0.7958333333333333,0.757464731431509,2.120833333333333,0.8
full_seed42_bias_0p3_noise0p25_s13_a0p2_b0p7,42,bias,0.3,0.25,13,0.2,1.9125,0.3166666666666666,0.6019201023294756,3.620833333333333,0.7
full_seed42_bias_0p3_noise0p25_s13_a0p3_b0p8,42,bias,0.3,0.25,13,0.3,1.9125,0.3166666666666666,0.6019201023294756,3.620833333333333,0.8
full_seed42_bias_0p3_noise0p25_s5_a0p2_b0p7,42,bias,0.3,0.25,5,0.2,1.1875,0.5875,0.6367063307898034,0.325,0.7
full_seed42_bias_0p3_noise0p25_s5_a0p3_b0p8,42,bias,0.3,0.25,5,0.3,1.1875,0.5875,0.6367063307898034,0.325,0.8
full_seed42_bias_0p3_noise0p25_s9_a0p2_b0p7,42,bias,0.3,0.25,9,0.2,1.7458333333333331,0.7541666666666667,0.731527718158496,2.183333333333333,0.7
full_seed42_bias_0p3_noise0p25_s9_a0p3_b0p8,42,bias,0.3,0.25,9,0.3,1.7458333333333331,0.7541666666666667,0.731527718158496,2.183333333333333,0.8
full_seed42_bias_0p3_noise0p5_s13_a0p2_b0p7,42,bias,0.3,0.5,13,0.2,1.8125,0.3125,0.5440188723222692,3.558333333333333,0.7
full_seed42_bias_0p3_noise0p5_s13_a0p3_b0p8,42,bias,0.3,0.5,13,0.3,1.8125,0.3125,0.5440188723222692,3.558333333333333,0.8
full_seed42_bias_0p3_noise0p5_s5_a0p2_b0p7,42,bias,0.3,0.5,5,0.2,1.325,0.4666666666666667,0.5768632030155533,0.45,0.7
full_seed42_bias_0p3_noise0p5_s5_a0p3_b0p8,42,bias,0.3,0.5,5,0.3,1.325,0.4666666666666667,0.5768632030155533,0.45,0.8
full_seed42_bias_0p3_noise0p5_s9_a0p2_b0p7,42,bias,0.3,0.5,9,0.2,1.7291666666666667,0.6041666666666666,0.6498991389915358,2.15,0.7
full_seed42_bias_0p3_noise0p5_s9_a0p3_b0p8,42,bias,0.3,0.5,9,0.3,1.7291666666666667,0.6041666666666666,0.6498991389915358,2.15,0.8
full_seed42_bias_0p4_noise0p1_s13_a0p2_b0p7,42,bias,0.4,0.1,13,0.2,1.9166666666666667,0.4166666666666667,0.6844500163373178,4.154166666666667,0.7
full_seed42_bias_0p4_noise0p1_s13_a0p3_b0p8,42,bias,0.4,0.1,13,0.3,1.9166666666666667,0.4166666666666667,0.6844500163373178,4.154166666666667,0.8
full_seed42_bias_0p4_noise0p1_s5_a0p2_b0p7,42,bias,0.4,0.1,5,0.2,1.1625,0.7041666666666667,0.6666987117580613,0.3125,0.7
full_seed42_bias_0p4_noise0p1_s5_a0p3_b0p8,42,bias,0.4,0.1,5,0.3,1.1625,0.7041666666666667,0.6666987117580613,0.3125,0.8
full_seed42_bias_0p4_noise0p1_s9_a0p2_b0p7,42,bias,0.4,0.1,9,0.2,1.5708333333333333,0.5625,0.626456452310569,1.2125,0.7
full_seed42_bias_0p4_noise0p1_s9_a0p3_b0p8,42,bias,0.4,0.1,9,0.3,1.5708333333333333,0.5625,0.626456452310569,1.2125,0.8
full_seed42_bias_0p4_noise0p25_s13_a0p2_b0p7,42,bias,0.4,0.25,13,0.2,1.9083333333333332,0.325,0.6000333066767989,3.7,0.7
full_seed42_bias_0p4_noise0p25_s13_a0p3_b0p8,42,bias,0.4,0.25,13,0.3,1.9083333333333332,0.325,0.6000333066767989,3.7,0.8
full_seed42_bias_0p4_noise0p25_s5_a0p2_b0p7,42,bias,0.4,0.25,5,0.2,1.1875,0.5875,0.6367063307898034,0.325,0.7
full_seed42_bias_0p4_noise0p25_s5_a0p3_b0p8,42,bias,0.4,0.25,5,0.3,1.1875,0.5875,0.6367063307898034,0.325,0.8
full_seed42_bias_0p4_noise0p25_s9_a0p2_b0p7,42,bias,0.4,0.25,9,0.2,1.5833333333333333,0.5083333333333333,0.5904317559143395,1.2916666666666667,0.7
full_seed42_bias_0p4_noise0p25_s9_a0p3_b0p8,42,bias,0.4,0.25,9,0.3,1.5833333333333333,0.5083333333333333,0.5904317559143395,1.2916666666666667,0.8
full_seed42_bias_0p4_noise0p5_s13_a0p2_b0p7,42,bias,0.4,0.5,13,0.2,1.7666666666666666,0.2958333333333333,0.5263664653602743,3.25,0.7
full_seed42_bias_0p4_noise0p5_s13_a0p3_b0p8,42,bias,0.4,0.5,13,0.3,1.7666666666666666,0.2958333333333333,0.5263664653602743,3.25,0.8
full_seed42_bias_0p4_noise0p5_s5_a0p2_b0p7,42,bias,0.4,0.5,5,0.2,1.325,0.4666666666666667,0.5768632030155533,0.45,0.7
full_seed42_bias_0p4_noise0p5_s5_a0p3_b0p8,42,bias,0.4,0.5,5,0.3,1.325,0.4666666666666667,0.5768632030155533,0.45,0.8
full_seed42_bias_0p4_noise0p5_s9_a0p2_b0p7,42,bias,0.4,0.5,9,0.2,1.5875,0.45,0.5547537543881453,1.3958333333333333,0.7
full_seed42_bias_0p4_noise0p5_s9_a0p3_b0p8,42,bias,0.4,0.5,9,0.3,1.5875,0.45,0.5547537543881453,1.3958333333333333,0.8
full_seed42_drift_0p0_noise0p1_s13_a0p2_b0p7,42,drift,0.0,0.1,13,0.2,1.9916666666666667,0.2166666666666666,0.6182749653657136,2.216666666666667,0.7
full_seed42_drift_0p0_noise0p1_s13_a0p3_b0p8,42,drift,0.0,0.1,13,0.3,1.9916666666666667,0.2166666666666666,0.6182749653657136,2.216666666666667,0.8
full_seed42_drift_0p0_noise0p1_s5_a0p2_b0p7,42,drift,0.0,0.1,5,0.2,1.0333333333333334,0.925,0.7782796500259875,0.0416666666666666,0.7
full_seed42_drift_0p0_noise0p1_s5_a0p3_b0p8,42,drift,0.0,0.1,5,0.3,1.0333333333333334,0.925,0.7782796500259875,0.0416666666666666,0.8
full_seed42_drift_0p0_noise0p1_s9_a0p2_b0p7,42,drift,0.0,0.1,9,0.2,1.6875,0.7958333333333333,0.7537238613826112,0.775,0.7
full_seed42_drift_0p0_noise0p1_s9_a0p3_b0p8,42,drift,0.0,0.1,9,0.3,1.6875,0.7958333333333333,0.7537238613826112,0.775,0.8
full_seed42_drift_0p0_noise0p25_s13_a0p2_b0p7,42,drift,0.0,0.25,13,0.2,2.2291666666666665,0.3708333333333333,0.674099229799589,3.4833333333333334,0.7
full_seed42_drift_0p0_noise0p25_s13_a0p3_b0p8,42,drift,0.0,0.25,13,0.3,2.2291666666666665,0.3708333333333333,0.674099229799589,3.4833333333333334,0.8
full_seed42_drift_0p0_noise0p25_s5_a0p2_b0p7,42,drift,0.0,0.25,5,0.2,1.1125,0.775,0.7588439419226182,0.1333333333333333,0.7
full_seed42_drift_0p0_noise0p25_s5_a0p3_b0p8,42,drift,0.0,0.25,5,0.3,1.1125,0.775,0.7588439419226182,0.1333333333333333,0.8
full_seed42_drift_0p0_noise0p25_s9_a0p2_b0p7,42,drift,0.0,0.25,9,0.2,1.7666666666666666,0.775,0.7472233369230438,1.0375,0.7
full_seed42_drift_0p0_noise0p25_s9_a0p3_b0p8,42,drift,0.0,0.25,9,0.3,1.7666666666666666,0.775,0.7472233369230438,1.0375,0.8
full_seed42_drift_0p0_noise0p5_s13_a0p2_b0p7,42,drift,0.0,0.5,13,0.2,2.2125,0.4708333333333333,0.6981394679552068,4.9,0.7
full_seed42_drift_0p0_noise0p5_s13_a0p3_b0p8,42,drift,0.0,0.5,13,0.3,2.2125,0.4708333333333333,0.6981394679552068,4.9,0.8
full_seed42_drift_0p0_noise0p5_s5_a0p2_b0p7,42,drift,0.0,0.5,5,0.2,1.4208333333333334,0.6333333333333333,0.7265293538607074,0.5375,0.7
full_seed42_drift_0p0_noise0p5_s5_a0p3_b0p8,42,drift,0.0,0.5,5,0.3,1.4208333333333334,0.6333333333333333,0.7265293538607074,0.5375,0.8
full_seed42_drift_0p0_noise0p5_s9_a0p2_b0p7,42,drift,0.0,0.5,9,0.2,1.9208333333333332,0.7041666666666667,0.7386935253048527,1.9708333333333332,0.7
full_seed42_drift_0p0_noise0p5_s9_a0p3_b0p8,42,drift,0.0,0.5,9,0.3,1.9208333333333332,0.7041666666666667,0.7386935253048527,1.9708333333333332,0.8
full_seed42_drift_0p1_noise0p1_s13_a0p2_b0p7,42,drift,0.1,0.1,13,0.2,2.0791666666666666,0.2041666666666666,0.6133891415223115,2.591666666666667,0.7
full_seed42_drift_0p1_noise0p1_s13_a0p3_b0p8,42,drift,0.1,0.1,13,0.3,2.0791666666666666,0.2041666666666666,0.6133891415223115,2.591666666666667,0.8
full_seed42_drift_0p1_noise0p1_s5_a0p2_b0p7,42,drift,0.1,0.1,5,0.2,1.0333333333333334,0.925,0.7782796500259875,0.0416666666666666,0.7
full_seed42_drift_0p1_noise0p1_s5_a0p3_b0p8,42,drift,0.1,0.1,5,0.3,1.0333333333333334,0.925,0.7782796500259875,0.0416666666666666,0.8
full_seed42_drift_0p1_noise0p1_s9_a0p2_b0p7,42,drift,0.1,0.1,9,0.2,1.7666666666666666,0.7708333333333334,0.7552808036791298,1.0666666666666669,0.7
full_seed42_drift_0p1_noise0p1_s9_a0p3_b0p8,42,drift,0.1,0.1,9,0.3,1.7666666666666666,0.7708333333333334,0.7552808036791298,1.0666666666666669,0.8
full_seed42_drift_0p1_noise0p25_s13_a0p2_b0p7,42,drift,0.1,0.25,13,0.2,2.2583333333333333,0.3708333333333333,0.6732301932567246,3.879166666666667,0.7
full_seed42_drift_0p1_noise0p25_s13_a0p3_b0p8,42,drift,0.1,0.25,13,0.3,2.2583333333333333,0.3708333333333333,0.6732301932567246,3.879166666666667,0.8
full_seed42_drift_0p1_noise0p25_s5_a0p2_b0p7,42,drift,0.1,0.25,5,0.2,1.1125,0.775,0.7588439419226182,0.1333333333333333,0.7
full_seed42_drift_0p1_noise0p25_s5_a0p3_b0p8,42,drift,0.1,0.25,5,0.3,1.1125,0.775,0.7588439419226182,0.1333333333333333,0.8
full_seed42_drift_0p1_noise0p25_s9_a0p2_b0p7,42,drift,0.1,0.25,9,0.2,1.825,0.7583333333333333,0.7468968711387798,1.3208333333333333,0.7
full_seed42_drift_0p1_noise0p25_s9_a0p3_b0p8,42,drift,0.1,0.25,9,0.3,1.825,0.7583333333333333,0.7468968711387798,1.3208333333333333,0.8
full_seed42_drift_0p1_noise0p5_s13_a0p2_b0p7,42,drift,0.1,0.5,13,0.2,2.2,0.475,0.691134854383759,5.154166666666667,0.7
full_seed42_drift_0p1_noise0p5_s13_a0p3_b0p8,42,drift,0.1,0.5,13,0.3,2.2,0.475,0.691134854383759,5.154166666666667,0.8
full_seed42_drift_0p1_noise0p5_s5_a0p2_b0p7,42,drift,0.1,0.5,5,0.2,1.4208333333333334,0.6333333333333333,0.7265293538607074,0.5375,0.7
full_seed42_drift_0p1_noise0p5_s5_a0p3_b0p8,42,drift,0.1,0.5,5,0.3,1.4208333333333334,0.6333333333333333,0.7265293538607074,0.5375,0.8
full_seed42_drift_0p1_noise0p5_s9_a0p2_b0p7,42,drift,0.1,0.5,9,0.2,1.9583333333333333,0.7125,0.7430779850455613,2.270833333333333,0.7
full_seed42_drift_0p1_noise0p5_s9_a0p3_b0p8,42,drift,0.1,0.5,9,0.3,1.9583333333333333,0.7125,0.7430779850455613,2.270833333333333,0.8
full_seed42_drift_0p2_noise0p1_s13_a0p2_b0p7,42,drift,0.2,0.1,13,0.2,2.0875,0.2916666666666667,0.6375715207989846,3.3208333333333333,0.7
full_seed42_drift_0p2_noise0p1_s13_a0p3_b0p8,42,drift,0.2,0.1,13,0.3,2.0875,0.2916666666666667,0.6375715207989846,3.3208333333333333,0.8
full_seed42_drift_0p2_noise0p1_s5_a0p2_b0p7,42,drift,0.2,0.1,5,0.2,1.2333333333333334,0.8666666666666667,0.7721198035488845,0.2833333333333333,0.7
full_seed42_drift_0p2_noise0p1_s5_a0p3_b0p8,42,drift,0.2,0.1,5,0.3,1.2333333333333334,0.8666666666666667,0.7721198035488845,0.2833333333333333,0.8
full_seed42_drift_0p2_noise0p1_s9_a0p2_b0p7,42,drift,0.2,0.1,9,0.2,1.775,0.7708333333333334,0.755920212834486,1.3583333333333334,0.7
full_seed42_drift_0p2_noise0p1_s9_a0p3_b0p8,42,drift,0.2,0.1,9,0.3,1.775,0.7708333333333334,0.755920212834486,1.3583333333333334,0.8
full_seed42_drift_0p2_noise0p25_s13_a0p2_b0p7,42,drift,0.2,0.25,13,0.2,2.154166666666667,0.3291666666666666,0.6402250569033928,3.8916666666666666,0.7
full_seed42_drift_0p2_noise0p25_s13_a0p3_b0p8,42,drift,0.2,0.25,13,0.3,2.154166666666667,0.3291666666666666,0.6402250569033928,3.8916666666666666,0.8
full_seed42_drift_0p2_noise0p25_s5_a0p2_b0p7,42,drift,0.2,0.25,5,0.2,1.2875,0.75,0.7504114298660814,0.35,0.7
full_seed42_drift_0p2_noise0p25_s5_a0p3_b0p8,42,drift,0.2,0.25,5,0.3,1.2875,0.75,0.7504114298660814,0.35,0.8
full_seed42_drift_0p2_noise0p25_s9_a0p2_b0p7,42,drift,0.2,0.25,9,0.2,1.85,0.7625,0.7525176790141931,1.6333333333333333,0.7
full_seed42_drift_0p2_noise0p25_s9_a0p3_b0p8,42,drift,0.2,0.25,9,0.3,1.85,0.7625,0.7525176790141931,1.6333333333333333,0.8
full_seed42_drift_0p2_noise0p5_s13_a0p2_b0p7,42,drift,0.2,0.5,13,0.2,2.083333333333333,0.3916666666666666,0.6433743662712407,4.916666666666667,0.7
full_seed42_drift_0p2_noise0p5_s13_a0p3_b0p8,42,drift,0.2,0.5,13,0.3,2.083333333333333,0.3916666666666666,0.6433743662712407,4.916666666666667,0.8
full_seed42_drift_0p2_noise0p5_s5_a0p2_b0p7,42,drift,0.2,0.5,5,0.2,1.5291666666666666,0.6625,0.7192643693698173,0.6875,0.7
full_seed42_drift_0p2_noise0p5_s5_a0p3_b0p8,42,drift,0.2,0.5,5,0.3,1.5291666666666666,0.6625,0.7192643693698173,0.6875,0.8
full_seed42_drift_0p2_noise0p5_s9_a0p2_b0p7,42,drift,0.2,0.5,9,0.2,1.95,0.7125,0.7404175014419392,2.4458333333333333,0.7
full_seed42_drift_0p2_noise0p5_s9_a0p3_b0p8,42,drift,0.2,0.5,9,0.3,1.95,0.7125,0.7404175014419392,2.4458333333333333,0.8
full_seed42_drift_0p3_noise0p1_s13_a0p2_b0p7,42,drift,0.3,0.1,13,0.2,2.0,0.3041666666666666,0.6296079995409829,3.254166666666667,0.7
full_seed42_drift_0p3_noise0p1_s13_a0p3_b0p8,42,drift,0.3,0.1,13,0.3,2.0,0.3041666666666666,0.6296079995409829,3.254166666666667,0.8
full_seed42_drift_0p3_noise0p1_s5_a0p2_b0p7,42,drift,0.3,0.1,5,0.2,1.2083333333333333,0.7666666666666667,0.7308133205982311,0.3333333333333333,0.7
full_seed42_drift_0p3_noise0p1_s5_a0p3_b0p8,42,drift,0.3,0.1,5,0.3,1.2083333333333333,0.7666666666666667,0.7308133205982311,0.3333333333333333,0.8
full_seed42_drift_0p3_noise0p1_s9_a0p2_b0p7,42,drift,0.3,0.1,9,0.2,1.7916666666666667,0.7666666666666667,0.756760934168808,1.6416666666666666,0.7
full_seed42_drift_0p3_noise0p1_s9_a0p3_b0p8,42,drift,0.3,0.1,9,0.3,1.7916666666666667,0.7666666666666667,0.756760934168808,1.6416666666666666,0.8
full_seed42_drift_0p3_noise0p25_s13_a0p2_b0p7,42,drift,0.3,0.25,13,0.2,2.1125,0.3416666666666667,0.6335323842311474,3.845833333333333,0.7
full_seed42_drift_0p3_noise0p25_s13_a0p3_b0p8,42,drift,0.3,0.25,13,0.3,2.1125,0.3416666666666667,0.6335323842311474,3.845833333333333,0.8
full_seed42_drift_0p3_noise0p25_s5_a0p2_b0p7,42,drift,0.3,0.25,5,0.2,1.2416666666666667,0.6791666666666667,0.7106570049658304,0.3583333333333333,0.7
full_seed42_drift_0p3_noise0p25_s5_a0p3_b0p8,42,drift,0.3,0.25,5,0.3,1.2416666666666667,0.6791666666666667,0.7106570049658304,0.3583333333333333,0.8
full_seed42_drift_0p3_noise0p25_s9_a0p2_b0p7,42,drift,0.3,0.25,9,0.2,1.8416666666666663,0.725,0.7403186611373107,1.8083333333333331,0.7
full_seed42_drift_0p3_noise0p25_s9_a0p3_b0p8,42,drift,0.3,0.25,9,0.3,1.8416666666666663,0.725,0.7403186611373107,1.8083333333333331,0.8
full_seed42_drift_0p3_noise0p5_s13_a0p2_b0p7,42,drift,0.3,0.5,13,0.2,2.0125,0.3916666666666666,0.6135561877588953,4.525,0.7
full_seed42_drift_0p3_noise0p5_s13_a0p3_b0p8,42,drift,0.3,0.5,13,0.3,2.0125,0.3916666666666666,0.6135561877588953,4.525,0.8
full_seed42_drift_0p3_noise0p5_s5_a0p2_b0p7,42,drift,0.3,0.5,5,0.2,1.4583333333333333,0.575,0.6733563709836883,0.6041666666666666,0.7
full_seed42_drift_0p3_noise0p5_s5_a0p3_b0p8,42,drift,0.3,0.5,5,0.3,1.4583333333333333,0.575,0.6733563709836883,0.6041666666666666,0.8
full_seed42_drift_0p3_noise0p5_s9_a0p2_b0p7,42,drift,0.3,0.5,9,0.2,1.8916666666666664,0.6458333333333334,0.7103542766916975,2.341666666666667,0.7
full_seed42_drift_0p3_noise0p5_s9_a0p3_b0p8,42,drift,0.3,0.5,9,0.3,1.8916666666666664,0.6458333333333334,0.7103542766916975,2.341666666666667,0.8
full_seed42_drift_0p4_noise0p1_s13_a0p2_b0p7,42,drift,0.4,0.1,13,0.2,2.0458333333333334,0.3208333333333333,0.6356183809561651,3.408333333333333,0.7
full_seed42_drift_0p4_noise0p1_s13_a0p3_b0p8,42,drift,0.4,0.1,13,0.3,2.0458333333333334,0.3208333333333333,0.6356183809561651,3.408333333333333,0.8
full_seed42_drift_0p4_noise0p1_s5_a0p2_b0p7,42,drift,0.4,0.1,5,0.2,1.2083333333333333,0.7666666666666667,0.7308133205982311,0.3333333333333333,0.7
full_seed42_drift_0p4_noise0p1_s5_a0p3_b0p8,42,drift,0.4,0.1,5,0.3,1.2083333333333333,0.7666666666666667,0.7308133205982311,0.3333333333333333,0.8
full_seed42_drift_0p4_noise0p1_s9_a0p2_b0p7,42,drift,0.4,0.1,9,0.2,1.7625,0.6666666666666666,0.7137149194425303,1.4625,0.7
full_seed42_drift_0p4_noise0p1_s9_a0p3_b0p8,42,drift,0.4,0.1,9,0.3,1.7625,0.6666666666666666,0.7137149194425303,1.4625,0.8
full_seed42_drift_0p4_noise0p25_s13_a0p2_b0p7,42,drift,0.4,0.25,13,0.2,2.1375,0.35,0.6377655781095819,3.9875,0.7
full_seed42_drift_0p4_noise0p25_s13_a0p3_b0p8,42,drift,0.4,0.25,13,0.3,2.1375,0.35,0.6377655781095819,3.9875,0.8
full_seed42_drift_0p4_noise0p25_s5_a0p2_b0p7,42,drift,0.4,0.25,5,0.2,1.2416666666666667,0.6791666666666667,0.7106570049658304,0.3583333333333333,0.7
full_seed42_drift_0p4_noise0p25_s5_a0p3_b0p8,42,drift,0.4,0.25,5,0.3,1.2416666666666667,0.6791666666666667,0.7106570049658304,0.3583333333333333,0.8
full_seed42_drift_0p4_noise0p25_s9_a0p2_b0p7,42,drift,0.4,0.25,9,0.2,1.7958333333333334,0.6333333333333333,0.6959809782353765,1.5916666666666666,0.7
full_seed42_drift_0p4_noise0p25_s9_a0p3_b0p8,42,drift,0.4,0.25,9,0.3,1.7958333333333334,0.6333333333333333,0.6959809782353765,1.5916666666666666,0.8
full_seed42_drift_0p4_noise0p5_s13_a0p2_b0p7,42,drift,0.4,0.5,13,0.2,2.0125,0.3958333333333333,0.6090129897220244,4.5,0.7
full_seed42_drift_0p4_noise0p5_s13_a0p3_b0p8,42,drift,0.4,0.5,13,0.3,2.0125,0.3958333333333333,0.6090129897220244,4.5,0.8
full_seed42_drift_0p4_noise0p5_s5_a0p2_b0p7,42,drift,0.4,0.5,5,0.2,1.4583333333333333,0.575,0.6733563709836883,0.6041666666666666,0.7
full_seed42_drift_0p4_noise0p5_s5_a0p3_b0p8,42,drift,0.4,0.5,5,0.3,1.4583333333333333,0.575,0.6733563709836883,0.6041666666666666,0.8
full_seed42_drift_0p4_noise0p5_s9_a0p2_b0p7,42,drift,0.4,0.5,9,0.2,1.8708333333333331,0.5625,0.669936837468618,2.208333333333333,0.7
full_seed42_drift_0p4_noise0p5_s9_a0p3_b0p8,42,drift,0.4,0.5,9,0.3,1.8708333333333331,0.5625,0.669936837468618,2.208333333333333,0.8
full_seed42_freeze_0p0_noise0p1_s13_a0p2_b0p7,42,freeze,0.0,0.1,13,0.2,1.9916666666666667,0.2166666666666666,0.6182749653657136,2.216666666666667,0.7
full_seed42_freeze_0p0_noise0p1_s13_a0p3_b0p8,42,freeze,0.0,0.1,13,0.3,1.9916666666666667,0.2166666666666666,0.6182749653657136,2.216666666666667,0.8
full_seed42_freeze_0p0_noise0p1_s5_a0p2_b0p7,42,freeze,0.0,0.1,5,0.2,1.0333333333333334,0.925,0.7782796500259875,0.0416666666666666,0.7
full_seed42_freeze_0p0_noise0p1_s5_a0p3_b0p8,42,freeze,0.0,0.1,5,0.3,1.0333333333333334,0.925,0.7782796500259875,0.0416666666666666,0.8
full_seed42_freeze_0p0_noise0p1_s9_a0p2_b0p7,42,freeze,0.0,0.1,9,0.2,1.6875,0.7958333333333333,0.7537238613826112,0.775,0.7
full_seed42_freeze_0p0_noise0p1_s9_a0p3_b0p8,42,freeze,0.0,0.1,9,0.3,1.6875,0.7958333333333333,0.7537238613826112,0.775,0.8
full_seed42_freeze_0p0_noise0p25_s13_a0p2_b0p7,42,freeze,0.0,0.25,13,0.2,2.2291666666666665,0.3708333333333333,0.674099229799589,3.4833333333333334,0.7
full_seed42_freeze_0p0_noise0p25_s13_a0p3_b0p8,42,freeze,0.0,0.25,13,0.3,2.2291666666666665,0.3708333333333333,0.674099229799589,3.4833333333333334,0.8
full_seed42_freeze_0p0_noise0p25_s5_a0p2_b0p7,42,freeze,0.0,0.25,5,0.2,1.1125,0.775,0.7588439419226182,0.1333333333333333,0.7
full_seed42_freeze_0p0_noise0p25_s5_a0p3_b0p8,42,freeze,0.0,0.25,5,0.3,1.1125,0.775,0.7588439419226182,0.1333333333333333,0.8
full_seed42_freeze_0p0_noise0p25_s9_a0p2_b0p7,42,freeze,0.0,0.25,9,0.2,1.7666666666666666,0.775,0.7472233369230438,1.0375,0.7
full_seed42_freeze_0p0_noise0p25_s9_a0p3_b0p8,42,freeze,0.0,0.25,9,0.3,1.7666666666666666,0.775,0.7472233369230438,1.0375,0.8
full_seed42_freeze_0p0_noise0p5_s13_a0p2_b0p7,42,freeze,0.0,0.5,13,0.2,2.2125,0.4708333333333333,0.6981394679552068,4.9,0.7
full_seed42_freeze_0p0_noise0p5_s13_a0p3_b0p8,42,freeze,0.0,0.5,13,0.3,2.2125,0.4708333333333333,0.6981394679552068,4.9,0.8
full_seed42_freeze_0p0_noise0p5_s5_a0p2_b0p7,42,freeze,0.0,0.5,5,0.2,1.4208333333333334,0.6333333333333333,0.7265293538607074,0.5375,0.7
full_seed42_freeze_0p0_noise0p5_s5_a0p3_b0p8,42,freeze,0.0,0.5,5,0.3,1.4208333333333334,0.6333333333333333,0.7265293538607074,0.5375,0.8
full_seed42_freeze_0p0_noise0p5_s9_a0p2_b0p7,42,freeze,0.0,0.5,9,0.2,1.9208333333333332,0.7041666666666667,0.7386935253048527,1.9708333333333332,0.7
full_seed42_freeze_0p0_noise0p5_s9_a0p3_b0p8,42,freeze,0.0,0.5,9,0.3,1.9208333333333332,0.7041666666666667,0.7386935253048527,1.9708333333333332,0.8
full_seed42_freeze_0p1_noise0p1_s13_a0p2_b0p7,42,freeze,0.1,0.1,13,0.2,1.9458333333333333,0.1875,0.6064844219224554,2.066666666666667,0.7
full_seed42_freeze_0p1_noise0p1_s13_a0p3_b0p8,42,freeze,0.1,0.1,13,0.3,1.9458333333333333,0.1875,0.6064844219224554,2.066666666666667,0.8
full_seed42_freeze_0p1_noise0p1_s5_a0p2_b0p7,42,freeze,0.1,0.1,5,0.2,1.0333333333333334,0.925,0.7782796500259875,0.0416666666666666,0.7
full_seed42_freeze_0p1_noise0p1_s5_a0p3_b0p8,42,freeze,0.1,0.1,5,0.3,1.0333333333333334,0.925,0.7782796500259875,0.0416666666666666,0.8
full_seed42_freeze_0p1_noise0p1_s9_a0p2_b0p7,42,freeze,0.1,0.1,9,0.2,1.6833333333333331,0.8125,0.7517726321687093,0.7708333333333334,0.7
full_seed42_freeze_0p1_noise0p1_s9_a0p3_b0p8,42,freeze,0.1,0.1,9,0.3,1.6833333333333331,0.8125,0.7517726321687093,0.7708333333333334,0.8
full_seed42_freeze_0p1_noise0p25_s13_a0p2_b0p7,42,freeze,0.1,0.25,13,0.2,2.2416666666666667,0.3458333333333333,0.6650627940642014,3.4166666666666665,0.7
full_seed42_freeze_0p1_noise0p25_s13_a0p3_b0p8,42,freeze,0.1,0.25,13,0.3,2.2416666666666667,0.3458333333333333,0.6650627940642014,3.4166666666666665,0.8
full_seed42_freeze_0p1_noise0p25_s5_a0p2_b0p7,42,freeze,0.1,0.25,5,0.2,1.1125,0.775,0.7588439419226182,0.1333333333333333,0.7
full_seed42_freeze_0p1_noise0p25_s5_a0p3_b0p8,42,freeze,0.1,0.25,5,0.3,1.1125,0.775,0.7588439419226182,0.1333333333333333,0.8
full_seed42_freeze_0p1_noise0p25_s9_a0p2_b0p7,42,freeze,0.1,0.25,9,0.2,1.775,0.7708333333333334,0.7423903812327954,1.0208333333333333,0.7
full_seed42_freeze_0p1_noise0p25_s9_a0p3_b0p8,42,freeze,0.1,0.25,9,0.3,1.775,0.7708333333333334,0.7423903812327954,1.0208333333333333,0.8
full_seed42_freeze_0p1_noise0p5_s13_a0p2_b0p7,42,freeze,0.1,0.5,13,0.2,2.208333333333333,0.4416666666666666,0.6880865080777983,4.7875,0.7
full_seed42_freeze_0p1_noise0p5_s13_a0p3_b0p8,42,freeze,0.1,0.5,13,0.3,2.208333333333333,0.4416666666666666,0.6880865080777983,4.7875,0.8
full_seed42_freeze_0p1_noise0p5_s5_a0p2_b0p7,42,freeze,0.1,0.5,5,0.2,1.4208333333333334,0.6333333333333333,0.7265293538607074,0.5375,0.7
full_seed42_freeze_0p1_noise0p5_s5_a0p3_b0p8,42,freeze,0.1,0.5,5,0.3,1.4208333333333334,0.6333333333333333,0.7265293538607074,0.5375,0.8
full_seed42_freeze_0p1_noise0p5_s9_a0p2_b0p7,42,freeze,0.1,0.5,9,0.2,1.9083333333333332,0.6916666666666667,0.7345679697506238,1.9625,0.7
full_seed42_freeze_0p1_noise0p5_s9_a0p3_b0p8,42,freeze,0.1,0.5,9,0.3,1.9083333333333332,0.6916666666666667,0.7345679697506238,1.9625,0.8
full_seed42_freeze_0p2_noise0p1_s13_a0p2_b0p7,42,freeze,0.2,0.1,13,0.2,1.9,0.2041666666666666,0.6046314535427797,2.029166666666667,0.7
full_seed42_freeze_0p2_noise0p1_s13_a0p3_b0p8,42,freeze,0.2,0.1,13,0.3,1.9,0.2041666666666666,0.6046314535427797,2.029166666666667,0.8
full_seed42_freeze_0p2_noise0p1_s5_a0p2_b0p7,42,freeze,0.2,0.1,5,0.2,1.0333333333333334,0.9291666666666668,0.7728089391318599,0.0416666666666666,0.7
full_seed42_freeze_0p2_noise0p1_s5_a0p3_b0p8,42,freeze,0.2,0.1,5,0.3,1.0333333333333334,0.9291666666666668,0.7728089391318599,0.0416666666666666,0.8
full_seed42_freeze_0p2_noise0p1_s9_a0p2_b0p7,42,freeze,0.2,0.1,9,0.2,1.7125,0.8041666666666667,0.7530178604899497,0.7958333333333333,0.7
full_seed42_freeze_0p2_noise0p1_s9_a0p3_b0p8,42,freeze,0.2,0.1,9,0.3,1.7125,0.8041666666666667,0.7530178604899497,0.7958333333333333,0.8
full_seed42_freeze_0p2_noise0p25_s13_a0p2_b0p7,42,freeze,0.2,0.25,13,0.2,2.225,0.3583333333333333,0.6631933983911477,3.4291666666666667,0.7
full_seed42_freeze_0p2_noise0p25_s13_a0p3_b0p8,42,freeze,0.2,0.25,13,0.3,2.225,0.3583333333333333,0.6631933983911477,3.4291666666666667,0.8
full_seed42_freeze_0p2_noise0p25_s5_a0p2_b0p7,42,freeze,0.2,0.25,5,0.2,1.0916666666666666,0.7625,0.7507482369021204,0.1125,0.7
full_seed42_freeze_0p2_noise0p25_s5_a0p3_b0p8,42,freeze,0.2,0.25,5,0.3,1.0916666666666666,0.7625,0.7507482369021204,0.1125,0.8
full_seed42_freeze_0p2_noise0p25_s9_a0p2_b0p7,42,freeze,0.2,0.25,9,0.2,1.7875,0.7625,0.7414216844761777,1.0166666666666666,0.7
full_seed42_freeze_0p2_noise0p25_s9_a0p3_b0p8,42,freeze,0.2,0.25,9,0.3,1.7875,0.7625,0.7414216844761777,1.0166666666666666,0.8
full_seed42_freeze_0p2_noise0p5_s13_a0p2_b0p7,42,freeze,0.2,0.5,13,0.2,2.216666666666667,0.4291666666666666,0.6860996441326478,4.808333333333334,0.7
full_seed42_freeze_0p2_noise0p5_s13_a0p3_b0p8,42,freeze,0.2,0.5,13,0.3,2.216666666666667,0.4291666666666666,0.6860996441326478,4.808333333333334,0.8
full_seed42_freeze_0p2_noise0p5_s5_a0p2_b0p7,42,freeze,0.2,0.5,5,0.2,1.4333333333333331,0.6416666666666667,0.722144678452581,0.5375,0.7
full_seed42_freeze_0p2_noise0p5_s5_a0p3_b0p8,42,freeze,0.2,0.5,5,0.3,1.4333333333333331,0.6416666666666667,0.722144678452581,0.5375,0.8
full_seed42_freeze_0p2_noise0p5_s9_a0p2_b0p7,42,freeze,0.2,0.5,9,0.2,1.9041666666666663,0.6583333333333333,0.7305292413368559,1.9333333333333331,0.7
full_seed42_freeze_0p2_noise0p5_s9_a0p3_b0p8,42,freeze,0.2,0.5,9,0.3,1.9041666666666663,0.6583333333333333,0.7305292413368559,1.9333333333333331,0.8
full_seed42_freeze_0p3_noise0p1_s13_a0p2_b0p7,42,freeze,0.3,0.1,13,0.2,1.8916666666666664,0.2,0.6037610760019205,2.033333333333333,0.7
full_seed42_freeze_0p3_noise0p1_s13_a0p3_b0p8,42,freeze,0.3,0.1,13,0.3,1.8916666666666664,0.2,0.6037610760019205,2.033333333333333,0.8
full_seed42_freeze_0p3_noise0p1_s5_a0p2_b0p7,42,freeze,0.3,0.1,5,0.2,1.025,0.9083333333333332,0.767750908750423,0.0333333333333333,0.7
full_seed42_freeze_0p3_noise0p1_s5_a0p3_b0p8,42,freeze,0.3,0.1,5,0.3,1.025,0.9083333333333332,0.767750908750423,0.0333333333333333,0.8
full_seed42_freeze_0p3_noise0p1_s9_a0p2_b0p7,42,freeze,0.3,0.1,9,0.2,1.7333333333333334,0.8291666666666667,0.7581593518963252,0.8166666666666667,0.7
full_seed42_freeze_0p3_noise0p1_s9_a0p3_b0p8,42,freeze,0.3,0.1,9,0.3,1.7333333333333334,0.8291666666666667,0.7581593518963252,0.8166666666666667,0.8
full_seed42_freeze_0p3_noise0p25_s13_a0p2_b0p7,42,freeze,0.3,0.25,13,0.2,2.225,0.3541666666666667,0.6642902911113497,3.3916666666666666,0.7
full_seed42_freeze_0p3_noise0p25_s13_a0p3_b0p8,42,freeze,0.3,0.25,13,0.3,2.225,0.3541666666666667,0.6642902911113497,3.3916666666666666,0.8
full_seed42_freeze_0p3_noise0p25_s5_a0p2_b0p7,42,freeze,0.3,0.25,5,0.2,1.0875,0.7458333333333333,0.7467035720854419,0.1041666666666666,0.7
full_seed42_freeze_0p3_noise0p25_s5_a0p3_b0p8,42,freeze,0.3,0.25,5,0.3,1.0875,0.7458333333333333,0.7467035720854419,0.1041666666666666,0.8
full_seed42_freeze_0p3_noise0p25_s9_a0p2_b0p7,42,freeze,0.3,0.25,9,0.2,1.8041666666666667,0.775,0.7444539233686743,1.0208333333333333,0.7
full_seed42_freeze_0p3_noise0p25_s9_a0p3_b0p8,42,freeze,0.3,0.25,9,0.3,1.8041666666666667,0.775,0.7444539233686743,1.0208333333333333,0.8
full_seed42_freeze_0p3_noise0p5_s13_a0p2_b0p7,42,freeze,0.3,0.5,13,0.2,2.191666666666667,0.4375,0.6834315780676287,4.716666666666667,0.7
full_seed42_freeze_0p3_noise0p5_s13_a0p3_b0p8,42,freeze,0.3,0.5,13,0.3,2.191666666666667,0.4375,0.6834315780676287,4.716666666666667,0.8
full_seed42_freeze_0p3_noise0p5_s5_a0p2_b0p7,42,freeze,0.3,0.5,5,0.2,1.4,0.5958333333333333,0.7161265222290705,0.5125,0.7
full_seed42_freeze_0p3_noise0p5_s5_a0p3_b0p8,42,freeze,0.3,0.5,5,0.3,1.4,0.5958333333333333,0.7161265222290705,0.5125,0.8
full_seed42_freeze_0p3_noise0p5_s9_a0p2_b0p7,42,freeze,0.3,0.5,9,0.2,1.9041666666666663,0.6708333333333333,0.7315126453562133,1.9375,0.7
full_seed42_freeze_0p3_noise0p5_s9_a0p3_b0p8,42,freeze,0.3,0.5,9,0.3,1.9041666666666663,0.6708333333333333,0.7315126453562133,1.9375,0.8
full_seed42_freeze_0p4_noise0p1_s13_a0p2_b0p7,42,freeze,0.4,0.1,13,0.2,1.8541666666666667,0.1708333333333333,0.5918898148507054,1.9041666666666663,0.7
full_seed42_freeze_0p4_noise0p1_s13_a0p3_b0p8,42,freeze,0.4,0.1,13,0.3,1.8541666666666667,0.1708333333333333,0.5918898148507054,1.9041666666666663,0.8
full_seed42_freeze_0p4_noise0p1_s5_a0p2_b0p7,42,freeze,0.4,0.1,5,0.2,1.025,0.9083333333333332,0.767750908750423,0.0333333333333333,0.7
full_seed42_freeze_0p4_noise0p1_s5_a0p3_b0p8,42,freeze,0.4,0.1,5,0.3,1.025,0.9083333333333332,0.767750908750423,0.0333333333333333,0.8
full_seed42_freeze_0p4_noise0p1_s9_a0p2_b0p7,42,freeze,0.4,0.1,9,0.2,1.7375,0.8291666666666667,0.7605980548074649,0.8208333333333333,0.7
full_seed42_freeze_0p4_noise0p1_s9_a0p3_b0p8,42,freeze,0.4,0.1,9,0.3,1.7375,0.8291666666666667,0.7605980548074649,0.8208333333333333,0.8
full_seed42_freeze_0p4_noise0p25_s13_a0p2_b0p7,42,freeze,0.4,0.25,13,0.2,2.225,0.3083333333333333,0.6531880523469319,3.316666666666667,0.7
full_seed42_freeze_0p4_noise0p25_s13_a0p3_b0p8,42,freeze,0.4,0.25,13,0.3,2.225,0.3083333333333333,0.6531880523469319,3.316666666666667,0.8
full_seed42_freeze_0p4_noise0p25_s5_a0p2_b0p7,42,freeze,0.4,0.25,5,0.2,1.0875,0.7458333333333333,0.7467035720854419,0.1041666666666666,0.7
full_seed42_freeze_0p4_noise0p25_s5_a0p3_b0p8,42,freeze,0.4,0.25,5,0.3,1.0875,0.7458333333333333,0.7467035720854419,0.1041666666666666,0.8
full_seed42_freeze_0p4_noise0p25_s9_a0p2_b0p7,42,freeze,0.4,0.25,9,0.2,1.7833333333333334,0.7666666666666667,0.7443730969110536,0.9958333333333332,0.7
full_seed42_freeze_0p4_noise0p25_s9_a0p3_b0p8,42,freeze,0.4,0.25,9,0.3,1.7833333333333334,0.7666666666666667,0.7443730969110536,0.9958333333333332,0.8
full_seed42_freeze_0p4_noise0p5_s13_a0p2_b0p7,42,freeze,0.4,0.5,13,0.2,2.220833333333333,0.425,0.6811571452613487,4.625,0.7
full_seed42_freeze_0p4_noise0p5_s13_a0p3_b0p8,42,freeze,0.4,0.5,13,0.3,2.220833333333333,0.425,0.6811571452613487,4.625,0.8
full_seed42_freeze_0p4_noise0p5_s5_a0p2_b0p7,42,freeze,0.4,0.5,5,0.2,1.4,0.5958333333333333,0.7161265222290705,0.5125,0.7
full_seed42_freeze_0p4_noise0p5_s5_a0p3_b0p8,42,freeze,0.4,0.5,5,0.3,1.4,0.5958333333333333,0.7161265222290705,0.5125,0.8
full_seed42_freeze_0p4_noise0p5_s9_a0p2_b0p7,42,freeze,0.4,0.5,9,0.2,1.9208333333333332,0.6958333333333333,0.7350829920470389,1.95,0.7
full_seed42_freeze_0p4_noise0p5_s9_a0p3_b0p8,42,freeze,0.4,0.5,9,0.3,1.9208333333333332,0.6958333333333333,0.7350829920470389,1.95,0.8
full_seed42_mixed_0p0_noise0p1_s13_a0p2_b0p7,42,mixed,0.0,0.1,13,0.2,1.9916666666666667,0.2166666666666666,0.6182749653657136,2.216666666666667,0.7
full_seed42_mixed_0p0_noise0p1_s13_a0p3_b0p8,42,mixed,0.0,0.1,13,0.3,1.9916666666666667,0.2166666666666666,0.6182749653657136,2.216666666666667,0.8
full_seed42_mixed_0p0_noise0p1_s5_a0p2_b0p7,42,mixed,0.0,0.1,5,0.2,1.0333333333333334,0.925,0.7782796500259875,0.0416666666666666,0.7
full_seed42_mixed_0p0_noise0p1_s5_a0p3_b0p8,42,mixed,0.0,0.1,5,0.3,1.0333333333333334,0.925,0.7782796500259875,0.0416666666666666,0.8
full_seed42_mixed_0p0_noise0p1_s9_a0p2_b0p7,42,mixed,0.0,0.1,9,0.2,1.6875,0.7958333333333333,0.7537238613826112,0.775,0.7
full_seed42_mixed_0p0_noise0p1_s9_a0p3_b0p8,42,mixed,0.0,0.1,9,0.3,1.6875,0.7958333333333333,0.7537238613826112,0.775,0.8
full_seed42_mixed_0p0_noise0p25_s13_a0p2_b0p7,42,mixed,0.0,0.25,13,0.2,2.2291666666666665,0.3708333333333333,0.674099229799589,3.4833333333333334,0.7
full_seed42_mixed_0p0_noise0p25_s13_a0p3_b0p8,42,mixed,0.0,0.25,13,0.3,2.2291666666666665,0.3708333333333333,0.674099229799589,3.4833333333333334,0.8
full_seed42_mixed_0p0_noise0p25_s5_a0p2_b0p7,42,mixed,0.0,0.25,5,0.2,1.1125,0.775,0.7588439419226182,0.1333333333333333,0.7
full_seed42_mixed_0p0_noise0p25_s5_a0p3_b0p8,42,mixed,0.0,0.25,5,0.3,1.1125,0.775,0.7588439419226182,0.1333333333333333,0.8
full_seed42_mixed_0p0_noise0p25_s9_a0p2_b0p7,42,mixed,0.0,0.25,9,0.2,1.7666666666666666,0.775,0.7472233369230438,1.0375,0.7
full_seed42_mixed_0p0_noise0p25_s9_a0p3_b0p8,42,mixed,0.0,0.25,9,0.3,1.7666666666666666,0.775,0.7472233369230438,1.0375,0.8
full_seed42_mixed_0p0_noise0p5_s13_a0p2_b0p7,42,mixed,0.0,0.5,13,0.2,2.2125,0.4708333333333333,0.6981394679552068,4.9,0.7
full_seed42_mixed_0p0_noise0p5_s13_a0p3_b0p8,42,mixed,0.0,0.5,13,0.3,2.2125,0.4708333333333333,0.6981394679552068,4.9,0.8
full_seed42_mixed_0p0_noise0p5_s5_a0p2_b0p7,42,mixed,0.0,0.5,5,0.2,1.4208333333333334,0.6333333333333333,0.7265293538607074,0.5375,0.7
full_seed42_mixed_0p0_noise0p5_s5_a0p3_b0p8,42,mixed,0.0,0.5,5,0.3,1.4208333333333334,0.6333333333333333,0.7265293538607074,0.5375,0.8
full_seed42_mixed_0p0_noise0p5_s9_a0p2_b0p7,42,mixed,0.0,0.5,9,0.2,1.9208333333333332,0.7041666666666667,0.7386935253048527,1.9708333333333332,0.7
full_seed42_mixed_0p0_noise0p5_s9_a0p3_b0p8,42,mixed,0.0,0.5,9,0.3,1.9208333333333332,0.7041666666666667,0.7386935253048527,1.9708333333333332,0.8
full_seed42_mixed_0p1_noise0p1_s13_a0p2_b0p7,42,mixed,0.1,0.1,13,0.2,2.025,0.2041666666666666,0.6083573768664433,2.5083333333333333,0.7
full_seed42_mixed_0p1_noise0p1_s13_a0p3_b0p8,42,mixed,0.1,0.1,13,0.3,2.025,0.2041666666666666,0.6083573768664433,2.5083333333333333,0.8
full_seed42_mixed_0p1_noise0p1_s5_a0p2_b0p7,42,mixed,0.1,0.1,5,0.2,1.0333333333333334,0.925,0.7782796500259875,0.0416666666666666,0.7
full_seed42_mixed_0p1_noise0p1_s5_a0p3_b0p8,42,mixed,0.1,0.1,5,0.3,1.0333333333333334,0.925,0.7782796500259875,0.0416666666666666,0.8
full_seed42_mixed_0p1_noise0p1_s9_a0p2_b0p7,42,mixed,0.1,0.1,9,0.2,1.7416666666666667,0.7916666666666666,0.7577478785530393,1.0333333333333334,0.7
full_seed42_mixed_0p1_noise0p1_s9_a0p3_b0p8,42,mixed,0.1,0.1,9,0.3,1.7416666666666667,0.7916666666666666,0.7577478785530393,1.0333333333333334,0.8
full_seed42_mixed_0p1_noise0p25_s13_a0p2_b0p7,42,mixed,0.1,0.25,13,0.2,2.2333333333333334,0.3583333333333333,0.6701894029326352,3.816666666666667,0.7
full_seed42_mixed_0p1_noise0p25_s13_a0p3_b0p8,42,mixed,0.1,0.25,13,0.3,2.2333333333333334,0.3583333333333333,0.6701894029326352,3.816666666666667,0.8
full_seed42_mixed_0p1_noise0p25_s5_a0p2_b0p7,42,mixed,0.1,0.25,5,0.2,1.1125,0.775,0.7588439419226182,0.1333333333333333,0.7
full_seed42_mixed_0p1_noise0p25_s5_a0p3_b0p8,42,mixed,0.1,0.25,5,0.3,1.1125,0.775,0.7588439419226182,0.1333333333333333,0.8
full_seed42_mixed_0p1_noise0p25_s9_a0p2_b0p7,42,mixed,0.1,0.25,9,0.2,1.8083333333333331,0.7708333333333334,0.7493798865622432,1.3041666666666667,0.7
full_seed42_mixed_0p1_noise0p25_s9_a0p3_b0p8,42,mixed,0.1,0.25,9,0.3,1.8083333333333331,0.7708333333333334,0.7493798865622432,1.3041666666666667,0.8
full_seed42_mixed_0p1_noise0p5_s13_a0p2_b0p7,42,mixed,0.1,0.5,13,0.2,2.1708333333333334,0.45,0.6849458459911155,5.029166666666667,0.7
full_seed42_mixed_0p1_noise0p5_s13_a0p3_b0p8,42,mixed,0.1,0.5,13,0.3,2.1708333333333334,0.45,0.6849458459911155,5.029166666666667,0.8
full_seed42_mixed_0p1_noise0p5_s5_a0p2_b0p7,42,mixed,0.1,0.5,5,0.2,1.4208333333333334,0.6333333333333333,0.7265293538607074,0.5375,0.7
full_seed42_mixed_0p1_noise0p5_s5_a0p3_b0p8,42,mixed,0.1,0.5,5,0.3,1.4208333333333334,0.6333333333333333,0.7265293538607074,0.5375,0.8
full_seed42_mixed_0p1_noise0p5_s9_a0p2_b0p7,42,mixed,0.1,0.5,9,0.2,1.9333333333333331,0.7,0.7413281334782856,2.2041666666666666,0.7
full_seed42_mixed_0p1_noise0p5_s9_a0p3_b0p8,42,mixed,0.1,0.5,9,0.3,1.9333333333333331,0.7,0.7413281334782856,2.2041666666666666,0.8
full_seed42_mixed_0p2_noise0p1_s13_a0p2_b0p7,42,mixed,0.2,0.1,13,0.2,1.9875,0.2791666666666667,0.6402402964306991,3.1,0.7
full_seed42_mixed_0p2_noise0p1_s13_a0p3_b0p8,42,mixed,0.2,0.1,13,0.3,1.9875,0.2791666666666667,0.6402402964306991,3.1,0.8
full_seed42_mixed_0p2_noise0p1_s5_a0p2_b0p7,42,mixed,0.2,0.1,5,0.2,1.1875,0.9041666666666668,0.7743909862295434,0.225,0.7
full_seed42_mixed_0p2_noise0p1_s5_a0p3_b0p8,42,mixed,0.2,0.1,5,0.3,1.1875,0.9041666666666668,0.7743909862295434,0.225,0.8
full_seed42_mixed_0p2_noise0p1_s9_a0p2_b0p7,42,mixed,0.2,0.1,9,0.2,1.7416666666666667,0.8166666666666667,0.7629450834367709,1.2791666666666666,0.7
full_seed42_mixed_0p2_noise0p1_s9_a0p3_b0p8,42,mixed,0.2,0.1,9,0.3,1.7416666666666667,0.8166666666666667,0.7629450834367709,1.2791666666666666,0.8
full_seed42_mixed_0p2_noise0p25_s13_a0p2_b0p7,42,mixed,0.2,0.25,13,0.2,2.1083333333333334,0.3291666666666666,0.6464189203302558,3.691666666666667,0.7
full_seed42_mixed_0p2_noise0p25_s13_a0p3_b0p8,42,mixed,0.2,0.25,13,0.3,2.1083333333333334,0.3291666666666666,0.6464189203302558,3.691666666666667,0.8
full_seed42_mixed_0p2_noise0p25_s5_a0p2_b0p7,42,mixed,0.2,0.25,5,0.2,1.2583333333333333,0.7791666666666667,0.7554592986982033,0.3291666666666666,0.7
full_seed42_mixed_0p2_noise0p25_s5_a0p3_b0p8,42,mixed,0.2,0.25,5,0.3,1.2583333333333333,0.7791666666666667,0.7554592986982033,0.3291666666666666,0.8
full_seed42_mixed_0p2_noise0p25_s9_a0p2_b0p7,42,mixed,0.2,0.25,9,0.2,1.8125,0.8,0.7538058678927435,1.5416666666666667,0.7
full_seed42_mixed_0p2_noise0p25_s9_a0p3_b0p8,42,mixed,0.2,0.25,9,0.3,1.8125,0.8,0.7538058678927435,1.5416666666666667,0.8
full_seed42_mixed_0p2_noise0p5_s13_a0p2_b0p7,42,mixed,0.2,0.5,13,0.2,2.058333333333333,0.3916666666666666,0.6480658601988213,4.670833333333333,0.7
full_seed42_mixed_0p2_noise0p5_s13_a0p3_b0p8,42,mixed,0.2,0.5,13,0.3,2.058333333333333,0.3916666666666666,0.6480658601988213,4.670833333333333,0.8
full_seed42_mixed_0p2_noise0p5_s5_a0p2_b0p7,42,mixed,0.2,0.5,5,0.2,1.4916666666666667,0.6583333333333333,0.7153930542301922,0.6416666666666667,0.7
full_seed42_mixed_0p2_noise0p5_s5_a0p3_b0p8,42,mixed,0.2,0.5,5,0.3,1.4916666666666667,0.6583333333333333,0.7153930542301922,0.6416666666666667,0.8
full_seed42_mixed_0p2_noise0p5_s9_a0p2_b0p7,42,mixed,0.2,0.5,9,0.2,1.9,0.6958333333333333,0.7308839882430547,2.2375,0.7
full_seed42_mixed_0p2_noise0p5_s9_a0p3_b0p8,42,mixed,0.2,0.5,9,0.3,1.9,0.6958333333333333,0.7308839882430547,2.2375,0.8
full_seed42_mixed_0p3_noise0p1_s13_a0p2_b0p7,42,mixed,0.3,0.1,13,0.2,1.9375,0.2875,0.6382676623983249,3.025,0.7
full_seed42_mixed_0p3_noise0p1_s13_a0p3_b0p8,42,mixed,0.3,0.1,13,0.3,1.9375,0.2875,0.6382676623983249,3.025,0.8
full_seed42_mixed_0p3_noise0p1_s5_a0p2_b0p7,42,mixed,0.3,0.1,5,0.2,1.0833333333333333,0.8041666666666667,0.7241684267467717,0.15,0.7
full_seed42_mixed_0p3_noise0p1_s5_a0p3_b0p8,42,mixed,0.3,0.1,5,0.3,1.0833333333333333,0.8041666666666667,0.7241684267467717,0.15,0.8
full_seed42_mixed_0p3_noise0p1_s9_a0p2_b0p7,42,mixed,0.3,0.1,9,0.2,1.7041666666666666,0.775,0.7524467998071861,1.3958333333333333,0.7
full_seed42_mixed_0p3_noise0p1_s9_a0p3_b0p8,42,mixed,0.3,0.1,9,0.3,1.7041666666666666,0.775,0.7524467998071861,1.3958333333333333,0.8
full_seed42_mixed_0p3_noise0p25_s13_a0p2_b0p7,42,mixed,0.3,0.25,13,0.2,2.058333333333333,0.3375,0.6369940067664971,3.558333333333333,0.7
full_seed42_mixed_0p3_noise0p25_s13_a0p3_b0p8,42,mixed,0.3,0.25,13,0.3,2.058333333333333,0.3375,0.6369940067664971,3.558333333333333,0.8
full_seed42_mixed_0p3_noise0p25_s5_a0p2_b0p7,42,mixed,0.3,0.25,5,0.2,1.1458333333333333,0.6875,0.6992741924812882,0.2041666666666666,0.7
full_seed42_mixed_0p3_noise0p25_s5_a0p3_b0p8,42,mixed,0.3,0.25,5,0.3,1.1458333333333333,0.6875,0.6992741924812882,0.2041666666666666,0.8
full_seed42_mixed_0p3_noise0p25_s9_a0p2_b0p7,42,mixed,0.3,0.25,9,0.2,1.7708333333333333,0.7583333333333333,0.7319607546425058,1.5083333333333333,0.7
full_seed42_mixed_0p3_noise0p25_s9_a0p3_b0p8,42,mixed,0.3,0.25,9,0.3,1.7708333333333333,0.7583333333333333,0.7319607546425058,1.5083333333333333,0.8
full_seed42_mixed_0p3_noise0p5_s13_a0p2_b0p7,42,mixed,0.3,0.5,13,0.2,2.0125,0.3833333333333333,0.6154528900651312,4.104166666666667,0.7
full_seed42_mixed_0p3_noise0p5_s13_a0p3_b0p8,42,mixed,0.3,0.5,13,0.3,2.0125,0.3833333333333333,0.6154528900651312,4.104166666666667,0.8
full_seed42_mixed_0p3_noise0p5_s5_a0p2_b0p7,42,mixed,0.3,0.5,5,0.2,1.3916666666666666,0.5708333333333333,0.6610789839086766,0.5041666666666667,0.7
full_seed42_mixed_0p3_noise0p5_s5_a0p3_b0p8,42,mixed,0.3,0.5,5,0.3,1.3916666666666666,0.5708333333333333,0.6610789839086766,0.5041666666666667,0.8
full_seed42_mixed_0p3_noise0p5_s9_a0p2_b0p7,42,mixed,0.3,0.5,9,0.2,1.8333333333333333,0.6416666666666667,0.6993638050693256,2.0458333333333334,0.7
full_seed42_mixed_0p3_noise0p5_s9_a0p3_b0p8,42,mixed,0.3,0.5,9,0.3,1.8333333333333333,0.6416666666666667,0.6993638050693256,2.0458333333333334,0.8
full_seed42_mixed_0p4_noise0p1_s13_a0p2_b0p7,42,mixed,0.4,0.1,13,0.2,1.9625,0.3125,0.6496905874341738,3.1875,0.7
full_seed42_mixed_0p4_noise0p1_s13_a0p3_b0p8,42,mixed,0.4,0.1,13,0.3,1.9625,0.3125,0.6496905874341738,3.1875,0.8
full_seed42_mixed_0p4_noise0p1_s5_a0p2_b0p7,42,mixed,0.4,0.1,5,0.2,1.0833333333333333,0.8041666666666667,0.7241684267467717,0.15,0.7
full_seed42_mixed_0p4_noise0p1_s5_a0p3_b0p8,42,mixed,0.4,0.1,5,0.3,1.0833333333333333,0.8041666666666667,0.7241684267467717,0.15,0.8
full_seed42_mixed_0p4_noise0p1_s9_a0p2_b0p7,42,mixed,0.4,0.1,9,0.2,1.65,0.7041666666666667,0.6919664393569754,0.9416666666666668,0.7
full_seed42_mixed_0p4_noise0p1_s9_a0p3_b0p8,42,mixed,0.4,0.1,9,0.3,1.65,0.7041666666666667,0.6919664393569754,0.9416666666666668,0.8
full_seed42_mixed_0p4_noise0p25_s13_a0p2_b0p7,42,mixed,0.4,0.25,13,0.2,2.058333333333333,0.3291666666666666,0.6273687327013839,3.4833333333333334,0.7
full_seed42_mixed_0p4_noise0p25_s13_a0p3_b0p8,42,mixed,0.4,0.25,13,0.3,2.058333333333333,0.3291666666666666,0.6273687327013839,3.4833333333333334,0.8
full_seed42_mixed_0p4_noise0p25_s5_a0p2_b0p7,42,mixed,0.4,0.25,5,0.2,1.1458333333333333,0.6875,0.6992741924812882,0.2041666666666666,0.7
full_seed42_mixed_0p4_noise0p25_s5_a0p3_b0p8,42,mixed,0.4,0.25,5,0.3,1.1458333333333333,0.6875,0.6992741924812882,0.2041666666666666,0.8
full_seed42_mixed_0p4_noise0p25_s9_a0p2_b0p7,42,mixed,0.4,0.25,9,0.2,1.6875,0.6458333333333334,0.6727303149736391,1.0625,0.7
full_seed42_mixed_0p4_noise0p25_s9_a0p3_b0p8,42,mixed,0.4,0.25,9,0.3,1.6875,0.6458333333333334,0.6727303149736391,1.0625,0.8
full_seed42_mixed_0p4_noise0p5_s13_a0p2_b0p7,42,mixed,0.4,0.5,13,0.2,2.004166666666667,0.375,0.6085426847713097,4.0625,0.7
full_seed42_mixed_0p4_noise0p5_s13_a0p3_b0p8,42,mixed,0.4,0.5,13,0.3,2.004166666666667,0.375,0.6085426847713097,4.0625,0.8
full_seed42_mixed_0p4_noise0p5_s5_a0p2_b0p7,42,mixed,0.4,0.5,5,0.2,1.3916666666666666,0.5708333333333333,0.6610789839086766,0.5041666666666667,0.7
full_seed42_mixed_0p4_noise0p5_s5_a0p3_b0p8,42,mixed,0.4,0.5,5,0.3,1.3916666666666666,0.5708333333333333,0.6610789839086766,0.5041666666666667,0.8
full_seed42_mixed_0p4_noise0p5_s9_a0p2_b0p7,42,mixed,0.4,0.5,9,0.2,1.7791666666666666,0.5833333333333334,0.6547088812055191,1.7041666666666666,0.7
full_seed42_mixed_0p4_noise0p5_s9_a0p3_b0p8,42,mixed,0.4,0.5,9,0.3,1.7791666666666666,0.5833333333333334,0.6547088812055191,1.7041666666666666,0.8
full_seed42_replay_0p0_noise0p1_s13_a0p2_b0p7,42,replay,0.0,0.1,13,0.2,1.9916666666666667,0.2166666666666666,0.6182749653657136,2.216666666666667,0.7
full_seed42_replay_0p0_noise0p1_s13_a0p3_b0p8,42,replay,0.0,0.1,13,0.3,1.9916666666666667,0.2166666666666666,0.6182749653657136,2.216666666666667,0.8
full_seed42_replay_0p0_noise0p1_s5_a0p2_b0p7,42,replay,0.0,0.1,5,0.2,1.0333333333333334,0.925,0.7782796500259875,0.0416666666666666,0.7
full_seed42_replay_0p0_noise0p1_s5_a0p3_b0p8,42,replay,0.0,0.1,5,0.3,1.0333333333333334,0.925,0.7782796500259875,0.0416666666666666,0.8
full_seed42_replay_0p0_noise0p1_s9_a0p2_b0p7,42,replay,0.0,0.1,9,0.2,1.6875,0.7958333333333333,0.7537238613826112,0.775,0.7
full_seed42_replay_0p0_noise0p1_s9_a0p3_b0p8,42,replay,0.0,0.1,9,0.3,1.6875,0.7958333333333333,0.7537238613826112,0.775,0.8
full_seed42_replay_0p0_noise0p25_s13_a0p2_b0p7,42,replay,0.0,0.25,13,0.2,2.2291666666666665,0.3708333333333333,0.674099229799589,3.4833333333333334,0.7
full_seed42_replay_0p0_noise0p25_s13_a0p3_b0p8,42,replay,0.0,0.25,13,0.3,2.2291666666666665,0.3708333333333333,0.674099229799589,3.4833333333333334,0.8
full_seed42_replay_0p0_noise0p25_s5_a0p2_b0p7,42,replay,0.0,0.25,5,0.2,1.1125,0.775,0.7588439419226182,0.1333333333333333,0.7
full_seed42_replay_0p0_noise0p25_s5_a0p3_b0p8,42,replay,0.0,0.25,5,0.3,1.1125,0.775,0.7588439419226182,0.1333333333333333,0.8
full_seed42_replay_0p0_noise0p25_s9_a0p2_b0p7,42,replay,0.0,0.25,9,0.2,1.7666666666666666,0.775,0.7472233369230438,1.0375,0.7
full_seed42_replay_0p0_noise0p25_s9_a0p3_b0p8,42,replay,0.0,0.25,9,0.3,1.7666666666666666,0.775,0.7472233369230438,1.0375,0.8
full_seed42_replay_0p0_noise0p5_s13_a0p2_b0p7,42,replay,0.0,0.5,13,0.2,2.2125,0.4708333333333333,0.6981394679552068,4.9,0.7
full_seed42_replay_0p0_noise0p5_s13_a0p3_b0p8,42,replay,0.0,0.5,13,0.3,2.2125,0.4708333333333333,0.6981394679552068,4.9,0.8
full_seed42_replay_0p0_noise0p5_s5_a0p2_b0p7,42,replay,0.0,0.5,5,0.2,1.4208333333333334,0.6333333333333333,0.7265293538607074,0.5375,0.7
full_seed42_replay_0p0_noise0p5_s5_a0p3_b0p8,42,replay,0.0,0.5,5,0.3,1.4208333333333334,0.6333333333333333,0.7265293538607074,0.5375,0.8
full_seed42_replay_0p0_noise0p5_s9_a0p2_b0p7,42,replay,0.0,0.5,9,0.2,1.9208333333333332,0.7041666666666667,0.7386935253048527,1.9708333333333332,0.7
full_seed42_replay_0p0_noise0p5_s9_a0p3_b0p8,42,replay,0.0,0.5,9,0.3,1.9208333333333332,0.7041666666666667,0.7386935253048527,1.9708333333333332,0.8
full_seed42_replay_0p1_noise0p1_s13_a0p2_b0p7,42,replay,0.1,0.1,13,0.2,1.9583333333333333,0.2125,0.6137568626954438,2.1875,0.7
full_seed42_replay_0p1_noise0p1_s13_a0p3_b0p8,42,replay,0.1,0.1,13,0.3,1.9583333333333333,0.2125,0.6137568626954438,2.1875,0.8
full_seed42_replay_0p1_noise0p1_s5_a0p2_b0p7,42,replay,0.1,0.1,5,0.2,1.0333333333333334,0.925,0.7782796500259875,0.0416666666666666,0.7
full_seed42_replay_0p1_noise0p1_s5_a0p3_b0p8,42,replay,0.1,0.1,5,0.3,1.0333333333333334,0.925,0.7782796500259875,0.0416666666666666,0.8
full_seed42_replay_0p1_noise0p1_s9_a0p2_b0p7,42,replay,0.1,0.1,9,0.2,1.6916666666666669,0.7958333333333333,0.7537465726226429,0.7791666666666667,0.7
full_seed42_replay_0p1_noise0p1_s9_a0p3_b0p8,42,replay,0.1,0.1,9,0.3,1.6916666666666669,0.7958333333333333,0.7537465726226429,0.7791666666666667,0.8
full_seed42_replay_0p1_noise0p25_s13_a0p2_b0p7,42,replay,0.1,0.25,13,0.2,2.245833333333333,0.3833333333333333,0.6761788404199514,3.495833333333333,0.7
full_seed42_replay_0p1_noise0p25_s13_a0p3_b0p8,42,replay,0.1,0.25,13,0.3,2.245833333333333,0.3833333333333333,0.6761788404199514,3.495833333333333,0.8
full_seed42_replay_0p1_noise0p25_s5_a0p2_b0p7,42,replay,0.1,0.25,5,0.2,1.1125,0.775,0.7588439419226182,0.1333333333333333,0.7
full_seed42_replay_0p1_noise0p25_s5_a0p3_b0p8,42,replay,0.1,0.25,5,0.3,1.1125,0.775,0.7588439419226182,0.1333333333333333,0.8
full_seed42_replay_0p1_noise0p25_s9_a0p2_b0p7,42,replay,0.1,0.25,9,0.2,1.775,0.775,0.747697020882182,1.0375,0.7
full_seed42_replay_0p1_noise0p25_s9_a0p3_b0p8,42,replay,0.1,0.25,9,0.3,1.775,0.775,0.747697020882182,1.0375,0.8
full_seed42_replay_0p1_noise0p5_s13_a0p2_b0p7,42,replay,0.1,0.5,13,0.2,2.220833333333333,0.4833333333333333,0.700571185344391,4.925,0.7
full_seed42_replay_0p1_noise0p5_s13_a0p3_b0p8,42,replay,0.1,0.5,13,0.3,2.220833333333333,0.4833333333333333,0.700571185344391,4.925,0.8
full_seed42_replay_0p1_noise0p5_s5_a0p2_b0p7,42,replay,0.1,0.5,5,0.2,1.4208333333333334,0.6333333333333333,0.7265293538607074,0.5375,0.7
full_seed42_replay_0p1_noise0p5_s5_a0p3_b0p8,42,replay,0.1,0.5,5,0.3,1.4208333333333334,0.6333333333333333,0.7265293538607074,0.5375,0.8
full_seed42_replay_0p1_noise0p5_s9_a0p2_b0p7,42,replay,0.1,0.5,9,0.2,1.9083333333333332,0.7083333333333334,0.7392895801947439,1.9291666666666667,0.7
full_seed42_replay_0p1_noise0p5_s9_a0p3_b0p8,42,replay,0.1,0.5,9,0.3,1.9083333333333332,0.7083333333333334,0.7392895801947439,1.9291666666666667,0.8
full_seed42_replay_0p2_noise0p1_s13_a0p2_b0p7,42,replay,0.2,0.1,13,0.2,1.9291666666666667,0.2,0.6109441461707331,2.125,0.7
full_seed42_replay_0p2_noise0p1_s13_a0p3_b0p8,42,replay,0.2,0.1,13,0.3,1.9291666666666667,0.2,0.6109441461707331,2.125,0.8
full_seed42_replay_0p2_noise0p1_s5_a0p2_b0p7,42,replay,0.2,0.1,5,0.2,1.0333333333333334,0.9333333333333332,0.7786416622005251,0.0416666666666666,0.7
full_seed42_replay_0p2_noise0p1_s5_a0p3_b0p8,42,replay,0.2,0.1,5,0.3,1.0333333333333334,0.9333333333333332,0.7786416622005251,0.0416666666666666,0.8
full_seed42_replay_0p2_noise0p1_s9_a0p2_b0p7,42,replay,0.2,0.1,9,0.2,1.6916666666666669,0.8083333333333333,0.7554187335715502,0.7791666666666667,0.7
full_seed42_replay_0p2_noise0p1_s9_a0p3_b0p8,42,replay,0.2,0.1,9,0.3,1.6916666666666669,0.8083333333333333,0.7554187335715502,0.7791666666666667,0.8
full_seed42_replay_0p2_noise0p25_s13_a0p2_b0p7,42,replay,0.2,0.25,13,0.2,2.25,0.3791666666666666,0.6755617590401928,3.4916666666666667,0.7
full_seed42_replay_0p2_noise0p25_s13_a0p3_b0p8,42,replay,0.2,0.25,13,0.3,2.25,0.3791666666666666,0.6755617590401928,3.4916666666666667,0.8
full_seed42_replay_0p2_noise0p25_s5_a0p2_b0p7,42,replay,0.2,0.25,5,0.2,1.1166666666666667,0.7916666666666666,0.7606147870362902,0.1375,0.7
full_seed42_replay_0p2_noise0p25_s5_a0p3_b0p8,42,replay,0.2,0.25,5,0.3,1.1166666666666667,0.7916666666666666,0.7606147870362902,0.1375,0.8
full_seed42_replay_0p2_noise0p25_s9_a0p2_b0p7,42,replay,0.2,0.25,9,0.2,1.7833333333333334,0.7791666666666667,0.7473208699802911,1.0208333333333333,0.7
full_seed42_replay_0p2_noise0p25_s9_a0p3_b0p8,42,replay,0.2,0.25,9,0.3,1.7833333333333334,0.7791666666666667,0.7473208699802911,1.0208333333333333,0.8
full_seed42_replay_0p2_noise0p5_s13_a0p2_b0p7,42,replay,0.2,0.5,13,0.2,2.1958333333333333,0.4666666666666667,0.6960943043168631,4.858333333333333,0.7
full_seed42_replay_0p2_noise0p5_s13_a0p3_b0p8,42,replay,0.2,0.5,13,0.3,2.1958333333333333,0.4666666666666667,0.6960943043168631,4.858333333333333,0.8
full_seed42_replay_0p2_noise0p5_s5_a0p2_b0p7,42,replay,0.2,0.5,5,0.2,1.4458333333333333,0.6625,0.7331897621777311,0.55,0.7
full_seed42_replay_0p2_noise0p5_s5_a0p3_b0p8,42,replay,0.2,0.5,5,0.3,1.4458333333333333,0.6625,0.7331897621777311,0.55,0.8
full_seed42_replay_0p2_noise0p5_s9_a0p2_b0p7,42,replay,0.2,0.5,9,0.2,1.9166666666666667,0.6958333333333333,0.7367072931598087,1.9041666666666663,0.7
full_seed42_replay_0p2_noise0p5_s9_a0p3_b0p8,42,replay,0.2,0.5,9,0.3,1.9166666666666667,0.6958333333333333,0.7367072931598087,1.9041666666666663,0.8
full_seed42_replay_0p3_noise0p1_s13_a0p2_b0p7,42,replay,0.3,0.1,13,0.2,1.9375,0.2083333333333333,0.6114909974320882,2.154166666666667,0.7
full_seed42_replay_0p3_noise0p1_s13_a0p3_b0p8,42,replay,0.3,0.1,13,0.3,1.9375,0.2083333333333333,0.6114909974320882,2.154166666666667,0.8
full_seed42_replay_0p3_noise0p1_s5_a0p2_b0p7,42,replay,0.3,0.1,5,0.2,1.0291666666666666,0.9291666666666668,0.7784565886690189,0.0375,0.7
full_seed42_replay_0p3_noise0p1_s5_a0p3_b0p8,42,replay,0.3,0.1,5,0.3,1.0291666666666666,0.9291666666666668,0.7784565886690189,0.0375,0.8
full_seed42_replay_0p3_noise0p1_s9_a0p2_b0p7,42,replay,0.3,0.1,9,0.2,1.6916666666666669,0.8125,0.7559191080766858,0.7833333333333333,0.7
full_seed42_replay_0p3_noise0p1_s9_a0p3_b0p8,42,replay,0.3,0.1,9,0.3,1.6916666666666669,0.8125,0.7559191080766858,0.7833333333333333,0.8
full_seed42_replay_0p3_noise0p25_s13_a0p2_b0p7,42,replay,0.3,0.25,13,0.2,2.245833333333333,0.3708333333333333,0.6747414489617347,3.5,0.7
full_seed42_replay_0p3_noise0p25_s13_a0p3_b0p8,42,replay,0.3,0.25,13,0.3,2.245833333333333,0.3708333333333333,0.6747414489617347,3.5,0.8
full_seed42_replay_0p3_noise0p25_s5_a0p2_b0p7,42,replay,0.3,0.25,5,0.2,1.1041666666666667,0.8041666666666667,0.7596986346175789,0.1208333333333333,0.7
full_seed42_replay_0p3_noise0p25_s5_a0p3_b0p8,42,replay,0.3,0.25,5,0.3,1.1041666666666667,0.8041666666666667,0.7596986346175789,0.1208333333333333,0.8
full_seed42_replay_0p3_noise0p25_s9_a0p2_b0p7,42,replay,0.3,0.25,9,0.2,1.7875,0.7791666666666667,0.7481303853108904,1.0333333333333334,0.7
full_seed42_replay_0p3_noise0p25_s9_a0p3_b0p8,42,replay,0.3,0.25,9,0.3,1.7875,0.7791666666666667,0.7481303853108904,1.0333333333333334,0.8
full_seed42_replay_0p3_noise0p5_s13_a0p2_b0p7,42,replay,0.3,0.5,13,0.2,2.2,0.4541666666666666,0.6939506560334825,4.845833333333333,0.7
full_seed42_replay_0p3_noise0p5_s13_a0p3_b0p8,42,replay,0.3,0.5,13,0.3,2.2,0.4541666666666666,0.6939506560334825,4.845833333333333,0.8
full_seed42_replay_0p3_noise0p5_s5_a0p2_b0p7,42,replay,0.3,0.5,5,0.2,1.4333333333333331,0.675,0.7325164215589247,0.5416666666666666,0.7
full_seed42_replay_0p3_noise0p5_s5_a0p3_b0p8,42,replay,0.3,0.5,5,0.3,1.4333333333333331,0.675,0.7325164215589247,0.5416666666666666,0.8
full_seed42_replay_0p3_noise0p5_s9_a0p2_b0p7,42,replay,0.3,0.5,9,0.2,1.9208333333333332,0.7041666666666667,0.7391691878640801,1.9416666666666669,0.7
full_seed42_replay_0p3_noise0p5_s9_a0p3_b0p8,42,replay,0.3,0.5,9,0.3,1.9208333333333332,0.7041666666666667,0.7391691878640801,1.9416666666666669,0.8
full_seed42_replay_0p4_noise0p1_s13_a0p2_b0p7,42,replay,0.4,0.1,13,0.2,1.9583333333333333,0.2083333333333333,0.6120941937247776,2.1875,0.7
full_seed42_replay_0p4_noise0p1_s13_a0p3_b0p8,42,replay,0.4,0.1,13,0.3,1.9583333333333333,0.2083333333333333,0.6120941937247776,2.1875,0.8
full_seed42_replay_0p4_noise0p1_s5_a0p2_b0p7,42,replay,0.4,0.1,5,0.2,1.0291666666666666,0.9291666666666668,0.7784565886690189,0.0375,0.7
full_seed42_replay_0p4_noise0p1_s5_a0p3_b0p8,42,replay,0.4,0.1,5,0.3,1.0291666666666666,0.9291666666666668,0.7784565886690189,0.0375,0.8
full_seed42_replay_0p4_noise0p1_s9_a0p2_b0p7,42,replay,0.4,0.1,9,0.2,1.6833333333333331,0.8083333333333333,0.755626648356745,0.7833333333333333,0.7
full_seed42_replay_0p4_noise0p1_s9_a0p3_b0p8,42,replay,0.4,0.1,9,0.3,1.6833333333333331,0.8083333333333333,0.755626648356745,0.7833333333333333,0.8
full_seed42_replay_0p4_noise0p25_s13_a0p2_b0p7,42,replay,0.4,0.25,13,0.2,2.2375,0.3541666666666667,0.6708744221414747,3.5125,0.7
full_seed42_replay_0p4_noise0p25_s13_a0p3_b0p8,42,replay,0.4,0.25,13,0.3,2.2375,0.3541666666666667,0.6708744221414747,3.5125,0.8
full_seed42_replay_0p4_noise0p25_s5_a0p2_b0p7,42,replay,0.4,0.25,5,0.2,1.1041666666666667,0.8041666666666667,0.7596986346175789,0.1208333333333333,0.7
full_seed42_replay_0p4_noise0p25_s5_a0p3_b0p8,42,replay,0.4,0.25,5,0.3,1.1041666666666667,0.8041666666666667,0.7596986346175789,0.1208333333333333,0.8
full_seed42_replay_0p4_noise0p25_s9_a0p2_b0p7,42,replay,0.4,0.25,9,0.2,1.775,0.7708333333333334,0.746273999310758,1.025,0.7
full_seed42_replay_0p4_noise0p25_s9_a0p3_b0p8,42,replay,0.4,0.25,9,0.3,1.775,0.7708333333333334,0.746273999310758,1.025,0.8
full_seed42_replay_0p4_noise0p5_s13_a0p2_b0p7,42,replay,0.4,0.5,13,0.2,2.1958333333333333,0.4541666666666666,0.6862475390228528,4.791666666666667,0.7
full_seed42_replay_0p4_noise0p5_s13_a0p3_b0p8,42,replay,0.4,0.5,13,0.3,2.1958333333333333,0.4541666666666666,0.6862475390228528,4.791666666666667,0.8
full_seed42_replay_0p4_noise0p5_s5_a0p2_b0p7,42,replay,0.4,0.5,5,0.2,1.4333333333333331,0.675,0.7325164215589247,0.5416666666666666,0.7
full_seed42_replay_0p4_noise0p5_s5_a0p3_b0p8,42,replay,0.4,0.5,5,0.3,1.4333333333333331,0.675,0.7325164215589247,0.5416666666666666,0.8
full_seed42_replay_0p4_noise0p5_s9_a0p2_b0p7,42,replay,0.4,0.5,9,0.2,1.9291666666666667,0.7125,0.739141336916362,1.9625,0.7
full_seed42_replay_0p4_noise0p5_s9_a0p3_b0p8,42,replay,0.4,0.5,9,0.3,1.9291666666666667,0.7125,0.739141336916362,1.9625,0.8
full_seed42_scaling_0p0_noise0p1_s13_a0p2_b0p7,42,scaling,0.0,0.1,13,0.2,1.9916666666666667,0.2166666666666666,0.6182749653657136,2.216666666666667,0.7
full_seed42_scaling_0p0_noise0p1_s13_a0p3_b0p8,42,scaling,0.0,0.1,13,0.3,1.9916666666666667,0.2166666666666666,0.6182749653657136,2.216666666666667,0.8
full_seed42_scaling_0p0_noise0p1_s5_a0p2_b0p7,42,scaling,0.0,0.1,5,0.2,1.0333333333333334,0.925,0.7782796500259875,0.0416666666666666,0.7
full_seed42_scaling_0p0_noise0p1_s5_a0p3_b0p8,42,scaling,0.0,0.1,5,0.3,1.0333333333333334,0.925,0.7782796500259875,0.0416666666666666,0.8
full_seed42_scaling_0p0_noise0p1_s9_a0p2_b0p7,42,scaling,0.0,0.1,9,0.2,1.6875,0.7958333333333333,0.7537238613826112,0.775,0.7
full_seed42_scaling_0p0_noise0p1_s9_a0p3_b0p8,42,scaling,0.0,0.1,9,0.3,1.6875,0.7958333333333333,0.7537238613826112,0.775,0.8
full_seed42_scaling_0p0_noise0p25_s13_a0p2_b0p7,42,scaling,0.0,0.25,13,0.2,2.2291666666666665,0.3708333333333333,0.674099229799589,3.4833333333333334,0.7
full_seed42_scaling_0p0_noise0p25_s13_a0p3_b0p8,42,scaling,0.0,0.25,13,0.3,2.2291666666666665,0.3708333333333333,0.674099229799589,3.4833333333333334,0.8
full_seed42_scaling_0p0_noise0p25_s5_a0p2_b0p7,42,scaling,0.0,0.25,5,0.2,1.1125,0.775,0.7588439419226182,0.1333333333333333,0.7
full_seed42_scaling_0p0_noise0p25_s5_a0p3_b0p8,42,scaling,0.0,0.25,5,0.3,1.1125,0.775,0.7588439419226182,0.1333333333333333,0.8
full_seed42_scaling_0p0_noise0p25_s9_a0p2_b0p7,42,scaling,0.0,0.25,9,0.2,1.7666666666666666,0.775,0.7472233369230438,1.0375,0.7
full_seed42_scaling_0p0_noise0p25_s9_a0p3_b0p8,42,scaling,0.0,0.25,9,0.3,1.7666666666666666,0.775,0.7472233369230438,1.0375,0.8
full_seed42_scaling_0p0_noise0p5_s13_a0p2_b0p7,42,scaling,0.0,0.5,13,0.2,2.2125,0.4708333333333333,0.6981394679552068,4.9,0.7
full_seed42_scaling_0p0_noise0p5_s13_a0p3_b0p8,42,scaling,0.0,0.5,13,0.3,2.2125,0.4708333333333333,0.6981394679552068,4.9,0.8
full_seed42_scaling_0p0_noise0p5_s5_a0p2_b0p7,42,scaling,0.0,0.5,5,0.2,1.4208333333333334,0.6333333333333333,0.7265293538607074,0.5375,0.7
full_seed42_scaling_0p0_noise0p5_s5_a0p3_b0p8,42,scaling,0.0,0.5,5,0.3,1.4208333333333334,0.6333333333333333,0.7265293538607074,0.5375,0.8
full_seed42_scaling_0p0_noise0p5_s9_a0p2_b0p7,42,scaling,0.0,0.5,9,0.2,1.9208333333333332,0.7041666666666667,0.7386935253048527,1.9708333333333332,0.7
full_seed42_scaling_0p0_noise0p5_s9_a0p3_b0p8,42,scaling,0.0,0.5,9,0.3,1.9208333333333332,0.7041666666666667,0.7386935253048527,1.9708333333333332,0.8
full_seed42_scaling_0p1_noise0p1_s13_a0p2_b0p7,42,scaling,0.1,0.1,13,0.2,2.025,0.2125,0.6164525043240537,2.2958333333333334,0.7
full_seed42_scaling_0p1_noise0p1_s13_a0p3_b0p8,42,scaling,0.1,0.1,13,0.3,2.025,0.2125,0.6164525043240537,2.2958333333333334,0.8
full_seed42_scaling_0p1_noise0p1_s5_a0p2_b0p7,42,scaling,0.1,0.1,5,0.2,1.0333333333333334,0.925,0.7782796500259875,0.0416666666666666,0.7
full_seed42_scaling_0p1_noise0p1_s5_a0p3_b0p8,42,scaling,0.1,0.1,5,0.3,1.0333333333333334,0.925,0.7782796500259875,0.0416666666666666,0.8
full_seed42_scaling_0p1_noise0p1_s9_a0p2_b0p7,42,scaling,0.1,0.1,9,0.2,1.7166666666666666,0.8,0.7531074958340256,0.8125,0.7
full_seed42_scaling_0p1_noise0p1_s9_a0p3_b0p8,42,scaling,0.1,0.1,9,0.3,1.7166666666666666,0.8,0.7531074958340256,0.8125,0.8
full_seed42_scaling_0p1_noise0p25_s13_a0p2_b0p7,42,scaling,0.1,0.25,13,0.2,2.245833333333333,0.375,0.6743667990900234,3.5708333333333333,0.7
full_seed42_scaling_0p1_noise0p25_s13_a0p3_b0p8,42,scaling,0.1,0.25,13,0.3,2.245833333333333,0.375,0.6743667990900234,3.5708333333333333,0.8
full_seed42_scaling_0p1_noise0p25_s5_a0p2_b0p7,42,scaling,0.1,0.25,5,0.2,1.1125,0.775,0.7588439419226182,0.1333333333333333,0.7
full_seed42_scaling_0p1_noise0p25_s5_a0p3_b0p8,42,scaling,0.1,0.25,5,0.3,1.1125,0.775,0.7588439419226182,0.1333333333333333,0.8
full_seed42_scaling_0p1_noise0p25_s9_a0p2_b0p7,42,scaling,0.1,0.25,9,0.2,1.7875,0.7583333333333333,0.7446913916002543,1.0625,0.7
full_seed42_scaling_0p1_noise0p25_s9_a0p3_b0p8,42,scaling,0.1,0.25,9,0.3,1.7875,0.7583333333333333,0.7446913916002543,1.0625,0.8
full_seed42_scaling_0p1_noise0p5_s13_a0p2_b0p7,42,scaling,0.1,0.5,13,0.2,2.216666666666667,0.4833333333333333,0.6981091097107952,4.991666666666666,0.7
full_seed42_scaling_0p1_noise0p5_s13_a0p3_b0p8,42,scaling,0.1,0.5,13,0.3,2.216666666666667,0.4833333333333333,0.6981091097107952,4.991666666666666,0.8
full_seed42_scaling_0p1_noise0p5_s5_a0p2_b0p7,42,scaling,0.1,0.5,5,0.2,1.4208333333333334,0.6333333333333333,0.7265293538607074,0.5375,0.7
full_seed42_scaling_0p1_noise0p5_s5_a0p3_b0p8,42,scaling,0.1,0.5,5,0.3,1.4208333333333334,0.6333333333333333,0.7265293538607074,0.5375,0.8
full_seed42_scaling_0p1_noise0p5_s9_a0p2_b0p7,42,scaling,0.1,0.5,9,0.2,1.9208333333333332,0.6708333333333333,0.7373069588270919,1.9583333333333333,0.7
full_seed42_scaling_0p1_noise0p5_s9_a0p3_b0p8,42,scaling,0.1,0.5,9,0.3,1.9208333333333332,0.6708333333333333,0.7373069588270919,1.9583333333333333,0.8
full_seed42_scaling_0p2_noise0p1_s13_a0p2_b0p7,42,scaling,0.2,0.1,13,0.2,2.095833333333333,0.2291666666666666,0.6186371263317859,2.504166666666667,0.7
full_seed42_scaling_0p2_noise0p1_s13_a0p3_b0p8,42,scaling,0.2,0.1,13,0.3,2.095833333333333,0.2291666666666666,0.6186371263317859,2.504166666666667,0.8
full_seed42_scaling_0p2_noise0p1_s5_a0p2_b0p7,42,scaling,0.2,0.1,5,0.2,1.0333333333333334,0.8875,0.769737072695775,0.0416666666666666,0.7
full_seed42_scaling_0p2_noise0p1_s5_a0p3_b0p8,42,scaling,0.2,0.1,5,0.3,1.0333333333333334,0.8875,0.769737072695775,0.0416666666666666,0.8
full_seed42_scaling_0p2_noise0p1_s9_a0p2_b0p7,42,scaling,0.2,0.1,9,0.2,1.7208333333333334,0.7833333333333333,0.7500899811849985,0.8208333333333333,0.7
full_seed42_scaling_0p2_noise0p1_s9_a0p3_b0p8,42,scaling,0.2,0.1,9,0.3,1.7208333333333334,0.7833333333333333,0.7500899811849985,0.8208333333333333,0.8
full_seed42_scaling_0p2_noise0p25_s13_a0p2_b0p7,42,scaling,0.2,0.25,13,0.2,2.2375,0.375,0.6722147998807496,3.6416666666666666,0.7
full_seed42_scaling_0p2_noise0p25_s13_a0p3_b0p8,42,scaling,0.2,0.25,13,0.3,2.2375,0.375,0.6722147998807496,3.6416666666666666,0.8
full_seed42_scaling_0p2_noise0p25_s5_a0p2_b0p7,42,scaling,0.2,0.25,5,0.2,1.125,0.7666666666666667,0.754961745927403,0.1458333333333333,0.7
full_seed42_scaling_0p2_noise0p25_s5_a0p3_b0p8,42,scaling,0.2,0.25,5,0.3,1.125,0.7666666666666667,0.754961745927403,0.1458333333333333,0.8
full_seed42_scaling_0p2_noise0p25_s9_a0p2_b0p7,42,scaling,0.2,0.25,9,0.2,1.8,0.775,0.7439749790416461,1.0875,0.7
full_seed42_scaling_0p2_noise0p25_s9_a0p3_b0p8,42,scaling,0.2,0.25,9,0.3,1.8,0.775,0.7439749790416461,1.0875,0.8
full_seed42_scaling_0p2_noise0p5_s13_a0p2_b0p7,42,scaling,0.2,0.5,13,0.2,2.216666666666667,0.4583333333333333,0.6995233423980669,5.120833333333334,0.7
full_seed42_scaling_0p2_noise0p5_s13_a0p3_b0p8,42,scaling,0.2,0.5,13,0.3,2.216666666666667,0.4583333333333333,0.6995233423980669,5.120833333333334,0.8
full_seed42_scaling_0p2_noise0p5_s5_a0p2_b0p7,42,scaling,0.2,0.5,5,0.2,1.4291666666666667,0.6541666666666667,0.726383577857883,0.5333333333333333,0.7
full_seed42_scaling_0p2_noise0p5_s5_a0p3_b0p8,42,scaling,0.2,0.5,5,0.3,1.4291666666666667,0.6541666666666667,0.726383577857883,0.5333333333333333,0.8
full_seed42_scaling_0p2_noise0p5_s9_a0p2_b0p7,42,scaling,0.2,0.5,9,0.2,1.9208333333333332,0.6875,0.739834736318562,2.025,0.7
full_seed42_scaling_0p2_noise0p5_s9_a0p3_b0p8,42,scaling,0.2,0.5,9,0.3,1.9208333333333332,0.6875,0.739834736318562,2.025,0.8
full_seed42_scaling_0p3_noise0p1_s13_a0p2_b0p7,42,scaling,0.3,0.1,13,0.2,2.129166666666667,0.2333333333333333,0.6206487352101677,2.566666666666667,0.7
full_seed42_scaling_0p3_noise0p1_s13_a0p3_b0p8,42,scaling,0.3,0.1,13,0.3,2.129166666666667,0.2333333333333333,0.6206487352101677,2.566666666666667,0.8
full_seed42_scaling_0p3_noise0p1_s5_a0p2_b0p7,42,scaling,0.3,0.1,5,0.2,1.0458333333333334,0.8625,0.766617729759874,0.0541666666666666,0.7
full_seed42_scaling_0p3_noise0p1_s5_a0p3_b0p8,42,scaling,0.3,0.1,5,0.3,1.0458333333333334,0.8625,0.766617729759874,0.0541666666666666,0.8
full_seed42_scaling_0p3_noise0p1_s9_a0p2_b0p7,42,scaling,0.3,0.1,9,0.2,1.7375,0.7708333333333334,0.7515322957968831,0.8666666666666667,0.7
full_seed42_scaling_0p3_noise0p1_s9_a0p3_b0p8,42,scaling,0.3,0.1,9,0.3,1.7375,0.7708333333333334,0.7515322957968831,0.8666666666666667,0.8
full_seed42_scaling_0p3_noise0p25_s13_a0p2_b0p7,42,scaling,0.3,0.25,13,0.2,2.283333333333333,0.3833333333333333,0.6745868153614879,3.808333333333333,0.7
full_seed42_scaling_0p3_noise0p25_s13_a0p3_b0p8,42,scaling,0.3,0.25,13,0.3,2.283333333333333,0.3833333333333333,0.6745868153614879,3.808333333333333,0.8
full_seed42_scaling_0p3_noise0p25_s5_a0p2_b0p7,42,scaling,0.3,0.25,5,0.2,1.1291666666666669,0.7541666666666667,0.7527621902276788,0.1625,0.7
full_seed42_scaling_0p3_noise0p25_s5_a0p3_b0p8,42,scaling,0.3,0.25,5,0.3,1.1291666666666669,0.7541666666666667,0.7527621902276788,0.1625,0.8
full_seed42_scaling_0p3_noise0p25_s9_a0p2_b0p7,42,scaling,0.3,0.25,9,0.2,1.8208333333333333,0.7541666666666667,0.7434373354063195,1.1166666666666667,0.7
full_seed42_scaling_0p3_noise0p25_s9_a0p3_b0p8,42,scaling,0.3,0.25,9,0.3,1.8208333333333333,0.7541666666666667,0.7434373354063195,1.1166666666666667,0.8
full_seed42_scaling_0p3_noise0p5_s13_a0p2_b0p7,42,scaling,0.3,0.5,13,0.2,2.2125,0.475,0.6938812603578547,5.091666666666667,0.7
full_seed42_scaling_0p3_noise0p5_s13_a0p3_b0p8,42,scaling,0.3,0.5,13,0.3,2.2125,0.475,0.6938812603578547,5.091666666666667,0.8
full_seed42_scaling_0p3_noise0p5_s5_a0p2_b0p7,42,scaling,0.3,0.5,5,0.2,1.45,0.6416666666666667,0.7269291911467218,0.5625,0.7
full_seed42_scaling_0p3_noise0p5_s5_a0p3_b0p8,42,scaling,0.3,0.5,5,0.3,1.45,0.6416666666666667,0.7269291911467218,0.5625,0.8
full_seed42_scaling_0p3_noise0p5_s9_a0p2_b0p7,42,scaling,0.3,0.5,9,0.2,1.925,0.6916666666666667,0.7390579402673377,2.0458333333333334,0.7
full_seed42_scaling_0p3_noise0p5_s9_a0p3_b0p8,42,scaling,0.3,0.5,9,0.3,1.925,0.6916666666666667,0.7390579402673377,2.0458333333333334,0.8
full_seed42_scaling_0p4_noise0p1_s13_a0p2_b0p7,42,scaling,0.4,0.1,13,0.2,2.145833333333333,0.25,0.6259318224946142,2.6666666666666665,0.7
full_seed42_scaling_0p4_noise0p1_s13_a0p3_b0p8,42,scaling,0.4,0.1,13,0.3,2.145833333333333,0.25,0.6259318224946142,2.6666666666666665,0.8
full_seed42_scaling_0p4_noise0p1_s5_a0p2_b0p7,42,scaling,0.4,0.1,5,0.2,1.0458333333333334,0.8625,0.766617729759874,0.0541666666666666,0.7
full_seed42_scaling_0p4_noise0p1_s5_a0p3_b0p8,42,scaling,0.4,0.1,5,0.3,1.0458333333333334,0.8625,0.766617729759874,0.0541666666666666,0.8
full_seed42_scaling_0p4_noise0p1_s9_a0p2_b0p7,42,scaling,0.4,0.1,9,0.2,1.7458333333333331,0.7625,0.7494212399218747,0.8666666666666667,0.7
full_seed42_scaling_0p4_noise0p1_s9_a0p3_b0p8,42,scaling,0.4,0.1,9,0.3,1.7458333333333331,0.7625,0.7494212399218747,0.8666666666666667,0.8
full_seed42_scaling_0p4_noise0p25_s13_a0p2_b0p7,42,scaling,0.4,0.25,13,0.2,2.283333333333333,0.3833333333333333,0.6763425764521103,3.870833333333333,0.7
full_seed42_scaling_0p4_noise0p25_s13_a0p3_b0p8,42,scaling,0.4,0.25,13,0.3,2.283333333333333,0.3833333333333333,0.6763425764521103,3.870833333333333,0.8
full_seed42_scaling_0p4_noise0p25_s5_a0p2_b0p7,42,scaling,0.4,0.25,5,0.2,1.1291666666666669,0.7541666666666667,0.7527621902276788,0.1625,0.7
full_seed42_scaling_0p4_noise0p25_s5_a0p3_b0p8,42,scaling,0.4,0.25,5,0.3,1.1291666666666669,0.7541666666666667,0.7527621902276788,0.1625,0.8
full_seed42_scaling_0p4_noise0p25_s9_a0p2_b0p7,42,scaling,0.4,0.25,9,0.2,1.8333333333333333,0.7291666666666666,0.7432649512499248,1.1375,0.7
full_seed42_scaling_0p4_noise0p25_s9_a0p3_b0p8,42,scaling,0.4,0.25,9,0.3,1.8333333333333333,0.7291666666666666,0.7432649512499248,1.1375,0.8
full_seed42_scaling_0p4_noise0p5_s13_a0p2_b0p7,42,scaling,0.4,0.5,13,0.2,2.208333333333333,0.4666666666666667,0.691855463668191,5.083333333333333,0.7
full_seed42_scaling_0p4_noise0p5_s13_a0p3_b0p8,42,scaling,0.4,0.5,13,0.3,2.208333333333333,0.4666666666666667,0.691855463668191,5.083333333333333,0.8
full_seed42_scaling_0p4_noise0p5_s5_a0p2_b0p7,42,scaling,0.4,0.5,5,0.2,1.45,0.6416666666666667,0.7269291911467218,0.5625,0.7
full_seed42_scaling_0p4_noise0p5_s5_a0p3_b0p8,42,scaling,0.4,0.5,5,0.3,1.45,0.6416666666666667,0.7269291911467218,0.5625,0.8
full_seed42_scaling_0p4_noise0p5_s9_a0p2_b0p7,42,scaling,0.4,0.5,9,0.2,1.9291666666666667,0.6625,0.7356930820053484,2.0416666666666665,0.7
full_seed42_scaling_0p4_noise0p5_s9_a0p3_b0p8,42,scaling,0.4,0.5,9,0.3,1.9291666666666667,0.6625,0.7356930820053484,2.0416666666666665,0.8
full_seed42_spike_0p0_noise0p1_s13_a0p2_b0p7,42,spike,0.0,0.1,13,0.2,1.9916666666666667,0.2166666666666666,0.6182749653657136,2.216666666666667,0.7
full_seed42_spike_0p0_noise0p1_s13_a0p3_b0p8,42,spike,0.0,0.1,13,0.3,1.9916666666666667,0.2166666666666666,0.6182749653657136,2.216666666666667,0.8
full_seed42_spike_0p0_noise0p1_s5_a0p2_b0p7,42,spike,0.0,0.1,5,0.2,1.0333333333333334,0.925,0.7782796500259875,0.0416666666666666,0.7
full_seed42_spike_0p0_noise0p1_s5_a0p3_b0p8,42,spike,0.0,0.1,5,0.3,1.0333333333333334,0.925,0.7782796500259875,0.0416666666666666,0.8
full_seed42_spike_0p0_noise0p1_s9_a0p2_b0p7,42,spike,0.0,0.1,9,0.2,1.6875,0.7958333333333333,0.7537238613826112,0.775,0.7
full_seed42_spike_0p0_noise0p1_s9_a0p3_b0p8,42,spike,0.0,0.1,9,0.3,1.6875,0.7958333333333333,0.7537238613826112,0.775,0.8
full_seed42_spike_0p0_noise0p25_s13_a0p2_b0p7,42,spike,0.0,0.25,13,0.2,2.2291666666666665,0.3708333333333333,0.674099229799589,3.4833333333333334,0.7
full_seed42_spike_0p0_noise0p25_s13_a0p3_b0p8,42,spike,0.0,0.25,13,0.3,2.2291666666666665,0.3708333333333333,0.674099229799589,3.4833333333333334,0.8
full_seed42_spike_0p0_noise0p25_s5_a0p2_b0p7,42,spike,0.0,0.25,5,0.2,1.1125,0.775,0.7588439419226182,0.1333333333333333,0.7
full_seed42_spike_0p0_noise0p25_s5_a0p3_b0p8,42,spike,0.0,0.25,5,0.3,1.1125,0.775,0.7588439419226182,0.1333333333333333,0.8
full_seed42_spike_0p0_noise0p25_s9_a0p2_b0p7,42,spike,0.0,0.25,9,0.2,1.7666666666666666,0.775,0.7472233369230438,1.0375,0.7
full_seed42_spike_0p0_noise0p25_s9_a0p3_b0p8,42,spike,0.0,0.25,9,0.3,1.7666666666666666,0.775,0.7472233369230438,1.0375,0.8
full_seed42_spike_0p0_noise0p5_s13_a0p2_b0p7,42,spike,0.0,0.5,13,0.2,2.2125,0.4708333333333333,0.6981394679552068,4.9,0.7
full_seed42_spike_0p0_noise0p5_s13_a0p3_b0p8,42,spike,0.0,0.5,13,0.3,2.2125,0.4708333333333333,0.6981394679552068,4.9,0.8
full_seed42_spike_0p0_noise0p5_s5_a0p2_b0p7,42,spike,0.0,0.5,5,0.2,1.4208333333333334,0.6333333333333333,0.7265293538607074,0.5375,0.7
full_seed42_spike_0p0_noise0p5_s5_a0p3_b0p8,42,spike,0.0,0.5,5,0.3,1.4208333333333334,0.6333333333333333,0.7265293538607074,0.5375,0.8
full_seed42_spike_0p0_noise0p5_s9_a0p2_b0p7,42,spike,0.0,0.5,9,0.2,1.9208333333333332,0.7041666666666667,0.7386935253048527,1.9708333333333332,0.7
full_seed42_spike_0p0_noise0p5_s9_a0p3_b0p8,42,spike,0.0,0.5,9,0.3,1.9208333333333332,0.7041666666666667,0.7386935253048527,1.9708333333333332,0.8
full_seed42_spike_0p1_noise0p1_s13_a0p2_b0p7,42,spike,0.1,0.1,13,0.2,2.083333333333333,0.2041666666666666,0.6155325592782888,2.7875,0.7
full_seed42_spike_0p1_noise0p1_s13_a0p3_b0p8,42,spike,0.1,0.1,13,0.3,2.083333333333333,0.2041666666666666,0.6155325592782888,2.7875,0.8
full_seed42_spike_0p1_noise0p1_s5_a0p2_b0p7,42,spike,0.1,0.1,5,0.2,1.0333333333333334,0.925,0.7782796500259875,0.0416666666666666,0.7
full_seed42_spike_0p1_noise0p1_s5_a0p3_b0p8,42,spike,0.1,0.1,5,0.3,1.0333333333333334,0.925,0.7782796500259875,0.0416666666666666,0.8
full_seed42_spike_0p1_noise0p1_s9_a0p2_b0p7,42,spike,0.1,0.1,9,0.2,1.7791666666666666,0.8041666666666667,0.7622258860654452,1.2791666666666666,0.7
full_seed42_spike_0p1_noise0p1_s9_a0p3_b0p8,42,spike,0.1,0.1,9,0.3,1.7791666666666666,0.8041666666666667,0.7622258860654452,1.2791666666666666,0.8
full_seed42_spike_0p1_noise0p25_s13_a0p2_b0p7,42,spike,0.1,0.25,13,0.2,2.2375,0.3625,0.6763481959179269,4.158333333333333,0.7
full_seed42_spike_0p1_noise0p25_s13_a0p3_b0p8,42,spike,0.1,0.25,13,0.3,2.2375,0.3625,0.6763481959179269,4.158333333333333,0.8
full_seed42_spike_0p1_noise0p25_s5_a0p2_b0p7,42,spike,0.1,0.25,5,0.2,1.1125,0.775,0.7588439419226182,0.1333333333333333,0.7
full_seed42_spike_0p1_noise0p25_s5_a0p3_b0p8,42,spike,0.1,0.25,5,0.3,1.1125,0.775,0.7588439419226182,0.1333333333333333,0.8
full_seed42_spike_0p1_noise0p25_s9_a0p2_b0p7,42,spike,0.1,0.25,9,0.2,1.85,0.7916666666666666,0.7558199209151548,1.575,0.7
full_seed42_spike_0p1_noise0p25_s9_a0p3_b0p8,42,spike,0.1,0.25,9,0.3,1.85,0.7916666666666666,0.7558199209151548,1.575,0.8
full_seed42_spike_0p1_noise0p5_s13_a0p2_b0p7,42,spike,0.1,0.5,13,0.2,2.145833333333333,0.4583333333333333,0.6789954606094402,5.195833333333334,0.7
full_seed42_spike_0p1_noise0p5_s13_a0p3_b0p8,42,spike,0.1,0.5,13,0.3,2.145833333333333,0.4583333333333333,0.6789954606094402,5.195833333333334,0.8
full_seed42_spike_0p1_noise0p5_s5_a0p2_b0p7,42,spike,0.1,0.5,5,0.2,1.4208333333333334,0.6333333333333333,0.7265293538607074,0.5375,0.7
full_seed42_spike_0p1_noise0p5_s5_a0p3_b0p8,42,spike,0.1,0.5,5,0.3,1.4208333333333334,0.6333333333333333,0.7265293538607074,0.5375,0.8
full_seed42_spike_0p1_noise0p5_s9_a0p2_b0p7,42,spike,0.1,0.5,9,0.2,1.95,0.7625,0.7528639563151268,2.575,0.7
full_seed42_spike_0p1_noise0p5_s9_a0p3_b0p8,42,spike,0.1,0.5,9,0.3,1.95,0.7625,0.7528639563151268,2.575,0.8
full_seed42_spike_0p2_noise0p1_s13_a0p2_b0p7,42,spike,0.2,0.1,13,0.2,1.975,0.35,0.6631752092496512,3.8875,0.7
full_seed42_spike_0p2_noise0p1_s13_a0p3_b0p8,42,spike,0.2,0.1,13,0.3,1.975,0.35,0.6631752092496512,3.8875,0.8
full_seed42_spike_0p2_noise0p1_s5_a0p2_b0p7,42,spike,0.2,0.1,5,0.2,1.4125,0.925,0.7793502016678886,0.475,0.7
full_seed42_spike_0p2_noise0p1_s5_a0p3_b0p8,42,spike,0.2,0.1,5,0.3,1.4125,0.925,0.7793502016678886,0.475,0.8
full_seed42_spike_0p2_noise0p1_s9_a0p2_b0p7,42,spike,0.2,0.1,9,0.2,1.7791666666666666,0.85,0.7751878237090821,1.8583333333333332,0.7
full_seed42_spike_0p2_noise0p1_s9_a0p3_b0p8,42,spike,0.2,0.1,9,0.3,1.7791666666666666,0.85,0.7751878237090821,1.8583333333333332,0.8
full_seed42_spike_0p2_noise0p25_s13_a0p2_b0p7,42,spike,0.2,0.25,13,0.2,1.9875,0.2916666666666667,0.6119870179190798,3.845833333333333,0.7
full_seed42_spike_0p2_noise0p25_s13_a0p3_b0p8,42,spike,0.2,0.25,13,0.3,1.9875,0.2916666666666667,0.6119870179190798,3.845833333333333,0.8
full_seed42_spike_0p2_noise0p25_s5_a0p2_b0p7,42,spike,0.2,0.25,5,0.2,1.4291666666666667,0.7958333333333333,0.7536586085412559,0.5375,0.7
full_seed42_spike_0p2_noise0p25_s5_a0p3_b0p8,42,spike,0.2,0.25,5,0.3,1.4291666666666667,0.7958333333333333,0.7536586085412559,0.5375,0.8
full_seed42_spike_0p2_noise0p25_s9_a0p2_b0p7,42,spike,0.2,0.25,9,0.2,1.8375,0.8375,0.765194682832306,2.1,0.7
full_seed42_spike_0p2_noise0p25_s9_a0p3_b0p8,42,spike,0.2,0.25,9,0.3,1.8375,0.8375,0.765194682832306,2.1,0.8
full_seed42_spike_0p2_noise0p5_s13_a0p2_b0p7,42,spike,0.2,0.5,13,0.2,1.9375,0.375,0.6014895568154693,4.533333333333333,0.7
full_seed42_spike_0p2_noise0p5_s13_a0p3_b0p8,42,spike,0.2,0.5,13,0.3,1.9375,0.375,0.6014895568154693,4.533333333333333,0.8
full_seed42_spike_0p2_noise0p5_s5_a0p2_b0p7,42,spike,0.2,0.5,5,0.2,1.5416666666666667,0.65,0.696593260258414,0.7541666666666667,0.7
full_seed42_spike_0p2_noise0p5_s5_a0p3_b0p8,42,spike,0.2,0.5,5,0.3,1.5416666666666667,0.65,0.696593260258414,0.7541666666666667,0.8
full_seed42_spike_0p2_noise0p5_s9_a0p2_b0p7,42,spike,0.2,0.5,9,0.2,1.8875,0.7375,0.7306075599353008,2.691666666666667,0.7
full_seed42_spike_0p2_noise0p5_s9_a0p3_b0p8,42,spike,0.2,0.5,9,0.3,1.8875,0.7375,0.7306075599353008,2.691666666666667,0.8
full_seed42_spike_0p3_noise0p1_s13_a0p2_b0p7,42,spike,0.3,0.1,13,0.2,1.8791666666666669,0.3791666666666666,0.6578846462403515,3.7708333333333335,0.7
full_seed42_spike_0p3_noise0p1_s13_a0p3_b0p8,42,spike,0.3,0.1,13,0.3,1.8791666666666669,0.3791666666666666,0.6578846462403515,3.7708333333333335,0.8
full_seed42_spike_0p3_noise0p1_s5_a0p2_b0p7,42,spike,0.3,0.1,5,0.2,1.1625,0.7041666666666667,0.6559393067423663,0.3125,0.7
full_seed42_spike_0p3_noise0p1_s5_a0p3_b0p8,42,spike,0.3,0.1,5,0.3,1.1625,0.7041666666666667,0.6559393067423663,0.3125,0.8
full_seed42_spike_0p3_noise0p1_s9_a0p2_b0p7,42,spike,0.3,0.1,9,0.2,1.7083333333333333,0.7958333333333333,0.7550901560872461,2.120833333333333,0.7
full_seed42_spike_0p3_noise0p1_s9_a0p3_b0p8,42,spike,0.3,0.1,9,0.3,1.7083333333333333,0.7958333333333333,0.7550901560872461,2.120833333333333,0.8
full_seed42_spike_0p3_noise0p25_s13_a0p2_b0p7,42,spike,0.3,0.25,13,0.2,1.9125,0.3083333333333333,0.5922023547816789,3.583333333333333,0.7
full_seed42_spike_0p3_noise0p25_s13_a0p3_b0p8,42,spike,0.3,0.25,13,0.3,1.9125,0.3083333333333333,0.5922023547816789,3.583333333333333,0.8
full_seed42_spike_0p3_noise0p25_s5_a0p2_b0p7,42,spike,0.3,0.25,5,0.2,1.1875,0.5875,0.6252780892749918,0.325,0.7
full_seed42_spike_0p3_noise0p25_s5_a0p3_b0p8,42,spike,0.3,0.25,5,0.3,1.1875,0.5875,0.6252780892749918,0.325,0.8
full_seed42_spike_0p3_noise0p25_s9_a0p2_b0p7,42,spike,0.3,0.25,9,0.2,1.7458333333333331,0.7541666666666667,0.7281337638475947,2.1791666666666667,0.7
full_seed42_spike_0p3_noise0p25_s9_a0p3_b0p8,42,spike,0.3,0.25,9,0.3,1.7458333333333331,0.7541666666666667,0.7281337638475947,2.1791666666666667,0.8
full_seed42_spike_0p3_noise0p5_s13_a0p2_b0p7,42,spike,0.3,0.5,13,0.2,1.8166666666666669,0.3166666666666666,0.5388728411877463,3.575,0.7
full_seed42_spike_0p3_noise0p5_s13_a0p3_b0p8,42,spike,0.3,0.5,13,0.3,1.8166666666666669,0.3166666666666666,0.5388728411877463,3.575,0.8
full_seed42_spike_0p3_noise0p5_s5_a0p2_b0p7,42,spike,0.3,0.5,5,0.2,1.325,0.4666666666666667,0.5650292450346039,0.4541666666666666,0.7
full_seed42_spike_0p3_noise0p5_s5_a0p3_b0p8,42,spike,0.3,0.5,5,0.3,1.325,0.4666666666666667,0.5650292450346039,0.4541666666666666,0.8
full_seed42_spike_0p3_noise0p5_s9_a0p2_b0p7,42,spike,0.3,0.5,9,0.2,1.7291666666666667,0.6083333333333333,0.6438351027512057,2.15,0.7
full_seed42_spike_0p3_noise0p5_s9_a0p3_b0p8,42,spike,0.3,0.5,9,0.3,1.7291666666666667,0.6083333333333333,0.6438351027512057,2.15,0.8
full_seed42_spike_0p4_noise0p1_s13_a0p2_b0p7,42,spike,0.4,0.1,13,0.2,1.8625,0.4083333333333333,0.671824821103112,3.941666666666667,0.7
full_seed42_spike_0p4_noise0p1_s13_a0p3_b0p8,42,spike,0.4,0.1,13,0.3,1.8625,0.4083333333333333,0.671824821103112,3.941666666666667,0.8
full_seed42_spike_0p4_noise0p1_s5_a0p2_b0p7,42,spike,0.4,0.1,5,0.2,1.1625,0.7041666666666667,0.6559393067423663,0.3125,0.7
full_seed42_spike_0p4_noise0p1_s5_a0p3_b0p8,42,spike,0.4,0.1,5,0.3,1.1625,0.7041666666666667,0.6559393067423663,0.3125,0.8
full_seed42_spike_0p4_noise0p1_s9_a0p2_b0p7,42,spike,0.4,0.1,9,0.2,1.4416666666666669,0.5291666666666667,0.57872535678964,0.8375,0.7
full_seed42_spike_0p4_noise0p1_s9_a0p3_b0p8,42,spike,0.4,0.1,9,0.3,1.4416666666666669,0.5291666666666667,0.57872535678964,0.8375,0.8
full_seed42_spike_0p4_noise0p25_s13_a0p2_b0p7,42,spike,0.4,0.25,13,0.2,1.8791666666666669,0.3166666666666666,0.5832398605697802,3.5125,0.7
full_seed42_spike_0p4_noise0p25_s13_a0p3_b0p8,42,spike,0.4,0.25,13,0.3,1.8791666666666669,0.3166666666666666,0.5832398605697802,3.5125,0.8
full_seed42_spike_0p4_noise0p25_s5_a0p2_b0p7,42,spike,0.4,0.25,5,0.2,1.1875,0.5875,0.6252780892749918,0.325,0.7
full_seed42_spike_0p4_noise0p25_s5_a0p3_b0p8,42,spike,0.4,0.25,5,0.3,1.1875,0.5875,0.6252780892749918,0.325,0.8
full_seed42_spike_0p4_noise0p25_s9_a0p2_b0p7,42,spike,0.4,0.25,9,0.2,1.475,0.4833333333333333,0.5492880729700943,0.7791666666666667,0.7
full_seed42_spike_0p4_noise0p25_s9_a0p3_b0p8,42,spike,0.4,0.25,9,0.3,1.475,0.4833333333333333,0.5492880729700943,0.7791666666666667,0.8
full_seed42_spike_0p4_noise0p5_s13_a0p2_b0p7,42,spike,0.4,0.5,13,0.2,1.7708333333333333,0.3,0.5144400876997521,3.270833333333333,0.7
full_seed42_spike_0p4_noise0p5_s13_a0p3_b0p8,42,spike,0.4,0.5,13,0.3,1.7708333333333333,0.3,0.5144400876997521,3.270833333333333,0.8
full_seed42_spike_0p4_noise0p5_s5_a0p2_b0p7,42,spike,0.4,0.5,5,0.2,1.325,0.4666666666666667,0.5650292450346039,0.4541666666666666,0.7
full_seed42_spike_0p4_noise0p5_s5_a0p3_b0p8,42,spike,0.4,0.5,5,0.3,1.325,0.4666666666666667,0.5650292450346039,0.4541666666666666,0.8
full_seed42_spike_0p4_noise0p5_s9_a0p2_b0p7,42,spike,0.4,0.5,9,0.2,1.5666666666666669,0.4375,0.53052665898455,1.3041666666666667,0.7
full_seed42_spike_0p4_noise0p5_s9_a0p3_b0p8,42,spike,0.4,0.5,9,0.3,1.5666666666666669,0.4375,0.53052665898455,1.3041666666666667,0.8
