scenario,seed,attack_type,attack_ratio,sensor_noise_level,sensors_per_group,alpha,method,mae,rmse,median_absolute_error,p95_absolute_error,max_absolute_error,beta
full_seed101_bias_0p0_noise0p1_s13_a0p2_b0p7,101,bias,0.0,0.1,13,0.2,fpr_owa,1.2005996835464343,1.2492934636752335,1.1936329513941824,1.6485568056889095,1.7438379620698026,0.7
full_seed101_bias_0p0_noise0p1_s13_a0p2_b0p7,101,bias,0.0,0.1,13,0.2,crp,1.1877601771624158,1.2371094014898707,1.1883887828454387,1.635837317338585,1.7438379620698026,0.7
full_seed101_bias_0p0_noise0p1_s13_a0p3_b0p8,101,bias,0.0,0.1,13,0.3,fpr_owa,1.459851850307026,1.5405262522493737,1.4105131735776282,2.0889440810659385,2.241185361713773,0.8
full_seed101_bias_0p0_noise0p1_s13_a0p3_b0p8,101,bias,0.0,0.1,13,0.3,crp,1.440287572443023,1.5271750436906302,1.4028897938218514,2.08293605775331,2.241185361713773,0.8
full_seed101_bias_0p0_noise0p1_s5_a0p2_b0p7,101,bias,0.0,0.1,5,0.2,fpr_owa,1.767117669704048,1.8354108405671965,1.6600840900874871,2.4665471628706577,2.623309323256321,0.7
full_seed101_bias_0p0_noise0p1_s5_a0p2_b0p7,101,bias,0.0,0.1,5,0.2,crp,1.7583147492140283,1.8273817930282,1.6580754871331331,2.4777751377541906,2.623309323256321,0.7
full_seed101_bias_0p0_noise0p1_s5_a0p3_b0p8,101,bias,0.0,0.1,5,0.3,fpr_owa,1.7626268134227294,1.838567579606963,1.6659867656620362,2.496622538502625,2.5856445900776754,0.8
full_seed101_bias_0p0_noise0p1_s5_a0p3_b0p8,101,bias,0.0,0.1,5,0.3,crp,1.7563653575760176,1.8335031514088616,1.6530875409769834,2.496879025256148,2.5856445900776754,0.8
full_seed101_bias_0p0_noise0p1_s9_a0p2_b0p7,101,bias,0.0,0.1,9,0.2,fpr_owa,1.7649217452909671,1.8188107961041775,1.6358181714411566,2.402411083444426,2.5208303773184952,0.7
full_seed101_bias_0p0_noise0p1_s9_a0p2_b0p7,101,bias,0.0,0.1,9,0.2,crp,1.7677308157061338,1.8218308355180128,1.6358181714411566,2.399961226922069,2.576401986691214,0.7
full_seed101_bias_0p0_noise0p1_s9_a0p3_b0p8,101,bias,0.0,0.1,9,0.3,fpr_owa,1.748512793146674,1.822359247104944,1.6160641797705488,2.483087558392486,2.621842066792208,0.8
full_seed101_bias_0p0_noise0p1_s9_a0p3_b0p8,101,bias,0.0,0.1,9,0.3,crp,1.7461224378799574,1.8204222190891608,1.6158505451348346,2.483087558392486,2.621842066792208,0.8
full_seed101_bias_0p0_noise0p25_s13_a0p2_b0p7,101,bias,0.0,0.25,13,0.2,fpr_owa,1.236562460285135,1.2956308708465365,1.2044535377120542,1.82105823882284,1.93807001433504,0.7
full_seed101_bias_0p0_noise0p25_s13_a0p2_b0p7,101,bias,0.0,0.25,13,0.2,crp,1.2366794009308997,1.3042606049311627,1.1897474359688858,1.845555351065817,2.3276117793909465,0.7
full_seed101_bias_0p0_noise0p25_s13_a0p3_b0p8,101,bias,0.0,0.25,13,0.3,fpr_owa,1.4423166327854453,1.5394491390162115,1.4096630712143363,2.215127343217554,2.402718544702593,0.8
full_seed101_bias_0p0_noise0p25_s13_a0p3_b0p8,101,bias,0.0,0.25,13,0.3,crp,1.4492908441025174,1.5545400267584244,1.430292656578684,2.231713600125154,2.5510609410608445,0.8
full_seed101_bias_0p0_noise0p25_s5_a0p2_b0p7,101,bias,0.0,0.25,5,0.2,fpr_owa,1.7336143413815548,1.8099001257236491,1.6922920438569655,2.55417172044426,2.7327033676123493,0.7
full_seed101_bias_0p0_noise0p25_s5_a0p2_b0p7,101,bias,0.0,0.25,5,0.2,crp,1.7299966585060598,1.80602551384638,1.6744679092833217,2.580396054162711,2.7327033676123493,0.7
full_seed101_bias_0p0_noise0p25_s5_a0p3_b0p8,101,bias,0.0,0.25,5,0.3,fpr_owa,1.7299506229173902,1.809798933912468,1.6661550456250218,2.56977910378971,2.767724316695624,0.8
full_seed101_bias_0p0_noise0p25_s5_a0p3_b0p8,101,bias,0.0,0.25,5,0.3,crp,1.7294943982864368,1.809381156735658,1.6661550456250218,2.56977910378971,2.767724316695624,0.8
full_seed101_bias_0p0_noise0p25_s9_a0p2_b0p7,101,bias,0.0,0.25,9,0.2,fpr_owa,1.7298027951227697,1.795488778870893,1.6024240184477152,2.4398284480022494,2.632631395399988,0.7
full_seed101_bias_0p0_noise0p25_s9_a0p2_b0p7,101,bias,0.0,0.25,9,0.2,crp,1.737917956124165,1.8031142332079328,1.62155292510189,2.4382238930928506,2.632631395399988,0.7
full_seed101_bias_0p0_noise0p25_s9_a0p3_b0p8,101,bias,0.0,0.25,9,0.3,fpr_owa,1.7256608562942817,1.7990798317672998,1.6358554405371024,2.4886343819454897,2.781453042917504,0.8
full_seed101_bias_0p0_noise0p25_s9_a0p3_b0p8,101,bias,0.0,0.25,9,0.3,crp,1.7270999853753042,1.8013554732723935,1.6219549311018078,2.4886343819454897,2.781453042917504,0.8
full_seed101_bias_0p0_noise0p5_s13_a0p2_b0p7,101,bias,0.0,0.5,13,0.2,fpr_owa,1.2839222170748892,1.3602123416225274,1.240801419563994,2.046768449975125,2.3782249001293287,0.7
full_seed101_bias_0p0_noise0p5_s13_a0p2_b0p7,101,bias,0.0,0.5,13,0.2,crp,1.3469367647989483,1.4410407567103185,1.3081896591059217,2.1695541157352447,2.7972124435405337,0.7
full_seed101_bias_0p0_noise0p5_s13_a0p3_b0p8,101,bias,0.0,0.5,13,0.3,fpr_owa,1.3542700790443412,1.4646362664908377,1.2917001243824369,2.3401931281901307,2.585645126688344,0.8
full_seed101_bias_0p0_noise0p5_s13_a0p3_b0p8,101,bias,0.0,0.5,13,0.3,crp,1.4701580850607432,1.5903970841222617,1.370410747220058,2.443208359256318,2.78431614965397,0.8
full_seed101_bias_0p0_noise0p5_s5_a0p2_b0p7,101,bias,0.0,0.5,5,0.2,fpr_owa,1.709271226509631,1.8044491280747168,1.6461929187271442,2.6895015239178703,3.020868080479137,0.7
full_seed101_bias_0p0_noise0p5_s5_a0p2_b0p7,101,bias,0.0,0.5,5,0.2,crp,1.6977680257380487,1.786412853073899,1.6542219708014434,2.686365356708609,2.939752255011405,0.7
full_seed101_bias_0p0_noise0p5_s5_a0p3_b0p8,101,bias,0.0,0.5,5,0.3,fpr_owa,1.703342370087818,1.80311874125599,1.6345246869770231,2.725174442138963,3.089570498033422,0.8
full_seed101_bias_0p0_noise0p5_s5_a0p3_b0p8,101,bias,0.0,0.5,5,0.3,crp,1.6984713077007167,1.798124387923469,1.6682790141262194,2.714984723815591,3.089570498033422,0.8
full_seed101_bias_0p0_noise0p5_s9_a0p2_b0p7,101,bias,0.0,0.5,9,0.2,fpr_owa,1.70044414129838,1.7783768765686925,1.641228448021633,2.5752813313069827,2.867533613785253,0.7
full_seed101_bias_0p0_noise0p5_s9_a0p2_b0p7,101,bias,0.0,0.5,9,0.2,crp,1.7114156066778192,1.7905355092555717,1.6579063381663528,2.543532151851908,3.006353600128937,0.7
full_seed101_bias_0p0_noise0p5_s9_a0p3_b0p8,101,bias,0.0,0.5,9,0.3,fpr_owa,1.6909088150660572,1.7716248152131142,1.5885115885765302,2.610265449817572,3.033435246204024,0.8
full_seed101_bias_0p0_noise0p5_s9_a0p3_b0p8,101,bias,0.0,0.5,9,0.3,crp,1.7009329545296437,1.782476974830095,1.6270844019495163,2.557419044988671,2.929954053037564,0.8
full_seed101_bias_0p1_noise0p1_s13_a0p2_b0p7,101,bias,0.1,0.1,13,0.2,fpr_owa,1.0945410120562316,1.1370475865085845,1.099567270216335,1.5976442639919717,1.7056900502596406,0.7
full_seed101_bias_0p1_noise0p1_s13_a0p2_b0p7,101,bias,0.1,0.1,13,0.2,crp,1.0901061247044497,1.134080742407784,1.0995082176363336,1.5542919754586515,1.7056900502596406,0.7
full_seed101_bias_0p1_noise0p1_s13_a0p3_b0p8,101,bias,0.1,0.1,13,0.3,fpr_owa,1.3699493307176762,1.438702433970864,1.348074613276969,2.033270501072068,2.142828786129591,0.8
full_seed101_bias_0p1_noise0p1_s13_a0p3_b0p8,101,bias,0.1,0.1,13,0.3,crp,1.361168492481096,1.4365627443470317,1.3403271975535258,2.007874941191323,2.142828786129591,0.8
full_seed101_bias_0p1_noise0p1_s5_a0p2_b0p7,101,bias,0.1,0.1,5,0.2,fpr_owa,1.767117669704048,1.8354108405671965,1.6600840900874871,2.4665471628706577,2.623309323256321,0.7
full_seed101_bias_0p1_noise0p1_s5_a0p2_b0p7,101,bias,0.1,0.1,5,0.2,crp,1.7583147492140283,1.8273817930282,1.6580754871331331,2.4777751377541906,2.623309323256321,0.7
full_seed101_bias_0p1_noise0p1_s5_a0p3_b0p8,101,bias,0.1,0.1,5,0.3,fpr_owa,1.7626268134227294,1.838567579606963,1.6659867656620362,2.496622538502625,2.5856445900776754,0.8
full_seed101_bias_0p1_noise0p1_s5_a0p3_b0p8,101,bias,0.1,0.1,5,0.3,crp,1.7563653575760176,1.8335031514088616,1.6530875409769834,2.496879025256148,2.5856445900776754,0.8
full_seed101_bias_0p1_noise0p1_s9_a0p2_b0p7,101,bias,0.1,0.1,9,0.2,fpr_owa,1.7131557465842209,1.7607889024167125,1.6216881717871552,2.3895547005391755,2.6068524826656265,0.7
full_seed101_bias_0p1_noise0p1_s9_a0p2_b0p7,101,bias,0.1,0.1,9,0.2,crp,1.730228268090667,1.779775438276084,1.636112664607994,2.391604754266902,2.6068524826656265,0.7
full_seed101_bias_0p1_noise0p1_s9_a0p3_b0p8,101,bias,0.1,0.1,9,0.3,fpr_owa,1.744239095612078,1.810534899220776,1.6160641797705488,2.4780983731805595,2.539427961443164,0.8
full_seed101_bias_0p1_noise0p1_s9_a0p3_b0p8,101,bias,0.1,0.1,9,0.3,crp,1.7441436193287747,1.8136066949789984,1.6144154849303962,2.479236558855026,2.596595539416615,0.8
full_seed101_bias_0p1_noise0p25_s13_a0p2_b0p7,101,bias,0.1,0.25,13,0.2,fpr_owa,1.134370672004685,1.184962124752771,1.1262025979673025,1.75234456813075,1.93807001433504,0.7
full_seed101_bias_0p1_noise0p25_s13_a0p2_b0p7,101,bias,0.1,0.25,13,0.2,crp,1.147788171598686,1.2073154499616496,1.1318714819000246,1.73663842480335,2.1513363446484868,0.7
full_seed101_bias_0p1_noise0p25_s13_a0p3_b0p8,101,bias,0.1,0.25,13,0.3,fpr_owa,1.3606577430636164,1.4449374455091757,1.3149504072830376,2.148530051422654,2.348715633380049,0.8
full_seed101_bias_0p1_noise0p25_s13_a0p3_b0p8,101,bias,0.1,0.25,13,0.3,crp,1.3691778020981886,1.467176688532594,1.342519119840976,2.1643611194375407,2.50459491054391,0.8
full_seed101_bias_0p1_noise0p25_s5_a0p2_b0p7,101,bias,0.1,0.25,5,0.2,fpr_owa,1.7336143413815548,1.8099001257236491,1.6922920438569655,2.55417172044426,2.7327033676123493,0.7
full_seed101_bias_0p1_noise0p25_s5_a0p2_b0p7,101,bias,0.1,0.25,5,0.2,crp,1.7299966585060598,1.80602551384638,1.6744679092833217,2.580396054162711,2.7327033676123493,0.7
full_seed101_bias_0p1_noise0p25_s5_a0p3_b0p8,101,bias,0.1,0.25,5,0.3,fpr_owa,1.7299506229173902,1.809798933912468,1.6661550456250218,2.56977910378971,2.767724316695624,0.8
full_seed101_bias_0p1_noise0p25_s5_a0p3_b0p8,101,bias,0.1,0.25,5,0.3,crp,1.7294943982864368,1.809381156735658,1.6661550456250218,2.56977910378971,2.767724316695624,0.8
full_seed101_bias_0p1_noise0p25_s9_a0p2_b0p7,101,bias,0.1,0.25,9,0.2,fpr_owa,1.6879290218740823,1.7475129365778548,1.5943346499091635,2.411736744351193,2.5823984057279774,0.7
full_seed101_bias_0p1_noise0p25_s9_a0p2_b0p7,101,bias,0.1,0.25,9,0.2,crp,1.712113866324647,1.774101060503532,1.6395838415346573,2.4216905112651856,2.6245915270813787,0.7
full_seed101_bias_0p1_noise0p25_s9_a0p3_b0p8,101,bias,0.1,0.25,9,0.3,fpr_owa,1.725427253212176,1.7956921250954652,1.611748537758249,2.453655764154209,2.671886585904733,0.8
full_seed101_bias_0p1_noise0p25_s9_a0p3_b0p8,101,bias,0.1,0.25,9,0.3,crp,1.7287050873510168,1.8015684213443264,1.6085728558567252,2.453244136204664,2.717469723365046,0.8
full_seed101_bias_0p1_noise0p5_s13_a0p2_b0p7,101,bias,0.1,0.5,13,0.2,fpr_owa,1.2072584099527317,1.273721972248634,1.164900758904721,1.8874874349884891,2.221630566581403,0.7
full_seed101_bias_0p1_noise0p5_s13_a0p2_b0p7,101,bias,0.1,0.5,13,0.2,crp,1.2729110654319593,1.361849688152641,1.2398331360018893,2.101824695955534,2.7972124435405337,0.7
full_seed101_bias_0p1_noise0p5_s13_a0p3_b0p8,101,bias,0.1,0.5,13,0.3,fpr_owa,1.325444308251786,1.4215220887269708,1.2768421337661944,2.1780102585617818,2.4987166291150835,0.8
full_seed101_bias_0p1_noise0p5_s13_a0p3_b0p8,101,bias,0.1,0.5,13,0.3,crp,1.415923309768049,1.528859060123937,1.3486714435259324,2.328430508373285,2.774326123025368,0.8
full_seed101_bias_0p1_noise0p5_s5_a0p2_b0p7,101,bias,0.1,0.5,5,0.2,fpr_owa,1.709271226509631,1.8044491280747168,1.6461929187271442,2.6895015239178703,3.020868080479137,0.7
full_seed101_bias_0p1_noise0p5_s5_a0p2_b0p7,101,bias,0.1,0.5,5,0.2,crp,1.6977680257380487,1.786412853073899,1.6542219708014434,2.686365356708609,2.939752255011405,0.7
full_seed101_bias_0p1_noise0p5_s5_a0p3_b0p8,101,bias,0.1,0.5,5,0.3,fpr_owa,1.703342370087818,1.80311874125599,1.6345246869770231,2.725174442138963,3.089570498033422,0.8
full_seed101_bias_0p1_noise0p5_s5_a0p3_b0p8,101,bias,0.1,0.5,5,0.3,crp,1.6984713077007167,1.798124387923469,1.6682790141262194,2.714984723815591,3.089570498033422,0.8
full_seed101_bias_0p1_noise0p5_s9_a0p2_b0p7,101,bias,0.1,0.5,9,0.2,fpr_owa,1.6740815376245135,1.7484949178543567,1.5876695195774304,2.4759125240650213,2.774723130858848,0.7
full_seed101_bias_0p1_noise0p5_s9_a0p2_b0p7,101,bias,0.1,0.5,9,0.2,crp,1.6837316220593113,1.7672331356067306,1.648320674127416,2.5658926188401097,3.083724716683361,0.7
full_seed101_bias_0p1_noise0p5_s9_a0p3_b0p8,101,bias,0.1,0.5,9,0.3,fpr_owa,1.7002527703064454,1.7793274287900822,1.6326205385463677,2.60260037386507,2.899386382569466,0.8
full_seed101_bias_0p1_noise0p5_s9_a0p3_b0p8,101,bias,0.1,0.5,9,0.3,crp,1.7060378837126433,1.789499496618965,1.6271993701617296,2.591585717991181,2.9902630368716845,0.8
full_seed101_bias_0p2_noise0p1_s13_a0p2_b0p7,101,bias,0.2,0.1,13,0.2,fpr_owa,0.9798105620883404,1.0403060853043713,0.8891274085871712,1.5976442639919717,1.7056900502596406,0.7
full_seed101_bias_0p2_noise0p1_s13_a0p2_b0p7,101,bias,0.2,0.1,13,0.2,crp,0.9449548679523254,1.0094634374824802,0.8661331217713601,1.5542919754586515,1.7056900502596406,0.7
full_seed101_bias_0p2_noise0p1_s13_a0p3_b0p8,101,bias,0.2,0.1,13,0.3,fpr_owa,1.145571566714465,1.247681749391894,1.0099968070706522,2.033270501072068,2.142828786129591,0.8
full_seed101_bias_0p2_noise0p1_s13_a0p3_b0p8,101,bias,0.2,0.1,13,0.3,crp,1.1182917131698076,1.2271604958198885,1.0528722941034545,2.00664658196328,2.142828786129591,0.8
full_seed101_bias_0p2_noise0p1_s5_a0p2_b0p7,101,bias,0.2,0.1,5,0.2,fpr_owa,1.7137869759559945,1.7795393424278434,1.6009027411088603,2.4449080454817262,2.605168287783102,0.7
full_seed101_bias_0p2_noise0p1_s5_a0p2_b0p7,101,bias,0.2,0.1,5,0.2,crp,1.7214194168704338,1.7917318655897083,1.6078917213798545,2.4777751377541906,2.8979599746531592,0.7
full_seed101_bias_0p2_noise0p1_s5_a0p3_b0p8,101,bias,0.2,0.1,5,0.3,fpr_owa,1.7465013778979313,1.815729063950368,1.646020178650197,2.4769472000329715,2.5855766739862327,0.8
full_seed101_bias_0p2_noise0p1_s5_a0p3_b0p8,101,bias,0.2,0.1,5,0.3,crp,1.741430204248469,1.8151556144198504,1.6417597420778651,2.5155978330495845,2.7177483177364645,0.8
full_seed101_bias_0p2_noise0p1_s9_a0p2_b0p7,101,bias,0.2,0.1,9,0.2,fpr_owa,1.6229969839786564,1.6731800006743869,1.5098584284162573,2.3802103808800967,2.504841460449386,0.7
full_seed101_bias_0p2_noise0p1_s9_a0p2_b0p7,101,bias,0.2,0.1,9,0.2,crp,1.658519711035185,1.7094987566562063,1.5915150811948968,2.380166819628272,2.586173033493206,0.7
full_seed101_bias_0p2_noise0p1_s9_a0p3_b0p8,101,bias,0.2,0.1,9,0.3,fpr_owa,1.666878832051958,1.729147550283599,1.5638040939910431,2.4709163614723675,2.539427961443164,0.8
full_seed101_bias_0p2_noise0p1_s9_a0p3_b0p8,101,bias,0.2,0.1,9,0.3,crp,1.6866787707592863,1.752083172349637,1.5820205063562802,2.4780983731805595,2.539427961443164,0.8
full_seed101_bias_0p2_noise0p25_s13_a0p2_b0p7,101,bias,0.2,0.25,13,0.2,fpr_owa,1.002751431652364,1.0771860368329285,0.925067235325392,1.7598419083712806,1.93807001433504,0.7
full_seed101_bias_0p2_noise0p25_s13_a0p2_b0p7,101,bias,0.2,0.25,13,0.2,crp,1.0007481543230383,1.08098839374141,0.9665576576531532,1.6729403194349346,2.1513363446484868,0.7
full_seed101_bias_0p2_noise0p25_s13_a0p3_b0p8,101,bias,0.2,0.25,13,0.3,fpr_owa,1.138027277995512,1.2464620970861282,0.9999972206977612,2.148530051422654,2.348715633380049,0.8
full_seed101_bias_0p2_noise0p25_s13_a0p3_b0p8,101,bias,0.2,0.25,13,0.3,crp,1.143699111314848,1.2651598471291334,1.0309462605314048,2.1485055290512727,2.50459491054391,0.8
full_seed101_bias_0p2_noise0p25_s5_a0p2_b0p7,101,bias,0.2,0.25,5,0.2,fpr_owa,1.693356201101288,1.7643673400350972,1.5924318401393318,2.4945243726440607,2.713322161879084,0.7
full_seed101_bias_0p2_noise0p25_s5_a0p2_b0p7,101,bias,0.2,0.25,5,0.2,crp,1.7374889697353963,1.8138634054930387,1.65426558067026,2.547079475770939,2.91816033447149,0.7
full_seed101_bias_0p2_noise0p25_s5_a0p3_b0p8,101,bias,0.2,0.25,5,0.3,fpr_owa,1.7268151803120182,1.8003055069833422,1.6325889233925834,2.533361552251704,2.767724316695624,0.8
full_seed101_bias_0p2_noise0p25_s5_a0p3_b0p8,101,bias,0.2,0.25,5,0.3,crp,1.734645598357278,1.810462301373663,1.6548274204695437,2.5486941226985915,2.767724316695624,0.8
full_seed101_bias_0p2_noise0p25_s9_a0p2_b0p7,101,bias,0.2,0.25,9,0.2,fpr_owa,1.624887379113754,1.6896756969515827,1.5147816129314686,2.4324882517854496,3.0701399908280944,0.7
full_seed101_bias_0p2_noise0p25_s9_a0p2_b0p7,101,bias,0.2,0.25,9,0.2,crp,1.6895666825337474,1.755219252294426,1.598534650772143,2.4755888036695906,2.953118840197096,0.7
full_seed101_bias_0p2_noise0p25_s9_a0p3_b0p8,101,bias,0.2,0.25,9,0.3,fpr_owa,1.663161673497533,1.730350536258689,1.538752725886162,2.4317161055377188,2.741795684953831,0.8
full_seed101_bias_0p2_noise0p25_s9_a0p3_b0p8,101,bias,0.2,0.25,9,0.3,crp,1.6839541819292114,1.7551024004230806,1.5724325817969635,2.451039614810244,2.78689095783464,0.8
full_seed101_bias_0p2_noise0p5_s13_a0p2_b0p7,101,bias,0.2,0.5,13,0.2,fpr_owa,1.0745553698992794,1.1698901230622811,1.0294662004766575,1.8718843985509568,2.3691642861580315,0.7
full_seed101_bias_0p2_noise0p5_s13_a0p2_b0p7,101,bias,0.2,0.5,13,0.2,crp,1.18279764136745,1.2891227168853907,1.1231232671866562,2.094589256176725,2.9556029871525724,0.7
full_seed101_bias_0p2_noise0p5_s13_a0p3_b0p8,101,bias,0.2,0.5,13,0.3,fpr_owa,1.1324984301331535,1.244175371475511,1.033924722124861,2.1256516406144925,3.033902587784595,0.8
full_seed101_bias_0p2_noise0p5_s13_a0p3_b0p8,101,bias,0.2,0.5,13,0.3,crp,1.2196147684329226,1.356398956928108,1.1221053041325528,2.306296331413535,2.774326123025368,0.8
full_seed101_bias_0p2_noise0p5_s5_a0p2_b0p7,101,bias,0.2,0.5,5,0.2,fpr_owa,1.67296640555292,1.7598802145444017,1.5775002723468172,2.558268149259076,3.020868080479137,0.7
full_seed101_bias_0p2_noise0p5_s5_a0p2_b0p7,101,bias,0.2,0.5,5,0.2,crp,1.7348555871562608,1.828778979259563,1.6696186659009429,2.6862634164945,3.296729354272014,0.7
full_seed101_bias_0p2_noise0p5_s5_a0p3_b0p8,101,bias,0.2,0.5,5,0.3,fpr_owa,1.712722644043706,1.8042581463980296,1.651041500278442,2.6756641174090787,3.089570498033422,0.8
full_seed101_bias_0p2_noise0p5_s5_a0p3_b0p8,101,bias,0.2,0.5,5,0.3,crp,1.7112502495809565,1.8090234367127744,1.6913991884720154,2.7055094669399726,3.089570498033422,0.8
full_seed101_bias_0p2_noise0p5_s9_a0p2_b0p7,101,bias,0.2,0.5,9,0.2,fpr_owa,1.643418115654815,1.732407798037465,1.5408889685436915,2.625378007415964,3.585793215755493,0.7
full_seed101_bias_0p2_noise0p5_s9_a0p2_b0p7,101,bias,0.2,0.5,9,0.2,crp,1.7409386327679346,1.835080361906435,1.6992695366276327,2.7082120834479477,3.8405408158056695,0.7
full_seed101_bias_0p2_noise0p5_s9_a0p3_b0p8,101,bias,0.2,0.5,9,0.3,fpr_owa,1.6566365984650242,1.7360025869996492,1.5631541072171211,2.584237882047676,2.964108270147804,0.8
full_seed101_bias_0p2_noise0p5_s9_a0p3_b0p8,101,bias,0.2,0.5,9,0.3,crp,1.6845595854919289,1.772469150190149,1.6072827995462462,2.6335162110621777,3.175775563858035,0.8
full_seed101_bias_0p3_noise0p1_s13_a0p2_b0p7,101,bias,0.3,0.1,13,0.2,fpr_owa,1.195270206395294,1.2273574111018626,1.1999700094968535,1.603376899036027,1.7056900502596406,0.7
full_seed101_bias_0p3_noise0p1_s13_a0p2_b0p7,101,bias,0.3,0.1,13,0.2,crp,1.1175639972233844,1.1680625199509718,1.1289656322388573,1.5949942922735691,1.7562129529016022,0.7
full_seed101_bias_0p3_noise0p1_s13_a0p3_b0p8,101,bias,0.3,0.1,13,0.3,fpr_owa,1.0472724382639464,1.1939398766951272,0.8911459995950823,2.033270501072068,2.142828786129591,0.8
full_seed101_bias_0p3_noise0p1_s13_a0p3_b0p8,101,bias,0.3,0.1,13,0.3,crp,1.0141608899453898,1.1561881554084348,0.8266142857765952,1.9950495695702188,2.142828786129591,0.8
full_seed101_bias_0p3_noise0p1_s5_a0p2_b0p7,101,bias,0.3,0.1,5,0.2,fpr_owa,2.30536101452348,2.4712255721894447,2.3481020394723235,3.857129154402629,4.021662643008527,0.7
full_seed101_bias_0p3_noise0p1_s5_a0p2_b0p7,101,bias,0.3,0.1,5,0.2,crp,2.224164548574848,2.3967364444781225,2.2153800432842887,3.890973561343059,4.490239187463662,0.7
full_seed101_bias_0p3_noise0p1_s5_a0p3_b0p8,101,bias,0.3,0.1,5,0.3,fpr_owa,1.9995824487508471,2.0956040140571544,1.977457959384276,3.102679330001708,3.2707927675086617,0.8
full_seed101_bias_0p3_noise0p1_s5_a0p3_b0p8,101,bias,0.3,0.1,5,0.3,crp,1.985037292690729,2.100868976282994,1.9463775860353527,3.124935848948051,4.520266174406023,0.8
full_seed101_bias_0p3_noise0p1_s9_a0p2_b0p7,101,bias,0.3,0.1,9,0.2,fpr_owa,1.9339695944024529,1.9961326502195809,1.936366117463456,2.728483033155865,2.8856628646521503,0.7
full_seed101_bias_0p3_noise0p1_s9_a0p2_b0p7,101,bias,0.3,0.1,9,0.2,crp,1.8921883251334413,1.9610835481372109,1.889936889802875,2.77222281310606,3.1927089750683533,0.7
full_seed101_bias_0p3_noise0p1_s9_a0p3_b0p8,101,bias,0.3,0.1,9,0.3,fpr_owa,1.629053715424894,1.6904873805080467,1.5177154006771214,2.4709163614723675,2.539427961443164,0.8
full_seed101_bias_0p3_noise0p1_s9_a0p3_b0p8,101,bias,0.3,0.1,9,0.3,crp,1.649439024885626,1.7129804689304295,1.539688530795855,2.477505294384151,2.539427961443164,0.8
full_seed101_bias_0p3_noise0p25_s13_a0p2_b0p7,101,bias,0.3,0.25,13,0.2,fpr_owa,1.2117147620169,1.2538455678435625,1.208536474943161,1.7632989542236357,2.2648107955012766,0.7
full_seed101_bias_0p3_noise0p25_s13_a0p2_b0p7,101,bias,0.3,0.25,13,0.2,crp,1.1365932201372766,1.2110256176753056,1.1357303431578676,1.781823870075436,2.211177722884905,0.7
full_seed101_bias_0p3_noise0p25_s13_a0p3_b0p8,101,bias,0.3,0.25,13,0.3,fpr_owa,1.0329927198736648,1.190633665510172,0.9135930699157148,2.148530051422654,2.348715633380049,0.8
full_seed101_bias_0p3_noise0p25_s13_a0p3_b0p8,101,bias,0.3,0.25,13,0.3,crp,1.0402992079342783,1.187891420266749,0.9210100694670256,2.118515245219286,2.50459491054391,0.8
full_seed101_bias_0p3_noise0p25_s5_a0p2_b0p7,101,bias,0.3,0.25,5,0.2,fpr_owa,2.26426460786899,2.4320440648265857,2.2895568640239308,3.755877172272047,4.089892749263723,0.7
full_seed101_bias_0p3_noise0p25_s5_a0p2_b0p7,101,bias,0.3,0.25,5,0.2,crp,2.1737739977840915,2.3663223800101214,2.008995929064179,3.856008789665215,5.723833454378739,0.7
full_seed101_bias_0p3_noise0p25_s5_a0p3_b0p8,101,bias,0.3,0.25,5,0.3,fpr_owa,1.962661068921756,2.0603340049340253,1.9474957875925047,3.0150265003683017,3.356559521571116,0.8
full_seed101_bias_0p3_noise0p25_s5_a0p3_b0p8,101,bias,0.3,0.25,5,0.3,crp,1.9786519712985653,2.1362513952891447,1.868901147889998,3.110964775268089,5.774612929725319,0.8
full_seed101_bias_0p3_noise0p25_s9_a0p2_b0p7,101,bias,0.3,0.25,9,0.2,fpr_owa,1.9182759041184776,1.995743781287376,1.935348055667319,2.764961302244434,3.8957933064215537,0.7
full_seed101_bias_0p3_noise0p25_s9_a0p2_b0p7,101,bias,0.3,0.25,9,0.2,crp,1.900427836933912,2.0031941575004746,1.8274273959637504,2.931439086126969,4.222277267502045,0.7
full_seed101_bias_0p3_noise0p25_s9_a0p3_b0p8,101,bias,0.3,0.25,9,0.3,fpr_owa,1.6416137120148198,1.715789588541181,1.534226511205273,2.4640197873819445,3.62678250755328,0.8
full_seed101_bias_0p3_noise0p25_s9_a0p3_b0p8,101,bias,0.3,0.25,9,0.3,crp,1.6880411800447106,1.767437624620213,1.6004030298078986,2.496515606243566,3.4985904489023407,0.8
full_seed101_bias_0p3_noise0p5_s13_a0p2_b0p7,101,bias,0.3,0.5,13,0.2,fpr_owa,1.2557508118206528,1.3216023844538252,1.240801419563994,2.015274085532845,2.434935337336376,0.7
full_seed101_bias_0p3_noise0p5_s13_a0p2_b0p7,101,bias,0.3,0.5,13,0.2,crp,1.3551764737626537,1.550085393355517,1.2113025329499312,2.425121196009382,5.14479093990628,0.7
full_seed101_bias_0p3_noise0p5_s13_a0p3_b0p8,101,bias,0.3,0.5,13,0.3,fpr_owa,1.0572320507821062,1.2108981858313252,0.950582730584552,2.178583281858926,2.523261703660225,0.8
full_seed101_bias_0p3_noise0p5_s13_a0p3_b0p8,101,bias,0.3,0.5,13,0.3,crp,1.2884438722849796,1.5403525285748525,1.1106024911991683,2.443208359256318,5.674430023723115,0.8
full_seed101_bias_0p3_noise0p5_s5_a0p2_b0p7,101,bias,0.3,0.5,5,0.2,fpr_owa,2.1981102249790547,2.366284580931799,2.2217596921489497,3.6526923030679934,4.24440332519552,0.7
full_seed101_bias_0p3_noise0p5_s5_a0p2_b0p7,101,bias,0.3,0.5,5,0.2,crp,2.1448392181738627,2.363440937415647,1.9196515483931336,4.170150982214604,5.729916351373929,0.7
full_seed101_bias_0p3_noise0p5_s5_a0p3_b0p8,101,bias,0.3,0.5,5,0.3,fpr_owa,1.9304402045592133,2.041578080398037,1.911729764638196,3.042518654848751,3.733496089358624,0.8
full_seed101_bias_0p3_noise0p5_s5_a0p3_b0p8,101,bias,0.3,0.5,5,0.3,crp,2.031112657908028,2.2654053392963998,1.8141665693447155,4.268749980842682,6.1252712836264,0.8
full_seed101_bias_0p3_noise0p5_s9_a0p2_b0p7,101,bias,0.3,0.5,9,0.2,fpr_owa,1.934327891131308,2.046380167141249,1.917694370698539,3.02409587590058,4.367946057071332,0.7
full_seed101_bias_0p3_noise0p5_s9_a0p2_b0p7,101,bias,0.3,0.5,9,0.2,crp,1.9679523635735243,2.13782383003971,1.8344206558582044,3.691593494300927,5.151720005016816,0.7
full_seed101_bias_0p3_noise0p5_s9_a0p3_b0p8,101,bias,0.3,0.5,9,0.3,fpr_owa,1.6897343072660935,1.792331087563826,1.557837512059837,2.793560161549488,3.722369282818158,0.8
full_seed101_bias_0p3_noise0p5_s9_a0p3_b0p8,101,bias,0.3,0.5,9,0.3,crp,1.807454334638769,1.95299293060925,1.679533776112733,3.0021481837844406,5.823843336115083,0.8
full_seed101_bias_0p4_noise0p1_s13_a0p2_b0p7,101,bias,0.4,0.1,13,0.2,fpr_owa,1.507802291813456,1.5930028192464074,1.5274600531484552,2.2572720466494856,2.390195862371012,0.7
full_seed101_bias_0p4_noise0p1_s13_a0p2_b0p7,101,bias,0.4,0.1,13,0.2,crp,1.418860954546105,1.527154378159847,1.422011000960279,2.3422226999981755,2.7838193775567586,0.7
full_seed101_bias_0p4_noise0p1_s13_a0p3_b0p8,101,bias,0.4,0.1,13,0.3,fpr_owa,1.2517744244929263,1.3196785038512873,1.1378893448914564,2.033270501072068,2.142828786129591,0.8
full_seed101_bias_0p4_noise0p1_s13_a0p3_b0p8,101,bias,0.4,0.1,13,0.3,crp,1.1632648154527725,1.263325535964536,1.1362218770427095,1.9950495695702188,2.142828786129591,0.8
full_seed101_bias_0p4_noise0p1_s5_a0p2_b0p7,101,bias,0.4,0.1,5,0.2,fpr_owa,2.30536101452348,2.4712255721894447,2.3481020394723235,3.857129154402629,4.021662643008527,0.7
full_seed101_bias_0p4_noise0p1_s5_a0p2_b0p7,101,bias,0.4,0.1,5,0.2,crp,2.224164548574848,2.3967364444781225,2.2153800432842887,3.890973561343059,4.490239187463662,0.7
full_seed101_bias_0p4_noise0p1_s5_a0p3_b0p8,101,bias,0.4,0.1,5,0.3,fpr_owa,1.9995824487508471,2.0956040140571544,1.977457959384276,3.102679330001708,3.2707927675086617,0.8
full_seed101_bias_0p4_noise0p1_s5_a0p3_b0p8,101,bias,0.4,0.1,5,0.3,crp,1.985037292690729,2.100868976282994,1.9463775860353527,3.124935848948051,4.520266174406023,0.8
full_seed101_bias_0p4_noise0p1_s9_a0p2_b0p7,101,bias,0.4,0.1,9,0.2,fpr_owa,2.2867076924949545,2.430509222208748,2.2704013710352573,3.6034584016397457,3.765175296508037,0.7
full_seed101_bias_0p4_noise0p1_s9_a0p2_b0p7,101,bias,0.4,0.1,9,0.2,crp,2.294001786592702,2.474599947832169,2.167299787328544,3.7585651810743466,5.371791017053186,0.7
full_seed101_bias_0p4_noise0p1_s9_a0p3_b0p8,101,bias,0.4,0.1,9,0.3,fpr_owa,1.9498934878519985,2.029095550684464,1.973568525342269,2.812764797893313,2.973265641931511,0.8
full_seed101_bias_0p4_noise0p1_s9_a0p3_b0p8,101,bias,0.4,0.1,9,0.3,crp,2.017783411530836,2.183114657969613,1.9420339610961737,2.985805165047553,5.821690545110783,0.8
full_seed101_bias_0p4_noise0p25_s13_a0p2_b0p7,101,bias,0.4,0.25,13,0.2,fpr_owa,1.5029131863391203,1.585721425860236,1.59037821855466,2.244651254188885,2.8801954108858925,0.7
full_seed101_bias_0p4_noise0p25_s13_a0p2_b0p7,101,bias,0.4,0.25,13,0.2,crp,1.4373024945236272,1.5958822722867256,1.390429021280768,2.579632972134355,5.316654649627567,0.7
full_seed101_bias_0p4_noise0p25_s13_a0p3_b0p8,101,bias,0.4,0.25,13,0.3,fpr_owa,1.234605705265136,1.3157049360568338,1.1080723581602967,2.148530051422654,2.348715633380049,0.8
full_seed101_bias_0p4_noise0p25_s13_a0p3_b0p8,101,bias,0.4,0.25,13,0.3,crp,1.1917683317357557,1.3526547702180454,1.1208872193022876,2.1485055290512727,5.075542974208987,0.8
full_seed101_bias_0p4_noise0p25_s5_a0p2_b0p7,101,bias,0.4,0.25,5,0.2,fpr_owa,2.26426460786899,2.4320440648265857,2.2895568640239308,3.755877172272047,4.089892749263723,0.7
full_seed101_bias_0p4_noise0p25_s5_a0p2_b0p7,101,bias,0.4,0.25,5,0.2,crp,2.1737739977840915,2.3663223800101214,2.008995929064179,3.856008789665215,5.723833454378739,0.7
full_seed101_bias_0p4_noise0p25_s5_a0p3_b0p8,101,bias,0.4,0.25,5,0.3,fpr_owa,1.962661068921756,2.0603340049340253,1.9474957875925047,3.0150265003683017,3.356559521571116,0.8
full_seed101_bias_0p4_noise0p25_s5_a0p3_b0p8,101,bias,0.4,0.25,5,0.3,crp,1.9786519712985653,2.1362513952891447,1.868901147889998,3.110964775268089,5.774612929725319,0.8
full_seed101_bias_0p4_noise0p25_s9_a0p2_b0p7,101,bias,0.4,0.25,9,0.2,fpr_owa,2.269331180320983,2.430079490102679,2.2398437230461936,3.6394237012477975,4.722180944750449,0.7
full_seed101_bias_0p4_noise0p25_s9_a0p2_b0p7,101,bias,0.4,0.25,9,0.2,crp,2.268074266486434,2.4787104656603307,2.123819918194182,4.347249794786939,5.292926699926484,0.7
full_seed101_bias_0p4_noise0p25_s9_a0p3_b0p8,101,bias,0.4,0.25,9,0.3,fpr_owa,1.9585040663141,2.055146763196042,1.9835144114816647,2.862194640391834,4.041621060275768,0.8
full_seed101_bias_0p4_noise0p25_s9_a0p3_b0p8,101,bias,0.4,0.25,9,0.3,crp,2.071210207127302,2.288828635493624,1.887565846069951,4.1332581276669815,5.710185999145168,0.8
full_seed101_bias_0p4_noise0p5_s13_a0p2_b0p7,101,bias,0.4,0.5,13,0.2,fpr_owa,1.5232267064253495,1.625506416578895,1.508633085175915,2.418472982583172,3.0415067331494625,0.7
full_seed101_bias_0p4_noise0p5_s13_a0p2_b0p7,101,bias,0.4,0.5,13,0.2,crp,1.633519481913312,1.9086051448899264,1.403171273649006,3.880236946583816,5.475532821832921,0.7
full_seed101_bias_0p4_noise0p5_s13_a0p3_b0p8,101,bias,0.4,0.5,13,0.3,fpr_owa,1.261102071842897,1.3732318883261014,1.164370575953749,2.3085096219916506,3.010584989931685,0.8
full_seed101_bias_0p4_noise0p5_s13_a0p3_b0p8,101,bias,0.4,0.5,13,0.3,crp,1.5187480627152423,1.9055678877043165,1.194203662024686,4.795017599194131,6.538337365238464,0.8
full_seed101_bias_0p4_noise0p5_s5_a0p2_b0p7,101,bias,0.4,0.5,5,0.2,fpr_owa,2.1981102249790547,2.366284580931799,2.2217596921489497,3.6526923030679934,4.24440332519552,0.7
full_seed101_bias_0p4_noise0p5_s5_a0p2_b0p7,101,bias,0.4,0.5,5,0.2,crp,2.1448392181738627,2.363440937415647,1.9196515483931336,4.170150982214604,5.729916351373929,0.7
full_seed101_bias_0p4_noise0p5_s5_a0p3_b0p8,101,bias,0.4,0.5,5,0.3,fpr_owa,1.9304402045592133,2.041578080398037,1.911729764638196,3.042518654848751,3.733496089358624,0.8
full_seed101_bias_0p4_noise0p5_s5_a0p3_b0p8,101,bias,0.4,0.5,5,0.3,crp,2.031112657908028,2.2654053392963998,1.8141665693447155,4.268749980842682,6.1252712836264,0.8
full_seed101_bias_0p4_noise0p5_s9_a0p2_b0p7,101,bias,0.4,0.5,9,0.2,fpr_owa,2.3383254903782538,2.570880690051255,2.201482428751464,4.588742343724411,5.221633164003812,0.7
full_seed101_bias_0p4_noise0p5_s9_a0p2_b0p7,101,bias,0.4,0.5,9,0.2,crp,2.2876819710002536,2.5729094759571574,1.977144856702579,4.733222348061205,6.734967404401969,0.7
full_seed101_bias_0p4_noise0p5_s9_a0p3_b0p8,101,bias,0.4,0.5,9,0.3,fpr_owa,2.053446739745022,2.212591866164028,1.9508840339764524,3.739834328039304,4.579939172447104,0.8
full_seed101_bias_0p4_noise0p5_s9_a0p3_b0p8,101,bias,0.4,0.5,9,0.3,crp,2.2003378995322747,2.5469045223431634,1.836805988089992,5.349268415809023,6.787695120702351,0.8
full_seed101_drift_0p0_noise0p1_s13_a0p2_b0p7,101,drift,0.0,0.1,13,0.2,fpr_owa,1.2005996835464343,1.2492934636752335,1.1936329513941824,1.6485568056889095,1.7438379620698026,0.7
full_seed101_drift_0p0_noise0p1_s13_a0p2_b0p7,101,drift,0.0,0.1,13,0.2,crp,1.1877601771624158,1.2371094014898707,1.1883887828454387,1.635837317338585,1.7438379620698026,0.7
full_seed101_drift_0p0_noise0p1_s13_a0p3_b0p8,101,drift,0.0,0.1,13,0.3,fpr_owa,1.459851850307026,1.5405262522493737,1.4105131735776282,2.0889440810659385,2.241185361713773,0.8
full_seed101_drift_0p0_noise0p1_s13_a0p3_b0p8,101,drift,0.0,0.1,13,0.3,crp,1.440287572443023,1.5271750436906302,1.4028897938218514,2.08293605775331,2.241185361713773,0.8
full_seed101_drift_0p0_noise0p1_s5_a0p2_b0p7,101,drift,0.0,0.1,5,0.2,fpr_owa,1.767117669704048,1.8354108405671965,1.6600840900874871,2.4665471628706577,2.623309323256321,0.7
full_seed101_drift_0p0_noise0p1_s5_a0p2_b0p7,101,drift,0.0,0.1,5,0.2,crp,1.7583147492140283,1.8273817930282,1.6580754871331331,2.4777751377541906,2.623309323256321,0.7
full_seed101_drift_0p0_noise0p1_s5_a0p3_b0p8,101,drift,0.0,0.1,5,0.3,fpr_owa,1.7626268134227294,1.838567579606963,1.6659867656620362,2.496622538502625,2.5856445900776754,0.8
full_seed101_drift_0p0_noise0p1_s5_a0p3_b0p8,101,drift,0.0,0.1,5,0.3,crp,1.7563653575760176,1.8335031514088616,1.6530875409769834,2.496879025256148,2.5856445900776754,0.8
full_seed101_drift_0p0_noise0p1_s9_a0p2_b0p7,101,drift,0.0,0.1,9,0.2,fpr_owa,1.7649217452909671,1.8188107961041775,1.6358181714411566,2.402411083444426,2.5208303773184952,0.7
full_seed101_drift_0p0_noise0p1_s9_a0p2_b0p7,101,drift,0.0,0.1,9,0.2,crp,1.7677308157061338,1.8218308355180128,1.6358181714411566,2.399961226922069,2.576401986691214,0.7
full_seed101_drift_0p0_noise0p1_s9_a0p3_b0p8,101,drift,0.0,0.1,9,0.3,fpr_owa,1.748512793146674,1.822359247104944,1.6160641797705488,2.483087558392486,2.621842066792208,0.8
full_seed101_drift_0p0_noise0p1_s9_a0p3_b0p8,101,drift,0.0,0.1,9,0.3,crp,1.7461224378799574,1.8204222190891608,1.6158505451348346,2.483087558392486,2.621842066792208,0.8
full_seed101_drift_0p0_noise0p25_s13_a0p2_b0p7,101,drift,0.0,0.25,13,0.2,fpr_owa,1.236562460285135,1.2956308708465365,1.2044535377120542,1.82105823882284,1.93807001433504,0.7
full_seed101_drift_0p0_noise0p25_s13_a0p2_b0p7,101,drift,0.0,0.25,13,0.2,crp,1.2366794009308997,1.3042606049311627,1.1897474359688858,1.845555351065817,2.3276117793909465,0.7
full_seed101_drift_0p0_noise0p25_s13_a0p3_b0p8,101,drift,0.0,0.25,13,0.3,fpr_owa,1.4423166327854453,1.5394491390162115,1.4096630712143363,2.215127343217554,2.402718544702593,0.8
full_seed101_drift_0p0_noise0p25_s13_a0p3_b0p8,101,drift,0.0,0.25,13,0.3,crp,1.4492908441025174,1.5545400267584244,1.430292656578684,2.231713600125154,2.5510609410608445,0.8
full_seed101_drift_0p0_noise0p25_s5_a0p2_b0p7,101,drift,0.0,0.25,5,0.2,fpr_owa,1.7336143413815548,1.8099001257236491,1.6922920438569655,2.55417172044426,2.7327033676123493,0.7
full_seed101_drift_0p0_noise0p25_s5_a0p2_b0p7,101,drift,0.0,0.25,5,0.2,crp,1.7299966585060598,1.80602551384638,1.6744679092833217,2.580396054162711,2.7327033676123493,0.7
full_seed101_drift_0p0_noise0p25_s5_a0p3_b0p8,101,drift,0.0,0.25,5,0.3,fpr_owa,1.7299506229173902,1.809798933912468,1.6661550456250218,2.56977910378971,2.767724316695624,0.8
full_seed101_drift_0p0_noise0p25_s5_a0p3_b0p8,101,drift,0.0,0.25,5,0.3,crp,1.7294943982864368,1.809381156735658,1.6661550456250218,2.56977910378971,2.767724316695624,0.8
full_seed101_drift_0p0_noise0p25_s9_a0p2_b0p7,101,drift,0.0,0.25,9,0.2,fpr_owa,1.7298027951227697,1.795488778870893,1.6024240184477152,2.4398284480022494,2.632631395399988,0.7
full_seed101_drift_0p0_noise0p25_s9_a0p2_b0p7,101,drift,0.0,0.25,9,0.2,crp,1.737917956124165,1.8031142332079328,1.62155292510189,2.4382238930928506,2.632631395399988,0.7
full_seed101_drift_0p0_noise0p25_s9_a0p3_b0p8,101,drift,0.0,0.25,9,0.3,fpr_owa,1.7256608562942817,1.7990798317672998,1.6358554405371024,2.4886343819454897,2.781453042917504,0.8
full_seed101_drift_0p0_noise0p25_s9_a0p3_b0p8,101,drift,0.0,0.25,9,0.3,crp,1.7270999853753042,1.8013554732723935,1.6219549311018078,2.4886343819454897,2.781453042917504,0.8
full_seed101_drift_0p0_noise0p5_s13_a0p2_b0p7,101,drift,0.0,0.5,13,0.2,fpr_owa,1.2839222170748892,1.3602123416225274,1.240801419563994,2.046768449975125,2.3782249001293287,0.7
full_seed101_drift_0p0_noise0p5_s13_a0p2_b0p7,101,drift,0.0,0.5,13,0.2,crp,1.3469367647989483,1.4410407567103185,1.3081896591059217,2.1695541157352447,2.7972124435405337,0.7
full_seed101_drift_0p0_noise0p5_s13_a0p3_b0p8,101,drift,0.0,0.5,13,0.3,fpr_owa,1.3542700790443412,1.4646362664908377,1.2917001243824369,2.3401931281901307,2.585645126688344,0.8
full_seed101_drift_0p0_noise0p5_s13_a0p3_b0p8,101,drift,0.0,0.5,13,0.3,crp,1.4701580850607432,1.5903970841222617,1.370410747220058,2.443208359256318,2.78431614965397,0.8
full_seed101_drift_0p0_noise0p5_s5_a0p2_b0p7,101,drift,0.0,0.5,5,0.2,fpr_owa,1.709271226509631,1.8044491280747168,1.6461929187271442,2.6895015239178703,3.020868080479137,0.7
full_seed101_drift_0p0_noise0p5_s5_a0p2_b0p7,101,drift,0.0,0.5,5,0.2,crp,1.6977680257380487,1.786412853073899,1.6542219708014434,2.686365356708609,2.939752255011405,0.7
full_seed101_drift_0p0_noise0p5_s5_a0p3_b0p8,101,drift,0.0,0.5,5,0.3,fpr_owa,1.703342370087818,1.80311874125599,1.6345246869770231,2.725174442138963,3.089570498033422,0.8
full_seed101_drift_0p0_noise0p5_s5_a0p3_b0p8,101,drift,0.0,0.5,5,0.3,crp,1.6984713077007167,1.798124387923469,1.6682790141262194,2.714984723815591,3.089570498033422,0.8
full_seed101_drift_0p0_noise0p5_s9_a0p2_b0p7,101,drift,0.0,0.5,9,0.2,fpr_owa,1.70044414129838,1.7783768765686925,1.641228448021633,2.5752813313069827,2.867533613785253,0.7
full_seed101_drift_0p0_noise0p5_s9_a0p2_b0p7,101,drift,0.0,0.5,9,0.2,crp,1.7114156066778192,1.7905355092555717,1.6579063381663528,2.543532151851908,3.006353600128937,0.7
full_seed101_drift_0p0_noise0p5_s9_a0p3_b0p8,101,drift,0.0,0.5,9,0.3,fpr_owa,1.6909088150660572,1.7716248152131142,1.5885115885765302,2.610265449817572,3.033435246204024,0.8
full_seed101_drift_0p0_noise0p5_s9_a0p3_b0p8,101,drift,0.0,0.5,9,0.3,crp,1.7009329545296437,1.782476974830095,1.6270844019495163,2.557419044988671,2.929954053037564,0.8
full_seed101_drift_0p1_noise0p1_s13_a0p2_b0p7,101,drift,0.1,0.1,13,0.2,fpr_owa,1.157036690097307,1.207330947146799,1.1348495375496443,1.6493486746710642,1.9172680224745249,0.7
full_seed101_drift_0p1_noise0p1_s13_a0p2_b0p7,101,drift,0.1,0.1,13,0.2,crp,1.1373562605280585,1.1882140892673905,1.1275035841865686,1.6238829662854115,1.9172680224745249,0.7
full_seed101_drift_0p1_noise0p1_s13_a0p3_b0p8,101,drift,0.1,0.1,13,0.3,fpr_owa,1.4244762299803218,1.5043150971056631,1.374904234711623,2.096913412889242,2.402609003995603,0.8
full_seed101_drift_0p1_noise0p1_s13_a0p3_b0p8,101,drift,0.1,0.1,13,0.3,crp,1.4008555660386304,1.4856740083551006,1.374904234711623,2.0738956314870967,2.402609003995603,0.8
full_seed101_drift_0p1_noise0p1_s5_a0p2_b0p7,101,drift,0.1,0.1,5,0.2,fpr_owa,1.767117669704048,1.8354108405671965,1.6600840900874871,2.4665471628706577,2.623309323256321,0.7
full_seed101_drift_0p1_noise0p1_s5_a0p2_b0p7,101,drift,0.1,0.1,5,0.2,crp,1.7583147492140283,1.8273817930282,1.6580754871331331,2.4777751377541906,2.623309323256321,0.7
full_seed101_drift_0p1_noise0p1_s5_a0p3_b0p8,101,drift,0.1,0.1,5,0.3,fpr_owa,1.7626268134227294,1.838567579606963,1.6659867656620362,2.496622538502625,2.5856445900776754,0.8
full_seed101_drift_0p1_noise0p1_s5_a0p3_b0p8,101,drift,0.1,0.1,5,0.3,crp,1.7563653575760176,1.8335031514088616,1.6530875409769834,2.496879025256148,2.5856445900776754,0.8
full_seed101_drift_0p1_noise0p1_s9_a0p2_b0p7,101,drift,0.1,0.1,9,0.2,fpr_owa,1.7570321925000043,1.8089214253513537,1.6599292304883535,2.4202905913931967,2.6298202053039,0.7
full_seed101_drift_0p1_noise0p1_s9_a0p2_b0p7,101,drift,0.1,0.1,9,0.2,crp,1.7651728468345356,1.8177877331639023,1.6656452735954628,2.4258411189957294,2.6298202053039,0.7
full_seed101_drift_0p1_noise0p1_s9_a0p3_b0p8,101,drift,0.1,0.1,9,0.3,fpr_owa,1.7547565354189991,1.8226709936128975,1.6351448970085083,2.4780983731805595,2.539427961443164,0.8
full_seed101_drift_0p1_noise0p1_s9_a0p3_b0p8,101,drift,0.1,0.1,9,0.3,crp,1.7519504970199924,1.8214074241953668,1.6345242185438331,2.4780983731805595,2.5684563694168614,0.8
full_seed101_drift_0p1_noise0p25_s13_a0p2_b0p7,101,drift,0.1,0.25,13,0.2,fpr_owa,1.1976681767468471,1.256007384157502,1.1881860185937878,1.820590858428842,2.0667599657506357,0.7
full_seed101_drift_0p1_noise0p25_s13_a0p2_b0p7,101,drift,0.1,0.25,13,0.2,crp,1.2009919632890358,1.2673824180927948,1.1760374104102254,1.8425093756987767,2.1643894930569565,0.7
full_seed101_drift_0p1_noise0p25_s13_a0p3_b0p8,101,drift,0.1,0.25,13,0.3,fpr_owa,1.4103501486996612,1.5047924622699933,1.3975510481900495,2.2071944625621214,2.522074491201419,0.8
full_seed101_drift_0p1_noise0p25_s13_a0p3_b0p8,101,drift,0.1,0.25,13,0.3,crp,1.4135284891759283,1.5170550807985963,1.406097557513918,2.215204353579191,2.516828507067261,0.8
full_seed101_drift_0p1_noise0p25_s5_a0p2_b0p7,101,drift,0.1,0.25,5,0.2,fpr_owa,1.7336143413815548,1.8099001257236491,1.6922920438569655,2.55417172044426,2.7327033676123493,0.7
full_seed101_drift_0p1_noise0p25_s5_a0p2_b0p7,101,drift,0.1,0.25,5,0.2,crp,1.7299966585060598,1.80602551384638,1.6744679092833217,2.580396054162711,2.7327033676123493,0.7
full_seed101_drift_0p1_noise0p25_s5_a0p3_b0p8,101,drift,0.1,0.25,5,0.3,fpr_owa,1.7299506229173902,1.809798933912468,1.6661550456250218,2.56977910378971,2.767724316695624,0.8
full_seed101_drift_0p1_noise0p25_s5_a0p3_b0p8,101,drift,0.1,0.25,5,0.3,crp,1.7294943982864368,1.809381156735658,1.6661550456250218,2.56977910378971,2.767724316695624,0.8
full_seed101_drift_0p1_noise0p25_s9_a0p2_b0p7,101,drift,0.1,0.25,9,0.2,fpr_owa,1.7328289764570868,1.798333371672211,1.6564741524587447,2.493455420064809,2.7365510542108518,0.7
full_seed101_drift_0p1_noise0p25_s9_a0p2_b0p7,101,drift,0.1,0.25,9,0.2,crp,1.7475452834534504,1.8135501970178045,1.6808887300962634,2.500101774781803,2.743357863796313,0.7
full_seed101_drift_0p1_noise0p25_s9_a0p3_b0p8,101,drift,0.1,0.25,9,0.3,fpr_owa,1.7324185164872872,1.80423385930028,1.6367727887311527,2.480168691076463,2.671886585904733,0.8
full_seed101_drift_0p1_noise0p25_s9_a0p3_b0p8,101,drift,0.1,0.25,9,0.3,crp,1.733514740568218,1.8064623793821788,1.611748537758249,2.469200442419918,2.717469723365046,0.8
full_seed101_drift_0p1_noise0p5_s13_a0p2_b0p7,101,drift,0.1,0.5,13,0.2,fpr_owa,1.27244250537418,1.3465202565967824,1.245749830214351,2.0469385824003457,2.3556074108412046,0.7
full_seed101_drift_0p1_noise0p5_s13_a0p2_b0p7,101,drift,0.1,0.5,13,0.2,crp,1.3332808982001958,1.4282831821906123,1.296833667958656,2.23148632390194,2.8520961895372867,0.7
full_seed101_drift_0p1_noise0p5_s13_a0p3_b0p8,101,drift,0.1,0.5,13,0.3,fpr_owa,1.3571808476851046,1.463663676219345,1.2989892099077525,2.331178761822599,2.7227002221308743,0.8
full_seed101_drift_0p1_noise0p5_s13_a0p3_b0p8,101,drift,0.1,0.5,13,0.3,crp,1.4613290957156515,1.5835105296316845,1.356444204532968,2.413850600095784,3.187600812667252,0.8
full_seed101_drift_0p1_noise0p5_s5_a0p2_b0p7,101,drift,0.1,0.5,5,0.2,fpr_owa,1.709271226509631,1.8044491280747168,1.6461929187271442,2.6895015239178703,3.020868080479137,0.7
full_seed101_drift_0p1_noise0p5_s5_a0p2_b0p7,101,drift,0.1,0.5,5,0.2,crp,1.6977680257380487,1.786412853073899,1.6542219708014434,2.686365356708609,2.939752255011405,0.7
full_seed101_drift_0p1_noise0p5_s5_a0p3_b0p8,101,drift,0.1,0.5,5,0.3,fpr_owa,1.703342370087818,1.80311874125599,1.6345246869770231,2.725174442138963,3.089570498033422,0.8
full_seed101_drift_0p1_noise0p5_s5_a0p3_b0p8,101,drift,0.1,0.5,5,0.3,crp,1.6984713077007167,1.798124387923469,1.6682790141262194,2.714984723815591,3.089570498033422,0.8
full_seed101_drift_0p1_noise0p5_s9_a0p2_b0p7,101,drift,0.1,0.5,9,0.2,fpr_owa,1.713627393472383,1.7918222179587606,1.6450962151451047,2.578366566006577,2.827669087561776,0.7
full_seed101_drift_0p1_noise0p5_s9_a0p2_b0p7,101,drift,0.1,0.5,9,0.2,crp,1.723519647011397,1.803106855044268,1.6827651526371894,2.5664874715482404,3.083724716683361,0.7
full_seed101_drift_0p1_noise0p5_s9_a0p3_b0p8,101,drift,0.1,0.5,9,0.3,fpr_owa,1.703101310536436,1.7827603019323413,1.6347209425004725,2.6097196118312094,2.9249811897724847,0.8
full_seed101_drift_0p1_noise0p5_s9_a0p3_b0p8,101,drift,0.1,0.5,9,0.3,crp,1.7186935406699428,1.8004024057257046,1.643696425463029,2.592598369748984,2.9902630368716845,0.8
full_seed101_drift_0p2_noise0p1_s13_a0p2_b0p7,101,drift,0.2,0.1,13,0.2,fpr_owa,1.124357110857478,1.2034027278041477,1.0722496121788831,1.7599354663995856,2.604976499057101,0.7
full_seed101_drift_0p2_noise0p1_s13_a0p2_b0p7,101,drift,0.2,0.1,13,0.2,crp,1.1017608869035709,1.1857025025444676,1.067137602097049,1.7599354663995856,2.604976499057101,0.7
full_seed101_drift_0p2_noise0p1_s13_a0p3_b0p8,101,drift,0.2,0.1,13,0.3,fpr_owa,1.3640128478652342,1.4722412222408938,1.300363899121957,2.2063757276849167,3.1439816575766684,0.8
full_seed101_drift_0p2_noise0p1_s13_a0p3_b0p8,101,drift,0.2,0.1,13,0.3,crp,1.3289300222881717,1.446892622922214,1.2640309368629843,2.2063757276849167,3.1439816575766684,0.8
full_seed101_drift_0p2_noise0p1_s5_a0p2_b0p7,101,drift,0.2,0.1,5,0.2,fpr_owa,1.755449119681049,1.821107553000043,1.667150139356865,2.456021898167412,2.605168287783102,0.7
full_seed101_drift_0p2_noise0p1_s5_a0p2_b0p7,101,drift,0.2,0.1,5,0.2,crp,1.7539860489728896,1.8210469956640989,1.6686026626958212,2.464060668786649,2.713959974653159,0.7
full_seed101_drift_0p2_noise0p1_s5_a0p3_b0p8,101,drift,0.2,0.1,5,0.3,fpr_owa,1.774995188431186,1.8444165936263468,1.7230295161974891,2.496879025256148,2.5855766739862327,0.8
full_seed101_drift_0p2_noise0p1_s5_a0p3_b0p8,101,drift,0.2,0.1,5,0.3,crp,1.771119126939704,1.842754050905492,1.7230295161974891,2.5124842462167893,2.5855766739862327,0.8
full_seed101_drift_0p2_noise0p1_s9_a0p2_b0p7,101,drift,0.2,0.1,9,0.2,fpr_owa,1.7881125540363882,1.852183703745705,1.6875469802753649,2.585612865262905,3.0535453878155128,0.7
full_seed101_drift_0p2_noise0p1_s9_a0p2_b0p7,101,drift,0.2,0.1,9,0.2,crp,1.8004969782677658,1.8666836026768137,1.6875469802753649,2.6522154709389496,3.0556645891394565,0.7
full_seed101_drift_0p2_noise0p1_s9_a0p3_b0p8,101,drift,0.2,0.1,9,0.3,fpr_owa,1.75805207621742,1.8256162233512576,1.7049530981754382,2.5009573913686167,2.6774812401501644,0.8
full_seed101_drift_0p2_noise0p1_s9_a0p3_b0p8,101,drift,0.2,0.1,9,0.3,crp,1.762650692641563,1.8321964885340745,1.6955802045201551,2.507506856712614,2.6774812401501644,0.8
full_seed101_drift_0p2_noise0p25_s13_a0p2_b0p7,101,drift,0.2,0.25,13,0.2,fpr_owa,1.205019958738731,1.2839520156215918,1.15668417145925,1.8879177185877896,2.6737069676808614,0.7
full_seed101_drift_0p2_noise0p25_s13_a0p2_b0p7,101,drift,0.2,0.25,13,0.2,crp,1.203322422464495,1.303172462999904,1.15668417145925,1.981604764175711,3.0406196248993926,0.7
full_seed101_drift_0p2_noise0p25_s13_a0p3_b0p8,101,drift,0.2,0.25,13,0.3,fpr_owa,1.3809447235607484,1.4952494516212438,1.2723852857503213,2.283886484266394,3.242541903766115,0.8
full_seed101_drift_0p2_noise0p25_s13_a0p3_b0p8,101,drift,0.2,0.25,13,0.3,crp,1.3839119243097964,1.5125236260046773,1.2858412267125072,2.3718334463835262,3.191681761846786,0.8
full_seed101_drift_0p2_noise0p25_s5_a0p2_b0p7,101,drift,0.2,0.25,5,0.2,fpr_owa,1.732404695474964,1.8038604102887048,1.6922920438569655,2.4989413753065826,2.865367511694477,0.7
full_seed101_drift_0p2_noise0p25_s5_a0p2_b0p7,101,drift,0.2,0.25,5,0.2,crp,1.7397713575258855,1.8124597340188733,1.6878840550598695,2.506913105264104,2.865367511694477,0.7
full_seed101_drift_0p2_noise0p25_s5_a0p3_b0p8,101,drift,0.2,0.25,5,0.3,fpr_owa,1.7509820061065728,1.825432395020672,1.6842480954850858,2.560687185203696,2.796996138485347,0.8
full_seed101_drift_0p2_noise0p25_s5_a0p3_b0p8,101,drift,0.2,0.25,5,0.3,crp,1.751077804227962,1.826647469466809,1.690000226008439,2.5733036964316924,2.796996138485347,0.8
full_seed101_drift_0p2_noise0p25_s9_a0p2_b0p7,101,drift,0.2,0.25,9,0.2,fpr_owa,1.7692473657139876,1.8430162342613607,1.6948838881245512,2.5862335338521016,3.11924671195443,0.7
full_seed101_drift_0p2_noise0p25_s9_a0p2_b0p7,101,drift,0.2,0.25,9,0.2,crp,1.7828978998101093,1.8557061101260444,1.720096073656878,2.5645234256095315,3.3651161917021164,0.7
full_seed101_drift_0p2_noise0p25_s9_a0p3_b0p8,101,drift,0.2,0.25,9,0.3,fpr_owa,1.744879010457672,1.816481884784774,1.6777821853065076,2.5243799624851637,2.7122519259601194,0.8
full_seed101_drift_0p2_noise0p25_s9_a0p3_b0p8,101,drift,0.2,0.25,9,0.3,crp,1.7543385240746945,1.8281858721203337,1.7101461636954536,2.537341321388911,2.859587761581833,0.8
full_seed101_drift_0p2_noise0p5_s13_a0p2_b0p7,101,drift,0.2,0.5,13,0.2,fpr_owa,1.2963031525101976,1.3887337962588142,1.240801419563994,2.171601727150605,2.9904422644002677,0.7
full_seed101_drift_0p2_noise0p5_s13_a0p2_b0p7,101,drift,0.2,0.5,13,0.2,crp,1.3801871736287397,1.5268057764433736,1.3081896591059217,2.59012661284744,4.237296320339493,0.7
full_seed101_drift_0p2_noise0p5_s13_a0p3_b0p8,101,drift,0.2,0.5,13,0.3,fpr_owa,1.3544188595022573,1.479614212778064,1.298835322123703,2.427786539097627,3.4068089807485262,0.8
full_seed101_drift_0p2_noise0p5_s13_a0p3_b0p8,101,drift,0.2,0.5,13,0.3,crp,1.4940959349856036,1.6512787055065528,1.356444204532968,2.626055007103193,4.6021140857605305,0.8
full_seed101_drift_0p2_noise0p5_s5_a0p2_b0p7,101,drift,0.2,0.5,5,0.2,fpr_owa,1.72479693013762,1.8121728796326917,1.68933244348255,2.6110484605560407,3.039585013300317,0.7
full_seed101_drift_0p2_noise0p5_s5_a0p2_b0p7,101,drift,0.2,0.5,5,0.2,crp,1.72907103628528,1.8176087109855208,1.6715871416289567,2.6862634164945,3.039585013300317,0.7
full_seed101_drift_0p2_noise0p5_s5_a0p3_b0p8,101,drift,0.2,0.5,5,0.3,fpr_owa,1.7453507047711845,1.8406276763048028,1.6851165578090377,2.7252129634553657,3.4150854179047414,0.8
full_seed101_drift_0p2_noise0p5_s5_a0p3_b0p8,101,drift,0.2,0.5,5,0.3,crp,1.7360853914497347,1.8367336213965324,1.7071558606202937,2.7252129634553657,3.4150854179047414,0.8
full_seed101_drift_0p2_noise0p5_s9_a0p2_b0p7,101,drift,0.2,0.5,9,0.2,fpr_owa,1.7585339560226767,1.8438846163441271,1.6981554384344184,2.734700228714303,3.1591265490888256,0.7
full_seed101_drift_0p2_noise0p5_s9_a0p2_b0p7,101,drift,0.2,0.5,9,0.2,crp,1.773963476180991,1.8652725839769488,1.7418826230535016,2.6937689998235905,3.320540815805669,0.7
full_seed101_drift_0p2_noise0p5_s9_a0p3_b0p8,101,drift,0.2,0.5,9,0.3,fpr_owa,1.7392987913397142,1.821007628276252,1.6743792616040922,2.63271786453233,3.1404158510518148,0.8
full_seed101_drift_0p2_noise0p5_s9_a0p3_b0p8,101,drift,0.2,0.5,9,0.3,crp,1.7452014941564626,1.831208314174595,1.698504743795456,2.6803113151979168,3.044784772997871,0.8
full_seed101_drift_0p3_noise0p1_s13_a0p2_b0p7,101,drift,0.3,0.1,13,0.2,fpr_owa,1.1943237502640285,1.2761851780451856,1.1143310483174562,1.8366690199133648,3.0521640524889744,0.7
full_seed101_drift_0p3_noise0p1_s13_a0p2_b0p7,101,drift,0.3,0.1,13,0.2,crp,1.167851087410959,1.256318118922445,1.1000893322743386,1.8542931500780493,3.0521640524889744,0.7
full_seed101_drift_0p3_noise0p1_s13_a0p3_b0p8,101,drift,0.3,0.1,13,0.3,fpr_owa,1.3786710253593788,1.5051304746965255,1.3141970383033534,2.287148868556661,3.254804022185735,0.8
full_seed101_drift_0p3_noise0p1_s13_a0p3_b0p8,101,drift,0.3,0.1,13,0.3,crp,1.335626502077621,1.474794265505852,1.3030745262390178,2.287148868556661,3.254804022185735,0.8
full_seed101_drift_0p3_noise0p1_s5_a0p2_b0p7,101,drift,0.3,0.1,5,0.2,fpr_owa,1.9434455948437448,2.03997060628528,1.8672885024811168,3.1750763567619105,3.4310376577360864,0.7
full_seed101_drift_0p3_noise0p1_s5_a0p2_b0p7,101,drift,0.3,0.1,5,0.2,crp,1.9446375466754229,2.050429334648908,1.826136520945907,3.2025759553537463,3.6002391874636626,0.7
full_seed101_drift_0p3_noise0p1_s5_a0p3_b0p8,101,drift,0.3,0.1,5,0.3,fpr_owa,1.8781634267884035,1.9544022242700532,1.8647744838215143,2.7449015915175585,2.907102097934709,0.8
full_seed101_drift_0p3_noise0p1_s5_a0p3_b0p8,101,drift,0.3,0.1,5,0.3,crp,1.8925204725571128,1.980743424233631,1.836064106013069,2.79000659792084,3.630266174406024,0.8
full_seed101_drift_0p3_noise0p1_s9_a0p2_b0p7,101,drift,0.3,0.1,9,0.2,fpr_owa,1.8811320802550044,1.9590080125220128,1.802740365542431,2.936513091881668,3.5617529130000785,0.7
full_seed101_drift_0p3_noise0p1_s9_a0p2_b0p7,101,drift,0.3,0.1,9,0.2,crp,1.9021503081381408,1.991198186234662,1.7862502832744889,3.295970420187013,3.660426289593596,0.7
full_seed101_drift_0p3_noise0p1_s9_a0p3_b0p8,101,drift,0.3,0.1,9,0.3,fpr_owa,1.816260426437438,1.8933837465631087,1.726041383412538,2.6960755435892376,3.133491723182871,0.8
full_seed101_drift_0p3_noise0p1_s9_a0p3_b0p8,101,drift,0.3,0.1,9,0.3,crp,1.830340190307841,1.9150826995531909,1.721355108481509,2.903037731528406,3.2379551573606378,0.8
full_seed101_drift_0p3_noise0p25_s13_a0p2_b0p7,101,drift,0.3,0.25,13,0.2,fpr_owa,1.2742213100747402,1.3604847712059918,1.1827688057797598,1.954053591253042,3.0903494678305377,0.7
full_seed101_drift_0p3_noise0p25_s13_a0p2_b0p7,101,drift,0.3,0.25,13,0.2,crp,1.2587691309838802,1.3679658638580494,1.1808563069583466,2.152997259984543,3.4552497848539683,0.7
full_seed101_drift_0p3_noise0p25_s13_a0p3_b0p8,101,drift,0.3,0.25,13,0.3,fpr_owa,1.4369655595177009,1.561200626834445,1.3720283963213995,2.3508208914537634,3.5179191140126798,0.8
full_seed101_drift_0p3_noise0p25_s13_a0p3_b0p8,101,drift,0.3,0.25,13,0.3,crp,1.4092402858194537,1.550715816678456,1.3292653320302437,2.417509907461953,3.5179191140126798,0.8
full_seed101_drift_0p3_noise0p25_s5_a0p2_b0p7,101,drift,0.3,0.25,5,0.2,fpr_owa,1.9171170041749188,2.015709970219441,1.8229286272755267,3.068786185933828,3.413892749263723,0.7
full_seed101_drift_0p3_noise0p25_s5_a0p2_b0p7,101,drift,0.3,0.25,5,0.2,crp,1.909940539855609,2.0147684609403704,1.8483596354814635,3.0913601204394685,4.733013637057631,0.7
full_seed101_drift_0p3_noise0p25_s5_a0p3_b0p8,101,drift,0.3,0.25,5,0.3,fpr_owa,1.8620189051746512,1.9436246168711524,1.868901147889998,2.6996297025584477,3.1696657833790494,0.8
full_seed101_drift_0p3_noise0p25_s5_a0p3_b0p8,101,drift,0.3,0.25,5,0.3,crp,1.8673044815689608,1.9615819091602784,1.872790971400712,2.7247080012489597,4.773707274155657,0.8
full_seed101_drift_0p3_noise0p25_s9_a0p2_b0p7,101,drift,0.3,0.25,9,0.2,fpr_owa,1.86404588935572,1.954125622277233,1.771164716469749,3.0703930718465373,3.574516804283238,0.7
full_seed101_drift_0p3_noise0p25_s9_a0p2_b0p7,101,drift,0.3,0.25,9,0.2,crp,1.87625409132928,1.9744169034328385,1.7621269936434862,3.149483216028472,4.247627755792634,0.7
full_seed101_drift_0p3_noise0p25_s9_a0p3_b0p8,101,drift,0.3,0.25,9,0.3,fpr_owa,1.8137249920665424,1.8950958465994725,1.7306269517848782,2.765365171273043,3.207893618664391,0.8
full_seed101_drift_0p3_noise0p25_s9_a0p3_b0p8,101,drift,0.3,0.25,9,0.3,crp,1.8236513836934956,1.910415249080274,1.747726946998541,2.8267228652392933,3.7707972938601513,0.8
full_seed101_drift_0p3_noise0p5_s13_a0p2_b0p7,101,drift,0.3,0.5,13,0.2,fpr_owa,1.355076838254242,1.4483074823653632,1.3226799330648618,2.203438414439003,3.1596645261732768,0.7
full_seed101_drift_0p3_noise0p5_s13_a0p2_b0p7,101,drift,0.3,0.5,13,0.2,crp,1.4291355303321538,1.575065172612388,1.3291287255698934,2.7209961457720406,3.8421926757932474,0.7
full_seed101_drift_0p3_noise0p5_s13_a0p3_b0p8,101,drift,0.3,0.5,13,0.3,fpr_owa,1.4050790683381544,1.5303455854225534,1.3521723516963058,2.473381357362997,3.0535423251399325,0.8
full_seed101_drift_0p3_noise0p5_s13_a0p3_b0p8,101,drift,0.3,0.5,13,0.3,crp,1.5243843592262352,1.692979751682699,1.416813111727372,2.7809726663029184,4.202801223751075,0.8
full_seed101_drift_0p3_noise0p5_s5_a0p2_b0p7,101,drift,0.3,0.5,5,0.2,fpr_owa,1.8999531698469816,2.0140600776478004,1.857409066498388,3.021081795121927,4.388494568757411,0.7
full_seed101_drift_0p3_noise0p5_s5_a0p2_b0p7,101,drift,0.3,0.5,5,0.2,crp,1.8873183651847083,2.0082828837883158,1.8318505443490285,3.0813328092921832,4.388494568757411,0.7
full_seed101_drift_0p3_noise0p5_s5_a0p3_b0p8,101,drift,0.3,0.5,5,0.3,fpr_owa,1.8711205488479985,1.9771024659733696,1.8774911197003843,2.892948269714983,3.9426845731934095,0.8
full_seed101_drift_0p3_noise0p5_s5_a0p3_b0p8,101,drift,0.3,0.5,5,0.3,crp,1.874670175885609,2.000381382906327,1.819286544128551,2.892948269714983,4.351937950293067,0.8
full_seed101_drift_0p3_noise0p5_s9_a0p2_b0p7,101,drift,0.3,0.5,9,0.2,fpr_owa,1.841772118190947,1.9424441401199652,1.8342940279397943,2.8720315250439445,3.623635196769389,0.7
full_seed101_drift_0p3_noise0p5_s9_a0p2_b0p7,101,drift,0.3,0.5,9,0.2,crp,1.8496167825198624,1.966587022620076,1.773079447865685,2.937327862481619,4.838117072150074,0.7
full_seed101_drift_0p3_noise0p5_s9_a0p3_b0p8,101,drift,0.3,0.5,9,0.3,fpr_owa,1.7986821194256664,1.885766396715717,1.7692722829430054,2.7694380693417533,3.3471758824576487,0.8
full_seed101_drift_0p3_noise0p5_s9_a0p3_b0p8,101,drift,0.3,0.5,9,0.3,crp,1.8280029266039703,1.938177328390812,1.7717942469156855,2.860203345725927,4.865754396793767,0.8
full_seed101_drift_0p4_noise0p1_s13_a0p2_b0p7,101,drift,0.4,0.1,13,0.2,fpr_owa,1.2998267024897587,1.3890413898080674,1.2598877338617558,2.27408084324233,3.288008364747504,0.7
full_seed101_drift_0p4_noise0p1_s13_a0p2_b0p7,101,drift,0.4,0.1,13,0.2,crp,1.283115372385614,1.3791135024713672,1.204821961344427,2.27408084324233,3.288008364747504,0.7
full_seed101_drift_0p4_noise0p1_s13_a0p3_b0p8,101,drift,0.4,0.1,13,0.3,fpr_owa,1.497579694728183,1.623322689020518,1.3855193271683046,2.4102335757655617,3.66196725019083,0.8
full_seed101_drift_0p4_noise0p1_s13_a0p3_b0p8,101,drift,0.4,0.1,13,0.3,crp,1.4522335844422292,1.59582873717314,1.3713214256329684,2.417930165082039,3.5935102919452824,0.8
full_seed101_drift_0p4_noise0p1_s5_a0p2_b0p7,101,drift,0.4,0.1,5,0.2,fpr_owa,1.9434455948437448,2.03997060628528,1.8672885024811168,3.1750763567619105,3.4310376577360864,0.7
full_seed101_drift_0p4_noise0p1_s5_a0p2_b0p7,101,drift,0.4,0.1,5,0.2,crp,1.9446375466754229,2.050429334648908,1.826136520945907,3.2025759553537463,3.6002391874636626,0.7
full_seed101_drift_0p4_noise0p1_s5_a0p3_b0p8,101,drift,0.4,0.1,5,0.3,fpr_owa,1.8781634267884035,1.9544022242700532,1.8647744838215143,2.7449015915175585,2.907102097934709,0.8
full_seed101_drift_0p4_noise0p1_s5_a0p3_b0p8,101,drift,0.4,0.1,5,0.3,crp,1.8925204725571128,1.980743424233631,1.836064106013069,2.79000659792084,3.630266174406024,0.8
full_seed101_drift_0p4_noise0p1_s9_a0p2_b0p7,101,drift,0.4,0.1,9,0.2,fpr_owa,2.0232974294205968,2.136480448019263,1.9636732299005613,3.6101471491573816,4.171048094920362,0.7
full_seed101_drift_0p4_noise0p1_s9_a0p2_b0p7,101,drift,0.4,0.1,9,0.2,crp,2.0254853827963317,2.140669945379105,1.953270934771817,3.685114953985257,4.171048094920362,0.7
full_seed101_drift_0p4_noise0p1_s9_a0p3_b0p8,101,drift,0.4,0.1,9,0.3,fpr_owa,1.9441400185466275,2.04016217912768,1.8924832149611808,3.1905844392789304,3.616188002986787,0.8
full_seed101_drift_0p4_noise0p1_s9_a0p3_b0p8,101,drift,0.4,0.1,9,0.3,crp,1.9562361174328595,2.0663231527245656,1.8878279097076085,3.300024146986337,4.186634156961676,0.8
full_seed101_drift_0p4_noise0p25_s13_a0p2_b0p7,101,drift,0.4,0.25,13,0.2,fpr_owa,1.3846728369810857,1.4856916435237386,1.3043655627756248,2.410950405184172,3.239262545171498,0.7
full_seed101_drift_0p4_noise0p25_s13_a0p2_b0p7,101,drift,0.4,0.25,13,0.2,crp,1.373604228380819,1.512471898672464,1.2795017411568268,2.821556472329463,3.964654649627567,0.7
full_seed101_drift_0p4_noise0p25_s13_a0p3_b0p8,101,drift,0.4,0.25,13,0.3,fpr_owa,1.5438555419582711,1.6809001393245804,1.4458383366972134,2.671820896279113,4.026970533434588,0.8
full_seed101_drift_0p4_noise0p25_s13_a0p3_b0p8,101,drift,0.4,0.25,13,0.3,crp,1.5176781651826543,1.698898678044729,1.4615809186748343,2.9224359697289914,4.463858760285715,0.8
full_seed101_drift_0p4_noise0p25_s5_a0p2_b0p7,101,drift,0.4,0.25,5,0.2,fpr_owa,1.9171170041749188,2.015709970219441,1.8229286272755267,3.068786185933828,3.413892749263723,0.7
full_seed101_drift_0p4_noise0p25_s5_a0p2_b0p7,101,drift,0.4,0.25,5,0.2,crp,1.909940539855609,2.0147684609403704,1.8483596354814635,3.0913601204394685,4.733013637057631,0.7
full_seed101_drift_0p4_noise0p25_s5_a0p3_b0p8,101,drift,0.4,0.25,5,0.3,fpr_owa,1.8620189051746512,1.9436246168711524,1.868901147889998,2.6996297025584477,3.1696657833790494,0.8
full_seed101_drift_0p4_noise0p25_s5_a0p3_b0p8,101,drift,0.4,0.25,5,0.3,crp,1.8673044815689608,1.9615819091602784,1.872790971400712,2.7247080012489597,4.773707274155657,0.8
full_seed101_drift_0p4_noise0p25_s9_a0p2_b0p7,101,drift,0.4,0.25,9,0.2,fpr_owa,1.9988815013679373,2.1276332637091144,1.942687486723226,3.7484932635401833,4.104061171465792,0.7
full_seed101_drift_0p4_noise0p25_s9_a0p2_b0p7,101,drift,0.4,0.25,9,0.2,crp,1.9998028764193696,2.1294117825185497,1.8988527728498157,3.73873854970816,4.074494468704715,0.7
full_seed101_drift_0p4_noise0p25_s9_a0p3_b0p8,101,drift,0.4,0.25,9,0.3,fpr_owa,1.9236322336309712,2.0248353384757403,1.8920245817137136,3.223273096422405,3.625966605186337,0.8
full_seed101_drift_0p4_noise0p25_s9_a0p3_b0p8,101,drift,0.4,0.25,9,0.3,crp,1.952656430241097,2.075438824768727,1.868096203446433,3.371178520807944,4.681685999145167,0.8
full_seed101_drift_0p4_noise0p5_s13_a0p2_b0p7,101,drift,0.4,0.5,13,0.2,fpr_owa,1.454021896953243,1.572044745981981,1.3986902394048086,2.6105443214272994,3.620052693731471,0.7
full_seed101_drift_0p4_noise0p5_s13_a0p2_b0p7,101,drift,0.4,0.5,13,0.2,crp,1.5544672607785013,1.730386311811563,1.4066434425184329,3.2846754265820786,4.398389964690064,0.7
full_seed101_drift_0p4_noise0p5_s13_a0p3_b0p8,101,drift,0.4,0.5,13,0.3,fpr_owa,1.5006951837360687,1.6484502788724535,1.4117191058244072,2.646119338581277,3.994373479872367,0.8
full_seed101_drift_0p4_noise0p5_s13_a0p3_b0p8,101,drift,0.4,0.5,13,0.3,crp,1.6353821994223046,1.855015579163244,1.4712876015894083,3.511348200243525,5.238337365238463,0.8
full_seed101_drift_0p4_noise0p5_s5_a0p2_b0p7,101,drift,0.4,0.5,5,0.2,fpr_owa,1.8999531698469816,2.0140600776478004,1.857409066498388,3.021081795121927,4.388494568757411,0.7
full_seed101_drift_0p4_noise0p5_s5_a0p2_b0p7,101,drift,0.4,0.5,5,0.2,crp,1.8873183651847083,2.0082828837883158,1.8318505443490285,3.0813328092921832,4.388494568757411,0.7
full_seed101_drift_0p4_noise0p5_s5_a0p3_b0p8,101,drift,0.4,0.5,5,0.3,fpr_owa,1.8711205488479985,1.9771024659733696,1.8774911197003843,2.892948269714983,3.9426845731934095,0.8
full_seed101_drift_0p4_noise0p5_s5_a0p3_b0p8,101,drift,0.4,0.5,5,0.3,crp,1.874670175885609,2.000381382906327,1.819286544128551,2.892948269714983,4.351937950293067,0.8
full_seed101_drift_0p4_noise0p5_s9_a0p2_b0p7,101,drift,0.4,0.5,9,0.2,fpr_owa,1.9655866184628423,2.105414429386095,1.8927539728224547,3.660999257109336,4.266429013631763,0.7
full_seed101_drift_0p4_noise0p5_s9_a0p2_b0p7,101,drift,0.4,0.5,9,0.2,crp,1.9660769550185968,2.113405794502459,1.8619521322334385,3.4889832204698896,5.212170584120097,0.7
full_seed101_drift_0p4_noise0p5_s9_a0p3_b0p8,101,drift,0.4,0.5,9,0.3,fpr_owa,1.906930907817651,2.024876386002492,1.8418443474238144,3.210273552823273,4.688155392476928,0.8
full_seed101_drift_0p4_noise0p5_s9_a0p3_b0p8,101,drift,0.4,0.5,9,0.3,crp,1.9367822252648803,2.085817647243939,1.8116772240174372,3.245474496528704,5.146966851448302,0.8
full_seed101_freeze_0p0_noise0p1_s13_a0p2_b0p7,101,freeze,0.0,0.1,13,0.2,fpr_owa,1.2005996835464343,1.2492934636752335,1.1936329513941824,1.6485568056889095,1.7438379620698026,0.7
full_seed101_freeze_0p0_noise0p1_s13_a0p2_b0p7,101,freeze,0.0,0.1,13,0.2,crp,1.1877601771624158,1.2371094014898707,1.1883887828454387,1.635837317338585,1.7438379620698026,0.7
full_seed101_freeze_0p0_noise0p1_s13_a0p3_b0p8,101,freeze,0.0,0.1,13,0.3,fpr_owa,1.459851850307026,1.5405262522493737,1.4105131735776282,2.0889440810659385,2.241185361713773,0.8
full_seed101_freeze_0p0_noise0p1_s13_a0p3_b0p8,101,freeze,0.0,0.1,13,0.3,crp,1.440287572443023,1.5271750436906302,1.4028897938218514,2.08293605775331,2.241185361713773,0.8
full_seed101_freeze_0p0_noise0p1_s5_a0p2_b0p7,101,freeze,0.0,0.1,5,0.2,fpr_owa,1.767117669704048,1.8354108405671965,1.6600840900874871,2.4665471628706577,2.623309323256321,0.7
full_seed101_freeze_0p0_noise0p1_s5_a0p2_b0p7,101,freeze,0.0,0.1,5,0.2,crp,1.7583147492140283,1.8273817930282,1.6580754871331331,2.4777751377541906,2.623309323256321,0.7
full_seed101_freeze_0p0_noise0p1_s5_a0p3_b0p8,101,freeze,0.0,0.1,5,0.3,fpr_owa,1.7626268134227294,1.838567579606963,1.6659867656620362,2.496622538502625,2.5856445900776754,0.8
full_seed101_freeze_0p0_noise0p1_s5_a0p3_b0p8,101,freeze,0.0,0.1,5,0.3,crp,1.7563653575760176,1.8335031514088616,1.6530875409769834,2.496879025256148,2.5856445900776754,0.8
full_seed101_freeze_0p0_noise0p1_s9_a0p2_b0p7,101,freeze,0.0,0.1,9,0.2,fpr_owa,1.7649217452909671,1.8188107961041775,1.6358181714411566,2.402411083444426,2.5208303773184952,0.7
full_seed101_freeze_0p0_noise0p1_s9_a0p2_b0p7,101,freeze,0.0,0.1,9,0.2,crp,1.7677308157061338,1.8218308355180128,1.6358181714411566,2.399961226922069,2.576401986691214,0.7
full_seed101_freeze_0p0_noise0p1_s9_a0p3_b0p8,101,freeze,0.0,0.1,9,0.3,fpr_owa,1.748512793146674,1.822359247104944,1.6160641797705488,2.483087558392486,2.621842066792208,0.8
full_seed101_freeze_0p0_noise0p1_s9_a0p3_b0p8,101,freeze,0.0,0.1,9,0.3,crp,1.7461224378799574,1.8204222190891608,1.6158505451348346,2.483087558392486,2.621842066792208,0.8
full_seed101_freeze_0p0_noise0p25_s13_a0p2_b0p7,101,freeze,0.0,0.25,13,0.2,fpr_owa,1.236562460285135,1.2956308708465365,1.2044535377120542,1.82105823882284,1.93807001433504,0.7
full_seed101_freeze_0p0_noise0p25_s13_a0p2_b0p7,101,freeze,0.0,0.25,13,0.2,crp,1.2366794009308997,1.3042606049311627,1.1897474359688858,1.845555351065817,2.3276117793909465,0.7
full_seed101_freeze_0p0_noise0p25_s13_a0p3_b0p8,101,freeze,0.0,0.25,13,0.3,fpr_owa,1.4423166327854453,1.5394491390162115,1.4096630712143363,2.215127343217554,2.402718544702593,0.8
full_seed101_freeze_0p0_noise0p25_s13_a0p3_b0p8,101,freeze,0.0,0.25,13,0.3,crp,1.4492908441025174,1.5545400267584244,1.430292656578684,2.231713600125154,2.5510609410608445,0.8
full_seed101_freeze_0p0_noise0p25_s5_a0p2_b0p7,101,freeze,0.0,0.25,5,0.2,fpr_owa,1.7336143413815548,1.8099001257236491,1.6922920438569655,2.55417172044426,2.7327033676123493,0.7
full_seed101_freeze_0p0_noise0p25_s5_a0p2_b0p7,101,freeze,0.0,0.25,5,0.2,crp,1.7299966585060598,1.80602551384638,1.6744679092833217,2.580396054162711,2.7327033676123493,0.7
full_seed101_freeze_0p0_noise0p25_s5_a0p3_b0p8,101,freeze,0.0,0.25,5,0.3,fpr_owa,1.7299506229173902,1.809798933912468,1.6661550456250218,2.56977910378971,2.767724316695624,0.8
full_seed101_freeze_0p0_noise0p25_s5_a0p3_b0p8,101,freeze,0.0,0.25,5,0.3,crp,1.7294943982864368,1.809381156735658,1.6661550456250218,2.56977910378971,2.767724316695624,0.8
full_seed101_freeze_0p0_noise0p25_s9_a0p2_b0p7,101,freeze,0.0,0.25,9,0.2,fpr_owa,1.7298027951227697,1.795488778870893,1.6024240184477152,2.4398284480022494,2.632631395399988,0.7
full_seed101_freeze_0p0_noise0p25_s9_a0p2_b0p7,101,freeze,0.0,0.25,9,0.2,crp,1.737917956124165,1.8031142332079328,1.62155292510189,2.4382238930928506,2.632631395399988,0.7
full_seed101_freeze_0p0_noise0p25_s9_a0p3_b0p8,101,freeze,0.0,0.25,9,0.3,fpr_owa,1.7256608562942817,1.7990798317672998,1.6358554405371024,2.4886343819454897,2.781453042917504,0.8
full_seed101_freeze_0p0_noise0p25_s9_a0p3_b0p8,101,freeze,0.0,0.25,9,0.3,crp,1.7270999853753042,1.8013554732723935,1.6219549311018078,2.4886343819454897,2.781453042917504,0.8
full_seed101_freeze_0p0_noise0p5_s13_a0p2_b0p7,101,freeze,0.0,0.5,13,0.2,fpr_owa,1.2839222170748892,1.3602123416225274,1.240801419563994,2.046768449975125,2.3782249001293287,0.7
full_seed101_freeze_0p0_noise0p5_s13_a0p2_b0p7,101,freeze,0.0,0.5,13,0.2,crp,1.3469367647989483,1.4410407567103185,1.3081896591059217,2.1695541157352447,2.7972124435405337,0.7
full_seed101_freeze_0p0_noise0p5_s13_a0p3_b0p8,101,freeze,0.0,0.5,13,0.3,fpr_owa,1.3542700790443412,1.4646362664908377,1.2917001243824369,2.3401931281901307,2.585645126688344,0.8
full_seed101_freeze_0p0_noise0p5_s13_a0p3_b0p8,101,freeze,0.0,0.5,13,0.3,crp,1.4701580850607432,1.5903970841222617,1.370410747220058,2.443208359256318,2.78431614965397,0.8
full_seed101_freeze_0p0_noise0p5_s5_a0p2_b0p7,101,freeze,0.0,0.5,5,0.2,fpr_owa,1.709271226509631,1.8044491280747168,1.6461929187271442,2.6895015239178703,3.020868080479137,0.7
full_seed101_freeze_0p0_noise0p5_s5_a0p2_b0p7,101,freeze,0.0,0.5,5,0.2,crp,1.6977680257380487,1.786412853073899,1.6542219708014434,2.686365356708609,2.939752255011405,0.7
full_seed101_freeze_0p0_noise0p5_s5_a0p3_b0p8,101,freeze,0.0,0.5,5,0.3,fpr_owa,1.703342370087818,1.80311874125599,1.6345246869770231,2.725174442138963,3.089570498033422,0.8
full_seed101_freeze_0p0_noise0p5_s5_a0p3_b0p8,101,freeze,0.0,0.5,5,0.3,crp,1.6984713077007167,1.798124387923469,1.6682790141262194,2.714984723815591,3.089570498033422,0.8
full_seed101_freeze_0p0_noise0p5_s9_a0p2_b0p7,101,freeze,0.0,0.5,9,0.2,fpr_owa,1.70044414129838,1.7783768765686925,1.641228448021633,2.5752813313069827,2.867533613785253,0.7
full_seed101_freeze_0p0_noise0p5_s9_a0p2_b0p7,101,freeze,0.0,0.5,9,0.2,crp,1.7114156066778192,1.7905355092555717,1.6579063381663528,2.543532151851908,3.006353600128937,0.7
full_seed101_freeze_0p0_noise0p5_s9_a0p3_b0p8,101,freeze,0.0,0.5,9,0.3,fpr_owa,1.6909088150660572,1.7716248152131142,1.5885115885765302,2.610265449817572,3.033435246204024,0.8
full_seed101_freeze_0p0_noise0p5_s9_a0p3_b0p8,101,freeze,0.0,0.5,9,0.3,crp,1.7009329545296437,1.782476974830095,1.6270844019495163,2.557419044988671,2.929954053037564,0.8
full_seed101_freeze_0p1_noise0p1_s13_a0p2_b0p7,101,freeze,0.1,0.1,13,0.2,fpr_owa,1.1998149316062623,1.2493430963426797,1.1936329513941824,1.6493486746710642,1.7438379620698026,0.7
full_seed101_freeze_0p1_noise0p1_s13_a0p2_b0p7,101,freeze,0.1,0.1,13,0.2,crp,1.1863945250013568,1.2367443046534068,1.1883887828454387,1.6351462683420654,1.7438379620698026,0.7
full_seed101_freeze_0p1_noise0p1_s13_a0p3_b0p8,101,freeze,0.1,0.1,13,0.3,fpr_owa,1.45736703770427,1.536009120294032,1.4105131735776282,2.0822996460170384,2.1907118190644783,0.8
full_seed101_freeze_0p1_noise0p1_s13_a0p3_b0p8,101,freeze,0.1,0.1,13,0.3,crp,1.437894899823996,1.52272548650984,1.4028897938218514,2.0690170067109466,2.1907118190644783,0.8
full_seed101_freeze_0p1_noise0p1_s5_a0p2_b0p7,101,freeze,0.1,0.1,5,0.2,fpr_owa,1.767117669704048,1.8354108405671965,1.6600840900874871,2.4665471628706577,2.623309323256321,0.7
full_seed101_freeze_0p1_noise0p1_s5_a0p2_b0p7,101,freeze,0.1,0.1,5,0.2,crp,1.7583147492140283,1.8273817930282,1.6580754871331331,2.4777751377541906,2.623309323256321,0.7
full_seed101_freeze_0p1_noise0p1_s5_a0p3_b0p8,101,freeze,0.1,0.1,5,0.3,fpr_owa,1.7626268134227294,1.838567579606963,1.6659867656620362,2.496622538502625,2.5856445900776754,0.8
full_seed101_freeze_0p1_noise0p1_s5_a0p3_b0p8,101,freeze,0.1,0.1,5,0.3,crp,1.7563653575760176,1.8335031514088616,1.6530875409769834,2.496879025256148,2.5856445900776754,0.8
full_seed101_freeze_0p1_noise0p1_s9_a0p2_b0p7,101,freeze,0.1,0.1,9,0.2,fpr_owa,1.7431267322240385,1.7957562784551415,1.6360161484302114,2.391604754266902,2.523561358285354,0.7
full_seed101_freeze_0p1_noise0p1_s9_a0p2_b0p7,101,freeze,0.1,0.1,9,0.2,crp,1.7455262136150087,1.798354231797799,1.6360161484302114,2.391604754266902,2.576401986691214,0.7
full_seed101_freeze_0p1_noise0p1_s9_a0p3_b0p8,101,freeze,0.1,0.1,9,0.3,fpr_owa,1.713528403845548,1.7869630988891485,1.5911349792257754,2.479236558855026,2.539427961443164,0.8
full_seed101_freeze_0p1_noise0p1_s9_a0p3_b0p8,101,freeze,0.1,0.1,9,0.3,crp,1.7108989677393494,1.7848502359506384,1.5820205063562802,2.479236558855026,2.5684563694168614,0.8
full_seed101_freeze_0p1_noise0p25_s13_a0p2_b0p7,101,freeze,0.1,0.25,13,0.2,fpr_owa,1.2248871321354111,1.285195674379019,1.19725866256588,1.8205840883688,1.93807001433504,0.7
full_seed101_freeze_0p1_noise0p25_s13_a0p2_b0p7,101,freeze,0.1,0.25,13,0.2,crp,1.2256239384692826,1.293849161819471,1.1872938006586693,1.8246540809518343,2.2545328505555102,0.7
full_seed101_freeze_0p1_noise0p25_s13_a0p3_b0p8,101,freeze,0.1,0.25,13,0.3,fpr_owa,1.4201540703649094,1.5148726549838312,1.3935973055068982,2.1739971801382496,2.364904962084545,0.8
full_seed101_freeze_0p1_noise0p25_s13_a0p3_b0p8,101,freeze,0.1,0.25,13,0.3,crp,1.4310423905627156,1.5354525069695188,1.4188686993097588,2.2138707554660253,2.5510609410608445,0.8
full_seed101_freeze_0p1_noise0p25_s5_a0p2_b0p7,101,freeze,0.1,0.25,5,0.2,fpr_owa,1.7336143413815548,1.8099001257236491,1.6922920438569655,2.55417172044426,2.7327033676123493,0.7
full_seed101_freeze_0p1_noise0p25_s5_a0p2_b0p7,101,freeze,0.1,0.25,5,0.2,crp,1.7299966585060598,1.80602551384638,1.6744679092833217,2.580396054162711,2.7327033676123493,0.7
full_seed101_freeze_0p1_noise0p25_s5_a0p3_b0p8,101,freeze,0.1,0.25,5,0.3,fpr_owa,1.7299506229173902,1.809798933912468,1.6661550456250218,2.56977910378971,2.767724316695624,0.8
full_seed101_freeze_0p1_noise0p25_s5_a0p3_b0p8,101,freeze,0.1,0.25,5,0.3,crp,1.7294943982864368,1.809381156735658,1.6661550456250218,2.56977910378971,2.767724316695624,0.8
full_seed101_freeze_0p1_noise0p25_s9_a0p2_b0p7,101,freeze,0.1,0.25,9,0.2,fpr_owa,1.7149786288704485,1.7787291413451884,1.6096267924073056,2.4324882517854496,2.6353623763668463,0.7
full_seed101_freeze_0p1_noise0p25_s9_a0p2_b0p7,101,freeze,0.1,0.25,9,0.2,crp,1.7239526854130298,1.7874824095285904,1.6220685280060008,2.4324882517854496,2.6353623763668463,0.7
full_seed101_freeze_0p1_noise0p25_s9_a0p3_b0p8,101,freeze,0.1,0.25,9,0.3,fpr_owa,1.699676980724064,1.7724449887095768,1.6085728558567252,2.4637748117797917,2.671886585904733,0.8
full_seed101_freeze_0p1_noise0p25_s9_a0p3_b0p8,101,freeze,0.1,0.25,9,0.3,crp,1.7054726974262289,1.7794128639991695,1.6085728558567252,2.453655764154209,2.671886585904733,0.8
full_seed101_freeze_0p1_noise0p5_s13_a0p2_b0p7,101,freeze,0.1,0.5,13,0.2,fpr_owa,1.2661904919682845,1.3434312872994345,1.240801419563994,2.0477269291336966,2.3215045262022573,0.7
full_seed101_freeze_0p1_noise0p5_s13_a0p2_b0p7,101,freeze,0.1,0.5,13,0.2,crp,1.3322660693342605,1.4251490214857183,1.294066569948944,2.137335213682701,2.7972124435405337,0.7
full_seed101_freeze_0p1_noise0p5_s13_a0p3_b0p8,101,freeze,0.1,0.5,13,0.3,fpr_owa,1.3224245099336511,1.4290564730045592,1.2836515648764424,2.331147786840297,2.4987166291150835,0.8
full_seed101_freeze_0p1_noise0p5_s13_a0p3_b0p8,101,freeze,0.1,0.5,13,0.3,crp,1.4357182739719974,1.5564347370243958,1.3486714435259324,2.379634882094844,2.774326123025368,0.8
full_seed101_freeze_0p1_noise0p5_s5_a0p2_b0p7,101,freeze,0.1,0.5,5,0.2,fpr_owa,1.709271226509631,1.8044491280747168,1.6461929187271442,2.6895015239178703,3.020868080479137,0.7
full_seed101_freeze_0p1_noise0p5_s5_a0p2_b0p7,101,freeze,0.1,0.5,5,0.2,crp,1.6977680257380487,1.786412853073899,1.6542219708014434,2.686365356708609,2.939752255011405,0.7
full_seed101_freeze_0p1_noise0p5_s5_a0p3_b0p8,101,freeze,0.1,0.5,5,0.3,fpr_owa,1.703342370087818,1.80311874125599,1.6345246869770231,2.725174442138963,3.089570498033422,0.8
full_seed101_freeze_0p1_noise0p5_s5_a0p3_b0p8,101,freeze,0.1,0.5,5,0.3,crp,1.6984713077007167,1.798124387923469,1.6682790141262194,2.714984723815591,3.089570498033422,0.8
full_seed101_freeze_0p1_noise0p5_s9_a0p2_b0p7,101,freeze,0.1,0.5,9,0.2,fpr_owa,1.679200189049418,1.755870631591648,1.6081310323269815,2.514867069402352,2.870264594752112,0.7
full_seed101_freeze_0p1_noise0p5_s9_a0p2_b0p7,101,freeze,0.1,0.5,9,0.2,crp,1.6848717691787245,1.7615291772054742,1.6554028791926618,2.509244590137774,2.9126775358888617,0.7
full_seed101_freeze_0p1_noise0p5_s9_a0p3_b0p8,101,freeze,0.1,0.5,9,0.3,fpr_owa,1.669025005055487,1.7515884841454676,1.571148724148809,2.60260037386507,2.9266970499106346,0.8
full_seed101_freeze_0p1_noise0p5_s9_a0p3_b0p8,101,freeze,0.1,0.5,9,0.3,crp,1.6781727361030625,1.761217814415351,1.5916882739311748,2.5780604106780123,3.023362136742141,0.8
full_seed101_freeze_0p2_noise0p1_s13_a0p2_b0p7,101,freeze,0.2,0.1,13,0.2,fpr_owa,1.2265056745990537,1.2704683731572388,1.225990047351839,1.6539651722283146,1.718632736989035,0.7
full_seed101_freeze_0p2_noise0p1_s13_a0p2_b0p7,101,freeze,0.2,0.1,13,0.2,crp,1.212288065900821,1.2573686464032137,1.221940782419262,1.6351462683420654,1.718632736989035,0.7
full_seed101_freeze_0p2_noise0p1_s13_a0p3_b0p8,101,freeze,0.2,0.1,13,0.3,fpr_owa,1.4928411499919712,1.5662044240834123,1.4869897173251232,2.083792561859703,2.1805322811617684,0.8
full_seed101_freeze_0p2_noise0p1_s13_a0p3_b0p8,101,freeze,0.2,0.1,13,0.3,crp,1.4721945641162697,1.5522376259320263,1.472889595260651,2.079986140592349,2.1805322811617684,0.8
full_seed101_freeze_0p2_noise0p1_s5_a0p2_b0p7,101,freeze,0.2,0.1,5,0.2,fpr_owa,1.7186949486412002,1.790965364251446,1.6210164285291826,2.4565832105198773,2.623309323256321,0.7
full_seed101_freeze_0p2_noise0p1_s5_a0p2_b0p7,101,freeze,0.2,0.1,5,0.2,crp,1.7094714867771663,1.7822856269984997,1.610191028476209,2.4638702291350283,2.623309323256321,0.7
full_seed101_freeze_0p2_noise0p1_s5_a0p3_b0p8,101,freeze,0.2,0.1,5,0.3,fpr_owa,1.7056884763983675,1.7834175409952338,1.5911570102417278,2.4796899970927493,2.5856445900776754,0.8
full_seed101_freeze_0p2_noise0p1_s5_a0p3_b0p8,101,freeze,0.2,0.1,5,0.3,crp,1.6993007946746828,1.7780542292267816,1.5843930396411725,2.496622538502625,2.5856445900776754,0.8
full_seed101_freeze_0p2_noise0p1_s9_a0p2_b0p7,101,freeze,0.2,0.1,9,0.2,fpr_owa,1.7676144168871124,1.817447115599277,1.6833170702005522,2.397370534849156,2.556822477164654,0.7
full_seed101_freeze_0p2_noise0p1_s9_a0p2_b0p7,101,freeze,0.2,0.1,9,0.2,crp,1.7699441631373507,1.819937581166132,1.6833170702005522,2.397370534849156,2.576401986691214,0.7
full_seed101_freeze_0p2_noise0p1_s9_a0p3_b0p8,101,freeze,0.2,0.1,9,0.3,fpr_owa,1.7463549407257573,1.817828616851076,1.6351448970085083,2.483087558392486,2.615982087131423,0.8
full_seed101_freeze_0p2_noise0p1_s9_a0p3_b0p8,101,freeze,0.2,0.1,9,0.3,crp,1.7441918750137282,1.8162059328599824,1.6345242185438331,2.483087558392486,2.615982087131423,0.8
full_seed101_freeze_0p2_noise0p25_s13_a0p2_b0p7,101,freeze,0.2,0.25,13,0.2,fpr_owa,1.2485855832845496,1.3034869338153323,1.2398665029228702,1.820979321793661,1.93807001433504,0.7
full_seed101_freeze_0p2_noise0p25_s13_a0p2_b0p7,101,freeze,0.2,0.25,13,0.2,crp,1.2541082307642355,1.3167284684304474,1.2415743331028115,1.8499338704519463,2.3589586459857674,0.7
full_seed101_freeze_0p2_noise0p25_s13_a0p3_b0p8,101,freeze,0.2,0.25,13,0.3,fpr_owa,1.446167560462041,1.5384420008116133,1.4129804139742663,2.196101854236166,2.364904962084545,0.8
full_seed101_freeze_0p2_noise0p25_s13_a0p3_b0p8,101,freeze,0.2,0.25,13,0.3,crp,1.4572720244787325,1.5598382130535913,1.447877669755488,2.221124241014659,2.593496081939145,0.8
full_seed101_freeze_0p2_noise0p25_s5_a0p2_b0p7,101,freeze,0.2,0.25,5,0.2,fpr_owa,1.6994781896146631,1.776777795121539,1.6417163603941751,2.505650056969039,2.7327033676123493,0.7
full_seed101_freeze_0p2_noise0p25_s5_a0p2_b0p7,101,freeze,0.2,0.25,5,0.2,crp,1.698577128143998,1.7753940427887036,1.6253574770284196,2.5175384069844613,2.7327033676123493,0.7
full_seed101_freeze_0p2_noise0p25_s5_a0p3_b0p8,101,freeze,0.2,0.25,5,0.3,fpr_owa,1.6913440002484912,1.7707290159889926,1.6143172300979542,2.5541707944410432,2.767724316695624,0.8
full_seed101_freeze_0p2_noise0p25_s5_a0p3_b0p8,101,freeze,0.2,0.25,5,0.3,crp,1.6928274348331154,1.771993519799601,1.6078852305850526,2.554350007942229,2.767724316695624,0.8
full_seed101_freeze_0p2_noise0p25_s9_a0p2_b0p7,101,freeze,0.2,0.25,9,0.2,fpr_owa,1.735984129050371,1.7998178071024762,1.6580164908534962,2.46384236319453,2.6353623763668463,0.7
full_seed101_freeze_0p2_noise0p25_s9_a0p2_b0p7,101,freeze,0.2,0.25,9,0.2,crp,1.7439757184287452,1.808065363887442,1.6713757310342106,2.448991191130716,2.6353623763668463,0.7
full_seed101_freeze_0p2_noise0p25_s9_a0p3_b0p8,101,freeze,0.2,0.25,9,0.3,fpr_owa,1.7228756756400387,1.7962531950873908,1.6411332435115256,2.477798450971836,2.724353125984368,0.8
full_seed101_freeze_0p2_noise0p25_s9_a0p3_b0p8,101,freeze,0.2,0.25,9,0.3,crp,1.725538714821778,1.7999087518028756,1.6418021596789187,2.46830600512601,2.724353125984368,0.8
full_seed101_freeze_0p2_noise0p5_s13_a0p2_b0p7,101,freeze,0.2,0.5,13,0.2,fpr_owa,1.2800621104725636,1.3542986225439246,1.240801419563994,2.0512581199648063,2.44997996627012,0.7
full_seed101_freeze_0p2_noise0p5_s13_a0p2_b0p7,101,freeze,0.2,0.5,13,0.2,crp,1.3703612286042453,1.4620449278618648,1.3252424039075896,2.2590241442350463,2.7972124435405337,0.7
full_seed101_freeze_0p2_noise0p5_s13_a0p3_b0p8,101,freeze,0.2,0.5,13,0.3,fpr_owa,1.352056749771235,1.459239131771244,1.3295854179872189,2.3365054897639945,2.61467936605722,0.8
full_seed101_freeze_0p2_noise0p5_s13_a0p3_b0p8,101,freeze,0.2,0.5,13,0.3,crp,1.470292217223096,1.5907159611947963,1.3625776836491,2.444802964595912,2.830404476357552,0.8
full_seed101_freeze_0p2_noise0p5_s5_a0p2_b0p7,101,freeze,0.2,0.5,5,0.2,fpr_owa,1.6705705504759565,1.7679917520712225,1.5930803466833434,2.6191433205467187,3.020868080479137,0.7
full_seed101_freeze_0p2_noise0p5_s5_a0p2_b0p7,101,freeze,0.2,0.5,5,0.2,crp,1.6751316960695106,1.766030823668835,1.6063354852801024,2.6705564532604518,2.939752255011405,0.7
full_seed101_freeze_0p2_noise0p5_s5_a0p3_b0p8,101,freeze,0.2,0.5,5,0.3,fpr_owa,1.6708269665307858,1.7711684200273643,1.6270113370918875,2.70287780136473,3.089570498033422,0.8
full_seed101_freeze_0p2_noise0p5_s5_a0p3_b0p8,101,freeze,0.2,0.5,5,0.3,crp,1.674819962278396,1.7751087956302076,1.6686279881760948,2.7055208495969016,3.089570498033422,0.8
full_seed101_freeze_0p2_noise0p5_s9_a0p2_b0p7,101,freeze,0.2,0.5,9,0.2,fpr_owa,1.7023498851716026,1.7792748890853485,1.607675141305693,2.549626323415734,2.870264594752112,0.7
full_seed101_freeze_0p2_noise0p5_s9_a0p2_b0p7,101,freeze,0.2,0.5,9,0.2,crp,1.710818208936027,1.7885014130995005,1.6814417032277755,2.5836229155564725,2.9155659095101925,0.7
full_seed101_freeze_0p2_noise0p5_s9_a0p3_b0p8,101,freeze,0.2,0.5,9,0.3,fpr_owa,1.6939974669445723,1.7741419545548784,1.6143133082805834,2.6105405103414583,2.9577269650377063,0.8
full_seed101_freeze_0p2_noise0p5_s9_a0p3_b0p8,101,freeze,0.2,0.5,9,0.3,crp,1.7093013720796408,1.788754570141849,1.631071911462981,2.601005716824772,2.888998341374425,0.8
full_seed101_freeze_0p3_noise0p1_s13_a0p2_b0p7,101,freeze,0.3,0.1,13,0.2,fpr_owa,1.2278730529185364,1.268691671347426,1.2305367836384886,1.6377492040854786,1.7108231043868751,0.7
full_seed101_freeze_0p3_noise0p1_s13_a0p2_b0p7,101,freeze,0.3,0.1,13,0.2,crp,1.2143163504148045,1.2563350538995672,1.2274298978949074,1.6331086089222149,1.7108231043868751,0.7
full_seed101_freeze_0p3_noise0p1_s13_a0p3_b0p8,101,freeze,0.3,0.1,13,0.3,fpr_owa,1.4989047948068055,1.5664831709117957,1.5145615314150092,2.0821620070444355,2.1805322811617684,0.8
full_seed101_freeze_0p3_noise0p1_s13_a0p3_b0p8,101,freeze,0.3,0.1,13,0.3,crp,1.4785864788396763,1.5529145655962575,1.499363569645146,2.072253580556565,2.1805322811617684,0.8
full_seed101_freeze_0p3_noise0p1_s5_a0p2_b0p7,101,freeze,0.3,0.1,5,0.2,fpr_owa,1.7685399923329714,1.835395269087492,1.667629823959527,2.486174470871711,2.6317778813505948,0.7
full_seed101_freeze_0p3_noise0p1_s5_a0p2_b0p7,101,freeze,0.3,0.1,5,0.2,crp,1.759316530468937,1.8269266307232663,1.667150139356865,2.4877866452920268,2.6317778813505948,0.7
full_seed101_freeze_0p3_noise0p1_s5_a0p3_b0p8,101,freeze,0.3,0.1,5,0.3,fpr_owa,1.7548319396101044,1.8308694422372451,1.7071430022950145,2.5114486247602046,2.5856445900776754,0.8
full_seed101_freeze_0p3_noise0p1_s5_a0p3_b0p8,101,freeze,0.3,0.1,5,0.3,crp,1.7484442578864194,1.8256455381754368,1.6838400127561357,2.5124842462167893,2.5856445900776754,0.8
full_seed101_freeze_0p3_noise0p1_s9_a0p2_b0p7,101,freeze,0.3,0.1,9,0.2,fpr_owa,1.7772461660123478,1.8264179100392952,1.688603741471775,2.3995761498305272,2.6016583341996022,0.7
full_seed101_freeze_0p3_noise0p1_s9_a0p2_b0p7,101,freeze,0.3,0.1,9,0.2,crp,1.7804179669116909,1.8297714986291365,1.688603741471775,2.3995761498305272,2.6016583341996022,0.7
full_seed101_freeze_0p3_noise0p1_s9_a0p3_b0p8,101,freeze,0.3,0.1,9,0.3,fpr_owa,1.7672847660070194,1.835395835718048,1.659992678927206,2.486906006569736,2.586042908160543,0.8
full_seed101_freeze_0p3_noise0p1_s9_a0p3_b0p8,101,freeze,0.3,0.1,9,0.3,crp,1.7651120838161674,1.833770644584113,1.6568486119134798,2.486906006569736,2.586042908160543,0.8
full_seed101_freeze_0p3_noise0p25_s13_a0p2_b0p7,101,freeze,0.3,0.25,13,0.2,fpr_owa,1.2527698821432245,1.3045092966437954,1.2456549603750893,1.820590858428842,1.93807001433504,0.7
full_seed101_freeze_0p3_noise0p25_s13_a0p2_b0p7,101,freeze,0.3,0.25,13,0.2,crp,1.2607964317576643,1.3200492539570252,1.2456549603750893,1.8488427217504304,2.2770450369811943,0.7
full_seed101_freeze_0p3_noise0p25_s13_a0p3_b0p8,101,freeze,0.3,0.25,13,0.3,fpr_owa,1.459142846078877,1.544233889271269,1.4357893867681866,2.192325854307477,2.348715633380049,0.8
full_seed101_freeze_0p3_noise0p25_s13_a0p3_b0p8,101,freeze,0.3,0.25,13,0.3,crp,1.4696105434279707,1.564742180423073,1.4696582663696267,2.2171811816191203,2.50459491054391,0.8
full_seed101_freeze_0p3_noise0p25_s5_a0p2_b0p7,101,freeze,0.3,0.25,5,0.2,fpr_owa,1.7347331845210687,1.8102846944759847,1.6744679092833217,2.580478015543148,2.7327033676123493,0.7
full_seed101_freeze_0p3_noise0p25_s5_a0p2_b0p7,101,freeze,0.3,0.25,5,0.2,crp,1.7343341567362576,1.8097411809045256,1.658608076562609,2.580478015543148,2.7327033676123493,0.7
full_seed101_freeze_0p3_noise0p25_s5_a0p3_b0p8,101,freeze,0.3,0.25,5,0.3,fpr_owa,1.7235811546688966,1.801935336303781,1.6366253477849442,2.5766362005104635,2.767724316695624,0.8
full_seed101_freeze_0p3_noise0p25_s5_a0p3_b0p8,101,freeze,0.3,0.25,5,0.3,crp,1.7252682223010731,1.803541354258585,1.644078226288371,2.5766362005104635,2.767724316695624,0.8
full_seed101_freeze_0p3_noise0p25_s9_a0p2_b0p7,101,freeze,0.3,0.25,9,0.2,fpr_owa,1.7493422502144336,1.8105099052382172,1.651757577450522,2.4808986829135944,2.63202489517159,0.7
full_seed101_freeze_0p3_noise0p25_s9_a0p2_b0p7,101,freeze,0.3,0.25,9,0.2,crp,1.7554358268786596,1.8163243395917683,1.6804108445292254,2.4803807165394174,2.63202489517159,0.7
full_seed101_freeze_0p3_noise0p25_s9_a0p3_b0p8,101,freeze,0.3,0.25,9,0.3,fpr_owa,1.740977781335233,1.8096306591638605,1.6411332435115256,2.485224457342335,2.7449004468434475,0.8
full_seed101_freeze_0p3_noise0p25_s9_a0p3_b0p8,101,freeze,0.3,0.25,9,0.3,crp,1.7430267201613128,1.8128276697296943,1.6423419172772586,2.4780645439331974,2.7449004468434475,0.8
full_seed101_freeze_0p3_noise0p5_s13_a0p2_b0p7,101,freeze,0.3,0.5,13,0.2,fpr_owa,1.2831888220930243,1.356538260813096,1.2591364064849344,2.057347837523185,2.386969497805062,0.7
full_seed101_freeze_0p3_noise0p5_s13_a0p2_b0p7,101,freeze,0.3,0.5,13,0.2,crp,1.3599719668164048,1.4510440797592428,1.327231542251988,2.1870283006437248,2.7972124435405337,0.7
full_seed101_freeze_0p3_noise0p5_s13_a0p3_b0p8,101,freeze,0.3,0.5,13,0.3,fpr_owa,1.3617248165498368,1.4679368037038667,1.3416695804062218,2.335685621870911,2.551668897592163,0.8
full_seed101_freeze_0p3_noise0p5_s13_a0p3_b0p8,101,freeze,0.3,0.5,13,0.3,crp,1.4755599026588406,1.591583951035579,1.412147395753568,2.443208359256318,2.774326123025368,0.8
full_seed101_freeze_0p3_noise0p5_s5_a0p2_b0p7,101,freeze,0.3,0.5,5,0.2,fpr_owa,1.7068481132738618,1.804264769352426,1.6266291230669725,2.7066877690532376,3.020868080479137,0.7
full_seed101_freeze_0p3_noise0p5_s5_a0p2_b0p7,101,freeze,0.3,0.5,5,0.2,crp,1.7097597406223344,1.8019838890385005,1.6542219708014434,2.7066877690532376,2.939752255011405,0.7
full_seed101_freeze_0p3_noise0p5_s5_a0p3_b0p8,101,freeze,0.3,0.5,5,0.3,fpr_owa,1.6973970819406383,1.7980869514635078,1.6563774825084892,2.725174442138963,3.089570498033422,0.8
full_seed101_freeze_0p3_noise0p5_s5_a0p3_b0p8,101,freeze,0.3,0.5,5,0.3,crp,1.7075312855861824,1.8085157556456652,1.6913991884720154,2.714984723815591,3.089570498033422,0.8
full_seed101_freeze_0p3_noise0p5_s9_a0p2_b0p7,101,freeze,0.3,0.5,9,0.2,fpr_owa,1.7185683723654903,1.791827271597466,1.6468159611748028,2.5534234735537864,2.817641262497876,0.7
full_seed101_freeze_0p3_noise0p5_s9_a0p2_b0p7,101,freeze,0.3,0.5,9,0.2,crp,1.7316142718976182,1.8045934292909451,1.7056442939155905,2.570836621220034,2.8812822520464105,0.7
full_seed101_freeze_0p3_noise0p5_s9_a0p3_b0p8,101,freeze,0.3,0.5,9,0.3,fpr_owa,1.7136066698424472,1.7889941971752,1.640670811964922,2.629755645020305,2.899386382569466,0.8
full_seed101_freeze_0p3_noise0p5_s9_a0p3_b0p8,101,freeze,0.3,0.5,9,0.3,crp,1.7270647242717194,1.8030921868076175,1.713369143886882,2.602875736694312,2.962362415229168,0.8
full_seed101_freeze_0p4_noise0p1_s13_a0p2_b0p7,101,freeze,0.4,0.1,13,0.2,fpr_owa,1.2173537271562582,1.262182825371183,1.2253171969934522,1.6362619351894503,1.7148521088811317,0.7
full_seed101_freeze_0p4_noise0p1_s13_a0p2_b0p7,101,freeze,0.4,0.1,13,0.2,crp,1.2033381853805285,1.2494239513102798,1.217211805303827,1.630346032780375,1.7148521088811317,0.7
full_seed101_freeze_0p4_noise0p1_s13_a0p3_b0p8,101,freeze,0.4,0.1,13,0.3,fpr_owa,1.4736161327187447,1.5463334272929692,1.4695100360453828,2.083220548694629,2.142828786129591,0.8
full_seed101_freeze_0p4_noise0p1_s13_a0p3_b0p8,101,freeze,0.4,0.1,13,0.3,crp,1.4536730698559226,1.5326065158255764,1.4578777422823803,2.0783101093854897,2.142828786129591,0.8
full_seed101_freeze_0p4_noise0p1_s5_a0p2_b0p7,101,freeze,0.4,0.1,5,0.2,fpr_owa,1.7685399923329714,1.835395269087492,1.667629823959527,2.486174470871711,2.6317778813505948,0.7
full_seed101_freeze_0p4_noise0p1_s5_a0p2_b0p7,101,freeze,0.4,0.1,5,0.2,crp,1.759316530468937,1.8269266307232663,1.667150139356865,2.4877866452920268,2.6317778813505948,0.7
full_seed101_freeze_0p4_noise0p1_s5_a0p3_b0p8,101,freeze,0.4,0.1,5,0.3,fpr_owa,1.7548319396101044,1.8308694422372451,1.7071430022950145,2.5114486247602046,2.5856445900776754,0.8
full_seed101_freeze_0p4_noise0p1_s5_a0p3_b0p8,101,freeze,0.4,0.1,5,0.3,crp,1.7484442578864194,1.8256455381754368,1.6838400127561357,2.5124842462167893,2.5856445900776754,0.8
full_seed101_freeze_0p4_noise0p1_s9_a0p2_b0p7,101,freeze,0.4,0.1,9,0.2,fpr_owa,1.777517440705297,1.825243906808388,1.690044143966498,2.3981483074830336,2.57230255085972,0.7
full_seed101_freeze_0p4_noise0p1_s9_a0p2_b0p7,101,freeze,0.4,0.1,9,0.2,crp,1.780183637123378,1.8280603561982525,1.690044143966498,2.3981483074830336,2.576401986691214,0.7
full_seed101_freeze_0p4_noise0p1_s9_a0p3_b0p8,101,freeze,0.4,0.1,9,0.3,fpr_owa,1.7674692244326216,1.8309326888777904,1.700435866606468,2.481753228222399,2.562509804855292,0.8
full_seed101_freeze_0p4_noise0p1_s9_a0p3_b0p8,101,freeze,0.4,0.1,9,0.3,crp,1.7658801101534194,1.8298845899945924,1.675011314589992,2.481753228222399,2.5684563694168614,0.8
full_seed101_freeze_0p4_noise0p25_s13_a0p2_b0p7,101,freeze,0.4,0.25,13,0.2,fpr_owa,1.2306265100855929,1.2845062664270448,1.2044535377120542,1.820590858428842,1.93807001433504,0.7
full_seed101_freeze_0p4_noise0p25_s13_a0p2_b0p7,101,freeze,0.4,0.25,13,0.2,crp,1.2369061941088069,1.2985006470383902,1.1997135099494325,1.8242695066752364,2.1808409475397337,0.7
full_seed101_freeze_0p4_noise0p25_s13_a0p3_b0p8,101,freeze,0.4,0.25,13,0.3,fpr_owa,1.4196455848724718,1.5080825297581586,1.40325475865085,2.189210494620096,2.348715633380049,0.8
full_seed101_freeze_0p4_noise0p25_s13_a0p3_b0p8,101,freeze,0.4,0.25,13,0.3,crp,1.4279403623568303,1.5265412433799146,1.4313520803586022,2.1912867890452667,2.50459491054391,0.8
full_seed101_freeze_0p4_noise0p25_s5_a0p2_b0p7,101,freeze,0.4,0.25,5,0.2,fpr_owa,1.7347331845210687,1.8102846944759847,1.6744679092833217,2.580478015543148,2.7327033676123493,0.7
full_seed101_freeze_0p4_noise0p25_s5_a0p2_b0p7,101,freeze,0.4,0.25,5,0.2,crp,1.7343341567362576,1.8097411809045256,1.658608076562609,2.580478015543148,2.7327033676123493,0.7
full_seed101_freeze_0p4_noise0p25_s5_a0p3_b0p8,101,freeze,0.4,0.25,5,0.3,fpr_owa,1.7235811546688966,1.801935336303781,1.6366253477849442,2.5766362005104635,2.767724316695624,0.8
full_seed101_freeze_0p4_noise0p25_s5_a0p3_b0p8,101,freeze,0.4,0.25,5,0.3,crp,1.7252682223010731,1.803541354258585,1.644078226288371,2.5766362005104635,2.767724316695624,0.8
full_seed101_freeze_0p4_noise0p25_s9_a0p2_b0p7,101,freeze,0.4,0.25,9,0.2,fpr_owa,1.7443062765003907,1.803225412427768,1.6852839971654492,2.4398284480022494,2.5823984057279774,0.7
full_seed101_freeze_0p4_noise0p25_s9_a0p2_b0p7,101,freeze,0.4,0.25,9,0.2,crp,1.7507439953448878,1.8089392935541475,1.6948838881245512,2.450813874571128,2.573624027385826,0.7
full_seed101_freeze_0p4_noise0p25_s9_a0p3_b0p8,101,freeze,0.4,0.25,9,0.3,fpr_owa,1.738418102019937,1.8031919248700097,1.6744650070957183,2.4637222532666665,2.671886585904733,0.8
full_seed101_freeze_0p4_noise0p25_s9_a0p3_b0p8,101,freeze,0.4,0.25,9,0.3,crp,1.7414592115010177,1.8071070364938269,1.6744650070957183,2.453655764154209,2.671886585904733,0.8
full_seed101_freeze_0p4_noise0p5_s13_a0p2_b0p7,101,freeze,0.4,0.5,13,0.2,fpr_owa,1.2564227390011231,1.3305241064851612,1.2393184122616925,2.0469385824003457,2.2735603414359,0.7
full_seed101_freeze_0p4_noise0p5_s13_a0p2_b0p7,101,freeze,0.4,0.5,13,0.2,crp,1.3306098090023384,1.4220870685919649,1.314046169795473,2.1751583699911663,2.7972124435405337,0.7
full_seed101_freeze_0p4_noise0p5_s13_a0p3_b0p8,101,freeze,0.4,0.5,13,0.3,fpr_owa,1.319691586851224,1.4245882606815816,1.2852734185273955,2.331178761822599,2.5397768976233057,0.8
full_seed101_freeze_0p4_noise0p5_s13_a0p3_b0p8,101,freeze,0.4,0.5,13,0.3,crp,1.4321764943643605,1.547376931965978,1.3625776836491,2.396256245326642,2.774326123025368,0.8
full_seed101_freeze_0p4_noise0p5_s5_a0p2_b0p7,101,freeze,0.4,0.5,5,0.2,fpr_owa,1.7068481132738618,1.804264769352426,1.6266291230669725,2.7066877690532376,3.020868080479137,0.7
full_seed101_freeze_0p4_noise0p5_s5_a0p2_b0p7,101,freeze,0.4,0.5,5,0.2,crp,1.7097597406223344,1.8019838890385005,1.6542219708014434,2.7066877690532376,2.939752255011405,0.7
full_seed101_freeze_0p4_noise0p5_s5_a0p3_b0p8,101,freeze,0.4,0.5,5,0.3,fpr_owa,1.6973970819406383,1.7980869514635078,1.6563774825084892,2.725174442138963,3.089570498033422,0.8
full_seed101_freeze_0p4_noise0p5_s5_a0p3_b0p8,101,freeze,0.4,0.5,5,0.3,crp,1.7075312855861824,1.8085157556456652,1.6913991884720154,2.714984723815591,3.089570498033422,0.8
full_seed101_freeze_0p4_noise0p5_s9_a0p2_b0p7,101,freeze,0.4,0.5,9,0.2,fpr_owa,1.7183627142140423,1.7896607089080936,1.6477962578658143,2.594365913777648,2.7704657387066534,0.7
full_seed101_freeze_0p4_noise0p5_s9_a0p2_b0p7,101,freeze,0.4,0.5,9,0.2,crp,1.7315545317778789,1.8044341282124603,1.7202736805320016,2.585442882784869,2.9515265761413634,0.7
full_seed101_freeze_0p4_noise0p5_s9_a0p3_b0p8,101,freeze,0.4,0.5,9,0.3,fpr_owa,1.7082254410018174,1.7812749976334952,1.6395129350512163,2.60260037386507,2.899386382569466,0.8
full_seed101_freeze_0p4_noise0p5_s9_a0p3_b0p8,101,freeze,0.4,0.5,9,0.3,crp,1.7243373169334324,1.7984851757792155,1.6802975715300563,2.602875736694312,2.858060696907653,0.8
full_seed101_mixed_0p0_noise0p1_s13_a0p2_b0p7,101,mixed,0.0,0.1,13,0.2,fpr_owa,1.2005996835464343,1.2492934636752335,1.1936329513941824,1.6485568056889095,1.7438379620698026,0.7
full_seed101_mixed_0p0_noise0p1_s13_a0p2_b0p7,101,mixed,0.0,0.1,13,0.2,crp,1.1877601771624158,1.2371094014898707,1.1883887828454387,1.635837317338585,1.7438379620698026,0.7
full_seed101_mixed_0p0_noise0p1_s13_a0p3_b0p8,101,mixed,0.0,0.1,13,0.3,fpr_owa,1.459851850307026,1.5405262522493737,1.4105131735776282,2.0889440810659385,2.241185361713773,0.8
full_seed101_mixed_0p0_noise0p1_s13_a0p3_b0p8,101,mixed,0.0,0.1,13,0.3,crp,1.440287572443023,1.5271750436906302,1.4028897938218514,2.08293605775331,2.241185361713773,0.8
full_seed101_mixed_0p0_noise0p1_s5_a0p2_b0p7,101,mixed,0.0,0.1,5,0.2,fpr_owa,1.767117669704048,1.8354108405671965,1.6600840900874871,2.4665471628706577,2.623309323256321,0.7
full_seed101_mixed_0p0_noise0p1_s5_a0p2_b0p7,101,mixed,0.0,0.1,5,0.2,crp,1.7583147492140283,1.8273817930282,1.6580754871331331,2.4777751377541906,2.623309323256321,0.7
full_seed101_mixed_0p0_noise0p1_s5_a0p3_b0p8,101,mixed,0.0,0.1,5,0.3,fpr_owa,1.7626268134227294,1.838567579606963,1.6659867656620362,2.496622538502625,2.5856445900776754,0.8
full_seed101_mixed_0p0_noise0p1_s5_a0p3_b0p8,101,mixed,0.0,0.1,5,0.3,crp,1.7563653575760176,1.8335031514088616,1.6530875409769834,2.496879025256148,2.5856445900776754,0.8
full_seed101_mixed_0p0_noise0p1_s9_a0p2_b0p7,101,mixed,0.0,0.1,9,0.2,fpr_owa,1.7649217452909671,1.8188107961041775,1.6358181714411566,2.402411083444426,2.5208303773184952,0.7
full_seed101_mixed_0p0_noise0p1_s9_a0p2_b0p7,101,mixed,0.0,0.1,9,0.2,crp,1.7677308157061338,1.8218308355180128,1.6358181714411566,2.399961226922069,2.576401986691214,0.7
full_seed101_mixed_0p0_noise0p1_s9_a0p3_b0p8,101,mixed,0.0,0.1,9,0.3,fpr_owa,1.748512793146674,1.822359247104944,1.6160641797705488,2.483087558392486,2.621842066792208,0.8
full_seed101_mixed_0p0_noise0p1_s9_a0p3_b0p8,101,mixed,0.0,0.1,9,0.3,crp,1.7461224378799574,1.8204222190891608,1.6158505451348346,2.483087558392486,2.621842066792208,0.8
full_seed101_mixed_0p0_noise0p25_s13_a0p2_b0p7,101,mixed,0.0,0.25,13,0.2,fpr_owa,1.236562460285135,1.2956308708465365,1.2044535377120542,1.82105823882284,1.93807001433504,0.7
full_seed101_mixed_0p0_noise0p25_s13_a0p2_b0p7,101,mixed,0.0,0.25,13,0.2,crp,1.2366794009308997,1.3042606049311627,1.1897474359688858,1.845555351065817,2.3276117793909465,0.7
full_seed101_mixed_0p0_noise0p25_s13_a0p3_b0p8,101,mixed,0.0,0.25,13,0.3,fpr_owa,1.4423166327854453,1.5394491390162115,1.4096630712143363,2.215127343217554,2.402718544702593,0.8
full_seed101_mixed_0p0_noise0p25_s13_a0p3_b0p8,101,mixed,0.0,0.25,13,0.3,crp,1.4492908441025174,1.5545400267584244,1.430292656578684,2.231713600125154,2.5510609410608445,0.8
full_seed101_mixed_0p0_noise0p25_s5_a0p2_b0p7,101,mixed,0.0,0.25,5,0.2,fpr_owa,1.7336143413815548,1.8099001257236491,1.6922920438569655,2.55417172044426,2.7327033676123493,0.7
full_seed101_mixed_0p0_noise0p25_s5_a0p2_b0p7,101,mixed,0.0,0.25,5,0.2,crp,1.7299966585060598,1.80602551384638,1.6744679092833217,2.580396054162711,2.7327033676123493,0.7
full_seed101_mixed_0p0_noise0p25_s5_a0p3_b0p8,101,mixed,0.0,0.25,5,0.3,fpr_owa,1.7299506229173902,1.809798933912468,1.6661550456250218,2.56977910378971,2.767724316695624,0.8
full_seed101_mixed_0p0_noise0p25_s5_a0p3_b0p8,101,mixed,0.0,0.25,5,0.3,crp,1.7294943982864368,1.809381156735658,1.6661550456250218,2.56977910378971,2.767724316695624,0.8
full_seed101_mixed_0p0_noise0p25_s9_a0p2_b0p7,101,mixed,0.0,0.25,9,0.2,fpr_owa,1.7298027951227697,1.795488778870893,1.6024240184477152,2.4398284480022494,2.632631395399988,0.7
full_seed101_mixed_0p0_noise0p25_s9_a0p2_b0p7,101,mixed,0.0,0.25,9,0.2,crp,1.737917956124165,1.8031142332079328,1.62155292510189,2.4382238930928506,2.632631395399988,0.7
full_seed101_mixed_0p0_noise0p25_s9_a0p3_b0p8,101,mixed,0.0,0.25,9,0.3,fpr_owa,1.7256608562942817,1.7990798317672998,1.6358554405371024,2.4886343819454897,2.781453042917504,0.8
full_seed101_mixed_0p0_noise0p25_s9_a0p3_b0p8,101,mixed,0.0,0.25,9,0.3,crp,1.7270999853753042,1.8013554732723935,1.6219549311018078,2.4886343819454897,2.781453042917504,0.8
full_seed101_mixed_0p0_noise0p5_s13_a0p2_b0p7,101,mixed,0.0,0.5,13,0.2,fpr_owa,1.2839222170748892,1.3602123416225274,1.240801419563994,2.046768449975125,2.3782249001293287,0.7
full_seed101_mixed_0p0_noise0p5_s13_a0p2_b0p7,101,mixed,0.0,0.5,13,0.2,crp,1.3469367647989483,1.4410407567103185,1.3081896591059217,2.1695541157352447,2.7972124435405337,0.7
full_seed101_mixed_0p0_noise0p5_s13_a0p3_b0p8,101,mixed,0.0,0.5,13,0.3,fpr_owa,1.3542700790443412,1.4646362664908377,1.2917001243824369,2.3401931281901307,2.585645126688344,0.8
full_seed101_mixed_0p0_noise0p5_s13_a0p3_b0p8,101,mixed,0.0,0.5,13,0.3,crp,1.4701580850607432,1.5903970841222617,1.370410747220058,2.443208359256318,2.78431614965397,0.8
full_seed101_mixed_0p0_noise0p5_s5_a0p2_b0p7,101,mixed,0.0,0.5,5,0.2,fpr_owa,1.709271226509631,1.8044491280747168,1.6461929187271442,2.6895015239178703,3.020868080479137,0.7
full_seed101_mixed_0p0_noise0p5_s5_a0p2_b0p7,101,mixed,0.0,0.5,5,0.2,crp,1.6977680257380487,1.786412853073899,1.6542219708014434,2.686365356708609,2.939752255011405,0.7
full_seed101_mixed_0p0_noise0p5_s5_a0p3_b0p8,101,mixed,0.0,0.5,5,0.3,fpr_owa,1.703342370087818,1.80311874125599,1.6345246869770231,2.725174442138963,3.089570498033422,0.8
full_seed101_mixed_0p0_noise0p5_s5_a0p3_b0p8,101,mixed,0.0,0.5,5,0.3,crp,1.6984713077007167,1.798124387923469,1.6682790141262194,2.714984723815591,3.089570498033422,0.8
full_seed101_mixed_0p0_noise0p5_s9_a0p2_b0p7,101,mixed,0.0,0.5,9,0.2,fpr_owa,1.70044414129838,1.7783768765686925,1.641228448021633,2.5752813313069827,2.867533613785253,0.7
full_seed101_mixed_0p0_noise0p5_s9_a0p2_b0p7,101,mixed,0.0,0.5,9,0.2,crp,1.7114156066778192,1.7905355092555717,1.6579063381663528,2.543532151851908,3.006353600128937,0.7
full_seed101_mixed_0p0_noise0p5_s9_a0p3_b0p8,101,mixed,0.0,0.5,9,0.3,fpr_owa,1.6909088150660572,1.7716248152131142,1.5885115885765302,2.610265449817572,3.033435246204024,0.8
full_seed101_mixed_0p0_noise0p5_s9_a0p3_b0p8,101,mixed,0.0,0.5,9,0.3,crp,1.7009329545296437,1.782476974830095,1.6270844019495163,2.557419044988671,2.929954053037564,0.8
full_seed101_mixed_0p1_noise0p1_s13_a0p2_b0p7,101,mixed,0.1,0.1,13,0.2,fpr_owa,1.1534268964853358,1.2030158457256706,1.1428314205584416,1.656053377789619,1.7630768288607368,0.7
full_seed101_mixed_0p1_noise0p1_s13_a0p2_b0p7,101,mixed,0.1,0.1,13,0.2,crp,1.1570723306209847,1.206154254976066,1.1570748920070937,1.636022930213462,1.7630768288607368,0.7
full_seed101_mixed_0p1_noise0p1_s13_a0p3_b0p8,101,mixed,0.1,0.1,13,0.3,fpr_owa,1.4161533980943313,1.4969676323456922,1.3944847282468948,2.119119143902132,2.2822486572506966,0.8
full_seed101_mixed_0p1_noise0p1_s13_a0p3_b0p8,101,mixed,0.1,0.1,13,0.3,crp,1.418174597907233,1.502528458990548,1.4162635796476952,2.0839198152685445,2.2822486572506966,0.8
full_seed101_mixed_0p1_noise0p1_s5_a0p2_b0p7,101,mixed,0.1,0.1,5,0.2,fpr_owa,1.767117669704048,1.8354108405671965,1.6600840900874871,2.4665471628706577,2.623309323256321,0.7
full_seed101_mixed_0p1_noise0p1_s5_a0p2_b0p7,101,mixed,0.1,0.1,5,0.2,crp,1.7583147492140283,1.8273817930282,1.6580754871331331,2.4777751377541906,2.623309323256321,0.7
full_seed101_mixed_0p1_noise0p1_s5_a0p3_b0p8,101,mixed,0.1,0.1,5,0.3,fpr_owa,1.7626268134227294,1.838567579606963,1.6659867656620362,2.496622538502625,2.5856445900776754,0.8
full_seed101_mixed_0p1_noise0p1_s5_a0p3_b0p8,101,mixed,0.1,0.1,5,0.3,crp,1.7563653575760176,1.8335031514088616,1.6530875409769834,2.496879025256148,2.5856445900776754,0.8
full_seed101_mixed_0p1_noise0p1_s9_a0p2_b0p7,101,mixed,0.1,0.1,9,0.2,fpr_owa,1.7545693599896703,1.8044308026879623,1.6491420154818104,2.415840370669107,2.529581352112384,0.7
full_seed101_mixed_0p1_noise0p1_s9_a0p2_b0p7,101,mixed,0.1,0.1,9,0.2,crp,1.775650376022134,1.827334287185559,1.6540173105863305,2.4207364492994343,2.576401986691214,0.7
full_seed101_mixed_0p1_noise0p1_s9_a0p3_b0p8,101,mixed,0.1,0.1,9,0.3,fpr_owa,1.7567518520868086,1.825340873225131,1.6480767199120865,2.4855531293785638,2.68596974680014,0.8
full_seed101_mixed_0p1_noise0p1_s9_a0p3_b0p8,101,mixed,0.1,0.1,9,0.3,crp,1.757829919076265,1.82964364509158,1.6292475859554072,2.4868341983028217,2.68596974680014,0.8
full_seed101_mixed_0p1_noise0p25_s13_a0p2_b0p7,101,mixed,0.1,0.25,13,0.2,fpr_owa,1.1985944170243767,1.2548430428143509,1.1802706050607996,1.820590858428842,1.93807001433504,0.7
full_seed101_mixed_0p1_noise0p25_s13_a0p2_b0p7,101,mixed,0.1,0.25,13,0.2,crp,1.2115576404027513,1.2753975483932838,1.1807419393093617,1.8061101651626976,2.3798950510318533,0.7
full_seed101_mixed_0p1_noise0p25_s13_a0p3_b0p8,101,mixed,0.1,0.25,13,0.3,fpr_owa,1.4007141698667858,1.494493917398214,1.3935973055068982,2.215127343217554,2.4478571094868418,0.8
full_seed101_mixed_0p1_noise0p25_s13_a0p3_b0p8,101,mixed,0.1,0.25,13,0.3,crp,1.4220143657150726,1.5246460152126595,1.4069561519225895,2.225362972960924,2.529511085339898,0.8
full_seed101_mixed_0p1_noise0p25_s5_a0p2_b0p7,101,mixed,0.1,0.25,5,0.2,fpr_owa,1.7336143413815548,1.8099001257236491,1.6922920438569655,2.55417172044426,2.7327033676123493,0.7
full_seed101_mixed_0p1_noise0p25_s5_a0p2_b0p7,101,mixed,0.1,0.25,5,0.2,crp,1.7299966585060598,1.80602551384638,1.6744679092833217,2.580396054162711,2.7327033676123493,0.7
full_seed101_mixed_0p1_noise0p25_s5_a0p3_b0p8,101,mixed,0.1,0.25,5,0.3,fpr_owa,1.7299506229173902,1.809798933912468,1.6661550456250218,2.56977910378971,2.767724316695624,0.8
full_seed101_mixed_0p1_noise0p25_s5_a0p3_b0p8,101,mixed,0.1,0.25,5,0.3,crp,1.7294943982864368,1.809381156735658,1.6661550456250218,2.56977910378971,2.767724316695624,0.8
full_seed101_mixed_0p1_noise0p25_s9_a0p2_b0p7,101,mixed,0.1,0.25,9,0.2,fpr_owa,1.7200150164433994,1.7837039385325126,1.6287324113708646,2.4699559680055034,2.641382370193876,0.7
full_seed101_mixed_0p1_noise0p25_s9_a0p2_b0p7,101,mixed,0.1,0.25,9,0.2,crp,1.7458407075836189,1.8092695254368425,1.6876246933795058,2.471616338655622,2.641382370193876,0.7
full_seed101_mixed_0p1_noise0p25_s9_a0p3_b0p8,101,mixed,0.1,0.25,9,0.3,fpr_owa,1.7304663759453986,1.8028935037425708,1.6336840685374092,2.473871728981381,2.847665282306486,0.8
full_seed101_mixed_0p1_noise0p25_s9_a0p3_b0p8,101,mixed,0.1,0.25,9,0.3,crp,1.7395432691022843,1.81339505647592,1.6288710437774496,2.488522280274306,2.847665282306486,0.8
full_seed101_mixed_0p1_noise0p5_s13_a0p2_b0p7,101,mixed,0.1,0.5,13,0.2,fpr_owa,1.2481028186164296,1.3218235475267228,1.2331369651456918,1.960169315600492,2.418442801391565,0.7
full_seed101_mixed_0p1_noise0p5_s13_a0p2_b0p7,101,mixed,0.1,0.5,13,0.2,crp,1.3200865317477957,1.4135119039757102,1.2786877325928074,2.161446221299172,2.7972124435405337,0.7
full_seed101_mixed_0p1_noise0p5_s13_a0p3_b0p8,101,mixed,0.1,0.5,13,0.3,fpr_owa,1.3336027139311295,1.4379825325461697,1.2776368165199163,2.2726956450143363,2.4987166291150835,0.8
full_seed101_mixed_0p1_noise0p5_s13_a0p3_b0p8,101,mixed,0.1,0.5,13,0.3,crp,1.4502848390927965,1.5678737057080518,1.3536526038951124,2.41416922921958,2.774326123025368,0.8
full_seed101_mixed_0p1_noise0p5_s5_a0p2_b0p7,101,mixed,0.1,0.5,5,0.2,fpr_owa,1.709271226509631,1.8044491280747168,1.6461929187271442,2.6895015239178703,3.020868080479137,0.7
full_seed101_mixed_0p1_noise0p5_s5_a0p2_b0p7,101,mixed,0.1,0.5,5,0.2,crp,1.6977680257380487,1.786412853073899,1.6542219708014434,2.686365356708609,2.939752255011405,0.7
full_seed101_mixed_0p1_noise0p5_s5_a0p3_b0p8,101,mixed,0.1,0.5,5,0.3,fpr_owa,1.703342370087818,1.80311874125599,1.6345246869770231,2.725174442138963,3.089570498033422,0.8
full_seed101_mixed_0p1_noise0p5_s5_a0p3_b0p8,101,mixed,0.1,0.5,5,0.3,crp,1.6984713077007167,1.798124387923469,1.6682790141262194,2.714984723815591,3.089570498033422,0.8
full_seed101_mixed_0p1_noise0p5_s9_a0p2_b0p7,101,mixed,0.1,0.5,9,0.2,fpr_owa,1.7002399887933908,1.774495489421684,1.6450962151451047,2.5535205859172687,2.876284588579141,0.7
full_seed101_mixed_0p1_noise0p5_s9_a0p2_b0p7,101,mixed,0.1,0.5,9,0.2,crp,1.710274133991492,1.7886172947860748,1.677466305773649,2.521780901877716,3.083724716683361,0.7
full_seed101_mixed_0p1_noise0p5_s9_a0p3_b0p8,101,mixed,0.1,0.5,9,0.3,fpr_owa,1.7059270513305913,1.785837845924325,1.6326205385463677,2.579443014141505,3.125739980150656,0.8
full_seed101_mixed_0p1_noise0p5_s9_a0p3_b0p8,101,mixed,0.1,0.5,9,0.3,crp,1.716554845664142,1.7966891247008472,1.658037970821272,2.557728803018537,2.9902630368716845,0.8
full_seed101_mixed_0p2_noise0p1_s13_a0p2_b0p7,101,mixed,0.2,0.1,13,0.2,fpr_owa,1.0991058584224505,1.1728813221934833,1.0906571792539586,1.6859863346961033,1.8431641664364973,0.7
full_seed101_mixed_0p2_noise0p1_s13_a0p2_b0p7,101,mixed,0.2,0.1,13,0.2,crp,1.067210391849934,1.132154045549977,1.0666164741391682,1.6588107896683555,1.8431641664364973,0.7
full_seed101_mixed_0p2_noise0p1_s13_a0p3_b0p8,101,mixed,0.2,0.1,13,0.3,fpr_owa,1.3397925758263045,1.436525900209195,1.300897975171909,2.142148482819444,2.2822486572506966,0.8
full_seed101_mixed_0p2_noise0p1_s13_a0p3_b0p8,101,mixed,0.2,0.1,13,0.3,crp,1.2464962623135134,1.3724171445374365,1.2496581871887686,2.12370695240542,2.2822486572506966,0.8
full_seed101_mixed_0p2_noise0p1_s5_a0p2_b0p7,101,mixed,0.2,0.1,5,0.2,fpr_owa,1.7620943939872822,1.8241965902246944,1.667150139356865,2.46643063632383,2.623309323256321,0.7
full_seed101_mixed_0p2_noise0p1_s5_a0p2_b0p7,101,mixed,0.2,0.1,5,0.2,crp,1.7708669969993458,1.8361258359510528,1.6751652182272312,2.481089036297297,2.623309323256321,0.7
full_seed101_mixed_0p2_noise0p1_s5_a0p3_b0p8,101,mixed,0.2,0.1,5,0.3,fpr_owa,1.7720701893746134,1.8406934068007983,1.7459115606201137,2.5124842462167893,2.6067432509643846,0.8
full_seed101_mixed_0p2_noise0p1_s5_a0p3_b0p8,101,mixed,0.2,0.1,5,0.3,crp,1.779149226882693,1.8512089168663317,1.7459115606201137,2.525881232372608,2.6067432509643846,0.8
full_seed101_mixed_0p2_noise0p1_s9_a0p2_b0p7,101,mixed,0.2,0.1,9,0.2,fpr_owa,1.7100806631187688,1.7664015617668891,1.6176619976102502,2.436058580273153,2.6228985907992506,0.7
full_seed101_mixed_0p2_noise0p1_s9_a0p2_b0p7,101,mixed,0.2,0.1,9,0.2,crp,1.7591589077884844,1.8108879447959216,1.6618531568863448,2.436058580273153,2.6228985907992506,0.7
full_seed101_mixed_0p2_noise0p1_s9_a0p3_b0p8,101,mixed,0.2,0.1,9,0.3,fpr_owa,1.7206615455235656,1.7892238814680768,1.606401315352528,2.5009573913686167,2.700937717459837,0.8
full_seed101_mixed_0p2_noise0p1_s9_a0p3_b0p8,101,mixed,0.2,0.1,9,0.3,crp,1.741833935631289,1.813682301187128,1.6473829813242715,2.5009573913686167,2.700937717459837,0.8
full_seed101_mixed_0p2_noise0p25_s13_a0p2_b0p7,101,mixed,0.2,0.25,13,0.2,fpr_owa,1.1261355264060229,1.2082940654354424,1.098252148868165,1.824011201211303,2.0101930261345333,0.7
full_seed101_mixed_0p2_noise0p25_s13_a0p2_b0p7,101,mixed,0.2,0.25,13,0.2,crp,1.12491634255116,1.2073048456017903,1.1081730039696067,1.7934225174673426,2.5507018603447724,0.7
full_seed101_mixed_0p2_noise0p25_s13_a0p3_b0p8,101,mixed,0.2,0.25,13,0.3,fpr_owa,1.323047723424071,1.430573347311016,1.2060534075007605,2.2253665223750634,2.4478571094868413,0.8
full_seed101_mixed_0p2_noise0p25_s13_a0p3_b0p8,101,mixed,0.2,0.25,13,0.3,crp,1.2811117258847446,1.4135504146038862,1.2317138120053597,2.217274446969732,2.562772363393355,0.8
full_seed101_mixed_0p2_noise0p25_s5_a0p2_b0p7,101,mixed,0.2,0.25,5,0.2,fpr_owa,1.733503706245856,1.803121907897086,1.6948992803202385,2.499253231479655,2.7327033676123493,0.7
full_seed101_mixed_0p2_noise0p25_s5_a0p2_b0p7,101,mixed,0.2,0.25,5,0.2,crp,1.7465524282199116,1.8211606910967808,1.6948992803202385,2.573053240215622,2.84258864028778,0.7
full_seed101_mixed_0p2_noise0p25_s5_a0p3_b0p8,101,mixed,0.2,0.25,5,0.3,fpr_owa,1.745115019842008,1.8192415105794115,1.6952487343807532,2.5532370269879747,2.767724316695624,0.8
full_seed101_mixed_0p2_noise0p25_s5_a0p3_b0p8,101,mixed,0.2,0.25,5,0.3,crp,1.7492254279197452,1.8256534390549717,1.7013874085979743,2.562560150739249,2.767724316695624,0.8
full_seed101_mixed_0p2_noise0p25_s9_a0p2_b0p7,101,mixed,0.2,0.25,9,0.2,fpr_owa,1.691599803887518,1.7629595841347951,1.5908256465643715,2.5229040497373383,3.0701399908280944,0.7
full_seed101_mixed_0p2_noise0p25_s9_a0p2_b0p7,101,mixed,0.2,0.25,9,0.2,crp,1.7431224023046177,1.8078859767279751,1.647974206230252,2.518526263213801,2.953118840197096,0.7
full_seed101_mixed_0p2_noise0p25_s9_a0p3_b0p8,101,mixed,0.2,0.25,9,0.3,fpr_owa,1.7044647632931758,1.77695159146677,1.6110605716749085,2.480168691076463,2.8624517995259056,0.8
full_seed101_mixed_0p2_noise0p25_s9_a0p3_b0p8,101,mixed,0.2,0.25,9,0.3,crp,1.7251841453545802,1.7988237467402048,1.623705068600528,2.503104739611954,2.8624517995259056,0.8
full_seed101_mixed_0p2_noise0p5_s13_a0p2_b0p7,101,mixed,0.2,0.5,13,0.2,fpr_owa,1.1745497808236047,1.2780730251231247,1.1542537803156925,1.995874056491792,2.5206051060716805,0.7
full_seed101_mixed_0p2_noise0p5_s13_a0p2_b0p7,101,mixed,0.2,0.5,13,0.2,crp,1.265790737620318,1.3723724526620424,1.230455542998953,2.1582359748214635,2.7972124435405337,0.7
full_seed101_mixed_0p2_noise0p5_s13_a0p3_b0p8,101,mixed,0.2,0.5,13,0.3,fpr_owa,1.2473123674475288,1.3633053678650886,1.158470594948763,2.3363330131561257,2.5211936317347816,0.8
full_seed101_mixed_0p2_noise0p5_s13_a0p3_b0p8,101,mixed,0.2,0.5,13,0.3,crp,1.3449727821392068,1.479262848251467,1.261103674114065,2.4077241831512093,2.774326123025368,0.8
full_seed101_mixed_0p2_noise0p5_s5_a0p2_b0p7,101,mixed,0.2,0.5,5,0.2,fpr_owa,1.6992023553869735,1.7881577462145035,1.6094101312819236,2.6110484605560407,3.020868080479137,0.7
full_seed101_mixed_0p2_noise0p5_s5_a0p2_b0p7,101,mixed,0.2,0.5,5,0.2,crp,1.721888782547956,1.8121579536378976,1.6615418986595878,2.6845183622658326,3.296729354272014,0.7
full_seed101_mixed_0p2_noise0p5_s5_a0p3_b0p8,101,mixed,0.2,0.5,5,0.3,fpr_owa,1.7184750074449209,1.81315668842176,1.651041500278442,2.725174442138963,3.089570498033422,0.8
full_seed101_mixed_0p2_noise0p5_s5_a0p3_b0p8,101,mixed,0.2,0.5,5,0.3,crp,1.7255814004867338,1.8221893602659007,1.6913991884720154,2.714984723815591,3.089570498033422,0.8
full_seed101_mixed_0p2_noise0p5_s9_a0p2_b0p7,101,mixed,0.2,0.5,9,0.2,fpr_owa,1.6614778352017123,1.745633329002237,1.5860432372499806,2.576057229036258,3.069047321510977,0.7
full_seed101_mixed_0p2_noise0p5_s9_a0p2_b0p7,101,mixed,0.2,0.5,9,0.2,crp,1.7202345974778446,1.7987750444821675,1.6893528299318836,2.5850615849492398,3.083724716683361,0.7
full_seed101_mixed_0p2_noise0p5_s9_a0p3_b0p8,101,mixed,0.2,0.5,9,0.3,fpr_owa,1.683983511506117,1.7634840265755545,1.5727331946709362,2.60260037386507,3.128045624739191,0.8
full_seed101_mixed_0p2_noise0p5_s9_a0p3_b0p8,101,mixed,0.2,0.5,9,0.3,crp,1.711297473540277,1.7915293155555536,1.631071911462981,2.5946475364751698,2.9902630368716845,0.8
full_seed101_mixed_0p3_noise0p1_s13_a0p2_b0p7,101,mixed,0.3,0.1,13,0.2,fpr_owa,1.1559261811550858,1.2240021687070577,1.168891645405334,1.72422504411393,2.27822954122893,0.7
full_seed101_mixed_0p3_noise0p1_s13_a0p2_b0p7,101,mixed,0.3,0.1,13,0.2,crp,1.0958291798353463,1.1605259424347705,1.1021679803285245,1.674960653326805,1.847751831588828,0.7
full_seed101_mixed_0p3_noise0p1_s13_a0p3_b0p8,101,mixed,0.3,0.1,13,0.3,fpr_owa,1.324175088870985,1.43359225756566,1.3030745262390178,2.1511423499793576,2.3319059368819075,0.8
full_seed101_mixed_0p3_noise0p1_s13_a0p3_b0p8,101,mixed,0.3,0.1,13,0.3,crp,1.212043721110731,1.352949932151419,1.213457487290468,2.142148482819444,2.3319059368819075,0.8
full_seed101_mixed_0p3_noise0p1_s5_a0p2_b0p7,101,mixed,0.3,0.1,5,0.2,fpr_owa,2.008057962307713,2.204702021039805,1.6787453099572205,3.935776935450947,5.34881273574573,0.7
full_seed101_mixed_0p3_noise0p1_s5_a0p2_b0p7,101,mixed,0.3,0.1,5,0.2,crp,1.866108774723616,1.9959484778331045,1.6654707900825678,3.518527814098186,4.794373512583479,0.7
full_seed101_mixed_0p3_noise0p1_s5_a0p3_b0p8,101,mixed,0.3,0.1,5,0.3,fpr_owa,1.8365286300269044,1.963463070934977,1.7177404868467356,3.0477028781025752,3.7836454965370976,0.8
full_seed101_mixed_0p3_noise0p1_s5_a0p3_b0p8,101,mixed,0.3,0.1,5,0.3,crp,1.7940801595478866,1.8952110288393007,1.6624907150711332,2.6749073320258137,3.2707927675086617,0.8
full_seed101_mixed_0p3_noise0p1_s9_a0p2_b0p7,101,mixed,0.3,0.1,9,0.2,fpr_owa,1.7821580067974243,1.8883958052924317,1.6463056592287106,2.652466793413065,3.8577686178559314,0.7
full_seed101_mixed_0p3_noise0p1_s9_a0p2_b0p7,101,mixed,0.3,0.1,9,0.2,crp,1.7936765091788882,1.8557954391798408,1.6661414730443516,2.5701969788544186,2.8264494287587074,0.7
full_seed101_mixed_0p3_noise0p1_s9_a0p3_b0p8,101,mixed,0.3,0.1,9,0.3,fpr_owa,1.6823642765529612,1.7606106854420205,1.5742120435275937,2.5009573913686167,2.700937717459837,0.8
full_seed101_mixed_0p3_noise0p1_s9_a0p3_b0p8,101,mixed,0.3,0.1,9,0.3,crp,1.730031897982245,1.8025879835832836,1.6066528986338084,2.507783693774957,2.700937717459837,0.8
full_seed101_mixed_0p3_noise0p25_s13_a0p2_b0p7,101,mixed,0.3,0.25,13,0.2,fpr_owa,1.1913653285045511,1.2656373987808016,1.174825666055069,1.850711562912141,2.260706072292588,0.7
full_seed101_mixed_0p3_noise0p25_s13_a0p2_b0p7,101,mixed,0.3,0.25,13,0.2,crp,1.1412361815822876,1.228024207198882,1.1335537465929657,1.82146315018102,2.6152563238653466,0.7
full_seed101_mixed_0p3_noise0p25_s13_a0p3_b0p8,101,mixed,0.3,0.25,13,0.3,fpr_owa,1.2914634665596223,1.4153662472851385,1.1952433652040584,2.217274446969732,2.497514389118052,0.8
full_seed101_mixed_0p3_noise0p25_s13_a0p3_b0p8,101,mixed,0.3,0.25,13,0.3,crp,1.226534752926093,1.381186946986066,1.1810373125484568,2.231650037454905,2.6165677496605,0.8
full_seed101_mixed_0p3_noise0p25_s5_a0p2_b0p7,101,mixed,0.3,0.25,5,0.2,fpr_owa,1.9496243705278185,2.1441825911682693,1.7050054406038515,3.73796389595335,5.355534833236638,0.7
full_seed101_mixed_0p3_noise0p25_s5_a0p2_b0p7,101,mixed,0.3,0.25,5,0.2,crp,1.863674381917376,2.0147178695893904,1.6744679092833217,3.5789458760897035,5.1227171154792845,0.7
full_seed101_mixed_0p3_noise0p25_s5_a0p3_b0p8,101,mixed,0.3,0.25,5,0.3,fpr_owa,1.792901155175003,1.9228719938453505,1.6571281922560257,2.933544704850638,3.842680906373417,0.8
full_seed101_mixed_0p3_noise0p25_s5_a0p3_b0p8,101,mixed,0.3,0.25,5,0.3,crp,1.7836301154759475,1.899928668656521,1.6678480317974596,2.855148859642666,4.144398995599603,0.8
full_seed101_mixed_0p3_noise0p25_s9_a0p2_b0p7,101,mixed,0.3,0.25,9,0.2,fpr_owa,1.738938144151737,1.8670721977366989,1.6024240184477152,2.6989968496775663,4.065169974327575,0.7
full_seed101_mixed_0p3_noise0p25_s9_a0p2_b0p7,101,mixed,0.3,0.25,9,0.2,crp,1.7754542677304412,1.854913893818825,1.6748280733553358,2.669178971756739,3.144466868617,0.7
full_seed101_mixed_0p3_noise0p25_s9_a0p3_b0p8,101,mixed,0.3,0.25,9,0.3,fpr_owa,1.6728366120831155,1.758511003841651,1.5521301218021015,2.509060236219402,3.025080062185255,0.8
full_seed101_mixed_0p3_noise0p25_s9_a0p3_b0p8,101,mixed,0.3,0.25,9,0.3,crp,1.7185313195700205,1.7939788502574436,1.615135389984816,2.50932294682404,2.8624517995259056,0.8
full_seed101_mixed_0p3_noise0p5_s13_a0p2_b0p7,101,mixed,0.3,0.5,13,0.2,fpr_owa,1.2417253282711185,1.3338664005260124,1.2262437133788813,2.0704935095989434,2.5702623857028915,0.7
full_seed101_mixed_0p3_noise0p5_s13_a0p2_b0p7,101,mixed,0.3,0.5,13,0.2,crp,1.2707135548418411,1.4276078506034904,1.1674141940559868,2.23148632390194,5.14479093990628,0.7
full_seed101_mixed_0p3_noise0p5_s13_a0p3_b0p8,101,mixed,0.3,0.5,13,0.3,fpr_owa,1.2231322900899797,1.3522140120152375,1.154909751450278,2.331178761822599,2.5458732658552417,0.8
full_seed101_mixed_0p3_noise0p5_s13_a0p3_b0p8,101,mixed,0.3,0.5,13,0.3,crp,1.3535198426002093,1.549170163183049,1.2201779826094152,2.446867936878361,5.223360357115237,0.8
full_seed101_mixed_0p3_noise0p5_s5_a0p2_b0p7,101,mixed,0.3,0.5,5,0.2,fpr_owa,1.924634228683022,2.1381927289812843,1.7271524480821738,3.7632222501172414,5.453730383154587,0.7
full_seed101_mixed_0p3_noise0p5_s5_a0p2_b0p7,101,mixed,0.3,0.5,5,0.2,crp,1.8734909702155824,2.062453141210798,1.668247636003825,3.422379801847271,5.453730383154587,0.7
full_seed101_mixed_0p3_noise0p5_s5_a0p3_b0p8,101,mixed,0.3,0.5,5,0.3,fpr_owa,1.7799397803895198,1.9230977293220115,1.6677424918058446,2.977522817437564,3.9410732561006174,0.8
full_seed101_mixed_0p3_noise0p5_s5_a0p3_b0p8,101,mixed,0.3,0.5,5,0.3,crp,1.78003087870185,1.92510978880395,1.6983096198730006,2.9787415139914115,4.265581458137641,0.8
full_seed101_mixed_0p3_noise0p5_s9_a0p2_b0p7,101,mixed,0.3,0.5,9,0.2,fpr_owa,1.7415281717333968,1.884302955617827,1.653604119836512,2.8734878644584283,4.394032423479895,0.7
full_seed101_mixed_0p3_noise0p5_s9_a0p2_b0p7,101,mixed,0.3,0.5,9,0.2,crp,1.7568935138083688,1.8683453284812248,1.682719127514086,2.76427432812128,4.995745889728344,0.7
full_seed101_mixed_0p3_noise0p5_s9_a0p3_b0p8,101,mixed,0.3,0.5,9,0.3,fpr_owa,1.667243348741016,1.763644634990556,1.571148724148809,2.679108497663212,3.143794976283154,0.8
full_seed101_mixed_0p3_noise0p5_s9_a0p3_b0p8,101,mixed,0.3,0.5,9,0.3,crp,1.7321938686017757,1.8300490963266856,1.643696425463029,2.643956509963576,4.82603201415835,0.8
full_seed101_mixed_0p4_noise0p1_s13_a0p2_b0p7,101,mixed,0.4,0.1,13,0.2,fpr_owa,1.3061627478702396,1.387748595166677,1.206486776699904,2.150004707541233,3.3588708553477766,0.7
full_seed101_mixed_0p4_noise0p1_s13_a0p2_b0p7,101,mixed,0.4,0.1,13,0.2,crp,1.1302672238591258,1.2261397135332317,1.1195339413034329,1.8483737281944643,2.686179605146731,0.7
full_seed101_mixed_0p4_noise0p1_s13_a0p3_b0p8,101,mixed,0.4,0.1,13,0.3,fpr_owa,1.3652818094825274,1.46698343385744,1.3246971876662013,2.192127862931509,2.3815572435818986,0.8
full_seed101_mixed_0p4_noise0p1_s13_a0p3_b0p8,101,mixed,0.4,0.1,13,0.3,crp,1.226122645935195,1.377602593943987,1.2662452136821662,2.1430759748554133,2.3815572435818986,0.8
full_seed101_mixed_0p4_noise0p1_s5_a0p2_b0p7,101,mixed,0.4,0.1,5,0.2,fpr_owa,2.008057962307713,2.204702021039805,1.6787453099572205,3.935776935450947,5.34881273574573,0.7
full_seed101_mixed_0p4_noise0p1_s5_a0p2_b0p7,101,mixed,0.4,0.1,5,0.2,crp,1.866108774723616,1.9959484778331045,1.6654707900825678,3.518527814098186,4.794373512583479,0.7
full_seed101_mixed_0p4_noise0p1_s5_a0p3_b0p8,101,mixed,0.4,0.1,5,0.3,fpr_owa,1.8365286300269044,1.963463070934977,1.7177404868467356,3.0477028781025752,3.7836454965370976,0.8
full_seed101_mixed_0p4_noise0p1_s5_a0p3_b0p8,101,mixed,0.4,0.1,5,0.3,crp,1.7940801595478866,1.8952110288393007,1.6624907150711332,2.6749073320258137,3.2707927675086617,0.8
full_seed101_mixed_0p4_noise0p1_s9_a0p2_b0p7,101,mixed,0.4,0.1,9,0.2,fpr_owa,1.992025068546476,2.152287035730424,1.6993600510146971,3.536852943446714,5.591558511971961,0.7
full_seed101_mixed_0p4_noise0p1_s9_a0p2_b0p7,101,mixed,0.4,0.1,9,0.2,crp,1.881311643283411,1.9881933662626008,1.69361221696811,3.170253636557896,5.35342108806586,0.7
full_seed101_mixed_0p4_noise0p1_s9_a0p3_b0p8,101,mixed,0.4,0.1,9,0.3,fpr_owa,1.8146148891036324,1.932107782255412,1.6160641797705488,2.7728190334897973,4.099936774067645,0.8
full_seed101_mixed_0p4_noise0p1_s9_a0p3_b0p8,101,mixed,0.4,0.1,9,0.3,crp,1.8057846391961023,1.91168565093519,1.6529357330056818,2.643721443839687,5.3826857006568085,0.8
full_seed101_mixed_0p4_noise0p25_s13_a0p2_b0p7,101,mixed,0.4,0.25,13,0.2,fpr_owa,1.3261758800908183,1.4088050873656743,1.243641735893824,2.068885946284346,3.3523706427005724,0.7
full_seed101_mixed_0p4_noise0p25_s13_a0p2_b0p7,101,mixed,0.4,0.25,13,0.2,crp,1.155540013035171,1.2725253655180744,1.1364124593448508,2.055623397510621,3.004422014812935,0.7
full_seed101_mixed_0p4_noise0p25_s13_a0p3_b0p8,101,mixed,0.4,0.25,13,0.3,fpr_owa,1.3372822560239757,1.4487391186557803,1.249518353870383,2.217599164286936,2.547165695818044,0.8
full_seed101_mixed_0p4_noise0p25_s13_a0p3_b0p8,101,mixed,0.4,0.25,13,0.3,crp,1.238759104551961,1.4035013664702118,1.241111982129962,2.245205960872454,2.6703566652521573,0.8
full_seed101_mixed_0p4_noise0p25_s5_a0p2_b0p7,101,mixed,0.4,0.25,5,0.2,fpr_owa,1.9496243705278185,2.1441825911682693,1.7050054406038515,3.73796389595335,5.355534833236638,0.7
full_seed101_mixed_0p4_noise0p25_s5_a0p2_b0p7,101,mixed,0.4,0.25,5,0.2,crp,1.863674381917376,2.0147178695893904,1.6744679092833217,3.5789458760897035,5.1227171154792845,0.7
full_seed101_mixed_0p4_noise0p25_s5_a0p3_b0p8,101,mixed,0.4,0.25,5,0.3,fpr_owa,1.792901155175003,1.9228719938453505,1.6571281922560257,2.933544704850638,3.842680906373417,0.8
full_seed101_mixed_0p4_noise0p25_s5_a0p3_b0p8,101,mixed,0.4,0.25,5,0.3,crp,1.7836301154759475,1.899928668656521,1.6678480317974596,2.855148859642666,4.144398995599603,0.8
full_seed101_mixed_0p4_noise0p25_s9_a0p2_b0p7,101,mixed,0.4,0.25,9,0.2,fpr_owa,1.9523681810216864,2.130437863029491,1.687532033018432,3.551769672042097,5.834164496866843,0.7
full_seed101_mixed_0p4_noise0p25_s9_a0p2_b0p7,101,mixed,0.4,0.25,9,0.2,crp,1.8234205235140863,1.9438765430138785,1.6545610175926555,2.71297910224226,5.292926699926484,0.7
full_seed101_mixed_0p4_noise0p25_s9_a0p3_b0p8,101,mixed,0.4,0.25,9,0.3,fpr_owa,1.775750324206327,1.9057877733470328,1.6102731320971873,2.7959602898534155,4.269807529839239,0.8
full_seed101_mixed_0p4_noise0p25_s9_a0p3_b0p8,101,mixed,0.4,0.25,9,0.3,crp,1.7856571941624104,1.9017487106476685,1.6402858994201104,2.641814521507186,5.310293512076043,0.8
full_seed101_mixed_0p4_noise0p5_s13_a0p2_b0p7,101,mixed,0.4,0.5,13,0.2,fpr_owa,1.353767404074688,1.4527280893065757,1.3231856260831325,2.1782544471713408,3.314652603025218,0.7
full_seed101_mixed_0p4_noise0p5_s13_a0p2_b0p7,101,mixed,0.4,0.5,13,0.2,crp,1.276823522051834,1.448733832357907,1.1869199344378352,2.27777829411704,5.14479093990628,0.7
full_seed101_mixed_0p4_noise0p5_s13_a0p3_b0p8,101,mixed,0.4,0.5,13,0.3,fpr_owa,1.2793345409724532,1.3962257801324354,1.2222288117596047,2.3354902336344496,2.575244982331574,0.8
full_seed101_mixed_0p4_noise0p5_s13_a0p3_b0p8,101,mixed,0.4,0.5,13,0.3,crp,1.336232052740037,1.5502792274105657,1.2262926236141256,2.4927052258709024,5.430344751717625,0.8
full_seed101_mixed_0p4_noise0p5_s5_a0p2_b0p7,101,mixed,0.4,0.5,5,0.2,fpr_owa,1.924634228683022,2.1381927289812843,1.7271524480821738,3.7632222501172414,5.453730383154587,0.7
full_seed101_mixed_0p4_noise0p5_s5_a0p2_b0p7,101,mixed,0.4,0.5,5,0.2,crp,1.8734909702155824,2.062453141210798,1.668247636003825,3.422379801847271,5.453730383154587,0.7
full_seed101_mixed_0p4_noise0p5_s5_a0p3_b0p8,101,mixed,0.4,0.5,5,0.3,fpr_owa,1.7799397803895198,1.9230977293220115,1.6677424918058446,2.977522817437564,3.9410732561006174,0.8
full_seed101_mixed_0p4_noise0p5_s5_a0p3_b0p8,101,mixed,0.4,0.5,5,0.3,crp,1.78003087870185,1.92510978880395,1.6983096198730006,2.9787415139914115,4.265581458137641,0.8
full_seed101_mixed_0p4_noise0p5_s9_a0p2_b0p7,101,mixed,0.4,0.5,9,0.2,fpr_owa,1.9343350681289049,2.143804914446887,1.688514407368053,3.584374975806062,6.160966862280618,0.7
full_seed101_mixed_0p4_noise0p5_s9_a0p2_b0p7,101,mixed,0.4,0.5,9,0.2,crp,1.8360708173554656,2.003996010785844,1.682719127514086,2.948675034471244,5.398242988768951,0.7
full_seed101_mixed_0p4_noise0p5_s9_a0p3_b0p8,101,mixed,0.4,0.5,9,0.3,fpr_owa,1.7718026975314436,1.9323767212970704,1.622510901649732,3.219308228101509,4.579939172447104,0.8
full_seed101_mixed_0p4_noise0p5_s9_a0p3_b0p8,101,mixed,0.4,0.5,9,0.3,crp,1.8142354643883316,2.005034009241759,1.6539645583541032,2.858845348478991,6.248869032480283,0.8
full_seed101_replay_0p0_noise0p1_s13_a0p2_b0p7,101,replay,0.0,0.1,13,0.2,fpr_owa,1.2005996835464343,1.2492934636752335,1.1936329513941824,1.6485568056889095,1.7438379620698026,0.7
full_seed101_replay_0p0_noise0p1_s13_a0p2_b0p7,101,replay,0.0,0.1,13,0.2,crp,1.1877601771624158,1.2371094014898707,1.1883887828454387,1.635837317338585,1.7438379620698026,0.7
full_seed101_replay_0p0_noise0p1_s13_a0p3_b0p8,101,replay,0.0,0.1,13,0.3,fpr_owa,1.459851850307026,1.5405262522493737,1.4105131735776282,2.0889440810659385,2.241185361713773,0.8
full_seed101_replay_0p0_noise0p1_s13_a0p3_b0p8,101,replay,0.0,0.1,13,0.3,crp,1.440287572443023,1.5271750436906302,1.4028897938218514,2.08293605775331,2.241185361713773,0.8
full_seed101_replay_0p0_noise0p1_s5_a0p2_b0p7,101,replay,0.0,0.1,5,0.2,fpr_owa,1.767117669704048,1.8354108405671965,1.6600840900874871,2.4665471628706577,2.623309323256321,0.7
full_seed101_replay_0p0_noise0p1_s5_a0p2_b0p7,101,replay,0.0,0.1,5,0.2,crp,1.7583147492140283,1.8273817930282,1.6580754871331331,2.4777751377541906,2.623309323256321,0.7
full_seed101_replay_0p0_noise0p1_s5_a0p3_b0p8,101,replay,0.0,0.1,5,0.3,fpr_owa,1.7626268134227294,1.838567579606963,1.6659867656620362,2.496622538502625,2.5856445900776754,0.8
full_seed101_replay_0p0_noise0p1_s5_a0p3_b0p8,101,replay,0.0,0.1,5,0.3,crp,1.7563653575760176,1.8335031514088616,1.6530875409769834,2.496879025256148,2.5856445900776754,0.8
full_seed101_replay_0p0_noise0p1_s9_a0p2_b0p7,101,replay,0.0,0.1,9,0.2,fpr_owa,1.7649217452909671,1.8188107961041775,1.6358181714411566,2.402411083444426,2.5208303773184952,0.7
full_seed101_replay_0p0_noise0p1_s9_a0p2_b0p7,101,replay,0.0,0.1,9,0.2,crp,1.7677308157061338,1.8218308355180128,1.6358181714411566,2.399961226922069,2.576401986691214,0.7
full_seed101_replay_0p0_noise0p1_s9_a0p3_b0p8,101,replay,0.0,0.1,9,0.3,fpr_owa,1.748512793146674,1.822359247104944,1.6160641797705488,2.483087558392486,2.621842066792208,0.8
full_seed101_replay_0p0_noise0p1_s9_a0p3_b0p8,101,replay,0.0,0.1,9,0.3,crp,1.7461224378799574,1.8204222190891608,1.6158505451348346,2.483087558392486,2.621842066792208,0.8
full_seed101_replay_0p0_noise0p25_s13_a0p2_b0p7,101,replay,0.0,0.25,13,0.2,fpr_owa,1.236562460285135,1.2956308708465365,1.2044535377120542,1.82105823882284,1.93807001433504,0.7
full_seed101_replay_0p0_noise0p25_s13_a0p2_b0p7,101,replay,0.0,0.25,13,0.2,crp,1.2366794009308997,1.3042606049311627,1.1897474359688858,1.845555351065817,2.3276117793909465,0.7
full_seed101_replay_0p0_noise0p25_s13_a0p3_b0p8,101,replay,0.0,0.25,13,0.3,fpr_owa,1.4423166327854453,1.5394491390162115,1.4096630712143363,2.215127343217554,2.402718544702593,0.8
full_seed101_replay_0p0_noise0p25_s13_a0p3_b0p8,101,replay,0.0,0.25,13,0.3,crp,1.4492908441025174,1.5545400267584244,1.430292656578684,2.231713600125154,2.5510609410608445,0.8
full_seed101_replay_0p0_noise0p25_s5_a0p2_b0p7,101,replay,0.0,0.25,5,0.2,fpr_owa,1.7336143413815548,1.8099001257236491,1.6922920438569655,2.55417172044426,2.7327033676123493,0.7
full_seed101_replay_0p0_noise0p25_s5_a0p2_b0p7,101,replay,0.0,0.25,5,0.2,crp,1.7299966585060598,1.80602551384638,1.6744679092833217,2.580396054162711,2.7327033676123493,0.7
full_seed101_replay_0p0_noise0p25_s5_a0p3_b0p8,101,replay,0.0,0.25,5,0.3,fpr_owa,1.7299506229173902,1.809798933912468,1.6661550456250218,2.56977910378971,2.767724316695624,0.8
full_seed101_replay_0p0_noise0p25_s5_a0p3_b0p8,101,replay,0.0,0.25,5,0.3,crp,1.7294943982864368,1.809381156735658,1.6661550456250218,2.56977910378971,2.767724316695624,0.8
full_seed101_replay_0p0_noise0p25_s9_a0p2_b0p7,101,replay,0.0,0.25,9,0.2,fpr_owa,1.7298027951227697,1.795488778870893,1.6024240184477152,2.4398284480022494,2.632631395399988,0.7
full_seed101_replay_0p0_noise0p25_s9_a0p2_b0p7,101,replay,0.0,0.25,9,0.2,crp,1.737917956124165,1.8031142332079328,1.62155292510189,2.4382238930928506,2.632631395399988,0.7
full_seed101_replay_0p0_noise0p25_s9_a0p3_b0p8,101,replay,0.0,0.25,9,0.3,fpr_owa,1.7256608562942817,1.7990798317672998,1.6358554405371024,2.4886343819454897,2.781453042917504,0.8
full_seed101_replay_0p0_noise0p25_s9_a0p3_b0p8,101,replay,0.0,0.25,9,0.3,crp,1.7270999853753042,1.8013554732723935,1.6219549311018078,2.4886343819454897,2.781453042917504,0.8
full_seed101_replay_0p0_noise0p5_s13_a0p2_b0p7,101,replay,0.0,0.5,13,0.2,fpr_owa,1.2839222170748892,1.3602123416225274,1.240801419563994,2.046768449975125,2.3782249001293287,0.7
full_seed101_replay_0p0_noise0p5_s13_a0p2_b0p7,101,replay,0.0,0.5,13,0.2,crp,1.3469367647989483,1.4410407567103185,1.3081896591059217,2.1695541157352447,2.7972124435405337,0.7
full_seed101_replay_0p0_noise0p5_s13_a0p3_b0p8,101,replay,0.0,0.5,13,0.3,fpr_owa,1.3542700790443412,1.4646362664908377,1.2917001243824369,2.3401931281901307,2.585645126688344,0.8
full_seed101_replay_0p0_noise0p5_s13_a0p3_b0p8,101,replay,0.0,0.5,13,0.3,crp,1.4701580850607432,1.5903970841222617,1.370410747220058,2.443208359256318,2.78431614965397,0.8
full_seed101_replay_0p0_noise0p5_s5_a0p2_b0p7,101,replay,0.0,0.5,5,0.2,fpr_owa,1.709271226509631,1.8044491280747168,1.6461929187271442,2.6895015239178703,3.020868080479137,0.7
full_seed101_replay_0p0_noise0p5_s5_a0p2_b0p7,101,replay,0.0,0.5,5,0.2,crp,1.6977680257380487,1.786412853073899,1.6542219708014434,2.686365356708609,2.939752255011405,0.7
full_seed101_replay_0p0_noise0p5_s5_a0p3_b0p8,101,replay,0.0,0.5,5,0.3,fpr_owa,1.703342370087818,1.80311874125599,1.6345246869770231,2.725174442138963,3.089570498033422,0.8
full_seed101_replay_0p0_noise0p5_s5_a0p3_b0p8,101,replay,0.0,0.5,5,0.3,crp,1.6984713077007167,1.798124387923469,1.6682790141262194,2.714984723815591,3.089570498033422,0.8
full_seed101_replay_0p0_noise0p5_s9_a0p2_b0p7,101,replay,0.0,0.5,9,0.2,fpr_owa,1.70044414129838,1.7783768765686925,1.641228448021633,2.5752813313069827,2.867533613785253,0.7
full_seed101_replay_0p0_noise0p5_s9_a0p2_b0p7,101,replay,0.0,0.5,9,0.2,crp,1.7114156066778192,1.7905355092555717,1.6579063381663528,2.543532151851908,3.006353600128937,0.7
full_seed101_replay_0p0_noise0p5_s9_a0p3_b0p8,101,replay,0.0,0.5,9,0.3,fpr_owa,1.6909088150660572,1.7716248152131142,1.5885115885765302,2.610265449817572,3.033435246204024,0.8
full_seed101_replay_0p0_noise0p5_s9_a0p3_b0p8,101,replay,0.0,0.5,9,0.3,crp,1.7009329545296437,1.782476974830095,1.6270844019495163,2.557419044988671,2.929954053037564,0.8
full_seed101_replay_0p1_noise0p1_s13_a0p2_b0p7,101,replay,0.1,0.1,13,0.2,fpr_owa,1.2023449864304732,1.251484474592147,1.2011074923859069,1.6576946450587,1.7438379620698026,0.7
full_seed101_replay_0p1_noise0p1_s13_a0p2_b0p7,101,replay,0.1,0.1,13,0.2,crp,1.1877262093886514,1.2374702620152884,1.1958218486653815,1.6366949534363906,1.7438379620698026,0.7
full_seed101_replay_0p1_noise0p1_s13_a0p3_b0p8,101,replay,0.1,0.1,13,0.3,fpr_owa,1.461914042191687,1.5432377642383566,1.4453452179078785,2.0830546619438226,2.241185361713773,0.8
full_seed101_replay_0p1_noise0p1_s13_a0p3_b0p8,101,replay,0.1,0.1,13,0.3,crp,1.4420401137721433,1.529485424348715,1.4258127185622742,2.072897345519198,2.241185361713773,0.8
full_seed101_replay_0p1_noise0p1_s5_a0p2_b0p7,101,replay,0.1,0.1,5,0.2,fpr_owa,1.767117669704048,1.8354108405671965,1.6600840900874871,2.4665471628706577,2.623309323256321,0.7
full_seed101_replay_0p1_noise0p1_s5_a0p2_b0p7,101,replay,0.1,0.1,5,0.2,crp,1.7583147492140283,1.8273817930282,1.6580754871331331,2.4777751377541906,2.623309323256321,0.7
full_seed101_replay_0p1_noise0p1_s5_a0p3_b0p8,101,replay,0.1,0.1,5,0.3,fpr_owa,1.7626268134227294,1.838567579606963,1.6659867656620362,2.496622538502625,2.5856445900776754,0.8
full_seed101_replay_0p1_noise0p1_s5_a0p3_b0p8,101,replay,0.1,0.1,5,0.3,crp,1.7563653575760176,1.8335031514088616,1.6530875409769834,2.496879025256148,2.5856445900776754,0.8
full_seed101_replay_0p1_noise0p1_s9_a0p2_b0p7,101,replay,0.1,0.1,9,0.2,fpr_owa,1.7653946077801852,1.8189742336777788,1.6406210637387222,2.4020962235130674,2.519911728070131,0.7
full_seed101_replay_0p1_noise0p1_s9_a0p2_b0p7,101,replay,0.1,0.1,9,0.2,crp,1.7679670469452051,1.8217947166993869,1.6406210637387222,2.4020962235130674,2.576401986691214,0.7
full_seed101_replay_0p1_noise0p1_s9_a0p3_b0p8,101,replay,0.1,0.1,9,0.3,fpr_owa,1.7479727452559193,1.8215241068198156,1.6160641797705488,2.483087558392486,2.621842066792208,0.8
full_seed101_replay_0p1_noise0p1_s9_a0p3_b0p8,101,replay,0.1,0.1,9,0.3,crp,1.7453339068124545,1.819396480579796,1.6139553398793427,2.483087558392486,2.621842066792208,0.8
full_seed101_replay_0p1_noise0p25_s13_a0p2_b0p7,101,replay,0.1,0.25,13,0.2,fpr_owa,1.2350395785023385,1.2953141274763358,1.2039864309974475,1.8301473832293,1.93807001433504,0.7
full_seed101_replay_0p1_noise0p25_s13_a0p2_b0p7,101,replay,0.1,0.25,13,0.2,crp,1.2312568066783134,1.3000876859986366,1.183927617586626,1.8493730817568808,2.163155285542921,0.7
full_seed101_replay_0p1_noise0p25_s13_a0p3_b0p8,101,replay,0.1,0.25,13,0.3,fpr_owa,1.432605070169333,1.5314001093217315,1.3975510481900495,2.2153519252003484,2.402718544702593,0.8
full_seed101_replay_0p1_noise0p25_s13_a0p3_b0p8,101,replay,0.1,0.25,13,0.3,crp,1.4368441562823155,1.546611894989799,1.4327489183791473,2.231713600125154,2.5510609410608445,0.8
full_seed101_replay_0p1_noise0p25_s5_a0p2_b0p7,101,replay,0.1,0.25,5,0.2,fpr_owa,1.7336143413815548,1.8099001257236491,1.6922920438569655,2.55417172044426,2.7327033676123493,0.7
full_seed101_replay_0p1_noise0p25_s5_a0p2_b0p7,101,replay,0.1,0.25,5,0.2,crp,1.7299966585060598,1.80602551384638,1.6744679092833217,2.580396054162711,2.7327033676123493,0.7
full_seed101_replay_0p1_noise0p25_s5_a0p3_b0p8,101,replay,0.1,0.25,5,0.3,fpr_owa,1.7299506229173902,1.809798933912468,1.6661550456250218,2.56977910378971,2.767724316695624,0.8
full_seed101_replay_0p1_noise0p25_s5_a0p3_b0p8,101,replay,0.1,0.25,5,0.3,crp,1.7294943982864368,1.809381156735658,1.6661550456250218,2.56977910378971,2.767724316695624,0.8
full_seed101_replay_0p1_noise0p25_s9_a0p2_b0p7,101,replay,0.1,0.25,9,0.2,fpr_owa,1.7270138807073716,1.7910345854434486,1.6091909038579626,2.4398284480022494,2.5823984057279774,0.7
full_seed101_replay_0p1_noise0p25_s9_a0p2_b0p7,101,replay,0.1,0.25,9,0.2,crp,1.736624250831692,1.8007566825552217,1.6096267924073056,2.4372938359605234,2.574187684936703,0.7
full_seed101_replay_0p1_noise0p25_s9_a0p3_b0p8,101,replay,0.1,0.25,9,0.3,fpr_owa,1.7191642507476517,1.7926311986280177,1.6085728558567252,2.480168691076463,2.781453042917504,0.8
full_seed101_replay_0p1_noise0p25_s9_a0p3_b0p8,101,replay,0.1,0.25,9,0.3,crp,1.7214478684583818,1.7958192791313174,1.6059447839929168,2.488522280274306,2.781453042917504,0.8
full_seed101_replay_0p1_noise0p5_s13_a0p2_b0p7,101,replay,0.1,0.5,13,0.2,fpr_owa,1.276400604627672,1.3542203179715786,1.2387970940273552,2.0469385824003457,2.416038482747376,0.7
full_seed101_replay_0p1_noise0p5_s13_a0p2_b0p7,101,replay,0.1,0.5,13,0.2,crp,1.342015549463174,1.4346537773216357,1.289820279780407,2.139396780076439,2.7972124435405337,0.7
full_seed101_replay_0p1_noise0p5_s13_a0p3_b0p8,101,replay,0.1,0.5,13,0.3,fpr_owa,1.3455158762295492,1.455958359985275,1.2728297273652078,2.335076304710164,2.6108541817670416,0.8
full_seed101_replay_0p1_noise0p5_s13_a0p3_b0p8,101,replay,0.1,0.5,13,0.3,crp,1.4639291956253957,1.58549474800972,1.3625776836491,2.443208359256318,2.774326123025368,0.8
full_seed101_replay_0p1_noise0p5_s5_a0p2_b0p7,101,replay,0.1,0.5,5,0.2,fpr_owa,1.709271226509631,1.8044491280747168,1.6461929187271442,2.6895015239178703,3.020868080479137,0.7
full_seed101_replay_0p1_noise0p5_s5_a0p2_b0p7,101,replay,0.1,0.5,5,0.2,crp,1.6977680257380487,1.786412853073899,1.6542219708014434,2.686365356708609,2.939752255011405,0.7
full_seed101_replay_0p1_noise0p5_s5_a0p3_b0p8,101,replay,0.1,0.5,5,0.3,fpr_owa,1.703342370087818,1.80311874125599,1.6345246869770231,2.725174442138963,3.089570498033422,0.8
full_seed101_replay_0p1_noise0p5_s5_a0p3_b0p8,101,replay,0.1,0.5,5,0.3,crp,1.6984713077007167,1.798124387923469,1.6682790141262194,2.714984723815591,3.089570498033422,0.8
full_seed101_replay_0p1_noise0p5_s9_a0p2_b0p7,101,replay,0.1,0.5,9,0.2,fpr_owa,1.702087070908196,1.7781389926460682,1.6412810162541267,2.563339522208566,2.7816733336827606,0.7
full_seed101_replay_0p1_noise0p5_s9_a0p2_b0p7,101,replay,0.1,0.5,9,0.2,crp,1.7119865776458292,1.7921453304207076,1.6814417032277755,2.543532151851908,3.083724716683361,0.7
full_seed101_replay_0p1_noise0p5_s9_a0p3_b0p8,101,replay,0.1,0.5,9,0.3,fpr_owa,1.6877866841695872,1.7699042421950024,1.580801859589433,2.610177274465024,3.033435246204024,0.8
full_seed101_replay_0p1_noise0p5_s9_a0p3_b0p8,101,replay,0.1,0.5,9,0.3,crp,1.6977185272097788,1.7817743249593798,1.6218956302996657,2.5574404314192583,2.9902630368716845,0.8
full_seed101_replay_0p2_noise0p1_s13_a0p2_b0p7,101,replay,0.2,0.1,13,0.2,fpr_owa,1.1972472327393633,1.2488455177177489,1.1937662774624416,1.6539651722283146,1.7056900502596406,0.7
full_seed101_replay_0p2_noise0p1_s13_a0p2_b0p7,101,replay,0.2,0.1,13,0.2,crp,1.1817303539191324,1.2335522533122845,1.190194518128874,1.643080421313376,1.7056900502596406,0.7
full_seed101_replay_0p2_noise0p1_s13_a0p3_b0p8,101,replay,0.2,0.1,13,0.3,fpr_owa,1.457550458064132,1.5410128152284128,1.4428724942729054,2.0942280491582013,2.142828786129591,0.8
full_seed101_replay_0p2_noise0p1_s13_a0p3_b0p8,101,replay,0.2,0.1,13,0.3,crp,1.4355059996191148,1.5252396683850402,1.421263856338845,2.082531273555963,2.142828786129591,0.8
full_seed101_replay_0p2_noise0p1_s5_a0p2_b0p7,101,replay,0.2,0.1,5,0.2,fpr_owa,1.7591971320079385,1.8297704963538657,1.6601332138492293,2.4765577730053923,2.605168287783102,0.7
full_seed101_replay_0p2_noise0p1_s5_a0p2_b0p7,101,replay,0.2,0.1,5,0.2,crp,1.7499736701439048,1.821275703891147,1.6589182684954389,2.4777751377541906,2.605168287783102,0.7
full_seed101_replay_0p2_noise0p1_s5_a0p3_b0p8,101,replay,0.2,0.1,5,0.3,fpr_owa,1.757135468730799,1.8341936775268968,1.7177404868467356,2.5124823463815167,2.5687251693028466,0.8
full_seed101_replay_0p2_noise0p1_s5_a0p3_b0p8,101,replay,0.2,0.1,5,0.3,crp,1.7507477870071142,1.82897926812236,1.6659867656620362,2.515177232088612,2.5687251693028466,0.8
full_seed101_replay_0p2_noise0p1_s9_a0p2_b0p7,101,replay,0.2,0.1,9,0.2,fpr_owa,1.7641265384665294,1.8173123942948408,1.6487481402810422,2.402411083444426,2.556822477164654,0.7
full_seed101_replay_0p2_noise0p1_s9_a0p2_b0p7,101,replay,0.2,0.1,9,0.2,crp,1.7672377301786175,1.820627549267264,1.6487481402810422,2.402411083444426,2.556822477164654,0.7
full_seed101_replay_0p2_noise0p1_s9_a0p3_b0p8,101,replay,0.2,0.1,9,0.3,fpr_owa,1.7446634387525466,1.8181316476296197,1.6399243981865,2.483087558392486,2.614534996653954,0.8
full_seed101_replay_0p2_noise0p1_s9_a0p3_b0p8,101,replay,0.2,0.1,9,0.3,crp,1.743428636028773,1.8175464922118505,1.6393037197218243,2.483087558392486,2.614534996653954,0.8
full_seed101_replay_0p2_noise0p25_s13_a0p2_b0p7,101,replay,0.2,0.25,13,0.2,fpr_owa,1.2312751101607,1.2912590186934791,1.2037786376142234,1.8098158366640864,1.93807001433504,0.7
full_seed101_replay_0p2_noise0p25_s13_a0p2_b0p7,101,replay,0.2,0.25,13,0.2,crp,1.2279180454275596,1.2956334600695754,1.1945330313382554,1.825742116602316,2.2148817017319566,0.7
full_seed101_replay_0p2_noise0p25_s13_a0p3_b0p8,101,replay,0.2,0.25,13,0.3,fpr_owa,1.4289782803961812,1.5257387511781224,1.3954426536961957,2.215127343217554,2.348715633380049,0.8
full_seed101_replay_0p2_noise0p25_s13_a0p3_b0p8,101,replay,0.2,0.25,13,0.3,crp,1.437896166726901,1.545692142375932,1.4328656698085926,2.231713600125154,2.50459491054391,0.8
full_seed101_replay_0p2_noise0p25_s5_a0p2_b0p7,101,replay,0.2,0.25,5,0.2,fpr_owa,1.7287921077503283,1.807584892604044,1.67633690324365,2.554419247982406,2.743832378404976,0.7
full_seed101_replay_0p2_noise0p25_s5_a0p2_b0p7,101,replay,0.2,0.25,5,0.2,crp,1.7263577308754965,1.8030846470370436,1.6744679092833217,2.5807761210968523,2.743832378404976,0.7
full_seed101_replay_0p2_noise0p25_s5_a0p3_b0p8,101,replay,0.2,0.25,5,0.3,fpr_owa,1.7288475488371702,1.809749360338765,1.6541284753477266,2.5766362005104635,2.767724316695624,0.8
full_seed101_replay_0p2_noise0p25_s5_a0p3_b0p8,101,replay,0.2,0.25,5,0.3,crp,1.7280789695364125,1.8079504479076784,1.6548274204695437,2.5766362005104635,2.767724316695624,0.8
full_seed101_replay_0p2_noise0p25_s9_a0p2_b0p7,101,replay,0.2,0.25,9,0.2,fpr_owa,1.7353801187857656,1.7993412768579329,1.647176736703154,2.470891629409719,2.591547550479572,0.7
full_seed101_replay_0p2_noise0p25_s9_a0p2_b0p7,101,replay,0.2,0.25,9,0.2,crp,1.742757712128198,1.806680572509092,1.6595021035044726,2.488040499770262,2.591547550479572,0.7
full_seed101_replay_0p2_noise0p25_s9_a0p3_b0p8,101,replay,0.2,0.25,9,0.3,fpr_owa,1.7232650612323963,1.7974313667126447,1.6085728558567252,2.4957945877948857,2.781453042917504,0.8
full_seed101_replay_0p2_noise0p25_s9_a0p3_b0p8,101,replay,0.2,0.25,9,0.3,crp,1.7248064514757562,1.7997915386619987,1.6085728558567252,2.4999239496409893,2.781453042917504,0.8
full_seed101_replay_0p2_noise0p5_s13_a0p2_b0p7,101,replay,0.2,0.5,13,0.2,fpr_owa,1.2706104023973717,1.3446317655562798,1.240801419563994,2.02921010409429,2.3359865261798705,0.7
full_seed101_replay_0p2_noise0p5_s13_a0p2_b0p7,101,replay,0.2,0.5,13,0.2,crp,1.344900427996253,1.438916484902522,1.3233032254202168,2.191961589349104,2.7972124435405337,0.7
full_seed101_replay_0p2_noise0p5_s13_a0p3_b0p8,101,replay,0.2,0.5,13,0.3,fpr_owa,1.3377948150938324,1.448880926750938,1.2776368165199163,2.3514364602499143,2.4987166291150835,0.8
full_seed101_replay_0p2_noise0p5_s13_a0p3_b0p8,101,replay,0.2,0.5,13,0.3,crp,1.4670583197760725,1.5896783971764716,1.3983624059317583,2.3779014981398303,2.774326123025368,0.8
full_seed101_replay_0p2_noise0p5_s5_a0p2_b0p7,101,replay,0.2,0.5,5,0.2,fpr_owa,1.7051656591741549,1.8024258505909376,1.651397665383545,2.689444386406276,3.020868080479137,0.7
full_seed101_replay_0p2_noise0p5_s5_a0p2_b0p7,101,replay,0.2,0.5,5,0.2,crp,1.683596571296221,1.775043532147985,1.6441279748011213,2.6705564532604518,2.939752255011405,0.7
full_seed101_replay_0p2_noise0p5_s5_a0p3_b0p8,101,replay,0.2,0.5,5,0.3,fpr_owa,1.7096639236330362,1.8108451784350503,1.6436631392395336,2.7399131654889706,3.089570498033422,0.8
full_seed101_replay_0p2_noise0p5_s5_a0p3_b0p8,101,replay,0.2,0.5,5,0.3,crp,1.69278130575386,1.795103084187912,1.6686279881760948,2.714984723815591,3.089570498033422,0.8
full_seed101_replay_0p2_noise0p5_s9_a0p2_b0p7,101,replay,0.2,0.5,9,0.2,fpr_owa,1.6975757507490858,1.7731591568742675,1.6412810162541267,2.5737367907708584,2.7816733336827606,0.7
full_seed101_replay_0p2_noise0p5_s9_a0p2_b0p7,101,replay,0.2,0.5,9,0.2,crp,1.7227123832559348,1.803606940445266,1.6814417032277755,2.612951497099305,3.083724716683361,0.7
full_seed101_replay_0p2_noise0p5_s9_a0p3_b0p8,101,replay,0.2,0.5,9,0.3,fpr_owa,1.6891502540643537,1.7717823191610031,1.579290538600671,2.610177274465024,3.033435246204024,0.8
full_seed101_replay_0p2_noise0p5_s9_a0p3_b0p8,101,replay,0.2,0.5,9,0.3,crp,1.7049080064518676,1.788994361993347,1.633473694361684,2.5582632638376253,2.9902630368716845,0.8
full_seed101_replay_0p3_noise0p1_s13_a0p2_b0p7,101,replay,0.3,0.1,13,0.2,fpr_owa,1.1956000887421676,1.2477560804540444,1.1963091068336609,1.643381675647256,1.7056900502596406,0.7
full_seed101_replay_0p3_noise0p1_s13_a0p2_b0p7,101,replay,0.3,0.1,13,0.2,crp,1.17961629384664,1.2318860462436092,1.1937662774624416,1.6313798913211026,1.7056900502596406,0.7
full_seed101_replay_0p3_noise0p1_s13_a0p3_b0p8,101,replay,0.3,0.1,13,0.3,fpr_owa,1.4594211547237663,1.5418495570775754,1.4598296281116654,2.094150959506612,2.142828786129591,0.8
full_seed101_replay_0p3_noise0p1_s13_a0p3_b0p8,101,replay,0.3,0.1,13,0.3,crp,1.4375336766601967,1.526280422958359,1.4497956560040268,2.073222858056173,2.142828786129591,0.8
full_seed101_replay_0p3_noise0p1_s5_a0p2_b0p7,101,replay,0.3,0.1,5,0.2,fpr_owa,1.7627478026949996,1.8340942642084344,1.6641897770674212,2.4777751377541906,2.6317778813505948,0.7
full_seed101_replay_0p3_noise0p1_s5_a0p2_b0p7,101,replay,0.3,0.1,5,0.2,crp,1.7561236392805204,1.829052175741608,1.6601332138492293,2.492104605089062,2.6317778813505948,0.7
full_seed101_replay_0p3_noise0p1_s5_a0p3_b0p8,101,replay,0.3,0.1,5,0.3,fpr_owa,1.7612095574167788,1.8380134273724795,1.7177404868467356,2.519554848318862,2.5809065936226183,0.8
full_seed101_replay_0p3_noise0p1_s5_a0p3_b0p8,101,replay,0.3,0.1,5,0.3,crp,1.756395947896404,1.8349668336850669,1.693873693245293,2.533564838037124,2.6051754350755973,0.8
full_seed101_replay_0p3_noise0p1_s9_a0p2_b0p7,101,replay,0.3,0.1,9,0.2,fpr_owa,1.7630185773289269,1.8164215567109068,1.6636137837531386,2.402036291853531,2.634412266772717,0.7
full_seed101_replay_0p3_noise0p1_s9_a0p2_b0p7,101,replay,0.3,0.1,9,0.2,crp,1.7674091407916026,1.821267476266805,1.6636137837531386,2.402036291853531,2.634412266772717,0.7
full_seed101_replay_0p3_noise0p1_s9_a0p3_b0p8,101,replay,0.3,0.1,9,0.3,fpr_owa,1.7420617113815362,1.8154978612772323,1.6351448970085083,2.4843582690820227,2.64918673904403,0.8
full_seed101_replay_0p3_noise0p1_s9_a0p3_b0p8,101,replay,0.3,0.1,9,0.3,crp,1.7424500470644602,1.8167210026242464,1.6345242185438331,2.4843582690820227,2.64918673904403,0.8
full_seed101_replay_0p3_noise0p25_s13_a0p2_b0p7,101,replay,0.3,0.25,13,0.2,fpr_owa,1.2356195991148162,1.2954462713048736,1.2368126311309506,1.7980809780448666,1.93807001433504,0.7
full_seed101_replay_0p3_noise0p25_s13_a0p2_b0p7,101,replay,0.3,0.25,13,0.2,crp,1.2340288936364665,1.3015959598816846,1.2079612784359126,1.825742116602316,2.2148817017319566,0.7
full_seed101_replay_0p3_noise0p25_s13_a0p3_b0p8,101,replay,0.3,0.25,13,0.3,fpr_owa,1.4305410944912424,1.5263653131763042,1.401743653779456,2.192184368129442,2.348715633380049,0.8
full_seed101_replay_0p3_noise0p25_s13_a0p3_b0p8,101,replay,0.3,0.25,13,0.3,crp,1.4430759867057712,1.5499585071521047,1.4172420547910507,2.228612703866908,2.50459491054391,0.8
full_seed101_replay_0p3_noise0p25_s5_a0p2_b0p7,101,replay,0.3,0.25,5,0.2,fpr_owa,1.730595368095208,1.810172857981028,1.6805903266375428,2.580478015543148,2.713322161879084,0.7
full_seed101_replay_0p3_noise0p25_s5_a0p2_b0p7,101,replay,0.3,0.25,5,0.2,crp,1.7286480825292403,1.8079618092020924,1.6744679092833217,2.5903931713038357,2.713322161879084,0.7
full_seed101_replay_0p3_noise0p25_s5_a0p3_b0p8,101,replay,0.3,0.25,5,0.3,fpr_owa,1.7335624373712253,1.8157404704978355,1.6571281922560257,2.5806304410125374,2.767724316695624,0.8
full_seed101_replay_0p3_noise0p25_s5_a0p3_b0p8,101,replay,0.3,0.25,5,0.3,crp,1.732759374065759,1.815128641812844,1.6678480317974596,2.5846329180664207,2.767724316695624,0.8
full_seed101_replay_0p3_noise0p25_s9_a0p2_b0p7,101,replay,0.3,0.25,9,0.2,fpr_owa,1.731944477187605,1.7962416004577055,1.6096512847709294,2.4700931440006304,2.754804158813448,0.7
full_seed101_replay_0p3_noise0p25_s9_a0p2_b0p7,101,replay,0.3,0.25,9,0.2,crp,1.739818456224584,1.804294466080265,1.643220775571992,2.498706721515018,2.754804158813448,0.7
full_seed101_replay_0p3_noise0p25_s9_a0p3_b0p8,101,replay,0.3,0.25,9,0.3,fpr_owa,1.7205313337510169,1.796155256833193,1.6085728558567252,2.4964560180354227,2.747853532717472,0.8
full_seed101_replay_0p3_noise0p25_s9_a0p3_b0p8,101,replay,0.3,0.25,9,0.3,crp,1.7245464188261788,1.8011537867885767,1.6085728558567252,2.5141439420434466,2.747853532717472,0.8
full_seed101_replay_0p3_noise0p5_s13_a0p2_b0p7,101,replay,0.3,0.5,13,0.2,fpr_owa,1.2705873270819978,1.3444807086870734,1.2354030410986243,2.0137921585383247,2.3359865261798705,0.7
full_seed101_replay_0p3_noise0p5_s13_a0p2_b0p7,101,replay,0.3,0.5,13,0.2,crp,1.3473725332687023,1.4377563763495649,1.3252424039075896,2.176237490598595,2.7972124435405337,0.7
full_seed101_replay_0p3_noise0p5_s13_a0p3_b0p8,101,replay,0.3,0.5,13,0.3,fpr_owa,1.3416249293139315,1.45078818571518,1.270541216333453,2.3357953355733723,2.4987166291150835,0.8
full_seed101_replay_0p3_noise0p5_s13_a0p3_b0p8,101,replay,0.3,0.5,13,0.3,crp,1.4619852629255736,1.5810785927393207,1.4147338834764938,2.39291955622269,2.774326123025368,0.8
full_seed101_replay_0p3_noise0p5_s5_a0p2_b0p7,101,replay,0.3,0.5,5,0.2,fpr_owa,1.71048641331835,1.810336511450647,1.6731155109603395,2.732207131958653,3.020868080479137,0.7
full_seed101_replay_0p3_noise0p5_s5_a0p2_b0p7,101,replay,0.3,0.5,5,0.2,crp,1.7031170556306834,1.7956815440282614,1.6642034464157631,2.6875098255306886,2.939752255011405,0.7
full_seed101_replay_0p3_noise0p5_s5_a0p3_b0p8,101,replay,0.3,0.5,5,0.3,fpr_owa,1.717000331300336,1.8207909084967435,1.6648866260036614,2.740318737430129,3.098602196679836,0.8
full_seed101_replay_0p3_noise0p5_s5_a0p3_b0p8,101,replay,0.3,0.5,5,0.3,crp,1.7112205027969285,1.8143309948813529,1.6880973322839692,2.7263547336528946,3.089570498033422,0.8
full_seed101_replay_0p3_noise0p5_s9_a0p2_b0p7,101,replay,0.3,0.5,9,0.2,fpr_owa,1.6942864804349411,1.770512847301215,1.6393799199196677,2.5698447684830086,2.949699220242668,0.7
full_seed101_replay_0p3_noise0p5_s9_a0p2_b0p7,101,replay,0.3,0.5,9,0.2,crp,1.7232341164634748,1.8027666958761237,1.6814417032277755,2.5836419349301405,2.924470832620707,0.7
full_seed101_replay_0p3_noise0p5_s9_a0p3_b0p8,101,replay,0.3,0.5,9,0.3,fpr_owa,1.6839174007350952,1.7654768281285615,1.5746929578730078,2.60260037386507,2.910197677223065,0.8
full_seed101_replay_0p3_noise0p5_s9_a0p3_b0p8,101,replay,0.3,0.5,9,0.3,crp,1.7069810529985845,1.7884571414372534,1.631071911462981,2.6026803724193006,3.006483739848332,0.8
full_seed101_replay_0p4_noise0p1_s13_a0p2_b0p7,101,replay,0.4,0.1,13,0.2,fpr_owa,1.2010473715996146,1.2513083157232645,1.2007441398726637,1.649126628657971,1.7056900502596406,0.7
full_seed101_replay_0p4_noise0p1_s13_a0p2_b0p7,101,replay,0.4,0.1,13,0.2,crp,1.1842604245122377,1.2345192119511876,1.1958218486653815,1.6351462683420654,1.7056900502596406,0.7
full_seed101_replay_0p4_noise0p1_s13_a0p3_b0p8,101,replay,0.4,0.1,13,0.3,fpr_owa,1.4684152050105994,1.5483118080013958,1.4574563898258064,2.094402781814444,2.142854543866055,0.8
full_seed101_replay_0p4_noise0p1_s13_a0p3_b0p8,101,replay,0.4,0.1,13,0.3,crp,1.4455055291952528,1.5315924257111782,1.4481340467242316,2.07278161885407,2.142854543866055,0.8
full_seed101_replay_0p4_noise0p1_s5_a0p2_b0p7,101,replay,0.4,0.1,5,0.2,fpr_owa,1.7627478026949996,1.8340942642084344,1.6641897770674212,2.4777751377541906,2.6317778813505948,0.7
full_seed101_replay_0p4_noise0p1_s5_a0p2_b0p7,101,replay,0.4,0.1,5,0.2,crp,1.7561236392805204,1.829052175741608,1.6601332138492293,2.492104605089062,2.6317778813505948,0.7
full_seed101_replay_0p4_noise0p1_s5_a0p3_b0p8,101,replay,0.4,0.1,5,0.3,fpr_owa,1.7612095574167788,1.8380134273724795,1.7177404868467356,2.519554848318862,2.5809065936226183,0.8
full_seed101_replay_0p4_noise0p1_s5_a0p3_b0p8,101,replay,0.4,0.1,5,0.3,crp,1.756395947896404,1.8349668336850669,1.693873693245293,2.533564838037124,2.6051754350755973,0.8
full_seed101_replay_0p4_noise0p1_s9_a0p2_b0p7,101,replay,0.4,0.1,9,0.2,fpr_owa,1.761339854240768,1.814040460228504,1.6777407003736338,2.3981483074830336,2.610297293389082,0.7
full_seed101_replay_0p4_noise0p1_s9_a0p2_b0p7,101,replay,0.4,0.1,9,0.2,crp,1.7661521842597745,1.8195114798506449,1.6777407003736338,2.401926645195018,2.610297293389082,0.7
full_seed101_replay_0p4_noise0p1_s9_a0p3_b0p8,101,replay,0.4,0.1,9,0.3,fpr_owa,1.7376768792840698,1.8105205051208069,1.654006353899125,2.481753228222399,2.6175195113770537,0.8
full_seed101_replay_0p4_noise0p1_s9_a0p3_b0p8,101,replay,0.4,0.1,9,0.3,crp,1.7378089089551412,1.811499636153226,1.6533533525005122,2.481753228222399,2.6175195113770537,0.8
full_seed101_replay_0p4_noise0p25_s13_a0p2_b0p7,101,replay,0.4,0.25,13,0.2,fpr_owa,1.2365469412583157,1.2954138766927097,1.243641735893824,1.8098158366640864,1.93807001433504,0.7
full_seed101_replay_0p4_noise0p25_s13_a0p2_b0p7,101,replay,0.4,0.25,13,0.2,crp,1.2329668529348987,1.3003210783905266,1.2178391893003515,1.82559324597632,2.2148817017319566,0.7
full_seed101_replay_0p4_noise0p25_s13_a0p3_b0p8,101,replay,0.4,0.25,13,0.3,fpr_owa,1.4347633644253224,1.5291966661288432,1.426252916261871,2.194102621739133,2.348715633380049,0.8
full_seed101_replay_0p4_noise0p25_s13_a0p3_b0p8,101,replay,0.4,0.25,13,0.3,crp,1.446730510624739,1.5521172592089525,1.4613019392059226,2.228612703866908,2.50459491054391,0.8
full_seed101_replay_0p4_noise0p25_s5_a0p2_b0p7,101,replay,0.4,0.25,5,0.2,fpr_owa,1.730595368095208,1.810172857981028,1.6805903266375428,2.580478015543148,2.713322161879084,0.7
full_seed101_replay_0p4_noise0p25_s5_a0p2_b0p7,101,replay,0.4,0.25,5,0.2,crp,1.7286480825292403,1.8079618092020924,1.6744679092833217,2.5903931713038357,2.713322161879084,0.7
full_seed101_replay_0p4_noise0p25_s5_a0p3_b0p8,101,replay,0.4,0.25,5,0.3,fpr_owa,1.7335624373712253,1.8157404704978355,1.6571281922560257,2.5806304410125374,2.767724316695624,0.8
full_seed101_replay_0p4_noise0p25_s5_a0p3_b0p8,101,replay,0.4,0.25,5,0.3,crp,1.732759374065759,1.815128641812844,1.6678480317974596,2.5846329180664207,2.767724316695624,0.8
full_seed101_replay_0p4_noise0p25_s9_a0p2_b0p7,101,replay,0.4,0.25,9,0.2,fpr_owa,1.7289035650595512,1.79277495746852,1.6435769916385372,2.4384574533369454,2.7183981103669708,0.7
full_seed101_replay_0p4_noise0p25_s9_a0p2_b0p7,101,replay,0.4,0.25,9,0.2,crp,1.7379572002818826,1.8012326303113864,1.6808887300962634,2.4462919839043638,2.7183981103669708,0.7
full_seed101_replay_0p4_noise0p25_s9_a0p3_b0p8,101,replay,0.4,0.25,9,0.3,fpr_owa,1.7179793274319646,1.7917884592680997,1.625566306399736,2.4644343528102017,2.7114474842709946,0.8
full_seed101_replay_0p4_noise0p25_s9_a0p3_b0p8,101,replay,0.4,0.25,9,0.3,crp,1.7215688786519514,1.795561278618599,1.625566306399736,2.465829255920148,2.7114474842709946,0.8
full_seed101_replay_0p4_noise0p5_s13_a0p2_b0p7,101,replay,0.4,0.5,13,0.2,fpr_owa,1.2668766715061186,1.3394309551112893,1.257834408801266,1.991234760489887,2.2855824566824645,0.7
full_seed101_replay_0p4_noise0p5_s13_a0p2_b0p7,101,replay,0.4,0.5,13,0.2,crp,1.337371573729938,1.427761527410035,1.3252424039075896,2.138501485082414,2.7972124435405337,0.7
full_seed101_replay_0p4_noise0p5_s13_a0p3_b0p8,101,replay,0.4,0.5,13,0.3,fpr_owa,1.329026904258157,1.4361266633522078,1.284404369107602,2.264444311441075,2.4987166291150835,0.8
full_seed101_replay_0p4_noise0p5_s13_a0p3_b0p8,101,replay,0.4,0.5,13,0.3,crp,1.4571698119465128,1.575684432913782,1.406812216543342,2.402909867202884,2.774326123025368,0.8
full_seed101_replay_0p4_noise0p5_s5_a0p2_b0p7,101,replay,0.4,0.5,5,0.2,fpr_owa,1.71048641331835,1.810336511450647,1.6731155109603395,2.732207131958653,3.020868080479137,0.7
full_seed101_replay_0p4_noise0p5_s5_a0p2_b0p7,101,replay,0.4,0.5,5,0.2,crp,1.7031170556306834,1.7956815440282614,1.6642034464157631,2.6875098255306886,2.939752255011405,0.7
full_seed101_replay_0p4_noise0p5_s5_a0p3_b0p8,101,replay,0.4,0.5,5,0.3,fpr_owa,1.717000331300336,1.8207909084967435,1.6648866260036614,2.740318737430129,3.098602196679836,0.8
full_seed101_replay_0p4_noise0p5_s5_a0p3_b0p8,101,replay,0.4,0.5,5,0.3,crp,1.7112205027969285,1.8143309948813529,1.6880973322839692,2.7263547336528946,3.089570498033422,0.8
full_seed101_replay_0p4_noise0p5_s9_a0p2_b0p7,101,replay,0.4,0.5,9,0.2,fpr_owa,1.697106541514233,1.773017974266221,1.6412810162541267,2.517097776544594,2.9132931717961905,0.7
full_seed101_replay_0p4_noise0p5_s9_a0p2_b0p7,101,replay,0.4,0.5,9,0.2,crp,1.7181248156027698,1.794123792904866,1.682719127514086,2.515689428098242,2.8776630560466643,0.7
full_seed101_replay_0p4_noise0p5_s9_a0p3_b0p8,101,replay,0.4,0.5,9,0.3,fpr_owa,1.6913009970122816,1.7717457747760472,1.6044599835677142,2.6023247799612985,2.899386382569466,0.8
full_seed101_replay_0p4_noise0p5_s9_a0p3_b0p8,101,replay,0.4,0.5,9,0.3,crp,1.7085282811605154,1.7874476807802393,1.631071911462981,2.541527409392456,2.9641344714244973,0.8
full_seed101_scaling_0p0_noise0p1_s13_a0p2_b0p7,101,scaling,0.0,0.1,13,0.2,fpr_owa,1.2005996835464343,1.2492934636752335,1.1936329513941824,1.6485568056889095,1.7438379620698026,0.7
full_seed101_scaling_0p0_noise0p1_s13_a0p2_b0p7,101,scaling,0.0,0.1,13,0.2,crp,1.1877601771624158,1.2371094014898707,1.1883887828454387,1.635837317338585,1.7438379620698026,0.7
full_seed101_scaling_0p0_noise0p1_s13_a0p3_b0p8,101,scaling,0.0,0.1,13,0.3,fpr_owa,1.459851850307026,1.5405262522493737,1.4105131735776282,2.0889440810659385,2.241185361713773,0.8
full_seed101_scaling_0p0_noise0p1_s13_a0p3_b0p8,101,scaling,0.0,0.1,13,0.3,crp,1.440287572443023,1.5271750436906302,1.4028897938218514,2.08293605775331,2.241185361713773,0.8
full_seed101_scaling_0p0_noise0p1_s5_a0p2_b0p7,101,scaling,0.0,0.1,5,0.2,fpr_owa,1.767117669704048,1.8354108405671965,1.6600840900874871,2.4665471628706577,2.623309323256321,0.7
full_seed101_scaling_0p0_noise0p1_s5_a0p2_b0p7,101,scaling,0.0,0.1,5,0.2,crp,1.7583147492140283,1.8273817930282,1.6580754871331331,2.4777751377541906,2.623309323256321,0.7
full_seed101_scaling_0p0_noise0p1_s5_a0p3_b0p8,101,scaling,0.0,0.1,5,0.3,fpr_owa,1.7626268134227294,1.838567579606963,1.6659867656620362,2.496622538502625,2.5856445900776754,0.8
full_seed101_scaling_0p0_noise0p1_s5_a0p3_b0p8,101,scaling,0.0,0.1,5,0.3,crp,1.7563653575760176,1.8335031514088616,1.6530875409769834,2.496879025256148,2.5856445900776754,0.8
full_seed101_scaling_0p0_noise0p1_s9_a0p2_b0p7,101,scaling,0.0,0.1,9,0.2,fpr_owa,1.7649217452909671,1.8188107961041775,1.6358181714411566,2.402411083444426,2.5208303773184952,0.7
full_seed101_scaling_0p0_noise0p1_s9_a0p2_b0p7,101,scaling,0.0,0.1,9,0.2,crp,1.7677308157061338,1.8218308355180128,1.6358181714411566,2.399961226922069,2.576401986691214,0.7
full_seed101_scaling_0p0_noise0p1_s9_a0p3_b0p8,101,scaling,0.0,0.1,9,0.3,fpr_owa,1.748512793146674,1.822359247104944,1.6160641797705488,2.483087558392486,2.621842066792208,0.8
full_seed101_scaling_0p0_noise0p1_s9_a0p3_b0p8,101,scaling,0.0,0.1,9,0.3,crp,1.7461224378799574,1.8204222190891608,1.6158505451348346,2.483087558392486,2.621842066792208,0.8
full_seed101_scaling_0p0_noise0p25_s13_a0p2_b0p7,101,scaling,0.0,0.25,13,0.2,fpr_owa,1.236562460285135,1.2956308708465365,1.2044535377120542,1.82105823882284,1.93807001433504,0.7
full_seed101_scaling_0p0_noise0p25_s13_a0p2_b0p7,101,scaling,0.0,0.25,13,0.2,crp,1.2366794009308997,1.3042606049311627,1.1897474359688858,1.845555351065817,2.3276117793909465,0.7
full_seed101_scaling_0p0_noise0p25_s13_a0p3_b0p8,101,scaling,0.0,0.25,13,0.3,fpr_owa,1.4423166327854453,1.5394491390162115,1.4096630712143363,2.215127343217554,2.402718544702593,0.8
full_seed101_scaling_0p0_noise0p25_s13_a0p3_b0p8,101,scaling,0.0,0.25,13,0.3,crp,1.4492908441025174,1.5545400267584244,1.430292656578684,2.231713600125154,2.5510609410608445,0.8
full_seed101_scaling_0p0_noise0p25_s5_a0p2_b0p7,101,scaling,0.0,0.25,5,0.2,fpr_owa,1.7336143413815548,1.8099001257236491,1.6922920438569655,2.55417172044426,2.7327033676123493,0.7
full_seed101_scaling_0p0_noise0p25_s5_a0p2_b0p7,101,scaling,0.0,0.25,5,0.2,crp,1.7299966585060598,1.80602551384638,1.6744679092833217,2.580396054162711,2.7327033676123493,0.7
full_seed101_scaling_0p0_noise0p25_s5_a0p3_b0p8,101,scaling,0.0,0.25,5,0.3,fpr_owa,1.7299506229173902,1.809798933912468,1.6661550456250218,2.56977910378971,2.767724316695624,0.8
full_seed101_scaling_0p0_noise0p25_s5_a0p3_b0p8,101,scaling,0.0,0.25,5,0.3,crp,1.7294943982864368,1.809381156735658,1.6661550456250218,2.56977910378971,2.767724316695624,0.8
full_seed101_scaling_0p0_noise0p25_s9_a0p2_b0p7,101,scaling,0.0,0.25,9,0.2,fpr_owa,1.7298027951227697,1.795488778870893,1.6024240184477152,2.4398284480022494,2.632631395399988,0.7
full_seed101_scaling_0p0_noise0p25_s9_a0p2_b0p7,101,scaling,0.0,0.25,9,0.2,crp,1.737917956124165,1.8031142332079328,1.62155292510189,2.4382238930928506,2.632631395399988,0.7
full_seed101_scaling_0p0_noise0p25_s9_a0p3_b0p8,101,scaling,0.0,0.25,9,0.3,fpr_owa,1.7256608562942817,1.7990798317672998,1.6358554405371024,2.4886343819454897,2.781453042917504,0.8
full_seed101_scaling_0p0_noise0p25_s9_a0p3_b0p8,101,scaling,0.0,0.25,9,0.3,crp,1.7270999853753042,1.8013554732723935,1.6219549311018078,2.4886343819454897,2.781453042917504,0.8
full_seed101_scaling_0p0_noise0p5_s13_a0p2_b0p7,101,scaling,0.0,0.5,13,0.2,fpr_owa,1.2839222170748892,1.3602123416225274,1.240801419563994,2.046768449975125,2.3782249001293287,0.7
full_seed101_scaling_0p0_noise0p5_s13_a0p2_b0p7,101,scaling,0.0,0.5,13,0.2,crp,1.3469367647989483,1.4410407567103185,1.3081896591059217,2.1695541157352447,2.7972124435405337,0.7
full_seed101_scaling_0p0_noise0p5_s13_a0p3_b0p8,101,scaling,0.0,0.5,13,0.3,fpr_owa,1.3542700790443412,1.4646362664908377,1.2917001243824369,2.3401931281901307,2.585645126688344,0.8
full_seed101_scaling_0p0_noise0p5_s13_a0p3_b0p8,101,scaling,0.0,0.5,13,0.3,crp,1.4701580850607432,1.5903970841222617,1.370410747220058,2.443208359256318,2.78431614965397,0.8
full_seed101_scaling_0p0_noise0p5_s5_a0p2_b0p7,101,scaling,0.0,0.5,5,0.2,fpr_owa,1.709271226509631,1.8044491280747168,1.6461929187271442,2.6895015239178703,3.020868080479137,0.7
full_seed101_scaling_0p0_noise0p5_s5_a0p2_b0p7,101,scaling,0.0,0.5,5,0.2,crp,1.6977680257380487,1.786412853073899,1.6542219708014434,2.686365356708609,2.939752255011405,0.7
full_seed101_scaling_0p0_noise0p5_s5_a0p3_b0p8,101,scaling,0.0,0.5,5,0.3,fpr_owa,1.703342370087818,1.80311874125599,1.6345246869770231,2.725174442138963,3.089570498033422,0.8
full_seed101_scaling_0p0_noise0p5_s5_a0p3_b0p8,101,scaling,0.0,0.5,5,0.3,crp,1.6984713077007167,1.798124387923469,1.6682790141262194,2.714984723815591,3.089570498033422,0.8
full_seed101_scaling_0p0_noise0p5_s9_a0p2_b0p7,101,scaling,0.0,0.5,9,0.2,fpr_owa,1.70044414129838,1.7783768765686925,1.641228448021633,2.5752813313069827,2.867533613785253,0.7
full_seed101_scaling_0p0_noise0p5_s9_a0p2_b0p7,101,scaling,0.0,0.5,9,0.2,crp,1.7114156066778192,1.7905355092555717,1.6579063381663528,2.543532151851908,3.006353600128937,0.7
full_seed101_scaling_0p0_noise0p5_s9_a0p3_b0p8,101,scaling,0.0,0.5,9,0.3,fpr_owa,1.6909088150660572,1.7716248152131142,1.5885115885765302,2.610265449817572,3.033435246204024,0.8
full_seed101_scaling_0p0_noise0p5_s9_a0p3_b0p8,101,scaling,0.0,0.5,9,0.3,crp,1.7009329545296437,1.782476974830095,1.6270844019495163,2.557419044988671,2.929954053037564,0.8
full_seed101_scaling_0p1_noise0p1_s13_a0p2_b0p7,101,scaling,0.1,0.1,13,0.2,fpr_owa,1.2102765488925362,1.2609235755137238,1.1958218486653815,1.6716150965740668,1.7630768288607368,0.7
full_seed101_scaling_0p1_noise0p1_s13_a0p2_b0p7,101,scaling,0.1,0.1,13,0.2,crp,1.195388384154396,1.2470928945761082,1.1947934368071242,1.6667595924562184,1.7630768288607368,0.7
full_seed101_scaling_0p1_noise0p1_s13_a0p3_b0p8,101,scaling,0.1,0.1,13,0.3,fpr_owa,1.4731554572009598,1.555103868907499,1.4474710055113138,2.12267043661577,2.2822486572506966,0.8
full_seed101_scaling_0p1_noise0p1_s13_a0p3_b0p8,101,scaling,0.1,0.1,13,0.3,crp,1.4551736060481837,1.5433562032051216,1.423406298146345,2.111794465418535,2.2822486572506966,0.8
full_seed101_scaling_0p1_noise0p1_s5_a0p2_b0p7,101,scaling,0.1,0.1,5,0.2,fpr_owa,1.767117669704048,1.8354108405671965,1.6600840900874871,2.4665471628706577,2.623309323256321,0.7
full_seed101_scaling_0p1_noise0p1_s5_a0p2_b0p7,101,scaling,0.1,0.1,5,0.2,crp,1.7583147492140283,1.8273817930282,1.6580754871331331,2.4777751377541906,2.623309323256321,0.7
full_seed101_scaling_0p1_noise0p1_s5_a0p3_b0p8,101,scaling,0.1,0.1,5,0.3,fpr_owa,1.7626268134227294,1.838567579606963,1.6659867656620362,2.496622538502625,2.5856445900776754,0.8
full_seed101_scaling_0p1_noise0p1_s5_a0p3_b0p8,101,scaling,0.1,0.1,5,0.3,crp,1.7563653575760176,1.8335031514088616,1.6530875409769834,2.496879025256148,2.5856445900776754,0.8
full_seed101_scaling_0p1_noise0p1_s9_a0p2_b0p7,101,scaling,0.1,0.1,9,0.2,fpr_owa,1.7776146627499398,1.833133402433825,1.648286602371669,2.4344745745781298,2.529581352112384,0.7
full_seed101_scaling_0p1_noise0p1_s9_a0p2_b0p7,101,scaling,0.1,0.1,9,0.2,crp,1.7807830565505502,1.8366459068660328,1.648286602371669,2.4344745745781298,2.576401986691214,0.7
full_seed101_scaling_0p1_noise0p1_s9_a0p3_b0p8,101,scaling,0.1,0.1,9,0.3,fpr_owa,1.760354733936511,1.8345114341480115,1.6351448970085083,2.4904431532786275,2.68596974680014,0.8
full_seed101_scaling_0p1_noise0p1_s9_a0p3_b0p8,101,scaling,0.1,0.1,9,0.3,crp,1.7582333494397644,1.8330005835840464,1.6345242185438331,2.4904431532786275,2.68596974680014,0.8
full_seed101_scaling_0p1_noise0p25_s13_a0p2_b0p7,101,scaling,0.1,0.25,13,0.2,fpr_owa,1.24453170727879,1.305956001656829,1.2124360709071684,1.831965189073598,1.93807001433504,0.7
full_seed101_scaling_0p1_noise0p25_s13_a0p2_b0p7,101,scaling,0.1,0.25,13,0.2,crp,1.2450056809223409,1.3136945219545295,1.2009172499709202,1.8475812677217225,2.3798950510318533,0.7
full_seed101_scaling_0p1_noise0p25_s13_a0p3_b0p8,101,scaling,0.1,0.25,13,0.3,fpr_owa,1.449040884489402,1.5483359482201309,1.4076347872003536,2.2307799572166136,2.4478571094868418,0.8
full_seed101_scaling_0p1_noise0p25_s13_a0p3_b0p8,101,scaling,0.1,0.25,13,0.3,crp,1.4590931389607107,1.5668500327896644,1.4372316742625624,2.2599448301241023,2.529511085339898,0.8
full_seed101_scaling_0p1_noise0p25_s5_a0p2_b0p7,101,scaling,0.1,0.25,5,0.2,fpr_owa,1.7336143413815548,1.8099001257236491,1.6922920438569655,2.55417172044426,2.7327033676123493,0.7
full_seed101_scaling_0p1_noise0p25_s5_a0p2_b0p7,101,scaling,0.1,0.25,5,0.2,crp,1.7299966585060598,1.80602551384638,1.6744679092833217,2.580396054162711,2.7327033676123493,0.7
full_seed101_scaling_0p1_noise0p25_s5_a0p3_b0p8,101,scaling,0.1,0.25,5,0.3,fpr_owa,1.7299506229173902,1.809798933912468,1.6661550456250218,2.56977910378971,2.767724316695624,0.8
full_seed101_scaling_0p1_noise0p25_s5_a0p3_b0p8,101,scaling,0.1,0.25,5,0.3,crp,1.7294943982864368,1.809381156735658,1.6661550456250218,2.56977910378971,2.767724316695624,0.8
full_seed101_scaling_0p1_noise0p25_s9_a0p2_b0p7,101,scaling,0.1,0.25,9,0.2,fpr_owa,1.741610587585726,1.8089704888742009,1.6192494865940454,2.501309923176588,2.641382370193876,0.7
full_seed101_scaling_0p1_noise0p25_s9_a0p2_b0p7,101,scaling,0.1,0.25,9,0.2,crp,1.7514488269869113,1.818052635325002,1.660256937727701,2.501309923176588,2.641382370193876,0.7
full_seed101_scaling_0p1_noise0p25_s9_a0p3_b0p8,101,scaling,0.1,0.25,9,0.3,fpr_owa,1.735726822066473,1.8114463838612425,1.6501404717443515,2.524416018677848,2.847665282306486,0.8
full_seed101_scaling_0p1_noise0p25_s9_a0p3_b0p8,101,scaling,0.1,0.25,9,0.3,crp,1.7357593465444623,1.811566038089372,1.6482662437758802,2.519513945063657,2.847665282306486,0.8
full_seed101_scaling_0p1_noise0p5_s13_a0p2_b0p7,101,scaling,0.1,0.5,13,0.2,fpr_owa,1.293922406485765,1.36982409206789,1.2699166277733172,2.0469385824003457,2.418442801391565,0.7
full_seed101_scaling_0p1_noise0p5_s13_a0p2_b0p7,101,scaling,0.1,0.5,13,0.2,crp,1.3562442014070697,1.4512647770959957,1.3233032254202168,2.210350628672249,2.7972124435405337,0.7
full_seed101_scaling_0p1_noise0p5_s13_a0p3_b0p8,101,scaling,0.1,0.5,13,0.3,fpr_owa,1.3690172756140695,1.4809135531153854,1.3067246921190143,2.3700691601417923,2.6315350653432863,0.8
full_seed101_scaling_0p1_noise0p5_s13_a0p3_b0p8,101,scaling,0.1,0.5,13,0.3,crp,1.4820851975271694,1.6049806413236407,1.387070235938476,2.445268195640345,2.774326123025368,0.8
full_seed101_scaling_0p1_noise0p5_s5_a0p2_b0p7,101,scaling,0.1,0.5,5,0.2,fpr_owa,1.709271226509631,1.8044491280747168,1.6461929187271442,2.6895015239178703,3.020868080479137,0.7
full_seed101_scaling_0p1_noise0p5_s5_a0p2_b0p7,101,scaling,0.1,0.5,5,0.2,crp,1.6977680257380487,1.786412853073899,1.6542219708014434,2.686365356708609,2.939752255011405,0.7
full_seed101_scaling_0p1_noise0p5_s5_a0p3_b0p8,101,scaling,0.1,0.5,5,0.3,fpr_owa,1.703342370087818,1.80311874125599,1.6345246869770231,2.725174442138963,3.089570498033422,0.8
full_seed101_scaling_0p1_noise0p5_s5_a0p3_b0p8,101,scaling,0.1,0.5,5,0.3,crp,1.6984713077007167,1.798124387923469,1.6682790141262194,2.714984723815591,3.089570498033422,0.8
full_seed101_scaling_0p1_noise0p5_s9_a0p2_b0p7,101,scaling,0.1,0.5,9,0.2,fpr_owa,1.7140028850306777,1.7923579837802954,1.646650873773218,2.5754209316867898,2.876284588579141,0.7
full_seed101_scaling_0p1_noise0p5_s9_a0p2_b0p7,101,scaling,0.1,0.5,9,0.2,crp,1.7257740819636234,1.804341351966004,1.6888141468101765,2.5574258063761817,3.083724716683361,0.7
full_seed101_scaling_0p1_noise0p5_s9_a0p3_b0p8,101,scaling,0.1,0.5,9,0.3,fpr_owa,1.70715835277525,1.788404118917098,1.6326205385463677,2.60260037386507,3.125739980150656,0.8
full_seed101_scaling_0p1_noise0p5_s9_a0p3_b0p8,101,scaling,0.1,0.5,9,0.3,crp,1.7146678504049702,1.7955238188811833,1.6524836085324153,2.556048271188895,2.9902630368716845,0.8
full_seed101_scaling_0p2_noise0p1_s13_a0p2_b0p7,101,scaling,0.2,0.1,13,0.2,fpr_owa,1.2297609173250124,1.282705094518979,1.204821961344427,1.713698252120467,1.8431641664364973,0.7
full_seed101_scaling_0p2_noise0p1_s13_a0p2_b0p7,101,scaling,0.2,0.1,13,0.2,crp,1.2118211510173764,1.2660629472841023,1.1987315719442693,1.7060859632691132,1.8431641664364973,0.7
full_seed101_scaling_0p2_noise0p1_s13_a0p3_b0p8,101,scaling,0.2,0.1,13,0.3,fpr_owa,1.4971416874533778,1.581271744370397,1.470899322808164,2.165388769266506,2.2822486572506966,0.8
full_seed101_scaling_0p2_noise0p1_s13_a0p3_b0p8,101,scaling,0.2,0.1,13,0.3,crp,1.4746218054718652,1.5662030927437944,1.466144177884225,2.1622196142417267,2.257890948502696,0.8
full_seed101_scaling_0p2_noise0p1_s5_a0p2_b0p7,101,scaling,0.2,0.1,5,0.2,fpr_owa,1.784617258748552,1.854194652463521,1.667629823959527,2.4777751377541906,2.660205228418408,0.7
full_seed101_scaling_0p2_noise0p1_s5_a0p2_b0p7,101,scaling,0.2,0.1,5,0.2,crp,1.776103612075998,1.846649581321245,1.667150139356865,2.478884969931397,2.660205228418408,0.7
full_seed101_scaling_0p2_noise0p1_s5_a0p3_b0p8,101,scaling,0.2,0.1,5,0.3,fpr_owa,1.780702750049432,1.8566066318050551,1.7210450048999564,2.515531104961854,2.6146768565212795,0.8
full_seed101_scaling_0p2_noise0p1_s5_a0p3_b0p8,101,scaling,0.2,0.1,5,0.3,crp,1.7744842925130997,1.8516635079112236,1.7105707650947442,2.5217804827534605,2.6146768565212795,0.8
full_seed101_scaling_0p2_noise0p1_s9_a0p2_b0p7,101,scaling,0.2,0.1,9,0.2,fpr_owa,1.790486486721044,1.8468325808457748,1.6383651175330929,2.463514443586389,2.6228985907992506,0.7
full_seed101_scaling_0p2_noise0p1_s9_a0p2_b0p7,101,scaling,0.2,0.1,9,0.2,crp,1.7935855764146516,1.8502295476897923,1.6383651175330929,2.463514443586389,2.6228985907992506,0.7
full_seed101_scaling_0p2_noise0p1_s9_a0p3_b0p8,101,scaling,0.2,0.1,9,0.3,fpr_owa,1.7736798819762951,1.848503075543998,1.6568886100470988,2.5145477794939994,2.700937717459837,0.8
full_seed101_scaling_0p2_noise0p1_s9_a0p3_b0p8,101,scaling,0.2,0.1,9,0.3,crp,1.770222281090698,1.845418315002324,1.654006353899125,2.52299623819442,2.700937717459837,0.8
full_seed101_scaling_0p2_noise0p25_s13_a0p2_b0p7,101,scaling,0.2,0.25,13,0.2,fpr_owa,1.2604236507250026,1.3229377303384515,1.2174251298667105,1.8530652670268304,2.0101930261345333,0.7
full_seed101_scaling_0p2_noise0p25_s13_a0p2_b0p7,101,scaling,0.2,0.25,13,0.2,crp,1.2592884396813853,1.3288384174449572,1.2231795897344049,1.876495788065516,2.5507018603447724,0.7
full_seed101_scaling_0p2_noise0p25_s13_a0p3_b0p8,101,scaling,0.2,0.25,13,0.3,fpr_owa,1.4696606588559986,1.5713101511726673,1.4342778327131285,2.263518684417351,2.4478571094868413,0.8
full_seed101_scaling_0p2_noise0p25_s13_a0p3_b0p8,101,scaling,0.2,0.25,13,0.3,crp,1.4745515757681211,1.5845142489137751,1.4497596044928531,2.340165509518286,2.50459491054391,0.8
full_seed101_scaling_0p2_noise0p25_s5_a0p2_b0p7,101,scaling,0.2,0.25,5,0.2,fpr_owa,1.754677674287723,1.83168277943214,1.6863788637081134,2.5779226778790147,2.7589280919151085,0.7
full_seed101_scaling_0p2_noise0p25_s5_a0p2_b0p7,101,scaling,0.2,0.25,5,0.2,crp,1.7479165854126264,1.8253078539353351,1.6649423883173866,2.583448633485013,2.7589280919151085,0.7
full_seed101_scaling_0p2_noise0p25_s5_a0p3_b0p8,101,scaling,0.2,0.25,5,0.3,fpr_owa,1.7516094953899042,1.832040829606503,1.6571281922560257,2.578377598882516,2.767724316695624,0.8
full_seed101_scaling_0p2_noise0p25_s5_a0p3_b0p8,101,scaling,0.2,0.25,5,0.3,crp,1.7513336727020736,1.8314094453063765,1.6678480317974596,2.5806304410125374,2.767724316695624,0.8
full_seed101_scaling_0p2_noise0p25_s9_a0p2_b0p7,101,scaling,0.2,0.25,9,0.2,fpr_owa,1.7574820537741445,1.826326450095819,1.6353559957391242,2.525001941880843,2.713121726325315,0.7
full_seed101_scaling_0p2_noise0p25_s9_a0p2_b0p7,101,scaling,0.2,0.25,9,0.2,crp,1.7684769395845674,1.8372669192401223,1.658085611995357,2.525001941880843,2.713121726325315,0.7
full_seed101_scaling_0p2_noise0p25_s9_a0p3_b0p8,101,scaling,0.2,0.25,9,0.3,fpr_owa,1.7532654887315922,1.828812117759788,1.655581858700856,2.524416018677848,2.8624517995259056,0.8
full_seed101_scaling_0p2_noise0p25_s9_a0p3_b0p8,101,scaling,0.2,0.25,9,0.3,crp,1.7514718120007151,1.8279595856173991,1.6599402215392265,2.524748540060759,2.8624517995259056,0.8
full_seed101_scaling_0p2_noise0p5_s13_a0p2_b0p7,101,scaling,0.2,0.5,13,0.2,fpr_owa,1.304826238439934,1.3835801425219556,1.2816534367586,2.073072265829797,2.5206051060716805,0.7
full_seed101_scaling_0p2_noise0p5_s13_a0p2_b0p7,101,scaling,0.2,0.5,13,0.2,crp,1.367473208815824,1.4694003965645313,1.3266084731580108,2.282629359120497,2.7972124435405337,0.7
full_seed101_scaling_0p2_noise0p5_s13_a0p3_b0p8,101,scaling,0.2,0.5,13,0.3,fpr_owa,1.3813472671272258,1.5006338715002636,1.3335539072242022,2.403089888901307,2.6864340282350554,0.8
full_seed101_scaling_0p2_noise0p5_s13_a0p3_b0p8,101,scaling,0.2,0.5,13,0.3,crp,1.4972503225418048,1.6252124519747533,1.4052251769727746,2.5037369592004315,2.774326123025368,0.8
full_seed101_scaling_0p2_noise0p5_s5_a0p2_b0p7,101,scaling,0.2,0.5,5,0.2,fpr_owa,1.7293042429736027,1.8240504835422429,1.6593169058846764,2.7081317134380245,3.020868080479137,0.7
full_seed101_scaling_0p2_noise0p5_s5_a0p2_b0p7,101,scaling,0.2,0.5,5,0.2,crp,1.7163144390865064,1.8043943158262512,1.6652522366511626,2.6699351836284864,2.939752255011405,0.7
full_seed101_scaling_0p2_noise0p5_s5_a0p3_b0p8,101,scaling,0.2,0.5,5,0.3,fpr_owa,1.7251432591648972,1.8253860484356788,1.6648866260036614,2.739770959285741,3.089570498033422,0.8
full_seed101_scaling_0p2_noise0p5_s5_a0p3_b0p8,101,scaling,0.2,0.5,5,0.3,crp,1.721395371922217,1.822334471352337,1.6983096198730006,2.7258060351653595,3.089570498033422,0.8
full_seed101_scaling_0p2_noise0p5_s9_a0p2_b0p7,101,scaling,0.2,0.5,9,0.2,fpr_owa,1.726615395757681,1.804791158846973,1.672687522355781,2.6056846915447567,2.948023944710581,0.7
full_seed101_scaling_0p2_noise0p5_s9_a0p2_b0p7,101,scaling,0.2,0.5,9,0.2,crp,1.7370697088029643,1.818355739262358,1.6992695366276327,2.5838893396948115,3.083724716683361,0.7
full_seed101_scaling_0p2_noise0p5_s9_a0p3_b0p8,101,scaling,0.2,0.5,9,0.3,fpr_owa,1.7156016342371028,1.7983057616635587,1.6337197682252669,2.6283767039964827,3.128045624739191,0.8
full_seed101_scaling_0p2_noise0p5_s9_a0p3_b0p8,101,scaling,0.2,0.5,9,0.3,crp,1.7273583147466067,1.810353981758604,1.643696425463029,2.5904014625158074,3.0059210631395694,0.8
full_seed101_scaling_0p3_noise0p1_s13_a0p2_b0p7,101,scaling,0.3,0.1,13,0.2,fpr_owa,1.238903788754804,1.2923173459801165,1.2337482544453242,1.7503652749189216,1.847751831588828,0.7
full_seed101_scaling_0p3_noise0p1_s13_a0p2_b0p7,101,scaling,0.3,0.1,13,0.2,crp,1.2199767971258917,1.2745103349665703,1.2254017569090616,1.7212698630484329,1.847751831588828,0.7
full_seed101_scaling_0p3_noise0p1_s13_a0p3_b0p8,101,scaling,0.3,0.1,13,0.3,fpr_owa,1.5080785575486368,1.5923474932767334,1.466343512289161,2.2145210271951945,2.3319059368819075,0.8
full_seed101_scaling_0p3_noise0p1_s13_a0p3_b0p8,101,scaling,0.3,0.1,13,0.3,crp,1.483932200862526,1.576300895413037,1.4618389613665947,2.208750800345743,2.3037676000260032,0.8
full_seed101_scaling_0p3_noise0p1_s5_a0p2_b0p7,101,scaling,0.3,0.1,5,0.2,fpr_owa,1.803356752395292,1.875488977234653,1.6701768597347462,2.52713947739978,2.752440164292912,0.7
full_seed101_scaling_0p3_noise0p1_s5_a0p2_b0p7,101,scaling,0.3,0.1,5,0.2,crp,1.793590013481601,1.866467956323646,1.667629823959527,2.5402536869835317,2.752440164292912,0.7
full_seed101_scaling_0p3_noise0p1_s5_a0p3_b0p8,101,scaling,0.3,0.1,5,0.3,fpr_owa,1.802707755942347,1.8794555736364544,1.7637587250699076,2.533564838037124,2.665785378311368,0.8
full_seed101_scaling_0p3_noise0p1_s5_a0p3_b0p8,101,scaling,0.3,0.1,5,0.3,crp,1.7955389991346449,1.8733957040653904,1.7426854233876892,2.5342725326744637,2.665785378311368,0.8
full_seed101_scaling_0p3_noise0p1_s9_a0p2_b0p7,101,scaling,0.3,0.1,9,0.2,fpr_owa,1.8042254128918307,1.86251698878603,1.6708920090095556,2.4989782431769747,2.664654557519763,0.7
full_seed101_scaling_0p3_noise0p1_s9_a0p2_b0p7,101,scaling,0.3,0.1,9,0.2,crp,1.8085155170530605,1.8673679639762533,1.6708920090095556,2.499432165496209,2.664654557519763,0.7
full_seed101_scaling_0p3_noise0p1_s9_a0p3_b0p8,101,scaling,0.3,0.1,9,0.3,fpr_owa,1.7790919146240711,1.8556840367367449,1.601843894601426,2.545797027553122,2.700937717459837,0.8
full_seed101_scaling_0p3_noise0p1_s9_a0p3_b0p8,101,scaling,0.3,0.1,9,0.3,crp,1.7763578332493564,1.8534275017582404,1.5952181886515,2.5599308238580383,2.700937717459837,0.8
full_seed101_scaling_0p3_noise0p25_s13_a0p2_b0p7,101,scaling,0.3,0.25,13,0.2,fpr_owa,1.2713594971043116,1.334272825083534,1.2461473806165524,1.862341509526936,2.184516780757728,0.7
full_seed101_scaling_0p3_noise0p25_s13_a0p2_b0p7,101,scaling,0.3,0.25,13,0.2,crp,1.2696305650903403,1.3400125920461174,1.2461473806165524,1.91471477495307,2.6152563238653466,0.7
full_seed101_scaling_0p3_noise0p25_s13_a0p3_b0p8,101,scaling,0.3,0.25,13,0.3,fpr_owa,1.4817687831756925,1.5809674303278758,1.440475752831324,2.2837513659920803,2.497514389118052,0.8
full_seed101_scaling_0p3_noise0p25_s13_a0p3_b0p8,101,scaling,0.3,0.25,13,0.3,crp,1.4867081470341064,1.5953054682879877,1.4615809186748343,2.320887671284201,2.542848892479956,0.8
full_seed101_scaling_0p3_noise0p25_s5_a0p2_b0p7,101,scaling,0.3,0.25,5,0.2,fpr_owa,1.77483317730726,1.8536066288504065,1.700461613388561,2.6055871973146525,2.8880589329517,0.7
full_seed101_scaling_0p3_noise0p25_s5_a0p2_b0p7,101,scaling,0.3,0.25,5,0.2,crp,1.7748650723426544,1.852636218589144,1.6878840550598695,2.603892759325568,2.8880589329517,0.7
full_seed101_scaling_0p3_noise0p25_s5_a0p3_b0p8,101,scaling,0.3,0.25,5,0.3,fpr_owa,1.7751562269955394,1.8556710904281144,1.6993251591870546,2.5853392106164974,2.7837858069438077,0.8
full_seed101_scaling_0p3_noise0p25_s5_a0p3_b0p8,101,scaling,0.3,0.25,5,0.3,crp,1.779481072820334,1.8597414948840492,1.716749018909962,2.59523655129973,2.835873054535926,0.8
full_seed101_scaling_0p3_noise0p25_s9_a0p2_b0p7,101,scaling,0.3,0.25,9,0.2,fpr_owa,1.7691240313993466,1.8381580303075744,1.6812245650032405,2.544853821604929,2.788443830009846,0.7
full_seed101_scaling_0p3_noise0p25_s9_a0p2_b0p7,101,scaling,0.3,0.25,9,0.2,crp,1.7856718006360135,1.855316817573413,1.6919732451759453,2.536726848602218,2.788443830009846,0.7
full_seed101_scaling_0p3_noise0p25_s9_a0p3_b0p8,101,scaling,0.3,0.25,9,0.3,fpr_owa,1.7581906583783502,1.8340758360102616,1.645251693358052,2.526668306541365,2.8624517995259056,0.8
full_seed101_scaling_0p3_noise0p25_s9_a0p3_b0p8,101,scaling,0.3,0.25,9,0.3,crp,1.7633860789428306,1.8404292042726345,1.6339354018384131,2.5684158996824986,2.8624517995259056,0.8
full_seed101_scaling_0p3_noise0p5_s13_a0p2_b0p7,101,scaling,0.3,0.5,13,0.2,fpr_owa,1.3139952067869316,1.3947230745834656,1.2698935103666762,2.1210344513361816,2.5702623857028915,0.7
full_seed101_scaling_0p3_noise0p5_s13_a0p2_b0p7,101,scaling,0.3,0.5,13,0.2,crp,1.3755515021714946,1.4777053583738775,1.3282202164242545,2.290526615748976,2.7972124435405337,0.7
full_seed101_scaling_0p3_noise0p5_s13_a0p3_b0p8,101,scaling,0.3,0.5,13,0.3,fpr_owa,1.3855231965289831,1.5026916138848267,1.3327758633352558,2.4236108079838643,2.6413689876412114,0.8
full_seed101_scaling_0p3_noise0p5_s13_a0p3_b0p8,101,scaling,0.3,0.5,13,0.3,crp,1.5091244879431704,1.6367605385154294,1.3955848223788825,2.5288358874329395,2.9357420653458397,0.8
full_seed101_scaling_0p3_noise0p5_s5_a0p2_b0p7,101,scaling,0.3,0.5,5,0.2,fpr_owa,1.7551859925282365,1.8510995592466983,1.6911872435812798,2.713443810293032,3.0910630715276883,0.7
full_seed101_scaling_0p3_noise0p5_s5_a0p2_b0p7,101,scaling,0.3,0.5,5,0.2,crp,1.7325689285007269,1.8247656230823912,1.6612450874587612,2.7066877690532376,3.0910630715276883,0.7
full_seed101_scaling_0p3_noise0p5_s5_a0p3_b0p8,101,scaling,0.3,0.5,5,0.3,fpr_owa,1.7479605401673703,1.8480626442015484,1.6648866260036614,2.7394831341497565,3.089570498033422,0.8
full_seed101_scaling_0p3_noise0p5_s5_a0p3_b0p8,101,scaling,0.3,0.5,5,0.3,crp,1.7348012180570371,1.8380516090934735,1.7067149732978568,2.735988779731666,3.089570498033422,0.8
full_seed101_scaling_0p3_noise0p5_s9_a0p2_b0p7,101,scaling,0.3,0.5,9,0.2,fpr_owa,1.737034442690567,1.8162340044698275,1.6595487972585534,2.652188937833959,2.902872552930833,0.7
full_seed101_scaling_0p3_noise0p5_s9_a0p2_b0p7,101,scaling,0.3,0.5,9,0.2,crp,1.747901781868428,1.830327000030272,1.6992695366276327,2.5844089970458977,3.083724716683361,0.7
full_seed101_scaling_0p3_noise0p5_s9_a0p3_b0p8,101,scaling,0.3,0.5,9,0.3,fpr_owa,1.724782264067205,1.80762773125319,1.6337197682252669,2.629755645020305,3.138863037931761,0.8
full_seed101_scaling_0p3_noise0p5_s9_a0p3_b0p8,101,scaling,0.3,0.5,9,0.3,crp,1.7382880376822718,1.8225343116725372,1.6592172528623856,2.620535443853151,3.0829415854812923,0.8
full_seed101_scaling_0p4_noise0p1_s13_a0p2_b0p7,101,scaling,0.4,0.1,13,0.2,fpr_owa,1.2451290423978894,1.298285293987803,1.2406500043622088,1.7631551900110152,1.8739228331962603,0.7
full_seed101_scaling_0p4_noise0p1_s13_a0p2_b0p7,101,scaling,0.4,0.1,13,0.2,crp,1.228303196787059,1.282170995870204,1.2261492448503244,1.730004162238924,1.8739228331962603,0.7
full_seed101_scaling_0p4_noise0p1_s13_a0p3_b0p8,101,scaling,0.4,0.1,13,0.3,fpr_owa,1.5197522352957769,1.6047980794746932,1.4910593647037205,2.2314546334653578,2.3815572435818986,0.8
full_seed101_scaling_0p4_noise0p1_s13_a0p3_b0p8,101,scaling,0.4,0.1,13,0.3,crp,1.497819303914309,1.5901505872182529,1.4802403871202618,2.229776393009449,2.3423827939115194,0.8
full_seed101_scaling_0p4_noise0p1_s5_a0p2_b0p7,101,scaling,0.4,0.1,5,0.2,fpr_owa,1.803356752395292,1.875488977234653,1.6701768597347462,2.52713947739978,2.752440164292912,0.7
full_seed101_scaling_0p4_noise0p1_s5_a0p2_b0p7,101,scaling,0.4,0.1,5,0.2,crp,1.793590013481601,1.866467956323646,1.667629823959527,2.5402536869835317,2.752440164292912,0.7
full_seed101_scaling_0p4_noise0p1_s5_a0p3_b0p8,101,scaling,0.4,0.1,5,0.3,fpr_owa,1.802707755942347,1.8794555736364544,1.7637587250699076,2.533564838037124,2.665785378311368,0.8
full_seed101_scaling_0p4_noise0p1_s5_a0p3_b0p8,101,scaling,0.4,0.1,5,0.3,crp,1.7955389991346449,1.8733957040653904,1.7426854233876892,2.5342725326744637,2.665785378311368,0.8
full_seed101_scaling_0p4_noise0p1_s9_a0p2_b0p7,101,scaling,0.4,0.1,9,0.2,fpr_owa,1.8196497252944952,1.8790912486319795,1.6833170702005522,2.532719253838579,2.73638173920929,0.7
full_seed101_scaling_0p4_noise0p1_s9_a0p2_b0p7,101,scaling,0.4,0.1,9,0.2,crp,1.8248555736776744,1.884994829099022,1.6833170702005522,2.533381097453355,2.73638173920929,0.7
full_seed101_scaling_0p4_noise0p1_s9_a0p3_b0p8,101,scaling,0.4,0.1,9,0.3,fpr_owa,1.7928744072380156,1.8710360964184445,1.6050082696659702,2.5768326689272687,2.772664899149363,0.8
full_seed101_scaling_0p4_noise0p1_s9_a0p3_b0p8,101,scaling,0.4,0.1,9,0.3,crp,1.7909613524698569,1.8698006267137364,1.6000945559666688,2.5768326689272687,2.772664899149363,0.8
full_seed101_scaling_0p4_noise0p25_s13_a0p2_b0p7,101,scaling,0.4,0.25,13,0.2,fpr_owa,1.283461969810333,1.3458317820576982,1.2549034497672151,1.882197880146202,2.227552553336185,0.7
full_seed101_scaling_0p4_noise0p25_s13_a0p2_b0p7,101,scaling,0.4,0.25,13,0.2,crp,1.2787188462225485,1.3479857342226775,1.2519048746424368,1.915468536129755,2.486794140016514,0.7
full_seed101_scaling_0p4_noise0p25_s13_a0p3_b0p8,101,scaling,0.4,0.25,13,0.3,fpr_owa,1.4959255878146356,1.5936881372329958,1.439328103983863,2.2961775635457733,2.547165695818044,0.8
full_seed101_scaling_0p4_noise0p25_s13_a0p3_b0p8,101,scaling,0.4,0.25,13,0.3,crp,1.501880073731402,1.6113398531122332,1.4615809186748343,2.380401481325302,2.596637808071613,0.8
full_seed101_scaling_0p4_noise0p25_s5_a0p2_b0p7,101,scaling,0.4,0.25,5,0.2,fpr_owa,1.77483317730726,1.8536066288504065,1.700461613388561,2.6055871973146525,2.8880589329517,0.7
full_seed101_scaling_0p4_noise0p25_s5_a0p2_b0p7,101,scaling,0.4,0.25,5,0.2,crp,1.7748650723426544,1.852636218589144,1.6878840550598695,2.603892759325568,2.8880589329517,0.7
full_seed101_scaling_0p4_noise0p25_s5_a0p3_b0p8,101,scaling,0.4,0.25,5,0.3,fpr_owa,1.7751562269955394,1.8556710904281144,1.6993251591870546,2.5853392106164974,2.7837858069438077,0.8
full_seed101_scaling_0p4_noise0p25_s5_a0p3_b0p8,101,scaling,0.4,0.25,5,0.3,crp,1.779481072820334,1.8597414948840492,1.716749018909962,2.59523655129973,2.835873054535926,0.8
full_seed101_scaling_0p4_noise0p25_s9_a0p2_b0p7,101,scaling,0.4,0.25,9,0.2,fpr_owa,1.7826057927443644,1.851917322834638,1.6812245650032405,2.580770866658476,2.8601710116993733,0.7
full_seed101_scaling_0p4_noise0p25_s9_a0p2_b0p7,101,scaling,0.4,0.25,9,0.2,crp,1.7961712685807036,1.8667637074710992,1.687532033018432,2.580770866658476,2.906003340735736,0.7
full_seed101_scaling_0p4_noise0p25_s9_a0p3_b0p8,101,scaling,0.4,0.25,9,0.3,fpr_owa,1.7689533588195183,1.844794364614155,1.645251693358052,2.5760273962706286,2.934178981215432,0.8
full_seed101_scaling_0p4_noise0p25_s9_a0p3_b0p8,101,scaling,0.4,0.25,9,0.3,crp,1.7689971212292552,1.845495237908211,1.6423419172772586,2.571137476531735,2.948143335388664,0.8
full_seed101_scaling_0p4_noise0p5_s13_a0p2_b0p7,101,scaling,0.4,0.5,13,0.2,fpr_owa,1.3164189527101622,1.395415417151934,1.295847294688638,2.08366139934649,2.6161333871905774,0.7
full_seed101_scaling_0p4_noise0p5_s13_a0p2_b0p7,101,scaling,0.4,0.5,13,0.2,crp,1.396482122389087,1.4979839690135033,1.3398118039904352,2.335918448184704,2.7972124435405337,0.7
full_seed101_scaling_0p4_noise0p5_s13_a0p3_b0p8,101,scaling,0.4,0.5,13,0.3,fpr_owa,1.3865845932750576,1.5014118098770268,1.320000086379092,2.4097203797494764,2.5900725238637348,0.8
full_seed101_scaling_0p4_noise0p5_s13_a0p3_b0p8,101,scaling,0.4,0.5,13,0.3,crp,1.5321209577720003,1.6602243151154632,1.4360857544339656,2.5380717703392053,3.0002887640558287,0.8
full_seed101_scaling_0p4_noise0p5_s5_a0p2_b0p7,101,scaling,0.4,0.5,5,0.2,fpr_owa,1.7551859925282365,1.8510995592466983,1.6911872435812798,2.713443810293032,3.0910630715276883,0.7
full_seed101_scaling_0p4_noise0p5_s5_a0p2_b0p7,101,scaling,0.4,0.5,5,0.2,crp,1.7325689285007269,1.8247656230823912,1.6612450874587612,2.7066877690532376,3.0910630715276883,0.7
full_seed101_scaling_0p4_noise0p5_s5_a0p3_b0p8,101,scaling,0.4,0.5,5,0.3,fpr_owa,1.7479605401673703,1.8480626442015484,1.6648866260036614,2.7394831341497565,3.089570498033422,0.8
full_seed101_scaling_0p4_noise0p5_s5_a0p3_b0p8,101,scaling,0.4,0.5,5,0.3,crp,1.7348012180570371,1.8380516090934735,1.7067149732978568,2.735988779731666,3.089570498033422,0.8
full_seed101_scaling_0p4_noise0p5_s9_a0p2_b0p7,101,scaling,0.4,0.5,9,0.2,fpr_owa,1.75375051963793,1.83463304401482,1.6776586786740948,2.667062683511457,2.9604604208060348,0.7
full_seed101_scaling_0p4_noise0p5_s9_a0p2_b0p7,101,scaling,0.4,0.5,9,0.2,crp,1.7620030623638945,1.8451254252254607,1.7045910758809375,2.6094953933859286,3.2128336437245086,0.7
full_seed101_scaling_0p4_noise0p5_s9_a0p3_b0p8,101,scaling,0.4,0.5,9,0.3,fpr_owa,1.7355957831206186,1.819449658867768,1.6491762476698189,2.629755645020305,3.210590219621288,0.8
full_seed101_scaling_0p4_noise0p5_s9_a0p3_b0p8,101,scaling,0.4,0.5,9,0.3,crp,1.744892801966724,1.8302287499399927,1.6592172528623856,2.6217710242967724,3.0904225056817003,0.8
full_seed101_spike_0p0_noise0p1_s13_a0p2_b0p7,101,spike,0.0,0.1,13,0.2,fpr_owa,1.2005996835464343,1.2492934636752335,1.1936329513941824,1.6485568056889095,1.7438379620698026,0.7
full_seed101_spike_0p0_noise0p1_s13_a0p2_b0p7,101,spike,0.0,0.1,13,0.2,crp,1.1877601771624158,1.2371094014898707,1.1883887828454387,1.635837317338585,1.7438379620698026,0.7
full_seed101_spike_0p0_noise0p1_s13_a0p3_b0p8,101,spike,0.0,0.1,13,0.3,fpr_owa,1.459851850307026,1.5405262522493737,1.4105131735776282,2.0889440810659385,2.241185361713773,0.8
full_seed101_spike_0p0_noise0p1_s13_a0p3_b0p8,101,spike,0.0,0.1,13,0.3,crp,1.440287572443023,1.5271750436906302,1.4028897938218514,2.08293605775331,2.241185361713773,0.8
full_seed101_spike_0p0_noise0p1_s5_a0p2_b0p7,101,spike,0.0,0.1,5,0.2,fpr_owa,1.767117669704048,1.8354108405671965,1.6600840900874871,2.4665471628706577,2.623309323256321,0.7
full_seed101_spike_0p0_noise0p1_s5_a0p2_b0p7,101,spike,0.0,0.1,5,0.2,crp,1.7583147492140283,1.8273817930282,1.6580754871331331,2.4777751377541906,2.623309323256321,0.7
full_seed101_spike_0p0_noise0p1_s5_a0p3_b0p8,101,spike,0.0,0.1,5,0.3,fpr_owa,1.7626268134227294,1.838567579606963,1.6659867656620362,2.496622538502625,2.5856445900776754,0.8
full_seed101_spike_0p0_noise0p1_s5_a0p3_b0p8,101,spike,0.0,0.1,5,0.3,crp,1.7563653575760176,1.8335031514088616,1.6530875409769834,2.496879025256148,2.5856445900776754,0.8
full_seed101_spike_0p0_noise0p1_s9_a0p2_b0p7,101,spike,0.0,0.1,9,0.2,fpr_owa,1.7649217452909671,1.8188107961041775,1.6358181714411566,2.402411083444426,2.5208303773184952,0.7
full_seed101_spike_0p0_noise0p1_s9_a0p2_b0p7,101,spike,0.0,0.1,9,0.2,crp,1.7677308157061338,1.8218308355180128,1.6358181714411566,2.399961226922069,2.576401986691214,0.7
full_seed101_spike_0p0_noise0p1_s9_a0p3_b0p8,101,spike,0.0,0.1,9,0.3,fpr_owa,1.748512793146674,1.822359247104944,1.6160641797705488,2.483087558392486,2.621842066792208,0.8
full_seed101_spike_0p0_noise0p1_s9_a0p3_b0p8,101,spike,0.0,0.1,9,0.3,crp,1.7461224378799574,1.8204222190891608,1.6158505451348346,2.483087558392486,2.621842066792208,0.8
full_seed101_spike_0p0_noise0p25_s13_a0p2_b0p7,101,spike,0.0,0.25,13,0.2,fpr_owa,1.236562460285135,1.2956308708465365,1.2044535377120542,1.82105823882284,1.93807001433504,0.7
full_seed101_spike_0p0_noise0p25_s13_a0p2_b0p7,101,spike,0.0,0.25,13,0.2,crp,1.2366794009308997,1.3042606049311627,1.1897474359688858,1.845555351065817,2.3276117793909465,0.7
full_seed101_spike_0p0_noise0p25_s13_a0p3_b0p8,101,spike,0.0,0.25,13,0.3,fpr_owa,1.4423166327854453,1.5394491390162115,1.4096630712143363,2.215127343217554,2.402718544702593,0.8
full_seed101_spike_0p0_noise0p25_s13_a0p3_b0p8,101,spike,0.0,0.25,13,0.3,crp,1.4492908441025174,1.5545400267584244,1.430292656578684,2.231713600125154,2.5510609410608445,0.8
full_seed101_spike_0p0_noise0p25_s5_a0p2_b0p7,101,spike,0.0,0.25,5,0.2,fpr_owa,1.7336143413815548,1.8099001257236491,1.6922920438569655,2.55417172044426,2.7327033676123493,0.7
full_seed101_spike_0p0_noise0p25_s5_a0p2_b0p7,101,spike,0.0,0.25,5,0.2,crp,1.7299966585060598,1.80602551384638,1.6744679092833217,2.580396054162711,2.7327033676123493,0.7
full_seed101_spike_0p0_noise0p25_s5_a0p3_b0p8,101,spike,0.0,0.25,5,0.3,fpr_owa,1.7299506229173902,1.809798933912468,1.6661550456250218,2.56977910378971,2.767724316695624,0.8
full_seed101_spike_0p0_noise0p25_s5_a0p3_b0p8,101,spike,0.0,0.25,5,0.3,crp,1.7294943982864368,1.809381156735658,1.6661550456250218,2.56977910378971,2.767724316695624,0.8
full_seed101_spike_0p0_noise0p25_s9_a0p2_b0p7,101,spike,0.0,0.25,9,0.2,fpr_owa,1.7298027951227697,1.795488778870893,1.6024240184477152,2.4398284480022494,2.632631395399988,0.7
full_seed101_spike_0p0_noise0p25_s9_a0p2_b0p7,101,spike,0.0,0.25,9,0.2,crp,1.737917956124165,1.8031142332079328,1.62155292510189,2.4382238930928506,2.632631395399988,0.7
full_seed101_spike_0p0_noise0p25_s9_a0p3_b0p8,101,spike,0.0,0.25,9,0.3,fpr_owa,1.7256608562942817,1.7990798317672998,1.6358554405371024,2.4886343819454897,2.781453042917504,0.8
full_seed101_spike_0p0_noise0p25_s9_a0p3_b0p8,101,spike,0.0,0.25,9,0.3,crp,1.7270999853753042,1.8013554732723935,1.6219549311018078,2.4886343819454897,2.781453042917504,0.8
full_seed101_spike_0p0_noise0p5_s13_a0p2_b0p7,101,spike,0.0,0.5,13,0.2,fpr_owa,1.2839222170748892,1.3602123416225274,1.240801419563994,2.046768449975125,2.3782249001293287,0.7
full_seed101_spike_0p0_noise0p5_s13_a0p2_b0p7,101,spike,0.0,0.5,13,0.2,crp,1.3469367647989483,1.4410407567103185,1.3081896591059217,2.1695541157352447,2.7972124435405337,0.7
full_seed101_spike_0p0_noise0p5_s13_a0p3_b0p8,101,spike,0.0,0.5,13,0.3,fpr_owa,1.3542700790443412,1.4646362664908377,1.2917001243824369,2.3401931281901307,2.585645126688344,0.8
full_seed101_spike_0p0_noise0p5_s13_a0p3_b0p8,101,spike,0.0,0.5,13,0.3,crp,1.4701580850607432,1.5903970841222617,1.370410747220058,2.443208359256318,2.78431614965397,0.8
full_seed101_spike_0p0_noise0p5_s5_a0p2_b0p7,101,spike,0.0,0.5,5,0.2,fpr_owa,1.709271226509631,1.8044491280747168,1.6461929187271442,2.6895015239178703,3.020868080479137,0.7
full_seed101_spike_0p0_noise0p5_s5_a0p2_b0p7,101,spike,0.0,0.5,5,0.2,crp,1.6977680257380487,1.786412853073899,1.6542219708014434,2.686365356708609,2.939752255011405,0.7
full_seed101_spike_0p0_noise0p5_s5_a0p3_b0p8,101,spike,0.0,0.5,5,0.3,fpr_owa,1.703342370087818,1.80311874125599,1.6345246869770231,2.725174442138963,3.089570498033422,0.8
full_seed101_spike_0p0_noise0p5_s5_a0p3_b0p8,101,spike,0.0,0.5,5,0.3,crp,1.6984713077007167,1.798124387923469,1.6682790141262194,2.714984723815591,3.089570498033422,0.8
full_seed101_spike_0p0_noise0p5_s9_a0p2_b0p7,101,spike,0.0,0.5,9,0.2,fpr_owa,1.70044414129838,1.7783768765686925,1.641228448021633,2.5752813313069827,2.867533613785253,0.7
full_seed101_spike_0p0_noise0p5_s9_a0p2_b0p7,101,spike,0.0,0.5,9,0.2,crp,1.7114156066778192,1.7905355092555717,1.6579063381663528,2.543532151851908,3.006353600128937,0.7
full_seed101_spike_0p0_noise0p5_s9_a0p3_b0p8,101,spike,0.0,0.5,9,0.3,fpr_owa,1.6909088150660572,1.7716248152131142,1.5885115885765302,2.610265449817572,3.033435246204024,0.8
full_seed101_spike_0p0_noise0p5_s9_a0p3_b0p8,101,spike,0.0,0.5,9,0.3,crp,1.7009329545296437,1.782476974830095,1.6270844019495163,2.557419044988671,2.929954053037564,0.8
full_seed101_spike_0p1_noise0p1_s13_a0p2_b0p7,101,spike,0.1,0.1,13,0.2,fpr_owa,1.0904313832876584,1.1358958304480733,1.1033996418899523,1.5976442639919717,1.7056900502596406,0.7
full_seed101_spike_0p1_noise0p1_s13_a0p2_b0p7,101,spike,0.1,0.1,13,0.2,crp,1.136286184171548,1.1872199449826395,1.1421939843666873,1.5700276333316965,1.7056900502596406,0.7
full_seed101_spike_0p1_noise0p1_s13_a0p3_b0p8,101,spike,0.1,0.1,13,0.3,fpr_owa,1.3612052596928612,1.435495821454923,1.348074613276969,2.033270501072068,2.142828786129591,0.8
full_seed101_spike_0p1_noise0p1_s13_a0p3_b0p8,101,spike,0.1,0.1,13,0.3,crp,1.3984083953609698,1.4851191875566163,1.3855193271683046,2.033624496758558,2.142828786129591,0.8
full_seed101_spike_0p1_noise0p1_s5_a0p2_b0p7,101,spike,0.1,0.1,5,0.2,fpr_owa,1.767117669704048,1.8354108405671965,1.6600840900874871,2.4665471628706577,2.623309323256321,0.7
full_seed101_spike_0p1_noise0p1_s5_a0p2_b0p7,101,spike,0.1,0.1,5,0.2,crp,1.7583147492140283,1.8273817930282,1.6580754871331331,2.4777751377541906,2.623309323256321,0.7
full_seed101_spike_0p1_noise0p1_s5_a0p3_b0p8,101,spike,0.1,0.1,5,0.3,fpr_owa,1.7626268134227294,1.838567579606963,1.6659867656620362,2.496622538502625,2.5856445900776754,0.8
full_seed101_spike_0p1_noise0p1_s5_a0p3_b0p8,101,spike,0.1,0.1,5,0.3,crp,1.7563653575760176,1.8335031514088616,1.6530875409769834,2.496879025256148,2.5856445900776754,0.8
full_seed101_spike_0p1_noise0p1_s9_a0p2_b0p7,101,spike,0.1,0.1,9,0.2,fpr_owa,1.7297527411382552,1.777432170774243,1.6469106919237164,2.3911356120579392,2.784630260443404,0.7
full_seed101_spike_0p1_noise0p1_s9_a0p2_b0p7,101,spike,0.1,0.1,9,0.2,crp,1.7707473935640077,1.8247485652803963,1.6409784210119405,2.4194649675442066,2.586173033493206,0.7
full_seed101_spike_0p1_noise0p1_s9_a0p3_b0p8,101,spike,0.1,0.1,9,0.3,fpr_owa,1.7460359098907736,1.8130930137877357,1.6141639016491158,2.4780983731805595,2.539427961443164,0.8
full_seed101_spike_0p1_noise0p1_s9_a0p3_b0p8,101,spike,0.1,0.1,9,0.3,crp,1.7429854568642,1.8182965130320368,1.5952181886515,2.483087558392486,2.596595539416615,0.8
full_seed101_spike_0p1_noise0p25_s13_a0p2_b0p7,101,spike,0.1,0.25,13,0.2,fpr_owa,1.1393628426000275,1.1904312354401256,1.1262025979673025,1.75234456813075,1.93807001433504,0.7
full_seed101_spike_0p1_noise0p25_s13_a0p2_b0p7,101,spike,0.1,0.25,13,0.2,crp,1.1851358609701244,1.2530969154141225,1.1669553200507106,1.7934225174673426,2.1513363446484868,0.7
full_seed101_spike_0p1_noise0p25_s13_a0p3_b0p8,101,spike,0.1,0.25,13,0.3,fpr_owa,1.350805882131734,1.4393777784650668,1.2998548677199278,2.148530051422654,2.348715633380049,0.8
full_seed101_spike_0p1_noise0p25_s13_a0p3_b0p8,101,spike,0.1,0.25,13,0.3,crp,1.3965705389669092,1.506524525335317,1.3856696794344487,2.17382940563787,2.50459491054391,0.8
full_seed101_spike_0p1_noise0p25_s5_a0p2_b0p7,101,spike,0.1,0.25,5,0.2,fpr_owa,1.7336143413815548,1.8099001257236491,1.6922920438569655,2.55417172044426,2.7327033676123493,0.7
full_seed101_spike_0p1_noise0p25_s5_a0p2_b0p7,101,spike,0.1,0.25,5,0.2,crp,1.7299966585060598,1.80602551384638,1.6744679092833217,2.580396054162711,2.7327033676123493,0.7
full_seed101_spike_0p1_noise0p25_s5_a0p3_b0p8,101,spike,0.1,0.25,5,0.3,fpr_owa,1.7299506229173902,1.809798933912468,1.6661550456250218,2.56977910378971,2.767724316695624,0.8
full_seed101_spike_0p1_noise0p25_s5_a0p3_b0p8,101,spike,0.1,0.25,5,0.3,crp,1.7294943982864368,1.809381156735658,1.6661550456250218,2.56977910378971,2.767724316695624,0.8
full_seed101_spike_0p1_noise0p25_s9_a0p2_b0p7,101,spike,0.1,0.25,9,0.2,fpr_owa,1.7025869404538163,1.7629895577487484,1.6001737438600916,2.424243303455671,2.5823984057279774,0.7
full_seed101_spike_0p1_noise0p25_s9_a0p2_b0p7,101,spike,0.1,0.25,9,0.2,crp,1.7473612671561858,1.8123574716239812,1.687532033018432,2.4394943059077927,2.6408013915570794,0.7
full_seed101_spike_0p1_noise0p25_s9_a0p3_b0p8,101,spike,0.1,0.25,9,0.3,fpr_owa,1.721101525250181,1.793210039287365,1.611748537758249,2.453655764154209,2.671886585904733,0.8
full_seed101_spike_0p1_noise0p25_s9_a0p3_b0p8,101,spike,0.1,0.25,9,0.3,crp,1.7233237594596065,1.79807811699985,1.6085728558567252,2.4958493645238704,2.717469723365046,0.8
full_seed101_spike_0p1_noise0p5_s13_a0p2_b0p7,101,spike,0.1,0.5,13,0.2,fpr_owa,1.199639284735181,1.2704971608922797,1.162675927993678,1.910138023729838,2.221630566581403,0.7
full_seed101_spike_0p1_noise0p5_s13_a0p2_b0p7,101,spike,0.1,0.5,13,0.2,crp,1.3163733920995304,1.4106215994743927,1.2646091631430083,2.1380730022604064,2.7972124435405337,0.7
full_seed101_spike_0p1_noise0p5_s13_a0p3_b0p8,101,spike,0.1,0.5,13,0.3,fpr_owa,1.2990089882148288,1.3984130084914,1.257067541520629,2.1832560456368992,2.4987166291150835,0.8
full_seed101_spike_0p1_noise0p5_s13_a0p3_b0p8,101,spike,0.1,0.5,13,0.3,crp,1.4389699221522296,1.5642707862280072,1.356444204532968,2.378358725182505,2.774326123025368,0.8
full_seed101_spike_0p1_noise0p5_s5_a0p2_b0p7,101,spike,0.1,0.5,5,0.2,fpr_owa,1.709271226509631,1.8044491280747168,1.6461929187271442,2.6895015239178703,3.020868080479137,0.7
full_seed101_spike_0p1_noise0p5_s5_a0p2_b0p7,101,spike,0.1,0.5,5,0.2,crp,1.6977680257380487,1.786412853073899,1.6542219708014434,2.686365356708609,2.939752255011405,0.7
full_seed101_spike_0p1_noise0p5_s5_a0p3_b0p8,101,spike,0.1,0.5,5,0.3,fpr_owa,1.703342370087818,1.80311874125599,1.6345246869770231,2.725174442138963,3.089570498033422,0.8
full_seed101_spike_0p1_noise0p5_s5_a0p3_b0p8,101,spike,0.1,0.5,5,0.3,crp,1.6984713077007167,1.798124387923469,1.6682790141262194,2.714984723815591,3.089570498033422,0.8
full_seed101_spike_0p1_noise0p5_s9_a0p2_b0p7,101,spike,0.1,0.5,9,0.2,fpr_owa,1.687171351896683,1.7596474843613823,1.6322552771562626,2.4746275132021185,2.814914089196752,0.7
full_seed101_spike_0p1_noise0p5_s9_a0p2_b0p7,101,spike,0.1,0.5,9,0.2,crp,1.7214115881398595,1.8022349429033135,1.6994586873629842,2.5837127681065004,3.083724716683361,0.7
full_seed101_spike_0p1_noise0p5_s9_a0p3_b0p8,101,spike,0.1,0.5,9,0.3,fpr_owa,1.6988109206161668,1.7791238553590552,1.6239146815774164,2.6097539289207687,2.899386382569466,0.8
full_seed101_spike_0p1_noise0p5_s9_a0p3_b0p8,101,spike,0.1,0.5,9,0.3,crp,1.7131631280081148,1.796598355208202,1.663839619941322,2.592093612647008,2.9902630368716845,0.8
full_seed101_spike_0p2_noise0p1_s13_a0p2_b0p7,101,spike,0.2,0.1,13,0.2,fpr_owa,0.9686723259359956,1.078774390766109,1.0217913062282509,1.603376899036027,1.7056900502596406,0.7
full_seed101_spike_0p2_noise0p1_s13_a0p2_b0p7,101,spike,0.2,0.1,13,0.2,crp,0.9440586325075354,1.0282211413486069,0.954652920421343,1.5542919754586515,1.7056900502596406,0.7
full_seed101_spike_0p2_noise0p1_s13_a0p3_b0p8,101,spike,0.2,0.1,13,0.3,fpr_owa,1.1988032691088055,1.2924648767630422,1.14456561512957,2.033270501072068,2.142828786129591,0.8
full_seed101_spike_0p2_noise0p1_s13_a0p3_b0p8,101,spike,0.2,0.1,13,0.3,crp,1.0003379932366483,1.1800519154503937,0.9675276923108193,2.00664658196328,2.142828786129591,0.8
full_seed101_spike_0p2_noise0p1_s5_a0p2_b0p7,101,spike,0.2,0.1,5,0.2,fpr_owa,1.756449512989061,1.8204809564144704,1.6601332138492293,2.4664855448407006,2.623309323256321,0.7
full_seed101_spike_0p2_noise0p1_s5_a0p2_b0p7,101,spike,0.2,0.1,5,0.2,crp,1.7505142780882126,1.825758769636718,1.6592904324869235,2.510414560901086,2.684404463869879,0.7
full_seed101_spike_0p2_noise0p1_s5_a0p3_b0p8,101,spike,0.2,0.1,5,0.3,fpr_owa,1.7539696578258652,1.822992109066496,1.646020178650197,2.496622538502625,2.5856445900776754,0.8
full_seed101_spike_0p2_noise0p1_s5_a0p3_b0p8,101,spike,0.2,0.1,5,0.3,crp,1.7530546422887403,1.83404387852827,1.6624907150711332,2.533564838037124,2.7177483177364645,0.8
full_seed101_spike_0p2_noise0p1_s9_a0p2_b0p7,101,spike,0.2,0.1,9,0.2,fpr_owa,1.575004098239091,1.6406700801628382,1.4821580262658434,2.3802103808800967,2.504841460449386,0.7
full_seed101_spike_0p2_noise0p1_s9_a0p2_b0p7,101,spike,0.2,0.1,9,0.2,crp,1.7694622321896682,1.822629646669476,1.677123382830099,2.430813944509182,2.586173033493206,0.7
full_seed101_spike_0p2_noise0p1_s9_a0p3_b0p8,101,spike,0.2,0.1,9,0.3,fpr_owa,1.698556402492857,1.7597413484482674,1.6160641797705488,2.4709163614723675,2.539427961443164,0.8
full_seed101_spike_0p2_noise0p1_s9_a0p3_b0p8,101,spike,0.2,0.1,9,0.3,crp,1.7434059363611225,1.817902351422376,1.6349138958350522,2.483087558392486,2.705140084821005,0.8
full_seed101_spike_0p2_noise0p25_s13_a0p2_b0p7,101,spike,0.2,0.25,13,0.2,fpr_owa,0.984471482973881,1.0973872125311923,1.0158812135480202,1.7598254080356173,1.93807001433504,0.7
full_seed101_spike_0p2_noise0p25_s13_a0p2_b0p7,101,spike,0.2,0.25,13,0.2,crp,1.0486099744760895,1.137821509430762,1.0355282323264634,1.7166123412653762,2.1513363446484868,0.7
full_seed101_spike_0p2_noise0p25_s13_a0p3_b0p8,101,spike,0.2,0.25,13,0.3,fpr_owa,1.1808432496057155,1.2820264771592145,1.0935207085800058,2.148530051422654,2.348715633380049,0.8
full_seed101_spike_0p2_noise0p25_s13_a0p3_b0p8,101,spike,0.2,0.25,13,0.3,crp,1.1414740940002812,1.2976104063410747,1.0927652558517784,2.1515412345496805,2.50459491054391,0.8
full_seed101_spike_0p2_noise0p25_s5_a0p2_b0p7,101,spike,0.2,0.25,5,0.2,fpr_owa,1.740732122315512,1.8127467362749727,1.6812231088016245,2.5075184816883813,2.788694263508119,0.7
full_seed101_spike_0p2_noise0p25_s5_a0p2_b0p7,101,spike,0.2,0.25,5,0.2,crp,1.7234053443405173,1.8010695073760743,1.6721436384764217,2.551753425753839,2.713322161879084,0.7
full_seed101_spike_0p2_noise0p25_s5_a0p3_b0p8,101,spike,0.2,0.25,5,0.3,fpr_owa,1.734795640530509,1.807504435272912,1.6325889233925834,2.536124814026792,2.767724316695624,0.8
full_seed101_spike_0p2_noise0p25_s5_a0p3_b0p8,101,spike,0.2,0.25,5,0.3,crp,1.726800833297305,1.8071515701449443,1.6678480317974596,2.563245705351806,2.767724316695624,0.8
full_seed101_spike_0p2_noise0p25_s9_a0p2_b0p7,101,spike,0.2,0.25,9,0.2,fpr_owa,1.5677244317430563,1.6408627139181555,1.497138886836325,2.3929087451608235,2.5823984057279774,0.7
full_seed101_spike_0p2_noise0p25_s9_a0p2_b0p7,101,spike,0.2,0.25,9,0.2,crp,1.7511727812543114,1.8183897016916264,1.6808887300962634,2.480660485880552,2.860812493993147,0.7
full_seed101_spike_0p2_noise0p25_s9_a0p3_b0p8,101,spike,0.2,0.25,9,0.3,fpr_owa,1.6805849678653983,1.7484072281542682,1.6085728558567252,2.430814890563829,2.671886585904733,0.8
full_seed101_spike_0p2_noise0p25_s9_a0p3_b0p8,101,spike,0.2,0.25,9,0.3,crp,1.718763300264858,1.793925531358968,1.63430107604754,2.501351073676701,2.78689095783464,0.8
full_seed101_spike_0p2_noise0p5_s13_a0p2_b0p7,101,spike,0.2,0.5,13,0.2,fpr_owa,0.9982384203472447,1.128924061469562,0.980916467512465,1.87141860664764,2.221630566581403,0.7
full_seed101_spike_0p2_noise0p5_s13_a0p2_b0p7,101,spike,0.2,0.5,13,0.2,crp,1.1846501942976913,1.2961475273183714,1.1390200811739557,2.0797034837339923,2.7972124435405337,0.7
full_seed101_spike_0p2_noise0p5_s13_a0p3_b0p8,101,spike,0.2,0.5,13,0.3,fpr_owa,1.136359595716482,1.241388992449247,1.052994917343086,2.102321392168533,2.4987166291150835,0.8
full_seed101_spike_0p2_noise0p5_s13_a0p3_b0p8,101,spike,0.2,0.5,13,0.3,crp,1.2683061554606174,1.4211838753042385,1.170313184805109,2.341041397953824,2.774326123025368,0.8
full_seed101_spike_0p2_noise0p5_s5_a0p2_b0p7,101,spike,0.2,0.5,5,0.2,fpr_owa,1.7292842287816188,1.8217050434959443,1.6387613942309145,2.6893682887909023,3.0903206362158557,0.7
full_seed101_spike_0p2_noise0p5_s5_a0p2_b0p7,101,spike,0.2,0.5,5,0.2,crp,1.7056492105609948,1.7969409135130112,1.6542219708014434,2.6862634164945,3.0903206362158557,0.7
full_seed101_spike_0p2_noise0p5_s5_a0p3_b0p8,101,spike,0.2,0.5,5,0.3,fpr_owa,1.7229147502152826,1.81588424446382,1.6527766172798972,2.70287780136473,3.089570498033422,0.8
full_seed101_spike_0p2_noise0p5_s5_a0p3_b0p8,101,spike,0.2,0.5,5,0.3,crp,1.7062082784046144,1.8067491567253413,1.678508406780762,2.714984723815591,3.089570498033422,0.8
full_seed101_spike_0p2_noise0p5_s9_a0p2_b0p7,101,spike,0.2,0.5,9,0.2,fpr_owa,1.550601575504324,1.639758909506286,1.503166122161443,2.4298110308568046,2.7704657387066534,0.7
full_seed101_spike_0p2_noise0p5_s9_a0p2_b0p7,101,spike,0.2,0.5,9,0.2,crp,1.7171501607292,1.8012249697137492,1.6814417032277755,2.6164729147406374,3.083724716683361,0.7
full_seed101_spike_0p2_noise0p5_s9_a0p3_b0p8,101,spike,0.2,0.5,9,0.3,fpr_owa,1.6591978546966002,1.7362562272883757,1.571148724148809,2.5072943102466114,2.899386382569466,0.8
full_seed101_spike_0p2_noise0p5_s9_a0p3_b0p8,101,spike,0.2,0.5,9,0.3,crp,1.70805875692275,1.792934275330055,1.6455608701489175,2.602312540004846,2.9902630368716845,0.8
full_seed101_spike_0p3_noise0p1_s13_a0p2_b0p7,101,spike,0.3,0.1,13,0.2,fpr_owa,0.908758630500208,1.0712544536079294,0.9580203683829012,1.7152212282113093,2.2707500701368453,0.7
full_seed101_spike_0p3_noise0p1_s13_a0p2_b0p7,101,spike,0.3,0.1,13,0.2,crp,0.9535471427670756,1.024105211256196,0.9599947881263242,1.5421788725372008,1.7056900502596406,0.7
full_seed101_spike_0p3_noise0p1_s13_a0p3_b0p8,101,spike,0.3,0.1,13,0.3,fpr_owa,1.1715582187585971,1.2798493661606511,1.1591038576853443,2.033270501072068,2.142828786129591,0.8
full_seed101_spike_0p3_noise0p1_s13_a0p3_b0p8,101,spike,0.3,0.1,13,0.3,crp,0.950818396829498,1.1437892268435463,0.8736664477568706,2.00664658196328,2.142828786129591,0.8
full_seed101_spike_0p3_noise0p1_s5_a0p2_b0p7,101,spike,0.3,0.1,5,0.2,fpr_owa,2.0459419884601413,2.4071527746269226,1.6078917213798545,5.135516262910099,5.626207328122884,0.7
full_seed101_spike_0p3_noise0p1_s5_a0p2_b0p7,101,spike,0.3,0.1,5,0.2,crp,1.7520859226616703,1.844072654626573,1.6243971092666003,2.486224603913597,5.167322851457397,0.7
full_seed101_spike_0p3_noise0p1_s5_a0p3_b0p8,101,spike,0.3,0.1,5,0.3,fpr_owa,1.6181612637435088,1.896994180213152,1.4794644924972502,3.5865057655641706,4.070792767508662,0.8
full_seed101_spike_0p3_noise0p1_s5_a0p3_b0p8,101,spike,0.3,0.1,5,0.3,crp,1.7194105434596625,1.819391798929686,1.6530875409769834,2.522460428344258,3.7593513832411176,0.8
full_seed101_spike_0p3_noise0p1_s9_a0p2_b0p7,101,spike,0.3,0.1,9,0.2,fpr_owa,1.6402008821140446,1.9118173504167264,1.4732970389822817,3.6446949557966457,3.9307801138464495,0.7
full_seed101_spike_0p3_noise0p1_s9_a0p2_b0p7,101,spike,0.3,0.1,9,0.2,crp,1.7718489955852863,1.8273723769375152,1.6746492796612016,2.426781623804884,2.689512494084137,0.7
full_seed101_spike_0p3_noise0p1_s9_a0p3_b0p8,101,spike,0.3,0.1,9,0.3,fpr_owa,1.5452233618090443,1.64595162598624,1.4223519943131784,2.4780983731805595,2.539427961443164,0.8
full_seed101_spike_0p3_noise0p1_s9_a0p3_b0p8,101,spike,0.3,0.1,9,0.3,crp,1.7340179184529352,1.8082305490080184,1.6066528986338084,2.486817504312558,2.6722392718954056,0.8
full_seed101_spike_0p3_noise0p25_s13_a0p2_b0p7,101,spike,0.3,0.25,13,0.2,fpr_owa,0.9284761288855344,1.0946526087715427,0.9125193673306508,1.8530652670268304,2.303884075538191,0.7
full_seed101_spike_0p3_noise0p25_s13_a0p2_b0p7,101,spike,0.3,0.25,13,0.2,crp,0.963635095047716,1.0627346487058866,0.9475344008262904,1.7119341260111434,2.1513363446484868,0.7
full_seed101_spike_0p3_noise0p25_s13_a0p3_b0p8,101,spike,0.3,0.25,13,0.3,fpr_owa,1.1337537056167593,1.2556500746246937,1.035609139710229,2.148530051422654,2.348715633380049,0.8
full_seed101_spike_0p3_noise0p25_s13_a0p3_b0p8,101,spike,0.3,0.25,13,0.3,crp,0.9976345839923726,1.1968600075848703,0.9477303173506428,2.139302023014467,2.50459491054391,0.8
full_seed101_spike_0p3_noise0p25_s5_a0p2_b0p7,101,spike,0.3,0.25,5,0.2,fpr_owa,2.021872989469783,2.3904440014619457,1.6536469703547672,5.121546095075531,5.693539085285035,0.7
full_seed101_spike_0p3_noise0p25_s5_a0p2_b0p7,101,spike,0.3,0.25,5,0.2,crp,1.7933618494303285,1.957559639655772,1.5953916774941097,2.627186366522552,5.633546992237712,0.7
full_seed101_spike_0p3_noise0p25_s5_a0p3_b0p8,101,spike,0.3,0.25,5,0.3,fpr_owa,1.5972141553652213,1.880408120243552,1.4562351070157438,3.57719533071889,4.156559521571116,0.8
full_seed101_spike_0p3_noise0p25_s5_a0p3_b0p8,101,spike,0.3,0.25,5,0.3,crp,1.6791943775773843,1.8168820815395927,1.603219463402502,2.6787990614620814,4.156559521571116,0.8
full_seed101_spike_0p3_noise0p25_s9_a0p2_b0p7,101,spike,0.3,0.25,9,0.2,fpr_owa,1.5885343402690189,1.8683830229838445,1.470904606170249,3.61385284750245,4.036525414909954,0.7
full_seed101_spike_0p3_noise0p25_s9_a0p2_b0p7,101,spike,0.3,0.25,9,0.2,crp,1.7441378678211492,1.815759478885544,1.6808887300962634,2.5259979945318145,2.860812493993147,0.7
full_seed101_spike_0p3_noise0p25_s9_a0p3_b0p8,101,spike,0.3,0.25,9,0.3,fpr_owa,1.5313625864031193,1.6327335988929232,1.4895592896427572,2.4429859561373783,2.671886585904733,0.8
full_seed101_spike_0p3_noise0p25_s9_a0p3_b0p8,101,spike,0.3,0.25,9,0.3,crp,1.7144921051977582,1.7927127567200762,1.6131542273890551,2.501113874535684,2.78689095783464,0.8
full_seed101_spike_0p3_noise0p5_s13_a0p2_b0p7,101,spike,0.3,0.5,13,0.2,fpr_owa,1.005988138693593,1.153894062959404,0.9641144569050633,2.0469385824003457,2.5819927736053674,0.7
full_seed101_spike_0p3_noise0p5_s13_a0p2_b0p7,101,spike,0.3,0.5,13,0.2,crp,1.095822640107163,1.2270887011504448,1.030983429304266,2.0664606006812205,2.7972124435405337,0.7
full_seed101_spike_0p3_noise0p5_s13_a0p3_b0p8,101,spike,0.3,0.5,13,0.3,fpr_owa,1.0490106071330876,1.18087304758572,0.931829131677357,2.102321392168533,2.4987166291150835,0.8
full_seed101_spike_0p3_noise0p5_s13_a0p3_b0p8,101,spike,0.3,0.5,13,0.3,crp,1.1579784037435417,1.3331753144529812,1.082736225430247,2.297635331528848,2.774326123025368,0.8
full_seed101_spike_0p3_noise0p5_s5_a0p2_b0p7,101,spike,0.3,0.5,5,0.2,fpr_owa,2.0467451097848413,2.44836115009798,1.6747341705826233,5.022446117279388,5.951720005016817,0.7
full_seed101_spike_0p3_noise0p5_s5_a0p2_b0p7,101,spike,0.3,0.5,5,0.2,crp,1.8672887795949829,2.146995593646124,1.6480402712409,4.5965072669299385,5.793404584046572,0.7
full_seed101_spike_0p3_noise0p5_s5_a0p3_b0p8,101,spike,0.3,0.5,5,0.3,fpr_owa,1.644837364906066,1.932562854545384,1.5261868228243165,3.5650925124755184,4.299504111675206,0.8
full_seed101_spike_0p3_noise0p5_s5_a0p3_b0p8,101,spike,0.3,0.5,5,0.3,crp,1.6424137922248745,1.846319772298683,1.6214072159927326,3.053766013508137,4.299504111675206,0.8
full_seed101_spike_0p3_noise0p5_s9_a0p2_b0p7,101,spike,0.3,0.5,9,0.2,fpr_owa,1.4972867176329316,1.7945591559646732,1.413419234751353,3.615478771739668,4.286109667671558,0.7
full_seed101_spike_0p3_noise0p5_s9_a0p2_b0p7,101,spike,0.3,0.5,9,0.2,crp,1.69814025913412,1.786576420522764,1.68767054167343,2.601494760333829,3.083724716683361,0.7
full_seed101_spike_0p3_noise0p5_s9_a0p3_b0p8,101,spike,0.3,0.5,9,0.3,fpr_owa,1.4891988084509369,1.6093997247660683,1.4861773459107068,2.579743932084135,2.899386382569466,0.8
full_seed101_spike_0p3_noise0p5_s9_a0p3_b0p8,101,spike,0.3,0.5,9,0.3,crp,1.7084252987369444,1.7927173373374312,1.6692521132940157,2.603156105934595,2.9902630368716845,0.8
full_seed101_spike_0p4_noise0p1_s13_a0p2_b0p7,101,spike,0.4,0.1,13,0.2,fpr_owa,1.1731733608928594,1.286531158727583,1.1380980123200022,1.7627266553267704,3.6592664361812335,0.7
full_seed101_spike_0p4_noise0p1_s13_a0p2_b0p7,101,spike,0.4,0.1,13,0.2,crp,0.8596520637599799,0.9651330185129504,0.8371126763001377,1.5421788725372008,1.7056900502596406,0.7
full_seed101_spike_0p4_noise0p1_s13_a0p3_b0p8,101,spike,0.4,0.1,13,0.3,fpr_owa,1.008080980427103,1.2083419007608844,1.0445932384727905,2.033270501072068,2.142828786129591,0.8
full_seed101_spike_0p4_noise0p1_s13_a0p3_b0p8,101,spike,0.4,0.1,13,0.3,crp,0.8750261813092275,1.1241636718758958,0.8736664477568706,2.00664658196328,2.142828786129591,0.8
full_seed101_spike_0p4_noise0p1_s5_a0p2_b0p7,101,spike,0.4,0.1,5,0.2,fpr_owa,2.0459419884601413,2.4071527746269226,1.6078917213798545,5.135516262910099,5.626207328122884,0.7
full_seed101_spike_0p4_noise0p1_s5_a0p2_b0p7,101,spike,0.4,0.1,5,0.2,crp,1.7520859226616703,1.844072654626573,1.6243971092666003,2.486224603913597,5.167322851457397,0.7
full_seed101_spike_0p4_noise0p1_s5_a0p3_b0p8,101,spike,0.4,0.1,5,0.3,fpr_owa,1.6181612637435088,1.896994180213152,1.4794644924972502,3.5865057655641706,4.070792767508662,0.8
full_seed101_spike_0p4_noise0p1_s5_a0p3_b0p8,101,spike,0.4,0.1,5,0.3,crp,1.7194105434596625,1.819391798929686,1.6530875409769834,2.522460428344258,3.7593513832411176,0.8
full_seed101_spike_0p4_noise0p1_s9_a0p2_b0p7,101,spike,0.4,0.1,9,0.2,fpr_owa,2.09589847518854,2.383290215995596,1.781420467234596,5.093764839986918,5.713800867326333,0.7
full_seed101_spike_0p4_noise0p1_s9_a0p2_b0p7,101,spike,0.4,0.1,9,0.2,crp,1.7725821404939577,1.8263199680048483,1.695127704900051,2.4565754663298187,2.705279953211774,0.7
full_seed101_spike_0p4_noise0p1_s9_a0p3_b0p8,101,spike,0.4,0.1,9,0.3,fpr_owa,1.6837510741887791,1.9439707060016675,1.4003044812509025,3.823144383200474,4.2081345267659,0.8
full_seed101_spike_0p4_noise0p1_s9_a0p3_b0p8,101,spike,0.4,0.1,9,0.3,crp,1.7365572320329088,1.8074112243079057,1.654006353899125,2.487362134773957,2.665826951379208,0.8
full_seed101_spike_0p4_noise0p25_s13_a0p2_b0p7,101,spike,0.4,0.25,13,0.2,fpr_owa,1.2329987118473371,1.3576542149181148,1.1807419393093617,1.879621337195264,3.616186541141568,0.7
full_seed101_spike_0p4_noise0p25_s13_a0p2_b0p7,101,spike,0.4,0.25,13,0.2,crp,0.8732046692534319,1.0061304729549028,0.8560203343851533,1.6606345162497265,2.1513363446484868,0.7
full_seed101_spike_0p4_noise0p25_s13_a0p3_b0p8,101,spike,0.4,0.25,13,0.3,fpr_owa,1.005449069410621,1.205386777337483,0.96593754473623,2.148530051422654,2.348715633380049,0.8
full_seed101_spike_0p4_noise0p25_s13_a0p3_b0p8,101,spike,0.4,0.25,13,0.3,crp,0.9051718595309152,1.14941496554503,0.8530135635234131,2.118515245219286,2.50459491054391,0.8
full_seed101_spike_0p4_noise0p25_s5_a0p2_b0p7,101,spike,0.4,0.25,5,0.2,fpr_owa,2.021872989469783,2.3904440014619457,1.6536469703547672,5.121546095075531,5.693539085285035,0.7
full_seed101_spike_0p4_noise0p25_s5_a0p2_b0p7,101,spike,0.4,0.25,5,0.2,crp,1.7933618494303285,1.957559639655772,1.5953916774941097,2.627186366522552,5.633546992237712,0.7
full_seed101_spike_0p4_noise0p25_s5_a0p3_b0p8,101,spike,0.4,0.25,5,0.3,fpr_owa,1.5972141553652213,1.880408120243552,1.4562351070157438,3.57719533071889,4.156559521571116,0.8
full_seed101_spike_0p4_noise0p25_s5_a0p3_b0p8,101,spike,0.4,0.25,5,0.3,crp,1.6791943775773843,1.8168820815395927,1.603219463402502,2.6787990614620814,4.156559521571116,0.8
full_seed101_spike_0p4_noise0p25_s9_a0p2_b0p7,101,spike,0.4,0.25,9,0.2,fpr_owa,2.040055339476022,2.316096586351787,1.782270683992346,5.107888015689171,5.73233627424653,0.7
full_seed101_spike_0p4_noise0p25_s9_a0p2_b0p7,101,spike,0.4,0.25,9,0.2,crp,1.72898129319344,1.7993643145395966,1.691455391883773,2.528856577560747,2.894492674984795,0.7
full_seed101_spike_0p4_noise0p25_s9_a0p3_b0p8,101,spike,0.4,0.25,9,0.3,fpr_owa,1.6066998627253288,1.86968330703488,1.4306043652196496,3.651166781947001,4.215254162554864,0.8
full_seed101_spike_0p4_noise0p25_s9_a0p3_b0p8,101,spike,0.4,0.25,9,0.3,crp,1.7253962896073376,1.8006003590539117,1.6540704429057185,2.5209081781394653,2.8202416148195733,0.8
full_seed101_spike_0p4_noise0p5_s13_a0p2_b0p7,101,spike,0.4,0.5,13,0.2,fpr_owa,1.281554953438232,1.4180704319066524,1.240801419563994,2.2227643732483915,3.874878651481953,0.7
full_seed101_spike_0p4_noise0p5_s13_a0p2_b0p7,101,spike,0.4,0.5,13,0.2,crp,1.012363238063256,1.1685774449872155,0.9801091440875906,2.064033858353083,2.7972124435405337,0.7
full_seed101_spike_0p4_noise0p5_s13_a0p3_b0p8,101,spike,0.4,0.5,13,0.3,fpr_owa,0.970105687074511,1.1546983903071135,0.8936647308431089,2.1143885730975764,2.4987166291150835,0.8
full_seed101_spike_0p4_noise0p5_s13_a0p3_b0p8,101,spike,0.4,0.5,13,0.3,crp,1.0496203409835962,1.254732935165931,0.9767817466324796,2.29589690266886,2.774326123025368,0.8
full_seed101_spike_0p4_noise0p5_s5_a0p2_b0p7,101,spike,0.4,0.5,5,0.2,fpr_owa,2.0467451097848413,2.44836115009798,1.6747341705826233,5.022446117279388,5.951720005016817,0.7
full_seed101_spike_0p4_noise0p5_s5_a0p2_b0p7,101,spike,0.4,0.5,5,0.2,crp,1.8672887795949829,2.146995593646124,1.6480402712409,4.5965072669299385,5.793404584046572,0.7
full_seed101_spike_0p4_noise0p5_s5_a0p3_b0p8,101,spike,0.4,0.5,5,0.3,fpr_owa,1.644837364906066,1.932562854545384,1.5261868228243165,3.5650925124755184,4.299504111675206,0.8
full_seed101_spike_0p4_noise0p5_s5_a0p3_b0p8,101,spike,0.4,0.5,5,0.3,crp,1.6424137922248745,1.846319772298683,1.6214072159927326,3.053766013508137,4.299504111675206,0.8
full_seed101_spike_0p4_noise0p5_s9_a0p2_b0p7,101,spike,0.4,0.5,9,0.2,fpr_owa,1.997705203764924,2.2715414679604766,1.7605657821367622,4.836707880314188,5.964876810743219,0.7
full_seed101_spike_0p4_noise0p5_s9_a0p2_b0p7,101,spike,0.4,0.5,9,0.2,crp,1.768992318676308,1.922030476354096,1.6902238275005017,2.653635465198741,5.964876810743219,0.7
full_seed101_spike_0p4_noise0p5_s9_a0p3_b0p8,101,spike,0.4,0.5,9,0.3,fpr_owa,1.6010360637098644,1.8634163779983448,1.460571853334918,3.438855863310128,4.376370324727915,0.8
full_seed101_spike_0p4_noise0p5_s9_a0p3_b0p8,101,spike,0.4,0.5,9,0.3,crp,1.7174402541706244,1.8362904291342983,1.6592172528623856,2.6434778591375947,4.376370324727915,0.8
full_seed11_bias_0p0_noise0p1_s13_a0p2_b0p7,11,bias,0.0,0.1,13,0.2,fpr_owa,1.2030380377571297,1.251722441779351,1.2026784507458006,1.6480635543117987,1.7018842003615893,0.7
full_seed11_bias_0p0_noise0p1_s13_a0p2_b0p7,11,bias,0.0,0.1,13,0.2,crp,1.1923016131032595,1.241650456299564,1.1996809234949923,1.6368566356805183,1.7018842003615893,0.7
full_seed11_bias_0p0_noise0p1_s13_a0p3_b0p8,11,bias,0.0,0.1,13,0.3,fpr_owa,1.4692993938784018,1.5449144247902484,1.433608269751376,2.093640686237393,2.1531616283456394,0.8
full_seed11_bias_0p0_noise0p1_s13_a0p3_b0p8,11,bias,0.0,0.1,13,0.3,crp,1.4580278010339904,1.5359058631298863,1.433608269751376,2.075424891678821,2.145463900501399,0.8
full_seed11_bias_0p0_noise0p1_s5_a0p2_b0p7,11,bias,0.0,0.1,5,0.2,fpr_owa,1.7641788435487618,1.8344957748451296,1.6378153881221,2.480498620302904,2.605539676523132,0.7
full_seed11_bias_0p0_noise0p1_s5_a0p2_b0p7,11,bias,0.0,0.1,5,0.2,crp,1.7595234470387051,1.830669539154783,1.6378153881221,2.4811078752419355,2.616528232453659,0.7
full_seed11_bias_0p0_noise0p1_s5_a0p3_b0p8,11,bias,0.0,0.1,5,0.3,fpr_owa,1.774467932880156,1.850312605071101,1.6740220907729897,2.48608007812878,2.5953096084478187,0.8
full_seed11_bias_0p0_noise0p1_s5_a0p3_b0p8,11,bias,0.0,0.1,5,0.3,crp,1.771307045375303,1.8484151901269616,1.6740220907729897,2.487659601064231,2.627800092357878,0.8
full_seed11_bias_0p0_noise0p1_s9_a0p2_b0p7,11,bias,0.0,0.1,9,0.2,fpr_owa,1.76382617176232,1.818790851360434,1.646441406201646,2.403961893301196,2.574826357871061,0.7
full_seed11_bias_0p0_noise0p1_s9_a0p2_b0p7,11,bias,0.0,0.1,9,0.2,crp,1.7692191663261745,1.825668705284049,1.6437998973188763,2.4216211084042825,2.574826357871061,0.7
full_seed11_bias_0p0_noise0p1_s9_a0p3_b0p8,11,bias,0.0,0.1,9,0.3,fpr_owa,1.7391030676721655,1.8148932617376512,1.576794331174129,2.4696643260282585,2.5362443408446937,0.8
full_seed11_bias_0p0_noise0p1_s9_a0p3_b0p8,11,bias,0.0,0.1,9,0.3,crp,1.7391920595163377,1.8156560688906616,1.5763991150932015,2.4829934201363586,2.5416533859161623,0.8
full_seed11_bias_0p0_noise0p25_s13_a0p2_b0p7,11,bias,0.0,0.25,13,0.2,fpr_owa,1.2367405563130776,1.2975391058372567,1.231759497280631,1.7918660933805393,1.9569972867118044,0.7
full_seed11_bias_0p0_noise0p25_s13_a0p2_b0p7,11,bias,0.0,0.25,13,0.2,crp,1.2432274408195605,1.3064400011271446,1.2484342887483248,1.83526605124412,2.15618531726692,0.7
full_seed11_bias_0p0_noise0p25_s13_a0p3_b0p8,11,bias,0.0,0.25,13,0.3,fpr_owa,1.4406965827838207,1.5385127187146916,1.3426406936018875,2.1780674388216434,2.3214884090002728,0.8
full_seed11_bias_0p0_noise0p25_s13_a0p3_b0p8,11,bias,0.0,0.25,13,0.3,crp,1.4532316054228362,1.5544980511208073,1.4085075228257011,2.205769011537331,2.4259092759061747,0.8
full_seed11_bias_0p0_noise0p25_s5_a0p2_b0p7,11,bias,0.0,0.25,5,0.2,fpr_owa,1.768739992363102,1.8408338656066765,1.6648480772683014,2.521330051813962,2.8249633333898125,0.7
full_seed11_bias_0p0_noise0p25_s5_a0p2_b0p7,11,bias,0.0,0.25,5,0.2,crp,1.772498896996404,1.8455890200440888,1.6648480772683014,2.5516486310132764,2.796271661390479,0.7
full_seed11_bias_0p0_noise0p25_s5_a0p3_b0p8,11,bias,0.0,0.25,5,0.3,fpr_owa,1.7807210666317297,1.853421338503683,1.700543780777097,2.5455608840162336,2.780508180814264,0.8
full_seed11_bias_0p0_noise0p25_s5_a0p3_b0p8,11,bias,0.0,0.25,5,0.3,crp,1.781535411235672,1.8552182511234132,1.694669890884244,2.557545477919508,2.8182343888801613,0.8
full_seed11_bias_0p0_noise0p25_s9_a0p2_b0p7,11,bias,0.0,0.25,9,0.2,fpr_owa,1.7461352404491015,1.8089103731019336,1.645012760945749,2.447591344300196,2.526468902583454,0.7
full_seed11_bias_0p0_noise0p25_s9_a0p2_b0p7,11,bias,0.0,0.25,9,0.2,crp,1.754017242317624,1.8180476972437611,1.678722815176287,2.453444355782547,2.6612725501849623,0.7
full_seed11_bias_0p0_noise0p25_s9_a0p3_b0p8,11,bias,0.0,0.25,9,0.3,fpr_owa,1.7255843389288017,1.797624491851203,1.630210464348906,2.4853318189876945,2.5830073309369843,0.8
full_seed11_bias_0p0_noise0p25_s9_a0p3_b0p8,11,bias,0.0,0.25,9,0.3,crp,1.734677598816461,1.8071715116155955,1.642564733615625,2.482625462652478,2.6907313255960936,0.8
full_seed11_bias_0p0_noise0p5_s13_a0p2_b0p7,11,bias,0.0,0.5,13,0.2,fpr_owa,1.2941491831629997,1.3694718070207743,1.2970916190651125,1.979666615836429,2.2904240069420423,0.7
full_seed11_bias_0p0_noise0p5_s13_a0p2_b0p7,11,bias,0.0,0.5,13,0.2,crp,1.3674282165417782,1.450480036608163,1.325280272641736,2.138401466959279,2.437295699125634,0.7
full_seed11_bias_0p0_noise0p5_s13_a0p3_b0p8,11,bias,0.0,0.5,13,0.3,fpr_owa,1.3879873128426703,1.4873215954875596,1.3082925736137798,2.2245555160048647,2.5341441719155235,0.8
full_seed11_bias_0p0_noise0p5_s13_a0p3_b0p8,11,bias,0.0,0.5,13,0.3,crp,1.473180330623073,1.5808437361602397,1.4048842435478974,2.3993470548189246,2.5575828732332195,0.8
full_seed11_bias_0p0_noise0p5_s5_a0p2_b0p7,11,bias,0.0,0.5,5,0.2,fpr_owa,1.7926018622007016,1.87783469716562,1.7723700273181024,2.684271847491995,3.190669428167615,0.7
full_seed11_bias_0p0_noise0p5_s5_a0p2_b0p7,11,bias,0.0,0.5,5,0.2,crp,1.7855667999347693,1.866313238653095,1.727268489818366,2.642087428337984,2.907897243440372,0.7
full_seed11_bias_0p0_noise0p5_s5_a0p3_b0p8,11,bias,0.0,0.5,5,0.3,fpr_owa,1.791824928608006,1.876863939248184,1.7385226185681226,2.7228923880791,3.101963578061354,0.8
full_seed11_bias_0p0_noise0p5_s5_a0p3_b0p8,11,bias,0.0,0.5,5,0.3,crp,1.793218357089614,1.882204191552458,1.735392973993215,2.7481516084059834,3.015211503857449,0.8
full_seed11_bias_0p0_noise0p5_s9_a0p2_b0p7,11,bias,0.0,0.5,9,0.2,fpr_owa,1.7053325554692842,1.7803703247585505,1.6412696103953297,2.503828933608913,2.7646347948997105,0.7
full_seed11_bias_0p0_noise0p5_s9_a0p2_b0p7,11,bias,0.0,0.5,9,0.2,crp,1.730285672625853,1.8054878873330868,1.6480621731582354,2.5317295391934582,2.7456484824300014,0.7
full_seed11_bias_0p0_noise0p5_s9_a0p3_b0p8,11,bias,0.0,0.5,9,0.3,fpr_owa,1.7003480934025528,1.778436934064852,1.654233640163059,2.5271347718124075,2.864073642446804,0.8
full_seed11_bias_0p0_noise0p5_s9_a0p3_b0p8,11,bias,0.0,0.5,9,0.3,crp,1.7128507431029911,1.7897104461679323,1.6562770994936615,2.5525808236867014,2.8474494451655707,0.8
full_seed11_bias_0p1_noise0p1_s13_a0p2_b0p7,11,bias,0.1,0.1,13,0.2,fpr_owa,1.0993406750941204,1.1408173379613662,1.1048309130933274,1.5896658820249447,1.6831001370246317,0.7
full_seed11_bias_0p1_noise0p1_s13_a0p2_b0p7,11,bias,0.1,0.1,13,0.2,crp,1.0930013330301769,1.137417562005595,1.1163394677833842,1.539987421612468,1.6782974716245536,0.7
full_seed11_bias_0p1_noise0p1_s13_a0p3_b0p8,11,bias,0.1,0.1,13,0.3,fpr_owa,1.3776265533305756,1.4417708498212685,1.3644021628571676,2.023850308539544,2.1531616283456394,0.8
full_seed11_bias_0p1_noise0p1_s13_a0p3_b0p8,11,bias,0.1,0.1,13,0.3,crp,1.3698364496908375,1.4390585159093678,1.3739535433231702,1.974939076713966,2.142803008081392,0.8
full_seed11_bias_0p1_noise0p1_s5_a0p2_b0p7,11,bias,0.1,0.1,5,0.2,fpr_owa,1.7641788435487618,1.8344957748451296,1.6378153881221,2.480498620302904,2.605539676523132,0.7
full_seed11_bias_0p1_noise0p1_s5_a0p2_b0p7,11,bias,0.1,0.1,5,0.2,crp,1.7595234470387051,1.830669539154783,1.6378153881221,2.4811078752419355,2.616528232453659,0.7
full_seed11_bias_0p1_noise0p1_s5_a0p3_b0p8,11,bias,0.1,0.1,5,0.3,fpr_owa,1.774467932880156,1.850312605071101,1.6740220907729897,2.48608007812878,2.5953096084478187,0.8
full_seed11_bias_0p1_noise0p1_s5_a0p3_b0p8,11,bias,0.1,0.1,5,0.3,crp,1.771307045375303,1.8484151901269616,1.6740220907729897,2.487659601064231,2.627800092357878,0.8
full_seed11_bias_0p1_noise0p1_s9_a0p2_b0p7,11,bias,0.1,0.1,9,0.2,fpr_owa,1.7127089765832515,1.7604344713575866,1.595189867958826,2.368248287875581,2.4530845312122955,0.7
full_seed11_bias_0p1_noise0p1_s9_a0p2_b0p7,11,bias,0.1,0.1,9,0.2,crp,1.729219154467466,1.7790479867739748,1.5992453742197088,2.404147260433331,2.546145171602305,0.7
full_seed11_bias_0p1_noise0p1_s9_a0p3_b0p8,11,bias,0.1,0.1,9,0.3,fpr_owa,1.7375217850138198,1.8058837413835955,1.630469374457959,2.4570560095745657,2.5362443408446937,0.8
full_seed11_bias_0p1_noise0p1_s9_a0p3_b0p8,11,bias,0.1,0.1,9,0.3,crp,1.7350376996375263,1.805810092049484,1.6106344201488865,2.463404523002192,2.541030580880092,0.8
full_seed11_bias_0p1_noise0p25_s13_a0p2_b0p7,11,bias,0.1,0.25,13,0.2,fpr_owa,1.14229830859028,1.1934047040841818,1.1265534954910292,1.7004180809625586,1.9569972867118044,0.7
full_seed11_bias_0p1_noise0p25_s13_a0p2_b0p7,11,bias,0.1,0.25,13,0.2,crp,1.1451493679987823,1.202826887153995,1.1168476810049364,1.730762233982348,2.15618531726692,0.7
full_seed11_bias_0p1_noise0p25_s13_a0p3_b0p8,11,bias,0.1,0.25,13,0.3,fpr_owa,1.363637609484634,1.4457428491205546,1.3169907805375305,2.077485902397328,2.3214884090002728,0.8
full_seed11_bias_0p1_noise0p25_s13_a0p3_b0p8,11,bias,0.1,0.25,13,0.3,crp,1.3724053787334023,1.461264591293253,1.3335783899592717,2.125348445482457,2.4259092759061747,0.8
full_seed11_bias_0p1_noise0p25_s5_a0p2_b0p7,11,bias,0.1,0.25,5,0.2,fpr_owa,1.768739992363102,1.8408338656066765,1.6648480772683014,2.521330051813962,2.8249633333898125,0.7
full_seed11_bias_0p1_noise0p25_s5_a0p2_b0p7,11,bias,0.1,0.25,5,0.2,crp,1.772498896996404,1.8455890200440888,1.6648480772683014,2.5516486310132764,2.796271661390479,0.7
full_seed11_bias_0p1_noise0p25_s5_a0p3_b0p8,11,bias,0.1,0.25,5,0.3,fpr_owa,1.7807210666317297,1.853421338503683,1.700543780777097,2.5455608840162336,2.780508180814264,0.8
full_seed11_bias_0p1_noise0p25_s5_a0p3_b0p8,11,bias,0.1,0.25,5,0.3,crp,1.781535411235672,1.8552182511234132,1.694669890884244,2.557545477919508,2.8182343888801613,0.8
full_seed11_bias_0p1_noise0p25_s9_a0p2_b0p7,11,bias,0.1,0.25,9,0.2,fpr_owa,1.6975665120041912,1.7558060193844485,1.6294755529576612,2.4191534421421075,2.5153981132942484,0.7
full_seed11_bias_0p1_noise0p25_s9_a0p2_b0p7,11,bias,0.1,0.25,9,0.2,crp,1.7143996105513446,1.775093655904985,1.668379464757504,2.437558998750801,2.6612725501849623,0.7
full_seed11_bias_0p1_noise0p25_s9_a0p3_b0p8,11,bias,0.1,0.25,9,0.3,fpr_owa,1.7353474171337548,1.803204161285792,1.6599767386185893,2.485814516484194,2.5830073309369843,0.8
full_seed11_bias_0p1_noise0p25_s9_a0p3_b0p8,11,bias,0.1,0.25,9,0.3,crp,1.7361369941551013,1.8077011256130124,1.6529138337017053,2.502617518027121,2.6907313255960936,0.8
full_seed11_bias_0p1_noise0p5_s13_a0p2_b0p7,11,bias,0.1,0.5,13,0.2,fpr_owa,1.219771184685991,1.287081880234789,1.1918113568026982,1.8614584281681683,2.161930519026543,0.7
full_seed11_bias_0p1_noise0p5_s13_a0p2_b0p7,11,bias,0.1,0.5,13,0.2,crp,1.2743998221607435,1.3549521462963308,1.202529796777552,2.081152017670139,2.8801169368898787,0.7
full_seed11_bias_0p1_noise0p5_s13_a0p3_b0p8,11,bias,0.1,0.5,13,0.3,fpr_owa,1.354793257311376,1.444502467323332,1.3235840270910375,2.201267838030728,2.3790632436227748,0.8
full_seed11_bias_0p1_noise0p5_s13_a0p3_b0p8,11,bias,0.1,0.5,13,0.3,crp,1.4110513933787616,1.5058285378148706,1.3603826838929134,2.2996891646279485,2.494958782893973,0.8
full_seed11_bias_0p1_noise0p5_s5_a0p2_b0p7,11,bias,0.1,0.5,5,0.2,fpr_owa,1.7926018622007016,1.87783469716562,1.7723700273181024,2.684271847491995,3.190669428167615,0.7
full_seed11_bias_0p1_noise0p5_s5_a0p2_b0p7,11,bias,0.1,0.5,5,0.2,crp,1.7855667999347693,1.866313238653095,1.727268489818366,2.642087428337984,2.907897243440372,0.7
full_seed11_bias_0p1_noise0p5_s5_a0p3_b0p8,11,bias,0.1,0.5,5,0.3,fpr_owa,1.791824928608006,1.876863939248184,1.7385226185681226,2.7228923880791,3.101963578061354,0.8
full_seed11_bias_0p1_noise0p5_s5_a0p3_b0p8,11,bias,0.1,0.5,5,0.3,crp,1.793218357089614,1.882204191552458,1.735392973993215,2.7481516084059834,3.015211503857449,0.8
full_seed11_bias_0p1_noise0p5_s9_a0p2_b0p7,11,bias,0.1,0.5,9,0.2,fpr_owa,1.6640523727891474,1.73932242567316,1.6112724066278128,2.503644414618502,2.685255675684843,0.7
full_seed11_bias_0p1_noise0p5_s9_a0p2_b0p7,11,bias,0.1,0.5,9,0.2,crp,1.686164331562824,1.7564232740839685,1.621280408720946,2.5073584006549536,2.724692198011851,0.7
full_seed11_bias_0p1_noise0p5_s9_a0p3_b0p8,11,bias,0.1,0.5,9,0.3,fpr_owa,1.7021035541990603,1.7792331727979591,1.6572727564202143,2.5268814442352148,2.864073642446804,0.8
full_seed11_bias_0p1_noise0p5_s9_a0p3_b0p8,11,bias,0.1,0.5,9,0.3,crp,1.7103702918384205,1.7857449302308108,1.6658094447811855,2.547491087214137,2.8474494451655707,0.8
full_seed11_bias_0p2_noise0p1_s13_a0p2_b0p7,11,bias,0.2,0.1,13,0.2,fpr_owa,0.9804927849030408,1.0410693238893023,0.9115198210140008,1.5896658820249447,1.6831001370246317,0.7
full_seed11_bias_0p2_noise0p1_s13_a0p2_b0p7,11,bias,0.2,0.1,13,0.2,crp,0.9479639781717936,1.014981195327155,0.8721901151059414,1.5402656953148586,2.0035270761776984,0.7
full_seed11_bias_0p2_noise0p1_s13_a0p3_b0p8,11,bias,0.2,0.1,13,0.3,fpr_owa,1.1525355586327806,1.250009464565532,0.9870589972195428,2.023850308539544,2.1531616283456394,0.8
full_seed11_bias_0p2_noise0p1_s13_a0p3_b0p8,11,bias,0.2,0.1,13,0.3,crp,1.138339160810668,1.23811525854877,1.066690955379911,1.9709817277718849,2.142803008081392,0.8
full_seed11_bias_0p2_noise0p1_s5_a0p2_b0p7,11,bias,0.2,0.1,5,0.2,fpr_owa,1.705216150042746,1.7719454749932813,1.5732467798166714,2.4700476686350017,2.605539676523132,0.7
full_seed11_bias_0p2_noise0p1_s5_a0p2_b0p7,11,bias,0.2,0.1,5,0.2,crp,1.7145124743245823,1.7821109629740195,1.5841698968166156,2.471821629399677,2.616528232453659,0.7
full_seed11_bias_0p2_noise0p1_s5_a0p3_b0p8,11,bias,0.2,0.1,5,0.3,fpr_owa,1.7541425329950573,1.821492188528758,1.6418563728570983,2.456824863734656,2.587634942466009,0.8
full_seed11_bias_0p2_noise0p1_s5_a0p3_b0p8,11,bias,0.2,0.1,5,0.3,crp,1.750181954136504,1.8208566434647333,1.6418563728570983,2.4545095234049428,2.627800092357878,0.8
full_seed11_bias_0p2_noise0p1_s9_a0p2_b0p7,11,bias,0.2,0.1,9,0.2,fpr_owa,1.6231813001305724,1.6778852761850007,1.5001598918748815,2.368248287875581,3.2204144968097443,0.7
full_seed11_bias_0p2_noise0p1_s9_a0p2_b0p7,11,bias,0.2,0.1,9,0.2,crp,1.657585034296161,1.7129873977140244,1.5475393782923037,2.4012606868396986,3.2204144968097443,0.7
full_seed11_bias_0p2_noise0p1_s9_a0p3_b0p8,11,bias,0.2,0.1,9,0.3,fpr_owa,1.6571327124432085,1.7223890609185155,1.5407538368669185,2.450822579771484,2.5658972039958114,0.8
full_seed11_bias_0p2_noise0p1_s9_a0p3_b0p8,11,bias,0.2,0.1,9,0.3,crp,1.6804692509370238,1.7470249268234557,1.5732293842988645,2.4691747507007307,2.5658972039958114,0.8
full_seed11_bias_0p2_noise0p25_s13_a0p2_b0p7,11,bias,0.2,0.25,13,0.2,fpr_owa,1.0135102273814065,1.084921361017541,0.890772664950317,1.7004180809625586,1.9569972867118044,0.7
full_seed11_bias_0p2_noise0p25_s13_a0p2_b0p7,11,bias,0.2,0.25,13,0.2,crp,1.0154799635052378,1.0961429659561668,0.954297389752938,1.756989408318999,2.15618531726692,0.7
full_seed11_bias_0p2_noise0p25_s13_a0p3_b0p8,11,bias,0.2,0.25,13,0.3,fpr_owa,1.149994442655487,1.2544215252213993,0.9997167434867568,2.077485902397328,2.3214884090002728,0.8
full_seed11_bias_0p2_noise0p25_s13_a0p3_b0p8,11,bias,0.2,0.25,13,0.3,crp,1.1739201243359598,1.2810403891612272,1.060015788990032,2.0966250745166457,2.4259092759061747,0.8
full_seed11_bias_0p2_noise0p25_s5_a0p2_b0p7,11,bias,0.2,0.25,5,0.2,fpr_owa,1.7095086556232202,1.7772408383316467,1.6285574830928446,2.4901249011151867,2.8249633333898125,0.7
full_seed11_bias_0p2_noise0p25_s5_a0p2_b0p7,11,bias,0.2,0.25,5,0.2,crp,1.7583045472506709,1.8282851255497217,1.6511486620882474,2.5559205326747456,2.796271661390479,0.7
full_seed11_bias_0p2_noise0p25_s5_a0p3_b0p8,11,bias,0.2,0.25,5,0.3,fpr_owa,1.7644271728230625,1.8310938001181527,1.660017421543199,2.532818700944801,2.780508180814264,0.8
full_seed11_bias_0p2_noise0p25_s5_a0p3_b0p8,11,bias,0.2,0.25,5,0.3,crp,1.7745949471006388,1.843524918945311,1.6852435337677485,2.558798128971399,2.8182343888801613,0.8
full_seed11_bias_0p2_noise0p25_s9_a0p2_b0p7,11,bias,0.2,0.25,9,0.2,fpr_owa,1.6084043262991234,1.6665981992255745,1.5187091660576462,2.415570615072013,2.5153981132942484,0.7
full_seed11_bias_0p2_noise0p25_s9_a0p2_b0p7,11,bias,0.2,0.25,9,0.2,crp,1.6721970356332996,1.7314854785296458,1.646004610390139,2.437558998750801,2.633311984840087,0.7
full_seed11_bias_0p2_noise0p25_s9_a0p3_b0p8,11,bias,0.2,0.25,9,0.3,fpr_owa,1.654317287783433,1.7180556700763978,1.5585709254390268,2.452249497624205,2.5830073309369843,0.8
full_seed11_bias_0p2_noise0p25_s9_a0p3_b0p8,11,bias,0.2,0.25,9,0.3,crp,1.678228855684495,1.7456982350874766,1.5993202114238556,2.466140222479124,2.722523325751773,0.8
full_seed11_bias_0p2_noise0p5_s13_a0p2_b0p7,11,bias,0.2,0.5,13,0.2,fpr_owa,1.0970869655488158,1.1850024964553536,1.014177247130617,1.8614584281681683,2.161930519026543,0.7
full_seed11_bias_0p2_noise0p5_s13_a0p2_b0p7,11,bias,0.2,0.5,13,0.2,crp,1.201049981746961,1.3004951342218112,1.1136198254080267,2.089036356992811,3.357672747394251,0.7
full_seed11_bias_0p2_noise0p5_s13_a0p3_b0p8,11,bias,0.2,0.5,13,0.3,fpr_owa,1.1773264785053064,1.2859731124553422,1.0500389119600049,2.1290753511162817,2.5692108630677915,0.8
full_seed11_bias_0p2_noise0p5_s13_a0p3_b0p8,11,bias,0.2,0.5,13,0.3,crp,1.2316711234560436,1.3517389028878617,1.1405812213014292,2.2416722243699314,3.424768843463589,0.8
full_seed11_bias_0p2_noise0p5_s5_a0p2_b0p7,11,bias,0.2,0.5,5,0.2,fpr_owa,1.7153344904173338,1.7944389109749832,1.656316994088388,2.6000603320991904,3.190669428167615,0.7
full_seed11_bias_0p2_noise0p5_s5_a0p2_b0p7,11,bias,0.2,0.5,5,0.2,crp,1.8021188868305515,1.891429637255148,1.7328678434988385,2.764270334892757,3.511473634273334,0.7
full_seed11_bias_0p2_noise0p5_s5_a0p3_b0p8,11,bias,0.2,0.5,5,0.3,fpr_owa,1.772108610424025,1.8514936632292385,1.732789853107295,2.64693112795149,3.101963578061354,0.8
full_seed11_bias_0p2_noise0p5_s5_a0p3_b0p8,11,bias,0.2,0.5,5,0.3,crp,1.76899184904295,1.8535851545997035,1.735392973993215,2.7332330331077364,3.015211503857449,0.8
full_seed11_bias_0p2_noise0p5_s9_a0p2_b0p7,11,bias,0.2,0.5,9,0.2,fpr_owa,1.6149342121775172,1.6950306944390492,1.5323546805651165,2.5053373518540423,3.1196665437675213,0.7
full_seed11_bias_0p2_noise0p5_s9_a0p2_b0p7,11,bias,0.2,0.5,9,0.2,crp,1.710014634676791,1.792173001568589,1.6538178992733192,2.5476343021546928,3.799623432820918,0.7
full_seed11_bias_0p2_noise0p5_s9_a0p3_b0p8,11,bias,0.2,0.5,9,0.3,fpr_owa,1.636161272107085,1.7138050941802487,1.5676942358638684,2.512794259812969,2.864073642446804,0.8
full_seed11_bias_0p2_noise0p5_s9_a0p3_b0p8,11,bias,0.2,0.5,9,0.3,crp,1.6640186195737126,1.7404443213155338,1.597293724270548,2.577264702221323,2.999261244286835,0.8
full_seed11_bias_0p3_noise0p1_s13_a0p2_b0p7,11,bias,0.3,0.1,13,0.2,fpr_owa,1.199318323789421,1.2314152142965569,1.2026784507458006,1.6142463416859385,1.7079499552993989,0.7
full_seed11_bias_0p3_noise0p1_s13_a0p2_b0p7,11,bias,0.3,0.1,13,0.2,crp,1.116584064277922,1.1658644520546182,1.1284088867174011,1.5800041084314864,1.7079499552993989,0.7
full_seed11_bias_0p3_noise0p1_s13_a0p3_b0p8,11,bias,0.3,0.1,13,0.3,fpr_owa,1.0553220152446436,1.1972842862294484,0.9557524018259992,2.023850308539544,2.1531616283456394,0.8
full_seed11_bias_0p3_noise0p1_s13_a0p3_b0p8,11,bias,0.3,0.1,13,0.3,crp,1.020185396157983,1.156079273992378,0.8364981521861525,1.9675866876623345,2.142803008081392,0.8
full_seed11_bias_0p3_noise0p1_s5_a0p2_b0p7,11,bias,0.3,0.1,5,0.2,fpr_owa,2.302484893860812,2.472570267643972,2.3287420041265325,3.8527376137032423,4.011523827520332,0.7
full_seed11_bias_0p3_noise0p1_s5_a0p2_b0p7,11,bias,0.3,0.1,5,0.2,crp,2.2118482310849163,2.388783311218225,2.173144571062987,3.879932906112541,5.78590771011349,0.7
full_seed11_bias_0p3_noise0p1_s5_a0p3_b0p8,11,bias,0.3,0.1,5,0.3,fpr_owa,2.0030753523102027,2.098862039548827,1.997507619103445,3.1144915663436383,3.235709019142151,0.8
full_seed11_bias_0p3_noise0p1_s5_a0p3_b0p8,11,bias,0.3,0.1,5,0.3,crp,1.9833376083236651,2.1069887433939463,1.933825610241752,3.1144915663436383,5.858111838184739,0.8
full_seed11_bias_0p3_noise0p1_s9_a0p2_b0p7,11,bias,0.3,0.1,9,0.2,fpr_owa,1.9330514977807416,1.9976172735656577,1.94588371167492,2.733395798307203,2.8782723120472986,0.7
full_seed11_bias_0p3_noise0p1_s9_a0p2_b0p7,11,bias,0.3,0.1,9,0.2,crp,1.883696902612378,1.9563317485833875,1.8653400748020237,2.778897525878374,3.747443780569921,0.7
full_seed11_bias_0p3_noise0p1_s9_a0p3_b0p8,11,bias,0.3,0.1,9,0.3,fpr_owa,1.621600571627001,1.685424456808999,1.51763750768179,2.4479887975617043,2.5362443408446937,0.8
full_seed11_bias_0p3_noise0p1_s9_a0p3_b0p8,11,bias,0.3,0.1,9,0.3,crp,1.6446141051640544,1.7126503159651405,1.5329291616461866,2.4562497413727145,3.0697243679501143,0.8
full_seed11_bias_0p3_noise0p25_s13_a0p2_b0p7,11,bias,0.3,0.25,13,0.2,fpr_owa,1.2202549691594895,1.2650357168420354,1.243252204139612,1.7498679534183634,1.9569972867118044,0.7
full_seed11_bias_0p3_noise0p25_s13_a0p2_b0p7,11,bias,0.3,0.25,13,0.2,crp,1.1400879755821736,1.2138726203986114,1.125716758092239,1.8409806402756808,2.3998572035869827,0.7
full_seed11_bias_0p3_noise0p25_s13_a0p3_b0p8,11,bias,0.3,0.25,13,0.3,fpr_owa,1.0444275838206982,1.1941165359675583,0.8453119819619447,2.077485902397328,2.3214884090002728,0.8
full_seed11_bias_0p3_noise0p25_s13_a0p3_b0p8,11,bias,0.3,0.25,13,0.3,crp,1.0534321060954397,1.1940645375785577,0.9312459010329952,2.0966250745166457,2.4259092759061747,0.8
full_seed11_bias_0p3_noise0p25_s5_a0p2_b0p7,11,bias,0.3,0.25,5,0.2,fpr_owa,2.291906548441589,2.4573554625221856,2.2971461584160178,3.7906296867180336,4.037886620209933,0.7
full_seed11_bias_0p3_noise0p25_s5_a0p2_b0p7,11,bias,0.3,0.25,5,0.2,crp,2.21924052186383,2.419296428745897,2.011459836524752,3.8634673474218713,5.926807580773644,0.7
full_seed11_bias_0p3_noise0p25_s5_a0p3_b0p8,11,bias,0.3,0.25,5,0.3,fpr_owa,1.9993343554707323,2.091259310111744,1.9733485870620715,3.055006844758694,3.304802040726257,0.8
full_seed11_bias_0p3_noise0p25_s5_a0p3_b0p8,11,bias,0.3,0.25,5,0.3,crp,2.0328415332236065,2.200714108332081,1.9082991460125815,3.250816363048444,5.933767763250895,0.8
full_seed11_bias_0p3_noise0p25_s9_a0p2_b0p7,11,bias,0.3,0.25,9,0.2,fpr_owa,1.9132037978533585,1.984820598084338,1.9558528374510376,2.7106137205231766,2.925095707154106,0.7
full_seed11_bias_0p3_noise0p25_s9_a0p2_b0p7,11,bias,0.3,0.25,9,0.2,crp,1.875681935742377,1.9581774419172464,1.861579628029006,2.8140785803503565,3.8184154473420073,0.7
full_seed11_bias_0p3_noise0p25_s9_a0p3_b0p8,11,bias,0.3,0.25,9,0.3,fpr_owa,1.6354217635684494,1.7059397952503508,1.55445882359462,2.4919329762061597,3.0408552768553707,0.8
full_seed11_bias_0p3_noise0p25_s9_a0p3_b0p8,11,bias,0.3,0.25,9,0.3,crp,1.6726768349473768,1.7440343873558466,1.64533738200349,2.48518409294914,2.953657508505685,0.8
full_seed11_bias_0p3_noise0p5_s13_a0p2_b0p7,11,bias,0.3,0.5,13,0.2,fpr_owa,1.2765329131869465,1.3432288978296472,1.262114725654344,1.911094376614419,2.3271119947353123,0.7
full_seed11_bias_0p3_noise0p5_s13_a0p2_b0p7,11,bias,0.3,0.5,13,0.2,crp,1.3322365919222443,1.4980924045071653,1.218329013686867,2.2734974926710785,5.017784240667929,0.7
full_seed11_bias_0p3_noise0p5_s13_a0p3_b0p8,11,bias,0.3,0.5,13,0.3,fpr_owa,1.1101816398228153,1.2463974320426696,0.9936233423631802,2.1290753511162817,2.449200822518278,0.8
full_seed11_bias_0p3_noise0p5_s13_a0p3_b0p8,11,bias,0.3,0.5,13,0.3,crp,1.2257615731268745,1.4094276133401786,1.0765102306102274,2.285619321892065,5.866970561148208,0.8
full_seed11_bias_0p3_noise0p5_s5_a0p2_b0p7,11,bias,0.3,0.5,5,0.2,fpr_owa,2.265321572799552,2.426881156414729,2.260870037399286,3.741708922549503,4.0491604927539,0.7
full_seed11_bias_0p3_noise0p5_s5_a0p2_b0p7,11,bias,0.3,0.5,5,0.2,crp,2.261201018145968,2.506840126078748,2.0333012230205387,4.559975123697607,6.059590565369439,0.7
full_seed11_bias_0p3_noise0p5_s5_a0p3_b0p8,11,bias,0.3,0.5,5,0.3,fpr_owa,1.9736599835313464,2.070666083269877,1.916513869588932,2.978384447476123,3.414922899434837,0.8
full_seed11_bias_0p3_noise0p5_s5_a0p3_b0p8,11,bias,0.3,0.5,5,0.3,crp,2.136935422484034,2.417831412776586,1.879603535497868,4.737594640884549,6.637480897521938,0.8
full_seed11_bias_0p3_noise0p5_s9_a0p2_b0p7,11,bias,0.3,0.5,9,0.2,fpr_owa,1.903316364234076,2.0043878966784114,1.9120199557539024,2.800734894023965,4.154786143431567,0.7
full_seed11_bias_0p3_noise0p5_s9_a0p2_b0p7,11,bias,0.3,0.5,9,0.2,crp,1.896013383825176,2.045542125857813,1.7668617817293586,3.195436929658649,5.372583555726731,0.7
full_seed11_bias_0p3_noise0p5_s9_a0p3_b0p8,11,bias,0.3,0.5,9,0.3,fpr_owa,1.6476864243024896,1.7406573055517198,1.5396439019483197,2.68749421540874,3.441991154149404,0.8
full_seed11_bias_0p3_noise0p5_s9_a0p3_b0p8,11,bias,0.3,0.5,9,0.3,crp,1.7456632185441143,1.8774513597955145,1.630915118396329,2.6694970495133594,5.933912935477439,0.8
full_seed11_bias_0p4_noise0p1_s13_a0p2_b0p7,11,bias,0.4,0.1,13,0.2,fpr_owa,1.515645458897888,1.6026073490236754,1.5401145852015752,2.274944090265223,2.403062953951454,0.7
full_seed11_bias_0p4_noise0p1_s13_a0p2_b0p7,11,bias,0.4,0.1,13,0.2,crp,1.4272755823630348,1.5380031358474526,1.4208987548991017,2.368598221886236,2.73329673234617,0.7
full_seed11_bias_0p4_noise0p1_s13_a0p3_b0p8,11,bias,0.4,0.1,13,0.3,fpr_owa,1.2630592486106071,1.3258102693615494,1.1371250296263118,2.023850308539544,2.1531616283456394,0.8
full_seed11_bias_0p4_noise0p1_s13_a0p3_b0p8,11,bias,0.4,0.1,13,0.3,crp,1.1807164444303453,1.2700913264090088,1.1564951284995677,1.9675866876623345,2.142803008081392,0.8
full_seed11_bias_0p4_noise0p1_s5_a0p2_b0p7,11,bias,0.4,0.1,5,0.2,fpr_owa,2.302484893860812,2.472570267643972,2.3287420041265325,3.8527376137032423,4.011523827520332,0.7
full_seed11_bias_0p4_noise0p1_s5_a0p2_b0p7,11,bias,0.4,0.1,5,0.2,crp,2.2118482310849163,2.388783311218225,2.173144571062987,3.879932906112541,5.78590771011349,0.7
full_seed11_bias_0p4_noise0p1_s5_a0p3_b0p8,11,bias,0.4,0.1,5,0.3,fpr_owa,2.0030753523102027,2.098862039548827,1.997507619103445,3.1144915663436383,3.235709019142151,0.8
full_seed11_bias_0p4_noise0p1_s5_a0p3_b0p8,11,bias,0.4,0.1,5,0.3,crp,1.9833376083236651,2.1069887433939463,1.933825610241752,3.1144915663436383,5.858111838184739,0.8
full_seed11_bias_0p4_noise0p1_s9_a0p2_b0p7,11,bias,0.4,0.1,9,0.2,fpr_owa,2.285832808630524,2.432389303667791,2.2915840409026784,3.6017665934563845,3.785314966581954,0.7
full_seed11_bias_0p4_noise0p1_s9_a0p2_b0p7,11,bias,0.4,0.1,9,0.2,crp,2.270678707941703,2.4518015350667905,2.203751933632596,3.7139398528622665,5.359857204938711,0.7
full_seed11_bias_0p4_noise0p1_s9_a0p3_b0p8,11,bias,0.4,0.1,9,0.3,fpr_owa,1.9420274475602863,2.0254747991245083,1.979636964405392,2.836737924928918,2.962360287621605,0.8
full_seed11_bias_0p4_noise0p1_s9_a0p3_b0p8,11,bias,0.4,0.1,9,0.3,crp,1.973230488206925,2.120534943872774,1.8896838894798087,2.900925987077289,5.355108390540966,0.8
full_seed11_bias_0p4_noise0p25_s13_a0p2_b0p7,11,bias,0.4,0.25,13,0.2,fpr_owa,1.5178983727420574,1.608679094267138,1.6054804843329,2.255847884932062,2.637114589568747,0.7
full_seed11_bias_0p4_noise0p25_s13_a0p2_b0p7,11,bias,0.4,0.25,13,0.2,crp,1.408194805035421,1.533868998191842,1.3227015600697398,2.492510547683396,3.185836405352841,0.7
full_seed11_bias_0p4_noise0p25_s13_a0p3_b0p8,11,bias,0.4,0.25,13,0.3,fpr_owa,1.2432974386486626,1.323746463122107,1.122396911151562,2.079747485842688,2.3214884090002728,0.8
full_seed11_bias_0p4_noise0p25_s13_a0p3_b0p8,11,bias,0.4,0.25,13,0.3,crp,1.1662106425738206,1.2926804893902242,1.1113298817563495,2.1088883162967678,2.443841509594637,0.8
full_seed11_bias_0p4_noise0p25_s5_a0p2_b0p7,11,bias,0.4,0.25,5,0.2,fpr_owa,2.291906548441589,2.4573554625221856,2.2971461584160178,3.7906296867180336,4.037886620209933,0.7
full_seed11_bias_0p4_noise0p25_s5_a0p2_b0p7,11,bias,0.4,0.25,5,0.2,crp,2.21924052186383,2.419296428745897,2.011459836524752,3.8634673474218713,5.926807580773644,0.7
full_seed11_bias_0p4_noise0p25_s5_a0p3_b0p8,11,bias,0.4,0.25,5,0.3,fpr_owa,1.9993343554707323,2.091259310111744,1.9733485870620715,3.055006844758694,3.304802040726257,0.8
full_seed11_bias_0p4_noise0p25_s5_a0p3_b0p8,11,bias,0.4,0.25,5,0.3,crp,2.0328415332236065,2.200714108332081,1.9082991460125815,3.250816363048444,5.933767763250895,0.8
full_seed11_bias_0p4_noise0p25_s9_a0p2_b0p7,11,bias,0.4,0.25,9,0.2,fpr_owa,2.26323807456087,2.4174770589010453,2.274416289639433,3.605419267326439,4.050213058466242,0.7
full_seed11_bias_0p4_noise0p25_s9_a0p2_b0p7,11,bias,0.4,0.25,9,0.2,crp,2.2768537461688347,2.4887410179190828,2.161749108207254,4.383131518294643,5.204473311565608,0.7
full_seed11_bias_0p4_noise0p25_s9_a0p3_b0p8,11,bias,0.4,0.25,9,0.3,fpr_owa,1.937620937308404,2.026278492387024,1.9600533354341385,2.77067420639829,3.704061912775245,0.8
full_seed11_bias_0p4_noise0p25_s9_a0p3_b0p8,11,bias,0.4,0.25,9,0.3,crp,2.055416606307904,2.263799166313982,1.876687627071389,4.1677600216207775,5.678939131241819,0.8
full_seed11_bias_0p4_noise0p5_s13_a0p2_b0p7,11,bias,0.4,0.5,13,0.2,fpr_owa,1.551551183764175,1.6656019169485912,1.5984631608243354,2.5175548804396217,4.06881031311335,0.7
full_seed11_bias_0p4_noise0p5_s13_a0p2_b0p7,11,bias,0.4,0.5,13,0.2,crp,1.6766746926024687,1.956216261787849,1.430968995061798,3.8951834028996326,5.309148182912089,0.7
full_seed11_bias_0p4_noise0p5_s13_a0p3_b0p8,11,bias,0.4,0.5,13,0.3,fpr_owa,1.2957650276852783,1.4050596585095,1.196010899269092,2.2149298514482583,4.138715684456561,0.8
full_seed11_bias_0p4_noise0p5_s13_a0p3_b0p8,11,bias,0.4,0.5,13,0.3,crp,1.5229007339633462,1.9092192789597608,1.203415178349005,4.604778828861885,5.960328245509343,0.8
full_seed11_bias_0p4_noise0p5_s5_a0p2_b0p7,11,bias,0.4,0.5,5,0.2,fpr_owa,2.265321572799552,2.426881156414729,2.260870037399286,3.741708922549503,4.0491604927539,0.7
full_seed11_bias_0p4_noise0p5_s5_a0p2_b0p7,11,bias,0.4,0.5,5,0.2,crp,2.261201018145968,2.506840126078748,2.0333012230205387,4.559975123697607,6.059590565369439,0.7
full_seed11_bias_0p4_noise0p5_s5_a0p3_b0p8,11,bias,0.4,0.5,5,0.3,fpr_owa,1.9736599835313464,2.070666083269877,1.916513869588932,2.978384447476123,3.414922899434837,0.8
full_seed11_bias_0p4_noise0p5_s5_a0p3_b0p8,11,bias,0.4,0.5,5,0.3,crp,2.136935422484034,2.417831412776586,1.879603535497868,4.737594640884549,6.637480897521938,0.8
full_seed11_bias_0p4_noise0p5_s9_a0p2_b0p7,11,bias,0.4,0.5,9,0.2,fpr_owa,2.3056992111296344,2.523882352488295,2.191685374515947,4.1828105968498495,5.043675032320456,0.7
full_seed11_bias_0p4_noise0p5_s9_a0p2_b0p7,11,bias,0.4,0.5,9,0.2,crp,2.2565064017757743,2.5270816958645894,2.011726593830564,4.623903980181547,6.322986760496339,0.7
full_seed11_bias_0p4_noise0p5_s9_a0p3_b0p8,11,bias,0.4,0.5,9,0.3,fpr_owa,2.005447372108573,2.15500545358966,1.957993028995701,3.6403204584503,4.3262132094128445,0.8
full_seed11_bias_0p4_noise0p5_s9_a0p3_b0p8,11,bias,0.4,0.5,9,0.3,crp,2.116875412603532,2.422292671725045,1.7778472426494294,4.978614079424222,6.6542835842940695,0.8
full_seed11_drift_0p0_noise0p1_s13_a0p2_b0p7,11,drift,0.0,0.1,13,0.2,fpr_owa,1.2030380377571297,1.251722441779351,1.2026784507458006,1.6480635543117987,1.7018842003615893,0.7
full_seed11_drift_0p0_noise0p1_s13_a0p2_b0p7,11,drift,0.0,0.1,13,0.2,crp,1.1923016131032595,1.241650456299564,1.1996809234949923,1.6368566356805183,1.7018842003615893,0.7
full_seed11_drift_0p0_noise0p1_s13_a0p3_b0p8,11,drift,0.0,0.1,13,0.3,fpr_owa,1.4692993938784018,1.5449144247902484,1.433608269751376,2.093640686237393,2.1531616283456394,0.8
full_seed11_drift_0p0_noise0p1_s13_a0p3_b0p8,11,drift,0.0,0.1,13,0.3,crp,1.4580278010339904,1.5359058631298863,1.433608269751376,2.075424891678821,2.145463900501399,0.8
full_seed11_drift_0p0_noise0p1_s5_a0p2_b0p7,11,drift,0.0,0.1,5,0.2,fpr_owa,1.7641788435487618,1.8344957748451296,1.6378153881221,2.480498620302904,2.605539676523132,0.7
full_seed11_drift_0p0_noise0p1_s5_a0p2_b0p7,11,drift,0.0,0.1,5,0.2,crp,1.7595234470387051,1.830669539154783,1.6378153881221,2.4811078752419355,2.616528232453659,0.7
full_seed11_drift_0p0_noise0p1_s5_a0p3_b0p8,11,drift,0.0,0.1,5,0.3,fpr_owa,1.774467932880156,1.850312605071101,1.6740220907729897,2.48608007812878,2.5953096084478187,0.8
full_seed11_drift_0p0_noise0p1_s5_a0p3_b0p8,11,drift,0.0,0.1,5,0.3,crp,1.771307045375303,1.8484151901269616,1.6740220907729897,2.487659601064231,2.627800092357878,0.8
full_seed11_drift_0p0_noise0p1_s9_a0p2_b0p7,11,drift,0.0,0.1,9,0.2,fpr_owa,1.76382617176232,1.818790851360434,1.646441406201646,2.403961893301196,2.574826357871061,0.7
full_seed11_drift_0p0_noise0p1_s9_a0p2_b0p7,11,drift,0.0,0.1,9,0.2,crp,1.7692191663261745,1.825668705284049,1.6437998973188763,2.4216211084042825,2.574826357871061,0.7
full_seed11_drift_0p0_noise0p1_s9_a0p3_b0p8,11,drift,0.0,0.1,9,0.3,fpr_owa,1.7391030676721655,1.8148932617376512,1.576794331174129,2.4696643260282585,2.5362443408446937,0.8
full_seed11_drift_0p0_noise0p1_s9_a0p3_b0p8,11,drift,0.0,0.1,9,0.3,crp,1.7391920595163377,1.8156560688906616,1.5763991150932015,2.4829934201363586,2.5416533859161623,0.8
full_seed11_drift_0p0_noise0p25_s13_a0p2_b0p7,11,drift,0.0,0.25,13,0.2,fpr_owa,1.2367405563130776,1.2975391058372567,1.231759497280631,1.7918660933805393,1.9569972867118044,0.7
full_seed11_drift_0p0_noise0p25_s13_a0p2_b0p7,11,drift,0.0,0.25,13,0.2,crp,1.2432274408195605,1.3064400011271446,1.2484342887483248,1.83526605124412,2.15618531726692,0.7
full_seed11_drift_0p0_noise0p25_s13_a0p3_b0p8,11,drift,0.0,0.25,13,0.3,fpr_owa,1.4406965827838207,1.5385127187146916,1.3426406936018875,2.1780674388216434,2.3214884090002728,0.8
full_seed11_drift_0p0_noise0p25_s13_a0p3_b0p8,11,drift,0.0,0.25,13,0.3,crp,1.4532316054228362,1.5544980511208073,1.4085075228257011,2.205769011537331,2.4259092759061747,0.8
full_seed11_drift_0p0_noise0p25_s5_a0p2_b0p7,11,drift,0.0,0.25,5,0.2,fpr_owa,1.768739992363102,1.8408338656066765,1.6648480772683014,2.521330051813962,2.8249633333898125,0.7
full_seed11_drift_0p0_noise0p25_s5_a0p2_b0p7,11,drift,0.0,0.25,5,0.2,crp,1.772498896996404,1.8455890200440888,1.6648480772683014,2.5516486310132764,2.796271661390479,0.7
full_seed11_drift_0p0_noise0p25_s5_a0p3_b0p8,11,drift,0.0,0.25,5,0.3,fpr_owa,1.7807210666317297,1.853421338503683,1.700543780777097,2.5455608840162336,2.780508180814264,0.8
full_seed11_drift_0p0_noise0p25_s5_a0p3_b0p8,11,drift,0.0,0.25,5,0.3,crp,1.781535411235672,1.8552182511234132,1.694669890884244,2.557545477919508,2.8182343888801613,0.8
full_seed11_drift_0p0_noise0p25_s9_a0p2_b0p7,11,drift,0.0,0.25,9,0.2,fpr_owa,1.7461352404491015,1.8089103731019336,1.645012760945749,2.447591344300196,2.526468902583454,0.7
full_seed11_drift_0p0_noise0p25_s9_a0p2_b0p7,11,drift,0.0,0.25,9,0.2,crp,1.754017242317624,1.8180476972437611,1.678722815176287,2.453444355782547,2.6612725501849623,0.7
full_seed11_drift_0p0_noise0p25_s9_a0p3_b0p8,11,drift,0.0,0.25,9,0.3,fpr_owa,1.7255843389288017,1.797624491851203,1.630210464348906,2.4853318189876945,2.5830073309369843,0.8
full_seed11_drift_0p0_noise0p25_s9_a0p3_b0p8,11,drift,0.0,0.25,9,0.3,crp,1.734677598816461,1.8071715116155955,1.642564733615625,2.482625462652478,2.6907313255960936,0.8
full_seed11_drift_0p0_noise0p5_s13_a0p2_b0p7,11,drift,0.0,0.5,13,0.2,fpr_owa,1.2941491831629997,1.3694718070207743,1.2970916190651125,1.979666615836429,2.2904240069420423,0.7
full_seed11_drift_0p0_noise0p5_s13_a0p2_b0p7,11,drift,0.0,0.5,13,0.2,crp,1.3674282165417782,1.450480036608163,1.325280272641736,2.138401466959279,2.437295699125634,0.7
full_seed11_drift_0p0_noise0p5_s13_a0p3_b0p8,11,drift,0.0,0.5,13,0.3,fpr_owa,1.3879873128426703,1.4873215954875596,1.3082925736137798,2.2245555160048647,2.5341441719155235,0.8
full_seed11_drift_0p0_noise0p5_s13_a0p3_b0p8,11,drift,0.0,0.5,13,0.3,crp,1.473180330623073,1.5808437361602397,1.4048842435478974,2.3993470548189246,2.5575828732332195,0.8
full_seed11_drift_0p0_noise0p5_s5_a0p2_b0p7,11,drift,0.0,0.5,5,0.2,fpr_owa,1.7926018622007016,1.87783469716562,1.7723700273181024,2.684271847491995,3.190669428167615,0.7
full_seed11_drift_0p0_noise0p5_s5_a0p2_b0p7,11,drift,0.0,0.5,5,0.2,crp,1.7855667999347693,1.866313238653095,1.727268489818366,2.642087428337984,2.907897243440372,0.7
full_seed11_drift_0p0_noise0p5_s5_a0p3_b0p8,11,drift,0.0,0.5,5,0.3,fpr_owa,1.791824928608006,1.876863939248184,1.7385226185681226,2.7228923880791,3.101963578061354,0.8
full_seed11_drift_0p0_noise0p5_s5_a0p3_b0p8,11,drift,0.0,0.5,5,0.3,crp,1.793218357089614,1.882204191552458,1.735392973993215,2.7481516084059834,3.015211503857449,0.8
full_seed11_drift_0p0_noise0p5_s9_a0p2_b0p7,11,drift,0.0,0.5,9,0.2,fpr_owa,1.7053325554692842,1.7803703247585505,1.6412696103953297,2.503828933608913,2.7646347948997105,0.7
full_seed11_drift_0p0_noise0p5_s9_a0p2_b0p7,11,drift,0.0,0.5,9,0.2,crp,1.730285672625853,1.8054878873330868,1.6480621731582354,2.5317295391934582,2.7456484824300014,0.7
full_seed11_drift_0p0_noise0p5_s9_a0p3_b0p8,11,drift,0.0,0.5,9,0.3,fpr_owa,1.7003480934025528,1.778436934064852,1.654233640163059,2.5271347718124075,2.864073642446804,0.8
full_seed11_drift_0p0_noise0p5_s9_a0p3_b0p8,11,drift,0.0,0.5,9,0.3,crp,1.7128507431029911,1.7897104461679323,1.6562770994936615,2.5525808236867014,2.8474494451655707,0.8
full_seed11_drift_0p1_noise0p1_s13_a0p2_b0p7,11,drift,0.1,0.1,13,0.2,fpr_owa,1.1566124743257524,1.2054179750052865,1.142120196706647,1.6412388690111754,1.9345248155311032,0.7
full_seed11_drift_0p1_noise0p1_s13_a0p2_b0p7,11,drift,0.1,0.1,13,0.2,crp,1.1410471086131324,1.1909492422281769,1.142120196706647,1.5884748554790735,1.8398722906226248,0.7
full_seed11_drift_0p1_noise0p1_s13_a0p3_b0p8,11,drift,0.1,0.1,13,0.3,fpr_owa,1.4312940408237476,1.5048019933124916,1.4174988839065945,2.0793100472115107,2.3783493842158183,0.8
full_seed11_drift_0p1_noise0p1_s13_a0p3_b0p8,11,drift,0.1,0.1,13,0.3,crp,1.4152246224159433,1.491643287550164,1.434561662059204,2.022400083061108,2.3228064707979503,0.8
full_seed11_drift_0p1_noise0p1_s5_a0p2_b0p7,11,drift,0.1,0.1,5,0.2,fpr_owa,1.7641788435487618,1.8344957748451296,1.6378153881221,2.480498620302904,2.605539676523132,0.7
full_seed11_drift_0p1_noise0p1_s5_a0p2_b0p7,11,drift,0.1,0.1,5,0.2,crp,1.7595234470387051,1.830669539154783,1.6378153881221,2.4811078752419355,2.616528232453659,0.7
full_seed11_drift_0p1_noise0p1_s5_a0p3_b0p8,11,drift,0.1,0.1,5,0.3,fpr_owa,1.774467932880156,1.850312605071101,1.6740220907729897,2.48608007812878,2.5953096084478187,0.8
full_seed11_drift_0p1_noise0p1_s5_a0p3_b0p8,11,drift,0.1,0.1,5,0.3,crp,1.771307045375303,1.8484151901269616,1.6740220907729897,2.487659601064231,2.627800092357878,0.8
full_seed11_drift_0p1_noise0p1_s9_a0p2_b0p7,11,drift,0.1,0.1,9,0.2,fpr_owa,1.7539837830464595,1.8062029778073203,1.6590818149398154,2.3901765024946293,2.589293532869417,0.7
full_seed11_drift_0p1_noise0p1_s9_a0p2_b0p7,11,drift,0.1,0.1,9,0.2,crp,1.7618548260721016,1.815382491605244,1.6567959729239483,2.4218350494637666,2.551151499232301,0.7
full_seed11_drift_0p1_noise0p1_s9_a0p3_b0p8,11,drift,0.1,0.1,9,0.3,fpr_owa,1.7472031769104237,1.8172703463568047,1.630469374457959,2.459099780013018,2.545910318356591,0.8
full_seed11_drift_0p1_noise0p1_s9_a0p3_b0p8,11,drift,0.1,0.1,9,0.3,crp,1.7438068366349506,1.815443610323361,1.630689143641136,2.463404523002192,2.545910318356591,0.8
full_seed11_drift_0p1_noise0p25_s13_a0p2_b0p7,11,drift,0.1,0.25,13,0.2,fpr_owa,1.1936704139437495,1.250774055980633,1.196450561908743,1.7688460182610573,1.9569972867118044,0.7
full_seed11_drift_0p1_noise0p25_s13_a0p2_b0p7,11,drift,0.1,0.25,13,0.2,crp,1.1964882134680146,1.2582261234300738,1.188472661597893,1.7920274825007172,2.15618531726692,0.7
full_seed11_drift_0p1_noise0p25_s13_a0p3_b0p8,11,drift,0.1,0.25,13,0.3,fpr_owa,1.405242822857338,1.4954039918383728,1.342798994082838,2.1478781964448204,2.3214884090002728,0.8
full_seed11_drift_0p1_noise0p25_s13_a0p3_b0p8,11,drift,0.1,0.25,13,0.3,crp,1.4153627983582957,1.5105675667033125,1.4109186255129784,2.1685496703878795,2.4259092759061747,0.8
full_seed11_drift_0p1_noise0p25_s5_a0p2_b0p7,11,drift,0.1,0.25,5,0.2,fpr_owa,1.768739992363102,1.8408338656066765,1.6648480772683014,2.521330051813962,2.8249633333898125,0.7
full_seed11_drift_0p1_noise0p25_s5_a0p2_b0p7,11,drift,0.1,0.25,5,0.2,crp,1.772498896996404,1.8455890200440888,1.6648480772683014,2.5516486310132764,2.796271661390479,0.7
full_seed11_drift_0p1_noise0p25_s5_a0p3_b0p8,11,drift,0.1,0.25,5,0.3,fpr_owa,1.7807210666317297,1.853421338503683,1.700543780777097,2.5455608840162336,2.780508180814264,0.8
full_seed11_drift_0p1_noise0p25_s5_a0p3_b0p8,11,drift,0.1,0.25,5,0.3,crp,1.781535411235672,1.8552182511234132,1.694669890884244,2.557545477919508,2.8182343888801613,0.8
full_seed11_drift_0p1_noise0p25_s9_a0p2_b0p7,11,drift,0.1,0.25,9,0.2,fpr_owa,1.743285115300812,1.8048496569971253,1.6863042003169244,2.4406277834969,2.645542804624483,0.7
full_seed11_drift_0p1_noise0p25_s9_a0p2_b0p7,11,drift,0.1,0.25,9,0.2,crp,1.755583705629644,1.819325853258926,1.711378748487297,2.4479247331441933,2.6612725501849623,0.7
full_seed11_drift_0p1_noise0p25_s9_a0p3_b0p8,11,drift,0.1,0.25,9,0.3,fpr_owa,1.741560109578794,1.810075456262386,1.6599767386185893,2.485045580082999,2.5830073309369843,0.8
full_seed11_drift_0p1_noise0p25_s9_a0p3_b0p8,11,drift,0.1,0.25,9,0.3,crp,1.7432096374298645,1.813864477124056,1.6610594922818112,2.486620973175328,2.6907313255960936,0.8
full_seed11_drift_0p1_noise0p5_s13_a0p2_b0p7,11,drift,0.1,0.5,13,0.2,fpr_owa,1.267572456193442,1.341561425079029,1.2649553423585371,1.9189448666518196,2.271293630337932,0.7
full_seed11_drift_0p1_noise0p5_s13_a0p2_b0p7,11,drift,0.1,0.5,13,0.2,crp,1.3259383651067096,1.4091740427336548,1.288987008135989,2.115598275137689,2.4469498547655077,0.7
full_seed11_drift_0p1_noise0p5_s13_a0p3_b0p8,11,drift,0.1,0.5,13,0.3,fpr_owa,1.3762636559574155,1.4724708722173847,1.3186080379276852,2.220810343502956,2.660827026171971,0.8
full_seed11_drift_0p1_noise0p5_s13_a0p3_b0p8,11,drift,0.1,0.5,13,0.3,crp,1.4487786789660195,1.5516770275728125,1.388846080429624,2.3598832017679565,2.6700503705863143,0.8
full_seed11_drift_0p1_noise0p5_s5_a0p2_b0p7,11,drift,0.1,0.5,5,0.2,fpr_owa,1.7926018622007016,1.87783469716562,1.7723700273181024,2.684271847491995,3.190669428167615,0.7
full_seed11_drift_0p1_noise0p5_s5_a0p2_b0p7,11,drift,0.1,0.5,5,0.2,crp,1.7855667999347693,1.866313238653095,1.727268489818366,2.642087428337984,2.907897243440372,0.7
full_seed11_drift_0p1_noise0p5_s5_a0p3_b0p8,11,drift,0.1,0.5,5,0.3,fpr_owa,1.791824928608006,1.876863939248184,1.7385226185681226,2.7228923880791,3.101963578061354,0.8
full_seed11_drift_0p1_noise0p5_s5_a0p3_b0p8,11,drift,0.1,0.5,5,0.3,crp,1.793218357089614,1.882204191552458,1.735392973993215,2.7481516084059834,3.015211503857449,0.8
full_seed11_drift_0p1_noise0p5_s9_a0p2_b0p7,11,drift,0.1,0.5,9,0.2,fpr_owa,1.7097777324499548,1.787921728053838,1.649032269113958,2.5541403386437325,2.8246347948997106,0.7
full_seed11_drift_0p1_noise0p5_s9_a0p2_b0p7,11,drift,0.1,0.5,9,0.2,crp,1.731231075927972,1.8063115019588905,1.6867840757017831,2.5317295391934582,2.806689957195189,0.7
full_seed11_drift_0p1_noise0p5_s9_a0p3_b0p8,11,drift,0.1,0.5,9,0.3,fpr_owa,1.715128324921012,1.7937520481507214,1.679834846689372,2.532438835951293,2.864073642446804,0.8
full_seed11_drift_0p1_noise0p5_s9_a0p3_b0p8,11,drift,0.1,0.5,9,0.3,crp,1.7184858462219286,1.793835958413759,1.670665423427784,2.547491087214137,2.8474494451655707,0.8
full_seed11_drift_0p2_noise0p1_s13_a0p2_b0p7,11,drift,0.2,0.1,13,0.2,fpr_owa,1.108296751482069,1.1792881776364246,1.1035576374951492,1.6709810121870732,2.5209123667143603,0.7
full_seed11_drift_0p2_noise0p1_s13_a0p2_b0p7,11,drift,0.2,0.1,13,0.2,crp,1.0845875654744914,1.1563212287380569,1.090785765440384,1.6410569223424238,2.1610392365570905,0.7
full_seed11_drift_0p2_noise0p1_s13_a0p3_b0p8,11,drift,0.2,0.1,13,0.3,fpr_owa,1.3475683323760488,1.4469091396294531,1.271120432449838,2.122359392923232,3.062537466622936,0.8
full_seed11_drift_0p2_noise0p1_s13_a0p3_b0p8,11,drift,0.2,0.1,13,0.3,crp,1.3256437849171736,1.4266686803508526,1.2659310149445462,2.122359392923232,2.70240393895034,0.8
full_seed11_drift_0p2_noise0p1_s5_a0p2_b0p7,11,drift,0.2,0.1,5,0.2,fpr_owa,1.745779364995566,1.8137403489804704,1.648555194955635,2.481785300351368,2.638665257632716,0.7
full_seed11_drift_0p2_noise0p1_s5_a0p2_b0p7,11,drift,0.2,0.1,5,0.2,crp,1.7476470184695236,1.81577421459276,1.6558811932758128,2.482420637467317,2.638665257632716,0.7
full_seed11_drift_0p2_noise0p1_s5_a0p3_b0p8,11,drift,0.2,0.1,5,0.3,fpr_owa,1.782056812707495,1.850621174632041,1.7032894478528156,2.482295824473568,2.611416338417802,0.8
full_seed11_drift_0p2_noise0p1_s5_a0p3_b0p8,11,drift,0.2,0.1,5,0.3,crp,1.779204624644127,1.849942736778192,1.7032894478528156,2.488247495848886,2.627800092357878,0.8
full_seed11_drift_0p2_noise0p1_s9_a0p2_b0p7,11,drift,0.2,0.1,9,0.2,fpr_owa,1.7657224107421257,1.8272768837551665,1.658357487208125,2.4947885417690427,3.0029776442940714,0.7
full_seed11_drift_0p2_noise0p1_s9_a0p2_b0p7,11,drift,0.2,0.1,9,0.2,crp,1.7802418465110683,1.8422607113014795,1.6682878695006251,2.5002946720984083,3.0029776442940714,0.7
full_seed11_drift_0p2_noise0p1_s9_a0p3_b0p8,11,drift,0.2,0.1,9,0.3,fpr_owa,1.7462560470426618,1.8158675951403225,1.6708156562324383,2.4702790155702665,2.63035851943661,0.8
full_seed11_drift_0p2_noise0p1_s9_a0p3_b0p8,11,drift,0.2,0.1,9,0.3,crp,1.7523780879727613,1.822404646044393,1.6836525426898743,2.4836195900395173,2.63035851943661,0.8
full_seed11_drift_0p2_noise0p25_s13_a0p2_b0p7,11,drift,0.2,0.25,13,0.2,fpr_owa,1.1687664304281646,1.245038558259358,1.137974695421447,1.8352263680681904,2.46362843787216,0.7
full_seed11_drift_0p2_noise0p25_s13_a0p2_b0p7,11,drift,0.2,0.25,13,0.2,crp,1.164144655013879,1.251968645083563,1.1353344437347404,1.8602764485738807,2.766746397655788,0.7
full_seed11_drift_0p2_noise0p25_s13_a0p3_b0p8,11,drift,0.2,0.25,13,0.3,fpr_owa,1.3533620660999104,1.4607253277282977,1.213392665095918,2.1961157464610124,3.0343080958142,0.8
full_seed11_drift_0p2_noise0p25_s13_a0p3_b0p8,11,drift,0.2,0.25,13,0.3,crp,1.3534859505653911,1.4688745817726212,1.2462513161975894,2.2176123587217624,3.27408163295685,0.8
full_seed11_drift_0p2_noise0p25_s5_a0p2_b0p7,11,drift,0.2,0.25,5,0.2,fpr_owa,1.7739843532787354,1.8453226694533036,1.7176561112642743,2.5517197249860435,2.8813635168313296,0.7
full_seed11_drift_0p2_noise0p25_s5_a0p2_b0p7,11,drift,0.2,0.25,5,0.2,crp,1.7906137097880497,1.862572924292725,1.7453502227707989,2.581390101567838,2.8813635168313296,0.7
full_seed11_drift_0p2_noise0p25_s5_a0p3_b0p8,11,drift,0.2,0.25,5,0.3,fpr_owa,1.8033124620651664,1.8731122932892303,1.7485018190887929,2.5680035887528394,2.780508180814264,0.8
full_seed11_drift_0p2_noise0p25_s5_a0p3_b0p8,11,drift,0.2,0.25,5,0.3,crp,1.8074206784967892,1.8786541249113564,1.726182537071661,2.589559502381758,2.8182343888801613,0.8
full_seed11_drift_0p2_noise0p25_s9_a0p2_b0p7,11,drift,0.2,0.25,9,0.2,fpr_owa,1.7699120239708506,1.8425992874816084,1.6975898359788784,2.5972286049748834,3.0305180084696874,0.7
full_seed11_drift_0p2_noise0p25_s9_a0p2_b0p7,11,drift,0.2,0.25,9,0.2,crp,1.7943920594458784,1.870156809088653,1.7547065804937592,2.598714309374304,3.288042443490629,0.7
full_seed11_drift_0p2_noise0p25_s9_a0p3_b0p8,11,drift,0.2,0.25,9,0.3,fpr_owa,1.746558737619638,1.8160426015476516,1.6923949027081786,2.5211505520280766,2.734508463761609,0.8
full_seed11_drift_0p2_noise0p25_s9_a0p3_b0p8,11,drift,0.2,0.25,9,0.3,crp,1.76057739308008,1.8336426969516435,1.739151469720963,2.572821296270582,2.8721993931105936,0.8
full_seed11_drift_0p2_noise0p5_s13_a0p2_b0p7,11,drift,0.2,0.5,13,0.2,fpr_owa,1.2668770841798564,1.3511205453483257,1.263434402574169,2.047008279251077,2.363915295318339,0.7
full_seed11_drift_0p2_noise0p5_s13_a0p2_b0p7,11,drift,0.2,0.5,13,0.2,crp,1.3416579219676814,1.450694138350605,1.2775713400645148,2.2595896740185526,3.973833064354712,0.7
full_seed11_drift_0p2_noise0p5_s13_a0p3_b0p8,11,drift,0.2,0.5,13,0.3,fpr_owa,1.3611024574775132,1.4643486289950147,1.2762746346860627,2.282084598689531,2.964941946774711,0.8
full_seed11_drift_0p2_noise0p5_s13_a0p3_b0p8,11,drift,0.2,0.5,13,0.3,crp,1.428616084274868,1.5552369113241036,1.3726534519843452,2.3986176586309376,3.407723127455517,0.8
full_seed11_drift_0p2_noise0p5_s5_a0p2_b0p7,11,drift,0.2,0.5,5,0.2,fpr_owa,1.80178988501184,1.8867271480255108,1.765108379922567,2.6846289267011563,3.3302754737675038,0.7
full_seed11_drift_0p2_noise0p5_s5_a0p2_b0p7,11,drift,0.2,0.5,5,0.2,crp,1.802176693855832,1.8857619069606928,1.7333250636257864,2.7216760704083023,3.0526162785888755,0.7
full_seed11_drift_0p2_noise0p5_s5_a0p3_b0p8,11,drift,0.2,0.5,5,0.3,fpr_owa,1.8199530359762304,1.9036090412983409,1.750480242222706,2.735134597217824,3.157534012913184,0.8
full_seed11_drift_0p2_noise0p5_s5_a0p3_b0p8,11,drift,0.2,0.5,5,0.3,crp,1.8026788642032383,1.8904390047653603,1.751422128471622,2.7633542161770386,3.056536360992541,0.8
full_seed11_drift_0p2_noise0p5_s9_a0p2_b0p7,11,drift,0.2,0.5,9,0.2,fpr_owa,1.750564814152375,1.835406534432541,1.6727961820660482,2.6221388588895,3.255382594386408,0.7
full_seed11_drift_0p2_noise0p5_s9_a0p2_b0p7,11,drift,0.2,0.5,9,0.2,crp,1.7725663089738746,1.8612100666467244,1.7088909468548188,2.678371040111863,3.328297218154735,0.7
full_seed11_drift_0p2_noise0p5_s9_a0p3_b0p8,11,drift,0.2,0.5,9,0.3,fpr_owa,1.7269399410822086,1.8088725918027568,1.7158511457965069,2.546658713438171,2.966145204740916,0.8
full_seed11_drift_0p2_noise0p5_s9_a0p3_b0p8,11,drift,0.2,0.5,9,0.3,crp,1.7343495295664473,1.8167685650812568,1.6535086696017558,2.6391845242462764,2.9352986183006875,0.8
full_seed11_drift_0p3_noise0p1_s13_a0p2_b0p7,11,drift,0.3,0.1,13,0.2,fpr_owa,1.1763394699146654,1.2462193720384924,1.117472049718084,1.7463713123152782,2.9122426208878145,0.7
full_seed11_drift_0p3_noise0p1_s13_a0p2_b0p7,11,drift,0.3,0.1,13,0.2,crp,1.1516663661693187,1.2253022122489623,1.117472049718084,1.7463713123152782,2.9122426208878145,0.7
full_seed11_drift_0p3_noise0p1_s13_a0p3_b0p8,11,drift,0.3,0.1,13,0.3,fpr_owa,1.3521665056539036,1.4752358831363923,1.2886795337479806,2.144816049048908,3.4548451589306284,0.8
full_seed11_drift_0p3_noise0p1_s13_a0p3_b0p8,11,drift,0.3,0.1,13,0.3,crp,1.3223274222603003,1.4469098917829852,1.2659418367315405,2.142881698078986,3.4548451589306284,0.8
full_seed11_drift_0p3_noise0p1_s5_a0p2_b0p7,11,drift,0.3,0.1,5,0.2,fpr_owa,1.933603372074886,2.03379830594796,1.8269044498976887,3.1323822011806244,3.539523827520332,0.7
full_seed11_drift_0p3_noise0p1_s5_a0p2_b0p7,11,drift,0.3,0.1,5,0.2,crp,1.932355302793956,2.0359988840923093,1.8269044498976887,3.138845865068069,3.539523827520332,0.7
full_seed11_drift_0p3_noise0p1_s5_a0p3_b0p8,11,drift,0.3,0.1,5,0.3,fpr_owa,1.8864083256187267,1.9625238218159984,1.9051411210170304,2.737321886333847,2.9890403340808187,0.8
full_seed11_drift_0p3_noise0p1_s5_a0p3_b0p8,11,drift,0.3,0.1,5,0.3,crp,1.8859327213806467,1.9678677768794504,1.8985343223867532,2.759228241960995,3.2743304909576585,0.8
full_seed11_drift_0p3_noise0p1_s9_a0p2_b0p7,11,drift,0.3,0.1,9,0.2,fpr_owa,1.887080582664301,1.9647242500428144,1.8284934312187489,3.00229856531273,3.5136678656391545,0.7
full_seed11_drift_0p3_noise0p1_s9_a0p2_b0p7,11,drift,0.3,0.1,9,0.2,crp,1.8999519616652716,1.9845652856148408,1.8307006435518591,3.108599599483862,3.6404525438690527,0.7
full_seed11_drift_0p3_noise0p1_s9_a0p3_b0p8,11,drift,0.3,0.1,9,0.3,fpr_owa,1.8093219973988752,1.8882339432386976,1.772457455505121,2.710594319020209,3.059422889702295,0.8
full_seed11_drift_0p3_noise0p1_s9_a0p3_b0p8,11,drift,0.3,0.1,9,0.3,crp,1.8197936851093133,1.9011968198202684,1.7858477032861209,2.7697261676601923,3.1398587875292847,0.8
full_seed11_drift_0p3_noise0p25_s13_a0p2_b0p7,11,drift,0.3,0.25,13,0.2,fpr_owa,1.2382953910186614,1.3169913998756315,1.1832512432811066,1.9261130615312243,3.014320785450427,0.7
full_seed11_drift_0p3_noise0p25_s13_a0p2_b0p7,11,drift,0.3,0.25,13,0.2,crp,1.2139625672358838,1.3057482663558315,1.1735738154320887,1.9248087807175664,3.014320785450427,0.7
full_seed11_drift_0p3_noise0p25_s13_a0p3_b0p8,11,drift,0.3,0.25,13,0.3,fpr_owa,1.372028292585413,1.5003773652036811,1.277699195105906,2.280239652926668,3.426615788121892,0.8
full_seed11_drift_0p3_noise0p25_s13_a0p3_b0p8,11,drift,0.3,0.25,13,0.3,crp,1.3443320001387389,1.48175640656666,1.252697540118088,2.296047774514361,3.1256980359978006,0.8
full_seed11_drift_0p3_noise0p25_s5_a0p2_b0p7,11,drift,0.3,0.25,5,0.2,fpr_owa,1.9650023255342588,2.0637977366569658,1.9516101393353091,3.110442987563981,3.565886620209932,0.7
full_seed11_drift_0p3_noise0p25_s5_a0p2_b0p7,11,drift,0.3,0.25,5,0.2,crp,1.9761225884487037,2.0822309761442965,1.954343361945152,3.169218808416744,3.993807989686932,0.7
full_seed11_drift_0p3_noise0p25_s5_a0p3_b0p8,11,drift,0.3,0.25,5,0.3,fpr_owa,1.9070219460191595,1.9830271454912811,1.9443468167487947,2.7417282046009226,3.038802040726257,0.8
full_seed11_drift_0p3_noise0p25_s5_a0p3_b0p8,11,drift,0.3,0.25,5,0.3,crp,1.9234632640909952,2.014280590199772,1.9369638042860544,2.793506684849333,4.000768172164183,0.8
full_seed11_drift_0p3_noise0p25_s9_a0p2_b0p7,11,drift,0.3,0.25,9,0.2,fpr_owa,1.8787377637060425,1.967741569773919,1.8325247134851732,3.1171363379539594,3.604136877128066,0.7
full_seed11_drift_0p3_noise0p25_s9_a0p2_b0p7,11,drift,0.3,0.25,9,0.2,crp,1.892510596877388,1.9877864876285405,1.862644735551184,3.0967605994939844,4.041779770842635,0.7
full_seed11_drift_0p3_noise0p25_s9_a0p3_b0p8,11,drift,0.3,0.25,9,0.3,fpr_owa,1.8125901291018625,1.8929811533336631,1.7827357244323063,2.7651262060564155,3.046196869281279,0.8
full_seed11_drift_0p3_noise0p25_s9_a0p3_b0p8,11,drift,0.3,0.25,9,0.3,crp,1.8291799792769927,1.915437766186676,1.7807470523971385,2.786107483282924,3.4613376180349587,0.8
full_seed11_drift_0p3_noise0p5_s13_a0p2_b0p7,11,drift,0.3,0.5,13,0.2,fpr_owa,1.3369278015795485,1.4297673232214512,1.3507216818322534,2.1342369543316373,3.011843190322542,0.7
full_seed11_drift_0p3_noise0p5_s13_a0p2_b0p7,11,drift,0.3,0.5,13,0.2,crp,1.389528628008303,1.5097388252636277,1.319345548773025,2.351965585723792,3.973833064354712,0.7
full_seed11_drift_0p3_noise0p5_s13_a0p3_b0p8,11,drift,0.3,0.5,13,0.3,fpr_owa,1.3812462654631414,1.502227402566455,1.34025927816716,2.2890138410252656,3.4603458367099624,0.8
full_seed11_drift_0p3_noise0p5_s13_a0p3_b0p8,11,drift,0.3,0.5,13,0.3,crp,1.4410414883829714,1.5845087759817744,1.349297796897289,2.435217793023626,3.743575323333405,0.8
full_seed11_drift_0p3_noise0p5_s5_a0p2_b0p7,11,drift,0.3,0.5,5,0.2,fpr_owa,2.00668446272097,2.136838264699525,1.9389376916807697,3.1882599717185216,4.8758665664416245,0.7
full_seed11_drift_0p3_noise0p5_s5_a0p2_b0p7,11,drift,0.3,0.5,5,0.2,crp,2.004234954076613,2.1460901891199837,1.9227075778146188,3.2024228502747016,4.8758665664416245,0.7
full_seed11_drift_0p3_noise0p5_s5_a0p3_b0p8,11,drift,0.3,0.5,5,0.3,fpr_owa,1.9590981612896037,2.06536850702029,1.8967021739639751,2.983827027333592,4.216383334483008,0.8
full_seed11_drift_0p3_noise0p5_s5_a0p3_b0p8,11,drift,0.3,0.5,5,0.3,crp,1.9896514367393048,2.133809660590373,1.8990318109643511,3.0307912546843965,4.881766263737358,0.8
full_seed11_drift_0p3_noise0p5_s9_a0p2_b0p7,11,drift,0.3,0.5,9,0.2,fpr_owa,1.848399047495148,1.9535337156833728,1.7471756936899612,3.093722610578354,3.940980195536341,0.7
full_seed11_drift_0p3_noise0p5_s9_a0p2_b0p7,11,drift,0.3,0.5,9,0.2,crp,1.858704873391091,1.9705664506049447,1.7894384007538442,3.052371329639679,4.321792395096948,0.7
full_seed11_drift_0p3_noise0p5_s9_a0p3_b0p8,11,drift,0.3,0.5,9,0.3,fpr_owa,1.7925340736336424,1.886302340289211,1.7434167459180805,2.86540125774134,3.4020219470639823,0.8
full_seed11_drift_0p3_noise0p5_s9_a0p3_b0p8,11,drift,0.3,0.5,9,0.3,crp,1.799214052738798,1.9013060866148872,1.7351407933220735,2.7993462950526373,4.188579602144106,0.8
full_seed11_drift_0p4_noise0p1_s13_a0p2_b0p7,11,drift,0.4,0.1,13,0.2,fpr_owa,1.294710318110062,1.3730168764685746,1.220924875755438,1.936164547125656,3.2095010295574045,0.7
full_seed11_drift_0p4_noise0p1_s13_a0p2_b0p7,11,drift,0.4,0.1,13,0.2,crp,1.2628340609263868,1.3496189274706485,1.1838883947891894,1.981395117701975,3.2095010295574045,0.7
full_seed11_drift_0p4_noise0p1_s13_a0p3_b0p8,11,drift,0.4,0.1,13,0.3,fpr_owa,1.4795635028195373,1.6010691578793363,1.3739535433231702,2.3838524681511566,3.834294378595154,0.8
full_seed11_drift_0p4_noise0p1_s13_a0p3_b0p8,11,drift,0.4,0.1,13,0.3,crp,1.440157226673717,1.574398489926962,1.3339819928933,2.420894734376513,3.834294378595154,0.8
full_seed11_drift_0p4_noise0p1_s5_a0p2_b0p7,11,drift,0.4,0.1,5,0.2,fpr_owa,1.933603372074886,2.03379830594796,1.8269044498976887,3.1323822011806244,3.539523827520332,0.7
full_seed11_drift_0p4_noise0p1_s5_a0p2_b0p7,11,drift,0.4,0.1,5,0.2,crp,1.932355302793956,2.0359988840923093,1.8269044498976887,3.138845865068069,3.539523827520332,0.7
full_seed11_drift_0p4_noise0p1_s5_a0p3_b0p8,11,drift,0.4,0.1,5,0.3,fpr_owa,1.8864083256187267,1.9625238218159984,1.9051411210170304,2.737321886333847,2.9890403340808187,0.8
full_seed11_drift_0p4_noise0p1_s5_a0p3_b0p8,11,drift,0.4,0.1,5,0.3,crp,1.8859327213806467,1.9678677768794504,1.8985343223867532,2.759228241960995,3.2743304909576585,0.8
full_seed11_drift_0p4_noise0p1_s9_a0p2_b0p7,11,drift,0.4,0.1,9,0.2,fpr_owa,2.019510214894939,2.1352199686267963,1.9634315040505743,3.680095382236398,4.127001198972488,0.7
full_seed11_drift_0p4_noise0p1_s9_a0p2_b0p7,11,drift,0.4,0.1,9,0.2,crp,2.039795890443864,2.165385375304919,1.9462918255767272,3.7874151177081816,4.127001198972488,0.7
full_seed11_drift_0p4_noise0p1_s9_a0p3_b0p8,11,drift,0.4,0.1,9,0.3,fpr_owa,1.9271249118415976,2.0268947541415225,1.8718776325195856,3.205102870134556,3.6010051930393474,0.8
full_seed11_drift_0p4_noise0p1_s9_a0p3_b0p8,11,drift,0.4,0.1,9,0.3,crp,1.952673402202892,2.066002635601266,1.8718776325195856,3.388066190001556,4.058238292777048,0.8
full_seed11_drift_0p4_noise0p25_s13_a0p2_b0p7,11,drift,0.4,0.25,13,0.2,fpr_owa,1.3708604071232264,1.4607130761056082,1.3308681712655577,2.1599004293836237,3.2580206688031774,0.7
full_seed11_drift_0p4_noise0p25_s13_a0p2_b0p7,11,drift,0.4,0.25,13,0.2,crp,1.3357243090075033,1.4485593069982854,1.267568274519338,2.340174295044789,3.62366658041142,0.7
full_seed11_drift_0p4_noise0p25_s13_a0p3_b0p8,11,drift,0.4,0.25,13,0.3,fpr_owa,1.4930673524569325,1.6264377619237125,1.4095861845498625,2.424687071174901,3.8044777693434177,0.8
full_seed11_drift_0p4_noise0p25_s13_a0p3_b0p8,11,drift,0.4,0.25,13,0.3,crp,1.448944755920544,1.6082943476498306,1.3578579922457814,2.5563732327961244,4.099102327767283,0.8
full_seed11_drift_0p4_noise0p25_s5_a0p2_b0p7,11,drift,0.4,0.25,5,0.2,fpr_owa,1.9650023255342588,2.0637977366569658,1.9516101393353091,3.110442987563981,3.565886620209932,0.7
full_seed11_drift_0p4_noise0p25_s5_a0p2_b0p7,11,drift,0.4,0.25,5,0.2,crp,1.9761225884487037,2.0822309761442965,1.954343361945152,3.169218808416744,3.993807989686932,0.7
full_seed11_drift_0p4_noise0p25_s5_a0p3_b0p8,11,drift,0.4,0.25,5,0.3,fpr_owa,1.9070219460191595,1.9830271454912811,1.9443468167487947,2.7417282046009226,3.038802040726257,0.8
full_seed11_drift_0p4_noise0p25_s5_a0p3_b0p8,11,drift,0.4,0.25,5,0.3,crp,1.9234632640909952,2.014280590199772,1.9369638042860544,2.793506684849333,4.000768172164183,0.8
full_seed11_drift_0p4_noise0p25_s9_a0p2_b0p7,11,drift,0.4,0.25,9,0.2,fpr_owa,1.997677997586229,2.118635896916221,1.9538166620729152,3.712642836250122,4.095301505364583,0.7
full_seed11_drift_0p4_noise0p25_s9_a0p2_b0p7,11,drift,0.4,0.25,9,0.2,crp,2.013340629364175,2.143925350840373,1.9541110758297064,3.781405543537361,4.095301505364583,0.7
full_seed11_drift_0p4_noise0p25_s9_a0p3_b0p8,11,drift,0.4,0.25,9,0.3,fpr_owa,1.91755413950608,2.0179837570378245,1.8854141458626184,3.2078374726223284,3.5339500000399635,0.8
full_seed11_drift_0p4_noise0p25_s9_a0p3_b0p8,11,drift,0.4,0.25,9,0.3,crp,1.959031443914572,2.083419747027269,1.8854141458626184,3.468498434183286,4.228451085534272,0.8
full_seed11_drift_0p4_noise0p5_s13_a0p2_b0p7,11,drift,0.4,0.5,13,0.2,fpr_owa,1.4461266523473049,1.5544775925260346,1.427762600026343,2.4997624728764305,3.4708668507878766,0.7
full_seed11_drift_0p4_noise0p5_s13_a0p2_b0p7,11,drift,0.4,0.5,13,0.2,crp,1.4978952251830882,1.646980734955009,1.4422101963392542,2.646035163002742,4.509895971682783,0.7
full_seed11_drift_0p4_noise0p5_s13_a0p3_b0p8,11,drift,0.4,0.5,13,0.3,fpr_owa,1.47293937284305,1.6086767565148683,1.3800840746225465,2.493046517332183,3.746072755699421,0.8
full_seed11_drift_0p4_noise0p5_s13_a0p3_b0p8,11,drift,0.4,0.5,13,0.3,crp,1.5577676856430154,1.741065241290398,1.4999103741703887,2.7078131096057723,4.643092317017292,0.8
full_seed11_drift_0p4_noise0p5_s5_a0p2_b0p7,11,drift,0.4,0.5,5,0.2,fpr_owa,2.00668446272097,2.136838264699525,1.9389376916807697,3.1882599717185216,4.8758665664416245,0.7
full_seed11_drift_0p4_noise0p5_s5_a0p2_b0p7,11,drift,0.4,0.5,5,0.2,crp,2.004234954076613,2.1460901891199837,1.9227075778146188,3.2024228502747016,4.8758665664416245,0.7
full_seed11_drift_0p4_noise0p5_s5_a0p3_b0p8,11,drift,0.4,0.5,5,0.3,fpr_owa,1.9590981612896037,2.06536850702029,1.8967021739639751,2.983827027333592,4.216383334483008,0.8
full_seed11_drift_0p4_noise0p5_s5_a0p3_b0p8,11,drift,0.4,0.5,5,0.3,crp,1.9896514367393048,2.133809660590373,1.8990318109643511,3.0307912546843965,4.881766263737358,0.8
full_seed11_drift_0p4_noise0p5_s9_a0p2_b0p7,11,drift,0.4,0.5,9,0.2,fpr_owa,1.9478434634879107,2.077804621622849,1.881764795910388,3.556534396626362,4.115068719107072,0.7
full_seed11_drift_0p4_noise0p5_s9_a0p2_b0p7,11,drift,0.4,0.5,9,0.2,crp,1.9667378683925272,2.1063336618289674,1.8996161380552847,3.681386800667613,4.515325656592246,0.7
full_seed11_drift_0p4_noise0p5_s9_a0p3_b0p8,11,drift,0.4,0.5,9,0.3,fpr_owa,1.8860092184854544,1.9984043572889345,1.8335271059531757,3.317791868618845,3.803258960653031,0.8
full_seed11_drift_0p4_noise0p5_s9_a0p3_b0p8,11,drift,0.4,0.5,9,0.3,crp,1.9267882109908925,2.0654559715439733,1.825610400100812,3.4123886521259537,4.592360213435712,0.8
full_seed11_freeze_0p0_noise0p1_s13_a0p2_b0p7,11,freeze,0.0,0.1,13,0.2,fpr_owa,1.2030380377571297,1.251722441779351,1.2026784507458006,1.6480635543117987,1.7018842003615893,0.7
full_seed11_freeze_0p0_noise0p1_s13_a0p2_b0p7,11,freeze,0.0,0.1,13,0.2,crp,1.1923016131032595,1.241650456299564,1.1996809234949923,1.6368566356805183,1.7018842003615893,0.7
full_seed11_freeze_0p0_noise0p1_s13_a0p3_b0p8,11,freeze,0.0,0.1,13,0.3,fpr_owa,1.4692993938784018,1.5449144247902484,1.433608269751376,2.093640686237393,2.1531616283456394,0.8
full_seed11_freeze_0p0_noise0p1_s13_a0p3_b0p8,11,freeze,0.0,0.1,13,0.3,crp,1.4580278010339904,1.5359058631298863,1.433608269751376,2.075424891678821,2.145463900501399,0.8
full_seed11_freeze_0p0_noise0p1_s5_a0p2_b0p7,11,freeze,0.0,0.1,5,0.2,fpr_owa,1.7641788435487618,1.8344957748451296,1.6378153881221,2.480498620302904,2.605539676523132,0.7
full_seed11_freeze_0p0_noise0p1_s5_a0p2_b0p7,11,freeze,0.0,0.1,5,0.2,crp,1.7595234470387051,1.830669539154783,1.6378153881221,2.4811078752419355,2.616528232453659,0.7
full_seed11_freeze_0p0_noise0p1_s5_a0p3_b0p8,11,freeze,0.0,0.1,5,0.3,fpr_owa,1.774467932880156,1.850312605071101,1.6740220907729897,2.48608007812878,2.5953096084478187,0.8
full_seed11_freeze_0p0_noise0p1_s5_a0p3_b0p8,11,freeze,0.0,0.1,5,0.3,crp,1.771307045375303,1.8484151901269616,1.6740220907729897,2.487659601064231,2.627800092357878,0.8
full_seed11_freeze_0p0_noise0p1_s9_a0p2_b0p7,11,freeze,0.0,0.1,9,0.2,fpr_owa,1.76382617176232,1.818790851360434,1.646441406201646,2.403961893301196,2.574826357871061,0.7
full_seed11_freeze_0p0_noise0p1_s9_a0p2_b0p7,11,freeze,0.0,0.1,9,0.2,crp,1.7692191663261745,1.825668705284049,1.6437998973188763,2.4216211084042825,2.574826357871061,0.7
full_seed11_freeze_0p0_noise0p1_s9_a0p3_b0p8,11,freeze,0.0,0.1,9,0.3,fpr_owa,1.7391030676721655,1.8148932617376512,1.576794331174129,2.4696643260282585,2.5362443408446937,0.8
full_seed11_freeze_0p0_noise0p1_s9_a0p3_b0p8,11,freeze,0.0,0.1,9,0.3,crp,1.7391920595163377,1.8156560688906616,1.5763991150932015,2.4829934201363586,2.5416533859161623,0.8
full_seed11_freeze_0p0_noise0p25_s13_a0p2_b0p7,11,freeze,0.0,0.25,13,0.2,fpr_owa,1.2367405563130776,1.2975391058372567,1.231759497280631,1.7918660933805393,1.9569972867118044,0.7
full_seed11_freeze_0p0_noise0p25_s13_a0p2_b0p7,11,freeze,0.0,0.25,13,0.2,crp,1.2432274408195605,1.3064400011271446,1.2484342887483248,1.83526605124412,2.15618531726692,0.7
full_seed11_freeze_0p0_noise0p25_s13_a0p3_b0p8,11,freeze,0.0,0.25,13,0.3,fpr_owa,1.4406965827838207,1.5385127187146916,1.3426406936018875,2.1780674388216434,2.3214884090002728,0.8
full_seed11_freeze_0p0_noise0p25_s13_a0p3_b0p8,11,freeze,0.0,0.25,13,0.3,crp,1.4532316054228362,1.5544980511208073,1.4085075228257011,2.205769011537331,2.4259092759061747,0.8
full_seed11_freeze_0p0_noise0p25_s5_a0p2_b0p7,11,freeze,0.0,0.25,5,0.2,fpr_owa,1.768739992363102,1.8408338656066765,1.6648480772683014,2.521330051813962,2.8249633333898125,0.7
full_seed11_freeze_0p0_noise0p25_s5_a0p2_b0p7,11,freeze,0.0,0.25,5,0.2,crp,1.772498896996404,1.8455890200440888,1.6648480772683014,2.5516486310132764,2.796271661390479,0.7
full_seed11_freeze_0p0_noise0p25_s5_a0p3_b0p8,11,freeze,0.0,0.25,5,0.3,fpr_owa,1.7807210666317297,1.853421338503683,1.700543780777097,2.5455608840162336,2.780508180814264,0.8
full_seed11_freeze_0p0_noise0p25_s5_a0p3_b0p8,11,freeze,0.0,0.25,5,0.3,crp,1.781535411235672,1.8552182511234132,1.694669890884244,2.557545477919508,2.8182343888801613,0.8
full_seed11_freeze_0p0_noise0p25_s9_a0p2_b0p7,11,freeze,0.0,0.25,9,0.2,fpr_owa,1.7461352404491015,1.8089103731019336,1.645012760945749,2.447591344300196,2.526468902583454,0.7
full_seed11_freeze_0p0_noise0p25_s9_a0p2_b0p7,11,freeze,0.0,0.25,9,0.2,crp,1.754017242317624,1.8180476972437611,1.678722815176287,2.453444355782547,2.6612725501849623,0.7
full_seed11_freeze_0p0_noise0p25_s9_a0p3_b0p8,11,freeze,0.0,0.25,9,0.3,fpr_owa,1.7255843389288017,1.797624491851203,1.630210464348906,2.4853318189876945,2.5830073309369843,0.8
full_seed11_freeze_0p0_noise0p25_s9_a0p3_b0p8,11,freeze,0.0,0.25,9,0.3,crp,1.734677598816461,1.8071715116155955,1.642564733615625,2.482625462652478,2.6907313255960936,0.8
full_seed11_freeze_0p0_noise0p5_s13_a0p2_b0p7,11,freeze,0.0,0.5,13,0.2,fpr_owa,1.2941491831629997,1.3694718070207743,1.2970916190651125,1.979666615836429,2.2904240069420423,0.7
full_seed11_freeze_0p0_noise0p5_s13_a0p2_b0p7,11,freeze,0.0,0.5,13,0.2,crp,1.3674282165417782,1.450480036608163,1.325280272641736,2.138401466959279,2.437295699125634,0.7
full_seed11_freeze_0p0_noise0p5_s13_a0p3_b0p8,11,freeze,0.0,0.5,13,0.3,fpr_owa,1.3879873128426703,1.4873215954875596,1.3082925736137798,2.2245555160048647,2.5341441719155235,0.8
full_seed11_freeze_0p0_noise0p5_s13_a0p3_b0p8,11,freeze,0.0,0.5,13,0.3,crp,1.473180330623073,1.5808437361602397,1.4048842435478974,2.3993470548189246,2.5575828732332195,0.8
full_seed11_freeze_0p0_noise0p5_s5_a0p2_b0p7,11,freeze,0.0,0.5,5,0.2,fpr_owa,1.7926018622007016,1.87783469716562,1.7723700273181024,2.684271847491995,3.190669428167615,0.7
full_seed11_freeze_0p0_noise0p5_s5_a0p2_b0p7,11,freeze,0.0,0.5,5,0.2,crp,1.7855667999347693,1.866313238653095,1.727268489818366,2.642087428337984,2.907897243440372,0.7
full_seed11_freeze_0p0_noise0p5_s5_a0p3_b0p8,11,freeze,0.0,0.5,5,0.3,fpr_owa,1.791824928608006,1.876863939248184,1.7385226185681226,2.7228923880791,3.101963578061354,0.8
full_seed11_freeze_0p0_noise0p5_s5_a0p3_b0p8,11,freeze,0.0,0.5,5,0.3,crp,1.793218357089614,1.882204191552458,1.735392973993215,2.7481516084059834,3.015211503857449,0.8
full_seed11_freeze_0p0_noise0p5_s9_a0p2_b0p7,11,freeze,0.0,0.5,9,0.2,fpr_owa,1.7053325554692842,1.7803703247585505,1.6412696103953297,2.503828933608913,2.7646347948997105,0.7
full_seed11_freeze_0p0_noise0p5_s9_a0p2_b0p7,11,freeze,0.0,0.5,9,0.2,crp,1.730285672625853,1.8054878873330868,1.6480621731582354,2.5317295391934582,2.7456484824300014,0.7
full_seed11_freeze_0p0_noise0p5_s9_a0p3_b0p8,11,freeze,0.0,0.5,9,0.3,fpr_owa,1.7003480934025528,1.778436934064852,1.654233640163059,2.5271347718124075,2.864073642446804,0.8
full_seed11_freeze_0p0_noise0p5_s9_a0p3_b0p8,11,freeze,0.0,0.5,9,0.3,crp,1.7128507431029911,1.7897104461679323,1.6562770994936615,2.5525808236867014,2.8474494451655707,0.8
full_seed11_freeze_0p1_noise0p1_s13_a0p2_b0p7,11,freeze,0.1,0.1,13,0.2,fpr_owa,1.2028870320099634,1.2517264011600946,1.2028869382646048,1.6451687957481138,1.7018842003615893,0.7
full_seed11_freeze_0p1_noise0p1_s13_a0p2_b0p7,11,freeze,0.1,0.1,13,0.2,crp,1.1918464242509108,1.2413842696071753,1.2026784507458006,1.6352988804748927,1.7018842003615893,0.7
full_seed11_freeze_0p1_noise0p1_s13_a0p3_b0p8,11,freeze,0.1,0.1,13,0.3,fpr_owa,1.466581905655965,1.5396005637632997,1.438209196647089,2.076064272719471,2.1531616283456394,0.8
full_seed11_freeze_0p1_noise0p1_s13_a0p3_b0p8,11,freeze,0.1,0.1,13,0.3,crp,1.4554215189834727,1.530692426173769,1.438209196647089,2.0474429644785044,2.142803008081392,0.8
full_seed11_freeze_0p1_noise0p1_s5_a0p2_b0p7,11,freeze,0.1,0.1,5,0.2,fpr_owa,1.7641788435487618,1.8344957748451296,1.6378153881221,2.480498620302904,2.605539676523132,0.7
full_seed11_freeze_0p1_noise0p1_s5_a0p2_b0p7,11,freeze,0.1,0.1,5,0.2,crp,1.7595234470387051,1.830669539154783,1.6378153881221,2.4811078752419355,2.616528232453659,0.7
full_seed11_freeze_0p1_noise0p1_s5_a0p3_b0p8,11,freeze,0.1,0.1,5,0.3,fpr_owa,1.774467932880156,1.850312605071101,1.6740220907729897,2.48608007812878,2.5953096084478187,0.8
full_seed11_freeze_0p1_noise0p1_s5_a0p3_b0p8,11,freeze,0.1,0.1,5,0.3,crp,1.771307045375303,1.8484151901269616,1.6740220907729897,2.487659601064231,2.627800092357878,0.8
full_seed11_freeze_0p1_noise0p1_s9_a0p2_b0p7,11,freeze,0.1,0.1,9,0.2,fpr_owa,1.7442171931314396,1.7979080875696734,1.6442538065229038,2.38301733195241,2.574826357871061,0.7
full_seed11_freeze_0p1_noise0p1_s9_a0p2_b0p7,11,freeze,0.1,0.1,9,0.2,crp,1.749459871419365,1.8045823002185224,1.6341521441208244,2.404147260433331,2.574826357871061,0.7
full_seed11_freeze_0p1_noise0p1_s9_a0p3_b0p8,11,freeze,0.1,0.1,9,0.3,fpr_owa,1.703875624341919,1.778854370865052,1.5608212187806985,2.457145504089235,2.5362443408446937,0.8
full_seed11_freeze_0p1_noise0p1_s9_a0p3_b0p8,11,freeze,0.1,0.1,9,0.3,crp,1.704593394627053,1.7803065670772995,1.5430595715235098,2.459884514123483,2.5416533859161623,0.8
full_seed11_freeze_0p1_noise0p25_s13_a0p2_b0p7,11,freeze,0.1,0.25,13,0.2,fpr_owa,1.2301907176203382,1.2918522109471815,1.2369885657786412,1.790700125478227,1.9569972867118044,0.7
full_seed11_freeze_0p1_noise0p25_s13_a0p2_b0p7,11,freeze,0.1,0.25,13,0.2,crp,1.2402178597749058,1.3027698121546558,1.249232274334918,1.803498902014528,2.15618531726692,0.7
full_seed11_freeze_0p1_noise0p25_s13_a0p3_b0p8,11,freeze,0.1,0.25,13,0.3,fpr_owa,1.4299275138082863,1.5268607273978374,1.3435209751131676,2.1614053166065914,2.3214884090002728,0.8
full_seed11_freeze_0p1_noise0p25_s13_a0p3_b0p8,11,freeze,0.1,0.25,13,0.3,crp,1.4454626093121283,1.543818380773563,1.4205089711199934,2.2043388374299018,2.4259092759061747,0.8
full_seed11_freeze_0p1_noise0p25_s5_a0p2_b0p7,11,freeze,0.1,0.25,5,0.2,fpr_owa,1.768739992363102,1.8408338656066765,1.6648480772683014,2.521330051813962,2.8249633333898125,0.7
full_seed11_freeze_0p1_noise0p25_s5_a0p2_b0p7,11,freeze,0.1,0.25,5,0.2,crp,1.772498896996404,1.8455890200440888,1.6648480772683014,2.5516486310132764,2.796271661390479,0.7
full_seed11_freeze_0p1_noise0p25_s5_a0p3_b0p8,11,freeze,0.1,0.25,5,0.3,fpr_owa,1.7807210666317297,1.853421338503683,1.700543780777097,2.5455608840162336,2.780508180814264,0.8
full_seed11_freeze_0p1_noise0p25_s5_a0p3_b0p8,11,freeze,0.1,0.25,5,0.3,crp,1.781535411235672,1.8552182511234132,1.694669890884244,2.557545477919508,2.8182343888801613,0.8
full_seed11_freeze_0p1_noise0p25_s9_a0p2_b0p7,11,freeze,0.1,0.25,9,0.2,fpr_owa,1.724634653433635,1.7869977558676164,1.6451651040881632,2.437536876326176,2.5153981132942484,0.7
full_seed11_freeze_0p1_noise0p25_s9_a0p2_b0p7,11,freeze,0.1,0.25,9,0.2,crp,1.7332076483353889,1.7957819392724226,1.678722815176287,2.4387626656302563,2.6612725501849623,0.7
full_seed11_freeze_0p1_noise0p25_s9_a0p3_b0p8,11,freeze,0.1,0.25,9,0.3,fpr_owa,1.6921028921701098,1.763514400800238,1.6210691254499563,2.4853318189876945,2.5830073309369843,0.8
full_seed11_freeze_0p1_noise0p25_s9_a0p3_b0p8,11,freeze,0.1,0.25,9,0.3,crp,1.70078140634256,1.7718465446270166,1.636294357681738,2.4744611436369213,2.6907313255960936,0.8
full_seed11_freeze_0p1_noise0p5_s13_a0p2_b0p7,11,freeze,0.1,0.5,13,0.2,fpr_owa,1.2816876311661145,1.3553001736868289,1.293990515181961,1.9492338214954077,2.214796841705948,0.7
full_seed11_freeze_0p1_noise0p5_s13_a0p2_b0p7,11,freeze,0.1,0.5,13,0.2,crp,1.3478281597040984,1.4317601232179178,1.2958201397399531,2.0996253570902605,2.420539982181124,0.7
full_seed11_freeze_0p1_noise0p5_s13_a0p3_b0p8,11,freeze,0.1,0.5,13,0.3,fpr_owa,1.3628206691787326,1.4588011002374413,1.314224835942306,2.184100278433464,2.476717227989487,0.8
full_seed11_freeze_0p1_noise0p5_s13_a0p3_b0p8,11,freeze,0.1,0.5,13,0.3,crp,1.4455979320989,1.552687216630427,1.3723773481123684,2.3610095890956297,2.5712377780675144,0.8
full_seed11_freeze_0p1_noise0p5_s5_a0p2_b0p7,11,freeze,0.1,0.5,5,0.2,fpr_owa,1.7926018622007016,1.87783469716562,1.7723700273181024,2.684271847491995,3.190669428167615,0.7
full_seed11_freeze_0p1_noise0p5_s5_a0p2_b0p7,11,freeze,0.1,0.5,5,0.2,crp,1.7855667999347693,1.866313238653095,1.727268489818366,2.642087428337984,2.907897243440372,0.7
full_seed11_freeze_0p1_noise0p5_s5_a0p3_b0p8,11,freeze,0.1,0.5,5,0.3,fpr_owa,1.791824928608006,1.876863939248184,1.7385226185681226,2.7228923880791,3.101963578061354,0.8
full_seed11_freeze_0p1_noise0p5_s5_a0p3_b0p8,11,freeze,0.1,0.5,5,0.3,crp,1.793218357089614,1.882204191552458,1.735392973993215,2.7481516084059834,3.015211503857449,0.8
full_seed11_freeze_0p1_noise0p5_s9_a0p2_b0p7,11,freeze,0.1,0.5,9,0.2,fpr_owa,1.6939099994106117,1.766290323674207,1.6195964509853575,2.4940419819093,2.778289699734005,0.7
full_seed11_freeze_0p1_noise0p5_s9_a0p2_b0p7,11,freeze,0.1,0.5,9,0.2,crp,1.706489121559881,1.777850274258624,1.6480621731582354,2.507015937056188,2.724692198011851,0.7
full_seed11_freeze_0p1_noise0p5_s9_a0p3_b0p8,11,freeze,0.1,0.5,9,0.3,fpr_owa,1.6737844712949264,1.7486466102595488,1.6406429668474498,2.490743616845771,2.864073642446804,0.8
full_seed11_freeze_0p1_noise0p5_s9_a0p3_b0p8,11,freeze,0.1,0.5,9,0.3,crp,1.6855416461111667,1.758474538847623,1.6462297787088884,2.5287913603500307,2.8474494451655707,0.8
full_seed11_freeze_0p2_noise0p1_s13_a0p2_b0p7,11,freeze,0.2,0.1,13,0.2,fpr_owa,1.2286464658154297,1.2719347808052737,1.2395945303919118,1.6480635543117987,1.6980898593404143,0.7
full_seed11_freeze_0p2_noise0p1_s13_a0p2_b0p7,11,freeze,0.2,0.1,13,0.2,crp,1.2170926732999992,1.2611451556366895,1.245197950187897,1.6355109853078995,1.6980898593404143,0.7
full_seed11_freeze_0p2_noise0p1_s13_a0p3_b0p8,11,freeze,0.2,0.1,13,0.3,fpr_owa,1.499613106001838,1.5670845213355542,1.4942109486542563,2.072609081667942,2.1531616283456394,0.8
full_seed11_freeze_0p2_noise0p1_s13_a0p3_b0p8,11,freeze,0.2,0.1,13,0.3,crp,1.488497691751005,1.5583861141562232,1.493027451917388,2.050934161472393,2.142803008081392,0.8
full_seed11_freeze_0p2_noise0p1_s5_a0p2_b0p7,11,freeze,0.2,0.1,5,0.2,fpr_owa,1.7130458806689026,1.7843990244773766,1.6040274838643926,2.480498620302904,2.605539676523132,0.7
full_seed11_freeze_0p2_noise0p1_s5_a0p2_b0p7,11,freeze,0.2,0.1,5,0.2,crp,1.7086967443704852,1.7807825111960058,1.6040274838643926,2.4811078752419355,2.616528232453659,0.7
full_seed11_freeze_0p2_noise0p1_s5_a0p3_b0p8,11,freeze,0.2,0.1,5,0.3,fpr_owa,1.7089937459253333,1.784430722063194,1.57942392121806,2.466498616102721,2.5953096084478187,0.8
full_seed11_freeze_0p2_noise0p1_s5_a0p3_b0p8,11,freeze,0.2,0.1,5,0.3,crp,1.705552025237702,1.7821820465167468,1.5771638780274404,2.484915400714801,2.627800092357878,0.8
full_seed11_freeze_0p2_noise0p1_s9_a0p2_b0p7,11,freeze,0.2,0.1,9,0.2,fpr_owa,1.7699562926822645,1.8218742995942645,1.700680695914481,2.3967184897844347,2.574826357871061,0.7
full_seed11_freeze_0p2_noise0p1_s9_a0p2_b0p7,11,freeze,0.2,0.1,9,0.2,crp,1.77519897097019,1.828461033338043,1.700680695914481,2.42176459567073,2.574826357871061,0.7
full_seed11_freeze_0p2_noise0p1_s9_a0p3_b0p8,11,freeze,0.2,0.1,9,0.3,fpr_owa,1.7384195157116686,1.8117904798483548,1.6212251030643436,2.4605640305153686,2.5536400951101115,0.8
full_seed11_freeze_0p2_noise0p1_s9_a0p3_b0p8,11,freeze,0.2,0.1,9,0.3,crp,1.7391372859968028,1.8132162978811963,1.6214448722475203,2.46928129051561,2.5536400951101115,0.8
full_seed11_freeze_0p2_noise0p25_s13_a0p2_b0p7,11,freeze,0.2,0.25,13,0.2,fpr_owa,1.251395937976713,1.3087907011643245,1.2670634455605412,1.7836445708299469,1.9569972867118044,0.7
full_seed11_freeze_0p2_noise0p25_s13_a0p2_b0p7,11,freeze,0.2,0.25,13,0.2,crp,1.2603792389719402,1.3216718051858845,1.2616904326233898,1.811372294553614,2.15618531726692,0.7
full_seed11_freeze_0p2_noise0p25_s13_a0p3_b0p8,11,freeze,0.2,0.25,13,0.3,fpr_owa,1.4566879107041624,1.5490452270295654,1.4791364340388855,2.1696710213730563,2.3214884090002728,0.8
full_seed11_freeze_0p2_noise0p25_s13_a0p3_b0p8,11,freeze,0.2,0.25,13,0.3,crp,1.4746015447723229,1.569224556611696,1.487321941700677,2.1993387477865567,2.4259092759061747,0.8
full_seed11_freeze_0p2_noise0p25_s5_a0p2_b0p7,11,freeze,0.2,0.25,5,0.2,fpr_owa,1.7241308073640105,1.7956922304184275,1.6285574830928446,2.530336780708545,2.8249633333898125,0.7
full_seed11_freeze_0p2_noise0p25_s5_a0p2_b0p7,11,freeze,0.2,0.25,5,0.2,crp,1.7239462054219212,1.797128839179953,1.623208699908588,2.5516486310132764,2.796271661390479,0.7
full_seed11_freeze_0p2_noise0p25_s5_a0p3_b0p8,11,freeze,0.2,0.25,5,0.3,fpr_owa,1.7232835029384346,1.796697542758572,1.6285767927522714,2.54359028374445,2.780508180814264,0.8
full_seed11_freeze_0p2_noise0p25_s5_a0p3_b0p8,11,freeze,0.2,0.25,5,0.3,crp,1.723655305725214,1.799215333119808,1.6285767927522714,2.5677482147777853,2.8182343888801613,0.8
full_seed11_freeze_0p2_noise0p25_s9_a0p2_b0p7,11,freeze,0.2,0.25,9,0.2,fpr_owa,1.7493272759167136,1.810342433423592,1.681382594372669,2.4470077354460797,2.521973157704734,0.7
full_seed11_freeze_0p2_noise0p25_s9_a0p2_b0p7,11,freeze,0.2,0.25,9,0.2,crp,1.758458873315733,1.819642379428645,1.7098634847970189,2.447811500580874,2.6612725501849623,0.7
full_seed11_freeze_0p2_noise0p25_s9_a0p3_b0p8,11,freeze,0.2,0.25,9,0.3,fpr_owa,1.7224321946088683,1.7925249529281817,1.668284193878235,2.505452646942912,2.5830073309369843,0.8
full_seed11_freeze_0p2_noise0p25_s9_a0p3_b0p8,11,freeze,0.2,0.25,9,0.3,crp,1.730950468228831,1.8006395999781744,1.6748299271528286,2.516989226360079,2.6907313255960936,0.8
full_seed11_freeze_0p2_noise0p5_s13_a0p2_b0p7,11,freeze,0.2,0.5,13,0.2,fpr_owa,1.3019724135618027,1.3737794542576065,1.312422136892076,1.9492338214954077,2.328857833792351,0.7
full_seed11_freeze_0p2_noise0p5_s13_a0p2_b0p7,11,freeze,0.2,0.5,13,0.2,crp,1.378523087143204,1.4648275406122149,1.3596054203963952,2.231550158449416,2.4465449080884394,0.7
full_seed11_freeze_0p2_noise0p5_s13_a0p3_b0p8,11,freeze,0.2,0.5,13,0.3,fpr_owa,1.3937686990937397,1.4889468438312354,1.3238082934241444,2.2149298514482583,2.463651990888692,0.8
full_seed11_freeze_0p2_noise0p5_s13_a0p3_b0p8,11,freeze,0.2,0.5,13,0.3,crp,1.467123722880738,1.5723590862264123,1.3863671876323425,2.362124913008612,2.534830230728629,0.8
full_seed11_freeze_0p2_noise0p5_s5_a0p2_b0p7,11,freeze,0.2,0.5,5,0.2,fpr_owa,1.7572618890623075,1.8405626979965963,1.7334212562837823,2.684271847491995,3.190669428167615,0.7
full_seed11_freeze_0p2_noise0p5_s5_a0p2_b0p7,11,freeze,0.2,0.5,5,0.2,crp,1.7400165185576506,1.8166903039888005,1.7168772343950254,2.6269032733662945,2.907897243440372,0.7
full_seed11_freeze_0p2_noise0p5_s5_a0p3_b0p8,11,freeze,0.2,0.5,5,0.3,fpr_owa,1.749656213517927,1.8316702358380053,1.72598660621631,2.676148380869878,3.101963578061354,0.8
full_seed11_freeze_0p2_noise0p5_s5_a0p3_b0p8,11,freeze,0.2,0.5,5,0.3,crp,1.7442214262325564,1.827436244358636,1.7317099197556924,2.7013179272416346,3.015211503857449,0.8
full_seed11_freeze_0p2_noise0p5_s9_a0p2_b0p7,11,freeze,0.2,0.5,9,0.2,fpr_owa,1.7130723279990974,1.784940621864214,1.6479687532959648,2.503644414618502,2.778289699734005,0.7
full_seed11_freeze_0p2_noise0p5_s9_a0p2_b0p7,11,freeze,0.2,0.5,9,0.2,crp,1.725121146922592,1.7965389497837922,1.67941372582369,2.515199196053802,2.724692198011851,0.7
full_seed11_freeze_0p2_noise0p5_s9_a0p3_b0p8,11,freeze,0.2,0.5,9,0.3,fpr_owa,1.6946041912482803,1.7703590011849164,1.647057831847302,2.517541225156484,2.864073642446804,0.8
full_seed11_freeze_0p2_noise0p5_s9_a0p3_b0p8,11,freeze,0.2,0.5,9,0.3,crp,1.7039931621571902,1.777373308422643,1.670665423427784,2.533530998859232,2.8474494451655707,0.8
full_seed11_freeze_0p3_noise0p1_s13_a0p2_b0p7,11,freeze,0.3,0.1,13,0.2,fpr_owa,1.2327662089326343,1.2719579514393369,1.230797361319818,1.6408114862646264,1.6831001370246317,0.7
full_seed11_freeze_0p3_noise0p1_s13_a0p2_b0p7,11,freeze,0.3,0.1,13,0.2,crp,1.2223923673630994,1.2624923779479231,1.236375913761992,1.6161498226238542,1.6782974716245536,0.7
full_seed11_freeze_0p3_noise0p1_s13_a0p3_b0p8,11,freeze,0.3,0.1,13,0.3,fpr_owa,1.5067789559828548,1.5680731077574246,1.526986907368887,2.050739632493196,2.1531616283456394,0.8
full_seed11_freeze_0p3_noise0p1_s13_a0p3_b0p8,11,freeze,0.3,0.1,13,0.3,crp,1.4956075515369172,1.5593096491576472,1.522955158347183,2.031537392521169,2.142803008081392,0.8
full_seed11_freeze_0p3_noise0p1_s5_a0p2_b0p7,11,freeze,0.3,0.1,5,0.2,fpr_owa,1.7588251629980192,1.8265193683262104,1.656554723452834,2.48870375917548,2.605539676523132,0.7
full_seed11_freeze_0p3_noise0p1_s5_a0p2_b0p7,11,freeze,0.3,0.1,5,0.2,crp,1.7550304299221116,1.8235091611189087,1.661037674568052,2.4921327283568577,2.616528232453659,0.7
full_seed11_freeze_0p3_noise0p1_s5_a0p3_b0p8,11,freeze,0.3,0.1,5,0.3,fpr_owa,1.7571465633092158,1.8299487662597784,1.6657647502417128,2.4879273488857216,2.6243502790693647,0.8
full_seed11_freeze_0p3_noise0p1_s5_a0p3_b0p8,11,freeze,0.3,0.1,5,0.3,crp,1.754541776213012,1.828535944355096,1.6740220907729897,2.488412518197561,2.627800092357878,0.8
full_seed11_freeze_0p3_noise0p1_s9_a0p2_b0p7,11,freeze,0.3,0.1,9,0.2,fpr_owa,1.7802005007357338,1.830603534570572,1.7011175460947856,2.4012606868396986,2.5139828496002163,0.7
full_seed11_freeze_0p3_noise0p1_s9_a0p2_b0p7,11,freeze,0.3,0.1,9,0.2,crp,1.7859500145292575,1.8374662526882428,1.7011175460947856,2.4247491403827897,2.5387481583887506,0.7
full_seed11_freeze_0p3_noise0p1_s9_a0p3_b0p8,11,freeze,0.3,0.1,9,0.3,fpr_owa,1.7619467571172072,1.831806765853952,1.6424891932989247,2.482842954880742,2.5858102897220308,0.8
full_seed11_freeze_0p3_noise0p1_s9_a0p3_b0p8,11,freeze,0.3,0.1,9,0.3,crp,1.762993895815399,1.833426016405658,1.6610099235054605,2.4829934201363586,2.5858102897220308,0.8
full_seed11_freeze_0p3_noise0p25_s13_a0p2_b0p7,11,freeze,0.3,0.25,13,0.2,fpr_owa,1.2608625001652656,1.3135895107620077,1.2722156512767664,1.767926065038224,1.9569972867118044,0.7
full_seed11_freeze_0p3_noise0p25_s13_a0p2_b0p7,11,freeze,0.3,0.25,13,0.2,crp,1.2707919640806131,1.3278921163313768,1.27775131481702,1.8028646354529667,2.15618531726692,0.7
full_seed11_freeze_0p3_noise0p25_s13_a0p3_b0p8,11,freeze,0.3,0.25,13,0.3,fpr_owa,1.4644344089093182,1.551542652513135,1.489170636494387,2.163000432934401,2.3214884090002728,0.8
full_seed11_freeze_0p3_noise0p25_s13_a0p3_b0p8,11,freeze,0.3,0.25,13,0.3,crp,1.4817711335314507,1.5715303885757748,1.491163845624083,2.1904982434364304,2.4259092759061747,0.8
full_seed11_freeze_0p3_noise0p25_s5_a0p2_b0p7,11,freeze,0.3,0.25,5,0.2,fpr_owa,1.7629450888523956,1.82976320094425,1.7273636200124758,2.5564624595886305,2.8249633333898125,0.7
full_seed11_freeze_0p3_noise0p25_s5_a0p2_b0p7,11,freeze,0.3,0.25,5,0.2,crp,1.7659799029166292,1.834300341871575,1.7273636200124758,2.6112356102289658,2.796271661390479,0.7
full_seed11_freeze_0p3_noise0p25_s5_a0p3_b0p8,11,freeze,0.3,0.25,5,0.3,fpr_owa,1.763808571953752,1.83336040631476,1.679470634562631,2.557885230330293,2.780508180814264,0.8
full_seed11_freeze_0p3_noise0p25_s5_a0p3_b0p8,11,freeze,0.3,0.25,5,0.3,crp,1.7649362060851113,1.836144709674743,1.6795197079674842,2.5949132763250686,2.8182343888801613,0.8
full_seed11_freeze_0p3_noise0p25_s9_a0p2_b0p7,11,freeze,0.3,0.25,9,0.2,fpr_owa,1.7615787351831895,1.8200522462343875,1.7098634847970189,2.447811500580874,2.5153981132942484,0.7
full_seed11_freeze_0p3_noise0p25_s9_a0p2_b0p7,11,freeze,0.3,0.25,9,0.2,crp,1.7708698939801903,1.8300476283351177,1.7294588925516754,2.453533653041484,2.6612725501849623,0.7
full_seed11_freeze_0p3_noise0p25_s9_a0p3_b0p8,11,freeze,0.3,0.25,9,0.3,fpr_owa,1.740080473540722,1.8071476299472815,1.680170053322714,2.505452646942912,2.5830073309369843,0.8
full_seed11_freeze_0p3_noise0p25_s9_a0p3_b0p8,11,freeze,0.3,0.25,9,0.3,crp,1.7494501382296257,1.816924898713929,1.695016455493182,2.516989226360079,2.6907313255960936,0.8
full_seed11_freeze_0p3_noise0p5_s13_a0p2_b0p7,11,freeze,0.3,0.5,13,0.2,fpr_owa,1.3007591434686538,1.3712285137731837,1.2950332977075258,1.929339078514468,2.2658473653272946,0.7
full_seed11_freeze_0p3_noise0p5_s13_a0p2_b0p7,11,freeze,0.3,0.5,13,0.2,crp,1.3797090486940968,1.464296845946944,1.3450126946522882,2.231027402329289,2.420539982181124,0.7
full_seed11_freeze_0p3_noise0p5_s13_a0p3_b0p8,11,freeze,0.3,0.5,13,0.3,fpr_owa,1.3894044688105822,1.483120780952555,1.3154909579482066,2.203207510541254,2.4241844890282884,0.8
full_seed11_freeze_0p3_noise0p5_s13_a0p3_b0p8,11,freeze,0.3,0.5,13,0.3,crp,1.4634478204102512,1.5668862120661469,1.3863671876323425,2.340788568751331,2.517101202805788,0.8
full_seed11_freeze_0p3_noise0p5_s5_a0p2_b0p7,11,freeze,0.3,0.5,5,0.2,fpr_owa,1.7851464925343827,1.867594244745236,1.7527794996040984,2.6915603866972435,3.190669428167615,0.7
full_seed11_freeze_0p3_noise0p5_s5_a0p2_b0p7,11,freeze,0.3,0.5,5,0.2,crp,1.7767756748032653,1.852870657110973,1.7334146861560158,2.656073647035049,2.907897243440372,0.7
full_seed11_freeze_0p3_noise0p5_s5_a0p3_b0p8,11,freeze,0.3,0.5,5,0.3,fpr_owa,1.7840283004642212,1.8644330231143489,1.7544516632201068,2.724459367095698,3.101963578061354,0.8
full_seed11_freeze_0p3_noise0p5_s5_a0p3_b0p8,11,freeze,0.3,0.5,5,0.3,crp,1.778266893218399,1.860466104780692,1.7604188952785202,2.7202979566040044,3.015211503857449,0.8
full_seed11_freeze_0p3_noise0p5_s9_a0p2_b0p7,11,freeze,0.3,0.5,9,0.2,fpr_owa,1.7174775339796406,1.78717914266237,1.6514463274723254,2.5036777547565974,2.741882152395119,0.7
full_seed11_freeze_0p3_noise0p5_s9_a0p2_b0p7,11,freeze,0.3,0.5,9,0.2,crp,1.7328554654766573,1.8023425719448627,1.695735523959657,2.5091965596644776,2.724692198011851,0.7
full_seed11_freeze_0p3_noise0p5_s9_a0p3_b0p8,11,freeze,0.3,0.5,9,0.3,fpr_owa,1.695765775242236,1.7693299450085125,1.6443811012118412,2.521671619613573,2.864073642446804,0.8
full_seed11_freeze_0p3_noise0p5_s9_a0p3_b0p8,11,freeze,0.3,0.5,9,0.3,crp,1.7100780282135242,1.7828077170066796,1.6617143370510885,2.540255029973672,2.8474494451655707,0.8
full_seed11_freeze_0p4_noise0p1_s13_a0p2_b0p7,11,freeze,0.4,0.1,13,0.2,fpr_owa,1.2173443240907944,1.2604352121659903,1.2237671332839528,1.6408114862646264,1.6831001370246317,0.7
full_seed11_freeze_0p4_noise0p1_s13_a0p2_b0p7,11,freeze,0.4,0.1,13,0.2,crp,1.2069927364649615,1.2509061403432442,1.2256064218344729,1.613975444611086,1.6782974716245536,0.7
full_seed11_freeze_0p4_noise0p1_s13_a0p3_b0p8,11,freeze,0.4,0.1,13,0.3,fpr_owa,1.4813120975103111,1.5470908361689852,1.492333708365056,2.054147538950488,2.1531616283456394,0.8
full_seed11_freeze_0p4_noise0p1_s13_a0p3_b0p8,11,freeze,0.4,0.1,13,0.3,crp,1.470173470239484,1.5382486068008565,1.4807207569301863,2.039020510925861,2.142803008081392,0.8
full_seed11_freeze_0p4_noise0p1_s5_a0p2_b0p7,11,freeze,0.4,0.1,5,0.2,fpr_owa,1.7588251629980192,1.8265193683262104,1.656554723452834,2.48870375917548,2.605539676523132,0.7
full_seed11_freeze_0p4_noise0p1_s5_a0p2_b0p7,11,freeze,0.4,0.1,5,0.2,crp,1.7550304299221116,1.8235091611189087,1.661037674568052,2.4921327283568577,2.616528232453659,0.7
full_seed11_freeze_0p4_noise0p1_s5_a0p3_b0p8,11,freeze,0.4,0.1,5,0.3,fpr_owa,1.7571465633092158,1.8299487662597784,1.6657647502417128,2.4879273488857216,2.6243502790693647,0.8
full_seed11_freeze_0p4_noise0p1_s5_a0p3_b0p8,11,freeze,0.4,0.1,5,0.3,crp,1.754541776213012,1.828535944355096,1.6740220907729897,2.488412518197561,2.627800092357878,0.8
full_seed11_freeze_0p4_noise0p1_s9_a0p2_b0p7,11,freeze,0.4,0.1,9,0.2,fpr_owa,1.775552877500697,1.8256063756010168,1.6946105427692586,2.3845366344027674,2.508608754832274,0.7
full_seed11_freeze_0p4_noise0p1_s9_a0p2_b0p7,11,freeze,0.4,0.1,9,0.2,crp,1.779764681911463,1.83094492479105,1.6946105427692586,2.40994886415518,2.5387481583887506,0.7
full_seed11_freeze_0p4_noise0p1_s9_a0p3_b0p8,11,freeze,0.4,0.1,9,0.3,fpr_owa,1.761718331649074,1.8276424620011404,1.682500313102138,2.457145504089235,2.5362443408446937,0.8
full_seed11_freeze_0p4_noise0p1_s9_a0p3_b0p8,11,freeze,0.4,0.1,9,0.3,crp,1.7614035311514329,1.827859031583145,1.6911009000299733,2.4601606390666646,2.5416533859161623,0.8
full_seed11_freeze_0p4_noise0p25_s13_a0p2_b0p7,11,freeze,0.4,0.25,13,0.2,fpr_owa,1.2378754714502591,1.2917153070739125,1.2548214029082725,1.767926065038224,1.9569972867118044,0.7
full_seed11_freeze_0p4_noise0p25_s13_a0p2_b0p7,11,freeze,0.4,0.25,13,0.2,crp,1.2489932422253731,1.3060216278744117,1.260310884838067,1.7844641810039217,2.15618531726692,0.7
full_seed11_freeze_0p4_noise0p25_s13_a0p3_b0p8,11,freeze,0.4,0.25,13,0.3,fpr_owa,1.4345602049971011,1.5219040675077624,1.45891232888057,2.144239548854637,2.3214884090002728,0.8
full_seed11_freeze_0p4_noise0p25_s13_a0p3_b0p8,11,freeze,0.4,0.25,13,0.3,crp,1.4493060306777052,1.5406354417134247,1.4758217452804845,2.169501445066361,2.4259092759061747,0.8
full_seed11_freeze_0p4_noise0p25_s5_a0p2_b0p7,11,freeze,0.4,0.25,5,0.2,fpr_owa,1.7629450888523956,1.82976320094425,1.7273636200124758,2.5564624595886305,2.8249633333898125,0.7
full_seed11_freeze_0p4_noise0p25_s5_a0p2_b0p7,11,freeze,0.4,0.25,5,0.2,crp,1.7659799029166292,1.834300341871575,1.7273636200124758,2.6112356102289658,2.796271661390479,0.7
full_seed11_freeze_0p4_noise0p25_s5_a0p3_b0p8,11,freeze,0.4,0.25,5,0.3,fpr_owa,1.763808571953752,1.83336040631476,1.679470634562631,2.557885230330293,2.780508180814264,0.8
full_seed11_freeze_0p4_noise0p25_s5_a0p3_b0p8,11,freeze,0.4,0.25,5,0.3,crp,1.7649362060851113,1.836144709674743,1.6795197079674842,2.5949132763250686,2.8182343888801613,0.8
full_seed11_freeze_0p4_noise0p25_s9_a0p2_b0p7,11,freeze,0.4,0.25,9,0.2,fpr_owa,1.7587748867579232,1.816292181588978,1.7170543074770075,2.437536876326176,2.579529275801635,0.7
full_seed11_freeze_0p4_noise0p25_s9_a0p2_b0p7,11,freeze,0.4,0.25,9,0.2,crp,1.7671591284900434,1.825732953900216,1.7368442337609489,2.4387626656302563,2.6612725501849623,0.7
full_seed11_freeze_0p4_noise0p25_s9_a0p3_b0p8,11,freeze,0.4,0.25,9,0.3,fpr_owa,1.7367329531001374,1.8009447611989122,1.6982522506781277,2.486857093257645,2.5830073309369843,0.8
full_seed11_freeze_0p4_noise0p25_s9_a0p3_b0p8,11,freeze,0.4,0.25,9,0.3,crp,1.743009049787527,1.8077432024029307,1.702407439262901,2.4851004525447595,2.6907313255960936,0.8
full_seed11_freeze_0p4_noise0p5_s13_a0p2_b0p7,11,freeze,0.4,0.5,13,0.2,fpr_owa,1.273557718307799,1.3437035702007374,1.285925243577851,1.9492338214954077,2.213473774915168,0.7
full_seed11_freeze_0p4_noise0p5_s13_a0p2_b0p7,11,freeze,0.4,0.5,13,0.2,crp,1.3451207365860989,1.430733358655958,1.3249240364558847,2.168560371093086,2.420539982181124,0.7
full_seed11_freeze_0p4_noise0p5_s13_a0p3_b0p8,11,freeze,0.4,0.5,13,0.3,fpr_owa,1.3580552258362646,1.4484533801871595,1.307759392461581,2.201520138224337,2.416495020703485,0.8
full_seed11_freeze_0p4_noise0p5_s13_a0p3_b0p8,11,freeze,0.4,0.5,13,0.3,crp,1.4193718218010316,1.5224869643795191,1.3603826838929134,2.286004674275325,2.517101202805788,0.8
full_seed11_freeze_0p4_noise0p5_s5_a0p2_b0p7,11,freeze,0.4,0.5,5,0.2,fpr_owa,1.7851464925343827,1.867594244745236,1.7527794996040984,2.6915603866972435,3.190669428167615,0.7
full_seed11_freeze_0p4_noise0p5_s5_a0p2_b0p7,11,freeze,0.4,0.5,5,0.2,crp,1.7767756748032653,1.852870657110973,1.7334146861560158,2.656073647035049,2.907897243440372,0.7
full_seed11_freeze_0p4_noise0p5_s5_a0p3_b0p8,11,freeze,0.4,0.5,5,0.3,fpr_owa,1.7840283004642212,1.8644330231143489,1.7544516632201068,2.724459367095698,3.101963578061354,0.8
full_seed11_freeze_0p4_noise0p5_s5_a0p3_b0p8,11,freeze,0.4,0.5,5,0.3,crp,1.778266893218399,1.860466104780692,1.7604188952785202,2.7202979566040044,3.015211503857449,0.8
full_seed11_freeze_0p4_noise0p5_s9_a0p2_b0p7,11,freeze,0.4,0.5,9,0.2,fpr_owa,1.7233237978993905,1.7905897090609348,1.674821155225661,2.503644414618502,2.787962578284837,0.7
full_seed11_freeze_0p4_noise0p5_s9_a0p2_b0p7,11,freeze,0.4,0.5,9,0.2,crp,1.7367036807658076,1.8062021449680905,1.687642984455069,2.523876183493225,2.786851440886016,0.7
full_seed11_freeze_0p4_noise0p5_s9_a0p3_b0p8,11,freeze,0.4,0.5,9,0.3,fpr_owa,1.7016173555770422,1.77300598071551,1.6420324084660942,2.5214644031801567,2.864073642446804,0.8
full_seed11_freeze_0p4_noise0p5_s9_a0p3_b0p8,11,freeze,0.4,0.5,9,0.3,crp,1.713072839901336,1.7844207693447298,1.670665423427784,2.539120624877616,2.8474494451655707,0.8
full_seed11_mixed_0p0_noise0p1_s13_a0p2_b0p7,11,mixed,0.0,0.1,13,0.2,fpr_owa,1.2030380377571297,1.251722441779351,1.2026784507458006,1.6480635543117987,1.7018842003615893,0.7
full_seed11_mixed_0p0_noise0p1_s13_a0p2_b0p7,11,mixed,0.0,0.1,13,0.2,crp,1.1923016131032595,1.241650456299564,1.1996809234949923,1.6368566356805183,1.7018842003615893,0.7
full_seed11_mixed_0p0_noise0p1_s13_a0p3_b0p8,11,mixed,0.0,0.1,13,0.3,fpr_owa,1.4692993938784018,1.5449144247902484,1.433608269751376,2.093640686237393,2.1531616283456394,0.8
full_seed11_mixed_0p0_noise0p1_s13_a0p3_b0p8,11,mixed,0.0,0.1,13,0.3,crp,1.4580278010339904,1.5359058631298863,1.433608269751376,2.075424891678821,2.145463900501399,0.8
full_seed11_mixed_0p0_noise0p1_s5_a0p2_b0p7,11,mixed,0.0,0.1,5,0.2,fpr_owa,1.7641788435487618,1.8344957748451296,1.6378153881221,2.480498620302904,2.605539676523132,0.7
full_seed11_mixed_0p0_noise0p1_s5_a0p2_b0p7,11,mixed,0.0,0.1,5,0.2,crp,1.7595234470387051,1.830669539154783,1.6378153881221,2.4811078752419355,2.616528232453659,0.7
full_seed11_mixed_0p0_noise0p1_s5_a0p3_b0p8,11,mixed,0.0,0.1,5,0.3,fpr_owa,1.774467932880156,1.850312605071101,1.6740220907729897,2.48608007812878,2.5953096084478187,0.8
full_seed11_mixed_0p0_noise0p1_s5_a0p3_b0p8,11,mixed,0.0,0.1,5,0.3,crp,1.771307045375303,1.8484151901269616,1.6740220907729897,2.487659601064231,2.627800092357878,0.8
full_seed11_mixed_0p0_noise0p1_s9_a0p2_b0p7,11,mixed,0.0,0.1,9,0.2,fpr_owa,1.76382617176232,1.818790851360434,1.646441406201646,2.403961893301196,2.574826357871061,0.7
full_seed11_mixed_0p0_noise0p1_s9_a0p2_b0p7,11,mixed,0.0,0.1,9,0.2,crp,1.7692191663261745,1.825668705284049,1.6437998973188763,2.4216211084042825,2.574826357871061,0.7
full_seed11_mixed_0p0_noise0p1_s9_a0p3_b0p8,11,mixed,0.0,0.1,9,0.3,fpr_owa,1.7391030676721655,1.8148932617376512,1.576794331174129,2.4696643260282585,2.5362443408446937,0.8
full_seed11_mixed_0p0_noise0p1_s9_a0p3_b0p8,11,mixed,0.0,0.1,9,0.3,crp,1.7391920595163377,1.8156560688906616,1.5763991150932015,2.4829934201363586,2.5416533859161623,0.8
full_seed11_mixed_0p0_noise0p25_s13_a0p2_b0p7,11,mixed,0.0,0.25,13,0.2,fpr_owa,1.2367405563130776,1.2975391058372567,1.231759497280631,1.7918660933805393,1.9569972867118044,0.7
full_seed11_mixed_0p0_noise0p25_s13_a0p2_b0p7,11,mixed,0.0,0.25,13,0.2,crp,1.2432274408195605,1.3064400011271446,1.2484342887483248,1.83526605124412,2.15618531726692,0.7
full_seed11_mixed_0p0_noise0p25_s13_a0p3_b0p8,11,mixed,0.0,0.25,13,0.3,fpr_owa,1.4406965827838207,1.5385127187146916,1.3426406936018875,2.1780674388216434,2.3214884090002728,0.8
full_seed11_mixed_0p0_noise0p25_s13_a0p3_b0p8,11,mixed,0.0,0.25,13,0.3,crp,1.4532316054228362,1.5544980511208073,1.4085075228257011,2.205769011537331,2.4259092759061747,0.8
full_seed11_mixed_0p0_noise0p25_s5_a0p2_b0p7,11,mixed,0.0,0.25,5,0.2,fpr_owa,1.768739992363102,1.8408338656066765,1.6648480772683014,2.521330051813962,2.8249633333898125,0.7
full_seed11_mixed_0p0_noise0p25_s5_a0p2_b0p7,11,mixed,0.0,0.25,5,0.2,crp,1.772498896996404,1.8455890200440888,1.6648480772683014,2.5516486310132764,2.796271661390479,0.7
full_seed11_mixed_0p0_noise0p25_s5_a0p3_b0p8,11,mixed,0.0,0.25,5,0.3,fpr_owa,1.7807210666317297,1.853421338503683,1.700543780777097,2.5455608840162336,2.780508180814264,0.8
full_seed11_mixed_0p0_noise0p25_s5_a0p3_b0p8,11,mixed,0.0,0.25,5,0.3,crp,1.781535411235672,1.8552182511234132,1.694669890884244,2.557545477919508,2.8182343888801613,0.8
full_seed11_mixed_0p0_noise0p25_s9_a0p2_b0p7,11,mixed,0.0,0.25,9,0.2,fpr_owa,1.7461352404491015,1.8089103731019336,1.645012760945749,2.447591344300196,2.526468902583454,0.7
full_seed11_mixed_0p0_noise0p25_s9_a0p2_b0p7,11,mixed,0.0,0.25,9,0.2,crp,1.754017242317624,1.8180476972437611,1.678722815176287,2.453444355782547,2.6612725501849623,0.7
full_seed11_mixed_0p0_noise0p25_s9_a0p3_b0p8,11,mixed,0.0,0.25,9,0.3,fpr_owa,1.7255843389288017,1.797624491851203,1.630210464348906,2.4853318189876945,2.5830073309369843,0.8
full_seed11_mixed_0p0_noise0p25_s9_a0p3_b0p8,11,mixed,0.0,0.25,9,0.3,crp,1.734677598816461,1.8071715116155955,1.642564733615625,2.482625462652478,2.6907313255960936,0.8
full_seed11_mixed_0p0_noise0p5_s13_a0p2_b0p7,11,mixed,0.0,0.5,13,0.2,fpr_owa,1.2941491831629997,1.3694718070207743,1.2970916190651125,1.979666615836429,2.2904240069420423,0.7
full_seed11_mixed_0p0_noise0p5_s13_a0p2_b0p7,11,mixed,0.0,0.5,13,0.2,crp,1.3674282165417782,1.450480036608163,1.325280272641736,2.138401466959279,2.437295699125634,0.7
full_seed11_mixed_0p0_noise0p5_s13_a0p3_b0p8,11,mixed,0.0,0.5,13,0.3,fpr_owa,1.3879873128426703,1.4873215954875596,1.3082925736137798,2.2245555160048647,2.5341441719155235,0.8
full_seed11_mixed_0p0_noise0p5_s13_a0p3_b0p8,11,mixed,0.0,0.5,13,0.3,crp,1.473180330623073,1.5808437361602397,1.4048842435478974,2.3993470548189246,2.5575828732332195,0.8
full_seed11_mixed_0p0_noise0p5_s5_a0p2_b0p7,11,mixed,0.0,0.5,5,0.2,fpr_owa,1.7926018622007016,1.87783469716562,1.7723700273181024,2.684271847491995,3.190669428167615,0.7
full_seed11_mixed_0p0_noise0p5_s5_a0p2_b0p7,11,mixed,0.0,0.5,5,0.2,crp,1.7855667999347693,1.866313238653095,1.727268489818366,2.642087428337984,2.907897243440372,0.7
full_seed11_mixed_0p0_noise0p5_s5_a0p3_b0p8,11,mixed,0.0,0.5,5,0.3,fpr_owa,1.791824928608006,1.876863939248184,1.7385226185681226,2.7228923880791,3.101963578061354,0.8
full_seed11_mixed_0p0_noise0p5_s5_a0p3_b0p8,11,mixed,0.0,0.5,5,0.3,crp,1.793218357089614,1.882204191552458,1.735392973993215,2.7481516084059834,3.015211503857449,0.8
full_seed11_mixed_0p0_noise0p5_s9_a0p2_b0p7,11,mixed,0.0,0.5,9,0.2,fpr_owa,1.7053325554692842,1.7803703247585505,1.6412696103953297,2.503828933608913,2.7646347948997105,0.7
full_seed11_mixed_0p0_noise0p5_s9_a0p2_b0p7,11,mixed,0.0,0.5,9,0.2,crp,1.730285672625853,1.8054878873330868,1.6480621731582354,2.5317295391934582,2.7456484824300014,0.7
full_seed11_mixed_0p0_noise0p5_s9_a0p3_b0p8,11,mixed,0.0,0.5,9,0.3,fpr_owa,1.7003480934025528,1.778436934064852,1.654233640163059,2.5271347718124075,2.864073642446804,0.8
full_seed11_mixed_0p0_noise0p5_s9_a0p3_b0p8,11,mixed,0.0,0.5,9,0.3,crp,1.7128507431029911,1.7897104461679323,1.6562770994936615,2.5525808236867014,2.8474494451655707,0.8
full_seed11_mixed_0p1_noise0p1_s13_a0p2_b0p7,11,mixed,0.1,0.1,13,0.2,fpr_owa,1.1596474850773228,1.205976928213499,1.135870234515585,1.6479544698814454,1.7351746813026845,0.7
full_seed11_mixed_0p1_noise0p1_s13_a0p2_b0p7,11,mixed,0.1,0.1,13,0.2,crp,1.1547855139961434,1.2035009417117537,1.1581381536802469,1.6362259704947872,1.7351746813026845,0.7
full_seed11_mixed_0p1_noise0p1_s13_a0p3_b0p8,11,mixed,0.1,0.1,13,0.3,fpr_owa,1.429918156611729,1.501683173943187,1.4174988839065945,2.0933557183598897,2.1931705960927865,0.8
full_seed11_mixed_0p1_noise0p1_s13_a0p3_b0p8,11,mixed,0.1,0.1,13,0.3,crp,1.4227135319349733,1.4995706531134418,1.444230065738649,2.0451948543388334,2.1931705960927865,0.8
full_seed11_mixed_0p1_noise0p1_s5_a0p2_b0p7,11,mixed,0.1,0.1,5,0.2,fpr_owa,1.7641788435487618,1.8344957748451296,1.6378153881221,2.480498620302904,2.605539676523132,0.7
full_seed11_mixed_0p1_noise0p1_s5_a0p2_b0p7,11,mixed,0.1,0.1,5,0.2,crp,1.7595234470387051,1.830669539154783,1.6378153881221,2.4811078752419355,2.616528232453659,0.7
full_seed11_mixed_0p1_noise0p1_s5_a0p3_b0p8,11,mixed,0.1,0.1,5,0.3,fpr_owa,1.774467932880156,1.850312605071101,1.6740220907729897,2.48608007812878,2.5953096084478187,0.8
full_seed11_mixed_0p1_noise0p1_s5_a0p3_b0p8,11,mixed,0.1,0.1,5,0.3,crp,1.771307045375303,1.8484151901269616,1.6740220907729897,2.487659601064231,2.627800092357878,0.8
full_seed11_mixed_0p1_noise0p1_s9_a0p2_b0p7,11,mixed,0.1,0.1,9,0.2,fpr_owa,1.75681973250921,1.8076113787298735,1.6682878695006251,2.4110148004639207,2.582255323435484,0.7
full_seed11_mixed_0p1_noise0p1_s9_a0p2_b0p7,11,mixed,0.1,0.1,9,0.2,crp,1.7757025106207664,1.8289659833791023,1.67225587783979,2.4472156299485888,2.582255323435484,0.7
full_seed11_mixed_0p1_noise0p1_s9_a0p3_b0p8,11,mixed,0.1,0.1,9,0.3,fpr_owa,1.7512179919404234,1.8225451717331729,1.6325379039971284,2.4889727706313063,2.59593106892108,0.8
full_seed11_mixed_0p1_noise0p1_s9_a0p3_b0p8,11,mixed,0.1,0.1,9,0.3,crp,1.7515757635657778,1.825308545938913,1.6112501548948717,2.4919424853867818,2.59593106892108,0.8
full_seed11_mixed_0p1_noise0p25_s13_a0p2_b0p7,11,mixed,0.1,0.25,13,0.2,fpr_owa,1.197353123251509,1.255300088126749,1.1680296704030897,1.7840765150264604,1.9569972867118044,0.7
full_seed11_mixed_0p1_noise0p25_s13_a0p2_b0p7,11,mixed,0.1,0.25,13,0.2,crp,1.2115615187088051,1.2725042227832928,1.2103474068959523,1.82921480376084,2.15618531726692,0.7
full_seed11_mixed_0p1_noise0p25_s13_a0p3_b0p8,11,mixed,0.1,0.25,13,0.3,fpr_owa,1.405325377616201,1.4967733693302712,1.3502521377163534,2.1939271985151123,2.3214884090002728,0.8
full_seed11_mixed_0p1_noise0p25_s13_a0p3_b0p8,11,mixed,0.1,0.25,13,0.3,crp,1.4222345957779243,1.5173650983603808,1.398126844758718,2.2217384057275904,2.4259092759061747,0.8
full_seed11_mixed_0p1_noise0p25_s5_a0p2_b0p7,11,mixed,0.1,0.25,5,0.2,fpr_owa,1.768739992363102,1.8408338656066765,1.6648480772683014,2.521330051813962,2.8249633333898125,0.7
full_seed11_mixed_0p1_noise0p25_s5_a0p2_b0p7,11,mixed,0.1,0.25,5,0.2,crp,1.772498896996404,1.8455890200440888,1.6648480772683014,2.5516486310132764,2.796271661390479,0.7
full_seed11_mixed_0p1_noise0p25_s5_a0p3_b0p8,11,mixed,0.1,0.25,5,0.3,fpr_owa,1.7807210666317297,1.853421338503683,1.700543780777097,2.5455608840162336,2.780508180814264,0.8
full_seed11_mixed_0p1_noise0p25_s5_a0p3_b0p8,11,mixed,0.1,0.25,5,0.3,crp,1.781535411235672,1.8552182511234132,1.694669890884244,2.557545477919508,2.8182343888801613,0.8
full_seed11_mixed_0p1_noise0p25_s9_a0p2_b0p7,11,mixed,0.1,0.25,9,0.2,fpr_owa,1.7400660154280412,1.8001814517269294,1.673602006863016,2.451517467544737,2.598216331463201,0.7
full_seed11_mixed_0p1_noise0p25_s9_a0p2_b0p7,11,mixed,0.1,0.25,9,0.2,crp,1.761024165428418,1.8225714050091493,1.7077488631788142,2.4620810637066515,2.6612725501849623,0.7
full_seed11_mixed_0p1_noise0p25_s9_a0p3_b0p8,11,mixed,0.1,0.25,9,0.3,fpr_owa,1.7392973604295334,1.8085483825408135,1.6741308557370225,2.507313789305026,2.6059994327046154,0.8
full_seed11_mixed_0p1_noise0p25_s9_a0p3_b0p8,11,mixed,0.1,0.25,9,0.3,crp,1.745066155413317,1.8157849977537863,1.678566414172102,2.519180967960903,2.6907313255960936,0.8
full_seed11_mixed_0p1_noise0p5_s13_a0p2_b0p7,11,mixed,0.1,0.5,13,0.2,fpr_owa,1.267554006836365,1.3400209735590172,1.263997575136764,1.9517950764589107,2.2903183284828312,0.7
full_seed11_mixed_0p1_noise0p5_s13_a0p2_b0p7,11,mixed,0.1,0.5,13,0.2,crp,1.340248504964199,1.4256665866613976,1.288987008135989,2.145309423563167,2.8801169368898787,0.7
full_seed11_mixed_0p1_noise0p5_s13_a0p3_b0p8,11,mixed,0.1,0.5,13,0.3,fpr_owa,1.3804923797274686,1.4761764704905207,1.3235840270910375,2.25712111348635,2.4660619455674526,0.8
full_seed11_mixed_0p1_noise0p5_s13_a0p3_b0p8,11,mixed,0.1,0.5,13,0.3,crp,1.448263501634356,1.5537413253549082,1.4073958560150763,2.394732647869134,2.564208650292977,0.8
full_seed11_mixed_0p1_noise0p5_s5_a0p2_b0p7,11,mixed,0.1,0.5,5,0.2,fpr_owa,1.7926018622007016,1.87783469716562,1.7723700273181024,2.684271847491995,3.190669428167615,0.7
full_seed11_mixed_0p1_noise0p5_s5_a0p2_b0p7,11,mixed,0.1,0.5,5,0.2,crp,1.7855667999347693,1.866313238653095,1.727268489818366,2.642087428337984,2.907897243440372,0.7
full_seed11_mixed_0p1_noise0p5_s5_a0p3_b0p8,11,mixed,0.1,0.5,5,0.3,fpr_owa,1.791824928608006,1.876863939248184,1.7385226185681226,2.7228923880791,3.101963578061354,0.8
full_seed11_mixed_0p1_noise0p5_s5_a0p3_b0p8,11,mixed,0.1,0.5,5,0.3,crp,1.793218357089614,1.882204191552458,1.735392973993215,2.7481516084059834,3.015211503857449,0.8
full_seed11_mixed_0p1_noise0p5_s9_a0p2_b0p7,11,mixed,0.1,0.5,9,0.2,fpr_owa,1.705712030489518,1.778468679072559,1.654484794892514,2.537331488097029,2.750958942850786,0.7
full_seed11_mixed_0p1_noise0p5_s9_a0p2_b0p7,11,mixed,0.1,0.5,9,0.2,crp,1.7319500481028334,1.804328272815071,1.6556147890768296,2.5688169826641243,2.786851440886016,0.7
full_seed11_mixed_0p1_noise0p5_s9_a0p3_b0p8,11,mixed,0.1,0.5,9,0.3,fpr_owa,1.7152281927257336,1.7919781692128889,1.6829764781660796,2.5764953637347934,2.864073642446804,0.8
full_seed11_mixed_0p1_noise0p5_s9_a0p3_b0p8,11,mixed,0.1,0.5,9,0.3,crp,1.719524616703928,1.7949044585164713,1.6658094447811855,2.562900677385285,2.8474494451655707,0.8
full_seed11_mixed_0p2_noise0p1_s13_a0p2_b0p7,11,mixed,0.2,0.1,13,0.2,fpr_owa,1.107717365543039,1.1752969671685878,1.1066006907542223,1.6680838851874895,1.8307201019072643,0.7
full_seed11_mixed_0p2_noise0p1_s13_a0p2_b0p7,11,mixed,0.2,0.1,13,0.2,crp,1.0807213032303749,1.1438616279458795,1.0964798062282846,1.648021130962471,2.00186292132008,0.7
full_seed11_mixed_0p2_noise0p1_s13_a0p3_b0p8,11,mixed,0.2,0.1,13,0.3,fpr_owa,1.3523872691276977,1.4418377208352375,1.27812269078769,2.137481410700663,2.2887160166973666,0.8
full_seed11_mixed_0p2_noise0p1_s13_a0p3_b0p8,11,mixed,0.2,0.1,13,0.3,crp,1.283852699012863,1.395650514083839,1.2435409867259029,2.086996351587865,2.2887160166973666,0.8
full_seed11_mixed_0p2_noise0p1_s5_a0p2_b0p7,11,mixed,0.2,0.1,5,0.2,fpr_owa,1.7659928744899938,1.8299729617524496,1.7131898492398774,2.480498620302904,2.60921346085803,0.7
full_seed11_mixed_0p2_noise0p1_s5_a0p2_b0p7,11,mixed,0.2,0.1,5,0.2,crp,1.778334932672465,1.8450965238631116,1.7392780151064249,2.4811243406116805,2.616528232453659,0.7
full_seed11_mixed_0p2_noise0p1_s5_a0p3_b0p8,11,mixed,0.2,0.1,5,0.3,fpr_owa,1.7883602922738082,1.856946895443685,1.7256827145793068,2.4917900074558235,2.5953096084478187,0.8
full_seed11_mixed_0p2_noise0p1_s5_a0p3_b0p8,11,mixed,0.2,0.1,5,0.3,crp,1.795819252828223,1.8672813988921564,1.769227444961447,2.497958418211563,2.627800092357878,0.8
full_seed11_mixed_0p2_noise0p1_s9_a0p2_b0p7,11,mixed,0.2,0.1,9,0.2,fpr_owa,1.70393763530765,1.7618170549955032,1.6074900645833674,2.4177151119182327,2.5917053510670884,0.7
full_seed11_mixed_0p2_noise0p1_s9_a0p2_b0p7,11,mixed,0.2,0.1,9,0.2,crp,1.7625907632121325,1.816218973835348,1.6641834927852048,2.4824966855384973,2.5917053510670884,0.7
full_seed11_mixed_0p2_noise0p1_s9_a0p3_b0p8,11,mixed,0.2,0.1,9,0.3,fpr_owa,1.717569292863764,1.7878408659969858,1.6243659791756424,2.4904017707591777,2.6302898397795564,0.8
full_seed11_mixed_0p2_noise0p1_s9_a0p3_b0p8,11,mixed,0.2,0.1,9,0.3,crp,1.7393789879481398,1.812682873490956,1.6398807272904432,2.498611153584024,2.6302898397795564,0.8
full_seed11_mixed_0p2_noise0p25_s13_a0p2_b0p7,11,mixed,0.2,0.25,13,0.2,fpr_owa,1.1327237726391923,1.2116425756787514,1.0863288523101322,1.816328741809505,2.026909411529538,0.7
full_seed11_mixed_0p2_noise0p25_s13_a0p2_b0p7,11,mixed,0.2,0.25,13,0.2,crp,1.1405934109565683,1.2199163380463651,1.0931223250560187,1.8602764485738807,2.15618531726692,0.7
full_seed11_mixed_0p2_noise0p25_s13_a0p3_b0p8,11,mixed,0.2,0.25,13,0.3,fpr_owa,1.318225487458254,1.4282808001011291,1.1667463121409605,2.223305498073374,2.3826668934029307,0.8
full_seed11_mixed_0p2_noise0p25_s13_a0p3_b0p8,11,mixed,0.2,0.25,13,0.3,crp,1.3103494573002714,1.437752498498993,1.2114970221993016,2.276162561476098,2.447158174447878,0.8
full_seed11_mixed_0p2_noise0p25_s5_a0p2_b0p7,11,mixed,0.2,0.25,5,0.2,fpr_owa,1.7752851769769151,1.840760928211718,1.7449768692169023,2.5331313177917973,2.833926312452692,0.7
full_seed11_mixed_0p2_noise0p25_s5_a0p2_b0p7,11,mixed,0.2,0.25,5,0.2,crp,1.7934058682465943,1.8625966713293611,1.754388320719876,2.559615573330761,2.833926312452692,0.7
full_seed11_mixed_0p2_noise0p25_s5_a0p3_b0p8,11,mixed,0.2,0.25,5,0.3,fpr_owa,1.797833878132378,1.865569283895214,1.7734686392079326,2.544717931779845,2.780508180814264,0.8
full_seed11_mixed_0p2_noise0p25_s5_a0p3_b0p8,11,mixed,0.2,0.25,5,0.3,crp,1.8109361599903933,1.8826031546033892,1.7788580023710785,2.589040130542676,2.8182343888801613,0.8
full_seed11_mixed_0p2_noise0p25_s9_a0p2_b0p7,11,mixed,0.2,0.25,9,0.2,fpr_owa,1.684310796801124,1.7507347588497404,1.6050075615884905,2.462494353761461,2.664544522488536,0.7
full_seed11_mixed_0p2_noise0p25_s9_a0p2_b0p7,11,mixed,0.2,0.25,9,0.2,crp,1.7546747361843378,1.816814462729052,1.706125369776499,2.4949139984377053,2.664544522488536,0.7
full_seed11_mixed_0p2_noise0p25_s9_a0p3_b0p8,11,mixed,0.2,0.25,9,0.3,fpr_owa,1.7074998335116274,1.7757926581010983,1.6198964063713213,2.5180741975720284,2.621686317526212,0.8
full_seed11_mixed_0p2_noise0p25_s9_a0p3_b0p8,11,mixed,0.2,0.25,9,0.3,crp,1.731141034705483,1.801517390395287,1.6737626717184546,2.519180967960903,2.6907313255960936,0.8
full_seed11_mixed_0p2_noise0p5_s13_a0p2_b0p7,11,mixed,0.2,0.5,13,0.2,fpr_owa,1.1992277366947783,1.2899248278197322,1.171650778911208,1.9492338214954077,2.2621152109575022,0.7
full_seed11_mixed_0p2_noise0p5_s13_a0p2_b0p7,11,mixed,0.2,0.5,13,0.2,crp,1.3006941097913822,1.403812044355618,1.1997537678841237,2.201713476779477,3.357672747394251,0.7
full_seed11_mixed_0p2_noise0p5_s13_a0p3_b0p8,11,mixed,0.2,0.5,13,0.3,fpr_owa,1.3064238133212176,1.4169360603349717,1.2085334491495188,2.282084598689531,2.556132393318061,0.8
full_seed11_mixed_0p2_noise0p5_s13_a0p3_b0p8,11,mixed,0.2,0.5,13,0.3,crp,1.374945714696623,1.506496387492512,1.264088697605673,2.3743798467790973,3.424768843463589,0.8
full_seed11_mixed_0p2_noise0p5_s5_a0p2_b0p7,11,mixed,0.2,0.5,5,0.2,fpr_owa,1.7863264955559233,1.867246905483724,1.7361437227614456,2.6846289267011563,3.190669428167615,0.7
full_seed11_mixed_0p2_noise0p5_s5_a0p2_b0p7,11,mixed,0.2,0.5,5,0.2,crp,1.8101006258960823,1.8936237379654688,1.745733287595802,2.7408410439608613,3.511473634273334,0.7
full_seed11_mixed_0p2_noise0p5_s5_a0p3_b0p8,11,mixed,0.2,0.5,5,0.3,fpr_owa,1.809054276788856,1.8905264474157804,1.7458329681520823,2.6756292127768595,3.1417058188459723,0.8
full_seed11_mixed_0p2_noise0p5_s5_a0p3_b0p8,11,mixed,0.2,0.5,5,0.3,crp,1.814682434087012,1.9019277795970408,1.766049201747351,2.7829425999724813,3.128849113100685,0.8
full_seed11_mixed_0p2_noise0p5_s9_a0p2_b0p7,11,mixed,0.2,0.5,9,0.2,fpr_owa,1.6733455401995772,1.7512274994017205,1.6188199477130305,2.539743017234285,2.797104056104732,0.7
full_seed11_mixed_0p2_noise0p5_s9_a0p2_b0p7,11,mixed,0.2,0.5,9,0.2,crp,1.7438178200275585,1.8228443594828767,1.6699521807978477,2.6332513883260265,2.988310904636494,0.7
full_seed11_mixed_0p2_noise0p5_s9_a0p3_b0p8,11,mixed,0.2,0.5,9,0.3,fpr_owa,1.6922616713443963,1.7676793356877831,1.6559204466205917,2.521671619613573,2.864073642446804,0.8
full_seed11_mixed_0p2_noise0p5_s9_a0p3_b0p8,11,mixed,0.2,0.5,9,0.3,crp,1.698787781192672,1.774394681554999,1.6329241543952029,2.6233133922487006,2.8530317389514908,0.8
full_seed11_mixed_0p3_noise0p1_s13_a0p2_b0p7,11,mixed,0.3,0.1,13,0.2,fpr_owa,1.172530317647211,1.2415406297219842,1.180158360425051,1.7567086207371734,2.169584996314276,0.7
full_seed11_mixed_0p3_noise0p1_s13_a0p2_b0p7,11,mixed,0.3,0.1,13,0.2,crp,1.1076260856023656,1.1699792872851698,1.1188007517829237,1.6413709657448858,1.8307201019072643,0.7
full_seed11_mixed_0p3_noise0p1_s13_a0p3_b0p8,11,mixed,0.3,0.1,13,0.3,fpr_owa,1.3285361433782688,1.4348119467143632,1.27812269078769,2.1779025142255843,2.2887160166973666,0.8
full_seed11_mixed_0p3_noise0p1_s13_a0p3_b0p8,11,mixed,0.3,0.1,13,0.3,crp,1.2328660437940857,1.3635163949603022,1.2282323042697278,2.1148251839072825,2.2887160166973666,0.8
full_seed11_mixed_0p3_noise0p1_s5_a0p2_b0p7,11,mixed,0.3,0.1,5,0.2,fpr_owa,2.009641315672927,2.210138514406336,1.7171736787005485,3.937063455771358,5.331804517850538,0.7
full_seed11_mixed_0p3_noise0p1_s5_a0p2_b0p7,11,mixed,0.3,0.1,5,0.2,crp,1.8618376436833708,1.9892795559933387,1.6736831663457288,3.538453411966436,4.615715807480312,0.7
full_seed11_mixed_0p3_noise0p1_s5_a0p3_b0p8,11,mixed,0.3,0.1,5,0.3,fpr_owa,1.8460203888573796,1.9747468686273095,1.701922615138241,3.070534796993679,3.941632565839912,0.8
full_seed11_mixed_0p3_noise0p1_s5_a0p3_b0p8,11,mixed,0.3,0.1,5,0.3,crp,1.8100413553846904,1.9054876810780443,1.6912958303581274,2.773539058424261,3.1688566354836323,0.8
full_seed11_mixed_0p3_noise0p1_s9_a0p2_b0p7,11,mixed,0.3,0.1,9,0.2,fpr_owa,1.7473682292953494,1.8532668575472715,1.585332467672913,2.606709464609265,3.624568412037848,0.7
full_seed11_mixed_0p3_noise0p1_s9_a0p2_b0p7,11,mixed,0.3,0.1,9,0.2,crp,1.7972343693451596,1.8624844981527324,1.6466305963469328,2.5451486475957483,2.8782723120472986,0.7
full_seed11_mixed_0p3_noise0p1_s9_a0p3_b0p8,11,mixed,0.3,0.1,9,0.3,fpr_owa,1.6625719744132683,1.7457497268027775,1.5267462918974686,2.5049587838068184,2.69656053563251,0.8
full_seed11_mixed_0p3_noise0p1_s9_a0p3_b0p8,11,mixed,0.3,0.1,9,0.3,crp,1.7261082234308995,1.7990441268867663,1.5954220411894453,2.523312635917648,2.69656053563251,0.8
full_seed11_mixed_0p3_noise0p25_s13_a0p2_b0p7,11,mixed,0.3,0.25,13,0.2,fpr_owa,1.1935278886219676,1.273780619001133,1.182955789113602,1.861208365670011,2.0910563702945133,0.7
full_seed11_mixed_0p3_noise0p25_s13_a0p2_b0p7,11,mixed,0.3,0.25,13,0.2,crp,1.1361816854037288,1.2213938543454503,1.120643653837798,1.8610988073189545,2.15618531726692,0.7
full_seed11_mixed_0p3_noise0p25_s13_a0p3_b0p8,11,mixed,0.3,0.25,13,0.3,fpr_owa,1.291785444758217,1.4201860142907563,1.1667463121409605,2.252938669326068,2.42067188141775,0.8
full_seed11_mixed_0p3_noise0p25_s13_a0p3_b0p8,11,mixed,0.3,0.25,13,0.3,crp,1.2399508046750536,1.39198046728262,1.1496162589094725,2.276162561476098,2.4968578802647943,0.8
full_seed11_mixed_0p3_noise0p25_s5_a0p2_b0p7,11,mixed,0.3,0.25,5,0.2,fpr_owa,2.0169245186948968,2.216922996429542,1.7382344959974645,3.8533017031114745,5.386629844075497,0.7
full_seed11_mixed_0p3_noise0p25_s5_a0p2_b0p7,11,mixed,0.3,0.25,5,0.2,crp,1.871912544570296,1.9968637161946072,1.7217363027419867,2.921671091747315,4.508807691451153,0.7
full_seed11_mixed_0p3_noise0p25_s5_a0p3_b0p8,11,mixed,0.3,0.25,5,0.3,fpr_owa,1.860320108588468,1.9832310150462789,1.7099726449426185,2.980633557641122,4.004098463101063,0.8
full_seed11_mixed_0p3_noise0p25_s5_a0p3_b0p8,11,mixed,0.3,0.25,5,0.3,crp,1.8380941909700488,1.93936384495874,1.707244748996115,2.786150589331265,4.529741071666559,0.8
full_seed11_mixed_0p3_noise0p25_s9_a0p2_b0p7,11,mixed,0.3,0.25,9,0.2,fpr_owa,1.7492461774881902,1.862457340909754,1.6541239572875672,2.6541273152886338,3.767754901711948,0.7
full_seed11_mixed_0p3_noise0p25_s9_a0p2_b0p7,11,mixed,0.3,0.25,9,0.2,crp,1.779679596380372,1.8506228924950263,1.713406286832368,2.555416639070609,3.025809190451022,0.7
full_seed11_mixed_0p3_noise0p25_s9_a0p3_b0p8,11,mixed,0.3,0.25,9,0.3,fpr_owa,1.6723711038470457,1.7509534004920693,1.5603868571643336,2.520428217876495,2.6850135511482764,0.8
full_seed11_mixed_0p3_noise0p25_s9_a0p3_b0p8,11,mixed,0.3,0.25,9,0.3,crp,1.724701624617836,1.7953921340073116,1.6539954162543218,2.519180967960903,2.6907313255960936,0.8
full_seed11_mixed_0p3_noise0p5_s13_a0p2_b0p7,11,mixed,0.3,0.5,13,0.2,fpr_owa,1.2766428246326786,1.370079644349546,1.2649553423585371,2.090955297155124,2.628942415795668,0.7
full_seed11_mixed_0p3_noise0p5_s13_a0p2_b0p7,11,mixed,0.3,0.5,13,0.2,crp,1.31657395966116,1.465479258866273,1.2148561757383285,2.326974410487029,5.017784240667929,0.7
full_seed11_mixed_0p3_noise0p5_s13_a0p3_b0p8,11,mixed,0.3,0.5,13,0.3,fpr_owa,1.2786221703755152,1.4050747509013528,1.203891088150856,2.3173505451399548,2.606721092901748,0.8
full_seed11_mixed_0p3_noise0p5_s13_a0p3_b0p8,11,mixed,0.3,0.5,13,0.3,crp,1.3617149160657267,1.5351418874763487,1.2032462339464003,2.4308728251856304,5.866970561148208,0.8
full_seed11_mixed_0p3_noise0p5_s5_a0p2_b0p7,11,mixed,0.3,0.5,5,0.2,fpr_owa,2.0303466876250105,2.229428406561792,1.7857323304998798,3.757565457182476,5.478005387783758,0.7
full_seed11_mixed_0p3_noise0p5_s5_a0p2_b0p7,11,mixed,0.3,0.5,5,0.2,crp,1.9127601128937208,2.0736779957742213,1.7257528058065574,3.153830586003942,6.059590565369439,0.7
full_seed11_mixed_0p3_noise0p5_s5_a0p3_b0p8,11,mixed,0.3,0.5,5,0.3,fpr_owa,1.869370415000764,1.995384571148884,1.758138137384278,2.963521116788146,4.108208291869647,0.8
full_seed11_mixed_0p3_noise0p5_s5_a0p3_b0p8,11,mixed,0.3,0.5,5,0.3,crp,1.862043319791309,2.033294677884361,1.740272993292975,2.888204764780721,6.2553361118871775,0.8
full_seed11_mixed_0p3_noise0p5_s9_a0p2_b0p7,11,mixed,0.3,0.5,9,0.2,fpr_owa,1.7374870531723798,1.8583443381473013,1.6483997087427045,2.715320553028994,3.5607590048228834,0.7
full_seed11_mixed_0p3_noise0p5_s9_a0p2_b0p7,11,mixed,0.3,0.5,9,0.2,crp,1.766429407417039,1.8614016533985365,1.6904613833250857,2.6675164012014325,4.720524303016957,0.7
full_seed11_mixed_0p3_noise0p5_s9_a0p3_b0p8,11,mixed,0.3,0.5,9,0.3,fpr_owa,1.6742260725859728,1.7650031595930218,1.6336432484628154,2.6484117020442044,2.864073642446804,0.8
full_seed11_mixed_0p3_noise0p5_s9_a0p3_b0p8,11,mixed,0.3,0.5,9,0.3,crp,1.7096430734126264,1.7924867088528538,1.643151389136163,2.6055751426781093,3.951176153539879,0.8
full_seed11_mixed_0p4_noise0p1_s13_a0p2_b0p7,11,mixed,0.4,0.1,13,0.2,fpr_owa,1.3181843270801004,1.407290719261601,1.2232898897981808,2.2184858189581504,3.620537104635531,0.7
full_seed11_mixed_0p4_noise0p1_s13_a0p2_b0p7,11,mixed,0.4,0.1,13,0.2,crp,1.143732634348577,1.241366320653894,1.1257185822240316,1.831398526951442,2.6657423786036687,0.7
full_seed11_mixed_0p4_noise0p1_s13_a0p3_b0p8,11,mixed,0.4,0.1,13,0.3,fpr_owa,1.3865759569277665,1.4809996168883586,1.3339819928933,2.191104475517601,2.3095731561705115,0.8
full_seed11_mixed_0p4_noise0p1_s13_a0p3_b0p8,11,mixed,0.4,0.1,13,0.3,crp,1.249667347272413,1.3888403640242737,1.27812269078769,2.128888010629759,2.3095731561705115,0.8
full_seed11_mixed_0p4_noise0p1_s5_a0p2_b0p7,11,mixed,0.4,0.1,5,0.2,fpr_owa,2.009641315672927,2.210138514406336,1.7171736787005485,3.937063455771358,5.331804517850538,0.7
full_seed11_mixed_0p4_noise0p1_s5_a0p2_b0p7,11,mixed,0.4,0.1,5,0.2,crp,1.8618376436833708,1.9892795559933387,1.6736831663457288,3.538453411966436,4.615715807480312,0.7
full_seed11_mixed_0p4_noise0p1_s5_a0p3_b0p8,11,mixed,0.4,0.1,5,0.3,fpr_owa,1.8460203888573796,1.9747468686273095,1.701922615138241,3.070534796993679,3.941632565839912,0.8
full_seed11_mixed_0p4_noise0p1_s5_a0p3_b0p8,11,mixed,0.4,0.1,5,0.3,crp,1.8100413553846904,1.9054876810780443,1.6912958303581274,2.773539058424261,3.1688566354836323,0.8
full_seed11_mixed_0p4_noise0p1_s9_a0p2_b0p7,11,mixed,0.4,0.1,9,0.2,fpr_owa,1.948416483030629,2.087150959486357,1.6965533706462146,3.494717199979578,5.34775525283431,0.7
full_seed11_mixed_0p4_noise0p1_s9_a0p2_b0p7,11,mixed,0.4,0.1,9,0.2,crp,1.8694794985664525,1.974901573911064,1.669348109796947,2.6412451403760264,5.341881340737912,0.7
full_seed11_mixed_0p4_noise0p1_s9_a0p3_b0p8,11,mixed,0.4,0.1,9,0.3,fpr_owa,1.7601393922574555,1.8776938131311431,1.578826138952437,2.709400408265955,3.96265710404285,0.8
full_seed11_mixed_0p4_noise0p1_s9_a0p3_b0p8,11,mixed,0.4,0.1,9,0.3,crp,1.782894107497058,1.8797305858764568,1.6046029814938847,2.6355264527061246,4.978350677289448,0.8
full_seed11_mixed_0p4_noise0p25_s13_a0p2_b0p7,11,mixed,0.4,0.25,13,0.2,fpr_owa,1.3233195824269304,1.4218534426673413,1.2548214029082725,2.1634537326764773,3.518800253080118,0.7
full_seed11_mixed_0p4_noise0p25_s13_a0p2_b0p7,11,mixed,0.4,0.25,13,0.2,crp,1.1687490945288386,1.2857032203489736,1.1353344437347404,2.0027697101322355,2.8800281343143954,0.7
full_seed11_mixed_0p4_noise0p25_s13_a0p3_b0p8,11,mixed,0.4,0.25,13,0.3,fpr_owa,1.3495657389901885,1.464203000017402,1.2388608570213049,2.277555729987541,2.4068709083982864,0.8
full_seed11_mixed_0p4_noise0p25_s13_a0p3_b0p8,11,mixed,0.4,0.25,13,0.3,crp,1.2457507932933063,1.4034669692598305,1.1927537674041626,2.248560328594827,2.5327517175213567,0.8
full_seed11_mixed_0p4_noise0p25_s5_a0p2_b0p7,11,mixed,0.4,0.25,5,0.2,fpr_owa,2.0169245186948968,2.216922996429542,1.7382344959974645,3.8533017031114745,5.386629844075497,0.7
full_seed11_mixed_0p4_noise0p25_s5_a0p2_b0p7,11,mixed,0.4,0.25,5,0.2,crp,1.871912544570296,1.9968637161946072,1.7217363027419867,2.921671091747315,4.508807691451153,0.7
full_seed11_mixed_0p4_noise0p25_s5_a0p3_b0p8,11,mixed,0.4,0.25,5,0.3,fpr_owa,1.860320108588468,1.9832310150462789,1.7099726449426185,2.980633557641122,4.004098463101063,0.8
full_seed11_mixed_0p4_noise0p25_s5_a0p3_b0p8,11,mixed,0.4,0.25,5,0.3,crp,1.8380941909700488,1.93936384495874,1.707244748996115,2.786150589331265,4.529741071666559,0.8
full_seed11_mixed_0p4_noise0p25_s9_a0p2_b0p7,11,mixed,0.4,0.25,9,0.2,fpr_owa,1.9229833623692012,2.066453680919119,1.7165295229013733,3.5424838313114657,4.836998048360201,0.7
full_seed11_mixed_0p4_noise0p25_s9_a0p2_b0p7,11,mixed,0.4,0.25,9,0.2,crp,1.8465333278452485,1.963445533924164,1.713406286832368,3.0286678978221926,4.667920415492191,0.7
full_seed11_mixed_0p4_noise0p25_s9_a0p3_b0p8,11,mixed,0.4,0.25,9,0.3,fpr_owa,1.7656388754378185,1.884698659002348,1.623307551276464,2.723013908583303,4.0942268811092495,0.8
full_seed11_mixed_0p4_noise0p25_s9_a0p3_b0p8,11,mixed,0.4,0.25,9,0.3,crp,1.7886754712106188,1.884659085195911,1.6581131550560002,2.6658993971950364,4.288197947393344,0.8
full_seed11_mixed_0p4_noise0p5_s13_a0p2_b0p7,11,mixed,0.4,0.5,13,0.2,fpr_owa,1.3849374054915524,1.488976598806749,1.3630597559567137,2.2833657045251474,3.336268531497249,0.7
full_seed11_mixed_0p4_noise0p5_s13_a0p2_b0p7,11,mixed,0.4,0.5,13,0.2,crp,1.356425778733526,1.5598977641338925,1.243646537309136,2.386710110883599,5.309148182912089,0.7
full_seed11_mixed_0p4_noise0p5_s13_a0p3_b0p8,11,mixed,0.4,0.5,13,0.3,fpr_owa,1.3361341593143112,1.453693635274971,1.254438006740651,2.316862205653188,2.652592094389434,0.8
full_seed11_mixed_0p4_noise0p5_s13_a0p3_b0p8,11,mixed,0.4,0.5,13,0.3,crp,1.3967571316052492,1.6477958656794522,1.2185858807365328,2.5318316217750843,5.866970561148208,0.8
full_seed11_mixed_0p4_noise0p5_s5_a0p2_b0p7,11,mixed,0.4,0.5,5,0.2,fpr_owa,2.0303466876250105,2.229428406561792,1.7857323304998798,3.757565457182476,5.478005387783758,0.7
full_seed11_mixed_0p4_noise0p5_s5_a0p2_b0p7,11,mixed,0.4,0.5,5,0.2,crp,1.9127601128937208,2.0736779957742213,1.7257528058065574,3.153830586003942,6.059590565369439,0.7
full_seed11_mixed_0p4_noise0p5_s5_a0p3_b0p8,11,mixed,0.4,0.5,5,0.3,fpr_owa,1.869370415000764,1.995384571148884,1.758138137384278,2.963521116788146,4.108208291869647,0.8
full_seed11_mixed_0p4_noise0p5_s5_a0p3_b0p8,11,mixed,0.4,0.5,5,0.3,crp,1.862043319791309,2.033294677884361,1.740272993292975,2.888204764780721,6.2553361118871775,0.8
full_seed11_mixed_0p4_noise0p5_s9_a0p2_b0p7,11,mixed,0.4,0.5,9,0.2,fpr_owa,1.9072247532262492,2.0811648589087777,1.6929955634936449,3.630099840151572,5.202370292586004,0.7
full_seed11_mixed_0p4_noise0p5_s9_a0p2_b0p7,11,mixed,0.4,0.5,9,0.2,crp,1.874650157404002,2.04703699491096,1.7151246848936128,3.179293439046215,6.322986760496339,0.7
full_seed11_mixed_0p4_noise0p5_s9_a0p3_b0p8,11,mixed,0.4,0.5,9,0.3,fpr_owa,1.7752025908928133,1.915012492326724,1.6829764781660796,2.86816678646319,4.443636273417505,0.8
full_seed11_mixed_0p4_noise0p5_s9_a0p3_b0p8,11,mixed,0.4,0.5,9,0.3,crp,1.815653262395041,1.9671221928148317,1.669055223922793,2.7301102673564825,6.6542835842940695,0.8
full_seed11_replay_0p0_noise0p1_s13_a0p2_b0p7,11,replay,0.0,0.1,13,0.2,fpr_owa,1.2030380377571297,1.251722441779351,1.2026784507458006,1.6480635543117987,1.7018842003615893,0.7
full_seed11_replay_0p0_noise0p1_s13_a0p2_b0p7,11,replay,0.0,0.1,13,0.2,crp,1.1923016131032595,1.241650456299564,1.1996809234949923,1.6368566356805183,1.7018842003615893,0.7
full_seed11_replay_0p0_noise0p1_s13_a0p3_b0p8,11,replay,0.0,0.1,13,0.3,fpr_owa,1.4692993938784018,1.5449144247902484,1.433608269751376,2.093640686237393,2.1531616283456394,0.8
full_seed11_replay_0p0_noise0p1_s13_a0p3_b0p8,11,replay,0.0,0.1,13,0.3,crp,1.4580278010339904,1.5359058631298863,1.433608269751376,2.075424891678821,2.145463900501399,0.8
full_seed11_replay_0p0_noise0p1_s5_a0p2_b0p7,11,replay,0.0,0.1,5,0.2,fpr_owa,1.7641788435487618,1.8344957748451296,1.6378153881221,2.480498620302904,2.605539676523132,0.7
full_seed11_replay_0p0_noise0p1_s5_a0p2_b0p7,11,replay,0.0,0.1,5,0.2,crp,1.7595234470387051,1.830669539154783,1.6378153881221,2.4811078752419355,2.616528232453659,0.7
full_seed11_replay_0p0_noise0p1_s5_a0p3_b0p8,11,replay,0.0,0.1,5,0.3,fpr_owa,1.774467932880156,1.850312605071101,1.6740220907729897,2.48608007812878,2.5953096084478187,0.8
full_seed11_replay_0p0_noise0p1_s5_a0p3_b0p8,11,replay,0.0,0.1,5,0.3,crp,1.771307045375303,1.8484151901269616,1.6740220907729897,2.487659601064231,2.627800092357878,0.8
full_seed11_replay_0p0_noise0p1_s9_a0p2_b0p7,11,replay,0.0,0.1,9,0.2,fpr_owa,1.76382617176232,1.818790851360434,1.646441406201646,2.403961893301196,2.574826357871061,0.7
full_seed11_replay_0p0_noise0p1_s9_a0p2_b0p7,11,replay,0.0,0.1,9,0.2,crp,1.7692191663261745,1.825668705284049,1.6437998973188763,2.4216211084042825,2.574826357871061,0.7
full_seed11_replay_0p0_noise0p1_s9_a0p3_b0p8,11,replay,0.0,0.1,9,0.3,fpr_owa,1.7391030676721655,1.8148932617376512,1.576794331174129,2.4696643260282585,2.5362443408446937,0.8
full_seed11_replay_0p0_noise0p1_s9_a0p3_b0p8,11,replay,0.0,0.1,9,0.3,crp,1.7391920595163377,1.8156560688906616,1.5763991150932015,2.4829934201363586,2.5416533859161623,0.8
full_seed11_replay_0p0_noise0p25_s13_a0p2_b0p7,11,replay,0.0,0.25,13,0.2,fpr_owa,1.2367405563130776,1.2975391058372567,1.231759497280631,1.7918660933805393,1.9569972867118044,0.7
full_seed11_replay_0p0_noise0p25_s13_a0p2_b0p7,11,replay,0.0,0.25,13,0.2,crp,1.2432274408195605,1.3064400011271446,1.2484342887483248,1.83526605124412,2.15618531726692,0.7
full_seed11_replay_0p0_noise0p25_s13_a0p3_b0p8,11,replay,0.0,0.25,13,0.3,fpr_owa,1.4406965827838207,1.5385127187146916,1.3426406936018875,2.1780674388216434,2.3214884090002728,0.8
full_seed11_replay_0p0_noise0p25_s13_a0p3_b0p8,11,replay,0.0,0.25,13,0.3,crp,1.4532316054228362,1.5544980511208073,1.4085075228257011,2.205769011537331,2.4259092759061747,0.8
full_seed11_replay_0p0_noise0p25_s5_a0p2_b0p7,11,replay,0.0,0.25,5,0.2,fpr_owa,1.768739992363102,1.8408338656066765,1.6648480772683014,2.521330051813962,2.8249633333898125,0.7
full_seed11_replay_0p0_noise0p25_s5_a0p2_b0p7,11,replay,0.0,0.25,5,0.2,crp,1.772498896996404,1.8455890200440888,1.6648480772683014,2.5516486310132764,2.796271661390479,0.7
full_seed11_replay_0p0_noise0p25_s5_a0p3_b0p8,11,replay,0.0,0.25,5,0.3,fpr_owa,1.7807210666317297,1.853421338503683,1.700543780777097,2.5455608840162336,2.780508180814264,0.8
full_seed11_replay_0p0_noise0p25_s5_a0p3_b0p8,11,replay,0.0,0.25,5,0.3,crp,1.781535411235672,1.8552182511234132,1.694669890884244,2.557545477919508,2.8182343888801613,0.8
full_seed11_replay_0p0_noise0p25_s9_a0p2_b0p7,11,replay,0.0,0.25,9,0.2,fpr_owa,1.7461352404491015,1.8089103731019336,1.645012760945749,2.447591344300196,2.526468902583454,0.7
full_seed11_replay_0p0_noise0p25_s9_a0p2_b0p7,11,replay,0.0,0.25,9,0.2,crp,1.754017242317624,1.8180476972437611,1.678722815176287,2.453444355782547,2.6612725501849623,0.7
full_seed11_replay_0p0_noise0p25_s9_a0p3_b0p8,11,replay,0.0,0.25,9,0.3,fpr_owa,1.7255843389288017,1.797624491851203,1.630210464348906,2.4853318189876945,2.5830073309369843,0.8
full_seed11_replay_0p0_noise0p25_s9_a0p3_b0p8,11,replay,0.0,0.25,9,0.3,crp,1.734677598816461,1.8071715116155955,1.642564733615625,2.482625462652478,2.6907313255960936,0.8
full_seed11_replay_0p0_noise0p5_s13_a0p2_b0p7,11,replay,0.0,0.5,13,0.2,fpr_owa,1.2941491831629997,1.3694718070207743,1.2970916190651125,1.979666615836429,2.2904240069420423,0.7
full_seed11_replay_0p0_noise0p5_s13_a0p2_b0p7,11,replay,0.0,0.5,13,0.2,crp,1.3674282165417782,1.450480036608163,1.325280272641736,2.138401466959279,2.437295699125634,0.7
full_seed11_replay_0p0_noise0p5_s13_a0p3_b0p8,11,replay,0.0,0.5,13,0.3,fpr_owa,1.3879873128426703,1.4873215954875596,1.3082925736137798,2.2245555160048647,2.5341441719155235,0.8
full_seed11_replay_0p0_noise0p5_s13_a0p3_b0p8,11,replay,0.0,0.5,13,0.3,crp,1.473180330623073,1.5808437361602397,1.4048842435478974,2.3993470548189246,2.5575828732332195,0.8
full_seed11_replay_0p0_noise0p5_s5_a0p2_b0p7,11,replay,0.0,0.5,5,0.2,fpr_owa,1.7926018622007016,1.87783469716562,1.7723700273181024,2.684271847491995,3.190669428167615,0.7
full_seed11_replay_0p0_noise0p5_s5_a0p2_b0p7,11,replay,0.0,0.5,5,0.2,crp,1.7855667999347693,1.866313238653095,1.727268489818366,2.642087428337984,2.907897243440372,0.7
full_seed11_replay_0p0_noise0p5_s5_a0p3_b0p8,11,replay,0.0,0.5,5,0.3,fpr_owa,1.791824928608006,1.876863939248184,1.7385226185681226,2.7228923880791,3.101963578061354,0.8
full_seed11_replay_0p0_noise0p5_s5_a0p3_b0p8,11,replay,0.0,0.5,5,0.3,crp,1.793218357089614,1.882204191552458,1.735392973993215,2.7481516084059834,3.015211503857449,0.8
full_seed11_replay_0p0_noise0p5_s9_a0p2_b0p7,11,replay,0.0,0.5,9,0.2,fpr_owa,1.7053325554692842,1.7803703247585505,1.6412696103953297,2.503828933608913,2.7646347948997105,0.7
full_seed11_replay_0p0_noise0p5_s9_a0p2_b0p7,11,replay,0.0,0.5,9,0.2,crp,1.730285672625853,1.8054878873330868,1.6480621731582354,2.5317295391934582,2.7456484824300014,0.7
full_seed11_replay_0p0_noise0p5_s9_a0p3_b0p8,11,replay,0.0,0.5,9,0.3,fpr_owa,1.7003480934025528,1.778436934064852,1.654233640163059,2.5271347718124075,2.864073642446804,0.8
full_seed11_replay_0p0_noise0p5_s9_a0p3_b0p8,11,replay,0.0,0.5,9,0.3,crp,1.7128507431029911,1.7897104461679323,1.6562770994936615,2.5525808236867014,2.8474494451655707,0.8
full_seed11_replay_0p1_noise0p1_s13_a0p2_b0p7,11,replay,0.1,0.1,13,0.2,fpr_owa,1.2040691832353656,1.2531153986047816,1.2026784507458006,1.6480635543117987,1.700651047032628,0.7
full_seed11_replay_0p1_noise0p1_s13_a0p2_b0p7,11,replay,0.1,0.1,13,0.2,crp,1.193306576680196,1.24302162026928,1.1996809234949923,1.640928494089096,1.700651047032628,0.7
full_seed11_replay_0p1_noise0p1_s13_a0p3_b0p8,11,replay,0.1,0.1,13,0.3,fpr_owa,1.4690129341211535,1.5453641913901164,1.4463923400377454,2.0813294075250206,2.1531616283456394,0.8
full_seed11_replay_0p1_noise0p1_s13_a0p3_b0p8,11,replay,0.1,0.1,13,0.3,crp,1.457747300490753,1.5363643492366732,1.4463923400377454,2.0614861004725067,2.145463900501399,0.8
full_seed11_replay_0p1_noise0p1_s5_a0p2_b0p7,11,replay,0.1,0.1,5,0.2,fpr_owa,1.7641788435487618,1.8344957748451296,1.6378153881221,2.480498620302904,2.605539676523132,0.7
full_seed11_replay_0p1_noise0p1_s5_a0p2_b0p7,11,replay,0.1,0.1,5,0.2,crp,1.7595234470387051,1.830669539154783,1.6378153881221,2.4811078752419355,2.616528232453659,0.7
full_seed11_replay_0p1_noise0p1_s5_a0p3_b0p8,11,replay,0.1,0.1,5,0.3,fpr_owa,1.774467932880156,1.850312605071101,1.6740220907729897,2.48608007812878,2.5953096084478187,0.8
full_seed11_replay_0p1_noise0p1_s5_a0p3_b0p8,11,replay,0.1,0.1,5,0.3,crp,1.771307045375303,1.8484151901269616,1.6740220907729897,2.487659601064231,2.627800092357878,0.8
full_seed11_replay_0p1_noise0p1_s9_a0p2_b0p7,11,replay,0.1,0.1,9,0.2,fpr_owa,1.7658797466791871,1.820919563243793,1.646441406201646,2.4012606868396986,2.582255323435484,0.7
full_seed11_replay_0p1_noise0p1_s9_a0p2_b0p7,11,replay,0.1,0.1,9,0.2,crp,1.771365780525385,1.8279010464716587,1.6447626097787258,2.4220228823202845,2.582255323435484,0.7
full_seed11_replay_0p1_noise0p1_s9_a0p3_b0p8,11,replay,0.1,0.1,9,0.3,fpr_owa,1.7384961650016442,1.813732717070268,1.5738625989818076,2.4700663746752207,2.5362443408446937,0.8
full_seed11_replay_0p1_noise0p1_s9_a0p3_b0p8,11,replay,0.1,0.1,9,0.3,crp,1.7389954516077095,1.814982347852789,1.5672958452036714,2.479990216285952,2.5416533859161623,0.8
full_seed11_replay_0p1_noise0p25_s13_a0p2_b0p7,11,replay,0.1,0.25,13,0.2,fpr_owa,1.2352518430987574,1.2964257337520433,1.2369885657786412,1.7944008630431263,1.9569972867118044,0.7
full_seed11_replay_0p1_noise0p25_s13_a0p2_b0p7,11,replay,0.1,0.25,13,0.2,crp,1.2426360352863652,1.3047088201135666,1.2448767999003771,1.8101933269914283,2.15618531726692,0.7
full_seed11_replay_0p1_noise0p25_s13_a0p3_b0p8,11,replay,0.1,0.25,13,0.3,fpr_owa,1.4366542473895183,1.5337531275415397,1.3901024595257758,2.1742929399104525,2.3214884090002728,0.8
full_seed11_replay_0p1_noise0p25_s13_a0p3_b0p8,11,replay,0.1,0.25,13,0.3,crp,1.4535712851314984,1.5530095165593447,1.4328413556927695,2.1993387477865567,2.4259092759061747,0.8
full_seed11_replay_0p1_noise0p25_s5_a0p2_b0p7,11,replay,0.1,0.25,5,0.2,fpr_owa,1.768739992363102,1.8408338656066765,1.6648480772683014,2.521330051813962,2.8249633333898125,0.7
full_seed11_replay_0p1_noise0p25_s5_a0p2_b0p7,11,replay,0.1,0.25,5,0.2,crp,1.772498896996404,1.8455890200440888,1.6648480772683014,2.5516486310132764,2.796271661390479,0.7
full_seed11_replay_0p1_noise0p25_s5_a0p3_b0p8,11,replay,0.1,0.25,5,0.3,fpr_owa,1.7807210666317297,1.853421338503683,1.700543780777097,2.5455608840162336,2.780508180814264,0.8
full_seed11_replay_0p1_noise0p25_s5_a0p3_b0p8,11,replay,0.1,0.25,5,0.3,crp,1.781535411235672,1.8552182511234132,1.694669890884244,2.557545477919508,2.8182343888801613,0.8
full_seed11_replay_0p1_noise0p25_s9_a0p2_b0p7,11,replay,0.1,0.25,9,0.2,fpr_owa,1.7431338286696807,1.8061254534527225,1.64728148179561,2.442964191398087,2.5641415193997883,0.7
full_seed11_replay_0p1_noise0p25_s9_a0p2_b0p7,11,replay,0.1,0.25,9,0.2,crp,1.7488505667266283,1.8135859374980476,1.678722815176287,2.447782411974243,2.6612725501849623,0.7
full_seed11_replay_0p1_noise0p25_s9_a0p3_b0p8,11,replay,0.1,0.25,9,0.3,fpr_owa,1.7202547879118202,1.7930155736053883,1.6210691254499563,2.4853318189876945,2.5830073309369843,0.8
full_seed11_replay_0p1_noise0p25_s9_a0p3_b0p8,11,replay,0.1,0.25,9,0.3,crp,1.7242385504382445,1.797597548368015,1.6210691254499563,2.482474197251168,2.6907313255960936,0.8
full_seed11_replay_0p1_noise0p5_s13_a0p2_b0p7,11,replay,0.1,0.5,13,0.2,fpr_owa,1.2905909194948415,1.364868731359414,1.3142107446322588,1.9508072840625093,2.214796841705948,0.7
full_seed11_replay_0p1_noise0p5_s13_a0p2_b0p7,11,replay,0.1,0.5,13,0.2,crp,1.35762674437261,1.443550138486404,1.3310007986764645,2.142401514914019,2.420539982181124,0.7
full_seed11_replay_0p1_noise0p5_s13_a0p3_b0p8,11,replay,0.1,0.5,13,0.3,fpr_owa,1.380233830847578,1.480867172299692,1.307759392461581,2.220810343502956,2.4636576269232635,0.8
full_seed11_replay_0p1_noise0p5_s13_a0p3_b0p8,11,replay,0.1,0.5,13,0.3,crp,1.4686651262260595,1.5763415930768363,1.4330247708041586,2.366685563109887,2.517108529650731,0.8
full_seed11_replay_0p1_noise0p5_s5_a0p2_b0p7,11,replay,0.1,0.5,5,0.2,fpr_owa,1.7926018622007016,1.87783469716562,1.7723700273181024,2.684271847491995,3.190669428167615,0.7
full_seed11_replay_0p1_noise0p5_s5_a0p2_b0p7,11,replay,0.1,0.5,5,0.2,crp,1.7855667999347693,1.866313238653095,1.727268489818366,2.642087428337984,2.907897243440372,0.7
full_seed11_replay_0p1_noise0p5_s5_a0p3_b0p8,11,replay,0.1,0.5,5,0.3,fpr_owa,1.791824928608006,1.876863939248184,1.7385226185681226,2.7228923880791,3.101963578061354,0.8
full_seed11_replay_0p1_noise0p5_s5_a0p3_b0p8,11,replay,0.1,0.5,5,0.3,crp,1.793218357089614,1.882204191552458,1.735392973993215,2.7481516084059834,3.015211503857449,0.8
full_seed11_replay_0p1_noise0p5_s9_a0p2_b0p7,11,replay,0.1,0.5,9,0.2,fpr_owa,1.7111503981375278,1.7861281092475318,1.6483997087427045,2.50833896610992,2.7236700803968263,0.7
full_seed11_replay_0p1_noise0p5_s9_a0p2_b0p7,11,replay,0.1,0.5,9,0.2,crp,1.7306587567711085,1.8051168119771543,1.6795463257256078,2.5317295391934582,2.724692198011851,0.7
full_seed11_replay_0p1_noise0p5_s9_a0p3_b0p8,11,replay,0.1,0.5,9,0.3,fpr_owa,1.6966473707381398,1.774027937660042,1.6135029589460903,2.5206840843540554,2.864073642446804,0.8
full_seed11_replay_0p1_noise0p5_s9_a0p3_b0p8,11,replay,0.1,0.5,9,0.3,crp,1.710145836202422,1.786462317393012,1.6658094447811855,2.56059068347883,2.8474494451655707,0.8
full_seed11_replay_0p2_noise0p1_s13_a0p2_b0p7,11,replay,0.2,0.1,13,0.2,fpr_owa,1.198150355746878,1.2483411905518371,1.2026784507458006,1.6408114862646264,1.7069528125900653,0.7
full_seed11_replay_0p2_noise0p1_s13_a0p2_b0p7,11,replay,0.2,0.1,13,0.2,crp,1.1858552437008263,1.236358941919652,1.2026784507458006,1.6341893681392314,1.7069528125900653,0.7
full_seed11_replay_0p2_noise0p1_s13_a0p3_b0p8,11,replay,0.2,0.1,13,0.3,fpr_owa,1.4644751865600674,1.5415221729372437,1.444558928459628,2.068489843459696,2.1531616283456394,0.8
full_seed11_replay_0p2_noise0p1_s13_a0p3_b0p8,11,replay,0.2,0.1,13,0.3,crp,1.4525440262505995,1.5317042620627228,1.444558928459628,2.057763722638968,2.142803008081392,0.8
full_seed11_replay_0p2_noise0p1_s5_a0p2_b0p7,11,replay,0.2,0.1,5,0.2,fpr_owa,1.769002173515032,1.8412966809856903,1.6558811932758128,2.48870375917548,2.6336585638600494,0.7
full_seed11_replay_0p2_noise0p1_s5_a0p2_b0p7,11,replay,0.2,0.1,5,0.2,crp,1.764483326053318,1.8376232421355825,1.6558811932758128,2.4921327283568577,2.6336585638600494,0.7
full_seed11_replay_0p2_noise0p1_s5_a0p3_b0p8,11,replay,0.2,0.1,5,0.3,fpr_owa,1.7714269198122037,1.8473009189474865,1.6740220907729897,2.4879273488857216,2.602295108436337,0.8
full_seed11_replay_0p2_noise0p1_s5_a0p3_b0p8,11,replay,0.2,0.1,5,0.3,crp,1.7683684440936078,1.845495167566068,1.6740220907729897,2.488412518197561,2.627800092357878,0.8
full_seed11_replay_0p2_noise0p1_s9_a0p2_b0p7,11,replay,0.2,0.1,9,0.2,fpr_owa,1.7643542921115911,1.8186784926556012,1.646441406201646,2.4012606868396986,2.5121179624778103,0.7
full_seed11_replay_0p2_noise0p1_s9_a0p2_b0p7,11,replay,0.2,0.1,9,0.2,crp,1.7693666094792582,1.8251105586835537,1.6393423341839064,2.428634278710314,2.5387481583887506,0.7
full_seed11_replay_0p2_noise0p1_s9_a0p3_b0p8,11,replay,0.2,0.1,9,0.3,fpr_owa,1.7356473160832284,1.8106418229093728,1.6024844498321813,2.459658743724436,2.5362443408446937,0.8
full_seed11_replay_0p2_noise0p1_s9_a0p3_b0p8,11,replay,0.2,0.1,9,0.3,crp,1.735667030842383,1.811321905181712,1.6024844498321813,2.476955341056703,2.5416533859161623,0.8
full_seed11_replay_0p2_noise0p25_s13_a0p2_b0p7,11,replay,0.2,0.25,13,0.2,fpr_owa,1.2359986088874673,1.2972594289821149,1.2548214029082725,1.77772932196063,1.9569972867118044,0.7
full_seed11_replay_0p2_noise0p25_s13_a0p2_b0p7,11,replay,0.2,0.25,13,0.2,crp,1.2462282237080562,1.3089138591061709,1.2442562025149773,1.8103526637150595,2.15618531726692,0.7
full_seed11_replay_0p2_noise0p25_s13_a0p3_b0p8,11,replay,0.2,0.25,13,0.3,fpr_owa,1.4382511932420536,1.5340320186855487,1.4519838626260149,2.1743967087654967,2.3214884090002728,0.8
full_seed11_replay_0p2_noise0p25_s13_a0p3_b0p8,11,replay,0.2,0.25,13,0.3,crp,1.4572562100502102,1.5550886063920395,1.4614353911569031,2.199283146726663,2.4259092759061747,0.8
full_seed11_replay_0p2_noise0p25_s5_a0p2_b0p7,11,replay,0.2,0.25,5,0.2,fpr_owa,1.7760616897011543,1.8507528591026037,1.7219994376998975,2.559329695970429,2.8249633333898125,0.7
full_seed11_replay_0p2_noise0p25_s5_a0p2_b0p7,11,replay,0.2,0.25,5,0.2,crp,1.780193664297575,1.8558842988986937,1.7219994376998975,2.6115714912176142,2.796271661390479,0.7
full_seed11_replay_0p2_noise0p25_s5_a0p3_b0p8,11,replay,0.2,0.25,5,0.3,fpr_owa,1.7811011323203794,1.8545742053855,1.7297907783986153,2.557885230330293,2.780508180814264,0.8
full_seed11_replay_0p2_noise0p25_s5_a0p3_b0p8,11,replay,0.2,0.25,5,0.3,crp,1.7816517903236564,1.856380174709854,1.7136621743197915,2.5819954074673386,2.8182343888801613,0.8
full_seed11_replay_0p2_noise0p25_s9_a0p2_b0p7,11,replay,0.2,0.25,9,0.2,fpr_owa,1.7416406487887943,1.804595516955925,1.663486600280227,2.422946939710708,2.5153981132942484,0.7
full_seed11_replay_0p2_noise0p25_s9_a0p2_b0p7,11,replay,0.2,0.25,9,0.2,crp,1.7511493559016424,1.8149601771773387,1.68925837048306,2.437558998750801,2.6612725501849623,0.7
full_seed11_replay_0p2_noise0p25_s9_a0p3_b0p8,11,replay,0.2,0.25,9,0.3,fpr_owa,1.7216837390983408,1.79428108117603,1.6521391739273772,2.4919329762061597,2.5830073309369843,0.8
full_seed11_replay_0p2_noise0p25_s9_a0p3_b0p8,11,replay,0.2,0.25,9,0.3,crp,1.7301893272205249,1.803166934048288,1.656624826653564,2.5004603381086064,2.6907313255960936,0.8
full_seed11_replay_0p2_noise0p5_s13_a0p2_b0p7,11,replay,0.2,0.5,13,0.2,fpr_owa,1.291899832303347,1.3647147597878215,1.2844421216889033,1.901285549127776,2.296719793952636,0.7
full_seed11_replay_0p2_noise0p5_s13_a0p2_b0p7,11,replay,0.2,0.5,13,0.2,crp,1.3561365475695382,1.4417383523841678,1.3187720879420488,2.120241769559522,2.420539982181124,0.7
full_seed11_replay_0p2_noise0p5_s13_a0p3_b0p8,11,replay,0.2,0.5,13,0.3,fpr_owa,1.3877241843507198,1.4860057374741682,1.3750936066939978,2.260626003035456,2.382396871286631,0.8
full_seed11_replay_0p2_noise0p5_s13_a0p3_b0p8,11,replay,0.2,0.5,13,0.3,crp,1.455845306756711,1.562848819381366,1.4002524170900794,2.3591580878356067,2.525720708979967,0.8
full_seed11_replay_0p2_noise0p5_s5_a0p2_b0p7,11,replay,0.2,0.5,5,0.2,fpr_owa,1.7838606008092055,1.873289240781229,1.745733287595802,2.71725999700344,3.190669428167615,0.7
full_seed11_replay_0p2_noise0p5_s5_a0p2_b0p7,11,replay,0.2,0.5,5,0.2,crp,1.7754225255187015,1.8595155852785328,1.7319409347341137,2.668830666611714,2.907897243440372,0.7
full_seed11_replay_0p2_noise0p5_s5_a0p3_b0p8,11,replay,0.2,0.5,5,0.3,fpr_owa,1.7841594285636626,1.8705306118192069,1.7429661214526817,2.681697631938612,3.101963578061354,0.8
full_seed11_replay_0p2_noise0p5_s5_a0p3_b0p8,11,replay,0.2,0.5,5,0.3,crp,1.779823765094199,1.867948365762453,1.735392973993215,2.733181768186793,3.015211503857449,0.8
full_seed11_replay_0p2_noise0p5_s9_a0p2_b0p7,11,replay,0.2,0.5,9,0.2,fpr_owa,1.7088703016845417,1.7846241794162785,1.6701729500491893,2.503644414618502,2.8342303455627693,0.7
full_seed11_replay_0p2_noise0p5_s9_a0p2_b0p7,11,replay,0.2,0.5,9,0.2,crp,1.7255582211463043,1.800265419965294,1.6922023101298351,2.5317295391934582,2.724692198011851,0.7
full_seed11_replay_0p2_noise0p5_s9_a0p3_b0p8,11,replay,0.2,0.5,9,0.3,fpr_owa,1.6943702791690989,1.7725849492321375,1.6183099121312277,2.521671619613573,2.864073642446804,0.8
full_seed11_replay_0p2_noise0p5_s9_a0p3_b0p8,11,replay,0.2,0.5,9,0.3,crp,1.699646225604138,1.7747115668743096,1.6453582712475925,2.533530998859232,2.8474494451655707,0.8
full_seed11_replay_0p3_noise0p1_s13_a0p2_b0p7,11,replay,0.3,0.1,13,0.2,fpr_owa,1.1997573712505376,1.2491578875635152,1.205111364763916,1.6408114862646264,1.7069528125900653,0.7
full_seed11_replay_0p3_noise0p1_s13_a0p2_b0p7,11,replay,0.3,0.1,13,0.2,crp,1.1868289529621592,1.2364452740477527,1.2050121446898678,1.623887201418568,1.7069528125900653,0.7
full_seed11_replay_0p3_noise0p1_s13_a0p3_b0p8,11,replay,0.3,0.1,13,0.3,fpr_owa,1.4656283984009106,1.5416680109971974,1.444558928459628,2.0538722410922863,2.1531616283456394,0.8
full_seed11_replay_0p3_noise0p1_s13_a0p3_b0p8,11,replay,0.3,0.1,13,0.3,crp,1.453069297458632,1.5310669052315589,1.444558928459628,2.046649858913244,2.142803008081392,0.8
full_seed11_replay_0p3_noise0p1_s5_a0p2_b0p7,11,replay,0.3,0.1,5,0.2,fpr_owa,1.7657475663297908,1.837699087748991,1.6589291444158063,2.4921327283568577,2.606087846620584,0.7
full_seed11_replay_0p3_noise0p1_s5_a0p2_b0p7,11,replay,0.3,0.1,5,0.2,crp,1.7619258496129644,1.8346823735253155,1.6763022819417073,2.50142196894493,2.616528232453659,0.7
full_seed11_replay_0p3_noise0p1_s5_a0p3_b0p8,11,replay,0.3,0.1,5,0.3,fpr_owa,1.7715812552796266,1.8462571806411707,1.7040283446717823,2.479807301040305,2.587634942466009,0.8
full_seed11_replay_0p3_noise0p1_s5_a0p3_b0p8,11,replay,0.3,0.1,5,0.3,crp,1.768932394322264,1.84482092983256,1.709586784986022,2.4814340544797413,2.627800092357878,0.8
full_seed11_replay_0p3_noise0p1_s9_a0p2_b0p7,11,replay,0.3,0.1,9,0.2,fpr_owa,1.7631440596673087,1.8181989533027187,1.6493693511814236,2.3992453779789686,2.5146780312984056,0.7
full_seed11_replay_0p3_noise0p1_s9_a0p2_b0p7,11,replay,0.3,0.1,9,0.2,crp,1.7696439727473556,1.8264186324396805,1.646441406201646,2.447493154630332,2.5387481583887506,0.7
full_seed11_replay_0p3_noise0p1_s9_a0p3_b0p8,11,replay,0.3,0.1,9,0.3,fpr_owa,1.7369417656927106,1.8117124927165975,1.6193350163177498,2.461600965211289,2.574894678660583,0.8
full_seed11_replay_0p3_noise0p1_s9_a0p3_b0p8,11,replay,0.3,0.1,9,0.3,crp,1.737420238549918,1.812990506084007,1.6193350163177498,2.4822639611597515,2.574894678660583,0.8
full_seed11_replay_0p3_noise0p25_s13_a0p2_b0p7,11,replay,0.3,0.25,13,0.2,fpr_owa,1.229019076339703,1.2891208970672303,1.2333632782665087,1.7773195997937588,1.9569972867118044,0.7
full_seed11_replay_0p3_noise0p25_s13_a0p2_b0p7,11,replay,0.3,0.25,13,0.2,crp,1.2352367993060631,1.2983379156514008,1.241580443180604,1.8125086158689727,2.15618531726692,0.7
full_seed11_replay_0p3_noise0p25_s13_a0p3_b0p8,11,replay,0.3,0.25,13,0.3,fpr_owa,1.434841199899535,1.530146851670233,1.4421965740384657,2.1648333256868684,2.3214884090002728,0.8
full_seed11_replay_0p3_noise0p25_s13_a0p3_b0p8,11,replay,0.3,0.25,13,0.3,crp,1.450682960366665,1.5482907376896091,1.4614353911569031,2.2043388374299018,2.4259092759061747,0.8
full_seed11_replay_0p3_noise0p25_s5_a0p2_b0p7,11,replay,0.3,0.25,5,0.2,fpr_owa,1.7701365269916338,1.8412660115425463,1.7325682164611882,2.5408475395255685,2.8249633333898125,0.7
full_seed11_replay_0p3_noise0p25_s5_a0p2_b0p7,11,replay,0.3,0.25,5,0.2,crp,1.7740070563068329,1.8468140264468675,1.7382344959974645,2.5590265760896407,2.796271661390479,0.7
full_seed11_replay_0p3_noise0p25_s5_a0p3_b0p8,11,replay,0.3,0.25,5,0.3,fpr_owa,1.7783855969539577,1.849735918728912,1.7485018190887929,2.542689342475345,2.780508180814264,0.8
full_seed11_replay_0p3_noise0p25_s5_a0p3_b0p8,11,replay,0.3,0.25,5,0.3,crp,1.778817216731901,1.8521726637278484,1.7385013334376525,2.577159012241017,2.8182343888801613,0.8
full_seed11_replay_0p3_noise0p25_s9_a0p2_b0p7,11,replay,0.3,0.25,9,0.2,fpr_owa,1.737950610858988,1.8005925561117342,1.6764569613758225,2.4387783070765723,2.5377283152984704,0.7
full_seed11_replay_0p3_noise0p25_s9_a0p2_b0p7,11,replay,0.3,0.25,9,0.2,crp,1.7468379546214945,1.8110808615567071,1.713406286832368,2.4436514695332385,2.6612725501849623,0.7
full_seed11_replay_0p3_noise0p25_s9_a0p3_b0p8,11,replay,0.3,0.25,9,0.3,fpr_owa,1.7186240740578411,1.790193650157868,1.657229635834954,2.4963103599154106,2.58898328181503,0.8
full_seed11_replay_0p3_noise0p25_s9_a0p3_b0p8,11,replay,0.3,0.25,9,0.3,crp,1.7238337805851387,1.796455309932205,1.657229635834954,2.5002442296049474,2.6907313255960936,0.8
full_seed11_replay_0p3_noise0p5_s13_a0p2_b0p7,11,replay,0.3,0.5,13,0.2,fpr_owa,1.2883724643744066,1.361438620366329,1.28146046812562,1.93154764387273,2.2463114191805897,0.7
full_seed11_replay_0p3_noise0p5_s13_a0p2_b0p7,11,replay,0.3,0.5,13,0.2,crp,1.3575999982509397,1.444003448655813,1.3120984397573006,2.1688033300818974,2.420539982181124,0.7
full_seed11_replay_0p3_noise0p5_s13_a0p3_b0p8,11,replay,0.3,0.5,13,0.3,fpr_owa,1.3889309353556505,1.487696003664586,1.368715055346432,2.221741872432919,2.382396871286631,0.8
full_seed11_replay_0p3_noise0p5_s13_a0p3_b0p8,11,replay,0.3,0.5,13,0.3,crp,1.458898852682062,1.5672497548119824,1.3946481097385703,2.3663379282681083,2.525720708979967,0.8
full_seed11_replay_0p3_noise0p5_s5_a0p2_b0p7,11,replay,0.3,0.5,5,0.2,fpr_owa,1.776338171959614,1.8603730249559507,1.7312734618500942,2.6846289267011563,3.190669428167615,0.7
full_seed11_replay_0p3_noise0p5_s5_a0p2_b0p7,11,replay,0.3,0.5,5,0.2,crp,1.7736344886869595,1.854224740518452,1.721666724487522,2.684271847491995,2.924281833889708,0.7
full_seed11_replay_0p3_noise0p5_s5_a0p3_b0p8,11,replay,0.3,0.5,5,0.3,fpr_owa,1.7765956374607157,1.8586444394452288,1.734181554258461,2.676069488452786,3.101963578061354,0.8
full_seed11_replay_0p3_noise0p5_s5_a0p3_b0p8,11,replay,0.3,0.5,5,0.3,crp,1.7765318668359669,1.862601994562318,1.7338736568183206,2.7343765137109264,3.015211503857449,0.8
full_seed11_replay_0p3_noise0p5_s9_a0p2_b0p7,11,replay,0.3,0.5,9,0.2,fpr_owa,1.7067365411775732,1.7815901623769934,1.6483997087427045,2.489283418020265,2.732772630646457,0.7
full_seed11_replay_0p3_noise0p5_s9_a0p2_b0p7,11,replay,0.3,0.5,9,0.2,crp,1.7255134984190723,1.7990514235170478,1.6525184113641556,2.523876183493225,2.834347600162786,0.7
full_seed11_replay_0p3_noise0p5_s9_a0p3_b0p8,11,replay,0.3,0.5,9,0.3,fpr_owa,1.6877412921472303,1.7654903868951248,1.6291089280019209,2.5206840843540554,2.864073642446804,0.8
full_seed11_replay_0p3_noise0p5_s9_a0p3_b0p8,11,replay,0.3,0.5,9,0.3,crp,1.698082034493254,1.7713495324557906,1.6416712293483593,2.5362095211328204,2.8474494451655707,0.8
full_seed11_replay_0p4_noise0p1_s13_a0p2_b0p7,11,replay,0.4,0.1,13,0.2,fpr_owa,1.2035247486140568,1.2520455285035894,1.2116984584214443,1.6409092938528635,1.7124963131526276,0.7
full_seed11_replay_0p4_noise0p1_s13_a0p2_b0p7,11,replay,0.4,0.1,13,0.2,crp,1.189313997252511,1.23786730451619,1.2116984584214443,1.610956272332641,1.7124963131526276,0.7
full_seed11_replay_0p4_noise0p1_s13_a0p3_b0p8,11,replay,0.4,0.1,13,0.3,fpr_owa,1.4701670462952934,1.5447248438894725,1.4610334123686444,2.055545729461821,2.1537563137968965,0.8
full_seed11_replay_0p4_noise0p1_s13_a0p3_b0p8,11,replay,0.4,0.1,13,0.3,crp,1.4567476812876266,1.5330897014686775,1.4610334123686444,2.044785014357983,2.1537563137968965,0.8
full_seed11_replay_0p4_noise0p1_s5_a0p2_b0p7,11,replay,0.4,0.1,5,0.2,fpr_owa,1.7657475663297908,1.837699087748991,1.6589291444158063,2.4921327283568577,2.606087846620584,0.7
full_seed11_replay_0p4_noise0p1_s5_a0p2_b0p7,11,replay,0.4,0.1,5,0.2,crp,1.7619258496129644,1.8346823735253155,1.6763022819417073,2.50142196894493,2.616528232453659,0.7
full_seed11_replay_0p4_noise0p1_s5_a0p3_b0p8,11,replay,0.4,0.1,5,0.3,fpr_owa,1.7715812552796266,1.8462571806411707,1.7040283446717823,2.479807301040305,2.587634942466009,0.8
full_seed11_replay_0p4_noise0p1_s5_a0p3_b0p8,11,replay,0.4,0.1,5,0.3,crp,1.768932394322264,1.84482092983256,1.709586784986022,2.4814340544797413,2.627800092357878,0.8
full_seed11_replay_0p4_noise0p1_s9_a0p2_b0p7,11,replay,0.4,0.1,9,0.2,fpr_owa,1.764860573055373,1.8190587873405224,1.6587792378373152,2.395256572862045,2.5427107392701025,0.7
full_seed11_replay_0p4_noise0p1_s9_a0p2_b0p7,11,replay,0.4,0.1,9,0.2,crp,1.7708681319843624,1.826744249111519,1.6564933958214478,2.4268640158701014,2.5427107392701025,0.7
full_seed11_replay_0p4_noise0p1_s9_a0p3_b0p8,11,replay,0.4,0.1,9,0.3,fpr_owa,1.7317826768883242,1.805831051893538,1.627697594433872,2.457145504089235,2.5443877358477907,0.8
full_seed11_replay_0p4_noise0p1_s9_a0p3_b0p8,11,replay,0.4,0.1,9,0.3,crp,1.7322322846634388,1.8070835294095036,1.627917363617049,2.4612240429172285,2.5443877358477907,0.8
full_seed11_replay_0p4_noise0p25_s13_a0p2_b0p7,11,replay,0.4,0.25,13,0.2,fpr_owa,1.2325066252454673,1.2915322799828657,1.241580443180604,1.7689660448018796,1.9569972867118044,0.7
full_seed11_replay_0p4_noise0p25_s13_a0p2_b0p7,11,replay,0.4,0.25,13,0.2,crp,1.239087280394905,1.3008814935247617,1.24463928931447,1.802417906299988,2.15618531726692,0.7
full_seed11_replay_0p4_noise0p25_s13_a0p3_b0p8,11,replay,0.4,0.25,13,0.3,fpr_owa,1.4366783203905555,1.531267856333881,1.4363358188627675,2.1571753678179384,2.323571342532016,0.8
full_seed11_replay_0p4_noise0p25_s13_a0p3_b0p8,11,replay,0.4,0.25,13,0.3,crp,1.4533679859869797,1.5489582990452786,1.4519478745893182,2.1993387477865567,2.4259092759061747,0.8
full_seed11_replay_0p4_noise0p25_s5_a0p2_b0p7,11,replay,0.4,0.25,5,0.2,fpr_owa,1.7701365269916338,1.8412660115425463,1.7325682164611882,2.5408475395255685,2.8249633333898125,0.7
full_seed11_replay_0p4_noise0p25_s5_a0p2_b0p7,11,replay,0.4,0.25,5,0.2,crp,1.7740070563068329,1.8468140264468675,1.7382344959974645,2.5590265760896407,2.796271661390479,0.7
full_seed11_replay_0p4_noise0p25_s5_a0p3_b0p8,11,replay,0.4,0.25,5,0.3,fpr_owa,1.7783855969539577,1.849735918728912,1.7485018190887929,2.542689342475345,2.780508180814264,0.8
full_seed11_replay_0p4_noise0p25_s5_a0p3_b0p8,11,replay,0.4,0.25,5,0.3,crp,1.778817216731901,1.8521726637278484,1.7385013334376525,2.577159012241017,2.8182343888801613,0.8
full_seed11_replay_0p4_noise0p25_s9_a0p2_b0p7,11,replay,0.4,0.25,9,0.2,fpr_owa,1.7360600749490578,1.7995912464639738,1.647757483970974,2.437558998750801,2.615732026916565,0.7
full_seed11_replay_0p4_noise0p25_s9_a0p2_b0p7,11,replay,0.4,0.25,9,0.2,crp,1.7407188103768012,1.80709417522286,1.6880258600244566,2.4436514695332385,2.6612725501849623,0.7
full_seed11_replay_0p4_noise0p25_s9_a0p3_b0p8,11,replay,0.4,0.25,9,0.3,fpr_owa,1.7148202544842452,1.785222345675127,1.6365949976894758,2.4853318189876945,2.587683733721192,0.8
full_seed11_replay_0p4_noise0p25_s9_a0p3_b0p8,11,replay,0.4,0.25,9,0.3,crp,1.716204304401568,1.788638418021126,1.649535596406138,2.4862831266717484,2.6907313255960936,0.8
full_seed11_replay_0p4_noise0p5_s13_a0p2_b0p7,11,replay,0.4,0.5,13,0.2,fpr_owa,1.290281866179781,1.36465532935586,1.277347728004797,1.9508268890060685,2.235926873727442,0.7
full_seed11_replay_0p4_noise0p5_s13_a0p2_b0p7,11,replay,0.4,0.5,13,0.2,crp,1.3615431758151095,1.4494011942755745,1.3077579458763493,2.2596788896661355,2.420539982181124,0.7
full_seed11_replay_0p4_noise0p5_s13_a0p3_b0p8,11,replay,0.4,0.5,13,0.3,fpr_owa,1.384805060379961,1.483757128640794,1.3582840473929294,2.2217841263401965,2.382396871286631,0.8
full_seed11_replay_0p4_noise0p5_s13_a0p3_b0p8,11,replay,0.4,0.5,13,0.3,crp,1.456734061845399,1.5661622672785236,1.4368963518605835,2.3801524895594293,2.552594172375558,0.8
full_seed11_replay_0p4_noise0p5_s5_a0p2_b0p7,11,replay,0.4,0.5,5,0.2,fpr_owa,1.776338171959614,1.8603730249559507,1.7312734618500942,2.6846289267011563,3.190669428167615,0.7
full_seed11_replay_0p4_noise0p5_s5_a0p2_b0p7,11,replay,0.4,0.5,5,0.2,crp,1.7736344886869595,1.854224740518452,1.721666724487522,2.684271847491995,2.924281833889708,0.7
full_seed11_replay_0p4_noise0p5_s5_a0p3_b0p8,11,replay,0.4,0.5,5,0.3,fpr_owa,1.7765956374607157,1.8586444394452288,1.734181554258461,2.676069488452786,3.101963578061354,0.8
full_seed11_replay_0p4_noise0p5_s5_a0p3_b0p8,11,replay,0.4,0.5,5,0.3,crp,1.7765318668359669,1.862601994562318,1.7338736568183206,2.7343765137109264,3.015211503857449,0.8
full_seed11_replay_0p4_noise0p5_s9_a0p2_b0p7,11,replay,0.4,0.5,9,0.2,fpr_owa,1.6995543657140575,1.774087971507209,1.6483997087427045,2.503362514925985,2.732772630646457,0.7
full_seed11_replay_0p4_noise0p5_s9_a0p2_b0p7,11,replay,0.4,0.5,9,0.2,crp,1.721233672819306,1.7949496200357649,1.666636349635212,2.515199196053802,2.834347600162786,0.7
full_seed11_replay_0p4_noise0p5_s9_a0p3_b0p8,11,replay,0.4,0.5,9,0.3,fpr_owa,1.6834940823003133,1.7605423673117384,1.6291089280019209,2.503197835987435,2.864073642446804,0.8
full_seed11_replay_0p4_noise0p5_s9_a0p3_b0p8,11,replay,0.4,0.5,9,0.3,crp,1.69800561293158,1.772175103952956,1.6416712293483593,2.539120624877616,2.8474494451655707,0.8
full_seed11_scaling_0p0_noise0p1_s13_a0p2_b0p7,11,scaling,0.0,0.1,13,0.2,fpr_owa,1.2030380377571297,1.251722441779351,1.2026784507458006,1.6480635543117987,1.7018842003615893,0.7
full_seed11_scaling_0p0_noise0p1_s13_a0p2_b0p7,11,scaling,0.0,0.1,13,0.2,crp,1.1923016131032595,1.241650456299564,1.1996809234949923,1.6368566356805183,1.7018842003615893,0.7
full_seed11_scaling_0p0_noise0p1_s13_a0p3_b0p8,11,scaling,0.0,0.1,13,0.3,fpr_owa,1.4692993938784018,1.5449144247902484,1.433608269751376,2.093640686237393,2.1531616283456394,0.8
full_seed11_scaling_0p0_noise0p1_s13_a0p3_b0p8,11,scaling,0.0,0.1,13,0.3,crp,1.4580278010339904,1.5359058631298863,1.433608269751376,2.075424891678821,2.145463900501399,0.8
full_seed11_scaling_0p0_noise0p1_s5_a0p2_b0p7,11,scaling,0.0,0.1,5,0.2,fpr_owa,1.7641788435487618,1.8344957748451296,1.6378153881221,2.480498620302904,2.605539676523132,0.7
full_seed11_scaling_0p0_noise0p1_s5_a0p2_b0p7,11,scaling,0.0,0.1,5,0.2,crp,1.7595234470387051,1.830669539154783,1.6378153881221,2.4811078752419355,2.616528232453659,0.7
full_seed11_scaling_0p0_noise0p1_s5_a0p3_b0p8,11,scaling,0.0,0.1,5,0.3,fpr_owa,1.774467932880156,1.850312605071101,1.6740220907729897,2.48608007812878,2.5953096084478187,0.8
full_seed11_scaling_0p0_noise0p1_s5_a0p3_b0p8,11,scaling,0.0,0.1,5,0.3,crp,1.771307045375303,1.8484151901269616,1.6740220907729897,2.487659601064231,2.627800092357878,0.8
full_seed11_scaling_0p0_noise0p1_s9_a0p2_b0p7,11,scaling,0.0,0.1,9,0.2,fpr_owa,1.76382617176232,1.818790851360434,1.646441406201646,2.403961893301196,2.574826357871061,0.7
full_seed11_scaling_0p0_noise0p1_s9_a0p2_b0p7,11,scaling,0.0,0.1,9,0.2,crp,1.7692191663261745,1.825668705284049,1.6437998973188763,2.4216211084042825,2.574826357871061,0.7
full_seed11_scaling_0p0_noise0p1_s9_a0p3_b0p8,11,scaling,0.0,0.1,9,0.3,fpr_owa,1.7391030676721655,1.8148932617376512,1.576794331174129,2.4696643260282585,2.5362443408446937,0.8
full_seed11_scaling_0p0_noise0p1_s9_a0p3_b0p8,11,scaling,0.0,0.1,9,0.3,crp,1.7391920595163377,1.8156560688906616,1.5763991150932015,2.4829934201363586,2.5416533859161623,0.8
full_seed11_scaling_0p0_noise0p25_s13_a0p2_b0p7,11,scaling,0.0,0.25,13,0.2,fpr_owa,1.2367405563130776,1.2975391058372567,1.231759497280631,1.7918660933805393,1.9569972867118044,0.7
full_seed11_scaling_0p0_noise0p25_s13_a0p2_b0p7,11,scaling,0.0,0.25,13,0.2,crp,1.2432274408195605,1.3064400011271446,1.2484342887483248,1.83526605124412,2.15618531726692,0.7
full_seed11_scaling_0p0_noise0p25_s13_a0p3_b0p8,11,scaling,0.0,0.25,13,0.3,fpr_owa,1.4406965827838207,1.5385127187146916,1.3426406936018875,2.1780674388216434,2.3214884090002728,0.8
full_seed11_scaling_0p0_noise0p25_s13_a0p3_b0p8,11,scaling,0.0,0.25,13,0.3,crp,1.4532316054228362,1.5544980511208073,1.4085075228257011,2.205769011537331,2.4259092759061747,0.8
full_seed11_scaling_0p0_noise0p25_s5_a0p2_b0p7,11,scaling,0.0,0.25,5,0.2,fpr_owa,1.768739992363102,1.8408338656066765,1.6648480772683014,2.521330051813962,2.8249633333898125,0.7
full_seed11_scaling_0p0_noise0p25_s5_a0p2_b0p7,11,scaling,0.0,0.25,5,0.2,crp,1.772498896996404,1.8455890200440888,1.6648480772683014,2.5516486310132764,2.796271661390479,0.7
full_seed11_scaling_0p0_noise0p25_s5_a0p3_b0p8,11,scaling,0.0,0.25,5,0.3,fpr_owa,1.7807210666317297,1.853421338503683,1.700543780777097,2.5455608840162336,2.780508180814264,0.8
full_seed11_scaling_0p0_noise0p25_s5_a0p3_b0p8,11,scaling,0.0,0.25,5,0.3,crp,1.781535411235672,1.8552182511234132,1.694669890884244,2.557545477919508,2.8182343888801613,0.8
full_seed11_scaling_0p0_noise0p25_s9_a0p2_b0p7,11,scaling,0.0,0.25,9,0.2,fpr_owa,1.7461352404491015,1.8089103731019336,1.645012760945749,2.447591344300196,2.526468902583454,0.7
full_seed11_scaling_0p0_noise0p25_s9_a0p2_b0p7,11,scaling,0.0,0.25,9,0.2,crp,1.754017242317624,1.8180476972437611,1.678722815176287,2.453444355782547,2.6612725501849623,0.7
full_seed11_scaling_0p0_noise0p25_s9_a0p3_b0p8,11,scaling,0.0,0.25,9,0.3,fpr_owa,1.7255843389288017,1.797624491851203,1.630210464348906,2.4853318189876945,2.5830073309369843,0.8
full_seed11_scaling_0p0_noise0p25_s9_a0p3_b0p8,11,scaling,0.0,0.25,9,0.3,crp,1.734677598816461,1.8071715116155955,1.642564733615625,2.482625462652478,2.6907313255960936,0.8
full_seed11_scaling_0p0_noise0p5_s13_a0p2_b0p7,11,scaling,0.0,0.5,13,0.2,fpr_owa,1.2941491831629997,1.3694718070207743,1.2970916190651125,1.979666615836429,2.2904240069420423,0.7
full_seed11_scaling_0p0_noise0p5_s13_a0p2_b0p7,11,scaling,0.0,0.5,13,0.2,crp,1.3674282165417782,1.450480036608163,1.325280272641736,2.138401466959279,2.437295699125634,0.7
full_seed11_scaling_0p0_noise0p5_s13_a0p3_b0p8,11,scaling,0.0,0.5,13,0.3,fpr_owa,1.3879873128426703,1.4873215954875596,1.3082925736137798,2.2245555160048647,2.5341441719155235,0.8
full_seed11_scaling_0p0_noise0p5_s13_a0p3_b0p8,11,scaling,0.0,0.5,13,0.3,crp,1.473180330623073,1.5808437361602397,1.4048842435478974,2.3993470548189246,2.5575828732332195,0.8
full_seed11_scaling_0p0_noise0p5_s5_a0p2_b0p7,11,scaling,0.0,0.5,5,0.2,fpr_owa,1.7926018622007016,1.87783469716562,1.7723700273181024,2.684271847491995,3.190669428167615,0.7
full_seed11_scaling_0p0_noise0p5_s5_a0p2_b0p7,11,scaling,0.0,0.5,5,0.2,crp,1.7855667999347693,1.866313238653095,1.727268489818366,2.642087428337984,2.907897243440372,0.7
full_seed11_scaling_0p0_noise0p5_s5_a0p3_b0p8,11,scaling,0.0,0.5,5,0.3,fpr_owa,1.791824928608006,1.876863939248184,1.7385226185681226,2.7228923880791,3.101963578061354,0.8
full_seed11_scaling_0p0_noise0p5_s5_a0p3_b0p8,11,scaling,0.0,0.5,5,0.3,crp,1.793218357089614,1.882204191552458,1.735392973993215,2.7481516084059834,3.015211503857449,0.8
full_seed11_scaling_0p0_noise0p5_s9_a0p2_b0p7,11,scaling,0.0,0.5,9,0.2,fpr_owa,1.7053325554692842,1.7803703247585505,1.6412696103953297,2.503828933608913,2.7646347948997105,0.7
full_seed11_scaling_0p0_noise0p5_s9_a0p2_b0p7,11,scaling,0.0,0.5,9,0.2,crp,1.730285672625853,1.8054878873330868,1.6480621731582354,2.5317295391934582,2.7456484824300014,0.7
full_seed11_scaling_0p0_noise0p5_s9_a0p3_b0p8,11,scaling,0.0,0.5,9,0.3,fpr_owa,1.7003480934025528,1.778436934064852,1.654233640163059,2.5271347718124075,2.864073642446804,0.8
full_seed11_scaling_0p0_noise0p5_s9_a0p3_b0p8,11,scaling,0.0,0.5,9,0.3,crp,1.7128507431029911,1.7897104461679323,1.6562770994936615,2.5525808236867014,2.8474494451655707,0.8
full_seed11_scaling_0p1_noise0p1_s13_a0p2_b0p7,11,scaling,0.1,0.1,13,0.2,fpr_owa,1.2125192937453044,1.262601401616235,1.2026784507458006,1.658657078149547,1.7351746813026845,0.7
full_seed11_scaling_0p1_noise0p1_s13_a0p2_b0p7,11,scaling,0.1,0.1,13,0.2,crp,1.1999072141124387,1.2517924579009845,1.1996809234949923,1.6512767910559112,1.7351746813026845,0.7
full_seed11_scaling_0p1_noise0p1_s13_a0p3_b0p8,11,scaling,0.1,0.1,13,0.3,fpr_owa,1.4748514973598792,1.5536960552110388,1.438209196647089,2.0965543121287284,2.1931705960927865,0.8
full_seed11_scaling_0p1_noise0p1_s13_a0p3_b0p8,11,scaling,0.1,0.1,13,0.3,crp,1.4627507534146398,1.5445272653671207,1.438209196647089,2.079374044136663,2.1931705960927865,0.8
full_seed11_scaling_0p1_noise0p1_s5_a0p2_b0p7,11,scaling,0.1,0.1,5,0.2,fpr_owa,1.7641788435487618,1.8344957748451296,1.6378153881221,2.480498620302904,2.605539676523132,0.7
full_seed11_scaling_0p1_noise0p1_s5_a0p2_b0p7,11,scaling,0.1,0.1,5,0.2,crp,1.7595234470387051,1.830669539154783,1.6378153881221,2.4811078752419355,2.616528232453659,0.7
full_seed11_scaling_0p1_noise0p1_s5_a0p3_b0p8,11,scaling,0.1,0.1,5,0.3,fpr_owa,1.774467932880156,1.850312605071101,1.6740220907729897,2.48608007812878,2.5953096084478187,0.8
full_seed11_scaling_0p1_noise0p1_s5_a0p3_b0p8,11,scaling,0.1,0.1,5,0.3,crp,1.771307045375303,1.8484151901269616,1.6740220907729897,2.487659601064231,2.627800092357878,0.8
full_seed11_scaling_0p1_noise0p1_s9_a0p2_b0p7,11,scaling,0.1,0.1,9,0.2,fpr_owa,1.7769266046213867,1.833012580114408,1.6493693511814236,2.4162197421739045,2.582255323435484,0.7
full_seed11_scaling_0p1_noise0p1_s9_a0p2_b0p7,11,scaling,0.1,0.1,9,0.2,crp,1.7825066912649812,1.840083911676086,1.646441406201646,2.444496798510397,2.582255323435484,0.7
full_seed11_scaling_0p1_noise0p1_s9_a0p3_b0p8,11,scaling,0.1,0.1,9,0.3,fpr_owa,1.7516213612741975,1.8275307572519384,1.5954220411894453,2.4915020520048863,2.59593106892108,0.8
full_seed11_scaling_0p1_noise0p1_s9_a0p3_b0p8,11,scaling,0.1,0.1,9,0.3,crp,1.7516628248526582,1.828231018990565,1.5954220411894453,2.493159514634286,2.59593106892108,0.8
full_seed11_scaling_0p1_noise0p25_s13_a0p2_b0p7,11,scaling,0.1,0.25,13,0.2,fpr_owa,1.2437516311764596,1.3064932443609798,1.2275404392752771,1.808171987956359,1.9569972867118044,0.7
full_seed11_scaling_0p1_noise0p25_s13_a0p2_b0p7,11,scaling,0.1,0.25,13,0.2,crp,1.2478844234555848,1.3138197575269612,1.243252204139612,1.8467761597139956,2.15618531726692,0.7
full_seed11_scaling_0p1_noise0p25_s13_a0p3_b0p8,11,scaling,0.1,0.25,13,0.3,fpr_owa,1.4498907092017064,1.5491425021388507,1.3769311932921688,2.1995760115661818,2.3214884090002728,0.8
full_seed11_scaling_0p1_noise0p25_s13_a0p3_b0p8,11,scaling,0.1,0.25,13,0.3,crp,1.4595257912946489,1.563336131816129,1.4038727598410032,2.244807708251965,2.4259092759061747,0.8
full_seed11_scaling_0p1_noise0p25_s5_a0p2_b0p7,11,scaling,0.1,0.25,5,0.2,fpr_owa,1.768739992363102,1.8408338656066765,1.6648480772683014,2.521330051813962,2.8249633333898125,0.7
full_seed11_scaling_0p1_noise0p25_s5_a0p2_b0p7,11,scaling,0.1,0.25,5,0.2,crp,1.772498896996404,1.8455890200440888,1.6648480772683014,2.5516486310132764,2.796271661390479,0.7
full_seed11_scaling_0p1_noise0p25_s5_a0p3_b0p8,11,scaling,0.1,0.25,5,0.3,fpr_owa,1.7807210666317297,1.853421338503683,1.700543780777097,2.5455608840162336,2.780508180814264,0.8
full_seed11_scaling_0p1_noise0p25_s5_a0p3_b0p8,11,scaling,0.1,0.25,5,0.3,crp,1.781535411235672,1.8552182511234132,1.694669890884244,2.557545477919508,2.8182343888801613,0.8
full_seed11_scaling_0p1_noise0p25_s9_a0p2_b0p7,11,scaling,0.1,0.25,9,0.2,fpr_owa,1.755861027668861,1.8207886436257836,1.6512099539353908,2.474742902614537,2.598216331463201,0.7
full_seed11_scaling_0p1_noise0p25_s9_a0p2_b0p7,11,scaling,0.1,0.25,9,0.2,crp,1.763497552075072,1.829118556103405,1.6738406327618396,2.4799838218638715,2.6612725501849623,0.7
full_seed11_scaling_0p1_noise0p25_s9_a0p3_b0p8,11,scaling,0.1,0.25,9,0.3,fpr_owa,1.7402963191349208,1.812954256538196,1.6599767386185893,2.507313789305026,2.6059994327046154,0.8
full_seed11_scaling_0p1_noise0p25_s9_a0p3_b0p8,11,scaling,0.1,0.25,9,0.3,crp,1.743729521421206,1.817078998992076,1.6537765631623371,2.5155678137564403,2.6907313255960936,0.8
full_seed11_scaling_0p1_noise0p5_s13_a0p2_b0p7,11,scaling,0.1,0.5,13,0.2,fpr_owa,1.3076770488195624,1.382317017828181,1.312422136892076,2.026469836013444,2.333477926900632,0.7
full_seed11_scaling_0p1_noise0p5_s13_a0p2_b0p7,11,scaling,0.1,0.5,13,0.2,crp,1.3790893680557283,1.463546817686286,1.3310007986764645,2.1755674776904974,2.4469498547655077,0.7
full_seed11_scaling_0p1_noise0p5_s13_a0p3_b0p8,11,scaling,0.1,0.5,13,0.3,fpr_owa,1.3979692271728783,1.497526300867196,1.338549255701802,2.267072162479279,2.4660619455674526,0.8
full_seed11_scaling_0p1_noise0p5_s13_a0p3_b0p8,11,scaling,0.1,0.5,13,0.3,crp,1.4854835074390196,1.593991285115034,1.3885874886180296,2.4321333839141115,2.666801345380203,0.8
full_seed11_scaling_0p1_noise0p5_s5_a0p2_b0p7,11,scaling,0.1,0.5,5,0.2,fpr_owa,1.7926018622007016,1.87783469716562,1.7723700273181024,2.684271847491995,3.190669428167615,0.7
full_seed11_scaling_0p1_noise0p5_s5_a0p2_b0p7,11,scaling,0.1,0.5,5,0.2,crp,1.7855667999347693,1.866313238653095,1.727268489818366,2.642087428337984,2.907897243440372,0.7
full_seed11_scaling_0p1_noise0p5_s5_a0p3_b0p8,11,scaling,0.1,0.5,5,0.3,fpr_owa,1.791824928608006,1.876863939248184,1.7385226185681226,2.7228923880791,3.101963578061354,0.8
full_seed11_scaling_0p1_noise0p5_s5_a0p3_b0p8,11,scaling,0.1,0.5,5,0.3,crp,1.793218357089614,1.882204191552458,1.735392973993215,2.7481516084059834,3.015211503857449,0.8
full_seed11_scaling_0p1_noise0p5_s9_a0p2_b0p7,11,scaling,0.1,0.5,9,0.2,fpr_owa,1.7253101272880158,1.8017099550896456,1.6607969497579522,2.549873453498104,2.808389668869153,0.7
full_seed11_scaling_0p1_noise0p5_s9_a0p2_b0p7,11,scaling,0.1,0.5,9,0.2,crp,1.751523173605437,1.8275267125125432,1.6766191194467417,2.555151077910114,2.786851440886016,0.7
full_seed11_scaling_0p1_noise0p5_s9_a0p3_b0p8,11,scaling,0.1,0.5,9,0.3,fpr_owa,1.7144552409200071,1.7942004358655383,1.6596022591108297,2.604840368653493,2.864073642446804,0.8
full_seed11_scaling_0p1_noise0p5_s9_a0p3_b0p8,11,scaling,0.1,0.5,9,0.3,crp,1.7296504330434854,1.8085906355848411,1.6443591465914156,2.596276500710099,2.8474494451655707,0.8
full_seed11_scaling_0p2_noise0p1_s13_a0p2_b0p7,11,scaling,0.2,0.1,13,0.2,fpr_owa,1.2290058554918233,1.2809596834641686,1.2028869382646048,1.7019904978503184,1.8307201019072643,0.7
full_seed11_scaling_0p2_noise0p1_s13_a0p2_b0p7,11,scaling,0.2,0.1,13,0.2,crp,1.2152165535317618,1.2682814397722662,1.2026784507458006,1.6887767334701276,1.8307201019072643,0.7
full_seed11_scaling_0p2_noise0p1_s13_a0p3_b0p8,11,scaling,0.2,0.1,13,0.3,fpr_owa,1.5047074160103229,1.5835752741019655,1.4585581346253589,2.1584005646733564,2.2887160166973666,0.8
full_seed11_scaling_0p2_noise0p1_s13_a0p3_b0p8,11,scaling,0.2,0.1,13,0.3,crp,1.4907133505027284,1.5724564160890535,1.4585581346253589,2.1503933457471294,2.2887160166973666,0.8
full_seed11_scaling_0p2_noise0p1_s5_a0p2_b0p7,11,scaling,0.2,0.1,5,0.2,fpr_owa,1.7795320482895538,1.850689946785162,1.640560451035476,2.48870375917548,2.60921346085803,0.7
full_seed11_scaling_0p2_noise0p1_s5_a0p2_b0p7,11,scaling,0.2,0.1,5,0.2,crp,1.7740920414064874,1.8460925023987944,1.640560451035476,2.4917334721288165,2.616528232453659,0.7
full_seed11_scaling_0p2_noise0p1_s5_a0p3_b0p8,11,scaling,0.2,0.1,5,0.3,fpr_owa,1.7851160398500383,1.860205530485259,1.6992556520243238,2.5068095461660707,2.6025624102346057,0.8
full_seed11_scaling_0p2_noise0p1_s5_a0p3_b0p8,11,scaling,0.2,0.1,5,0.3,crp,1.7813050684013247,1.8576923422607083,1.6992556520243238,2.522931634573086,2.627800092357878,0.8
full_seed11_scaling_0p2_noise0p1_s9_a0p2_b0p7,11,scaling,0.2,0.1,9,0.2,fpr_owa,1.7903847059456195,1.847636799833356,1.6682878695006251,2.4532089108934048,2.5917053510670884,0.7
full_seed11_scaling_0p2_noise0p1_s9_a0p2_b0p7,11,scaling,0.2,0.1,9,0.2,crp,1.796002156837199,1.8547214240485304,1.6682878695006251,2.4824966855384973,2.5917053510670884,0.7
full_seed11_scaling_0p2_noise0p1_s9_a0p3_b0p8,11,scaling,0.2,0.1,9,0.3,fpr_owa,1.762440087089963,1.8396313499340988,1.6146982710678015,2.5016953602576057,2.6302898397795564,0.8
full_seed11_scaling_0p2_noise0p1_s9_a0p3_b0p8,11,scaling,0.2,0.1,9,0.3,crp,1.7632047760628071,1.841220880643507,1.6146982710678015,2.507500319555122,2.6302898397795564,0.8
full_seed11_scaling_0p2_noise0p25_s13_a0p2_b0p7,11,scaling,0.2,0.25,13,0.2,fpr_owa,1.2658611599954923,1.3292936429872726,1.2550392845963927,1.8781316613093133,2.026909411529538,0.7
full_seed11_scaling_0p2_noise0p25_s13_a0p2_b0p7,11,scaling,0.2,0.25,13,0.2,crp,1.2624140547833358,1.3310354298328153,1.253400424663159,1.888018719632997,2.15618531726692,0.7
full_seed11_scaling_0p2_noise0p25_s13_a0p3_b0p8,11,scaling,0.2,0.25,13,0.3,fpr_owa,1.4698858766799026,1.572655433198879,1.4519478745893182,2.2743288025331667,2.3826668934029307,0.8
full_seed11_scaling_0p2_noise0p25_s13_a0p3_b0p8,11,scaling,0.2,0.25,13,0.3,crp,1.4774164073066862,1.5850428081740946,1.4519478745893182,2.299789305427563,2.447158174447878,0.8
full_seed11_scaling_0p2_noise0p25_s5_a0p2_b0p7,11,scaling,0.2,0.25,5,0.2,fpr_owa,1.7936136355217178,1.866531807812032,1.7254538743921588,2.5796259723485955,2.833926312452692,0.7
full_seed11_scaling_0p2_noise0p25_s5_a0p2_b0p7,11,scaling,0.2,0.25,5,0.2,crp,1.7943386081730637,1.8683315225411972,1.7135762638660808,2.5988968217581907,2.833926312452692,0.7
full_seed11_scaling_0p2_noise0p25_s5_a0p3_b0p8,11,scaling,0.2,0.25,5,0.3,fpr_owa,1.80305287529104,1.8770000372255016,1.7377043164960737,2.602344865161104,2.780508180814264,0.8
full_seed11_scaling_0p2_noise0p25_s5_a0p3_b0p8,11,scaling,0.2,0.25,5,0.3,crp,1.7975869020375286,1.8731825522978915,1.7136621743197915,2.6202837106321057,2.8182343888801613,0.8
full_seed11_scaling_0p2_noise0p25_s9_a0p2_b0p7,11,scaling,0.2,0.25,9,0.2,fpr_owa,1.7690824609758329,1.8355264332118104,1.6633898102850833,2.491996335066092,2.664544522488536,0.7
full_seed11_scaling_0p2_noise0p25_s9_a0p2_b0p7,11,scaling,0.2,0.25,9,0.2,crp,1.7761802801766071,1.8449260923780448,1.6835606835123595,2.52357204472188,2.664544522488536,0.7
full_seed11_scaling_0p2_noise0p25_s9_a0p3_b0p8,11,scaling,0.2,0.25,9,0.3,fpr_owa,1.7541086748468462,1.8284158233946668,1.659359615559731,2.554895021452724,2.637995248772796,0.8
full_seed11_scaling_0p2_noise0p25_s9_a0p3_b0p8,11,scaling,0.2,0.25,9,0.3,crp,1.7576034688924012,1.832953756181766,1.6537765631623371,2.555286496073258,2.6907313255960936,0.8
full_seed11_scaling_0p2_noise0p5_s13_a0p2_b0p7,11,scaling,0.2,0.5,13,0.2,fpr_owa,1.3149036283110442,1.3894947465380376,1.3157288297448044,2.0623996030007543,2.3706224574300268,0.7
full_seed11_scaling_0p2_noise0p5_s13_a0p2_b0p7,11,scaling,0.2,0.5,13,0.2,crp,1.3918958064938414,1.4808136787256845,1.3384594591830967,2.2799508681090157,2.5572423586900213,0.7
full_seed11_scaling_0p2_noise0p5_s13_a0p3_b0p8,11,scaling,0.2,0.5,13,0.3,fpr_owa,1.417237207936486,1.5195672138382914,1.324332959396866,2.3149752005572086,2.556132393318061,0.8
full_seed11_scaling_0p2_noise0p5_s13_a0p3_b0p8,11,scaling,0.2,0.5,13,0.3,crp,1.4996074652641334,1.6142902697837476,1.449300781944674,2.484157653546688,2.668879568074163,0.8
full_seed11_scaling_0p2_noise0p5_s5_a0p2_b0p7,11,scaling,0.2,0.5,5,0.2,fpr_owa,1.812739932187747,1.897753219714824,1.7754376104405123,2.7501365766414554,3.190669428167615,0.7
full_seed11_scaling_0p2_noise0p5_s5_a0p2_b0p7,11,scaling,0.2,0.5,5,0.2,crp,1.7991441591959343,1.882748280908845,1.7319409347341137,2.6857743687802493,2.9080300895455244,0.7
full_seed11_scaling_0p2_noise0p5_s5_a0p3_b0p8,11,scaling,0.2,0.5,5,0.3,fpr_owa,1.8111325787694916,1.8975824355436857,1.7458329681520823,2.7262573935028143,3.1417058188459723,0.8
full_seed11_scaling_0p2_noise0p5_s5_a0p3_b0p8,11,scaling,0.2,0.5,5,0.3,crp,1.8060596858615512,1.897470603751684,1.748855731019446,2.7613153130224704,3.045513321504141,0.8
full_seed11_scaling_0p2_noise0p5_s9_a0p2_b0p7,11,scaling,0.2,0.5,9,0.2,fpr_owa,1.727101814276771,1.8056317580613357,1.6584916117813329,2.5566094144774496,2.8801290250005924,0.7
full_seed11_scaling_0p2_noise0p5_s9_a0p2_b0p7,11,scaling,0.2,0.5,9,0.2,crp,1.7655828205086304,1.8431048744353773,1.6913309878781648,2.5924522114088933,2.8317357097877287,0.7
full_seed11_scaling_0p2_noise0p5_s9_a0p3_b0p8,11,scaling,0.2,0.5,9,0.3,fpr_owa,1.7214950673917266,1.801587046226719,1.6649857691716596,2.5373414160355634,2.864073642446804,0.8
full_seed11_scaling_0p2_noise0p5_s9_a0p3_b0p8,11,scaling,0.2,0.5,9,0.3,crp,1.7378997296406804,1.8165395072416903,1.670665423427784,2.6205655889167128,2.8530317389514908,0.8
full_seed11_scaling_0p3_noise0p1_s13_a0p2_b0p7,11,scaling,0.3,0.1,13,0.2,fpr_owa,1.239497097031424,1.292986076455757,1.207598446074722,1.7514334844989063,1.8496345310305335,0.7
full_seed11_scaling_0p3_noise0p1_s13_a0p2_b0p7,11,scaling,0.3,0.1,13,0.2,crp,1.2258076835358287,1.2790374724188227,1.2074992260006738,1.7514334844989063,1.8496345310305335,0.7
full_seed11_scaling_0p3_noise0p1_s13_a0p3_b0p8,11,scaling,0.3,0.1,13,0.3,fpr_owa,1.5118906328349595,1.5925654092905128,1.4541840856881407,2.200223437492548,2.2887160166973666,0.8
full_seed11_scaling_0p3_noise0p1_s13_a0p3_b0p8,11,scaling,0.3,0.1,13,0.3,crp,1.497664579031181,1.5809267397268818,1.4541840856881407,2.189570146453786,2.2887160166973666,0.8
full_seed11_scaling_0p3_noise0p1_s5_a0p2_b0p7,11,scaling,0.3,0.1,5,0.2,fpr_owa,1.8064143488036144,1.8815983157662268,1.6558811932758128,2.595409947588094,2.7355679391143286,0.7
full_seed11_scaling_0p3_noise0p1_s5_a0p2_b0p7,11,scaling,0.3,0.1,5,0.2,crp,1.8012264738098254,1.877297576011296,1.6558811932758128,2.5976629340537296,2.7355679391143286,0.7
full_seed11_scaling_0p3_noise0p1_s5_a0p3_b0p8,11,scaling,0.3,0.1,5,0.3,fpr_owa,1.8101535144637688,1.887037077162479,1.7161768541856826,2.570805110447358,2.707021374494924,0.8
full_seed11_scaling_0p3_noise0p1_s5_a0p3_b0p8,11,scaling,0.3,0.1,5,0.3,crp,1.8063674094221327,1.8845680309593509,1.7161768541856826,2.570805110447358,2.707021374494924,0.8
full_seed11_scaling_0p3_noise0p1_s9_a0p2_b0p7,11,scaling,0.3,0.1,9,0.2,fpr_owa,1.8030723845531256,1.8621730909809944,1.6590818149398154,2.4985736756868304,2.605088360633329,0.7
full_seed11_scaling_0p3_noise0p1_s9_a0p2_b0p7,11,scaling,0.3,0.1,9,0.2,crp,1.8091935365000968,1.869683760957267,1.6567959729239483,2.5108799163877995,2.605088360633329,0.7
full_seed11_scaling_0p3_noise0p1_s9_a0p3_b0p8,11,scaling,0.3,0.1,9,0.3,fpr_owa,1.769205840829435,1.8471182461827735,1.618013445904371,2.523365882535625,2.69656053563251,0.8
full_seed11_scaling_0p3_noise0p1_s9_a0p3_b0p8,11,scaling,0.3,0.1,9,0.3,crp,1.7707036070129931,1.8494205242185624,1.618013445904371,2.5250297584479293,2.69656053563251,0.8
full_seed11_scaling_0p3_noise0p25_s13_a0p2_b0p7,11,scaling,0.3,0.25,13,0.2,fpr_owa,1.2693047468735823,1.334458525429396,1.2504792006017191,1.898200247734513,2.0637867144972306,0.7
full_seed11_scaling_0p3_noise0p25_s13_a0p2_b0p7,11,scaling,0.3,0.25,13,0.2,crp,1.2657242670314937,1.3361641568978624,1.243252204139612,1.9240116039786737,2.15618531726692,0.7
full_seed11_scaling_0p3_noise0p25_s13_a0p3_b0p8,11,scaling,0.3,0.25,13,0.3,fpr_owa,1.475748595109882,1.5800524992970604,1.427693672378514,2.3053441734948743,2.42067188141775,0.8
full_seed11_scaling_0p3_noise0p25_s13_a0p3_b0p8,11,scaling,0.3,0.25,13,0.3,crp,1.4857101331466631,1.5942427702435735,1.4434022429686937,2.324958533340073,2.4968578802647943,0.8
full_seed11_scaling_0p3_noise0p25_s5_a0p2_b0p7,11,scaling,0.3,0.25,5,0.2,fpr_owa,1.812443779609964,1.887902174986629,1.7211649704988596,2.655612522001844,2.8249633333898125,0.7
full_seed11_scaling_0p3_noise0p25_s5_a0p2_b0p7,11,scaling,0.3,0.25,5,0.2,crp,1.8188547723874775,1.8945768991521472,1.7254538743921588,2.6539664886724728,2.796337400099914,0.7
full_seed11_scaling_0p3_noise0p25_s5_a0p3_b0p8,11,scaling,0.3,0.25,5,0.3,fpr_owa,1.825802420106386,1.9013867668559608,1.7589815174739507,2.636475406692319,2.825767598424654,0.8
full_seed11_scaling_0p3_noise0p25_s5_a0p3_b0p8,11,scaling,0.3,0.25,5,0.3,crp,1.827718858231408,1.9043881462778411,1.7457963708294026,2.636475406692319,2.825767598424654,0.8
full_seed11_scaling_0p3_noise0p25_s9_a0p2_b0p7,11,scaling,0.3,0.25,9,0.2,fpr_owa,1.780826076284436,1.8469877102526495,1.6731556657218682,2.512170717536382,2.6949150054920032,0.7
full_seed11_scaling_0p3_noise0p25_s9_a0p2_b0p7,11,scaling,0.3,0.25,9,0.2,crp,1.788379330026138,1.8567765359328448,1.6797065561524014,2.5472025057788734,2.6949150054920032,0.7
full_seed11_scaling_0p3_noise0p25_s9_a0p3_b0p8,11,scaling,0.3,0.25,9,0.3,fpr_owa,1.7666446996945673,1.841736203433618,1.6444364664500446,2.554752982028629,2.6850135511482764,0.8
full_seed11_scaling_0p3_noise0p25_s9_a0p3_b0p8,11,scaling,0.3,0.25,9,0.3,crp,1.7689405048040518,1.8449128564170976,1.6356066837858765,2.554752982028629,2.6907313255960936,0.8
full_seed11_scaling_0p3_noise0p5_s13_a0p2_b0p7,11,scaling,0.3,0.5,13,0.2,fpr_owa,1.3230725151222988,1.398350504292518,1.325147204060105,2.079560570433844,2.420279737061237,0.7
full_seed11_scaling_0p3_noise0p5_s13_a0p2_b0p7,11,scaling,0.3,0.5,13,0.2,crp,1.3975056166070776,1.4909768851120695,1.339620136018196,2.328311630046335,2.5572423586900213,0.7
full_seed11_scaling_0p3_noise0p5_s13_a0p3_b0p8,11,scaling,0.3,0.5,13,0.3,fpr_owa,1.4193855926005472,1.5226774602785471,1.3500182958258415,2.3173505451399548,2.606721092901748,0.8
full_seed11_scaling_0p3_noise0p5_s13_a0p3_b0p8,11,scaling,0.3,0.5,13,0.3,crp,1.5126317391146011,1.62893242646408,1.458519090279949,2.4758268559162198,2.722674954341308,0.8
full_seed11_scaling_0p3_noise0p5_s5_a0p2_b0p7,11,scaling,0.3,0.5,5,0.2,fpr_owa,1.8276193485532872,1.915534079078054,1.7605293803352524,2.758288605645806,3.190669428167615,0.7
full_seed11_scaling_0p3_noise0p5_s5_a0p2_b0p7,11,scaling,0.3,0.5,5,0.2,crp,1.82792621393934,1.915120384472578,1.751203401511161,2.7467611776666243,3.040344893950083,0.7
full_seed11_scaling_0p3_noise0p5_s5_a0p3_b0p8,11,scaling,0.3,0.5,5,0.3,fpr_owa,1.828939343022231,1.9170927410774723,1.7434984452282831,2.7822015558360462,3.215567817222724,0.8
full_seed11_scaling_0p3_noise0p5_s5_a0p3_b0p8,11,scaling,0.3,0.5,5,0.3,crp,1.8312053700258228,1.9249137580504248,1.764079566819336,2.783989425025664,3.20546254723862,0.8
full_seed11_scaling_0p3_noise0p5_s9_a0p2_b0p7,11,scaling,0.3,0.5,9,0.2,fpr_owa,1.7350342858612764,1.8142470884816908,1.6625313728170608,2.568780494717421,2.9518608529543795,0.7
full_seed11_scaling_0p3_noise0p5_s9_a0p2_b0p7,11,scaling,0.3,0.5,9,0.2,crp,1.7773523280141958,1.8555127898592652,1.7166730308550924,2.592936541670192,2.945046048537944,0.7
full_seed11_scaling_0p3_noise0p5_s9_a0p3_b0p8,11,scaling,0.3,0.5,9,0.3,fpr_owa,1.731817234671794,1.8136801533924,1.6931058298619113,2.5716668288043136,2.864073642446804,0.8
full_seed11_scaling_0p3_noise0p5_s9_a0p3_b0p8,11,scaling,0.3,0.5,9,0.3,crp,1.750629277428689,1.8296478850512932,1.6984088689883108,2.6205655889167128,2.9337300453995008,0.8
full_seed11_scaling_0p4_noise0p1_s13_a0p2_b0p7,11,scaling,0.4,0.1,13,0.2,fpr_owa,1.2474611937078075,1.302851808870622,1.224856641418847,1.7889062553850137,1.8542216311793025,0.7
full_seed11_scaling_0p4_noise0p1_s13_a0p2_b0p7,11,scaling,0.4,0.1,13,0.2,crp,1.2327441685847085,1.2876462349234965,1.224856641418847,1.7764733770025345,1.8542216311793025,0.7
full_seed11_scaling_0p4_noise0p1_s13_a0p3_b0p8,11,scaling,0.4,0.1,13,0.3,fpr_owa,1.5238978260220648,1.605375736921468,1.4610334123686444,2.2509416183189126,2.3095731561705115,0.8
full_seed11_scaling_0p4_noise0p1_s13_a0p3_b0p8,11,scaling,0.4,0.1,13,0.3,crp,1.508776153512155,1.5924820044010122,1.4614579381850477,2.2180933911883383,2.3095731561705115,0.8
full_seed11_scaling_0p4_noise0p1_s5_a0p2_b0p7,11,scaling,0.4,0.1,5,0.2,fpr_owa,1.8064143488036144,1.8815983157662268,1.6558811932758128,2.595409947588094,2.7355679391143286,0.7
full_seed11_scaling_0p4_noise0p1_s5_a0p2_b0p7,11,scaling,0.4,0.1,5,0.2,crp,1.8012264738098254,1.877297576011296,1.6558811932758128,2.5976629340537296,2.7355679391143286,0.7
full_seed11_scaling_0p4_noise0p1_s5_a0p3_b0p8,11,scaling,0.4,0.1,5,0.3,fpr_owa,1.8101535144637688,1.887037077162479,1.7161768541856826,2.570805110447358,2.707021374494924,0.8
full_seed11_scaling_0p4_noise0p1_s5_a0p3_b0p8,11,scaling,0.4,0.1,5,0.3,crp,1.8063674094221327,1.8845680309593509,1.7161768541856826,2.570805110447358,2.707021374494924,0.8
full_seed11_scaling_0p4_noise0p1_s9_a0p2_b0p7,11,scaling,0.4,0.1,9,0.2,fpr_owa,1.8155265599107588,1.8774255017536388,1.6599086489152488,2.5244824743377245,2.6440968438176404,0.7
full_seed11_scaling_0p4_noise0p1_s9_a0p2_b0p7,11,scaling,0.4,0.1,9,0.2,crp,1.820903825218924,1.8842176838202496,1.6639673956243075,2.536225089365586,2.6440968438176404,0.7
full_seed11_scaling_0p4_noise0p1_s9_a0p3_b0p8,11,scaling,0.4,0.1,9,0.3,fpr_owa,1.780900114972941,1.8604134349558397,1.608424279356245,2.567085183030824,2.7089841181951733,0.8
full_seed11_scaling_0p4_noise0p1_s9_a0p3_b0p8,11,scaling,0.4,0.1,9,0.3,crp,1.7822430804431575,1.8627757084631036,1.608424279356245,2.567085183030824,2.7089841181951733,0.8
full_seed11_scaling_0p4_noise0p25_s13_a0p2_b0p7,11,scaling,0.4,0.25,13,0.2,fpr_owa,1.2784681406545038,1.3435805866189476,1.2548214029082725,1.922201025822608,2.0823235834938947,0.7
full_seed11_scaling_0p4_noise0p25_s13_a0p2_b0p7,11,scaling,0.4,0.25,13,0.2,crp,1.2726637953171924,1.343153409348394,1.2411022636127962,1.9241770462496184,2.15618531726692,0.7
full_seed11_scaling_0p4_noise0p25_s13_a0p3_b0p8,11,scaling,0.4,0.25,13,0.3,fpr_owa,1.4801525714560697,1.5878661889510783,1.4555431228362132,2.322138552953099,2.4497893314444985,0.8
full_seed11_scaling_0p4_noise0p25_s13_a0p3_b0p8,11,scaling,0.4,0.25,13,0.3,crp,1.488415936814007,1.6011032784492532,1.4555431228362132,2.346565690898291,2.5327517175213567,0.8
full_seed11_scaling_0p4_noise0p25_s5_a0p2_b0p7,11,scaling,0.4,0.25,5,0.2,fpr_owa,1.812443779609964,1.887902174986629,1.7211649704988596,2.655612522001844,2.8249633333898125,0.7
full_seed11_scaling_0p4_noise0p25_s5_a0p2_b0p7,11,scaling,0.4,0.25,5,0.2,crp,1.8188547723874775,1.8945768991521472,1.7254538743921588,2.6539664886724728,2.796337400099914,0.7
full_seed11_scaling_0p4_noise0p25_s5_a0p3_b0p8,11,scaling,0.4,0.25,5,0.3,fpr_owa,1.825802420106386,1.9013867668559608,1.7589815174739507,2.636475406692319,2.825767598424654,0.8
full_seed11_scaling_0p4_noise0p25_s5_a0p3_b0p8,11,scaling,0.4,0.25,5,0.3,crp,1.827718858231408,1.9043881462778411,1.7457963708294026,2.636475406692319,2.825767598424654,0.8
full_seed11_scaling_0p4_noise0p25_s9_a0p2_b0p7,11,scaling,0.4,0.25,9,0.2,fpr_owa,1.792647866602923,1.8619265063931147,1.690376575329802,2.5464482217412807,2.8484970130130165,0.7
full_seed11_scaling_0p4_noise0p25_s9_a0p2_b0p7,11,scaling,0.4,0.25,9,0.2,crp,1.7990905906568035,1.8702020002007225,1.6894870327341238,2.555994995630072,2.8484970130130165,0.7
full_seed11_scaling_0p4_noise0p25_s9_a0p3_b0p8,11,scaling,0.4,0.25,9,0.3,fpr_owa,1.7739025789375067,1.850669446960153,1.668284193878235,2.568632372213341,2.7086535956786104,0.8
full_seed11_scaling_0p4_noise0p25_s9_a0p3_b0p8,11,scaling,0.4,0.25,9,0.3,crp,1.778261820130554,1.8557953391650643,1.6830327620152548,2.568664876618722,2.7078105760609588,0.8
full_seed11_scaling_0p4_noise0p5_s13_a0p2_b0p7,11,scaling,0.4,0.5,13,0.2,fpr_owa,1.3305797924061409,1.406681109897891,1.3435275831571722,2.033998677033503,2.4699310437612283,0.7
full_seed11_scaling_0p4_noise0p5_s13_a0p2_b0p7,11,scaling,0.4,0.5,13,0.2,crp,1.4112153687844473,1.504251907212951,1.3558067086730274,2.326974410487029,2.5572423586900213,0.7
full_seed11_scaling_0p4_noise0p5_s13_a0p3_b0p8,11,scaling,0.4,0.5,13,0.3,fpr_owa,1.424891771104014,1.5293292924916728,1.3703432198691794,2.3267963334704582,2.652592094389434,0.8
full_seed11_scaling_0p4_noise0p5_s13_a0p3_b0p8,11,scaling,0.4,0.5,13,0.3,crp,1.5247940027395537,1.6426424054639446,1.4536190493388417,2.520077447994696,2.774416204609633,0.8
full_seed11_scaling_0p4_noise0p5_s5_a0p2_b0p7,11,scaling,0.4,0.5,5,0.2,fpr_owa,1.8276193485532872,1.915534079078054,1.7605293803352524,2.758288605645806,3.190669428167615,0.7
full_seed11_scaling_0p4_noise0p5_s5_a0p2_b0p7,11,scaling,0.4,0.5,5,0.2,crp,1.82792621393934,1.915120384472578,1.751203401511161,2.7467611776666243,3.040344893950083,0.7
full_seed11_scaling_0p4_noise0p5_s5_a0p3_b0p8,11,scaling,0.4,0.5,5,0.3,fpr_owa,1.828939343022231,1.9170927410774723,1.7434984452282831,2.7822015558360462,3.215567817222724,0.8
full_seed11_scaling_0p4_noise0p5_s5_a0p3_b0p8,11,scaling,0.4,0.5,5,0.3,crp,1.8312053700258228,1.9249137580504248,1.764079566819336,2.783989425025664,3.20546254723862,0.8
full_seed11_scaling_0p4_noise0p5_s9_a0p2_b0p7,11,scaling,0.4,0.5,9,0.2,fpr_owa,1.751130431651861,1.8322033111581308,1.6847929485807036,2.5869459909481454,3.105602414434484,0.7
full_seed11_scaling_0p4_noise0p5_s9_a0p2_b0p7,11,scaling,0.4,0.5,9,0.2,crp,1.7862145179937827,1.864493788684605,1.7414930568387512,2.583744639930069,2.8983346804118653,0.7
full_seed11_scaling_0p4_noise0p5_s9_a0p3_b0p8,11,scaling,0.4,0.5,9,0.3,fpr_owa,1.7391520985188869,1.8215376309155304,1.7128003031000136,2.6179390982076125,2.9420872155943982,0.8
full_seed11_scaling_0p4_noise0p5_s9_a0p3_b0p8,11,scaling,0.4,0.5,9,0.3,crp,1.759929631459945,1.8382027623319768,1.6984088689883108,2.624521617635744,2.8474494451655707,0.8
full_seed11_spike_0p0_noise0p1_s13_a0p2_b0p7,11,spike,0.0,0.1,13,0.2,fpr_owa,1.2030380377571297,1.251722441779351,1.2026784507458006,1.6480635543117987,1.7018842003615893,0.7
full_seed11_spike_0p0_noise0p1_s13_a0p2_b0p7,11,spike,0.0,0.1,13,0.2,crp,1.1923016131032595,1.241650456299564,1.1996809234949923,1.6368566356805183,1.7018842003615893,0.7
full_seed11_spike_0p0_noise0p1_s13_a0p3_b0p8,11,spike,0.0,0.1,13,0.3,fpr_owa,1.4692993938784018,1.5449144247902484,1.433608269751376,2.093640686237393,2.1531616283456394,0.8
full_seed11_spike_0p0_noise0p1_s13_a0p3_b0p8,11,spike,0.0,0.1,13,0.3,crp,1.4580278010339904,1.5359058631298863,1.433608269751376,2.075424891678821,2.145463900501399,0.8
full_seed11_spike_0p0_noise0p1_s5_a0p2_b0p7,11,spike,0.0,0.1,5,0.2,fpr_owa,1.7641788435487618,1.8344957748451296,1.6378153881221,2.480498620302904,2.605539676523132,0.7
full_seed11_spike_0p0_noise0p1_s5_a0p2_b0p7,11,spike,0.0,0.1,5,0.2,crp,1.7595234470387051,1.830669539154783,1.6378153881221,2.4811078752419355,2.616528232453659,0.7
full_seed11_spike_0p0_noise0p1_s5_a0p3_b0p8,11,spike,0.0,0.1,5,0.3,fpr_owa,1.774467932880156,1.850312605071101,1.6740220907729897,2.48608007812878,2.5953096084478187,0.8
full_seed11_spike_0p0_noise0p1_s5_a0p3_b0p8,11,spike,0.0,0.1,5,0.3,crp,1.771307045375303,1.8484151901269616,1.6740220907729897,2.487659601064231,2.627800092357878,0.8
full_seed11_spike_0p0_noise0p1_s9_a0p2_b0p7,11,spike,0.0,0.1,9,0.2,fpr_owa,1.76382617176232,1.818790851360434,1.646441406201646,2.403961893301196,2.574826357871061,0.7
full_seed11_spike_0p0_noise0p1_s9_a0p2_b0p7,11,spike,0.0,0.1,9,0.2,crp,1.7692191663261745,1.825668705284049,1.6437998973188763,2.4216211084042825,2.574826357871061,0.7
full_seed11_spike_0p0_noise0p1_s9_a0p3_b0p8,11,spike,0.0,0.1,9,0.3,fpr_owa,1.7391030676721655,1.8148932617376512,1.576794331174129,2.4696643260282585,2.5362443408446937,0.8
full_seed11_spike_0p0_noise0p1_s9_a0p3_b0p8,11,spike,0.0,0.1,9,0.3,crp,1.7391920595163377,1.8156560688906616,1.5763991150932015,2.4829934201363586,2.5416533859161623,0.8
full_seed11_spike_0p0_noise0p25_s13_a0p2_b0p7,11,spike,0.0,0.25,13,0.2,fpr_owa,1.2367405563130776,1.2975391058372567,1.231759497280631,1.7918660933805393,1.9569972867118044,0.7
full_seed11_spike_0p0_noise0p25_s13_a0p2_b0p7,11,spike,0.0,0.25,13,0.2,crp,1.2432274408195605,1.3064400011271446,1.2484342887483248,1.83526605124412,2.15618531726692,0.7
full_seed11_spike_0p0_noise0p25_s13_a0p3_b0p8,11,spike,0.0,0.25,13,0.3,fpr_owa,1.4406965827838207,1.5385127187146916,1.3426406936018875,2.1780674388216434,2.3214884090002728,0.8
full_seed11_spike_0p0_noise0p25_s13_a0p3_b0p8,11,spike,0.0,0.25,13,0.3,crp,1.4532316054228362,1.5544980511208073,1.4085075228257011,2.205769011537331,2.4259092759061747,0.8
full_seed11_spike_0p0_noise0p25_s5_a0p2_b0p7,11,spike,0.0,0.25,5,0.2,fpr_owa,1.768739992363102,1.8408338656066765,1.6648480772683014,2.521330051813962,2.8249633333898125,0.7
full_seed11_spike_0p0_noise0p25_s5_a0p2_b0p7,11,spike,0.0,0.25,5,0.2,crp,1.772498896996404,1.8455890200440888,1.6648480772683014,2.5516486310132764,2.796271661390479,0.7
full_seed11_spike_0p0_noise0p25_s5_a0p3_b0p8,11,spike,0.0,0.25,5,0.3,fpr_owa,1.7807210666317297,1.853421338503683,1.700543780777097,2.5455608840162336,2.780508180814264,0.8
full_seed11_spike_0p0_noise0p25_s5_a0p3_b0p8,11,spike,0.0,0.25,5,0.3,crp,1.781535411235672,1.8552182511234132,1.694669890884244,2.557545477919508,2.8182343888801613,0.8
full_seed11_spike_0p0_noise0p25_s9_a0p2_b0p7,11,spike,0.0,0.25,9,0.2,fpr_owa,1.7461352404491015,1.8089103731019336,1.645012760945749,2.447591344300196,2.526468902583454,0.7
full_seed11_spike_0p0_noise0p25_s9_a0p2_b0p7,11,spike,0.0,0.25,9,0.2,crp,1.754017242317624,1.8180476972437611,1.678722815176287,2.453444355782547,2.6612725501849623,0.7
full_seed11_spike_0p0_noise0p25_s9_a0p3_b0p8,11,spike,0.0,0.25,9,0.3,fpr_owa,1.7255843389288017,1.797624491851203,1.630210464348906,2.4853318189876945,2.5830073309369843,0.8
full_seed11_spike_0p0_noise0p25_s9_a0p3_b0p8,11,spike,0.0,0.25,9,0.3,crp,1.734677598816461,1.8071715116155955,1.642564733615625,2.482625462652478,2.6907313255960936,0.8
full_seed11_spike_0p0_noise0p5_s13_a0p2_b0p7,11,spike,0.0,0.5,13,0.2,fpr_owa,1.2941491831629997,1.3694718070207743,1.2970916190651125,1.979666615836429,2.2904240069420423,0.7
full_seed11_spike_0p0_noise0p5_s13_a0p2_b0p7,11,spike,0.0,0.5,13,0.2,crp,1.3674282165417782,1.450480036608163,1.325280272641736,2.138401466959279,2.437295699125634,0.7
full_seed11_spike_0p0_noise0p5_s13_a0p3_b0p8,11,spike,0.0,0.5,13,0.3,fpr_owa,1.3879873128426703,1.4873215954875596,1.3082925736137798,2.2245555160048647,2.5341441719155235,0.8
full_seed11_spike_0p0_noise0p5_s13_a0p3_b0p8,11,spike,0.0,0.5,13,0.3,crp,1.473180330623073,1.5808437361602397,1.4048842435478974,2.3993470548189246,2.5575828732332195,0.8
full_seed11_spike_0p0_noise0p5_s5_a0p2_b0p7,11,spike,0.0,0.5,5,0.2,fpr_owa,1.7926018622007016,1.87783469716562,1.7723700273181024,2.684271847491995,3.190669428167615,0.7
full_seed11_spike_0p0_noise0p5_s5_a0p2_b0p7,11,spike,0.0,0.5,5,0.2,crp,1.7855667999347693,1.866313238653095,1.727268489818366,2.642087428337984,2.907897243440372,0.7
full_seed11_spike_0p0_noise0p5_s5_a0p3_b0p8,11,spike,0.0,0.5,5,0.3,fpr_owa,1.791824928608006,1.876863939248184,1.7385226185681226,2.7228923880791,3.101963578061354,0.8
full_seed11_spike_0p0_noise0p5_s5_a0p3_b0p8,11,spike,0.0,0.5,5,0.3,crp,1.793218357089614,1.882204191552458,1.735392973993215,2.7481516084059834,3.015211503857449,0.8
full_seed11_spike_0p0_noise0p5_s9_a0p2_b0p7,11,spike,0.0,0.5,9,0.2,fpr_owa,1.7053325554692842,1.7803703247585505,1.6412696103953297,2.503828933608913,2.7646347948997105,0.7
full_seed11_spike_0p0_noise0p5_s9_a0p2_b0p7,11,spike,0.0,0.5,9,0.2,crp,1.730285672625853,1.8054878873330868,1.6480621731582354,2.5317295391934582,2.7456484824300014,0.7
full_seed11_spike_0p0_noise0p5_s9_a0p3_b0p8,11,spike,0.0,0.5,9,0.3,fpr_owa,1.7003480934025528,1.778436934064852,1.654233640163059,2.5271347718124075,2.864073642446804,0.8
full_seed11_spike_0p0_noise0p5_s9_a0p3_b0p8,11,spike,0.0,0.5,9,0.3,crp,1.7128507431029911,1.7897104461679323,1.6562770994936615,2.5525808236867014,2.8474494451655707,0.8
full_seed11_spike_0p1_noise0p1_s13_a0p2_b0p7,11,spike,0.1,0.1,13,0.2,fpr_owa,1.095445726961132,1.1398247348144612,1.1077051556070772,1.5896658820249447,1.6831001370246317,0.7
full_seed11_spike_0p1_noise0p1_s13_a0p2_b0p7,11,spike,0.1,0.1,13,0.2,crp,1.137883687096352,1.1914033523431662,1.1581381536802469,1.5461699135845994,1.6782974716245536,0.7
full_seed11_spike_0p1_noise0p1_s13_a0p3_b0p8,11,spike,0.1,0.1,13,0.3,fpr_owa,1.3663388934677427,1.4361641978532704,1.3599518450287145,2.023850308539544,2.1531616283456394,0.8
full_seed11_spike_0p1_noise0p1_s13_a0p3_b0p8,11,spike,0.1,0.1,13,0.3,crp,1.408284999789928,1.491304841641193,1.422265903171673,2.002045181353425,2.142803008081392,0.8
full_seed11_spike_0p1_noise0p1_s5_a0p2_b0p7,11,spike,0.1,0.1,5,0.2,fpr_owa,1.7641788435487618,1.8344957748451296,1.6378153881221,2.480498620302904,2.605539676523132,0.7
full_seed11_spike_0p1_noise0p1_s5_a0p2_b0p7,11,spike,0.1,0.1,5,0.2,crp,1.7595234470387051,1.830669539154783,1.6378153881221,2.4811078752419355,2.616528232453659,0.7
full_seed11_spike_0p1_noise0p1_s5_a0p3_b0p8,11,spike,0.1,0.1,5,0.3,fpr_owa,1.774467932880156,1.850312605071101,1.6740220907729897,2.48608007812878,2.5953096084478187,0.8
full_seed11_spike_0p1_noise0p1_s5_a0p3_b0p8,11,spike,0.1,0.1,5,0.3,crp,1.771307045375303,1.8484151901269616,1.6740220907729897,2.487659601064231,2.627800092357878,0.8
full_seed11_spike_0p1_noise0p1_s9_a0p2_b0p7,11,spike,0.1,0.1,9,0.2,fpr_owa,1.7227453837005675,1.7710377103595147,1.6383752785754182,2.368248287875581,2.4530845312122955,0.7
full_seed11_spike_0p1_noise0p1_s9_a0p2_b0p7,11,spike,0.1,0.1,9,0.2,crp,1.7736203698727442,1.828943274550872,1.64268099778117,2.425105091194611,2.546145171602305,0.7
full_seed11_spike_0p1_noise0p1_s9_a0p3_b0p8,11,spike,0.1,0.1,9,0.3,fpr_owa,1.7372702127590771,1.806527951922304,1.6337353540828854,2.4525786958032127,2.5362443408446937,0.8
full_seed11_spike_0p1_noise0p1_s9_a0p3_b0p8,11,spike,0.1,0.1,9,0.3,crp,1.7341357811382685,1.8107261962777652,1.5707366219110677,2.4829934201363586,2.564047006616897,0.8
full_seed11_spike_0p1_noise0p25_s13_a0p2_b0p7,11,spike,0.1,0.25,13,0.2,fpr_owa,1.1421657323765102,1.1957503183871685,1.1265534954910292,1.7004180809625586,1.9569972867118044,0.7
full_seed11_spike_0p1_noise0p25_s13_a0p2_b0p7,11,spike,0.1,0.25,13,0.2,crp,1.1957994925310502,1.2586675994460408,1.180104462971984,1.7853636904131167,2.15618531726692,0.7
full_seed11_spike_0p1_noise0p25_s13_a0p3_b0p8,11,spike,0.1,0.25,13,0.3,fpr_owa,1.3439454186552855,1.4302411775665822,1.2865529723221694,2.077485902397328,2.3214884090002728,0.8
full_seed11_spike_0p1_noise0p25_s13_a0p3_b0p8,11,spike,0.1,0.25,13,0.3,crp,1.405934228141829,1.505948188217722,1.3335783899592717,2.182936509194356,2.4259092759061747,0.8
full_seed11_spike_0p1_noise0p25_s5_a0p2_b0p7,11,spike,0.1,0.25,5,0.2,fpr_owa,1.768739992363102,1.8408338656066765,1.6648480772683014,2.521330051813962,2.8249633333898125,0.7
full_seed11_spike_0p1_noise0p25_s5_a0p2_b0p7,11,spike,0.1,0.25,5,0.2,crp,1.772498896996404,1.8455890200440888,1.6648480772683014,2.5516486310132764,2.796271661390479,0.7
full_seed11_spike_0p1_noise0p25_s5_a0p3_b0p8,11,spike,0.1,0.25,5,0.3,fpr_owa,1.7807210666317297,1.853421338503683,1.700543780777097,2.5455608840162336,2.780508180814264,0.8
full_seed11_spike_0p1_noise0p25_s5_a0p3_b0p8,11,spike,0.1,0.25,5,0.3,crp,1.781535411235672,1.8552182511234132,1.694669890884244,2.557545477919508,2.8182343888801613,0.8
full_seed11_spike_0p1_noise0p25_s9_a0p2_b0p7,11,spike,0.1,0.25,9,0.2,fpr_owa,1.7097597439855698,1.7691417222735828,1.6527163635804558,2.4202463077935152,2.5153981132942484,0.7
full_seed11_spike_0p1_noise0p25_s9_a0p2_b0p7,11,spike,0.1,0.25,9,0.2,crp,1.756259190725632,1.8218585489340924,1.6895988087060505,2.484497137950297,2.6612725501849623,0.7
full_seed11_spike_0p1_noise0p25_s9_a0p3_b0p8,11,spike,0.1,0.25,9,0.3,fpr_owa,1.728128442186601,1.798056013421861,1.6503578459227275,2.4853318189876945,2.5830073309369843,0.8
full_seed11_spike_0p1_noise0p25_s9_a0p3_b0p8,11,spike,0.1,0.25,9,0.3,crp,1.729477094431919,1.804232009701556,1.65575638635823,2.51972570097582,2.6907313255960936,0.8
full_seed11_spike_0p1_noise0p5_s13_a0p2_b0p7,11,spike,0.1,0.5,13,0.2,fpr_owa,1.2176788762123745,1.28627086182961,1.1820273811309736,1.8647901585130564,2.161930519026543,0.7
full_seed11_spike_0p1_noise0p5_s13_a0p2_b0p7,11,spike,0.1,0.5,13,0.2,crp,1.3228332732439976,1.4078885474649732,1.2905638643500588,2.0996253570902605,2.420539982181124,0.7
full_seed11_spike_0p1_noise0p5_s13_a0p3_b0p8,11,spike,0.1,0.5,13,0.3,fpr_owa,1.3164310783410669,1.4082652054890863,1.2762746346860627,2.184100278433464,2.3790632436227748,0.8
full_seed11_spike_0p1_noise0p5_s13_a0p3_b0p8,11,spike,0.1,0.5,13,0.3,crp,1.43495253714685,1.544291284188248,1.3766260700715938,2.369884040108148,2.5299873631861862,0.8
full_seed11_spike_0p1_noise0p5_s5_a0p2_b0p7,11,spike,0.1,0.5,5,0.2,fpr_owa,1.7926018622007016,1.87783469716562,1.7723700273181024,2.684271847491995,3.190669428167615,0.7
full_seed11_spike_0p1_noise0p5_s5_a0p2_b0p7,11,spike,0.1,0.5,5,0.2,crp,1.7855667999347693,1.866313238653095,1.727268489818366,2.642087428337984,2.907897243440372,0.7
full_seed11_spike_0p1_noise0p5_s5_a0p3_b0p8,11,spike,0.1,0.5,5,0.3,fpr_owa,1.791824928608006,1.876863939248184,1.7385226185681226,2.7228923880791,3.101963578061354,0.8
full_seed11_spike_0p1_noise0p5_s5_a0p3_b0p8,11,spike,0.1,0.5,5,0.3,crp,1.793218357089614,1.882204191552458,1.735392973993215,2.7481516084059834,3.015211503857449,0.8
full_seed11_spike_0p1_noise0p5_s9_a0p2_b0p7,11,spike,0.1,0.5,9,0.2,fpr_owa,1.6815996523075585,1.7574143461221288,1.6376692117742735,2.507850567989192,2.685255675684843,0.7
full_seed11_spike_0p1_noise0p5_s9_a0p2_b0p7,11,spike,0.1,0.5,9,0.2,crp,1.733041742043389,1.8092253563505012,1.6480621731582354,2.548973596389563,2.8528042585840034,0.7
full_seed11_spike_0p1_noise0p5_s9_a0p3_b0p8,11,spike,0.1,0.5,9,0.3,fpr_owa,1.69935148061935,1.778536721550186,1.6383153033110829,2.5268814442352148,2.864073642446804,0.8
full_seed11_spike_0p1_noise0p5_s9_a0p3_b0p8,11,spike,0.1,0.5,9,0.3,crp,1.7097589522022172,1.7867978572213743,1.6416712293483593,2.5875579780227533,2.853948238042786,0.8
full_seed11_spike_0p2_noise0p1_s13_a0p2_b0p7,11,spike,0.2,0.1,13,0.2,fpr_owa,0.9786325566315368,1.0821321519904898,1.0487181281683284,1.6142463416859385,1.6831001370246317,0.7
full_seed11_spike_0p2_noise0p1_s13_a0p2_b0p7,11,spike,0.2,0.1,13,0.2,crp,0.9585418184285064,1.0399954214850575,0.9764520704560018,1.5407183896069652,2.00186292132008,0.7
full_seed11_spike_0p2_noise0p1_s13_a0p3_b0p8,11,spike,0.2,0.1,13,0.3,fpr_owa,1.2115558891008364,1.2969760301637945,1.1440886443843783,2.023850308539544,2.1531616283456394,0.8
full_seed11_spike_0p2_noise0p1_s13_a0p3_b0p8,11,spike,0.2,0.1,13,0.3,crp,1.034808330373046,1.2000688247456748,0.999104073186861,1.977255164332654,2.142803008081392,0.8
full_seed11_spike_0p2_noise0p1_s5_a0p2_b0p7,11,spike,0.2,0.1,5,0.2,fpr_owa,1.7363509638801002,1.8029009033002268,1.6303822429251236,2.480498620302904,2.605539676523132,0.7
full_seed11_spike_0p2_noise0p1_s5_a0p2_b0p7,11,spike,0.2,0.1,5,0.2,crp,1.7522248816267625,1.8266089147095672,1.648555194955635,2.4921327283568577,2.616528232453659,0.7
full_seed11_spike_0p2_noise0p1_s5_a0p3_b0p8,11,spike,0.2,0.1,5,0.3,fpr_owa,1.7589788293195114,1.826426991277092,1.6435015765203969,2.456824863734656,2.5953096084478187,0.8
full_seed11_spike_0p2_noise0p1_s5_a0p3_b0p8,11,spike,0.2,0.1,5,0.3,crp,1.75967468418051,1.8377866662741464,1.6740220907729897,2.5061651088002206,2.627800092357878,0.8
full_seed11_spike_0p2_noise0p1_s9_a0p2_b0p7,11,spike,0.2,0.1,9,0.2,fpr_owa,1.564923310041707,1.6308352797855952,1.4655967656394413,2.36615543500624,2.4530845312122955,0.7
full_seed11_spike_0p2_noise0p1_s9_a0p2_b0p7,11,spike,0.2,0.1,9,0.2,crp,1.7754886653263422,1.82997336602801,1.6829124602244967,2.4473675926837517,2.516154174995312,0.7
full_seed11_spike_0p2_noise0p1_s9_a0p3_b0p8,11,spike,0.2,0.1,9,0.3,fpr_owa,1.6838303083588773,1.747870822778208,1.60323258105842,2.4479887975617043,2.5362443408446937,0.8
full_seed11_spike_0p2_noise0p1_s9_a0p3_b0p8,11,spike,0.2,0.1,9,0.3,crp,1.7410430598087665,1.8158699767845965,1.6152258851942387,2.4829934201363586,2.608033649215012,0.8
full_seed11_spike_0p2_noise0p25_s13_a0p2_b0p7,11,spike,0.2,0.25,13,0.2,fpr_owa,0.9902982669070368,1.0993972634822224,1.0003553098845122,1.7004180809625586,1.9569972867118044,0.7
full_seed11_spike_0p2_noise0p25_s13_a0p2_b0p7,11,spike,0.2,0.25,13,0.2,crp,1.0591366001857685,1.1455188015981104,1.0325684413328435,1.7556251338328457,2.15618531726692,0.7
full_seed11_spike_0p2_noise0p25_s13_a0p3_b0p8,11,spike,0.2,0.25,13,0.3,fpr_owa,1.191033162193533,1.2865675151077525,1.072720831263628,2.077485902397328,2.3214884090002728,0.8
full_seed11_spike_0p2_noise0p25_s13_a0p3_b0p8,11,spike,0.2,0.25,13,0.3,crp,1.1565555382153592,1.3059110487020409,1.0732012014444057,2.1072047291020883,2.4259092759061747,0.8
full_seed11_spike_0p2_noise0p25_s5_a0p2_b0p7,11,spike,0.2,0.25,5,0.2,fpr_owa,1.7455299422030828,1.8154216508326837,1.640780023737761,2.5312230407928302,2.8249633333898125,0.7
full_seed11_spike_0p2_noise0p25_s5_a0p2_b0p7,11,spike,0.2,0.25,5,0.2,crp,1.7744882562638518,1.848716146528424,1.690445257324682,2.584229271969675,2.837710750831988,0.7
full_seed11_spike_0p2_noise0p25_s5_a0p3_b0p8,11,spike,0.2,0.25,5,0.3,fpr_owa,1.7711710696748797,1.83849820053288,1.6984561219717458,2.532818700944801,2.780508180814264,0.8
full_seed11_spike_0p2_noise0p25_s5_a0p3_b0p8,11,spike,0.2,0.25,5,0.3,crp,1.7890826378818014,1.8649272305602191,1.694669890884244,2.6202837106321057,2.87440964567752,0.8
full_seed11_spike_0p2_noise0p25_s9_a0p2_b0p7,11,spike,0.2,0.25,9,0.2,fpr_owa,1.553843627918151,1.625199037689603,1.471716683833432,2.415570615072013,2.5153981132942484,0.7
full_seed11_spike_0p2_noise0p25_s9_a0p2_b0p7,11,spike,0.2,0.25,9,0.2,crp,1.7639714211106712,1.8296524472883664,1.7220850927376858,2.470174716574421,2.633311984840087,0.7
full_seed11_spike_0p2_noise0p25_s9_a0p3_b0p8,11,spike,0.2,0.25,9,0.3,fpr_owa,1.683762559941963,1.7486437778458608,1.623514188454092,2.452249497624205,2.5830073309369843,0.8
full_seed11_spike_0p2_noise0p25_s9_a0p3_b0p8,11,spike,0.2,0.25,9,0.3,crp,1.7295223250995837,1.8040516811455236,1.68919291890953,2.529704204867545,2.722523325751773,0.8
full_seed11_spike_0p2_noise0p5_s13_a0p2_b0p7,11,spike,0.2,0.5,13,0.2,fpr_owa,1.024344718291201,1.1416307499320133,0.9768680837926236,1.857110994503716,2.161930519026543,0.7
full_seed11_spike_0p2_noise0p5_s13_a0p2_b0p7,11,spike,0.2,0.5,13,0.2,crp,1.1891975370595569,1.2931666235560229,1.1328366918593566,2.081152017670139,2.420539982181124,0.7
full_seed11_spike_0p2_noise0p5_s13_a0p3_b0p8,11,spike,0.2,0.5,13,0.3,fpr_owa,1.1875541642073046,1.2837635442176596,1.060991540388918,2.118283430851485,2.3790632436227748,0.8
full_seed11_spike_0p2_noise0p5_s13_a0p3_b0p8,11,spike,0.2,0.5,13,0.3,crp,1.254839653217609,1.394100954238548,1.1725360258842303,2.2591956910584803,2.5158745340233826,0.8
full_seed11_spike_0p2_noise0p5_s5_a0p2_b0p7,11,spike,0.2,0.5,5,0.2,fpr_owa,1.7643013797948923,1.848328164715875,1.7080502490932117,2.684271847491995,3.190669428167615,0.7
full_seed11_spike_0p2_noise0p5_s5_a0p2_b0p7,11,spike,0.2,0.5,5,0.2,crp,1.76883527441088,1.853466849324479,1.708833587953847,2.684271847491995,3.00628152336103,0.7
full_seed11_spike_0p2_noise0p5_s5_a0p3_b0p8,11,spike,0.2,0.5,5,0.3,fpr_owa,1.781356216321112,1.8607370539913195,1.7385226185681226,2.676722224999076,3.101963578061354,0.8
full_seed11_spike_0p2_noise0p5_s5_a0p3_b0p8,11,spike,0.2,0.5,5,0.3,crp,1.7784576647412664,1.868764552907348,1.7536718324937892,2.7579614605783536,3.128849113100685,0.8
full_seed11_spike_0p2_noise0p5_s9_a0p2_b0p7,11,spike,0.2,0.5,9,0.2,fpr_owa,1.5332727184216366,1.6140049303879167,1.480302064018955,2.46084964567288,2.757934690839915,0.7
full_seed11_spike_0p2_noise0p5_s9_a0p2_b0p7,11,spike,0.2,0.5,9,0.2,crp,1.7225505790797826,1.803545408967402,1.6379243230919749,2.6351552747640743,2.7990593858049477,0.7
full_seed11_spike_0p2_noise0p5_s9_a0p3_b0p8,11,spike,0.2,0.5,9,0.3,fpr_owa,1.6488739293690675,1.7240887331060135,1.5838092303061424,2.499794651630521,2.864073642446804,0.8
full_seed11_spike_0p2_noise0p5_s9_a0p3_b0p8,11,spike,0.2,0.5,9,0.3,crp,1.6998245136467132,1.7806157444043933,1.6246750641015568,2.624413962162328,2.8475174489752746,0.8
full_seed11_spike_0p3_noise0p1_s13_a0p2_b0p7,11,spike,0.3,0.1,13,0.2,fpr_owa,0.910944341348116,1.071087694220133,0.971822848851562,1.6785376048945573,2.2552935514527457,0.7
full_seed11_spike_0p3_noise0p1_s13_a0p2_b0p7,11,spike,0.3,0.1,13,0.2,crp,0.9625536253416496,1.0305849941198288,0.9955361142433824,1.539987421612468,1.6782974716245536,0.7
full_seed11_spike_0p3_noise0p1_s13_a0p3_b0p8,11,spike,0.3,0.1,13,0.3,fpr_owa,1.189239586875163,1.2878569891425766,1.174459536450802,2.023850308539544,2.1531616283456394,0.8
full_seed11_spike_0p3_noise0p1_s13_a0p3_b0p8,11,spike,0.3,0.1,13,0.3,crp,0.9693679479916392,1.1497008446910342,0.8731110952735798,1.9675866876623345,2.142803008081392,0.8
full_seed11_spike_0p3_noise0p1_s5_a0p2_b0p7,11,spike,0.3,0.1,5,0.2,fpr_owa,2.1738075638333667,2.5820048993031546,1.592464697108294,5.295222278480376,5.707795290251509,0.7
full_seed11_spike_0p3_noise0p1_s5_a0p2_b0p7,11,spike,0.3,0.1,5,0.2,crp,1.8018822808160813,1.917420130563964,1.6676509847080647,2.513659657876321,5.294092125539148,0.7
full_seed11_spike_0p3_noise0p1_s5_a0p3_b0p8,11,spike,0.3,0.1,5,0.3,fpr_owa,1.737931373644688,2.014638468284351,1.5365943917809406,3.680961092816598,4.11130308813028,0.8
full_seed11_spike_0p3_noise0p1_s5_a0p3_b0p8,11,spike,0.3,0.1,5,0.3,crp,1.7599167110724123,1.8560011651674928,1.6912958303581274,2.560150246452439,3.736792073682324,0.8
full_seed11_spike_0p3_noise0p1_s9_a0p2_b0p7,11,spike,0.3,0.1,9,0.2,fpr_owa,1.5881379652507672,1.845412624682599,1.4485202784663178,3.42656563150603,4.093089517304461,0.7
full_seed11_spike_0p3_noise0p1_s9_a0p2_b0p7,11,spike,0.3,0.1,9,0.2,crp,1.769306210455337,1.8267605865839127,1.666902676691992,2.4362376621056354,2.6009439710335616,0.7
full_seed11_spike_0p3_noise0p1_s9_a0p3_b0p8,11,spike,0.3,0.1,9,0.3,fpr_owa,1.5208944256388788,1.6214640909555402,1.3655381830795366,2.450822579771484,2.5362443408446937,0.8
full_seed11_spike_0p3_noise0p1_s9_a0p3_b0p8,11,spike,0.3,0.1,9,0.3,crp,1.7269402429600271,1.803903512377397,1.5954220411894453,2.4872246682095644,2.594555511262104,0.8
full_seed11_spike_0p3_noise0p25_s13_a0p2_b0p7,11,spike,0.3,0.25,13,0.2,fpr_owa,0.9368482363809052,1.1012796752842888,0.9214427426907792,1.8550773682438608,2.3724113541823217,0.7
full_seed11_spike_0p3_noise0p25_s13_a0p2_b0p7,11,spike,0.3,0.25,13,0.2,crp,0.9597510182349044,1.063917183579551,0.9045287012477756,1.7556251338328457,2.15618531726692,0.7
full_seed11_spike_0p3_noise0p25_s13_a0p3_b0p8,11,spike,0.3,0.25,13,0.3,fpr_owa,1.1461952843206522,1.2632325157600963,1.0676341959448812,2.077485902397328,2.3214884090002728,0.8
full_seed11_spike_0p3_noise0p25_s13_a0p3_b0p8,11,spike,0.3,0.25,13,0.3,crp,0.9869146858134822,1.1824469459042428,0.8505595343099961,2.0966250745166457,2.4259092759061747,0.8
full_seed11_spike_0p3_noise0p25_s5_a0p2_b0p7,11,spike,0.3,0.25,5,0.2,fpr_owa,2.1796473492592243,2.59399646552756,1.616768582384171,5.349909535299456,5.7804927977335385,0.7
full_seed11_spike_0p3_noise0p25_s5_a0p2_b0p7,11,spike,0.3,0.25,5,0.2,crp,1.8879019670619,2.0703280958217345,1.7325682164611882,2.9081580700661007,5.580698193551912,0.7
full_seed11_spike_0p3_noise0p25_s5_a0p3_b0p8,11,spike,0.3,0.25,5,0.3,fpr_owa,1.7461618438605266,2.029062071447889,1.528432619557731,3.7767274194150913,4.189371862407682,0.8
full_seed11_spike_0p3_noise0p25_s5_a0p3_b0p8,11,spike,0.3,0.25,5,0.3,crp,1.7815421649224594,1.905547188616069,1.7040963196962695,2.757453171018929,4.068776897312362,0.8
full_seed11_spike_0p3_noise0p25_s9_a0p2_b0p7,11,spike,0.3,0.25,9,0.2,fpr_owa,1.5654489432133738,1.8320321284980248,1.427591040661782,3.3433295543906127,3.9925345712175,0.7
full_seed11_spike_0p3_noise0p25_s9_a0p2_b0p7,11,spike,0.3,0.25,9,0.2,crp,1.7595811759454691,1.8262475283497408,1.718116622647035,2.5154240368155434,2.627953090370684,0.7
full_seed11_spike_0p3_noise0p25_s9_a0p3_b0p8,11,spike,0.3,0.25,9,0.3,fpr_owa,1.5210164020833183,1.6186959215847798,1.386291456694955,2.4743864679690346,2.5830073309369843,0.8
full_seed11_spike_0p3_noise0p25_s9_a0p3_b0p8,11,spike,0.3,0.25,9,0.3,crp,1.733314511274791,1.807425204514323,1.6940019586544164,2.549145860024197,2.6907313255960936,0.8
full_seed11_spike_0p3_noise0p5_s13_a0p2_b0p7,11,spike,0.3,0.5,13,0.2,fpr_owa,1.008189723838823,1.177533149823213,0.9346962745795758,1.9566877699192315,3.067883580547425,0.7
full_seed11_spike_0p3_noise0p5_s13_a0p2_b0p7,11,spike,0.3,0.5,13,0.2,crp,1.106831476799372,1.2332139511634064,1.0397526564611912,2.07184095118,2.420539982181124,0.7
full_seed11_spike_0p3_noise0p5_s13_a0p3_b0p8,11,spike,0.3,0.5,13,0.3,fpr_owa,1.1031346128013904,1.2293990148925225,0.9999499120151942,2.118283430851485,2.3790632436227748,0.8
full_seed11_spike_0p3_noise0p5_s13_a0p3_b0p8,11,spike,0.3,0.5,13,0.3,crp,1.1442677738466205,1.3066841845217458,1.048015327700946,2.229667689841399,2.494958782893973,0.8
full_seed11_spike_0p3_noise0p5_s5_a0p2_b0p7,11,spike,0.3,0.5,5,0.2,fpr_owa,2.175500775885844,2.599517480191698,1.6699770873348263,5.26235798090546,5.855085646413777,0.7
full_seed11_spike_0p3_noise0p5_s5_a0p2_b0p7,11,spike,0.3,0.5,5,0.2,crp,1.954756635121233,2.238983487127338,1.6699770873348263,4.840100162326377,5.855085646413777,0.7
full_seed11_spike_0p3_noise0p5_s5_a0p3_b0p8,11,spike,0.3,0.5,5,0.3,fpr_owa,1.7632689798782903,2.045497726442619,1.6103399812931125,3.742205008167659,4.319486486203351,0.8
full_seed11_spike_0p3_noise0p5_s5_a0p3_b0p8,11,spike,0.3,0.5,5,0.3,crp,1.7301953109787742,1.931855138490397,1.659044073818467,3.379964941431369,4.214922899434837,0.8
full_seed11_spike_0p3_noise0p5_s9_a0p2_b0p7,11,spike,0.3,0.5,9,0.2,fpr_owa,1.543042781316237,1.8068870039116656,1.4196923097299194,3.286979350948727,4.166430919999916,0.7
full_seed11_spike_0p3_noise0p5_s9_a0p2_b0p7,11,spike,0.3,0.5,9,0.2,crp,1.7157122633606687,1.7986199941564789,1.6851593309725723,2.5357301903086467,2.958532615109091,0.7
full_seed11_spike_0p3_noise0p5_s9_a0p3_b0p8,11,spike,0.3,0.5,9,0.3,fpr_owa,1.5086544925663243,1.609385396811022,1.420525671780965,2.47188538019246,2.864073642446804,0.8
full_seed11_spike_0p3_noise0p5_s9_a0p3_b0p8,11,spike,0.3,0.5,9,0.3,crp,1.6849806642076677,1.767425789509836,1.6367337076351671,2.5880414491939883,2.8474494451655707,0.8
full_seed11_spike_0p4_noise0p1_s13_a0p2_b0p7,11,spike,0.4,0.1,13,0.2,fpr_owa,1.2391170998546897,1.3755068339704544,1.1403293323957566,1.932660002732683,3.803960236709664,0.7
full_seed11_spike_0p4_noise0p1_s13_a0p2_b0p7,11,spike,0.4,0.1,13,0.2,crp,0.8653442272078583,0.9711837824145132,0.8125374991425114,1.539987421612468,1.6782974716245536,0.7
full_seed11_spike_0p4_noise0p1_s13_a0p3_b0p8,11,spike,0.4,0.1,13,0.3,fpr_owa,1.0293757495355114,1.2280670240930824,1.0675625923846108,2.023850308539544,2.1531616283456394,0.8
full_seed11_spike_0p4_noise0p1_s13_a0p3_b0p8,11,spike,0.4,0.1,13,0.3,crp,0.8888384340332868,1.126086533323743,0.8731110952735798,1.9675866876623345,2.142803008081392,0.8
full_seed11_spike_0p4_noise0p1_s5_a0p2_b0p7,11,spike,0.4,0.1,5,0.2,fpr_owa,2.1738075638333667,2.5820048993031546,1.592464697108294,5.295222278480376,5.707795290251509,0.7
full_seed11_spike_0p4_noise0p1_s5_a0p2_b0p7,11,spike,0.4,0.1,5,0.2,crp,1.8018822808160813,1.917420130563964,1.6676509847080647,2.513659657876321,5.294092125539148,0.7
full_seed11_spike_0p4_noise0p1_s5_a0p3_b0p8,11,spike,0.4,0.1,5,0.3,fpr_owa,1.737931373644688,2.014638468284351,1.5365943917809406,3.680961092816598,4.11130308813028,0.8
full_seed11_spike_0p4_noise0p1_s5_a0p3_b0p8,11,spike,0.4,0.1,5,0.3,crp,1.7599167110724123,1.8560011651674928,1.6912958303581274,2.560150246452439,3.736792073682324,0.8
full_seed11_spike_0p4_noise0p1_s9_a0p2_b0p7,11,spike,0.4,0.1,9,0.2,fpr_owa,2.0585777649015977,2.3309677263049577,1.788991147266625,4.910670347526929,5.8592812752214485,0.7
full_seed11_spike_0p4_noise0p1_s9_a0p2_b0p7,11,spike,0.4,0.1,9,0.2,crp,1.775474892801106,1.8307093096683476,1.6757172387007415,2.4469609079621004,2.603973494244212,0.7
full_seed11_spike_0p4_noise0p1_s9_a0p3_b0p8,11,spike,0.4,0.1,9,0.3,fpr_owa,1.6938788300545942,1.938370372158413,1.3732798929381391,3.715465072519823,4.183699127037001,0.8
full_seed11_spike_0p4_noise0p1_s9_a0p3_b0p8,11,spike,0.4,0.1,9,0.3,crp,1.7374302194123692,1.810133910832119,1.662644452382894,2.473864876410732,2.5869876977065616,0.8
full_seed11_spike_0p4_noise0p25_s13_a0p2_b0p7,11,spike,0.4,0.25,13,0.2,fpr_owa,1.2582262218207836,1.3915035114632657,1.1759060294372117,2.0765705026153465,3.716928077022178,0.7
full_seed11_spike_0p4_noise0p25_s13_a0p2_b0p7,11,spike,0.4,0.25,13,0.2,crp,0.8877440499397039,1.0217583563978176,0.8396017545037107,1.7500667986854868,2.15618531726692,0.7
full_seed11_spike_0p4_noise0p25_s13_a0p3_b0p8,11,spike,0.4,0.25,13,0.3,fpr_owa,1.0075996268481744,1.2138052519629563,0.9418012434508732,2.077485902397328,2.3214884090002728,0.8
full_seed11_spike_0p4_noise0p25_s13_a0p3_b0p8,11,spike,0.4,0.25,13,0.3,crp,0.9199006946567124,1.152112563349294,0.8215323695987745,2.0966250745166457,2.4259092759061747,0.8
full_seed11_spike_0p4_noise0p25_s5_a0p2_b0p7,11,spike,0.4,0.25,5,0.2,fpr_owa,2.1796473492592243,2.59399646552756,1.616768582384171,5.349909535299456,5.7804927977335385,0.7
full_seed11_spike_0p4_noise0p25_s5_a0p2_b0p7,11,spike,0.4,0.25,5,0.2,crp,1.8879019670619,2.0703280958217345,1.7325682164611882,2.9081580700661007,5.580698193551912,0.7
full_seed11_spike_0p4_noise0p25_s5_a0p3_b0p8,11,spike,0.4,0.25,5,0.3,fpr_owa,1.7461618438605266,2.029062071447889,1.528432619557731,3.7767274194150913,4.189371862407682,0.8
full_seed11_spike_0p4_noise0p25_s5_a0p3_b0p8,11,spike,0.4,0.25,5,0.3,crp,1.7815421649224594,1.905547188616069,1.7040963196962695,2.757453171018929,4.068776897312362,0.8
full_seed11_spike_0p4_noise0p25_s9_a0p2_b0p7,11,spike,0.4,0.25,9,0.2,fpr_owa,1.985317672061776,2.259302371498848,1.6527163635804558,4.906079155150474,5.554232703693836,0.7
full_seed11_spike_0p4_noise0p25_s9_a0p2_b0p7,11,spike,0.4,0.25,9,0.2,crp,1.7494337388278278,1.8242121642640772,1.7058364658763905,2.485493791245577,4.530822576336519,0.7
full_seed11_spike_0p4_noise0p25_s9_a0p3_b0p8,11,spike,0.4,0.25,9,0.3,fpr_owa,1.6580052291483938,1.9096460942317008,1.4003050935594217,3.572145891750292,4.065246692948007,0.8
full_seed11_spike_0p4_noise0p25_s9_a0p3_b0p8,11,spike,0.4,0.25,9,0.3,crp,1.7312753527068536,1.8104444356035223,1.6884332066215304,2.519180967960903,3.744963789226393,0.8
full_seed11_spike_0p4_noise0p5_s13_a0p2_b0p7,11,spike,0.4,0.5,13,0.2,fpr_owa,1.3088604549557885,1.4496315879856814,1.2451996170941997,2.174241894290124,3.731294532420909,0.7
full_seed11_spike_0p4_noise0p5_s13_a0p2_b0p7,11,spike,0.4,0.5,13,0.2,crp,1.0428543059721485,1.201147983660413,1.0139879529481557,2.07184095118,3.501492016269005,0.7
full_seed11_spike_0p4_noise0p5_s13_a0p3_b0p8,11,spike,0.4,0.5,13,0.3,fpr_owa,1.0051980577455917,1.2001915463405473,0.9427144444829344,2.128493388635512,2.3790632436227748,0.8
full_seed11_spike_0p4_noise0p5_s13_a0p3_b0p8,11,spike,0.4,0.5,13,0.3,crp,1.0464206430928096,1.2425619029516015,0.9990241035986192,2.227099063898692,2.494958782893973,0.8
full_seed11_spike_0p4_noise0p5_s5_a0p2_b0p7,11,spike,0.4,0.5,5,0.2,fpr_owa,2.175500775885844,2.599517480191698,1.6699770873348263,5.26235798090546,5.855085646413777,0.7
full_seed11_spike_0p4_noise0p5_s5_a0p2_b0p7,11,spike,0.4,0.5,5,0.2,crp,1.954756635121233,2.238983487127338,1.6699770873348263,4.840100162326377,5.855085646413777,0.7
full_seed11_spike_0p4_noise0p5_s5_a0p3_b0p8,11,spike,0.4,0.5,5,0.3,fpr_owa,1.7632689798782903,2.045497726442619,1.6103399812931125,3.742205008167659,4.319486486203351,0.8
full_seed11_spike_0p4_noise0p5_s5_a0p3_b0p8,11,spike,0.4,0.5,5,0.3,crp,1.7301953109787742,1.931855138490397,1.659044073818467,3.379964941431369,4.214922899434837,0.8
full_seed11_spike_0p4_noise0p5_s9_a0p2_b0p7,11,spike,0.4,0.5,9,0.2,fpr_owa,1.9206521436811708,2.176226891832961,1.6483997087427045,4.64633307420669,5.475990154725581,0.7
full_seed11_spike_0p4_noise0p5_s9_a0p2_b0p7,11,spike,0.4,0.5,9,0.2,crp,1.6992389007715123,1.794943330639459,1.6619519302189314,2.526444818783685,4.401673434554491,0.7
full_seed11_spike_0p4_noise0p5_s9_a0p3_b0p8,11,spike,0.4,0.5,9,0.3,fpr_owa,1.5811754162268417,1.8146616681355117,1.3879569220798784,3.3863314476393813,4.1460137552461935,0.8
full_seed11_spike_0p4_noise0p5_s9_a0p3_b0p8,11,spike,0.4,0.5,9,0.3,crp,1.6871650577228834,1.7791162216615348,1.653227710219515,2.561100976500174,3.574803653149224,0.8
full_seed42_bias_0p0_noise0p1_s13_a0p2_b0p7,42,bias,0.0,0.1,13,0.2,fpr_owa,1.204747239572172,1.2494632978305504,1.1889131152852903,1.6246678019843126,1.7409750298089346,0.7
full_seed42_bias_0p0_noise0p1_s13_a0p2_b0p7,42,bias,0.0,0.1,13,0.2,crp,1.191486461705108,1.2376957719949433,1.179416738452384,1.623294960121627,1.7409750298089346,0.7
full_seed42_bias_0p0_noise0p1_s13_a0p3_b0p8,42,bias,0.0,0.1,13,0.3,fpr_owa,1.4630984710557349,1.53918642759298,1.413795553401175,2.075003842309166,2.180546407161522,0.8
full_seed42_bias_0p0_noise0p1_s13_a0p3_b0p8,42,bias,0.0,0.1,13,0.3,crp,1.4467631249982298,1.527842645203252,1.413795553401175,2.06249096556313,2.180546407161522,0.8
full_seed42_bias_0p0_noise0p1_s5_a0p2_b0p7,42,bias,0.0,0.1,5,0.2,fpr_owa,1.7659881470137384,1.8341841107834416,1.6422287024709643,2.4841127883853624,2.582175321874684,0.7
full_seed42_bias_0p0_noise0p1_s5_a0p2_b0p7,42,bias,0.0,0.1,5,0.2,crp,1.762177388325051,1.8306894776164424,1.6363627809129733,2.4878959573190524,2.582175321874684,0.7
full_seed42_bias_0p0_noise0p1_s5_a0p3_b0p8,42,bias,0.0,0.1,5,0.3,fpr_owa,1.7701030429409303,1.8429993973058765,1.6794693923244517,2.462546527583412,2.5635217374720267,0.8
full_seed42_bias_0p0_noise0p1_s5_a0p3_b0p8,42,bias,0.0,0.1,5,0.3,crp,1.7664736230962712,1.840514815031225,1.6693238918184492,2.462546527583412,2.6002655573153413,0.8
full_seed42_bias_0p0_noise0p1_s9_a0p2_b0p7,42,bias,0.0,0.1,9,0.2,fpr_owa,1.7673726147488216,1.820046874004744,1.6165328076382752,2.410040800315646,2.5120531370564776,0.7
full_seed42_bias_0p0_noise0p1_s9_a0p2_b0p7,42,bias,0.0,0.1,9,0.2,crp,1.7714513101034646,1.8253330804474044,1.6075273062567,2.428746151480345,2.606538732047753,0.7
full_seed42_bias_0p0_noise0p1_s9_a0p3_b0p8,42,bias,0.0,0.1,9,0.3,fpr_owa,1.7371656879270818,1.8102685437459043,1.5684284081958748,2.4840048378615034,2.6013060237435366,0.8
full_seed42_bias_0p0_noise0p1_s9_a0p3_b0p8,42,bias,0.0,0.1,9,0.3,crp,1.736109557417256,1.8095870912974397,1.5684284081958748,2.4876604605738963,2.6133436968660884,0.8
full_seed42_bias_0p0_noise0p25_s13_a0p2_b0p7,42,bias,0.0,0.25,13,0.2,fpr_owa,1.2239519384539213,1.2817026770540818,1.205182468431389,1.760113942280174,2.024275092535646,0.7
full_seed42_bias_0p0_noise0p25_s13_a0p2_b0p7,42,bias,0.0,0.25,13,0.2,crp,1.228143085224447,1.2918372032148613,1.2215950779880556,1.8098277495831048,2.192575520904943,0.7
full_seed42_bias_0p0_noise0p25_s13_a0p3_b0p8,42,bias,0.0,0.25,13,0.3,fpr_owa,1.4230427131961676,1.5184860649784044,1.3737965524029805,2.155221273762169,2.39418818999486,0.8
full_seed42_bias_0p0_noise0p25_s13_a0p3_b0p8,42,bias,0.0,0.25,13,0.3,crp,1.434192939484608,1.537043841999057,1.3925552022650534,2.19196716199457,2.491622044843885,0.8
full_seed42_bias_0p0_noise0p25_s5_a0p2_b0p7,42,bias,0.0,0.25,5,0.2,fpr_owa,1.7534629815201763,1.8176348178843071,1.6702733419829094,2.498835294561254,2.766426926313108,0.7
full_seed42_bias_0p0_noise0p25_s5_a0p2_b0p7,42,bias,0.0,0.25,5,0.2,crp,1.750919109169235,1.8154061964390051,1.6900823210803313,2.498242699555715,2.766426926313108,0.7
full_seed42_bias_0p0_noise0p25_s5_a0p3_b0p8,42,bias,0.0,0.25,5,0.3,fpr_owa,1.7656647976945776,1.8313428892170025,1.736099880157009,2.4929046761809115,2.754470971714729,0.8
full_seed42_bias_0p0_noise0p25_s5_a0p3_b0p8,42,bias,0.0,0.25,5,0.3,crp,1.762879505631455,1.8305644281854552,1.7161598984634852,2.5054429131625677,2.754470971714729,0.8
full_seed42_bias_0p0_noise0p25_s9_a0p2_b0p7,42,bias,0.0,0.25,9,0.2,fpr_owa,1.7426996887661814,1.8000693487288324,1.6339637308116035,2.423123977132854,2.6593326846511403,0.7
full_seed42_bias_0p0_noise0p25_s9_a0p2_b0p7,42,bias,0.0,0.25,9,0.2,crp,1.7484486807812436,1.8083113354429756,1.6317921287252473,2.443223640209078,2.673168391044291,0.7
full_seed42_bias_0p0_noise0p25_s9_a0p3_b0p8,42,bias,0.0,0.25,9,0.3,fpr_owa,1.7265432730010424,1.7937771837860732,1.6347870467410623,2.443306404915865,2.6370559037383408,0.8
full_seed42_bias_0p0_noise0p25_s9_a0p3_b0p8,42,bias,0.0,0.25,9,0.3,crp,1.729064343500987,1.7992915121618167,1.6422004770309964,2.4612275282669507,2.630063848754728,0.8
full_seed42_bias_0p0_noise0p5_s13_a0p2_b0p7,42,bias,0.0,0.5,13,0.2,fpr_owa,1.2651689934985595,1.340754609269621,1.2510081640849386,1.9562212874413472,2.5391523953948094,0.7
full_seed42_bias_0p0_noise0p5_s13_a0p2_b0p7,42,bias,0.0,0.5,13,0.2,crp,1.3676452851344152,1.4522375873098017,1.3720112990616642,2.172286327021716,2.5764505734208294,0.7
full_seed42_bias_0p0_noise0p5_s13_a0p3_b0p8,42,bias,0.0,0.5,13,0.3,fpr_owa,1.367046147538045,1.4636488360017177,1.3150144644377917,2.2460766148079334,2.527203313790653,0.8
full_seed42_bias_0p0_noise0p5_s13_a0p3_b0p8,42,bias,0.0,0.5,13,0.3,crp,1.4643519133953589,1.5679240217709387,1.4013959216001046,2.361975777764385,2.6107952089366337,0.8
full_seed42_bias_0p0_noise0p5_s5_a0p2_b0p7,42,bias,0.0,0.5,5,0.2,fpr_owa,1.7663549785759736,1.835242703992113,1.7353897935097486,2.5297316606163123,3.0735129337104823,0.7
full_seed42_bias_0p0_noise0p5_s5_a0p2_b0p7,42,bias,0.0,0.5,5,0.2,crp,1.7476247049529303,1.8164450216378187,1.752183367507019,2.537587741601228,3.0281323556913127,0.7
full_seed42_bias_0p0_noise0p5_s5_a0p3_b0p8,42,bias,0.0,0.5,5,0.3,fpr_owa,1.7690730180982104,1.8388569143154083,1.7445279805006293,2.59181469592718,3.1350957762386087,0.8
full_seed42_bias_0p0_noise0p5_s5_a0p3_b0p8,42,bias,0.0,0.5,5,0.3,crp,1.7531750319570925,1.8287025008503928,1.7662178708199523,2.616400340353704,3.022361273473713,0.8
full_seed42_bias_0p0_noise0p5_s9_a0p2_b0p7,42,bias,0.0,0.5,9,0.2,fpr_owa,1.7166312646319943,1.7837266978711783,1.6667549411243054,2.4252408629733706,2.913077083781724,0.7
full_seed42_bias_0p0_noise0p5_s9_a0p2_b0p7,42,bias,0.0,0.5,9,0.2,crp,1.7104942297752126,1.7791879314311425,1.6387112181433765,2.4711459704104075,2.7732476705860205,0.7
full_seed42_bias_0p0_noise0p5_s9_a0p3_b0p8,42,bias,0.0,0.5,9,0.3,fpr_owa,1.6986998747237194,1.770390544901288,1.680218113046028,2.473113970704796,2.8112617669113744,0.8
full_seed42_bias_0p0_noise0p5_s9_a0p3_b0p8,42,bias,0.0,0.5,9,0.3,crp,1.700506746090894,1.7740027780973018,1.6522477210922275,2.5266313896558947,2.780846904084026,0.8
full_seed42_bias_0p1_noise0p1_s13_a0p2_b0p7,42,bias,0.1,0.1,13,0.2,fpr_owa,1.100679588611807,1.1382170060713972,1.0825862995128566,1.5749386050940166,1.6999793311916491,0.7
full_seed42_bias_0p1_noise0p1_s13_a0p2_b0p7,42,bias,0.1,0.1,13,0.2,crp,1.095953515337573,1.135150686042287,1.083847932690114,1.5321854559583945,1.6999793311916491,0.7
full_seed42_bias_0p1_noise0p1_s13_a0p3_b0p8,42,bias,0.1,0.1,13,0.3,fpr_owa,1.370407076418157,1.435907921263312,1.3406920074275557,2.021672961025869,2.180546407161522,0.8
full_seed42_bias_0p1_noise0p1_s13_a0p3_b0p8,42,bias,0.1,0.1,13,0.3,crp,1.3622645079755458,1.43391890770164,1.354785414053491,1.9772655193587276,2.180546407161522,0.8
full_seed42_bias_0p1_noise0p1_s5_a0p2_b0p7,42,bias,0.1,0.1,5,0.2,fpr_owa,1.7659881470137384,1.8341841107834416,1.6422287024709643,2.4841127883853624,2.582175321874684,0.7
full_seed42_bias_0p1_noise0p1_s5_a0p2_b0p7,42,bias,0.1,0.1,5,0.2,crp,1.762177388325051,1.8306894776164424,1.6363627809129733,2.4878959573190524,2.582175321874684,0.7
full_seed42_bias_0p1_noise0p1_s5_a0p3_b0p8,42,bias,0.1,0.1,5,0.3,fpr_owa,1.7701030429409303,1.8429993973058765,1.6794693923244517,2.462546527583412,2.5635217374720267,0.8
full_seed42_bias_0p1_noise0p1_s5_a0p3_b0p8,42,bias,0.1,0.1,5,0.3,crp,1.7664736230962712,1.840514815031225,1.6693238918184492,2.462546527583412,2.6002655573153413,0.8
full_seed42_bias_0p1_noise0p1_s9_a0p2_b0p7,42,bias,0.1,0.1,9,0.2,fpr_owa,1.7135554779198223,1.759053277349291,1.6166508763503675,2.359583409424745,2.5120531370564776,0.7
full_seed42_bias_0p1_noise0p1_s9_a0p2_b0p7,42,bias,0.1,0.1,9,0.2,crp,1.7290124407573069,1.777188070566706,1.6183627616805052,2.404786470288496,2.6258607027034606,0.7
full_seed42_bias_0p1_noise0p1_s9_a0p3_b0p8,42,bias,0.1,0.1,9,0.3,fpr_owa,1.7406943402644188,1.8068109796829983,1.6020481812023069,2.4516847730020883,2.6013060237435366,0.8
full_seed42_bias_0p1_noise0p1_s9_a0p3_b0p8,42,bias,0.1,0.1,9,0.3,crp,1.7382895089593395,1.806478598014149,1.5964272400616684,2.4847709260514903,2.5878879264329213,0.8
full_seed42_bias_0p1_noise0p25_s13_a0p2_b0p7,42,bias,0.1,0.25,13,0.2,fpr_owa,1.1275665820558225,1.1765830793380845,1.110521097568545,1.665097330194273,1.9006810444329747,0.7
full_seed42_bias_0p1_noise0p25_s13_a0p2_b0p7,42,bias,0.1,0.25,13,0.2,crp,1.1361413092486707,1.1897447778679715,1.1361446230513303,1.650828333596083,2.095127523853378,0.7
full_seed42_bias_0p1_noise0p25_s13_a0p3_b0p8,42,bias,0.1,0.25,13,0.3,fpr_owa,1.348383947902538,1.429522364769536,1.3539438247143236,2.0807052266070976,2.31606989625212,0.8
full_seed42_bias_0p1_noise0p25_s13_a0p3_b0p8,42,bias,0.1,0.25,13,0.3,crp,1.3585520504756274,1.4481118732607006,1.359952936165053,2.069061966066269,2.513053150670128,0.8
full_seed42_bias_0p1_noise0p25_s5_a0p2_b0p7,42,bias,0.1,0.25,5,0.2,fpr_owa,1.7534629815201763,1.8176348178843071,1.6702733419829094,2.498835294561254,2.766426926313108,0.7
full_seed42_bias_0p1_noise0p25_s5_a0p2_b0p7,42,bias,0.1,0.25,5,0.2,crp,1.750919109169235,1.8154061964390051,1.6900823210803313,2.498242699555715,2.766426926313108,0.7
full_seed42_bias_0p1_noise0p25_s5_a0p3_b0p8,42,bias,0.1,0.25,5,0.3,fpr_owa,1.7656647976945776,1.8313428892170025,1.736099880157009,2.4929046761809115,2.754470971714729,0.8
full_seed42_bias_0p1_noise0p25_s5_a0p3_b0p8,42,bias,0.1,0.25,5,0.3,crp,1.762879505631455,1.8305644281854552,1.7161598984634852,2.5054429131625677,2.754470971714729,0.8
full_seed42_bias_0p1_noise0p25_s9_a0p2_b0p7,42,bias,0.1,0.25,9,0.2,fpr_owa,1.697751497625077,1.74924917966126,1.605684180538338,2.3587571327857444,2.6593326846511403,0.7
full_seed42_bias_0p1_noise0p25_s9_a0p2_b0p7,42,bias,0.1,0.25,9,0.2,crp,1.7086526775914588,1.763525342166923,1.6203851092420307,2.442996150165213,2.7400200169615547,0.7
full_seed42_bias_0p1_noise0p25_s9_a0p3_b0p8,42,bias,0.1,0.25,9,0.3,fpr_owa,1.7274051086384776,1.792956470403485,1.6262124002786722,2.4413934608501418,2.6370559037383408,0.8
full_seed42_bias_0p1_noise0p25_s9_a0p3_b0p8,42,bias,0.1,0.25,9,0.3,crp,1.7270090847455637,1.7953789722720526,1.6404274990384038,2.4612275282669507,2.64503704205197,0.8
full_seed42_bias_0p1_noise0p5_s13_a0p2_b0p7,42,bias,0.1,0.5,13,0.2,fpr_owa,1.1900211045042468,1.2541837000180884,1.187986430322964,1.872390052094699,2.1447835628418845,0.7
full_seed42_bias_0p1_noise0p5_s13_a0p2_b0p7,42,bias,0.1,0.5,13,0.2,crp,1.2919469582007286,1.371748117153215,1.278385482431024,2.080323377653322,2.5764505734208294,0.7
full_seed42_bias_0p1_noise0p5_s13_a0p3_b0p8,42,bias,0.1,0.5,13,0.3,fpr_owa,1.3339060647436252,1.4242985728975868,1.3139537660122658,2.16825927628492,2.487182695732886,0.8
full_seed42_bias_0p1_noise0p5_s13_a0p3_b0p8,42,bias,0.1,0.5,13,0.3,crp,1.413053011708587,1.512267721191097,1.3812638246725135,2.338579040673205,2.668102444053457,0.8
full_seed42_bias_0p1_noise0p5_s5_a0p2_b0p7,42,bias,0.1,0.5,5,0.2,fpr_owa,1.7663549785759736,1.835242703992113,1.7353897935097486,2.5297316606163123,3.0735129337104823,0.7
full_seed42_bias_0p1_noise0p5_s5_a0p2_b0p7,42,bias,0.1,0.5,5,0.2,crp,1.7476247049529303,1.8164450216378187,1.752183367507019,2.537587741601228,3.0281323556913127,0.7
full_seed42_bias_0p1_noise0p5_s5_a0p3_b0p8,42,bias,0.1,0.5,5,0.3,fpr_owa,1.7690730180982104,1.8388569143154083,1.7445279805006293,2.59181469592718,3.1350957762386087,0.8
full_seed42_bias_0p1_noise0p5_s5_a0p3_b0p8,42,bias,0.1,0.5,5,0.3,crp,1.7531750319570925,1.8287025008503928,1.7662178708199523,2.616400340353704,3.022361273473713,0.8
full_seed42_bias_0p1_noise0p5_s9_a0p2_b0p7,42,bias,0.1,0.5,9,0.2,fpr_owa,1.689739994414425,1.755633501239277,1.653847352288372,2.398575214072061,2.913077083781724,0.7
full_seed42_bias_0p1_noise0p5_s9_a0p2_b0p7,42,bias,0.1,0.5,9,0.2,crp,1.698394980488434,1.7682295430138817,1.640644128256882,2.4701993416022865,3.4246488507773907,0.7
full_seed42_bias_0p1_noise0p5_s9_a0p3_b0p8,42,bias,0.1,0.5,9,0.3,fpr_owa,1.703840265179169,1.7756032654891252,1.6798635961889588,2.4957235702740443,2.8112617669113744,0.8
full_seed42_bias_0p1_noise0p5_s9_a0p3_b0p8,42,bias,0.1,0.5,9,0.3,crp,1.7043759192282173,1.7751175064723532,1.6401471981925633,2.510980171828943,2.780846904084026,0.8
full_seed42_bias_0p2_noise0p1_s13_a0p2_b0p7,42,bias,0.2,0.1,13,0.2,fpr_owa,0.99389753397637,1.0460788381455404,0.9288850178209952,1.5749386050940166,1.6999793311916491,0.7
full_seed42_bias_0p2_noise0p1_s13_a0p2_b0p7,42,bias,0.2,0.1,13,0.2,crp,0.9614553042496164,1.0182666339217747,0.8921875283132623,1.5528127505488667,1.6999793311916491,0.7
full_seed42_bias_0p2_noise0p1_s13_a0p3_b0p8,42,bias,0.2,0.1,13,0.3,fpr_owa,1.153712299384126,1.2501723205309916,1.0151035513546105,2.021672961025869,2.180546407161522,0.8
full_seed42_bias_0p2_noise0p1_s13_a0p3_b0p8,42,bias,0.2,0.1,13,0.3,crp,1.1218355194949508,1.223898988227249,1.0485985605565924,1.9738035533097809,2.180546407161522,0.8
full_seed42_bias_0p2_noise0p1_s5_a0p2_b0p7,42,bias,0.2,0.1,5,0.2,fpr_owa,1.705992140709372,1.771342571533678,1.5962048516684637,2.433318260702521,2.582175321874684,0.7
full_seed42_bias_0p2_noise0p1_s5_a0p2_b0p7,42,bias,0.2,0.1,5,0.2,crp,1.733823004001574,1.8025386704900572,1.6184703797983555,2.4971867337258624,2.7937512177675607,0.7
full_seed42_bias_0p2_noise0p1_s5_a0p3_b0p8,42,bias,0.2,0.1,5,0.3,fpr_owa,1.745976668727422,1.8124532984679704,1.6277330748986965,2.45509674878539,2.5635217374720267,0.8
full_seed42_bias_0p2_noise0p1_s5_a0p3_b0p8,42,bias,0.2,0.1,5,0.3,crp,1.754415573254765,1.8243735774570204,1.6523627454437748,2.467738350778765,2.6083188119643475,0.8
full_seed42_bias_0p2_noise0p1_s9_a0p2_b0p7,42,bias,0.2,0.1,9,0.2,fpr_owa,1.6224557906577324,1.671223580001463,1.5381505264792328,2.355383738183478,2.5120531370564776,0.7
full_seed42_bias_0p2_noise0p1_s9_a0p2_b0p7,42,bias,0.2,0.1,9,0.2,crp,1.6580475569077289,1.70680090783538,1.5679027509866303,2.3870320918445223,2.6258607027034606,0.7
full_seed42_bias_0p2_noise0p1_s9_a0p3_b0p8,42,bias,0.2,0.1,9,0.3,fpr_owa,1.65852525553321,1.72100376471243,1.5421980479034736,2.4341264154604545,2.6013060237435366,0.8
full_seed42_bias_0p2_noise0p1_s9_a0p3_b0p8,42,bias,0.2,0.1,9,0.3,crp,1.6779331291014048,1.7413146118007683,1.5693286051462456,2.4512770452984407,2.5878879264329213,0.8
full_seed42_bias_0p2_noise0p25_s13_a0p2_b0p7,42,bias,0.2,0.25,13,0.2,fpr_owa,1.0077263352978336,1.0729670752446043,0.9507012148886532,1.665097330194273,1.9006810444329747,0.7
full_seed42_bias_0p2_noise0p25_s13_a0p2_b0p7,42,bias,0.2,0.25,13,0.2,crp,1.0082566664935066,1.0770547610194587,0.9562979543926208,1.643681582884968,1.9028733951877157,0.7
full_seed42_bias_0p2_noise0p25_s13_a0p3_b0p8,42,bias,0.2,0.25,13,0.3,fpr_owa,1.1398680807147517,1.2417200639263193,1.0143837436237335,2.0807052266070976,2.31606989625212,0.8
full_seed42_bias_0p2_noise0p25_s13_a0p3_b0p8,42,bias,0.2,0.25,13,0.3,crp,1.1314979555667752,1.2426020526245654,1.044185824403408,2.054682187707279,2.291832926234063,0.8
full_seed42_bias_0p2_noise0p25_s5_a0p2_b0p7,42,bias,0.2,0.25,5,0.2,fpr_owa,1.7048428297589846,1.7701857223971684,1.6540942696665015,2.4920939159600244,2.766426926313108,0.7
full_seed42_bias_0p2_noise0p25_s5_a0p2_b0p7,42,bias,0.2,0.25,5,0.2,crp,1.761554734249833,1.828947867392748,1.702503771956943,2.548492725414345,2.766426926313108,0.7
full_seed42_bias_0p2_noise0p25_s5_a0p3_b0p8,42,bias,0.2,0.25,5,0.3,fpr_owa,1.741196452403263,1.8045290515073749,1.658162667610497,2.4896699235832105,2.685218321137698,0.8
full_seed42_bias_0p2_noise0p25_s5_a0p3_b0p8,42,bias,0.2,0.25,5,0.3,crp,1.7483047318380085,1.815056456132143,1.6592860773349007,2.490397844629765,2.7240547795416963,0.8
full_seed42_bias_0p2_noise0p25_s9_a0p2_b0p7,42,bias,0.2,0.25,9,0.2,fpr_owa,1.61141378151082,1.666226294628791,1.530711078918617,2.3612735410008123,2.9473204338711043,0.7
full_seed42_bias_0p2_noise0p25_s9_a0p2_b0p7,42,bias,0.2,0.25,9,0.2,crp,1.666299481939309,1.7214184269424384,1.563544133178604,2.438278697446277,2.7400200169615547,0.7
full_seed42_bias_0p2_noise0p25_s9_a0p3_b0p8,42,bias,0.2,0.25,9,0.3,fpr_owa,1.6519447626896653,1.71407533242696,1.5856449483027837,2.4355428146346245,2.6575992547801897,0.8
full_seed42_bias_0p2_noise0p25_s9_a0p3_b0p8,42,bias,0.2,0.25,9,0.3,crp,1.6701403705958802,1.7376305938453012,1.622053219247159,2.441610844256655,2.64503704205197,0.8
full_seed42_bias_0p2_noise0p5_s13_a0p2_b0p7,42,bias,0.2,0.5,13,0.2,fpr_owa,1.0696213045688263,1.1482389161042224,1.0853911429644496,1.84052683737967,2.1447835628418845,0.7
full_seed42_bias_0p2_noise0p5_s13_a0p2_b0p7,42,bias,0.2,0.5,13,0.2,crp,1.2383978293161089,1.366395644179252,1.205096145426697,2.0882168606669347,4.186621419966569,0.7
full_seed42_bias_0p2_noise0p5_s13_a0p3_b0p8,42,bias,0.2,0.5,13,0.3,fpr_owa,1.1485638309344737,1.2442432645606558,1.096006650822397,2.049934884350631,2.487182695732886,0.8
full_seed42_bias_0p2_noise0p5_s13_a0p3_b0p8,42,bias,0.2,0.5,13,0.3,crp,1.2659249617591273,1.413767899891171,1.1654842026464225,2.276682582295494,4.804411431834085,0.8
full_seed42_bias_0p2_noise0p5_s5_a0p2_b0p7,42,bias,0.2,0.5,5,0.2,fpr_owa,1.7087370574043714,1.7808210958786366,1.6756932242404006,2.5192084854791053,3.0735129337104823,0.7
full_seed42_bias_0p2_noise0p5_s5_a0p2_b0p7,42,bias,0.2,0.5,5,0.2,crp,1.7650916098117393,1.8388604313078936,1.7638530142994706,2.61223122006114,3.298884299599022,0.7
full_seed42_bias_0p2_noise0p5_s5_a0p3_b0p8,42,bias,0.2,0.5,5,0.3,fpr_owa,1.7535737728187408,1.820026541657936,1.730883331187095,2.56897778926659,2.9109709113042843,0.8
full_seed42_bias_0p2_noise0p5_s5_a0p3_b0p8,42,bias,0.2,0.5,5,0.3,crp,1.7516022015665391,1.8267226140390656,1.7685522739180275,2.616400340353704,2.952288578687671,0.8
full_seed42_bias_0p2_noise0p5_s9_a0p2_b0p7,42,bias,0.2,0.5,9,0.2,fpr_owa,1.6415390108179069,1.7194080316666005,1.5754077955302728,2.5638648289380006,3.4174157131613505,0.7
full_seed42_bias_0p2_noise0p5_s9_a0p2_b0p7,42,bias,0.2,0.5,9,0.2,crp,1.7139374782043786,1.7924267543597483,1.6509363781502238,2.616217483559647,3.4246488507773907,0.7
full_seed42_bias_0p2_noise0p5_s9_a0p3_b0p8,42,bias,0.2,0.5,9,0.3,fpr_owa,1.644629980090548,1.7154544056762506,1.624944475811315,2.473113970704796,2.8112617669113744,0.8
full_seed42_bias_0p2_noise0p5_s9_a0p3_b0p8,42,bias,0.2,0.5,9,0.3,crp,1.6694106570165748,1.7405909400240858,1.6401471981925633,2.510980171828943,3.180149574747188,0.8
full_seed42_bias_0p3_noise0p1_s13_a0p2_b0p7,42,bias,0.3,0.1,13,0.2,fpr_owa,1.207653804735817,1.2333773627921203,1.2014935446786783,1.5877207692163904,1.735269545332903,0.7
full_seed42_bias_0p3_noise0p1_s13_a0p2_b0p7,42,bias,0.3,0.1,13,0.2,crp,1.1332600042629333,1.174396981838258,1.137468519385345,1.566469425375519,1.662075395112748,0.7
full_seed42_bias_0p3_noise0p1_s13_a0p3_b0p8,42,bias,0.3,0.1,13,0.3,fpr_owa,1.059043206230584,1.1982300318404238,0.9728780544567596,2.021672961025869,2.180546407161522,0.8
full_seed42_bias_0p3_noise0p1_s13_a0p3_b0p8,42,bias,0.3,0.1,13,0.3,crp,1.0190184938451294,1.154350321284168,0.8470791866382672,1.9738035533097809,2.09767809195892,0.8
full_seed42_bias_0p3_noise0p1_s5_a0p2_b0p7,42,bias,0.3,0.1,5,0.2,fpr_owa,2.3045336564327177,2.471398149836626,2.3478673089393656,3.878876972751677,4.098232606103902,0.7
full_seed42_bias_0p3_noise0p1_s5_a0p2_b0p7,42,bias,0.3,0.1,5,0.2,crp,2.223949510925775,2.394406471170857,2.1942081007189125,3.899244564541244,4.477457830622888,0.7
full_seed42_bias_0p3_noise0p1_s5_a0p3_b0p8,42,bias,0.3,0.1,5,0.3,fpr_owa,2.000499669465968,2.095296104400201,1.9616387335440624,3.093026007618645,3.319504139653784,0.8
full_seed42_bias_0p3_noise0p1_s5_a0p3_b0p8,42,bias,0.3,0.1,5,0.3,crp,1.9764766477551023,2.088453380523079,1.9261979480813,3.094357248901577,4.533618029696516,0.8
full_seed42_bias_0p3_noise0p1_s9_a0p2_b0p7,42,bias,0.3,0.1,9,0.2,fpr_owa,1.940304316447207,2.001135860271326,1.9549124604499009,2.7229573680115275,2.9022547170312354,0.7
full_seed42_bias_0p3_noise0p1_s9_a0p2_b0p7,42,bias,0.3,0.1,9,0.2,crp,1.9011111710468829,1.9683412630521315,1.8897533998264808,2.767119127243706,3.060739972293556,0.7
full_seed42_bias_0p3_noise0p1_s9_a0p3_b0p8,42,bias,0.3,0.1,9,0.3,fpr_owa,1.6259182322665469,1.686927323217306,1.5226105778034569,2.4341264154604545,2.6013060237435366,0.8
full_seed42_bias_0p3_noise0p1_s9_a0p3_b0p8,42,bias,0.3,0.1,9,0.3,crp,1.6497915382272168,1.7130129580438689,1.5684284081958748,2.4477258928356656,2.6086952171705944,0.8
full_seed42_bias_0p3_noise0p25_s13_a0p2_b0p7,42,bias,0.3,0.25,13,0.2,fpr_owa,1.2204045263159402,1.2608082624174113,1.2163770878740374,1.7080369595547615,1.902418724896079,0.7
full_seed42_bias_0p3_noise0p25_s13_a0p2_b0p7,42,bias,0.3,0.25,13,0.2,crp,1.1713654648719145,1.250200805946615,1.1736952330107069,1.8010885193759398,3.6796506365984976,0.7
full_seed42_bias_0p3_noise0p25_s13_a0p3_b0p8,42,bias,0.3,0.25,13,0.3,fpr_owa,1.0513522656642078,1.1956509468372405,0.9607226800014852,2.0807052266070976,2.31606989625212,0.8
full_seed42_bias_0p3_noise0p25_s13_a0p3_b0p8,42,bias,0.3,0.25,13,0.3,crp,1.055892864212952,1.1989039066327027,0.9444202214174776,2.054682187707279,3.114773834760755,0.8
full_seed42_bias_0p3_noise0p25_s5_a0p2_b0p7,42,bias,0.3,0.25,5,0.2,fpr_owa,2.290019921452979,2.449931958812031,2.2727147852403995,3.784922034187965,4.171349114159853,0.7
full_seed42_bias_0p3_noise0p25_s5_a0p2_b0p7,42,bias,0.3,0.25,5,0.2,crp,2.216545927589843,2.388592933028653,2.072603960187477,3.8848794943821847,5.020517981540752,0.7
full_seed42_bias_0p3_noise0p25_s5_a0p3_b0p8,42,bias,0.3,0.25,5,0.3,fpr_owa,1.988674164926895,2.078379881026873,1.9539849304893229,3.0143757059160965,3.439400544807105,0.8
full_seed42_bias_0p3_noise0p25_s5_a0p3_b0p8,42,bias,0.3,0.25,5,0.3,crp,1.993966774595776,2.119239503865136,1.8938289578315688,3.124207607771217,5.040488691632599,0.8
full_seed42_bias_0p3_noise0p25_s9_a0p2_b0p7,42,bias,0.3,0.25,9,0.2,fpr_owa,1.915437906103396,1.9789921942176405,1.8945556323138448,2.69654517364526,2.8989189656491687,0.7
full_seed42_bias_0p3_noise0p25_s9_a0p2_b0p7,42,bias,0.3,0.25,9,0.2,crp,1.9052314725258104,1.9988831944773495,1.8881709058666225,2.845788381009639,4.668206117500154,0.7
full_seed42_bias_0p3_noise0p25_s9_a0p3_b0p8,42,bias,0.3,0.25,9,0.3,fpr_owa,1.6347846239128236,1.7004524536747303,1.5650232366353127,2.448192953216645,2.946652710492333,0.8
full_seed42_bias_0p3_noise0p25_s9_a0p3_b0p8,42,bias,0.3,0.25,9,0.3,crp,1.702730083307402,1.7916280634372617,1.6313738928897767,2.530861079143375,5.442791182900142,0.8
full_seed42_bias_0p3_noise0p5_s13_a0p2_b0p7,42,bias,0.3,0.5,13,0.2,fpr_owa,1.2843179339168993,1.3482207475739327,1.2421021007153716,1.9515518685496736,2.5850335784519767,0.7
full_seed42_bias_0p3_noise0p5_s13_a0p2_b0p7,42,bias,0.3,0.5,13,0.2,crp,1.4106617638288663,1.5946016827685905,1.2963342098641395,2.742972567990947,5.087921152037249,0.7
full_seed42_bias_0p3_noise0p5_s13_a0p3_b0p8,42,bias,0.3,0.5,13,0.3,fpr_owa,1.0797397746801056,1.2150954423817957,1.0690924276132616,2.049934884350631,2.487182695732886,0.8
full_seed42_bias_0p3_noise0p5_s13_a0p3_b0p8,42,bias,0.3,0.5,13,0.3,crp,1.2759272434204134,1.495385497850853,1.1408886815784651,2.3826007873415254,5.656562184788527,0.8
full_seed42_bias_0p3_noise0p5_s5_a0p2_b0p7,42,bias,0.3,0.5,5,0.2,fpr_owa,2.2538828212636024,2.40388151337754,2.141788416755472,3.76211692078567,4.283367943056219,0.7
full_seed42_bias_0p3_noise0p5_s5_a0p2_b0p7,42,bias,0.3,0.5,5,0.2,crp,2.174659885600811,2.356179141633419,2.013286613602342,3.76211692078567,5.997694843123006,0.7
full_seed42_bias_0p3_noise0p5_s5_a0p3_b0p8,42,bias,0.3,0.5,5,0.3,fpr_owa,1.972250822633908,2.0612484667958286,1.9081137080504635,2.9341172941905653,3.619543851002199,0.8
full_seed42_bias_0p3_noise0p5_s5_a0p3_b0p8,42,bias,0.3,0.5,5,0.3,crp,2.0072110622240515,2.1854769408702444,1.8971989553110031,3.168510292346036,6.5083340095375934,0.8
full_seed42_bias_0p3_noise0p5_s9_a0p2_b0p7,42,bias,0.3,0.5,9,0.2,fpr_owa,1.916841568192656,2.0046785074816147,1.86138257313784,2.844760097137015,4.058840010850371,0.7
full_seed42_bias_0p3_noise0p5_s9_a0p2_b0p7,42,bias,0.3,0.5,9,0.2,crp,1.9403660153225988,2.0986590673675285,1.797789767961979,3.419619939025784,4.907795615856146,0.7
full_seed42_bias_0p3_noise0p5_s9_a0p3_b0p8,42,bias,0.3,0.5,9,0.3,fpr_owa,1.66619662301071,1.7485283237277622,1.6186573178442043,2.567246621292545,3.379005060068086,0.8
full_seed42_bias_0p3_noise0p5_s9_a0p3_b0p8,42,bias,0.3,0.5,9,0.3,crp,1.803386445806788,1.9573276839274416,1.6638776118863232,2.9307887993873822,5.386022278666064,0.8
full_seed42_bias_0p4_noise0p1_s13_a0p2_b0p7,42,bias,0.4,0.1,13,0.2,fpr_owa,1.5222458810462507,1.601131292949359,1.524244863832195,2.264640449960412,2.4271773397410685,0.7
full_seed42_bias_0p4_noise0p1_s13_a0p2_b0p7,42,bias,0.4,0.1,13,0.2,crp,1.4343493931477955,1.5323127561090348,1.422101549277992,2.3420012081714243,2.7557858592790665,0.7
full_seed42_bias_0p4_noise0p1_s13_a0p3_b0p8,42,bias,0.4,0.1,13,0.3,fpr_owa,1.2667096895203087,1.326866918757927,1.1451865562515708,2.021672961025869,2.180546407161522,0.8
full_seed42_bias_0p4_noise0p1_s13_a0p3_b0p8,42,bias,0.4,0.1,13,0.3,crp,1.1728392297172776,1.2633647701845645,1.1456706829237606,1.9738035533097809,2.09767809195892,0.8
full_seed42_bias_0p4_noise0p1_s5_a0p2_b0p7,42,bias,0.4,0.1,5,0.2,fpr_owa,2.3045336564327177,2.471398149836626,2.3478673089393656,3.878876972751677,4.098232606103902,0.7
full_seed42_bias_0p4_noise0p1_s5_a0p2_b0p7,42,bias,0.4,0.1,5,0.2,crp,2.223949510925775,2.394406471170857,2.1942081007189125,3.899244564541244,4.477457830622888,0.7
full_seed42_bias_0p4_noise0p1_s5_a0p3_b0p8,42,bias,0.4,0.1,5,0.3,fpr_owa,2.000499669465968,2.095296104400201,1.9616387335440624,3.093026007618645,3.319504139653784,0.8
full_seed42_bias_0p4_noise0p1_s5_a0p3_b0p8,42,bias,0.4,0.1,5,0.3,crp,1.9764766477551023,2.088453380523079,1.9261979480813,3.094357248901577,4.533618029696516,0.8
full_seed42_bias_0p4_noise0p1_s9_a0p2_b0p7,42,bias,0.4,0.1,9,0.2,fpr_owa,2.288298917955025,2.429456257701526,2.2636533973127504,3.605628739696888,3.83893091644921,0.7
full_seed42_bias_0p4_noise0p1_s9_a0p2_b0p7,42,bias,0.4,0.1,9,0.2,crp,2.2817139473289823,2.443726034276612,2.1821266589568253,3.6939950400733226,5.32402493338042,0.7
full_seed42_bias_0p4_noise0p1_s9_a0p3_b0p8,42,bias,0.4,0.1,9,0.3,fpr_owa,1.9435480382115355,2.0232419524843057,1.96036024366838,2.801403925227368,2.995038396515603,0.8
full_seed42_bias_0p4_noise0p1_s9_a0p3_b0p8,42,bias,0.4,0.1,9,0.3,crp,2.0023367900631177,2.135695995806528,1.940656033331956,3.203602813619137,5.040957680689146,0.8
full_seed42_bias_0p4_noise0p25_s13_a0p2_b0p7,42,bias,0.4,0.25,13,0.2,fpr_owa,1.512169320992462,1.5985232896678137,1.5873364026092212,2.331666107468933,2.5886269454551774,0.7
full_seed42_bias_0p4_noise0p25_s13_a0p2_b0p7,42,bias,0.4,0.25,13,0.2,crp,1.4470066565365778,1.5828591990140417,1.361294548280363,2.5498771372658937,4.098239612448671,0.7
full_seed42_bias_0p4_noise0p25_s13_a0p3_b0p8,42,bias,0.4,0.25,13,0.3,fpr_owa,1.2501219017221905,1.3255150171930776,1.1129026846104066,2.088586359424605,2.31606989625212,0.8
full_seed42_bias_0p4_noise0p25_s13_a0p3_b0p8,42,bias,0.4,0.25,13,0.3,crp,1.2235287934078478,1.3768996251625587,1.1388464637783953,2.0574278197646967,5.205491208607556,0.8
full_seed42_bias_0p4_noise0p25_s5_a0p2_b0p7,42,bias,0.4,0.25,5,0.2,fpr_owa,2.290019921452979,2.449931958812031,2.2727147852403995,3.784922034187965,4.171349114159853,0.7
full_seed42_bias_0p4_noise0p25_s5_a0p2_b0p7,42,bias,0.4,0.25,5,0.2,crp,2.216545927589843,2.388592933028653,2.072603960187477,3.8848794943821847,5.020517981540752,0.7
full_seed42_bias_0p4_noise0p25_s5_a0p3_b0p8,42,bias,0.4,0.25,5,0.3,fpr_owa,1.988674164926895,2.078379881026873,1.9539849304893229,3.0143757059160965,3.439400544807105,0.8
full_seed42_bias_0p4_noise0p25_s5_a0p3_b0p8,42,bias,0.4,0.25,5,0.3,crp,1.993966774595776,2.119239503865136,1.8938289578315688,3.124207607771217,5.040488691632599,0.8
full_seed42_bias_0p4_noise0p25_s9_a0p2_b0p7,42,bias,0.4,0.25,9,0.2,fpr_owa,2.277541524757837,2.432289921015572,2.235008237733159,3.5802733525479304,4.960055080868219,0.7
full_seed42_bias_0p4_noise0p25_s9_a0p2_b0p7,42,bias,0.4,0.25,9,0.2,crp,2.3005946735744662,2.5114924258370963,2.083819621827362,4.0611155647082,6.020136287177876,0.7
full_seed42_bias_0p4_noise0p25_s9_a0p3_b0p8,42,bias,0.4,0.25,9,0.3,fpr_owa,1.962330028914976,2.059186234116698,1.9251201010377448,2.830255951517424,4.267086917439823,0.8
full_seed42_bias_0p4_noise0p25_s9_a0p3_b0p8,42,bias,0.4,0.25,9,0.3,crp,2.1032862438727906,2.328333545063658,1.920930444324755,4.3690773476605225,6.1469991823048735,0.8
full_seed42_bias_0p4_noise0p5_s13_a0p2_b0p7,42,bias,0.4,0.5,13,0.2,fpr_owa,1.554891547556589,1.6624277947716988,1.5149196640231195,2.596597078466928,3.7477588006639664,0.7
full_seed42_bias_0p4_noise0p5_s13_a0p2_b0p7,42,bias,0.4,0.5,13,0.2,crp,1.712729823678642,1.9975105203354957,1.4521933224075023,4.226263622755898,5.551004585695568,0.7
full_seed42_bias_0p4_noise0p5_s13_a0p3_b0p8,42,bias,0.4,0.5,13,0.3,fpr_owa,1.3009670242194744,1.408230609414573,1.1781265459076042,2.18663835818606,3.5912971692242333,0.8
full_seed42_bias_0p4_noise0p5_s13_a0p3_b0p8,42,bias,0.4,0.5,13,0.3,crp,1.5832469344024716,2.004512298149348,1.2877643658630653,4.962743176185175,5.927047315226446,0.8
full_seed42_bias_0p4_noise0p5_s5_a0p2_b0p7,42,bias,0.4,0.5,5,0.2,fpr_owa,2.2538828212636024,2.40388151337754,2.141788416755472,3.76211692078567,4.283367943056219,0.7
full_seed42_bias_0p4_noise0p5_s5_a0p2_b0p7,42,bias,0.4,0.5,5,0.2,crp,2.174659885600811,2.356179141633419,2.013286613602342,3.76211692078567,5.997694843123006,0.7
full_seed42_bias_0p4_noise0p5_s5_a0p3_b0p8,42,bias,0.4,0.5,5,0.3,fpr_owa,1.972250822633908,2.0612484667958286,1.9081137080504635,2.9341172941905653,3.619543851002199,0.8
full_seed42_bias_0p4_noise0p5_s5_a0p3_b0p8,42,bias,0.4,0.5,5,0.3,crp,2.0072110622240515,2.1854769408702444,1.8971989553110031,3.168510292346036,6.5083340095375934,0.8
full_seed42_bias_0p4_noise0p5_s9_a0p2_b0p7,42,bias,0.4,0.5,9,0.2,fpr_owa,2.309459860599249,2.4978908847343164,2.1755018434436604,4.202460803484763,4.9477288997392606,0.7
full_seed42_bias_0p4_noise0p5_s9_a0p2_b0p7,42,bias,0.4,0.5,9,0.2,crp,2.3101394800893087,2.580945738017685,2.014083391104221,4.586589025814884,5.9167839526217865,0.7
full_seed42_bias_0p4_noise0p5_s9_a0p3_b0p8,42,bias,0.4,0.5,9,0.3,fpr_owa,2.030122981793808,2.1651233893660407,1.90742693129279,3.647879482875298,4.675959190651865,0.8
full_seed42_bias_0p4_noise0p5_s9_a0p3_b0p8,42,bias,0.4,0.5,9,0.3,crp,2.227320602137896,2.5596226126928614,1.8072077960836288,5.178100642798374,6.412074672376914,0.8
full_seed42_drift_0p0_noise0p1_s13_a0p2_b0p7,42,drift,0.0,0.1,13,0.2,fpr_owa,1.204747239572172,1.2494632978305504,1.1889131152852903,1.6246678019843126,1.7409750298089346,0.7
full_seed42_drift_0p0_noise0p1_s13_a0p2_b0p7,42,drift,0.0,0.1,13,0.2,crp,1.191486461705108,1.2376957719949433,1.179416738452384,1.623294960121627,1.7409750298089346,0.7
full_seed42_drift_0p0_noise0p1_s13_a0p3_b0p8,42,drift,0.0,0.1,13,0.3,fpr_owa,1.4630984710557349,1.53918642759298,1.413795553401175,2.075003842309166,2.180546407161522,0.8
full_seed42_drift_0p0_noise0p1_s13_a0p3_b0p8,42,drift,0.0,0.1,13,0.3,crp,1.4467631249982298,1.527842645203252,1.413795553401175,2.06249096556313,2.180546407161522,0.8
full_seed42_drift_0p0_noise0p1_s5_a0p2_b0p7,42,drift,0.0,0.1,5,0.2,fpr_owa,1.7659881470137384,1.8341841107834416,1.6422287024709643,2.4841127883853624,2.582175321874684,0.7
full_seed42_drift_0p0_noise0p1_s5_a0p2_b0p7,42,drift,0.0,0.1,5,0.2,crp,1.762177388325051,1.8306894776164424,1.6363627809129733,2.4878959573190524,2.582175321874684,0.7
full_seed42_drift_0p0_noise0p1_s5_a0p3_b0p8,42,drift,0.0,0.1,5,0.3,fpr_owa,1.7701030429409303,1.8429993973058765,1.6794693923244517,2.462546527583412,2.5635217374720267,0.8
full_seed42_drift_0p0_noise0p1_s5_a0p3_b0p8,42,drift,0.0,0.1,5,0.3,crp,1.7664736230962712,1.840514815031225,1.6693238918184492,2.462546527583412,2.6002655573153413,0.8
full_seed42_drift_0p0_noise0p1_s9_a0p2_b0p7,42,drift,0.0,0.1,9,0.2,fpr_owa,1.7673726147488216,1.820046874004744,1.6165328076382752,2.410040800315646,2.5120531370564776,0.7
full_seed42_drift_0p0_noise0p1_s9_a0p2_b0p7,42,drift,0.0,0.1,9,0.2,crp,1.7714513101034646,1.8253330804474044,1.6075273062567,2.428746151480345,2.606538732047753,0.7
full_seed42_drift_0p0_noise0p1_s9_a0p3_b0p8,42,drift,0.0,0.1,9,0.3,fpr_owa,1.7371656879270818,1.8102685437459043,1.5684284081958748,2.4840048378615034,2.6013060237435366,0.8
full_seed42_drift_0p0_noise0p1_s9_a0p3_b0p8,42,drift,0.0,0.1,9,0.3,crp,1.736109557417256,1.8095870912974397,1.5684284081958748,2.4876604605738963,2.6133436968660884,0.8
full_seed42_drift_0p0_noise0p25_s13_a0p2_b0p7,42,drift,0.0,0.25,13,0.2,fpr_owa,1.2239519384539213,1.2817026770540818,1.205182468431389,1.760113942280174,2.024275092535646,0.7
full_seed42_drift_0p0_noise0p25_s13_a0p2_b0p7,42,drift,0.0,0.25,13,0.2,crp,1.228143085224447,1.2918372032148613,1.2215950779880556,1.8098277495831048,2.192575520904943,0.7
full_seed42_drift_0p0_noise0p25_s13_a0p3_b0p8,42,drift,0.0,0.25,13,0.3,fpr_owa,1.4230427131961676,1.5184860649784044,1.3737965524029805,2.155221273762169,2.39418818999486,0.8
full_seed42_drift_0p0_noise0p25_s13_a0p3_b0p8,42,drift,0.0,0.25,13,0.3,crp,1.434192939484608,1.537043841999057,1.3925552022650534,2.19196716199457,2.491622044843885,0.8
full_seed42_drift_0p0_noise0p25_s5_a0p2_b0p7,42,drift,0.0,0.25,5,0.2,fpr_owa,1.7534629815201763,1.8176348178843071,1.6702733419829094,2.498835294561254,2.766426926313108,0.7
full_seed42_drift_0p0_noise0p25_s5_a0p2_b0p7,42,drift,0.0,0.25,5,0.2,crp,1.750919109169235,1.8154061964390051,1.6900823210803313,2.498242699555715,2.766426926313108,0.7
full_seed42_drift_0p0_noise0p25_s5_a0p3_b0p8,42,drift,0.0,0.25,5,0.3,fpr_owa,1.7656647976945776,1.8313428892170025,1.736099880157009,2.4929046761809115,2.754470971714729,0.8
full_seed42_drift_0p0_noise0p25_s5_a0p3_b0p8,42,drift,0.0,0.25,5,0.3,crp,1.762879505631455,1.8305644281854552,1.7161598984634852,2.5054429131625677,2.754470971714729,0.8
full_seed42_drift_0p0_noise0p25_s9_a0p2_b0p7,42,drift,0.0,0.25,9,0.2,fpr_owa,1.7426996887661814,1.8000693487288324,1.6339637308116035,2.423123977132854,2.6593326846511403,0.7
full_seed42_drift_0p0_noise0p25_s9_a0p2_b0p7,42,drift,0.0,0.25,9,0.2,crp,1.7484486807812436,1.8083113354429756,1.6317921287252473,2.443223640209078,2.673168391044291,0.7
full_seed42_drift_0p0_noise0p25_s9_a0p3_b0p8,42,drift,0.0,0.25,9,0.3,fpr_owa,1.7265432730010424,1.7937771837860732,1.6347870467410623,2.443306404915865,2.6370559037383408,0.8
full_seed42_drift_0p0_noise0p25_s9_a0p3_b0p8,42,drift,0.0,0.25,9,0.3,crp,1.729064343500987,1.7992915121618167,1.6422004770309964,2.4612275282669507,2.630063848754728,0.8
full_seed42_drift_0p0_noise0p5_s13_a0p2_b0p7,42,drift,0.0,0.5,13,0.2,fpr_owa,1.2651689934985595,1.340754609269621,1.2510081640849386,1.9562212874413472,2.5391523953948094,0.7
full_seed42_drift_0p0_noise0p5_s13_a0p2_b0p7,42,drift,0.0,0.5,13,0.2,crp,1.3676452851344152,1.4522375873098017,1.3720112990616642,2.172286327021716,2.5764505734208294,0.7
full_seed42_drift_0p0_noise0p5_s13_a0p3_b0p8,42,drift,0.0,0.5,13,0.3,fpr_owa,1.367046147538045,1.4636488360017177,1.3150144644377917,2.2460766148079334,2.527203313790653,0.8
full_seed42_drift_0p0_noise0p5_s13_a0p3_b0p8,42,drift,0.0,0.5,13,0.3,crp,1.4643519133953589,1.5679240217709387,1.4013959216001046,2.361975777764385,2.6107952089366337,0.8
full_seed42_drift_0p0_noise0p5_s5_a0p2_b0p7,42,drift,0.0,0.5,5,0.2,fpr_owa,1.7663549785759736,1.835242703992113,1.7353897935097486,2.5297316606163123,3.0735129337104823,0.7
full_seed42_drift_0p0_noise0p5_s5_a0p2_b0p7,42,drift,0.0,0.5,5,0.2,crp,1.7476247049529303,1.8164450216378187,1.752183367507019,2.537587741601228,3.0281323556913127,0.7
full_seed42_drift_0p0_noise0p5_s5_a0p3_b0p8,42,drift,0.0,0.5,5,0.3,fpr_owa,1.7690730180982104,1.8388569143154083,1.7445279805006293,2.59181469592718,3.1350957762386087,0.8
full_seed42_drift_0p0_noise0p5_s5_a0p3_b0p8,42,drift,0.0,0.5,5,0.3,crp,1.7531750319570925,1.8287025008503928,1.7662178708199523,2.616400340353704,3.022361273473713,0.8
full_seed42_drift_0p0_noise0p5_s9_a0p2_b0p7,42,drift,0.0,0.5,9,0.2,fpr_owa,1.7166312646319943,1.7837266978711783,1.6667549411243054,2.4252408629733706,2.913077083781724,0.7
full_seed42_drift_0p0_noise0p5_s9_a0p2_b0p7,42,drift,0.0,0.5,9,0.2,crp,1.7104942297752126,1.7791879314311425,1.6387112181433765,2.4711459704104075,2.7732476705860205,0.7
full_seed42_drift_0p0_noise0p5_s9_a0p3_b0p8,42,drift,0.0,0.5,9,0.3,fpr_owa,1.6986998747237194,1.770390544901288,1.680218113046028,2.473113970704796,2.8112617669113744,0.8
full_seed42_drift_0p0_noise0p5_s9_a0p3_b0p8,42,drift,0.0,0.5,9,0.3,crp,1.700506746090894,1.7740027780973018,1.6522477210922275,2.5266313896558947,2.780846904084026,0.8
full_seed42_drift_0p1_noise0p1_s13_a0p2_b0p7,42,drift,0.1,0.1,13,0.2,fpr_owa,1.1530383382466085,1.1980227014381843,1.1263785107673878,1.6197577656048396,1.9282469614584852,0.7
full_seed42_drift_0p1_noise0p1_s13_a0p2_b0p7,42,drift,0.1,0.1,13,0.2,crp,1.134677867280873,1.1816415362400454,1.1263785107673878,1.588031550783406,1.7821712138290673,0.7
full_seed42_drift_0p1_noise0p1_s13_a0p3_b0p8,42,drift,0.1,0.1,13,0.3,fpr_owa,1.42069442064405,1.4955927596075145,1.3694397728690129,2.071964348282221,2.4099440137886154,0.8
full_seed42_drift_0p1_noise0p1_s13_a0p3_b0p8,42,drift,0.1,0.1,13,0.3,crp,1.4030901839024736,1.4817773429987042,1.3832253788216275,2.042961246900854,2.3127394766845195,0.8
full_seed42_drift_0p1_noise0p1_s5_a0p2_b0p7,42,drift,0.1,0.1,5,0.2,fpr_owa,1.7659881470137384,1.8341841107834416,1.6422287024709643,2.4841127883853624,2.582175321874684,0.7
full_seed42_drift_0p1_noise0p1_s5_a0p2_b0p7,42,drift,0.1,0.1,5,0.2,crp,1.762177388325051,1.8306894776164424,1.6363627809129733,2.4878959573190524,2.582175321874684,0.7
full_seed42_drift_0p1_noise0p1_s5_a0p3_b0p8,42,drift,0.1,0.1,5,0.3,fpr_owa,1.7701030429409303,1.8429993973058765,1.6794693923244517,2.462546527583412,2.5635217374720267,0.8
full_seed42_drift_0p1_noise0p1_s5_a0p3_b0p8,42,drift,0.1,0.1,5,0.3,crp,1.7664736230962712,1.840514815031225,1.6693238918184492,2.462546527583412,2.6002655573153413,0.8
full_seed42_drift_0p1_noise0p1_s9_a0p2_b0p7,42,drift,0.1,0.1,9,0.2,fpr_owa,1.7569125505945271,1.8063669459257312,1.6464415486483164,2.408435227517329,2.5482483512505154,0.7
full_seed42_drift_0p1_noise0p1_s9_a0p2_b0p7,42,drift,0.1,0.1,9,0.2,crp,1.7659841251914097,1.81721610679786,1.6610936278881911,2.42365113218897,2.711149811076603,0.7
full_seed42_drift_0p1_noise0p1_s9_a0p3_b0p8,42,drift,0.1,0.1,9,0.3,fpr_owa,1.749769948053004,1.817252986581951,1.606606910327108,2.4519267302793635,2.6013060237435366,0.8
full_seed42_drift_0p1_noise0p1_s9_a0p3_b0p8,42,drift,0.1,0.1,9,0.3,crp,1.7482509002526827,1.816960671745267,1.606606910327108,2.466228664640516,2.6133436968660884,0.8
full_seed42_drift_0p1_noise0p25_s13_a0p2_b0p7,42,drift,0.1,0.25,13,0.2,fpr_owa,1.1773280337425136,1.23281609988091,1.161327366034178,1.749955138627379,1.9779887274046484,0.7
full_seed42_drift_0p1_noise0p25_s13_a0p2_b0p7,42,drift,0.1,0.25,13,0.2,crp,1.1887353052108809,1.248134863358079,1.1741549666886737,1.7519040060303783,2.095127523853378,0.7
full_seed42_drift_0p1_noise0p25_s13_a0p3_b0p8,42,drift,0.1,0.25,13,0.3,fpr_owa,1.386520094001708,1.4754869488833458,1.356801928454526,2.1132428516945083,2.344818853112349,0.8
full_seed42_drift_0p1_noise0p25_s13_a0p3_b0p8,42,drift,0.1,0.25,13,0.3,crp,1.401221938201537,1.4994757312706608,1.3901025837887255,2.171139229438551,2.513053150670128,0.8
full_seed42_drift_0p1_noise0p25_s5_a0p2_b0p7,42,drift,0.1,0.25,5,0.2,fpr_owa,1.7534629815201763,1.8176348178843071,1.6702733419829094,2.498835294561254,2.766426926313108,0.7
full_seed42_drift_0p1_noise0p25_s5_a0p2_b0p7,42,drift,0.1,0.25,5,0.2,crp,1.750919109169235,1.8154061964390051,1.6900823210803313,2.498242699555715,2.766426926313108,0.7
full_seed42_drift_0p1_noise0p25_s5_a0p3_b0p8,42,drift,0.1,0.25,5,0.3,fpr_owa,1.7656647976945776,1.8313428892170025,1.736099880157009,2.4929046761809115,2.754470971714729,0.8
full_seed42_drift_0p1_noise0p25_s5_a0p3_b0p8,42,drift,0.1,0.25,5,0.3,crp,1.762879505631455,1.8305644281854552,1.7161598984634852,2.5054429131625677,2.754470971714729,0.8
full_seed42_drift_0p1_noise0p25_s9_a0p2_b0p7,42,drift,0.1,0.25,9,0.2,fpr_owa,1.7431117498951982,1.799423416433144,1.642557651201923,2.442243124287946,2.6593326846511403,0.7
full_seed42_drift_0p1_noise0p25_s9_a0p2_b0p7,42,drift,0.1,0.25,9,0.2,crp,1.7478146242629882,1.8070102827433083,1.6542192657601755,2.448691003494057,2.677071038816332,0.7
full_seed42_drift_0p1_noise0p25_s9_a0p3_b0p8,42,drift,0.1,0.25,9,0.3,fpr_owa,1.7362162582954617,1.803459228107448,1.6404274990384038,2.4576889346624657,2.6370559037383408,0.8
full_seed42_drift_0p1_noise0p25_s9_a0p3_b0p8,42,drift,0.1,0.25,9,0.3,crp,1.7378286959594105,1.8069240547164056,1.6404274990384038,2.478637301783438,2.630063848754728,0.8
full_seed42_drift_0p1_noise0p5_s13_a0p2_b0p7,42,drift,0.1,0.5,13,0.2,fpr_owa,1.2355489533070712,1.3049510790888257,1.2358488337143674,1.934444230721824,2.401754025315733,0.7
full_seed42_drift_0p1_noise0p5_s13_a0p2_b0p7,42,drift,0.1,0.5,13,0.2,crp,1.3497332515754494,1.440233216062044,1.325030995695745,2.187230090866554,2.94392513861199,0.7
full_seed42_drift_0p1_noise0p5_s13_a0p3_b0p8,42,drift,0.1,0.5,13,0.3,fpr_owa,1.3623023363980271,1.453901783531653,1.3193847648204595,2.1851782792133934,2.487182695732886,0.8
full_seed42_drift_0p1_noise0p5_s13_a0p3_b0p8,42,drift,0.1,0.5,13,0.3,crp,1.454632762747571,1.5606713347041077,1.4011196960140335,2.38683507595512,2.9418395234337917,0.8
full_seed42_drift_0p1_noise0p5_s5_a0p2_b0p7,42,drift,0.1,0.5,5,0.2,fpr_owa,1.7663549785759736,1.835242703992113,1.7353897935097486,2.5297316606163123,3.0735129337104823,0.7
full_seed42_drift_0p1_noise0p5_s5_a0p2_b0p7,42,drift,0.1,0.5,5,0.2,crp,1.7476247049529303,1.8164450216378187,1.752183367507019,2.537587741601228,3.0281323556913127,0.7
full_seed42_drift_0p1_noise0p5_s5_a0p3_b0p8,42,drift,0.1,0.5,5,0.3,fpr_owa,1.7690730180982104,1.8388569143154083,1.7445279805006293,2.59181469592718,3.1350957762386087,0.8
full_seed42_drift_0p1_noise0p5_s5_a0p3_b0p8,42,drift,0.1,0.5,5,0.3,crp,1.7531750319570925,1.8287025008503928,1.7662178708199523,2.616400340353704,3.022361273473713,0.8
full_seed42_drift_0p1_noise0p5_s9_a0p2_b0p7,42,drift,0.1,0.5,9,0.2,fpr_owa,1.7252997896972515,1.7937797736542385,1.6912576685429666,2.5177534013898226,2.913077083781724,0.7
full_seed42_drift_0p1_noise0p5_s9_a0p2_b0p7,42,drift,0.1,0.5,9,0.2,crp,1.7309781639300204,1.7988035410498082,1.6795375816195046,2.4985882878675656,2.7732476705860205,0.7
full_seed42_drift_0p1_noise0p5_s9_a0p3_b0p8,42,drift,0.1,0.5,9,0.3,fpr_owa,1.7130605034657196,1.7848534725619138,1.6850295753738282,2.515096673974577,2.8112617669113744,0.8
full_seed42_drift_0p1_noise0p5_s9_a0p3_b0p8,42,drift,0.1,0.5,9,0.3,crp,1.7189316511663777,1.7896096348477455,1.686877657593108,2.5093048507905613,2.780846904084026,0.8
full_seed42_drift_0p2_noise0p1_s13_a0p2_b0p7,42,drift,0.2,0.1,13,0.2,fpr_owa,1.1252852319811244,1.1888628386673104,1.0655175862227275,1.6793514072210636,2.392341280842243,0.7
full_seed42_drift_0p2_noise0p1_s13_a0p2_b0p7,42,drift,0.2,0.1,13,0.2,crp,1.0998074985025332,1.165340805559528,1.0655175862227275,1.6593407380943943,2.47598069342934,0.7
full_seed42_drift_0p2_noise0p1_s13_a0p3_b0p8,42,drift,0.2,0.1,13,0.3,fpr_owa,1.358360632579254,1.459158862755774,1.2712924678959194,2.12171897698499,2.895508057965312,0.8
full_seed42_drift_0p2_noise0p1_s13_a0p3_b0p8,42,drift,0.2,0.1,13,0.3,crp,1.3308734062374887,1.4330319275948054,1.2712924678959194,2.106422414513001,2.980387608794042,0.8
full_seed42_drift_0p2_noise0p1_s5_a0p2_b0p7,42,drift,0.2,0.1,5,0.2,fpr_owa,1.7503821570696136,1.816141230967749,1.6698305173938834,2.4516328419517683,2.5842589830122704,0.7
full_seed42_drift_0p2_noise0p1_s5_a0p2_b0p7,42,drift,0.2,0.1,5,0.2,crp,1.7550318126272126,1.8228010477987584,1.6853354625905013,2.4878959573190524,2.645751217767561,0.7
full_seed42_drift_0p2_noise0p1_s5_a0p3_b0p8,42,drift,0.2,0.1,5,0.3,fpr_owa,1.776859849521493,1.8448298559321357,1.6989770410438605,2.46091201989062,2.5635217374720267,0.8
full_seed42_drift_0p2_noise0p1_s5_a0p3_b0p8,42,drift,0.2,0.1,5,0.3,crp,1.7769979798389954,1.847130778353636,1.7122037172921027,2.462114122774221,2.6002655573153413,0.8
full_seed42_drift_0p2_noise0p1_s9_a0p2_b0p7,42,drift,0.2,0.1,9,0.2,fpr_owa,1.7773127075419788,1.8374171109718136,1.6392653510968147,2.514463872013983,2.936152900038896,0.7
full_seed42_drift_0p2_noise0p1_s9_a0p2_b0p7,42,drift,0.2,0.1,9,0.2,crp,1.786361934708533,1.847994684810878,1.649234720744012,2.5682644060122213,2.971396023604428,0.7
full_seed42_drift_0p2_noise0p1_s9_a0p3_b0p8,42,drift,0.2,0.1,9,0.3,fpr_owa,1.747950122294725,1.8158190342056009,1.6444697530506982,2.4906301135806075,2.608036070498313,0.8
full_seed42_drift_0p2_noise0p1_s9_a0p3_b0p8,42,drift,0.2,0.1,9,0.3,crp,1.7507594848778905,1.819695851825706,1.6577641641248309,2.4940150724153174,2.6133436968660884,0.8
full_seed42_drift_0p2_noise0p25_s13_a0p2_b0p7,42,drift,0.2,0.25,13,0.2,fpr_owa,1.165895519652159,1.2382727659078765,1.1082649045971726,1.801369094992901,2.522303177104425,0.7
full_seed42_drift_0p2_noise0p25_s13_a0p2_b0p7,42,drift,0.2,0.25,13,0.2,crp,1.1534973981150285,1.229545649594551,1.1480335359740936,1.801536174869924,2.3911782743970744,0.7
full_seed42_drift_0p2_noise0p25_s13_a0p3_b0p8,42,drift,0.2,0.25,13,0.3,fpr_owa,1.3415741386785431,1.444854994376655,1.2086833279560043,2.1740517864110043,2.495259884476165,0.8
full_seed42_drift_0p2_noise0p25_s13_a0p3_b0p8,42,drift,0.2,0.25,13,0.3,crp,1.3355892102886224,1.4491205014469033,1.226656538936857,2.178550726627775,2.779309804487582,0.8
full_seed42_drift_0p2_noise0p25_s5_a0p2_b0p7,42,drift,0.2,0.25,5,0.2,fpr_owa,1.7647568570234986,1.8300367851627013,1.702503771956943,2.523964319934433,2.850988966388431,0.7
full_seed42_drift_0p2_noise0p25_s5_a0p2_b0p7,42,drift,0.2,0.25,5,0.2,crp,1.7731127428169056,1.838571613883071,1.7393832253681103,2.5315388334246847,2.850988966388431,0.7
full_seed42_drift_0p2_noise0p25_s5_a0p3_b0p8,42,drift,0.2,0.25,5,0.3,fpr_owa,1.781231866543491,1.8469728394285725,1.7417666817792092,2.5052618729211584,2.756556812026778,0.8
full_seed42_drift_0p2_noise0p25_s5_a0p3_b0p8,42,drift,0.2,0.25,5,0.3,crp,1.7774958946259738,1.8465001596028403,1.722041963526121,2.513660026255522,2.756556812026778,0.8
full_seed42_drift_0p2_noise0p25_s9_a0p2_b0p7,42,drift,0.2,0.25,9,0.2,fpr_owa,1.7773510200014044,1.8458223377318348,1.6846790944321048,2.5927583654578323,3.028934659745312,0.7
full_seed42_drift_0p2_noise0p25_s9_a0p2_b0p7,42,drift,0.2,0.25,9,0.2,crp,1.7872686225290304,1.8562848763179052,1.6983259650007327,2.612781714127101,3.028934659745312,0.7
full_seed42_drift_0p2_noise0p25_s9_a0p3_b0p8,42,drift,0.2,0.25,9,0.3,fpr_owa,1.743223849287835,1.810725987985208,1.684795930458319,2.451714906738192,2.6370559037383408,0.8
full_seed42_drift_0p2_noise0p25_s9_a0p3_b0p8,42,drift,0.2,0.25,9,0.3,crp,1.7450442402244235,1.8161966887878995,1.6912061551938886,2.49526808837968,2.6736057585662785,0.8
full_seed42_drift_0p2_noise0p5_s13_a0p2_b0p7,42,drift,0.2,0.5,13,0.2,fpr_owa,1.256226081959131,1.3299908752770524,1.2162461128644324,1.999446833774492,2.5803170510196183,0.7
full_seed42_drift_0p2_noise0p5_s13_a0p2_b0p7,42,drift,0.2,0.5,13,0.2,crp,1.3360215427560225,1.4472491979602065,1.3093037198879398,2.187230090866554,3.754848471756653,0.7
full_seed42_drift_0p2_noise0p5_s13_a0p3_b0p8,42,drift,0.2,0.5,13,0.3,fpr_owa,1.3388440967231536,1.4322373824289103,1.2391472456531365,2.2141341129157115,2.65201300238072,0.8
full_seed42_drift_0p2_noise0p5_s13_a0p3_b0p8,42,drift,0.2,0.5,13,0.3,crp,1.411940517244872,1.5456324672882176,1.3169109238130965,2.437393356688209,4.212529843128119,0.8
full_seed42_drift_0p2_noise0p5_s5_a0p2_b0p7,42,drift,0.2,0.5,5,0.2,fpr_owa,1.7781539372994797,1.849608198121878,1.7518504058535145,2.6118747209267705,3.084050978142937,0.7
full_seed42_drift_0p2_noise0p5_s5_a0p2_b0p7,42,drift,0.2,0.5,5,0.2,crp,1.7761477341202536,1.846135998540697,1.803007687632904,2.572360007477514,3.0067247360696467,0.7
full_seed42_drift_0p2_noise0p5_s5_a0p3_b0p8,42,drift,0.2,0.5,5,0.3,fpr_owa,1.798236665122615,1.868806192380662,1.7838804576919776,2.619289251465268,3.198894511330279,0.8
full_seed42_drift_0p2_noise0p5_s5_a0p3_b0p8,42,drift,0.2,0.5,5,0.3,crp,1.7807341135686594,1.8574143291572969,1.7956954112943126,2.619289251465268,3.07973206979758,0.8
full_seed42_drift_0p2_noise0p5_s9_a0p2_b0p7,42,drift,0.2,0.5,9,0.2,fpr_owa,1.7619820302063018,1.840458582746016,1.7107303874945523,2.627801050189914,3.121637878106428,0.7
full_seed42_drift_0p2_noise0p5_s9_a0p2_b0p7,42,drift,0.2,0.5,9,0.2,crp,1.7617940579119258,1.837781254858776,1.71524428819798,2.6227151897500462,3.0646896262992294,0.7
full_seed42_drift_0p2_noise0p5_s9_a0p3_b0p8,42,drift,0.2,0.5,9,0.3,fpr_owa,1.7191271300338633,1.7905013191676822,1.6974061844813462,2.53363018479898,2.8112617669113744,0.8
full_seed42_drift_0p2_noise0p5_s9_a0p3_b0p8,42,drift,0.2,0.5,9,0.3,crp,1.7329953963196505,1.8040477441788,1.7058348114399045,2.5266313896558947,2.780846904084026,0.8
full_seed42_drift_0p3_noise0p1_s13_a0p2_b0p7,42,drift,0.3,0.1,13,0.2,fpr_owa,1.2011502536584755,1.2734431939703577,1.107588007528136,1.8355238507549725,2.9014350685609864,0.7
full_seed42_drift_0p3_noise0p1_s13_a0p2_b0p7,42,drift,0.3,0.1,13,0.2,crp,1.1583403526107034,1.227572003668418,1.0948298060141974,1.743165028360429,2.9014350685609864,0.7
full_seed42_drift_0p3_noise0p1_s13_a0p3_b0p8,42,drift,0.3,0.1,13,0.3,fpr_owa,1.373884691293359,1.4994406942668976,1.2712924678959194,2.244307435474464,3.3981154500790347,0.8
full_seed42_drift_0p3_noise0p1_s13_a0p3_b0p8,42,drift,0.3,0.1,13,0.3,crp,1.3327358369626898,1.465658114321824,1.2648915780059458,2.171866914870705,3.3981154500790347,0.8
full_seed42_drift_0p3_noise0p1_s5_a0p2_b0p7,42,drift,0.3,0.1,5,0.2,fpr_owa,1.9195001672930507,2.016892789242976,1.7831295311823836,3.1622070677820133,3.514614636168067,0.7
full_seed42_drift_0p3_noise0p1_s5_a0p2_b0p7,42,drift,0.3,0.1,5,0.2,crp,1.9368175893354111,2.0359041906990063,1.81077958983768,3.194664380850017,3.514614636168067,0.7
full_seed42_drift_0p3_noise0p1_s5_a0p3_b0p8,42,drift,0.3,0.1,5,0.3,fpr_owa,1.869537136978365,1.944054947141422,1.8305841230448885,2.7400953674321475,3.011504139653784,0.8
full_seed42_drift_0p3_noise0p1_s5_a0p3_b0p8,42,drift,0.3,0.1,5,0.3,crp,1.8898191596340144,1.9701394492450823,1.8630689780354537,2.767435991286847,3.390853777304088,0.8
full_seed42_drift_0p3_noise0p1_s9_a0p2_b0p7,42,drift,0.3,0.1,9,0.2,fpr_owa,1.8792904702115305,1.9517998555799287,1.804833326982194,2.966877476297653,3.58127354132055,0.7
full_seed42_drift_0p3_noise0p1_s9_a0p2_b0p7,42,drift,0.3,0.1,9,0.2,crp,1.8862573987181288,1.9646285802014047,1.804632871416049,3.122817398561625,3.640352165201701,0.7
full_seed42_drift_0p3_noise0p1_s9_a0p3_b0p8,42,drift,0.3,0.1,9,0.3,fpr_owa,1.8084034048347568,1.885034639438513,1.7565070290707725,2.669822974145314,3.0633757858575588,0.8
full_seed42_drift_0p3_noise0p1_s9_a0p3_b0p8,42,drift,0.3,0.1,9,0.3,crp,1.812881494536111,1.89319259983752,1.7136859173682386,2.7295786439585448,3.255052924991763,0.8
full_seed42_drift_0p3_noise0p25_s13_a0p2_b0p7,42,drift,0.3,0.25,13,0.2,fpr_owa,1.2443583285125888,1.3249505966500277,1.1736952330107069,1.9039756648530208,2.8638416386428864,0.7
full_seed42_drift_0p3_noise0p25_s13_a0p2_b0p7,42,drift,0.3,0.25,13,0.2,crp,1.2206454454380322,1.3133943267490853,1.170827596996588,1.9308861230104968,2.9106284185518225,0.7
full_seed42_drift_0p3_noise0p25_s13_a0p3_b0p8,42,drift,0.3,0.25,13,0.3,fpr_owa,1.371794570560991,1.5000248168869896,1.258882842588787,2.2991014279445188,3.345104830841781,0.8
full_seed42_drift_0p3_noise0p25_s13_a0p3_b0p8,42,drift,0.3,0.25,13,0.3,crp,1.3465918761145252,1.4860645782709805,1.2846086317431382,2.260515040302255,3.289414846560493,0.8
full_seed42_drift_0p3_noise0p25_s5_a0p2_b0p7,42,drift,0.3,0.25,5,0.2,fpr_owa,1.92292936654754,2.018092930084662,1.7892344819246513,3.144716781025388,3.555349114159853,0.7
full_seed42_drift_0p3_noise0p25_s5_a0p2_b0p7,42,drift,0.3,0.25,5,0.2,crp,1.9246814973804536,2.0174293620803447,1.827041662969605,3.144716781025388,3.555349114159853,0.7
full_seed42_drift_0p3_noise0p25_s5_a0p3_b0p8,42,drift,0.3,0.25,5,0.3,fpr_owa,1.8663101167107845,1.9395459855306816,1.842533562992995,2.6853809243765103,3.131400544807105,0.8
full_seed42_drift_0p3_noise0p25_s5_a0p3_b0p8,42,drift,0.3,0.25,5,0.3,crp,1.872257194295469,1.950134122444334,1.842533562992995,2.7253405893249165,3.3701372781820966,0.8
full_seed42_drift_0p3_noise0p25_s9_a0p2_b0p7,42,drift,0.3,0.25,9,0.2,fpr_owa,1.880216144022761,1.959047680210607,1.840663198176436,2.9884458655285204,3.57267888294813,0.7
full_seed42_drift_0p3_noise0p25_s9_a0p2_b0p7,42,drift,0.3,0.25,9,0.2,crp,1.8788196813055729,1.96190274495838,1.8516565762625736,2.995756794629518,3.594473417175356,0.7
full_seed42_drift_0p3_noise0p25_s9_a0p3_b0p8,42,drift,0.3,0.25,9,0.3,fpr_owa,1.818563719339504,1.894077305142412,1.7534529551369236,2.661259458789532,3.056566501191333,0.8
full_seed42_drift_0p3_noise0p25_s9_a0p3_b0p8,42,drift,0.3,0.25,9,0.3,crp,1.8207100297407,1.9006009292077763,1.759430866771052,2.723835465607355,3.164801416156049,0.8
full_seed42_drift_0p3_noise0p5_s13_a0p2_b0p7,42,drift,0.3,0.5,13,0.2,fpr_owa,1.327165460961369,1.4104236945844784,1.27557374755309,2.118972214499415,3.080444799079857,0.7
full_seed42_drift_0p3_noise0p5_s13_a0p2_b0p7,42,drift,0.3,0.5,13,0.2,crp,1.409797995576049,1.5465525609814177,1.3370521259070447,2.502404081388867,3.906096558947148,0.7
full_seed42_drift_0p3_noise0p5_s13_a0p3_b0p8,42,drift,0.3,0.5,13,0.3,fpr_owa,1.3966598898521032,1.5028423062577592,1.2735428064626213,2.3425832875082584,3.2521097273957404,0.8
full_seed42_drift_0p3_noise0p5_s13_a0p3_b0p8,42,drift,0.3,0.5,13,0.3,crp,1.4704696690483776,1.6259887840905922,1.3784480169233395,2.6021019155494014,3.917744765167419,0.8
full_seed42_drift_0p3_noise0p5_s5_a0p2_b0p7,42,drift,0.3,0.5,5,0.2,fpr_owa,1.9265080000203347,2.024716422899284,1.867804636116376,3.0868147571690763,3.695986578414569,0.7
full_seed42_drift_0p3_noise0p5_s5_a0p2_b0p7,42,drift,0.3,0.5,5,0.2,crp,1.920839533400759,2.01518143185422,1.8726863746240987,2.935507608252139,4.6522354005680135,0.7
full_seed42_drift_0p3_noise0p5_s5_a0p3_b0p8,42,drift,0.3,0.5,5,0.3,fpr_owa,1.8827817032179197,1.960421702481156,1.8768362745597988,2.74485948029122,3.562697195774893,0.8
full_seed42_drift_0p3_noise0p5_s5_a0p3_b0p8,42,drift,0.3,0.5,5,0.3,crp,1.8880062928343089,1.9833351639324404,1.8817457039198209,2.74485948029122,5.07100067620426,0.8
full_seed42_drift_0p3_noise0p5_s9_a0p2_b0p7,42,drift,0.3,0.5,9,0.2,fpr_owa,1.8769991959301515,1.9678330718457429,1.8293962291086376,2.9141247711013456,3.770715108190673,0.7
full_seed42_drift_0p3_noise0p5_s9_a0p2_b0p7,42,drift,0.3,0.5,9,0.2,crp,1.8657351903412007,1.965351649604961,1.8234145026753457,2.9968497993620438,4.145795615856147,0.7
full_seed42_drift_0p3_noise0p5_s9_a0p3_b0p8,42,drift,0.3,0.5,9,0.3,fpr_owa,1.8042305533419063,1.8850678469617663,1.776021167228357,2.7273297184419536,3.5388804423456803,0.8
full_seed42_drift_0p3_noise0p5_s9_a0p3_b0p8,42,drift,0.3,0.5,9,0.3,crp,1.8175212164614816,1.907786897938332,1.762811208826963,2.712182164169203,3.8544218086950313,0.8
full_seed42_drift_0p4_noise0p1_s13_a0p2_b0p7,42,drift,0.4,0.1,13,0.2,fpr_owa,1.3123955934446412,1.392199120556887,1.2280796312120177,1.9442663167470116,3.055701243261414,0.7
full_seed42_drift_0p4_noise0p1_s13_a0p2_b0p7,42,drift,0.4,0.1,13,0.2,crp,1.2685169440049582,1.3474770998527348,1.179416738452384,1.993723290979773,3.0332345962943568,0.7
full_seed42_drift_0p4_noise0p1_s13_a0p3_b0p8,42,drift,0.4,0.1,13,0.3,fpr_owa,1.4830549802617232,1.6086350498618824,1.354785414053491,2.383321975219717,3.790423142386728,0.8
full_seed42_drift_0p4_noise0p1_s13_a0p3_b0p8,42,drift,0.4,0.1,13,0.3,crp,1.4323690714193302,1.5666884949546724,1.3258369242543724,2.375448936947654,3.790423142386728,0.8
full_seed42_drift_0p4_noise0p1_s5_a0p2_b0p7,42,drift,0.4,0.1,5,0.2,fpr_owa,1.9195001672930507,2.016892789242976,1.7831295311823836,3.1622070677820133,3.514614636168067,0.7
full_seed42_drift_0p4_noise0p1_s5_a0p2_b0p7,42,drift,0.4,0.1,5,0.2,crp,1.9368175893354111,2.0359041906990063,1.81077958983768,3.194664380850017,3.514614636168067,0.7
full_seed42_drift_0p4_noise0p1_s5_a0p3_b0p8,42,drift,0.4,0.1,5,0.3,fpr_owa,1.869537136978365,1.944054947141422,1.8305841230448885,2.7400953674321475,3.011504139653784,0.8
full_seed42_drift_0p4_noise0p1_s5_a0p3_b0p8,42,drift,0.4,0.1,5,0.3,crp,1.8898191596340144,1.9701394492450823,1.8630689780354537,2.767435991286847,3.390853777304088,0.8
full_seed42_drift_0p4_noise0p1_s9_a0p2_b0p7,42,drift,0.4,0.1,9,0.2,fpr_owa,2.0504400811848544,2.16695987380575,1.9848470764744317,3.69839078693206,4.030293443611209,0.7
full_seed42_drift_0p4_noise0p1_s9_a0p2_b0p7,42,drift,0.4,0.1,9,0.2,crp,2.0418523908071133,2.157278791104679,1.9617954614722453,3.7612684517090234,4.030293443611209,0.7
full_seed42_drift_0p4_noise0p1_s9_a0p3_b0p8,42,drift,0.4,0.1,9,0.3,fpr_owa,1.961041831104768,2.062123865781196,1.8881550475035744,3.2960714615548663,3.640548324190904,0.8
full_seed42_drift_0p4_noise0p1_s9_a0p3_b0p8,42,drift,0.4,0.1,9,0.3,crp,1.9577521658221155,2.0626720030546446,1.8758200396862548,3.3106965076721573,3.812997553560421,0.8
full_seed42_drift_0p4_noise0p25_s13_a0p2_b0p7,42,drift,0.4,0.25,13,0.2,fpr_owa,1.3667803525306956,1.4689172336261846,1.300519029437425,2.458968369282188,3.4342977437115256,0.7
full_seed42_drift_0p4_noise0p25_s13_a0p2_b0p7,42,drift,0.4,0.25,13,0.2,crp,1.3423689309279223,1.4557075866035178,1.290534442447885,2.2811614525786954,3.465946524769834,0.7
full_seed42_drift_0p4_noise0p25_s13_a0p3_b0p8,42,drift,0.4,0.25,13,0.3,fpr_owa,1.4824760191828048,1.6212642542769216,1.35701088173814,2.447772179371352,3.6610475496648536,0.8
full_seed42_drift_0p4_noise0p25_s13_a0p3_b0p8,42,drift,0.4,0.25,13,0.3,crp,1.4594078597954996,1.6256438811354137,1.356801928454526,2.49170198193651,3.781491208607555,0.8
full_seed42_drift_0p4_noise0p25_s5_a0p2_b0p7,42,drift,0.4,0.25,5,0.2,fpr_owa,1.92292936654754,2.018092930084662,1.7892344819246513,3.144716781025388,3.555349114159853,0.7
full_seed42_drift_0p4_noise0p25_s5_a0p2_b0p7,42,drift,0.4,0.25,5,0.2,crp,1.9246814973804536,2.0174293620803447,1.827041662969605,3.144716781025388,3.555349114159853,0.7
full_seed42_drift_0p4_noise0p25_s5_a0p3_b0p8,42,drift,0.4,0.25,5,0.3,fpr_owa,1.8663101167107845,1.9395459855306816,1.842533562992995,2.6853809243765103,3.131400544807105,0.8
full_seed42_drift_0p4_noise0p25_s5_a0p3_b0p8,42,drift,0.4,0.25,5,0.3,crp,1.872257194295469,1.950134122444334,1.842533562992995,2.7253405893249165,3.3701372781820966,0.8
full_seed42_drift_0p4_noise0p25_s9_a0p2_b0p7,42,drift,0.4,0.25,9,0.2,fpr_owa,2.0396148092447794,2.1657855509795185,1.9582519722499356,3.742007669754996,4.280413113542699,0.7
full_seed42_drift_0p4_noise0p25_s9_a0p2_b0p7,42,drift,0.4,0.25,9,0.2,crp,2.039375471555348,2.170437110084793,1.960297284292659,3.761876093144744,4.301417959482708,0.7
full_seed42_drift_0p4_noise0p25_s9_a0p3_b0p8,42,drift,0.4,0.25,9,0.3,fpr_owa,1.9586684628892923,2.0584918807345125,1.8989948442802904,3.3087010708978224,3.644836384395149,0.8
full_seed42_drift_0p4_noise0p25_s9_a0p3_b0p8,42,drift,0.4,0.25,9,0.3,crp,1.9780835244832755,2.0960138316582078,1.904446594442477,3.3179200813286216,4.4029894901059405,0.8
full_seed42_drift_0p4_noise0p5_s13_a0p2_b0p7,42,drift,0.4,0.5,13,0.2,fpr_owa,1.4353168199890978,1.547769003982285,1.3505858336668992,2.55277816527753,3.569152593834672,0.7
full_seed42_drift_0p4_noise0p5_s13_a0p2_b0p7,42,drift,0.4,0.5,13,0.2,crp,1.518771527108464,1.6861174338670186,1.4110383882371935,2.8850883017946423,4.271004585695568,0.7
full_seed42_drift_0p4_noise0p5_s13_a0p3_b0p8,42,drift,0.4,0.5,13,0.3,fpr_owa,1.4886599880029157,1.6231450879361904,1.334557410715508,2.584148189952953,3.8899918880168194,0.8
full_seed42_drift_0p4_noise0p5_s13_a0p3_b0p8,42,drift,0.4,0.5,13,0.3,crp,1.5910738999952203,1.8023142568888624,1.426773504990439,3.414886797584135,4.41614429467689,0.8
full_seed42_drift_0p4_noise0p5_s5_a0p2_b0p7,42,drift,0.4,0.5,5,0.2,fpr_owa,1.9265080000203347,2.024716422899284,1.867804636116376,3.0868147571690763,3.695986578414569,0.7
full_seed42_drift_0p4_noise0p5_s5_a0p2_b0p7,42,drift,0.4,0.5,5,0.2,crp,1.920839533400759,2.01518143185422,1.8726863746240987,2.935507608252139,4.6522354005680135,0.7
full_seed42_drift_0p4_noise0p5_s5_a0p3_b0p8,42,drift,0.4,0.5,5,0.3,fpr_owa,1.8827817032179197,1.960421702481156,1.8768362745597988,2.74485948029122,3.562697195774893,0.8
full_seed42_drift_0p4_noise0p5_s5_a0p3_b0p8,42,drift,0.4,0.5,5,0.3,crp,1.8880062928343089,1.9833351639324404,1.8817457039198209,2.74485948029122,5.07100067620426,0.8
full_seed42_drift_0p4_noise0p5_s9_a0p2_b0p7,42,drift,0.4,0.5,9,0.2,fpr_owa,2.001017249287769,2.1295032109915795,1.9127847447424964,3.5341330757999296,4.332912279892419,0.7
full_seed42_drift_0p4_noise0p5_s9_a0p2_b0p7,42,drift,0.4,0.5,9,0.2,crp,1.98598617394718,2.115892294825044,1.8999085170838783,3.4731958011142616,4.491309724835197,0.7
full_seed42_drift_0p4_noise0p5_s9_a0p3_b0p8,42,drift,0.4,0.5,9,0.3,fpr_owa,1.93584788109738,2.0442493807375555,1.8428647933559323,3.2471133417747304,4.015586363398339,0.8
full_seed42_drift_0p4_noise0p5_s9_a0p3_b0p8,42,drift,0.4,0.5,9,0.3,crp,1.95597717496726,2.0919250987857074,1.8418525402935348,3.1326126186430105,4.951005715691754,0.8
full_seed42_freeze_0p0_noise0p1_s13_a0p2_b0p7,42,freeze,0.0,0.1,13,0.2,fpr_owa,1.204747239572172,1.2494632978305504,1.1889131152852903,1.6246678019843126,1.7409750298089346,0.7
full_seed42_freeze_0p0_noise0p1_s13_a0p2_b0p7,42,freeze,0.0,0.1,13,0.2,crp,1.191486461705108,1.2376957719949433,1.179416738452384,1.623294960121627,1.7409750298089346,0.7
full_seed42_freeze_0p0_noise0p1_s13_a0p3_b0p8,42,freeze,0.0,0.1,13,0.3,fpr_owa,1.4630984710557349,1.53918642759298,1.413795553401175,2.075003842309166,2.180546407161522,0.8
full_seed42_freeze_0p0_noise0p1_s13_a0p3_b0p8,42,freeze,0.0,0.1,13,0.3,crp,1.4467631249982298,1.527842645203252,1.413795553401175,2.06249096556313,2.180546407161522,0.8
full_seed42_freeze_0p0_noise0p1_s5_a0p2_b0p7,42,freeze,0.0,0.1,5,0.2,fpr_owa,1.7659881470137384,1.8341841107834416,1.6422287024709643,2.4841127883853624,2.582175321874684,0.7
full_seed42_freeze_0p0_noise0p1_s5_a0p2_b0p7,42,freeze,0.0,0.1,5,0.2,crp,1.762177388325051,1.8306894776164424,1.6363627809129733,2.4878959573190524,2.582175321874684,0.7
full_seed42_freeze_0p0_noise0p1_s5_a0p3_b0p8,42,freeze,0.0,0.1,5,0.3,fpr_owa,1.7701030429409303,1.8429993973058765,1.6794693923244517,2.462546527583412,2.5635217374720267,0.8
full_seed42_freeze_0p0_noise0p1_s5_a0p3_b0p8,42,freeze,0.0,0.1,5,0.3,crp,1.7664736230962712,1.840514815031225,1.6693238918184492,2.462546527583412,2.6002655573153413,0.8
full_seed42_freeze_0p0_noise0p1_s9_a0p2_b0p7,42,freeze,0.0,0.1,9,0.2,fpr_owa,1.7673726147488216,1.820046874004744,1.6165328076382752,2.410040800315646,2.5120531370564776,0.7
full_seed42_freeze_0p0_noise0p1_s9_a0p2_b0p7,42,freeze,0.0,0.1,9,0.2,crp,1.7714513101034646,1.8253330804474044,1.6075273062567,2.428746151480345,2.606538732047753,0.7
full_seed42_freeze_0p0_noise0p1_s9_a0p3_b0p8,42,freeze,0.0,0.1,9,0.3,fpr_owa,1.7371656879270818,1.8102685437459043,1.5684284081958748,2.4840048378615034,2.6013060237435366,0.8
full_seed42_freeze_0p0_noise0p1_s9_a0p3_b0p8,42,freeze,0.0,0.1,9,0.3,crp,1.736109557417256,1.8095870912974397,1.5684284081958748,2.4876604605738963,2.6133436968660884,0.8
full_seed42_freeze_0p0_noise0p25_s13_a0p2_b0p7,42,freeze,0.0,0.25,13,0.2,fpr_owa,1.2239519384539213,1.2817026770540818,1.205182468431389,1.760113942280174,2.024275092535646,0.7
full_seed42_freeze_0p0_noise0p25_s13_a0p2_b0p7,42,freeze,0.0,0.25,13,0.2,crp,1.228143085224447,1.2918372032148613,1.2215950779880556,1.8098277495831048,2.192575520904943,0.7
full_seed42_freeze_0p0_noise0p25_s13_a0p3_b0p8,42,freeze,0.0,0.25,13,0.3,fpr_owa,1.4230427131961676,1.5184860649784044,1.3737965524029805,2.155221273762169,2.39418818999486,0.8
full_seed42_freeze_0p0_noise0p25_s13_a0p3_b0p8,42,freeze,0.0,0.25,13,0.3,crp,1.434192939484608,1.537043841999057,1.3925552022650534,2.19196716199457,2.491622044843885,0.8
full_seed42_freeze_0p0_noise0p25_s5_a0p2_b0p7,42,freeze,0.0,0.25,5,0.2,fpr_owa,1.7534629815201763,1.8176348178843071,1.6702733419829094,2.498835294561254,2.766426926313108,0.7
full_seed42_freeze_0p0_noise0p25_s5_a0p2_b0p7,42,freeze,0.0,0.25,5,0.2,crp,1.750919109169235,1.8154061964390051,1.6900823210803313,2.498242699555715,2.766426926313108,0.7
full_seed42_freeze_0p0_noise0p25_s5_a0p3_b0p8,42,freeze,0.0,0.25,5,0.3,fpr_owa,1.7656647976945776,1.8313428892170025,1.736099880157009,2.4929046761809115,2.754470971714729,0.8
full_seed42_freeze_0p0_noise0p25_s5_a0p3_b0p8,42,freeze,0.0,0.25,5,0.3,crp,1.762879505631455,1.8305644281854552,1.7161598984634852,2.5054429131625677,2.754470971714729,0.8
full_seed42_freeze_0p0_noise0p25_s9_a0p2_b0p7,42,freeze,0.0,0.25,9,0.2,fpr_owa,1.7426996887661814,1.8000693487288324,1.6339637308116035,2.423123977132854,2.6593326846511403,0.7
full_seed42_freeze_0p0_noise0p25_s9_a0p2_b0p7,42,freeze,0.0,0.25,9,0.2,crp,1.7484486807812436,1.8083113354429756,1.6317921287252473,2.443223640209078,2.673168391044291,0.7
full_seed42_freeze_0p0_noise0p25_s9_a0p3_b0p8,42,freeze,0.0,0.25,9,0.3,fpr_owa,1.7265432730010424,1.7937771837860732,1.6347870467410623,2.443306404915865,2.6370559037383408,0.8
full_seed42_freeze_0p0_noise0p25_s9_a0p3_b0p8,42,freeze,0.0,0.25,9,0.3,crp,1.729064343500987,1.7992915121618167,1.6422004770309964,2.4612275282669507,2.630063848754728,0.8
full_seed42_freeze_0p0_noise0p5_s13_a0p2_b0p7,42,freeze,0.0,0.5,13,0.2,fpr_owa,1.2651689934985595,1.340754609269621,1.2510081640849386,1.9562212874413472,2.5391523953948094,0.7
full_seed42_freeze_0p0_noise0p5_s13_a0p2_b0p7,42,freeze,0.0,0.5,13,0.2,crp,1.3676452851344152,1.4522375873098017,1.3720112990616642,2.172286327021716,2.5764505734208294,0.7
full_seed42_freeze_0p0_noise0p5_s13_a0p3_b0p8,42,freeze,0.0,0.5,13,0.3,fpr_owa,1.367046147538045,1.4636488360017177,1.3150144644377917,2.2460766148079334,2.527203313790653,0.8
full_seed42_freeze_0p0_noise0p5_s13_a0p3_b0p8,42,freeze,0.0,0.5,13,0.3,crp,1.4643519133953589,1.5679240217709387,1.4013959216001046,2.361975777764385,2.6107952089366337,0.8
full_seed42_freeze_0p0_noise0p5_s5_a0p2_b0p7,42,freeze,0.0,0.5,5,0.2,fpr_owa,1.7663549785759736,1.835242703992113,1.7353897935097486,2.5297316606163123,3.0735129337104823,0.7
full_seed42_freeze_0p0_noise0p5_s5_a0p2_b0p7,42,freeze,0.0,0.5,5,0.2,crp,1.7476247049529303,1.8164450216378187,1.752183367507019,2.537587741601228,3.0281323556913127,0.7
full_seed42_freeze_0p0_noise0p5_s5_a0p3_b0p8,42,freeze,0.0,0.5,5,0.3,fpr_owa,1.7690730180982104,1.8388569143154083,1.7445279805006293,2.59181469592718,3.1350957762386087,0.8
full_seed42_freeze_0p0_noise0p5_s5_a0p3_b0p8,42,freeze,0.0,0.5,5,0.3,crp,1.7531750319570925,1.8287025008503928,1.7662178708199523,2.616400340353704,3.022361273473713,0.8
full_seed42_freeze_0p0_noise0p5_s9_a0p2_b0p7,42,freeze,0.0,0.5,9,0.2,fpr_owa,1.7166312646319943,1.7837266978711783,1.6667549411243054,2.4252408629733706,2.913077083781724,0.7
full_seed42_freeze_0p0_noise0p5_s9_a0p2_b0p7,42,freeze,0.0,0.5,9,0.2,crp,1.7104942297752126,1.7791879314311425,1.6387112181433765,2.4711459704104075,2.7732476705860205,0.7
full_seed42_freeze_0p0_noise0p5_s9_a0p3_b0p8,42,freeze,0.0,0.5,9,0.3,fpr_owa,1.6986998747237194,1.770390544901288,1.680218113046028,2.473113970704796,2.8112617669113744,0.8
full_seed42_freeze_0p0_noise0p5_s9_a0p3_b0p8,42,freeze,0.0,0.5,9,0.3,crp,1.700506746090894,1.7740027780973018,1.6522477210922275,2.5266313896558947,2.780846904084026,0.8
full_seed42_freeze_0p1_noise0p1_s13_a0p2_b0p7,42,freeze,0.1,0.1,13,0.2,fpr_owa,1.20304105256363,1.2471895594354097,1.1851258798099051,1.6219311089034232,1.7020144951340084,0.7
full_seed42_freeze_0p1_noise0p1_s13_a0p2_b0p7,42,freeze,0.1,0.1,13,0.2,crp,1.1895696245841274,1.235319843974822,1.1752474865074136,1.6163098615158276,1.7020144951340084,0.7
full_seed42_freeze_0p1_noise0p1_s13_a0p3_b0p8,42,freeze,0.1,0.1,13,0.3,fpr_owa,1.462160630414129,1.5343959578849549,1.4191788862475376,2.0546655857065703,2.180546407161522,0.8
full_seed42_freeze_0p1_noise0p1_s13_a0p3_b0p8,42,freeze,0.1,0.1,13,0.3,crp,1.4463269084216257,1.52326710343386,1.4191788862475376,2.042961246900854,2.180546407161522,0.8
full_seed42_freeze_0p1_noise0p1_s5_a0p2_b0p7,42,freeze,0.1,0.1,5,0.2,fpr_owa,1.7659881470137384,1.8341841107834416,1.6422287024709643,2.4841127883853624,2.582175321874684,0.7
full_seed42_freeze_0p1_noise0p1_s5_a0p2_b0p7,42,freeze,0.1,0.1,5,0.2,crp,1.762177388325051,1.8306894776164424,1.6363627809129733,2.4878959573190524,2.582175321874684,0.7
full_seed42_freeze_0p1_noise0p1_s5_a0p3_b0p8,42,freeze,0.1,0.1,5,0.3,fpr_owa,1.7701030429409303,1.8429993973058765,1.6794693923244517,2.462546527583412,2.5635217374720267,0.8
full_seed42_freeze_0p1_noise0p1_s5_a0p3_b0p8,42,freeze,0.1,0.1,5,0.3,crp,1.7664736230962712,1.840514815031225,1.6693238918184492,2.462546527583412,2.6002655573153413,0.8
full_seed42_freeze_0p1_noise0p1_s9_a0p2_b0p7,42,freeze,0.1,0.1,9,0.2,fpr_owa,1.741899459642022,1.7922349176581904,1.6165328076382752,2.386594367013171,2.5120531370564776,0.7
full_seed42_freeze_0p1_noise0p1_s9_a0p2_b0p7,42,freeze,0.1,0.1,9,0.2,crp,1.744749851100074,1.79636427641401,1.6024151529816182,2.406065900289362,2.606538732047753,0.7
full_seed42_freeze_0p1_noise0p1_s9_a0p3_b0p8,42,freeze,0.1,0.1,9,0.3,fpr_owa,1.7038633481435097,1.7760489741123553,1.538494347797747,2.4477258928356656,2.6013060237435366,0.8
full_seed42_freeze_0p1_noise0p1_s9_a0p3_b0p8,42,freeze,0.1,0.1,9,0.3,crp,1.7028561638099025,1.7754437285271385,1.5435454893325748,2.4523199290241284,2.6133436968660884,0.8
full_seed42_freeze_0p1_noise0p25_s13_a0p2_b0p7,42,freeze,0.1,0.25,13,0.2,fpr_owa,1.220398914016133,1.2799417369808723,1.1978771937259451,1.7628788463443463,1.9289683821883656,0.7
full_seed42_freeze_0p1_noise0p25_s13_a0p2_b0p7,42,freeze,0.1,0.25,13,0.2,crp,1.2200696672326454,1.284459010315579,1.1999304618145952,1.7631709753525453,2.095127523853378,0.7
full_seed42_freeze_0p1_noise0p25_s13_a0p3_b0p8,42,freeze,0.1,0.25,13,0.3,fpr_owa,1.4136875009280705,1.5069743724270142,1.359952936165053,2.135778924085896,2.31606989625212,0.8
full_seed42_freeze_0p1_noise0p25_s13_a0p3_b0p8,42,freeze,0.1,0.25,13,0.3,crp,1.4238602467762822,1.524195142532805,1.3903839201300745,2.146786824565423,2.513053150670128,0.8
full_seed42_freeze_0p1_noise0p25_s5_a0p2_b0p7,42,freeze,0.1,0.25,5,0.2,fpr_owa,1.7534629815201763,1.8176348178843071,1.6702733419829094,2.498835294561254,2.766426926313108,0.7
full_seed42_freeze_0p1_noise0p25_s5_a0p2_b0p7,42,freeze,0.1,0.25,5,0.2,crp,1.750919109169235,1.8154061964390051,1.6900823210803313,2.498242699555715,2.766426926313108,0.7
full_seed42_freeze_0p1_noise0p25_s5_a0p3_b0p8,42,freeze,0.1,0.25,5,0.3,fpr_owa,1.7656647976945776,1.8313428892170025,1.736099880157009,2.4929046761809115,2.754470971714729,0.8
full_seed42_freeze_0p1_noise0p25_s5_a0p3_b0p8,42,freeze,0.1,0.25,5,0.3,crp,1.762879505631455,1.8305644281854552,1.7161598984634852,2.5054429131625677,2.754470971714729,0.8
full_seed42_freeze_0p1_noise0p25_s9_a0p2_b0p7,42,freeze,0.1,0.25,9,0.2,fpr_owa,1.7173279732273854,1.775064038973638,1.6084015860729963,2.389449567153002,2.6593326846511403,0.7
full_seed42_freeze_0p1_noise0p25_s9_a0p2_b0p7,42,freeze,0.1,0.25,9,0.2,crp,1.720103549797734,1.7798348768630303,1.6074303523067526,2.438278697446277,2.673168391044291,0.7
full_seed42_freeze_0p1_noise0p25_s9_a0p3_b0p8,42,freeze,0.1,0.25,9,0.3,fpr_owa,1.6921494283626104,1.7610059408959968,1.610010453512609,2.4413934608501418,2.6370559037383408,0.8
full_seed42_freeze_0p1_noise0p25_s9_a0p3_b0p8,42,freeze,0.1,0.25,9,0.3,crp,1.690494161766569,1.761491276045926,1.610010453512609,2.4526919643897958,2.630063848754728,0.8
full_seed42_freeze_0p1_noise0p5_s13_a0p2_b0p7,42,freeze,0.1,0.5,13,0.2,fpr_owa,1.2486272948216035,1.3240516746704314,1.2358488337143674,1.949382408914542,2.458630239121013,0.7
full_seed42_freeze_0p1_noise0p5_s13_a0p2_b0p7,42,freeze,0.1,0.5,13,0.2,crp,1.3500137168551665,1.4323342987598735,1.3697646257415763,2.141697367306349,2.5764505734208294,0.7
full_seed42_freeze_0p1_noise0p5_s13_a0p3_b0p8,42,freeze,0.1,0.5,13,0.3,fpr_owa,1.342445115234363,1.4379279791045896,1.28540916674761,2.186247841675079,2.487182695732886,0.8
full_seed42_freeze_0p1_noise0p5_s13_a0p3_b0p8,42,freeze,0.1,0.5,13,0.3,crp,1.4361762425594966,1.5348788111400424,1.39007061077979,2.326828685822184,2.6107952089366337,0.8
full_seed42_freeze_0p1_noise0p5_s5_a0p2_b0p7,42,freeze,0.1,0.5,5,0.2,fpr_owa,1.7663549785759736,1.835242703992113,1.7353897935097486,2.5297316606163123,3.0735129337104823,0.7
full_seed42_freeze_0p1_noise0p5_s5_a0p2_b0p7,42,freeze,0.1,0.5,5,0.2,crp,1.7476247049529303,1.8164450216378187,1.752183367507019,2.537587741601228,3.0281323556913127,0.7
full_seed42_freeze_0p1_noise0p5_s5_a0p3_b0p8,42,freeze,0.1,0.5,5,0.3,fpr_owa,1.7690730180982104,1.8388569143154083,1.7445279805006293,2.59181469592718,3.1350957762386087,0.8
full_seed42_freeze_0p1_noise0p5_s5_a0p3_b0p8,42,freeze,0.1,0.5,5,0.3,crp,1.7531750319570925,1.8287025008503928,1.7662178708199523,2.616400340353704,3.022361273473713,0.8
full_seed42_freeze_0p1_noise0p5_s9_a0p2_b0p7,42,freeze,0.1,0.5,9,0.2,fpr_owa,1.687079539907822,1.7557234944013569,1.653847352288372,2.4597822589094207,2.913077083781724,0.7
full_seed42_freeze_0p1_noise0p5_s9_a0p2_b0p7,42,freeze,0.1,0.5,9,0.2,crp,1.687223940494909,1.756442963258813,1.6339864270386368,2.4560023610023927,2.7732476705860205,0.7
full_seed42_freeze_0p1_noise0p5_s9_a0p3_b0p8,42,freeze,0.1,0.5,9,0.3,fpr_owa,1.6609949583521917,1.7344285803932675,1.6440313495631256,2.453725933481848,2.8112617669113744,0.8
full_seed42_freeze_0p1_noise0p5_s9_a0p3_b0p8,42,freeze,0.1,0.5,9,0.3,crp,1.6712159335804506,1.7464924550006788,1.6401471981925633,2.510980171828943,2.780846904084026,0.8
full_seed42_freeze_0p2_noise0p1_s13_a0p2_b0p7,42,freeze,0.2,0.1,13,0.2,fpr_owa,1.2351399883156975,1.2725139419887417,1.2329465025147417,1.6197577656048396,1.7195654939352074,0.7
full_seed42_freeze_0p2_noise0p1_s13_a0p2_b0p7,42,freeze,0.2,0.1,13,0.2,crp,1.2212547396533509,1.2607415431298588,1.2276492079295762,1.6102372683328747,1.7195654939352074,0.7
full_seed42_freeze_0p2_noise0p1_s13_a0p3_b0p8,42,freeze,0.2,0.1,13,0.3,fpr_owa,1.5047243795067426,1.5703756036600196,1.4925546887706216,2.056017312555251,2.186563912915456,0.8
full_seed42_freeze_0p2_noise0p1_s13_a0p3_b0p8,42,freeze,0.2,0.1,13,0.3,crp,1.4886060195546051,1.5594746838176132,1.488453044029237,2.0473123167704568,2.186563912915456,0.8
full_seed42_freeze_0p2_noise0p1_s5_a0p2_b0p7,42,freeze,0.2,0.1,5,0.2,fpr_owa,1.7152210326243602,1.7850475544372,1.611925717489406,2.4679181478643257,2.582175321874684,0.7
full_seed42_freeze_0p2_noise0p1_s5_a0p2_b0p7,42,freeze,0.2,0.1,5,0.2,crp,1.7113078621494158,1.7813373550334068,1.608677895661153,2.471329110187207,2.582175321874684,0.7
full_seed42_freeze_0p2_noise0p1_s5_a0p3_b0p8,42,freeze,0.2,0.1,5,0.3,fpr_owa,1.7034678701445132,1.7792789617648972,1.6007536826364723,2.459416569959892,2.5635217374720267,0.8
full_seed42_freeze_0p2_noise0p1_s5_a0p3_b0p8,42,freeze,0.2,0.1,5,0.3,crp,1.6994288031548253,1.7763057957996298,1.5893903820687,2.459416569959892,2.6002655573153413,0.8
full_seed42_freeze_0p2_noise0p1_s9_a0p2_b0p7,42,freeze,0.2,0.1,9,0.2,fpr_owa,1.7650390696673883,1.814026006958774,1.6789038880736389,2.400422972309749,2.523715867220357,0.7
full_seed42_freeze_0p2_noise0p1_s9_a0p2_b0p7,42,freeze,0.2,0.1,9,0.2,crp,1.7675940357685875,1.8176588018579225,1.665979389552697,2.416904161585931,2.606538732047753,0.7
full_seed42_freeze_0p2_noise0p1_s9_a0p3_b0p8,42,freeze,0.2,0.1,9,0.3,fpr_owa,1.7379236545241925,1.809116081451765,1.5987916282903638,2.451837753091523,2.6013060237435366,0.8
full_seed42_freeze_0p2_noise0p1_s9_a0p3_b0p8,42,freeze,0.2,0.1,9,0.3,crp,1.7371023935445753,1.8086246998609952,1.5964272400616684,2.463089755097032,2.6133436968660884,0.8
full_seed42_freeze_0p2_noise0p25_s13_a0p2_b0p7,42,freeze,0.2,0.25,13,0.2,fpr_owa,1.2447504526855095,1.3000005624941788,1.2519392713205284,1.7662556902279771,1.9541754444181163,0.7
full_seed42_freeze_0p2_noise0p25_s13_a0p2_b0p7,42,freeze,0.2,0.25,13,0.2,crp,1.254293318724398,1.3121872619147377,1.2977139467288592,1.7811852061741875,2.1023000619436685,0.7
full_seed42_freeze_0p2_noise0p25_s13_a0p3_b0p8,42,freeze,0.2,0.25,13,0.3,fpr_owa,1.453882202584157,1.5423213637666624,1.4270018587198292,2.1504541006344886,2.31606989625212,0.8
full_seed42_freeze_0p2_noise0p25_s13_a0p3_b0p8,42,freeze,0.2,0.25,13,0.3,crp,1.461832829863526,1.557398913171563,1.4462339682537195,2.1707014405142107,2.513053150670128,0.8
full_seed42_freeze_0p2_noise0p25_s5_a0p2_b0p7,42,freeze,0.2,0.25,5,0.2,fpr_owa,1.7126404030166062,1.7796903137406046,1.6597645140031267,2.4981744566655126,2.766426926313108,0.7
full_seed42_freeze_0p2_noise0p25_s5_a0p2_b0p7,42,freeze,0.2,0.25,5,0.2,crp,1.7090095750433696,1.7768391703937776,1.6597645140031267,2.4981744566655126,2.766426926313108,0.7
full_seed42_freeze_0p2_noise0p25_s5_a0p3_b0p8,42,freeze,0.2,0.25,5,0.3,fpr_owa,1.704998440226847,1.7753826688777463,1.6259000904734893,2.4875852266616647,2.685218321137698,0.8
full_seed42_freeze_0p2_noise0p25_s5_a0p3_b0p8,42,freeze,0.2,0.25,5,0.3,crp,1.703786509107601,1.7765220969313555,1.6249945827397412,2.490397844629765,2.7240547795416963,0.8
full_seed42_freeze_0p2_noise0p25_s9_a0p2_b0p7,42,freeze,0.2,0.25,9,0.2,fpr_owa,1.7366243797864436,1.7933110864424076,1.6339637308116035,2.389449567153002,2.6593326846511403,0.7
full_seed42_freeze_0p2_noise0p25_s9_a0p2_b0p7,42,freeze,0.2,0.25,9,0.2,crp,1.7452044574099148,1.802828705148476,1.6297611415824966,2.4436806724641134,2.673168391044291,0.7
full_seed42_freeze_0p2_noise0p25_s9_a0p3_b0p8,42,freeze,0.2,0.25,9,0.3,fpr_owa,1.7127704250757907,1.7817828725361688,1.629274136864614,2.448192953216645,2.6370559037383408,0.8
full_seed42_freeze_0p2_noise0p25_s9_a0p3_b0p8,42,freeze,0.2,0.25,9,0.3,crp,1.7183742816072471,1.7894845896303273,1.635973374096393,2.4605666383334706,2.6653741536366704,0.8
full_seed42_freeze_0p2_noise0p5_s13_a0p2_b0p7,42,freeze,0.2,0.5,13,0.2,fpr_owa,1.276896118219294,1.3497033632157738,1.2630539040967008,1.9542003302928408,2.5437059112954032,0.7
full_seed42_freeze_0p2_noise0p5_s13_a0p2_b0p7,42,freeze,0.2,0.5,13,0.2,crp,1.3662246125674045,1.4449576312639958,1.3785524448029665,2.1489082516517977,2.5764505734208294,0.7
full_seed42_freeze_0p2_noise0p5_s13_a0p3_b0p8,42,freeze,0.2,0.5,13,0.3,fpr_owa,1.377646308811767,1.473666639838981,1.3303352733088976,2.2612656709301397,2.487182695732886,0.8
full_seed42_freeze_0p2_noise0p5_s13_a0p3_b0p8,42,freeze,0.2,0.5,13,0.3,crp,1.4634398558514747,1.5602764184752338,1.412770718695402,2.3317167775373853,2.6107952089366337,0.8
full_seed42_freeze_0p2_noise0p5_s5_a0p2_b0p7,42,freeze,0.2,0.5,5,0.2,fpr_owa,1.7296992942915053,1.80620113232798,1.699725781424872,2.634048472173837,3.0735129337104823,0.7
full_seed42_freeze_0p2_noise0p5_s5_a0p2_b0p7,42,freeze,0.2,0.5,5,0.2,crp,1.7201532435888096,1.7922423045484204,1.7152270471509987,2.552191750528913,2.9662299517281774,0.7
full_seed42_freeze_0p2_noise0p5_s5_a0p3_b0p8,42,freeze,0.2,0.5,5,0.3,fpr_owa,1.7268092073940866,1.8024824726578192,1.7055637088772222,2.582454824168841,2.9109709113042843,0.8
full_seed42_freeze_0p2_noise0p5_s5_a0p3_b0p8,42,freeze,0.2,0.5,5,0.3,crp,1.7204425666871082,1.7972853389952803,1.7502929053100418,2.5630797208324534,2.84545660859224,0.8
full_seed42_freeze_0p2_noise0p5_s9_a0p2_b0p7,42,freeze,0.2,0.5,9,0.2,fpr_owa,1.7039513081193158,1.7720958251809285,1.690175511192434,2.4725184298892184,2.913077083781724,0.7
full_seed42_freeze_0p2_noise0p5_s9_a0p2_b0p7,42,freeze,0.2,0.5,9,0.2,crp,1.7101342385745837,1.7762296131456683,1.6511008595405143,2.456538473670118,2.7732476705860205,0.7
full_seed42_freeze_0p2_noise0p5_s9_a0p3_b0p8,42,freeze,0.2,0.5,9,0.3,fpr_owa,1.6796840269336788,1.75238463116373,1.6718464600551537,2.4614416196242277,2.8112617669113744,0.8
full_seed42_freeze_0p2_noise0p5_s9_a0p3_b0p8,42,freeze,0.2,0.5,9,0.3,crp,1.697560117634662,1.770218410155872,1.6631073893553965,2.5266313896558947,2.7923851127721844,0.8
full_seed42_freeze_0p3_noise0p1_s13_a0p2_b0p7,42,freeze,0.3,0.1,13,0.2,fpr_owa,1.2354585194957248,1.2710622665572444,1.2271866883499865,1.6181116476327868,1.7128242099819584,0.7
full_seed42_freeze_0p3_noise0p1_s13_a0p2_b0p7,42,freeze,0.3,0.1,13,0.2,crp,1.221573270833378,1.259276296721006,1.2213962712087985,1.6068368325608164,1.7128242099819584,0.7
full_seed42_freeze_0p3_noise0p1_s13_a0p3_b0p8,42,freeze,0.3,0.1,13,0.3,fpr_owa,1.5076264473319705,1.5684418023348732,1.4971545731770877,2.0696916759814057,2.180546407161522,0.8
full_seed42_freeze_0p3_noise0p1_s13_a0p3_b0p8,42,freeze,0.3,0.1,13,0.3,crp,1.491445076911368,1.5574458099456956,1.4917827273954716,2.0552744426327934,2.180546407161522,0.8
full_seed42_freeze_0p3_noise0p1_s5_a0p2_b0p7,42,freeze,0.3,0.1,5,0.2,fpr_owa,1.763456609068355,1.828889285420985,1.6485284307600114,2.499426788013438,2.582175321874684,0.7
full_seed42_freeze_0p3_noise0p1_s5_a0p2_b0p7,42,freeze,0.3,0.1,5,0.2,crp,1.7602913124244182,1.825959936802425,1.6485284307600114,2.502283947969802,2.582175321874684,0.7
full_seed42_freeze_0p3_noise0p1_s5_a0p3_b0p8,42,freeze,0.3,0.1,5,0.3,fpr_owa,1.757605064024385,1.8306270908021471,1.684326554326963,2.490611232746156,2.5635217374720267,0.8
full_seed42_freeze_0p3_noise0p1_s5_a0p3_b0p8,42,freeze,0.3,0.1,5,0.3,crp,1.7540022827554922,1.8281273953052664,1.684326554326963,2.490611232746156,2.6002655573153413,0.8
full_seed42_freeze_0p3_noise0p1_s9_a0p2_b0p7,42,freeze,0.3,0.1,9,0.2,fpr_owa,1.7757859274550851,1.823453775477223,1.693238520909104,2.40501948270682,2.5271535021537885,0.7
full_seed42_freeze_0p3_noise0p1_s9_a0p2_b0p7,42,freeze,0.3,0.1,9,0.2,crp,1.7789736038525463,1.827625438156169,1.6887462956083037,2.411991872138709,2.606538732047753,0.7
full_seed42_freeze_0p3_noise0p1_s9_a0p3_b0p8,42,freeze,0.3,0.1,9,0.3,fpr_owa,1.7631349085977708,1.8296141092568985,1.6825740998780156,2.4694421850473574,2.6013060237435366,0.8
full_seed42_freeze_0p3_noise0p1_s9_a0p3_b0p8,42,freeze,0.3,0.1,9,0.3,crp,1.7622891620903325,1.829081524379692,1.6773765596226928,2.4779939728075613,2.6133436968660884,0.8
full_seed42_freeze_0p3_noise0p25_s13_a0p2_b0p7,42,freeze,0.3,0.25,13,0.2,fpr_owa,1.24209023549547,1.295556147834888,1.2603272285199054,1.7613410472789253,1.9541754444181163,0.7
full_seed42_freeze_0p3_noise0p25_s13_a0p2_b0p7,42,freeze,0.3,0.25,13,0.2,crp,1.2535710125224446,1.3091558154177454,1.2977139467288592,1.782619654882946,2.095127523853378,0.7
full_seed42_freeze_0p3_noise0p25_s13_a0p3_b0p8,42,freeze,0.3,0.25,13,0.3,fpr_owa,1.4468473000525637,1.533363170281708,1.4242816536791714,2.130412651450308,2.31606989625212,0.8
full_seed42_freeze_0p3_noise0p25_s13_a0p3_b0p8,42,freeze,0.3,0.25,13,0.3,crp,1.4562628424704172,1.5500185626194924,1.4619857724964112,2.164939358631534,2.513053150670128,0.8
full_seed42_freeze_0p3_noise0p25_s5_a0p2_b0p7,42,freeze,0.3,0.25,5,0.2,fpr_owa,1.7484880027101914,1.812415592727752,1.6741286657229892,2.5161511475790648,2.766426926313108,0.7
full_seed42_freeze_0p3_noise0p25_s5_a0p2_b0p7,42,freeze,0.3,0.25,5,0.2,crp,1.7458925913131378,1.8114069009902032,1.6791364347522617,2.515228960611456,2.766426926313108,0.7
full_seed42_freeze_0p3_noise0p25_s5_a0p3_b0p8,42,freeze,0.3,0.25,5,0.3,fpr_owa,1.7460584326931168,1.8150029166941557,1.6592860773349007,2.5054429131625677,2.685218321137698,0.8
full_seed42_freeze_0p3_noise0p25_s5_a0p3_b0p8,42,freeze,0.3,0.25,5,0.3,crp,1.7453288505116338,1.816199621258164,1.6578257819732647,2.5079361427416984,2.7240547795416963,0.8
full_seed42_freeze_0p3_noise0p25_s9_a0p2_b0p7,42,freeze,0.3,0.25,9,0.2,fpr_owa,1.7542897269506177,1.8077714037754564,1.6640104182157645,2.4106808178707886,2.6593326846511403,0.7
full_seed42_freeze_0p3_noise0p25_s9_a0p2_b0p7,42,freeze,0.3,0.25,9,0.2,crp,1.7619662763189217,1.8167174403459496,1.6463367345412574,2.438278697446277,2.673168391044291,0.7
full_seed42_freeze_0p3_noise0p25_s9_a0p3_b0p8,42,freeze,0.3,0.25,9,0.3,fpr_owa,1.7362558032560858,1.800576470974778,1.646565492972604,2.451714906738192,2.667567523810951,0.8
full_seed42_freeze_0p3_noise0p25_s9_a0p3_b0p8,42,freeze,0.3,0.25,9,0.3,crp,1.7413580026602138,1.8075415957368668,1.6652750094539135,2.46657607118234,2.676767810150457,0.8
full_seed42_freeze_0p3_noise0p5_s13_a0p2_b0p7,42,freeze,0.3,0.5,13,0.2,fpr_owa,1.2699669588115252,1.339548071468667,1.247341730181558,1.9311306775058037,2.444616446000744,0.7
full_seed42_freeze_0p3_noise0p5_s13_a0p2_b0p7,42,freeze,0.3,0.5,13,0.2,crp,1.3620210332867402,1.4409808252341292,1.3744602471549867,2.166291968033822,2.5764505734208294,0.7
full_seed42_freeze_0p3_noise0p5_s13_a0p3_b0p8,42,freeze,0.3,0.5,13,0.3,fpr_owa,1.3770383426193622,1.4687029744615343,1.3409186488957288,2.246829829979956,2.487182695732886,0.8
full_seed42_freeze_0p3_noise0p5_s13_a0p3_b0p8,42,freeze,0.3,0.5,13,0.3,crp,1.4631128869088967,1.5592235590897403,1.4164937615906652,2.332732879183497,2.6107952089366337,0.8
full_seed42_freeze_0p3_noise0p5_s5_a0p2_b0p7,42,freeze,0.3,0.5,5,0.2,fpr_owa,1.745576378596705,1.8209251958911368,1.7025250012704167,2.6161517002067014,3.0735129337104823,0.7
full_seed42_freeze_0p3_noise0p5_s5_a0p2_b0p7,42,freeze,0.3,0.5,5,0.2,crp,1.748004435841542,1.8181361666832692,1.7418785190155075,2.5635708518648554,2.9662299517281774,0.7
full_seed42_freeze_0p3_noise0p5_s5_a0p3_b0p8,42,freeze,0.3,0.5,5,0.3,fpr_owa,1.752838887178254,1.828950067474341,1.7195251604423718,2.646551501188504,2.9109709113042843,0.8
full_seed42_freeze_0p3_noise0p5_s5_a0p3_b0p8,42,freeze,0.3,0.5,5,0.3,crp,1.7558614353315474,1.8312239466431648,1.7794187076477428,2.616400340353704,2.84545660859224,0.8
full_seed42_freeze_0p3_noise0p5_s9_a0p2_b0p7,42,freeze,0.3,0.5,9,0.2,fpr_owa,1.7265221011394445,1.790175947877531,1.6861094874032465,2.4725184298892184,2.913077083781724,0.7
full_seed42_freeze_0p3_noise0p5_s9_a0p2_b0p7,42,freeze,0.3,0.5,9,0.2,crp,1.7212850032820342,1.7857212482596536,1.6888086870194168,2.468764893020039,2.7732476705860205,0.7
full_seed42_freeze_0p3_noise0p5_s9_a0p3_b0p8,42,freeze,0.3,0.5,9,0.3,fpr_owa,1.7045773406739153,1.7712710351797316,1.686744826418055,2.476194183069784,2.8112617669113744,0.8
full_seed42_freeze_0p3_noise0p5_s9_a0p3_b0p8,42,freeze,0.3,0.5,9,0.3,crp,1.7095753643415137,1.7788535390531437,1.684757048551068,2.563966995056193,2.7888373483153046,0.8
full_seed42_freeze_0p4_noise0p1_s13_a0p2_b0p7,42,freeze,0.4,0.1,13,0.2,fpr_owa,1.2257598452416427,1.2627262361840077,1.2193570885851734,1.6181116476327868,1.7128242099819584,0.7
full_seed42_freeze_0p4_noise0p1_s13_a0p2_b0p7,42,freeze,0.4,0.1,13,0.2,crp,1.2118180714040747,1.2507261314149083,1.2174284620551867,1.588091068328738,1.7128242099819584,0.7
full_seed42_freeze_0p4_noise0p1_s13_a0p3_b0p8,42,freeze,0.4,0.1,13,0.3,fpr_owa,1.48642385224964,1.550339733517498,1.4917827273954716,2.0529890755565203,2.180546407161522,0.8
full_seed42_freeze_0p4_noise0p1_s13_a0p3_b0p8,42,freeze,0.4,0.1,13,0.3,crp,1.4702501196304831,1.5392004339585963,1.487681082654087,2.0469750932992663,2.180546407161522,0.8
full_seed42_freeze_0p4_noise0p1_s5_a0p2_b0p7,42,freeze,0.4,0.1,5,0.2,fpr_owa,1.763456609068355,1.828889285420985,1.6485284307600114,2.499426788013438,2.582175321874684,0.7
full_seed42_freeze_0p4_noise0p1_s5_a0p2_b0p7,42,freeze,0.4,0.1,5,0.2,crp,1.7602913124244182,1.825959936802425,1.6485284307600114,2.502283947969802,2.582175321874684,0.7
full_seed42_freeze_0p4_noise0p1_s5_a0p3_b0p8,42,freeze,0.4,0.1,5,0.3,fpr_owa,1.757605064024385,1.8306270908021471,1.684326554326963,2.490611232746156,2.5635217374720267,0.8
full_seed42_freeze_0p4_noise0p1_s5_a0p3_b0p8,42,freeze,0.4,0.1,5,0.3,crp,1.7540022827554922,1.8281273953052664,1.684326554326963,2.490611232746156,2.6002655573153413,0.8
full_seed42_freeze_0p4_noise0p1_s9_a0p2_b0p7,42,freeze,0.4,0.1,9,0.2,fpr_owa,1.77457866442866,1.8211239303915847,1.6771055466742408,2.400422972309749,2.5120531370564776,0.7
full_seed42_freeze_0p4_noise0p1_s9_a0p2_b0p7,42,freeze,0.4,0.1,9,0.2,crp,1.777861227390704,1.8254040371942373,1.6655143278709792,2.41073018501164,2.606538732047753,0.7
full_seed42_freeze_0p4_noise0p1_s9_a0p3_b0p8,42,freeze,0.4,0.1,9,0.3,fpr_owa,1.7612159231063318,1.823220147185931,1.7087667936207327,2.4519267302793635,2.6013060237435366,0.8
full_seed42_freeze_0p4_noise0p1_s9_a0p3_b0p8,42,freeze,0.4,0.1,9,0.3,crp,1.7605193373635295,1.8228277009299323,1.6929273147269566,2.466411517671728,2.6133436968660884,0.8
full_seed42_freeze_0p4_noise0p25_s13_a0p2_b0p7,42,freeze,0.4,0.25,13,0.2,fpr_owa,1.2264112857599403,1.28147303051187,1.230631861014126,1.7491741225581738,1.9464085363610444,0.7
full_seed42_freeze_0p4_noise0p25_s13_a0p2_b0p7,42,freeze,0.4,0.25,13,0.2,crp,1.2362188478936154,1.2927679392713691,1.281546135619002,1.7492406605516633,2.147654219280526,0.7
full_seed42_freeze_0p4_noise0p25_s13_a0p3_b0p8,42,freeze,0.4,0.25,13,0.3,fpr_owa,1.4280189729200514,1.5121224436334193,1.4275622549953,2.109472384500516,2.31606989625212,0.8
full_seed42_freeze_0p4_noise0p25_s13_a0p3_b0p8,42,freeze,0.4,0.25,13,0.3,crp,1.4318523616627283,1.5228328690318158,1.438232203326767,2.136784682656069,2.4376575964308973,0.8
full_seed42_freeze_0p4_noise0p25_s5_a0p2_b0p7,42,freeze,0.4,0.25,5,0.2,fpr_owa,1.7484880027101914,1.812415592727752,1.6741286657229892,2.5161511475790648,2.766426926313108,0.7
full_seed42_freeze_0p4_noise0p25_s5_a0p2_b0p7,42,freeze,0.4,0.25,5,0.2,crp,1.7458925913131378,1.8114069009902032,1.6791364347522617,2.515228960611456,2.766426926313108,0.7
full_seed42_freeze_0p4_noise0p25_s5_a0p3_b0p8,42,freeze,0.4,0.25,5,0.3,fpr_owa,1.7460584326931168,1.8150029166941557,1.6592860773349007,2.5054429131625677,2.685218321137698,0.8
full_seed42_freeze_0p4_noise0p25_s5_a0p3_b0p8,42,freeze,0.4,0.25,5,0.3,crp,1.7453288505116338,1.816199621258164,1.6578257819732647,2.5079361427416984,2.7240547795416963,0.8
full_seed42_freeze_0p4_noise0p25_s9_a0p2_b0p7,42,freeze,0.4,0.25,9,0.2,fpr_owa,1.750016516562974,1.8020238241789064,1.655956064031176,2.3989464774550373,2.6593326846511403,0.7
full_seed42_freeze_0p4_noise0p25_s9_a0p2_b0p7,42,freeze,0.4,0.25,9,0.2,crp,1.757034440463064,1.810900665281914,1.6632663077461056,2.426856093262262,2.673168391044291,0.7
full_seed42_freeze_0p4_noise0p25_s9_a0p3_b0p8,42,freeze,0.4,0.25,9,0.3,fpr_owa,1.730342787543416,1.7911407935643238,1.694414153587208,2.448192953216645,2.6987090562153817,0.8
full_seed42_freeze_0p4_noise0p25_s9_a0p3_b0p8,42,freeze,0.4,0.25,9,0.3,crp,1.7329303885194542,1.7955965852908746,1.6950023111741312,2.4532540878638773,2.676767810150457,0.8
full_seed42_freeze_0p4_noise0p5_s13_a0p2_b0p7,42,freeze,0.4,0.5,13,0.2,fpr_owa,1.245268058331569,1.3150217954061714,1.2231964551549963,1.920180770147952,2.442727175933099,0.7
full_seed42_freeze_0p4_noise0p5_s13_a0p2_b0p7,42,freeze,0.4,0.5,13,0.2,crp,1.341968529468106,1.4189644861303592,1.3350627310320324,2.121439110008614,2.5764505734208294,0.7
full_seed42_freeze_0p4_noise0p5_s13_a0p3_b0p8,42,freeze,0.4,0.5,13,0.3,fpr_owa,1.3504283376005006,1.43438669679767,1.3150144644377917,2.1844901874707205,2.487182695732886,0.8
full_seed42_freeze_0p4_noise0p5_s13_a0p3_b0p8,42,freeze,0.4,0.5,13,0.3,crp,1.4340416376203078,1.5316646356106096,1.4013959216001046,2.285987077787942,2.6107952089366337,0.8
full_seed42_freeze_0p4_noise0p5_s5_a0p2_b0p7,42,freeze,0.4,0.5,5,0.2,fpr_owa,1.745576378596705,1.8209251958911368,1.7025250012704167,2.6161517002067014,3.0735129337104823,0.7
full_seed42_freeze_0p4_noise0p5_s5_a0p2_b0p7,42,freeze,0.4,0.5,5,0.2,crp,1.748004435841542,1.8181361666832692,1.7418785190155075,2.5635708518648554,2.9662299517281774,0.7
full_seed42_freeze_0p4_noise0p5_s5_a0p3_b0p8,42,freeze,0.4,0.5,5,0.3,fpr_owa,1.752838887178254,1.828950067474341,1.7195251604423718,2.646551501188504,2.9109709113042843,0.8
full_seed42_freeze_0p4_noise0p5_s5_a0p3_b0p8,42,freeze,0.4,0.5,5,0.3,crp,1.7558614353315474,1.8312239466431648,1.7794187076477428,2.616400340353704,2.84545660859224,0.8
full_seed42_freeze_0p4_noise0p5_s9_a0p2_b0p7,42,freeze,0.4,0.5,9,0.2,fpr_owa,1.718076726076745,1.7823504835914752,1.6807463877301925,2.4793117684997004,2.913077083781724,0.7
full_seed42_freeze_0p4_noise0p5_s9_a0p2_b0p7,42,freeze,0.4,0.5,9,0.2,crp,1.710552162489965,1.775288607711977,1.6659815432004947,2.4701993416022865,2.7732476705860205,0.7
full_seed42_freeze_0p4_noise0p5_s9_a0p3_b0p8,42,freeze,0.4,0.5,9,0.3,fpr_owa,1.6969314748555349,1.7640504293858197,1.686744826418055,2.472132384834746,2.8576859683652214,0.8
full_seed42_freeze_0p4_noise0p5_s9_a0p3_b0p8,42,freeze,0.4,0.5,9,0.3,crp,1.698521210966634,1.768074647408815,1.6844883535185518,2.510980171828943,2.7888373483153046,0.8
full_seed42_mixed_0p0_noise0p1_s13_a0p2_b0p7,42,mixed,0.0,0.1,13,0.2,fpr_owa,1.204747239572172,1.2494632978305504,1.1889131152852903,1.6246678019843126,1.7409750298089346,0.7
full_seed42_mixed_0p0_noise0p1_s13_a0p2_b0p7,42,mixed,0.0,0.1,13,0.2,crp,1.191486461705108,1.2376957719949433,1.179416738452384,1.623294960121627,1.7409750298089346,0.7
full_seed42_mixed_0p0_noise0p1_s13_a0p3_b0p8,42,mixed,0.0,0.1,13,0.3,fpr_owa,1.4630984710557349,1.53918642759298,1.413795553401175,2.075003842309166,2.180546407161522,0.8
full_seed42_mixed_0p0_noise0p1_s13_a0p3_b0p8,42,mixed,0.0,0.1,13,0.3,crp,1.4467631249982298,1.527842645203252,1.413795553401175,2.06249096556313,2.180546407161522,0.8
full_seed42_mixed_0p0_noise0p1_s5_a0p2_b0p7,42,mixed,0.0,0.1,5,0.2,fpr_owa,1.7659881470137384,1.8341841107834416,1.6422287024709643,2.4841127883853624,2.582175321874684,0.7
full_seed42_mixed_0p0_noise0p1_s5_a0p2_b0p7,42,mixed,0.0,0.1,5,0.2,crp,1.762177388325051,1.8306894776164424,1.6363627809129733,2.4878959573190524,2.582175321874684,0.7
full_seed42_mixed_0p0_noise0p1_s5_a0p3_b0p8,42,mixed,0.0,0.1,5,0.3,fpr_owa,1.7701030429409303,1.8429993973058765,1.6794693923244517,2.462546527583412,2.5635217374720267,0.8
full_seed42_mixed_0p0_noise0p1_s5_a0p3_b0p8,42,mixed,0.0,0.1,5,0.3,crp,1.7664736230962712,1.840514815031225,1.6693238918184492,2.462546527583412,2.6002655573153413,0.8
full_seed42_mixed_0p0_noise0p1_s9_a0p2_b0p7,42,mixed,0.0,0.1,9,0.2,fpr_owa,1.7673726147488216,1.820046874004744,1.6165328076382752,2.410040800315646,2.5120531370564776,0.7
full_seed42_mixed_0p0_noise0p1_s9_a0p2_b0p7,42,mixed,0.0,0.1,9,0.2,crp,1.7714513101034646,1.8253330804474044,1.6075273062567,2.428746151480345,2.606538732047753,0.7
full_seed42_mixed_0p0_noise0p1_s9_a0p3_b0p8,42,mixed,0.0,0.1,9,0.3,fpr_owa,1.7371656879270818,1.8102685437459043,1.5684284081958748,2.4840048378615034,2.6013060237435366,0.8
full_seed42_mixed_0p0_noise0p1_s9_a0p3_b0p8,42,mixed,0.0,0.1,9,0.3,crp,1.736109557417256,1.8095870912974397,1.5684284081958748,2.4876604605738963,2.6133436968660884,0.8
full_seed42_mixed_0p0_noise0p25_s13_a0p2_b0p7,42,mixed,0.0,0.25,13,0.2,fpr_owa,1.2239519384539213,1.2817026770540818,1.205182468431389,1.760113942280174,2.024275092535646,0.7
full_seed42_mixed_0p0_noise0p25_s13_a0p2_b0p7,42,mixed,0.0,0.25,13,0.2,crp,1.228143085224447,1.2918372032148613,1.2215950779880556,1.8098277495831048,2.192575520904943,0.7
full_seed42_mixed_0p0_noise0p25_s13_a0p3_b0p8,42,mixed,0.0,0.25,13,0.3,fpr_owa,1.4230427131961676,1.5184860649784044,1.3737965524029805,2.155221273762169,2.39418818999486,0.8
full_seed42_mixed_0p0_noise0p25_s13_a0p3_b0p8,42,mixed,0.0,0.25,13,0.3,crp,1.434192939484608,1.537043841999057,1.3925552022650534,2.19196716199457,2.491622044843885,0.8
full_seed42_mixed_0p0_noise0p25_s5_a0p2_b0p7,42,mixed,0.0,0.25,5,0.2,fpr_owa,1.7534629815201763,1.8176348178843071,1.6702733419829094,2.498835294561254,2.766426926313108,0.7
full_seed42_mixed_0p0_noise0p25_s5_a0p2_b0p7,42,mixed,0.0,0.25,5,0.2,crp,1.750919109169235,1.8154061964390051,1.6900823210803313,2.498242699555715,2.766426926313108,0.7
full_seed42_mixed_0p0_noise0p25_s5_a0p3_b0p8,42,mixed,0.0,0.25,5,0.3,fpr_owa,1.7656647976945776,1.8313428892170025,1.736099880157009,2.4929046761809115,2.754470971714729,0.8
full_seed42_mixed_0p0_noise0p25_s5_a0p3_b0p8,42,mixed,0.0,0.25,5,0.3,crp,1.762879505631455,1.8305644281854552,1.7161598984634852,2.5054429131625677,2.754470971714729,0.8
full_seed42_mixed_0p0_noise0p25_s9_a0p2_b0p7,42,mixed,0.0,0.25,9,0.2,fpr_owa,1.7426996887661814,1.8000693487288324,1.6339637308116035,2.423123977132854,2.6593326846511403,0.7
full_seed42_mixed_0p0_noise0p25_s9_a0p2_b0p7,42,mixed,0.0,0.25,9,0.2,crp,1.7484486807812436,1.8083113354429756,1.6317921287252473,2.443223640209078,2.673168391044291,0.7
full_seed42_mixed_0p0_noise0p25_s9_a0p3_b0p8,42,mixed,0.0,0.25,9,0.3,fpr_owa,1.7265432730010424,1.7937771837860732,1.6347870467410623,2.443306404915865,2.6370559037383408,0.8
full_seed42_mixed_0p0_noise0p25_s9_a0p3_b0p8,42,mixed,0.0,0.25,9,0.3,crp,1.729064343500987,1.7992915121618167,1.6422004770309964,2.4612275282669507,2.630063848754728,0.8
full_seed42_mixed_0p0_noise0p5_s13_a0p2_b0p7,42,mixed,0.0,0.5,13,0.2,fpr_owa,1.2651689934985595,1.340754609269621,1.2510081640849386,1.9562212874413472,2.5391523953948094,0.7
full_seed42_mixed_0p0_noise0p5_s13_a0p2_b0p7,42,mixed,0.0,0.5,13,0.2,crp,1.3676452851344152,1.4522375873098017,1.3720112990616642,2.172286327021716,2.5764505734208294,0.7
full_seed42_mixed_0p0_noise0p5_s13_a0p3_b0p8,42,mixed,0.0,0.5,13,0.3,fpr_owa,1.367046147538045,1.4636488360017177,1.3150144644377917,2.2460766148079334,2.527203313790653,0.8
full_seed42_mixed_0p0_noise0p5_s13_a0p3_b0p8,42,mixed,0.0,0.5,13,0.3,crp,1.4643519133953589,1.5679240217709387,1.4013959216001046,2.361975777764385,2.6107952089366337,0.8
full_seed42_mixed_0p0_noise0p5_s5_a0p2_b0p7,42,mixed,0.0,0.5,5,0.2,fpr_owa,1.7663549785759736,1.835242703992113,1.7353897935097486,2.5297316606163123,3.0735129337104823,0.7
full_seed42_mixed_0p0_noise0p5_s5_a0p2_b0p7,42,mixed,0.0,0.5,5,0.2,crp,1.7476247049529303,1.8164450216378187,1.752183367507019,2.537587741601228,3.0281323556913127,0.7
full_seed42_mixed_0p0_noise0p5_s5_a0p3_b0p8,42,mixed,0.0,0.5,5,0.3,fpr_owa,1.7690730180982104,1.8388569143154083,1.7445279805006293,2.59181469592718,3.1350957762386087,0.8
full_seed42_mixed_0p0_noise0p5_s5_a0p3_b0p8,42,mixed,0.0,0.5,5,0.3,crp,1.7531750319570925,1.8287025008503928,1.7662178708199523,2.616400340353704,3.022361273473713,0.8
full_seed42_mixed_0p0_noise0p5_s9_a0p2_b0p7,42,mixed,0.0,0.5,9,0.2,fpr_owa,1.7166312646319943,1.7837266978711783,1.6667549411243054,2.4252408629733706,2.913077083781724,0.7
full_seed42_mixed_0p0_noise0p5_s9_a0p2_b0p7,42,mixed,0.0,0.5,9,0.2,crp,1.7104942297752126,1.7791879314311425,1.6387112181433765,2.4711459704104075,2.7732476705860205,0.7
full_seed42_mixed_0p0_noise0p5_s9_a0p3_b0p8,42,mixed,0.0,0.5,9,0.3,fpr_owa,1.6986998747237194,1.770390544901288,1.680218113046028,2.473113970704796,2.8112617669113744,0.8
full_seed42_mixed_0p0_noise0p5_s9_a0p3_b0p8,42,mixed,0.0,0.5,9,0.3,crp,1.700506746090894,1.7740027780973018,1.6522477210922275,2.5266313896558947,2.780846904084026,0.8
full_seed42_mixed_0p1_noise0p1_s13_a0p2_b0p7,42,mixed,0.1,0.1,13,0.2,fpr_owa,1.15752956228751,1.201296331008638,1.1370942282610956,1.6363082438943657,1.7906463267256822,0.7
full_seed42_mixed_0p1_noise0p1_s13_a0p2_b0p7,42,mixed,0.1,0.1,13,0.2,crp,1.1576825728899751,1.201658284911043,1.1599713253217172,1.5889043475210938,1.7906463267256822,0.7
full_seed42_mixed_0p1_noise0p1_s13_a0p3_b0p8,42,mixed,0.1,0.1,13,0.3,fpr_owa,1.4164021316232265,1.4916285440903985,1.4012719023299494,2.071964348282221,2.1873608443310024,0.8
full_seed42_mixed_0p1_noise0p1_s13_a0p3_b0p8,42,mixed,0.1,0.1,13,0.3,crp,1.418634269103327,1.4963845348628368,1.4342375010509936,2.047108972359515,2.1873608443310024,0.8
full_seed42_mixed_0p1_noise0p1_s5_a0p2_b0p7,42,mixed,0.1,0.1,5,0.2,fpr_owa,1.7659881470137384,1.8341841107834416,1.6422287024709643,2.4841127883853624,2.582175321874684,0.7
full_seed42_mixed_0p1_noise0p1_s5_a0p2_b0p7,42,mixed,0.1,0.1,5,0.2,crp,1.762177388325051,1.8306894776164424,1.6363627809129733,2.4878959573190524,2.582175321874684,0.7
full_seed42_mixed_0p1_noise0p1_s5_a0p3_b0p8,42,mixed,0.1,0.1,5,0.3,fpr_owa,1.7701030429409303,1.8429993973058765,1.6794693923244517,2.462546527583412,2.5635217374720267,0.8
full_seed42_mixed_0p1_noise0p1_s5_a0p3_b0p8,42,mixed,0.1,0.1,5,0.3,crp,1.7664736230962712,1.840514815031225,1.6693238918184492,2.462546527583412,2.6002655573153413,0.8
full_seed42_mixed_0p1_noise0p1_s9_a0p2_b0p7,42,mixed,0.1,0.1,9,0.2,fpr_owa,1.758462932120265,1.805434681031396,1.672480430668563,2.4190007046553195,2.5120531370564776,0.7
full_seed42_mixed_0p1_noise0p1_s9_a0p2_b0p7,42,mixed,0.1,0.1,9,0.2,crp,1.7792028048134925,1.828972099918222,1.671535020336718,2.430908370325283,2.606538732047753,0.7
full_seed42_mixed_0p1_noise0p1_s9_a0p3_b0p8,42,mixed,0.1,0.1,9,0.3,fpr_owa,1.7522872457516372,1.8195624208505987,1.6815044238894057,2.4516847730020883,2.6013060237435366,0.8
full_seed42_mixed_0p1_noise0p1_s9_a0p3_b0p8,42,mixed,0.1,0.1,9,0.3,crp,1.756013418157694,1.826301097753353,1.6728464622064936,2.4906301135806075,2.6133436968660884,0.8
full_seed42_mixed_0p1_noise0p25_s13_a0p2_b0p7,42,mixed,0.1,0.25,13,0.2,fpr_owa,1.1833595860130215,1.240825144639239,1.161327366034178,1.7547350630639855,2.073946389452394,0.7
full_seed42_mixed_0p1_noise0p25_s13_a0p2_b0p7,42,mixed,0.1,0.25,13,0.2,crp,1.2001102437392055,1.2576939072490467,1.1951451597645737,1.7359637680066704,2.192575520904943,0.7
full_seed42_mixed_0p1_noise0p25_s13_a0p3_b0p8,42,mixed,0.1,0.25,13,0.3,fpr_owa,1.3846162977856111,1.4766220226759077,1.3556030007238435,2.150370968070111,2.443859486911608,0.8
full_seed42_mixed_0p1_noise0p25_s13_a0p3_b0p8,42,mixed,0.1,0.25,13,0.3,crp,1.4021978803411976,1.500848281332702,1.404785587311385,2.154017500921208,2.491622044843885,0.8
full_seed42_mixed_0p1_noise0p25_s5_a0p2_b0p7,42,mixed,0.1,0.25,5,0.2,fpr_owa,1.7534629815201763,1.8176348178843071,1.6702733419829094,2.498835294561254,2.766426926313108,0.7
full_seed42_mixed_0p1_noise0p25_s5_a0p2_b0p7,42,mixed,0.1,0.25,5,0.2,crp,1.750919109169235,1.8154061964390051,1.6900823210803313,2.498242699555715,2.766426926313108,0.7
full_seed42_mixed_0p1_noise0p25_s5_a0p3_b0p8,42,mixed,0.1,0.25,5,0.3,fpr_owa,1.7656647976945776,1.8313428892170025,1.736099880157009,2.4929046761809115,2.754470971714729,0.8
full_seed42_mixed_0p1_noise0p25_s5_a0p3_b0p8,42,mixed,0.1,0.25,5,0.3,crp,1.762879505631455,1.8305644281854552,1.7161598984634852,2.5054429131625677,2.754470971714729,0.8
full_seed42_mixed_0p1_noise0p25_s9_a0p2_b0p7,42,mixed,0.1,0.25,9,0.2,fpr_owa,1.7299131974697322,1.7844514177059485,1.6339637308116035,2.442928119881296,2.6593326846511403,0.7
full_seed42_mixed_0p1_noise0p25_s9_a0p2_b0p7,42,mixed,0.1,0.25,9,0.2,crp,1.7478123638339704,1.8035377279077132,1.6542192657601755,2.451339923623431,2.673168391044291,0.7
full_seed42_mixed_0p1_noise0p25_s9_a0p3_b0p8,42,mixed,0.1,0.25,9,0.3,fpr_owa,1.731287792086855,1.7971725928493565,1.6315624714133323,2.4413934608501418,2.6370559037383408,0.8
full_seed42_mixed_0p1_noise0p25_s9_a0p3_b0p8,42,mixed,0.1,0.25,9,0.3,crp,1.7319859915300906,1.7999396835419164,1.6814969269233964,2.4620117765887546,2.630063848754728,0.8
full_seed42_mixed_0p1_noise0p5_s13_a0p2_b0p7,42,mixed,0.1,0.5,13,0.2,fpr_owa,1.2330054212475363,1.3077249442183154,1.2153069511838486,1.953309611977841,2.588823692311557,0.7
full_seed42_mixed_0p1_noise0p5_s13_a0p2_b0p7,42,mixed,0.1,0.5,13,0.2,crp,1.3441874155795737,1.428466880446232,1.3350627310320324,2.143716268731307,2.5764505734208294,0.7
full_seed42_mixed_0p1_noise0p5_s13_a0p3_b0p8,42,mixed,0.1,0.5,13,0.3,fpr_owa,1.3520372871247792,1.4500832020907932,1.3075172028133362,2.245115016866033,2.576874610707401,0.8
full_seed42_mixed_0p1_noise0p5_s13_a0p3_b0p8,42,mixed,0.1,0.5,13,0.3,crp,1.4400233772827946,1.5451950733679392,1.4000406606118294,2.3590481446607696,2.6107952089366337,0.8
full_seed42_mixed_0p1_noise0p5_s5_a0p2_b0p7,42,mixed,0.1,0.5,5,0.2,fpr_owa,1.7663549785759736,1.835242703992113,1.7353897935097486,2.5297316606163123,3.0735129337104823,0.7
full_seed42_mixed_0p1_noise0p5_s5_a0p2_b0p7,42,mixed,0.1,0.5,5,0.2,crp,1.7476247049529303,1.8164450216378187,1.752183367507019,2.537587741601228,3.0281323556913127,0.7
full_seed42_mixed_0p1_noise0p5_s5_a0p3_b0p8,42,mixed,0.1,0.5,5,0.3,fpr_owa,1.7690730180982104,1.8388569143154083,1.7445279805006293,2.59181469592718,3.1350957762386087,0.8
full_seed42_mixed_0p1_noise0p5_s5_a0p3_b0p8,42,mixed,0.1,0.5,5,0.3,crp,1.7531750319570925,1.8287025008503928,1.7662178708199523,2.616400340353704,3.022361273473713,0.8
full_seed42_mixed_0p1_noise0p5_s9_a0p2_b0p7,42,mixed,0.1,0.5,9,0.2,fpr_owa,1.7116133794345714,1.7787121084960866,1.6720353782433497,2.4780995338757816,2.913077083781724,0.7
full_seed42_mixed_0p1_noise0p5_s9_a0p2_b0p7,42,mixed,0.1,0.5,9,0.2,crp,1.722005949405047,1.7887654602095813,1.6665615649370986,2.5259631571145107,2.7732476705860205,0.7
full_seed42_mixed_0p1_noise0p5_s9_a0p3_b0p8,42,mixed,0.1,0.5,9,0.3,fpr_owa,1.7066259665361676,1.7781961442760386,1.683003944763986,2.4614416196242277,2.859282516922032,0.8
full_seed42_mixed_0p1_noise0p5_s9_a0p3_b0p8,42,mixed,0.1,0.5,9,0.3,crp,1.7066586206284533,1.7789962624957631,1.6535387761798854,2.54593731558886,2.780846904084026,0.8
full_seed42_mixed_0p2_noise0p1_s13_a0p2_b0p7,42,mixed,0.2,0.1,13,0.2,fpr_owa,1.1262019718765883,1.1836601270401736,1.0847027114396308,1.678319834359136,1.840054167111992,0.7
full_seed42_mixed_0p2_noise0p1_s13_a0p2_b0p7,42,mixed,0.2,0.1,13,0.2,crp,1.0869247854288395,1.147174577961586,1.0655175862227275,1.6728572632199832,2.012167717154433,0.7
full_seed42_mixed_0p2_noise0p1_s13_a0p3_b0p8,42,mixed,0.2,0.1,13,0.3,fpr_owa,1.3577913364898058,1.4437319252667198,1.2712924678959194,2.118679169094088,2.3048351055083622,0.8
full_seed42_mixed_0p2_noise0p1_s13_a0p3_b0p8,42,mixed,0.2,0.1,13,0.3,crp,1.2526576806613705,1.369651796939963,1.2600959527138125,2.091321689771819,2.3048351055083622,0.8
full_seed42_mixed_0p2_noise0p1_s5_a0p2_b0p7,42,mixed,0.2,0.1,5,0.2,fpr_owa,1.7607470228911728,1.8217329525205124,1.689136169968581,2.47839164226944,2.582175321874684,0.7
full_seed42_mixed_0p2_noise0p1_s5_a0p2_b0p7,42,mixed,0.2,0.1,5,0.2,crp,1.7786480465262415,1.8439065119298772,1.705136874704339,2.494535686262945,2.582175321874684,0.7
full_seed42_mixed_0p2_noise0p1_s5_a0p3_b0p8,42,mixed,0.2,0.1,5,0.3,fpr_owa,1.779399523988615,1.844549516072148,1.7254919445131272,2.461862579812866,2.5635217374720267,0.8
full_seed42_mixed_0p2_noise0p1_s5_a0p3_b0p8,42,mixed,0.2,0.1,5,0.3,crp,1.7870959438689775,1.857059066807711,1.7509835785104273,2.478818494027193,2.6002655573153413,0.8
full_seed42_mixed_0p2_noise0p1_s9_a0p2_b0p7,42,mixed,0.2,0.1,9,0.2,fpr_owa,1.7032185968445683,1.7592386551344472,1.5905170335860142,2.4188697201411857,2.5120531370564776,0.7
full_seed42_mixed_0p2_noise0p1_s9_a0p2_b0p7,42,mixed,0.2,0.1,9,0.2,crp,1.7507891382156553,1.8019942413486152,1.646211535480672,2.437848548483774,2.606538732047753,0.7
full_seed42_mixed_0p2_noise0p1_s9_a0p3_b0p8,42,mixed,0.2,0.1,9,0.3,fpr_owa,1.7134107496973534,1.7811173141370502,1.6036005536430524,2.4905817407786284,2.6013060237435366,0.8
full_seed42_mixed_0p2_noise0p1_s9_a0p3_b0p8,42,mixed,0.2,0.1,9,0.3,crp,1.7327372379461214,1.8038272350945947,1.633792322020193,2.4876604605738963,2.6133436968660884,0.8
full_seed42_mixed_0p2_noise0p25_s13_a0p2_b0p7,42,mixed,0.2,0.25,13,0.2,fpr_owa,1.1322467741153797,1.2054558763881884,1.100388020747368,1.80853342468087,2.1217379325437857,0.7
full_seed42_mixed_0p2_noise0p25_s13_a0p2_b0p7,42,mixed,0.2,0.25,13,0.2,crp,1.1266876885330694,1.198871445699471,1.1066971464829465,1.8089599899662567,2.192575520904943,0.7
full_seed42_mixed_0p2_noise0p25_s13_a0p3_b0p8,42,mixed,0.2,0.25,13,0.3,fpr_owa,1.3230616432843012,1.425741305638608,1.1628032549821747,2.1987784047229533,2.519537386682722,0.8
full_seed42_mixed_0p2_noise0p25_s13_a0p3_b0p8,42,mixed,0.2,0.25,13,0.3,crp,1.269683842208328,1.3927823406683484,1.173771220613479,2.1851560855460983,2.491622044843885,0.8
full_seed42_mixed_0p2_noise0p25_s5_a0p2_b0p7,42,mixed,0.2,0.25,5,0.2,fpr_owa,1.7464532176634198,1.805546335382404,1.67808601755973,2.4919047593000707,2.815389482333832,0.7
full_seed42_mixed_0p2_noise0p25_s5_a0p2_b0p7,42,mixed,0.2,0.25,5,0.2,crp,1.7633326546818275,1.8265316453632805,1.689573579351003,2.516282600127999,2.815389482333832,0.7
full_seed42_mixed_0p2_noise0p25_s5_a0p3_b0p8,42,mixed,0.2,0.25,5,0.3,fpr_owa,1.7685004469576415,1.829449065935079,1.7375744708557128,2.490397844629765,2.776250636679851,0.8
full_seed42_mixed_0p2_noise0p25_s5_a0p3_b0p8,42,mixed,0.2,0.25,5,0.3,crp,1.7724648225581243,1.8380026225262591,1.7428770761306749,2.513224759168293,2.776250636679851,0.8
full_seed42_mixed_0p2_noise0p25_s9_a0p2_b0p7,42,mixed,0.2,0.25,9,0.2,fpr_owa,1.6842152852227603,1.7456755353007976,1.581363727853584,2.485261258493409,2.6593326846511403,0.7
full_seed42_mixed_0p2_noise0p25_s9_a0p2_b0p7,42,mixed,0.2,0.25,9,0.2,crp,1.7373009908583013,1.795547078044213,1.6315171845703564,2.4584557474846385,2.673168391044291,0.7
full_seed42_mixed_0p2_noise0p25_s9_a0p3_b0p8,42,mixed,0.2,0.25,9,0.3,fpr_owa,1.7016407875944528,1.766250592081512,1.620164283178129,2.451714906738192,2.6370559037383408,0.8
full_seed42_mixed_0p2_noise0p25_s9_a0p3_b0p8,42,mixed,0.2,0.25,9,0.3,crp,1.7213443261358277,1.790917292589862,1.6676077404682723,2.4953171259253333,2.7392105344062805,0.8
full_seed42_mixed_0p2_noise0p5_s13_a0p2_b0p7,42,mixed,0.2,0.5,13,0.2,fpr_owa,1.1817782465679465,1.2763630545341418,1.1833288023202866,1.9977548462782837,2.641594135378434,0.7
full_seed42_mixed_0p2_noise0p5_s13_a0p2_b0p7,42,mixed,0.2,0.5,13,0.2,crp,1.2928723416187575,1.4009360028501148,1.3111630022136491,2.141697367306349,4.122506533634727,0.7
full_seed42_mixed_0p2_noise0p5_s13_a0p3_b0p8,42,mixed,0.2,0.5,13,0.3,fpr_owa,1.297918006981274,1.4001489528189444,1.2020640616275693,2.308366946178779,2.6372914222001493,0.8
full_seed42_mixed_0p2_noise0p5_s13_a0p3_b0p8,42,mixed,0.2,0.5,13,0.3,crp,1.380034986639498,1.5060235240009054,1.297472215536385,2.334408401987909,4.572927879504693,0.8
full_seed42_mixed_0p2_noise0p5_s5_a0p2_b0p7,42,mixed,0.2,0.5,5,0.2,fpr_owa,1.7512083470154645,1.816554725362172,1.713297176180275,2.518725450506471,3.0735129337104823,0.7
full_seed42_mixed_0p2_noise0p5_s5_a0p2_b0p7,42,mixed,0.2,0.5,5,0.2,crp,1.7663546622973445,1.837532896154039,1.752183367507019,2.572360007477514,3.298884299599022,0.7
full_seed42_mixed_0p2_noise0p5_s5_a0p3_b0p8,42,mixed,0.2,0.5,5,0.3,fpr_owa,1.7752041198339044,1.8422593786931205,1.7582809310339949,2.582454824168841,3.1577870043852907,0.8
full_seed42_mixed_0p2_noise0p5_s5_a0p3_b0p8,42,mixed,0.2,0.5,5,0.3,crp,1.770682917330621,1.8458989318382504,1.775700087395914,2.603701381688623,3.1577870043852907,0.8
full_seed42_mixed_0p2_noise0p5_s9_a0p2_b0p7,42,mixed,0.2,0.5,9,0.2,fpr_owa,1.6781902826461026,1.752360234842379,1.6211498921844727,2.5224089200981976,2.913077083781724,0.7
full_seed42_mixed_0p2_noise0p5_s9_a0p2_b0p7,42,mixed,0.2,0.5,9,0.2,crp,1.7210999244709448,1.791846038938249,1.6509363781502238,2.536837128937418,3.3385196767464818,0.7
full_seed42_mixed_0p2_noise0p5_s9_a0p3_b0p8,42,mixed,0.2,0.5,9,0.3,fpr_owa,1.683989680216755,1.7534828603813537,1.6698149776456224,2.472946510919209,2.827082090890789,0.8
full_seed42_mixed_0p2_noise0p5_s9_a0p3_b0p8,42,mixed,0.2,0.5,9,0.3,crp,1.6981499329180332,1.769881895229687,1.6614748415616103,2.5386961574861013,2.799475570878584,0.8
full_seed42_mixed_0p3_noise0p1_s13_a0p2_b0p7,42,mixed,0.3,0.1,13,0.2,fpr_owa,1.1521874713151206,1.2204759712752615,1.1640219041896034,1.7006248690154693,2.032058653085804,0.7
full_seed42_mixed_0p3_noise0p1_s13_a0p2_b0p7,42,mixed,0.3,0.1,13,0.2,crp,1.1072281955423011,1.1630299863974354,1.0899904747501692,1.6796732909655183,1.814727001252991,0.7
full_seed42_mixed_0p3_noise0p1_s13_a0p3_b0p8,42,mixed,0.3,0.1,13,0.3,fpr_owa,1.3437290801291462,1.4419130552564272,1.2821735214358856,2.159873054856153,2.3322017670643844,0.8
full_seed42_mixed_0p3_noise0p1_s13_a0p3_b0p8,42,mixed,0.3,0.1,13,0.3,crp,1.2180416307123716,1.351688143718406,1.242346829123386,2.109781472479378,2.289870550391762,0.8
full_seed42_mixed_0p3_noise0p1_s5_a0p2_b0p7,42,mixed,0.3,0.1,5,0.2,fpr_owa,1.9763445596432072,2.161776118234482,1.6698305173938834,3.837543541456791,5.3178162842827925,0.7
full_seed42_mixed_0p3_noise0p1_s5_a0p2_b0p7,42,mixed,0.3,0.1,5,0.2,crp,1.8594754330511076,1.9805366266797328,1.649929804466284,3.413855045334603,4.99048646623257,0.7
full_seed42_mixed_0p3_noise0p1_s5_a0p3_b0p8,42,mixed,0.3,0.1,5,0.3,fpr_owa,1.8119632557262,1.943606942960165,1.6758429729101438,3.04235890558304,3.9071015706819328,0.8
full_seed42_mixed_0p3_noise0p1_s5_a0p3_b0p8,42,mixed,0.3,0.1,5,0.3,crp,1.7921934060967757,1.8901568720175097,1.689873154822596,2.73883628161932,3.5096287417895247,0.8
full_seed42_mixed_0p3_noise0p1_s9_a0p2_b0p7,42,mixed,0.3,0.1,9,0.2,fpr_owa,1.791796750655377,1.890315531168488,1.6156832304023283,2.616341621383901,3.72304418593462,0.7
full_seed42_mixed_0p3_noise0p1_s9_a0p2_b0p7,42,mixed,0.3,0.1,9,0.2,crp,1.7954973700829409,1.8568738791612251,1.6327462919825102,2.555269550454115,2.843249620969349,0.7
full_seed42_mixed_0p3_noise0p1_s9_a0p3_b0p8,42,mixed,0.3,0.1,9,0.3,fpr_owa,1.673789967330343,1.7536756453664908,1.5293504895375778,2.507795761997945,2.6607485163006337,0.8
full_seed42_mixed_0p3_noise0p1_s9_a0p3_b0p8,42,mixed,0.3,0.1,9,0.3,crp,1.7225512056467551,1.7941252229251834,1.595218688657097,2.5180732078746906,2.6607485163006337,0.8
full_seed42_mixed_0p3_noise0p25_s13_a0p2_b0p7,42,mixed,0.3,0.25,13,0.2,fpr_owa,1.1533058446902829,1.23849960696846,1.1592723889444776,1.8544508895014655,2.1112732058415085,0.7
full_seed42_mixed_0p3_noise0p25_s13_a0p2_b0p7,42,mixed,0.3,0.25,13,0.2,crp,1.124320718817096,1.212730328806264,1.0955847736972728,1.803360902759922,3.6796506365984976,0.7
full_seed42_mixed_0p3_noise0p25_s13_a0p3_b0p8,42,mixed,0.3,0.25,13,0.3,fpr_owa,1.293505117968688,1.412467117483733,1.1543913460195134,2.19906129200545,2.498160042645865,0.8
full_seed42_mixed_0p3_noise0p25_s13_a0p3_b0p8,42,mixed,0.3,0.25,13,0.3,crp,1.2143835001720045,1.3667531557488617,1.1285157908554808,2.1851560855460983,3.114773834760755,0.8
full_seed42_mixed_0p3_noise0p25_s5_a0p2_b0p7,42,mixed,0.3,0.25,5,0.2,fpr_owa,2.0093874708183788,2.1950954207450004,1.740638361988805,3.842261911886869,5.351659260156129,0.7
full_seed42_mixed_0p3_noise0p25_s5_a0p2_b0p7,42,mixed,0.3,0.25,5,0.2,crp,1.887661818562323,2.013059504357942,1.7160651576034405,3.5510316923631358,4.92659775341406,0.7
full_seed42_mixed_0p3_noise0p25_s5_a0p3_b0p8,42,mixed,0.3,0.25,5,0.3,fpr_owa,1.8378792282940677,1.9597858559729544,1.7370549232024968,2.950316525215379,3.9177709752061145,0.8
full_seed42_mixed_0p3_noise0p25_s5_a0p3_b0p8,42,mixed,0.3,0.25,5,0.3,crp,1.8051186646797772,1.9067452180478988,1.6809869619891766,2.7775441417869176,4.407188839731702,0.8
full_seed42_mixed_0p3_noise0p25_s9_a0p2_b0p7,42,mixed,0.3,0.25,9,0.2,fpr_owa,1.7694274165296586,1.8690619035647544,1.612945185509188,2.6463779979501907,3.690467589583163,0.7
full_seed42_mixed_0p3_noise0p25_s9_a0p2_b0p7,42,mixed,0.3,0.25,9,0.2,crp,1.7801091474370192,1.854898182777028,1.6291008327314986,2.543309267114812,4.668206117500154,0.7
full_seed42_mixed_0p3_noise0p25_s9_a0p3_b0p8,42,mixed,0.3,0.25,9,0.3,fpr_owa,1.6743596466465314,1.7539446651722124,1.588326280567258,2.4793189118453776,2.8038200331583414,0.8
full_seed42_mixed_0p3_noise0p25_s9_a0p3_b0p8,42,mixed,0.3,0.25,9,0.3,crp,1.7278853249685489,1.8122498148973345,1.6295756258783247,2.5363820236188914,5.442791182900142,0.8
full_seed42_mixed_0p3_noise0p5_s13_a0p2_b0p7,42,mixed,0.3,0.5,13,0.2,fpr_owa,1.219818738233029,1.3180480415356584,1.1976692614626914,2.0507441505400426,2.565662607250045,0.7
full_seed42_mixed_0p3_noise0p5_s13_a0p2_b0p7,42,mixed,0.3,0.5,13,0.2,crp,1.2936525755046688,1.4206114506267622,1.2629235727615469,2.2967801446194045,4.457043754770063,0.7
full_seed42_mixed_0p3_noise0p5_s13_a0p3_b0p8,42,mixed,0.3,0.5,13,0.3,fpr_owa,1.2753041894748869,1.3945437063450257,1.1965430969327708,2.304441746926864,2.68694870183136,0.8
full_seed42_mixed_0p3_noise0p5_s13_a0p3_b0p8,42,mixed,0.3,0.5,13,0.3,crp,1.3535000196487637,1.510405723530024,1.297472215536385,2.40243449372244,5.656562184788527,0.8
full_seed42_mixed_0p3_noise0p5_s5_a0p2_b0p7,42,mixed,0.3,0.5,5,0.2,fpr_owa,1.9822291582728655,2.1570780058643257,1.789642504194657,3.599914569536827,5.408064219945023,0.7
full_seed42_mixed_0p3_noise0p5_s5_a0p2_b0p7,42,mixed,0.3,0.5,5,0.2,crp,1.905630190151167,2.053159509976808,1.806166133687724,3.299125574316781,5.408064219945023,0.7
full_seed42_mixed_0p3_noise0p5_s5_a0p3_b0p8,42,mixed,0.3,0.5,5,0.3,fpr_owa,1.830938331387304,1.9561168235787327,1.802154102566232,2.945796897657569,3.93555331607975,0.8
full_seed42_mixed_0p3_noise0p5_s5_a0p3_b0p8,42,mixed,0.3,0.5,5,0.3,crp,1.8381204692654916,1.9762634066223004,1.8066782526707117,2.831610297830412,5.64484505590293,0.8
full_seed42_mixed_0p3_noise0p5_s9_a0p2_b0p7,42,mixed,0.3,0.5,9,0.2,fpr_owa,1.7630303410960664,1.8766713640708172,1.6926491094029965,2.6964980292614364,3.688247151371377,0.7
full_seed42_mixed_0p3_noise0p5_s9_a0p2_b0p7,42,mixed,0.3,0.5,9,0.2,crp,1.746425667946531,1.833036538366557,1.678704472980496,2.601267002727388,4.477154996388298,0.7
full_seed42_mixed_0p3_noise0p5_s9_a0p3_b0p8,42,mixed,0.3,0.5,9,0.3,fpr_owa,1.6651549560429766,1.7521930743243346,1.617022630427055,2.5099747466322557,3.1587022723148577,0.8
full_seed42_mixed_0p3_noise0p5_s9_a0p3_b0p8,42,mixed,0.3,0.5,9,0.3,crp,1.7153035756484714,1.806753488010714,1.6598229575732804,2.5764710049473907,5.2262520805367965,0.8
full_seed42_mixed_0p4_noise0p1_s13_a0p2_b0p7,42,mixed,0.4,0.1,13,0.2,fpr_owa,1.3179357304043422,1.385255551922924,1.2338505557490291,2.13786592611615,3.440984368627236,0.7
full_seed42_mixed_0p4_noise0p1_s13_a0p2_b0p7,42,mixed,0.4,0.1,13,0.2,crp,1.1503367365266053,1.2390351467694758,1.1127016083186805,1.8284297443428288,2.6972417865046228,0.7
full_seed42_mixed_0p4_noise0p1_s13_a0p3_b0p8,42,mixed,0.4,0.1,13,0.3,fpr_owa,1.3646109567385762,1.4667711724813932,1.3001345371769082,2.201145351220688,2.3799629211582234,0.8
full_seed42_mixed_0p4_noise0p1_s13_a0p3_b0p8,42,mixed,0.4,0.1,13,0.3,crp,1.2349453086134858,1.3771773132449932,1.266297249522668,2.1577863735165934,2.2976112750410493,0.8
full_seed42_mixed_0p4_noise0p1_s5_a0p2_b0p7,42,mixed,0.4,0.1,5,0.2,fpr_owa,1.9763445596432072,2.161776118234482,1.6698305173938834,3.837543541456791,5.3178162842827925,0.7
full_seed42_mixed_0p4_noise0p1_s5_a0p2_b0p7,42,mixed,0.4,0.1,5,0.2,crp,1.8594754330511076,1.9805366266797328,1.649929804466284,3.413855045334603,4.99048646623257,0.7
full_seed42_mixed_0p4_noise0p1_s5_a0p3_b0p8,42,mixed,0.4,0.1,5,0.3,fpr_owa,1.8119632557262,1.943606942960165,1.6758429729101438,3.04235890558304,3.9071015706819328,0.8
full_seed42_mixed_0p4_noise0p1_s5_a0p3_b0p8,42,mixed,0.4,0.1,5,0.3,crp,1.7921934060967757,1.8901568720175097,1.689873154822596,2.73883628161932,3.5096287417895247,0.8
full_seed42_mixed_0p4_noise0p1_s9_a0p2_b0p7,42,mixed,0.4,0.1,9,0.2,fpr_owa,1.975512269293532,2.1269596817572483,1.7174215755274311,3.5248414019507384,5.495723883443479,0.7
full_seed42_mixed_0p4_noise0p1_s9_a0p2_b0p7,42,mixed,0.4,0.1,9,0.2,crp,1.8739564642580115,1.9743865755030128,1.6629542735023182,3.347334799048816,5.32402493338042,0.7
full_seed42_mixed_0p4_noise0p1_s9_a0p3_b0p8,42,mixed,0.4,0.1,9,0.3,fpr_owa,1.7988011680979574,1.9167932302231216,1.595218688657097,2.718947989765416,3.990900933566591,0.8
full_seed42_mixed_0p4_noise0p1_s9_a0p3_b0p8,42,mixed,0.4,0.1,9,0.3,crp,1.7838206288192593,1.876075631530448,1.608876636480328,2.642046237750161,5.040957680689146,0.8
full_seed42_mixed_0p4_noise0p25_s13_a0p2_b0p7,42,mixed,0.4,0.25,13,0.2,fpr_owa,1.3082912209068382,1.3896716119564356,1.2162869482374985,2.1145211605609817,3.436689838246186,0.7
full_seed42_mixed_0p4_noise0p25_s13_a0p2_b0p7,42,mixed,0.4,0.25,13,0.2,crp,1.162862281994177,1.2789787518095368,1.118669600796431,2.011694111516364,3.6796506365984976,0.7
full_seed42_mixed_0p4_noise0p25_s13_a0p3_b0p8,42,mixed,0.4,0.25,13,0.3,fpr_owa,1.3154022483766736,1.4374076804042275,1.2027590897566849,2.233603979834809,2.5459211967397035,0.8
full_seed42_mixed_0p4_noise0p25_s13_a0p3_b0p8,42,mixed,0.4,0.25,13,0.3,crp,1.2275293266025062,1.3911085883698595,1.180301713576214,2.198840645687938,3.114773834760755,0.8
full_seed42_mixed_0p4_noise0p25_s5_a0p2_b0p7,42,mixed,0.4,0.25,5,0.2,fpr_owa,2.0093874708183788,2.1950954207450004,1.740638361988805,3.842261911886869,5.351659260156129,0.7
full_seed42_mixed_0p4_noise0p25_s5_a0p2_b0p7,42,mixed,0.4,0.25,5,0.2,crp,1.887661818562323,2.013059504357942,1.7160651576034405,3.5510316923631358,4.92659775341406,0.7
full_seed42_mixed_0p4_noise0p25_s5_a0p3_b0p8,42,mixed,0.4,0.25,5,0.3,fpr_owa,1.8378792282940677,1.9597858559729544,1.7370549232024968,2.950316525215379,3.9177709752061145,0.8
full_seed42_mixed_0p4_noise0p25_s5_a0p3_b0p8,42,mixed,0.4,0.25,5,0.3,crp,1.8051186646797772,1.9067452180478988,1.6809869619891766,2.7775441417869176,4.407188839731702,0.8
full_seed42_mixed_0p4_noise0p25_s9_a0p2_b0p7,42,mixed,0.4,0.25,9,0.2,fpr_owa,1.9380865717848,2.0911797973829334,1.654614713015779,3.5245862353591244,5.390948826690788,0.7
full_seed42_mixed_0p4_noise0p25_s9_a0p2_b0p7,42,mixed,0.4,0.25,9,0.2,crp,1.854276937512598,1.9794339350813004,1.6521519314397175,2.7891554714623847,6.020136287177876,0.7
full_seed42_mixed_0p4_noise0p25_s9_a0p3_b0p8,42,mixed,0.4,0.25,9,0.3,fpr_owa,1.79046123636158,1.9126853283602496,1.6193992524432932,2.7195115430690677,3.948295377505159,0.8
full_seed42_mixed_0p4_noise0p25_s9_a0p3_b0p8,42,mixed,0.4,0.25,9,0.3,crp,1.7870417080587464,1.89425178692288,1.631604641507555,2.623445317849055,6.1469991823048735,0.8
full_seed42_mixed_0p4_noise0p5_s13_a0p2_b0p7,42,mixed,0.4,0.5,13,0.2,fpr_owa,1.3481230031550608,1.44924613441228,1.2715920795003046,2.159990406453234,3.309807902942984,0.7
full_seed42_mixed_0p4_noise0p5_s13_a0p2_b0p7,42,mixed,0.4,0.5,13,0.2,crp,1.319713313212749,1.4848325769955286,1.2580852714489177,2.389946270042387,4.457043754770063,0.7
full_seed42_mixed_0p4_noise0p5_s13_a0p3_b0p8,42,mixed,0.4,0.5,13,0.3,fpr_owa,1.2972957648287806,1.4189522065943394,1.215002219857571,2.3054525158953045,2.564292222191555,0.8
full_seed42_mixed_0p4_noise0p5_s13_a0p3_b0p8,42,mixed,0.4,0.5,13,0.3,crp,1.3671494462731162,1.6024292903644497,1.280191737247221,2.492013195087934,5.656562184788527,0.8
full_seed42_mixed_0p4_noise0p5_s5_a0p2_b0p7,42,mixed,0.4,0.5,5,0.2,fpr_owa,1.9822291582728655,2.1570780058643257,1.789642504194657,3.599914569536827,5.408064219945023,0.7
full_seed42_mixed_0p4_noise0p5_s5_a0p2_b0p7,42,mixed,0.4,0.5,5,0.2,crp,1.905630190151167,2.053159509976808,1.806166133687724,3.299125574316781,5.408064219945023,0.7
full_seed42_mixed_0p4_noise0p5_s5_a0p3_b0p8,42,mixed,0.4,0.5,5,0.3,fpr_owa,1.830938331387304,1.9561168235787327,1.802154102566232,2.945796897657569,3.93555331607975,0.8
full_seed42_mixed_0p4_noise0p5_s5_a0p3_b0p8,42,mixed,0.4,0.5,5,0.3,crp,1.8381204692654916,1.9762634066223004,1.8066782526707117,2.831610297830412,5.64484505590293,0.8
full_seed42_mixed_0p4_noise0p5_s9_a0p2_b0p7,42,mixed,0.4,0.5,9,0.2,fpr_owa,1.9089937190051205,2.071604362038922,1.7047763310638495,3.422018735389812,5.279389895161661,0.7
full_seed42_mixed_0p4_noise0p5_s9_a0p2_b0p7,42,mixed,0.4,0.5,9,0.2,crp,1.84473926686121,1.9909841711189744,1.69770566416351,2.712160090758726,5.9167839526217865,0.7
full_seed42_mixed_0p4_noise0p5_s9_a0p3_b0p8,42,mixed,0.4,0.5,9,0.3,fpr_owa,1.7846401144209412,1.9190219531008768,1.686744826418055,2.768273950215283,4.675959190651865,0.8
full_seed42_mixed_0p4_noise0p5_s9_a0p3_b0p8,42,mixed,0.4,0.5,9,0.3,crp,1.796853518396328,1.937736256195038,1.6494287639751597,2.7296747008830278,6.002648018969716,0.8
full_seed42_replay_0p0_noise0p1_s13_a0p2_b0p7,42,replay,0.0,0.1,13,0.2,fpr_owa,1.204747239572172,1.2494632978305504,1.1889131152852903,1.6246678019843126,1.7409750298089346,0.7
full_seed42_replay_0p0_noise0p1_s13_a0p2_b0p7,42,replay,0.0,0.1,13,0.2,crp,1.191486461705108,1.2376957719949433,1.179416738452384,1.623294960121627,1.7409750298089346,0.7
full_seed42_replay_0p0_noise0p1_s13_a0p3_b0p8,42,replay,0.0,0.1,13,0.3,fpr_owa,1.4630984710557349,1.53918642759298,1.413795553401175,2.075003842309166,2.180546407161522,0.8
full_seed42_replay_0p0_noise0p1_s13_a0p3_b0p8,42,replay,0.0,0.1,13,0.3,crp,1.4467631249982298,1.527842645203252,1.413795553401175,2.06249096556313,2.180546407161522,0.8
full_seed42_replay_0p0_noise0p1_s5_a0p2_b0p7,42,replay,0.0,0.1,5,0.2,fpr_owa,1.7659881470137384,1.8341841107834416,1.6422287024709643,2.4841127883853624,2.582175321874684,0.7
full_seed42_replay_0p0_noise0p1_s5_a0p2_b0p7,42,replay,0.0,0.1,5,0.2,crp,1.762177388325051,1.8306894776164424,1.6363627809129733,2.4878959573190524,2.582175321874684,0.7
full_seed42_replay_0p0_noise0p1_s5_a0p3_b0p8,42,replay,0.0,0.1,5,0.3,fpr_owa,1.7701030429409303,1.8429993973058765,1.6794693923244517,2.462546527583412,2.5635217374720267,0.8
full_seed42_replay_0p0_noise0p1_s5_a0p3_b0p8,42,replay,0.0,0.1,5,0.3,crp,1.7664736230962712,1.840514815031225,1.6693238918184492,2.462546527583412,2.6002655573153413,0.8
full_seed42_replay_0p0_noise0p1_s9_a0p2_b0p7,42,replay,0.0,0.1,9,0.2,fpr_owa,1.7673726147488216,1.820046874004744,1.6165328076382752,2.410040800315646,2.5120531370564776,0.7
full_seed42_replay_0p0_noise0p1_s9_a0p2_b0p7,42,replay,0.0,0.1,9,0.2,crp,1.7714513101034646,1.8253330804474044,1.6075273062567,2.428746151480345,2.606538732047753,0.7
full_seed42_replay_0p0_noise0p1_s9_a0p3_b0p8,42,replay,0.0,0.1,9,0.3,fpr_owa,1.7371656879270818,1.8102685437459043,1.5684284081958748,2.4840048378615034,2.6013060237435366,0.8
full_seed42_replay_0p0_noise0p1_s9_a0p3_b0p8,42,replay,0.0,0.1,9,0.3,crp,1.736109557417256,1.8095870912974397,1.5684284081958748,2.4876604605738963,2.6133436968660884,0.8
full_seed42_replay_0p0_noise0p25_s13_a0p2_b0p7,42,replay,0.0,0.25,13,0.2,fpr_owa,1.2239519384539213,1.2817026770540818,1.205182468431389,1.760113942280174,2.024275092535646,0.7
full_seed42_replay_0p0_noise0p25_s13_a0p2_b0p7,42,replay,0.0,0.25,13,0.2,crp,1.228143085224447,1.2918372032148613,1.2215950779880556,1.8098277495831048,2.192575520904943,0.7
full_seed42_replay_0p0_noise0p25_s13_a0p3_b0p8,42,replay,0.0,0.25,13,0.3,fpr_owa,1.4230427131961676,1.5184860649784044,1.3737965524029805,2.155221273762169,2.39418818999486,0.8
full_seed42_replay_0p0_noise0p25_s13_a0p3_b0p8,42,replay,0.0,0.25,13,0.3,crp,1.434192939484608,1.537043841999057,1.3925552022650534,2.19196716199457,2.491622044843885,0.8
full_seed42_replay_0p0_noise0p25_s5_a0p2_b0p7,42,replay,0.0,0.25,5,0.2,fpr_owa,1.7534629815201763,1.8176348178843071,1.6702733419829094,2.498835294561254,2.766426926313108,0.7
full_seed42_replay_0p0_noise0p25_s5_a0p2_b0p7,42,replay,0.0,0.25,5,0.2,crp,1.750919109169235,1.8154061964390051,1.6900823210803313,2.498242699555715,2.766426926313108,0.7
full_seed42_replay_0p0_noise0p25_s5_a0p3_b0p8,42,replay,0.0,0.25,5,0.3,fpr_owa,1.7656647976945776,1.8313428892170025,1.736099880157009,2.4929046761809115,2.754470971714729,0.8
full_seed42_replay_0p0_noise0p25_s5_a0p3_b0p8,42,replay,0.0,0.25,5,0.3,crp,1.762879505631455,1.8305644281854552,1.7161598984634852,2.5054429131625677,2.754470971714729,0.8
full_seed42_replay_0p0_noise0p25_s9_a0p2_b0p7,42,replay,0.0,0.25,9,0.2,fpr_owa,1.7426996887661814,1.8000693487288324,1.6339637308116035,2.423123977132854,2.6593326846511403,0.7
full_seed42_replay_0p0_noise0p25_s9_a0p2_b0p7,42,replay,0.0,0.25,9,0.2,crp,1.7484486807812436,1.8083113354429756,1.6317921287252473,2.443223640209078,2.673168391044291,0.7
full_seed42_replay_0p0_noise0p25_s9_a0p3_b0p8,42,replay,0.0,0.25,9,0.3,fpr_owa,1.7265432730010424,1.7937771837860732,1.6347870467410623,2.443306404915865,2.6370559037383408,0.8
full_seed42_replay_0p0_noise0p25_s9_a0p3_b0p8,42,replay,0.0,0.25,9,0.3,crp,1.729064343500987,1.7992915121618167,1.6422004770309964,2.4612275282669507,2.630063848754728,0.8
full_seed42_replay_0p0_noise0p5_s13_a0p2_b0p7,42,replay,0.0,0.5,13,0.2,fpr_owa,1.2651689934985595,1.340754609269621,1.2510081640849386,1.9562212874413472,2.5391523953948094,0.7
full_seed42_replay_0p0_noise0p5_s13_a0p2_b0p7,42,replay,0.0,0.5,13,0.2,crp,1.3676452851344152,1.4522375873098017,1.3720112990616642,2.172286327021716,2.5764505734208294,0.7
full_seed42_replay_0p0_noise0p5_s13_a0p3_b0p8,42,replay,0.0,0.5,13,0.3,fpr_owa,1.367046147538045,1.4636488360017177,1.3150144644377917,2.2460766148079334,2.527203313790653,0.8
full_seed42_replay_0p0_noise0p5_s13_a0p3_b0p8,42,replay,0.0,0.5,13,0.3,crp,1.4643519133953589,1.5679240217709387,1.4013959216001046,2.361975777764385,2.6107952089366337,0.8
full_seed42_replay_0p0_noise0p5_s5_a0p2_b0p7,42,replay,0.0,0.5,5,0.2,fpr_owa,1.7663549785759736,1.835242703992113,1.7353897935097486,2.5297316606163123,3.0735129337104823,0.7
full_seed42_replay_0p0_noise0p5_s5_a0p2_b0p7,42,replay,0.0,0.5,5,0.2,crp,1.7476247049529303,1.8164450216378187,1.752183367507019,2.537587741601228,3.0281323556913127,0.7
full_seed42_replay_0p0_noise0p5_s5_a0p3_b0p8,42,replay,0.0,0.5,5,0.3,fpr_owa,1.7690730180982104,1.8388569143154083,1.7445279805006293,2.59181469592718,3.1350957762386087,0.8
full_seed42_replay_0p0_noise0p5_s5_a0p3_b0p8,42,replay,0.0,0.5,5,0.3,crp,1.7531750319570925,1.8287025008503928,1.7662178708199523,2.616400340353704,3.022361273473713,0.8
full_seed42_replay_0p0_noise0p5_s9_a0p2_b0p7,42,replay,0.0,0.5,9,0.2,fpr_owa,1.7166312646319943,1.7837266978711783,1.6667549411243054,2.4252408629733706,2.913077083781724,0.7
full_seed42_replay_0p0_noise0p5_s9_a0p2_b0p7,42,replay,0.0,0.5,9,0.2,crp,1.7104942297752126,1.7791879314311425,1.6387112181433765,2.4711459704104075,2.7732476705860205,0.7
full_seed42_replay_0p0_noise0p5_s9_a0p3_b0p8,42,replay,0.0,0.5,9,0.3,fpr_owa,1.6986998747237194,1.770390544901288,1.680218113046028,2.473113970704796,2.8112617669113744,0.8
full_seed42_replay_0p0_noise0p5_s9_a0p3_b0p8,42,replay,0.0,0.5,9,0.3,crp,1.700506746090894,1.7740027780973018,1.6522477210922275,2.5266313896558947,2.780846904084026,0.8
full_seed42_replay_0p1_noise0p1_s13_a0p2_b0p7,42,replay,0.1,0.1,13,0.2,fpr_owa,1.2085310896793662,1.251451796776608,1.1954139706649158,1.630417619736885,1.7409750298089346,0.7
full_seed42_replay_0p1_noise0p1_s13_a0p2_b0p7,42,replay,0.1,0.1,13,0.2,crp,1.1944353575712403,1.238861331682511,1.1851258798099051,1.630417619736885,1.7409750298089346,0.7
full_seed42_replay_0p1_noise0p1_s13_a0p3_b0p8,42,replay,0.1,0.1,13,0.3,fpr_owa,1.46565445625135,1.5416272034465,1.4339202281417829,2.0888913147867343,2.180546407161522,0.8
full_seed42_replay_0p1_noise0p1_s13_a0p3_b0p8,42,replay,0.1,0.1,13,0.3,crp,1.44944387055936,1.5300559680383985,1.4339202281417829,2.0721343291156558,2.180546407161522,0.8
full_seed42_replay_0p1_noise0p1_s5_a0p2_b0p7,42,replay,0.1,0.1,5,0.2,fpr_owa,1.7659881470137384,1.8341841107834416,1.6422287024709643,2.4841127883853624,2.582175321874684,0.7
full_seed42_replay_0p1_noise0p1_s5_a0p2_b0p7,42,replay,0.1,0.1,5,0.2,crp,1.762177388325051,1.8306894776164424,1.6363627809129733,2.4878959573190524,2.582175321874684,0.7
full_seed42_replay_0p1_noise0p1_s5_a0p3_b0p8,42,replay,0.1,0.1,5,0.3,fpr_owa,1.7701030429409303,1.8429993973058765,1.6794693923244517,2.462546527583412,2.5635217374720267,0.8
full_seed42_replay_0p1_noise0p1_s5_a0p3_b0p8,42,replay,0.1,0.1,5,0.3,crp,1.7664736230962712,1.840514815031225,1.6693238918184492,2.462546527583412,2.6002655573153413,0.8
full_seed42_replay_0p1_noise0p1_s9_a0p2_b0p7,42,replay,0.1,0.1,9,0.2,fpr_owa,1.7653095964283192,1.817120493193528,1.6364196303313094,2.400422972309749,2.5309862543626704,0.7
full_seed42_replay_0p1_noise0p1_s9_a0p2_b0p7,42,replay,0.1,0.1,9,0.2,crp,1.7684523307853022,1.8214217710169935,1.6341635477628975,2.416904161585931,2.606538732047753,0.7
full_seed42_replay_0p1_noise0p1_s9_a0p3_b0p8,42,replay,0.1,0.1,9,0.3,fpr_owa,1.7399247381851362,1.812998013347292,1.595218688657097,2.4590309021772803,2.6013060237435366,0.8
full_seed42_replay_0p1_noise0p1_s9_a0p3_b0p8,42,replay,0.1,0.1,9,0.3,crp,1.7389210149452543,1.8123547268666684,1.595218688657097,2.463509036901589,2.6133436968660884,0.8
full_seed42_replay_0p1_noise0p25_s13_a0p2_b0p7,42,replay,0.1,0.25,13,0.2,fpr_owa,1.2240605679370873,1.2824095697781912,1.2077717565800778,1.7678451051185324,2.024275092535646,0.7
full_seed42_replay_0p1_noise0p25_s13_a0p2_b0p7,42,replay,0.1,0.25,13,0.2,crp,1.22483406916076,1.2887220092445075,1.239415932759111,1.8089599899662567,2.192575520904943,0.7
full_seed42_replay_0p1_noise0p25_s13_a0p3_b0p8,42,replay,0.1,0.25,13,0.3,fpr_owa,1.4254856151217783,1.5195227340682078,1.3747932920493873,2.1706519789642127,2.39418818999486,0.8
full_seed42_replay_0p1_noise0p25_s13_a0p3_b0p8,42,replay,0.1,0.25,13,0.3,crp,1.4285576384556915,1.5320201536035618,1.397156801299626,2.171139229438551,2.491622044843885,0.8
full_seed42_replay_0p1_noise0p25_s5_a0p2_b0p7,42,replay,0.1,0.25,5,0.2,fpr_owa,1.7534629815201763,1.8176348178843071,1.6702733419829094,2.498835294561254,2.766426926313108,0.7
full_seed42_replay_0p1_noise0p25_s5_a0p2_b0p7,42,replay,0.1,0.25,5,0.2,crp,1.750919109169235,1.8154061964390051,1.6900823210803313,2.498242699555715,2.766426926313108,0.7
full_seed42_replay_0p1_noise0p25_s5_a0p3_b0p8,42,replay,0.1,0.25,5,0.3,fpr_owa,1.7656647976945776,1.8313428892170025,1.736099880157009,2.4929046761809115,2.754470971714729,0.8
full_seed42_replay_0p1_noise0p25_s5_a0p3_b0p8,42,replay,0.1,0.25,5,0.3,crp,1.762879505631455,1.8305644281854552,1.7161598984634852,2.5054429131625677,2.754470971714729,0.8
full_seed42_replay_0p1_noise0p25_s9_a0p2_b0p7,42,replay,0.1,0.25,9,0.2,fpr_owa,1.7393334456213725,1.7966459002514856,1.625790502749863,2.4052872508709484,2.6593326846511403,0.7
full_seed42_replay_0p1_noise0p25_s9_a0p2_b0p7,42,replay,0.1,0.25,9,0.2,crp,1.7507539911280998,1.809731147769072,1.625790502749863,2.4432426231171163,2.673168391044291,0.7
full_seed42_replay_0p1_noise0p25_s9_a0p3_b0p8,42,replay,0.1,0.25,9,0.3,fpr_owa,1.725414816180563,1.793662635409805,1.630937377133926,2.4606518505992736,2.6370559037383408,0.8
full_seed42_replay_0p1_noise0p25_s9_a0p3_b0p8,42,replay,0.1,0.25,9,0.3,crp,1.7326827871123271,1.803539154794084,1.6458000278930798,2.4691620131640186,2.634241340590965,0.8
full_seed42_replay_0p1_noise0p5_s13_a0p2_b0p7,42,replay,0.1,0.5,13,0.2,fpr_owa,1.2695641020823358,1.3444909391387734,1.2527412394494994,1.994101955168461,2.5391523953948094,0.7
full_seed42_replay_0p1_noise0p5_s13_a0p2_b0p7,42,replay,0.1,0.5,13,0.2,crp,1.3706627962072404,1.452142318386187,1.3692779651216016,2.187230090866554,2.5764505734208294,0.7
full_seed42_replay_0p1_noise0p5_s13_a0p3_b0p8,42,replay,0.1,0.5,13,0.3,fpr_owa,1.3702659497199705,1.4678512482954198,1.3182915737940577,2.245115016866033,2.5019942587119544,0.8
full_seed42_replay_0p1_noise0p5_s13_a0p3_b0p8,42,replay,0.1,0.5,13,0.3,crp,1.4727014145764683,1.5742436993427398,1.412225719297468,2.398572008246268,2.6107952089366337,0.8
full_seed42_replay_0p1_noise0p5_s5_a0p2_b0p7,42,replay,0.1,0.5,5,0.2,fpr_owa,1.7663549785759736,1.835242703992113,1.7353897935097486,2.5297316606163123,3.0735129337104823,0.7
full_seed42_replay_0p1_noise0p5_s5_a0p2_b0p7,42,replay,0.1,0.5,5,0.2,crp,1.7476247049529303,1.8164450216378187,1.752183367507019,2.537587741601228,3.0281323556913127,0.7
full_seed42_replay_0p1_noise0p5_s5_a0p3_b0p8,42,replay,0.1,0.5,5,0.3,fpr_owa,1.7690730180982104,1.8388569143154083,1.7445279805006293,2.59181469592718,3.1350957762386087,0.8
full_seed42_replay_0p1_noise0p5_s5_a0p3_b0p8,42,replay,0.1,0.5,5,0.3,crp,1.7531750319570925,1.8287025008503928,1.7662178708199523,2.616400340353704,3.022361273473713,0.8
full_seed42_replay_0p1_noise0p5_s9_a0p2_b0p7,42,replay,0.1,0.5,9,0.2,fpr_owa,1.7178003960497534,1.7865868085107526,1.6844154274514325,2.479159127397172,2.913077083781724,0.7
full_seed42_replay_0p1_noise0p5_s9_a0p2_b0p7,42,replay,0.1,0.5,9,0.2,crp,1.7144050445029368,1.7830401419634114,1.6531059612472996,2.496157986572233,2.7732476705860205,0.7
full_seed42_replay_0p1_noise0p5_s9_a0p3_b0p8,42,replay,0.1,0.5,9,0.3,fpr_owa,1.6935398026271011,1.7682576921517823,1.6745356621633831,2.483135660672689,2.8112617669113744,0.8
full_seed42_replay_0p1_noise0p5_s9_a0p3_b0p8,42,replay,0.1,0.5,9,0.3,crp,1.69855405477067,1.7728566704270796,1.6342523534495106,2.510571274710206,2.780846904084026,0.8
full_seed42_replay_0p2_noise0p1_s13_a0p2_b0p7,42,replay,0.2,0.1,13,0.2,fpr_owa,1.207284613980245,1.2507511753664051,1.209856686586797,1.6197577656048396,1.767637834925179,0.7
full_seed42_replay_0p2_noise0p1_s13_a0p2_b0p7,42,replay,0.2,0.1,13,0.2,crp,1.1929264879499386,1.238151820428061,1.1963249381362038,1.6104187338099378,1.767637834925179,0.7
full_seed42_replay_0p2_noise0p1_s13_a0p3_b0p8,42,replay,0.2,0.1,13,0.3,fpr_owa,1.470757557392687,1.54451005990223,1.4558004421021675,2.065866574992468,2.213811734632014,0.8
full_seed42_replay_0p2_noise0p1_s13_a0p3_b0p8,42,replay,0.2,0.1,13,0.3,crp,1.4545248334506913,1.5332696494379847,1.4558004421021675,2.054940826035708,2.213811734632014,0.8
full_seed42_replay_0p2_noise0p1_s5_a0p2_b0p7,42,replay,0.2,0.1,5,0.2,fpr_owa,1.7618300259613806,1.8320232021877807,1.649929804466284,2.4747806755392183,2.590547060609794,0.7
full_seed42_replay_0p2_noise0p1_s5_a0p2_b0p7,42,replay,0.2,0.1,5,0.2,crp,1.7611365338147098,1.8316102413522573,1.649929804466284,2.4841127883853624,2.590547060609794,0.7
full_seed42_replay_0p2_noise0p1_s5_a0p3_b0p8,42,replay,0.2,0.1,5,0.3,fpr_owa,1.761140002046011,1.8356820934049016,1.6396546955800029,2.483149262214191,2.565256844353045,0.8
full_seed42_replay_0p2_noise0p1_s5_a0p3_b0p8,42,replay,0.2,0.1,5,0.3,crp,1.7594580717932151,1.835115089113672,1.656593448454116,2.483149262214191,2.6002655573153413,0.8
full_seed42_replay_0p2_noise0p1_s9_a0p2_b0p7,42,replay,0.2,0.1,9,0.2,fpr_owa,1.763462054196246,1.815255105123413,1.6362494506965133,2.405133668583358,2.523715867220357,0.7
full_seed42_replay_0p2_noise0p1_s9_a0p2_b0p7,42,replay,0.2,0.1,9,0.2,crp,1.766642155940282,1.8194383685417177,1.627938875548956,2.416904161585931,2.606538732047753,0.7
full_seed42_replay_0p2_noise0p1_s9_a0p3_b0p8,42,replay,0.2,0.1,9,0.3,fpr_owa,1.7377213096079052,1.8106333325504709,1.58330654609797,2.465015463679077,2.6013060237435366,0.8
full_seed42_replay_0p2_noise0p1_s9_a0p3_b0p8,42,replay,0.2,0.1,9,0.3,crp,1.7368755739055823,1.8100951711956836,1.58330654609797,2.470435528997765,2.6133436968660884,0.8
full_seed42_replay_0p2_noise0p25_s13_a0p2_b0p7,42,replay,0.2,0.25,13,0.2,fpr_owa,1.2252307138263774,1.2840567882289078,1.2070388101376557,1.7573295815740435,2.0494821547653967,0.7
full_seed42_replay_0p2_noise0p25_s13_a0p2_b0p7,42,replay,0.2,0.25,13,0.2,crp,1.2311827614755528,1.292467932531657,1.269211143095463,1.8089599899662567,2.192575520904943,0.7
full_seed42_replay_0p2_noise0p25_s13_a0p3_b0p8,42,replay,0.2,0.25,13,0.3,fpr_owa,1.4333153465842656,1.526540137101805,1.407043141806413,2.148419115597981,2.429477342256917,0.8
full_seed42_replay_0p2_noise0p25_s13_a0p3_b0p8,42,replay,0.2,0.25,13,0.3,crp,1.434370100396106,1.535550278991035,1.4099445097591072,2.17915194415586,2.491622044843885,0.8
full_seed42_replay_0p2_noise0p25_s5_a0p2_b0p7,42,replay,0.2,0.25,5,0.2,fpr_owa,1.76072013060265,1.8265004797400703,1.681786348501335,2.534405239440696,2.766426926313108,0.7
full_seed42_replay_0p2_noise0p25_s5_a0p2_b0p7,42,replay,0.2,0.25,5,0.2,crp,1.7619881891023257,1.8283994277961089,1.6863108750030562,2.534405239440696,2.766426926313108,0.7
full_seed42_replay_0p2_noise0p25_s5_a0p3_b0p8,42,replay,0.2,0.25,5,0.3,fpr_owa,1.7670104623002707,1.8345777042694045,1.707697107781176,2.5069079720387064,2.7216992001124214,0.8
full_seed42_replay_0p2_noise0p25_s5_a0p3_b0p8,42,replay,0.2,0.25,5,0.3,crp,1.766447057103854,1.8363659627048925,1.698476907379403,2.5136594843067948,2.7240547795416963,0.8
full_seed42_replay_0p2_noise0p25_s9_a0p2_b0p7,42,replay,0.2,0.25,9,0.2,fpr_owa,1.7347876545315593,1.7923847101225383,1.6208949108194024,2.436770232583476,2.6593326846511403,0.7
full_seed42_replay_0p2_noise0p25_s9_a0p2_b0p7,42,replay,0.2,0.25,9,0.2,crp,1.7471681099073897,1.807016633730557,1.624514143212593,2.4436806724641134,2.673168391044291,0.7
full_seed42_replay_0p2_noise0p25_s9_a0p3_b0p8,42,replay,0.2,0.25,9,0.3,fpr_owa,1.7231933902285277,1.7911352788937205,1.6262124002786722,2.466861786028294,2.6370559037383408,0.8
full_seed42_replay_0p2_noise0p25_s9_a0p3_b0p8,42,replay,0.2,0.25,9,0.3,crp,1.7306871436496516,1.8014840617942012,1.638797233668611,2.474668269989961,2.630063848754728,0.8
full_seed42_replay_0p2_noise0p5_s13_a0p2_b0p7,42,replay,0.2,0.5,13,0.2,fpr_owa,1.2691560361727714,1.3454215699112355,1.256730100823109,1.9862719336671948,2.56435945762456,0.7
full_seed42_replay_0p2_noise0p5_s13_a0p2_b0p7,42,replay,0.2,0.5,13,0.2,crp,1.360612858443866,1.4392192953948666,1.378842257913481,2.166291968033822,2.5764505734208294,0.7
full_seed42_replay_0p2_noise0p5_s13_a0p3_b0p8,42,replay,0.2,0.5,13,0.3,fpr_owa,1.3599674224049705,1.4557201581804389,1.3212871765202556,2.2221995775587664,2.487182695732886,0.8
full_seed42_replay_0p2_noise0p5_s13_a0p3_b0p8,42,replay,0.2,0.5,13,0.3,crp,1.4669821429148124,1.566186543203921,1.412743864266491,2.330303297549893,2.6107952089366337,0.8
full_seed42_replay_0p2_noise0p5_s5_a0p2_b0p7,42,replay,0.2,0.5,5,0.2,fpr_owa,1.7653248247147302,1.837857974695083,1.718307414091287,2.641968034398371,3.0735129337104823,0.7
full_seed42_replay_0p2_noise0p5_s5_a0p2_b0p7,42,replay,0.2,0.5,5,0.2,crp,1.7503113181223784,1.819481366103472,1.7486875995851792,2.566108309113845,2.9908087804299086,0.7
full_seed42_replay_0p2_noise0p5_s5_a0p3_b0p8,42,replay,0.2,0.5,5,0.3,fpr_owa,1.7663168661820785,1.838913023129159,1.7420362758244077,2.6246608965371543,3.102324004636301,0.8
full_seed42_replay_0p2_noise0p5_s5_a0p3_b0p8,42,replay,0.2,0.5,5,0.3,crp,1.7537230065651137,1.830014607621969,1.7685218036083854,2.618824567101701,2.8444127541987614,0.8
full_seed42_replay_0p2_noise0p5_s9_a0p2_b0p7,42,replay,0.2,0.5,9,0.2,fpr_owa,1.7135094762456944,1.7813985160154235,1.6924436580797555,2.479066533880463,2.913077083781724,0.7
full_seed42_replay_0p2_noise0p5_s9_a0p2_b0p7,42,replay,0.2,0.5,9,0.2,crp,1.7158469240077845,1.7837754842088875,1.6678950599968074,2.496157986572233,2.7732476705860205,0.7
full_seed42_replay_0p2_noise0p5_s9_a0p3_b0p8,42,replay,0.2,0.5,9,0.3,fpr_owa,1.684765873897502,1.7593720756099058,1.6700689779122055,2.5047438603143397,2.8112617669113744,0.8
full_seed42_replay_0p2_noise0p5_s9_a0p3_b0p8,42,replay,0.2,0.5,9,0.3,crp,1.6969355395104118,1.7716027871362787,1.6550980255174887,2.5266313896558947,2.780846904084026,0.8
full_seed42_replay_0p3_noise0p1_s13_a0p2_b0p7,42,replay,0.3,0.1,13,0.2,fpr_owa,1.2072901801980245,1.2508782718034794,1.208664457200718,1.6244618785882126,1.7046080129640484,0.7
full_seed42_replay_0p3_noise0p1_s13_a0p2_b0p7,42,replay,0.3,0.1,13,0.2,crp,1.1923000375307615,1.237489196667764,1.1950046749624217,1.6137764926774614,1.7046080129640484,0.7
full_seed42_replay_0p3_noise0p1_s13_a0p3_b0p8,42,replay,0.3,0.1,13,0.3,fpr_owa,1.4715430715616995,1.545210952121526,1.4693214617705148,2.0747693637880804,2.180546407161522,0.8
full_seed42_replay_0p3_noise0p1_s13_a0p3_b0p8,42,replay,0.3,0.1,13,0.3,crp,1.4547372061527346,1.5332242387154438,1.4693214617705148,2.055426885581473,2.180546407161522,0.8
full_seed42_replay_0p3_noise0p1_s5_a0p2_b0p7,42,replay,0.3,0.1,5,0.2,fpr_owa,1.7587840354883368,1.829183278677332,1.6422287024709643,2.492729110436056,2.582175321874684,0.7
full_seed42_replay_0p3_noise0p1_s5_a0p2_b0p7,42,replay,0.3,0.1,5,0.2,crp,1.7570178452165994,1.8276896499537607,1.6422287024709643,2.494569001938653,2.582175321874684,0.7
full_seed42_replay_0p3_noise0p1_s5_a0p3_b0p8,42,replay,0.3,0.1,5,0.3,fpr_owa,1.759539471451184,1.8339594968261963,1.6639960095481698,2.47860552641989,2.5635217374720267,0.8
full_seed42_replay_0p3_noise0p1_s5_a0p3_b0p8,42,replay,0.3,0.1,5,0.3,crp,1.7563635406258438,1.8319212022087008,1.6639960095481698,2.47860552641989,2.6002655573153413,0.8
full_seed42_replay_0p3_noise0p1_s9_a0p2_b0p7,42,replay,0.3,0.1,9,0.2,fpr_owa,1.7631340341847002,1.814695149313979,1.638026640853706,2.4186640013894767,2.5416478723416187,0.7
full_seed42_replay_0p3_noise0p1_s9_a0p2_b0p7,42,replay,0.3,0.1,9,0.2,crp,1.7664438861000882,1.819049546311558,1.626944858783366,2.4375400668299227,2.606538732047753,0.7
full_seed42_replay_0p3_noise0p1_s9_a0p3_b0p8,42,replay,0.3,0.1,9,0.3,fpr_owa,1.7354730999521837,1.8079917476588756,1.60476550325592,2.4700910761851373,2.6013060237435366,0.8
full_seed42_replay_0p3_noise0p1_s9_a0p3_b0p8,42,replay,0.3,0.1,9,0.3,crp,1.7346383077139318,1.807479252761116,1.5964272400616684,2.4876604605738963,2.6133436968660884,0.8
full_seed42_replay_0p3_noise0p25_s13_a0p2_b0p7,42,replay,0.3,0.25,13,0.2,fpr_owa,1.227159644807636,1.2850692268578845,1.2030378544190596,1.7557864773989946,2.0409243223979767,0.7
full_seed42_replay_0p3_noise0p25_s13_a0p2_b0p7,42,replay,0.3,0.25,13,0.2,crp,1.231413772483496,1.29099364994758,1.2626036557891256,1.7571514071203809,2.192575520904943,0.7
full_seed42_replay_0p3_noise0p25_s13_a0p3_b0p8,42,replay,0.3,0.25,13,0.3,fpr_owa,1.4304174895227528,1.5235382434178075,1.3951113381891391,2.147119541164064,2.3445412362164166,0.8
full_seed42_replay_0p3_noise0p25_s13_a0p3_b0p8,42,replay,0.3,0.25,13,0.3,crp,1.4314320763979202,1.53136713661574,1.3974596452302783,2.1567256456089674,2.491622044843885,0.8
full_seed42_replay_0p3_noise0p25_s5_a0p2_b0p7,42,replay,0.3,0.25,5,0.2,fpr_owa,1.7578285244084555,1.825538779083528,1.6702733419829094,2.542928220014365,2.766426926313108,0.7
full_seed42_replay_0p3_noise0p25_s5_a0p2_b0p7,42,replay,0.3,0.25,5,0.2,crp,1.7589220667926406,1.8268973009490408,1.68555779457861,2.542928220014365,2.766426926313108,0.7
full_seed42_replay_0p3_noise0p25_s5_a0p3_b0p8,42,replay,0.3,0.25,5,0.3,fpr_owa,1.7596229718391732,1.826574986127383,1.6987148295398282,2.5054429131625677,2.685218321137698,0.8
full_seed42_replay_0p3_noise0p25_s5_a0p3_b0p8,42,replay,0.3,0.25,5,0.3,crp,1.7581500513990431,1.8267937223107644,1.6879371640981118,2.5069079720387064,2.7240547795416963,0.8
full_seed42_replay_0p3_noise0p25_s9_a0p2_b0p7,42,replay,0.3,0.25,9,0.2,fpr_owa,1.7370462412093428,1.7936977828165237,1.6294120298447707,2.427956299852821,2.6593326846511403,0.7
full_seed42_replay_0p3_noise0p25_s9_a0p2_b0p7,42,replay,0.3,0.25,9,0.2,crp,1.7479426014772144,1.806244733593555,1.639511001884591,2.4496359010608724,2.673168391044291,0.7
full_seed42_replay_0p3_noise0p25_s9_a0p3_b0p8,42,replay,0.3,0.25,9,0.3,fpr_owa,1.730271834512336,1.7975052114967034,1.6227174037141423,2.4612028850158816,2.6370559037383408,0.8
full_seed42_replay_0p3_noise0p25_s9_a0p3_b0p8,42,replay,0.3,0.25,9,0.3,crp,1.7335702751008242,1.8025568309439293,1.631604641507555,2.4867493112491545,2.630063848754728,0.8
full_seed42_replay_0p3_noise0p5_s13_a0p2_b0p7,42,replay,0.3,0.5,13,0.2,fpr_owa,1.2612151780240788,1.3361580099752497,1.242017096870342,1.9678044741532368,2.564360340163068,0.7
full_seed42_replay_0p3_noise0p5_s13_a0p2_b0p7,42,replay,0.3,0.5,13,0.2,crp,1.3601116847334038,1.4365125578274769,1.3746545314187044,2.16576820810251,2.5764505734208294,0.7
full_seed42_replay_0p3_noise0p5_s13_a0p3_b0p8,42,replay,0.3,0.5,13,0.3,fpr_owa,1.358069477578577,1.4523227950865814,1.313148384975468,2.1856116814090694,2.487182695732886,0.8
full_seed42_replay_0p3_noise0p5_s13_a0p3_b0p8,42,replay,0.3,0.5,13,0.3,crp,1.471809363943913,1.5712646144096314,1.405813799181962,2.3541812790607515,2.6107952089366337,0.8
full_seed42_replay_0p3_noise0p5_s5_a0p2_b0p7,42,replay,0.3,0.5,5,0.2,fpr_owa,1.7639209698299825,1.8342960885602029,1.7286285183986612,2.5810117820578857,3.0900269978175623,0.7
full_seed42_replay_0p3_noise0p5_s5_a0p2_b0p7,42,replay,0.3,0.5,5,0.2,crp,1.7411201124244309,1.8085522907512197,1.7486875995851792,2.566108309113845,3.0900269978175623,0.7
full_seed42_replay_0p3_noise0p5_s5_a0p3_b0p8,42,replay,0.3,0.5,5,0.3,fpr_owa,1.7542739297065684,1.8251875271268048,1.7425672045324352,2.61544739052765,2.9898329744077907,0.8
full_seed42_replay_0p3_noise0p5_s5_a0p3_b0p8,42,replay,0.3,0.5,5,0.3,crp,1.742036245405823,1.816129701222908,1.7613361737152062,2.616400340353704,2.9898329744077907,0.8
full_seed42_replay_0p3_noise0p5_s9_a0p2_b0p7,42,replay,0.3,0.5,9,0.2,fpr_owa,1.7079132595073798,1.773074784046933,1.6799368706249047,2.4725184298892184,2.913077083781724,0.7
full_seed42_replay_0p3_noise0p5_s9_a0p2_b0p7,42,replay,0.3,0.5,9,0.2,crp,1.712446342948659,1.7796860107215726,1.6666012134408643,2.487821470098335,2.7732476705860205,0.7
full_seed42_replay_0p3_noise0p5_s9_a0p3_b0p8,42,replay,0.3,0.5,9,0.3,fpr_owa,1.6915090851906782,1.7629316468093643,1.6762147016713072,2.534847784393484,2.8112617669113744,0.8
full_seed42_replay_0p3_noise0p5_s9_a0p3_b0p8,42,replay,0.3,0.5,9,0.3,crp,1.6933834599616129,1.766537916459383,1.6486890458601915,2.525728956036548,2.780846904084026,0.8
full_seed42_replay_0p4_noise0p1_s13_a0p2_b0p7,42,replay,0.4,0.1,13,0.2,fpr_owa,1.2108887528569183,1.2540252451302691,1.208664457200718,1.6270934079900543,1.6999793311916491,0.7
full_seed42_replay_0p4_noise0p1_s13_a0p2_b0p7,42,replay,0.4,0.1,13,0.2,crp,1.19465191668345,1.2391213651584765,1.1946982573018703,1.619227785202825,1.6999793311916491,0.7
full_seed42_replay_0p4_noise0p1_s13_a0p3_b0p8,42,replay,0.4,0.1,13,0.3,fpr_owa,1.4749169360543044,1.5484509329092675,1.4696375943774649,2.0724405358291618,2.180546407161522,0.8
full_seed42_replay_0p4_noise0p1_s13_a0p3_b0p8,42,replay,0.4,0.1,13,0.3,crp,1.4570002961004154,1.53504367808797,1.4696375943774649,2.0519629651082947,2.180546407161522,0.8
full_seed42_replay_0p4_noise0p1_s5_a0p2_b0p7,42,replay,0.4,0.1,5,0.2,fpr_owa,1.7587840354883368,1.829183278677332,1.6422287024709643,2.492729110436056,2.582175321874684,0.7
full_seed42_replay_0p4_noise0p1_s5_a0p2_b0p7,42,replay,0.4,0.1,5,0.2,crp,1.7570178452165994,1.8276896499537607,1.6422287024709643,2.494569001938653,2.582175321874684,0.7
full_seed42_replay_0p4_noise0p1_s5_a0p3_b0p8,42,replay,0.4,0.1,5,0.3,fpr_owa,1.759539471451184,1.8339594968261963,1.6639960095481698,2.47860552641989,2.5635217374720267,0.8
full_seed42_replay_0p4_noise0p1_s5_a0p3_b0p8,42,replay,0.4,0.1,5,0.3,crp,1.7563635406258438,1.8319212022087008,1.6639960095481698,2.47860552641989,2.6002655573153413,0.8
full_seed42_replay_0p4_noise0p1_s9_a0p2_b0p7,42,replay,0.4,0.1,9,0.2,fpr_owa,1.762511964318766,1.8132370694636857,1.6388877604529344,2.3995658247724583,2.5467294325197654,0.7
full_seed42_replay_0p4_noise0p1_s9_a0p2_b0p7,42,replay,0.4,0.1,9,0.2,crp,1.7667503687500934,1.818784518196311,1.623755995648646,2.4092433200898133,2.606538732047753,0.7
full_seed42_replay_0p4_noise0p1_s9_a0p3_b0p8,42,replay,0.4,0.1,9,0.3,fpr_owa,1.7343889606234322,1.806132372938676,1.6088708114775216,2.480069247282226,2.6013060237435366,0.8
full_seed42_replay_0p4_noise0p1_s9_a0p3_b0p8,42,replay,0.4,0.1,9,0.3,crp,1.7338999659269094,1.80599999212052,1.6005325482832702,2.4849853181668267,2.6133436968660884,0.8
full_seed42_replay_0p4_noise0p25_s13_a0p2_b0p7,42,replay,0.4,0.25,13,0.2,fpr_owa,1.22865966681243,1.2865909423595363,1.2251119210867414,1.7678418772730369,2.1043449542447887,0.7
full_seed42_replay_0p4_noise0p25_s13_a0p2_b0p7,42,replay,0.4,0.25,13,0.2,crp,1.2293657772273998,1.2902824299661535,1.266843724121512,1.7807783146972906,2.192575520904943,0.7
full_seed42_replay_0p4_noise0p25_s13_a0p3_b0p8,42,replay,0.4,0.25,13,0.3,fpr_owa,1.429690606199613,1.521908046801704,1.4077644190586105,2.14128703915014,2.3634427622779444,0.8
full_seed42_replay_0p4_noise0p25_s13_a0p3_b0p8,42,replay,0.4,0.25,13,0.3,crp,1.4327617344232522,1.5341598308993074,1.4174610627722208,2.1616621379210814,2.491622044843885,0.8
full_seed42_replay_0p4_noise0p25_s5_a0p2_b0p7,42,replay,0.4,0.25,5,0.2,fpr_owa,1.7578285244084555,1.825538779083528,1.6702733419829094,2.542928220014365,2.766426926313108,0.7
full_seed42_replay_0p4_noise0p25_s5_a0p2_b0p7,42,replay,0.4,0.25,5,0.2,crp,1.7589220667926406,1.8268973009490408,1.68555779457861,2.542928220014365,2.766426926313108,0.7
full_seed42_replay_0p4_noise0p25_s5_a0p3_b0p8,42,replay,0.4,0.25,5,0.3,fpr_owa,1.7596229718391732,1.826574986127383,1.6987148295398282,2.5054429131625677,2.685218321137698,0.8
full_seed42_replay_0p4_noise0p25_s5_a0p3_b0p8,42,replay,0.4,0.25,5,0.3,crp,1.7581500513990431,1.8267937223107644,1.6879371640981118,2.5069079720387064,2.7240547795416963,0.8
full_seed42_replay_0p4_noise0p25_s9_a0p2_b0p7,42,replay,0.4,0.25,9,0.2,fpr_owa,1.7379629840679416,1.793721430982659,1.6155845131495934,2.443297831983182,2.6593326846511403,0.7
full_seed42_replay_0p4_noise0p25_s9_a0p2_b0p7,42,replay,0.4,0.25,9,0.2,crp,1.7507465065357168,1.8075272191744944,1.6297611415824966,2.4432413094843763,2.673168391044291,0.7
full_seed42_replay_0p4_noise0p25_s9_a0p3_b0p8,42,replay,0.4,0.25,9,0.3,fpr_owa,1.728396944630332,1.7962525979062898,1.6313738928897767,2.4608488199820915,2.6370559037383408,0.8
full_seed42_replay_0p4_noise0p25_s9_a0p3_b0p8,42,replay,0.4,0.25,9,0.3,crp,1.7324542145246709,1.8014325805881672,1.669375771389331,2.4861034083017266,2.630063848754728,0.8
full_seed42_replay_0p4_noise0p5_s13_a0p2_b0p7,42,replay,0.4,0.5,13,0.2,fpr_owa,1.2638242874448251,1.3370782725965378,1.2533647000950237,1.9848331667085568,2.566250492769221,0.7
full_seed42_replay_0p4_noise0p5_s13_a0p2_b0p7,42,replay,0.4,0.5,13,0.2,crp,1.3630863545463698,1.4391453011229036,1.378842257913481,2.1222577150221684,2.5764505734208294,0.7
full_seed42_replay_0p4_noise0p5_s13_a0p3_b0p8,42,replay,0.4,0.5,13,0.3,fpr_owa,1.3561941804473945,1.4498449535773597,1.318579383783662,2.188603198014052,2.487182695732886,0.8
full_seed42_replay_0p4_noise0p5_s13_a0p3_b0p8,42,replay,0.4,0.5,13,0.3,crp,1.4811271756064308,1.579880593896593,1.426773504990439,2.3327904594392668,2.6107952089366337,0.8
full_seed42_replay_0p4_noise0p5_s5_a0p2_b0p7,42,replay,0.4,0.5,5,0.2,fpr_owa,1.7639209698299825,1.8342960885602029,1.7286285183986612,2.5810117820578857,3.0900269978175623,0.7
full_seed42_replay_0p4_noise0p5_s5_a0p2_b0p7,42,replay,0.4,0.5,5,0.2,crp,1.7411201124244309,1.8085522907512197,1.7486875995851792,2.566108309113845,3.0900269978175623,0.7
full_seed42_replay_0p4_noise0p5_s5_a0p3_b0p8,42,replay,0.4,0.5,5,0.3,fpr_owa,1.7542739297065684,1.8251875271268048,1.7425672045324352,2.61544739052765,2.9898329744077907,0.8
full_seed42_replay_0p4_noise0p5_s5_a0p3_b0p8,42,replay,0.4,0.5,5,0.3,crp,1.742036245405823,1.816129701222908,1.7613361737152062,2.616400340353704,2.9898329744077907,0.8
full_seed42_replay_0p4_noise0p5_s9_a0p2_b0p7,42,replay,0.4,0.5,9,0.2,fpr_owa,1.7066030393973728,1.7724315909205386,1.6570999645952844,2.4678646511930777,2.913077083781724,0.7
full_seed42_replay_0p4_noise0p5_s9_a0p2_b0p7,42,replay,0.4,0.5,9,0.2,crp,1.7092993455080427,1.7772675050024591,1.6566361831088543,2.4574400360954693,2.795818958569733,0.7
full_seed42_replay_0p4_noise0p5_s9_a0p3_b0p8,42,replay,0.4,0.5,9,0.3,fpr_owa,1.6881656070788107,1.7584951678877525,1.6659068393534686,2.534847784393484,2.8112617669113744,0.8
full_seed42_replay_0p4_noise0p5_s9_a0p3_b0p8,42,replay,0.4,0.5,9,0.3,crp,1.6921449620174325,1.7660410095299042,1.6401471981925633,2.5602163016126163,2.886852615897009,0.8
full_seed42_scaling_0p0_noise0p1_s13_a0p2_b0p7,42,scaling,0.0,0.1,13,0.2,fpr_owa,1.204747239572172,1.2494632978305504,1.1889131152852903,1.6246678019843126,1.7409750298089346,0.7
full_seed42_scaling_0p0_noise0p1_s13_a0p2_b0p7,42,scaling,0.0,0.1,13,0.2,crp,1.191486461705108,1.2376957719949433,1.179416738452384,1.623294960121627,1.7409750298089346,0.7
full_seed42_scaling_0p0_noise0p1_s13_a0p3_b0p8,42,scaling,0.0,0.1,13,0.3,fpr_owa,1.4630984710557349,1.53918642759298,1.413795553401175,2.075003842309166,2.180546407161522,0.8
full_seed42_scaling_0p0_noise0p1_s13_a0p3_b0p8,42,scaling,0.0,0.1,13,0.3,crp,1.4467631249982298,1.527842645203252,1.413795553401175,2.06249096556313,2.180546407161522,0.8
full_seed42_scaling_0p0_noise0p1_s5_a0p2_b0p7,42,scaling,0.0,0.1,5,0.2,fpr_owa,1.7659881470137384,1.8341841107834416,1.6422287024709643,2.4841127883853624,2.582175321874684,0.7
full_seed42_scaling_0p0_noise0p1_s5_a0p2_b0p7,42,scaling,0.0,0.1,5,0.2,crp,1.762177388325051,1.8306894776164424,1.6363627809129733,2.4878959573190524,2.582175321874684,0.7
full_seed42_scaling_0p0_noise0p1_s5_a0p3_b0p8,42,scaling,0.0,0.1,5,0.3,fpr_owa,1.7701030429409303,1.8429993973058765,1.6794693923244517,2.462546527583412,2.5635217374720267,0.8
full_seed42_scaling_0p0_noise0p1_s5_a0p3_b0p8,42,scaling,0.0,0.1,5,0.3,crp,1.7664736230962712,1.840514815031225,1.6693238918184492,2.462546527583412,2.6002655573153413,0.8
full_seed42_scaling_0p0_noise0p1_s9_a0p2_b0p7,42,scaling,0.0,0.1,9,0.2,fpr_owa,1.7673726147488216,1.820046874004744,1.6165328076382752,2.410040800315646,2.5120531370564776,0.7
full_seed42_scaling_0p0_noise0p1_s9_a0p2_b0p7,42,scaling,0.0,0.1,9,0.2,crp,1.7714513101034646,1.8253330804474044,1.6075273062567,2.428746151480345,2.606538732047753,0.7
full_seed42_scaling_0p0_noise0p1_s9_a0p3_b0p8,42,scaling,0.0,0.1,9,0.3,fpr_owa,1.7371656879270818,1.8102685437459043,1.5684284081958748,2.4840048378615034,2.6013060237435366,0.8
full_seed42_scaling_0p0_noise0p1_s9_a0p3_b0p8,42,scaling,0.0,0.1,9,0.3,crp,1.736109557417256,1.8095870912974397,1.5684284081958748,2.4876604605738963,2.6133436968660884,0.8
full_seed42_scaling_0p0_noise0p25_s13_a0p2_b0p7,42,scaling,0.0,0.25,13,0.2,fpr_owa,1.2239519384539213,1.2817026770540818,1.205182468431389,1.760113942280174,2.024275092535646,0.7
full_seed42_scaling_0p0_noise0p25_s13_a0p2_b0p7,42,scaling,0.0,0.25,13,0.2,crp,1.228143085224447,1.2918372032148613,1.2215950779880556,1.8098277495831048,2.192575520904943,0.7
full_seed42_scaling_0p0_noise0p25_s13_a0p3_b0p8,42,scaling,0.0,0.25,13,0.3,fpr_owa,1.4230427131961676,1.5184860649784044,1.3737965524029805,2.155221273762169,2.39418818999486,0.8
full_seed42_scaling_0p0_noise0p25_s13_a0p3_b0p8,42,scaling,0.0,0.25,13,0.3,crp,1.434192939484608,1.537043841999057,1.3925552022650534,2.19196716199457,2.491622044843885,0.8
full_seed42_scaling_0p0_noise0p25_s5_a0p2_b0p7,42,scaling,0.0,0.25,5,0.2,fpr_owa,1.7534629815201763,1.8176348178843071,1.6702733419829094,2.498835294561254,2.766426926313108,0.7
full_seed42_scaling_0p0_noise0p25_s5_a0p2_b0p7,42,scaling,0.0,0.25,5,0.2,crp,1.750919109169235,1.8154061964390051,1.6900823210803313,2.498242699555715,2.766426926313108,0.7
full_seed42_scaling_0p0_noise0p25_s5_a0p3_b0p8,42,scaling,0.0,0.25,5,0.3,fpr_owa,1.7656647976945776,1.8313428892170025,1.736099880157009,2.4929046761809115,2.754470971714729,0.8
full_seed42_scaling_0p0_noise0p25_s5_a0p3_b0p8,42,scaling,0.0,0.25,5,0.3,crp,1.762879505631455,1.8305644281854552,1.7161598984634852,2.5054429131625677,2.754470971714729,0.8
full_seed42_scaling_0p0_noise0p25_s9_a0p2_b0p7,42,scaling,0.0,0.25,9,0.2,fpr_owa,1.7426996887661814,1.8000693487288324,1.6339637308116035,2.423123977132854,2.6593326846511403,0.7
full_seed42_scaling_0p0_noise0p25_s9_a0p2_b0p7,42,scaling,0.0,0.25,9,0.2,crp,1.7484486807812436,1.8083113354429756,1.6317921287252473,2.443223640209078,2.673168391044291,0.7
full_seed42_scaling_0p0_noise0p25_s9_a0p3_b0p8,42,scaling,0.0,0.25,9,0.3,fpr_owa,1.7265432730010424,1.7937771837860732,1.6347870467410623,2.443306404915865,2.6370559037383408,0.8
full_seed42_scaling_0p0_noise0p25_s9_a0p3_b0p8,42,scaling,0.0,0.25,9,0.3,crp,1.729064343500987,1.7992915121618167,1.6422004770309964,2.4612275282669507,2.630063848754728,0.8
full_seed42_scaling_0p0_noise0p5_s13_a0p2_b0p7,42,scaling,0.0,0.5,13,0.2,fpr_owa,1.2651689934985595,1.340754609269621,1.2510081640849386,1.9562212874413472,2.5391523953948094,0.7
full_seed42_scaling_0p0_noise0p5_s13_a0p2_b0p7,42,scaling,0.0,0.5,13,0.2,crp,1.3676452851344152,1.4522375873098017,1.3720112990616642,2.172286327021716,2.5764505734208294,0.7
full_seed42_scaling_0p0_noise0p5_s13_a0p3_b0p8,42,scaling,0.0,0.5,13,0.3,fpr_owa,1.367046147538045,1.4636488360017177,1.3150144644377917,2.2460766148079334,2.527203313790653,0.8
full_seed42_scaling_0p0_noise0p5_s13_a0p3_b0p8,42,scaling,0.0,0.5,13,0.3,crp,1.4643519133953589,1.5679240217709387,1.4013959216001046,2.361975777764385,2.6107952089366337,0.8
full_seed42_scaling_0p0_noise0p5_s5_a0p2_b0p7,42,scaling,0.0,0.5,5,0.2,fpr_owa,1.7663549785759736,1.835242703992113,1.7353897935097486,2.5297316606163123,3.0735129337104823,0.7
full_seed42_scaling_0p0_noise0p5_s5_a0p2_b0p7,42,scaling,0.0,0.5,5,0.2,crp,1.7476247049529303,1.8164450216378187,1.752183367507019,2.537587741601228,3.0281323556913127,0.7
full_seed42_scaling_0p0_noise0p5_s5_a0p3_b0p8,42,scaling,0.0,0.5,5,0.3,fpr_owa,1.7690730180982104,1.8388569143154083,1.7445279805006293,2.59181469592718,3.1350957762386087,0.8
full_seed42_scaling_0p0_noise0p5_s5_a0p3_b0p8,42,scaling,0.0,0.5,5,0.3,crp,1.7531750319570925,1.8287025008503928,1.7662178708199523,2.616400340353704,3.022361273473713,0.8
full_seed42_scaling_0p0_noise0p5_s9_a0p2_b0p7,42,scaling,0.0,0.5,9,0.2,fpr_owa,1.7166312646319943,1.7837266978711783,1.6667549411243054,2.4252408629733706,2.913077083781724,0.7
full_seed42_scaling_0p0_noise0p5_s9_a0p2_b0p7,42,scaling,0.0,0.5,9,0.2,crp,1.7104942297752126,1.7791879314311425,1.6387112181433765,2.4711459704104075,2.7732476705860205,0.7
full_seed42_scaling_0p0_noise0p5_s9_a0p3_b0p8,42,scaling,0.0,0.5,9,0.3,fpr_owa,1.6986998747237194,1.770390544901288,1.680218113046028,2.473113970704796,2.8112617669113744,0.8
full_seed42_scaling_0p0_noise0p5_s9_a0p3_b0p8,42,scaling,0.0,0.5,9,0.3,crp,1.700506746090894,1.7740027780973018,1.6522477210922275,2.5266313896558947,2.780846904084026,0.8
full_seed42_scaling_0p1_noise0p1_s13_a0p2_b0p7,42,scaling,0.1,0.1,13,0.2,fpr_owa,1.211990070860653,1.2578936393534097,1.2006013256268906,1.653836357405524,1.7906463267256822,0.7
full_seed42_scaling_0p1_noise0p1_s13_a0p2_b0p7,42,scaling,0.1,0.1,13,0.2,crp,1.1985504034380914,1.246199367867493,1.1889131152852903,1.653836357405524,1.7906463267256822,0.7
full_seed42_scaling_0p1_noise0p1_s13_a0p3_b0p8,42,scaling,0.1,0.1,13,0.3,fpr_owa,1.4713353649756575,1.5488621884068725,1.4191788862475376,2.083180300542068,2.1873608443310024,0.8
full_seed42_scaling_0p1_noise0p1_s13_a0p3_b0p8,42,scaling,0.1,0.1,13,0.3,crp,1.4560487629787602,1.538581257704946,1.4191788862475376,2.076166351125136,2.1873608443310024,0.8
full_seed42_scaling_0p1_noise0p1_s5_a0p2_b0p7,42,scaling,0.1,0.1,5,0.2,fpr_owa,1.7659881470137384,1.8341841107834416,1.6422287024709643,2.4841127883853624,2.582175321874684,0.7
full_seed42_scaling_0p1_noise0p1_s5_a0p2_b0p7,42,scaling,0.1,0.1,5,0.2,crp,1.762177388325051,1.8306894776164424,1.6363627809129733,2.4878959573190524,2.582175321874684,0.7
full_seed42_scaling_0p1_noise0p1_s5_a0p3_b0p8,42,scaling,0.1,0.1,5,0.3,fpr_owa,1.7701030429409303,1.8429993973058765,1.6794693923244517,2.462546527583412,2.5635217374720267,0.8
full_seed42_scaling_0p1_noise0p1_s5_a0p3_b0p8,42,scaling,0.1,0.1,5,0.3,crp,1.7664736230962712,1.840514815031225,1.6693238918184492,2.462546527583412,2.6002655573153413,0.8
full_seed42_scaling_0p1_noise0p1_s9_a0p2_b0p7,42,scaling,0.1,0.1,9,0.2,fpr_owa,1.782958465393783,1.8353926808440264,1.6266814748889027,2.426471219167061,2.5120531370564776,0.7
full_seed42_scaling_0p1_noise0p1_s9_a0p2_b0p7,42,scaling,0.1,0.1,9,0.2,crp,1.786473847318727,1.840037706007554,1.623497937421026,2.430908370325283,2.606538732047753,0.7
full_seed42_scaling_0p1_noise0p1_s9_a0p3_b0p8,42,scaling,0.1,0.1,9,0.3,fpr_owa,1.7522131536184806,1.82448014155954,1.6072979200157862,2.462958928499074,2.6013060237435366,0.8
full_seed42_scaling_0p1_noise0p1_s9_a0p3_b0p8,42,scaling,0.1,0.1,9,0.3,crp,1.7514281807347962,1.8241786563159836,1.5989596568215347,2.466411517671728,2.6133436968660884,0.8
full_seed42_scaling_0p1_noise0p25_s13_a0p2_b0p7,42,scaling,0.1,0.25,13,0.2,fpr_owa,1.2328468872016127,1.2916529750982064,1.2126837180288677,1.7657474707011849,2.073946389452394,0.7
full_seed42_scaling_0p1_noise0p25_s13_a0p2_b0p7,42,scaling,0.1,0.25,13,0.2,crp,1.2353289289252236,1.2999309045140024,1.2068759979513553,1.8089599899662567,2.192575520904943,0.7
full_seed42_scaling_0p1_noise0p25_s13_a0p3_b0p8,42,scaling,0.1,0.25,13,0.3,fpr_owa,1.4295650686054169,1.5262930864050035,1.3737965524029805,2.170501638985984,2.443859486911608,0.8
full_seed42_scaling_0p1_noise0p25_s13_a0p3_b0p8,42,scaling,0.1,0.25,13,0.3,crp,1.4396841738020425,1.5449788424666238,1.397156801299626,2.1851560855460983,2.492750957802941,0.8
full_seed42_scaling_0p1_noise0p25_s5_a0p2_b0p7,42,scaling,0.1,0.25,5,0.2,fpr_owa,1.7534629815201763,1.8176348178843071,1.6702733419829094,2.498835294561254,2.766426926313108,0.7
full_seed42_scaling_0p1_noise0p25_s5_a0p2_b0p7,42,scaling,0.1,0.25,5,0.2,crp,1.750919109169235,1.8154061964390051,1.6900823210803313,2.498242699555715,2.766426926313108,0.7
full_seed42_scaling_0p1_noise0p25_s5_a0p3_b0p8,42,scaling,0.1,0.25,5,0.3,fpr_owa,1.7656647976945776,1.8313428892170025,1.736099880157009,2.4929046761809115,2.754470971714729,0.8
full_seed42_scaling_0p1_noise0p25_s5_a0p3_b0p8,42,scaling,0.1,0.25,5,0.3,crp,1.762879505631455,1.8305644281854552,1.7161598984634852,2.5054429131625677,2.754470971714729,0.8
full_seed42_scaling_0p1_noise0p25_s9_a0p2_b0p7,42,scaling,0.1,0.25,9,0.2,fpr_owa,1.7537956598830908,1.81343341666404,1.6448317488269382,2.451362509824234,2.6593326846511403,0.7
full_seed42_scaling_0p1_noise0p25_s9_a0p2_b0p7,42,scaling,0.1,0.25,9,0.2,crp,1.7580344249287685,1.8188813227060303,1.633499751833071,2.4433356210206405,2.673168391044291,0.7
full_seed42_scaling_0p1_noise0p25_s9_a0p3_b0p8,42,scaling,0.1,0.25,9,0.3,fpr_owa,1.7321471199292489,1.800668833086858,1.6499703033420068,2.449374394341228,2.6370559037383408,0.8
full_seed42_scaling_0p1_noise0p25_s9_a0p3_b0p8,42,scaling,0.1,0.25,9,0.3,crp,1.731533378443416,1.802449368568053,1.6612954948717873,2.4601760063294704,2.6337093325555,0.8
full_seed42_scaling_0p1_noise0p5_s13_a0p2_b0p7,42,scaling,0.1,0.5,13,0.2,fpr_owa,1.2749902748807378,1.3516420789551504,1.2606102708040612,1.9754115383582505,2.588823692311557,0.7
full_seed42_scaling_0p1_noise0p5_s13_a0p2_b0p7,42,scaling,0.1,0.5,13,0.2,crp,1.378503890562805,1.4623241333583747,1.383449384485238,2.1908482611834104,2.5764505734208294,0.7
full_seed42_scaling_0p1_noise0p5_s13_a0p3_b0p8,42,scaling,0.1,0.5,13,0.3,fpr_owa,1.3812116554419045,1.4798373782930423,1.3150144644377917,2.304441746926864,2.576874610707401,0.8
full_seed42_scaling_0p1_noise0p5_s13_a0p3_b0p8,42,scaling,0.1,0.5,13,0.3,crp,1.4735721885757134,1.5777082005571177,1.405813799181962,2.382010292791489,2.6107952089366337,0.8
full_seed42_scaling_0p1_noise0p5_s5_a0p2_b0p7,42,scaling,0.1,0.5,5,0.2,fpr_owa,1.7663549785759736,1.835242703992113,1.7353897935097486,2.5297316606163123,3.0735129337104823,0.7
full_seed42_scaling_0p1_noise0p5_s5_a0p2_b0p7,42,scaling,0.1,0.5,5,0.2,crp,1.7476247049529303,1.8164450216378187,1.752183367507019,2.537587741601228,3.0281323556913127,0.7
full_seed42_scaling_0p1_noise0p5_s5_a0p3_b0p8,42,scaling,0.1,0.5,5,0.3,fpr_owa,1.7690730180982104,1.8388569143154083,1.7445279805006293,2.59181469592718,3.1350957762386087,0.8
full_seed42_scaling_0p1_noise0p5_s5_a0p3_b0p8,42,scaling,0.1,0.5,5,0.3,crp,1.7531750319570925,1.8287025008503928,1.7662178708199523,2.616400340353704,3.022361273473713,0.8
full_seed42_scaling_0p1_noise0p5_s9_a0p2_b0p7,42,scaling,0.1,0.5,9,0.2,fpr_owa,1.7348229099366324,1.8053493285305957,1.6926491094029965,2.482846544572616,2.913077083781724,0.7
full_seed42_scaling_0p1_noise0p5_s9_a0p2_b0p7,42,scaling,0.1,0.5,9,0.2,crp,1.726971470785838,1.7942774855089556,1.6595881964933343,2.495810245997739,2.7732476705860205,0.7
full_seed42_scaling_0p1_noise0p5_s9_a0p3_b0p8,42,scaling,0.1,0.5,9,0.3,fpr_owa,1.7101646741264973,1.7837314645438094,1.683003944763986,2.4993435784910822,2.859282516922032,0.8
full_seed42_scaling_0p1_noise0p5_s9_a0p3_b0p8,42,scaling,0.1,0.5,9,0.3,crp,1.7070045012511563,1.7800677270237095,1.6535387761798854,2.515672057222344,2.780846904084026,0.8
full_seed42_scaling_0p2_noise0p1_s13_a0p2_b0p7,42,scaling,0.2,0.1,13,0.2,fpr_owa,1.2315615071996422,1.2801745967010572,1.2164784644319817,1.7001841859485003,1.840054167111992,0.7
full_seed42_scaling_0p2_noise0p1_s13_a0p2_b0p7,42,scaling,0.2,0.1,13,0.2,crp,1.2174317670671015,1.268033224038938,1.208664457200718,1.7001841859485003,1.840054167111992,0.7
full_seed42_scaling_0p2_noise0p1_s13_a0p3_b0p8,42,scaling,0.2,0.1,13,0.3,fpr_owa,1.5000831275406814,1.5793036360623804,1.467721125366675,2.147669750988564,2.3048351055083622,0.8
full_seed42_scaling_0p2_noise0p1_s13_a0p3_b0p8,42,scaling,0.2,0.1,13,0.3,crp,1.4834484943949449,1.567537427347979,1.4732269948668004,2.147669750988564,2.3048351055083622,0.8
full_seed42_scaling_0p2_noise0p1_s5_a0p2_b0p7,42,scaling,0.2,0.1,5,0.2,fpr_owa,1.7866255589751645,1.8537504507726312,1.6597617337418074,2.494569001938653,2.582175321874684,0.7
full_seed42_scaling_0p2_noise0p1_s5_a0p2_b0p7,42,scaling,0.2,0.1,5,0.2,crp,1.7826586703599423,1.8500850107236568,1.6597617337418074,2.498042883587765,2.582175321874684,0.7
full_seed42_scaling_0p2_noise0p1_s5_a0p3_b0p8,42,scaling,0.2,0.1,5,0.3,fpr_owa,1.7875313864250493,1.8591702551199236,1.709190074391555,2.478389758013078,2.5635217374720267,0.8
full_seed42_scaling_0p2_noise0p1_s5_a0p3_b0p8,42,scaling,0.2,0.1,5,0.3,crp,1.7836198903294351,1.8564270520237072,1.7027925721905328,2.478389758013078,2.6002655573153413,0.8
full_seed42_scaling_0p2_noise0p1_s9_a0p2_b0p7,42,scaling,0.2,0.1,9,0.2,fpr_owa,1.7896000533875271,1.8427347595218304,1.6524389488974516,2.4379939759362266,2.5120531370564776,0.7
full_seed42_scaling_0p2_noise0p1_s9_a0p2_b0p7,42,scaling,0.2,0.1,9,0.2,crp,1.7920726944005412,1.846415956714201,1.643450559403898,2.4417041341812915,2.606538732047753,0.7
full_seed42_scaling_0p2_noise0p1_s9_a0p3_b0p8,42,scaling,0.2,0.1,9,0.3,fpr_owa,1.761592566715609,1.834701072901464,1.6295009197874322,2.492717437040654,2.6013060237435366,0.8
full_seed42_scaling_0p2_noise0p1_s9_a0p3_b0p8,42,scaling,0.2,0.1,9,0.3,crp,1.7603580161829526,1.834116930601544,1.6261520130724674,2.493272742926776,2.6133436968660884,0.8
full_seed42_scaling_0p2_noise0p25_s13_a0p2_b0p7,42,scaling,0.2,0.25,13,0.2,fpr_owa,1.2480817306490837,1.3093624747197343,1.2312990451378174,1.809799028468965,2.1217379325437857,0.7
full_seed42_scaling_0p2_noise0p25_s13_a0p2_b0p7,42,scaling,0.2,0.25,13,0.2,crp,1.2514998088168516,1.3177796010458134,1.269211143095463,1.8563643574406468,2.222051612385611,0.7
full_seed42_scaling_0p2_noise0p25_s13_a0p3_b0p8,42,scaling,0.2,0.25,13,0.3,fpr_owa,1.4539783382838578,1.5533292680865236,1.3948723140919697,2.2308061025988444,2.519537386682722,0.8
full_seed42_scaling_0p2_noise0p25_s13_a0p3_b0p8,42,scaling,0.2,0.25,13,0.3,crp,1.4704667961056417,1.5749330238954304,1.4107467303353276,2.2375142643685773,2.62542566932329,0.8
full_seed42_scaling_0p2_noise0p25_s5_a0p2_b0p7,42,scaling,0.2,0.25,5,0.2,fpr_owa,1.7773892240120874,1.8418925680012737,1.7038680787328149,2.498835294561254,2.815389482333832,0.7
full_seed42_scaling_0p2_noise0p25_s5_a0p2_b0p7,42,scaling,0.2,0.25,5,0.2,crp,1.7786022552679877,1.844917298645689,1.7105624091199427,2.518960399613122,2.815389482333832,0.7
full_seed42_scaling_0p2_noise0p25_s5_a0p3_b0p8,42,scaling,0.2,0.25,5,0.3,fpr_owa,1.7852369419070897,1.851193188701076,1.7443385928369322,2.5069079720387064,2.776250636679851,0.8
full_seed42_scaling_0p2_noise0p25_s5_a0p3_b0p8,42,scaling,0.2,0.25,5,0.3,crp,1.7869710108971346,1.856330778429529,1.7443385928369322,2.534787772768348,2.776250636679851,0.8
full_seed42_scaling_0p2_noise0p25_s9_a0p2_b0p7,42,scaling,0.2,0.25,9,0.2,fpr_owa,1.7627191093099412,1.823827399120124,1.656602317327223,2.4940656249637274,2.6593326846511403,0.7
full_seed42_scaling_0p2_noise0p25_s9_a0p2_b0p7,42,scaling,0.2,0.25,9,0.2,crp,1.7693686022056654,1.8309086195453892,1.6542192657601755,2.4852742035216644,2.673168391044291,0.7
full_seed42_scaling_0p2_noise0p25_s9_a0p3_b0p8,42,scaling,0.2,0.25,9,0.3,fpr_owa,1.7395779019094983,1.8103017052326216,1.6509489208423616,2.4725093548432,2.658255809907123,0.8
full_seed42_scaling_0p2_noise0p25_s9_a0p3_b0p8,42,scaling,0.2,0.25,9,0.3,crp,1.7416015941930154,1.8129951341728676,1.6812755537557296,2.479195737378233,2.667285561938715,0.8
full_seed42_scaling_0p2_noise0p5_s13_a0p2_b0p7,42,scaling,0.2,0.5,13,0.2,fpr_owa,1.28830390572369,1.365321747890859,1.265929269496164,2.0756007227341517,2.641594135378434,0.7
full_seed42_scaling_0p2_noise0p5_s13_a0p2_b0p7,42,scaling,0.2,0.5,13,0.2,crp,1.3879239263466645,1.473896415894009,1.383849472531872,2.1900697075440534,2.592141326136162,0.7
full_seed42_scaling_0p2_noise0p5_s13_a0p3_b0p8,42,scaling,0.2,0.5,13,0.3,fpr_owa,1.400423780183321,1.5008469860102678,1.3303352733088976,2.3323337742581414,2.6372914222001493,0.8
full_seed42_scaling_0p2_noise0p5_s13_a0p3_b0p8,42,scaling,0.2,0.5,13,0.3,crp,1.4827517707506968,1.5920017163611944,1.412770718695402,2.403336328128463,2.638516430449983,0.8
full_seed42_scaling_0p2_noise0p5_s5_a0p2_b0p7,42,scaling,0.2,0.5,5,0.2,fpr_owa,1.7883468076618785,1.858072439610248,1.7595355053298625,2.558481364842733,3.0735129337104823,0.7
full_seed42_scaling_0p2_noise0p5_s5_a0p2_b0p7,42,scaling,0.2,0.5,5,0.2,crp,1.768576156173703,1.8370973763236704,1.7916939352274397,2.558481364842733,3.061489088247188,0.7
full_seed42_scaling_0p2_noise0p5_s5_a0p3_b0p8,42,scaling,0.2,0.5,5,0.3,fpr_owa,1.796142688013045,1.8659894772449432,1.772875264880989,2.59181469592718,3.1577870043852907,0.8
full_seed42_scaling_0p2_noise0p5_s5_a0p3_b0p8,42,scaling,0.2,0.5,5,0.3,crp,1.7733253281651822,1.848068773295687,1.7849157905459283,2.616400340353704,3.1577870043852907,0.8
full_seed42_scaling_0p2_noise0p5_s9_a0p2_b0p7,42,scaling,0.2,0.5,9,0.2,fpr_owa,1.7486187712489278,1.8203444109490028,1.7211252706812696,2.5583240779250267,2.913077083781724,0.7
full_seed42_scaling_0p2_noise0p5_s9_a0p2_b0p7,42,scaling,0.2,0.5,9,0.2,crp,1.7434892840496994,1.8121668279979812,1.675809613512807,2.521451937624139,2.7732476705860205,0.7
full_seed42_scaling_0p2_noise0p5_s9_a0p3_b0p8,42,scaling,0.2,0.5,9,0.3,fpr_owa,1.7224053096538667,1.7963990302168993,1.694117962505423,2.52646610571717,2.8531266434757447,0.8
full_seed42_scaling_0p2_noise0p5_s9_a0p3_b0p8,42,scaling,0.2,0.5,9,0.3,crp,1.7238380575895609,1.7954169241187754,1.686877657593108,2.5247220571875304,2.799475570878584,0.8
full_seed42_scaling_0p3_noise0p1_s13_a0p2_b0p7,42,scaling,0.3,0.1,13,0.2,fpr_owa,1.2333930468545744,1.2857300302415864,1.2192700771093894,1.72228295626911,1.878144459710191,0.7
full_seed42_scaling_0p3_noise0p1_s13_a0p2_b0p7,42,scaling,0.3,0.1,13,0.2,crp,1.2195729509688913,1.2733537848293162,1.2166850214886311,1.72228295626911,1.878144459710191,0.7
full_seed42_scaling_0p3_noise0p1_s13_a0p3_b0p8,42,scaling,0.3,0.1,13,0.3,fpr_owa,1.5045083374318005,1.5874726896758946,1.4846124976524382,2.1929895320779917,2.3322017670643844,0.8
full_seed42_scaling_0p3_noise0p1_s13_a0p3_b0p8,42,scaling,0.3,0.1,13,0.3,crp,1.489324436923681,1.576428138052575,1.4846124976524382,2.1823768713038936,2.3322017670643844,0.8
full_seed42_scaling_0p3_noise0p1_s5_a0p2_b0p7,42,scaling,0.3,0.1,5,0.2,fpr_owa,1.802898502322013,1.872507506185516,1.683421550946176,2.503349634308911,2.6414718909850707,0.7
full_seed42_scaling_0p3_noise0p1_s5_a0p2_b0p7,42,scaling,0.3,0.1,5,0.2,crp,1.7992270188248831,1.869394444699704,1.683421550946176,2.5048425973675137,2.6414718909850707,0.7
full_seed42_scaling_0p3_noise0p1_s5_a0p3_b0p8,42,scaling,0.3,0.1,5,0.3,fpr_owa,1.8053476535667683,1.8781712725817583,1.708809721265543,2.50853807565676,2.6870947261302858,0.8
full_seed42_scaling_0p3_noise0p1_s5_a0p3_b0p8,42,scaling,0.3,0.1,5,0.3,crp,1.800731924816953,1.8750269636462409,1.7040657833198378,2.50853807565676,2.6870947261302858,0.8
full_seed42_scaling_0p3_noise0p1_s9_a0p2_b0p7,42,scaling,0.3,0.1,9,0.2,fpr_owa,1.8008507077703355,1.8574083254647984,1.6563541323249915,2.493133056528353,2.6524577882206324,0.7
full_seed42_scaling_0p3_noise0p1_s9_a0p2_b0p7,42,scaling,0.3,0.1,9,0.2,crp,1.8049340835999828,1.862628748724311,1.6563541323249915,2.4884667027618157,2.6524577882206324,0.7
full_seed42_scaling_0p3_noise0p1_s9_a0p3_b0p8,42,scaling,0.3,0.1,9,0.3,fpr_owa,1.772409425757899,1.8475931676695827,1.595218688657097,2.5300756108144635,2.6607485163006337,0.8
full_seed42_scaling_0p3_noise0p1_s9_a0p3_b0p8,42,scaling,0.3,0.1,9,0.3,crp,1.7713183284522886,1.8470199105208107,1.595218688657097,2.524562842001585,2.6607485163006337,0.8
full_seed42_scaling_0p3_noise0p25_s13_a0p2_b0p7,42,scaling,0.3,0.25,13,0.2,fpr_owa,1.2562069276237826,1.3174534177247057,1.2356321910358776,1.8564103803671628,2.1112732058415085,0.7
full_seed42_scaling_0p3_noise0p25_s13_a0p2_b0p7,42,scaling,0.3,0.25,13,0.2,crp,1.2601377049943292,1.32760213855812,1.28076524390568,1.876270293402,2.275846998652756,0.7
full_seed42_scaling_0p3_noise0p25_s13_a0p3_b0p8,42,scaling,0.3,0.25,13,0.3,fpr_owa,1.461543697547787,1.5629942980910527,1.3989784269668175,2.266835576050861,2.498160042645865,0.8
full_seed42_scaling_0p3_noise0p25_s13_a0p3_b0p8,42,scaling,0.3,0.25,13,0.3,crp,1.4813144789210553,1.5875522011448535,1.4260006626064348,2.27189669153972,2.679221055590435,0.8
full_seed42_scaling_0p3_noise0p25_s5_a0p2_b0p7,42,scaling,0.3,0.25,5,0.2,fpr_owa,1.8004877117779263,1.867081036820723,1.7471584886103346,2.5719200885355185,2.9045032827354174,0.7
full_seed42_scaling_0p3_noise0p25_s5_a0p2_b0p7,42,scaling,0.3,0.25,5,0.2,crp,1.7938904222867855,1.8611592016457656,1.7535273875458317,2.560122411630146,2.9045032827354174,0.7
full_seed42_scaling_0p3_noise0p25_s5_a0p3_b0p8,42,scaling,0.3,0.25,5,0.3,fpr_owa,1.8005158644746857,1.8668748548327592,1.7490473218846505,2.5340115594089974,2.8937128546332835,0.8
full_seed42_scaling_0p3_noise0p25_s5_a0p3_b0p8,42,scaling,0.3,0.25,5,0.3,crp,1.7956024790226706,1.864478952965052,1.7417666817792092,2.537818789224748,2.8937128546332835,0.8
full_seed42_scaling_0p3_noise0p25_s9_a0p2_b0p7,42,scaling,0.3,0.25,9,0.2,fpr_owa,1.7803580431923214,1.8403650952215096,1.6908530444908156,2.5193084468470897,2.6593326846511403,0.7
full_seed42_scaling_0p3_noise0p25_s9_a0p2_b0p7,42,scaling,0.3,0.25,9,0.2,crp,1.7846432540149624,1.846351489403237,1.6908808276570688,2.4947197934194616,2.673168391044291,0.7
full_seed42_scaling_0p3_noise0p25_s9_a0p3_b0p8,42,scaling,0.3,0.25,9,0.3,fpr_owa,1.7566587509316145,1.828175715489518,1.6556933245204783,2.538641484851573,2.763958348934352,0.8
full_seed42_scaling_0p3_noise0p25_s9_a0p3_b0p8,42,scaling,0.3,0.25,9,0.3,crp,1.757923593316434,1.831378564613281,1.6514404481057827,2.5391813384678192,2.763958348934352,0.8
full_seed42_scaling_0p3_noise0p5_s13_a0p2_b0p7,42,scaling,0.3,0.5,13,0.2,fpr_owa,1.2985932724828717,1.377527458195077,1.265929269496164,2.1039655807683983,2.565662607250045,0.7
full_seed42_scaling_0p3_noise0p5_s13_a0p2_b0p7,42,scaling,0.3,0.5,13,0.2,crp,1.4005053740954423,1.489303812579475,1.3886767114899845,2.275669604791911,2.6638685078256885,0.7
full_seed42_scaling_0p3_noise0p5_s13_a0p3_b0p8,42,scaling,0.3,0.5,13,0.3,fpr_owa,1.4155281215741808,1.5184801267480152,1.3262716994300776,2.351401841015612,2.68694870183136,0.8
full_seed42_scaling_0p3_noise0p5_s13_a0p3_b0p8,42,scaling,0.3,0.5,13,0.3,crp,1.505647495254901,1.618620652876439,1.426773504990439,2.439986463221065,2.903176759923229,0.8
full_seed42_scaling_0p3_noise0p5_s5_a0p2_b0p7,42,scaling,0.3,0.5,5,0.2,fpr_owa,1.812190531231605,1.8851436205146064,1.8005632217710512,2.695536693651482,3.138327191163073,0.7
full_seed42_scaling_0p3_noise0p5_s5_a0p2_b0p7,42,scaling,0.3,0.5,5,0.2,crp,1.7892872212918185,1.861085275757533,1.80634955880292,2.6008252644461405,3.138327191163073,0.7
full_seed42_scaling_0p3_noise0p5_s5_a0p3_b0p8,42,scaling,0.3,0.5,5,0.3,fpr_owa,1.8135802647145385,1.8859778362506523,1.7925660074707248,2.6679521225980825,3.259325382481808,0.8
full_seed42_scaling_0p3_noise0p5_s5_a0p3_b0p8,42,scaling,0.3,0.5,5,0.3,crp,1.7876695695433622,1.8647852174003363,1.8011160864433438,2.6223521438205317,3.1577870043852907,0.8
full_seed42_scaling_0p3_noise0p5_s9_a0p2_b0p7,42,scaling,0.3,0.5,9,0.2,fpr_owa,1.7627501390700595,1.833612334749752,1.7073942591974045,2.593081526500748,2.9312445197174988,0.7
full_seed42_scaling_0p3_noise0p5_s9_a0p2_b0p7,42,scaling,0.3,0.5,9,0.2,crp,1.7516071597586216,1.821208038220376,1.6694497227310223,2.5801738105403875,2.8787913571726547,0.7
full_seed42_scaling_0p3_noise0p5_s9_a0p3_b0p8,42,scaling,0.3,0.5,9,0.3,fpr_owa,1.7336127986332253,1.8077256000592752,1.713466502290536,2.5356775853465057,2.9375937662231264,0.8
full_seed42_scaling_0p3_noise0p5_s9_a0p3_b0p8,42,scaling,0.3,0.5,9,0.3,crp,1.7390359795887416,1.8125585955809829,1.6634739739764162,2.5293163939289007,2.91345857657602,0.8
full_seed42_scaling_0p4_noise0p1_s13_a0p2_b0p7,42,scaling,0.4,0.1,13,0.2,fpr_owa,1.2397469977618352,1.293695389103604,1.222610144600862,1.7468803971872475,1.8959329228258968,0.7
full_seed42_scaling_0p4_noise0p1_s13_a0p2_b0p7,42,scaling,0.4,0.1,13,0.2,crp,1.225425500937608,1.280487177726937,1.222610144600862,1.7452460698726258,1.8959329228258968,0.7
full_seed42_scaling_0p4_noise0p1_s13_a0p3_b0p8,42,scaling,0.4,0.1,13,0.3,fpr_owa,1.5100270012193668,1.5968284641365722,1.490861700943542,2.224656703584663,2.3799629211582234,0.8
full_seed42_scaling_0p4_noise0p1_s13_a0p3_b0p8,42,scaling,0.4,0.1,13,0.3,crp,1.4959273746393138,1.5863050726875505,1.4867600562021577,2.219749736053138,2.3799629211582234,0.8
full_seed42_scaling_0p4_noise0p1_s5_a0p2_b0p7,42,scaling,0.4,0.1,5,0.2,fpr_owa,1.802898502322013,1.872507506185516,1.683421550946176,2.503349634308911,2.6414718909850707,0.7
full_seed42_scaling_0p4_noise0p1_s5_a0p2_b0p7,42,scaling,0.4,0.1,5,0.2,crp,1.7992270188248831,1.869394444699704,1.683421550946176,2.5048425973675137,2.6414718909850707,0.7
full_seed42_scaling_0p4_noise0p1_s5_a0p3_b0p8,42,scaling,0.4,0.1,5,0.3,fpr_owa,1.8053476535667683,1.8781712725817583,1.708809721265543,2.50853807565676,2.6870947261302858,0.8
full_seed42_scaling_0p4_noise0p1_s5_a0p3_b0p8,42,scaling,0.4,0.1,5,0.3,crp,1.800731924816953,1.8750269636462409,1.7040657833198378,2.50853807565676,2.6870947261302858,0.8
full_seed42_scaling_0p4_noise0p1_s9_a0p2_b0p7,42,scaling,0.4,0.1,9,0.2,fpr_owa,1.8174320502860744,1.8748054187962044,1.6431581653978975,2.5324894959764603,2.6763023641158314,0.7
full_seed42_scaling_0p4_noise0p1_s9_a0p2_b0p7,42,scaling,0.4,0.1,9,0.2,crp,1.822619803653606,1.8811191851495568,1.6431581653978975,2.5433913638250054,2.6763023641158314,0.7
full_seed42_scaling_0p4_noise0p1_s9_a0p3_b0p8,42,scaling,0.4,0.1,9,0.3,fpr_owa,1.786746740461728,1.8646296376164528,1.6325051446959722,2.5906981706445324,2.663099888009223,0.8
full_seed42_scaling_0p4_noise0p1_s9_a0p3_b0p8,42,scaling,0.4,0.1,9,0.3,crp,1.7863488585596552,1.8645589827550844,1.6241668815017207,2.5906981706445324,2.663099888009223,0.8
full_seed42_scaling_0p4_noise0p25_s13_a0p2_b0p7,42,scaling,0.4,0.25,13,0.2,fpr_owa,1.2672570949707256,1.32989739655627,1.2528989256554988,1.873496117060634,2.1293237694339364,0.7
full_seed42_scaling_0p4_noise0p25_s13_a0p2_b0p7,42,scaling,0.4,0.25,13,0.2,crp,1.2726944810377772,1.3405710572675908,1.290534442447885,1.8798180743370376,2.327588248921081,0.7
full_seed42_scaling_0p4_noise0p25_s13_a0p3_b0p8,42,scaling,0.4,0.25,13,0.3,fpr_owa,1.476985805894799,1.5809771362262677,1.4242816536791714,2.295169973327065,2.5459211967397035,0.8
full_seed42_scaling_0p4_noise0p25_s13_a0p3_b0p8,42,scaling,0.4,0.25,13,0.3,crp,1.495712649352005,1.60397124822414,1.4324474610919564,2.295169973327065,2.7309623058587604,0.8
full_seed42_scaling_0p4_noise0p25_s5_a0p2_b0p7,42,scaling,0.4,0.25,5,0.2,fpr_owa,1.8004877117779263,1.867081036820723,1.7471584886103346,2.5719200885355185,2.9045032827354174,0.7
full_seed42_scaling_0p4_noise0p25_s5_a0p2_b0p7,42,scaling,0.4,0.25,5,0.2,crp,1.7938904222867855,1.8611592016457656,1.7535273875458317,2.560122411630146,2.9045032827354174,0.7
full_seed42_scaling_0p4_noise0p25_s5_a0p3_b0p8,42,scaling,0.4,0.25,5,0.3,fpr_owa,1.8005158644746857,1.8668748548327592,1.7490473218846505,2.5340115594089974,2.8937128546332835,0.8
full_seed42_scaling_0p4_noise0p25_s5_a0p3_b0p8,42,scaling,0.4,0.25,5,0.3,crp,1.7956024790226706,1.864478952965052,1.7417666817792092,2.537818789224748,2.8937128546332835,0.8
full_seed42_scaling_0p4_noise0p25_s9_a0p2_b0p7,42,scaling,0.4,0.25,9,0.2,fpr_owa,1.7986627941632327,1.8597717292738625,1.6978579515502863,2.5424028282067748,2.7058847605791967,0.7
full_seed42_scaling_0p4_noise0p25_s9_a0p2_b0p7,42,scaling,0.4,0.25,9,0.2,crp,1.804561774183005,1.867419545159092,1.710526515305027,2.5196253010526317,2.7058847605791967,0.7
full_seed42_scaling_0p4_noise0p25_s9_a0p3_b0p8,42,scaling,0.4,0.25,9,0.3,fpr_owa,1.773477236843245,1.8464625024697616,1.6950023111741312,2.558517877802401,2.826897437121208,0.8
full_seed42_scaling_0p4_noise0p25_s9_a0p3_b0p8,42,scaling,0.4,0.25,9,0.3,crp,1.7752684762478494,1.850118820239177,1.6851128524236298,2.566994424184594,2.826897437121208,0.8
full_seed42_scaling_0p4_noise0p5_s13_a0p2_b0p7,42,scaling,0.4,0.5,13,0.2,fpr_owa,1.307264333569828,1.3883061396463563,1.2698779980888375,2.121477374257459,2.6415941353784342,0.7
full_seed42_scaling_0p4_noise0p5_s13_a0p2_b0p7,42,scaling,0.4,0.5,13,0.2,crp,1.403797658428359,1.4940309268038965,1.398028786682827,2.270331007814369,2.640822359577716,0.7
full_seed42_scaling_0p4_noise0p5_s13_a0p3_b0p8,42,scaling,0.4,0.5,13,0.3,fpr_owa,1.4247165925008112,1.5295956181863328,1.3262716994300776,2.374473865760435,2.564292222191555,0.8
full_seed42_scaling_0p4_noise0p5_s13_a0p3_b0p8,42,scaling,0.4,0.5,13,0.3,crp,1.5149822339709789,1.6309113131454605,1.455542254912685,2.4879820616463624,2.903176759923229,0.8
full_seed42_scaling_0p4_noise0p5_s5_a0p2_b0p7,42,scaling,0.4,0.5,5,0.2,fpr_owa,1.812190531231605,1.8851436205146064,1.8005632217710512,2.695536693651482,3.138327191163073,0.7
full_seed42_scaling_0p4_noise0p5_s5_a0p2_b0p7,42,scaling,0.4,0.5,5,0.2,crp,1.7892872212918185,1.861085275757533,1.80634955880292,2.6008252644461405,3.138327191163073,0.7
full_seed42_scaling_0p4_noise0p5_s5_a0p3_b0p8,42,scaling,0.4,0.5,5,0.3,fpr_owa,1.8135802647145385,1.8859778362506523,1.7925660074707248,2.6679521225980825,3.259325382481808,0.8
full_seed42_scaling_0p4_noise0p5_s5_a0p3_b0p8,42,scaling,0.4,0.5,5,0.3,crp,1.7876695695433622,1.8647852174003363,1.8011160864433438,2.6223521438205317,3.1577870043852907,0.8
full_seed42_scaling_0p4_noise0p5_s9_a0p2_b0p7,42,scaling,0.4,0.5,9,0.2,fpr_owa,1.7748511093489796,1.8470080565703744,1.738349662595856,2.6111525015167225,3.001713675736663,0.7
full_seed42_scaling_0p4_noise0p5_s9_a0p2_b0p7,42,scaling,0.4,0.5,9,0.2,crp,1.7573169151660404,1.8268344355079384,1.6939591740166726,2.5879040297139606,2.7732476705860205,0.7
full_seed42_scaling_0p4_noise0p5_s9_a0p3_b0p8,42,scaling,0.4,0.5,9,0.3,fpr_owa,1.7434291532664072,1.819782139605048,1.7152092740078049,2.576050335497873,2.9872723750189807,0.8
full_seed42_scaling_0p4_noise0p5_s9_a0p3_b0p8,42,scaling,0.4,0.5,9,0.3,crp,1.7389179656740932,1.8110403845409253,1.6662748677709247,2.559574877105812,2.8452340164731966,0.8
full_seed42_spike_0p0_noise0p1_s13_a0p2_b0p7,42,spike,0.0,0.1,13,0.2,fpr_owa,1.204747239572172,1.2494632978305504,1.1889131152852903,1.6246678019843126,1.7409750298089346,0.7
full_seed42_spike_0p0_noise0p1_s13_a0p2_b0p7,42,spike,0.0,0.1,13,0.2,crp,1.191486461705108,1.2376957719949433,1.179416738452384,1.623294960121627,1.7409750298089346,0.7
full_seed42_spike_0p0_noise0p1_s13_a0p3_b0p8,42,spike,0.0,0.1,13,0.3,fpr_owa,1.4630984710557349,1.53918642759298,1.413795553401175,2.075003842309166,2.180546407161522,0.8
full_seed42_spike_0p0_noise0p1_s13_a0p3_b0p8,42,spike,0.0,0.1,13,0.3,crp,1.4467631249982298,1.527842645203252,1.413795553401175,2.06249096556313,2.180546407161522,0.8
full_seed42_spike_0p0_noise0p1_s5_a0p2_b0p7,42,spike,0.0,0.1,5,0.2,fpr_owa,1.7659881470137384,1.8341841107834416,1.6422287024709643,2.4841127883853624,2.582175321874684,0.7
full_seed42_spike_0p0_noise0p1_s5_a0p2_b0p7,42,spike,0.0,0.1,5,0.2,crp,1.762177388325051,1.8306894776164424,1.6363627809129733,2.4878959573190524,2.582175321874684,0.7
full_seed42_spike_0p0_noise0p1_s5_a0p3_b0p8,42,spike,0.0,0.1,5,0.3,fpr_owa,1.7701030429409303,1.8429993973058765,1.6794693923244517,2.462546527583412,2.5635217374720267,0.8
full_seed42_spike_0p0_noise0p1_s5_a0p3_b0p8,42,spike,0.0,0.1,5,0.3,crp,1.7664736230962712,1.840514815031225,1.6693238918184492,2.462546527583412,2.6002655573153413,0.8
full_seed42_spike_0p0_noise0p1_s9_a0p2_b0p7,42,spike,0.0,0.1,9,0.2,fpr_owa,1.7673726147488216,1.820046874004744,1.6165328076382752,2.410040800315646,2.5120531370564776,0.7
full_seed42_spike_0p0_noise0p1_s9_a0p2_b0p7,42,spike,0.0,0.1,9,0.2,crp,1.7714513101034646,1.8253330804474044,1.6075273062567,2.428746151480345,2.606538732047753,0.7
full_seed42_spike_0p0_noise0p1_s9_a0p3_b0p8,42,spike,0.0,0.1,9,0.3,fpr_owa,1.7371656879270818,1.8102685437459043,1.5684284081958748,2.4840048378615034,2.6013060237435366,0.8
full_seed42_spike_0p0_noise0p1_s9_a0p3_b0p8,42,spike,0.0,0.1,9,0.3,crp,1.736109557417256,1.8095870912974397,1.5684284081958748,2.4876604605738963,2.6133436968660884,0.8
full_seed42_spike_0p0_noise0p25_s13_a0p2_b0p7,42,spike,0.0,0.25,13,0.2,fpr_owa,1.2239519384539213,1.2817026770540818,1.205182468431389,1.760113942280174,2.024275092535646,0.7
full_seed42_spike_0p0_noise0p25_s13_a0p2_b0p7,42,spike,0.0,0.25,13,0.2,crp,1.228143085224447,1.2918372032148613,1.2215950779880556,1.8098277495831048,2.192575520904943,0.7
full_seed42_spike_0p0_noise0p25_s13_a0p3_b0p8,42,spike,0.0,0.25,13,0.3,fpr_owa,1.4230427131961676,1.5184860649784044,1.3737965524029805,2.155221273762169,2.39418818999486,0.8
full_seed42_spike_0p0_noise0p25_s13_a0p3_b0p8,42,spike,0.0,0.25,13,0.3,crp,1.434192939484608,1.537043841999057,1.3925552022650534,2.19196716199457,2.491622044843885,0.8
full_seed42_spike_0p0_noise0p25_s5_a0p2_b0p7,42,spike,0.0,0.25,5,0.2,fpr_owa,1.7534629815201763,1.8176348178843071,1.6702733419829094,2.498835294561254,2.766426926313108,0.7
full_seed42_spike_0p0_noise0p25_s5_a0p2_b0p7,42,spike,0.0,0.25,5,0.2,crp,1.750919109169235,1.8154061964390051,1.6900823210803313,2.498242699555715,2.766426926313108,0.7
full_seed42_spike_0p0_noise0p25_s5_a0p3_b0p8,42,spike,0.0,0.25,5,0.3,fpr_owa,1.7656647976945776,1.8313428892170025,1.736099880157009,2.4929046761809115,2.754470971714729,0.8
full_seed42_spike_0p0_noise0p25_s5_a0p3_b0p8,42,spike,0.0,0.25,5,0.3,crp,1.762879505631455,1.8305644281854552,1.7161598984634852,2.5054429131625677,2.754470971714729,0.8
full_seed42_spike_0p0_noise0p25_s9_a0p2_b0p7,42,spike,0.0,0.25,9,0.2,fpr_owa,1.7426996887661814,1.8000693487288324,1.6339637308116035,2.423123977132854,2.6593326846511403,0.7
full_seed42_spike_0p0_noise0p25_s9_a0p2_b0p7,42,spike,0.0,0.25,9,0.2,crp,1.7484486807812436,1.8083113354429756,1.6317921287252473,2.443223640209078,2.673168391044291,0.7
full_seed42_spike_0p0_noise0p25_s9_a0p3_b0p8,42,spike,0.0,0.25,9,0.3,fpr_owa,1.7265432730010424,1.7937771837860732,1.6347870467410623,2.443306404915865,2.6370559037383408,0.8
full_seed42_spike_0p0_noise0p25_s9_a0p3_b0p8,42,spike,0.0,0.25,9,0.3,crp,1.729064343500987,1.7992915121618167,1.6422004770309964,2.4612275282669507,2.630063848754728,0.8
full_seed42_spike_0p0_noise0p5_s13_a0p2_b0p7,42,spike,0.0,0.5,13,0.2,fpr_owa,1.2651689934985595,1.340754609269621,1.2510081640849386,1.9562212874413472,2.5391523953948094,0.7
full_seed42_spike_0p0_noise0p5_s13_a0p2_b0p7,42,spike,0.0,0.5,13,0.2,crp,1.3676452851344152,1.4522375873098017,1.3720112990616642,2.172286327021716,2.5764505734208294,0.7
full_seed42_spike_0p0_noise0p5_s13_a0p3_b0p8,42,spike,0.0,0.5,13,0.3,fpr_owa,1.367046147538045,1.4636488360017177,1.3150144644377917,2.2460766148079334,2.527203313790653,0.8
full_seed42_spike_0p0_noise0p5_s13_a0p3_b0p8,42,spike,0.0,0.5,13,0.3,crp,1.4643519133953589,1.5679240217709387,1.4013959216001046,2.361975777764385,2.6107952089366337,0.8
full_seed42_spike_0p0_noise0p5_s5_a0p2_b0p7,42,spike,0.0,0.5,5,0.2,fpr_owa,1.7663549785759736,1.835242703992113,1.7353897935097486,2.5297316606163123,3.0735129337104823,0.7
full_seed42_spike_0p0_noise0p5_s5_a0p2_b0p7,42,spike,0.0,0.5,5,0.2,crp,1.7476247049529303,1.8164450216378187,1.752183367507019,2.537587741601228,3.0281323556913127,0.7
full_seed42_spike_0p0_noise0p5_s5_a0p3_b0p8,42,spike,0.0,0.5,5,0.3,fpr_owa,1.7690730180982104,1.8388569143154083,1.7445279805006293,2.59181469592718,3.1350957762386087,0.8
full_seed42_spike_0p0_noise0p5_s5_a0p3_b0p8,42,spike,0.0,0.5,5,0.3,crp,1.7531750319570925,1.8287025008503928,1.7662178708199523,2.616400340353704,3.022361273473713,0.8
full_seed42_spike_0p0_noise0p5_s9_a0p2_b0p7,42,spike,0.0,0.5,9,0.2,fpr_owa,1.7166312646319943,1.7837266978711783,1.6667549411243054,2.4252408629733706,2.913077083781724,0.7
full_seed42_spike_0p0_noise0p5_s9_a0p2_b0p7,42,spike,0.0,0.5,9,0.2,crp,1.7104942297752126,1.7791879314311425,1.6387112181433765,2.4711459704104075,2.7732476705860205,0.7
full_seed42_spike_0p0_noise0p5_s9_a0p3_b0p8,42,spike,0.0,0.5,9,0.3,fpr_owa,1.6986998747237194,1.770390544901288,1.680218113046028,2.473113970704796,2.8112617669113744,0.8
full_seed42_spike_0p0_noise0p5_s9_a0p3_b0p8,42,spike,0.0,0.5,9,0.3,crp,1.700506746090894,1.7740027780973018,1.6522477210922275,2.5266313896558947,2.780846904084026,0.8
full_seed42_spike_0p1_noise0p1_s13_a0p2_b0p7,42,spike,0.1,0.1,13,0.2,fpr_owa,1.0956926014613777,1.1364840781713783,1.1011357439108562,1.5749386050940166,1.6999793311916491,0.7
full_seed42_spike_0p1_noise0p1_s13_a0p2_b0p7,42,spike,0.1,0.1,13,0.2,crp,1.138513107057807,1.1861459333265,1.1430268162410684,1.5559912567391931,1.6999793311916491,0.7
full_seed42_spike_0p1_noise0p1_s13_a0p3_b0p8,42,spike,0.1,0.1,13,0.3,fpr_owa,1.3602603560634947,1.4323162720810432,1.337230913070314,2.021672961025869,2.180546407161522,0.8
full_seed42_spike_0p1_noise0p1_s13_a0p3_b0p8,42,spike,0.1,0.1,13,0.3,crp,1.404934195600516,1.486653895788436,1.402456675541491,1.9943859179121732,2.180546407161522,0.8
full_seed42_spike_0p1_noise0p1_s5_a0p2_b0p7,42,spike,0.1,0.1,5,0.2,fpr_owa,1.7659881470137384,1.8341841107834416,1.6422287024709643,2.4841127883853624,2.582175321874684,0.7
full_seed42_spike_0p1_noise0p1_s5_a0p2_b0p7,42,spike,0.1,0.1,5,0.2,crp,1.762177388325051,1.8306894776164424,1.6363627809129733,2.4878959573190524,2.582175321874684,0.7
full_seed42_spike_0p1_noise0p1_s5_a0p3_b0p8,42,spike,0.1,0.1,5,0.3,fpr_owa,1.7701030429409303,1.8429993973058765,1.6794693923244517,2.462546527583412,2.5635217374720267,0.8
full_seed42_spike_0p1_noise0p1_s5_a0p3_b0p8,42,spike,0.1,0.1,5,0.3,crp,1.7664736230962712,1.840514815031225,1.6693238918184492,2.462546527583412,2.6002655573153413,0.8
full_seed42_spike_0p1_noise0p1_s9_a0p2_b0p7,42,spike,0.1,0.1,9,0.2,fpr_owa,1.7270619779384018,1.7721464789706023,1.6382596260802482,2.3697408503836046,2.5120531370564776,0.7
full_seed42_spike_0p1_noise0p1_s9_a0p2_b0p7,42,spike,0.1,0.1,9,0.2,crp,1.775018403175988,1.8284417253086904,1.6393940662301882,2.419058603283887,2.6258607027034606,0.7
full_seed42_spike_0p1_noise0p1_s9_a0p3_b0p8,42,spike,0.1,0.1,9,0.3,fpr_owa,1.7348314570752024,1.8017193368228024,1.595218688657097,2.4477258928356656,2.6013060237435366,0.8
full_seed42_spike_0p1_noise0p1_s9_a0p3_b0p8,42,spike,0.1,0.1,9,0.3,crp,1.7402835079940362,1.814962329904185,1.5932683113371038,2.4906301135806075,2.5878879264329213,0.8
full_seed42_spike_0p1_noise0p25_s13_a0p2_b0p7,42,spike,0.1,0.25,13,0.2,fpr_owa,1.1325337111347122,1.1842602496582448,1.1164884428854562,1.6714562672705104,1.9006810444329747,0.7
full_seed42_spike_0p1_noise0p25_s13_a0p2_b0p7,42,spike,0.1,0.25,13,0.2,crp,1.1823951702584694,1.2447542613867206,1.1896819345990293,1.7073698008445124,2.095127523853378,0.7
full_seed42_spike_0p1_noise0p25_s13_a0p3_b0p8,42,spike,0.1,0.25,13,0.3,fpr_owa,1.336533065189697,1.4252907093049716,1.3456056447612013,2.0807052266070976,2.31606989625212,0.8
full_seed42_spike_0p1_noise0p25_s13_a0p3_b0p8,42,spike,0.1,0.25,13,0.3,crp,1.390134858395872,1.4943888751790877,1.3654412011696042,2.128503749835778,2.513053150670128,0.8
full_seed42_spike_0p1_noise0p25_s5_a0p2_b0p7,42,spike,0.1,0.25,5,0.2,fpr_owa,1.7534629815201763,1.8176348178843071,1.6702733419829094,2.498835294561254,2.766426926313108,0.7
full_seed42_spike_0p1_noise0p25_s5_a0p2_b0p7,42,spike,0.1,0.25,5,0.2,crp,1.750919109169235,1.8154061964390051,1.6900823210803313,2.498242699555715,2.766426926313108,0.7
full_seed42_spike_0p1_noise0p25_s5_a0p3_b0p8,42,spike,0.1,0.25,5,0.3,fpr_owa,1.7656647976945776,1.8313428892170025,1.736099880157009,2.4929046761809115,2.754470971714729,0.8
full_seed42_spike_0p1_noise0p25_s5_a0p3_b0p8,42,spike,0.1,0.25,5,0.3,crp,1.762879505631455,1.8305644281854552,1.7161598984634852,2.5054429131625677,2.754470971714729,0.8
full_seed42_spike_0p1_noise0p25_s9_a0p2_b0p7,42,spike,0.1,0.25,9,0.2,fpr_owa,1.714429572529663,1.7666563083119793,1.6061408710631595,2.3612735410008123,2.6593326846511403,0.7
full_seed42_spike_0p1_noise0p25_s9_a0p2_b0p7,42,spike,0.1,0.25,9,0.2,crp,1.7501576917471298,1.8106664650564692,1.6253791577660794,2.467224650079776,2.7400200169615547,0.7
full_seed42_spike_0p1_noise0p25_s9_a0p3_b0p8,42,spike,0.1,0.25,9,0.3,fpr_owa,1.7261245376898302,1.7925319024154145,1.6295334557841024,2.4413214308973057,2.6370559037383408,0.8
full_seed42_spike_0p1_noise0p25_s9_a0p3_b0p8,42,spike,0.1,0.25,9,0.3,crp,1.717403574400427,1.7905774852162235,1.6667725269946276,2.4720577473502385,2.64503704205197,0.8
full_seed42_spike_0p1_noise0p5_s13_a0p2_b0p7,42,spike,0.1,0.5,13,0.2,fpr_owa,1.1871218645919588,1.2531901776516527,1.1785611384418084,1.871999052699581,2.1447835628418845,0.7
full_seed42_spike_0p1_noise0p5_s13_a0p2_b0p7,42,spike,0.1,0.5,13,0.2,crp,1.3291116602345427,1.4119722675794495,1.3284577886706992,2.095236815342705,2.5764505734208294,0.7
full_seed42_spike_0p1_noise0p5_s13_a0p3_b0p8,42,spike,0.1,0.5,13,0.3,fpr_owa,1.2994080499015184,1.3923578222223612,1.246223219199805,2.163687136633319,2.487182695732886,0.8
full_seed42_spike_0p1_noise0p5_s13_a0p3_b0p8,42,spike,0.1,0.5,13,0.3,crp,1.422859649671101,1.531401117515178,1.3812638246725135,2.34477965159021,2.668102444053457,0.8
full_seed42_spike_0p1_noise0p5_s5_a0p2_b0p7,42,spike,0.1,0.5,5,0.2,fpr_owa,1.7663549785759736,1.835242703992113,1.7353897935097486,2.5297316606163123,3.0735129337104823,0.7
full_seed42_spike_0p1_noise0p5_s5_a0p2_b0p7,42,spike,0.1,0.5,5,0.2,crp,1.7476247049529303,1.8164450216378187,1.752183367507019,2.537587741601228,3.0281323556913127,0.7
full_seed42_spike_0p1_noise0p5_s5_a0p3_b0p8,42,spike,0.1,0.5,5,0.3,fpr_owa,1.7690730180982104,1.8388569143154083,1.7445279805006293,2.59181469592718,3.1350957762386087,0.8
full_seed42_spike_0p1_noise0p5_s5_a0p3_b0p8,42,spike,0.1,0.5,5,0.3,crp,1.7531750319570925,1.8287025008503928,1.7662178708199523,2.616400340353704,3.022361273473713,0.8
full_seed42_spike_0p1_noise0p5_s9_a0p2_b0p7,42,spike,0.1,0.5,9,0.2,fpr_owa,1.6945204440157284,1.758520819066041,1.653847352288372,2.393814735378921,2.913077083781724,0.7
full_seed42_spike_0p1_noise0p5_s9_a0p2_b0p7,42,spike,0.1,0.5,9,0.2,crp,1.7132547534785307,1.7800493207181394,1.6661893115844737,2.477003976898572,2.7732476705860205,0.7
full_seed42_spike_0p1_noise0p5_s9_a0p3_b0p8,42,spike,0.1,0.5,9,0.3,fpr_owa,1.6957790039852536,1.7685191997498446,1.6798635961889588,2.4614416196242277,2.8112617669113744,0.8
full_seed42_spike_0p1_noise0p5_s9_a0p3_b0p8,42,spike,0.1,0.5,9,0.3,crp,1.6935014017613086,1.7654972649329703,1.660429688571379,2.5107109239191017,2.8071367896443005,0.8
full_seed42_spike_0p2_noise0p1_s13_a0p2_b0p7,42,spike,0.2,0.1,13,0.2,fpr_owa,1.0084216326008024,1.0987521146344144,1.05796146319659,1.5749386050940166,1.6999793311916491,0.7
full_seed42_spike_0p2_noise0p1_s13_a0p2_b0p7,42,spike,0.2,0.1,13,0.2,crp,0.9584849717110712,1.037668487620991,0.9744170829117896,1.5648999599322837,2.012167717154433,0.7
full_seed42_spike_0p2_noise0p1_s13_a0p3_b0p8,42,spike,0.2,0.1,13,0.3,fpr_owa,1.2231394032418623,1.3053059608899669,1.1944129144245048,2.021672961025869,2.180546407161522,0.8
full_seed42_spike_0p2_noise0p1_s13_a0p3_b0p8,42,spike,0.2,0.1,13,0.3,crp,1.0086878886473118,1.181307157145055,1.0195942502216369,1.9749842832300464,2.180546407161522,0.8
full_seed42_spike_0p2_noise0p1_s5_a0p2_b0p7,42,spike,0.2,0.1,5,0.2,fpr_owa,1.747785959347822,1.8098997209469596,1.6469062716076237,2.4648521150204075,2.582175321874684,0.7
full_seed42_spike_0p2_noise0p1_s5_a0p2_b0p7,42,spike,0.2,0.1,5,0.2,crp,1.768012295506593,1.838458333415067,1.6703459717047855,2.494535686262945,2.582175321874684,0.7
full_seed42_spike_0p2_noise0p1_s5_a0p3_b0p8,42,spike,0.2,0.1,5,0.3,fpr_owa,1.7542877726115578,1.8206497330472176,1.6381001241185806,2.455018040894299,2.5635217374720267,0.8
full_seed42_spike_0p2_noise0p1_s5_a0p3_b0p8,42,spike,0.2,0.1,5,0.3,crp,1.768610278757525,1.8441288718279516,1.6882020579875476,2.500538300533199,2.6083188119643475,0.8
full_seed42_spike_0p2_noise0p1_s9_a0p2_b0p7,42,spike,0.2,0.1,9,0.2,fpr_owa,1.5883056709976586,1.6539267931453097,1.484141180957038,2.355383738183478,2.5120531370564776,0.7
full_seed42_spike_0p2_noise0p1_s9_a0p2_b0p7,42,spike,0.2,0.1,9,0.2,crp,1.7650462548980808,1.8184930055796544,1.673687431250852,2.419095591391092,2.6258607027034606,0.7
full_seed42_spike_0p2_noise0p1_s9_a0p3_b0p8,42,spike,0.2,0.1,9,0.3,fpr_owa,1.683692304409815,1.74513147596106,1.5869093898935605,2.4341264154604545,2.6013060237435366,0.8
full_seed42_spike_0p2_noise0p1_s9_a0p3_b0p8,42,spike,0.2,0.1,9,0.3,crp,1.7359764128362971,1.8095961337305744,1.6002132958083115,2.475481602732553,2.5878879264329213,0.8
full_seed42_spike_0p2_noise0p25_s13_a0p2_b0p7,42,spike,0.2,0.25,13,0.2,fpr_owa,0.998254292446912,1.0963025526075836,1.0520837250867547,1.665097330194273,1.9006810444329747,0.7
full_seed42_spike_0p2_noise0p25_s13_a0p2_b0p7,42,spike,0.2,0.25,13,0.2,crp,1.0391098562943937,1.1231208591974406,1.034936334948242,1.6523438021625068,2.055381039556956,0.7
full_seed42_spike_0p2_noise0p25_s13_a0p3_b0p8,42,spike,0.2,0.25,13,0.3,fpr_owa,1.182196317933605,1.277341439913084,1.075933659455715,2.0807052266070976,2.31606989625212,0.8
full_seed42_spike_0p2_noise0p25_s13_a0p3_b0p8,42,spike,0.2,0.25,13,0.3,crp,1.124535843720768,1.2759043489695,1.068120983887337,2.0562978591378,2.4468130016454226,0.8
full_seed42_spike_0p2_noise0p25_s5_a0p2_b0p7,42,spike,0.2,0.25,5,0.2,fpr_owa,1.744318653405247,1.8054908522323807,1.6710283700572348,2.515228960611456,2.766426926313108,0.7
full_seed42_spike_0p2_noise0p25_s5_a0p2_b0p7,42,spike,0.2,0.25,5,0.2,crp,1.7517436379728404,1.819130641179017,1.6685347004669917,2.54886248816286,2.766426926313108,0.7
full_seed42_spike_0p2_noise0p25_s5_a0p3_b0p8,42,spike,0.2,0.25,5,0.3,fpr_owa,1.7527601750469464,1.8158625315816208,1.6641048376078773,2.4896699235832105,2.685218321137698,0.8
full_seed42_spike_0p2_noise0p25_s5_a0p3_b0p8,42,spike,0.2,0.25,5,0.3,crp,1.7564314729152044,1.8274466336974984,1.6757975929814644,2.551000864554022,2.7744101653328657,0.8
full_seed42_spike_0p2_noise0p25_s9_a0p2_b0p7,42,spike,0.2,0.25,9,0.2,fpr_owa,1.5843628741319284,1.6551889444017778,1.5155505613434088,2.3587571327857444,2.6593326846511403,0.7
full_seed42_spike_0p2_noise0p25_s9_a0p2_b0p7,42,spike,0.2,0.25,9,0.2,crp,1.7469591580534114,1.8095407601358453,1.6270620025941491,2.452476448396029,2.7400200169615547,0.7
full_seed42_spike_0p2_noise0p25_s9_a0p3_b0p8,42,spike,0.2,0.25,9,0.3,fpr_owa,1.674364846881221,1.735642796876394,1.6011247173137466,2.432410690338058,2.6370559037383408,0.8
full_seed42_spike_0p2_noise0p25_s9_a0p3_b0p8,42,spike,0.2,0.25,9,0.3,crp,1.7155113229643826,1.7910852034155007,1.6285510298113648,2.463394269773769,2.7392105344062805,0.8
full_seed42_spike_0p2_noise0p5_s13_a0p2_b0p7,42,spike,0.2,0.5,13,0.2,fpr_owa,0.9857606087728892,1.10374893191481,1.0442743106150183,1.84052683737967,2.1447835628418845,0.7
full_seed42_spike_0p2_noise0p5_s13_a0p2_b0p7,42,spike,0.2,0.5,13,0.2,crp,1.1992695886357556,1.3008800461112835,1.21083237188386,2.0395073920532365,2.5764505734208294,0.7
full_seed42_spike_0p2_noise0p5_s13_a0p3_b0p8,42,spike,0.2,0.5,13,0.3,fpr_owa,1.17546591553717,1.265483345438626,1.102911742385828,2.049934884350631,2.487182695732886,0.8
full_seed42_spike_0p2_noise0p5_s13_a0p3_b0p8,42,spike,0.2,0.5,13,0.3,crp,1.2662955389046031,1.404367066614686,1.2426021763886226,2.276682582295494,2.608029565963109,0.8
full_seed42_spike_0p2_noise0p5_s5_a0p2_b0p7,42,spike,0.2,0.5,5,0.2,fpr_owa,1.7494330406281255,1.8174104725467617,1.7033820647513225,2.6117291508706293,3.0735129337104823,0.7
full_seed42_spike_0p2_noise0p5_s5_a0p2_b0p7,42,spike,0.2,0.5,5,0.2,crp,1.7340723347202922,1.804367915168009,1.7182720865722745,2.566108309113845,2.879053854323918,0.7
full_seed42_spike_0p2_noise0p5_s5_a0p3_b0p8,42,spike,0.2,0.5,5,0.3,fpr_owa,1.7568619319397525,1.824119403343436,1.7317509534408848,2.56897778926659,2.9109709113042843,0.8
full_seed42_spike_0p2_noise0p5_s5_a0p3_b0p8,42,spike,0.2,0.5,5,0.3,crp,1.7416982120771516,1.8192769046222736,1.7604219121944324,2.6190327144094097,2.952288578687671,0.8
full_seed42_spike_0p2_noise0p5_s9_a0p2_b0p7,42,spike,0.2,0.5,9,0.2,fpr_owa,1.5746985069291672,1.6579119604991928,1.5493924334313012,2.382653667324165,2.913077083781724,0.7
full_seed42_spike_0p2_noise0p5_s9_a0p2_b0p7,42,spike,0.2,0.5,9,0.2,crp,1.7067993628767195,1.77648872048501,1.6459748242734074,2.464928936595006,2.7732476705860205,0.7
full_seed42_spike_0p2_noise0p5_s9_a0p3_b0p8,42,spike,0.2,0.5,9,0.3,fpr_owa,1.6527550864588558,1.721679996146011,1.627789693199988,2.3945369035821917,2.8112617669113744,0.8
full_seed42_spike_0p2_noise0p5_s9_a0p3_b0p8,42,spike,0.2,0.5,9,0.3,crp,1.6926600600936337,1.7668166877203888,1.6662748677709247,2.4825925573332337,2.8071367896443005,0.8
full_seed42_spike_0p3_noise0p1_s13_a0p2_b0p7,42,spike,0.3,0.1,13,0.2,fpr_owa,0.8647325497115536,1.0171288874533235,0.9617193558341728,1.6181116476327868,2.178309828674695,0.7
full_seed42_spike_0p3_noise0p1_s13_a0p2_b0p7,42,spike,0.3,0.1,13,0.2,crp,0.9620510298778524,1.028617417913943,0.9920582284550594,1.5258404111017545,1.6999793311916491,0.7
full_seed42_spike_0p3_noise0p1_s13_a0p3_b0p8,42,spike,0.3,0.1,13,0.3,fpr_owa,1.2105705984998187,1.3014088411845428,1.2060678823994286,2.021672961025869,2.180546407161522,0.8
full_seed42_spike_0p3_noise0p1_s13_a0p3_b0p8,42,spike,0.3,0.1,13,0.3,crp,0.964478922484857,1.148774650047079,0.9233737978345312,1.9749842832300464,2.180546407161522,0.8
full_seed42_spike_0p3_noise0p1_s5_a0p2_b0p7,42,spike,0.3,0.1,5,0.2,fpr_owa,2.202930649921944,2.611419039475287,1.6130645247097464,5.343752755276782,5.724221680944421,0.7
full_seed42_spike_0p3_noise0p1_s5_a0p2_b0p7,42,spike,0.3,0.1,5,0.2,crp,1.7597641655465686,1.841066645858586,1.6441735128203796,2.49794340800032,5.104537284206592,0.7
full_seed42_spike_0p3_noise0p1_s5_a0p3_b0p8,42,spike,0.3,0.1,5,0.3,fpr_owa,1.7457686168347089,2.0312184910021363,1.5481330912818154,3.858182655891866,4.131314561090049,0.8
full_seed42_spike_0p3_noise0p1_s5_a0p3_b0p8,42,spike,0.3,0.1,5,0.3,crp,1.7297965832384885,1.8208511960637157,1.659300186090179,2.491776756082633,3.616947449475495,0.8
full_seed42_spike_0p3_noise0p1_s9_a0p2_b0p7,42,spike,0.3,0.1,9,0.2,fpr_owa,1.6801642540025603,1.9552081492355984,1.495072315819332,3.6698577741596847,4.0231311496604985,0.7
full_seed42_spike_0p3_noise0p1_s9_a0p2_b0p7,42,spike,0.3,0.1,9,0.2,crp,1.7717546261853236,1.826151732547865,1.650840882849552,2.4379318553894795,2.6258607027034606,0.7
full_seed42_spike_0p3_noise0p1_s9_a0p3_b0p8,42,spike,0.3,0.1,9,0.3,fpr_owa,1.54095069854634,1.6408315425296331,1.406441379924824,2.4391191990155026,2.6013060237435366,0.8
full_seed42_spike_0p3_noise0p1_s9_a0p3_b0p8,42,spike,0.3,0.1,9,0.3,crp,1.7309615959302234,1.8031456164986168,1.5964272400616684,2.475598080153961,2.5878879264329213,0.8
full_seed42_spike_0p3_noise0p25_s13_a0p2_b0p7,42,spike,0.3,0.25,13,0.2,fpr_owa,0.8831019198074794,1.046900114959522,0.9082661177511006,1.7513813545660115,2.166802866862523,0.7
full_seed42_spike_0p3_noise0p25_s13_a0p2_b0p7,42,spike,0.3,0.25,13,0.2,crp,0.9497903387713708,1.044505318649131,0.9052099514757505,1.6359601047181584,1.9028733951877157,0.7
full_seed42_spike_0p3_noise0p25_s13_a0p3_b0p8,42,spike,0.3,0.25,13,0.3,fpr_owa,1.1637842117155874,1.2685221504938846,1.1077083585484369,2.0807052266070976,2.31606989625212,0.8
full_seed42_spike_0p3_noise0p25_s13_a0p3_b0p8,42,spike,0.3,0.25,13,0.3,crp,0.9733243543181062,1.1661811580632182,0.9373631750134604,2.0562978591378,2.271889321770841,0.8
full_seed42_spike_0p3_noise0p25_s5_a0p2_b0p7,42,spike,0.3,0.25,5,0.2,fpr_owa,2.258375742420317,2.6745914090201013,1.6597645140031267,5.26839017432442,5.781235719350358,0.7
full_seed42_spike_0p3_noise0p25_s5_a0p2_b0p7,42,spike,0.3,0.25,5,0.2,crp,1.844292377102705,1.984811697834604,1.6985409536787397,2.633390687782267,5.691830125060964,0.7
full_seed42_spike_0p3_noise0p25_s5_a0p3_b0p8,42,spike,0.3,0.25,5,0.3,fpr_owa,1.80104835411681,2.0741896646730997,1.5838236771760834,3.740179544316864,4.259173755188114,0.8
full_seed42_spike_0p3_noise0p25_s5_a0p3_b0p8,42,spike,0.3,0.25,5,0.3,crp,1.7288444426786598,1.8501953056131797,1.6592860773349007,2.6648995251969403,4.09748608499268,0.8
full_seed42_spike_0p3_noise0p25_s9_a0p2_b0p7,42,spike,0.3,0.25,9,0.2,fpr_owa,1.7422265155845564,1.9947915910690213,1.5363149580089748,3.613974376305456,3.980486420559996,0.7
full_seed42_spike_0p3_noise0p25_s9_a0p2_b0p7,42,spike,0.3,0.25,9,0.2,crp,1.7474243570451016,1.8089137276408287,1.6342433841195856,2.4651306647734863,2.7400200169615547,0.7
full_seed42_spike_0p3_noise0p25_s9_a0p3_b0p8,42,spike,0.3,0.25,9,0.3,fpr_owa,1.563659490275132,1.654095426344331,1.4557712942881769,2.432410690338058,2.6370559037383408,0.8
full_seed42_spike_0p3_noise0p25_s9_a0p3_b0p8,42,spike,0.3,0.25,9,0.3,crp,1.7147769768207464,1.7854240017357326,1.6454302633133326,2.463394269773769,2.64503704205197,0.8
full_seed42_spike_0p3_noise0p5_s13_a0p2_b0p7,42,spike,0.3,0.5,13,0.2,fpr_owa,0.9596534206969664,1.1150282521842256,1.00127761825386,1.872390052094699,2.5586855040667302,0.7
full_seed42_spike_0p3_noise0p5_s13_a0p2_b0p7,42,spike,0.3,0.5,13,0.2,crp,1.1046198630307116,1.2224642947821605,1.0955987186226914,1.995792481560366,2.5764505734208294,0.7
full_seed42_spike_0p3_noise0p5_s13_a0p3_b0p8,42,spike,0.3,0.5,13,0.3,fpr_owa,1.0957404867501457,1.2136245283285014,1.0785221361214297,2.049934884350631,2.487182695732886,0.8
full_seed42_spike_0p3_noise0p5_s13_a0p3_b0p8,42,spike,0.3,0.5,13,0.3,crp,1.1409225526000475,1.3118684748268126,1.111957041294202,2.2615369920992445,2.608029565963109,0.8
full_seed42_spike_0p3_noise0p5_s5_a0p2_b0p7,42,spike,0.3,0.5,5,0.2,fpr_owa,2.271106114308206,2.6856501061814178,1.7377317803200505,5.226475781494431,5.919574241427786,0.7
full_seed42_spike_0p3_noise0p5_s5_a0p2_b0p7,42,spike,0.3,0.5,5,0.2,crp,2.018743145350916,2.3026121879732835,1.7916753079102887,4.703656987790351,5.919574241427786,0.7
full_seed42_spike_0p3_noise0p5_s5_a0p3_b0p8,42,spike,0.3,0.5,5,0.3,fpr_owa,1.8277819463833749,2.094846568392461,1.679493985102536,3.708142265757824,4.491956447745332,0.8
full_seed42_spike_0p3_noise0p5_s5_a0p3_b0p8,42,spike,0.3,0.5,5,0.3,crp,1.800450473869793,1.976962901747084,1.7633716100328392,3.344701922192924,4.491956447745332,0.8
full_seed42_spike_0p3_noise0p5_s9_a0p2_b0p7,42,spike,0.3,0.5,9,0.2,fpr_owa,1.7321525109787432,1.9726196157588625,1.6093445207906676,3.517062542152619,4.123938261690141,0.7
full_seed42_spike_0p3_noise0p5_s9_a0p2_b0p7,42,spike,0.3,0.5,9,0.2,crp,1.7015471148761396,1.7764720878498326,1.6487086529695607,2.4957748569937555,3.6574634362742295,0.7
full_seed42_spike_0p3_noise0p5_s9_a0p3_b0p8,42,spike,0.3,0.5,9,0.3,fpr_owa,1.5531920954796776,1.6506505801505298,1.5299137270763383,2.406999122448643,2.8112617669113744,0.8
full_seed42_spike_0p3_noise0p5_s9_a0p3_b0p8,42,spike,0.3,0.5,9,0.3,crp,1.679590318501952,1.7583645816609077,1.6839327173419183,2.4631402613489604,2.8071367896443005,0.8
full_seed42_spike_0p4_noise0p1_s13_a0p2_b0p7,42,spike,0.4,0.1,13,0.2,fpr_owa,1.190023468110346,1.2977868491975713,1.1097756206624814,1.7660620033129013,3.685786267667873,0.7
full_seed42_spike_0p4_noise0p1_s13_a0p2_b0p7,42,spike,0.4,0.1,13,0.2,crp,0.8658654810382433,0.9662141892128724,0.8467599687481877,1.5258404111017545,1.6999793311916491,0.7
full_seed42_spike_0p4_noise0p1_s13_a0p3_b0p8,42,spike,0.4,0.1,13,0.3,fpr_owa,0.9927338768875108,1.198514660098297,1.0369603101963014,2.021672961025869,2.180546407161522,0.8
full_seed42_spike_0p4_noise0p1_s13_a0p3_b0p8,42,spike,0.4,0.1,13,0.3,crp,0.8791424322782869,1.1216080277519245,0.8832348129943477,1.9749842832300464,2.180546407161522,0.8
full_seed42_spike_0p4_noise0p1_s5_a0p2_b0p7,42,spike,0.4,0.1,5,0.2,fpr_owa,2.202930649921944,2.611419039475287,1.6130645247097464,5.343752755276782,5.724221680944421,0.7
full_seed42_spike_0p4_noise0p1_s5_a0p2_b0p7,42,spike,0.4,0.1,5,0.2,crp,1.7597641655465686,1.841066645858586,1.6441735128203796,2.49794340800032,5.104537284206592,0.7
full_seed42_spike_0p4_noise0p1_s5_a0p3_b0p8,42,spike,0.4,0.1,5,0.3,fpr_owa,1.7457686168347089,2.0312184910021363,1.5481330912818154,3.858182655891866,4.131314561090049,0.8
full_seed42_spike_0p4_noise0p1_s5_a0p3_b0p8,42,spike,0.4,0.1,5,0.3,crp,1.7297965832384885,1.8208511960637157,1.659300186090179,2.491776756082633,3.616947449475495,0.8
full_seed42_spike_0p4_noise0p1_s9_a0p2_b0p7,42,spike,0.4,0.1,9,0.2,fpr_owa,2.240134932324568,2.564500677155806,1.854957369070445,5.327799882723613,5.794486472004765,0.7
full_seed42_spike_0p4_noise0p1_s9_a0p2_b0p7,42,spike,0.4,0.1,9,0.2,crp,1.7624617427688738,1.820008735367075,1.6507141061182848,2.4437329564049537,2.6187439296595234,0.7
full_seed42_spike_0p4_noise0p1_s9_a0p3_b0p8,42,spike,0.4,0.1,9,0.3,fpr_owa,1.7646234686637814,2.0347877715784337,1.4106191075113097,3.886283441403133,4.189866104963299,0.8
full_seed42_spike_0p4_noise0p1_s9_a0p3_b0p8,42,spike,0.4,0.1,9,0.3,crp,1.7269410707974144,1.79944156334005,1.6198263867068492,2.4906301135806075,2.585334206550147,0.8
full_seed42_spike_0p4_noise0p25_s13_a0p2_b0p7,42,spike,0.4,0.25,13,0.2,fpr_owa,1.2037884160630716,1.325222449509834,1.1598444668497812,1.8351714199441171,3.6278906854816833,0.7
full_seed42_spike_0p4_noise0p25_s13_a0p2_b0p7,42,spike,0.4,0.25,13,0.2,crp,0.8660389924136332,0.9905290117654708,0.7856771153999966,1.6303263119553717,1.9028733951877157,0.7
full_seed42_spike_0p4_noise0p25_s13_a0p3_b0p8,42,spike,0.4,0.25,13,0.3,fpr_owa,0.96578796778045,1.178661233439842,0.9607226800014852,2.0807052266070976,2.31606989625212,0.8
full_seed42_spike_0p4_noise0p25_s13_a0p3_b0p8,42,spike,0.4,0.25,13,0.3,crp,0.8816553730498062,1.127643571746313,0.8702105631086774,2.0558376317478984,2.271889321770841,0.8
full_seed42_spike_0p4_noise0p25_s5_a0p2_b0p7,42,spike,0.4,0.25,5,0.2,fpr_owa,2.258375742420317,2.6745914090201013,1.6597645140031267,5.26839017432442,5.781235719350358,0.7
full_seed42_spike_0p4_noise0p25_s5_a0p2_b0p7,42,spike,0.4,0.25,5,0.2,crp,1.844292377102705,1.984811697834604,1.6985409536787397,2.633390687782267,5.691830125060964,0.7
full_seed42_spike_0p4_noise0p25_s5_a0p3_b0p8,42,spike,0.4,0.25,5,0.3,fpr_owa,1.80104835411681,2.0741896646730997,1.5838236771760834,3.740179544316864,4.259173755188114,0.8
full_seed42_spike_0p4_noise0p25_s5_a0p3_b0p8,42,spike,0.4,0.25,5,0.3,crp,1.7288444426786598,1.8501953056131797,1.6592860773349007,2.6648995251969403,4.09748608499268,0.8
full_seed42_spike_0p4_noise0p25_s9_a0p2_b0p7,42,spike,0.4,0.25,9,0.2,fpr_owa,2.146357352546153,2.45493332200621,1.7167831504405904,5.267410991452574,5.807924374853122,0.7
full_seed42_spike_0p4_noise0p25_s9_a0p2_b0p7,42,spike,0.4,0.25,9,0.2,crp,1.7771917622796185,1.8674721367826057,1.633434072502806,2.4913104141500355,5.370543562552549,0.7
full_seed42_spike_0p4_noise0p25_s9_a0p3_b0p8,42,spike,0.4,0.25,9,0.3,fpr_owa,1.755465874735792,2.01895878615832,1.4855610792397238,3.822209978411624,4.224359902239901,0.8
full_seed42_spike_0p4_noise0p25_s9_a0p3_b0p8,42,spike,0.4,0.25,9,0.3,crp,1.7312394379142653,1.814187405907242,1.631604641507555,2.5361293322894096,3.885491007882453,0.8
full_seed42_spike_0p4_noise0p5_s13_a0p2_b0p7,42,spike,0.4,0.5,13,0.2,fpr_owa,1.2675664637555424,1.381645679037482,1.2231964551549963,2.0016949170430665,3.882287298314444,0.7
full_seed42_spike_0p4_noise0p5_s13_a0p2_b0p7,42,spike,0.4,0.5,13,0.2,crp,1.0323448830029185,1.1912448796215869,1.0484407502598696,1.9916927990389448,3.49317466736158,0.7
full_seed42_spike_0p4_noise0p5_s13_a0p3_b0p8,42,spike,0.4,0.5,13,0.3,fpr_owa,0.986139372409001,1.1681481561859148,1.0103038183954938,2.0822664116503584,2.487182695732886,0.8
full_seed42_spike_0p4_noise0p5_s13_a0p3_b0p8,42,spike,0.4,0.5,13,0.3,crp,1.0466902512462393,1.2512970493345437,1.0304041341721406,2.2615369920992445,2.608029565963109,0.8
full_seed42_spike_0p4_noise0p5_s5_a0p2_b0p7,42,spike,0.4,0.5,5,0.2,fpr_owa,2.271106114308206,2.6856501061814178,1.7377317803200505,5.226475781494431,5.919574241427786,0.7
full_seed42_spike_0p4_noise0p5_s5_a0p2_b0p7,42,spike,0.4,0.5,5,0.2,crp,2.018743145350916,2.3026121879732835,1.7916753079102887,4.703656987790351,5.919574241427786,0.7
full_seed42_spike_0p4_noise0p5_s5_a0p3_b0p8,42,spike,0.4,0.5,5,0.3,fpr_owa,1.8277819463833749,2.094846568392461,1.679493985102536,3.708142265757824,4.491956447745332,0.8
full_seed42_spike_0p4_noise0p5_s5_a0p3_b0p8,42,spike,0.4,0.5,5,0.3,crp,1.800450473869793,1.976962901747084,1.7633716100328392,3.344701922192924,4.491956447745332,0.8
full_seed42_spike_0p4_noise0p5_s9_a0p2_b0p7,42,spike,0.4,0.5,9,0.2,fpr_owa,2.082045938601546,2.397041044725457,1.7707874098130802,5.1589564496304,5.830320879600382,0.7
full_seed42_spike_0p4_noise0p5_s9_a0p2_b0p7,42,spike,0.4,0.5,9,0.2,crp,1.807365280365548,1.9660767976340376,1.6595881964933343,2.621943418362904,5.67114042146685,0.7
full_seed42_spike_0p4_noise0p5_s9_a0p3_b0p8,42,spike,0.4,0.5,9,0.3,fpr_owa,1.7403791820913166,1.9958650312526185,1.5727259257994757,3.708706090767441,4.471882206602233,0.8
full_seed42_spike_0p4_noise0p5_s9_a0p3_b0p8,42,spike,0.4,0.5,9,0.3,crp,1.7341812019686569,1.8476055273413337,1.6662748677709247,2.784666481662851,4.21755030117082,0.8
