scenario,seed,attack_type,attack_ratio,sensor_noise_level,sensors_per_group,alpha,mean_rounds,converged_rate,mean_consensus_degree,mean_excluded_per_tick,beta
full_seed101_bias_0p0_noise0p1_s13_a0p2_b0p7,101,bias,0.0,0.1,13,0.2,1.1708333333333334,0.0,0.5009746071492321,0.2208333333333333,0.7
full_seed101_bias_0p0_noise0p1_s13_a0p3_b0p8,101,bias,0.0,0.1,13,0.3,1.1708333333333334,0.0,0.5009746071492321,0.2208333333333333,0.8
full_seed101_bias_0p0_noise0p1_s5_a0p2_b0p7,101,bias,0.0,0.1,5,0.2,1.0416666666666667,0.8958333333333334,0.7776838277844688,0.0458333333333333,0.7
full_seed101_bias_0p0_noise0p1_s5_a0p3_b0p8,101,bias,0.0,0.1,5,0.3,1.0416666666666667,0.8958333333333334,0.7776838277844688,0.0458333333333333,0.8
full_seed101_bias_0p0_noise0p1_s9_a0p2_b0p7,101,bias,0.0,0.1,9,0.2,1.3541666666666667,0.45,0.7049341736405818,0.3916666666666666,0.7
full_seed101_bias_0p0_noise0p1_s9_a0p3_b0p8,101,bias,0.0,0.1,9,0.3,1.3541666666666667,0.45,0.7049341736405818,0.3916666666666666,0.8
full_seed101_bias_0p0_noise0p25_s13_a0p2_b0p7,101,bias,0.0,0.25,13,0.2,1.7875,0.0,0.5126042265131526,1.2541666666666669,0.7
full_seed101_bias_0p0_noise0p25_s13_a0p3_b0p8,101,bias,0.0,0.25,13,0.3,1.7875,0.0,0.5126042265131526,1.2541666666666669,0.8
full_seed101_bias_0p0_noise0p25_s5_a0p2_b0p7,101,bias,0.0,0.25,5,0.2,1.1125,0.7458333333333333,0.7503294699997307,0.1208333333333333,0.7
full_seed101_bias_0p0_noise0p25_s5_a0p3_b0p8,101,bias,0.0,0.25,5,0.3,1.1125,0.7458333333333333,0.7503294699997307,0.1208333333333333,0.8
full_seed101_bias_0p0_noise0p25_s9_a0p2_b0p7,101,bias,0.0,0.25,9,0.2,1.6,0.5583333333333333,0.720335575477289,0.8041666666666667,0.7
full_seed101_bias_0p0_noise0p25_s9_a0p3_b0p8,101,bias,0.0,0.25,9,0.3,1.6,0.5583333333333333,0.720335575477289,0.8041666666666667,0.8
full_seed101_bias_0p0_noise0p5_s13_a0p2_b0p7,101,bias,0.0,0.5,13,0.2,2.2,0.1333333333333333,0.572015083673296,3.7916666666666665,0.7
full_seed101_bias_0p0_noise0p5_s13_a0p3_b0p8,101,bias,0.0,0.5,13,0.3,2.2,0.1333333333333333,0.572015083673296,3.7916666666666665,0.8
full_seed101_bias_0p0_noise0p5_s5_a0p2_b0p7,101,bias,0.0,0.5,5,0.2,1.4958333333333331,0.6625,0.7267993370233424,0.6083333333333333,0.7
full_seed101_bias_0p0_noise0p5_s5_a0p3_b0p8,101,bias,0.0,0.5,5,0.3,1.4958333333333331,0.6625,0.7267993370233424,0.6083333333333333,0.8
full_seed101_bias_0p0_noise0p5_s9_a0p2_b0p7,101,bias,0.0,0.5,9,0.2,1.9208333333333332,0.5875,0.7051118788756499,1.7791666666666666,0.7
full_seed101_bias_0p0_noise0p5_s9_a0p3_b0p8,101,bias,0.0,0.5,9,0.3,1.9208333333333332,0.5875,0.7051118788756499,1.7791666666666666,0.8
full_seed101_bias_0p1_noise0p1_s13_a0p2_b0p7,101,bias,0.1,0.1,13,0.2,1.5333333333333334,0.0,0.4980172685526906,0.7,0.7
full_seed101_bias_0p1_noise0p1_s13_a0p3_b0p8,101,bias,0.1,0.1,13,0.3,1.5333333333333334,0.0,0.4980172685526906,0.7,0.8
full_seed101_bias_0p1_noise0p1_s5_a0p2_b0p7,101,bias,0.1,0.1,5,0.2,1.0416666666666667,0.8958333333333334,0.7776838277844688,0.0458333333333333,0.7
full_seed101_bias_0p1_noise0p1_s5_a0p3_b0p8,101,bias,0.1,0.1,5,0.3,1.0416666666666667,0.8958333333333334,0.7776838277844688,0.0458333333333333,0.8
full_seed101_bias_0p1_noise0p1_s9_a0p2_b0p7,101,bias,0.1,0.1,9,0.2,1.5958333333333334,0.4625,0.7088678211465381,0.8458333333333333,0.7
full_seed101_bias_0p1_noise0p1_s9_a0p3_b0p8,101,bias,0.1,0.1,9,0.3,1.5958333333333334,0.4625,0.7088678211465381,0.8458333333333333,0.8
full_seed101_bias_0p1_noise0p25_s13_a0p2_b0p7,101,bias,0.1,0.25,13,0.2,1.8791666666666669,0.0,0.5092394752925078,1.6875,0.7
full_seed101_bias_0p1_noise0p25_s13_a0p3_b0p8,101,bias,0.1,0.25,13,0.3,1.8791666666666669,0.0,0.5092394752925078,1.6875,0.8
full_seed101_bias_0p1_noise0p25_s5_a0p2_b0p7,101,bias,0.1,0.25,5,0.2,1.1125,0.7458333333333333,0.7503294699997307,0.1208333333333333,0.7
full_seed101_bias_0p1_noise0p25_s5_a0p3_b0p8,101,bias,0.1,0.25,5,0.3,1.1125,0.7458333333333333,0.7503294699997307,0.1208333333333333,0.8
full_seed101_bias_0p1_noise0p25_s9_a0p2_b0p7,101,bias,0.1,0.25,9,0.2,1.7416666666666667,0.5916666666666667,0.7233679835655411,1.2666666666666666,0.7
full_seed101_bias_0p1_noise0p25_s9_a0p3_b0p8,101,bias,0.1,0.25,9,0.3,1.7416666666666667,0.5916666666666667,0.7233679835655411,1.2666666666666666,0.8
full_seed101_bias_0p1_noise0p5_s13_a0p2_b0p7,101,bias,0.1,0.5,13,0.2,2.175,0.1458333333333333,0.5712183696528024,4.2,0.7
full_seed101_bias_0p1_noise0p5_s13_a0p3_b0p8,101,bias,0.1,0.5,13,0.3,2.175,0.1458333333333333,0.5712183696528024,4.2,0.8
full_seed101_bias_0p1_noise0p5_s5_a0p2_b0p7,101,bias,0.1,0.5,5,0.2,1.4958333333333331,0.6625,0.7267993370233424,0.6083333333333333,0.7
full_seed101_bias_0p1_noise0p5_s5_a0p3_b0p8,101,bias,0.1,0.5,5,0.3,1.4958333333333331,0.6625,0.7267993370233424,0.6083333333333333,0.8
full_seed101_bias_0p1_noise0p5_s9_a0p2_b0p7,101,bias,0.1,0.5,9,0.2,1.9375,0.6125,0.7142206959326959,2.2625,0.7
full_seed101_bias_0p1_noise0p5_s9_a0p3_b0p8,101,bias,0.1,0.5,9,0.3,1.9375,0.6125,0.7142206959326959,2.2625,0.8
full_seed101_bias_0p2_noise0p1_s13_a0p2_b0p7,101,bias,0.2,0.1,13,0.2,1.6791666666666667,0.0125,0.4875114357546322,1.5125,0.7
full_seed101_bias_0p2_noise0p1_s13_a0p3_b0p8,101,bias,0.2,0.1,13,0.3,1.6791666666666667,0.0125,0.4875114357546322,1.5125,0.8
full_seed101_bias_0p2_noise0p1_s5_a0p2_b0p7,101,bias,0.2,0.1,5,0.2,1.4333333333333331,0.8958333333333334,0.7802880536469772,0.4708333333333333,0.7
full_seed101_bias_0p2_noise0p1_s5_a0p3_b0p8,101,bias,0.2,0.1,5,0.3,1.4333333333333331,0.8958333333333334,0.7802880536469772,0.4708333333333333,0.8
full_seed101_bias_0p2_noise0p1_s9_a0p2_b0p7,101,bias,0.2,0.1,9,0.2,1.7208333333333334,0.4166666666666667,0.6896198877415249,1.1833333333333331,0.7
full_seed101_bias_0p2_noise0p1_s9_a0p3_b0p8,101,bias,0.2,0.1,9,0.3,1.7208333333333334,0.4166666666666667,0.6896198877415249,1.1833333333333331,0.8
full_seed101_bias_0p2_noise0p25_s13_a0p2_b0p7,101,bias,0.2,0.25,13,0.2,2.1,0.0083333333333333,0.4946125330395325,2.558333333333333,0.7
full_seed101_bias_0p2_noise0p25_s13_a0p3_b0p8,101,bias,0.2,0.25,13,0.3,2.1,0.0083333333333333,0.4946125330395325,2.558333333333333,0.8
full_seed101_bias_0p2_noise0p25_s5_a0p2_b0p7,101,bias,0.2,0.25,5,0.2,1.4583333333333333,0.7625,0.7556825247921796,0.5541666666666667,0.7
full_seed101_bias_0p2_noise0p25_s5_a0p3_b0p8,101,bias,0.2,0.25,5,0.3,1.4583333333333333,0.7625,0.7556825247921796,0.5541666666666667,0.8
full_seed101_bias_0p2_noise0p25_s9_a0p2_b0p7,101,bias,0.2,0.25,9,0.2,1.8916666666666664,0.575,0.7179249941087522,1.7041666666666666,0.7
full_seed101_bias_0p2_noise0p25_s9_a0p3_b0p8,101,bias,0.2,0.25,9,0.3,1.8916666666666664,0.575,0.7179249941087522,1.7041666666666666,0.8
full_seed101_bias_0p2_noise0p5_s13_a0p2_b0p7,101,bias,0.2,0.5,13,0.2,2.254166666666667,0.1416666666666666,0.543179386648944,5.020833333333333,0.7
full_seed101_bias_0p2_noise0p5_s13_a0p3_b0p8,101,bias,0.2,0.5,13,0.3,2.254166666666667,0.1416666666666666,0.543179386648944,5.020833333333333,0.8
full_seed101_bias_0p2_noise0p5_s5_a0p2_b0p7,101,bias,0.2,0.5,5,0.2,1.65,0.6333333333333333,0.7069894996490718,0.8625,0.7
full_seed101_bias_0p2_noise0p5_s5_a0p3_b0p8,101,bias,0.2,0.5,5,0.3,1.65,0.6333333333333333,0.7069894996490718,0.8625,0.8
full_seed101_bias_0p2_noise0p5_s9_a0p2_b0p7,101,bias,0.2,0.5,9,0.2,2.0083333333333333,0.625,0.7099125169624434,2.7,0.7
full_seed101_bias_0p2_noise0p5_s9_a0p3_b0p8,101,bias,0.2,0.5,9,0.3,2.0083333333333333,0.625,0.7099125169624434,2.7,0.8
full_seed101_bias_0p3_noise0p1_s13_a0p2_b0p7,101,bias,0.3,0.1,13,0.2,1.7458333333333331,0.0166666666666666,0.485602221864104,1.7791666666666666,0.7
full_seed101_bias_0p3_noise0p1_s13_a0p3_b0p8,101,bias,0.3,0.1,13,0.3,1.7458333333333331,0.0166666666666666,0.485602221864104,1.7791666666666666,0.8
full_seed101_bias_0p3_noise0p1_s5_a0p2_b0p7,101,bias,0.3,0.1,5,0.2,1.3375,0.6916666666666667,0.6688058096932908,0.4708333333333333,0.7
full_seed101_bias_0p3_noise0p1_s5_a0p3_b0p8,101,bias,0.3,0.1,5,0.3,1.3375,0.6916666666666667,0.6688058096932908,0.4708333333333333,0.8
full_seed101_bias_0p3_noise0p1_s9_a0p2_b0p7,101,bias,0.3,0.1,9,0.2,1.7666666666666666,0.3416666666666667,0.6442257883327268,1.4291666666666667,0.7
full_seed101_bias_0p3_noise0p1_s9_a0p3_b0p8,101,bias,0.3,0.1,9,0.3,1.7666666666666666,0.3416666666666667,0.6442257883327268,1.4291666666666667,0.8
full_seed101_bias_0p3_noise0p25_s13_a0p2_b0p7,101,bias,0.3,0.25,13,0.2,2.1,0.0041666666666666,0.4742726267992502,2.8125,0.7
full_seed101_bias_0p3_noise0p25_s13_a0p3_b0p8,101,bias,0.3,0.25,13,0.3,2.1,0.0041666666666666,0.4742726267992502,2.8125,0.8
full_seed101_bias_0p3_noise0p25_s5_a0p2_b0p7,101,bias,0.3,0.25,5,0.2,1.4291666666666667,0.5541666666666667,0.6390730750493963,0.5958333333333333,0.7
full_seed101_bias_0p3_noise0p25_s5_a0p3_b0p8,101,bias,0.3,0.25,5,0.3,1.4291666666666667,0.5541666666666667,0.6390730750493963,0.5958333333333333,0.8
full_seed101_bias_0p3_noise0p25_s9_a0p2_b0p7,101,bias,0.3,0.25,9,0.2,1.8916666666666664,0.4666666666666667,0.6621984723775013,1.8833333333333333,0.7
full_seed101_bias_0p3_noise0p25_s9_a0p3_b0p8,101,bias,0.3,0.25,9,0.3,1.8916666666666664,0.4666666666666667,0.6621984723775013,1.8833333333333333,0.8
full_seed101_bias_0p3_noise0p5_s13_a0p2_b0p7,101,bias,0.3,0.5,13,0.2,2.3125,0.1083333333333333,0.5235619061986548,5.3,0.7
full_seed101_bias_0p3_noise0p5_s13_a0p3_b0p8,101,bias,0.3,0.5,13,0.3,2.3125,0.1083333333333333,0.5235619061986548,5.3,0.8
full_seed101_bias_0p3_noise0p5_s5_a0p2_b0p7,101,bias,0.3,0.5,5,0.2,1.5291666666666666,0.4708333333333333,0.5836315139576845,0.725,0.7
full_seed101_bias_0p3_noise0p5_s5_a0p3_b0p8,101,bias,0.3,0.5,5,0.3,1.5291666666666666,0.4708333333333333,0.5836315139576845,0.725,0.8
full_seed101_bias_0p3_noise0p5_s9_a0p2_b0p7,101,bias,0.3,0.5,9,0.2,2.0458333333333334,0.525,0.647702186664029,2.7916666666666665,0.7
full_seed101_bias_0p3_noise0p5_s9_a0p3_b0p8,101,bias,0.3,0.5,9,0.3,2.0458333333333334,0.525,0.647702186664029,2.7916666666666665,0.8
full_seed101_bias_0p4_noise0p1_s13_a0p2_b0p7,101,bias,0.4,0.1,13,0.2,1.7541666666666669,0.0375,0.4829027697808239,1.8666666666666667,0.7
full_seed101_bias_0p4_noise0p1_s13_a0p3_b0p8,101,bias,0.4,0.1,13,0.3,1.7541666666666669,0.0375,0.4829027697808239,1.8666666666666667,0.8
full_seed101_bias_0p4_noise0p1_s5_a0p2_b0p7,101,bias,0.4,0.1,5,0.2,1.3375,0.6916666666666667,0.6688058096932908,0.4708333333333333,0.7
full_seed101_bias_0p4_noise0p1_s5_a0p3_b0p8,101,bias,0.4,0.1,5,0.3,1.3375,0.6916666666666667,0.6688058096932908,0.4708333333333333,0.8
full_seed101_bias_0p4_noise0p1_s9_a0p2_b0p7,101,bias,0.4,0.1,9,0.2,1.7541666666666669,0.3,0.5929502015393912,1.4958333333333331,0.7
full_seed101_bias_0p4_noise0p1_s9_a0p3_b0p8,101,bias,0.4,0.1,9,0.3,1.7541666666666669,0.3,0.5929502015393912,1.4958333333333331,0.8
full_seed101_bias_0p4_noise0p25_s13_a0p2_b0p7,101,bias,0.4,0.25,13,0.2,2.066666666666667,0.0125,0.4691838236057746,2.816666666666667,0.7
full_seed101_bias_0p4_noise0p25_s13_a0p3_b0p8,101,bias,0.4,0.25,13,0.3,2.066666666666667,0.0125,0.4691838236057746,2.816666666666667,0.8
full_seed101_bias_0p4_noise0p25_s5_a0p2_b0p7,101,bias,0.4,0.25,5,0.2,1.4291666666666667,0.5541666666666667,0.6390730750493963,0.5958333333333333,0.7
full_seed101_bias_0p4_noise0p25_s5_a0p3_b0p8,101,bias,0.4,0.25,5,0.3,1.4291666666666667,0.5541666666666667,0.6390730750493963,0.5958333333333333,0.8
full_seed101_bias_0p4_noise0p25_s9_a0p2_b0p7,101,bias,0.4,0.25,9,0.2,1.8958333333333333,0.3833333333333333,0.6090887659247262,2.0,0.7
full_seed101_bias_0p4_noise0p25_s9_a0p3_b0p8,101,bias,0.4,0.25,9,0.3,1.8958333333333333,0.3833333333333333,0.6090887659247262,2.0,0.8
full_seed101_bias_0p4_noise0p5_s13_a0p2_b0p7,101,bias,0.4,0.5,13,0.2,2.3,0.1125,0.5119797102793187,5.270833333333333,0.7
full_seed101_bias_0p4_noise0p5_s13_a0p3_b0p8,101,bias,0.4,0.5,13,0.3,2.3,0.1125,0.5119797102793187,5.270833333333333,0.8
full_seed101_bias_0p4_noise0p5_s5_a0p2_b0p7,101,bias,0.4,0.5,5,0.2,1.5291666666666666,0.4708333333333333,0.5836315139576845,0.725,0.7
full_seed101_bias_0p4_noise0p5_s5_a0p3_b0p8,101,bias,0.4,0.5,5,0.3,1.5291666666666666,0.4708333333333333,0.5836315139576845,0.725,0.8
full_seed101_bias_0p4_noise0p5_s9_a0p2_b0p7,101,bias,0.4,0.5,9,0.2,2.029166666666667,0.4541666666666666,0.6084160718061692,2.904166666666667,0.7
full_seed101_bias_0p4_noise0p5_s9_a0p3_b0p8,101,bias,0.4,0.5,9,0.3,2.029166666666667,0.4541666666666666,0.6084160718061692,2.904166666666667,0.8
full_seed101_drift_0p0_noise0p1_s13_a0p2_b0p7,101,drift,0.0,0.1,13,0.2,1.1708333333333334,0.0,0.5009746071492321,0.2208333333333333,0.7
full_seed101_drift_0p0_noise0p1_s13_a0p3_b0p8,101,drift,0.0,0.1,13,0.3,1.1708333333333334,0.0,0.5009746071492321,0.2208333333333333,0.8
full_seed101_drift_0p0_noise0p1_s5_a0p2_b0p7,101,drift,0.0,0.1,5,0.2,1.0416666666666667,0.8958333333333334,0.7776838277844688,0.0458333333333333,0.7
full_seed101_drift_0p0_noise0p1_s5_a0p3_b0p8,101,drift,0.0,0.1,5,0.3,1.0416666666666667,0.8958333333333334,0.7776838277844688,0.0458333333333333,0.8
full_seed101_drift_0p0_noise0p1_s9_a0p2_b0p7,101,drift,0.0,0.1,9,0.2,1.3541666666666667,0.45,0.7049341736405818,0.3916666666666666,0.7
full_seed101_drift_0p0_noise0p1_s9_a0p3_b0p8,101,drift,0.0,0.1,9,0.3,1.3541666666666667,0.45,0.7049341736405818,0.3916666666666666,0.8
full_seed101_drift_0p0_noise0p25_s13_a0p2_b0p7,101,drift,0.0,0.25,13,0.2,1.7875,0.0,0.5126042265131526,1.2541666666666669,0.7
full_seed101_drift_0p0_noise0p25_s13_a0p3_b0p8,101,drift,0.0,0.25,13,0.3,1.7875,0.0,0.5126042265131526,1.2541666666666669,0.8
full_seed101_drift_0p0_noise0p25_s5_a0p2_b0p7,101,drift,0.0,0.25,5,0.2,1.1125,0.7458333333333333,0.7503294699997307,0.1208333333333333,0.7
full_seed101_drift_0p0_noise0p25_s5_a0p3_b0p8,101,drift,0.0,0.25,5,0.3,1.1125,0.7458333333333333,0.7503294699997307,0.1208333333333333,0.8
full_seed101_drift_0p0_noise0p25_s9_a0p2_b0p7,101,drift,0.0,0.25,9,0.2,1.6,0.5583333333333333,0.720335575477289,0.8041666666666667,0.7
full_seed101_drift_0p0_noise0p25_s9_a0p3_b0p8,101,drift,0.0,0.25,9,0.3,1.6,0.5583333333333333,0.720335575477289,0.8041666666666667,0.8
full_seed101_drift_0p0_noise0p5_s13_a0p2_b0p7,101,drift,0.0,0.5,13,0.2,2.2,0.1333333333333333,0.572015083673296,3.7916666666666665,0.7
full_seed101_drift_0p0_noise0p5_s13_a0p3_b0p8,101,drift,0.0,0.5,13,0.3,2.2,0.1333333333333333,0.572015083673296,3.7916666666666665,0.8
full_seed101_drift_0p0_noise0p5_s5_a0p2_b0p7,101,drift,0.0,0.5,5,0.2,1.4958333333333331,0.6625,0.7267993370233424,0.6083333333333333,0.7
full_seed101_drift_0p0_noise0p5_s5_a0p3_b0p8,101,drift,0.0,0.5,5,0.3,1.4958333333333331,0.6625,0.7267993370233424,0.6083333333333333,0.8
full_seed101_drift_0p0_noise0p5_s9_a0p2_b0p7,101,drift,0.0,0.5,9,0.2,1.9208333333333332,0.5875,0.7051118788756499,1.7791666666666666,0.7
full_seed101_drift_0p0_noise0p5_s9_a0p3_b0p8,101,drift,0.0,0.5,9,0.3,1.9208333333333332,0.5875,0.7051118788756499,1.7791666666666666,0.8
full_seed101_drift_0p1_noise0p1_s13_a0p2_b0p7,101,drift,0.1,0.1,13,0.2,1.3583333333333334,0.0,0.4946084064167648,0.4708333333333333,0.7
full_seed101_drift_0p1_noise0p1_s13_a0p3_b0p8,101,drift,0.1,0.1,13,0.3,1.3583333333333334,0.0,0.4946084064167648,0.4708333333333333,0.8
full_seed101_drift_0p1_noise0p1_s5_a0p2_b0p7,101,drift,0.1,0.1,5,0.2,1.0416666666666667,0.8958333333333334,0.7776838277844688,0.0458333333333333,0.7
full_seed101_drift_0p1_noise0p1_s5_a0p3_b0p8,101,drift,0.1,0.1,5,0.3,1.0416666666666667,0.8958333333333334,0.7776838277844688,0.0458333333333333,0.8
full_seed101_drift_0p1_noise0p1_s9_a0p2_b0p7,101,drift,0.1,0.1,9,0.2,1.4458333333333333,0.4541666666666666,0.7007014412757847,0.6125,0.7
full_seed101_drift_0p1_noise0p1_s9_a0p3_b0p8,101,drift,0.1,0.1,9,0.3,1.4458333333333333,0.4541666666666666,0.7007014412757847,0.6125,0.8
full_seed101_drift_0p1_noise0p25_s13_a0p2_b0p7,101,drift,0.1,0.25,13,0.2,1.825,0.0,0.505003345738997,1.4583333333333333,0.7
full_seed101_drift_0p1_noise0p25_s13_a0p3_b0p8,101,drift,0.1,0.25,13,0.3,1.825,0.0,0.505003345738997,1.4583333333333333,0.8
full_seed101_drift_0p1_noise0p25_s5_a0p2_b0p7,101,drift,0.1,0.25,5,0.2,1.1125,0.7458333333333333,0.7503294699997307,0.1208333333333333,0.7
full_seed101_drift_0p1_noise0p25_s5_a0p3_b0p8,101,drift,0.1,0.25,5,0.3,1.1125,0.7458333333333333,0.7503294699997307,0.1208333333333333,0.8
full_seed101_drift_0p1_noise0p25_s9_a0p2_b0p7,101,drift,0.1,0.25,9,0.2,1.6583333333333334,0.5625,0.7140173188952196,1.0041666666666669,0.7
full_seed101_drift_0p1_noise0p25_s9_a0p3_b0p8,101,drift,0.1,0.25,9,0.3,1.6583333333333334,0.5625,0.7140173188952196,1.0041666666666669,0.8
full_seed101_drift_0p1_noise0p5_s13_a0p2_b0p7,101,drift,0.1,0.5,13,0.2,2.1875,0.1333333333333333,0.5644046123280406,3.9625,0.7
full_seed101_drift_0p1_noise0p5_s13_a0p3_b0p8,101,drift,0.1,0.5,13,0.3,2.1875,0.1333333333333333,0.5644046123280406,3.9625,0.8
full_seed101_drift_0p1_noise0p5_s5_a0p2_b0p7,101,drift,0.1,0.5,5,0.2,1.4958333333333331,0.6625,0.7267993370233424,0.6083333333333333,0.7
full_seed101_drift_0p1_noise0p5_s5_a0p3_b0p8,101,drift,0.1,0.5,5,0.3,1.4958333333333331,0.6625,0.7267993370233424,0.6083333333333333,0.8
full_seed101_drift_0p1_noise0p5_s9_a0p2_b0p7,101,drift,0.1,0.5,9,0.2,1.9291666666666667,0.5791666666666667,0.702407760865081,1.9875,0.7
full_seed101_drift_0p1_noise0p5_s9_a0p3_b0p8,101,drift,0.1,0.5,9,0.3,1.9291666666666667,0.5791666666666667,0.702407760865081,1.9875,0.8
full_seed101_drift_0p2_noise0p1_s13_a0p2_b0p7,101,drift,0.2,0.1,13,0.2,1.4875,0.0,0.4764121349965042,0.8625,0.7
full_seed101_drift_0p2_noise0p1_s13_a0p3_b0p8,101,drift,0.2,0.1,13,0.3,1.4875,0.0,0.4764121349965042,0.8625,0.8
full_seed101_drift_0p2_noise0p1_s5_a0p2_b0p7,101,drift,0.2,0.1,5,0.2,1.2166666666666666,0.825,0.7611168170230543,0.2333333333333333,0.7
full_seed101_drift_0p2_noise0p1_s5_a0p3_b0p8,101,drift,0.2,0.1,5,0.3,1.2166666666666666,0.825,0.7611168170230543,0.2333333333333333,0.8
full_seed101_drift_0p2_noise0p1_s9_a0p2_b0p7,101,drift,0.2,0.1,9,0.2,1.55,0.4208333333333333,0.6872949747275281,0.7875,0.7
full_seed101_drift_0p2_noise0p1_s9_a0p3_b0p8,101,drift,0.2,0.1,9,0.3,1.55,0.4208333333333333,0.6872949747275281,0.7875,0.8
full_seed101_drift_0p2_noise0p25_s13_a0p2_b0p7,101,drift,0.2,0.25,13,0.2,1.9,0.0,0.4825610670880338,1.8083333333333331,0.7
full_seed101_drift_0p2_noise0p25_s13_a0p3_b0p8,101,drift,0.2,0.25,13,0.3,1.9,0.0,0.4825610670880338,1.8083333333333331,0.8
full_seed101_drift_0p2_noise0p25_s5_a0p2_b0p7,101,drift,0.2,0.25,5,0.2,1.2708333333333333,0.6875,0.738337767671935,0.3166666666666666,0.7
full_seed101_drift_0p2_noise0p25_s5_a0p3_b0p8,101,drift,0.2,0.25,5,0.3,1.2708333333333333,0.6875,0.738337767671935,0.3166666666666666,0.8
full_seed101_drift_0p2_noise0p25_s9_a0p2_b0p7,101,drift,0.2,0.25,9,0.2,1.7375,0.5166666666666667,0.7017133251343902,1.1875,0.7
full_seed101_drift_0p2_noise0p25_s9_a0p3_b0p8,101,drift,0.2,0.25,9,0.3,1.7375,0.5166666666666667,0.7017133251343902,1.1875,0.8
full_seed101_drift_0p2_noise0p5_s13_a0p2_b0p7,101,drift,0.2,0.5,13,0.2,2.2333333333333334,0.1208333333333333,0.535370363617671,4.4,0.7
full_seed101_drift_0p2_noise0p5_s13_a0p3_b0p8,101,drift,0.2,0.5,13,0.3,2.2333333333333334,0.1208333333333333,0.535370363617671,4.4,0.8
full_seed101_drift_0p2_noise0p5_s5_a0p2_b0p7,101,drift,0.2,0.5,5,0.2,1.5583333333333331,0.5958333333333333,0.7076264628066634,0.7125,0.7
full_seed101_drift_0p2_noise0p5_s5_a0p3_b0p8,101,drift,0.2,0.5,5,0.3,1.5583333333333331,0.5958333333333333,0.7076264628066634,0.7125,0.8
full_seed101_drift_0p2_noise0p5_s9_a0p2_b0p7,101,drift,0.2,0.5,9,0.2,1.9541666666666664,0.525,0.6843660154173982,2.129166666666667,0.7
full_seed101_drift_0p2_noise0p5_s9_a0p3_b0p8,101,drift,0.2,0.5,9,0.3,1.9541666666666664,0.525,0.6843660154173982,2.129166666666667,0.8
full_seed101_drift_0p3_noise0p1_s13_a0p2_b0p7,101,drift,0.3,0.1,13,0.2,1.5208333333333333,0.0,0.4745879831448152,1.0166666666666666,0.7
full_seed101_drift_0p3_noise0p1_s13_a0p3_b0p8,101,drift,0.3,0.1,13,0.3,1.5208333333333333,0.0,0.4745879831448152,1.0166666666666666,0.8
full_seed101_drift_0p3_noise0p1_s5_a0p2_b0p7,101,drift,0.3,0.1,5,0.2,1.1958333333333333,0.6875,0.703888983246116,0.2625,0.7
full_seed101_drift_0p3_noise0p1_s5_a0p3_b0p8,101,drift,0.3,0.1,5,0.3,1.1958333333333333,0.6875,0.703888983246116,0.2625,0.8
full_seed101_drift_0p3_noise0p1_s9_a0p2_b0p7,101,drift,0.3,0.1,9,0.2,1.575,0.3625,0.6492925811681496,0.8041666666666667,0.7
full_seed101_drift_0p3_noise0p1_s9_a0p3_b0p8,101,drift,0.3,0.1,9,0.3,1.575,0.3625,0.6492925811681496,0.8041666666666667,0.8
full_seed101_drift_0p3_noise0p25_s13_a0p2_b0p7,101,drift,0.3,0.25,13,0.2,1.9375,0.0,0.4761264373921859,1.9791666666666667,0.7
full_seed101_drift_0p3_noise0p25_s13_a0p3_b0p8,101,drift,0.3,0.25,13,0.3,1.9375,0.0,0.4761264373921859,1.9791666666666667,0.8
full_seed101_drift_0p3_noise0p25_s5_a0p2_b0p7,101,drift,0.3,0.25,5,0.2,1.2791666666666666,0.5791666666666667,0.686351672148215,0.3708333333333333,0.7
full_seed101_drift_0p3_noise0p25_s5_a0p3_b0p8,101,drift,0.3,0.25,5,0.3,1.2791666666666666,0.5791666666666667,0.686351672148215,0.3708333333333333,0.8
full_seed101_drift_0p3_noise0p25_s9_a0p2_b0p7,101,drift,0.3,0.25,9,0.2,1.7625,0.4375,0.6679478738641976,1.25,0.7
full_seed101_drift_0p3_noise0p25_s9_a0p3_b0p8,101,drift,0.3,0.25,9,0.3,1.7625,0.4375,0.6679478738641976,1.25,0.8
full_seed101_drift_0p3_noise0p5_s13_a0p2_b0p7,101,drift,0.3,0.5,13,0.2,2.2375,0.1125,0.5276479404565859,4.516666666666667,0.7
full_seed101_drift_0p3_noise0p5_s13_a0p3_b0p8,101,drift,0.3,0.5,13,0.3,2.2375,0.1125,0.5276479404565859,4.516666666666667,0.8
full_seed101_drift_0p3_noise0p5_s5_a0p2_b0p7,101,drift,0.3,0.5,5,0.2,1.5833333333333333,0.5375,0.6700503741107292,0.7708333333333334,0.7
full_seed101_drift_0p3_noise0p5_s5_a0p3_b0p8,101,drift,0.3,0.5,5,0.3,1.5833333333333333,0.5375,0.6700503741107292,0.7708333333333334,0.8
full_seed101_drift_0p3_noise0p5_s9_a0p2_b0p7,101,drift,0.3,0.5,9,0.2,1.9583333333333333,0.4791666666666667,0.663164095525213,2.2041666666666666,0.7
full_seed101_drift_0p3_noise0p5_s9_a0p3_b0p8,101,drift,0.3,0.5,9,0.3,1.9583333333333333,0.4791666666666667,0.663164095525213,2.2041666666666666,0.8
full_seed101_drift_0p4_noise0p1_s13_a0p2_b0p7,101,drift,0.4,0.1,13,0.2,1.525,0.0,0.4691711098398654,1.05,0.7
full_seed101_drift_0p4_noise0p1_s13_a0p3_b0p8,101,drift,0.4,0.1,13,0.3,1.525,0.0,0.4691711098398654,1.05,0.8
full_seed101_drift_0p4_noise0p1_s5_a0p2_b0p7,101,drift,0.4,0.1,5,0.2,1.1958333333333333,0.6875,0.703888983246116,0.2625,0.7
full_seed101_drift_0p4_noise0p1_s5_a0p3_b0p8,101,drift,0.4,0.1,5,0.3,1.1958333333333333,0.6875,0.703888983246116,0.2625,0.8
full_seed101_drift_0p4_noise0p1_s9_a0p2_b0p7,101,drift,0.4,0.1,9,0.2,1.5916666666666666,0.3458333333333333,0.6343603885226697,0.8208333333333333,0.7
full_seed101_drift_0p4_noise0p1_s9_a0p3_b0p8,101,drift,0.4,0.1,9,0.3,1.5916666666666666,0.3458333333333333,0.6343603885226697,0.8208333333333333,0.8
full_seed101_drift_0p4_noise0p25_s13_a0p2_b0p7,101,drift,0.4,0.25,13,0.2,1.9416666666666669,0.0,0.4700990328167685,2.0541666666666667,0.7
full_seed101_drift_0p4_noise0p25_s13_a0p3_b0p8,101,drift,0.4,0.25,13,0.3,1.9416666666666669,0.0,0.4700990328167685,2.0541666666666667,0.8
full_seed101_drift_0p4_noise0p25_s5_a0p2_b0p7,101,drift,0.4,0.25,5,0.2,1.2791666666666666,0.5791666666666667,0.686351672148215,0.3708333333333333,0.7
full_seed101_drift_0p4_noise0p25_s5_a0p3_b0p8,101,drift,0.4,0.25,5,0.3,1.2791666666666666,0.5791666666666667,0.686351672148215,0.3708333333333333,0.8
full_seed101_drift_0p4_noise0p25_s9_a0p2_b0p7,101,drift,0.4,0.25,9,0.2,1.775,0.4416666666666666,0.6595252349390407,1.3416666666666666,0.7
full_seed101_drift_0p4_noise0p25_s9_a0p3_b0p8,101,drift,0.4,0.25,9,0.3,1.775,0.4416666666666666,0.6595252349390407,1.3416666666666666,0.8
full_seed101_drift_0p4_noise0p5_s13_a0p2_b0p7,101,drift,0.4,0.5,13,0.2,2.2333333333333334,0.1083333333333333,0.5220131872522614,4.558333333333334,0.7
full_seed101_drift_0p4_noise0p5_s13_a0p3_b0p8,101,drift,0.4,0.5,13,0.3,2.2333333333333334,0.1083333333333333,0.5220131872522614,4.558333333333334,0.8
full_seed101_drift_0p4_noise0p5_s5_a0p2_b0p7,101,drift,0.4,0.5,5,0.2,1.5833333333333333,0.5375,0.6700503741107292,0.7708333333333334,0.7
full_seed101_drift_0p4_noise0p5_s5_a0p3_b0p8,101,drift,0.4,0.5,5,0.3,1.5833333333333333,0.5375,0.6700503741107292,0.7708333333333334,0.8
full_seed101_drift_0p4_noise0p5_s9_a0p2_b0p7,101,drift,0.4,0.5,9,0.2,1.9833333333333332,0.475,0.6622704164805099,2.3375,0.7
full_seed101_drift_0p4_noise0p5_s9_a0p3_b0p8,101,drift,0.4,0.5,9,0.3,1.9833333333333332,0.475,0.6622704164805099,2.3375,0.8
full_seed101_freeze_0p0_noise0p1_s13_a0p2_b0p7,101,freeze,0.0,0.1,13,0.2,1.1708333333333334,0.0,0.5009746071492321,0.2208333333333333,0.7
full_seed101_freeze_0p0_noise0p1_s13_a0p3_b0p8,101,freeze,0.0,0.1,13,0.3,1.1708333333333334,0.0,0.5009746071492321,0.2208333333333333,0.8
full_seed101_freeze_0p0_noise0p1_s5_a0p2_b0p7,101,freeze,0.0,0.1,5,0.2,1.0416666666666667,0.8958333333333334,0.7776838277844688,0.0458333333333333,0.7
full_seed101_freeze_0p0_noise0p1_s5_a0p3_b0p8,101,freeze,0.0,0.1,5,0.3,1.0416666666666667,0.8958333333333334,0.7776838277844688,0.0458333333333333,0.8
full_seed101_freeze_0p0_noise0p1_s9_a0p2_b0p7,101,freeze,0.0,0.1,9,0.2,1.3541666666666667,0.45,0.7049341736405818,0.3916666666666666,0.7
full_seed101_freeze_0p0_noise0p1_s9_a0p3_b0p8,101,freeze,0.0,0.1,9,0.3,1.3541666666666667,0.45,0.7049341736405818,0.3916666666666666,0.8
full_seed101_freeze_0p0_noise0p25_s13_a0p2_b0p7,101,freeze,0.0,0.25,13,0.2,1.7875,0.0,0.5126042265131526,1.2541666666666669,0.7
full_seed101_freeze_0p0_noise0p25_s13_a0p3_b0p8,101,freeze,0.0,0.25,13,0.3,1.7875,0.0,0.5126042265131526,1.2541666666666669,0.8
full_seed101_freeze_0p0_noise0p25_s5_a0p2_b0p7,101,freeze,0.0,0.25,5,0.2,1.1125,0.7458333333333333,0.7503294699997307,0.1208333333333333,0.7
full_seed101_freeze_0p0_noise0p25_s5_a0p3_b0p8,101,freeze,0.0,0.25,5,0.3,1.1125,0.7458333333333333,0.7503294699997307,0.1208333333333333,0.8
full_seed101_freeze_0p0_noise0p25_s9_a0p2_b0p7,101,freeze,0.0,0.25,9,0.2,1.6,0.5583333333333333,0.720335575477289,0.8041666666666667,0.7
full_seed101_freeze_0p0_noise0p25_s9_a0p3_b0p8,101,freeze,0.0,0.25,9,0.3,1.6,0.5583333333333333,0.720335575477289,0.8041666666666667,0.8
full_seed101_freeze_0p0_noise0p5_s13_a0p2_b0p7,101,freeze,0.0,0.5,13,0.2,2.2,0.1333333333333333,0.572015083673296,3.7916666666666665,0.7
full_seed101_freeze_0p0_noise0p5_s13_a0p3_b0p8,101,freeze,0.0,0.5,13,0.3,2.2,0.1333333333333333,0.572015083673296,3.7916666666666665,0.8
full_seed101_freeze_0p0_noise0p5_s5_a0p2_b0p7,101,freeze,0.0,0.5,5,0.2,1.4958333333333331,0.6625,0.7267993370233424,0.6083333333333333,0.7
full_seed101_freeze_0p0_noise0p5_s5_a0p3_b0p8,101,freeze,0.0,0.5,5,0.3,1.4958333333333331,0.6625,0.7267993370233424,0.6083333333333333,0.8
full_seed101_freeze_0p0_noise0p5_s9_a0p2_b0p7,101,freeze,0.0,0.5,9,0.2,1.9208333333333332,0.5875,0.7051118788756499,1.7791666666666666,0.7
full_seed101_freeze_0p0_noise0p5_s9_a0p3_b0p8,101,freeze,0.0,0.5,9,0.3,1.9208333333333332,0.5875,0.7051118788756499,1.7791666666666666,0.8
full_seed101_freeze_0p1_noise0p1_s13_a0p2_b0p7,101,freeze,0.1,0.1,13,0.2,1.1541666666666666,0.0,0.5029309445040819,0.2041666666666666,0.7
full_seed101_freeze_0p1_noise0p1_s13_a0p3_b0p8,101,freeze,0.1,0.1,13,0.3,1.1541666666666666,0.0,0.5029309445040819,0.2041666666666666,0.8
full_seed101_freeze_0p1_noise0p1_s5_a0p2_b0p7,101,freeze,0.1,0.1,5,0.2,1.0416666666666667,0.8958333333333334,0.7776838277844688,0.0458333333333333,0.7
full_seed101_freeze_0p1_noise0p1_s5_a0p3_b0p8,101,freeze,0.1,0.1,5,0.3,1.0416666666666667,0.8958333333333334,0.7776838277844688,0.0458333333333333,0.8
full_seed101_freeze_0p1_noise0p1_s9_a0p2_b0p7,101,freeze,0.1,0.1,9,0.2,1.3375,0.4208333333333333,0.6998891101086986,0.3708333333333333,0.7
full_seed101_freeze_0p1_noise0p1_s9_a0p3_b0p8,101,freeze,0.1,0.1,9,0.3,1.3375,0.4208333333333333,0.6998891101086986,0.3708333333333333,0.8
full_seed101_freeze_0p1_noise0p25_s13_a0p2_b0p7,101,freeze,0.1,0.25,13,0.2,1.7583333333333333,0.0,0.5137793232105043,1.1791666666666667,0.7
full_seed101_freeze_0p1_noise0p25_s13_a0p3_b0p8,101,freeze,0.1,0.25,13,0.3,1.7583333333333333,0.0,0.5137793232105043,1.1791666666666667,0.8
full_seed101_freeze_0p1_noise0p25_s5_a0p2_b0p7,101,freeze,0.1,0.25,5,0.2,1.1125,0.7458333333333333,0.7503294699997307,0.1208333333333333,0.7
full_seed101_freeze_0p1_noise0p25_s5_a0p3_b0p8,101,freeze,0.1,0.25,5,0.3,1.1125,0.7458333333333333,0.7503294699997307,0.1208333333333333,0.8
full_seed101_freeze_0p1_noise0p25_s9_a0p2_b0p7,101,freeze,0.1,0.25,9,0.2,1.5875,0.5375,0.7123382848186007,0.7625,0.7
full_seed101_freeze_0p1_noise0p25_s9_a0p3_b0p8,101,freeze,0.1,0.25,9,0.3,1.5875,0.5375,0.7123382848186007,0.7625,0.8
full_seed101_freeze_0p1_noise0p5_s13_a0p2_b0p7,101,freeze,0.1,0.5,13,0.2,2.1708333333333334,0.125,0.5688192039758903,3.683333333333333,0.7
full_seed101_freeze_0p1_noise0p5_s13_a0p3_b0p8,101,freeze,0.1,0.5,13,0.3,2.1708333333333334,0.125,0.5688192039758903,3.683333333333333,0.8
full_seed101_freeze_0p1_noise0p5_s5_a0p2_b0p7,101,freeze,0.1,0.5,5,0.2,1.4958333333333331,0.6625,0.7267993370233424,0.6083333333333333,0.7
full_seed101_freeze_0p1_noise0p5_s5_a0p3_b0p8,101,freeze,0.1,0.5,5,0.3,1.4958333333333331,0.6625,0.7267993370233424,0.6083333333333333,0.8
full_seed101_freeze_0p1_noise0p5_s9_a0p2_b0p7,101,freeze,0.1,0.5,9,0.2,1.8916666666666664,0.5708333333333333,0.696405455884058,1.725,0.7
full_seed101_freeze_0p1_noise0p5_s9_a0p3_b0p8,101,freeze,0.1,0.5,9,0.3,1.8916666666666664,0.5708333333333333,0.696405455884058,1.725,0.8
full_seed101_freeze_0p2_noise0p1_s13_a0p2_b0p7,101,freeze,0.2,0.1,13,0.2,1.1541666666666666,0.0,0.4968344507878054,0.2041666666666666,0.7
full_seed101_freeze_0p2_noise0p1_s13_a0p3_b0p8,101,freeze,0.2,0.1,13,0.3,1.1541666666666666,0.0,0.4968344507878054,0.2041666666666666,0.8
full_seed101_freeze_0p2_noise0p1_s5_a0p2_b0p7,101,freeze,0.2,0.1,5,0.2,1.0333333333333334,0.8916666666666667,0.770867340060848,0.0375,0.7
full_seed101_freeze_0p2_noise0p1_s5_a0p3_b0p8,101,freeze,0.2,0.1,5,0.3,1.0333333333333334,0.8916666666666667,0.770867340060848,0.0375,0.8
full_seed101_freeze_0p2_noise0p1_s9_a0p2_b0p7,101,freeze,0.2,0.1,9,0.2,1.35,0.4125,0.698632380498992,0.3833333333333333,0.7
full_seed101_freeze_0p2_noise0p1_s9_a0p3_b0p8,101,freeze,0.2,0.1,9,0.3,1.35,0.4125,0.698632380498992,0.3833333333333333,0.8
full_seed101_freeze_0p2_noise0p25_s13_a0p2_b0p7,101,freeze,0.2,0.25,13,0.2,1.75,0.0,0.5070756913485881,1.1583333333333334,0.7
full_seed101_freeze_0p2_noise0p25_s13_a0p3_b0p8,101,freeze,0.2,0.25,13,0.3,1.75,0.0,0.5070756913485881,1.1583333333333334,0.8
full_seed101_freeze_0p2_noise0p25_s5_a0p2_b0p7,101,freeze,0.2,0.25,5,0.2,1.1,0.725,0.7438653247501835,0.1083333333333333,0.7
full_seed101_freeze_0p2_noise0p25_s5_a0p3_b0p8,101,freeze,0.2,0.25,5,0.3,1.1,0.725,0.7438653247501835,0.1083333333333333,0.8
full_seed101_freeze_0p2_noise0p25_s9_a0p2_b0p7,101,freeze,0.2,0.25,9,0.2,1.5875,0.525,0.7087929428961658,0.7625,0.7
full_seed101_freeze_0p2_noise0p25_s9_a0p3_b0p8,101,freeze,0.2,0.25,9,0.3,1.5875,0.525,0.7087929428961658,0.7625,0.8
full_seed101_freeze_0p2_noise0p5_s13_a0p2_b0p7,101,freeze,0.2,0.5,13,0.2,2.183333333333333,0.125,0.5638126444448389,3.6791666666666663,0.7
full_seed101_freeze_0p2_noise0p5_s13_a0p3_b0p8,101,freeze,0.2,0.5,13,0.3,2.183333333333333,0.125,0.5638126444448389,3.6791666666666663,0.8
full_seed101_freeze_0p2_noise0p5_s5_a0p2_b0p7,101,freeze,0.2,0.5,5,0.2,1.5125,0.6458333333333334,0.7232817825350127,0.6208333333333333,0.7
full_seed101_freeze_0p2_noise0p5_s5_a0p3_b0p8,101,freeze,0.2,0.5,5,0.3,1.5125,0.6458333333333334,0.7232817825350127,0.6208333333333333,0.8
full_seed101_freeze_0p2_noise0p5_s9_a0p2_b0p7,101,freeze,0.2,0.5,9,0.2,1.9125,0.525,0.6925164126816509,1.7333333333333334,0.7
full_seed101_freeze_0p2_noise0p5_s9_a0p3_b0p8,101,freeze,0.2,0.5,9,0.3,1.9125,0.525,0.6925164126816509,1.7333333333333334,0.8
full_seed101_freeze_0p3_noise0p1_s13_a0p2_b0p7,101,freeze,0.3,0.1,13,0.2,1.1458333333333333,0.0,0.497271444233937,0.1958333333333333,0.7
full_seed101_freeze_0p3_noise0p1_s13_a0p3_b0p8,101,freeze,0.3,0.1,13,0.3,1.1458333333333333,0.0,0.497271444233937,0.1958333333333333,0.8
full_seed101_freeze_0p3_noise0p1_s5_a0p2_b0p7,101,freeze,0.3,0.1,5,0.2,1.0333333333333334,0.9,0.7646152534806983,0.0375,0.7
full_seed101_freeze_0p3_noise0p1_s5_a0p3_b0p8,101,freeze,0.3,0.1,5,0.3,1.0333333333333334,0.9,0.7646152534806983,0.0375,0.8
full_seed101_freeze_0p3_noise0p1_s9_a0p2_b0p7,101,freeze,0.3,0.1,9,0.2,1.3541666666666667,0.4166666666666667,0.7011822181416651,0.3875,0.7
full_seed101_freeze_0p3_noise0p1_s9_a0p3_b0p8,101,freeze,0.3,0.1,9,0.3,1.3541666666666667,0.4166666666666667,0.7011822181416651,0.3875,0.8
full_seed101_freeze_0p3_noise0p25_s13_a0p2_b0p7,101,freeze,0.3,0.25,13,0.2,1.7291666666666667,0.0,0.5085555171597264,1.1291666666666669,0.7
full_seed101_freeze_0p3_noise0p25_s13_a0p3_b0p8,101,freeze,0.3,0.25,13,0.3,1.7291666666666667,0.0,0.5085555171597264,1.1291666666666669,0.8
full_seed101_freeze_0p3_noise0p25_s5_a0p2_b0p7,101,freeze,0.3,0.25,5,0.2,1.0958333333333334,0.675,0.7352131987283935,0.1041666666666666,0.7
full_seed101_freeze_0p3_noise0p25_s5_a0p3_b0p8,101,freeze,0.3,0.25,5,0.3,1.0958333333333334,0.675,0.7352131987283935,0.1041666666666666,0.8
full_seed101_freeze_0p3_noise0p25_s9_a0p2_b0p7,101,freeze,0.3,0.25,9,0.2,1.5958333333333334,0.5125,0.7104702724500898,0.7625,0.7
full_seed101_freeze_0p3_noise0p25_s9_a0p3_b0p8,101,freeze,0.3,0.25,9,0.3,1.5958333333333334,0.5125,0.7104702724500898,0.7625,0.8
full_seed101_freeze_0p3_noise0p5_s13_a0p2_b0p7,101,freeze,0.3,0.5,13,0.2,2.183333333333333,0.1208333333333333,0.5661073567449761,3.625,0.7
full_seed101_freeze_0p3_noise0p5_s13_a0p3_b0p8,101,freeze,0.3,0.5,13,0.3,2.183333333333333,0.1208333333333333,0.5661073567449761,3.625,0.8
full_seed101_freeze_0p3_noise0p5_s5_a0p2_b0p7,101,freeze,0.3,0.5,5,0.2,1.5,0.5875,0.7128097604274705,0.6,0.7
full_seed101_freeze_0p3_noise0p5_s5_a0p3_b0p8,101,freeze,0.3,0.5,5,0.3,1.5,0.5875,0.7128097604274705,0.6,0.8
full_seed101_freeze_0p3_noise0p5_s9_a0p2_b0p7,101,freeze,0.3,0.5,9,0.2,1.9083333333333332,0.5291666666666667,0.6937348026912159,1.7125,0.7
full_seed101_freeze_0p3_noise0p5_s9_a0p3_b0p8,101,freeze,0.3,0.5,9,0.3,1.9083333333333332,0.5291666666666667,0.6937348026912159,1.7125,0.8
full_seed101_freeze_0p4_noise0p1_s13_a0p2_b0p7,101,freeze,0.4,0.1,13,0.2,1.1458333333333333,0.0,0.4991636195216496,0.1958333333333333,0.7
full_seed101_freeze_0p4_noise0p1_s13_a0p3_b0p8,101,freeze,0.4,0.1,13,0.3,1.1458333333333333,0.0,0.4991636195216496,0.1958333333333333,0.8
full_seed101_freeze_0p4_noise0p1_s5_a0p2_b0p7,101,freeze,0.4,0.1,5,0.2,1.0333333333333334,0.9,0.7646152534806983,0.0375,0.7
full_seed101_freeze_0p4_noise0p1_s5_a0p3_b0p8,101,freeze,0.4,0.1,5,0.3,1.0333333333333334,0.9,0.7646152534806983,0.0375,0.8
full_seed101_freeze_0p4_noise0p1_s9_a0p2_b0p7,101,freeze,0.4,0.1,9,0.2,1.3625,0.4333333333333333,0.7055481987412212,0.3958333333333333,0.7
full_seed101_freeze_0p4_noise0p1_s9_a0p3_b0p8,101,freeze,0.4,0.1,9,0.3,1.3625,0.4333333333333333,0.7055481987412212,0.3958333333333333,0.8
full_seed101_freeze_0p4_noise0p25_s13_a0p2_b0p7,101,freeze,0.4,0.25,13,0.2,1.7083333333333333,0.0,0.5086811651039238,1.0708333333333333,0.7
full_seed101_freeze_0p4_noise0p25_s13_a0p3_b0p8,101,freeze,0.4,0.25,13,0.3,1.7083333333333333,0.0,0.5086811651039238,1.0708333333333333,0.8
full_seed101_freeze_0p4_noise0p25_s5_a0p2_b0p7,101,freeze,0.4,0.25,5,0.2,1.0958333333333334,0.675,0.7352131987283935,0.1041666666666666,0.7
full_seed101_freeze_0p4_noise0p25_s5_a0p3_b0p8,101,freeze,0.4,0.25,5,0.3,1.0958333333333334,0.675,0.7352131987283935,0.1041666666666666,0.8
full_seed101_freeze_0p4_noise0p25_s9_a0p2_b0p7,101,freeze,0.4,0.25,9,0.2,1.5791666666666666,0.5416666666666666,0.712903294889265,0.7416666666666667,0.7
full_seed101_freeze_0p4_noise0p25_s9_a0p3_b0p8,101,freeze,0.4,0.25,9,0.3,1.5791666666666666,0.5416666666666666,0.712903294889265,0.7416666666666667,0.8
full_seed101_freeze_0p4_noise0p5_s13_a0p2_b0p7,101,freeze,0.4,0.5,13,0.2,2.1666666666666665,0.1083333333333333,0.5617271332683316,3.5458333333333334,0.7
full_seed101_freeze_0p4_noise0p5_s13_a0p3_b0p8,101,freeze,0.4,0.5,13,0.3,2.1666666666666665,0.1083333333333333,0.5617271332683316,3.5458333333333334,0.8
full_seed101_freeze_0p4_noise0p5_s5_a0p2_b0p7,101,freeze,0.4,0.5,5,0.2,1.5,0.5875,0.7128097604274705,0.6,0.7
full_seed101_freeze_0p4_noise0p5_s5_a0p3_b0p8,101,freeze,0.4,0.5,5,0.3,1.5,0.5875,0.7128097604274705,0.6,0.8
full_seed101_freeze_0p4_noise0p5_s9_a0p2_b0p7,101,freeze,0.4,0.5,9,0.2,1.9,0.5458333333333333,0.6953241778212664,1.7,0.7
full_seed101_freeze_0p4_noise0p5_s9_a0p3_b0p8,101,freeze,0.4,0.5,9,0.3,1.9,0.5458333333333333,0.6953241778212664,1.7,0.8
full_seed101_mixed_0p0_noise0p1_s13_a0p2_b0p7,101,mixed,0.0,0.1,13,0.2,1.1708333333333334,0.0,0.5009746071492321,0.2208333333333333,0.7
full_seed101_mixed_0p0_noise0p1_s13_a0p3_b0p8,101,mixed,0.0,0.1,13,0.3,1.1708333333333334,0.0,0.5009746071492321,0.2208333333333333,0.8
full_seed101_mixed_0p0_noise0p1_s5_a0p2_b0p7,101,mixed,0.0,0.1,5,0.2,1.0416666666666667,0.8958333333333334,0.7776838277844688,0.0458333333333333,0.7
full_seed101_mixed_0p0_noise0p1_s5_a0p3_b0p8,101,mixed,0.0,0.1,5,0.3,1.0416666666666667,0.8958333333333334,0.7776838277844688,0.0458333333333333,0.8
full_seed101_mixed_0p0_noise0p1_s9_a0p2_b0p7,101,mixed,0.0,0.1,9,0.2,1.3541666666666667,0.45,0.7049341736405818,0.3916666666666666,0.7
full_seed101_mixed_0p0_noise0p1_s9_a0p3_b0p8,101,mixed,0.0,0.1,9,0.3,1.3541666666666667,0.45,0.7049341736405818,0.3916666666666666,0.8
full_seed101_mixed_0p0_noise0p25_s13_a0p2_b0p7,101,mixed,0.0,0.25,13,0.2,1.7875,0.0,0.5126042265131526,1.2541666666666669,0.7
full_seed101_mixed_0p0_noise0p25_s13_a0p3_b0p8,101,mixed,0.0,0.25,13,0.3,1.7875,0.0,0.5126042265131526,1.2541666666666669,0.8
full_seed101_mixed_0p0_noise0p25_s5_a0p2_b0p7,101,mixed,0.0,0.25,5,0.2,1.1125,0.7458333333333333,0.7503294699997307,0.1208333333333333,0.7
full_seed101_mixed_0p0_noise0p25_s5_a0p3_b0p8,101,mixed,0.0,0.25,5,0.3,1.1125,0.7458333333333333,0.7503294699997307,0.1208333333333333,0.8
full_seed101_mixed_0p0_noise0p25_s9_a0p2_b0p7,101,mixed,0.0,0.25,9,0.2,1.6,0.5583333333333333,0.720335575477289,0.8041666666666667,0.7
full_seed101_mixed_0p0_noise0p25_s9_a0p3_b0p8,101,mixed,0.0,0.25,9,0.3,1.6,0.5583333333333333,0.720335575477289,0.8041666666666667,0.8
full_seed101_mixed_0p0_noise0p5_s13_a0p2_b0p7,101,mixed,0.0,0.5,13,0.2,2.2,0.1333333333333333,0.572015083673296,3.7916666666666665,0.7
full_seed101_mixed_0p0_noise0p5_s13_a0p3_b0p8,101,mixed,0.0,0.5,13,0.3,2.2,0.1333333333333333,0.572015083673296,3.7916666666666665,0.8
full_seed101_mixed_0p0_noise0p5_s5_a0p2_b0p7,101,mixed,0.0,0.5,5,0.2,1.4958333333333331,0.6625,0.7267993370233424,0.6083333333333333,0.7
full_seed101_mixed_0p0_noise0p5_s5_a0p3_b0p8,101,mixed,0.0,0.5,5,0.3,1.4958333333333331,0.6625,0.7267993370233424,0.6083333333333333,0.8
full_seed101_mixed_0p0_noise0p5_s9_a0p2_b0p7,101,mixed,0.0,0.5,9,0.2,1.9208333333333332,0.5875,0.7051118788756499,1.7791666666666666,0.7
full_seed101_mixed_0p0_noise0p5_s9_a0p3_b0p8,101,mixed,0.0,0.5,9,0.3,1.9208333333333332,0.5875,0.7051118788756499,1.7791666666666666,0.8
full_seed101_mixed_0p1_noise0p1_s13_a0p2_b0p7,101,mixed,0.1,0.1,13,0.2,1.3416666666666666,0.0,0.4959156750479596,0.4541666666666666,0.7
full_seed101_mixed_0p1_noise0p1_s13_a0p3_b0p8,101,mixed,0.1,0.1,13,0.3,1.3416666666666666,0.0,0.4959156750479596,0.4541666666666666,0.8
full_seed101_mixed_0p1_noise0p1_s5_a0p2_b0p7,101,mixed,0.1,0.1,5,0.2,1.0416666666666667,0.8958333333333334,0.7776838277844688,0.0458333333333333,0.7
full_seed101_mixed_0p1_noise0p1_s5_a0p3_b0p8,101,mixed,0.1,0.1,5,0.3,1.0416666666666667,0.8958333333333334,0.7776838277844688,0.0458333333333333,0.8
full_seed101_mixed_0p1_noise0p1_s9_a0p2_b0p7,101,mixed,0.1,0.1,9,0.2,1.4375,0.4583333333333333,0.7027006460621765,0.5875,0.7
full_seed101_mixed_0p1_noise0p1_s9_a0p3_b0p8,101,mixed,0.1,0.1,9,0.3,1.4375,0.4583333333333333,0.7027006460621765,0.5875,0.8
full_seed101_mixed_0p1_noise0p25_s13_a0p2_b0p7,101,mixed,0.1,0.25,13,0.2,1.8208333333333333,0.0,0.5069984938166291,1.4458333333333333,0.7
full_seed101_mixed_0p1_noise0p25_s13_a0p3_b0p8,101,mixed,0.1,0.25,13,0.3,1.8208333333333333,0.0,0.5069984938166291,1.4458333333333333,0.8
full_seed101_mixed_0p1_noise0p25_s5_a0p2_b0p7,101,mixed,0.1,0.25,5,0.2,1.1125,0.7458333333333333,0.7503294699997307,0.1208333333333333,0.7
full_seed101_mixed_0p1_noise0p25_s5_a0p3_b0p8,101,mixed,0.1,0.25,5,0.3,1.1125,0.7458333333333333,0.7503294699997307,0.1208333333333333,0.8
full_seed101_mixed_0p1_noise0p25_s9_a0p2_b0p7,101,mixed,0.1,0.25,9,0.2,1.6333333333333333,0.5666666666666667,0.7174718843570626,1.0041666666666669,0.7
full_seed101_mixed_0p1_noise0p25_s9_a0p3_b0p8,101,mixed,0.1,0.25,9,0.3,1.6333333333333333,0.5666666666666667,0.7174718843570626,1.0041666666666669,0.8
full_seed101_mixed_0p1_noise0p5_s13_a0p2_b0p7,101,mixed,0.1,0.5,13,0.2,2.175,0.1291666666666666,0.569750673823965,3.970833333333333,0.7
full_seed101_mixed_0p1_noise0p5_s13_a0p3_b0p8,101,mixed,0.1,0.5,13,0.3,2.175,0.1291666666666666,0.569750673823965,3.970833333333333,0.8
full_seed101_mixed_0p1_noise0p5_s5_a0p2_b0p7,101,mixed,0.1,0.5,5,0.2,1.4958333333333331,0.6625,0.7267993370233424,0.6083333333333333,0.7
full_seed101_mixed_0p1_noise0p5_s5_a0p3_b0p8,101,mixed,0.1,0.5,5,0.3,1.4958333333333331,0.6625,0.7267993370233424,0.6083333333333333,0.8
full_seed101_mixed_0p1_noise0p5_s9_a0p2_b0p7,101,mixed,0.1,0.5,9,0.2,1.9125,0.5833333333333334,0.7086513283868353,2.004166666666667,0.7
full_seed101_mixed_0p1_noise0p5_s9_a0p3_b0p8,101,mixed,0.1,0.5,9,0.3,1.9125,0.5833333333333334,0.7086513283868353,2.004166666666667,0.8
full_seed101_mixed_0p2_noise0p1_s13_a0p2_b0p7,101,mixed,0.2,0.1,13,0.2,1.3916666666666666,0.0,0.495033602684619,0.9208333333333332,0.7
full_seed101_mixed_0p2_noise0p1_s13_a0p3_b0p8,101,mixed,0.2,0.1,13,0.3,1.3916666666666666,0.0,0.495033602684619,0.9208333333333332,0.8
full_seed101_mixed_0p2_noise0p1_s5_a0p2_b0p7,101,mixed,0.2,0.1,5,0.2,1.2,0.8791666666666667,0.7758801460469288,0.2333333333333333,0.7
full_seed101_mixed_0p2_noise0p1_s5_a0p3_b0p8,101,mixed,0.2,0.1,5,0.3,1.2,0.8791666666666667,0.7758801460469288,0.2333333333333333,0.8
full_seed101_mixed_0p2_noise0p1_s9_a0p2_b0p7,101,mixed,0.2,0.1,9,0.2,1.4541666666666666,0.4416666666666666,0.698028847325313,0.7666666666666667,0.7
full_seed101_mixed_0p2_noise0p1_s9_a0p3_b0p8,101,mixed,0.2,0.1,9,0.3,1.4541666666666666,0.4416666666666666,0.698028847325313,0.7666666666666667,0.8
full_seed101_mixed_0p2_noise0p25_s13_a0p2_b0p7,101,mixed,0.2,0.25,13,0.2,1.85,0.0,0.5059102959272911,1.9208333333333332,0.7
full_seed101_mixed_0p2_noise0p25_s13_a0p3_b0p8,101,mixed,0.2,0.25,13,0.3,1.85,0.0,0.5059102959272911,1.9208333333333332,0.8
full_seed101_mixed_0p2_noise0p25_s5_a0p2_b0p7,101,mixed,0.2,0.25,5,0.2,1.2333333333333334,0.7291666666666666,0.7468678886943372,0.2833333333333333,0.7
full_seed101_mixed_0p2_noise0p25_s5_a0p3_b0p8,101,mixed,0.2,0.25,5,0.3,1.2333333333333334,0.7291666666666666,0.7468678886943372,0.2833333333333333,0.8
full_seed101_mixed_0p2_noise0p25_s9_a0p2_b0p7,101,mixed,0.2,0.25,9,0.2,1.6833333333333331,0.5875,0.7215904392961594,1.2541666666666669,0.7
full_seed101_mixed_0p2_noise0p25_s9_a0p3_b0p8,101,mixed,0.2,0.25,9,0.3,1.6833333333333331,0.5875,0.7215904392961594,1.2541666666666669,0.8
full_seed101_mixed_0p2_noise0p5_s13_a0p2_b0p7,101,mixed,0.2,0.5,13,0.2,2.191666666666667,0.125,0.5601160324466617,4.433333333333334,0.7
full_seed101_mixed_0p2_noise0p5_s13_a0p3_b0p8,101,mixed,0.2,0.5,13,0.3,2.191666666666667,0.125,0.5601160324466617,4.433333333333334,0.8
full_seed101_mixed_0p2_noise0p5_s5_a0p2_b0p7,101,mixed,0.2,0.5,5,0.2,1.5583333333333331,0.6125,0.7115303982412615,0.7041666666666667,0.7
full_seed101_mixed_0p2_noise0p5_s5_a0p3_b0p8,101,mixed,0.2,0.5,5,0.3,1.5583333333333331,0.6125,0.7115303982412615,0.7041666666666667,0.8
full_seed101_mixed_0p2_noise0p5_s9_a0p2_b0p7,101,mixed,0.2,0.5,9,0.2,1.9208333333333332,0.5916666666666667,0.7113056063635633,2.2416666666666667,0.7
full_seed101_mixed_0p2_noise0p5_s9_a0p3_b0p8,101,mixed,0.2,0.5,9,0.3,1.9208333333333332,0.5916666666666667,0.7113056063635633,2.2416666666666667,0.8
full_seed101_mixed_0p3_noise0p1_s13_a0p2_b0p7,101,mixed,0.3,0.1,13,0.2,1.4291666666666667,0.0125,0.5034789032234366,1.1916666666666669,0.7
full_seed101_mixed_0p3_noise0p1_s13_a0p3_b0p8,101,mixed,0.3,0.1,13,0.3,1.4291666666666667,0.0125,0.5034789032234366,1.1916666666666669,0.8
full_seed101_mixed_0p3_noise0p1_s5_a0p2_b0p7,101,mixed,0.3,0.1,5,0.2,1.1375,0.8083333333333333,0.7347450769703686,0.2166666666666666,0.7
full_seed101_mixed_0p3_noise0p1_s5_a0p3_b0p8,101,mixed,0.3,0.1,5,0.3,1.1375,0.8083333333333333,0.7347450769703686,0.2166666666666666,0.8
full_seed101_mixed_0p3_noise0p1_s9_a0p2_b0p7,101,mixed,0.3,0.1,9,0.2,1.475,0.4208333333333333,0.6930657116653853,0.9541666666666668,0.7
full_seed101_mixed_0p3_noise0p1_s9_a0p3_b0p8,101,mixed,0.3,0.1,9,0.3,1.475,0.4208333333333333,0.6930657116653853,0.9541666666666668,0.8
full_seed101_mixed_0p3_noise0p25_s13_a0p2_b0p7,101,mixed,0.3,0.25,13,0.2,1.8625,0.0208333333333333,0.510175274281837,2.129166666666667,0.7
full_seed101_mixed_0p3_noise0p25_s13_a0p3_b0p8,101,mixed,0.3,0.25,13,0.3,1.8625,0.0208333333333333,0.510175274281837,2.129166666666667,0.8
full_seed101_mixed_0p3_noise0p25_s5_a0p2_b0p7,101,mixed,0.3,0.25,5,0.2,1.1833333333333331,0.6416666666666667,0.6992589952454846,0.2541666666666666,0.7
full_seed101_mixed_0p3_noise0p25_s5_a0p3_b0p8,101,mixed,0.3,0.25,5,0.3,1.1833333333333331,0.6416666666666667,0.6992589952454846,0.2541666666666666,0.8
full_seed101_mixed_0p3_noise0p25_s9_a0p2_b0p7,101,mixed,0.3,0.25,9,0.2,1.6791666666666667,0.5666666666666667,0.7107683397684561,1.3791666666666669,0.7
full_seed101_mixed_0p3_noise0p25_s9_a0p3_b0p8,101,mixed,0.3,0.25,9,0.3,1.6791666666666667,0.5666666666666667,0.7107683397684561,1.3791666666666669,0.8
full_seed101_mixed_0p3_noise0p5_s13_a0p2_b0p7,101,mixed,0.3,0.5,13,0.2,2.1625,0.1333333333333333,0.5523722328944707,4.445833333333334,0.7
full_seed101_mixed_0p3_noise0p5_s13_a0p3_b0p8,101,mixed,0.3,0.5,13,0.3,2.1625,0.1333333333333333,0.5523722328944707,4.445833333333334,0.8
full_seed101_mixed_0p3_noise0p5_s5_a0p2_b0p7,101,mixed,0.3,0.5,5,0.2,1.4833333333333334,0.5583333333333333,0.659914715005627,0.6125,0.7
full_seed101_mixed_0p3_noise0p5_s5_a0p3_b0p8,101,mixed,0.3,0.5,5,0.3,1.4833333333333334,0.5583333333333333,0.659914715005627,0.6125,0.8
full_seed101_mixed_0p3_noise0p5_s9_a0p2_b0p7,101,mixed,0.3,0.5,9,0.2,1.9125,0.5625,0.6861285495892278,2.25,0.7
full_seed101_mixed_0p3_noise0p5_s9_a0p3_b0p8,101,mixed,0.3,0.5,9,0.3,1.9125,0.5625,0.6861285495892278,2.25,0.8
full_seed101_mixed_0p4_noise0p1_s13_a0p2_b0p7,101,mixed,0.4,0.1,13,0.2,1.425,0.05,0.5192610638768668,1.3333333333333333,0.7
full_seed101_mixed_0p4_noise0p1_s13_a0p3_b0p8,101,mixed,0.4,0.1,13,0.3,1.425,0.05,0.5192610638768668,1.3333333333333333,0.8
full_seed101_mixed_0p4_noise0p1_s5_a0p2_b0p7,101,mixed,0.4,0.1,5,0.2,1.1375,0.8083333333333333,0.7347450769703686,0.2166666666666666,0.7
full_seed101_mixed_0p4_noise0p1_s5_a0p3_b0p8,101,mixed,0.4,0.1,5,0.3,1.1375,0.8083333333333333,0.7347450769703686,0.2166666666666666,0.8
full_seed101_mixed_0p4_noise0p1_s9_a0p2_b0p7,101,mixed,0.4,0.1,9,0.2,1.4708333333333334,0.425,0.6849416016630676,1.0541666666666667,0.7
full_seed101_mixed_0p4_noise0p1_s9_a0p3_b0p8,101,mixed,0.4,0.1,9,0.3,1.4708333333333334,0.425,0.6849416016630676,1.0541666666666667,0.8
full_seed101_mixed_0p4_noise0p25_s13_a0p2_b0p7,101,mixed,0.4,0.25,13,0.2,1.8791666666666669,0.05,0.5242867244817038,2.316666666666667,0.7
full_seed101_mixed_0p4_noise0p25_s13_a0p3_b0p8,101,mixed,0.4,0.25,13,0.3,1.8791666666666669,0.05,0.5242867244817038,2.316666666666667,0.8
full_seed101_mixed_0p4_noise0p25_s5_a0p2_b0p7,101,mixed,0.4,0.25,5,0.2,1.1833333333333331,0.6416666666666667,0.6992589952454846,0.2541666666666666,0.7
full_seed101_mixed_0p4_noise0p25_s5_a0p3_b0p8,101,mixed,0.4,0.25,5,0.3,1.1833333333333331,0.6416666666666667,0.6992589952454846,0.2541666666666666,0.8
full_seed101_mixed_0p4_noise0p25_s9_a0p2_b0p7,101,mixed,0.4,0.25,9,0.2,1.6583333333333334,0.5125,0.6870575364556046,1.3291666666666666,0.7
full_seed101_mixed_0p4_noise0p25_s9_a0p3_b0p8,101,mixed,0.4,0.25,9,0.3,1.6583333333333334,0.5125,0.6870575364556046,1.3291666666666666,0.8
full_seed101_mixed_0p4_noise0p5_s13_a0p2_b0p7,101,mixed,0.4,0.5,13,0.2,2.154166666666667,0.1416666666666666,0.5504638048443081,4.325,0.7
full_seed101_mixed_0p4_noise0p5_s13_a0p3_b0p8,101,mixed,0.4,0.5,13,0.3,2.154166666666667,0.1416666666666666,0.5504638048443081,4.325,0.8
full_seed101_mixed_0p4_noise0p5_s5_a0p2_b0p7,101,mixed,0.4,0.5,5,0.2,1.4833333333333334,0.5583333333333333,0.659914715005627,0.6125,0.7
full_seed101_mixed_0p4_noise0p5_s5_a0p3_b0p8,101,mixed,0.4,0.5,5,0.3,1.4833333333333334,0.5583333333333333,0.659914715005627,0.6125,0.8
full_seed101_mixed_0p4_noise0p5_s9_a0p2_b0p7,101,mixed,0.4,0.5,9,0.2,1.8791666666666669,0.5375,0.6666000838952185,2.125,0.7
full_seed101_mixed_0p4_noise0p5_s9_a0p3_b0p8,101,mixed,0.4,0.5,9,0.3,1.8791666666666669,0.5375,0.6666000838952185,2.125,0.8
full_seed101_replay_0p0_noise0p1_s13_a0p2_b0p7,101,replay,0.0,0.1,13,0.2,1.1708333333333334,0.0,0.5009746071492321,0.2208333333333333,0.7
full_seed101_replay_0p0_noise0p1_s13_a0p3_b0p8,101,replay,0.0,0.1,13,0.3,1.1708333333333334,0.0,0.5009746071492321,0.2208333333333333,0.8
full_seed101_replay_0p0_noise0p1_s5_a0p2_b0p7,101,replay,0.0,0.1,5,0.2,1.0416666666666667,0.8958333333333334,0.7776838277844688,0.0458333333333333,0.7
full_seed101_replay_0p0_noise0p1_s5_a0p3_b0p8,101,replay,0.0,0.1,5,0.3,1.0416666666666667,0.8958333333333334,0.7776838277844688,0.0458333333333333,0.8
full_seed101_replay_0p0_noise0p1_s9_a0p2_b0p7,101,replay,0.0,0.1,9,0.2,1.3541666666666667,0.45,0.7049341736405818,0.3916666666666666,0.7
full_seed101_replay_0p0_noise0p1_s9_a0p3_b0p8,101,replay,0.0,0.1,9,0.3,1.3541666666666667,0.45,0.7049341736405818,0.3916666666666666,0.8
full_seed101_replay_0p0_noise0p25_s13_a0p2_b0p7,101,replay,0.0,0.25,13,0.2,1.7875,0.0,0.5126042265131526,1.2541666666666669,0.7
full_seed101_replay_0p0_noise0p25_s13_a0p3_b0p8,101,replay,0.0,0.25,13,0.3,1.7875,0.0,0.5126042265131526,1.2541666666666669,0.8
full_seed101_replay_0p0_noise0p25_s5_a0p2_b0p7,101,replay,0.0,0.25,5,0.2,1.1125,0.7458333333333333,0.7503294699997307,0.1208333333333333,0.7
full_seed101_replay_0p0_noise0p25_s5_a0p3_b0p8,101,replay,0.0,0.25,5,0.3,1.1125,0.7458333333333333,0.7503294699997307,0.1208333333333333,0.8
full_seed101_replay_0p0_noise0p25_s9_a0p2_b0p7,101,replay,0.0,0.25,9,0.2,1.6,0.5583333333333333,0.720335575477289,0.8041666666666667,0.7
full_seed101_replay_0p0_noise0p25_s9_a0p3_b0p8,101,replay,0.0,0.25,9,0.3,1.6,0.5583333333333333,0.720335575477289,0.8041666666666667,0.8
full_seed101_replay_0p0_noise0p5_s13_a0p2_b0p7,101,replay,0.0,0.5,13,0.2,2.2,0.1333333333333333,0.572015083673296,3.7916666666666665,0.7
full_seed101_replay_0p0_noise0p5_s13_a0p3_b0p8,101,replay,0.0,0.5,13,0.3,2.2,0.1333333333333333,0.572015083673296,3.7916666666666665,0.8
full_seed101_replay_0p0_noise0p5_s5_a0p2_b0p7,101,replay,0.0,0.5,5,0.2,1.4958333333333331,0.6625,0.7267993370233424,0.6083333333333333,0.7
full_seed101_replay_0p0_noise0p5_s5_a0p3_b0p8,101,replay,0.0,0.5,5,0.3,1.4958333333333331,0.6625,0.7267993370233424,0.6083333333333333,0.8
full_seed101_replay_0p0_noise0p5_s9_a0p2_b0p7,101,replay,0.0,0.5,9,0.2,1.9208333333333332,0.5875,0.7051118788756499,1.7791666666666666,0.7
full_seed101_replay_0p0_noise0p5_s9_a0p3_b0p8,101,replay,0.0,0.5,9,0.3,1.9208333333333332,0.5875,0.7051118788756499,1.7791666666666666,0.8
full_seed101_replay_0p1_noise0p1_s13_a0p2_b0p7,101,replay,0.1,0.1,13,0.2,1.1666666666666667,0.0,0.5006896941596627,0.2166666666666666,0.7
full_seed101_replay_0p1_noise0p1_s13_a0p3_b0p8,101,replay,0.1,0.1,13,0.3,1.1666666666666667,0.0,0.5006896941596627,0.2166666666666666,0.8
full_seed101_replay_0p1_noise0p1_s5_a0p2_b0p7,101,replay,0.1,0.1,5,0.2,1.0416666666666667,0.8958333333333334,0.7776838277844688,0.0458333333333333,0.7
full_seed101_replay_0p1_noise0p1_s5_a0p3_b0p8,101,replay,0.1,0.1,5,0.3,1.0416666666666667,0.8958333333333334,0.7776838277844688,0.0458333333333333,0.8
full_seed101_replay_0p1_noise0p1_s9_a0p2_b0p7,101,replay,0.1,0.1,9,0.2,1.3416666666666666,0.4375,0.7023144893215171,0.3791666666666666,0.7
full_seed101_replay_0p1_noise0p1_s9_a0p3_b0p8,101,replay,0.1,0.1,9,0.3,1.3416666666666666,0.4375,0.7023144893215171,0.3791666666666666,0.8
full_seed101_replay_0p1_noise0p25_s13_a0p2_b0p7,101,replay,0.1,0.25,13,0.2,1.7666666666666666,0.0,0.5121132642969214,1.2375,0.7
full_seed101_replay_0p1_noise0p25_s13_a0p3_b0p8,101,replay,0.1,0.25,13,0.3,1.7666666666666666,0.0,0.5121132642969214,1.2375,0.8
full_seed101_replay_0p1_noise0p25_s5_a0p2_b0p7,101,replay,0.1,0.25,5,0.2,1.1125,0.7458333333333333,0.7503294699997307,0.1208333333333333,0.7
full_seed101_replay_0p1_noise0p25_s5_a0p3_b0p8,101,replay,0.1,0.25,5,0.3,1.1125,0.7458333333333333,0.7503294699997307,0.1208333333333333,0.8
full_seed101_replay_0p1_noise0p25_s9_a0p2_b0p7,101,replay,0.1,0.25,9,0.2,1.6083333333333334,0.5458333333333333,0.7191581706013821,0.8125,0.7
full_seed101_replay_0p1_noise0p25_s9_a0p3_b0p8,101,replay,0.1,0.25,9,0.3,1.6083333333333334,0.5458333333333333,0.7191581706013821,0.8125,0.8
full_seed101_replay_0p1_noise0p5_s13_a0p2_b0p7,101,replay,0.1,0.5,13,0.2,2.1958333333333333,0.1375,0.570084192787443,3.7875,0.7
full_seed101_replay_0p1_noise0p5_s13_a0p3_b0p8,101,replay,0.1,0.5,13,0.3,2.1958333333333333,0.1375,0.570084192787443,3.7875,0.8
full_seed101_replay_0p1_noise0p5_s5_a0p2_b0p7,101,replay,0.1,0.5,5,0.2,1.4958333333333331,0.6625,0.7267993370233424,0.6083333333333333,0.7
full_seed101_replay_0p1_noise0p5_s5_a0p3_b0p8,101,replay,0.1,0.5,5,0.3,1.4958333333333331,0.6625,0.7267993370233424,0.6083333333333333,0.8
full_seed101_replay_0p1_noise0p5_s9_a0p2_b0p7,101,replay,0.1,0.5,9,0.2,1.9166666666666667,0.575,0.7036805908470398,1.8166666666666669,0.7
full_seed101_replay_0p1_noise0p5_s9_a0p3_b0p8,101,replay,0.1,0.5,9,0.3,1.9166666666666667,0.575,0.7036805908470398,1.8166666666666669,0.8
full_seed101_replay_0p2_noise0p1_s13_a0p2_b0p7,101,replay,0.2,0.1,13,0.2,1.1875,0.0,0.501067723133135,0.2375,0.7
full_seed101_replay_0p2_noise0p1_s13_a0p3_b0p8,101,replay,0.2,0.1,13,0.3,1.1875,0.0,0.501067723133135,0.2375,0.8
full_seed101_replay_0p2_noise0p1_s5_a0p2_b0p7,101,replay,0.2,0.1,5,0.2,1.0333333333333334,0.8875,0.7745431346975474,0.0375,0.7
full_seed101_replay_0p2_noise0p1_s5_a0p3_b0p8,101,replay,0.2,0.1,5,0.3,1.0333333333333334,0.8875,0.7745431346975474,0.0375,0.8
full_seed101_replay_0p2_noise0p1_s9_a0p2_b0p7,101,replay,0.2,0.1,9,0.2,1.3458333333333334,0.4375,0.7019163918019703,0.3791666666666666,0.7
full_seed101_replay_0p2_noise0p1_s9_a0p3_b0p8,101,replay,0.2,0.1,9,0.3,1.3458333333333334,0.4375,0.7019163918019703,0.3791666666666666,0.8
full_seed101_replay_0p2_noise0p25_s13_a0p2_b0p7,101,replay,0.2,0.25,13,0.2,1.7916666666666667,0.0,0.5119216465881429,1.2666666666666666,0.7
full_seed101_replay_0p2_noise0p25_s13_a0p3_b0p8,101,replay,0.2,0.25,13,0.3,1.7916666666666667,0.0,0.5119216465881429,1.2666666666666666,0.8
full_seed101_replay_0p2_noise0p25_s5_a0p2_b0p7,101,replay,0.2,0.25,5,0.2,1.1166666666666667,0.7333333333333333,0.7487292601976007,0.125,0.7
full_seed101_replay_0p2_noise0p25_s5_a0p3_b0p8,101,replay,0.2,0.25,5,0.3,1.1166666666666667,0.7333333333333333,0.7487292601976007,0.125,0.8
full_seed101_replay_0p2_noise0p25_s9_a0p2_b0p7,101,replay,0.2,0.25,9,0.2,1.6166666666666667,0.55,0.7196702202975447,0.8291666666666667,0.7
full_seed101_replay_0p2_noise0p25_s9_a0p3_b0p8,101,replay,0.2,0.25,9,0.3,1.6166666666666667,0.55,0.7196702202975447,0.8291666666666667,0.8
full_seed101_replay_0p2_noise0p5_s13_a0p2_b0p7,101,replay,0.2,0.5,13,0.2,2.1958333333333333,0.1291666666666666,0.5674693319190433,3.816666666666667,0.7
full_seed101_replay_0p2_noise0p5_s13_a0p3_b0p8,101,replay,0.2,0.5,13,0.3,2.1958333333333333,0.1291666666666666,0.5674693319190433,3.816666666666667,0.8
full_seed101_replay_0p2_noise0p5_s5_a0p2_b0p7,101,replay,0.2,0.5,5,0.2,1.5375,0.6625,0.725419670058715,0.6416666666666667,0.7
full_seed101_replay_0p2_noise0p5_s5_a0p3_b0p8,101,replay,0.2,0.5,5,0.3,1.5375,0.6625,0.725419670058715,0.6416666666666667,0.8
full_seed101_replay_0p2_noise0p5_s9_a0p2_b0p7,101,replay,0.2,0.5,9,0.2,1.9125,0.5875,0.703184026284019,1.8333333333333333,0.7
full_seed101_replay_0p2_noise0p5_s9_a0p3_b0p8,101,replay,0.2,0.5,9,0.3,1.9125,0.5875,0.703184026284019,1.8333333333333333,0.8
full_seed101_replay_0p3_noise0p1_s13_a0p2_b0p7,101,replay,0.3,0.1,13,0.2,1.1958333333333333,0.0,0.5011679491868802,0.2458333333333333,0.7
full_seed101_replay_0p3_noise0p1_s13_a0p3_b0p8,101,replay,0.3,0.1,13,0.3,1.1958333333333333,0.0,0.5011679491868802,0.2458333333333333,0.8
full_seed101_replay_0p3_noise0p1_s5_a0p2_b0p7,101,replay,0.3,0.1,5,0.2,1.0458333333333334,0.8958333333333334,0.7757482039853782,0.05,0.7
full_seed101_replay_0p3_noise0p1_s5_a0p3_b0p8,101,replay,0.3,0.1,5,0.3,1.0458333333333334,0.8958333333333334,0.7757482039853782,0.05,0.8
full_seed101_replay_0p3_noise0p1_s9_a0p2_b0p7,101,replay,0.3,0.1,9,0.2,1.3458333333333334,0.4333333333333333,0.7015969112398257,0.3791666666666666,0.7
full_seed101_replay_0p3_noise0p1_s9_a0p3_b0p8,101,replay,0.3,0.1,9,0.3,1.3458333333333334,0.4333333333333333,0.7015969112398257,0.3791666666666666,0.8
full_seed101_replay_0p3_noise0p25_s13_a0p2_b0p7,101,replay,0.3,0.25,13,0.2,1.7708333333333333,0.0,0.5115042453275113,1.2458333333333331,0.7
full_seed101_replay_0p3_noise0p25_s13_a0p3_b0p8,101,replay,0.3,0.25,13,0.3,1.7708333333333333,0.0,0.5115042453275113,1.2458333333333331,0.8
full_seed101_replay_0p3_noise0p25_s5_a0p2_b0p7,101,replay,0.3,0.25,5,0.2,1.125,0.7416666666666667,0.7489511851241206,0.1375,0.7
full_seed101_replay_0p3_noise0p25_s5_a0p3_b0p8,101,replay,0.3,0.25,5,0.3,1.125,0.7416666666666667,0.7489511851241206,0.1375,0.8
full_seed101_replay_0p3_noise0p25_s9_a0p2_b0p7,101,replay,0.3,0.25,9,0.2,1.6291666666666669,0.5666666666666667,0.7186418379824928,0.8375,0.7
full_seed101_replay_0p3_noise0p25_s9_a0p3_b0p8,101,replay,0.3,0.25,9,0.3,1.6291666666666669,0.5666666666666667,0.7186418379824928,0.8375,0.8
full_seed101_replay_0p3_noise0p5_s13_a0p2_b0p7,101,replay,0.3,0.5,13,0.2,2.191666666666667,0.1208333333333333,0.5670262500525248,3.808333333333333,0.7
full_seed101_replay_0p3_noise0p5_s13_a0p3_b0p8,101,replay,0.3,0.5,13,0.3,2.191666666666667,0.1208333333333333,0.5670262500525248,3.808333333333333,0.8
full_seed101_replay_0p3_noise0p5_s5_a0p2_b0p7,101,replay,0.3,0.5,5,0.2,1.5166666666666666,0.65,0.722458912695408,0.6208333333333333,0.7
full_seed101_replay_0p3_noise0p5_s5_a0p3_b0p8,101,replay,0.3,0.5,5,0.3,1.5166666666666666,0.65,0.722458912695408,0.6208333333333333,0.8
full_seed101_replay_0p3_noise0p5_s9_a0p2_b0p7,101,replay,0.3,0.5,9,0.2,1.9083333333333332,0.5625,0.7005991827367856,1.8208333333333333,0.7
full_seed101_replay_0p3_noise0p5_s9_a0p3_b0p8,101,replay,0.3,0.5,9,0.3,1.9083333333333332,0.5625,0.7005991827367856,1.8208333333333333,0.8
full_seed101_replay_0p4_noise0p1_s13_a0p2_b0p7,101,replay,0.4,0.1,13,0.2,1.1958333333333333,0.0,0.5014062209206284,0.2458333333333333,0.7
full_seed101_replay_0p4_noise0p1_s13_a0p3_b0p8,101,replay,0.4,0.1,13,0.3,1.1958333333333333,0.0,0.5014062209206284,0.2458333333333333,0.8
full_seed101_replay_0p4_noise0p1_s5_a0p2_b0p7,101,replay,0.4,0.1,5,0.2,1.0458333333333334,0.8958333333333334,0.7757482039853782,0.05,0.7
full_seed101_replay_0p4_noise0p1_s5_a0p3_b0p8,101,replay,0.4,0.1,5,0.3,1.0458333333333334,0.8958333333333334,0.7757482039853782,0.05,0.8
full_seed101_replay_0p4_noise0p1_s9_a0p2_b0p7,101,replay,0.4,0.1,9,0.2,1.35,0.4416666666666666,0.7023868145973412,0.3875,0.7
full_seed101_replay_0p4_noise0p1_s9_a0p3_b0p8,101,replay,0.4,0.1,9,0.3,1.35,0.4416666666666666,0.7023868145973412,0.3875,0.8
full_seed101_replay_0p4_noise0p25_s13_a0p2_b0p7,101,replay,0.4,0.25,13,0.2,1.7625,0.0,0.5111875357509219,1.2208333333333334,0.7
full_seed101_replay_0p4_noise0p25_s13_a0p3_b0p8,101,replay,0.4,0.25,13,0.3,1.7625,0.0,0.5111875357509219,1.2208333333333334,0.8
full_seed101_replay_0p4_noise0p25_s5_a0p2_b0p7,101,replay,0.4,0.25,5,0.2,1.125,0.7416666666666667,0.7489511851241206,0.1375,0.7
full_seed101_replay_0p4_noise0p25_s5_a0p3_b0p8,101,replay,0.4,0.25,5,0.3,1.125,0.7416666666666667,0.7489511851241206,0.1375,0.8
full_seed101_replay_0p4_noise0p25_s9_a0p2_b0p7,101,replay,0.4,0.25,9,0.2,1.6208333333333331,0.5708333333333333,0.718395381060443,0.8333333333333334,0.7
full_seed101_replay_0p4_noise0p25_s9_a0p3_b0p8,101,replay,0.4,0.25,9,0.3,1.6208333333333331,0.5708333333333333,0.718395381060443,0.8333333333333334,0.8
full_seed101_replay_0p4_noise0p5_s13_a0p2_b0p7,101,replay,0.4,0.5,13,0.2,2.1708333333333334,0.1166666666666666,0.5646883477583845,3.808333333333333,0.7
full_seed101_replay_0p4_noise0p5_s13_a0p3_b0p8,101,replay,0.4,0.5,13,0.3,2.1708333333333334,0.1166666666666666,0.5646883477583845,3.808333333333333,0.8
full_seed101_replay_0p4_noise0p5_s5_a0p2_b0p7,101,replay,0.4,0.5,5,0.2,1.5166666666666666,0.65,0.722458912695408,0.6208333333333333,0.7
full_seed101_replay_0p4_noise0p5_s5_a0p3_b0p8,101,replay,0.4,0.5,5,0.3,1.5166666666666666,0.65,0.722458912695408,0.6208333333333333,0.8
full_seed101_replay_0p4_noise0p5_s9_a0p2_b0p7,101,replay,0.4,0.5,9,0.2,1.9125,0.5458333333333333,0.7005856369520284,1.8333333333333333,0.7
full_seed101_replay_0p4_noise0p5_s9_a0p3_b0p8,101,replay,0.4,0.5,9,0.3,1.9125,0.5458333333333333,0.7005856369520284,1.8333333333333333,0.8
full_seed101_scaling_0p0_noise0p1_s13_a0p2_b0p7,101,scaling,0.0,0.1,13,0.2,1.1708333333333334,0.0,0.5009746071492321,0.2208333333333333,0.7
full_seed101_scaling_0p0_noise0p1_s13_a0p3_b0p8,101,scaling,0.0,0.1,13,0.3,1.1708333333333334,0.0,0.5009746071492321,0.2208333333333333,0.8
full_seed101_scaling_0p0_noise0p1_s5_a0p2_b0p7,101,scaling,0.0,0.1,5,0.2,1.0416666666666667,0.8958333333333334,0.7776838277844688,0.0458333333333333,0.7
full_seed101_scaling_0p0_noise0p1_s5_a0p3_b0p8,101,scaling,0.0,0.1,5,0.3,1.0416666666666667,0.8958333333333334,0.7776838277844688,0.0458333333333333,0.8
full_seed101_scaling_0p0_noise0p1_s9_a0p2_b0p7,101,scaling,0.0,0.1,9,0.2,1.3541666666666667,0.45,0.7049341736405818,0.3916666666666666,0.7
full_seed101_scaling_0p0_noise0p1_s9_a0p3_b0p8,101,scaling,0.0,0.1,9,0.3,1.3541666666666667,0.45,0.7049341736405818,0.3916666666666666,0.8
full_seed101_scaling_0p0_noise0p25_s13_a0p2_b0p7,101,scaling,0.0,0.25,13,0.2,1.7875,0.0,0.5126042265131526,1.2541666666666669,0.7
full_seed101_scaling_0p0_noise0p25_s13_a0p3_b0p8,101,scaling,0.0,0.25,13,0.3,1.7875,0.0,0.5126042265131526,1.2541666666666669,0.8
full_seed101_scaling_0p0_noise0p25_s5_a0p2_b0p7,101,scaling,0.0,0.25,5,0.2,1.1125,0.7458333333333333,0.7503294699997307,0.1208333333333333,0.7
full_seed101_scaling_0p0_noise0p25_s5_a0p3_b0p8,101,scaling,0.0,0.25,5,0.3,1.1125,0.7458333333333333,0.7503294699997307,0.1208333333333333,0.8
full_seed101_scaling_0p0_noise0p25_s9_a0p2_b0p7,101,scaling,0.0,0.25,9,0.2,1.6,0.5583333333333333,0.720335575477289,0.8041666666666667,0.7
full_seed101_scaling_0p0_noise0p25_s9_a0p3_b0p8,101,scaling,0.0,0.25,9,0.3,1.6,0.5583333333333333,0.720335575477289,0.8041666666666667,0.8
full_seed101_scaling_0p0_noise0p5_s13_a0p2_b0p7,101,scaling,0.0,0.5,13,0.2,2.2,0.1333333333333333,0.572015083673296,3.7916666666666665,0.7
full_seed101_scaling_0p0_noise0p5_s13_a0p3_b0p8,101,scaling,0.0,0.5,13,0.3,2.2,0.1333333333333333,0.572015083673296,3.7916666666666665,0.8
full_seed101_scaling_0p0_noise0p5_s5_a0p2_b0p7,101,scaling,0.0,0.5,5,0.2,1.4958333333333331,0.6625,0.7267993370233424,0.6083333333333333,0.7
full_seed101_scaling_0p0_noise0p5_s5_a0p3_b0p8,101,scaling,0.0,0.5,5,0.3,1.4958333333333331,0.6625,0.7267993370233424,0.6083333333333333,0.8
full_seed101_scaling_0p0_noise0p5_s9_a0p2_b0p7,101,scaling,0.0,0.5,9,0.2,1.9208333333333332,0.5875,0.7051118788756499,1.7791666666666666,0.7
full_seed101_scaling_0p0_noise0p5_s9_a0p3_b0p8,101,scaling,0.0,0.5,9,0.3,1.9208333333333332,0.5875,0.7051118788756499,1.7791666666666666,0.8
full_seed101_scaling_0p1_noise0p1_s13_a0p2_b0p7,101,scaling,0.1,0.1,13,0.2,1.2,0.0,0.4982622758818475,0.25,0.7
full_seed101_scaling_0p1_noise0p1_s13_a0p3_b0p8,101,scaling,0.1,0.1,13,0.3,1.2,0.0,0.4982622758818475,0.25,0.8
full_seed101_scaling_0p1_noise0p1_s5_a0p2_b0p7,101,scaling,0.1,0.1,5,0.2,1.0416666666666667,0.8958333333333334,0.7776838277844688,0.0458333333333333,0.7
full_seed101_scaling_0p1_noise0p1_s5_a0p3_b0p8,101,scaling,0.1,0.1,5,0.3,1.0416666666666667,0.8958333333333334,0.7776838277844688,0.0458333333333333,0.8
full_seed101_scaling_0p1_noise0p1_s9_a0p2_b0p7,101,scaling,0.1,0.1,9,0.2,1.3708333333333331,0.4416666666666666,0.7021197528236532,0.4083333333333333,0.7
full_seed101_scaling_0p1_noise0p1_s9_a0p3_b0p8,101,scaling,0.1,0.1,9,0.3,1.3708333333333331,0.4416666666666666,0.7021197528236532,0.4083333333333333,0.8
full_seed101_scaling_0p1_noise0p25_s13_a0p2_b0p7,101,scaling,0.1,0.25,13,0.2,1.7916666666666667,0.0,0.5112521848471743,1.275,0.7
full_seed101_scaling_0p1_noise0p25_s13_a0p3_b0p8,101,scaling,0.1,0.25,13,0.3,1.7916666666666667,0.0,0.5112521848471743,1.275,0.8
full_seed101_scaling_0p1_noise0p25_s5_a0p2_b0p7,101,scaling,0.1,0.25,5,0.2,1.1125,0.7458333333333333,0.7503294699997307,0.1208333333333333,0.7
full_seed101_scaling_0p1_noise0p25_s5_a0p3_b0p8,101,scaling,0.1,0.25,5,0.3,1.1125,0.7458333333333333,0.7503294699997307,0.1208333333333333,0.8
full_seed101_scaling_0p1_noise0p25_s9_a0p2_b0p7,101,scaling,0.1,0.25,9,0.2,1.6083333333333334,0.5666666666666667,0.7175397927016193,0.825,0.7
full_seed101_scaling_0p1_noise0p25_s9_a0p3_b0p8,101,scaling,0.1,0.25,9,0.3,1.6083333333333334,0.5666666666666667,0.7175397927016193,0.825,0.8
full_seed101_scaling_0p1_noise0p5_s13_a0p2_b0p7,101,scaling,0.1,0.5,13,0.2,2.1791666666666667,0.1375,0.5703749011871909,3.775,0.7
full_seed101_scaling_0p1_noise0p5_s13_a0p3_b0p8,101,scaling,0.1,0.5,13,0.3,2.1791666666666667,0.1375,0.5703749011871909,3.775,0.8
full_seed101_scaling_0p1_noise0p5_s5_a0p2_b0p7,101,scaling,0.1,0.5,5,0.2,1.4958333333333331,0.6625,0.7267993370233424,0.6083333333333333,0.7
full_seed101_scaling_0p1_noise0p5_s5_a0p3_b0p8,101,scaling,0.1,0.5,5,0.3,1.4958333333333331,0.6625,0.7267993370233424,0.6083333333333333,0.8
full_seed101_scaling_0p1_noise0p5_s9_a0p2_b0p7,101,scaling,0.1,0.5,9,0.2,1.925,0.5875,0.7053303638527223,1.8,0.7
full_seed101_scaling_0p1_noise0p5_s9_a0p3_b0p8,101,scaling,0.1,0.5,9,0.3,1.925,0.5875,0.7053303638527223,1.8,0.8
full_seed101_scaling_0p2_noise0p1_s13_a0p2_b0p7,101,scaling,0.2,0.1,13,0.2,1.2666666666666666,0.0,0.4944292357477666,0.3291666666666666,0.7
full_seed101_scaling_0p2_noise0p1_s13_a0p3_b0p8,101,scaling,0.2,0.1,13,0.3,1.2666666666666666,0.0,0.4944292357477666,0.3291666666666666,0.8
full_seed101_scaling_0p2_noise0p1_s5_a0p2_b0p7,101,scaling,0.2,0.1,5,0.2,1.0416666666666667,0.85,0.7688203215124093,0.0458333333333333,0.7
full_seed101_scaling_0p2_noise0p1_s5_a0p3_b0p8,101,scaling,0.2,0.1,5,0.3,1.0416666666666667,0.85,0.7688203215124093,0.0458333333333333,0.8
full_seed101_scaling_0p2_noise0p1_s9_a0p2_b0p7,101,scaling,0.2,0.1,9,0.2,1.3791666666666669,0.4458333333333333,0.6997231822239166,0.425,0.7
full_seed101_scaling_0p2_noise0p1_s9_a0p3_b0p8,101,scaling,0.2,0.1,9,0.3,1.3791666666666669,0.4458333333333333,0.6997231822239166,0.425,0.8
full_seed101_scaling_0p2_noise0p25_s13_a0p2_b0p7,101,scaling,0.2,0.25,13,0.2,1.825,0.0,0.5088475462226979,1.375,0.7
full_seed101_scaling_0p2_noise0p25_s13_a0p3_b0p8,101,scaling,0.2,0.25,13,0.3,1.825,0.0,0.5088475462226979,1.375,0.8
full_seed101_scaling_0p2_noise0p25_s5_a0p2_b0p7,101,scaling,0.2,0.25,5,0.2,1.1208333333333331,0.7208333333333333,0.7465048970665626,0.1291666666666666,0.7
full_seed101_scaling_0p2_noise0p25_s5_a0p3_b0p8,101,scaling,0.2,0.25,5,0.3,1.1208333333333331,0.7208333333333333,0.7465048970665626,0.1291666666666666,0.8
full_seed101_scaling_0p2_noise0p25_s9_a0p2_b0p7,101,scaling,0.2,0.25,9,0.2,1.6333333333333333,0.5708333333333333,0.715965920212647,0.85,0.7
full_seed101_scaling_0p2_noise0p25_s9_a0p3_b0p8,101,scaling,0.2,0.25,9,0.3,1.6333333333333333,0.5708333333333333,0.715965920212647,0.85,0.8
full_seed101_scaling_0p2_noise0p5_s13_a0p2_b0p7,101,scaling,0.2,0.5,13,0.2,2.2041666666666666,0.1458333333333333,0.5715360793092814,3.8916666666666666,0.7
full_seed101_scaling_0p2_noise0p5_s13_a0p3_b0p8,101,scaling,0.2,0.5,13,0.3,2.2041666666666666,0.1458333333333333,0.5715360793092814,3.8916666666666666,0.8
full_seed101_scaling_0p2_noise0p5_s5_a0p2_b0p7,101,scaling,0.2,0.5,5,0.2,1.5333333333333334,0.65,0.7282514787235631,0.6458333333333334,0.7
full_seed101_scaling_0p2_noise0p5_s5_a0p3_b0p8,101,scaling,0.2,0.5,5,0.3,1.5333333333333334,0.65,0.7282514787235631,0.6458333333333334,0.8
full_seed101_scaling_0p2_noise0p5_s9_a0p2_b0p7,101,scaling,0.2,0.5,9,0.2,1.9291666666666667,0.5666666666666667,0.7048203309718732,1.8416666666666663,0.7
full_seed101_scaling_0p2_noise0p5_s9_a0p3_b0p8,101,scaling,0.2,0.5,9,0.3,1.9291666666666667,0.5666666666666667,0.7048203309718732,1.8416666666666663,0.8
full_seed101_scaling_0p3_noise0p1_s13_a0p2_b0p7,101,scaling,0.3,0.1,13,0.2,1.2833333333333334,0.0,0.492636910284542,0.35,0.7
full_seed101_scaling_0p3_noise0p1_s13_a0p3_b0p8,101,scaling,0.3,0.1,13,0.3,1.2833333333333334,0.0,0.492636910284542,0.35,0.8
full_seed101_scaling_0p3_noise0p1_s5_a0p2_b0p7,101,scaling,0.3,0.1,5,0.2,1.05,0.8333333333333334,0.7652424859148027,0.0541666666666666,0.7
full_seed101_scaling_0p3_noise0p1_s5_a0p3_b0p8,101,scaling,0.3,0.1,5,0.3,1.05,0.8333333333333334,0.7652424859148027,0.0541666666666666,0.8
full_seed101_scaling_0p3_noise0p1_s9_a0p2_b0p7,101,scaling,0.3,0.1,9,0.2,1.3958333333333333,0.4375,0.6995615174703868,0.4458333333333333,0.7
full_seed101_scaling_0p3_noise0p1_s9_a0p3_b0p8,101,scaling,0.3,0.1,9,0.3,1.3958333333333333,0.4375,0.6995615174703868,0.4458333333333333,0.8
full_seed101_scaling_0p3_noise0p25_s13_a0p2_b0p7,101,scaling,0.3,0.25,13,0.2,1.825,0.0,0.5066819479317873,1.3916666666666666,0.7
full_seed101_scaling_0p3_noise0p25_s13_a0p3_b0p8,101,scaling,0.3,0.25,13,0.3,1.825,0.0,0.5066819479317873,1.3916666666666666,0.8
full_seed101_scaling_0p3_noise0p25_s5_a0p2_b0p7,101,scaling,0.3,0.25,5,0.2,1.1416666666666666,0.7083333333333334,0.7430615263730123,0.1541666666666666,0.7
full_seed101_scaling_0p3_noise0p25_s5_a0p3_b0p8,101,scaling,0.3,0.25,5,0.3,1.1416666666666666,0.7083333333333334,0.7430615263730123,0.1541666666666666,0.8
full_seed101_scaling_0p3_noise0p25_s9_a0p2_b0p7,101,scaling,0.3,0.25,9,0.2,1.6458333333333333,0.5666666666666667,0.7154053533419374,0.8708333333333333,0.7
full_seed101_scaling_0p3_noise0p25_s9_a0p3_b0p8,101,scaling,0.3,0.25,9,0.3,1.6458333333333333,0.5666666666666667,0.7154053533419374,0.8708333333333333,0.8
full_seed101_scaling_0p3_noise0p5_s13_a0p2_b0p7,101,scaling,0.3,0.5,13,0.2,2.1958333333333333,0.1458333333333333,0.5696450915913227,3.9166666666666665,0.7
full_seed101_scaling_0p3_noise0p5_s13_a0p3_b0p8,101,scaling,0.3,0.5,13,0.3,2.1958333333333333,0.1458333333333333,0.5696450915913227,3.9166666666666665,0.8
full_seed101_scaling_0p3_noise0p5_s5_a0p2_b0p7,101,scaling,0.3,0.5,5,0.2,1.5208333333333333,0.6208333333333333,0.7233295645487874,0.6375,0.7
full_seed101_scaling_0p3_noise0p5_s5_a0p3_b0p8,101,scaling,0.3,0.5,5,0.3,1.5208333333333333,0.6208333333333333,0.7233295645487874,0.6375,0.8
full_seed101_scaling_0p3_noise0p5_s9_a0p2_b0p7,101,scaling,0.3,0.5,9,0.2,1.925,0.5541666666666667,0.703368486089219,1.8458333333333332,0.7
full_seed101_scaling_0p3_noise0p5_s9_a0p3_b0p8,101,scaling,0.3,0.5,9,0.3,1.925,0.5541666666666667,0.703368486089219,1.8458333333333332,0.8
full_seed101_scaling_0p4_noise0p1_s13_a0p2_b0p7,101,scaling,0.4,0.1,13,0.2,1.3041666666666667,0.0,0.491537709896154,0.3791666666666666,0.7
full_seed101_scaling_0p4_noise0p1_s13_a0p3_b0p8,101,scaling,0.4,0.1,13,0.3,1.3041666666666667,0.0,0.491537709896154,0.3791666666666666,0.8
full_seed101_scaling_0p4_noise0p1_s5_a0p2_b0p7,101,scaling,0.4,0.1,5,0.2,1.05,0.8333333333333334,0.7652424859148027,0.0541666666666666,0.7
full_seed101_scaling_0p4_noise0p1_s5_a0p3_b0p8,101,scaling,0.4,0.1,5,0.3,1.05,0.8333333333333334,0.7652424859148027,0.0541666666666666,0.8
full_seed101_scaling_0p4_noise0p1_s9_a0p2_b0p7,101,scaling,0.4,0.1,9,0.2,1.4,0.4416666666666666,0.6985339270769872,0.4541666666666666,0.7
full_seed101_scaling_0p4_noise0p1_s9_a0p3_b0p8,101,scaling,0.4,0.1,9,0.3,1.4,0.4416666666666666,0.6985339270769872,0.4541666666666666,0.8
full_seed101_scaling_0p4_noise0p25_s13_a0p2_b0p7,101,scaling,0.4,0.25,13,0.2,1.8375,0.0,0.5063188765396205,1.4208333333333334,0.7
full_seed101_scaling_0p4_noise0p25_s13_a0p3_b0p8,101,scaling,0.4,0.25,13,0.3,1.8375,0.0,0.5063188765396205,1.4208333333333334,0.8
full_seed101_scaling_0p4_noise0p25_s5_a0p2_b0p7,101,scaling,0.4,0.25,5,0.2,1.1416666666666666,0.7083333333333334,0.7430615263730123,0.1541666666666666,0.7
full_seed101_scaling_0p4_noise0p25_s5_a0p3_b0p8,101,scaling,0.4,0.25,5,0.3,1.1416666666666666,0.7083333333333334,0.7430615263730123,0.1541666666666666,0.8
full_seed101_scaling_0p4_noise0p25_s9_a0p2_b0p7,101,scaling,0.4,0.25,9,0.2,1.6541666666666666,0.5625,0.7156417455917501,0.8916666666666667,0.7
full_seed101_scaling_0p4_noise0p25_s9_a0p3_b0p8,101,scaling,0.4,0.25,9,0.3,1.6541666666666666,0.5625,0.7156417455917501,0.8916666666666667,0.8
full_seed101_scaling_0p4_noise0p5_s13_a0p2_b0p7,101,scaling,0.4,0.5,13,0.2,2.175,0.1625,0.5699955994856403,3.933333333333333,0.7
full_seed101_scaling_0p4_noise0p5_s13_a0p3_b0p8,101,scaling,0.4,0.5,13,0.3,2.175,0.1625,0.5699955994856403,3.933333333333333,0.8
full_seed101_scaling_0p4_noise0p5_s5_a0p2_b0p7,101,scaling,0.4,0.5,5,0.2,1.5208333333333333,0.6208333333333333,0.7233295645487874,0.6375,0.7
full_seed101_scaling_0p4_noise0p5_s5_a0p3_b0p8,101,scaling,0.4,0.5,5,0.3,1.5208333333333333,0.6208333333333333,0.7233295645487874,0.6375,0.8
full_seed101_scaling_0p4_noise0p5_s9_a0p2_b0p7,101,scaling,0.4,0.5,9,0.2,1.9291666666666667,0.5625,0.7034842143962119,1.875,0.7
full_seed101_scaling_0p4_noise0p5_s9_a0p3_b0p8,101,scaling,0.4,0.5,9,0.3,1.9291666666666667,0.5625,0.7034842143962119,1.875,0.8
full_seed101_spike_0p0_noise0p1_s13_a0p2_b0p7,101,spike,0.0,0.1,13,0.2,1.1708333333333334,0.0,0.5009746071492321,0.2208333333333333,0.7
full_seed101_spike_0p0_noise0p1_s13_a0p3_b0p8,101,spike,0.0,0.1,13,0.3,1.1708333333333334,0.0,0.5009746071492321,0.2208333333333333,0.8
full_seed101_spike_0p0_noise0p1_s5_a0p2_b0p7,101,spike,0.0,0.1,5,0.2,1.0416666666666667,0.8958333333333334,0.7776838277844688,0.0458333333333333,0.7
full_seed101_spike_0p0_noise0p1_s5_a0p3_b0p8,101,spike,0.0,0.1,5,0.3,1.0416666666666667,0.8958333333333334,0.7776838277844688,0.0458333333333333,0.8
full_seed101_spike_0p0_noise0p1_s9_a0p2_b0p7,101,spike,0.0,0.1,9,0.2,1.3541666666666667,0.45,0.7049341736405818,0.3916666666666666,0.7
full_seed101_spike_0p0_noise0p1_s9_a0p3_b0p8,101,spike,0.0,0.1,9,0.3,1.3541666666666667,0.45,0.7049341736405818,0.3916666666666666,0.8
full_seed101_spike_0p0_noise0p25_s13_a0p2_b0p7,101,spike,0.0,0.25,13,0.2,1.7875,0.0,0.5126042265131526,1.2541666666666669,0.7
full_seed101_spike_0p0_noise0p25_s13_a0p3_b0p8,101,spike,0.0,0.25,13,0.3,1.7875,0.0,0.5126042265131526,1.2541666666666669,0.8
full_seed101_spike_0p0_noise0p25_s5_a0p2_b0p7,101,spike,0.0,0.25,5,0.2,1.1125,0.7458333333333333,0.7503294699997307,0.1208333333333333,0.7
full_seed101_spike_0p0_noise0p25_s5_a0p3_b0p8,101,spike,0.0,0.25,5,0.3,1.1125,0.7458333333333333,0.7503294699997307,0.1208333333333333,0.8
full_seed101_spike_0p0_noise0p25_s9_a0p2_b0p7,101,spike,0.0,0.25,9,0.2,1.6,0.5583333333333333,0.720335575477289,0.8041666666666667,0.7
full_seed101_spike_0p0_noise0p25_s9_a0p3_b0p8,101,spike,0.0,0.25,9,0.3,1.6,0.5583333333333333,0.720335575477289,0.8041666666666667,0.8
full_seed101_spike_0p0_noise0p5_s13_a0p2_b0p7,101,spike,0.0,0.5,13,0.2,2.2,0.1333333333333333,0.572015083673296,3.7916666666666665,0.7
full_seed101_spike_0p0_noise0p5_s13_a0p3_b0p8,101,spike,0.0,0.5,13,0.3,2.2,0.1333333333333333,0.572015083673296,3.7916666666666665,0.8
full_seed101_spike_0p0_noise0p5_s5_a0p2_b0p7,101,spike,0.0,0.5,5,0.2,1.4958333333333331,0.6625,0.7267993370233424,0.6083333333333333,0.7
full_seed101_spike_0p0_noise0p5_s5_a0p3_b0p8,101,spike,0.0,0.5,5,0.3,1.4958333333333331,0.6625,0.7267993370233424,0.6083333333333333,0.8
full_seed101_spike_0p0_noise0p5_s9_a0p2_b0p7,101,spike,0.0,0.5,9,0.2,1.9208333333333332,0.5875,0.7051118788756499,1.7791666666666666,0.7
full_seed101_spike_0p0_noise0p5_s9_a0p3_b0p8,101,spike,0.0,0.5,9,0.3,1.9208333333333332,0.5875,0.7051118788756499,1.7791666666666666,0.8
full_seed101_spike_0p1_noise0p1_s13_a0p2_b0p7,101,spike,0.1,0.1,13,0.2,1.5291666666666666,0.0,0.4981100809250025,0.6916666666666667,0.7
full_seed101_spike_0p1_noise0p1_s13_a0p3_b0p8,101,spike,0.1,0.1,13,0.3,1.5291666666666666,0.0,0.4981100809250025,0.6916666666666667,0.8
full_seed101_spike_0p1_noise0p1_s5_a0p2_b0p7,101,spike,0.1,0.1,5,0.2,1.0416666666666667,0.8958333333333334,0.7776838277844688,0.0458333333333333,0.7
full_seed101_spike_0p1_noise0p1_s5_a0p3_b0p8,101,spike,0.1,0.1,5,0.3,1.0416666666666667,0.8958333333333334,0.7776838277844688,0.0458333333333333,0.8
full_seed101_spike_0p1_noise0p1_s9_a0p2_b0p7,101,spike,0.1,0.1,9,0.2,1.5916666666666666,0.4583333333333333,0.7086516125154805,0.8416666666666667,0.7
full_seed101_spike_0p1_noise0p1_s9_a0p3_b0p8,101,spike,0.1,0.1,9,0.3,1.5916666666666666,0.4583333333333333,0.7086516125154805,0.8416666666666667,0.8
full_seed101_spike_0p1_noise0p25_s13_a0p2_b0p7,101,spike,0.1,0.25,13,0.2,1.8791666666666669,0.0,0.5093606448813763,1.6791666666666667,0.7
full_seed101_spike_0p1_noise0p25_s13_a0p3_b0p8,101,spike,0.1,0.25,13,0.3,1.8791666666666669,0.0,0.5093606448813763,1.6791666666666667,0.8
full_seed101_spike_0p1_noise0p25_s5_a0p2_b0p7,101,spike,0.1,0.25,5,0.2,1.1125,0.7458333333333333,0.7503294699997307,0.1208333333333333,0.7
full_seed101_spike_0p1_noise0p25_s5_a0p3_b0p8,101,spike,0.1,0.25,5,0.3,1.1125,0.7458333333333333,0.7503294699997307,0.1208333333333333,0.8
full_seed101_spike_0p1_noise0p25_s9_a0p2_b0p7,101,spike,0.1,0.25,9,0.2,1.7416666666666667,0.5916666666666667,0.7229435622115681,1.2666666666666666,0.7
full_seed101_spike_0p1_noise0p25_s9_a0p3_b0p8,101,spike,0.1,0.25,9,0.3,1.7416666666666667,0.5916666666666667,0.7229435622115681,1.2666666666666666,0.8
full_seed101_spike_0p1_noise0p5_s13_a0p2_b0p7,101,spike,0.1,0.5,13,0.2,2.175,0.1458333333333333,0.5711600902710356,4.191666666666666,0.7
full_seed101_spike_0p1_noise0p5_s13_a0p3_b0p8,101,spike,0.1,0.5,13,0.3,2.175,0.1458333333333333,0.5711600902710356,4.191666666666666,0.8
full_seed101_spike_0p1_noise0p5_s5_a0p2_b0p7,101,spike,0.1,0.5,5,0.2,1.4958333333333331,0.6625,0.7267993370233424,0.6083333333333333,0.7
full_seed101_spike_0p1_noise0p5_s5_a0p3_b0p8,101,spike,0.1,0.5,5,0.3,1.4958333333333331,0.6625,0.7267993370233424,0.6083333333333333,0.8
full_seed101_spike_0p1_noise0p5_s9_a0p2_b0p7,101,spike,0.1,0.5,9,0.2,1.9375,0.6083333333333333,0.7139551345434084,2.2583333333333333,0.7
full_seed101_spike_0p1_noise0p5_s9_a0p3_b0p8,101,spike,0.1,0.5,9,0.3,1.9375,0.6083333333333333,0.7139551345434084,2.2583333333333333,0.8
full_seed101_spike_0p2_noise0p1_s13_a0p2_b0p7,101,spike,0.2,0.1,13,0.2,1.5375,0.0125,0.5058479995594303,1.7625,0.7
full_seed101_spike_0p2_noise0p1_s13_a0p3_b0p8,101,spike,0.2,0.1,13,0.3,1.5375,0.0125,0.5058479995594303,1.7625,0.8
full_seed101_spike_0p2_noise0p1_s5_a0p2_b0p7,101,spike,0.2,0.1,5,0.2,1.4333333333333331,0.8958333333333334,0.7802880536469772,0.4708333333333333,0.7
full_seed101_spike_0p2_noise0p1_s5_a0p3_b0p8,101,spike,0.2,0.1,5,0.3,1.4333333333333331,0.8958333333333334,0.7802880536469772,0.4708333333333333,0.8
full_seed101_spike_0p2_noise0p1_s9_a0p2_b0p7,101,spike,0.2,0.1,9,0.2,1.5916666666666666,0.4541666666666666,0.7085489505288499,1.2833333333333334,0.7
full_seed101_spike_0p2_noise0p1_s9_a0p3_b0p8,101,spike,0.2,0.1,9,0.3,1.5916666666666666,0.4541666666666666,0.7085489505288499,1.2833333333333334,0.8
full_seed101_spike_0p2_noise0p25_s13_a0p2_b0p7,101,spike,0.2,0.25,13,0.2,1.8833333333333333,0.0125,0.5095666362734759,2.7125,0.7
full_seed101_spike_0p2_noise0p25_s13_a0p3_b0p8,101,spike,0.2,0.25,13,0.3,1.8833333333333333,0.0125,0.5095666362734759,2.7125,0.8
full_seed101_spike_0p2_noise0p25_s5_a0p2_b0p7,101,spike,0.2,0.25,5,0.2,1.4583333333333333,0.7625,0.7556825247921796,0.5541666666666667,0.7
full_seed101_spike_0p2_noise0p25_s5_a0p3_b0p8,101,spike,0.2,0.25,5,0.3,1.4583333333333333,0.7625,0.7556825247921796,0.5541666666666667,0.8
full_seed101_spike_0p2_noise0p25_s9_a0p2_b0p7,101,spike,0.2,0.25,9,0.2,1.7416666666666667,0.6041666666666666,0.7288769176688222,1.7583333333333333,0.7
full_seed101_spike_0p2_noise0p25_s9_a0p3_b0p8,101,spike,0.2,0.25,9,0.3,1.7416666666666667,0.6041666666666666,0.7288769176688222,1.7583333333333333,0.8
full_seed101_spike_0p2_noise0p5_s13_a0p2_b0p7,101,spike,0.2,0.5,13,0.2,2.1333333333333333,0.125,0.5490761454170517,5.0375,0.7
full_seed101_spike_0p2_noise0p5_s13_a0p3_b0p8,101,spike,0.2,0.5,13,0.3,2.1333333333333333,0.125,0.5490761454170517,5.0375,0.8
full_seed101_spike_0p2_noise0p5_s5_a0p2_b0p7,101,spike,0.2,0.5,5,0.2,1.6458333333333333,0.6333333333333333,0.7064713813862348,0.8625,0.7
full_seed101_spike_0p2_noise0p5_s5_a0p3_b0p8,101,spike,0.2,0.5,5,0.3,1.6458333333333333,0.6333333333333333,0.7064713813862348,0.8625,0.8
full_seed101_spike_0p2_noise0p5_s9_a0p2_b0p7,101,spike,0.2,0.5,9,0.2,1.9291666666666667,0.625,0.7142102188561307,2.6958333333333333,0.7
full_seed101_spike_0p2_noise0p5_s9_a0p3_b0p8,101,spike,0.2,0.5,9,0.3,1.9291666666666667,0.625,0.7142102188561307,2.6958333333333333,0.8
full_seed101_spike_0p3_noise0p1_s13_a0p2_b0p7,101,spike,0.3,0.1,13,0.2,1.5666666666666669,0.05,0.5254588357145089,2.254166666666667,0.7
full_seed101_spike_0p3_noise0p1_s13_a0p3_b0p8,101,spike,0.3,0.1,13,0.3,1.5666666666666669,0.05,0.5254588357145089,2.254166666666667,0.8
full_seed101_spike_0p3_noise0p1_s5_a0p2_b0p7,101,spike,0.3,0.1,5,0.2,1.325,0.8125,0.7244835635970445,0.6125,0.7
full_seed101_spike_0p3_noise0p1_s5_a0p3_b0p8,101,spike,0.3,0.1,5,0.3,1.325,0.8125,0.7244835635970445,0.6125,0.8
full_seed101_spike_0p3_noise0p1_s9_a0p2_b0p7,101,spike,0.3,0.1,9,0.2,1.5958333333333334,0.4666666666666667,0.7117839354843923,1.8041666666666667,0.7
full_seed101_spike_0p3_noise0p1_s9_a0p3_b0p8,101,spike,0.3,0.1,9,0.3,1.5958333333333334,0.4666666666666667,0.7117839354843923,1.8041666666666667,0.8
full_seed101_spike_0p3_noise0p25_s13_a0p2_b0p7,101,spike,0.3,0.25,13,0.2,1.8833333333333333,0.0416666666666666,0.5238367276235493,3.220833333333333,0.7
full_seed101_spike_0p3_noise0p25_s13_a0p3_b0p8,101,spike,0.3,0.25,13,0.3,1.8833333333333333,0.0416666666666666,0.5238367276235493,3.220833333333333,0.8
full_seed101_spike_0p3_noise0p25_s5_a0p2_b0p7,101,spike,0.3,0.25,5,0.2,1.2791666666666666,0.6166666666666667,0.6606287411585815,0.4958333333333333,0.7
full_seed101_spike_0p3_noise0p25_s5_a0p3_b0p8,101,spike,0.3,0.25,5,0.3,1.2791666666666666,0.6166666666666667,0.6606287411585815,0.4958333333333333,0.8
full_seed101_spike_0p3_noise0p25_s9_a0p2_b0p7,101,spike,0.3,0.25,9,0.2,1.725,0.6083333333333333,0.7304491511689613,2.183333333333333,0.7
full_seed101_spike_0p3_noise0p25_s9_a0p3_b0p8,101,spike,0.3,0.25,9,0.3,1.725,0.6083333333333333,0.7304491511689613,2.183333333333333,0.8
full_seed101_spike_0p3_noise0p5_s13_a0p2_b0p7,101,spike,0.3,0.5,13,0.2,2.1041666666666665,0.1458333333333333,0.5501779513155167,5.175,0.7
full_seed101_spike_0p3_noise0p5_s13_a0p3_b0p8,101,spike,0.3,0.5,13,0.3,2.1041666666666665,0.1458333333333333,0.5501779513155167,5.175,0.8
full_seed101_spike_0p3_noise0p5_s5_a0p2_b0p7,101,spike,0.3,0.5,5,0.2,1.4375,0.4875,0.5841127948222259,0.6208333333333333,0.7
full_seed101_spike_0p3_noise0p5_s5_a0p3_b0p8,101,spike,0.3,0.5,5,0.3,1.4375,0.4875,0.5841127948222259,0.6208333333333333,0.8
full_seed101_spike_0p3_noise0p5_s9_a0p2_b0p7,101,spike,0.3,0.5,9,0.2,1.8666666666666667,0.6,0.6850090327157401,2.7583333333333333,0.7
full_seed101_spike_0p3_noise0p5_s9_a0p3_b0p8,101,spike,0.3,0.5,9,0.3,1.8666666666666667,0.6,0.6850090327157401,2.7583333333333333,0.8
full_seed101_spike_0p4_noise0p1_s13_a0p2_b0p7,101,spike,0.4,0.1,13,0.2,1.5958333333333334,0.1541666666666666,0.5705820162236387,2.754166666666667,0.7
full_seed101_spike_0p4_noise0p1_s13_a0p3_b0p8,101,spike,0.4,0.1,13,0.3,1.5958333333333334,0.1541666666666666,0.5705820162236387,2.754166666666667,0.8
full_seed101_spike_0p4_noise0p1_s5_a0p2_b0p7,101,spike,0.4,0.1,5,0.2,1.325,0.8125,0.7244835635970445,0.6125,0.7
full_seed101_spike_0p4_noise0p1_s5_a0p3_b0p8,101,spike,0.4,0.1,5,0.3,1.325,0.8125,0.7244835635970445,0.6125,0.8
full_seed101_spike_0p4_noise0p1_s9_a0p2_b0p7,101,spike,0.4,0.1,9,0.2,1.5666666666666669,0.4875,0.7033709965732264,2.1625,0.7
full_seed101_spike_0p4_noise0p1_s9_a0p3_b0p8,101,spike,0.4,0.1,9,0.3,1.5666666666666669,0.4875,0.7033709965732264,2.1625,0.8
full_seed101_spike_0p4_noise0p25_s13_a0p2_b0p7,101,spike,0.4,0.25,13,0.2,1.9083333333333332,0.1083333333333333,0.5585777207232258,3.7125,0.7
full_seed101_spike_0p4_noise0p25_s13_a0p3_b0p8,101,spike,0.4,0.25,13,0.3,1.9083333333333332,0.1083333333333333,0.5585777207232258,3.7125,0.8
full_seed101_spike_0p4_noise0p25_s5_a0p2_b0p7,101,spike,0.4,0.25,5,0.2,1.2791666666666666,0.6166666666666667,0.6606287411585815,0.4958333333333333,0.7
full_seed101_spike_0p4_noise0p25_s5_a0p3_b0p8,101,spike,0.4,0.25,5,0.3,1.2791666666666666,0.6166666666666667,0.6606287411585815,0.4958333333333333,0.8
full_seed101_spike_0p4_noise0p25_s9_a0p2_b0p7,101,spike,0.4,0.25,9,0.2,1.65,0.55,0.6868503023666119,2.1791666666666667,0.7
full_seed101_spike_0p4_noise0p25_s9_a0p3_b0p8,101,spike,0.4,0.25,9,0.3,1.65,0.55,0.6868503023666119,2.1791666666666667,0.8
full_seed101_spike_0p4_noise0p5_s13_a0p2_b0p7,101,spike,0.4,0.5,13,0.2,2.0375,0.1375,0.5341332560655303,4.970833333333333,0.7
full_seed101_spike_0p4_noise0p5_s13_a0p3_b0p8,101,spike,0.4,0.5,13,0.3,2.0375,0.1375,0.5341332560655303,4.970833333333333,0.8
full_seed101_spike_0p4_noise0p5_s5_a0p2_b0p7,101,spike,0.4,0.5,5,0.2,1.4375,0.4875,0.5841127948222259,0.6208333333333333,0.7
full_seed101_spike_0p4_noise0p5_s5_a0p3_b0p8,101,spike,0.4,0.5,5,0.3,1.4375,0.4875,0.5841127948222259,0.6208333333333333,0.8
full_seed101_spike_0p4_noise0p5_s9_a0p2_b0p7,101,spike,0.4,0.5,9,0.2,1.7458333333333331,0.5166666666666667,0.6212791626458024,2.3208333333333333,0.7
full_seed101_spike_0p4_noise0p5_s9_a0p3_b0p8,101,spike,0.4,0.5,9,0.3,1.7458333333333331,0.5166666666666667,0.6212791626458024,2.3208333333333333,0.8
full_seed11_bias_0p0_noise0p1_s13_a0p2_b0p7,11,bias,0.0,0.1,13,0.2,1.1958333333333333,0.0,0.5025069206020495,0.225,0.7
full_seed11_bias_0p0_noise0p1_s13_a0p3_b0p8,11,bias,0.0,0.1,13,0.3,1.1958333333333333,0.0,0.5025069206020495,0.225,0.8
full_seed11_bias_0p0_noise0p1_s5_a0p2_b0p7,11,bias,0.0,0.1,5,0.2,1.0416666666666667,0.9166666666666666,0.7763632359153718,0.0458333333333333,0.7
full_seed11_bias_0p0_noise0p1_s5_a0p3_b0p8,11,bias,0.0,0.1,5,0.3,1.0416666666666667,0.9166666666666666,0.7763632359153718,0.0458333333333333,0.8
full_seed11_bias_0p0_noise0p1_s9_a0p2_b0p7,11,bias,0.0,0.1,9,0.2,1.3125,0.3708333333333333,0.6977603995756232,0.3583333333333333,0.7
full_seed11_bias_0p0_noise0p1_s9_a0p3_b0p8,11,bias,0.0,0.1,9,0.3,1.3125,0.3708333333333333,0.6977603995756232,0.3583333333333333,0.8
full_seed11_bias_0p0_noise0p25_s13_a0p2_b0p7,11,bias,0.0,0.25,13,0.2,1.7541666666666669,0.0125,0.5144469317326362,1.1791666666666667,0.7
full_seed11_bias_0p0_noise0p25_s13_a0p3_b0p8,11,bias,0.0,0.25,13,0.3,1.7541666666666669,0.0125,0.5144469317326362,1.1791666666666667,0.8
full_seed11_bias_0p0_noise0p25_s5_a0p2_b0p7,11,bias,0.0,0.25,5,0.2,1.1333333333333333,0.7458333333333333,0.7536569764179276,0.1541666666666666,0.7
full_seed11_bias_0p0_noise0p25_s5_a0p3_b0p8,11,bias,0.0,0.25,5,0.3,1.1333333333333333,0.7458333333333333,0.7536569764179276,0.1541666666666666,0.8
full_seed11_bias_0p0_noise0p25_s9_a0p2_b0p7,11,bias,0.0,0.25,9,0.2,1.5333333333333334,0.4791666666666667,0.6999778828082684,0.65,0.7
full_seed11_bias_0p0_noise0p25_s9_a0p3_b0p8,11,bias,0.0,0.25,9,0.3,1.5333333333333334,0.4791666666666667,0.6999778828082684,0.65,0.8
full_seed11_bias_0p0_noise0p5_s13_a0p2_b0p7,11,bias,0.0,0.5,13,0.2,2.154166666666667,0.1125,0.5640585021073838,3.4916666666666667,0.7
full_seed11_bias_0p0_noise0p5_s13_a0p3_b0p8,11,bias,0.0,0.5,13,0.3,2.154166666666667,0.1125,0.5640585021073838,3.4916666666666667,0.8
full_seed11_bias_0p0_noise0p5_s5_a0p2_b0p7,11,bias,0.0,0.5,5,0.2,1.475,0.6375,0.7267091697501897,0.6,0.7
full_seed11_bias_0p0_noise0p5_s5_a0p3_b0p8,11,bias,0.0,0.5,5,0.3,1.475,0.6375,0.7267091697501897,0.6,0.8
full_seed11_bias_0p0_noise0p5_s9_a0p2_b0p7,11,bias,0.0,0.5,9,0.2,1.9125,0.5208333333333334,0.7007536937778817,1.7583333333333333,0.7
full_seed11_bias_0p0_noise0p5_s9_a0p3_b0p8,11,bias,0.0,0.5,9,0.3,1.9125,0.5208333333333334,0.7007536937778817,1.7583333333333333,0.8
full_seed11_bias_0p1_noise0p1_s13_a0p2_b0p7,11,bias,0.1,0.1,13,0.2,1.5708333333333333,0.0,0.5001773429954126,0.725,0.7
full_seed11_bias_0p1_noise0p1_s13_a0p3_b0p8,11,bias,0.1,0.1,13,0.3,1.5708333333333333,0.0,0.5001773429954126,0.725,0.8
full_seed11_bias_0p1_noise0p1_s5_a0p2_b0p7,11,bias,0.1,0.1,5,0.2,1.0416666666666667,0.9166666666666666,0.7763632359153718,0.0458333333333333,0.7
full_seed11_bias_0p1_noise0p1_s5_a0p3_b0p8,11,bias,0.1,0.1,5,0.3,1.0416666666666667,0.9166666666666666,0.7763632359153718,0.0458333333333333,0.8
full_seed11_bias_0p1_noise0p1_s9_a0p2_b0p7,11,bias,0.1,0.1,9,0.2,1.6041666666666667,0.3916666666666666,0.7016776078461717,0.825,0.7
full_seed11_bias_0p1_noise0p1_s9_a0p3_b0p8,11,bias,0.1,0.1,9,0.3,1.6041666666666667,0.3916666666666666,0.7016776078461717,0.825,0.8
full_seed11_bias_0p1_noise0p25_s13_a0p2_b0p7,11,bias,0.1,0.25,13,0.2,1.8666666666666667,0.0083333333333333,0.5106094722634126,1.6666666666666667,0.7
full_seed11_bias_0p1_noise0p25_s13_a0p3_b0p8,11,bias,0.1,0.25,13,0.3,1.8666666666666667,0.0083333333333333,0.5106094722634126,1.6666666666666667,0.8
full_seed11_bias_0p1_noise0p25_s5_a0p2_b0p7,11,bias,0.1,0.25,5,0.2,1.1333333333333333,0.7458333333333333,0.7536569764179276,0.1541666666666666,0.7
full_seed11_bias_0p1_noise0p25_s5_a0p3_b0p8,11,bias,0.1,0.25,5,0.3,1.1333333333333333,0.7458333333333333,0.7536569764179276,0.1541666666666666,0.8
full_seed11_bias_0p1_noise0p25_s9_a0p2_b0p7,11,bias,0.1,0.25,9,0.2,1.7333333333333334,0.5125,0.7019967881509117,1.1416666666666666,0.7
full_seed11_bias_0p1_noise0p25_s9_a0p3_b0p8,11,bias,0.1,0.25,9,0.3,1.7333333333333334,0.5125,0.7019967881509117,1.1416666666666666,0.8
full_seed11_bias_0p1_noise0p5_s13_a0p2_b0p7,11,bias,0.1,0.5,13,0.2,2.120833333333333,0.0875,0.5515727909931795,3.9166666666666665,0.7
full_seed11_bias_0p1_noise0p5_s13_a0p3_b0p8,11,bias,0.1,0.5,13,0.3,2.120833333333333,0.0875,0.5515727909931795,3.9166666666666665,0.8
full_seed11_bias_0p1_noise0p5_s5_a0p2_b0p7,11,bias,0.1,0.5,5,0.2,1.475,0.6375,0.7267091697501897,0.6,0.7
full_seed11_bias_0p1_noise0p5_s5_a0p3_b0p8,11,bias,0.1,0.5,5,0.3,1.475,0.6375,0.7267091697501897,0.6,0.8
full_seed11_bias_0p1_noise0p5_s9_a0p2_b0p7,11,bias,0.1,0.5,9,0.2,1.9333333333333331,0.5333333333333333,0.7026523509694808,2.1958333333333333,0.7
full_seed11_bias_0p1_noise0p5_s9_a0p3_b0p8,11,bias,0.1,0.5,9,0.3,1.9333333333333331,0.5333333333333333,0.7026523509694808,2.1958333333333333,0.8
full_seed11_bias_0p2_noise0p1_s13_a0p2_b0p7,11,bias,0.2,0.1,13,0.2,1.7583333333333333,0.0166666666666666,0.4932861864167088,1.5583333333333331,0.7
full_seed11_bias_0p2_noise0p1_s13_a0p3_b0p8,11,bias,0.2,0.1,13,0.3,1.7583333333333333,0.0166666666666666,0.4932861864167088,1.5583333333333331,0.8
full_seed11_bias_0p2_noise0p1_s5_a0p2_b0p7,11,bias,0.2,0.1,5,0.2,1.4375,0.8958333333333334,0.7779650777628807,0.4708333333333333,0.7
full_seed11_bias_0p2_noise0p1_s5_a0p3_b0p8,11,bias,0.2,0.1,5,0.3,1.4375,0.8958333333333334,0.7779650777628807,0.4708333333333333,0.8
full_seed11_bias_0p2_noise0p1_s9_a0p2_b0p7,11,bias,0.2,0.1,9,0.2,1.7083333333333333,0.3541666666666667,0.6804842375426993,1.1625,0.7
full_seed11_bias_0p2_noise0p1_s9_a0p3_b0p8,11,bias,0.2,0.1,9,0.3,1.7083333333333333,0.3541666666666667,0.6804842375426993,1.1625,0.8
full_seed11_bias_0p2_noise0p25_s13_a0p2_b0p7,11,bias,0.2,0.25,13,0.2,2.0791666666666666,0.0166666666666666,0.4943313126812289,2.5,0.7
full_seed11_bias_0p2_noise0p25_s13_a0p3_b0p8,11,bias,0.2,0.25,13,0.3,2.0791666666666666,0.0166666666666666,0.4943313126812289,2.5,0.8
full_seed11_bias_0p2_noise0p25_s5_a0p2_b0p7,11,bias,0.2,0.25,5,0.2,1.4833333333333334,0.7666666666666667,0.7522827301620381,0.575,0.7
full_seed11_bias_0p2_noise0p25_s5_a0p3_b0p8,11,bias,0.2,0.25,5,0.3,1.4833333333333334,0.7666666666666667,0.7522827301620381,0.575,0.8
full_seed11_bias_0p2_noise0p25_s9_a0p2_b0p7,11,bias,0.2,0.25,9,0.2,1.8666666666666667,0.4958333333333333,0.6890417565095928,1.5666666666666669,0.7
full_seed11_bias_0p2_noise0p25_s9_a0p3_b0p8,11,bias,0.2,0.25,9,0.3,1.8666666666666667,0.4958333333333333,0.6890417565095928,1.5666666666666669,0.8
full_seed11_bias_0p2_noise0p5_s13_a0p2_b0p7,11,bias,0.2,0.5,13,0.2,2.25,0.0916666666666666,0.5225046275441163,4.5375,0.7
full_seed11_bias_0p2_noise0p5_s13_a0p3_b0p8,11,bias,0.2,0.5,13,0.3,2.25,0.0916666666666666,0.5225046275441163,4.5375,0.8
full_seed11_bias_0p2_noise0p5_s5_a0p2_b0p7,11,bias,0.2,0.5,5,0.2,1.5791666666666666,0.5958333333333333,0.6894086536896197,0.7875,0.7
full_seed11_bias_0p2_noise0p5_s5_a0p3_b0p8,11,bias,0.2,0.5,5,0.3,1.5791666666666666,0.5958333333333333,0.6894086536896197,0.7875,0.8
full_seed11_bias_0p2_noise0p5_s9_a0p2_b0p7,11,bias,0.2,0.5,9,0.2,2.0708333333333333,0.55,0.6959683432691322,2.625,0.7
full_seed11_bias_0p2_noise0p5_s9_a0p3_b0p8,11,bias,0.2,0.5,9,0.3,2.0708333333333333,0.55,0.6959683432691322,2.625,0.8
full_seed11_bias_0p3_noise0p1_s13_a0p2_b0p7,11,bias,0.3,0.1,13,0.2,1.8041666666666667,0.0208333333333333,0.4844988547462818,1.8208333333333333,0.7
full_seed11_bias_0p3_noise0p1_s13_a0p3_b0p8,11,bias,0.3,0.1,13,0.3,1.8041666666666667,0.0208333333333333,0.4844988547462818,1.8208333333333333,0.8
full_seed11_bias_0p3_noise0p1_s5_a0p2_b0p7,11,bias,0.3,0.1,5,0.2,1.3666666666666667,0.7,0.6672793293121626,0.4666666666666667,0.7
full_seed11_bias_0p3_noise0p1_s5_a0p3_b0p8,11,bias,0.3,0.1,5,0.3,1.3666666666666667,0.7,0.6672793293121626,0.4666666666666667,0.8
full_seed11_bias_0p3_noise0p1_s9_a0p2_b0p7,11,bias,0.3,0.1,9,0.2,1.7916666666666667,0.3291666666666666,0.6400462513559918,1.4458333333333333,0.7
full_seed11_bias_0p3_noise0p1_s9_a0p3_b0p8,11,bias,0.3,0.1,9,0.3,1.7916666666666667,0.3291666666666666,0.6400462513559918,1.4458333333333333,0.8
full_seed11_bias_0p3_noise0p25_s13_a0p2_b0p7,11,bias,0.3,0.25,13,0.2,2.091666666666667,0.025,0.486273758253458,2.816666666666667,0.7
full_seed11_bias_0p3_noise0p25_s13_a0p3_b0p8,11,bias,0.3,0.25,13,0.3,2.091666666666667,0.025,0.486273758253458,2.816666666666667,0.8
full_seed11_bias_0p3_noise0p25_s5_a0p2_b0p7,11,bias,0.3,0.25,5,0.2,1.4333333333333331,0.5875,0.6348299407646792,0.5875,0.7
full_seed11_bias_0p3_noise0p25_s5_a0p3_b0p8,11,bias,0.3,0.25,5,0.3,1.4333333333333331,0.5875,0.6348299407646792,0.5875,0.8
full_seed11_bias_0p3_noise0p25_s9_a0p2_b0p7,11,bias,0.3,0.25,9,0.2,1.9041666666666663,0.45,0.651884503999286,1.8125,0.7
full_seed11_bias_0p3_noise0p25_s9_a0p3_b0p8,11,bias,0.3,0.25,9,0.3,1.9041666666666663,0.45,0.651884503999286,1.8125,0.8
full_seed11_bias_0p3_noise0p5_s13_a0p2_b0p7,11,bias,0.3,0.5,13,0.2,2.245833333333333,0.0833333333333333,0.4932874629959654,4.766666666666667,0.7
full_seed11_bias_0p3_noise0p5_s13_a0p3_b0p8,11,bias,0.3,0.5,13,0.3,2.245833333333333,0.0833333333333333,0.4932874629959654,4.766666666666667,0.8
full_seed11_bias_0p3_noise0p5_s5_a0p2_b0p7,11,bias,0.3,0.5,5,0.2,1.5208333333333333,0.45,0.5750247721884535,0.7041666666666667,0.7
full_seed11_bias_0p3_noise0p5_s5_a0p3_b0p8,11,bias,0.3,0.5,5,0.3,1.5208333333333333,0.45,0.5750247721884535,0.7041666666666667,0.8
full_seed11_bias_0p3_noise0p5_s9_a0p2_b0p7,11,bias,0.3,0.5,9,0.2,2.0625,0.4541666666666666,0.6448456209183947,2.7375,0.7
full_seed11_bias_0p3_noise0p5_s9_a0p3_b0p8,11,bias,0.3,0.5,9,0.3,2.0625,0.4541666666666666,0.6448456209183947,2.7375,0.8
full_seed11_bias_0p4_noise0p1_s13_a0p2_b0p7,11,bias,0.4,0.1,13,0.2,1.7916666666666667,0.025,0.4788733928602458,1.8375,0.7
full_seed11_bias_0p4_noise0p1_s13_a0p3_b0p8,11,bias,0.4,0.1,13,0.3,1.7916666666666667,0.025,0.4788733928602458,1.8375,0.8
full_seed11_bias_0p4_noise0p1_s5_a0p2_b0p7,11,bias,0.4,0.1,5,0.2,1.3666666666666667,0.7,0.6672793293121626,0.4666666666666667,0.7
full_seed11_bias_0p4_noise0p1_s5_a0p3_b0p8,11,bias,0.4,0.1,5,0.3,1.3666666666666667,0.7,0.6672793293121626,0.4666666666666667,0.8
full_seed11_bias_0p4_noise0p1_s9_a0p2_b0p7,11,bias,0.4,0.1,9,0.2,1.7416666666666667,0.2625,0.5855938273138939,1.5208333333333333,0.7
full_seed11_bias_0p4_noise0p1_s9_a0p3_b0p8,11,bias,0.4,0.1,9,0.3,1.7416666666666667,0.2625,0.5855938273138939,1.5208333333333333,0.8
full_seed11_bias_0p4_noise0p25_s13_a0p2_b0p7,11,bias,0.4,0.25,13,0.2,2.075,0.0208333333333333,0.4718647877297346,2.816666666666667,0.7
full_seed11_bias_0p4_noise0p25_s13_a0p3_b0p8,11,bias,0.4,0.25,13,0.3,2.075,0.0208333333333333,0.4718647877297346,2.816666666666667,0.8
full_seed11_bias_0p4_noise0p25_s5_a0p2_b0p7,11,bias,0.4,0.25,5,0.2,1.4333333333333331,0.5875,0.6348299407646792,0.5875,0.7
full_seed11_bias_0p4_noise0p25_s5_a0p3_b0p8,11,bias,0.4,0.25,5,0.3,1.4333333333333331,0.5875,0.6348299407646792,0.5875,0.8
full_seed11_bias_0p4_noise0p25_s9_a0p2_b0p7,11,bias,0.4,0.25,9,0.2,1.8416666666666663,0.3375,0.5866343733340247,1.8791666666666669,0.7
full_seed11_bias_0p4_noise0p25_s9_a0p3_b0p8,11,bias,0.4,0.25,9,0.3,1.8416666666666663,0.3375,0.5866343733340247,1.8791666666666669,0.8
full_seed11_bias_0p4_noise0p5_s13_a0p2_b0p7,11,bias,0.4,0.5,13,0.2,2.208333333333333,0.0875,0.4806446662837536,4.675,0.7
full_seed11_bias_0p4_noise0p5_s13_a0p3_b0p8,11,bias,0.4,0.5,13,0.3,2.208333333333333,0.0875,0.4806446662837536,4.675,0.8
full_seed11_bias_0p4_noise0p5_s5_a0p2_b0p7,11,bias,0.4,0.5,5,0.2,1.5208333333333333,0.45,0.5750247721884535,0.7041666666666667,0.7
full_seed11_bias_0p4_noise0p5_s5_a0p3_b0p8,11,bias,0.4,0.5,5,0.3,1.5208333333333333,0.45,0.5750247721884535,0.7041666666666667,0.8
full_seed11_bias_0p4_noise0p5_s9_a0p2_b0p7,11,bias,0.4,0.5,9,0.2,2.0416666666666665,0.4125,0.6086558143029895,2.783333333333333,0.7
full_seed11_bias_0p4_noise0p5_s9_a0p3_b0p8,11,bias,0.4,0.5,9,0.3,2.0416666666666665,0.4125,0.6086558143029895,2.783333333333333,0.8
full_seed11_drift_0p0_noise0p1_s13_a0p2_b0p7,11,drift,0.0,0.1,13,0.2,1.1958333333333333,0.0,0.5025069206020495,0.225,0.7
full_seed11_drift_0p0_noise0p1_s13_a0p3_b0p8,11,drift,0.0,0.1,13,0.3,1.1958333333333333,0.0,0.5025069206020495,0.225,0.8
full_seed11_drift_0p0_noise0p1_s5_a0p2_b0p7,11,drift,0.0,0.1,5,0.2,1.0416666666666667,0.9166666666666666,0.7763632359153718,0.0458333333333333,0.7
full_seed11_drift_0p0_noise0p1_s5_a0p3_b0p8,11,drift,0.0,0.1,5,0.3,1.0416666666666667,0.9166666666666666,0.7763632359153718,0.0458333333333333,0.8
full_seed11_drift_0p0_noise0p1_s9_a0p2_b0p7,11,drift,0.0,0.1,9,0.2,1.3125,0.3708333333333333,0.6977603995756232,0.3583333333333333,0.7
full_seed11_drift_0p0_noise0p1_s9_a0p3_b0p8,11,drift,0.0,0.1,9,0.3,1.3125,0.3708333333333333,0.6977603995756232,0.3583333333333333,0.8
full_seed11_drift_0p0_noise0p25_s13_a0p2_b0p7,11,drift,0.0,0.25,13,0.2,1.7541666666666669,0.0125,0.5144469317326362,1.1791666666666667,0.7
full_seed11_drift_0p0_noise0p25_s13_a0p3_b0p8,11,drift,0.0,0.25,13,0.3,1.7541666666666669,0.0125,0.5144469317326362,1.1791666666666667,0.8
full_seed11_drift_0p0_noise0p25_s5_a0p2_b0p7,11,drift,0.0,0.25,5,0.2,1.1333333333333333,0.7458333333333333,0.7536569764179276,0.1541666666666666,0.7
full_seed11_drift_0p0_noise0p25_s5_a0p3_b0p8,11,drift,0.0,0.25,5,0.3,1.1333333333333333,0.7458333333333333,0.7536569764179276,0.1541666666666666,0.8
full_seed11_drift_0p0_noise0p25_s9_a0p2_b0p7,11,drift,0.0,0.25,9,0.2,1.5333333333333334,0.4791666666666667,0.6999778828082684,0.65,0.7
full_seed11_drift_0p0_noise0p25_s9_a0p3_b0p8,11,drift,0.0,0.25,9,0.3,1.5333333333333334,0.4791666666666667,0.6999778828082684,0.65,0.8
full_seed11_drift_0p0_noise0p5_s13_a0p2_b0p7,11,drift,0.0,0.5,13,0.2,2.154166666666667,0.1125,0.5640585021073838,3.4916666666666667,0.7
full_seed11_drift_0p0_noise0p5_s13_a0p3_b0p8,11,drift,0.0,0.5,13,0.3,2.154166666666667,0.1125,0.5640585021073838,3.4916666666666667,0.8
full_seed11_drift_0p0_noise0p5_s5_a0p2_b0p7,11,drift,0.0,0.5,5,0.2,1.475,0.6375,0.7267091697501897,0.6,0.7
full_seed11_drift_0p0_noise0p5_s5_a0p3_b0p8,11,drift,0.0,0.5,5,0.3,1.475,0.6375,0.7267091697501897,0.6,0.8
full_seed11_drift_0p0_noise0p5_s9_a0p2_b0p7,11,drift,0.0,0.5,9,0.2,1.9125,0.5208333333333334,0.7007536937778817,1.7583333333333333,0.7
full_seed11_drift_0p0_noise0p5_s9_a0p3_b0p8,11,drift,0.0,0.5,9,0.3,1.9125,0.5208333333333334,0.7007536937778817,1.7583333333333333,0.8
full_seed11_drift_0p1_noise0p1_s13_a0p2_b0p7,11,drift,0.1,0.1,13,0.2,1.375,0.0,0.4959582775144117,0.4666666666666667,0.7
full_seed11_drift_0p1_noise0p1_s13_a0p3_b0p8,11,drift,0.1,0.1,13,0.3,1.375,0.0,0.4959582775144117,0.4666666666666667,0.8
full_seed11_drift_0p1_noise0p1_s5_a0p2_b0p7,11,drift,0.1,0.1,5,0.2,1.0416666666666667,0.9166666666666666,0.7763632359153718,0.0458333333333333,0.7
full_seed11_drift_0p1_noise0p1_s5_a0p3_b0p8,11,drift,0.1,0.1,5,0.3,1.0416666666666667,0.9166666666666666,0.7763632359153718,0.0458333333333333,0.8
full_seed11_drift_0p1_noise0p1_s9_a0p2_b0p7,11,drift,0.1,0.1,9,0.2,1.45,0.375,0.693204116419826,0.5833333333333334,0.7
full_seed11_drift_0p1_noise0p1_s9_a0p3_b0p8,11,drift,0.1,0.1,9,0.3,1.45,0.375,0.693204116419826,0.5833333333333334,0.8
full_seed11_drift_0p1_noise0p25_s13_a0p2_b0p7,11,drift,0.1,0.25,13,0.2,1.7958333333333334,0.0083333333333333,0.5051009284233825,1.3958333333333333,0.7
full_seed11_drift_0p1_noise0p25_s13_a0p3_b0p8,11,drift,0.1,0.25,13,0.3,1.7958333333333334,0.0083333333333333,0.5051009284233825,1.3958333333333333,0.8
full_seed11_drift_0p1_noise0p25_s5_a0p2_b0p7,11,drift,0.1,0.25,5,0.2,1.1333333333333333,0.7458333333333333,0.7536569764179276,0.1541666666666666,0.7
full_seed11_drift_0p1_noise0p25_s5_a0p3_b0p8,11,drift,0.1,0.25,5,0.3,1.1333333333333333,0.7458333333333333,0.7536569764179276,0.1541666666666666,0.8
full_seed11_drift_0p1_noise0p25_s9_a0p2_b0p7,11,drift,0.1,0.25,9,0.2,1.6375,0.4583333333333333,0.6912214512853363,0.8791666666666667,0.7
full_seed11_drift_0p1_noise0p25_s9_a0p3_b0p8,11,drift,0.1,0.25,9,0.3,1.6375,0.4583333333333333,0.6912214512853363,0.8791666666666667,0.8
full_seed11_drift_0p1_noise0p5_s13_a0p2_b0p7,11,drift,0.1,0.5,13,0.2,2.15,0.1,0.549391630567596,3.654166666666667,0.7
full_seed11_drift_0p1_noise0p5_s13_a0p3_b0p8,11,drift,0.1,0.5,13,0.3,2.15,0.1,0.549391630567596,3.654166666666667,0.8
full_seed11_drift_0p1_noise0p5_s5_a0p2_b0p7,11,drift,0.1,0.5,5,0.2,1.475,0.6375,0.7267091697501897,0.6,0.7
full_seed11_drift_0p1_noise0p5_s5_a0p3_b0p8,11,drift,0.1,0.5,5,0.3,1.475,0.6375,0.7267091697501897,0.6,0.8
full_seed11_drift_0p1_noise0p5_s9_a0p2_b0p7,11,drift,0.1,0.5,9,0.2,1.9375,0.4833333333333333,0.6918986932213707,1.9333333333333331,0.7
full_seed11_drift_0p1_noise0p5_s9_a0p3_b0p8,11,drift,0.1,0.5,9,0.3,1.9375,0.4833333333333333,0.6918986932213707,1.9333333333333331,0.8
full_seed11_drift_0p2_noise0p1_s13_a0p2_b0p7,11,drift,0.2,0.1,13,0.2,1.5125,0.0041666666666666,0.4815104995607225,0.8916666666666667,0.7
full_seed11_drift_0p2_noise0p1_s13_a0p3_b0p8,11,drift,0.2,0.1,13,0.3,1.5125,0.0041666666666666,0.4815104995607225,0.8916666666666667,0.8
full_seed11_drift_0p2_noise0p1_s5_a0p2_b0p7,11,drift,0.2,0.1,5,0.2,1.2166666666666666,0.8333333333333334,0.7607012481719904,0.2333333333333333,0.7
full_seed11_drift_0p2_noise0p1_s5_a0p3_b0p8,11,drift,0.2,0.1,5,0.3,1.2166666666666666,0.8333333333333334,0.7607012481719904,0.2333333333333333,0.8
full_seed11_drift_0p2_noise0p1_s9_a0p2_b0p7,11,drift,0.2,0.1,9,0.2,1.55,0.3625,0.6783089938876284,0.7625,0.7
full_seed11_drift_0p2_noise0p1_s9_a0p3_b0p8,11,drift,0.2,0.1,9,0.3,1.55,0.3625,0.6783089938876284,0.7625,0.8
full_seed11_drift_0p2_noise0p25_s13_a0p2_b0p7,11,drift,0.2,0.25,13,0.2,1.9125,0.0083333333333333,0.4872741651912216,1.8125,0.7
full_seed11_drift_0p2_noise0p25_s13_a0p3_b0p8,11,drift,0.2,0.25,13,0.3,1.9125,0.0083333333333333,0.4872741651912216,1.8125,0.8
full_seed11_drift_0p2_noise0p25_s5_a0p2_b0p7,11,drift,0.2,0.25,5,0.2,1.3,0.6833333333333333,0.7369583747743188,0.35,0.7
full_seed11_drift_0p2_noise0p25_s5_a0p3_b0p8,11,drift,0.2,0.25,5,0.3,1.3,0.6833333333333333,0.7369583747743188,0.35,0.8
full_seed11_drift_0p2_noise0p25_s9_a0p2_b0p7,11,drift,0.2,0.25,9,0.2,1.7291666666666667,0.45,0.6814868600322659,1.0875,0.7
full_seed11_drift_0p2_noise0p25_s9_a0p3_b0p8,11,drift,0.2,0.25,9,0.3,1.7291666666666667,0.45,0.6814868600322659,1.0875,0.8
full_seed11_drift_0p2_noise0p5_s13_a0p2_b0p7,11,drift,0.2,0.5,13,0.2,2.2291666666666665,0.1,0.531717635338575,4.083333333333333,0.7
full_seed11_drift_0p2_noise0p5_s13_a0p3_b0p8,11,drift,0.2,0.5,13,0.3,2.2291666666666665,0.1,0.531717635338575,4.083333333333333,0.8
full_seed11_drift_0p2_noise0p5_s5_a0p2_b0p7,11,drift,0.2,0.5,5,0.2,1.5708333333333333,0.6083333333333333,0.7092773964144542,0.7416666666666667,0.7
full_seed11_drift_0p2_noise0p5_s5_a0p3_b0p8,11,drift,0.2,0.5,5,0.3,1.5708333333333333,0.6083333333333333,0.7092773964144542,0.7416666666666667,0.8
full_seed11_drift_0p2_noise0p5_s9_a0p2_b0p7,11,drift,0.2,0.5,9,0.2,1.9541666666666664,0.4625,0.6731883518996558,2.0875,0.7
full_seed11_drift_0p2_noise0p5_s9_a0p3_b0p8,11,drift,0.2,0.5,9,0.3,1.9541666666666664,0.4625,0.6731883518996558,2.0875,0.8
full_seed11_drift_0p3_noise0p1_s13_a0p2_b0p7,11,drift,0.3,0.1,13,0.2,1.5666666666666669,0.0041666666666666,0.4771953246335331,1.0583333333333331,0.7
full_seed11_drift_0p3_noise0p1_s13_a0p3_b0p8,11,drift,0.3,0.1,13,0.3,1.5666666666666669,0.0041666666666666,0.4771953246335331,1.0583333333333331,0.8
full_seed11_drift_0p3_noise0p1_s5_a0p2_b0p7,11,drift,0.3,0.1,5,0.2,1.1916666666666669,0.7,0.7043643034067852,0.25,0.7
full_seed11_drift_0p3_noise0p1_s5_a0p3_b0p8,11,drift,0.3,0.1,5,0.3,1.1916666666666669,0.7,0.7043643034067852,0.25,0.8
full_seed11_drift_0p3_noise0p1_s9_a0p2_b0p7,11,drift,0.3,0.1,9,0.2,1.5666666666666669,0.3125,0.6499543107097455,0.825,0.7
full_seed11_drift_0p3_noise0p1_s9_a0p3_b0p8,11,drift,0.3,0.1,9,0.3,1.5666666666666669,0.3125,0.6499543107097455,0.825,0.8
full_seed11_drift_0p3_noise0p25_s13_a0p2_b0p7,11,drift,0.3,0.25,13,0.2,1.9333333333333331,0.0125,0.481662361530779,1.9958333333333331,0.7
full_seed11_drift_0p3_noise0p25_s13_a0p3_b0p8,11,drift,0.3,0.25,13,0.3,1.9333333333333331,0.0125,0.481662361530779,1.9958333333333331,0.8
full_seed11_drift_0p3_noise0p25_s5_a0p2_b0p7,11,drift,0.3,0.25,5,0.2,1.275,0.5958333333333333,0.6852133693888999,0.35,0.7
full_seed11_drift_0p3_noise0p25_s5_a0p3_b0p8,11,drift,0.3,0.25,5,0.3,1.275,0.5958333333333333,0.6852133693888999,0.35,0.8
full_seed11_drift_0p3_noise0p25_s9_a0p2_b0p7,11,drift,0.3,0.25,9,0.2,1.7541666666666669,0.4125,0.6569969286355433,1.175,0.7
full_seed11_drift_0p3_noise0p25_s9_a0p3_b0p8,11,drift,0.3,0.25,9,0.3,1.7541666666666669,0.4125,0.6569969286355433,1.175,0.8
full_seed11_drift_0p3_noise0p5_s13_a0p2_b0p7,11,drift,0.3,0.5,13,0.2,2.25,0.0958333333333333,0.5244482020247055,4.25,0.7
full_seed11_drift_0p3_noise0p5_s13_a0p3_b0p8,11,drift,0.3,0.5,13,0.3,2.25,0.0958333333333333,0.5244482020247055,4.25,0.8
full_seed11_drift_0p3_noise0p5_s5_a0p2_b0p7,11,drift,0.3,0.5,5,0.2,1.5041666666666669,0.5166666666666667,0.6543871101953944,0.6541666666666667,0.7
full_seed11_drift_0p3_noise0p5_s5_a0p3_b0p8,11,drift,0.3,0.5,5,0.3,1.5041666666666669,0.5166666666666667,0.6543871101953944,0.6541666666666667,0.8
full_seed11_drift_0p3_noise0p5_s9_a0p2_b0p7,11,drift,0.3,0.5,9,0.2,1.9666666666666663,0.4125,0.6532572291316568,2.1416666666666666,0.7
full_seed11_drift_0p3_noise0p5_s9_a0p3_b0p8,11,drift,0.3,0.5,9,0.3,1.9666666666666663,0.4125,0.6532572291316568,2.1416666666666666,0.8
full_seed11_drift_0p4_noise0p1_s13_a0p2_b0p7,11,drift,0.4,0.1,13,0.2,1.5625,0.0041666666666666,0.4698735644543581,1.025,0.7
full_seed11_drift_0p4_noise0p1_s13_a0p3_b0p8,11,drift,0.4,0.1,13,0.3,1.5625,0.0041666666666666,0.4698735644543581,1.025,0.8
full_seed11_drift_0p4_noise0p1_s5_a0p2_b0p7,11,drift,0.4,0.1,5,0.2,1.1916666666666669,0.7,0.7043643034067852,0.25,0.7
full_seed11_drift_0p4_noise0p1_s5_a0p3_b0p8,11,drift,0.4,0.1,5,0.3,1.1916666666666669,0.7,0.7043643034067852,0.25,0.8
full_seed11_drift_0p4_noise0p1_s9_a0p2_b0p7,11,drift,0.4,0.1,9,0.2,1.5625,0.3,0.6306770210399623,0.8125,0.7
full_seed11_drift_0p4_noise0p1_s9_a0p3_b0p8,11,drift,0.4,0.1,9,0.3,1.5625,0.3,0.6306770210399623,0.8125,0.8
full_seed11_drift_0p4_noise0p25_s13_a0p2_b0p7,11,drift,0.4,0.25,13,0.2,1.9458333333333333,0.0125,0.4755408963519513,2.0166666666666666,0.7
full_seed11_drift_0p4_noise0p25_s13_a0p3_b0p8,11,drift,0.4,0.25,13,0.3,1.9458333333333333,0.0125,0.4755408963519513,2.0166666666666666,0.8
full_seed11_drift_0p4_noise0p25_s5_a0p2_b0p7,11,drift,0.4,0.25,5,0.2,1.275,0.5958333333333333,0.6852133693888999,0.35,0.7
full_seed11_drift_0p4_noise0p25_s5_a0p3_b0p8,11,drift,0.4,0.25,5,0.3,1.275,0.5958333333333333,0.6852133693888999,0.35,0.8
full_seed11_drift_0p4_noise0p25_s9_a0p2_b0p7,11,drift,0.4,0.25,9,0.2,1.7625,0.3916666666666666,0.6422578412131266,1.2541666666666669,0.7
full_seed11_drift_0p4_noise0p25_s9_a0p3_b0p8,11,drift,0.4,0.25,9,0.3,1.7625,0.3916666666666666,0.6422578412131266,1.2541666666666669,0.8
full_seed11_drift_0p4_noise0p5_s13_a0p2_b0p7,11,drift,0.4,0.5,13,0.2,2.25,0.0958333333333333,0.5144114650856195,4.379166666666666,0.7
full_seed11_drift_0p4_noise0p5_s13_a0p3_b0p8,11,drift,0.4,0.5,13,0.3,2.25,0.0958333333333333,0.5144114650856195,4.379166666666666,0.8
full_seed11_drift_0p4_noise0p5_s5_a0p2_b0p7,11,drift,0.4,0.5,5,0.2,1.5041666666666669,0.5166666666666667,0.6543871101953944,0.6541666666666667,0.7
full_seed11_drift_0p4_noise0p5_s5_a0p3_b0p8,11,drift,0.4,0.5,5,0.3,1.5041666666666669,0.5166666666666667,0.6543871101953944,0.6541666666666667,0.8
full_seed11_drift_0p4_noise0p5_s9_a0p2_b0p7,11,drift,0.4,0.5,9,0.2,2.004166666666667,0.4208333333333333,0.6495261753119593,2.2875,0.7
full_seed11_drift_0p4_noise0p5_s9_a0p3_b0p8,11,drift,0.4,0.5,9,0.3,2.004166666666667,0.4208333333333333,0.6495261753119593,2.2875,0.8
full_seed11_freeze_0p0_noise0p1_s13_a0p2_b0p7,11,freeze,0.0,0.1,13,0.2,1.1958333333333333,0.0,0.5025069206020495,0.225,0.7
full_seed11_freeze_0p0_noise0p1_s13_a0p3_b0p8,11,freeze,0.0,0.1,13,0.3,1.1958333333333333,0.0,0.5025069206020495,0.225,0.8
full_seed11_freeze_0p0_noise0p1_s5_a0p2_b0p7,11,freeze,0.0,0.1,5,0.2,1.0416666666666667,0.9166666666666666,0.7763632359153718,0.0458333333333333,0.7
full_seed11_freeze_0p0_noise0p1_s5_a0p3_b0p8,11,freeze,0.0,0.1,5,0.3,1.0416666666666667,0.9166666666666666,0.7763632359153718,0.0458333333333333,0.8
full_seed11_freeze_0p0_noise0p1_s9_a0p2_b0p7,11,freeze,0.0,0.1,9,0.2,1.3125,0.3708333333333333,0.6977603995756232,0.3583333333333333,0.7
full_seed11_freeze_0p0_noise0p1_s9_a0p3_b0p8,11,freeze,0.0,0.1,9,0.3,1.3125,0.3708333333333333,0.6977603995756232,0.3583333333333333,0.8
full_seed11_freeze_0p0_noise0p25_s13_a0p2_b0p7,11,freeze,0.0,0.25,13,0.2,1.7541666666666669,0.0125,0.5144469317326362,1.1791666666666667,0.7
full_seed11_freeze_0p0_noise0p25_s13_a0p3_b0p8,11,freeze,0.0,0.25,13,0.3,1.7541666666666669,0.0125,0.5144469317326362,1.1791666666666667,0.8
full_seed11_freeze_0p0_noise0p25_s5_a0p2_b0p7,11,freeze,0.0,0.25,5,0.2,1.1333333333333333,0.7458333333333333,0.7536569764179276,0.1541666666666666,0.7
full_seed11_freeze_0p0_noise0p25_s5_a0p3_b0p8,11,freeze,0.0,0.25,5,0.3,1.1333333333333333,0.7458333333333333,0.7536569764179276,0.1541666666666666,0.8
full_seed11_freeze_0p0_noise0p25_s9_a0p2_b0p7,11,freeze,0.0,0.25,9,0.2,1.5333333333333334,0.4791666666666667,0.6999778828082684,0.65,0.7
full_seed11_freeze_0p0_noise0p25_s9_a0p3_b0p8,11,freeze,0.0,0.25,9,0.3,1.5333333333333334,0.4791666666666667,0.6999778828082684,0.65,0.8
full_seed11_freeze_0p0_noise0p5_s13_a0p2_b0p7,11,freeze,0.0,0.5,13,0.2,2.154166666666667,0.1125,0.5640585021073838,3.4916666666666667,0.7
full_seed11_freeze_0p0_noise0p5_s13_a0p3_b0p8,11,freeze,0.0,0.5,13,0.3,2.154166666666667,0.1125,0.5640585021073838,3.4916666666666667,0.8
full_seed11_freeze_0p0_noise0p5_s5_a0p2_b0p7,11,freeze,0.0,0.5,5,0.2,1.475,0.6375,0.7267091697501897,0.6,0.7
full_seed11_freeze_0p0_noise0p5_s5_a0p3_b0p8,11,freeze,0.0,0.5,5,0.3,1.475,0.6375,0.7267091697501897,0.6,0.8
full_seed11_freeze_0p0_noise0p5_s9_a0p2_b0p7,11,freeze,0.0,0.5,9,0.2,1.9125,0.5208333333333334,0.7007536937778817,1.7583333333333333,0.7
full_seed11_freeze_0p0_noise0p5_s9_a0p3_b0p8,11,freeze,0.0,0.5,9,0.3,1.9125,0.5208333333333334,0.7007536937778817,1.7583333333333333,0.8
full_seed11_freeze_0p1_noise0p1_s13_a0p2_b0p7,11,freeze,0.1,0.1,13,0.2,1.175,0.0,0.504070868981717,0.2041666666666666,0.7
full_seed11_freeze_0p1_noise0p1_s13_a0p3_b0p8,11,freeze,0.1,0.1,13,0.3,1.175,0.0,0.504070868981717,0.2041666666666666,0.8
full_seed11_freeze_0p1_noise0p1_s5_a0p2_b0p7,11,freeze,0.1,0.1,5,0.2,1.0416666666666667,0.9166666666666666,0.7763632359153718,0.0458333333333333,0.7
full_seed11_freeze_0p1_noise0p1_s5_a0p3_b0p8,11,freeze,0.1,0.1,5,0.3,1.0416666666666667,0.9166666666666666,0.7763632359153718,0.0458333333333333,0.8
full_seed11_freeze_0p1_noise0p1_s9_a0p2_b0p7,11,freeze,0.1,0.1,9,0.2,1.3041666666666667,0.3625,0.694745028925451,0.35,0.7
full_seed11_freeze_0p1_noise0p1_s9_a0p3_b0p8,11,freeze,0.1,0.1,9,0.3,1.3041666666666667,0.3625,0.694745028925451,0.35,0.8
full_seed11_freeze_0p1_noise0p25_s13_a0p2_b0p7,11,freeze,0.1,0.25,13,0.2,1.7541666666666669,0.0083333333333333,0.5161085569624172,1.15,0.7
full_seed11_freeze_0p1_noise0p25_s13_a0p3_b0p8,11,freeze,0.1,0.25,13,0.3,1.7541666666666669,0.0083333333333333,0.5161085569624172,1.15,0.8
full_seed11_freeze_0p1_noise0p25_s5_a0p2_b0p7,11,freeze,0.1,0.25,5,0.2,1.1333333333333333,0.7458333333333333,0.7536569764179276,0.1541666666666666,0.7
full_seed11_freeze_0p1_noise0p25_s5_a0p3_b0p8,11,freeze,0.1,0.25,5,0.3,1.1333333333333333,0.7458333333333333,0.7536569764179276,0.1541666666666666,0.8
full_seed11_freeze_0p1_noise0p25_s9_a0p2_b0p7,11,freeze,0.1,0.25,9,0.2,1.5291666666666666,0.4791666666666667,0.6958182090620834,0.6333333333333333,0.7
full_seed11_freeze_0p1_noise0p25_s9_a0p3_b0p8,11,freeze,0.1,0.25,9,0.3,1.5291666666666666,0.4791666666666667,0.6958182090620834,0.6333333333333333,0.8
full_seed11_freeze_0p1_noise0p5_s13_a0p2_b0p7,11,freeze,0.1,0.5,13,0.2,2.1333333333333333,0.0916666666666666,0.5592820191145528,3.4125,0.7
full_seed11_freeze_0p1_noise0p5_s13_a0p3_b0p8,11,freeze,0.1,0.5,13,0.3,2.1333333333333333,0.0916666666666666,0.5592820191145528,3.4125,0.8
full_seed11_freeze_0p1_noise0p5_s5_a0p2_b0p7,11,freeze,0.1,0.5,5,0.2,1.475,0.6375,0.7267091697501897,0.6,0.7
full_seed11_freeze_0p1_noise0p5_s5_a0p3_b0p8,11,freeze,0.1,0.5,5,0.3,1.475,0.6375,0.7267091697501897,0.6,0.8
full_seed11_freeze_0p1_noise0p5_s9_a0p2_b0p7,11,freeze,0.1,0.5,9,0.2,1.8833333333333333,0.4958333333333333,0.69573723401405,1.7125,0.7
full_seed11_freeze_0p1_noise0p5_s9_a0p3_b0p8,11,freeze,0.1,0.5,9,0.3,1.8833333333333333,0.4958333333333333,0.69573723401405,1.7125,0.8
full_seed11_freeze_0p2_noise0p1_s13_a0p2_b0p7,11,freeze,0.2,0.1,13,0.2,1.1708333333333334,0.0,0.4984277947382916,0.2,0.7
full_seed11_freeze_0p2_noise0p1_s13_a0p3_b0p8,11,freeze,0.2,0.1,13,0.3,1.1708333333333334,0.0,0.4984277947382916,0.2,0.8
full_seed11_freeze_0p2_noise0p1_s5_a0p2_b0p7,11,freeze,0.2,0.1,5,0.2,1.0375,0.9083333333333332,0.770812553433697,0.0416666666666666,0.7
full_seed11_freeze_0p2_noise0p1_s5_a0p3_b0p8,11,freeze,0.2,0.1,5,0.3,1.0375,0.9083333333333332,0.770812553433697,0.0416666666666666,0.8
full_seed11_freeze_0p2_noise0p1_s9_a0p2_b0p7,11,freeze,0.2,0.1,9,0.2,1.3208333333333333,0.3541666666666667,0.6944893959840267,0.3666666666666666,0.7
full_seed11_freeze_0p2_noise0p1_s9_a0p3_b0p8,11,freeze,0.2,0.1,9,0.3,1.3208333333333333,0.3541666666666667,0.6944893959840267,0.3666666666666666,0.8
full_seed11_freeze_0p2_noise0p25_s13_a0p2_b0p7,11,freeze,0.2,0.25,13,0.2,1.7166666666666666,0.0083333333333333,0.5092842935948583,1.0791666666666666,0.7
full_seed11_freeze_0p2_noise0p25_s13_a0p3_b0p8,11,freeze,0.2,0.25,13,0.3,1.7166666666666666,0.0083333333333333,0.5092842935948583,1.0791666666666666,0.8
full_seed11_freeze_0p2_noise0p25_s5_a0p2_b0p7,11,freeze,0.2,0.25,5,0.2,1.1333333333333333,0.725,0.7494327434834259,0.1541666666666666,0.7
full_seed11_freeze_0p2_noise0p25_s5_a0p3_b0p8,11,freeze,0.2,0.25,5,0.3,1.1333333333333333,0.725,0.7494327434834259,0.1541666666666666,0.8
full_seed11_freeze_0p2_noise0p25_s9_a0p2_b0p7,11,freeze,0.2,0.25,9,0.2,1.5541666666666667,0.4708333333333333,0.6964995417829389,0.6583333333333333,0.7
full_seed11_freeze_0p2_noise0p25_s9_a0p3_b0p8,11,freeze,0.2,0.25,9,0.3,1.5541666666666667,0.4708333333333333,0.6964995417829389,0.6583333333333333,0.8
full_seed11_freeze_0p2_noise0p5_s13_a0p2_b0p7,11,freeze,0.2,0.5,13,0.2,2.154166666666667,0.1,0.5558590328324672,3.379166666666667,0.7
full_seed11_freeze_0p2_noise0p5_s13_a0p3_b0p8,11,freeze,0.2,0.5,13,0.3,2.154166666666667,0.1,0.5558590328324672,3.379166666666667,0.8
full_seed11_freeze_0p2_noise0p5_s5_a0p2_b0p7,11,freeze,0.2,0.5,5,0.2,1.475,0.5916666666666667,0.7153195387043316,0.5875,0.7
full_seed11_freeze_0p2_noise0p5_s5_a0p3_b0p8,11,freeze,0.2,0.5,5,0.3,1.475,0.5916666666666667,0.7153195387043316,0.5875,0.8
full_seed11_freeze_0p2_noise0p5_s9_a0p2_b0p7,11,freeze,0.2,0.5,9,0.2,1.8791666666666669,0.4791666666666667,0.6924712143128083,1.7041666666666666,0.7
full_seed11_freeze_0p2_noise0p5_s9_a0p3_b0p8,11,freeze,0.2,0.5,9,0.3,1.8791666666666669,0.4791666666666667,0.6924712143128083,1.7041666666666666,0.8
full_seed11_freeze_0p3_noise0p1_s13_a0p2_b0p7,11,freeze,0.3,0.1,13,0.2,1.1625,0.0,0.498701165937435,0.1916666666666666,0.7
full_seed11_freeze_0p3_noise0p1_s13_a0p3_b0p8,11,freeze,0.3,0.1,13,0.3,1.1625,0.0,0.498701165937435,0.1916666666666666,0.8
full_seed11_freeze_0p3_noise0p1_s5_a0p2_b0p7,11,freeze,0.3,0.1,5,0.2,1.0416666666666667,0.9,0.7662648780235805,0.0458333333333333,0.7
full_seed11_freeze_0p3_noise0p1_s5_a0p3_b0p8,11,freeze,0.3,0.1,5,0.3,1.0416666666666667,0.9,0.7662648780235805,0.0458333333333333,0.8
full_seed11_freeze_0p3_noise0p1_s9_a0p2_b0p7,11,freeze,0.3,0.1,9,0.2,1.3375,0.3708333333333333,0.699507835621382,0.3833333333333333,0.7
full_seed11_freeze_0p3_noise0p1_s9_a0p3_b0p8,11,freeze,0.3,0.1,9,0.3,1.3375,0.3708333333333333,0.699507835621382,0.3833333333333333,0.8
full_seed11_freeze_0p3_noise0p25_s13_a0p2_b0p7,11,freeze,0.3,0.25,13,0.2,1.7041666666666666,0.0083333333333333,0.5101774903973035,1.0541666666666667,0.7
full_seed11_freeze_0p3_noise0p25_s13_a0p3_b0p8,11,freeze,0.3,0.25,13,0.3,1.7041666666666666,0.0083333333333333,0.5101774903973035,1.0541666666666667,0.8
full_seed11_freeze_0p3_noise0p25_s5_a0p2_b0p7,11,freeze,0.3,0.25,5,0.2,1.1291666666666669,0.7041666666666667,0.7434069412324796,0.1458333333333333,0.7
full_seed11_freeze_0p3_noise0p25_s5_a0p3_b0p8,11,freeze,0.3,0.25,5,0.3,1.1291666666666669,0.7041666666666667,0.7434069412324796,0.1458333333333333,0.8
full_seed11_freeze_0p3_noise0p25_s9_a0p2_b0p7,11,freeze,0.3,0.25,9,0.2,1.5291666666666666,0.475,0.6962225989928672,0.625,0.7
full_seed11_freeze_0p3_noise0p25_s9_a0p3_b0p8,11,freeze,0.3,0.25,9,0.3,1.5291666666666666,0.475,0.6962225989928672,0.625,0.8
full_seed11_freeze_0p3_noise0p5_s13_a0p2_b0p7,11,freeze,0.3,0.5,13,0.2,2.145833333333333,0.0916666666666666,0.5550382697915391,3.3666666666666667,0.7
full_seed11_freeze_0p3_noise0p5_s13_a0p3_b0p8,11,freeze,0.3,0.5,13,0.3,2.145833333333333,0.0916666666666666,0.5550382697915391,3.3666666666666667,0.8
full_seed11_freeze_0p3_noise0p5_s5_a0p2_b0p7,11,freeze,0.3,0.5,5,0.2,1.4833333333333334,0.575,0.7131563063564577,0.5958333333333333,0.7
full_seed11_freeze_0p3_noise0p5_s5_a0p3_b0p8,11,freeze,0.3,0.5,5,0.3,1.4833333333333334,0.575,0.7131563063564577,0.5958333333333333,0.8
full_seed11_freeze_0p3_noise0p5_s9_a0p2_b0p7,11,freeze,0.3,0.5,9,0.2,1.8666666666666667,0.4833333333333333,0.6915884931462091,1.6458333333333333,0.7
full_seed11_freeze_0p3_noise0p5_s9_a0p3_b0p8,11,freeze,0.3,0.5,9,0.3,1.8666666666666667,0.4833333333333333,0.6915884931462091,1.6458333333333333,0.8
full_seed11_freeze_0p4_noise0p1_s13_a0p2_b0p7,11,freeze,0.4,0.1,13,0.2,1.1583333333333334,0.0,0.5007503045635335,0.1875,0.7
full_seed11_freeze_0p4_noise0p1_s13_a0p3_b0p8,11,freeze,0.4,0.1,13,0.3,1.1583333333333334,0.0,0.5007503045635335,0.1875,0.8
full_seed11_freeze_0p4_noise0p1_s5_a0p2_b0p7,11,freeze,0.4,0.1,5,0.2,1.0416666666666667,0.9,0.7662648780235805,0.0458333333333333,0.7
full_seed11_freeze_0p4_noise0p1_s5_a0p3_b0p8,11,freeze,0.4,0.1,5,0.3,1.0416666666666667,0.9,0.7662648780235805,0.0458333333333333,0.8
full_seed11_freeze_0p4_noise0p1_s9_a0p2_b0p7,11,freeze,0.4,0.1,9,0.2,1.3375,0.3791666666666666,0.7022920378455847,0.3791666666666666,0.7
full_seed11_freeze_0p4_noise0p1_s9_a0p3_b0p8,11,freeze,0.4,0.1,9,0.3,1.3375,0.3791666666666666,0.7022920378455847,0.3791666666666666,0.8
full_seed11_freeze_0p4_noise0p25_s13_a0p2_b0p7,11,freeze,0.4,0.25,13,0.2,1.6875,0.0083333333333333,0.5124286800352474,1.0291666666666666,0.7
full_seed11_freeze_0p4_noise0p25_s13_a0p3_b0p8,11,freeze,0.4,0.25,13,0.3,1.6875,0.0083333333333333,0.5124286800352474,1.0291666666666666,0.8
full_seed11_freeze_0p4_noise0p25_s5_a0p2_b0p7,11,freeze,0.4,0.25,5,0.2,1.1291666666666669,0.7041666666666667,0.7434069412324796,0.1458333333333333,0.7
full_seed11_freeze_0p4_noise0p25_s5_a0p3_b0p8,11,freeze,0.4,0.25,5,0.3,1.1291666666666669,0.7041666666666667,0.7434069412324796,0.1458333333333333,0.8
full_seed11_freeze_0p4_noise0p25_s9_a0p2_b0p7,11,freeze,0.4,0.25,9,0.2,1.5208333333333333,0.4833333333333333,0.6989884068477258,0.6125,0.7
full_seed11_freeze_0p4_noise0p25_s9_a0p3_b0p8,11,freeze,0.4,0.25,9,0.3,1.5208333333333333,0.4833333333333333,0.6989884068477258,0.6125,0.8
full_seed11_freeze_0p4_noise0p5_s13_a0p2_b0p7,11,freeze,0.4,0.5,13,0.2,2.1125,0.0916666666666666,0.5542215206869462,3.2625,0.7
full_seed11_freeze_0p4_noise0p5_s13_a0p3_b0p8,11,freeze,0.4,0.5,13,0.3,2.1125,0.0916666666666666,0.5542215206869462,3.2625,0.8
full_seed11_freeze_0p4_noise0p5_s5_a0p2_b0p7,11,freeze,0.4,0.5,5,0.2,1.4833333333333334,0.575,0.7131563063564577,0.5958333333333333,0.7
full_seed11_freeze_0p4_noise0p5_s5_a0p3_b0p8,11,freeze,0.4,0.5,5,0.3,1.4833333333333334,0.575,0.7131563063564577,0.5958333333333333,0.8
full_seed11_freeze_0p4_noise0p5_s9_a0p2_b0p7,11,freeze,0.4,0.5,9,0.2,1.875,0.4666666666666667,0.6909401424792182,1.6333333333333333,0.7
full_seed11_freeze_0p4_noise0p5_s9_a0p3_b0p8,11,freeze,0.4,0.5,9,0.3,1.875,0.4666666666666667,0.6909401424792182,1.6333333333333333,0.8
full_seed11_mixed_0p0_noise0p1_s13_a0p2_b0p7,11,mixed,0.0,0.1,13,0.2,1.1958333333333333,0.0,0.5025069206020495,0.225,0.7
full_seed11_mixed_0p0_noise0p1_s13_a0p3_b0p8,11,mixed,0.0,0.1,13,0.3,1.1958333333333333,0.0,0.5025069206020495,0.225,0.8
full_seed11_mixed_0p0_noise0p1_s5_a0p2_b0p7,11,mixed,0.0,0.1,5,0.2,1.0416666666666667,0.9166666666666666,0.7763632359153718,0.0458333333333333,0.7
full_seed11_mixed_0p0_noise0p1_s5_a0p3_b0p8,11,mixed,0.0,0.1,5,0.3,1.0416666666666667,0.9166666666666666,0.7763632359153718,0.0458333333333333,0.8
full_seed11_mixed_0p0_noise0p1_s9_a0p2_b0p7,11,mixed,0.0,0.1,9,0.2,1.3125,0.3708333333333333,0.6977603995756232,0.3583333333333333,0.7
full_seed11_mixed_0p0_noise0p1_s9_a0p3_b0p8,11,mixed,0.0,0.1,9,0.3,1.3125,0.3708333333333333,0.6977603995756232,0.3583333333333333,0.8
full_seed11_mixed_0p0_noise0p25_s13_a0p2_b0p7,11,mixed,0.0,0.25,13,0.2,1.7541666666666669,0.0125,0.5144469317326362,1.1791666666666667,0.7
full_seed11_mixed_0p0_noise0p25_s13_a0p3_b0p8,11,mixed,0.0,0.25,13,0.3,1.7541666666666669,0.0125,0.5144469317326362,1.1791666666666667,0.8
full_seed11_mixed_0p0_noise0p25_s5_a0p2_b0p7,11,mixed,0.0,0.25,5,0.2,1.1333333333333333,0.7458333333333333,0.7536569764179276,0.1541666666666666,0.7
full_seed11_mixed_0p0_noise0p25_s5_a0p3_b0p8,11,mixed,0.0,0.25,5,0.3,1.1333333333333333,0.7458333333333333,0.7536569764179276,0.1541666666666666,0.8
full_seed11_mixed_0p0_noise0p25_s9_a0p2_b0p7,11,mixed,0.0,0.25,9,0.2,1.5333333333333334,0.4791666666666667,0.6999778828082684,0.65,0.7
full_seed11_mixed_0p0_noise0p25_s9_a0p3_b0p8,11,mixed,0.0,0.25,9,0.3,1.5333333333333334,0.4791666666666667,0.6999778828082684,0.65,0.8
full_seed11_mixed_0p0_noise0p5_s13_a0p2_b0p7,11,mixed,0.0,0.5,13,0.2,2.154166666666667,0.1125,0.5640585021073838,3.4916666666666667,0.7
full_seed11_mixed_0p0_noise0p5_s13_a0p3_b0p8,11,mixed,0.0,0.5,13,0.3,2.154166666666667,0.1125,0.5640585021073838,3.4916666666666667,0.8
full_seed11_mixed_0p0_noise0p5_s5_a0p2_b0p7,11,mixed,0.0,0.5,5,0.2,1.475,0.6375,0.7267091697501897,0.6,0.7
full_seed11_mixed_0p0_noise0p5_s5_a0p3_b0p8,11,mixed,0.0,0.5,5,0.3,1.475,0.6375,0.7267091697501897,0.6,0.8
full_seed11_mixed_0p0_noise0p5_s9_a0p2_b0p7,11,mixed,0.0,0.5,9,0.2,1.9125,0.5208333333333334,0.7007536937778817,1.7583333333333333,0.7
full_seed11_mixed_0p0_noise0p5_s9_a0p3_b0p8,11,mixed,0.0,0.5,9,0.3,1.9125,0.5208333333333334,0.7007536937778817,1.7583333333333333,0.8
full_seed11_mixed_0p1_noise0p1_s13_a0p2_b0p7,11,mixed,0.1,0.1,13,0.2,1.3666666666666667,0.0,0.4971086408711767,0.4458333333333333,0.7
full_seed11_mixed_0p1_noise0p1_s13_a0p3_b0p8,11,mixed,0.1,0.1,13,0.3,1.3666666666666667,0.0,0.4971086408711767,0.4458333333333333,0.8
full_seed11_mixed_0p1_noise0p1_s5_a0p2_b0p7,11,mixed,0.1,0.1,5,0.2,1.0416666666666667,0.9166666666666666,0.7763632359153718,0.0458333333333333,0.7
full_seed11_mixed_0p1_noise0p1_s5_a0p3_b0p8,11,mixed,0.1,0.1,5,0.3,1.0416666666666667,0.9166666666666666,0.7763632359153718,0.0458333333333333,0.8
full_seed11_mixed_0p1_noise0p1_s9_a0p2_b0p7,11,mixed,0.1,0.1,9,0.2,1.45,0.3791666666666666,0.6987722737190332,0.6041666666666666,0.7
full_seed11_mixed_0p1_noise0p1_s9_a0p3_b0p8,11,mixed,0.1,0.1,9,0.3,1.45,0.3791666666666666,0.6987722737190332,0.6041666666666666,0.8
full_seed11_mixed_0p1_noise0p25_s13_a0p2_b0p7,11,mixed,0.1,0.25,13,0.2,1.7958333333333334,0.0083333333333333,0.507996493417724,1.3875,0.7
full_seed11_mixed_0p1_noise0p25_s13_a0p3_b0p8,11,mixed,0.1,0.25,13,0.3,1.7958333333333334,0.0083333333333333,0.507996493417724,1.3875,0.8
full_seed11_mixed_0p1_noise0p25_s5_a0p2_b0p7,11,mixed,0.1,0.25,5,0.2,1.1333333333333333,0.7458333333333333,0.7536569764179276,0.1541666666666666,0.7
full_seed11_mixed_0p1_noise0p25_s5_a0p3_b0p8,11,mixed,0.1,0.25,5,0.3,1.1333333333333333,0.7458333333333333,0.7536569764179276,0.1541666666666666,0.8
full_seed11_mixed_0p1_noise0p25_s9_a0p2_b0p7,11,mixed,0.1,0.25,9,0.2,1.6416666666666666,0.5041666666666667,0.7008399965728479,0.9166666666666666,0.7
full_seed11_mixed_0p1_noise0p25_s9_a0p3_b0p8,11,mixed,0.1,0.25,9,0.3,1.6416666666666666,0.5041666666666667,0.7008399965728479,0.9166666666666666,0.8
full_seed11_mixed_0p1_noise0p5_s13_a0p2_b0p7,11,mixed,0.1,0.5,13,0.2,2.158333333333333,0.0875,0.5552099405968354,3.7125,0.7
full_seed11_mixed_0p1_noise0p5_s13_a0p3_b0p8,11,mixed,0.1,0.5,13,0.3,2.158333333333333,0.0875,0.5552099405968354,3.7125,0.8
full_seed11_mixed_0p1_noise0p5_s5_a0p2_b0p7,11,mixed,0.1,0.5,5,0.2,1.475,0.6375,0.7267091697501897,0.6,0.7
full_seed11_mixed_0p1_noise0p5_s5_a0p3_b0p8,11,mixed,0.1,0.5,5,0.3,1.475,0.6375,0.7267091697501897,0.6,0.8
full_seed11_mixed_0p1_noise0p5_s9_a0p2_b0p7,11,mixed,0.1,0.5,9,0.2,1.9208333333333332,0.4958333333333333,0.6966826962866439,1.9375,0.7
full_seed11_mixed_0p1_noise0p5_s9_a0p3_b0p8,11,mixed,0.1,0.5,9,0.3,1.9208333333333332,0.4958333333333333,0.6966826962866439,1.9375,0.8
full_seed11_mixed_0p2_noise0p1_s13_a0p2_b0p7,11,mixed,0.2,0.1,13,0.2,1.4166666666666667,0.0041666666666666,0.4993150910907087,0.9291666666666668,0.7
full_seed11_mixed_0p2_noise0p1_s13_a0p3_b0p8,11,mixed,0.2,0.1,13,0.3,1.4166666666666667,0.0041666666666666,0.4993150910907087,0.9291666666666668,0.8
full_seed11_mixed_0p2_noise0p1_s5_a0p2_b0p7,11,mixed,0.2,0.1,5,0.2,1.2083333333333333,0.8875,0.7746485605595007,0.2291666666666666,0.7
full_seed11_mixed_0p2_noise0p1_s5_a0p3_b0p8,11,mixed,0.2,0.1,5,0.3,1.2083333333333333,0.8875,0.7746485605595007,0.2291666666666666,0.8
full_seed11_mixed_0p2_noise0p1_s9_a0p2_b0p7,11,mixed,0.2,0.1,9,0.2,1.4875,0.3791666666666666,0.6951486832590116,0.7916666666666666,0.7
full_seed11_mixed_0p2_noise0p1_s9_a0p3_b0p8,11,mixed,0.2,0.1,9,0.3,1.4875,0.3791666666666666,0.6951486832590116,0.7916666666666666,0.8
full_seed11_mixed_0p2_noise0p25_s13_a0p2_b0p7,11,mixed,0.2,0.25,13,0.2,1.85,0.0083333333333333,0.509239401404492,1.8375,0.7
full_seed11_mixed_0p2_noise0p25_s13_a0p3_b0p8,11,mixed,0.2,0.25,13,0.3,1.85,0.0083333333333333,0.509239401404492,1.8375,0.8
full_seed11_mixed_0p2_noise0p25_s5_a0p2_b0p7,11,mixed,0.2,0.25,5,0.2,1.2916666666666667,0.75,0.7540140239495784,0.35,0.7
full_seed11_mixed_0p2_noise0p25_s5_a0p3_b0p8,11,mixed,0.2,0.25,5,0.3,1.2916666666666667,0.75,0.7540140239495784,0.35,0.8
full_seed11_mixed_0p2_noise0p25_s9_a0p2_b0p7,11,mixed,0.2,0.25,9,0.2,1.6708333333333334,0.5041666666666667,0.6996118108434065,1.1208333333333331,0.7
full_seed11_mixed_0p2_noise0p25_s9_a0p3_b0p8,11,mixed,0.2,0.25,9,0.3,1.6708333333333334,0.5041666666666667,0.6996118108434065,1.1208333333333331,0.8
full_seed11_mixed_0p2_noise0p5_s13_a0p2_b0p7,11,mixed,0.2,0.5,13,0.2,2.1416666666666666,0.0916666666666666,0.5483735752643137,3.9916666666666663,0.7
full_seed11_mixed_0p2_noise0p5_s13_a0p3_b0p8,11,mixed,0.2,0.5,13,0.3,2.1416666666666666,0.0916666666666666,0.5483735752643137,3.9916666666666663,0.8
full_seed11_mixed_0p2_noise0p5_s5_a0p2_b0p7,11,mixed,0.2,0.5,5,0.2,1.5291666666666666,0.6375,0.7153914773135244,0.7041666666666667,0.7
full_seed11_mixed_0p2_noise0p5_s5_a0p3_b0p8,11,mixed,0.2,0.5,5,0.3,1.5291666666666666,0.6375,0.7153914773135244,0.7041666666666667,0.8
full_seed11_mixed_0p2_noise0p5_s9_a0p2_b0p7,11,mixed,0.2,0.5,9,0.2,1.9375,0.5125,0.6976989545996252,2.1125,0.7
full_seed11_mixed_0p2_noise0p5_s9_a0p3_b0p8,11,mixed,0.2,0.5,9,0.3,1.9375,0.5125,0.6976989545996252,2.1125,0.8
full_seed11_mixed_0p3_noise0p1_s13_a0p2_b0p7,11,mixed,0.3,0.1,13,0.2,1.4458333333333333,0.0125,0.503418612290541,1.1541666666666666,0.7
full_seed11_mixed_0p3_noise0p1_s13_a0p3_b0p8,11,mixed,0.3,0.1,13,0.3,1.4458333333333333,0.0125,0.503418612290541,1.1541666666666666,0.8
full_seed11_mixed_0p3_noise0p1_s5_a0p2_b0p7,11,mixed,0.3,0.1,5,0.2,1.1583333333333334,0.8083333333333333,0.7373967418979585,0.2291666666666666,0.7
full_seed11_mixed_0p3_noise0p1_s5_a0p3_b0p8,11,mixed,0.3,0.1,5,0.3,1.1583333333333334,0.8083333333333333,0.7373967418979585,0.2291666666666666,0.8
full_seed11_mixed_0p3_noise0p1_s9_a0p2_b0p7,11,mixed,0.3,0.1,9,0.2,1.5083333333333333,0.4041666666666667,0.6926975720370966,1.0,0.7
full_seed11_mixed_0p3_noise0p1_s9_a0p3_b0p8,11,mixed,0.3,0.1,9,0.3,1.5083333333333333,0.4041666666666667,0.6926975720370966,1.0,0.8
full_seed11_mixed_0p3_noise0p25_s13_a0p2_b0p7,11,mixed,0.3,0.25,13,0.2,1.8375,0.025,0.5120355722399964,2.058333333333333,0.7
full_seed11_mixed_0p3_noise0p25_s13_a0p3_b0p8,11,mixed,0.3,0.25,13,0.3,1.8375,0.025,0.5120355722399964,2.058333333333333,0.8
full_seed11_mixed_0p3_noise0p25_s5_a0p2_b0p7,11,mixed,0.3,0.25,5,0.2,1.2583333333333333,0.675,0.7172130730354946,0.3625,0.7
full_seed11_mixed_0p3_noise0p25_s5_a0p3_b0p8,11,mixed,0.3,0.25,5,0.3,1.2583333333333333,0.675,0.7172130730354946,0.3625,0.8
full_seed11_mixed_0p3_noise0p25_s9_a0p2_b0p7,11,mixed,0.3,0.25,9,0.2,1.675,0.5041666666666667,0.693382790656272,1.2916666666666667,0.7
full_seed11_mixed_0p3_noise0p25_s9_a0p3_b0p8,11,mixed,0.3,0.25,9,0.3,1.675,0.5041666666666667,0.693382790656272,1.2916666666666667,0.8
full_seed11_mixed_0p3_noise0p5_s13_a0p2_b0p7,11,mixed,0.3,0.5,13,0.2,2.158333333333333,0.0916666666666666,0.5394551324450425,4.1625,0.7
full_seed11_mixed_0p3_noise0p5_s13_a0p3_b0p8,11,mixed,0.3,0.5,13,0.3,2.158333333333333,0.0916666666666666,0.5394551324450425,4.1625,0.8
full_seed11_mixed_0p3_noise0p5_s5_a0p2_b0p7,11,mixed,0.3,0.5,5,0.2,1.4833333333333334,0.5625,0.6689633850408292,0.6541666666666667,0.7
full_seed11_mixed_0p3_noise0p5_s5_a0p3_b0p8,11,mixed,0.3,0.5,5,0.3,1.4833333333333334,0.5625,0.6689633850408292,0.6541666666666667,0.8
full_seed11_mixed_0p3_noise0p5_s9_a0p2_b0p7,11,mixed,0.3,0.5,9,0.2,1.9291666666666667,0.4708333333333333,0.6758588894753063,2.125,0.7
full_seed11_mixed_0p3_noise0p5_s9_a0p3_b0p8,11,mixed,0.3,0.5,9,0.3,1.9291666666666667,0.4708333333333333,0.6758588894753063,2.125,0.8
full_seed11_mixed_0p4_noise0p1_s13_a0p2_b0p7,11,mixed,0.4,0.1,13,0.2,1.4666666666666666,0.0458333333333333,0.5199745984831998,1.3333333333333333,0.7
full_seed11_mixed_0p4_noise0p1_s13_a0p3_b0p8,11,mixed,0.4,0.1,13,0.3,1.4666666666666666,0.0458333333333333,0.5199745984831998,1.3333333333333333,0.8
full_seed11_mixed_0p4_noise0p1_s5_a0p2_b0p7,11,mixed,0.4,0.1,5,0.2,1.1583333333333334,0.8083333333333333,0.7373967418979585,0.2291666666666666,0.7
full_seed11_mixed_0p4_noise0p1_s5_a0p3_b0p8,11,mixed,0.4,0.1,5,0.3,1.1583333333333334,0.8083333333333333,0.7373967418979585,0.2291666666666666,0.8
full_seed11_mixed_0p4_noise0p1_s9_a0p2_b0p7,11,mixed,0.4,0.1,9,0.2,1.4916666666666667,0.375,0.6748866556625381,1.0625,0.7
full_seed11_mixed_0p4_noise0p1_s9_a0p3_b0p8,11,mixed,0.4,0.1,9,0.3,1.4916666666666667,0.375,0.6748866556625381,1.0625,0.8
full_seed11_mixed_0p4_noise0p25_s13_a0p2_b0p7,11,mixed,0.4,0.25,13,0.2,1.8416666666666663,0.0416666666666666,0.5163973362351153,2.175,0.7
full_seed11_mixed_0p4_noise0p25_s13_a0p3_b0p8,11,mixed,0.4,0.25,13,0.3,1.8416666666666663,0.0416666666666666,0.5163973362351153,2.175,0.8
full_seed11_mixed_0p4_noise0p25_s5_a0p2_b0p7,11,mixed,0.4,0.25,5,0.2,1.2583333333333333,0.675,0.7172130730354946,0.3625,0.7
full_seed11_mixed_0p4_noise0p25_s5_a0p3_b0p8,11,mixed,0.4,0.25,5,0.3,1.2583333333333333,0.675,0.7172130730354946,0.3625,0.8
full_seed11_mixed_0p4_noise0p25_s9_a0p2_b0p7,11,mixed,0.4,0.25,9,0.2,1.6458333333333333,0.4625,0.668048073663365,1.3125,0.7
full_seed11_mixed_0p4_noise0p25_s9_a0p3_b0p8,11,mixed,0.4,0.25,9,0.3,1.6458333333333333,0.4625,0.668048073663365,1.3125,0.8
full_seed11_mixed_0p4_noise0p5_s13_a0p2_b0p7,11,mixed,0.4,0.5,13,0.2,2.154166666666667,0.1083333333333333,0.541258314518965,4.204166666666667,0.7
full_seed11_mixed_0p4_noise0p5_s13_a0p3_b0p8,11,mixed,0.4,0.5,13,0.3,2.154166666666667,0.1083333333333333,0.541258314518965,4.204166666666667,0.8
full_seed11_mixed_0p4_noise0p5_s5_a0p2_b0p7,11,mixed,0.4,0.5,5,0.2,1.4833333333333334,0.5625,0.6689633850408292,0.6541666666666667,0.7
full_seed11_mixed_0p4_noise0p5_s5_a0p3_b0p8,11,mixed,0.4,0.5,5,0.3,1.4833333333333334,0.5625,0.6689633850408292,0.6541666666666667,0.8
full_seed11_mixed_0p4_noise0p5_s9_a0p2_b0p7,11,mixed,0.4,0.5,9,0.2,1.8833333333333333,0.45,0.6527468686873282,2.083333333333333,0.7
full_seed11_mixed_0p4_noise0p5_s9_a0p3_b0p8,11,mixed,0.4,0.5,9,0.3,1.8833333333333333,0.45,0.6527468686873282,2.083333333333333,0.8
full_seed11_replay_0p0_noise0p1_s13_a0p2_b0p7,11,replay,0.0,0.1,13,0.2,1.1958333333333333,0.0,0.5025069206020495,0.225,0.7
full_seed11_replay_0p0_noise0p1_s13_a0p3_b0p8,11,replay,0.0,0.1,13,0.3,1.1958333333333333,0.0,0.5025069206020495,0.225,0.8
full_seed11_replay_0p0_noise0p1_s5_a0p2_b0p7,11,replay,0.0,0.1,5,0.2,1.0416666666666667,0.9166666666666666,0.7763632359153718,0.0458333333333333,0.7
full_seed11_replay_0p0_noise0p1_s5_a0p3_b0p8,11,replay,0.0,0.1,5,0.3,1.0416666666666667,0.9166666666666666,0.7763632359153718,0.0458333333333333,0.8
full_seed11_replay_0p0_noise0p1_s9_a0p2_b0p7,11,replay,0.0,0.1,9,0.2,1.3125,0.3708333333333333,0.6977603995756232,0.3583333333333333,0.7
full_seed11_replay_0p0_noise0p1_s9_a0p3_b0p8,11,replay,0.0,0.1,9,0.3,1.3125,0.3708333333333333,0.6977603995756232,0.3583333333333333,0.8
full_seed11_replay_0p0_noise0p25_s13_a0p2_b0p7,11,replay,0.0,0.25,13,0.2,1.7541666666666669,0.0125,0.5144469317326362,1.1791666666666667,0.7
full_seed11_replay_0p0_noise0p25_s13_a0p3_b0p8,11,replay,0.0,0.25,13,0.3,1.7541666666666669,0.0125,0.5144469317326362,1.1791666666666667,0.8
full_seed11_replay_0p0_noise0p25_s5_a0p2_b0p7,11,replay,0.0,0.25,5,0.2,1.1333333333333333,0.7458333333333333,0.7536569764179276,0.1541666666666666,0.7
full_seed11_replay_0p0_noise0p25_s5_a0p3_b0p8,11,replay,0.0,0.25,5,0.3,1.1333333333333333,0.7458333333333333,0.7536569764179276,0.1541666666666666,0.8
full_seed11_replay_0p0_noise0p25_s9_a0p2_b0p7,11,replay,0.0,0.25,9,0.2,1.5333333333333334,0.4791666666666667,0.6999778828082684,0.65,0.7
full_seed11_replay_0p0_noise0p25_s9_a0p3_b0p8,11,replay,0.0,0.25,9,0.3,1.5333333333333334,0.4791666666666667,0.6999778828082684,0.65,0.8
full_seed11_replay_0p0_noise0p5_s13_a0p2_b0p7,11,replay,0.0,0.5,13,0.2,2.154166666666667,0.1125,0.5640585021073838,3.4916666666666667,0.7
full_seed11_replay_0p0_noise0p5_s13_a0p3_b0p8,11,replay,0.0,0.5,13,0.3,2.154166666666667,0.1125,0.5640585021073838,3.4916666666666667,0.8
full_seed11_replay_0p0_noise0p5_s5_a0p2_b0p7,11,replay,0.0,0.5,5,0.2,1.475,0.6375,0.7267091697501897,0.6,0.7
full_seed11_replay_0p0_noise0p5_s5_a0p3_b0p8,11,replay,0.0,0.5,5,0.3,1.475,0.6375,0.7267091697501897,0.6,0.8
full_seed11_replay_0p0_noise0p5_s9_a0p2_b0p7,11,replay,0.0,0.5,9,0.2,1.9125,0.5208333333333334,0.7007536937778817,1.7583333333333333,0.7
full_seed11_replay_0p0_noise0p5_s9_a0p3_b0p8,11,replay,0.0,0.5,9,0.3,1.9125,0.5208333333333334,0.7007536937778817,1.7583333333333333,0.8
full_seed11_replay_0p1_noise0p1_s13_a0p2_b0p7,11,replay,0.1,0.1,13,0.2,1.1875,0.0,0.5024189158670825,0.2208333333333333,0.7
full_seed11_replay_0p1_noise0p1_s13_a0p3_b0p8,11,replay,0.1,0.1,13,0.3,1.1875,0.0,0.5024189158670825,0.2208333333333333,0.8
full_seed11_replay_0p1_noise0p1_s5_a0p2_b0p7,11,replay,0.1,0.1,5,0.2,1.0416666666666667,0.9166666666666666,0.7763632359153718,0.0458333333333333,0.7
full_seed11_replay_0p1_noise0p1_s5_a0p3_b0p8,11,replay,0.1,0.1,5,0.3,1.0416666666666667,0.9166666666666666,0.7763632359153718,0.0458333333333333,0.8
full_seed11_replay_0p1_noise0p1_s9_a0p2_b0p7,11,replay,0.1,0.1,9,0.2,1.3166666666666669,0.3791666666666666,0.6984611647987465,0.3625,0.7
full_seed11_replay_0p1_noise0p1_s9_a0p3_b0p8,11,replay,0.1,0.1,9,0.3,1.3166666666666669,0.3791666666666666,0.6984611647987465,0.3625,0.8
full_seed11_replay_0p1_noise0p25_s13_a0p2_b0p7,11,replay,0.1,0.25,13,0.2,1.7458333333333331,0.0125,0.5145187096647701,1.175,0.7
full_seed11_replay_0p1_noise0p25_s13_a0p3_b0p8,11,replay,0.1,0.25,13,0.3,1.7458333333333331,0.0125,0.5145187096647701,1.175,0.8
full_seed11_replay_0p1_noise0p25_s5_a0p2_b0p7,11,replay,0.1,0.25,5,0.2,1.1333333333333333,0.7458333333333333,0.7536569764179276,0.1541666666666666,0.7
full_seed11_replay_0p1_noise0p25_s5_a0p3_b0p8,11,replay,0.1,0.25,5,0.3,1.1333333333333333,0.7458333333333333,0.7536569764179276,0.1541666666666666,0.8
full_seed11_replay_0p1_noise0p25_s9_a0p2_b0p7,11,replay,0.1,0.25,9,0.2,1.55,0.4833333333333333,0.7015673068767186,0.6708333333333333,0.7
full_seed11_replay_0p1_noise0p25_s9_a0p3_b0p8,11,replay,0.1,0.25,9,0.3,1.55,0.4833333333333333,0.7015673068767186,0.6708333333333333,0.8
full_seed11_replay_0p1_noise0p5_s13_a0p2_b0p7,11,replay,0.1,0.5,13,0.2,2.158333333333333,0.0916666666666666,0.5603385914182771,3.4833333333333334,0.7
full_seed11_replay_0p1_noise0p5_s13_a0p3_b0p8,11,replay,0.1,0.5,13,0.3,2.158333333333333,0.0916666666666666,0.5603385914182771,3.4833333333333334,0.8
full_seed11_replay_0p1_noise0p5_s5_a0p2_b0p7,11,replay,0.1,0.5,5,0.2,1.475,0.6375,0.7267091697501897,0.6,0.7
full_seed11_replay_0p1_noise0p5_s5_a0p3_b0p8,11,replay,0.1,0.5,5,0.3,1.475,0.6375,0.7267091697501897,0.6,0.8
full_seed11_replay_0p1_noise0p5_s9_a0p2_b0p7,11,replay,0.1,0.5,9,0.2,1.8958333333333333,0.5,0.6991871313652975,1.7416666666666667,0.7
full_seed11_replay_0p1_noise0p5_s9_a0p3_b0p8,11,replay,0.1,0.5,9,0.3,1.8958333333333333,0.5,0.6991871313652975,1.7416666666666667,0.8
full_seed11_replay_0p2_noise0p1_s13_a0p2_b0p7,11,replay,0.2,0.1,13,0.2,1.1833333333333331,0.0,0.5025283876228621,0.2166666666666666,0.7
full_seed11_replay_0p2_noise0p1_s13_a0p3_b0p8,11,replay,0.2,0.1,13,0.3,1.1833333333333331,0.0,0.5025283876228621,0.2166666666666666,0.8
full_seed11_replay_0p2_noise0p1_s5_a0p2_b0p7,11,replay,0.2,0.1,5,0.2,1.0458333333333334,0.9166666666666666,0.7764644232537105,0.05,0.7
full_seed11_replay_0p2_noise0p1_s5_a0p3_b0p8,11,replay,0.2,0.1,5,0.3,1.0458333333333334,0.9166666666666666,0.7764644232537105,0.05,0.8
full_seed11_replay_0p2_noise0p1_s9_a0p2_b0p7,11,replay,0.2,0.1,9,0.2,1.3208333333333333,0.3791666666666666,0.6995761330657023,0.3666666666666666,0.7
full_seed11_replay_0p2_noise0p1_s9_a0p3_b0p8,11,replay,0.2,0.1,9,0.3,1.3208333333333333,0.3791666666666666,0.6995761330657023,0.3666666666666666,0.8
full_seed11_replay_0p2_noise0p25_s13_a0p2_b0p7,11,replay,0.2,0.25,13,0.2,1.7291666666666667,0.0083333333333333,0.5140811580435412,1.1416666666666666,0.7
full_seed11_replay_0p2_noise0p25_s13_a0p3_b0p8,11,replay,0.2,0.25,13,0.3,1.7291666666666667,0.0083333333333333,0.5140811580435412,1.1416666666666666,0.8
full_seed11_replay_0p2_noise0p25_s5_a0p2_b0p7,11,replay,0.2,0.25,5,0.2,1.1416666666666666,0.7583333333333333,0.7542678392266102,0.1583333333333333,0.7
full_seed11_replay_0p2_noise0p25_s5_a0p3_b0p8,11,replay,0.2,0.25,5,0.3,1.1416666666666666,0.7583333333333333,0.7542678392266102,0.1583333333333333,0.8
full_seed11_replay_0p2_noise0p25_s9_a0p2_b0p7,11,replay,0.2,0.25,9,0.2,1.5416666666666667,0.4958333333333333,0.700593087752978,0.6583333333333333,0.7
full_seed11_replay_0p2_noise0p25_s9_a0p3_b0p8,11,replay,0.2,0.25,9,0.3,1.5416666666666667,0.4958333333333333,0.700593087752978,0.6583333333333333,0.8
full_seed11_replay_0p2_noise0p5_s13_a0p2_b0p7,11,replay,0.2,0.5,13,0.2,2.1625,0.1083333333333333,0.5593979733623619,3.4375,0.7
full_seed11_replay_0p2_noise0p5_s13_a0p3_b0p8,11,replay,0.2,0.5,13,0.3,2.1625,0.1083333333333333,0.5593979733623619,3.4375,0.8
full_seed11_replay_0p2_noise0p5_s5_a0p2_b0p7,11,replay,0.2,0.5,5,0.2,1.475,0.6375,0.7220349743275926,0.5958333333333333,0.7
full_seed11_replay_0p2_noise0p5_s5_a0p3_b0p8,11,replay,0.2,0.5,5,0.3,1.475,0.6375,0.7220349743275926,0.5958333333333333,0.8
full_seed11_replay_0p2_noise0p5_s9_a0p2_b0p7,11,replay,0.2,0.5,9,0.2,1.8875,0.5,0.7000785770921619,1.7458333333333331,0.7
full_seed11_replay_0p2_noise0p5_s9_a0p3_b0p8,11,replay,0.2,0.5,9,0.3,1.8875,0.5,0.7000785770921619,1.7458333333333331,0.8
full_seed11_replay_0p3_noise0p1_s13_a0p2_b0p7,11,replay,0.3,0.1,13,0.2,1.1958333333333333,0.0,0.5027583066791352,0.2291666666666666,0.7
full_seed11_replay_0p3_noise0p1_s13_a0p3_b0p8,11,replay,0.3,0.1,13,0.3,1.1958333333333333,0.0,0.5027583066791352,0.2291666666666666,0.8
full_seed11_replay_0p3_noise0p1_s5_a0p2_b0p7,11,replay,0.3,0.1,5,0.2,1.0458333333333334,0.9125,0.7759081491953287,0.05,0.7
full_seed11_replay_0p3_noise0p1_s5_a0p3_b0p8,11,replay,0.3,0.1,5,0.3,1.0458333333333334,0.9125,0.7759081491953287,0.05,0.8
full_seed11_replay_0p3_noise0p1_s9_a0p2_b0p7,11,replay,0.3,0.1,9,0.2,1.3375,0.3875,0.7016341975997449,0.3833333333333333,0.7
full_seed11_replay_0p3_noise0p1_s9_a0p3_b0p8,11,replay,0.3,0.1,9,0.3,1.3375,0.3875,0.7016341975997449,0.3833333333333333,0.8
full_seed11_replay_0p3_noise0p25_s13_a0p2_b0p7,11,replay,0.3,0.25,13,0.2,1.75,0.0083333333333333,0.5149989975050641,1.1791666666666667,0.7
full_seed11_replay_0p3_noise0p25_s13_a0p3_b0p8,11,replay,0.3,0.25,13,0.3,1.75,0.0083333333333333,0.5149989975050641,1.1791666666666667,0.8
full_seed11_replay_0p3_noise0p25_s5_a0p2_b0p7,11,replay,0.3,0.25,5,0.2,1.1375,0.7375,0.7537448795251772,0.1625,0.7
full_seed11_replay_0p3_noise0p25_s5_a0p3_b0p8,11,replay,0.3,0.25,5,0.3,1.1375,0.7375,0.7537448795251772,0.1625,0.8
full_seed11_replay_0p3_noise0p25_s9_a0p2_b0p7,11,replay,0.3,0.25,9,0.2,1.5375,0.4875,0.6998491540947707,0.65,0.7
full_seed11_replay_0p3_noise0p25_s9_a0p3_b0p8,11,replay,0.3,0.25,9,0.3,1.5375,0.4875,0.6998491540947707,0.65,0.8
full_seed11_replay_0p3_noise0p5_s13_a0p2_b0p7,11,replay,0.3,0.5,13,0.2,2.154166666666667,0.0958333333333333,0.558925261152357,3.475,0.7
full_seed11_replay_0p3_noise0p5_s13_a0p3_b0p8,11,replay,0.3,0.5,13,0.3,2.154166666666667,0.0958333333333333,0.558925261152357,3.475,0.8
full_seed11_replay_0p3_noise0p5_s5_a0p2_b0p7,11,replay,0.3,0.5,5,0.2,1.4708333333333334,0.6291666666666667,0.7214254776936049,0.6041666666666666,0.7
full_seed11_replay_0p3_noise0p5_s5_a0p3_b0p8,11,replay,0.3,0.5,5,0.3,1.4708333333333334,0.6291666666666667,0.7214254776936049,0.6041666666666666,0.8
full_seed11_replay_0p3_noise0p5_s9_a0p2_b0p7,11,replay,0.3,0.5,9,0.2,1.8875,0.5083333333333333,0.6994226382931541,1.7208333333333334,0.7
full_seed11_replay_0p3_noise0p5_s9_a0p3_b0p8,11,replay,0.3,0.5,9,0.3,1.8875,0.5083333333333333,0.6994226382931541,1.7208333333333334,0.8
full_seed11_replay_0p4_noise0p1_s13_a0p2_b0p7,11,replay,0.4,0.1,13,0.2,1.2,0.0,0.5024458730160541,0.2333333333333333,0.7
full_seed11_replay_0p4_noise0p1_s13_a0p3_b0p8,11,replay,0.4,0.1,13,0.3,1.2,0.0,0.5024458730160541,0.2333333333333333,0.8
full_seed11_replay_0p4_noise0p1_s5_a0p2_b0p7,11,replay,0.4,0.1,5,0.2,1.0458333333333334,0.9125,0.7759081491953287,0.05,0.7
full_seed11_replay_0p4_noise0p1_s5_a0p3_b0p8,11,replay,0.4,0.1,5,0.3,1.0458333333333334,0.9125,0.7759081491953287,0.05,0.8
full_seed11_replay_0p4_noise0p1_s9_a0p2_b0p7,11,replay,0.4,0.1,9,0.2,1.3208333333333333,0.375,0.6994291814221547,0.3666666666666666,0.7
full_seed11_replay_0p4_noise0p1_s9_a0p3_b0p8,11,replay,0.4,0.1,9,0.3,1.3208333333333333,0.375,0.6994291814221547,0.3666666666666666,0.8
full_seed11_replay_0p4_noise0p25_s13_a0p2_b0p7,11,replay,0.4,0.25,13,0.2,1.775,0.0166666666666666,0.5161128567511906,1.2208333333333334,0.7
full_seed11_replay_0p4_noise0p25_s13_a0p3_b0p8,11,replay,0.4,0.25,13,0.3,1.775,0.0166666666666666,0.5161128567511906,1.2208333333333334,0.8
full_seed11_replay_0p4_noise0p25_s5_a0p2_b0p7,11,replay,0.4,0.25,5,0.2,1.1375,0.7375,0.7537448795251772,0.1625,0.7
full_seed11_replay_0p4_noise0p25_s5_a0p3_b0p8,11,replay,0.4,0.25,5,0.3,1.1375,0.7375,0.7537448795251772,0.1625,0.8
full_seed11_replay_0p4_noise0p25_s9_a0p2_b0p7,11,replay,0.4,0.25,9,0.2,1.5458333333333334,0.5,0.70085044257763,0.6541666666666667,0.7
full_seed11_replay_0p4_noise0p25_s9_a0p3_b0p8,11,replay,0.4,0.25,9,0.3,1.5458333333333334,0.5,0.70085044257763,0.6541666666666667,0.8
full_seed11_replay_0p4_noise0p5_s13_a0p2_b0p7,11,replay,0.4,0.5,13,0.2,2.1375,0.1041666666666666,0.5578873540876914,3.45,0.7
full_seed11_replay_0p4_noise0p5_s13_a0p3_b0p8,11,replay,0.4,0.5,13,0.3,2.1375,0.1041666666666666,0.5578873540876914,3.45,0.8
full_seed11_replay_0p4_noise0p5_s5_a0p2_b0p7,11,replay,0.4,0.5,5,0.2,1.4708333333333334,0.6291666666666667,0.7214254776936049,0.6041666666666666,0.7
full_seed11_replay_0p4_noise0p5_s5_a0p3_b0p8,11,replay,0.4,0.5,5,0.3,1.4708333333333334,0.6291666666666667,0.7214254776936049,0.6041666666666666,0.8
full_seed11_replay_0p4_noise0p5_s9_a0p2_b0p7,11,replay,0.4,0.5,9,0.2,1.8875,0.4958333333333333,0.6985305934343324,1.7,0.7
full_seed11_replay_0p4_noise0p5_s9_a0p3_b0p8,11,replay,0.4,0.5,9,0.3,1.8875,0.4958333333333333,0.6985305934343324,1.7,0.8
full_seed11_scaling_0p0_noise0p1_s13_a0p2_b0p7,11,scaling,0.0,0.1,13,0.2,1.1958333333333333,0.0,0.5025069206020495,0.225,0.7
full_seed11_scaling_0p0_noise0p1_s13_a0p3_b0p8,11,scaling,0.0,0.1,13,0.3,1.1958333333333333,0.0,0.5025069206020495,0.225,0.8
full_seed11_scaling_0p0_noise0p1_s5_a0p2_b0p7,11,scaling,0.0,0.1,5,0.2,1.0416666666666667,0.9166666666666666,0.7763632359153718,0.0458333333333333,0.7
full_seed11_scaling_0p0_noise0p1_s5_a0p3_b0p8,11,scaling,0.0,0.1,5,0.3,1.0416666666666667,0.9166666666666666,0.7763632359153718,0.0458333333333333,0.8
full_seed11_scaling_0p0_noise0p1_s9_a0p2_b0p7,11,scaling,0.0,0.1,9,0.2,1.3125,0.3708333333333333,0.6977603995756232,0.3583333333333333,0.7
full_seed11_scaling_0p0_noise0p1_s9_a0p3_b0p8,11,scaling,0.0,0.1,9,0.3,1.3125,0.3708333333333333,0.6977603995756232,0.3583333333333333,0.8
full_seed11_scaling_0p0_noise0p25_s13_a0p2_b0p7,11,scaling,0.0,0.25,13,0.2,1.7541666666666669,0.0125,0.5144469317326362,1.1791666666666667,0.7
full_seed11_scaling_0p0_noise0p25_s13_a0p3_b0p8,11,scaling,0.0,0.25,13,0.3,1.7541666666666669,0.0125,0.5144469317326362,1.1791666666666667,0.8
full_seed11_scaling_0p0_noise0p25_s5_a0p2_b0p7,11,scaling,0.0,0.25,5,0.2,1.1333333333333333,0.7458333333333333,0.7536569764179276,0.1541666666666666,0.7
full_seed11_scaling_0p0_noise0p25_s5_a0p3_b0p8,11,scaling,0.0,0.25,5,0.3,1.1333333333333333,0.7458333333333333,0.7536569764179276,0.1541666666666666,0.8
full_seed11_scaling_0p0_noise0p25_s9_a0p2_b0p7,11,scaling,0.0,0.25,9,0.2,1.5333333333333334,0.4791666666666667,0.6999778828082684,0.65,0.7
full_seed11_scaling_0p0_noise0p25_s9_a0p3_b0p8,11,scaling,0.0,0.25,9,0.3,1.5333333333333334,0.4791666666666667,0.6999778828082684,0.65,0.8
full_seed11_scaling_0p0_noise0p5_s13_a0p2_b0p7,11,scaling,0.0,0.5,13,0.2,2.154166666666667,0.1125,0.5640585021073838,3.4916666666666667,0.7
full_seed11_scaling_0p0_noise0p5_s13_a0p3_b0p8,11,scaling,0.0,0.5,13,0.3,2.154166666666667,0.1125,0.5640585021073838,3.4916666666666667,0.8
full_seed11_scaling_0p0_noise0p5_s5_a0p2_b0p7,11,scaling,0.0,0.5,5,0.2,1.475,0.6375,0.7267091697501897,0.6,0.7
full_seed11_scaling_0p0_noise0p5_s5_a0p3_b0p8,11,scaling,0.0,0.5,5,0.3,1.475,0.6375,0.7267091697501897,0.6,0.8
full_seed11_scaling_0p0_noise0p5_s9_a0p2_b0p7,11,scaling,0.0,0.5,9,0.2,1.9125,0.5208333333333334,0.7007536937778817,1.7583333333333333,0.7
full_seed11_scaling_0p0_noise0p5_s9_a0p3_b0p8,11,scaling,0.0,0.5,9,0.3,1.9125,0.5208333333333334,0.7007536937778817,1.7583333333333333,0.8
full_seed11_scaling_0p1_noise0p1_s13_a0p2_b0p7,11,scaling,0.1,0.1,13,0.2,1.225,0.0,0.5001935076018112,0.2625,0.7
full_seed11_scaling_0p1_noise0p1_s13_a0p3_b0p8,11,scaling,0.1,0.1,13,0.3,1.225,0.0,0.5001935076018112,0.2625,0.8
full_seed11_scaling_0p1_noise0p1_s5_a0p2_b0p7,11,scaling,0.1,0.1,5,0.2,1.0416666666666667,0.9166666666666666,0.7763632359153718,0.0458333333333333,0.7
full_seed11_scaling_0p1_noise0p1_s5_a0p3_b0p8,11,scaling,0.1,0.1,5,0.3,1.0416666666666667,0.9166666666666666,0.7763632359153718,0.0458333333333333,0.8
full_seed11_scaling_0p1_noise0p1_s9_a0p2_b0p7,11,scaling,0.1,0.1,9,0.2,1.3375,0.375,0.6968987930769165,0.3833333333333333,0.7
full_seed11_scaling_0p1_noise0p1_s9_a0p3_b0p8,11,scaling,0.1,0.1,9,0.3,1.3375,0.375,0.6968987930769165,0.3833333333333333,0.8
full_seed11_scaling_0p1_noise0p25_s13_a0p2_b0p7,11,scaling,0.1,0.25,13,0.2,1.7625,0.0125,0.512314278997722,1.1958333333333333,0.7
full_seed11_scaling_0p1_noise0p25_s13_a0p3_b0p8,11,scaling,0.1,0.25,13,0.3,1.7625,0.0125,0.512314278997722,1.1958333333333333,0.8
full_seed11_scaling_0p1_noise0p25_s5_a0p2_b0p7,11,scaling,0.1,0.25,5,0.2,1.1333333333333333,0.7458333333333333,0.7536569764179276,0.1541666666666666,0.7
full_seed11_scaling_0p1_noise0p25_s5_a0p3_b0p8,11,scaling,0.1,0.25,5,0.3,1.1333333333333333,0.7458333333333333,0.7536569764179276,0.1541666666666666,0.8
full_seed11_scaling_0p1_noise0p25_s9_a0p2_b0p7,11,scaling,0.1,0.25,9,0.2,1.5625,0.4833333333333333,0.6994243918926698,0.6875,0.7
full_seed11_scaling_0p1_noise0p25_s9_a0p3_b0p8,11,scaling,0.1,0.25,9,0.3,1.5625,0.4833333333333333,0.6994243918926698,0.6875,0.8
full_seed11_scaling_0p1_noise0p5_s13_a0p2_b0p7,11,scaling,0.1,0.5,13,0.2,2.1708333333333334,0.1083333333333333,0.5611187975573217,3.5166666666666666,0.7
full_seed11_scaling_0p1_noise0p5_s13_a0p3_b0p8,11,scaling,0.1,0.5,13,0.3,2.1708333333333334,0.1083333333333333,0.5611187975573217,3.5166666666666666,0.8
full_seed11_scaling_0p1_noise0p5_s5_a0p2_b0p7,11,scaling,0.1,0.5,5,0.2,1.475,0.6375,0.7267091697501897,0.6,0.7
full_seed11_scaling_0p1_noise0p5_s5_a0p3_b0p8,11,scaling,0.1,0.5,5,0.3,1.475,0.6375,0.7267091697501897,0.6,0.8
full_seed11_scaling_0p1_noise0p5_s9_a0p2_b0p7,11,scaling,0.1,0.5,9,0.2,1.9125,0.5083333333333333,0.69985236638055,1.7625,0.7
full_seed11_scaling_0p1_noise0p5_s9_a0p3_b0p8,11,scaling,0.1,0.5,9,0.3,1.9125,0.5083333333333333,0.69985236638055,1.7625,0.8
full_seed11_scaling_0p2_noise0p1_s13_a0p2_b0p7,11,scaling,0.2,0.1,13,0.2,1.2708333333333333,0.0,0.4963089313314713,0.3125,0.7
full_seed11_scaling_0p2_noise0p1_s13_a0p3_b0p8,11,scaling,0.2,0.1,13,0.3,1.2708333333333333,0.0,0.4963089313314713,0.3125,0.8
full_seed11_scaling_0p2_noise0p1_s5_a0p2_b0p7,11,scaling,0.2,0.1,5,0.2,1.0416666666666667,0.8583333333333333,0.7680805648170054,0.0458333333333333,0.7
full_seed11_scaling_0p2_noise0p1_s5_a0p3_b0p8,11,scaling,0.2,0.1,5,0.3,1.0416666666666667,0.8583333333333333,0.7680805648170054,0.0458333333333333,0.8
full_seed11_scaling_0p2_noise0p1_s9_a0p2_b0p7,11,scaling,0.2,0.1,9,0.2,1.3541666666666667,0.375,0.6941730434126684,0.4,0.7
full_seed11_scaling_0p2_noise0p1_s9_a0p3_b0p8,11,scaling,0.2,0.1,9,0.3,1.3541666666666667,0.375,0.6941730434126684,0.4,0.8
full_seed11_scaling_0p2_noise0p25_s13_a0p2_b0p7,11,scaling,0.2,0.25,13,0.2,1.775,0.0125,0.5085971394700682,1.2541666666666669,0.7
full_seed11_scaling_0p2_noise0p25_s13_a0p3_b0p8,11,scaling,0.2,0.25,13,0.3,1.775,0.0125,0.5085971394700682,1.2541666666666669,0.8
full_seed11_scaling_0p2_noise0p25_s5_a0p2_b0p7,11,scaling,0.2,0.25,5,0.2,1.1625,0.7291666666666666,0.7507518024826428,0.1833333333333333,0.7
full_seed11_scaling_0p2_noise0p25_s5_a0p3_b0p8,11,scaling,0.2,0.25,5,0.3,1.1625,0.7291666666666666,0.7507518024826428,0.1833333333333333,0.8
full_seed11_scaling_0p2_noise0p25_s9_a0p2_b0p7,11,scaling,0.2,0.25,9,0.2,1.6,0.4916666666666666,0.6991668780992801,0.7291666666666666,0.7
full_seed11_scaling_0p2_noise0p25_s9_a0p3_b0p8,11,scaling,0.2,0.25,9,0.3,1.6,0.4916666666666666,0.6991668780992801,0.7291666666666666,0.8
full_seed11_scaling_0p2_noise0p5_s13_a0p2_b0p7,11,scaling,0.2,0.5,13,0.2,2.1666666666666665,0.1125,0.5594303810291095,3.5875,0.7
full_seed11_scaling_0p2_noise0p5_s13_a0p3_b0p8,11,scaling,0.2,0.5,13,0.3,2.1666666666666665,0.1125,0.5594303810291095,3.5875,0.8
full_seed11_scaling_0p2_noise0p5_s5_a0p2_b0p7,11,scaling,0.2,0.5,5,0.2,1.4833333333333334,0.6458333333333334,0.7269988779717202,0.6166666666666667,0.7
full_seed11_scaling_0p2_noise0p5_s5_a0p3_b0p8,11,scaling,0.2,0.5,5,0.3,1.4833333333333334,0.6458333333333334,0.7269988779717202,0.6166666666666667,0.8
full_seed11_scaling_0p2_noise0p5_s9_a0p2_b0p7,11,scaling,0.2,0.5,9,0.2,1.9125,0.5,0.6982892712002116,1.7833333333333334,0.7
full_seed11_scaling_0p2_noise0p5_s9_a0p3_b0p8,11,scaling,0.2,0.5,9,0.3,1.9125,0.5,0.6982892712002116,1.7833333333333334,0.8
full_seed11_scaling_0p3_noise0p1_s13_a0p2_b0p7,11,scaling,0.3,0.1,13,0.2,1.2958333333333334,0.0,0.494132177332547,0.3375,0.7
full_seed11_scaling_0p3_noise0p1_s13_a0p3_b0p8,11,scaling,0.3,0.1,13,0.3,1.2958333333333334,0.0,0.494132177332547,0.3375,0.8
full_seed11_scaling_0p3_noise0p1_s5_a0p2_b0p7,11,scaling,0.3,0.1,5,0.2,1.0583333333333331,0.8541666666666666,0.7654617484005901,0.0625,0.7
full_seed11_scaling_0p3_noise0p1_s5_a0p3_b0p8,11,scaling,0.3,0.1,5,0.3,1.0583333333333331,0.8541666666666666,0.7654617484005901,0.0625,0.8
full_seed11_scaling_0p3_noise0p1_s9_a0p2_b0p7,11,scaling,0.3,0.1,9,0.2,1.3791666666666669,0.375,0.695450181621034,0.425,0.7
full_seed11_scaling_0p3_noise0p1_s9_a0p3_b0p8,11,scaling,0.3,0.1,9,0.3,1.3791666666666669,0.375,0.695450181621034,0.425,0.8
full_seed11_scaling_0p3_noise0p25_s13_a0p2_b0p7,11,scaling,0.3,0.25,13,0.2,1.7958333333333334,0.0125,0.5060496960818966,1.2958333333333334,0.7
full_seed11_scaling_0p3_noise0p25_s13_a0p3_b0p8,11,scaling,0.3,0.25,13,0.3,1.7958333333333334,0.0125,0.5060496960818966,1.2958333333333334,0.8
full_seed11_scaling_0p3_noise0p25_s5_a0p2_b0p7,11,scaling,0.3,0.25,5,0.2,1.1708333333333334,0.7291666666666666,0.749243090399588,0.1875,0.7
full_seed11_scaling_0p3_noise0p25_s5_a0p3_b0p8,11,scaling,0.3,0.25,5,0.3,1.1708333333333334,0.7291666666666666,0.749243090399588,0.1875,0.8
full_seed11_scaling_0p3_noise0p25_s9_a0p2_b0p7,11,scaling,0.3,0.25,9,0.2,1.6208333333333331,0.5,0.6994314688911011,0.7625,0.7
full_seed11_scaling_0p3_noise0p25_s9_a0p3_b0p8,11,scaling,0.3,0.25,9,0.3,1.6208333333333331,0.5,0.6994314688911011,0.7625,0.8
full_seed11_scaling_0p3_noise0p5_s13_a0p2_b0p7,11,scaling,0.3,0.5,13,0.2,2.1666666666666665,0.0958333333333333,0.5545721213209547,3.625,0.7
full_seed11_scaling_0p3_noise0p5_s13_a0p3_b0p8,11,scaling,0.3,0.5,13,0.3,2.1666666666666665,0.0958333333333333,0.5545721213209547,3.625,0.8
full_seed11_scaling_0p3_noise0p5_s5_a0p2_b0p7,11,scaling,0.3,0.5,5,0.2,1.5,0.65,0.7259323667033333,0.6375,0.7
full_seed11_scaling_0p3_noise0p5_s5_a0p3_b0p8,11,scaling,0.3,0.5,5,0.3,1.5,0.65,0.7259323667033333,0.6375,0.8
full_seed11_scaling_0p3_noise0p5_s9_a0p2_b0p7,11,scaling,0.3,0.5,9,0.2,1.9208333333333332,0.5208333333333334,0.6971481448315454,1.7916666666666667,0.7
full_seed11_scaling_0p3_noise0p5_s9_a0p3_b0p8,11,scaling,0.3,0.5,9,0.3,1.9208333333333332,0.5208333333333334,0.6971481448315454,1.7916666666666667,0.8
full_seed11_scaling_0p4_noise0p1_s13_a0p2_b0p7,11,scaling,0.4,0.1,13,0.2,1.325,0.0,0.4931559492132686,0.375,0.7
full_seed11_scaling_0p4_noise0p1_s13_a0p3_b0p8,11,scaling,0.4,0.1,13,0.3,1.325,0.0,0.4931559492132686,0.375,0.8
full_seed11_scaling_0p4_noise0p1_s5_a0p2_b0p7,11,scaling,0.4,0.1,5,0.2,1.0583333333333331,0.8541666666666666,0.7654617484005901,0.0625,0.7
full_seed11_scaling_0p4_noise0p1_s5_a0p3_b0p8,11,scaling,0.4,0.1,5,0.3,1.0583333333333331,0.8541666666666666,0.7654617484005901,0.0625,0.8
full_seed11_scaling_0p4_noise0p1_s9_a0p2_b0p7,11,scaling,0.4,0.1,9,0.2,1.4125,0.4041666666666667,0.696407775320259,0.4583333333333333,0.7
full_seed11_scaling_0p4_noise0p1_s9_a0p3_b0p8,11,scaling,0.4,0.1,9,0.3,1.4125,0.4041666666666667,0.696407775320259,0.4583333333333333,0.8
full_seed11_scaling_0p4_noise0p25_s13_a0p2_b0p7,11,scaling,0.4,0.25,13,0.2,1.8208333333333333,0.0083333333333333,0.5053569362041493,1.3333333333333333,0.7
full_seed11_scaling_0p4_noise0p25_s13_a0p3_b0p8,11,scaling,0.4,0.25,13,0.3,1.8208333333333333,0.0083333333333333,0.5053569362041493,1.3333333333333333,0.8
full_seed11_scaling_0p4_noise0p25_s5_a0p2_b0p7,11,scaling,0.4,0.25,5,0.2,1.1708333333333334,0.7291666666666666,0.749243090399588,0.1875,0.7
full_seed11_scaling_0p4_noise0p25_s5_a0p3_b0p8,11,scaling,0.4,0.25,5,0.3,1.1708333333333334,0.7291666666666666,0.749243090399588,0.1875,0.8
full_seed11_scaling_0p4_noise0p25_s9_a0p2_b0p7,11,scaling,0.4,0.25,9,0.2,1.6166666666666667,0.4958333333333333,0.6967487910306732,0.75,0.7
full_seed11_scaling_0p4_noise0p25_s9_a0p3_b0p8,11,scaling,0.4,0.25,9,0.3,1.6166666666666667,0.4958333333333333,0.6967487910306732,0.75,0.8
full_seed11_scaling_0p4_noise0p5_s13_a0p2_b0p7,11,scaling,0.4,0.5,13,0.2,2.1666666666666665,0.0916666666666666,0.5530833934969726,3.675,0.7
full_seed11_scaling_0p4_noise0p5_s13_a0p3_b0p8,11,scaling,0.4,0.5,13,0.3,2.1666666666666665,0.0916666666666666,0.5530833934969726,3.675,0.8
full_seed11_scaling_0p4_noise0p5_s5_a0p2_b0p7,11,scaling,0.4,0.5,5,0.2,1.5,0.65,0.7259323667033333,0.6375,0.7
full_seed11_scaling_0p4_noise0p5_s5_a0p3_b0p8,11,scaling,0.4,0.5,5,0.3,1.5,0.65,0.7259323667033333,0.6375,0.8
full_seed11_scaling_0p4_noise0p5_s9_a0p2_b0p7,11,scaling,0.4,0.5,9,0.2,1.9208333333333332,0.4958333333333333,0.6931723296692416,1.7916666666666667,0.7
full_seed11_scaling_0p4_noise0p5_s9_a0p3_b0p8,11,scaling,0.4,0.5,9,0.3,1.9208333333333332,0.4958333333333333,0.6931723296692416,1.7916666666666667,0.8
full_seed11_spike_0p0_noise0p1_s13_a0p2_b0p7,11,spike,0.0,0.1,13,0.2,1.1958333333333333,0.0,0.5025069206020495,0.225,0.7
full_seed11_spike_0p0_noise0p1_s13_a0p3_b0p8,11,spike,0.0,0.1,13,0.3,1.1958333333333333,0.0,0.5025069206020495,0.225,0.8
full_seed11_spike_0p0_noise0p1_s5_a0p2_b0p7,11,spike,0.0,0.1,5,0.2,1.0416666666666667,0.9166666666666666,0.7763632359153718,0.0458333333333333,0.7
full_seed11_spike_0p0_noise0p1_s5_a0p3_b0p8,11,spike,0.0,0.1,5,0.3,1.0416666666666667,0.9166666666666666,0.7763632359153718,0.0458333333333333,0.8
full_seed11_spike_0p0_noise0p1_s9_a0p2_b0p7,11,spike,0.0,0.1,9,0.2,1.3125,0.3708333333333333,0.6977603995756232,0.3583333333333333,0.7
full_seed11_spike_0p0_noise0p1_s9_a0p3_b0p8,11,spike,0.0,0.1,9,0.3,1.3125,0.3708333333333333,0.6977603995756232,0.3583333333333333,0.8
full_seed11_spike_0p0_noise0p25_s13_a0p2_b0p7,11,spike,0.0,0.25,13,0.2,1.7541666666666669,0.0125,0.5144469317326362,1.1791666666666667,0.7
full_seed11_spike_0p0_noise0p25_s13_a0p3_b0p8,11,spike,0.0,0.25,13,0.3,1.7541666666666669,0.0125,0.5144469317326362,1.1791666666666667,0.8
full_seed11_spike_0p0_noise0p25_s5_a0p2_b0p7,11,spike,0.0,0.25,5,0.2,1.1333333333333333,0.7458333333333333,0.7536569764179276,0.1541666666666666,0.7
full_seed11_spike_0p0_noise0p25_s5_a0p3_b0p8,11,spike,0.0,0.25,5,0.3,1.1333333333333333,0.7458333333333333,0.7536569764179276,0.1541666666666666,0.8
full_seed11_spike_0p0_noise0p25_s9_a0p2_b0p7,11,spike,0.0,0.25,9,0.2,1.5333333333333334,0.4791666666666667,0.6999778828082684,0.65,0.7
full_seed11_spike_0p0_noise0p25_s9_a0p3_b0p8,11,spike,0.0,0.25,9,0.3,1.5333333333333334,0.4791666666666667,0.6999778828082684,0.65,0.8
full_seed11_spike_0p0_noise0p5_s13_a0p2_b0p7,11,spike,0.0,0.5,13,0.2,2.154166666666667,0.1125,0.5640585021073838,3.4916666666666667,0.7
full_seed11_spike_0p0_noise0p5_s13_a0p3_b0p8,11,spike,0.0,0.5,13,0.3,2.154166666666667,0.1125,0.5640585021073838,3.4916666666666667,0.8
full_seed11_spike_0p0_noise0p5_s5_a0p2_b0p7,11,spike,0.0,0.5,5,0.2,1.475,0.6375,0.7267091697501897,0.6,0.7
full_seed11_spike_0p0_noise0p5_s5_a0p3_b0p8,11,spike,0.0,0.5,5,0.3,1.475,0.6375,0.7267091697501897,0.6,0.8
full_seed11_spike_0p0_noise0p5_s9_a0p2_b0p7,11,spike,0.0,0.5,9,0.2,1.9125,0.5208333333333334,0.7007536937778817,1.7583333333333333,0.7
full_seed11_spike_0p0_noise0p5_s9_a0p3_b0p8,11,spike,0.0,0.5,9,0.3,1.9125,0.5208333333333334,0.7007536937778817,1.7583333333333333,0.8
full_seed11_spike_0p1_noise0p1_s13_a0p2_b0p7,11,spike,0.1,0.1,13,0.2,1.5625,0.0,0.50034547381386,0.7125,0.7
full_seed11_spike_0p1_noise0p1_s13_a0p3_b0p8,11,spike,0.1,0.1,13,0.3,1.5625,0.0,0.50034547381386,0.7125,0.8
full_seed11_spike_0p1_noise0p1_s5_a0p2_b0p7,11,spike,0.1,0.1,5,0.2,1.0416666666666667,0.9166666666666666,0.7763632359153718,0.0458333333333333,0.7
full_seed11_spike_0p1_noise0p1_s5_a0p3_b0p8,11,spike,0.1,0.1,5,0.3,1.0416666666666667,0.9166666666666666,0.7763632359153718,0.0458333333333333,0.8
full_seed11_spike_0p1_noise0p1_s9_a0p2_b0p7,11,spike,0.1,0.1,9,0.2,1.6041666666666667,0.3916666666666666,0.7018017914405786,0.8291666666666667,0.7
full_seed11_spike_0p1_noise0p1_s9_a0p3_b0p8,11,spike,0.1,0.1,9,0.3,1.6041666666666667,0.3916666666666666,0.7018017914405786,0.8291666666666667,0.8
full_seed11_spike_0p1_noise0p25_s13_a0p2_b0p7,11,spike,0.1,0.25,13,0.2,1.8666666666666667,0.0083333333333333,0.510965261381765,1.65,0.7
full_seed11_spike_0p1_noise0p25_s13_a0p3_b0p8,11,spike,0.1,0.25,13,0.3,1.8666666666666667,0.0083333333333333,0.510965261381765,1.65,0.8
full_seed11_spike_0p1_noise0p25_s5_a0p2_b0p7,11,spike,0.1,0.25,5,0.2,1.1333333333333333,0.7458333333333333,0.7536569764179276,0.1541666666666666,0.7
full_seed11_spike_0p1_noise0p25_s5_a0p3_b0p8,11,spike,0.1,0.25,5,0.3,1.1333333333333333,0.7458333333333333,0.7536569764179276,0.1541666666666666,0.8
full_seed11_spike_0p1_noise0p25_s9_a0p2_b0p7,11,spike,0.1,0.25,9,0.2,1.7333333333333334,0.5125,0.7019097362409965,1.15,0.7
full_seed11_spike_0p1_noise0p25_s9_a0p3_b0p8,11,spike,0.1,0.25,9,0.3,1.7333333333333334,0.5125,0.7019097362409965,1.15,0.8
full_seed11_spike_0p1_noise0p5_s13_a0p2_b0p7,11,spike,0.1,0.5,13,0.2,2.120833333333333,0.0875,0.5519563269705329,3.9,0.7
full_seed11_spike_0p1_noise0p5_s13_a0p3_b0p8,11,spike,0.1,0.5,13,0.3,2.120833333333333,0.0875,0.5519563269705329,3.9,0.8
full_seed11_spike_0p1_noise0p5_s5_a0p2_b0p7,11,spike,0.1,0.5,5,0.2,1.475,0.6375,0.7267091697501897,0.6,0.7
full_seed11_spike_0p1_noise0p5_s5_a0p3_b0p8,11,spike,0.1,0.5,5,0.3,1.475,0.6375,0.7267091697501897,0.6,0.8
full_seed11_spike_0p1_noise0p5_s9_a0p2_b0p7,11,spike,0.1,0.5,9,0.2,1.9333333333333331,0.5333333333333333,0.702423552204733,2.2041666666666666,0.7
full_seed11_spike_0p1_noise0p5_s9_a0p3_b0p8,11,spike,0.1,0.5,9,0.3,1.9333333333333331,0.5333333333333333,0.702423552204733,2.2041666666666666,0.8
full_seed11_spike_0p2_noise0p1_s13_a0p2_b0p7,11,spike,0.2,0.1,13,0.2,1.575,0.0166666666666666,0.5093712466136097,1.7333333333333334,0.7
full_seed11_spike_0p2_noise0p1_s13_a0p3_b0p8,11,spike,0.2,0.1,13,0.3,1.575,0.0166666666666666,0.5093712466136097,1.7333333333333334,0.8
full_seed11_spike_0p2_noise0p1_s5_a0p2_b0p7,11,spike,0.2,0.1,5,0.2,1.4375,0.8958333333333334,0.7779650777628807,0.4708333333333333,0.7
full_seed11_spike_0p2_noise0p1_s5_a0p3_b0p8,11,spike,0.2,0.1,5,0.3,1.4375,0.8958333333333334,0.7779650777628807,0.4708333333333333,0.8
full_seed11_spike_0p2_noise0p1_s9_a0p2_b0p7,11,spike,0.2,0.1,9,0.2,1.6041666666666667,0.3916666666666666,0.6999081500002495,1.2875,0.7
full_seed11_spike_0p2_noise0p1_s9_a0p3_b0p8,11,spike,0.2,0.1,9,0.3,1.6041666666666667,0.3916666666666666,0.6999081500002495,1.2875,0.8
full_seed11_spike_0p2_noise0p25_s13_a0p2_b0p7,11,spike,0.2,0.25,13,0.2,1.875,0.0166666666666666,0.5137998256370256,2.658333333333333,0.7
full_seed11_spike_0p2_noise0p25_s13_a0p3_b0p8,11,spike,0.2,0.25,13,0.3,1.875,0.0166666666666666,0.5137998256370256,2.658333333333333,0.8
full_seed11_spike_0p2_noise0p25_s5_a0p2_b0p7,11,spike,0.2,0.25,5,0.2,1.4833333333333334,0.7666666666666667,0.7522827301620381,0.575,0.7
full_seed11_spike_0p2_noise0p25_s5_a0p3_b0p8,11,spike,0.2,0.25,5,0.3,1.4833333333333334,0.7666666666666667,0.7522827301620381,0.575,0.8
full_seed11_spike_0p2_noise0p25_s9_a0p2_b0p7,11,spike,0.2,0.25,9,0.2,1.7291666666666667,0.5375,0.7084606668785219,1.6916666666666669,0.7
full_seed11_spike_0p2_noise0p25_s9_a0p3_b0p8,11,spike,0.2,0.25,9,0.3,1.7291666666666667,0.5375,0.7084606668785219,1.6916666666666669,0.8
full_seed11_spike_0p2_noise0p5_s13_a0p2_b0p7,11,spike,0.2,0.5,13,0.2,2.075,0.0916666666666666,0.5389116123600969,4.583333333333333,0.7
full_seed11_spike_0p2_noise0p5_s13_a0p3_b0p8,11,spike,0.2,0.5,13,0.3,2.075,0.0916666666666666,0.5389116123600969,4.583333333333333,0.8
full_seed11_spike_0p2_noise0p5_s5_a0p2_b0p7,11,spike,0.2,0.5,5,0.2,1.5708333333333333,0.5958333333333333,0.6895257732663022,0.7833333333333333,0.7
full_seed11_spike_0p2_noise0p5_s5_a0p3_b0p8,11,spike,0.2,0.5,5,0.3,1.5708333333333333,0.5958333333333333,0.6895257732663022,0.7833333333333333,0.8
full_seed11_spike_0p2_noise0p5_s9_a0p2_b0p7,11,spike,0.2,0.5,9,0.2,1.9291666666666667,0.5666666666666667,0.7080636290345582,2.6875,0.7
full_seed11_spike_0p2_noise0p5_s9_a0p3_b0p8,11,spike,0.2,0.5,9,0.3,1.9291666666666667,0.5666666666666667,0.7080636290345582,2.6875,0.8
full_seed11_spike_0p3_noise0p1_s13_a0p2_b0p7,11,spike,0.3,0.1,13,0.2,1.5708333333333333,0.0458333333333333,0.528098855119963,2.2875,0.7
full_seed11_spike_0p3_noise0p1_s13_a0p3_b0p8,11,spike,0.3,0.1,13,0.3,1.5708333333333333,0.0458333333333333,0.528098855119963,2.2875,0.8
full_seed11_spike_0p3_noise0p1_s5_a0p2_b0p7,11,spike,0.3,0.1,5,0.2,1.3125,0.8166666666666667,0.7190382120579871,0.5916666666666667,0.7
full_seed11_spike_0p3_noise0p1_s5_a0p3_b0p8,11,spike,0.3,0.1,5,0.3,1.3125,0.8166666666666667,0.7190382120579871,0.5916666666666667,0.8
full_seed11_spike_0p3_noise0p1_s9_a0p2_b0p7,11,spike,0.3,0.1,9,0.2,1.6041666666666667,0.45,0.7098921140094341,1.8375,0.7
full_seed11_spike_0p3_noise0p1_s9_a0p3_b0p8,11,spike,0.3,0.1,9,0.3,1.6041666666666667,0.45,0.7098921140094341,1.8375,0.8
full_seed11_spike_0p3_noise0p25_s13_a0p2_b0p7,11,spike,0.3,0.25,13,0.2,1.8833333333333333,0.05,0.531849871554951,3.2041666666666666,0.7
full_seed11_spike_0p3_noise0p25_s13_a0p3_b0p8,11,spike,0.3,0.25,13,0.3,1.8833333333333333,0.05,0.531849871554951,3.2041666666666666,0.8
full_seed11_spike_0p3_noise0p25_s5_a0p2_b0p7,11,spike,0.3,0.25,5,0.2,1.3083333333333331,0.6583333333333333,0.6630619722076726,0.5291666666666667,0.7
full_seed11_spike_0p3_noise0p25_s5_a0p3_b0p8,11,spike,0.3,0.25,5,0.3,1.3083333333333331,0.6583333333333333,0.6630619722076726,0.5291666666666667,0.8
full_seed11_spike_0p3_noise0p25_s9_a0p2_b0p7,11,spike,0.3,0.25,9,0.2,1.7125,0.5541666666666667,0.7086452402405201,2.158333333333333,0.7
full_seed11_spike_0p3_noise0p25_s9_a0p3_b0p8,11,spike,0.3,0.25,9,0.3,1.7125,0.5541666666666667,0.7086452402405201,2.158333333333333,0.8
full_seed11_spike_0p3_noise0p5_s13_a0p2_b0p7,11,spike,0.3,0.5,13,0.2,2.0541666666666667,0.1125,0.5369189261771597,4.820833333333334,0.7
full_seed11_spike_0p3_noise0p5_s13_a0p3_b0p8,11,spike,0.3,0.5,13,0.3,2.0541666666666667,0.1125,0.5369189261771597,4.820833333333334,0.8
full_seed11_spike_0p3_noise0p5_s5_a0p2_b0p7,11,spike,0.3,0.5,5,0.2,1.3791666666666669,0.4791666666666667,0.5738810897302236,0.55,0.7
full_seed11_spike_0p3_noise0p5_s5_a0p3_b0p8,11,spike,0.3,0.5,5,0.3,1.3791666666666669,0.4791666666666667,0.5738810897302236,0.55,0.8
full_seed11_spike_0p3_noise0p5_s9_a0p2_b0p7,11,spike,0.3,0.5,9,0.2,1.875,0.5083333333333333,0.684983513482013,2.7625,0.7
full_seed11_spike_0p3_noise0p5_s9_a0p3_b0p8,11,spike,0.3,0.5,9,0.3,1.875,0.5083333333333333,0.684983513482013,2.7625,0.8
full_seed11_spike_0p4_noise0p1_s13_a0p2_b0p7,11,spike,0.4,0.1,13,0.2,1.6,0.15,0.5739463725224393,2.745833333333333,0.7
full_seed11_spike_0p4_noise0p1_s13_a0p3_b0p8,11,spike,0.4,0.1,13,0.3,1.6,0.15,0.5739463725224393,2.745833333333333,0.8
full_seed11_spike_0p4_noise0p1_s5_a0p2_b0p7,11,spike,0.4,0.1,5,0.2,1.3125,0.8166666666666667,0.7190382120579871,0.5916666666666667,0.7
full_seed11_spike_0p4_noise0p1_s5_a0p3_b0p8,11,spike,0.4,0.1,5,0.3,1.3125,0.8166666666666667,0.7190382120579871,0.5916666666666667,0.8
full_seed11_spike_0p4_noise0p1_s9_a0p2_b0p7,11,spike,0.4,0.1,9,0.2,1.5791666666666666,0.4333333333333333,0.6939325714814447,2.1791666666666667,0.7
full_seed11_spike_0p4_noise0p1_s9_a0p3_b0p8,11,spike,0.4,0.1,9,0.3,1.5791666666666666,0.4333333333333333,0.6939325714814447,2.1791666666666667,0.8
full_seed11_spike_0p4_noise0p25_s13_a0p2_b0p7,11,spike,0.4,0.25,13,0.2,1.9125,0.1333333333333333,0.5653171411481014,3.595833333333333,0.7
full_seed11_spike_0p4_noise0p25_s13_a0p3_b0p8,11,spike,0.4,0.25,13,0.3,1.9125,0.1333333333333333,0.5653171411481014,3.595833333333333,0.8
full_seed11_spike_0p4_noise0p25_s5_a0p2_b0p7,11,spike,0.4,0.25,5,0.2,1.3083333333333331,0.6583333333333333,0.6630619722076726,0.5291666666666667,0.7
full_seed11_spike_0p4_noise0p25_s5_a0p3_b0p8,11,spike,0.4,0.25,5,0.3,1.3083333333333331,0.6583333333333333,0.6630619722076726,0.5291666666666667,0.8
full_seed11_spike_0p4_noise0p25_s9_a0p2_b0p7,11,spike,0.4,0.25,9,0.2,1.6375,0.4833333333333333,0.6645773817325474,2.154166666666667,0.7
full_seed11_spike_0p4_noise0p25_s9_a0p3_b0p8,11,spike,0.4,0.25,9,0.3,1.6375,0.4833333333333333,0.6645773817325474,2.154166666666667,0.8
full_seed11_spike_0p4_noise0p5_s13_a0p2_b0p7,11,spike,0.4,0.5,13,0.2,2.0166666666666666,0.15,0.5334756382743481,4.816666666666666,0.7
full_seed11_spike_0p4_noise0p5_s13_a0p3_b0p8,11,spike,0.4,0.5,13,0.3,2.0166666666666666,0.15,0.5334756382743481,4.816666666666666,0.8
full_seed11_spike_0p4_noise0p5_s5_a0p2_b0p7,11,spike,0.4,0.5,5,0.2,1.3791666666666669,0.4791666666666667,0.5738810897302236,0.55,0.7
full_seed11_spike_0p4_noise0p5_s5_a0p3_b0p8,11,spike,0.4,0.5,5,0.3,1.3791666666666669,0.4791666666666667,0.5738810897302236,0.55,0.8
full_seed11_spike_0p4_noise0p5_s9_a0p2_b0p7,11,spike,0.4,0.5,9,0.2,1.7125,0.425,0.6015782430122821,2.120833333333333,0.7
full_seed11_spike_0p4_noise0p5_s9_a0p3_b0p8,11,spike,0.4,0.5,9,0.3,1.7125,0.425,0.6015782430122821,2.120833333333333,0.8
full_seed42_bias_0p0_noise0p1_s13_a0p2_b0p7,42,bias,0.0,0.1,13,0.2,1.2041666666666666,0.0,0.5035734388887586,0.2666666666666666,0.7
full_seed42_bias_0p0_noise0p1_s13_a0p3_b0p8,42,bias,0.0,0.1,13,0.3,1.2041666666666666,0.0,0.5035734388887586,0.2666666666666666,0.8
full_seed42_bias_0p0_noise0p1_s5_a0p2_b0p7,42,bias,0.0,0.1,5,0.2,1.0416666666666667,0.9333333333333332,0.7791833411723634,0.05,0.7
full_seed42_bias_0p0_noise0p1_s5_a0p3_b0p8,42,bias,0.0,0.1,5,0.3,1.0416666666666667,0.9333333333333332,0.7791833411723634,0.05,0.8
full_seed42_bias_0p0_noise0p1_s9_a0p2_b0p7,42,bias,0.0,0.1,9,0.2,1.3291666666666666,0.4166666666666667,0.7024600581518682,0.3916666666666666,0.7
full_seed42_bias_0p0_noise0p1_s9_a0p3_b0p8,42,bias,0.0,0.1,9,0.3,1.3291666666666666,0.4166666666666667,0.7024600581518682,0.3916666666666666,0.8
full_seed42_bias_0p0_noise0p25_s13_a0p2_b0p7,42,bias,0.0,0.25,13,0.2,1.7,0.0083333333333333,0.515114722802226,1.1625,0.7
full_seed42_bias_0p0_noise0p25_s13_a0p3_b0p8,42,bias,0.0,0.25,13,0.3,1.7,0.0083333333333333,0.515114722802226,1.1625,0.8
full_seed42_bias_0p0_noise0p25_s5_a0p2_b0p7,42,bias,0.0,0.25,5,0.2,1.0958333333333334,0.7708333333333334,0.7561931037192743,0.1125,0.7
full_seed42_bias_0p0_noise0p25_s5_a0p3_b0p8,42,bias,0.0,0.25,5,0.3,1.0958333333333334,0.7708333333333334,0.7561931037192743,0.1125,0.8
full_seed42_bias_0p0_noise0p25_s9_a0p2_b0p7,42,bias,0.0,0.25,9,0.2,1.5541666666666667,0.5083333333333333,0.707288596674865,0.7208333333333333,0.7
full_seed42_bias_0p0_noise0p25_s9_a0p3_b0p8,42,bias,0.0,0.25,9,0.3,1.5541666666666667,0.5083333333333333,0.707288596674865,0.7208333333333333,0.8
full_seed42_bias_0p0_noise0p5_s13_a0p2_b0p7,42,bias,0.0,0.5,13,0.2,2.158333333333333,0.1041666666666666,0.568073865126109,3.4458333333333333,0.7
full_seed42_bias_0p0_noise0p5_s13_a0p3_b0p8,42,bias,0.0,0.5,13,0.3,2.158333333333333,0.1041666666666666,0.568073865126109,3.4458333333333333,0.8
full_seed42_bias_0p0_noise0p5_s5_a0p2_b0p7,42,bias,0.0,0.5,5,0.2,1.4458333333333333,0.6333333333333333,0.727295443711369,0.5666666666666667,0.7
full_seed42_bias_0p0_noise0p5_s5_a0p3_b0p8,42,bias,0.0,0.5,5,0.3,1.4458333333333333,0.6333333333333333,0.727295443711369,0.5666666666666667,0.8
full_seed42_bias_0p0_noise0p5_s9_a0p2_b0p7,42,bias,0.0,0.5,9,0.2,1.8458333333333332,0.5,0.6981829151457247,1.6625,0.7
full_seed42_bias_0p0_noise0p5_s9_a0p3_b0p8,42,bias,0.0,0.5,9,0.3,1.8458333333333332,0.5,0.6981829151457247,1.6625,0.8
full_seed42_bias_0p1_noise0p1_s13_a0p2_b0p7,42,bias,0.1,0.1,13,0.2,1.5625,0.0041666666666666,0.5011738585216812,0.7458333333333333,0.7
full_seed42_bias_0p1_noise0p1_s13_a0p3_b0p8,42,bias,0.1,0.1,13,0.3,1.5625,0.0041666666666666,0.5011738585216812,0.7458333333333333,0.8
full_seed42_bias_0p1_noise0p1_s5_a0p2_b0p7,42,bias,0.1,0.1,5,0.2,1.0416666666666667,0.9333333333333332,0.7791833411723634,0.05,0.7
full_seed42_bias_0p1_noise0p1_s5_a0p3_b0p8,42,bias,0.1,0.1,5,0.3,1.0416666666666667,0.9333333333333332,0.7791833411723634,0.05,0.8
full_seed42_bias_0p1_noise0p1_s9_a0p2_b0p7,42,bias,0.1,0.1,9,0.2,1.5958333333333334,0.4125,0.7051463751471485,0.8375,0.7
full_seed42_bias_0p1_noise0p1_s9_a0p3_b0p8,42,bias,0.1,0.1,9,0.3,1.5958333333333334,0.4125,0.7051463751471485,0.8375,0.8
full_seed42_bias_0p1_noise0p25_s13_a0p2_b0p7,42,bias,0.1,0.25,13,0.2,1.8416666666666663,0.0125,0.5116193537876097,1.6625,0.7
full_seed42_bias_0p1_noise0p25_s13_a0p3_b0p8,42,bias,0.1,0.25,13,0.3,1.8416666666666663,0.0125,0.5116193537876097,1.6625,0.8
full_seed42_bias_0p1_noise0p25_s5_a0p2_b0p7,42,bias,0.1,0.25,5,0.2,1.0958333333333334,0.7708333333333334,0.7561931037192743,0.1125,0.7
full_seed42_bias_0p1_noise0p25_s5_a0p3_b0p8,42,bias,0.1,0.25,5,0.3,1.0958333333333334,0.7708333333333334,0.7561931037192743,0.1125,0.8
full_seed42_bias_0p1_noise0p25_s9_a0p2_b0p7,42,bias,0.1,0.25,9,0.2,1.7125,0.5125,0.7072436363891693,1.1916666666666669,0.7
full_seed42_bias_0p1_noise0p25_s9_a0p3_b0p8,42,bias,0.1,0.25,9,0.3,1.7125,0.5125,0.7072436363891693,1.1916666666666669,0.8
full_seed42_bias_0p1_noise0p5_s13_a0p2_b0p7,42,bias,0.1,0.5,13,0.2,2.158333333333333,0.1375,0.5675086251319322,3.966666666666667,0.7
full_seed42_bias_0p1_noise0p5_s13_a0p3_b0p8,42,bias,0.1,0.5,13,0.3,2.158333333333333,0.1375,0.5675086251319322,3.966666666666667,0.8
full_seed42_bias_0p1_noise0p5_s5_a0p2_b0p7,42,bias,0.1,0.5,5,0.2,1.4458333333333333,0.6333333333333333,0.727295443711369,0.5666666666666667,0.7
full_seed42_bias_0p1_noise0p5_s5_a0p3_b0p8,42,bias,0.1,0.5,5,0.3,1.4458333333333333,0.6333333333333333,0.727295443711369,0.5666666666666667,0.8
full_seed42_bias_0p1_noise0p5_s9_a0p2_b0p7,42,bias,0.1,0.5,9,0.2,1.8916666666666664,0.5208333333333334,0.7022663132488921,2.125,0.7
full_seed42_bias_0p1_noise0p5_s9_a0p3_b0p8,42,bias,0.1,0.5,9,0.3,1.8916666666666664,0.5208333333333334,0.7022663132488921,2.125,0.8
full_seed42_bias_0p2_noise0p1_s13_a0p2_b0p7,42,bias,0.2,0.1,13,0.2,1.7291666666666667,0.025,0.4921861509858286,1.5375,0.7
full_seed42_bias_0p2_noise0p1_s13_a0p3_b0p8,42,bias,0.2,0.1,13,0.3,1.7291666666666667,0.025,0.4921861509858286,1.5375,0.8
full_seed42_bias_0p2_noise0p1_s5_a0p2_b0p7,42,bias,0.2,0.1,5,0.2,1.4291666666666667,0.9125,0.780682169722086,0.475,0.7
full_seed42_bias_0p2_noise0p1_s5_a0p3_b0p8,42,bias,0.2,0.1,5,0.3,1.4291666666666667,0.9125,0.780682169722086,0.475,0.8
full_seed42_bias_0p2_noise0p1_s9_a0p2_b0p7,42,bias,0.2,0.1,9,0.2,1.6916666666666669,0.3833333333333333,0.6841694087483481,1.175,0.7
full_seed42_bias_0p2_noise0p1_s9_a0p3_b0p8,42,bias,0.2,0.1,9,0.3,1.6916666666666669,0.3833333333333333,0.6841694087483481,1.175,0.8
full_seed42_bias_0p2_noise0p25_s13_a0p2_b0p7,42,bias,0.2,0.25,13,0.2,2.0,0.0166666666666666,0.4928048096051711,2.504166666666667,0.7
full_seed42_bias_0p2_noise0p25_s13_a0p3_b0p8,42,bias,0.2,0.25,13,0.3,2.0,0.0166666666666666,0.4928048096051711,2.504166666666667,0.8
full_seed42_bias_0p2_noise0p25_s5_a0p2_b0p7,42,bias,0.2,0.25,5,0.2,1.4291666666666667,0.7833333333333333,0.7517370100280519,0.5208333333333334,0.7
full_seed42_bias_0p2_noise0p25_s5_a0p3_b0p8,42,bias,0.2,0.25,5,0.3,1.4291666666666667,0.7833333333333333,0.7517370100280519,0.5208333333333334,0.8
full_seed42_bias_0p2_noise0p25_s9_a0p2_b0p7,42,bias,0.2,0.25,9,0.2,1.8416666666666663,0.4916666666666666,0.6927234880130645,1.5625,0.7
full_seed42_bias_0p2_noise0p25_s9_a0p3_b0p8,42,bias,0.2,0.25,9,0.3,1.8416666666666663,0.4916666666666666,0.6927234880130645,1.5625,0.8
full_seed42_bias_0p2_noise0p5_s13_a0p2_b0p7,42,bias,0.2,0.5,13,0.2,2.279166666666667,0.1291666666666666,0.5428000844839272,4.729166666666667,0.7
full_seed42_bias_0p2_noise0p5_s13_a0p3_b0p8,42,bias,0.2,0.5,13,0.3,2.279166666666667,0.1291666666666666,0.5428000844839272,4.729166666666667,0.8
full_seed42_bias_0p2_noise0p5_s5_a0p2_b0p7,42,bias,0.2,0.5,5,0.2,1.6083333333333334,0.65,0.709027350055699,0.8416666666666667,0.7
full_seed42_bias_0p2_noise0p5_s5_a0p3_b0p8,42,bias,0.2,0.5,5,0.3,1.6083333333333334,0.65,0.709027350055699,0.8416666666666667,0.8
full_seed42_bias_0p2_noise0p5_s9_a0p2_b0p7,42,bias,0.2,0.5,9,0.2,1.9833333333333332,0.5333333333333333,0.6896215070116469,2.533333333333333,0.7
full_seed42_bias_0p2_noise0p5_s9_a0p3_b0p8,42,bias,0.2,0.5,9,0.3,1.9833333333333332,0.5333333333333333,0.6896215070116469,2.533333333333333,0.8
full_seed42_bias_0p3_noise0p1_s13_a0p2_b0p7,42,bias,0.3,0.1,13,0.2,1.8,0.0291666666666666,0.4857604602541788,1.8458333333333332,0.7
full_seed42_bias_0p3_noise0p1_s13_a0p3_b0p8,42,bias,0.3,0.1,13,0.3,1.8,0.0291666666666666,0.4857604602541788,1.8458333333333332,0.8
full_seed42_bias_0p3_noise0p1_s5_a0p2_b0p7,42,bias,0.3,0.1,5,0.2,1.3625,0.7083333333333334,0.6661183697231347,0.4791666666666667,0.7
full_seed42_bias_0p3_noise0p1_s5_a0p3_b0p8,42,bias,0.3,0.1,5,0.3,1.3625,0.7083333333333334,0.6661183697231347,0.4791666666666667,0.8
full_seed42_bias_0p3_noise0p1_s9_a0p2_b0p7,42,bias,0.3,0.1,9,0.2,1.7791666666666666,0.3291666666666666,0.6370419443400422,1.3916666666666666,0.7
full_seed42_bias_0p3_noise0p1_s9_a0p3_b0p8,42,bias,0.3,0.1,9,0.3,1.7791666666666666,0.3291666666666666,0.6370419443400422,1.3916666666666666,0.8
full_seed42_bias_0p3_noise0p25_s13_a0p2_b0p7,42,bias,0.3,0.25,13,0.2,2.0166666666666666,0.0208333333333333,0.4740756248641916,2.720833333333333,0.7
full_seed42_bias_0p3_noise0p25_s13_a0p3_b0p8,42,bias,0.3,0.25,13,0.3,2.0166666666666666,0.0208333333333333,0.4740756248641916,2.720833333333333,0.8
full_seed42_bias_0p3_noise0p25_s5_a0p2_b0p7,42,bias,0.3,0.25,5,0.2,1.4,0.6041666666666666,0.6433606751994121,0.5333333333333333,0.7
full_seed42_bias_0p3_noise0p25_s5_a0p3_b0p8,42,bias,0.3,0.25,5,0.3,1.4,0.6041666666666666,0.6433606751994121,0.5333333333333333,0.8
full_seed42_bias_0p3_noise0p25_s9_a0p2_b0p7,42,bias,0.3,0.25,9,0.2,1.875,0.4041666666666667,0.6421673277893165,1.775,0.7
full_seed42_bias_0p3_noise0p25_s9_a0p3_b0p8,42,bias,0.3,0.25,9,0.3,1.875,0.4041666666666667,0.6421673277893165,1.775,0.8
full_seed42_bias_0p3_noise0p5_s13_a0p2_b0p7,42,bias,0.3,0.5,13,0.2,2.3,0.1166666666666666,0.5147784243499182,4.879166666666666,0.7
full_seed42_bias_0p3_noise0p5_s13_a0p3_b0p8,42,bias,0.3,0.5,13,0.3,2.3,0.1166666666666666,0.5147784243499182,4.879166666666666,0.8
full_seed42_bias_0p3_noise0p5_s5_a0p2_b0p7,42,bias,0.3,0.5,5,0.2,1.5458333333333334,0.475,0.5946558843584139,0.75,0.7
full_seed42_bias_0p3_noise0p5_s5_a0p3_b0p8,42,bias,0.3,0.5,5,0.3,1.5458333333333334,0.475,0.5946558843584139,0.75,0.8
full_seed42_bias_0p3_noise0p5_s9_a0p2_b0p7,42,bias,0.3,0.5,9,0.2,2.033333333333333,0.4625,0.6419908532750193,2.6875,0.7
full_seed42_bias_0p3_noise0p5_s9_a0p3_b0p8,42,bias,0.3,0.5,9,0.3,2.033333333333333,0.4625,0.6419908532750193,2.6875,0.8
full_seed42_bias_0p4_noise0p1_s13_a0p2_b0p7,42,bias,0.4,0.1,13,0.2,1.7791666666666666,0.0375,0.4761123649090512,1.8375,0.7
full_seed42_bias_0p4_noise0p1_s13_a0p3_b0p8,42,bias,0.4,0.1,13,0.3,1.7791666666666666,0.0375,0.4761123649090512,1.8375,0.8
full_seed42_bias_0p4_noise0p1_s5_a0p2_b0p7,42,bias,0.4,0.1,5,0.2,1.3625,0.7083333333333334,0.6661183697231347,0.4791666666666667,0.7
full_seed42_bias_0p4_noise0p1_s5_a0p3_b0p8,42,bias,0.4,0.1,5,0.3,1.3625,0.7083333333333334,0.6661183697231347,0.4791666666666667,0.8
full_seed42_bias_0p4_noise0p1_s9_a0p2_b0p7,42,bias,0.4,0.1,9,0.2,1.7208333333333334,0.2708333333333333,0.5820523367492411,1.4083333333333334,0.7
full_seed42_bias_0p4_noise0p1_s9_a0p3_b0p8,42,bias,0.4,0.1,9,0.3,1.7208333333333334,0.2708333333333333,0.5820523367492411,1.4083333333333334,0.8
full_seed42_bias_0p4_noise0p25_s13_a0p2_b0p7,42,bias,0.4,0.25,13,0.2,2.0125,0.0291666666666666,0.4696674590036296,2.7375,0.7
full_seed42_bias_0p4_noise0p25_s13_a0p3_b0p8,42,bias,0.4,0.25,13,0.3,2.0125,0.0291666666666666,0.4696674590036296,2.7375,0.8
full_seed42_bias_0p4_noise0p25_s5_a0p2_b0p7,42,bias,0.4,0.25,5,0.2,1.4,0.6041666666666666,0.6433606751994121,0.5333333333333333,0.7
full_seed42_bias_0p4_noise0p25_s5_a0p3_b0p8,42,bias,0.4,0.25,5,0.3,1.4,0.6041666666666666,0.6433606751994121,0.5333333333333333,0.8
full_seed42_bias_0p4_noise0p25_s9_a0p2_b0p7,42,bias,0.4,0.25,9,0.2,1.8083333333333331,0.3333333333333333,0.5866925063773113,1.775,0.7
full_seed42_bias_0p4_noise0p25_s9_a0p3_b0p8,42,bias,0.4,0.25,9,0.3,1.8083333333333331,0.3333333333333333,0.5866925063773113,1.775,0.8
full_seed42_bias_0p4_noise0p5_s13_a0p2_b0p7,42,bias,0.4,0.5,13,0.2,2.275,0.1041666666666666,0.4921644369030158,4.866666666666666,0.7
full_seed42_bias_0p4_noise0p5_s13_a0p3_b0p8,42,bias,0.4,0.5,13,0.3,2.275,0.1041666666666666,0.4921644369030158,4.866666666666666,0.8
full_seed42_bias_0p4_noise0p5_s5_a0p2_b0p7,42,bias,0.4,0.5,5,0.2,1.5458333333333334,0.475,0.5946558843584139,0.75,0.7
full_seed42_bias_0p4_noise0p5_s5_a0p3_b0p8,42,bias,0.4,0.5,5,0.3,1.5458333333333334,0.475,0.5946558843584139,0.75,0.8
full_seed42_bias_0p4_noise0p5_s9_a0p2_b0p7,42,bias,0.4,0.5,9,0.2,2.0,0.3833333333333333,0.5851581064368269,2.716666666666667,0.7
full_seed42_bias_0p4_noise0p5_s9_a0p3_b0p8,42,bias,0.4,0.5,9,0.3,2.0,0.3833333333333333,0.5851581064368269,2.716666666666667,0.8
full_seed42_drift_0p0_noise0p1_s13_a0p2_b0p7,42,drift,0.0,0.1,13,0.2,1.2041666666666666,0.0,0.5035734388887586,0.2666666666666666,0.7
full_seed42_drift_0p0_noise0p1_s13_a0p3_b0p8,42,drift,0.0,0.1,13,0.3,1.2041666666666666,0.0,0.5035734388887586,0.2666666666666666,0.8
full_seed42_drift_0p0_noise0p1_s5_a0p2_b0p7,42,drift,0.0,0.1,5,0.2,1.0416666666666667,0.9333333333333332,0.7791833411723634,0.05,0.7
full_seed42_drift_0p0_noise0p1_s5_a0p3_b0p8,42,drift,0.0,0.1,5,0.3,1.0416666666666667,0.9333333333333332,0.7791833411723634,0.05,0.8
full_seed42_drift_0p0_noise0p1_s9_a0p2_b0p7,42,drift,0.0,0.1,9,0.2,1.3291666666666666,0.4166666666666667,0.7024600581518682,0.3916666666666666,0.7
full_seed42_drift_0p0_noise0p1_s9_a0p3_b0p8,42,drift,0.0,0.1,9,0.3,1.3291666666666666,0.4166666666666667,0.7024600581518682,0.3916666666666666,0.8
full_seed42_drift_0p0_noise0p25_s13_a0p2_b0p7,42,drift,0.0,0.25,13,0.2,1.7,0.0083333333333333,0.515114722802226,1.1625,0.7
full_seed42_drift_0p0_noise0p25_s13_a0p3_b0p8,42,drift,0.0,0.25,13,0.3,1.7,0.0083333333333333,0.515114722802226,1.1625,0.8
full_seed42_drift_0p0_noise0p25_s5_a0p2_b0p7,42,drift,0.0,0.25,5,0.2,1.0958333333333334,0.7708333333333334,0.7561931037192743,0.1125,0.7
full_seed42_drift_0p0_noise0p25_s5_a0p3_b0p8,42,drift,0.0,0.25,5,0.3,1.0958333333333334,0.7708333333333334,0.7561931037192743,0.1125,0.8
full_seed42_drift_0p0_noise0p25_s9_a0p2_b0p7,42,drift,0.0,0.25,9,0.2,1.5541666666666667,0.5083333333333333,0.707288596674865,0.7208333333333333,0.7
full_seed42_drift_0p0_noise0p25_s9_a0p3_b0p8,42,drift,0.0,0.25,9,0.3,1.5541666666666667,0.5083333333333333,0.707288596674865,0.7208333333333333,0.8
full_seed42_drift_0p0_noise0p5_s13_a0p2_b0p7,42,drift,0.0,0.5,13,0.2,2.158333333333333,0.1041666666666666,0.568073865126109,3.4458333333333333,0.7
full_seed42_drift_0p0_noise0p5_s13_a0p3_b0p8,42,drift,0.0,0.5,13,0.3,2.158333333333333,0.1041666666666666,0.568073865126109,3.4458333333333333,0.8
full_seed42_drift_0p0_noise0p5_s5_a0p2_b0p7,42,drift,0.0,0.5,5,0.2,1.4458333333333333,0.6333333333333333,0.727295443711369,0.5666666666666667,0.7
full_seed42_drift_0p0_noise0p5_s5_a0p3_b0p8,42,drift,0.0,0.5,5,0.3,1.4458333333333333,0.6333333333333333,0.727295443711369,0.5666666666666667,0.8
full_seed42_drift_0p0_noise0p5_s9_a0p2_b0p7,42,drift,0.0,0.5,9,0.2,1.8458333333333332,0.5,0.6981829151457247,1.6625,0.7
full_seed42_drift_0p0_noise0p5_s9_a0p3_b0p8,42,drift,0.0,0.5,9,0.3,1.8458333333333332,0.5,0.6981829151457247,1.6625,0.8
full_seed42_drift_0p1_noise0p1_s13_a0p2_b0p7,42,drift,0.1,0.1,13,0.2,1.3958333333333333,0.0,0.4964342980512677,0.5208333333333334,0.7
full_seed42_drift_0p1_noise0p1_s13_a0p3_b0p8,42,drift,0.1,0.1,13,0.3,1.3958333333333333,0.0,0.4964342980512677,0.5208333333333334,0.8
full_seed42_drift_0p1_noise0p1_s5_a0p2_b0p7,42,drift,0.1,0.1,5,0.2,1.0416666666666667,0.9333333333333332,0.7791833411723634,0.05,0.7
full_seed42_drift_0p1_noise0p1_s5_a0p3_b0p8,42,drift,0.1,0.1,5,0.3,1.0416666666666667,0.9333333333333332,0.7791833411723634,0.05,0.8
full_seed42_drift_0p1_noise0p1_s9_a0p2_b0p7,42,drift,0.1,0.1,9,0.2,1.4666666666666666,0.4,0.6980048715164474,0.6125,0.7
full_seed42_drift_0p1_noise0p1_s9_a0p3_b0p8,42,drift,0.1,0.1,9,0.3,1.4666666666666666,0.4,0.6980048715164474,0.6125,0.8
full_seed42_drift_0p1_noise0p25_s13_a0p2_b0p7,42,drift,0.1,0.25,13,0.2,1.7833333333333334,0.0083333333333333,0.5070163957554187,1.4125,0.7
full_seed42_drift_0p1_noise0p25_s13_a0p3_b0p8,42,drift,0.1,0.25,13,0.3,1.7833333333333334,0.0083333333333333,0.5070163957554187,1.4125,0.8
full_seed42_drift_0p1_noise0p25_s5_a0p2_b0p7,42,drift,0.1,0.25,5,0.2,1.0958333333333334,0.7708333333333334,0.7561931037192743,0.1125,0.7
full_seed42_drift_0p1_noise0p25_s5_a0p3_b0p8,42,drift,0.1,0.25,5,0.3,1.0958333333333334,0.7708333333333334,0.7561931037192743,0.1125,0.8
full_seed42_drift_0p1_noise0p25_s9_a0p2_b0p7,42,drift,0.1,0.25,9,0.2,1.6208333333333331,0.4833333333333333,0.6974344849734446,0.9333333333333332,0.7
full_seed42_drift_0p1_noise0p25_s9_a0p3_b0p8,42,drift,0.1,0.25,9,0.3,1.6208333333333331,0.4833333333333333,0.6974344849734446,0.9333333333333332,0.8
full_seed42_drift_0p1_noise0p5_s13_a0p2_b0p7,42,drift,0.1,0.5,13,0.2,2.1791666666666667,0.125,0.5625876575748404,3.7041666666666666,0.7
full_seed42_drift_0p1_noise0p5_s13_a0p3_b0p8,42,drift,0.1,0.5,13,0.3,2.1791666666666667,0.125,0.5625876575748404,3.7041666666666666,0.8
full_seed42_drift_0p1_noise0p5_s5_a0p2_b0p7,42,drift,0.1,0.5,5,0.2,1.4458333333333333,0.6333333333333333,0.727295443711369,0.5666666666666667,0.7
full_seed42_drift_0p1_noise0p5_s5_a0p3_b0p8,42,drift,0.1,0.5,5,0.3,1.4458333333333333,0.6333333333333333,0.727295443711369,0.5666666666666667,0.8
full_seed42_drift_0p1_noise0p5_s9_a0p2_b0p7,42,drift,0.1,0.5,9,0.2,1.875,0.4833333333333333,0.6895888545643266,1.8625,0.7
full_seed42_drift_0p1_noise0p5_s9_a0p3_b0p8,42,drift,0.1,0.5,9,0.3,1.875,0.4833333333333333,0.6895888545643266,1.8625,0.8
full_seed42_drift_0p2_noise0p1_s13_a0p2_b0p7,42,drift,0.2,0.1,13,0.2,1.5083333333333333,0.0083333333333333,0.4818813784801178,0.9333333333333332,0.7
full_seed42_drift_0p2_noise0p1_s13_a0p3_b0p8,42,drift,0.2,0.1,13,0.3,1.5083333333333333,0.0083333333333333,0.4818813784801178,0.9333333333333332,0.8
full_seed42_drift_0p2_noise0p1_s5_a0p2_b0p7,42,drift,0.2,0.1,5,0.2,1.2208333333333334,0.8458333333333333,0.7643200269975525,0.2458333333333333,0.7
full_seed42_drift_0p2_noise0p1_s5_a0p3_b0p8,42,drift,0.2,0.1,5,0.3,1.2208333333333334,0.8458333333333333,0.7643200269975525,0.2458333333333333,0.8
full_seed42_drift_0p2_noise0p1_s9_a0p2_b0p7,42,drift,0.2,0.1,9,0.2,1.5333333333333334,0.3958333333333333,0.6853267792836159,0.7833333333333333,0.7
full_seed42_drift_0p2_noise0p1_s9_a0p3_b0p8,42,drift,0.2,0.1,9,0.3,1.5333333333333334,0.3958333333333333,0.6853267792836159,0.7833333333333333,0.8
full_seed42_drift_0p2_noise0p25_s13_a0p2_b0p7,42,drift,0.2,0.25,13,0.2,1.875,0.0166666666666666,0.4873670432061779,1.8416666666666663,0.7
full_seed42_drift_0p2_noise0p25_s13_a0p3_b0p8,42,drift,0.2,0.25,13,0.3,1.875,0.0166666666666666,0.4873670432061779,1.8416666666666663,0.8
full_seed42_drift_0p2_noise0p25_s5_a0p2_b0p7,42,drift,0.2,0.25,5,0.2,1.2583333333333333,0.7166666666666667,0.7394591747217095,0.2958333333333333,0.7
full_seed42_drift_0p2_noise0p25_s5_a0p3_b0p8,42,drift,0.2,0.25,5,0.3,1.2583333333333333,0.7166666666666667,0.7394591747217095,0.2958333333333333,0.8
full_seed42_drift_0p2_noise0p25_s9_a0p2_b0p7,42,drift,0.2,0.25,9,0.2,1.6958333333333333,0.4416666666666666,0.6823140461343632,1.1,0.7
full_seed42_drift_0p2_noise0p25_s9_a0p3_b0p8,42,drift,0.2,0.25,9,0.3,1.6958333333333333,0.4416666666666666,0.6823140461343632,1.1,0.8
full_seed42_drift_0p2_noise0p5_s13_a0p2_b0p7,42,drift,0.2,0.5,13,0.2,2.220833333333333,0.1083333333333333,0.5373304968677088,4.091666666666667,0.7
full_seed42_drift_0p2_noise0p5_s13_a0p3_b0p8,42,drift,0.2,0.5,13,0.3,2.220833333333333,0.1083333333333333,0.5373304968677088,4.091666666666667,0.8
full_seed42_drift_0p2_noise0p5_s5_a0p2_b0p7,42,drift,0.2,0.5,5,0.2,1.5458333333333334,0.6291666666666667,0.710696548400648,0.7125,0.7
full_seed42_drift_0p2_noise0p5_s5_a0p3_b0p8,42,drift,0.2,0.5,5,0.3,1.5458333333333334,0.6291666666666667,0.710696548400648,0.7125,0.8
full_seed42_drift_0p2_noise0p5_s9_a0p2_b0p7,42,drift,0.2,0.5,9,0.2,1.9,0.4416666666666666,0.6732691549243941,2.0166666666666666,0.7
full_seed42_drift_0p2_noise0p5_s9_a0p3_b0p8,42,drift,0.2,0.5,9,0.3,1.9,0.4416666666666666,0.6732691549243941,2.0166666666666666,0.8
full_seed42_drift_0p3_noise0p1_s13_a0p2_b0p7,42,drift,0.3,0.1,13,0.2,1.5625,0.0083333333333333,0.4761228572751742,1.0666666666666669,0.7
full_seed42_drift_0p3_noise0p1_s13_a0p3_b0p8,42,drift,0.3,0.1,13,0.3,1.5625,0.0083333333333333,0.4761228572751742,1.0666666666666669,0.8
full_seed42_drift_0p3_noise0p1_s5_a0p2_b0p7,42,drift,0.3,0.1,5,0.2,1.2166666666666666,0.7208333333333333,0.7103563301661924,0.2708333333333333,0.7
full_seed42_drift_0p3_noise0p1_s5_a0p3_b0p8,42,drift,0.3,0.1,5,0.3,1.2166666666666666,0.7208333333333333,0.7103563301661924,0.2708333333333333,0.8
full_seed42_drift_0p3_noise0p1_s9_a0p2_b0p7,42,drift,0.3,0.1,9,0.2,1.5833333333333333,0.3416666666666667,0.6504231309827038,0.8541666666666666,0.7
full_seed42_drift_0p3_noise0p1_s9_a0p3_b0p8,42,drift,0.3,0.1,9,0.3,1.5833333333333333,0.3416666666666667,0.6504231309827038,0.8541666666666666,0.8
full_seed42_drift_0p3_noise0p25_s13_a0p2_b0p7,42,drift,0.3,0.25,13,0.2,1.9,0.0083333333333333,0.4730768537174268,1.9833333333333332,0.7
full_seed42_drift_0p3_noise0p25_s13_a0p3_b0p8,42,drift,0.3,0.25,13,0.3,1.9,0.0083333333333333,0.4730768537174268,1.9833333333333332,0.8
full_seed42_drift_0p3_noise0p25_s5_a0p2_b0p7,42,drift,0.3,0.25,5,0.2,1.2583333333333333,0.6416666666666667,0.6942050307121765,0.3208333333333333,0.7
full_seed42_drift_0p3_noise0p25_s5_a0p3_b0p8,42,drift,0.3,0.25,5,0.3,1.2583333333333333,0.6416666666666667,0.6942050307121765,0.3208333333333333,0.8
full_seed42_drift_0p3_noise0p25_s9_a0p2_b0p7,42,drift,0.3,0.25,9,0.2,1.7125,0.4041666666666667,0.6547911928774004,1.1791666666666667,0.7
full_seed42_drift_0p3_noise0p25_s9_a0p3_b0p8,42,drift,0.3,0.25,9,0.3,1.7125,0.4041666666666667,0.6547911928774004,1.1791666666666667,0.8
full_seed42_drift_0p3_noise0p5_s13_a0p2_b0p7,42,drift,0.3,0.5,13,0.2,2.275,0.1083333333333333,0.5219647117184805,4.233333333333333,0.7
full_seed42_drift_0p3_noise0p5_s13_a0p3_b0p8,42,drift,0.3,0.5,13,0.3,2.275,0.1083333333333333,0.5219647117184805,4.233333333333333,0.8
full_seed42_drift_0p3_noise0p5_s5_a0p2_b0p7,42,drift,0.3,0.5,5,0.2,1.4875,0.5208333333333334,0.6641452672358492,0.6333333333333333,0.7
full_seed42_drift_0p3_noise0p5_s5_a0p3_b0p8,42,drift,0.3,0.5,5,0.3,1.4875,0.5208333333333334,0.6641452672358492,0.6333333333333333,0.8
full_seed42_drift_0p3_noise0p5_s9_a0p2_b0p7,42,drift,0.3,0.5,9,0.2,1.95,0.425,0.6564054525707251,2.1875,0.7
full_seed42_drift_0p3_noise0p5_s9_a0p3_b0p8,42,drift,0.3,0.5,9,0.3,1.95,0.425,0.6564054525707251,2.1875,0.8
full_seed42_drift_0p4_noise0p1_s13_a0p2_b0p7,42,drift,0.4,0.1,13,0.2,1.5416666666666667,0.0083333333333333,0.4705152136746198,1.075,0.7
full_seed42_drift_0p4_noise0p1_s13_a0p3_b0p8,42,drift,0.4,0.1,13,0.3,1.5416666666666667,0.0083333333333333,0.4705152136746198,1.075,0.8
full_seed42_drift_0p4_noise0p1_s5_a0p2_b0p7,42,drift,0.4,0.1,5,0.2,1.2166666666666666,0.7208333333333333,0.7103563301661924,0.2708333333333333,0.7
full_seed42_drift_0p4_noise0p1_s5_a0p3_b0p8,42,drift,0.4,0.1,5,0.3,1.2166666666666666,0.7208333333333333,0.7103563301661924,0.2708333333333333,0.8
full_seed42_drift_0p4_noise0p1_s9_a0p2_b0p7,42,drift,0.4,0.1,9,0.2,1.575,0.3375,0.6333101810790598,0.825,0.7
full_seed42_drift_0p4_noise0p1_s9_a0p3_b0p8,42,drift,0.4,0.1,9,0.3,1.575,0.3375,0.6333101810790598,0.825,0.8
full_seed42_drift_0p4_noise0p25_s13_a0p2_b0p7,42,drift,0.4,0.25,13,0.2,1.9,0.0083333333333333,0.467856943841826,2.025,0.7
full_seed42_drift_0p4_noise0p25_s13_a0p3_b0p8,42,drift,0.4,0.25,13,0.3,1.9,0.0083333333333333,0.467856943841826,2.025,0.8
full_seed42_drift_0p4_noise0p25_s5_a0p2_b0p7,42,drift,0.4,0.25,5,0.2,1.2583333333333333,0.6416666666666667,0.6942050307121765,0.3208333333333333,0.7
full_seed42_drift_0p4_noise0p25_s5_a0p3_b0p8,42,drift,0.4,0.25,5,0.3,1.2583333333333333,0.6416666666666667,0.6942050307121765,0.3208333333333333,0.8
full_seed42_drift_0p4_noise0p25_s9_a0p2_b0p7,42,drift,0.4,0.25,9,0.2,1.7458333333333331,0.3916666666666666,0.641449444383826,1.2458333333333331,0.7
full_seed42_drift_0p4_noise0p25_s9_a0p3_b0p8,42,drift,0.4,0.25,9,0.3,1.7458333333333331,0.3916666666666666,0.641449444383826,1.2458333333333331,0.8
full_seed42_drift_0p4_noise0p5_s13_a0p2_b0p7,42,drift,0.4,0.5,13,0.2,2.254166666666667,0.1041666666666666,0.5136167394923122,4.279166666666667,0.7
full_seed42_drift_0p4_noise0p5_s13_a0p3_b0p8,42,drift,0.4,0.5,13,0.3,2.254166666666667,0.1041666666666666,0.5136167394923122,4.279166666666667,0.8
full_seed42_drift_0p4_noise0p5_s5_a0p2_b0p7,42,drift,0.4,0.5,5,0.2,1.4875,0.5208333333333334,0.6641452672358492,0.6333333333333333,0.7
full_seed42_drift_0p4_noise0p5_s5_a0p3_b0p8,42,drift,0.4,0.5,5,0.3,1.4875,0.5208333333333334,0.6641452672358492,0.6333333333333333,0.8
full_seed42_drift_0p4_noise0p5_s9_a0p2_b0p7,42,drift,0.4,0.5,9,0.2,1.9541666666666664,0.4041666666666667,0.6466157316880583,2.254166666666667,0.7
full_seed42_drift_0p4_noise0p5_s9_a0p3_b0p8,42,drift,0.4,0.5,9,0.3,1.9541666666666664,0.4041666666666667,0.6466157316880583,2.254166666666667,0.8
full_seed42_freeze_0p0_noise0p1_s13_a0p2_b0p7,42,freeze,0.0,0.1,13,0.2,1.2041666666666666,0.0,0.5035734388887586,0.2666666666666666,0.7
full_seed42_freeze_0p0_noise0p1_s13_a0p3_b0p8,42,freeze,0.0,0.1,13,0.3,1.2041666666666666,0.0,0.5035734388887586,0.2666666666666666,0.8
full_seed42_freeze_0p0_noise0p1_s5_a0p2_b0p7,42,freeze,0.0,0.1,5,0.2,1.0416666666666667,0.9333333333333332,0.7791833411723634,0.05,0.7
full_seed42_freeze_0p0_noise0p1_s5_a0p3_b0p8,42,freeze,0.0,0.1,5,0.3,1.0416666666666667,0.9333333333333332,0.7791833411723634,0.05,0.8
full_seed42_freeze_0p0_noise0p1_s9_a0p2_b0p7,42,freeze,0.0,0.1,9,0.2,1.3291666666666666,0.4166666666666667,0.7024600581518682,0.3916666666666666,0.7
full_seed42_freeze_0p0_noise0p1_s9_a0p3_b0p8,42,freeze,0.0,0.1,9,0.3,1.3291666666666666,0.4166666666666667,0.7024600581518682,0.3916666666666666,0.8
full_seed42_freeze_0p0_noise0p25_s13_a0p2_b0p7,42,freeze,0.0,0.25,13,0.2,1.7,0.0083333333333333,0.515114722802226,1.1625,0.7
full_seed42_freeze_0p0_noise0p25_s13_a0p3_b0p8,42,freeze,0.0,0.25,13,0.3,1.7,0.0083333333333333,0.515114722802226,1.1625,0.8
full_seed42_freeze_0p0_noise0p25_s5_a0p2_b0p7,42,freeze,0.0,0.25,5,0.2,1.0958333333333334,0.7708333333333334,0.7561931037192743,0.1125,0.7
full_seed42_freeze_0p0_noise0p25_s5_a0p3_b0p8,42,freeze,0.0,0.25,5,0.3,1.0958333333333334,0.7708333333333334,0.7561931037192743,0.1125,0.8
full_seed42_freeze_0p0_noise0p25_s9_a0p2_b0p7,42,freeze,0.0,0.25,9,0.2,1.5541666666666667,0.5083333333333333,0.707288596674865,0.7208333333333333,0.7
full_seed42_freeze_0p0_noise0p25_s9_a0p3_b0p8,42,freeze,0.0,0.25,9,0.3,1.5541666666666667,0.5083333333333333,0.707288596674865,0.7208333333333333,0.8
full_seed42_freeze_0p0_noise0p5_s13_a0p2_b0p7,42,freeze,0.0,0.5,13,0.2,2.158333333333333,0.1041666666666666,0.568073865126109,3.4458333333333333,0.7
full_seed42_freeze_0p0_noise0p5_s13_a0p3_b0p8,42,freeze,0.0,0.5,13,0.3,2.158333333333333,0.1041666666666666,0.568073865126109,3.4458333333333333,0.8
full_seed42_freeze_0p0_noise0p5_s5_a0p2_b0p7,42,freeze,0.0,0.5,5,0.2,1.4458333333333333,0.6333333333333333,0.727295443711369,0.5666666666666667,0.7
full_seed42_freeze_0p0_noise0p5_s5_a0p3_b0p8,42,freeze,0.0,0.5,5,0.3,1.4458333333333333,0.6333333333333333,0.727295443711369,0.5666666666666667,0.8
full_seed42_freeze_0p0_noise0p5_s9_a0p2_b0p7,42,freeze,0.0,0.5,9,0.2,1.8458333333333332,0.5,0.6981829151457247,1.6625,0.7
full_seed42_freeze_0p0_noise0p5_s9_a0p3_b0p8,42,freeze,0.0,0.5,9,0.3,1.8458333333333332,0.5,0.6981829151457247,1.6625,0.8
full_seed42_freeze_0p1_noise0p1_s13_a0p2_b0p7,42,freeze,0.1,0.1,13,0.2,1.2041666666666666,0.0,0.5057356000478768,0.2625,0.7
full_seed42_freeze_0p1_noise0p1_s13_a0p3_b0p8,42,freeze,0.1,0.1,13,0.3,1.2041666666666666,0.0,0.5057356000478768,0.2625,0.8
full_seed42_freeze_0p1_noise0p1_s5_a0p2_b0p7,42,freeze,0.1,0.1,5,0.2,1.0416666666666667,0.9333333333333332,0.7791833411723634,0.05,0.7
full_seed42_freeze_0p1_noise0p1_s5_a0p3_b0p8,42,freeze,0.1,0.1,5,0.3,1.0416666666666667,0.9333333333333332,0.7791833411723634,0.05,0.8
full_seed42_freeze_0p1_noise0p1_s9_a0p2_b0p7,42,freeze,0.1,0.1,9,0.2,1.325,0.425,0.699450009802208,0.3791666666666666,0.7
full_seed42_freeze_0p1_noise0p1_s9_a0p3_b0p8,42,freeze,0.1,0.1,9,0.3,1.325,0.425,0.699450009802208,0.3791666666666666,0.8
full_seed42_freeze_0p1_noise0p25_s13_a0p2_b0p7,42,freeze,0.1,0.25,13,0.2,1.7166666666666666,0.0083333333333333,0.5171898973538182,1.1708333333333334,0.7
full_seed42_freeze_0p1_noise0p25_s13_a0p3_b0p8,42,freeze,0.1,0.25,13,0.3,1.7166666666666666,0.0083333333333333,0.5171898973538182,1.1708333333333334,0.8
full_seed42_freeze_0p1_noise0p25_s5_a0p2_b0p7,42,freeze,0.1,0.25,5,0.2,1.0958333333333334,0.7708333333333334,0.7561931037192743,0.1125,0.7
full_seed42_freeze_0p1_noise0p25_s5_a0p3_b0p8,42,freeze,0.1,0.25,5,0.3,1.0958333333333334,0.7708333333333334,0.7561931037192743,0.1125,0.8
full_seed42_freeze_0p1_noise0p25_s9_a0p2_b0p7,42,freeze,0.1,0.25,9,0.2,1.5291666666666666,0.475,0.6979772192459521,0.675,0.7
full_seed42_freeze_0p1_noise0p25_s9_a0p3_b0p8,42,freeze,0.1,0.25,9,0.3,1.5291666666666666,0.475,0.6979772192459521,0.675,0.8
full_seed42_freeze_0p1_noise0p5_s13_a0p2_b0p7,42,freeze,0.1,0.5,13,0.2,2.1375,0.1041666666666666,0.5654194347962351,3.379166666666667,0.7
full_seed42_freeze_0p1_noise0p5_s13_a0p3_b0p8,42,freeze,0.1,0.5,13,0.3,2.1375,0.1041666666666666,0.5654194347962351,3.379166666666667,0.8
full_seed42_freeze_0p1_noise0p5_s5_a0p2_b0p7,42,freeze,0.1,0.5,5,0.2,1.4458333333333333,0.6333333333333333,0.727295443711369,0.5666666666666667,0.7
full_seed42_freeze_0p1_noise0p5_s5_a0p3_b0p8,42,freeze,0.1,0.5,5,0.3,1.4458333333333333,0.6333333333333333,0.727295443711369,0.5666666666666667,0.8
full_seed42_freeze_0p1_noise0p5_s9_a0p2_b0p7,42,freeze,0.1,0.5,9,0.2,1.8125,0.4625,0.6910774155369144,1.6166666666666667,0.7
full_seed42_freeze_0p1_noise0p5_s9_a0p3_b0p8,42,freeze,0.1,0.5,9,0.3,1.8125,0.4625,0.6910774155369144,1.6166666666666667,0.8
full_seed42_freeze_0p2_noise0p1_s13_a0p2_b0p7,42,freeze,0.2,0.1,13,0.2,1.1875,0.0,0.4991839542552704,0.2375,0.7
full_seed42_freeze_0p2_noise0p1_s13_a0p3_b0p8,42,freeze,0.2,0.1,13,0.3,1.1875,0.0,0.4991839542552704,0.2375,0.8
full_seed42_freeze_0p2_noise0p1_s5_a0p2_b0p7,42,freeze,0.2,0.1,5,0.2,1.0375,0.9333333333333332,0.7731127301345256,0.0458333333333333,0.7
full_seed42_freeze_0p2_noise0p1_s5_a0p3_b0p8,42,freeze,0.2,0.1,5,0.3,1.0375,0.9333333333333332,0.7731127301345256,0.0458333333333333,0.8
full_seed42_freeze_0p2_noise0p1_s9_a0p2_b0p7,42,freeze,0.2,0.1,9,0.2,1.3333333333333333,0.3958333333333333,0.6981364444592392,0.3833333333333333,0.7
full_seed42_freeze_0p2_noise0p1_s9_a0p3_b0p8,42,freeze,0.2,0.1,9,0.3,1.3333333333333333,0.3958333333333333,0.6981364444592392,0.3833333333333333,0.8
full_seed42_freeze_0p2_noise0p25_s13_a0p2_b0p7,42,freeze,0.2,0.25,13,0.2,1.6708333333333334,0.0083333333333333,0.5108041830824227,1.1041666666666667,0.7
full_seed42_freeze_0p2_noise0p25_s13_a0p3_b0p8,42,freeze,0.2,0.25,13,0.3,1.6708333333333334,0.0083333333333333,0.5108041830824227,1.1041666666666667,0.8
full_seed42_freeze_0p2_noise0p25_s5_a0p2_b0p7,42,freeze,0.2,0.25,5,0.2,1.0833333333333333,0.7625,0.7486579480519547,0.1,0.7
full_seed42_freeze_0p2_noise0p25_s5_a0p3_b0p8,42,freeze,0.2,0.25,5,0.3,1.0833333333333333,0.7625,0.7486579480519547,0.1,0.8
full_seed42_freeze_0p2_noise0p25_s9_a0p2_b0p7,42,freeze,0.2,0.25,9,0.2,1.525,0.475,0.6977840654596842,0.6666666666666666,0.7
full_seed42_freeze_0p2_noise0p25_s9_a0p3_b0p8,42,freeze,0.2,0.25,9,0.3,1.525,0.475,0.6977840654596842,0.6666666666666666,0.8
full_seed42_freeze_0p2_noise0p5_s13_a0p2_b0p7,42,freeze,0.2,0.5,13,0.2,2.145833333333333,0.1,0.560087663532126,3.3833333333333333,0.7
full_seed42_freeze_0p2_noise0p5_s13_a0p3_b0p8,42,freeze,0.2,0.5,13,0.3,2.145833333333333,0.1,0.560087663532126,3.3833333333333333,0.8
full_seed42_freeze_0p2_noise0p5_s5_a0p2_b0p7,42,freeze,0.2,0.5,5,0.2,1.4458333333333333,0.6208333333333333,0.7179854779506066,0.5458333333333333,0.7
full_seed42_freeze_0p2_noise0p5_s5_a0p3_b0p8,42,freeze,0.2,0.5,5,0.3,1.4458333333333333,0.6208333333333333,0.7179854779506066,0.5458333333333333,0.8
full_seed42_freeze_0p2_noise0p5_s9_a0p2_b0p7,42,freeze,0.2,0.5,9,0.2,1.825,0.45,0.6855961090687084,1.5916666666666666,0.7
full_seed42_freeze_0p2_noise0p5_s9_a0p3_b0p8,42,freeze,0.2,0.5,9,0.3,1.825,0.45,0.6855961090687084,1.5916666666666666,0.8
full_seed42_freeze_0p3_noise0p1_s13_a0p2_b0p7,42,freeze,0.3,0.1,13,0.2,1.175,0.0,0.498828190875621,0.225,0.7
full_seed42_freeze_0p3_noise0p1_s13_a0p3_b0p8,42,freeze,0.3,0.1,13,0.3,1.175,0.0,0.498828190875621,0.225,0.8
full_seed42_freeze_0p3_noise0p1_s5_a0p2_b0p7,42,freeze,0.3,0.1,5,0.2,1.0333333333333334,0.9166666666666666,0.7686545998967987,0.0416666666666666,0.7
full_seed42_freeze_0p3_noise0p1_s5_a0p3_b0p8,42,freeze,0.3,0.1,5,0.3,1.0333333333333334,0.9166666666666666,0.7686545998967987,0.0416666666666666,0.8
full_seed42_freeze_0p3_noise0p1_s9_a0p2_b0p7,42,freeze,0.3,0.1,9,0.2,1.3375,0.4,0.7006773836818418,0.3875,0.7
full_seed42_freeze_0p3_noise0p1_s9_a0p3_b0p8,42,freeze,0.3,0.1,9,0.3,1.3375,0.4,0.7006773836818418,0.3875,0.8
full_seed42_freeze_0p3_noise0p25_s13_a0p2_b0p7,42,freeze,0.3,0.25,13,0.2,1.6666666666666667,0.0083333333333333,0.5101358670670398,1.0958333333333334,0.7
full_seed42_freeze_0p3_noise0p25_s13_a0p3_b0p8,42,freeze,0.3,0.25,13,0.3,1.6666666666666667,0.0083333333333333,0.5101358670670398,1.0958333333333334,0.8
full_seed42_freeze_0p3_noise0p25_s5_a0p2_b0p7,42,freeze,0.3,0.25,5,0.2,1.0666666666666669,0.7375,0.7432707393958301,0.0791666666666666,0.7
full_seed42_freeze_0p3_noise0p25_s5_a0p3_b0p8,42,freeze,0.3,0.25,5,0.3,1.0666666666666669,0.7375,0.7432707393958301,0.0791666666666666,0.8
full_seed42_freeze_0p3_noise0p25_s9_a0p2_b0p7,42,freeze,0.3,0.25,9,0.2,1.5291666666666666,0.4875,0.6997068015636054,0.6583333333333333,0.7
full_seed42_freeze_0p3_noise0p25_s9_a0p3_b0p8,42,freeze,0.3,0.25,9,0.3,1.5291666666666666,0.4875,0.6997068015636054,0.6583333333333333,0.8
full_seed42_freeze_0p3_noise0p5_s13_a0p2_b0p7,42,freeze,0.3,0.5,13,0.2,2.158333333333333,0.1041666666666666,0.5608180478992569,3.4,0.7
full_seed42_freeze_0p3_noise0p5_s13_a0p3_b0p8,42,freeze,0.3,0.5,13,0.3,2.158333333333333,0.1041666666666666,0.5608180478992569,3.4,0.8
full_seed42_freeze_0p3_noise0p5_s5_a0p2_b0p7,42,freeze,0.3,0.5,5,0.2,1.4166666666666667,0.575,0.7114604950545631,0.5166666666666667,0.7
full_seed42_freeze_0p3_noise0p5_s5_a0p3_b0p8,42,freeze,0.3,0.5,5,0.3,1.4166666666666667,0.575,0.7114604950545631,0.5166666666666667,0.8
full_seed42_freeze_0p3_noise0p5_s9_a0p2_b0p7,42,freeze,0.3,0.5,9,0.2,1.8166666666666669,0.4666666666666667,0.6869238397384407,1.5916666666666666,0.7
full_seed42_freeze_0p3_noise0p5_s9_a0p3_b0p8,42,freeze,0.3,0.5,9,0.3,1.8166666666666669,0.4666666666666667,0.6869238397384407,1.5916666666666666,0.8
full_seed42_freeze_0p4_noise0p1_s13_a0p2_b0p7,42,freeze,0.4,0.1,13,0.2,1.1833333333333331,0.0,0.5014736802746966,0.2333333333333333,0.7
full_seed42_freeze_0p4_noise0p1_s13_a0p3_b0p8,42,freeze,0.4,0.1,13,0.3,1.1833333333333331,0.0,0.5014736802746966,0.2333333333333333,0.8
full_seed42_freeze_0p4_noise0p1_s5_a0p2_b0p7,42,freeze,0.4,0.1,5,0.2,1.0333333333333334,0.9166666666666666,0.7686545998967987,0.0416666666666666,0.7
full_seed42_freeze_0p4_noise0p1_s5_a0p3_b0p8,42,freeze,0.4,0.1,5,0.3,1.0333333333333334,0.9166666666666666,0.7686545998967987,0.0416666666666666,0.8
full_seed42_freeze_0p4_noise0p1_s9_a0p2_b0p7,42,freeze,0.4,0.1,9,0.2,1.3416666666666666,0.4041666666666667,0.7031720213455928,0.3916666666666666,0.7
full_seed42_freeze_0p4_noise0p1_s9_a0p3_b0p8,42,freeze,0.4,0.1,9,0.3,1.3416666666666666,0.4041666666666667,0.7031720213455928,0.3916666666666666,0.8
full_seed42_freeze_0p4_noise0p25_s13_a0p2_b0p7,42,freeze,0.4,0.25,13,0.2,1.6583333333333334,0.0041666666666666,0.5116164547504163,1.0583333333333331,0.7
full_seed42_freeze_0p4_noise0p25_s13_a0p3_b0p8,42,freeze,0.4,0.25,13,0.3,1.6583333333333334,0.0041666666666666,0.5116164547504163,1.0583333333333331,0.8
full_seed42_freeze_0p4_noise0p25_s5_a0p2_b0p7,42,freeze,0.4,0.25,5,0.2,1.0666666666666669,0.7375,0.7432707393958301,0.0791666666666666,0.7
full_seed42_freeze_0p4_noise0p25_s5_a0p3_b0p8,42,freeze,0.4,0.25,5,0.3,1.0666666666666669,0.7375,0.7432707393958301,0.0791666666666666,0.8
full_seed42_freeze_0p4_noise0p25_s9_a0p2_b0p7,42,freeze,0.4,0.25,9,0.2,1.5333333333333334,0.4791666666666667,0.7009559951841967,0.6541666666666667,0.7
full_seed42_freeze_0p4_noise0p25_s9_a0p3_b0p8,42,freeze,0.4,0.25,9,0.3,1.5333333333333334,0.4791666666666667,0.7009559951841967,0.6541666666666667,0.8
full_seed42_freeze_0p4_noise0p5_s13_a0p2_b0p7,42,freeze,0.4,0.5,13,0.2,2.1333333333333333,0.0916666666666666,0.5612318649924456,3.279166666666667,0.7
full_seed42_freeze_0p4_noise0p5_s13_a0p3_b0p8,42,freeze,0.4,0.5,13,0.3,2.1333333333333333,0.0916666666666666,0.5612318649924456,3.279166666666667,0.8
full_seed42_freeze_0p4_noise0p5_s5_a0p2_b0p7,42,freeze,0.4,0.5,5,0.2,1.4166666666666667,0.575,0.7114604950545631,0.5166666666666667,0.7
full_seed42_freeze_0p4_noise0p5_s5_a0p3_b0p8,42,freeze,0.4,0.5,5,0.3,1.4166666666666667,0.575,0.7114604950545631,0.5166666666666667,0.8
full_seed42_freeze_0p4_noise0p5_s9_a0p2_b0p7,42,freeze,0.4,0.5,9,0.2,1.825,0.475,0.6890729841220607,1.6,0.7
full_seed42_freeze_0p4_noise0p5_s9_a0p3_b0p8,42,freeze,0.4,0.5,9,0.3,1.825,0.475,0.6890729841220607,1.6,0.8
full_seed42_mixed_0p0_noise0p1_s13_a0p2_b0p7,42,mixed,0.0,0.1,13,0.2,1.2041666666666666,0.0,0.5035734388887586,0.2666666666666666,0.7
full_seed42_mixed_0p0_noise0p1_s13_a0p3_b0p8,42,mixed,0.0,0.1,13,0.3,1.2041666666666666,0.0,0.5035734388887586,0.2666666666666666,0.8
full_seed42_mixed_0p0_noise0p1_s5_a0p2_b0p7,42,mixed,0.0,0.1,5,0.2,1.0416666666666667,0.9333333333333332,0.7791833411723634,0.05,0.7
full_seed42_mixed_0p0_noise0p1_s5_a0p3_b0p8,42,mixed,0.0,0.1,5,0.3,1.0416666666666667,0.9333333333333332,0.7791833411723634,0.05,0.8
full_seed42_mixed_0p0_noise0p1_s9_a0p2_b0p7,42,mixed,0.0,0.1,9,0.2,1.3291666666666666,0.4166666666666667,0.7024600581518682,0.3916666666666666,0.7
full_seed42_mixed_0p0_noise0p1_s9_a0p3_b0p8,42,mixed,0.0,0.1,9,0.3,1.3291666666666666,0.4166666666666667,0.7024600581518682,0.3916666666666666,0.8
full_seed42_mixed_0p0_noise0p25_s13_a0p2_b0p7,42,mixed,0.0,0.25,13,0.2,1.7,0.0083333333333333,0.515114722802226,1.1625,0.7
full_seed42_mixed_0p0_noise0p25_s13_a0p3_b0p8,42,mixed,0.0,0.25,13,0.3,1.7,0.0083333333333333,0.515114722802226,1.1625,0.8
full_seed42_mixed_0p0_noise0p25_s5_a0p2_b0p7,42,mixed,0.0,0.25,5,0.2,1.0958333333333334,0.7708333333333334,0.7561931037192743,0.1125,0.7
full_seed42_mixed_0p0_noise0p25_s5_a0p3_b0p8,42,mixed,0.0,0.25,5,0.3,1.0958333333333334,0.7708333333333334,0.7561931037192743,0.1125,0.8
full_seed42_mixed_0p0_noise0p25_s9_a0p2_b0p7,42,mixed,0.0,0.25,9,0.2,1.5541666666666667,0.5083333333333333,0.707288596674865,0.7208333333333333,0.7
full_seed42_mixed_0p0_noise0p25_s9_a0p3_b0p8,42,mixed,0.0,0.25,9,0.3,1.5541666666666667,0.5083333333333333,0.707288596674865,0.7208333333333333,0.8
full_seed42_mixed_0p0_noise0p5_s13_a0p2_b0p7,42,mixed,0.0,0.5,13,0.2,2.158333333333333,0.1041666666666666,0.568073865126109,3.4458333333333333,0.7
full_seed42_mixed_0p0_noise0p5_s13_a0p3_b0p8,42,mixed,0.0,0.5,13,0.3,2.158333333333333,0.1041666666666666,0.568073865126109,3.4458333333333333,0.8
full_seed42_mixed_0p0_noise0p5_s5_a0p2_b0p7,42,mixed,0.0,0.5,5,0.2,1.4458333333333333,0.6333333333333333,0.727295443711369,0.5666666666666667,0.7
full_seed42_mixed_0p0_noise0p5_s5_a0p3_b0p8,42,mixed,0.0,0.5,5,0.3,1.4458333333333333,0.6333333333333333,0.727295443711369,0.5666666666666667,0.8
full_seed42_mixed_0p0_noise0p5_s9_a0p2_b0p7,42,mixed,0.0,0.5,9,0.2,1.8458333333333332,0.5,0.6981829151457247,1.6625,0.7
full_seed42_mixed_0p0_noise0p5_s9_a0p3_b0p8,42,mixed,0.0,0.5,9,0.3,1.8458333333333332,0.5,0.6981829151457247,1.6625,0.8
full_seed42_mixed_0p1_noise0p1_s13_a0p2_b0p7,42,mixed,0.1,0.1,13,0.2,1.4,0.0,0.4985958165612107,0.5166666666666667,0.7
full_seed42_mixed_0p1_noise0p1_s13_a0p3_b0p8,42,mixed,0.1,0.1,13,0.3,1.4,0.0,0.4985958165612107,0.5166666666666667,0.8
full_seed42_mixed_0p1_noise0p1_s5_a0p2_b0p7,42,mixed,0.1,0.1,5,0.2,1.0416666666666667,0.9333333333333332,0.7791833411723634,0.05,0.7
full_seed42_mixed_0p1_noise0p1_s5_a0p3_b0p8,42,mixed,0.1,0.1,5,0.3,1.0416666666666667,0.9333333333333332,0.7791833411723634,0.05,0.8
full_seed42_mixed_0p1_noise0p1_s9_a0p2_b0p7,42,mixed,0.1,0.1,9,0.2,1.4458333333333333,0.4166666666666667,0.7033467506532708,0.625,0.7
full_seed42_mixed_0p1_noise0p1_s9_a0p3_b0p8,42,mixed,0.1,0.1,9,0.3,1.4458333333333333,0.4166666666666667,0.7033467506532708,0.625,0.8
full_seed42_mixed_0p1_noise0p25_s13_a0p2_b0p7,42,mixed,0.1,0.25,13,0.2,1.7833333333333334,0.0083333333333333,0.5095766509967139,1.4125,0.7
full_seed42_mixed_0p1_noise0p25_s13_a0p3_b0p8,42,mixed,0.1,0.25,13,0.3,1.7833333333333334,0.0083333333333333,0.5095766509967139,1.4125,0.8
full_seed42_mixed_0p1_noise0p25_s5_a0p2_b0p7,42,mixed,0.1,0.25,5,0.2,1.0958333333333334,0.7708333333333334,0.7561931037192743,0.1125,0.7
full_seed42_mixed_0p1_noise0p25_s5_a0p3_b0p8,42,mixed,0.1,0.25,5,0.3,1.0958333333333334,0.7708333333333334,0.7561931037192743,0.1125,0.8
full_seed42_mixed_0p1_noise0p25_s9_a0p2_b0p7,42,mixed,0.1,0.25,9,0.2,1.6083333333333334,0.5041666666666667,0.7043691596773142,0.9458333333333332,0.7
full_seed42_mixed_0p1_noise0p25_s9_a0p3_b0p8,42,mixed,0.1,0.25,9,0.3,1.6083333333333334,0.5041666666666667,0.7043691596773142,0.9458333333333332,0.8
full_seed42_mixed_0p1_noise0p5_s13_a0p2_b0p7,42,mixed,0.1,0.5,13,0.2,2.1666666666666665,0.1208333333333333,0.5660849303947219,3.7083333333333335,0.7
full_seed42_mixed_0p1_noise0p5_s13_a0p3_b0p8,42,mixed,0.1,0.5,13,0.3,2.1666666666666665,0.1208333333333333,0.5660849303947219,3.7083333333333335,0.8
full_seed42_mixed_0p1_noise0p5_s5_a0p2_b0p7,42,mixed,0.1,0.5,5,0.2,1.4458333333333333,0.6333333333333333,0.727295443711369,0.5666666666666667,0.7
full_seed42_mixed_0p1_noise0p5_s5_a0p3_b0p8,42,mixed,0.1,0.5,5,0.3,1.4458333333333333,0.6333333333333333,0.727295443711369,0.5666666666666667,0.8
full_seed42_mixed_0p1_noise0p5_s9_a0p2_b0p7,42,mixed,0.1,0.5,9,0.2,1.8583333333333332,0.5166666666666667,0.6990712029727442,1.875,0.7
full_seed42_mixed_0p1_noise0p5_s9_a0p3_b0p8,42,mixed,0.1,0.5,9,0.3,1.8583333333333332,0.5166666666666667,0.6990712029727442,1.875,0.8
full_seed42_mixed_0p2_noise0p1_s13_a0p2_b0p7,42,mixed,0.2,0.1,13,0.2,1.4375,0.0083333333333333,0.4986959510440832,0.975,0.7
full_seed42_mixed_0p2_noise0p1_s13_a0p3_b0p8,42,mixed,0.2,0.1,13,0.3,1.4375,0.0083333333333333,0.4986959510440832,0.975,0.8
full_seed42_mixed_0p2_noise0p1_s5_a0p2_b0p7,42,mixed,0.2,0.1,5,0.2,1.1958333333333333,0.9,0.7751972560670308,0.225,0.7
full_seed42_mixed_0p2_noise0p1_s5_a0p3_b0p8,42,mixed,0.2,0.1,5,0.3,1.1958333333333333,0.9,0.7751972560670308,0.225,0.8
full_seed42_mixed_0p2_noise0p1_s9_a0p2_b0p7,42,mixed,0.2,0.1,9,0.2,1.475,0.4208333333333333,0.7006324816690658,0.825,0.7
full_seed42_mixed_0p2_noise0p1_s9_a0p3_b0p8,42,mixed,0.2,0.1,9,0.3,1.475,0.4208333333333333,0.7006324816690658,0.825,0.8
full_seed42_mixed_0p2_noise0p25_s13_a0p2_b0p7,42,mixed,0.2,0.25,13,0.2,1.8083333333333331,0.0083333333333333,0.5069670008620845,1.9041666666666663,0.7
full_seed42_mixed_0p2_noise0p25_s13_a0p3_b0p8,42,mixed,0.2,0.25,13,0.3,1.8083333333333331,0.0083333333333333,0.5069670008620845,1.9041666666666663,0.8
full_seed42_mixed_0p2_noise0p25_s5_a0p2_b0p7,42,mixed,0.2,0.25,5,0.2,1.2458333333333331,0.7583333333333333,0.7518750512297798,0.3,0.7
full_seed42_mixed_0p2_noise0p25_s5_a0p3_b0p8,42,mixed,0.2,0.25,5,0.3,1.2458333333333331,0.7583333333333333,0.7518750512297798,0.3,0.8
full_seed42_mixed_0p2_noise0p25_s9_a0p2_b0p7,42,mixed,0.2,0.25,9,0.2,1.6291666666666669,0.5125,0.7038132937873268,1.1583333333333334,0.7
full_seed42_mixed_0p2_noise0p25_s9_a0p3_b0p8,42,mixed,0.2,0.25,9,0.3,1.6291666666666669,0.5125,0.7038132937873268,1.1583333333333334,0.8
full_seed42_mixed_0p2_noise0p5_s13_a0p2_b0p7,42,mixed,0.2,0.5,13,0.2,2.158333333333333,0.1125,0.5564011877761331,4.104166666666667,0.7
full_seed42_mixed_0p2_noise0p5_s13_a0p3_b0p8,42,mixed,0.2,0.5,13,0.3,2.158333333333333,0.1125,0.5564011877761331,4.104166666666667,0.8
full_seed42_mixed_0p2_noise0p5_s5_a0p2_b0p7,42,mixed,0.2,0.5,5,0.2,1.5208333333333333,0.6375,0.7155392835340687,0.6708333333333333,0.7
full_seed42_mixed_0p2_noise0p5_s5_a0p3_b0p8,42,mixed,0.2,0.5,5,0.3,1.5208333333333333,0.6375,0.7155392835340687,0.6708333333333333,0.8
full_seed42_mixed_0p2_noise0p5_s9_a0p2_b0p7,42,mixed,0.2,0.5,9,0.2,1.8666666666666667,0.525,0.6937919471373791,2.0458333333333334,0.7
full_seed42_mixed_0p2_noise0p5_s9_a0p3_b0p8,42,mixed,0.2,0.5,9,0.3,1.8666666666666667,0.525,0.6937919471373791,2.0458333333333334,0.8
full_seed42_mixed_0p3_noise0p1_s13_a0p2_b0p7,42,mixed,0.3,0.1,13,0.2,1.45,0.0166666666666666,0.504454386980092,1.2083333333333333,0.7
full_seed42_mixed_0p3_noise0p1_s13_a0p3_b0p8,42,mixed,0.3,0.1,13,0.3,1.45,0.0166666666666666,0.504454386980092,1.2083333333333333,0.8
full_seed42_mixed_0p3_noise0p1_s5_a0p2_b0p7,42,mixed,0.3,0.1,5,0.2,1.1291666666666669,0.825,0.7295367533677812,0.2,0.7
full_seed42_mixed_0p3_noise0p1_s5_a0p3_b0p8,42,mixed,0.3,0.1,5,0.3,1.1291666666666669,0.825,0.7295367533677812,0.2,0.8
full_seed42_mixed_0p3_noise0p1_s9_a0p2_b0p7,42,mixed,0.3,0.1,9,0.2,1.4666666666666666,0.4,0.6879012513443286,0.9666666666666668,0.7
full_seed42_mixed_0p3_noise0p1_s9_a0p3_b0p8,42,mixed,0.3,0.1,9,0.3,1.4666666666666666,0.4,0.6879012513443286,0.9666666666666668,0.8
full_seed42_mixed_0p3_noise0p25_s13_a0p2_b0p7,42,mixed,0.3,0.25,13,0.2,1.8208333333333333,0.0166666666666666,0.5060028691422863,2.1083333333333334,0.7
full_seed42_mixed_0p3_noise0p25_s13_a0p3_b0p8,42,mixed,0.3,0.25,13,0.3,1.8208333333333333,0.0166666666666666,0.5060028691422863,2.1083333333333334,0.8
full_seed42_mixed_0p3_noise0p25_s5_a0p2_b0p7,42,mixed,0.3,0.25,5,0.2,1.1958333333333333,0.7083333333333334,0.7143589616239752,0.2916666666666667,0.7
full_seed42_mixed_0p3_noise0p25_s5_a0p3_b0p8,42,mixed,0.3,0.25,5,0.3,1.1958333333333333,0.7083333333333334,0.7143589616239752,0.2916666666666667,0.8
full_seed42_mixed_0p3_noise0p25_s9_a0p2_b0p7,42,mixed,0.3,0.25,9,0.2,1.6375,0.475,0.6906736162107968,1.3041666666666667,0.7
full_seed42_mixed_0p3_noise0p25_s9_a0p3_b0p8,42,mixed,0.3,0.25,9,0.3,1.6375,0.475,0.6906736162107968,1.3041666666666667,0.8
full_seed42_mixed_0p3_noise0p5_s13_a0p2_b0p7,42,mixed,0.3,0.5,13,0.2,2.183333333333333,0.1083333333333333,0.5484474965101149,4.3,0.7
full_seed42_mixed_0p3_noise0p5_s13_a0p3_b0p8,42,mixed,0.3,0.5,13,0.3,2.183333333333333,0.1083333333333333,0.5484474965101149,4.3,0.8
full_seed42_mixed_0p3_noise0p5_s5_a0p2_b0p7,42,mixed,0.3,0.5,5,0.2,1.475,0.5833333333333334,0.6779105244081176,0.6416666666666667,0.7
full_seed42_mixed_0p3_noise0p5_s5_a0p3_b0p8,42,mixed,0.3,0.5,5,0.3,1.475,0.5833333333333334,0.6779105244081176,0.6416666666666667,0.8
full_seed42_mixed_0p3_noise0p5_s9_a0p2_b0p7,42,mixed,0.3,0.5,9,0.2,1.8708333333333331,0.4958333333333333,0.680985522971771,2.1333333333333333,0.7
full_seed42_mixed_0p3_noise0p5_s9_a0p3_b0p8,42,mixed,0.3,0.5,9,0.3,1.8708333333333331,0.4958333333333333,0.680985522971771,2.1333333333333333,0.8
full_seed42_mixed_0p4_noise0p1_s13_a0p2_b0p7,42,mixed,0.4,0.1,13,0.2,1.4666666666666666,0.05,0.5160814317998503,1.3875,0.7
full_seed42_mixed_0p4_noise0p1_s13_a0p3_b0p8,42,mixed,0.4,0.1,13,0.3,1.4666666666666666,0.05,0.5160814317998503,1.3875,0.8
full_seed42_mixed_0p4_noise0p1_s5_a0p2_b0p7,42,mixed,0.4,0.1,5,0.2,1.1291666666666669,0.825,0.7295367533677812,0.2,0.7
full_seed42_mixed_0p4_noise0p1_s5_a0p3_b0p8,42,mixed,0.4,0.1,5,0.3,1.1291666666666669,0.825,0.7295367533677812,0.2,0.8
full_seed42_mixed_0p4_noise0p1_s9_a0p2_b0p7,42,mixed,0.4,0.1,9,0.2,1.4458333333333333,0.375,0.6669626428615537,1.0,0.7
full_seed42_mixed_0p4_noise0p1_s9_a0p3_b0p8,42,mixed,0.4,0.1,9,0.3,1.4458333333333333,0.375,0.6669626428615537,1.0,0.8
full_seed42_mixed_0p4_noise0p25_s13_a0p2_b0p7,42,mixed,0.4,0.25,13,0.2,1.8333333333333333,0.0333333333333333,0.5138794108350299,2.2291666666666665,0.7
full_seed42_mixed_0p4_noise0p25_s13_a0p3_b0p8,42,mixed,0.4,0.25,13,0.3,1.8333333333333333,0.0333333333333333,0.5138794108350299,2.2291666666666665,0.8
full_seed42_mixed_0p4_noise0p25_s5_a0p2_b0p7,42,mixed,0.4,0.25,5,0.2,1.1958333333333333,0.7083333333333334,0.7143589616239752,0.2916666666666667,0.7
full_seed42_mixed_0p4_noise0p25_s5_a0p3_b0p8,42,mixed,0.4,0.25,5,0.3,1.1958333333333333,0.7083333333333334,0.7143589616239752,0.2916666666666667,0.8
full_seed42_mixed_0p4_noise0p25_s9_a0p2_b0p7,42,mixed,0.4,0.25,9,0.2,1.5833333333333333,0.4375,0.6656378986173297,1.2375,0.7
full_seed42_mixed_0p4_noise0p25_s9_a0p3_b0p8,42,mixed,0.4,0.25,9,0.3,1.5833333333333333,0.4375,0.6656378986173297,1.2375,0.8
full_seed42_mixed_0p4_noise0p5_s13_a0p2_b0p7,42,mixed,0.4,0.5,13,0.2,2.183333333333333,0.1,0.5440002650787102,4.216666666666667,0.7
full_seed42_mixed_0p4_noise0p5_s13_a0p3_b0p8,42,mixed,0.4,0.5,13,0.3,2.183333333333333,0.1,0.5440002650787102,4.216666666666667,0.8
full_seed42_mixed_0p4_noise0p5_s5_a0p2_b0p7,42,mixed,0.4,0.5,5,0.2,1.475,0.5833333333333334,0.6779105244081176,0.6416666666666667,0.7
full_seed42_mixed_0p4_noise0p5_s5_a0p3_b0p8,42,mixed,0.4,0.5,5,0.3,1.475,0.5833333333333334,0.6779105244081176,0.6416666666666667,0.8
full_seed42_mixed_0p4_noise0p5_s9_a0p2_b0p7,42,mixed,0.4,0.5,9,0.2,1.8291666666666664,0.4583333333333333,0.6557280406610277,2.058333333333333,0.7
full_seed42_mixed_0p4_noise0p5_s9_a0p3_b0p8,42,mixed,0.4,0.5,9,0.3,1.8291666666666664,0.4583333333333333,0.6557280406610277,2.058333333333333,0.8
full_seed42_replay_0p0_noise0p1_s13_a0p2_b0p7,42,replay,0.0,0.1,13,0.2,1.2041666666666666,0.0,0.5035734388887586,0.2666666666666666,0.7
full_seed42_replay_0p0_noise0p1_s13_a0p3_b0p8,42,replay,0.0,0.1,13,0.3,1.2041666666666666,0.0,0.5035734388887586,0.2666666666666666,0.8
full_seed42_replay_0p0_noise0p1_s5_a0p2_b0p7,42,replay,0.0,0.1,5,0.2,1.0416666666666667,0.9333333333333332,0.7791833411723634,0.05,0.7
full_seed42_replay_0p0_noise0p1_s5_a0p3_b0p8,42,replay,0.0,0.1,5,0.3,1.0416666666666667,0.9333333333333332,0.7791833411723634,0.05,0.8
full_seed42_replay_0p0_noise0p1_s9_a0p2_b0p7,42,replay,0.0,0.1,9,0.2,1.3291666666666666,0.4166666666666667,0.7024600581518682,0.3916666666666666,0.7
full_seed42_replay_0p0_noise0p1_s9_a0p3_b0p8,42,replay,0.0,0.1,9,0.3,1.3291666666666666,0.4166666666666667,0.7024600581518682,0.3916666666666666,0.8
full_seed42_replay_0p0_noise0p25_s13_a0p2_b0p7,42,replay,0.0,0.25,13,0.2,1.7,0.0083333333333333,0.515114722802226,1.1625,0.7
full_seed42_replay_0p0_noise0p25_s13_a0p3_b0p8,42,replay,0.0,0.25,13,0.3,1.7,0.0083333333333333,0.515114722802226,1.1625,0.8
full_seed42_replay_0p0_noise0p25_s5_a0p2_b0p7,42,replay,0.0,0.25,5,0.2,1.0958333333333334,0.7708333333333334,0.7561931037192743,0.1125,0.7
full_seed42_replay_0p0_noise0p25_s5_a0p3_b0p8,42,replay,0.0,0.25,5,0.3,1.0958333333333334,0.7708333333333334,0.7561931037192743,0.1125,0.8
full_seed42_replay_0p0_noise0p25_s9_a0p2_b0p7,42,replay,0.0,0.25,9,0.2,1.5541666666666667,0.5083333333333333,0.707288596674865,0.7208333333333333,0.7
full_seed42_replay_0p0_noise0p25_s9_a0p3_b0p8,42,replay,0.0,0.25,9,0.3,1.5541666666666667,0.5083333333333333,0.707288596674865,0.7208333333333333,0.8
full_seed42_replay_0p0_noise0p5_s13_a0p2_b0p7,42,replay,0.0,0.5,13,0.2,2.158333333333333,0.1041666666666666,0.568073865126109,3.4458333333333333,0.7
full_seed42_replay_0p0_noise0p5_s13_a0p3_b0p8,42,replay,0.0,0.5,13,0.3,2.158333333333333,0.1041666666666666,0.568073865126109,3.4458333333333333,0.8
full_seed42_replay_0p0_noise0p5_s5_a0p2_b0p7,42,replay,0.0,0.5,5,0.2,1.4458333333333333,0.6333333333333333,0.727295443711369,0.5666666666666667,0.7
full_seed42_replay_0p0_noise0p5_s5_a0p3_b0p8,42,replay,0.0,0.5,5,0.3,1.4458333333333333,0.6333333333333333,0.727295443711369,0.5666666666666667,0.8
full_seed42_replay_0p0_noise0p5_s9_a0p2_b0p7,42,replay,0.0,0.5,9,0.2,1.8458333333333332,0.5,0.6981829151457247,1.6625,0.7
full_seed42_replay_0p0_noise0p5_s9_a0p3_b0p8,42,replay,0.0,0.5,9,0.3,1.8458333333333332,0.5,0.6981829151457247,1.6625,0.8
full_seed42_replay_0p1_noise0p1_s13_a0p2_b0p7,42,replay,0.1,0.1,13,0.2,1.2083333333333333,0.0,0.5035609691604424,0.2625,0.7
full_seed42_replay_0p1_noise0p1_s13_a0p3_b0p8,42,replay,0.1,0.1,13,0.3,1.2083333333333333,0.0,0.5035609691604424,0.2625,0.8
full_seed42_replay_0p1_noise0p1_s5_a0p2_b0p7,42,replay,0.1,0.1,5,0.2,1.0416666666666667,0.9333333333333332,0.7791833411723634,0.05,0.7
full_seed42_replay_0p1_noise0p1_s5_a0p3_b0p8,42,replay,0.1,0.1,5,0.3,1.0416666666666667,0.9333333333333332,0.7791833411723634,0.05,0.8
full_seed42_replay_0p1_noise0p1_s9_a0p2_b0p7,42,replay,0.1,0.1,9,0.2,1.3333333333333333,0.4208333333333333,0.702785618883495,0.3875,0.7
full_seed42_replay_0p1_noise0p1_s9_a0p3_b0p8,42,replay,0.1,0.1,9,0.3,1.3333333333333333,0.4208333333333333,0.702785618883495,0.3875,0.8
full_seed42_replay_0p1_noise0p25_s13_a0p2_b0p7,42,replay,0.1,0.25,13,0.2,1.6916666666666669,0.0083333333333333,0.5154549417095505,1.1583333333333334,0.7
full_seed42_replay_0p1_noise0p25_s13_a0p3_b0p8,42,replay,0.1,0.25,13,0.3,1.6916666666666669,0.0083333333333333,0.5154549417095505,1.1583333333333334,0.8
full_seed42_replay_0p1_noise0p25_s5_a0p2_b0p7,42,replay,0.1,0.25,5,0.2,1.0958333333333334,0.7708333333333334,0.7561931037192743,0.1125,0.7
full_seed42_replay_0p1_noise0p25_s5_a0p3_b0p8,42,replay,0.1,0.25,5,0.3,1.0958333333333334,0.7708333333333334,0.7561931037192743,0.1125,0.8
full_seed42_replay_0p1_noise0p25_s9_a0p2_b0p7,42,replay,0.1,0.25,9,0.2,1.5541666666666667,0.5,0.7063736541288315,0.7208333333333333,0.7
full_seed42_replay_0p1_noise0p25_s9_a0p3_b0p8,42,replay,0.1,0.25,9,0.3,1.5541666666666667,0.5,0.7063736541288315,0.7208333333333333,0.8
full_seed42_replay_0p1_noise0p5_s13_a0p2_b0p7,42,replay,0.1,0.5,13,0.2,2.158333333333333,0.1166666666666666,0.569687301866561,3.4625,0.7
full_seed42_replay_0p1_noise0p5_s13_a0p3_b0p8,42,replay,0.1,0.5,13,0.3,2.158333333333333,0.1166666666666666,0.569687301866561,3.4625,0.8
full_seed42_replay_0p1_noise0p5_s5_a0p2_b0p7,42,replay,0.1,0.5,5,0.2,1.4458333333333333,0.6333333333333333,0.727295443711369,0.5666666666666667,0.7
full_seed42_replay_0p1_noise0p5_s5_a0p3_b0p8,42,replay,0.1,0.5,5,0.3,1.4458333333333333,0.6333333333333333,0.727295443711369,0.5666666666666667,0.8
full_seed42_replay_0p1_noise0p5_s9_a0p2_b0p7,42,replay,0.1,0.5,9,0.2,1.8208333333333333,0.5125,0.6985677858769593,1.6208333333333331,0.7
full_seed42_replay_0p1_noise0p5_s9_a0p3_b0p8,42,replay,0.1,0.5,9,0.3,1.8208333333333333,0.5125,0.6985677858769593,1.6208333333333331,0.8
full_seed42_replay_0p2_noise0p1_s13_a0p2_b0p7,42,replay,0.2,0.1,13,0.2,1.2208333333333334,0.0,0.5044101569024753,0.2833333333333333,0.7
full_seed42_replay_0p2_noise0p1_s13_a0p3_b0p8,42,replay,0.2,0.1,13,0.3,1.2208333333333334,0.0,0.5044101569024753,0.2833333333333333,0.8
full_seed42_replay_0p2_noise0p1_s5_a0p2_b0p7,42,replay,0.2,0.1,5,0.2,1.0375,0.9375,0.7789507080831101,0.0458333333333333,0.7
full_seed42_replay_0p2_noise0p1_s5_a0p3_b0p8,42,replay,0.2,0.1,5,0.3,1.0375,0.9375,0.7789507080831101,0.0458333333333333,0.8
full_seed42_replay_0p2_noise0p1_s9_a0p2_b0p7,42,replay,0.2,0.1,9,0.2,1.3333333333333333,0.4291666666666666,0.7037165187413379,0.3875,0.7
full_seed42_replay_0p2_noise0p1_s9_a0p3_b0p8,42,replay,0.2,0.1,9,0.3,1.3333333333333333,0.4291666666666666,0.7037165187413379,0.3875,0.8
full_seed42_replay_0p2_noise0p25_s13_a0p2_b0p7,42,replay,0.2,0.25,13,0.2,1.7125,0.0166666666666666,0.5181654772433757,1.2,0.7
full_seed42_replay_0p2_noise0p25_s13_a0p3_b0p8,42,replay,0.2,0.25,13,0.3,1.7125,0.0166666666666666,0.5181654772433757,1.2,0.8
full_seed42_replay_0p2_noise0p25_s5_a0p2_b0p7,42,replay,0.2,0.25,5,0.2,1.1041666666666667,0.7875,0.7580552276629823,0.1208333333333333,0.7
full_seed42_replay_0p2_noise0p25_s5_a0p3_b0p8,42,replay,0.2,0.25,5,0.3,1.1041666666666667,0.7875,0.7580552276629823,0.1208333333333333,0.8
full_seed42_replay_0p2_noise0p25_s9_a0p2_b0p7,42,replay,0.2,0.25,9,0.2,1.5416666666666667,0.5083333333333333,0.7050967989815448,0.6833333333333333,0.7
full_seed42_replay_0p2_noise0p25_s9_a0p3_b0p8,42,replay,0.2,0.25,9,0.3,1.5416666666666667,0.5083333333333333,0.7050967989815448,0.6833333333333333,0.8
full_seed42_replay_0p2_noise0p5_s13_a0p2_b0p7,42,replay,0.2,0.5,13,0.2,2.158333333333333,0.1166666666666666,0.5689788096532247,3.4458333333333333,0.7
full_seed42_replay_0p2_noise0p5_s13_a0p3_b0p8,42,replay,0.2,0.5,13,0.3,2.158333333333333,0.1166666666666666,0.5689788096532247,3.4458333333333333,0.8
full_seed42_replay_0p2_noise0p5_s5_a0p2_b0p7,42,replay,0.2,0.5,5,0.2,1.4625,0.65,0.732388805005576,0.5791666666666667,0.7
full_seed42_replay_0p2_noise0p5_s5_a0p3_b0p8,42,replay,0.2,0.5,5,0.3,1.4625,0.65,0.732388805005576,0.5791666666666667,0.8
full_seed42_replay_0p2_noise0p5_s9_a0p2_b0p7,42,replay,0.2,0.5,9,0.2,1.8291666666666664,0.4875,0.6954107772944267,1.6,0.7
full_seed42_replay_0p2_noise0p5_s9_a0p3_b0p8,42,replay,0.2,0.5,9,0.3,1.8291666666666664,0.4875,0.6954107772944267,1.6,0.8
full_seed42_replay_0p3_noise0p1_s13_a0p2_b0p7,42,replay,0.3,0.1,13,0.2,1.2291666666666667,0.0,0.5041485768956949,0.2916666666666667,0.7
full_seed42_replay_0p3_noise0p1_s13_a0p3_b0p8,42,replay,0.3,0.1,13,0.3,1.2291666666666667,0.0,0.5041485768956949,0.2916666666666667,0.8
full_seed42_replay_0p3_noise0p1_s5_a0p2_b0p7,42,replay,0.3,0.1,5,0.2,1.0333333333333334,0.9333333333333332,0.7787656345516039,0.0416666666666666,0.7
full_seed42_replay_0p3_noise0p1_s5_a0p3_b0p8,42,replay,0.3,0.1,5,0.3,1.0333333333333334,0.9333333333333332,0.7787656345516039,0.0416666666666666,0.8
full_seed42_replay_0p3_noise0p1_s9_a0p2_b0p7,42,replay,0.3,0.1,9,0.2,1.3291666666666666,0.4208333333333333,0.7034375976288559,0.3875,0.7
full_seed42_replay_0p3_noise0p1_s9_a0p3_b0p8,42,replay,0.3,0.1,9,0.3,1.3291666666666666,0.4208333333333333,0.7034375976288559,0.3875,0.8
full_seed42_replay_0p3_noise0p25_s13_a0p2_b0p7,42,replay,0.3,0.25,13,0.2,1.7125,0.0166666666666666,0.5179382168483841,1.2125,0.7
full_seed42_replay_0p3_noise0p25_s13_a0p3_b0p8,42,replay,0.3,0.25,13,0.3,1.7125,0.0166666666666666,0.5179382168483841,1.2125,0.8
full_seed42_replay_0p3_noise0p25_s5_a0p2_b0p7,42,replay,0.3,0.25,5,0.2,1.0833333333333333,0.7916666666666666,0.7562392014425903,0.0958333333333333,0.7
full_seed42_replay_0p3_noise0p25_s5_a0p3_b0p8,42,replay,0.3,0.25,5,0.3,1.0833333333333333,0.7916666666666666,0.7562392014425903,0.0958333333333333,0.8
full_seed42_replay_0p3_noise0p25_s9_a0p2_b0p7,42,replay,0.3,0.25,9,0.2,1.5458333333333334,0.5125,0.7059613701110649,0.7,0.7
full_seed42_replay_0p3_noise0p25_s9_a0p3_b0p8,42,replay,0.3,0.25,9,0.3,1.5458333333333334,0.5125,0.7059613701110649,0.7,0.8
full_seed42_replay_0p3_noise0p5_s13_a0p2_b0p7,42,replay,0.3,0.5,13,0.2,2.1416666666666666,0.1166666666666666,0.5687298653796656,3.4625,0.7
full_seed42_replay_0p3_noise0p5_s13_a0p3_b0p8,42,replay,0.3,0.5,13,0.3,2.1416666666666666,0.1166666666666666,0.5687298653796656,3.4625,0.8
full_seed42_replay_0p3_noise0p5_s5_a0p2_b0p7,42,replay,0.3,0.5,5,0.2,1.4375,0.6458333333333334,0.7279561970029993,0.5541666666666667,0.7
full_seed42_replay_0p3_noise0p5_s5_a0p3_b0p8,42,replay,0.3,0.5,5,0.3,1.4375,0.6458333333333334,0.7279561970029993,0.5541666666666667,0.8
full_seed42_replay_0p3_noise0p5_s9_a0p2_b0p7,42,replay,0.3,0.5,9,0.2,1.8375,0.4916666666666666,0.6978142568069714,1.6375,0.7
full_seed42_replay_0p3_noise0p5_s9_a0p3_b0p8,42,replay,0.3,0.5,9,0.3,1.8375,0.4916666666666666,0.6978142568069714,1.6375,0.8
full_seed42_replay_0p4_noise0p1_s13_a0p2_b0p7,42,replay,0.4,0.1,13,0.2,1.2291666666666667,0.0,0.5036208274509313,0.2833333333333333,0.7
full_seed42_replay_0p4_noise0p1_s13_a0p3_b0p8,42,replay,0.4,0.1,13,0.3,1.2291666666666667,0.0,0.5036208274509313,0.2833333333333333,0.8
full_seed42_replay_0p4_noise0p1_s5_a0p2_b0p7,42,replay,0.4,0.1,5,0.2,1.0333333333333334,0.9333333333333332,0.7787656345516039,0.0416666666666666,0.7
full_seed42_replay_0p4_noise0p1_s5_a0p3_b0p8,42,replay,0.4,0.1,5,0.3,1.0333333333333334,0.9333333333333332,0.7787656345516039,0.0416666666666666,0.8
full_seed42_replay_0p4_noise0p1_s9_a0p2_b0p7,42,replay,0.4,0.1,9,0.2,1.3333333333333333,0.4208333333333333,0.7034268470072801,0.3916666666666666,0.7
full_seed42_replay_0p4_noise0p1_s9_a0p3_b0p8,42,replay,0.4,0.1,9,0.3,1.3333333333333333,0.4208333333333333,0.7034268470072801,0.3916666666666666,0.8
full_seed42_replay_0p4_noise0p25_s13_a0p2_b0p7,42,replay,0.4,0.25,13,0.2,1.7,0.0125,0.5163355862265634,1.1791666666666667,0.7
full_seed42_replay_0p4_noise0p25_s13_a0p3_b0p8,42,replay,0.4,0.25,13,0.3,1.7,0.0125,0.5163355862265634,1.1791666666666667,0.8
full_seed42_replay_0p4_noise0p25_s5_a0p2_b0p7,42,replay,0.4,0.25,5,0.2,1.0833333333333333,0.7916666666666666,0.7562392014425903,0.0958333333333333,0.7
full_seed42_replay_0p4_noise0p25_s5_a0p3_b0p8,42,replay,0.4,0.25,5,0.3,1.0833333333333333,0.7916666666666666,0.7562392014425903,0.0958333333333333,0.8
full_seed42_replay_0p4_noise0p25_s9_a0p2_b0p7,42,replay,0.4,0.25,9,0.2,1.5541666666666667,0.5166666666666667,0.707103409581773,0.7208333333333333,0.7
full_seed42_replay_0p4_noise0p25_s9_a0p3_b0p8,42,replay,0.4,0.25,9,0.3,1.5541666666666667,0.5166666666666667,0.707103409581773,0.7208333333333333,0.8
full_seed42_replay_0p4_noise0p5_s13_a0p2_b0p7,42,replay,0.4,0.5,13,0.2,2.1375,0.1125,0.5650426970757728,3.4791666666666665,0.7
full_seed42_replay_0p4_noise0p5_s13_a0p3_b0p8,42,replay,0.4,0.5,13,0.3,2.1375,0.1125,0.5650426970757728,3.4791666666666665,0.8
full_seed42_replay_0p4_noise0p5_s5_a0p2_b0p7,42,replay,0.4,0.5,5,0.2,1.4375,0.6458333333333334,0.7279561970029993,0.5541666666666667,0.7
full_seed42_replay_0p4_noise0p5_s5_a0p3_b0p8,42,replay,0.4,0.5,5,0.3,1.4375,0.6458333333333334,0.7279561970029993,0.5541666666666667,0.8
full_seed42_replay_0p4_noise0p5_s9_a0p2_b0p7,42,replay,0.4,0.5,9,0.2,1.8458333333333332,0.5125,0.6984359735140712,1.6625,0.7
full_seed42_replay_0p4_noise0p5_s9_a0p3_b0p8,42,replay,0.4,0.5,9,0.3,1.8458333333333332,0.5125,0.6984359735140712,1.6625,0.8
full_seed42_scaling_0p0_noise0p1_s13_a0p2_b0p7,42,scaling,0.0,0.1,13,0.2,1.2041666666666666,0.0,0.5035734388887586,0.2666666666666666,0.7
full_seed42_scaling_0p0_noise0p1_s13_a0p3_b0p8,42,scaling,0.0,0.1,13,0.3,1.2041666666666666,0.0,0.5035734388887586,0.2666666666666666,0.8
full_seed42_scaling_0p0_noise0p1_s5_a0p2_b0p7,42,scaling,0.0,0.1,5,0.2,1.0416666666666667,0.9333333333333332,0.7791833411723634,0.05,0.7
full_seed42_scaling_0p0_noise0p1_s5_a0p3_b0p8,42,scaling,0.0,0.1,5,0.3,1.0416666666666667,0.9333333333333332,0.7791833411723634,0.05,0.8
full_seed42_scaling_0p0_noise0p1_s9_a0p2_b0p7,42,scaling,0.0,0.1,9,0.2,1.3291666666666666,0.4166666666666667,0.7024600581518682,0.3916666666666666,0.7
full_seed42_scaling_0p0_noise0p1_s9_a0p3_b0p8,42,scaling,0.0,0.1,9,0.3,1.3291666666666666,0.4166666666666667,0.7024600581518682,0.3916666666666666,0.8
full_seed42_scaling_0p0_noise0p25_s13_a0p2_b0p7,42,scaling,0.0,0.25,13,0.2,1.7,0.0083333333333333,0.515114722802226,1.1625,0.7
full_seed42_scaling_0p0_noise0p25_s13_a0p3_b0p8,42,scaling,0.0,0.25,13,0.3,1.7,0.0083333333333333,0.515114722802226,1.1625,0.8
full_seed42_scaling_0p0_noise0p25_s5_a0p2_b0p7,42,scaling,0.0,0.25,5,0.2,1.0958333333333334,0.7708333333333334,0.7561931037192743,0.1125,0.7
full_seed42_scaling_0p0_noise0p25_s5_a0p3_b0p8,42,scaling,0.0,0.25,5,0.3,1.0958333333333334,0.7708333333333334,0.7561931037192743,0.1125,0.8
full_seed42_scaling_0p0_noise0p25_s9_a0p2_b0p7,42,scaling,0.0,0.25,9,0.2,1.5541666666666667,0.5083333333333333,0.707288596674865,0.7208333333333333,0.7
full_seed42_scaling_0p0_noise0p25_s9_a0p3_b0p8,42,scaling,0.0,0.25,9,0.3,1.5541666666666667,0.5083333333333333,0.707288596674865,0.7208333333333333,0.8
full_seed42_scaling_0p0_noise0p5_s13_a0p2_b0p7,42,scaling,0.0,0.5,13,0.2,2.158333333333333,0.1041666666666666,0.568073865126109,3.4458333333333333,0.7
full_seed42_scaling_0p0_noise0p5_s13_a0p3_b0p8,42,scaling,0.0,0.5,13,0.3,2.158333333333333,0.1041666666666666,0.568073865126109,3.4458333333333333,0.8
full_seed42_scaling_0p0_noise0p5_s5_a0p2_b0p7,42,scaling,0.0,0.5,5,0.2,1.4458333333333333,0.6333333333333333,0.727295443711369,0.5666666666666667,0.7
full_seed42_scaling_0p0_noise0p5_s5_a0p3_b0p8,42,scaling,0.0,0.5,5,0.3,1.4458333333333333,0.6333333333333333,0.727295443711369,0.5666666666666667,0.8
full_seed42_scaling_0p0_noise0p5_s9_a0p2_b0p7,42,scaling,0.0,0.5,9,0.2,1.8458333333333332,0.5,0.6981829151457247,1.6625,0.7
full_seed42_scaling_0p0_noise0p5_s9_a0p3_b0p8,42,scaling,0.0,0.5,9,0.3,1.8458333333333332,0.5,0.6981829151457247,1.6625,0.8
full_seed42_scaling_0p1_noise0p1_s13_a0p2_b0p7,42,scaling,0.1,0.1,13,0.2,1.2291666666666667,0.0,0.500801177441997,0.2875,0.7
full_seed42_scaling_0p1_noise0p1_s13_a0p3_b0p8,42,scaling,0.1,0.1,13,0.3,1.2291666666666667,0.0,0.500801177441997,0.2875,0.8
full_seed42_scaling_0p1_noise0p1_s5_a0p2_b0p7,42,scaling,0.1,0.1,5,0.2,1.0416666666666667,0.9333333333333332,0.7791833411723634,0.05,0.7
full_seed42_scaling_0p1_noise0p1_s5_a0p3_b0p8,42,scaling,0.1,0.1,5,0.3,1.0416666666666667,0.9333333333333332,0.7791833411723634,0.05,0.8
full_seed42_scaling_0p1_noise0p1_s9_a0p2_b0p7,42,scaling,0.1,0.1,9,0.2,1.3541666666666667,0.4208333333333333,0.7020982601558662,0.4166666666666667,0.7
full_seed42_scaling_0p1_noise0p1_s9_a0p3_b0p8,42,scaling,0.1,0.1,9,0.3,1.3541666666666667,0.4208333333333333,0.7020982601558662,0.4166666666666667,0.8
full_seed42_scaling_0p1_noise0p25_s13_a0p2_b0p7,42,scaling,0.1,0.25,13,0.2,1.7166666666666666,0.0125,0.5127042978097267,1.1875,0.7
full_seed42_scaling_0p1_noise0p25_s13_a0p3_b0p8,42,scaling,0.1,0.25,13,0.3,1.7166666666666666,0.0125,0.5127042978097267,1.1875,0.8
full_seed42_scaling_0p1_noise0p25_s5_a0p2_b0p7,42,scaling,0.1,0.25,5,0.2,1.0958333333333334,0.7708333333333334,0.7561931037192743,0.1125,0.7
full_seed42_scaling_0p1_noise0p25_s5_a0p3_b0p8,42,scaling,0.1,0.25,5,0.3,1.0958333333333334,0.7708333333333334,0.7561931037192743,0.1125,0.8
full_seed42_scaling_0p1_noise0p25_s9_a0p2_b0p7,42,scaling,0.1,0.25,9,0.2,1.5541666666666667,0.5125,0.7039470636891407,0.725,0.7
full_seed42_scaling_0p1_noise0p25_s9_a0p3_b0p8,42,scaling,0.1,0.25,9,0.3,1.5541666666666667,0.5125,0.7039470636891407,0.725,0.8
full_seed42_scaling_0p1_noise0p5_s13_a0p2_b0p7,42,scaling,0.1,0.5,13,0.2,2.175,0.1166666666666666,0.568455909404967,3.5,0.7
full_seed42_scaling_0p1_noise0p5_s13_a0p3_b0p8,42,scaling,0.1,0.5,13,0.3,2.175,0.1166666666666666,0.568455909404967,3.5,0.8
full_seed42_scaling_0p1_noise0p5_s5_a0p2_b0p7,42,scaling,0.1,0.5,5,0.2,1.4458333333333333,0.6333333333333333,0.727295443711369,0.5666666666666667,0.7
full_seed42_scaling_0p1_noise0p5_s5_a0p3_b0p8,42,scaling,0.1,0.5,5,0.3,1.4458333333333333,0.6333333333333333,0.727295443711369,0.5666666666666667,0.8
full_seed42_scaling_0p1_noise0p5_s9_a0p2_b0p7,42,scaling,0.1,0.5,9,0.2,1.85,0.5,0.6981868407378858,1.675,0.7
full_seed42_scaling_0p1_noise0p5_s9_a0p3_b0p8,42,scaling,0.1,0.5,9,0.3,1.85,0.5,0.6981868407378858,1.675,0.8
full_seed42_scaling_0p2_noise0p1_s13_a0p2_b0p7,42,scaling,0.2,0.1,13,0.2,1.2916666666666667,0.0041666666666666,0.4975383526789022,0.3583333333333333,0.7
full_seed42_scaling_0p2_noise0p1_s13_a0p3_b0p8,42,scaling,0.2,0.1,13,0.3,1.2916666666666667,0.0041666666666666,0.4975383526789022,0.3583333333333333,0.8
full_seed42_scaling_0p2_noise0p1_s5_a0p2_b0p7,42,scaling,0.2,0.1,5,0.2,1.0375,0.8916666666666667,0.7700403024355396,0.0458333333333333,0.7
full_seed42_scaling_0p2_noise0p1_s5_a0p3_b0p8,42,scaling,0.2,0.1,5,0.3,1.0375,0.8916666666666667,0.7700403024355396,0.0458333333333333,0.8
full_seed42_scaling_0p2_noise0p1_s9_a0p2_b0p7,42,scaling,0.2,0.1,9,0.2,1.3625,0.4166666666666667,0.6993065990236378,0.4291666666666666,0.7
full_seed42_scaling_0p2_noise0p1_s9_a0p3_b0p8,42,scaling,0.2,0.1,9,0.3,1.3625,0.4166666666666667,0.6993065990236378,0.4291666666666666,0.8
full_seed42_scaling_0p2_noise0p25_s13_a0p2_b0p7,42,scaling,0.2,0.25,13,0.2,1.75,0.0083333333333333,0.5098613008769192,1.3041666666666667,0.7
full_seed42_scaling_0p2_noise0p25_s13_a0p3_b0p8,42,scaling,0.2,0.25,13,0.3,1.75,0.0083333333333333,0.5098613008769192,1.3041666666666667,0.8
full_seed42_scaling_0p2_noise0p25_s5_a0p2_b0p7,42,scaling,0.2,0.25,5,0.2,1.1041666666666667,0.7541666666666667,0.7514953866705844,0.1208333333333333,0.7
full_seed42_scaling_0p2_noise0p25_s5_a0p3_b0p8,42,scaling,0.2,0.25,5,0.3,1.1041666666666667,0.7541666666666667,0.7514953866705844,0.1208333333333333,0.8
full_seed42_scaling_0p2_noise0p25_s9_a0p2_b0p7,42,scaling,0.2,0.25,9,0.2,1.5541666666666667,0.5083333333333333,0.701199286705546,0.7291666666666666,0.7
full_seed42_scaling_0p2_noise0p25_s9_a0p3_b0p8,42,scaling,0.2,0.25,9,0.3,1.5541666666666667,0.5083333333333333,0.701199286705546,0.7291666666666666,0.8
full_seed42_scaling_0p2_noise0p5_s13_a0p2_b0p7,42,scaling,0.2,0.5,13,0.2,2.1875,0.1166666666666666,0.5640342453161761,3.625,0.7
full_seed42_scaling_0p2_noise0p5_s13_a0p3_b0p8,42,scaling,0.2,0.5,13,0.3,2.1875,0.1166666666666666,0.5640342453161761,3.625,0.8
full_seed42_scaling_0p2_noise0p5_s5_a0p2_b0p7,42,scaling,0.2,0.5,5,0.2,1.4333333333333331,0.6333333333333333,0.7239357601129002,0.5458333333333333,0.7
full_seed42_scaling_0p2_noise0p5_s5_a0p3_b0p8,42,scaling,0.2,0.5,5,0.3,1.4333333333333331,0.6333333333333333,0.7239357601129002,0.5458333333333333,0.8
full_seed42_scaling_0p2_noise0p5_s9_a0p2_b0p7,42,scaling,0.2,0.5,9,0.2,1.85,0.4958333333333333,0.6961122144819234,1.6916666666666669,0.7
full_seed42_scaling_0p2_noise0p5_s9_a0p3_b0p8,42,scaling,0.2,0.5,9,0.3,1.85,0.4958333333333333,0.6961122144819234,1.6916666666666669,0.8
full_seed42_scaling_0p3_noise0p1_s13_a0p2_b0p7,42,scaling,0.3,0.1,13,0.2,1.3083333333333331,0.0041666666666666,0.4955957706937818,0.375,0.7
full_seed42_scaling_0p3_noise0p1_s13_a0p3_b0p8,42,scaling,0.3,0.1,13,0.3,1.3083333333333331,0.0041666666666666,0.4955957706937818,0.375,0.8
full_seed42_scaling_0p3_noise0p1_s5_a0p2_b0p7,42,scaling,0.3,0.1,5,0.2,1.0458333333333334,0.8666666666666667,0.7664955656734787,0.0541666666666666,0.7
full_seed42_scaling_0p3_noise0p1_s5_a0p3_b0p8,42,scaling,0.3,0.1,5,0.3,1.0458333333333334,0.8666666666666667,0.7664955656734787,0.0541666666666666,0.8
full_seed42_scaling_0p3_noise0p1_s9_a0p2_b0p7,42,scaling,0.3,0.1,9,0.2,1.3708333333333331,0.3958333333333333,0.6981877288161854,0.4416666666666666,0.7
full_seed42_scaling_0p3_noise0p1_s9_a0p3_b0p8,42,scaling,0.3,0.1,9,0.3,1.3708333333333331,0.3958333333333333,0.6981877288161854,0.4416666666666666,0.8
full_seed42_scaling_0p3_noise0p25_s13_a0p2_b0p7,42,scaling,0.3,0.25,13,0.2,1.7625,0.0125,0.5088360262654843,1.3416666666666666,0.7
full_seed42_scaling_0p3_noise0p25_s13_a0p3_b0p8,42,scaling,0.3,0.25,13,0.3,1.7625,0.0125,0.5088360262654843,1.3416666666666666,0.8
full_seed42_scaling_0p3_noise0p25_s5_a0p2_b0p7,42,scaling,0.3,0.25,5,0.2,1.1083333333333334,0.7458333333333333,0.7489170967592326,0.1291666666666666,0.7
full_seed42_scaling_0p3_noise0p25_s5_a0p3_b0p8,42,scaling,0.3,0.25,5,0.3,1.1083333333333334,0.7458333333333333,0.7489170967592326,0.1291666666666666,0.8
full_seed42_scaling_0p3_noise0p25_s9_a0p2_b0p7,42,scaling,0.3,0.25,9,0.2,1.5708333333333333,0.475,0.6990106738162635,0.7375,0.7
full_seed42_scaling_0p3_noise0p25_s9_a0p3_b0p8,42,scaling,0.3,0.25,9,0.3,1.5708333333333333,0.475,0.6990106738162635,0.7375,0.8
full_seed42_scaling_0p3_noise0p5_s13_a0p2_b0p7,42,scaling,0.3,0.5,13,0.2,2.191666666666667,0.1166666666666666,0.5635687287974014,3.65,0.7
full_seed42_scaling_0p3_noise0p5_s13_a0p3_b0p8,42,scaling,0.3,0.5,13,0.3,2.191666666666667,0.1166666666666666,0.5635687287974014,3.65,0.8
full_seed42_scaling_0p3_noise0p5_s5_a0p2_b0p7,42,scaling,0.3,0.5,5,0.2,1.4625,0.6291666666666667,0.7241827993515035,0.5708333333333333,0.7
full_seed42_scaling_0p3_noise0p5_s5_a0p3_b0p8,42,scaling,0.3,0.5,5,0.3,1.4625,0.6291666666666667,0.7241827993515035,0.5708333333333333,0.8
full_seed42_scaling_0p3_noise0p5_s9_a0p2_b0p7,42,scaling,0.3,0.5,9,0.2,1.8541666666666667,0.4791666666666667,0.6949987323232983,1.7125,0.7
full_seed42_scaling_0p3_noise0p5_s9_a0p3_b0p8,42,scaling,0.3,0.5,9,0.3,1.8541666666666667,0.4791666666666667,0.6949987323232983,1.7125,0.8
full_seed42_scaling_0p4_noise0p1_s13_a0p2_b0p7,42,scaling,0.4,0.1,13,0.2,1.3208333333333333,0.0,0.4937710530660265,0.4166666666666667,0.7
full_seed42_scaling_0p4_noise0p1_s13_a0p3_b0p8,42,scaling,0.4,0.1,13,0.3,1.3208333333333333,0.0,0.4937710530660265,0.4166666666666667,0.8
full_seed42_scaling_0p4_noise0p1_s5_a0p2_b0p7,42,scaling,0.4,0.1,5,0.2,1.0458333333333334,0.8666666666666667,0.7664955656734787,0.0541666666666666,0.7
full_seed42_scaling_0p4_noise0p1_s5_a0p3_b0p8,42,scaling,0.4,0.1,5,0.3,1.0458333333333334,0.8666666666666667,0.7664955656734787,0.0541666666666666,0.8
full_seed42_scaling_0p4_noise0p1_s9_a0p2_b0p7,42,scaling,0.4,0.1,9,0.2,1.3708333333333331,0.4,0.6962424666423306,0.4416666666666666,0.7
full_seed42_scaling_0p4_noise0p1_s9_a0p3_b0p8,42,scaling,0.4,0.1,9,0.3,1.3708333333333331,0.4,0.6962424666423306,0.4416666666666666,0.8
full_seed42_scaling_0p4_noise0p25_s13_a0p2_b0p7,42,scaling,0.4,0.25,13,0.2,1.7708333333333333,0.0125,0.5075006526511727,1.375,0.7
full_seed42_scaling_0p4_noise0p25_s13_a0p3_b0p8,42,scaling,0.4,0.25,13,0.3,1.7708333333333333,0.0125,0.5075006526511727,1.375,0.8
full_seed42_scaling_0p4_noise0p25_s5_a0p2_b0p7,42,scaling,0.4,0.25,5,0.2,1.1083333333333334,0.7458333333333333,0.7489170967592326,0.1291666666666666,0.7
full_seed42_scaling_0p4_noise0p25_s5_a0p3_b0p8,42,scaling,0.4,0.25,5,0.3,1.1083333333333334,0.7458333333333333,0.7489170967592326,0.1291666666666666,0.8
full_seed42_scaling_0p4_noise0p25_s9_a0p2_b0p7,42,scaling,0.4,0.25,9,0.2,1.5875,0.4833333333333333,0.7004939308900835,0.7625,0.7
full_seed42_scaling_0p4_noise0p25_s9_a0p3_b0p8,42,scaling,0.4,0.25,9,0.3,1.5875,0.4833333333333333,0.7004939308900835,0.7625,0.8
full_seed42_scaling_0p4_noise0p5_s13_a0p2_b0p7,42,scaling,0.4,0.5,13,0.2,2.208333333333333,0.1166666666666666,0.5617218680199811,3.7125,0.7
full_seed42_scaling_0p4_noise0p5_s13_a0p3_b0p8,42,scaling,0.4,0.5,13,0.3,2.208333333333333,0.1166666666666666,0.5617218680199811,3.7125,0.8
full_seed42_scaling_0p4_noise0p5_s5_a0p2_b0p7,42,scaling,0.4,0.5,5,0.2,1.4625,0.6291666666666667,0.7241827993515035,0.5708333333333333,0.7
full_seed42_scaling_0p4_noise0p5_s5_a0p3_b0p8,42,scaling,0.4,0.5,5,0.3,1.4625,0.6291666666666667,0.7241827993515035,0.5708333333333333,0.8
full_seed42_scaling_0p4_noise0p5_s9_a0p2_b0p7,42,scaling,0.4,0.5,9,0.2,1.8541666666666667,0.4625,0.6922350048477497,1.7291666666666667,0.7
full_seed42_scaling_0p4_noise0p5_s9_a0p3_b0p8,42,scaling,0.4,0.5,9,0.3,1.8541666666666667,0.4625,0.6922350048477497,1.7291666666666667,0.8
full_seed42_spike_0p0_noise0p1_s13_a0p2_b0p7,42,spike,0.0,0.1,13,0.2,1.2041666666666666,0.0,0.5035734388887586,0.2666666666666666,0.7
full_seed42_spike_0p0_noise0p1_s13_a0p3_b0p8,42,spike,0.0,0.1,13,0.3,1.2041666666666666,0.0,0.5035734388887586,0.2666666666666666,0.8
full_seed42_spike_0p0_noise0p1_s5_a0p2_b0p7,42,spike,0.0,0.1,5,0.2,1.0416666666666667,0.9333333333333332,0.7791833411723634,0.05,0.7
full_seed42_spike_0p0_noise0p1_s5_a0p3_b0p8,42,spike,0.0,0.1,5,0.3,1.0416666666666667,0.9333333333333332,0.7791833411723634,0.05,0.8
full_seed42_spike_0p0_noise0p1_s9_a0p2_b0p7,42,spike,0.0,0.1,9,0.2,1.3291666666666666,0.4166666666666667,0.7024600581518682,0.3916666666666666,0.7
full_seed42_spike_0p0_noise0p1_s9_a0p3_b0p8,42,spike,0.0,0.1,9,0.3,1.3291666666666666,0.4166666666666667,0.7024600581518682,0.3916666666666666,0.8
full_seed42_spike_0p0_noise0p25_s13_a0p2_b0p7,42,spike,0.0,0.25,13,0.2,1.7,0.0083333333333333,0.515114722802226,1.1625,0.7
full_seed42_spike_0p0_noise0p25_s13_a0p3_b0p8,42,spike,0.0,0.25,13,0.3,1.7,0.0083333333333333,0.515114722802226,1.1625,0.8
full_seed42_spike_0p0_noise0p25_s5_a0p2_b0p7,42,spike,0.0,0.25,5,0.2,1.0958333333333334,0.7708333333333334,0.7561931037192743,0.1125,0.7
full_seed42_spike_0p0_noise0p25_s5_a0p3_b0p8,42,spike,0.0,0.25,5,0.3,1.0958333333333334,0.7708333333333334,0.7561931037192743,0.1125,0.8
full_seed42_spike_0p0_noise0p25_s9_a0p2_b0p7,42,spike,0.0,0.25,9,0.2,1.5541666666666667,0.5083333333333333,0.707288596674865,0.7208333333333333,0.7
full_seed42_spike_0p0_noise0p25_s9_a0p3_b0p8,42,spike,0.0,0.25,9,0.3,1.5541666666666667,0.5083333333333333,0.707288596674865,0.7208333333333333,0.8
full_seed42_spike_0p0_noise0p5_s13_a0p2_b0p7,42,spike,0.0,0.5,13,0.2,2.158333333333333,0.1041666666666666,0.568073865126109,3.4458333333333333,0.7
full_seed42_spike_0p0_noise0p5_s13_a0p3_b0p8,42,spike,0.0,0.5,13,0.3,2.158333333333333,0.1041666666666666,0.568073865126109,3.4458333333333333,0.8
full_seed42_spike_0p0_noise0p5_s5_a0p2_b0p7,42,spike,0.0,0.5,5,0.2,1.4458333333333333,0.6333333333333333,0.727295443711369,0.5666666666666667,0.7
full_seed42_spike_0p0_noise0p5_s5_a0p3_b0p8,42,spike,0.0,0.5,5,0.3,1.4458333333333333,0.6333333333333333,0.727295443711369,0.5666666666666667,0.8
full_seed42_spike_0p0_noise0p5_s9_a0p2_b0p7,42,spike,0.0,0.5,9,0.2,1.8458333333333332,0.5,0.6981829151457247,1.6625,0.7
full_seed42_spike_0p0_noise0p5_s9_a0p3_b0p8,42,spike,0.0,0.5,9,0.3,1.8458333333333332,0.5,0.6981829151457247,1.6625,0.8
full_seed42_spike_0p1_noise0p1_s13_a0p2_b0p7,42,spike,0.1,0.1,13,0.2,1.5625,0.0041666666666666,0.5011923700144446,0.7416666666666667,0.7
full_seed42_spike_0p1_noise0p1_s13_a0p3_b0p8,42,spike,0.1,0.1,13,0.3,1.5625,0.0041666666666666,0.5011923700144446,0.7416666666666667,0.8
full_seed42_spike_0p1_noise0p1_s5_a0p2_b0p7,42,spike,0.1,0.1,5,0.2,1.0416666666666667,0.9333333333333332,0.7791833411723634,0.05,0.7
full_seed42_spike_0p1_noise0p1_s5_a0p3_b0p8,42,spike,0.1,0.1,5,0.3,1.0416666666666667,0.9333333333333332,0.7791833411723634,0.05,0.8
full_seed42_spike_0p1_noise0p1_s9_a0p2_b0p7,42,spike,0.1,0.1,9,0.2,1.5958333333333334,0.4125,0.7052859365313358,0.8416666666666667,0.7
full_seed42_spike_0p1_noise0p1_s9_a0p3_b0p8,42,spike,0.1,0.1,9,0.3,1.5958333333333334,0.4125,0.7052859365313358,0.8416666666666667,0.8
full_seed42_spike_0p1_noise0p25_s13_a0p2_b0p7,42,spike,0.1,0.25,13,0.2,1.8375,0.0125,0.5117567639006321,1.6541666666666666,0.7
full_seed42_spike_0p1_noise0p25_s13_a0p3_b0p8,42,spike,0.1,0.25,13,0.3,1.8375,0.0125,0.5117567639006321,1.6541666666666666,0.8
full_seed42_spike_0p1_noise0p25_s5_a0p2_b0p7,42,spike,0.1,0.25,5,0.2,1.0958333333333334,0.7708333333333334,0.7561931037192743,0.1125,0.7
full_seed42_spike_0p1_noise0p25_s5_a0p3_b0p8,42,spike,0.1,0.25,5,0.3,1.0958333333333334,0.7708333333333334,0.7561931037192743,0.1125,0.8
full_seed42_spike_0p1_noise0p25_s9_a0p2_b0p7,42,spike,0.1,0.25,9,0.2,1.7125,0.5125,0.7072282567326421,1.1958333333333333,0.7
full_seed42_spike_0p1_noise0p25_s9_a0p3_b0p8,42,spike,0.1,0.25,9,0.3,1.7125,0.5125,0.7072282567326421,1.1958333333333333,0.8
full_seed42_spike_0p1_noise0p5_s13_a0p2_b0p7,42,spike,0.1,0.5,13,0.2,2.158333333333333,0.1375,0.5677978070055986,3.966666666666667,0.7
full_seed42_spike_0p1_noise0p5_s13_a0p3_b0p8,42,spike,0.1,0.5,13,0.3,2.158333333333333,0.1375,0.5677978070055986,3.966666666666667,0.8
full_seed42_spike_0p1_noise0p5_s5_a0p2_b0p7,42,spike,0.1,0.5,5,0.2,1.4458333333333333,0.6333333333333333,0.727295443711369,0.5666666666666667,0.7
full_seed42_spike_0p1_noise0p5_s5_a0p3_b0p8,42,spike,0.1,0.5,5,0.3,1.4458333333333333,0.6333333333333333,0.727295443711369,0.5666666666666667,0.8
full_seed42_spike_0p1_noise0p5_s9_a0p2_b0p7,42,spike,0.1,0.5,9,0.2,1.8916666666666664,0.5208333333333334,0.7021808830509854,2.129166666666667,0.7
full_seed42_spike_0p1_noise0p5_s9_a0p3_b0p8,42,spike,0.1,0.5,9,0.3,1.8916666666666664,0.5208333333333334,0.7021808830509854,2.129166666666667,0.8
full_seed42_spike_0p2_noise0p1_s13_a0p2_b0p7,42,spike,0.2,0.1,13,0.2,1.5708333333333333,0.025,0.508236215089779,1.7625,0.7
full_seed42_spike_0p2_noise0p1_s13_a0p3_b0p8,42,spike,0.2,0.1,13,0.3,1.5708333333333333,0.025,0.508236215089779,1.7625,0.8
full_seed42_spike_0p2_noise0p1_s5_a0p2_b0p7,42,spike,0.2,0.1,5,0.2,1.4291666666666667,0.9125,0.780682169722086,0.475,0.7
full_seed42_spike_0p2_noise0p1_s5_a0p3_b0p8,42,spike,0.2,0.1,5,0.3,1.4291666666666667,0.9125,0.780682169722086,0.475,0.8
full_seed42_spike_0p2_noise0p1_s9_a0p2_b0p7,42,spike,0.2,0.1,9,0.2,1.6125,0.4375,0.708425125032353,1.3166666666666669,0.7
full_seed42_spike_0p2_noise0p1_s9_a0p3_b0p8,42,spike,0.2,0.1,9,0.3,1.6125,0.4375,0.708425125032353,1.3166666666666669,0.8
full_seed42_spike_0p2_noise0p25_s13_a0p2_b0p7,42,spike,0.2,0.25,13,0.2,1.8208333333333333,0.0333333333333333,0.5136874564619391,2.6625,0.7
full_seed42_spike_0p2_noise0p25_s13_a0p3_b0p8,42,spike,0.2,0.25,13,0.3,1.8208333333333333,0.0333333333333333,0.5136874564619391,2.6625,0.8
full_seed42_spike_0p2_noise0p25_s5_a0p2_b0p7,42,spike,0.2,0.25,5,0.2,1.4291666666666667,0.7833333333333333,0.7517370100280519,0.5208333333333334,0.7
full_seed42_spike_0p2_noise0p25_s5_a0p3_b0p8,42,spike,0.2,0.25,5,0.3,1.4291666666666667,0.7833333333333333,0.7517370100280519,0.5208333333333334,0.8
full_seed42_spike_0p2_noise0p25_s9_a0p2_b0p7,42,spike,0.2,0.25,9,0.2,1.7208333333333334,0.5291666666666667,0.7095150101564985,1.6416666666666666,0.7
full_seed42_spike_0p2_noise0p25_s9_a0p3_b0p8,42,spike,0.2,0.25,9,0.3,1.7208333333333334,0.5291666666666667,0.7095150101564985,1.6416666666666666,0.8
full_seed42_spike_0p2_noise0p5_s13_a0p2_b0p7,42,spike,0.2,0.5,13,0.2,2.120833333333333,0.1291666666666666,0.5539034894600519,4.770833333333333,0.7
full_seed42_spike_0p2_noise0p5_s13_a0p3_b0p8,42,spike,0.2,0.5,13,0.3,2.120833333333333,0.1291666666666666,0.5539034894600519,4.770833333333333,0.8
full_seed42_spike_0p2_noise0p5_s5_a0p2_b0p7,42,spike,0.2,0.5,5,0.2,1.6041666666666667,0.6458333333333334,0.7088733344942948,0.8291666666666667,0.7
full_seed42_spike_0p2_noise0p5_s5_a0p3_b0p8,42,spike,0.2,0.5,5,0.3,1.6041666666666667,0.6458333333333334,0.7088733344942948,0.8291666666666667,0.8
full_seed42_spike_0p2_noise0p5_s9_a0p2_b0p7,42,spike,0.2,0.5,9,0.2,1.8875,0.5458333333333333,0.6988064570514722,2.5458333333333334,0.7
full_seed42_spike_0p2_noise0p5_s9_a0p3_b0p8,42,spike,0.2,0.5,9,0.3,1.8875,0.5458333333333333,0.6988064570514722,2.5458333333333334,0.8
full_seed42_spike_0p3_noise0p1_s13_a0p2_b0p7,42,spike,0.3,0.1,13,0.2,1.5875,0.0625,0.5303529219019668,2.341666666666667,0.7
full_seed42_spike_0p3_noise0p1_s13_a0p3_b0p8,42,spike,0.3,0.1,13,0.3,1.5875,0.0625,0.5303529219019668,2.341666666666667,0.8
full_seed42_spike_0p3_noise0p1_s5_a0p2_b0p7,42,spike,0.3,0.1,5,0.2,1.3041666666666667,0.8291666666666667,0.7221478601037908,0.5875,0.7
full_seed42_spike_0p3_noise0p1_s5_a0p3_b0p8,42,spike,0.3,0.1,5,0.3,1.3041666666666667,0.8291666666666667,0.7221478601037908,0.5875,0.8
full_seed42_spike_0p3_noise0p1_s9_a0p2_b0p7,42,spike,0.3,0.1,9,0.2,1.6083333333333334,0.4583333333333333,0.7081444275562987,1.8041666666666667,0.7
full_seed42_spike_0p3_noise0p1_s9_a0p3_b0p8,42,spike,0.3,0.1,9,0.3,1.6083333333333334,0.4583333333333333,0.7081444275562987,1.8041666666666667,0.8
full_seed42_spike_0p3_noise0p25_s13_a0p2_b0p7,42,spike,0.3,0.25,13,0.2,1.8083333333333331,0.05,0.5207126163346188,3.129166666666667,0.7
full_seed42_spike_0p3_noise0p25_s13_a0p3_b0p8,42,spike,0.3,0.25,13,0.3,1.8083333333333331,0.05,0.5207126163346188,3.129166666666667,0.8
full_seed42_spike_0p3_noise0p25_s5_a0p2_b0p7,42,spike,0.3,0.25,5,0.2,1.2958333333333334,0.7,0.6840627824465316,0.55,0.7
full_seed42_spike_0p3_noise0p25_s5_a0p3_b0p8,42,spike,0.3,0.25,5,0.3,1.2958333333333334,0.7,0.6840627824465316,0.55,0.8
full_seed42_spike_0p3_noise0p25_s9_a0p2_b0p7,42,spike,0.3,0.25,9,0.2,1.6958333333333333,0.5208333333333334,0.6993421548669806,2.0083333333333333,0.7
full_seed42_spike_0p3_noise0p25_s9_a0p3_b0p8,42,spike,0.3,0.25,9,0.3,1.6958333333333333,0.5208333333333334,0.6993421548669806,2.0083333333333333,0.8
full_seed42_spike_0p3_noise0p5_s13_a0p2_b0p7,42,spike,0.3,0.5,13,0.2,2.1,0.15,0.5532875262910232,5.025,0.7
full_seed42_spike_0p3_noise0p5_s13_a0p3_b0p8,42,spike,0.3,0.5,13,0.3,2.1,0.15,0.5532875262910232,5.025,0.8
full_seed42_spike_0p3_noise0p5_s5_a0p2_b0p7,42,spike,0.3,0.5,5,0.2,1.4208333333333334,0.5208333333333334,0.6031661864890876,0.6291666666666667,0.7
full_seed42_spike_0p3_noise0p5_s5_a0p3_b0p8,42,spike,0.3,0.5,5,0.3,1.4208333333333334,0.5208333333333334,0.6031661864890876,0.6291666666666667,0.8
full_seed42_spike_0p3_noise0p5_s9_a0p2_b0p7,42,spike,0.3,0.5,9,0.2,1.8375,0.525,0.6812866601654339,2.7125,0.7
full_seed42_spike_0p3_noise0p5_s9_a0p3_b0p8,42,spike,0.3,0.5,9,0.3,1.8375,0.525,0.6812866601654339,2.7125,0.8
full_seed42_spike_0p4_noise0p1_s13_a0p2_b0p7,42,spike,0.4,0.1,13,0.2,1.6041666666666667,0.175,0.5739247884115506,2.845833333333333,0.7
full_seed42_spike_0p4_noise0p1_s13_a0p3_b0p8,42,spike,0.4,0.1,13,0.3,1.6041666666666667,0.175,0.5739247884115506,2.845833333333333,0.8
full_seed42_spike_0p4_noise0p1_s5_a0p2_b0p7,42,spike,0.4,0.1,5,0.2,1.3041666666666667,0.8291666666666667,0.7221478601037908,0.5875,0.7
full_seed42_spike_0p4_noise0p1_s5_a0p3_b0p8,42,spike,0.4,0.1,5,0.3,1.3041666666666667,0.8291666666666667,0.7221478601037908,0.5875,0.8
full_seed42_spike_0p4_noise0p1_s9_a0p2_b0p7,42,spike,0.4,0.1,9,0.2,1.5625,0.4375,0.6803323175501674,2.0458333333333334,0.7
full_seed42_spike_0p4_noise0p1_s9_a0p3_b0p8,42,spike,0.4,0.1,9,0.3,1.5625,0.4375,0.6803323175501674,2.0458333333333334,0.8
full_seed42_spike_0p4_noise0p25_s13_a0p2_b0p7,42,spike,0.4,0.25,13,0.2,1.8291666666666664,0.1333333333333333,0.5576499216162797,3.575,0.7
full_seed42_spike_0p4_noise0p25_s13_a0p3_b0p8,42,spike,0.4,0.25,13,0.3,1.8291666666666664,0.1333333333333333,0.5576499216162797,3.575,0.8
full_seed42_spike_0p4_noise0p25_s5_a0p2_b0p7,42,spike,0.4,0.25,5,0.2,1.2958333333333334,0.7,0.6840627824465316,0.55,0.7
full_seed42_spike_0p4_noise0p25_s5_a0p3_b0p8,42,spike,0.4,0.25,5,0.3,1.2958333333333334,0.7,0.6840627824465316,0.55,0.8
full_seed42_spike_0p4_noise0p25_s9_a0p2_b0p7,42,spike,0.4,0.25,9,0.2,1.6166666666666667,0.4666666666666667,0.6587914013217085,2.0458333333333334,0.7
full_seed42_spike_0p4_noise0p25_s9_a0p3_b0p8,42,spike,0.4,0.25,9,0.3,1.6166666666666667,0.4666666666666667,0.6587914013217085,2.0458333333333334,0.8
full_seed42_spike_0p4_noise0p5_s13_a0p2_b0p7,42,spike,0.4,0.5,13,0.2,2.029166666666667,0.1541666666666666,0.5376874757073652,4.879166666666666,0.7
full_seed42_spike_0p4_noise0p5_s13_a0p3_b0p8,42,spike,0.4,0.5,13,0.3,2.029166666666667,0.1541666666666666,0.5376874757073652,4.879166666666666,0.8
full_seed42_spike_0p4_noise0p5_s5_a0p2_b0p7,42,spike,0.4,0.5,5,0.2,1.4208333333333334,0.5208333333333334,0.6031661864890876,0.6291666666666667,0.7
full_seed42_spike_0p4_noise0p5_s5_a0p3_b0p8,42,spike,0.4,0.5,5,0.3,1.4208333333333334,0.5208333333333334,0.6031661864890876,0.6291666666666667,0.8
full_seed42_spike_0p4_noise0p5_s9_a0p2_b0p7,42,spike,0.4,0.5,9,0.2,1.6875,0.4333333333333333,0.5969725851877222,2.1041666666666665,0.7
full_seed42_spike_0p4_noise0p5_s9_a0p3_b0p8,42,spike,0.4,0.5,9,0.3,1.6875,0.4333333333333333,0.5969725851877222,2.1041666666666665,0.8
