family,case,tick,exact_tie,tie_distinct_measurements,order_changed,aggregate_delta
main_campaign,full_seed101_bias_0p3_noise0p1_s5_a0p2_b0p7,100,True,True,True,-0.08197809991755234
main_campaign,full_seed101_bias_0p3_noise0p1_s5_a0p3_b0p8,100,True,True,True,-0.04098904995877639
main_campaign,full_seed101_bias_0p3_noise0p1_s9_a0p2_b0p7,104,True,True,True,-0.00013744933363923906
main_campaign,full_seed101_bias_0p3_noise0p1_s9_a0p3_b0p8,104,True,True,True,0.0
main_campaign,full_seed101_bias_0p3_noise0p25_s5_a0p2_b0p7,178,True,True,True,-0.1834257940889774
main_campaign,full_seed101_bias_0p3_noise0p25_s5_a0p3_b0p8,178,True,True,True,-0.0917128970444887
main_campaign,full_seed101_bias_0p4_noise0p1_s5_a0p2_b0p7,100,True,True,True,-0.08197809991755234
main_campaign,full_seed101_bias_0p4_noise0p1_s5_a0p3_b0p8,100,True,True,True,-0.04098904995877639
main_campaign,full_seed101_bias_0p4_noise0p25_s5_a0p2_b0p7,178,True,True,True,-0.1834257940889774
main_campaign,full_seed101_bias_0p4_noise0p25_s5_a0p3_b0p8,178,True,True,True,-0.0917128970444887
main_campaign,full_seed101_mixed_0p3_noise0p1_s5_a0p2_b0p7,100,True,True,True,-0.08197809991755234
main_campaign,full_seed101_mixed_0p3_noise0p1_s5_a0p2_b0p7,149,True,True,True,-0.48863591673064466
main_campaign,full_seed101_mixed_0p3_noise0p1_s5_a0p2_b0p7,156,True,True,True,0.20704154218014414
main_campaign,full_seed101_mixed_0p3_noise0p1_s5_a0p3_b0p8,100,True,True,True,-0.04098904995877639
main_campaign,full_seed101_mixed_0p3_noise0p1_s5_a0p3_b0p8,149,True,True,True,-0.24431795836532189
main_campaign,full_seed101_mixed_0p3_noise0p1_s5_a0p3_b0p8,156,True,True,True,0.1035207710900723
main_campaign,full_seed101_mixed_0p3_noise0p25_s5_a0p2_b0p7,147,True,True,True,6.495502734738709
main_campaign,full_seed101_mixed_0p3_noise0p25_s5_a0p3_b0p8,147,True,True,True,3.2477513673693554
main_campaign,full_seed101_mixed_0p3_noise0p5_s5_a0p2_b0p7,142,True,True,True,-0.07059069817674457
main_campaign,full_seed101_mixed_0p3_noise0p5_s5_a0p3_b0p8,142,True,True,True,-0.035295349088372285
main_campaign,full_seed101_mixed_0p4_noise0p1_s5_a0p2_b0p7,100,True,True,True,-0.08197809991755234
main_campaign,full_seed101_mixed_0p4_noise0p1_s5_a0p2_b0p7,149,True,True,True,-0.48863591673064466
main_campaign,full_seed101_mixed_0p4_noise0p1_s5_a0p2_b0p7,156,True,True,True,0.20704154218014414
main_campaign,full_seed101_mixed_0p4_noise0p1_s5_a0p3_b0p8,100,True,True,True,-0.04098904995877639
main_campaign,full_seed101_mixed_0p4_noise0p1_s5_a0p3_b0p8,149,True,True,True,-0.24431795836532189
main_campaign,full_seed101_mixed_0p4_noise0p1_s5_a0p3_b0p8,156,True,True,True,0.1035207710900723
main_campaign,full_seed101_mixed_0p4_noise0p25_s5_a0p2_b0p7,147,True,True,True,6.495502734738709
main_campaign,full_seed101_mixed_0p4_noise0p25_s5_a0p3_b0p8,147,True,True,True,3.2477513673693554
main_campaign,full_seed101_mixed_0p4_noise0p5_s5_a0p2_b0p7,142,True,True,True,-0.07059069817674457
main_campaign,full_seed101_mixed_0p4_noise0p5_s5_a0p3_b0p8,142,True,True,True,-0.035295349088372285
main_campaign,full_seed101_spike_0p3_noise0p1_s5_a0p2_b0p7,94,True,True,True,0.15199673119849688
main_campaign,full_seed101_spike_0p3_noise0p1_s5_a0p2_b0p7,99,True,True,True,-6.428795883148748
main_campaign,full_seed101_spike_0p3_noise0p1_s5_a0p2_b0p7,100,True,True,True,-0.08197809991755234
main_campaign,full_seed101_spike_0p3_noise0p1_s5_a0p2_b0p7,104,True,True,True,0.1951244827037133
main_campaign,full_seed101_spike_0p3_noise0p1_s5_a0p2_b0p7,149,True,True,True,5.911364083269357
main_campaign,full_seed101_spike_0p3_noise0p1_s5_a0p2_b0p7,156,True,True,True,-6.1929584578198575
main_campaign,full_seed101_spike_0p3_noise0p1_s5_a0p2_b0p7,161,True,True,True,6.404291596820788
main_campaign,full_seed101_spike_0p3_noise0p1_s5_a0p2_b0p7,162,True,True,True,6.431672890010667
main_campaign,full_seed101_spike_0p3_noise0p1_s5_a0p2_b0p7,164,True,True,True,-0.03494096341275643
main_campaign,full_seed101_spike_0p3_noise0p1_s5_a0p2_b0p7,178,True,True,True,-0.0733121938477761
main_campaign,full_seed101_spike_0p3_noise0p1_s5_a0p3_b0p8,94,True,True,True,0.07599836559924844
main_campaign,full_seed101_spike_0p3_noise0p1_s5_a0p3_b0p8,99,True,True,True,-3.214397941574375
main_campaign,full_seed101_spike_0p3_noise0p1_s5_a0p3_b0p8,100,True,True,True,-0.04098904995877617
main_campaign,full_seed101_spike_0p3_noise0p1_s5_a0p3_b0p8,104,True,True,True,0.09756224135185665
main_campaign,full_seed101_spike_0p3_noise0p1_s5_a0p3_b0p8,149,True,True,True,2.9556820416346783
main_campaign,full_seed101_spike_0p3_noise0p1_s5_a0p3_b0p8,156,True,True,True,-3.096479228909929
main_campaign,full_seed101_spike_0p3_noise0p1_s5_a0p3_b0p8,161,True,True,True,3.2021457984103945
main_campaign,full_seed101_spike_0p3_noise0p1_s5_a0p3_b0p8,162,True,True,True,3.215836445005334
main_campaign,full_seed101_spike_0p3_noise0p1_s5_a0p3_b0p8,164,True,True,True,-0.017470481706378216
main_campaign,full_seed101_spike_0p3_noise0p1_s5_a0p3_b0p8,178,True,True,True,-0.03665609692388805
main_campaign,full_seed101_spike_0p3_noise0p1_s9_a0p2_b0p7,103,True,True,True,-0.005543208076143447
main_campaign,full_seed101_spike_0p3_noise0p1_s9_a0p2_b0p7,104,True,True,True,-0.021817947411829408
main_campaign,full_seed101_spike_0p3_noise0p1_s9_a0p2_b0p7,166,True,True,True,-0.00965203318342267
main_campaign,full_seed101_spike_0p3_noise0p1_s9_a0p3_b0p8,103,True,True,True,0.0
main_campaign,full_seed101_spike_0p3_noise0p1_s9_a0p3_b0p8,104,True,True,True,0.0
main_campaign,full_seed101_spike_0p3_noise0p1_s9_a0p3_b0p8,166,True,True,True,0.0
main_campaign,full_seed101_spike_0p3_noise0p25_s5_a0p2_b0p7,149,True,True,True,5.86647598840776
main_campaign,full_seed101_spike_0p3_noise0p25_s5_a0p2_b0p7,161,True,True,True,6.386012625991597
main_campaign,full_seed101_spike_0p3_noise0p25_s5_a0p2_b0p7,178,True,True,True,-0.1834257940889774
main_campaign,full_seed101_spike_0p3_noise0p25_s5_a0p3_b0p8,149,True,True,True,2.93323799420388
main_campaign,full_seed101_spike_0p3_noise0p25_s5_a0p3_b0p8,161,True,True,True,3.193006312995799
main_campaign,full_seed101_spike_0p3_noise0p25_s5_a0p3_b0p8,178,True,True,True,-0.0917128970444887
main_campaign,full_seed101_spike_0p3_noise0p5_s5_a0p2_b0p7,142,True,True,True,-6.470590698176745
main_campaign,full_seed101_spike_0p3_noise0p5_s5_a0p3_b0p8,142,True,True,True,-3.235295349088373
main_campaign,full_seed101_spike_0p4_noise0p1_s5_a0p2_b0p7,94,True,True,True,0.15199673119849688
main_campaign,full_seed101_spike_0p4_noise0p1_s5_a0p2_b0p7,99,True,True,True,-6.428795883148748
main_campaign,full_seed101_spike_0p4_noise0p1_s5_a0p2_b0p7,100,True,True,True,-0.08197809991755234
main_campaign,full_seed101_spike_0p4_noise0p1_s5_a0p2_b0p7,104,True,True,True,0.1951244827037133
main_campaign,full_seed101_spike_0p4_noise0p1_s5_a0p2_b0p7,149,True,True,True,5.911364083269357
main_campaign,full_seed101_spike_0p4_noise0p1_s5_a0p2_b0p7,156,True,True,True,-6.1929584578198575
main_campaign,full_seed101_spike_0p4_noise0p1_s5_a0p2_b0p7,161,True,True,True,6.404291596820788
main_campaign,full_seed101_spike_0p4_noise0p1_s5_a0p2_b0p7,162,True,True,True,6.431672890010667
main_campaign,full_seed101_spike_0p4_noise0p1_s5_a0p2_b0p7,164,True,True,True,-0.03494096341275643
main_campaign,full_seed101_spike_0p4_noise0p1_s5_a0p2_b0p7,178,True,True,True,-0.0733121938477761
main_campaign,full_seed101_spike_0p4_noise0p1_s5_a0p3_b0p8,94,True,True,True,0.07599836559924844
main_campaign,full_seed101_spike_0p4_noise0p1_s5_a0p3_b0p8,99,True,True,True,-3.214397941574375
main_campaign,full_seed101_spike_0p4_noise0p1_s5_a0p3_b0p8,100,True,True,True,-0.04098904995877617
main_campaign,full_seed101_spike_0p4_noise0p1_s5_a0p3_b0p8,104,True,True,True,0.09756224135185665
main_campaign,full_seed101_spike_0p4_noise0p1_s5_a0p3_b0p8,149,True,True,True,2.9556820416346783
main_campaign,full_seed101_spike_0p4_noise0p1_s5_a0p3_b0p8,156,True,True,True,-3.096479228909929
main_campaign,full_seed101_spike_0p4_noise0p1_s5_a0p3_b0p8,161,True,True,True,3.2021457984103945
main_campaign,full_seed101_spike_0p4_noise0p1_s5_a0p3_b0p8,162,True,True,True,3.215836445005334
main_campaign,full_seed101_spike_0p4_noise0p1_s5_a0p3_b0p8,164,True,True,True,-0.017470481706378216
main_campaign,full_seed101_spike_0p4_noise0p1_s5_a0p3_b0p8,178,True,True,True,-0.03665609692388805
main_campaign,full_seed101_spike_0p4_noise0p25_s5_a0p2_b0p7,149,True,True,True,5.86647598840776
main_campaign,full_seed101_spike_0p4_noise0p25_s5_a0p2_b0p7,161,True,True,True,6.386012625991597
main_campaign,full_seed101_spike_0p4_noise0p25_s5_a0p2_b0p7,178,True,True,True,-0.1834257940889774
main_campaign,full_seed101_spike_0p4_noise0p25_s5_a0p3_b0p8,149,True,True,True,2.93323799420388
main_campaign,full_seed101_spike_0p4_noise0p25_s5_a0p3_b0p8,161,True,True,True,3.193006312995799
main_campaign,full_seed101_spike_0p4_noise0p25_s5_a0p3_b0p8,178,True,True,True,-0.0917128970444887
main_campaign,full_seed101_spike_0p4_noise0p5_s5_a0p2_b0p7,142,True,True,True,-6.470590698176745
main_campaign,full_seed101_spike_0p4_noise0p5_s5_a0p3_b0p8,142,True,True,True,-3.235295349088373
main_campaign,full_seed11_bias_0p3_noise0p25_s5_a0p2_b0p7,161,True,True,True,0.13732562990760222
main_campaign,full_seed11_bias_0p3_noise0p25_s5_a0p3_b0p8,161,True,True,True,0.06866281495380111
main_campaign,full_seed11_bias_0p4_noise0p25_s5_a0p2_b0p7,161,True,True,True,0.13732562990760222
main_campaign,full_seed11_bias_0p4_noise0p25_s5_a0p3_b0p8,161,True,True,True,0.06866281495380111
main_campaign,full_seed11_drift_0p3_noise0p25_s5_a0p2_b0p7,161,True,True,True,0.13732562990760266
main_campaign,full_seed11_drift_0p3_noise0p25_s5_a0p3_b0p8,161,True,True,True,0.06866281495380111
main_campaign,full_seed11_drift_0p4_noise0p25_s5_a0p2_b0p7,161,True,True,True,0.13732562990760266
main_campaign,full_seed11_drift_0p4_noise0p25_s5_a0p3_b0p8,161,True,True,True,0.06866281495380111
main_campaign,full_seed11_mixed_0p3_noise0p1_s5_a0p2_b0p7,156,True,True,True,0.16322093701258567
main_campaign,full_seed11_mixed_0p3_noise0p1_s5_a0p3_b0p8,156,True,True,True,0.08161046850629283
main_campaign,full_seed11_mixed_0p3_noise0p25_s5_a0p2_b0p7,150,True,True,True,0.04276238892585926
main_campaign,full_seed11_mixed_0p3_noise0p25_s5_a0p3_b0p8,150,True,True,True,0.02138119446292963
main_campaign,full_seed11_mixed_0p4_noise0p1_s5_a0p2_b0p7,156,True,True,True,0.16322093701258567
main_campaign,full_seed11_mixed_0p4_noise0p1_s5_a0p3_b0p8,156,True,True,True,0.08161046850629283
main_campaign,full_seed11_mixed_0p4_noise0p25_s5_a0p2_b0p7,150,True,True,True,0.04276238892585926
main_campaign,full_seed11_mixed_0p4_noise0p25_s5_a0p3_b0p8,150,True,True,True,0.02138119446292963
main_campaign,full_seed11_spike_0p3_noise0p1_s5_a0p2_b0p7,94,True,True,True,0.22783418286224322
main_campaign,full_seed11_spike_0p3_noise0p1_s5_a0p2_b0p7,104,True,True,True,6.5858981787056425
main_campaign,full_seed11_spike_0p3_noise0p1_s5_a0p2_b0p7,156,True,True,True,0.16322093701258567
main_campaign,full_seed11_spike_0p3_noise0p1_s5_a0p2_b0p7,161,True,True,True,0.06481679838719057
main_campaign,full_seed11_spike_0p3_noise0p1_s5_a0p2_b0p7,164,True,True,True,6.440647604222498
main_campaign,full_seed11_spike_0p3_noise0p1_s5_a0p2_b0p7,166,True,True,True,-6.450911585726171
main_campaign,full_seed11_spike_0p3_noise0p1_s5_a0p3_b0p8,94,True,True,True,0.11391709143112161
main_campaign,full_seed11_spike_0p3_noise0p1_s5_a0p3_b0p8,104,True,True,True,3.292949089352822
main_campaign,full_seed11_spike_0p3_noise0p1_s5_a0p3_b0p8,156,True,True,True,0.08161046850629283
main_campaign,full_seed11_spike_0p3_noise0p1_s5_a0p3_b0p8,161,True,True,True,0.03240839919359573
main_campaign,full_seed11_spike_0p3_noise0p1_s5_a0p3_b0p8,164,True,True,True,3.2203238021112495
main_campaign,full_seed11_spike_0p3_noise0p1_s5_a0p3_b0p8,166,True,True,True,-3.2254557928630856
main_campaign,full_seed11_spike_0p3_noise0p1_s9_a0p2_b0p7,104,True,True,True,-0.020611351285574564
main_campaign,full_seed11_spike_0p3_noise0p1_s9_a0p2_b0p7,105,True,True,True,0.01980963528396651
main_campaign,full_seed11_spike_0p3_noise0p1_s9_a0p2_b0p7,169,True,True,True,0.01112946742761245
main_campaign,full_seed11_spike_0p3_noise0p1_s9_a0p3_b0p8,104,True,True,True,0.0
main_campaign,full_seed11_spike_0p3_noise0p1_s9_a0p3_b0p8,105,True,True,True,0.0
main_campaign,full_seed11_spike_0p3_noise0p1_s9_a0p3_b0p8,169,True,True,True,0.0
main_campaign,full_seed11_spike_0p3_noise0p25_s5_a0p2_b0p7,150,True,True,True,6.4427623889258605
main_campaign,full_seed11_spike_0p3_noise0p25_s5_a0p2_b0p7,161,True,True,True,0.13732562990760222
main_campaign,full_seed11_spike_0p3_noise0p25_s5_a0p3_b0p8,150,True,True,True,3.2213811944629307
main_campaign,full_seed11_spike_0p3_noise0p25_s5_a0p3_b0p8,161,True,True,True,0.06866281495380111
main_campaign,full_seed11_spike_0p3_noise0p25_s9_a0p2_b0p7,169,True,True,True,0.015524249378423394
main_campaign,full_seed11_spike_0p3_noise0p25_s9_a0p3_b0p8,169,True,True,True,0.0
main_campaign,full_seed11_spike_0p3_noise0p5_s5_a0p2_b0p7,161,True,True,True,0.2581736824416243
main_campaign,full_seed11_spike_0p3_noise0p5_s5_a0p3_b0p8,161,True,True,True,0.12908684122081215
main_campaign,full_seed11_spike_0p4_noise0p1_s5_a0p2_b0p7,94,True,True,True,0.22783418286224322
main_campaign,full_seed11_spike_0p4_noise0p1_s5_a0p2_b0p7,104,True,True,True,6.5858981787056425
main_campaign,full_seed11_spike_0p4_noise0p1_s5_a0p2_b0p7,156,True,True,True,0.16322093701258567
main_campaign,full_seed11_spike_0p4_noise0p1_s5_a0p2_b0p7,161,True,True,True,0.06481679838719057
main_campaign,full_seed11_spike_0p4_noise0p1_s5_a0p2_b0p7,164,True,True,True,6.440647604222498
main_campaign,full_seed11_spike_0p4_noise0p1_s5_a0p2_b0p7,166,True,True,True,-6.450911585726171
main_campaign,full_seed11_spike_0p4_noise0p1_s5_a0p3_b0p8,94,True,True,True,0.11391709143112161
main_campaign,full_seed11_spike_0p4_noise0p1_s5_a0p3_b0p8,104,True,True,True,3.292949089352822
main_campaign,full_seed11_spike_0p4_noise0p1_s5_a0p3_b0p8,156,True,True,True,0.08161046850629283
main_campaign,full_seed11_spike_0p4_noise0p1_s5_a0p3_b0p8,161,True,True,True,0.03240839919359573
main_campaign,full_seed11_spike_0p4_noise0p1_s5_a0p3_b0p8,164,True,True,True,3.2203238021112495
main_campaign,full_seed11_spike_0p4_noise0p1_s5_a0p3_b0p8,166,True,True,True,-3.2254557928630856
main_campaign,full_seed11_spike_0p4_noise0p25_s5_a0p2_b0p7,150,True,True,True,6.4427623889258605
main_campaign,full_seed11_spike_0p4_noise0p25_s5_a0p2_b0p7,161,True,True,True,0.13732562990760222
main_campaign,full_seed11_spike_0p4_noise0p25_s5_a0p3_b0p8,150,True,True,True,3.2213811944629307
main_campaign,full_seed11_spike_0p4_noise0p25_s5_a0p3_b0p8,161,True,True,True,0.06866281495380111
main_campaign,full_seed11_spike_0p4_noise0p5_s5_a0p2_b0p7,161,True,True,True,0.2581736824416243
main_campaign,full_seed11_spike_0p4_noise0p5_s5_a0p3_b0p8,161,True,True,True,0.12908684122081215
main_campaign,full_seed42_bias_0p3_noise0p1_s5_a0p2_b0p7,166,True,True,True,0.04206148018778588
main_campaign,full_seed42_bias_0p3_noise0p1_s5_a0p3_b0p8,166,True,True,True,0.021030740093893385
main_campaign,full_seed42_bias_0p4_noise0p1_s5_a0p2_b0p7,166,True,True,True,0.04206148018778588
main_campaign,full_seed42_bias_0p4_noise0p1_s5_a0p3_b0p8,166,True,True,True,0.021030740093893385
main_campaign,full_seed42_mixed_0p3_noise0p1_s5_a0p2_b0p7,149,True,True,True,6.0040820578972625
main_campaign,full_seed42_mixed_0p3_noise0p1_s5_a0p2_b0p7,155,True,True,True,6.055637267211695
main_campaign,full_seed42_mixed_0p3_noise0p1_s5_a0p3_b0p8,149,True,True,True,3.0020410289486312
main_campaign,full_seed42_mixed_0p3_noise0p1_s5_a0p3_b0p8,155,True,True,True,3.0278186336058477
main_campaign,full_seed42_mixed_0p4_noise0p1_s5_a0p2_b0p7,149,True,True,True,6.0040820578972625
main_campaign,full_seed42_mixed_0p4_noise0p1_s5_a0p2_b0p7,155,True,True,True,6.055637267211695
main_campaign,full_seed42_mixed_0p4_noise0p1_s5_a0p3_b0p8,149,True,True,True,3.0020410289486312
main_campaign,full_seed42_mixed_0p4_noise0p1_s5_a0p3_b0p8,155,True,True,True,3.0278186336058477
main_campaign,full_seed42_spike_0p3_noise0p1_s5_a0p2_b0p7,93,True,True,True,-6.698453819722604
main_campaign,full_seed42_spike_0p3_noise0p1_s5_a0p2_b0p7,102,True,True,True,-0.017035028792069085
main_campaign,full_seed42_spike_0p3_noise0p1_s5_a0p2_b0p7,104,True,True,True,6.47013291076858
main_campaign,full_seed42_spike_0p3_noise0p1_s5_a0p2_b0p7,149,True,True,True,-6.79591794210274
main_campaign,full_seed42_spike_0p3_noise0p1_s5_a0p2_b0p7,156,True,True,True,0.12234311883855264
main_campaign,full_seed42_spike_0p3_noise0p1_s5_a0p2_b0p7,163,True,True,True,6.415760233598375
main_campaign,full_seed42_spike_0p3_noise0p1_s5_a0p2_b0p7,164,True,True,True,0.012789750899859342
main_campaign,full_seed42_spike_0p3_noise0p1_s5_a0p2_b0p7,165,True,True,True,-0.02538666246717458
main_campaign,full_seed42_spike_0p3_noise0p1_s5_a0p2_b0p7,166,True,True,True,-6.3579385198122145
main_campaign,full_seed42_spike_0p3_noise0p1_s5_a0p2_b0p7,173,True,True,True,6.468543646965771
main_campaign,full_seed42_spike_0p3_noise0p1_s5_a0p2_b0p7,179,True,True,True,-6.442613517018984
main_campaign,full_seed42_spike_0p3_noise0p1_s5_a0p3_b0p8,93,True,True,True,-3.3492269098613026
main_campaign,full_seed42_spike_0p3_noise0p1_s5_a0p3_b0p8,102,True,True,True,-0.008517514396034542
main_campaign,full_seed42_spike_0p3_noise0p1_s5_a0p3_b0p8,104,True,True,True,3.235066455384291
main_campaign,full_seed42_spike_0p3_noise0p1_s5_a0p3_b0p8,149,True,True,True,-3.397958971051371
main_campaign,full_seed42_spike_0p3_noise0p1_s5_a0p3_b0p8,156,True,True,True,0.06117155941927632
main_campaign,full_seed42_spike_0p3_noise0p1_s5_a0p3_b0p8,163,True,True,True,3.2078801167991884
main_campaign,full_seed42_spike_0p3_noise0p1_s5_a0p3_b0p8,164,True,True,True,0.006394875449929671
main_campaign,full_seed42_spike_0p3_noise0p1_s5_a0p3_b0p8,165,True,True,True,-0.012693331233587513
main_campaign,full_seed42_spike_0p3_noise0p1_s5_a0p3_b0p8,166,True,True,True,-3.1789692599061077
main_campaign,full_seed42_spike_0p3_noise0p1_s5_a0p3_b0p8,173,True,True,True,3.234271823482886
main_campaign,full_seed42_spike_0p3_noise0p1_s5_a0p3_b0p8,179,True,True,True,-3.2213067585094928
main_campaign,full_seed42_spike_0p4_noise0p1_s5_a0p2_b0p7,93,True,True,True,-6.698453819722604
main_campaign,full_seed42_spike_0p4_noise0p1_s5_a0p2_b0p7,102,True,True,True,-0.017035028792069085
main_campaign,full_seed42_spike_0p4_noise0p1_s5_a0p2_b0p7,104,True,True,True,6.47013291076858
main_campaign,full_seed42_spike_0p4_noise0p1_s5_a0p2_b0p7,149,True,True,True,-6.79591794210274
main_campaign,full_seed42_spike_0p4_noise0p1_s5_a0p2_b0p7,156,True,True,True,0.12234311883855264
main_campaign,full_seed42_spike_0p4_noise0p1_s5_a0p2_b0p7,163,True,True,True,6.415760233598375
main_campaign,full_seed42_spike_0p4_noise0p1_s5_a0p2_b0p7,164,True,True,True,0.012789750899859342
main_campaign,full_seed42_spike_0p4_noise0p1_s5_a0p2_b0p7,165,True,True,True,-0.02538666246717458
main_campaign,full_seed42_spike_0p4_noise0p1_s5_a0p2_b0p7,166,True,True,True,-6.3579385198122145
main_campaign,full_seed42_spike_0p4_noise0p1_s5_a0p2_b0p7,173,True,True,True,6.468543646965771
main_campaign,full_seed42_spike_0p4_noise0p1_s5_a0p2_b0p7,179,True,True,True,-6.442613517018984
main_campaign,full_seed42_spike_0p4_noise0p1_s5_a0p3_b0p8,93,True,True,True,-3.3492269098613026
main_campaign,full_seed42_spike_0p4_noise0p1_s5_a0p3_b0p8,102,True,True,True,-0.008517514396034542
main_campaign,full_seed42_spike_0p4_noise0p1_s5_a0p3_b0p8,104,True,True,True,3.235066455384291
main_campaign,full_seed42_spike_0p4_noise0p1_s5_a0p3_b0p8,149,True,True,True,-3.397958971051371
main_campaign,full_seed42_spike_0p4_noise0p1_s5_a0p3_b0p8,156,True,True,True,0.06117155941927632
main_campaign,full_seed42_spike_0p4_noise0p1_s5_a0p3_b0p8,163,True,True,True,3.2078801167991884
main_campaign,full_seed42_spike_0p4_noise0p1_s5_a0p3_b0p8,164,True,True,True,0.006394875449929671
main_campaign,full_seed42_spike_0p4_noise0p1_s5_a0p3_b0p8,165,True,True,True,-0.012693331233587513
main_campaign,full_seed42_spike_0p4_noise0p1_s5_a0p3_b0p8,166,True,True,True,-3.1789692599061077
main_campaign,full_seed42_spike_0p4_noise0p1_s5_a0p3_b0p8,173,True,True,True,3.234271823482886
main_campaign,full_seed42_spike_0p4_noise0p1_s5_a0p3_b0p8,179,True,True,True,-3.2213067585094928
robust_extension,full_seed101_bias_0p3_noise0p1_s5_a0p2_b0p7,100,True,True,True,-0.08197809991755234
robust_extension,full_seed101_bias_0p3_noise0p1_s5_a0p3_b0p8,100,True,True,True,-0.04098904995877639
robust_extension,full_seed101_bias_0p3_noise0p1_s9_a0p2_b0p7,104,True,True,True,-0.00013744933363923906
robust_extension,full_seed101_bias_0p3_noise0p1_s9_a0p3_b0p8,104,True,True,True,0.0
robust_extension,full_seed101_bias_0p3_noise0p25_s5_a0p2_b0p7,178,True,True,True,-0.1834257940889774
robust_extension,full_seed101_bias_0p3_noise0p25_s5_a0p3_b0p8,178,True,True,True,-0.0917128970444887
robust_extension,full_seed101_bias_0p4_noise0p1_s5_a0p2_b0p7,100,True,True,True,-0.08197809991755234
robust_extension,full_seed101_bias_0p4_noise0p1_s5_a0p3_b0p8,100,True,True,True,-0.04098904995877639
robust_extension,full_seed101_bias_0p4_noise0p25_s5_a0p2_b0p7,178,True,True,True,-0.1834257940889774
robust_extension,full_seed101_bias_0p4_noise0p25_s5_a0p3_b0p8,178,True,True,True,-0.0917128970444887
robust_extension,full_seed101_mixed_0p3_noise0p1_s5_a0p2_b0p7,100,True,True,True,-0.08197809991755234
robust_extension,full_seed101_mixed_0p3_noise0p1_s5_a0p2_b0p7,149,True,True,True,-0.48863591673064466
robust_extension,full_seed101_mixed_0p3_noise0p1_s5_a0p2_b0p7,156,True,True,True,0.20704154218014414
robust_extension,full_seed101_mixed_0p3_noise0p1_s5_a0p3_b0p8,100,True,True,True,-0.04098904995877639
robust_extension,full_seed101_mixed_0p3_noise0p1_s5_a0p3_b0p8,149,True,True,True,-0.24431795836532189
robust_extension,full_seed101_mixed_0p3_noise0p1_s5_a0p3_b0p8,156,True,True,True,0.1035207710900723
robust_extension,full_seed101_mixed_0p3_noise0p25_s5_a0p2_b0p7,147,True,True,True,6.495502734738709
robust_extension,full_seed101_mixed_0p3_noise0p25_s5_a0p3_b0p8,147,True,True,True,3.2477513673693554
robust_extension,full_seed101_mixed_0p3_noise0p5_s5_a0p2_b0p7,142,True,True,True,-0.07059069817674457
robust_extension,full_seed101_mixed_0p3_noise0p5_s5_a0p3_b0p8,142,True,True,True,-0.035295349088372285
robust_extension,full_seed101_mixed_0p4_noise0p1_s5_a0p2_b0p7,100,True,True,True,-0.08197809991755234
robust_extension,full_seed101_mixed_0p4_noise0p1_s5_a0p2_b0p7,149,True,True,True,-0.48863591673064466
robust_extension,full_seed101_mixed_0p4_noise0p1_s5_a0p2_b0p7,156,True,True,True,0.20704154218014414
robust_extension,full_seed101_mixed_0p4_noise0p1_s5_a0p3_b0p8,100,True,True,True,-0.04098904995877639
robust_extension,full_seed101_mixed_0p4_noise0p1_s5_a0p3_b0p8,149,True,True,True,-0.24431795836532189
robust_extension,full_seed101_mixed_0p4_noise0p1_s5_a0p3_b0p8,156,True,True,True,0.1035207710900723
robust_extension,full_seed101_mixed_0p4_noise0p25_s5_a0p2_b0p7,147,True,True,True,6.495502734738709
robust_extension,full_seed101_mixed_0p4_noise0p25_s5_a0p3_b0p8,147,True,True,True,3.2477513673693554
robust_extension,full_seed101_mixed_0p4_noise0p5_s5_a0p2_b0p7,142,True,True,True,-0.07059069817674457
robust_extension,full_seed101_mixed_0p4_noise0p5_s5_a0p3_b0p8,142,True,True,True,-0.035295349088372285
robust_extension,full_seed101_spike_0p3_noise0p1_s5_a0p2_b0p7,94,True,True,True,0.15199673119849688
robust_extension,full_seed101_spike_0p3_noise0p1_s5_a0p2_b0p7,99,True,True,True,-6.428795883148748
robust_extension,full_seed101_spike_0p3_noise0p1_s5_a0p2_b0p7,100,True,True,True,-0.08197809991755234
robust_extension,full_seed101_spike_0p3_noise0p1_s5_a0p2_b0p7,104,True,True,True,0.1951244827037133
robust_extension,full_seed101_spike_0p3_noise0p1_s5_a0p2_b0p7,149,True,True,True,5.911364083269357
robust_extension,full_seed101_spike_0p3_noise0p1_s5_a0p2_b0p7,156,True,True,True,-6.1929584578198575
robust_extension,full_seed101_spike_0p3_noise0p1_s5_a0p2_b0p7,161,True,True,True,6.404291596820788
robust_extension,full_seed101_spike_0p3_noise0p1_s5_a0p2_b0p7,162,True,True,True,6.431672890010667
robust_extension,full_seed101_spike_0p3_noise0p1_s5_a0p2_b0p7,164,True,True,True,-0.03494096341275643
robust_extension,full_seed101_spike_0p3_noise0p1_s5_a0p2_b0p7,178,True,True,True,-0.0733121938477761
robust_extension,full_seed101_spike_0p3_noise0p1_s5_a0p3_b0p8,94,True,True,True,0.07599836559924844
robust_extension,full_seed101_spike_0p3_noise0p1_s5_a0p3_b0p8,99,True,True,True,-3.214397941574375
robust_extension,full_seed101_spike_0p3_noise0p1_s5_a0p3_b0p8,100,True,True,True,-0.04098904995877617
robust_extension,full_seed101_spike_0p3_noise0p1_s5_a0p3_b0p8,104,True,True,True,0.09756224135185665
robust_extension,full_seed101_spike_0p3_noise0p1_s5_a0p3_b0p8,149,True,True,True,2.9556820416346783
robust_extension,full_seed101_spike_0p3_noise0p1_s5_a0p3_b0p8,156,True,True,True,-3.096479228909929
robust_extension,full_seed101_spike_0p3_noise0p1_s5_a0p3_b0p8,161,True,True,True,3.2021457984103945
robust_extension,full_seed101_spike_0p3_noise0p1_s5_a0p3_b0p8,162,True,True,True,3.215836445005334
robust_extension,full_seed101_spike_0p3_noise0p1_s5_a0p3_b0p8,164,True,True,True,-0.017470481706378216
robust_extension,full_seed101_spike_0p3_noise0p1_s5_a0p3_b0p8,178,True,True,True,-0.03665609692388805
robust_extension,full_seed101_spike_0p3_noise0p1_s9_a0p2_b0p7,103,True,True,True,-0.005543208076143447
robust_extension,full_seed101_spike_0p3_noise0p1_s9_a0p2_b0p7,104,True,True,True,-0.021817947411829408
robust_extension,full_seed101_spike_0p3_noise0p1_s9_a0p2_b0p7,166,True,True,True,-0.00965203318342267
robust_extension,full_seed101_spike_0p3_noise0p1_s9_a0p3_b0p8,103,True,True,True,0.0
robust_extension,full_seed101_spike_0p3_noise0p1_s9_a0p3_b0p8,104,True,True,True,0.0
robust_extension,full_seed101_spike_0p3_noise0p1_s9_a0p3_b0p8,166,True,True,True,0.0
robust_extension,full_seed101_spike_0p3_noise0p25_s5_a0p2_b0p7,149,True,True,True,5.86647598840776
robust_extension,full_seed101_spike_0p3_noise0p25_s5_a0p2_b0p7,161,True,True,True,6.386012625991597
robust_extension,full_seed101_spike_0p3_noise0p25_s5_a0p2_b0p7,178,True,True,True,-0.1834257940889774
robust_extension,full_seed101_spike_0p3_noise0p25_s5_a0p3_b0p8,149,True,True,True,2.93323799420388
robust_extension,full_seed101_spike_0p3_noise0p25_s5_a0p3_b0p8,161,True,True,True,3.193006312995799
robust_extension,full_seed101_spike_0p3_noise0p25_s5_a0p3_b0p8,178,True,True,True,-0.0917128970444887
robust_extension,full_seed101_spike_0p3_noise0p5_s5_a0p2_b0p7,142,True,True,True,-6.470590698176745
robust_extension,full_seed101_spike_0p3_noise0p5_s5_a0p3_b0p8,142,True,True,True,-3.235295349088373
robust_extension,full_seed101_spike_0p4_noise0p1_s5_a0p2_b0p7,94,True,True,True,0.15199673119849688
robust_extension,full_seed101_spike_0p4_noise0p1_s5_a0p2_b0p7,99,True,True,True,-6.428795883148748
robust_extension,full_seed101_spike_0p4_noise0p1_s5_a0p2_b0p7,100,True,True,True,-0.08197809991755234
robust_extension,full_seed101_spike_0p4_noise0p1_s5_a0p2_b0p7,104,True,True,True,0.1951244827037133
robust_extension,full_seed101_spike_0p4_noise0p1_s5_a0p2_b0p7,149,True,True,True,5.911364083269357
robust_extension,full_seed101_spike_0p4_noise0p1_s5_a0p2_b0p7,156,True,True,True,-6.1929584578198575
robust_extension,full_seed101_spike_0p4_noise0p1_s5_a0p2_b0p7,161,True,True,True,6.404291596820788
robust_extension,full_seed101_spike_0p4_noise0p1_s5_a0p2_b0p7,162,True,True,True,6.431672890010667
robust_extension,full_seed101_spike_0p4_noise0p1_s5_a0p2_b0p7,164,True,True,True,-0.03494096341275643
robust_extension,full_seed101_spike_0p4_noise0p1_s5_a0p2_b0p7,178,True,True,True,-0.0733121938477761
robust_extension,full_seed101_spike_0p4_noise0p1_s5_a0p3_b0p8,94,True,True,True,0.07599836559924844
robust_extension,full_seed101_spike_0p4_noise0p1_s5_a0p3_b0p8,99,True,True,True,-3.214397941574375
robust_extension,full_seed101_spike_0p4_noise0p1_s5_a0p3_b0p8,100,True,True,True,-0.04098904995877617
robust_extension,full_seed101_spike_0p4_noise0p1_s5_a0p3_b0p8,104,True,True,True,0.09756224135185665
robust_extension,full_seed101_spike_0p4_noise0p1_s5_a0p3_b0p8,149,True,True,True,2.9556820416346783
robust_extension,full_seed101_spike_0p4_noise0p1_s5_a0p3_b0p8,156,True,True,True,-3.096479228909929
robust_extension,full_seed101_spike_0p4_noise0p1_s5_a0p3_b0p8,161,True,True,True,3.2021457984103945
robust_extension,full_seed101_spike_0p4_noise0p1_s5_a0p3_b0p8,162,True,True,True,3.215836445005334
robust_extension,full_seed101_spike_0p4_noise0p1_s5_a0p3_b0p8,164,True,True,True,-0.017470481706378216
robust_extension,full_seed101_spike_0p4_noise0p1_s5_a0p3_b0p8,178,True,True,True,-0.03665609692388805
robust_extension,full_seed101_spike_0p4_noise0p25_s5_a0p2_b0p7,149,True,True,True,5.86647598840776
robust_extension,full_seed101_spike_0p4_noise0p25_s5_a0p2_b0p7,161,True,True,True,6.386012625991597
robust_extension,full_seed101_spike_0p4_noise0p25_s5_a0p2_b0p7,178,True,True,True,-0.1834257940889774
robust_extension,full_seed101_spike_0p4_noise0p25_s5_a0p3_b0p8,149,True,True,True,2.93323799420388
robust_extension,full_seed101_spike_0p4_noise0p25_s5_a0p3_b0p8,161,True,True,True,3.193006312995799
robust_extension,full_seed101_spike_0p4_noise0p25_s5_a0p3_b0p8,178,True,True,True,-0.0917128970444887
robust_extension,full_seed101_spike_0p4_noise0p5_s5_a0p2_b0p7,142,True,True,True,-6.470590698176745
robust_extension,full_seed101_spike_0p4_noise0p5_s5_a0p3_b0p8,142,True,True,True,-3.235295349088373
robust_extension,full_seed11_bias_0p3_noise0p25_s5_a0p2_b0p7,161,True,True,True,0.13732562990760222
robust_extension,full_seed11_bias_0p3_noise0p25_s5_a0p3_b0p8,161,True,True,True,0.06866281495380111
robust_extension,full_seed11_bias_0p4_noise0p25_s5_a0p2_b0p7,161,True,True,True,0.13732562990760222
robust_extension,full_seed11_bias_0p4_noise0p25_s5_a0p3_b0p8,161,True,True,True,0.06866281495380111
robust_extension,full_seed11_drift_0p3_noise0p25_s5_a0p2_b0p7,161,True,True,True,0.13732562990760266
robust_extension,full_seed11_drift_0p3_noise0p25_s5_a0p3_b0p8,161,True,True,True,0.06866281495380111
robust_extension,full_seed11_drift_0p4_noise0p25_s5_a0p2_b0p7,161,True,True,True,0.13732562990760266
robust_extension,full_seed11_drift_0p4_noise0p25_s5_a0p3_b0p8,161,True,True,True,0.06866281495380111
robust_extension,full_seed11_mixed_0p3_noise0p1_s5_a0p2_b0p7,156,True,True,True,0.16322093701258567
robust_extension,full_seed11_mixed_0p3_noise0p1_s5_a0p3_b0p8,156,True,True,True,0.08161046850629283
robust_extension,full_seed11_mixed_0p3_noise0p25_s5_a0p2_b0p7,150,True,True,True,0.04276238892585926
robust_extension,full_seed11_mixed_0p3_noise0p25_s5_a0p3_b0p8,150,True,True,True,0.02138119446292963
robust_extension,full_seed11_mixed_0p4_noise0p1_s5_a0p2_b0p7,156,True,True,True,0.16322093701258567
robust_extension,full_seed11_mixed_0p4_noise0p1_s5_a0p3_b0p8,156,True,True,True,0.08161046850629283
robust_extension,full_seed11_mixed_0p4_noise0p25_s5_a0p2_b0p7,150,True,True,True,0.04276238892585926
robust_extension,full_seed11_mixed_0p4_noise0p25_s5_a0p3_b0p8,150,True,True,True,0.02138119446292963
robust_extension,full_seed11_spike_0p3_noise0p1_s5_a0p2_b0p7,94,True,True,True,0.22783418286224322
robust_extension,full_seed11_spike_0p3_noise0p1_s5_a0p2_b0p7,104,True,True,True,6.5858981787056425
robust_extension,full_seed11_spike_0p3_noise0p1_s5_a0p2_b0p7,156,True,True,True,0.16322093701258567
robust_extension,full_seed11_spike_0p3_noise0p1_s5_a0p2_b0p7,161,True,True,True,0.06481679838719057
robust_extension,full_seed11_spike_0p3_noise0p1_s5_a0p2_b0p7,164,True,True,True,6.440647604222498
robust_extension,full_seed11_spike_0p3_noise0p1_s5_a0p2_b0p7,166,True,True,True,-6.450911585726171
robust_extension,full_seed11_spike_0p3_noise0p1_s5_a0p3_b0p8,94,True,True,True,0.11391709143112161
robust_extension,full_seed11_spike_0p3_noise0p1_s5_a0p3_b0p8,104,True,True,True,3.292949089352822
robust_extension,full_seed11_spike_0p3_noise0p1_s5_a0p3_b0p8,156,True,True,True,0.08161046850629283
robust_extension,full_seed11_spike_0p3_noise0p1_s5_a0p3_b0p8,161,True,True,True,0.03240839919359573
robust_extension,full_seed11_spike_0p3_noise0p1_s5_a0p3_b0p8,164,True,True,True,3.2203238021112495
robust_extension,full_seed11_spike_0p3_noise0p1_s5_a0p3_b0p8,166,True,True,True,-3.2254557928630856
robust_extension,full_seed11_spike_0p3_noise0p1_s9_a0p2_b0p7,104,True,True,True,-0.020611351285574564
robust_extension,full_seed11_spike_0p3_noise0p1_s9_a0p2_b0p7,105,True,True,True,0.01980963528396651
robust_extension,full_seed11_spike_0p3_noise0p1_s9_a0p2_b0p7,169,True,True,True,0.01112946742761245
robust_extension,full_seed11_spike_0p3_noise0p1_s9_a0p3_b0p8,104,True,True,True,0.0
robust_extension,full_seed11_spike_0p3_noise0p1_s9_a0p3_b0p8,105,True,True,True,0.0
robust_extension,full_seed11_spike_0p3_noise0p1_s9_a0p3_b0p8,169,True,True,True,0.0
robust_extension,full_seed11_spike_0p3_noise0p25_s5_a0p2_b0p7,150,True,True,True,6.4427623889258605
robust_extension,full_seed11_spike_0p3_noise0p25_s5_a0p2_b0p7,161,True,True,True,0.13732562990760222
robust_extension,full_seed11_spike_0p3_noise0p25_s5_a0p3_b0p8,150,True,True,True,3.2213811944629307
robust_extension,full_seed11_spike_0p3_noise0p25_s5_a0p3_b0p8,161,True,True,True,0.06866281495380111
robust_extension,full_seed11_spike_0p3_noise0p25_s9_a0p2_b0p7,169,True,True,True,0.015524249378423394
robust_extension,full_seed11_spike_0p3_noise0p25_s9_a0p3_b0p8,169,True,True,True,0.0
robust_extension,full_seed11_spike_0p3_noise0p5_s5_a0p2_b0p7,161,True,True,True,0.2581736824416243
robust_extension,full_seed11_spike_0p3_noise0p5_s5_a0p3_b0p8,161,True,True,True,0.12908684122081215
robust_extension,full_seed11_spike_0p4_noise0p1_s5_a0p2_b0p7,94,True,True,True,0.22783418286224322
robust_extension,full_seed11_spike_0p4_noise0p1_s5_a0p2_b0p7,104,True,True,True,6.5858981787056425
robust_extension,full_seed11_spike_0p4_noise0p1_s5_a0p2_b0p7,156,True,True,True,0.16322093701258567
robust_extension,full_seed11_spike_0p4_noise0p1_s5_a0p2_b0p7,161,True,True,True,0.06481679838719057
robust_extension,full_seed11_spike_0p4_noise0p1_s5_a0p2_b0p7,164,True,True,True,6.440647604222498
robust_extension,full_seed11_spike_0p4_noise0p1_s5_a0p2_b0p7,166,True,True,True,-6.450911585726171
robust_extension,full_seed11_spike_0p4_noise0p1_s5_a0p3_b0p8,94,True,True,True,0.11391709143112161
robust_extension,full_seed11_spike_0p4_noise0p1_s5_a0p3_b0p8,104,True,True,True,3.292949089352822
robust_extension,full_seed11_spike_0p4_noise0p1_s5_a0p3_b0p8,156,True,True,True,0.08161046850629283
robust_extension,full_seed11_spike_0p4_noise0p1_s5_a0p3_b0p8,161,True,True,True,0.03240839919359573
robust_extension,full_seed11_spike_0p4_noise0p1_s5_a0p3_b0p8,164,True,True,True,3.2203238021112495
robust_extension,full_seed11_spike_0p4_noise0p1_s5_a0p3_b0p8,166,True,True,True,-3.2254557928630856
robust_extension,full_seed11_spike_0p4_noise0p25_s5_a0p2_b0p7,150,True,True,True,6.4427623889258605
robust_extension,full_seed11_spike_0p4_noise0p25_s5_a0p2_b0p7,161,True,True,True,0.13732562990760222
robust_extension,full_seed11_spike_0p4_noise0p25_s5_a0p3_b0p8,150,True,True,True,3.2213811944629307
robust_extension,full_seed11_spike_0p4_noise0p25_s5_a0p3_b0p8,161,True,True,True,0.06866281495380111
robust_extension,full_seed11_spike_0p4_noise0p5_s5_a0p2_b0p7,161,True,True,True,0.2581736824416243
robust_extension,full_seed11_spike_0p4_noise0p5_s5_a0p3_b0p8,161,True,True,True,0.12908684122081215
robust_extension,full_seed13_bias_0p3_noise0p1_s5_a0p2_b0p7,101,True,True,True,0.06858116095385647
robust_extension,full_seed13_bias_0p3_noise0p1_s5_a0p2_b0p7,165,True,True,True,0.013762507366958499
robust_extension,full_seed13_bias_0p3_noise0p1_s5_a0p3_b0p8,101,True,True,True,0.034290580476928234
robust_extension,full_seed13_bias_0p3_noise0p1_s5_a0p3_b0p8,165,True,True,True,0.006881253683478583
robust_extension,full_seed13_bias_0p4_noise0p1_s5_a0p2_b0p7,101,True,True,True,0.06858116095385647
robust_extension,full_seed13_bias_0p4_noise0p1_s5_a0p2_b0p7,165,True,True,True,0.013762507366958499
robust_extension,full_seed13_bias_0p4_noise0p1_s5_a0p3_b0p8,101,True,True,True,0.034290580476928234
robust_extension,full_seed13_bias_0p4_noise0p1_s5_a0p3_b0p8,165,True,True,True,0.006881253683478583
robust_extension,full_seed13_mixed_0p3_noise0p1_s5_a0p2_b0p7,101,True,True,True,0.06858116095385647
robust_extension,full_seed13_mixed_0p3_noise0p1_s5_a0p2_b0p7,149,True,True,True,-6.908869524764979
robust_extension,full_seed13_mixed_0p3_noise0p1_s5_a0p2_b0p7,156,True,True,True,0.1774781702770447
robust_extension,full_seed13_mixed_0p3_noise0p1_s5_a0p3_b0p8,101,True,True,True,0.034290580476928234
robust_extension,full_seed13_mixed_0p3_noise0p1_s5_a0p3_b0p8,149,True,True,True,-3.4544347623824905
robust_extension,full_seed13_mixed_0p3_noise0p1_s5_a0p3_b0p8,156,True,True,True,0.08873908513852236
robust_extension,full_seed13_mixed_0p3_noise0p25_s5_a0p2_b0p7,149,True,True,True,-6.984108031678076
robust_extension,full_seed13_mixed_0p3_noise0p25_s5_a0p3_b0p8,149,True,True,True,-3.492054015839039
robust_extension,full_seed13_mixed_0p4_noise0p1_s5_a0p2_b0p7,101,True,True,True,0.06858116095385647
robust_extension,full_seed13_mixed_0p4_noise0p1_s5_a0p2_b0p7,149,True,True,True,-6.908869524764979
robust_extension,full_seed13_mixed_0p4_noise0p1_s5_a0p2_b0p7,156,True,True,True,0.1774781702770447
robust_extension,full_seed13_mixed_0p4_noise0p1_s5_a0p3_b0p8,101,True,True,True,0.034290580476928234
robust_extension,full_seed13_mixed_0p4_noise0p1_s5_a0p3_b0p8,149,True,True,True,-3.4544347623824905
robust_extension,full_seed13_mixed_0p4_noise0p1_s5_a0p3_b0p8,156,True,True,True,0.08873908513852236
robust_extension,full_seed13_mixed_0p4_noise0p25_s5_a0p2_b0p7,149,True,True,True,-6.984108031678076
robust_extension,full_seed13_mixed_0p4_noise0p25_s5_a0p3_b0p8,149,True,True,True,-3.492054015839039
robust_extension,full_seed13_spike_0p3_noise0p1_s5_a0p2_b0p7,100,True,True,True,6.48850384999097
robust_extension,full_seed13_spike_0p3_noise0p1_s5_a0p2_b0p7,101,True,True,True,6.468581160953859
robust_extension,full_seed13_spike_0p3_noise0p1_s5_a0p2_b0p7,104,True,True,True,0.06294938128337435
robust_extension,full_seed13_spike_0p3_noise0p1_s5_a0p2_b0p7,156,True,True,True,0.17747817027704427
robust_extension,full_seed13_spike_0p3_noise0p1_s5_a0p2_b0p7,162,True,True,True,-6.487563005933481
robust_extension,full_seed13_spike_0p3_noise0p1_s5_a0p2_b0p7,165,True,True,True,6.413762507366958
robust_extension,full_seed13_spike_0p3_noise0p1_s5_a0p2_b0p7,168,True,True,True,-6.304271677685247
robust_extension,full_seed13_spike_0p3_noise0p1_s5_a0p2_b0p7,179,True,True,True,6.413750203881165
robust_extension,full_seed13_spike_0p3_noise0p1_s5_a0p3_b0p8,100,True,True,True,3.2442519249954853
robust_extension,full_seed13_spike_0p3_noise0p1_s5_a0p3_b0p8,101,True,True,True,3.2342905804769293
robust_extension,full_seed13_spike_0p3_noise0p1_s5_a0p3_b0p8,104,True,True,True,0.031474690641687175
robust_extension,full_seed13_spike_0p3_noise0p1_s5_a0p3_b0p8,156,True,True,True,0.08873908513852213
robust_extension,full_seed13_spike_0p3_noise0p1_s5_a0p3_b0p8,162,True,True,True,-3.2437815029667414
robust_extension,full_seed13_spike_0p3_noise0p1_s5_a0p3_b0p8,165,True,True,True,3.2068812536834796
robust_extension,full_seed13_spike_0p3_noise0p1_s5_a0p3_b0p8,168,True,True,True,-3.152135838842624
robust_extension,full_seed13_spike_0p3_noise0p1_s5_a0p3_b0p8,179,True,True,True,3.206875101940583
robust_extension,full_seed13_spike_0p3_noise0p1_s9_a0p2_b0p7,104,True,True,True,-0.7401682197358279
robust_extension,full_seed13_spike_0p3_noise0p1_s9_a0p2_b0p7,105,True,True,True,-0.00484852975016592
robust_extension,full_seed13_spike_0p3_noise0p1_s9_a0p2_b0p7,168,True,True,True,-0.048481327849146716
robust_extension,full_seed13_spike_0p3_noise0p1_s9_a0p3_b0p8,104,True,True,True,0.0
robust_extension,full_seed13_spike_0p3_noise0p1_s9_a0p3_b0p8,105,True,True,True,0.0
robust_extension,full_seed13_spike_0p3_noise0p1_s9_a0p3_b0p8,168,True,True,True,0.0
robust_extension,full_seed13_spike_0p3_noise0p25_s5_a0p2_b0p7,101,True,True,True,6.571307592915106
robust_extension,full_seed13_spike_0p3_noise0p25_s5_a0p2_b0p7,117,True,True,True,-0.4589844080063621
robust_extension,full_seed13_spike_0p3_noise0p25_s5_a0p2_b0p7,149,True,True,True,-0.5841080316780758
robust_extension,full_seed13_spike_0p3_noise0p25_s5_a0p2_b0p7,165,True,True,True,6.434260958947857
robust_extension,full_seed13_spike_0p3_noise0p25_s5_a0p3_b0p8,101,True,True,True,3.285653796457553
robust_extension,full_seed13_spike_0p3_noise0p25_s5_a0p3_b0p8,117,True,True,True,-0.22949220400318104
robust_extension,full_seed13_spike_0p3_noise0p25_s5_a0p3_b0p8,149,True,True,True,-0.2920540158390379
robust_extension,full_seed13_spike_0p3_noise0p25_s5_a0p3_b0p8,165,True,True,True,3.2171304794739295
robust_extension,full_seed13_spike_0p3_noise0p5_s5_a0p2_b0p7,110,True,True,True,6.436642098457047
robust_extension,full_seed13_spike_0p3_noise0p5_s5_a0p3_b0p8,110,True,True,True,3.218321049228524
robust_extension,full_seed13_spike_0p4_noise0p1_s5_a0p2_b0p7,100,True,True,True,6.48850384999097
robust_extension,full_seed13_spike_0p4_noise0p1_s5_a0p2_b0p7,101,True,True,True,6.468581160953859
robust_extension,full_seed13_spike_0p4_noise0p1_s5_a0p2_b0p7,104,True,True,True,0.06294938128337435
robust_extension,full_seed13_spike_0p4_noise0p1_s5_a0p2_b0p7,156,True,True,True,0.17747817027704427
robust_extension,full_seed13_spike_0p4_noise0p1_s5_a0p2_b0p7,162,True,True,True,-6.487563005933481
robust_extension,full_seed13_spike_0p4_noise0p1_s5_a0p2_b0p7,165,True,True,True,6.413762507366958
robust_extension,full_seed13_spike_0p4_noise0p1_s5_a0p2_b0p7,168,True,True,True,-6.304271677685247
robust_extension,full_seed13_spike_0p4_noise0p1_s5_a0p2_b0p7,179,True,True,True,6.413750203881165
robust_extension,full_seed13_spike_0p4_noise0p1_s5_a0p3_b0p8,100,True,True,True,3.2442519249954853
robust_extension,full_seed13_spike_0p4_noise0p1_s5_a0p3_b0p8,101,True,True,True,3.2342905804769293
robust_extension,full_seed13_spike_0p4_noise0p1_s5_a0p3_b0p8,104,True,True,True,0.031474690641687175
robust_extension,full_seed13_spike_0p4_noise0p1_s5_a0p3_b0p8,156,True,True,True,0.08873908513852213
robust_extension,full_seed13_spike_0p4_noise0p1_s5_a0p3_b0p8,162,True,True,True,-3.2437815029667414
robust_extension,full_seed13_spike_0p4_noise0p1_s5_a0p3_b0p8,165,True,True,True,3.2068812536834796
robust_extension,full_seed13_spike_0p4_noise0p1_s5_a0p3_b0p8,168,True,True,True,-3.152135838842624
robust_extension,full_seed13_spike_0p4_noise0p1_s5_a0p3_b0p8,179,True,True,True,3.206875101940583
robust_extension,full_seed13_spike_0p4_noise0p25_s5_a0p2_b0p7,101,True,True,True,6.571307592915106
robust_extension,full_seed13_spike_0p4_noise0p25_s5_a0p2_b0p7,117,True,True,True,-0.4589844080063621
robust_extension,full_seed13_spike_0p4_noise0p25_s5_a0p2_b0p7,149,True,True,True,-0.5841080316780758
robust_extension,full_seed13_spike_0p4_noise0p25_s5_a0p2_b0p7,165,True,True,True,6.434260958947857
robust_extension,full_seed13_spike_0p4_noise0p25_s5_a0p3_b0p8,101,True,True,True,3.285653796457553
robust_extension,full_seed13_spike_0p4_noise0p25_s5_a0p3_b0p8,117,True,True,True,-0.22949220400318104
robust_extension,full_seed13_spike_0p4_noise0p25_s5_a0p3_b0p8,149,True,True,True,-0.2920540158390379
robust_extension,full_seed13_spike_0p4_noise0p25_s5_a0p3_b0p8,165,True,True,True,3.2171304794739295
robust_extension,full_seed13_spike_0p4_noise0p5_s5_a0p2_b0p7,110,True,True,True,6.436642098457047
robust_extension,full_seed13_spike_0p4_noise0p5_s5_a0p3_b0p8,110,True,True,True,3.218321049228524
robust_extension,full_seed17_bias_0p3_noise0p1_s5_a0p2_b0p7,103,True,True,True,-0.3050550441402855
robust_extension,full_seed17_bias_0p3_noise0p1_s5_a0p2_b0p7,162,True,True,True,0.04409304005609593
robust_extension,full_seed17_bias_0p3_noise0p1_s5_a0p3_b0p8,103,True,True,True,-0.15252752207014275
robust_extension,full_seed17_bias_0p3_noise0p1_s5_a0p3_b0p8,162,True,True,True,0.02204652002804819
robust_extension,full_seed17_bias_0p3_noise0p25_s5_a0p2_b0p7,98,True,True,True,0.21321063475971114
robust_extension,full_seed17_bias_0p3_noise0p25_s5_a0p3_b0p8,98,True,True,True,0.10660531737985579
robust_extension,full_seed17_bias_0p4_noise0p1_s5_a0p2_b0p7,103,True,True,True,-0.3050550441402855
robust_extension,full_seed17_bias_0p4_noise0p1_s5_a0p2_b0p7,162,True,True,True,0.04409304005609593
robust_extension,full_seed17_bias_0p4_noise0p1_s5_a0p3_b0p8,103,True,True,True,-0.15252752207014275
robust_extension,full_seed17_bias_0p4_noise0p1_s5_a0p3_b0p8,162,True,True,True,0.02204652002804819
robust_extension,full_seed17_bias_0p4_noise0p25_s5_a0p2_b0p7,98,True,True,True,0.21321063475971114
robust_extension,full_seed17_bias_0p4_noise0p25_s5_a0p3_b0p8,98,True,True,True,0.10660531737985579
robust_extension,full_seed17_drift_0p3_noise0p1_s5_a0p2_b0p7,162,True,True,True,0.04409304005609638
robust_extension,full_seed17_drift_0p3_noise0p1_s5_a0p3_b0p8,162,True,True,True,0.02204652002804819
robust_extension,full_seed17_drift_0p4_noise0p1_s5_a0p2_b0p7,162,True,True,True,0.04409304005609638
robust_extension,full_seed17_drift_0p4_noise0p1_s5_a0p3_b0p8,162,True,True,True,0.02204652002804819
robust_extension,full_seed17_mixed_0p3_noise0p1_s5_a0p2_b0p7,103,True,True,True,-0.3050550441402855
robust_extension,full_seed17_mixed_0p3_noise0p1_s5_a0p3_b0p8,103,True,True,True,-0.15252752207014275
robust_extension,full_seed17_mixed_0p3_noise0p25_s5_a0p2_b0p7,98,True,True,True,0.21321063475971114
robust_extension,full_seed17_mixed_0p3_noise0p25_s5_a0p2_b0p7,150,True,True,True,-6.050601255353578
robust_extension,full_seed17_mixed_0p3_noise0p25_s5_a0p3_b0p8,98,True,True,True,0.10660531737985579
robust_extension,full_seed17_mixed_0p3_noise0p25_s5_a0p3_b0p8,150,True,True,True,-3.0253006276767893
robust_extension,full_seed17_mixed_0p4_noise0p1_s5_a0p2_b0p7,103,True,True,True,-0.3050550441402855
robust_extension,full_seed17_mixed_0p4_noise0p1_s5_a0p3_b0p8,103,True,True,True,-0.15252752207014275
robust_extension,full_seed17_mixed_0p4_noise0p25_s5_a0p2_b0p7,98,True,True,True,0.21321063475971114
robust_extension,full_seed17_mixed_0p4_noise0p25_s5_a0p2_b0p7,150,True,True,True,-6.050601255353578
robust_extension,full_seed17_mixed_0p4_noise0p25_s5_a0p3_b0p8,98,True,True,True,0.10660531737985579
robust_extension,full_seed17_mixed_0p4_noise0p25_s5_a0p3_b0p8,150,True,True,True,-3.0253006276767893
robust_extension,full_seed17_spike_0p3_noise0p1_s5_a0p2_b0p7,103,True,True,True,-0.3050550441402855
robust_extension,full_seed17_spike_0p3_noise0p1_s5_a0p2_b0p7,162,True,True,True,0.04409304005609638
robust_extension,full_seed17_spike_0p3_noise0p1_s5_a0p2_b0p7,163,True,True,True,-6.457636489040803
robust_extension,full_seed17_spike_0p3_noise0p1_s5_a0p2_b0p7,164,True,True,True,-0.023286921743023825
robust_extension,full_seed17_spike_0p3_noise0p1_s5_a0p2_b0p7,166,True,True,True,6.389943272825183
robust_extension,full_seed17_spike_0p3_noise0p1_s5_a0p2_b0p7,167,True,True,True,6.082910286900121
robust_extension,full_seed17_spike_0p3_noise0p1_s5_a0p3_b0p8,103,True,True,True,-0.15252752207014275
robust_extension,full_seed17_spike_0p3_noise0p1_s5_a0p3_b0p8,162,True,True,True,0.02204652002804819
robust_extension,full_seed17_spike_0p3_noise0p1_s5_a0p3_b0p8,163,True,True,True,-3.2288182445204017
robust_extension,full_seed17_spike_0p3_noise0p1_s5_a0p3_b0p8,164,True,True,True,-0.011643460871511913
robust_extension,full_seed17_spike_0p3_noise0p1_s5_a0p3_b0p8,166,True,True,True,3.1949716364125917
robust_extension,full_seed17_spike_0p3_noise0p1_s5_a0p3_b0p8,167,True,True,True,3.0414551434500607
robust_extension,full_seed17_spike_0p3_noise0p1_s9_a0p2_b0p7,105,True,True,True,0.7272660250915419
robust_extension,full_seed17_spike_0p3_noise0p1_s9_a0p2_b0p7,166,True,True,True,0.007591112811278222
robust_extension,full_seed17_spike_0p3_noise0p1_s9_a0p2_b0p7,167,True,True,True,-0.00583535978346994
robust_extension,full_seed17_spike_0p3_noise0p1_s9_a0p2_b0p7,168,True,True,True,-0.04330789900052334
robust_extension,full_seed17_spike_0p3_noise0p1_s9_a0p3_b0p8,105,True,True,True,0.0
robust_extension,full_seed17_spike_0p3_noise0p1_s9_a0p3_b0p8,166,True,True,True,0.0
robust_extension,full_seed17_spike_0p3_noise0p1_s9_a0p3_b0p8,167,True,True,True,0.0
robust_extension,full_seed17_spike_0p3_noise0p1_s9_a0p3_b0p8,168,True,True,True,0.0
robust_extension,full_seed17_spike_0p3_noise0p25_s5_a0p2_b0p7,98,True,True,True,0.21321063475971158
robust_extension,full_seed17_spike_0p3_noise0p25_s5_a0p2_b0p7,103,True,True,True,-0.3326534175399618
robust_extension,full_seed17_spike_0p3_noise0p25_s5_a0p2_b0p7,116,True,True,True,6.745269318331979
robust_extension,full_seed17_spike_0p3_noise0p25_s5_a0p2_b0p7,162,True,True,True,0.08551429105214492
robust_extension,full_seed17_spike_0p3_noise0p25_s5_a0p2_b0p7,166,True,True,True,6.374712872593419
robust_extension,full_seed17_spike_0p3_noise0p25_s5_a0p3_b0p8,98,True,True,True,0.10660531737985535
robust_extension,full_seed17_spike_0p3_noise0p25_s5_a0p3_b0p8,103,True,True,True,-0.1663267087699809
robust_extension,full_seed17_spike_0p3_noise0p25_s5_a0p3_b0p8,116,True,True,True,3.37263465916599
robust_extension,full_seed17_spike_0p3_noise0p25_s5_a0p3_b0p8,162,True,True,True,0.04275714552607246
robust_extension,full_seed17_spike_0p3_noise0p25_s5_a0p3_b0p8,166,True,True,True,3.18735643629671
robust_extension,full_seed17_spike_0p4_noise0p1_s5_a0p2_b0p7,103,True,True,True,-0.3050550441402855
robust_extension,full_seed17_spike_0p4_noise0p1_s5_a0p2_b0p7,162,True,True,True,0.04409304005609638
robust_extension,full_seed17_spike_0p4_noise0p1_s5_a0p2_b0p7,163,True,True,True,-6.457636489040803
robust_extension,full_seed17_spike_0p4_noise0p1_s5_a0p2_b0p7,164,True,True,True,-0.023286921743023825
robust_extension,full_seed17_spike_0p4_noise0p1_s5_a0p2_b0p7,166,True,True,True,6.389943272825183
robust_extension,full_seed17_spike_0p4_noise0p1_s5_a0p2_b0p7,167,True,True,True,6.082910286900121
robust_extension,full_seed17_spike_0p4_noise0p1_s5_a0p3_b0p8,103,True,True,True,-0.15252752207014275
robust_extension,full_seed17_spike_0p4_noise0p1_s5_a0p3_b0p8,162,True,True,True,0.02204652002804819
robust_extension,full_seed17_spike_0p4_noise0p1_s5_a0p3_b0p8,163,True,True,True,-3.2288182445204017
robust_extension,full_seed17_spike_0p4_noise0p1_s5_a0p3_b0p8,164,True,True,True,-0.011643460871511913
robust_extension,full_seed17_spike_0p4_noise0p1_s5_a0p3_b0p8,166,True,True,True,3.1949716364125917
robust_extension,full_seed17_spike_0p4_noise0p1_s5_a0p3_b0p8,167,True,True,True,3.0414551434500607
robust_extension,full_seed17_spike_0p4_noise0p25_s5_a0p2_b0p7,98,True,True,True,0.21321063475971158
robust_extension,full_seed17_spike_0p4_noise0p25_s5_a0p2_b0p7,103,True,True,True,-0.3326534175399618
robust_extension,full_seed17_spike_0p4_noise0p25_s5_a0p2_b0p7,116,True,True,True,6.745269318331979
robust_extension,full_seed17_spike_0p4_noise0p25_s5_a0p2_b0p7,162,True,True,True,0.08551429105214492
robust_extension,full_seed17_spike_0p4_noise0p25_s5_a0p2_b0p7,166,True,True,True,6.374712872593419
robust_extension,full_seed17_spike_0p4_noise0p25_s5_a0p3_b0p8,98,True,True,True,0.10660531737985535
robust_extension,full_seed17_spike_0p4_noise0p25_s5_a0p3_b0p8,103,True,True,True,-0.1663267087699809
robust_extension,full_seed17_spike_0p4_noise0p25_s5_a0p3_b0p8,116,True,True,True,3.37263465916599
robust_extension,full_seed17_spike_0p4_noise0p25_s5_a0p3_b0p8,162,True,True,True,0.04275714552607246
robust_extension,full_seed17_spike_0p4_noise0p25_s5_a0p3_b0p8,166,True,True,True,3.18735643629671
robust_extension,full_seed23_bias_0p3_noise0p1_s5_a0p2_b0p7,155,True,True,True,-0.4309123860189912
robust_extension,full_seed23_bias_0p3_noise0p1_s5_a0p3_b0p8,155,True,True,True,-0.2154561930094956
robust_extension,full_seed23_bias_0p4_noise0p1_s5_a0p2_b0p7,155,True,True,True,-0.4309123860189912
robust_extension,full_seed23_bias_0p4_noise0p1_s5_a0p3_b0p8,155,True,True,True,-0.2154561930094956
robust_extension,full_seed23_mixed_0p3_noise0p1_s5_a0p2_b0p7,155,True,True,True,-0.4309123860189912
robust_extension,full_seed23_mixed_0p3_noise0p1_s5_a0p3_b0p8,155,True,True,True,-0.21545619300949537
robust_extension,full_seed23_mixed_0p4_noise0p1_s5_a0p2_b0p7,155,True,True,True,-0.4309123860189912
robust_extension,full_seed23_mixed_0p4_noise0p1_s5_a0p3_b0p8,155,True,True,True,-0.21545619300949537
robust_extension,full_seed23_spike_0p3_noise0p1_s5_a0p2_b0p7,93,True,True,True,-0.3187650223124736
robust_extension,full_seed23_spike_0p3_noise0p1_s5_a0p2_b0p7,94,True,True,True,6.486948616054852
robust_extension,full_seed23_spike_0p3_noise0p1_s5_a0p2_b0p7,98,True,True,True,-6.326339997228271
robust_extension,full_seed23_spike_0p3_noise0p1_s5_a0p2_b0p7,101,True,True,True,-0.0738268918469176
robust_extension,full_seed23_spike_0p3_noise0p1_s5_a0p2_b0p7,104,True,True,True,6.559991466076194
robust_extension,full_seed23_spike_0p3_noise0p1_s5_a0p2_b0p7,155,True,True,True,-6.830912386018992
robust_extension,full_seed23_spike_0p3_noise0p1_s5_a0p2_b0p7,163,True,True,True,-6.46208853103702
robust_extension,full_seed23_spike_0p3_noise0p1_s5_a0p2_b0p7,164,True,True,True,-6.444777778864653
robust_extension,full_seed23_spike_0p3_noise0p1_s5_a0p2_b0p7,165,True,True,True,6.39861318711864
robust_extension,full_seed23_spike_0p3_noise0p1_s5_a0p2_b0p7,167,True,True,True,-6.761688336744861
robust_extension,full_seed23_spike_0p3_noise0p1_s5_a0p2_b0p7,177,True,True,True,6.374656537383088
robust_extension,full_seed23_spike_0p3_noise0p1_s5_a0p3_b0p8,93,True,True,True,-0.15938251115623636
robust_extension,full_seed23_spike_0p3_noise0p1_s5_a0p3_b0p8,94,True,True,True,3.2434743080274266
robust_extension,full_seed23_spike_0p3_noise0p1_s5_a0p3_b0p8,98,True,True,True,-3.1631699986141357
robust_extension,full_seed23_spike_0p3_noise0p1_s5_a0p3_b0p8,101,True,True,True,-0.036913445923458355
robust_extension,full_seed23_spike_0p3_noise0p1_s5_a0p3_b0p8,104,True,True,True,3.2799957330380973
robust_extension,full_seed23_spike_0p3_noise0p1_s5_a0p3_b0p8,155,True,True,True,-3.415456193009496
robust_extension,full_seed23_spike_0p3_noise0p1_s5_a0p3_b0p8,163,True,True,True,-3.23104426551851
robust_extension,full_seed23_spike_0p3_noise0p1_s5_a0p3_b0p8,164,True,True,True,-3.2223888894323274
robust_extension,full_seed23_spike_0p3_noise0p1_s5_a0p3_b0p8,165,True,True,True,3.1993065935593203
robust_extension,full_seed23_spike_0p3_noise0p1_s5_a0p3_b0p8,167,True,True,True,-3.3808441683724313
robust_extension,full_seed23_spike_0p3_noise0p1_s5_a0p3_b0p8,177,True,True,True,3.1873282686915454
robust_extension,full_seed23_spike_0p3_noise0p1_s9_a0p2_b0p7,165,True,True,True,0.0038600077080532813
robust_extension,full_seed23_spike_0p3_noise0p1_s9_a0p3_b0p8,165,True,True,True,0.0
robust_extension,full_seed23_spike_0p3_noise0p25_s5_a0p2_b0p7,85,True,True,True,6.483045418938484
robust_extension,full_seed23_spike_0p3_noise0p25_s5_a0p2_b0p7,93,True,True,True,-0.2931918768652393
robust_extension,full_seed23_spike_0p3_noise0p25_s5_a0p2_b0p7,94,True,True,True,6.3591883613677656
robust_extension,full_seed23_spike_0p3_noise0p25_s5_a0p2_b0p7,98,True,True,True,-6.215995302540211
robust_extension,full_seed23_spike_0p3_noise0p25_s5_a0p2_b0p7,155,True,True,True,-6.862955556973747
robust_extension,full_seed23_spike_0p3_noise0p25_s5_a0p3_b0p8,85,True,True,True,3.2415227094692423
robust_extension,full_seed23_spike_0p3_noise0p25_s5_a0p3_b0p8,93,True,True,True,-0.14659593843261964
robust_extension,full_seed23_spike_0p3_noise0p25_s5_a0p3_b0p8,94,True,True,True,3.179594180683883
robust_extension,full_seed23_spike_0p3_noise0p25_s5_a0p3_b0p8,98,True,True,True,-3.107997651270106
robust_extension,full_seed23_spike_0p3_noise0p25_s5_a0p3_b0p8,155,True,True,True,-3.431477778486874
robust_extension,full_seed23_spike_0p3_noise0p5_s5_a0p2_b0p7,97,True,True,True,-6.712885499139793
robust_extension,full_seed23_spike_0p3_noise0p5_s5_a0p3_b0p8,97,True,True,True,-3.3564427495698967
robust_extension,full_seed23_spike_0p4_noise0p1_s5_a0p2_b0p7,93,True,True,True,-0.3187650223124736
robust_extension,full_seed23_spike_0p4_noise0p1_s5_a0p2_b0p7,94,True,True,True,6.486948616054852
robust_extension,full_seed23_spike_0p4_noise0p1_s5_a0p2_b0p7,98,True,True,True,-6.326339997228271
robust_extension,full_seed23_spike_0p4_noise0p1_s5_a0p2_b0p7,101,True,True,True,-0.0738268918469176
robust_extension,full_seed23_spike_0p4_noise0p1_s5_a0p2_b0p7,104,True,True,True,6.559991466076194
robust_extension,full_seed23_spike_0p4_noise0p1_s5_a0p2_b0p7,155,True,True,True,-6.830912386018992
robust_extension,full_seed23_spike_0p4_noise0p1_s5_a0p2_b0p7,163,True,True,True,-6.46208853103702
robust_extension,full_seed23_spike_0p4_noise0p1_s5_a0p2_b0p7,164,True,True,True,-6.444777778864653
robust_extension,full_seed23_spike_0p4_noise0p1_s5_a0p2_b0p7,165,True,True,True,6.39861318711864
robust_extension,full_seed23_spike_0p4_noise0p1_s5_a0p2_b0p7,167,True,True,True,-6.761688336744861
robust_extension,full_seed23_spike_0p4_noise0p1_s5_a0p2_b0p7,177,True,True,True,6.374656537383088
robust_extension,full_seed23_spike_0p4_noise0p1_s5_a0p3_b0p8,93,True,True,True,-0.15938251115623636
robust_extension,full_seed23_spike_0p4_noise0p1_s5_a0p3_b0p8,94,True,True,True,3.2434743080274266
robust_extension,full_seed23_spike_0p4_noise0p1_s5_a0p3_b0p8,98,True,True,True,-3.1631699986141357
robust_extension,full_seed23_spike_0p4_noise0p1_s5_a0p3_b0p8,101,True,True,True,-0.036913445923458355
robust_extension,full_seed23_spike_0p4_noise0p1_s5_a0p3_b0p8,104,True,True,True,3.2799957330380973
robust_extension,full_seed23_spike_0p4_noise0p1_s5_a0p3_b0p8,155,True,True,True,-3.415456193009496
robust_extension,full_seed23_spike_0p4_noise0p1_s5_a0p3_b0p8,163,True,True,True,-3.23104426551851
robust_extension,full_seed23_spike_0p4_noise0p1_s5_a0p3_b0p8,164,True,True,True,-3.2223888894323274
robust_extension,full_seed23_spike_0p4_noise0p1_s5_a0p3_b0p8,165,True,True,True,3.1993065935593203
robust_extension,full_seed23_spike_0p4_noise0p1_s5_a0p3_b0p8,167,True,True,True,-3.3808441683724313
robust_extension,full_seed23_spike_0p4_noise0p1_s5_a0p3_b0p8,177,True,True,True,3.1873282686915454
robust_extension,full_seed23_spike_0p4_noise0p25_s5_a0p2_b0p7,85,True,True,True,6.483045418938484
robust_extension,full_seed23_spike_0p4_noise0p25_s5_a0p2_b0p7,93,True,True,True,-0.2931918768652393
robust_extension,full_seed23_spike_0p4_noise0p25_s5_a0p2_b0p7,94,True,True,True,6.3591883613677656
robust_extension,full_seed23_spike_0p4_noise0p25_s5_a0p2_b0p7,98,True,True,True,-6.215995302540211
robust_extension,full_seed23_spike_0p4_noise0p25_s5_a0p2_b0p7,155,True,True,True,-6.862955556973747
robust_extension,full_seed23_spike_0p4_noise0p25_s5_a0p3_b0p8,85,True,True,True,3.2415227094692423
robust_extension,full_seed23_spike_0p4_noise0p25_s5_a0p3_b0p8,93,True,True,True,-0.14659593843261964
robust_extension,full_seed23_spike_0p4_noise0p25_s5_a0p3_b0p8,94,True,True,True,3.179594180683883
robust_extension,full_seed23_spike_0p4_noise0p25_s5_a0p3_b0p8,98,True,True,True,-3.107997651270106
robust_extension,full_seed23_spike_0p4_noise0p25_s5_a0p3_b0p8,155,True,True,True,-3.431477778486874
robust_extension,full_seed23_spike_0p4_noise0p5_s5_a0p2_b0p7,97,True,True,True,-6.712885499139793
robust_extension,full_seed23_spike_0p4_noise0p5_s5_a0p3_b0p8,97,True,True,True,-3.3564427495698967
robust_extension,full_seed29_bias_0p3_noise0p1_s5_a0p2_b0p7,155,True,True,True,-0.38883246663251736
robust_extension,full_seed29_bias_0p3_noise0p1_s5_a0p2_b0p7,167,True,True,True,-0.33715212944327577
robust_extension,full_seed29_bias_0p3_noise0p1_s5_a0p3_b0p8,155,True,True,True,-0.19441623331625868
robust_extension,full_seed29_bias_0p3_noise0p1_s5_a0p3_b0p8,167,True,True,True,-0.1685760647216381
robust_extension,full_seed29_bias_0p3_noise0p25_s5_a0p2_b0p7,98,True,True,True,0.13137220290019247
robust_extension,full_seed29_bias_0p3_noise0p25_s5_a0p3_b0p8,98,True,True,True,0.06568610145009579
robust_extension,full_seed29_bias_0p4_noise0p1_s5_a0p2_b0p7,155,True,True,True,-0.38883246663251736
robust_extension,full_seed29_bias_0p4_noise0p1_s5_a0p2_b0p7,167,True,True,True,-0.33715212944327577
robust_extension,full_seed29_bias_0p4_noise0p1_s5_a0p3_b0p8,155,True,True,True,-0.19441623331625868
robust_extension,full_seed29_bias_0p4_noise0p1_s5_a0p3_b0p8,167,True,True,True,-0.1685760647216381
robust_extension,full_seed29_bias_0p4_noise0p25_s5_a0p2_b0p7,98,True,True,True,0.13137220290019247
robust_extension,full_seed29_bias_0p4_noise0p25_s5_a0p3_b0p8,98,True,True,True,0.06568610145009579
robust_extension,full_seed29_drift_0p3_noise0p1_s5_a0p2_b0p7,167,True,True,True,-0.33715212944327533
robust_extension,full_seed29_drift_0p3_noise0p1_s5_a0p3_b0p8,167,True,True,True,-0.16857606472163766
robust_extension,full_seed29_drift_0p4_noise0p1_s5_a0p2_b0p7,167,True,True,True,-0.33715212944327533
robust_extension,full_seed29_drift_0p4_noise0p1_s5_a0p3_b0p8,167,True,True,True,-0.16857606472163766
robust_extension,full_seed29_mixed_0p3_noise0p1_s5_a0p2_b0p7,155,True,True,True,-0.38883246663251736
robust_extension,full_seed29_mixed_0p3_noise0p1_s5_a0p3_b0p8,155,True,True,True,-0.19441623331625846
robust_extension,full_seed29_mixed_0p3_noise0p25_s5_a0p2_b0p7,98,True,True,True,0.13137220290019247
robust_extension,full_seed29_mixed_0p3_noise0p25_s5_a0p3_b0p8,98,True,True,True,0.06568610145009579
robust_extension,full_seed29_mixed_0p3_noise0p5_s5_a0p2_b0p7,158,True,True,True,6.436678596872245
robust_extension,full_seed29_mixed_0p3_noise0p5_s5_a0p3_b0p8,158,True,True,True,3.2183392984361223
robust_extension,full_seed29_mixed_0p4_noise0p1_s5_a0p2_b0p7,155,True,True,True,-0.38883246663251736
robust_extension,full_seed29_mixed_0p4_noise0p1_s5_a0p3_b0p8,155,True,True,True,-0.19441623331625846
robust_extension,full_seed29_mixed_0p4_noise0p25_s5_a0p2_b0p7,98,True,True,True,0.13137220290019247
robust_extension,full_seed29_mixed_0p4_noise0p25_s5_a0p3_b0p8,98,True,True,True,0.06568610145009579
robust_extension,full_seed29_mixed_0p4_noise0p5_s5_a0p2_b0p7,158,True,True,True,6.436678596872245
robust_extension,full_seed29_mixed_0p4_noise0p5_s5_a0p3_b0p8,158,True,True,True,3.2183392984361223
robust_extension,full_seed29_spike_0p3_noise0p1_s5_a0p2_b0p7,103,True,True,True,-6.683014901863627
robust_extension,full_seed29_spike_0p3_noise0p1_s5_a0p2_b0p7,104,True,True,True,-6.198147503607041
robust_extension,full_seed29_spike_0p3_noise0p1_s5_a0p2_b0p7,155,True,True,True,-0.38883246663251914
robust_extension,full_seed29_spike_0p3_noise0p1_s5_a0p2_b0p7,161,True,True,True,0.025786162450734285
robust_extension,full_seed29_spike_0p3_noise0p1_s5_a0p2_b0p7,163,True,True,True,0.15471072765133975
robust_extension,full_seed29_spike_0p3_noise0p1_s5_a0p2_b0p7,167,True,True,True,-0.33715212944327533
robust_extension,full_seed29_spike_0p3_noise0p1_s5_a0p2_b0p7,168,True,True,True,-6.35217048688136
robust_extension,full_seed29_spike_0p3_noise0p1_s5_a0p2_b0p7,177,True,True,True,6.38269853774889
robust_extension,full_seed29_spike_0p3_noise0p1_s5_a0p2_b0p7,179,True,True,True,-0.016154105426090304
robust_extension,full_seed29_spike_0p3_noise0p1_s5_a0p3_b0p8,103,True,True,True,-3.341507450931814
robust_extension,full_seed29_spike_0p3_noise0p1_s5_a0p3_b0p8,104,True,True,True,-3.099073751803521
robust_extension,full_seed29_spike_0p3_noise0p1_s5_a0p3_b0p8,155,True,True,True,-0.19441623331625957
robust_extension,full_seed29_spike_0p3_noise0p1_s5_a0p3_b0p8,161,True,True,True,0.012893081225367364
robust_extension,full_seed29_spike_0p3_noise0p1_s5_a0p3_b0p8,163,True,True,True,0.07735536382566943
robust_extension,full_seed29_spike_0p3_noise0p1_s5_a0p3_b0p8,167,True,True,True,-0.16857606472163766
robust_extension,full_seed29_spike_0p3_noise0p1_s5_a0p3_b0p8,168,True,True,True,-3.1760852434406806
robust_extension,full_seed29_spike_0p3_noise0p1_s5_a0p3_b0p8,177,True,True,True,3.191349268874446
robust_extension,full_seed29_spike_0p3_noise0p1_s5_a0p3_b0p8,179,True,True,True,-0.008077052713045152
robust_extension,full_seed29_spike_0p3_noise0p1_s9_a0p2_b0p7,103,True,True,True,-0.7076986144635167
robust_extension,full_seed29_spike_0p3_noise0p1_s9_a0p2_b0p7,104,True,True,True,-0.7406861289512685
robust_extension,full_seed29_spike_0p3_noise0p1_s9_a0p2_b0p7,105,True,True,True,-0.6983585522901707
robust_extension,full_seed29_spike_0p3_noise0p1_s9_a0p2_b0p7,168,True,True,True,0.6892781954326805
robust_extension,full_seed29_spike_0p3_noise0p1_s9_a0p3_b0p8,103,True,True,True,0.0
robust_extension,full_seed29_spike_0p3_noise0p1_s9_a0p3_b0p8,104,True,True,True,0.0
robust_extension,full_seed29_spike_0p3_noise0p1_s9_a0p3_b0p8,105,True,True,True,0.0
robust_extension,full_seed29_spike_0p3_noise0p1_s9_a0p3_b0p8,168,True,True,True,0.0
robust_extension,full_seed29_spike_0p3_noise0p25_s5_a0p2_b0p7,85,True,True,True,0.3230506692624262
robust_extension,full_seed29_spike_0p3_noise0p25_s5_a0p2_b0p7,98,True,True,True,-6.268627797099809
robust_extension,full_seed29_spike_0p3_noise0p25_s5_a0p2_b0p7,123,True,True,True,6.064702391514304
robust_extension,full_seed29_spike_0p3_noise0p25_s5_a0p2_b0p7,167,True,True,True,-0.33915964469224313
robust_extension,full_seed29_spike_0p3_noise0p25_s5_a0p3_b0p8,85,True,True,True,0.1615253346312131
robust_extension,full_seed29_spike_0p3_noise0p25_s5_a0p3_b0p8,98,True,True,True,-3.134313898549905
robust_extension,full_seed29_spike_0p3_noise0p25_s5_a0p3_b0p8,123,True,True,True,3.032351195757152
robust_extension,full_seed29_spike_0p3_noise0p25_s5_a0p3_b0p8,167,True,True,True,-0.16957982234612112
robust_extension,full_seed29_spike_0p3_noise0p5_s5_a0p2_b0p7,158,True,True,True,-6.363321403127758
robust_extension,full_seed29_spike_0p3_noise0p5_s5_a0p2_b0p7,176,True,True,True,6.580418735550652
robust_extension,full_seed29_spike_0p3_noise0p5_s5_a0p3_b0p8,158,True,True,True,-3.18166070156388
robust_extension,full_seed29_spike_0p3_noise0p5_s5_a0p3_b0p8,176,True,True,True,3.290209367775327
robust_extension,full_seed29_spike_0p4_noise0p1_s5_a0p2_b0p7,103,True,True,True,-6.683014901863627
robust_extension,full_seed29_spike_0p4_noise0p1_s5_a0p2_b0p7,104,True,True,True,-6.198147503607041
robust_extension,full_seed29_spike_0p4_noise0p1_s5_a0p2_b0p7,155,True,True,True,-0.38883246663251914
robust_extension,full_seed29_spike_0p4_noise0p1_s5_a0p2_b0p7,161,True,True,True,0.025786162450734285
robust_extension,full_seed29_spike_0p4_noise0p1_s5_a0p2_b0p7,163,True,True,True,0.15471072765133975
robust_extension,full_seed29_spike_0p4_noise0p1_s5_a0p2_b0p7,167,True,True,True,-0.33715212944327533
robust_extension,full_seed29_spike_0p4_noise0p1_s5_a0p2_b0p7,168,True,True,True,-6.35217048688136
robust_extension,full_seed29_spike_0p4_noise0p1_s5_a0p2_b0p7,177,True,True,True,6.38269853774889
robust_extension,full_seed29_spike_0p4_noise0p1_s5_a0p2_b0p7,179,True,True,True,-0.016154105426090304
robust_extension,full_seed29_spike_0p4_noise0p1_s5_a0p3_b0p8,103,True,True,True,-3.341507450931814
robust_extension,full_seed29_spike_0p4_noise0p1_s5_a0p3_b0p8,104,True,True,True,-3.099073751803521
robust_extension,full_seed29_spike_0p4_noise0p1_s5_a0p3_b0p8,155,True,True,True,-0.19441623331625957
robust_extension,full_seed29_spike_0p4_noise0p1_s5_a0p3_b0p8,161,True,True,True,0.012893081225367364
robust_extension,full_seed29_spike_0p4_noise0p1_s5_a0p3_b0p8,163,True,True,True,0.07735536382566943
robust_extension,full_seed29_spike_0p4_noise0p1_s5_a0p3_b0p8,167,True,True,True,-0.16857606472163766
robust_extension,full_seed29_spike_0p4_noise0p1_s5_a0p3_b0p8,168,True,True,True,-3.1760852434406806
robust_extension,full_seed29_spike_0p4_noise0p1_s5_a0p3_b0p8,177,True,True,True,3.191349268874446
robust_extension,full_seed29_spike_0p4_noise0p1_s5_a0p3_b0p8,179,True,True,True,-0.008077052713045152
robust_extension,full_seed29_spike_0p4_noise0p25_s5_a0p2_b0p7,85,True,True,True,0.3230506692624262
robust_extension,full_seed29_spike_0p4_noise0p25_s5_a0p2_b0p7,98,True,True,True,-6.268627797099809
robust_extension,full_seed29_spike_0p4_noise0p25_s5_a0p2_b0p7,123,True,True,True,6.064702391514304
robust_extension,full_seed29_spike_0p4_noise0p25_s5_a0p2_b0p7,167,True,True,True,-0.33915964469224313
robust_extension,full_seed29_spike_0p4_noise0p25_s5_a0p3_b0p8,85,True,True,True,0.1615253346312131
robust_extension,full_seed29_spike_0p4_noise0p25_s5_a0p3_b0p8,98,True,True,True,-3.134313898549905
robust_extension,full_seed29_spike_0p4_noise0p25_s5_a0p3_b0p8,123,True,True,True,3.032351195757152
robust_extension,full_seed29_spike_0p4_noise0p25_s5_a0p3_b0p8,167,True,True,True,-0.16957982234612112
robust_extension,full_seed29_spike_0p4_noise0p5_s5_a0p2_b0p7,158,True,True,True,-6.363321403127758
robust_extension,full_seed29_spike_0p4_noise0p5_s5_a0p2_b0p7,176,True,True,True,6.580418735550652
robust_extension,full_seed29_spike_0p4_noise0p5_s5_a0p3_b0p8,158,True,True,True,-3.18166070156388
robust_extension,full_seed29_spike_0p4_noise0p5_s5_a0p3_b0p8,176,True,True,True,3.290209367775327
robust_extension,full_seed31_bias_0p3_noise0p1_s5_a0p2_b0p7,101,True,True,True,-0.0036834492091601945
robust_extension,full_seed31_bias_0p3_noise0p1_s5_a0p2_b0p7,161,True,True,True,0.09744225296626086
robust_extension,full_seed31_bias_0p3_noise0p1_s5_a0p3_b0p8,101,True,True,True,-0.0018417246045800972
robust_extension,full_seed31_bias_0p3_noise0p1_s5_a0p3_b0p8,161,True,True,True,0.048721126483130206
robust_extension,full_seed31_bias_0p4_noise0p1_s5_a0p2_b0p7,101,True,True,True,-0.0036834492091601945
robust_extension,full_seed31_bias_0p4_noise0p1_s5_a0p2_b0p7,161,True,True,True,0.09744225296626086
robust_extension,full_seed31_bias_0p4_noise0p1_s5_a0p3_b0p8,101,True,True,True,-0.0018417246045800972
robust_extension,full_seed31_bias_0p4_noise0p1_s5_a0p3_b0p8,161,True,True,True,0.048721126483130206
robust_extension,full_seed31_mixed_0p3_noise0p1_s5_a0p2_b0p7,101,True,True,True,-0.0036834492091601945
robust_extension,full_seed31_mixed_0p3_noise0p1_s5_a0p2_b0p7,155,True,True,True,-6.804031261218109
robust_extension,full_seed31_mixed_0p3_noise0p1_s5_a0p3_b0p8,101,True,True,True,-0.0018417246045800972
robust_extension,full_seed31_mixed_0p3_noise0p1_s5_a0p3_b0p8,155,True,True,True,-3.402015630609055
robust_extension,full_seed31_mixed_0p4_noise0p1_s5_a0p2_b0p7,101,True,True,True,-0.0036834492091601945
robust_extension,full_seed31_mixed_0p4_noise0p1_s5_a0p2_b0p7,155,True,True,True,-6.804031261218109
robust_extension,full_seed31_mixed_0p4_noise0p1_s5_a0p3_b0p8,101,True,True,True,-0.0018417246045800972
robust_extension,full_seed31_mixed_0p4_noise0p1_s5_a0p3_b0p8,155,True,True,True,-3.402015630609055
robust_extension,full_seed31_spike_0p3_noise0p1_s5_a0p2_b0p7,93,True,True,True,6.085404209276628
robust_extension,full_seed31_spike_0p3_noise0p1_s5_a0p2_b0p7,101,True,True,True,-0.003683449209162859
robust_extension,full_seed31_spike_0p3_noise0p1_s5_a0p2_b0p7,161,True,True,True,0.09744225296626041
robust_extension,full_seed31_spike_0p3_noise0p1_s5_a0p2_b0p7,162,True,True,True,-6.320222144028168
robust_extension,full_seed31_spike_0p3_noise0p1_s5_a0p2_b0p7,163,True,True,True,6.514884592902526
robust_extension,full_seed31_spike_0p3_noise0p1_s5_a0p2_b0p7,167,True,True,True,-6.712587364685422
robust_extension,full_seed31_spike_0p3_noise0p1_s5_a0p3_b0p8,93,True,True,True,3.0427021046383143
robust_extension,full_seed31_spike_0p3_noise0p1_s5_a0p3_b0p8,101,True,True,True,-0.0018417246045809854
robust_extension,full_seed31_spike_0p3_noise0p1_s5_a0p3_b0p8,161,True,True,True,0.04872112648313065
robust_extension,full_seed31_spike_0p3_noise0p1_s5_a0p3_b0p8,162,True,True,True,-3.160111072014085
robust_extension,full_seed31_spike_0p3_noise0p1_s5_a0p3_b0p8,163,True,True,True,3.2574422964512637
robust_extension,full_seed31_spike_0p3_noise0p1_s5_a0p3_b0p8,167,True,True,True,-3.356293682342712
robust_extension,full_seed31_spike_0p3_noise0p1_s9_a0p2_b0p7,103,True,True,True,0.7126588108714653
robust_extension,full_seed31_spike_0p3_noise0p1_s9_a0p2_b0p7,166,True,True,True,-0.002200795144192691
robust_extension,full_seed31_spike_0p3_noise0p1_s9_a0p2_b0p7,167,True,True,True,-0.7167362628167636
robust_extension,full_seed31_spike_0p3_noise0p1_s9_a0p2_b0p7,169,True,True,True,-0.000700014285280659
robust_extension,full_seed31_spike_0p3_noise0p1_s9_a0p3_b0p8,103,True,True,True,0.0
robust_extension,full_seed31_spike_0p3_noise0p1_s9_a0p3_b0p8,166,True,True,True,0.0
robust_extension,full_seed31_spike_0p3_noise0p1_s9_a0p3_b0p8,167,True,True,True,0.0
robust_extension,full_seed31_spike_0p3_noise0p1_s9_a0p3_b0p8,169,True,True,True,0.0
robust_extension,full_seed31_spike_0p3_noise0p25_s5_a0p2_b0p7,88,True,True,True,6.816907513780677
robust_extension,full_seed31_spike_0p3_noise0p25_s5_a0p2_b0p7,91,True,True,True,-6.487916736518908
robust_extension,full_seed31_spike_0p3_noise0p25_s5_a0p2_b0p7,106,True,True,True,0.3025395800253685
robust_extension,full_seed31_spike_0p3_noise0p25_s5_a0p2_b0p7,160,True,True,True,-6.5225138236020115
robust_extension,full_seed31_spike_0p3_noise0p25_s5_a0p3_b0p8,88,True,True,True,3.4084537568903386
robust_extension,full_seed31_spike_0p3_noise0p25_s5_a0p3_b0p8,91,True,True,True,-3.2439583682594546
robust_extension,full_seed31_spike_0p3_noise0p25_s5_a0p3_b0p8,106,True,True,True,0.15126979001268426
robust_extension,full_seed31_spike_0p3_noise0p25_s5_a0p3_b0p8,160,True,True,True,-3.2612569118010066
robust_extension,full_seed31_spike_0p3_noise0p25_s9_a0p2_b0p7,89,True,True,True,0.009032180603262052
robust_extension,full_seed31_spike_0p3_noise0p25_s9_a0p3_b0p8,89,True,True,True,0.0
robust_extension,full_seed31_spike_0p4_noise0p1_s5_a0p2_b0p7,93,True,True,True,6.085404209276628
robust_extension,full_seed31_spike_0p4_noise0p1_s5_a0p2_b0p7,101,True,True,True,-0.003683449209162859
robust_extension,full_seed31_spike_0p4_noise0p1_s5_a0p2_b0p7,161,True,True,True,0.09744225296626041
robust_extension,full_seed31_spike_0p4_noise0p1_s5_a0p2_b0p7,162,True,True,True,-6.320222144028168
robust_extension,full_seed31_spike_0p4_noise0p1_s5_a0p2_b0p7,163,True,True,True,6.514884592902526
robust_extension,full_seed31_spike_0p4_noise0p1_s5_a0p2_b0p7,167,True,True,True,-6.712587364685422
robust_extension,full_seed31_spike_0p4_noise0p1_s5_a0p3_b0p8,93,True,True,True,3.0427021046383143
robust_extension,full_seed31_spike_0p4_noise0p1_s5_a0p3_b0p8,101,True,True,True,-0.0018417246045809854
robust_extension,full_seed31_spike_0p4_noise0p1_s5_a0p3_b0p8,161,True,True,True,0.04872112648313065
robust_extension,full_seed31_spike_0p4_noise0p1_s5_a0p3_b0p8,162,True,True,True,-3.160111072014085
robust_extension,full_seed31_spike_0p4_noise0p1_s5_a0p3_b0p8,163,True,True,True,3.2574422964512637
robust_extension,full_seed31_spike_0p4_noise0p1_s5_a0p3_b0p8,167,True,True,True,-3.356293682342712
robust_extension,full_seed31_spike_0p4_noise0p25_s5_a0p2_b0p7,88,True,True,True,6.816907513780677
robust_extension,full_seed31_spike_0p4_noise0p25_s5_a0p2_b0p7,91,True,True,True,-6.487916736518908
robust_extension,full_seed31_spike_0p4_noise0p25_s5_a0p2_b0p7,106,True,True,True,0.3025395800253685
robust_extension,full_seed31_spike_0p4_noise0p25_s5_a0p2_b0p7,160,True,True,True,-6.5225138236020115
robust_extension,full_seed31_spike_0p4_noise0p25_s5_a0p3_b0p8,88,True,True,True,3.4084537568903386
robust_extension,full_seed31_spike_0p4_noise0p25_s5_a0p3_b0p8,91,True,True,True,-3.2439583682594546
robust_extension,full_seed31_spike_0p4_noise0p25_s5_a0p3_b0p8,106,True,True,True,0.15126979001268426
robust_extension,full_seed31_spike_0p4_noise0p25_s5_a0p3_b0p8,160,True,True,True,-3.2612569118010066
robust_extension,full_seed37_bias_0p3_noise0p1_s5_a0p2_b0p7,94,True,True,True,0.2446254542656714
robust_extension,full_seed37_bias_0p3_noise0p1_s5_a0p3_b0p8,94,True,True,True,0.12231272713283525
robust_extension,full_seed37_bias_0p4_noise0p1_s5_a0p2_b0p7,94,True,True,True,0.2446254542656714
robust_extension,full_seed37_bias_0p4_noise0p1_s5_a0p3_b0p8,94,True,True,True,0.12231272713283525
robust_extension,full_seed37_mixed_0p3_noise0p1_s5_a0p2_b0p7,94,True,True,True,0.2446254542656714
robust_extension,full_seed37_mixed_0p3_noise0p1_s5_a0p3_b0p8,94,True,True,True,0.12231272713283525
robust_extension,full_seed37_mixed_0p3_noise0p5_s5_a0p2_b0p7,148,True,True,True,6.898525267060649
robust_extension,full_seed37_mixed_0p3_noise0p5_s5_a0p3_b0p8,148,True,True,True,3.449262633530325
robust_extension,full_seed37_mixed_0p4_noise0p1_s5_a0p2_b0p7,94,True,True,True,0.2446254542656714
robust_extension,full_seed37_mixed_0p4_noise0p1_s5_a0p3_b0p8,94,True,True,True,0.12231272713283525
robust_extension,full_seed37_mixed_0p4_noise0p5_s5_a0p2_b0p7,148,True,True,True,6.898525267060649
robust_extension,full_seed37_mixed_0p4_noise0p5_s5_a0p3_b0p8,148,True,True,True,3.449262633530325
robust_extension,full_seed37_spike_0p3_noise0p1_s5_a0p2_b0p7,94,True,True,True,6.644625454265672
robust_extension,full_seed37_spike_0p3_noise0p1_s5_a0p2_b0p7,100,True,True,True,-0.03055143270956906
robust_extension,full_seed37_spike_0p3_noise0p1_s5_a0p2_b0p7,102,True,True,True,0.03546450402541623
robust_extension,full_seed37_spike_0p3_noise0p1_s5_a0p2_b0p7,155,True,True,True,-6.867281238652375
robust_extension,full_seed37_spike_0p3_noise0p1_s5_a0p2_b0p7,164,True,True,True,-6.452941285305487
robust_extension,full_seed37_spike_0p3_noise0p1_s5_a0p2_b0p7,168,True,True,True,0.11377620173356195
robust_extension,full_seed37_spike_0p3_noise0p1_s5_a0p3_b0p8,94,True,True,True,3.3223127271328368
robust_extension,full_seed37_spike_0p3_noise0p1_s5_a0p3_b0p8,100,True,True,True,-0.015275716354784308
robust_extension,full_seed37_spike_0p3_noise0p1_s5_a0p3_b0p8,102,True,True,True,0.017732252012708116
robust_extension,full_seed37_spike_0p3_noise0p1_s5_a0p3_b0p8,155,True,True,True,-3.433640619326188
robust_extension,full_seed37_spike_0p3_noise0p1_s5_a0p3_b0p8,164,True,True,True,-3.2264706426527443
robust_extension,full_seed37_spike_0p3_noise0p1_s5_a0p3_b0p8,168,True,True,True,0.05688810086678142
robust_extension,full_seed37_spike_0p3_noise0p1_s9_a0p2_b0p7,102,True,True,True,-0.712377763719072
robust_extension,full_seed37_spike_0p3_noise0p1_s9_a0p2_b0p7,105,True,True,True,0.014251517510382672
robust_extension,full_seed37_spike_0p3_noise0p1_s9_a0p2_b0p7,164,True,True,True,0.0077567377469183185
robust_extension,full_seed37_spike_0p3_noise0p1_s9_a0p3_b0p8,102,True,True,True,0.0
robust_extension,full_seed37_spike_0p3_noise0p1_s9_a0p3_b0p8,105,True,True,True,0.0
robust_extension,full_seed37_spike_0p3_noise0p1_s9_a0p3_b0p8,164,True,True,True,0.0
robust_extension,full_seed37_spike_0p3_noise0p25_s5_a0p2_b0p7,94,True,True,True,6.753380456894815
robust_extension,full_seed37_spike_0p3_noise0p25_s5_a0p2_b0p7,100,True,True,True,-0.07652389124345937
robust_extension,full_seed37_spike_0p3_noise0p25_s5_a0p2_b0p7,155,True,True,True,-6.953877688557204
robust_extension,full_seed37_spike_0p3_noise0p25_s5_a0p2_b0p7,164,True,True,True,-6.532498522733255
robust_extension,full_seed37_spike_0p3_noise0p25_s5_a0p2_b0p7,177,True,True,True,6.4606095166449355
robust_extension,full_seed37_spike_0p3_noise0p25_s5_a0p3_b0p8,94,True,True,True,3.3766902284474076
robust_extension,full_seed37_spike_0p3_noise0p25_s5_a0p3_b0p8,100,True,True,True,-0.03826194562172969
robust_extension,full_seed37_spike_0p3_noise0p25_s5_a0p3_b0p8,155,True,True,True,-3.4769388442786022
robust_extension,full_seed37_spike_0p3_noise0p25_s5_a0p3_b0p8,164,True,True,True,-3.266249261366628
robust_extension,full_seed37_spike_0p3_noise0p25_s5_a0p3_b0p8,177,True,True,True,3.230304758322468
robust_extension,full_seed37_spike_0p3_noise0p5_s5_a0p2_b0p7,175,True,True,True,0.262138537599522
robust_extension,full_seed37_spike_0p3_noise0p5_s5_a0p2_b0p7,177,True,True,True,6.521122160310183
robust_extension,full_seed37_spike_0p3_noise0p5_s5_a0p3_b0p8,175,True,True,True,0.131069268799761
robust_extension,full_seed37_spike_0p3_noise0p5_s5_a0p3_b0p8,177,True,True,True,3.260561080155092
robust_extension,full_seed37_spike_0p4_noise0p1_s5_a0p2_b0p7,94,True,True,True,6.644625454265672
robust_extension,full_seed37_spike_0p4_noise0p1_s5_a0p2_b0p7,100,True,True,True,-0.03055143270956906
robust_extension,full_seed37_spike_0p4_noise0p1_s5_a0p2_b0p7,102,True,True,True,0.03546450402541623
robust_extension,full_seed37_spike_0p4_noise0p1_s5_a0p2_b0p7,155,True,True,True,-6.867281238652375
robust_extension,full_seed37_spike_0p4_noise0p1_s5_a0p2_b0p7,164,True,True,True,-6.452941285305487
robust_extension,full_seed37_spike_0p4_noise0p1_s5_a0p2_b0p7,168,True,True,True,0.11377620173356195
robust_extension,full_seed37_spike_0p4_noise0p1_s5_a0p3_b0p8,94,True,True,True,3.3223127271328368
robust_extension,full_seed37_spike_0p4_noise0p1_s5_a0p3_b0p8,100,True,True,True,-0.015275716354784308
robust_extension,full_seed37_spike_0p4_noise0p1_s5_a0p3_b0p8,102,True,True,True,0.017732252012708116
robust_extension,full_seed37_spike_0p4_noise0p1_s5_a0p3_b0p8,155,True,True,True,-3.433640619326188
robust_extension,full_seed37_spike_0p4_noise0p1_s5_a0p3_b0p8,164,True,True,True,-3.2264706426527443
robust_extension,full_seed37_spike_0p4_noise0p1_s5_a0p3_b0p8,168,True,True,True,0.05688810086678142
robust_extension,full_seed37_spike_0p4_noise0p25_s5_a0p2_b0p7,94,True,True,True,6.753380456894815
robust_extension,full_seed37_spike_0p4_noise0p25_s5_a0p2_b0p7,100,True,True,True,-0.07652389124345937
robust_extension,full_seed37_spike_0p4_noise0p25_s5_a0p2_b0p7,155,True,True,True,-6.953877688557204
robust_extension,full_seed37_spike_0p4_noise0p25_s5_a0p2_b0p7,164,True,True,True,-6.532498522733255
robust_extension,full_seed37_spike_0p4_noise0p25_s5_a0p2_b0p7,177,True,True,True,6.4606095166449355
robust_extension,full_seed37_spike_0p4_noise0p25_s5_a0p3_b0p8,94,True,True,True,3.3766902284474076
robust_extension,full_seed37_spike_0p4_noise0p25_s5_a0p3_b0p8,100,True,True,True,-0.03826194562172969
robust_extension,full_seed37_spike_0p4_noise0p25_s5_a0p3_b0p8,155,True,True,True,-3.4769388442786022
robust_extension,full_seed37_spike_0p4_noise0p25_s5_a0p3_b0p8,164,True,True,True,-3.266249261366628
robust_extension,full_seed37_spike_0p4_noise0p25_s5_a0p3_b0p8,177,True,True,True,3.230304758322468
robust_extension,full_seed37_spike_0p4_noise0p5_s5_a0p2_b0p7,175,True,True,True,0.262138537599522
robust_extension,full_seed37_spike_0p4_noise0p5_s5_a0p2_b0p7,177,True,True,True,6.521122160310183
robust_extension,full_seed37_spike_0p4_noise0p5_s5_a0p3_b0p8,175,True,True,True,0.131069268799761
robust_extension,full_seed37_spike_0p4_noise0p5_s5_a0p3_b0p8,177,True,True,True,3.260561080155092
robust_extension,full_seed42_bias_0p3_noise0p1_s5_a0p2_b0p7,166,True,True,True,0.04206148018778588
robust_extension,full_seed42_bias_0p3_noise0p1_s5_a0p3_b0p8,166,True,True,True,0.021030740093893385
robust_extension,full_seed42_bias_0p4_noise0p1_s5_a0p2_b0p7,166,True,True,True,0.04206148018778588
robust_extension,full_seed42_bias_0p4_noise0p1_s5_a0p3_b0p8,166,True,True,True,0.021030740093893385
robust_extension,full_seed42_mixed_0p3_noise0p1_s5_a0p2_b0p7,149,True,True,True,6.0040820578972625
robust_extension,full_seed42_mixed_0p3_noise0p1_s5_a0p2_b0p7,155,True,True,True,6.055637267211695
robust_extension,full_seed42_mixed_0p3_noise0p1_s5_a0p3_b0p8,149,True,True,True,3.0020410289486312
robust_extension,full_seed42_mixed_0p3_noise0p1_s5_a0p3_b0p8,155,True,True,True,3.0278186336058477
robust_extension,full_seed42_mixed_0p4_noise0p1_s5_a0p2_b0p7,149,True,True,True,6.0040820578972625
robust_extension,full_seed42_mixed_0p4_noise0p1_s5_a0p2_b0p7,155,True,True,True,6.055637267211695
robust_extension,full_seed42_mixed_0p4_noise0p1_s5_a0p3_b0p8,149,True,True,True,3.0020410289486312
robust_extension,full_seed42_mixed_0p4_noise0p1_s5_a0p3_b0p8,155,True,True,True,3.0278186336058477
robust_extension,full_seed42_spike_0p3_noise0p1_s5_a0p2_b0p7,93,True,True,True,-6.698453819722604
robust_extension,full_seed42_spike_0p3_noise0p1_s5_a0p2_b0p7,102,True,True,True,-0.017035028792069085
robust_extension,full_seed42_spike_0p3_noise0p1_s5_a0p2_b0p7,104,True,True,True,6.47013291076858
robust_extension,full_seed42_spike_0p3_noise0p1_s5_a0p2_b0p7,149,True,True,True,-6.79591794210274
robust_extension,full_seed42_spike_0p3_noise0p1_s5_a0p2_b0p7,156,True,True,True,0.12234311883855264
robust_extension,full_seed42_spike_0p3_noise0p1_s5_a0p2_b0p7,163,True,True,True,6.415760233598375
robust_extension,full_seed42_spike_0p3_noise0p1_s5_a0p2_b0p7,164,True,True,True,0.012789750899859342
robust_extension,full_seed42_spike_0p3_noise0p1_s5_a0p2_b0p7,165,True,True,True,-0.02538666246717458
robust_extension,full_seed42_spike_0p3_noise0p1_s5_a0p2_b0p7,166,True,True,True,-6.3579385198122145
robust_extension,full_seed42_spike_0p3_noise0p1_s5_a0p2_b0p7,173,True,True,True,6.468543646965771
robust_extension,full_seed42_spike_0p3_noise0p1_s5_a0p2_b0p7,179,True,True,True,-6.442613517018984
robust_extension,full_seed42_spike_0p3_noise0p1_s5_a0p3_b0p8,93,True,True,True,-3.3492269098613026
robust_extension,full_seed42_spike_0p3_noise0p1_s5_a0p3_b0p8,102,True,True,True,-0.008517514396034542
robust_extension,full_seed42_spike_0p3_noise0p1_s5_a0p3_b0p8,104,True,True,True,3.235066455384291
robust_extension,full_seed42_spike_0p3_noise0p1_s5_a0p3_b0p8,149,True,True,True,-3.397958971051371
robust_extension,full_seed42_spike_0p3_noise0p1_s5_a0p3_b0p8,156,True,True,True,0.06117155941927632
robust_extension,full_seed42_spike_0p3_noise0p1_s5_a0p3_b0p8,163,True,True,True,3.2078801167991884
robust_extension,full_seed42_spike_0p3_noise0p1_s5_a0p3_b0p8,164,True,True,True,0.006394875449929671
robust_extension,full_seed42_spike_0p3_noise0p1_s5_a0p3_b0p8,165,True,True,True,-0.012693331233587513
robust_extension,full_seed42_spike_0p3_noise0p1_s5_a0p3_b0p8,166,True,True,True,-3.1789692599061077
robust_extension,full_seed42_spike_0p3_noise0p1_s5_a0p3_b0p8,173,True,True,True,3.234271823482886
robust_extension,full_seed42_spike_0p3_noise0p1_s5_a0p3_b0p8,179,True,True,True,-3.2213067585094928
robust_extension,full_seed42_spike_0p4_noise0p1_s5_a0p2_b0p7,93,True,True,True,-6.698453819722604
robust_extension,full_seed42_spike_0p4_noise0p1_s5_a0p2_b0p7,102,True,True,True,-0.017035028792069085
robust_extension,full_seed42_spike_0p4_noise0p1_s5_a0p2_b0p7,104,True,True,True,6.47013291076858
robust_extension,full_seed42_spike_0p4_noise0p1_s5_a0p2_b0p7,149,True,True,True,-6.79591794210274
robust_extension,full_seed42_spike_0p4_noise0p1_s5_a0p2_b0p7,156,True,True,True,0.12234311883855264
robust_extension,full_seed42_spike_0p4_noise0p1_s5_a0p2_b0p7,163,True,True,True,6.415760233598375
robust_extension,full_seed42_spike_0p4_noise0p1_s5_a0p2_b0p7,164,True,True,True,0.012789750899859342
robust_extension,full_seed42_spike_0p4_noise0p1_s5_a0p2_b0p7,165,True,True,True,-0.02538666246717458
robust_extension,full_seed42_spike_0p4_noise0p1_s5_a0p2_b0p7,166,True,True,True,-6.3579385198122145
robust_extension,full_seed42_spike_0p4_noise0p1_s5_a0p2_b0p7,173,True,True,True,6.468543646965771
robust_extension,full_seed42_spike_0p4_noise0p1_s5_a0p2_b0p7,179,True,True,True,-6.442613517018984
robust_extension,full_seed42_spike_0p4_noise0p1_s5_a0p3_b0p8,93,True,True,True,-3.3492269098613026
robust_extension,full_seed42_spike_0p4_noise0p1_s5_a0p3_b0p8,102,True,True,True,-0.008517514396034542
robust_extension,full_seed42_spike_0p4_noise0p1_s5_a0p3_b0p8,104,True,True,True,3.235066455384291
robust_extension,full_seed42_spike_0p4_noise0p1_s5_a0p3_b0p8,149,True,True,True,-3.397958971051371
robust_extension,full_seed42_spike_0p4_noise0p1_s5_a0p3_b0p8,156,True,True,True,0.06117155941927632
robust_extension,full_seed42_spike_0p4_noise0p1_s5_a0p3_b0p8,163,True,True,True,3.2078801167991884
robust_extension,full_seed42_spike_0p4_noise0p1_s5_a0p3_b0p8,164,True,True,True,0.006394875449929671
robust_extension,full_seed42_spike_0p4_noise0p1_s5_a0p3_b0p8,165,True,True,True,-0.012693331233587513
robust_extension,full_seed42_spike_0p4_noise0p1_s5_a0p3_b0p8,166,True,True,True,-3.1789692599061077
robust_extension,full_seed42_spike_0p4_noise0p1_s5_a0p3_b0p8,173,True,True,True,3.234271823482886
robust_extension,full_seed42_spike_0p4_noise0p1_s5_a0p3_b0p8,179,True,True,True,-3.2213067585094928
robust_extension,full_seed7_bias_0p3_noise0p1_s5_a0p2_b0p7,177,True,True,True,-0.013169146185562308
robust_extension,full_seed7_bias_0p3_noise0p1_s5_a0p3_b0p8,177,True,True,True,-0.006584573092780932
robust_extension,full_seed7_bias_0p3_noise0p1_s9_a0p2_b0p7,165,True,True,True,0.010377802833515748
robust_extension,full_seed7_bias_0p3_noise0p1_s9_a0p3_b0p8,165,True,True,True,0.003891676062568239
robust_extension,full_seed7_bias_0p4_noise0p1_s5_a0p2_b0p7,177,True,True,True,-0.013169146185562308
robust_extension,full_seed7_bias_0p4_noise0p1_s5_a0p3_b0p8,177,True,True,True,-0.006584573092780932
robust_extension,full_seed7_drift_0p3_noise0p1_s5_a0p2_b0p7,177,True,True,True,-0.013169146185561864
robust_extension,full_seed7_drift_0p3_noise0p1_s5_a0p3_b0p8,177,True,True,True,-0.006584573092780932
robust_extension,full_seed7_drift_0p4_noise0p1_s5_a0p2_b0p7,177,True,True,True,-0.013169146185561864
robust_extension,full_seed7_drift_0p4_noise0p1_s5_a0p3_b0p8,177,True,True,True,-0.006584573092780932
robust_extension,full_seed7_mixed_0p3_noise0p1_s5_a0p2_b0p7,155,True,True,True,-6.8138977245300465
robust_extension,full_seed7_mixed_0p3_noise0p1_s5_a0p2_b0p7,156,True,True,True,-6.316262520015871
robust_extension,full_seed7_mixed_0p3_noise0p1_s5_a0p3_b0p8,155,True,True,True,-3.406948862265024
robust_extension,full_seed7_mixed_0p3_noise0p1_s5_a0p3_b0p8,156,True,True,True,-3.158131260007936
robust_extension,full_seed7_mixed_0p4_noise0p1_s5_a0p2_b0p7,155,True,True,True,-6.8138977245300465
robust_extension,full_seed7_mixed_0p4_noise0p1_s5_a0p2_b0p7,156,True,True,True,-6.316262520015871
robust_extension,full_seed7_mixed_0p4_noise0p1_s5_a0p3_b0p8,155,True,True,True,-3.406948862265024
robust_extension,full_seed7_mixed_0p4_noise0p1_s5_a0p3_b0p8,156,True,True,True,-3.158131260007936
robust_extension,full_seed7_spike_0p3_noise0p1_s5_a0p2_b0p7,94,True,True,True,-6.178214814258986
robust_extension,full_seed7_spike_0p3_noise0p1_s5_a0p2_b0p7,99,True,True,True,6.257709395030783
robust_extension,full_seed7_spike_0p3_noise0p1_s5_a0p2_b0p7,100,True,True,True,-0.022455260427835633
robust_extension,full_seed7_spike_0p3_noise0p1_s5_a0p2_b0p7,104,True,True,True,0.16257730985620444
robust_extension,full_seed7_spike_0p3_noise0p1_s5_a0p2_b0p7,155,True,True,True,-0.4138977245300457
robust_extension,full_seed7_spike_0p3_noise0p1_s5_a0p2_b0p7,156,True,True,True,6.483737479984131
robust_extension,full_seed7_spike_0p3_noise0p1_s5_a0p2_b0p7,162,True,True,True,6.487852738723705
robust_extension,full_seed7_spike_0p3_noise0p1_s5_a0p2_b0p7,163,True,True,True,-0.0664620875287949
robust_extension,full_seed7_spike_0p3_noise0p1_s5_a0p2_b0p7,164,True,True,True,-0.01665979850354482
robust_extension,full_seed7_spike_0p3_noise0p1_s5_a0p2_b0p7,166,True,True,True,6.366886645046222
robust_extension,full_seed7_spike_0p3_noise0p1_s5_a0p2_b0p7,167,True,True,True,6.061364440006589
robust_extension,full_seed7_spike_0p3_noise0p1_s5_a0p2_b0p7,177,True,True,True,-0.013169146185562308
robust_extension,full_seed7_spike_0p3_noise0p1_s5_a0p3_b0p8,94,True,True,True,-3.089107407129494
robust_extension,full_seed7_spike_0p3_noise0p1_s5_a0p3_b0p8,99,True,True,True,3.1288546975153917
robust_extension,full_seed7_spike_0p3_noise0p1_s5_a0p3_b0p8,100,True,True,True,-0.011227630213917816
robust_extension,full_seed7_spike_0p3_noise0p1_s5_a0p3_b0p8,104,True,True,True,0.08128865492810222
robust_extension,full_seed7_spike_0p3_noise0p1_s5_a0p3_b0p8,155,True,True,True,-0.20694886226502285
robust_extension,full_seed7_spike_0p3_noise0p1_s5_a0p3_b0p8,156,True,True,True,3.241868739992066
robust_extension,full_seed7_spike_0p3_noise0p1_s5_a0p3_b0p8,162,True,True,True,3.2439263693618523
robust_extension,full_seed7_spike_0p3_noise0p1_s5_a0p3_b0p8,163,True,True,True,-0.03323104376439745
robust_extension,full_seed7_spike_0p3_noise0p1_s5_a0p3_b0p8,164,True,True,True,-0.008329899251771966
robust_extension,full_seed7_spike_0p3_noise0p1_s5_a0p3_b0p8,166,True,True,True,3.183443322523112
robust_extension,full_seed7_spike_0p3_noise0p1_s5_a0p3_b0p8,167,True,True,True,3.0306822200032952
robust_extension,full_seed7_spike_0p3_noise0p1_s5_a0p3_b0p8,177,True,True,True,-0.006584573092780932
robust_extension,full_seed7_spike_0p3_noise0p1_s9_a0p2_b0p7,102,True,True,True,-0.7095089794029914
robust_extension,full_seed7_spike_0p3_noise0p1_s9_a0p2_b0p7,164,True,True,True,-2.9585621213912283e-05
robust_extension,full_seed7_spike_0p3_noise0p1_s9_a0p2_b0p7,165,True,True,True,-0.7186893056430472
robust_extension,full_seed7_spike_0p3_noise0p1_s9_a0p2_b0p7,169,True,True,True,0.0008258294933854993
robust_extension,full_seed7_spike_0p3_noise0p1_s9_a0p3_b0p8,102,True,True,True,0.0
robust_extension,full_seed7_spike_0p3_noise0p1_s9_a0p3_b0p8,164,True,True,True,0.0
robust_extension,full_seed7_spike_0p3_noise0p1_s9_a0p3_b0p8,165,True,True,True,0.0
robust_extension,full_seed7_spike_0p3_noise0p1_s9_a0p3_b0p8,169,True,True,True,0.0
robust_extension,full_seed7_spike_0p3_noise0p25_s5_a0p2_b0p7,100,True,True,True,-0.05628346053912647
robust_extension,full_seed7_spike_0p3_noise0p25_s5_a0p2_b0p7,135,True,True,True,-0.5730794480417813
robust_extension,full_seed7_spike_0p3_noise0p25_s5_a0p3_b0p8,100,True,True,True,-0.028141730269563237
robust_extension,full_seed7_spike_0p3_noise0p25_s5_a0p3_b0p8,135,True,True,True,-0.2865397240208907
robust_extension,full_seed7_spike_0p3_noise0p25_s9_a0p2_b0p7,165,True,True,True,-0.7300716537962573
robust_extension,full_seed7_spike_0p3_noise0p25_s9_a0p3_b0p8,165,True,True,True,0.0
robust_extension,full_seed7_spike_0p3_noise0p5_s9_a0p2_b0p7,174,True,True,True,0.02542823869765265
robust_extension,full_seed7_spike_0p3_noise0p5_s9_a0p3_b0p8,174,True,True,True,0.0
robust_extension,full_seed7_spike_0p4_noise0p1_s5_a0p2_b0p7,94,True,True,True,-6.178214814258986
robust_extension,full_seed7_spike_0p4_noise0p1_s5_a0p2_b0p7,99,True,True,True,6.257709395030783
robust_extension,full_seed7_spike_0p4_noise0p1_s5_a0p2_b0p7,100,True,True,True,-0.022455260427835633
robust_extension,full_seed7_spike_0p4_noise0p1_s5_a0p2_b0p7,104,True,True,True,0.16257730985620444
robust_extension,full_seed7_spike_0p4_noise0p1_s5_a0p2_b0p7,155,True,True,True,-0.4138977245300457
robust_extension,full_seed7_spike_0p4_noise0p1_s5_a0p2_b0p7,156,True,True,True,6.483737479984131
robust_extension,full_seed7_spike_0p4_noise0p1_s5_a0p2_b0p7,162,True,True,True,6.487852738723705
robust_extension,full_seed7_spike_0p4_noise0p1_s5_a0p2_b0p7,163,True,True,True,-0.0664620875287949
robust_extension,full_seed7_spike_0p4_noise0p1_s5_a0p2_b0p7,164,True,True,True,-0.01665979850354482
robust_extension,full_seed7_spike_0p4_noise0p1_s5_a0p2_b0p7,166,True,True,True,6.366886645046222
robust_extension,full_seed7_spike_0p4_noise0p1_s5_a0p2_b0p7,167,True,True,True,6.061364440006589
robust_extension,full_seed7_spike_0p4_noise0p1_s5_a0p2_b0p7,177,True,True,True,-0.013169146185562308
robust_extension,full_seed7_spike_0p4_noise0p1_s5_a0p3_b0p8,94,True,True,True,-3.089107407129494
robust_extension,full_seed7_spike_0p4_noise0p1_s5_a0p3_b0p8,99,True,True,True,3.1288546975153917
robust_extension,full_seed7_spike_0p4_noise0p1_s5_a0p3_b0p8,100,True,True,True,-0.011227630213917816
robust_extension,full_seed7_spike_0p4_noise0p1_s5_a0p3_b0p8,104,True,True,True,0.08128865492810222
robust_extension,full_seed7_spike_0p4_noise0p1_s5_a0p3_b0p8,155,True,True,True,-0.20694886226502285
robust_extension,full_seed7_spike_0p4_noise0p1_s5_a0p3_b0p8,156,True,True,True,3.241868739992066
robust_extension,full_seed7_spike_0p4_noise0p1_s5_a0p3_b0p8,162,True,True,True,3.2439263693618523
robust_extension,full_seed7_spike_0p4_noise0p1_s5_a0p3_b0p8,163,True,True,True,-0.03323104376439745
robust_extension,full_seed7_spike_0p4_noise0p1_s5_a0p3_b0p8,164,True,True,True,-0.008329899251771966
robust_extension,full_seed7_spike_0p4_noise0p1_s5_a0p3_b0p8,166,True,True,True,3.183443322523112
robust_extension,full_seed7_spike_0p4_noise0p1_s5_a0p3_b0p8,167,True,True,True,3.0306822200032952
robust_extension,full_seed7_spike_0p4_noise0p1_s5_a0p3_b0p8,177,True,True,True,-0.006584573092780932
robust_extension,full_seed7_spike_0p4_noise0p25_s5_a0p2_b0p7,100,True,True,True,-0.05628346053912647
robust_extension,full_seed7_spike_0p4_noise0p25_s5_a0p2_b0p7,135,True,True,True,-0.5730794480417813
robust_extension,full_seed7_spike_0p4_noise0p25_s5_a0p3_b0p8,100,True,True,True,-0.028141730269563237
robust_extension,full_seed7_spike_0p4_noise0p25_s5_a0p3_b0p8,135,True,True,True,-0.2865397240208907
corrected_fpr_single,full_seed101_bias_0p3_noise0p1_s5_a0p2_b0p7,100,True,True,True,-0.08197809991755234
corrected_fpr_single,full_seed101_bias_0p3_noise0p1_s5_a0p3_b0p8,100,True,True,True,-0.04098904995877639
corrected_fpr_single,full_seed101_bias_0p3_noise0p1_s9_a0p2_b0p7,104,True,True,True,-0.00013744933363923906
corrected_fpr_single,full_seed101_bias_0p3_noise0p1_s9_a0p3_b0p8,104,True,True,True,0.0
corrected_fpr_single,full_seed101_bias_0p3_noise0p25_s5_a0p2_b0p7,178,True,True,True,-0.1834257940889774
corrected_fpr_single,full_seed101_bias_0p3_noise0p25_s5_a0p3_b0p8,178,True,True,True,-0.0917128970444887
corrected_fpr_single,full_seed101_bias_0p4_noise0p1_s5_a0p2_b0p7,100,True,True,True,-0.08197809991755234
corrected_fpr_single,full_seed101_bias_0p4_noise0p1_s5_a0p3_b0p8,100,True,True,True,-0.04098904995877639
corrected_fpr_single,full_seed101_bias_0p4_noise0p25_s5_a0p2_b0p7,178,True,True,True,-0.1834257940889774
corrected_fpr_single,full_seed101_bias_0p4_noise0p25_s5_a0p3_b0p8,178,True,True,True,-0.0917128970444887
corrected_fpr_single,full_seed101_mixed_0p3_noise0p1_s5_a0p2_b0p7,100,True,True,True,-0.08197809991755234
corrected_fpr_single,full_seed101_mixed_0p3_noise0p1_s5_a0p2_b0p7,149,True,True,True,-0.48863591673064466
corrected_fpr_single,full_seed101_mixed_0p3_noise0p1_s5_a0p2_b0p7,156,True,True,True,0.20704154218014414
corrected_fpr_single,full_seed101_mixed_0p3_noise0p1_s5_a0p3_b0p8,100,True,True,True,-0.04098904995877639
corrected_fpr_single,full_seed101_mixed_0p3_noise0p1_s5_a0p3_b0p8,149,True,True,True,-0.24431795836532189
corrected_fpr_single,full_seed101_mixed_0p3_noise0p1_s5_a0p3_b0p8,156,True,True,True,0.1035207710900723
corrected_fpr_single,full_seed101_mixed_0p3_noise0p25_s5_a0p2_b0p7,147,True,True,True,6.495502734738709
corrected_fpr_single,full_seed101_mixed_0p3_noise0p25_s5_a0p3_b0p8,147,True,True,True,3.2477513673693554
corrected_fpr_single,full_seed101_mixed_0p3_noise0p5_s5_a0p2_b0p7,142,True,True,True,-0.07059069817674457
corrected_fpr_single,full_seed101_mixed_0p3_noise0p5_s5_a0p3_b0p8,142,True,True,True,-0.035295349088372285
corrected_fpr_single,full_seed101_mixed_0p4_noise0p1_s5_a0p2_b0p7,100,True,True,True,-0.08197809991755234
corrected_fpr_single,full_seed101_mixed_0p4_noise0p1_s5_a0p2_b0p7,149,True,True,True,-0.48863591673064466
corrected_fpr_single,full_seed101_mixed_0p4_noise0p1_s5_a0p2_b0p7,156,True,True,True,0.20704154218014414
corrected_fpr_single,full_seed101_mixed_0p4_noise0p1_s5_a0p3_b0p8,100,True,True,True,-0.04098904995877639
corrected_fpr_single,full_seed101_mixed_0p4_noise0p1_s5_a0p3_b0p8,149,True,True,True,-0.24431795836532189
corrected_fpr_single,full_seed101_mixed_0p4_noise0p1_s5_a0p3_b0p8,156,True,True,True,0.1035207710900723
corrected_fpr_single,full_seed101_mixed_0p4_noise0p25_s5_a0p2_b0p7,147,True,True,True,6.495502734738709
corrected_fpr_single,full_seed101_mixed_0p4_noise0p25_s5_a0p3_b0p8,147,True,True,True,3.2477513673693554
corrected_fpr_single,full_seed101_mixed_0p4_noise0p5_s5_a0p2_b0p7,142,True,True,True,-0.07059069817674457
corrected_fpr_single,full_seed101_mixed_0p4_noise0p5_s5_a0p3_b0p8,142,True,True,True,-0.035295349088372285
corrected_fpr_single,full_seed101_spike_0p3_noise0p1_s5_a0p2_b0p7,94,True,True,True,0.15199673119849688
corrected_fpr_single,full_seed101_spike_0p3_noise0p1_s5_a0p2_b0p7,99,True,True,True,-6.428795883148748
corrected_fpr_single,full_seed101_spike_0p3_noise0p1_s5_a0p2_b0p7,100,True,True,True,-0.08197809991755234
corrected_fpr_single,full_seed101_spike_0p3_noise0p1_s5_a0p2_b0p7,104,True,True,True,0.1951244827037133
corrected_fpr_single,full_seed101_spike_0p3_noise0p1_s5_a0p2_b0p7,149,True,True,True,5.911364083269357
corrected_fpr_single,full_seed101_spike_0p3_noise0p1_s5_a0p2_b0p7,156,True,True,True,-6.1929584578198575
corrected_fpr_single,full_seed101_spike_0p3_noise0p1_s5_a0p2_b0p7,161,True,True,True,6.404291596820788
corrected_fpr_single,full_seed101_spike_0p3_noise0p1_s5_a0p2_b0p7,162,True,True,True,6.431672890010667
corrected_fpr_single,full_seed101_spike_0p3_noise0p1_s5_a0p2_b0p7,164,True,True,True,-0.03494096341275643
corrected_fpr_single,full_seed101_spike_0p3_noise0p1_s5_a0p2_b0p7,178,True,True,True,-0.0733121938477761
corrected_fpr_single,full_seed101_spike_0p3_noise0p1_s5_a0p3_b0p8,94,True,True,True,0.07599836559924844
corrected_fpr_single,full_seed101_spike_0p3_noise0p1_s5_a0p3_b0p8,99,True,True,True,-3.214397941574375
corrected_fpr_single,full_seed101_spike_0p3_noise0p1_s5_a0p3_b0p8,100,True,True,True,-0.04098904995877617
corrected_fpr_single,full_seed101_spike_0p3_noise0p1_s5_a0p3_b0p8,104,True,True,True,0.09756224135185665
corrected_fpr_single,full_seed101_spike_0p3_noise0p1_s5_a0p3_b0p8,149,True,True,True,2.9556820416346783
corrected_fpr_single,full_seed101_spike_0p3_noise0p1_s5_a0p3_b0p8,156,True,True,True,-3.096479228909929
corrected_fpr_single,full_seed101_spike_0p3_noise0p1_s5_a0p3_b0p8,161,True,True,True,3.2021457984103945
corrected_fpr_single,full_seed101_spike_0p3_noise0p1_s5_a0p3_b0p8,162,True,True,True,3.215836445005334
corrected_fpr_single,full_seed101_spike_0p3_noise0p1_s5_a0p3_b0p8,164,True,True,True,-0.017470481706378216
corrected_fpr_single,full_seed101_spike_0p3_noise0p1_s5_a0p3_b0p8,178,True,True,True,-0.03665609692388805
corrected_fpr_single,full_seed101_spike_0p3_noise0p1_s9_a0p2_b0p7,103,True,True,True,-0.005543208076143447
corrected_fpr_single,full_seed101_spike_0p3_noise0p1_s9_a0p2_b0p7,104,True,True,True,-0.021817947411829408
corrected_fpr_single,full_seed101_spike_0p3_noise0p1_s9_a0p2_b0p7,166,True,True,True,-0.00965203318342267
corrected_fpr_single,full_seed101_spike_0p3_noise0p1_s9_a0p3_b0p8,103,True,True,True,0.0
corrected_fpr_single,full_seed101_spike_0p3_noise0p1_s9_a0p3_b0p8,104,True,True,True,0.0
corrected_fpr_single,full_seed101_spike_0p3_noise0p1_s9_a0p3_b0p8,166,True,True,True,0.0
corrected_fpr_single,full_seed101_spike_0p3_noise0p25_s5_a0p2_b0p7,149,True,True,True,5.86647598840776
corrected_fpr_single,full_seed101_spike_0p3_noise0p25_s5_a0p2_b0p7,161,True,True,True,6.386012625991597
corrected_fpr_single,full_seed101_spike_0p3_noise0p25_s5_a0p2_b0p7,178,True,True,True,-0.1834257940889774
corrected_fpr_single,full_seed101_spike_0p3_noise0p25_s5_a0p3_b0p8,149,True,True,True,2.93323799420388
corrected_fpr_single,full_seed101_spike_0p3_noise0p25_s5_a0p3_b0p8,161,True,True,True,3.193006312995799
corrected_fpr_single,full_seed101_spike_0p3_noise0p25_s5_a0p3_b0p8,178,True,True,True,-0.0917128970444887
corrected_fpr_single,full_seed101_spike_0p3_noise0p5_s5_a0p2_b0p7,142,True,True,True,-6.470590698176745
corrected_fpr_single,full_seed101_spike_0p3_noise0p5_s5_a0p3_b0p8,142,True,True,True,-3.235295349088373
corrected_fpr_single,full_seed101_spike_0p4_noise0p1_s5_a0p2_b0p7,94,True,True,True,0.15199673119849688
corrected_fpr_single,full_seed101_spike_0p4_noise0p1_s5_a0p2_b0p7,99,True,True,True,-6.428795883148748
corrected_fpr_single,full_seed101_spike_0p4_noise0p1_s5_a0p2_b0p7,100,True,True,True,-0.08197809991755234
corrected_fpr_single,full_seed101_spike_0p4_noise0p1_s5_a0p2_b0p7,104,True,True,True,0.1951244827037133
corrected_fpr_single,full_seed101_spike_0p4_noise0p1_s5_a0p2_b0p7,149,True,True,True,5.911364083269357
corrected_fpr_single,full_seed101_spike_0p4_noise0p1_s5_a0p2_b0p7,156,True,True,True,-6.1929584578198575
corrected_fpr_single,full_seed101_spike_0p4_noise0p1_s5_a0p2_b0p7,161,True,True,True,6.404291596820788
corrected_fpr_single,full_seed101_spike_0p4_noise0p1_s5_a0p2_b0p7,162,True,True,True,6.431672890010667
corrected_fpr_single,full_seed101_spike_0p4_noise0p1_s5_a0p2_b0p7,164,True,True,True,-0.03494096341275643
corrected_fpr_single,full_seed101_spike_0p4_noise0p1_s5_a0p2_b0p7,178,True,True,True,-0.0733121938477761
corrected_fpr_single,full_seed101_spike_0p4_noise0p1_s5_a0p3_b0p8,94,True,True,True,0.07599836559924844
corrected_fpr_single,full_seed101_spike_0p4_noise0p1_s5_a0p3_b0p8,99,True,True,True,-3.214397941574375
corrected_fpr_single,full_seed101_spike_0p4_noise0p1_s5_a0p3_b0p8,100,True,True,True,-0.04098904995877617
corrected_fpr_single,full_seed101_spike_0p4_noise0p1_s5_a0p3_b0p8,104,True,True,True,0.09756224135185665
corrected_fpr_single,full_seed101_spike_0p4_noise0p1_s5_a0p3_b0p8,149,True,True,True,2.9556820416346783
corrected_fpr_single,full_seed101_spike_0p4_noise0p1_s5_a0p3_b0p8,156,True,True,True,-3.096479228909929
corrected_fpr_single,full_seed101_spike_0p4_noise0p1_s5_a0p3_b0p8,161,True,True,True,3.2021457984103945
corrected_fpr_single,full_seed101_spike_0p4_noise0p1_s5_a0p3_b0p8,162,True,True,True,3.215836445005334
corrected_fpr_single,full_seed101_spike_0p4_noise0p1_s5_a0p3_b0p8,164,True,True,True,-0.017470481706378216
corrected_fpr_single,full_seed101_spike_0p4_noise0p1_s5_a0p3_b0p8,178,True,True,True,-0.03665609692388805
corrected_fpr_single,full_seed101_spike_0p4_noise0p25_s5_a0p2_b0p7,149,True,True,True,5.86647598840776
corrected_fpr_single,full_seed101_spike_0p4_noise0p25_s5_a0p2_b0p7,161,True,True,True,6.386012625991597
corrected_fpr_single,full_seed101_spike_0p4_noise0p25_s5_a0p2_b0p7,178,True,True,True,-0.1834257940889774
corrected_fpr_single,full_seed101_spike_0p4_noise0p25_s5_a0p3_b0p8,149,True,True,True,2.93323799420388
corrected_fpr_single,full_seed101_spike_0p4_noise0p25_s5_a0p3_b0p8,161,True,True,True,3.193006312995799
corrected_fpr_single,full_seed101_spike_0p4_noise0p25_s5_a0p3_b0p8,178,True,True,True,-0.0917128970444887
corrected_fpr_single,full_seed101_spike_0p4_noise0p5_s5_a0p2_b0p7,142,True,True,True,-6.470590698176745
corrected_fpr_single,full_seed101_spike_0p4_noise0p5_s5_a0p3_b0p8,142,True,True,True,-3.235295349088373
corrected_fpr_single,full_seed11_bias_0p3_noise0p25_s5_a0p2_b0p7,161,True,True,True,0.13732562990760222
corrected_fpr_single,full_seed11_bias_0p3_noise0p25_s5_a0p3_b0p8,161,True,True,True,0.06866281495380111
corrected_fpr_single,full_seed11_bias_0p4_noise0p25_s5_a0p2_b0p7,161,True,True,True,0.13732562990760222
corrected_fpr_single,full_seed11_bias_0p4_noise0p25_s5_a0p3_b0p8,161,True,True,True,0.06866281495380111
corrected_fpr_single,full_seed11_drift_0p3_noise0p25_s5_a0p2_b0p7,161,True,True,True,0.13732562990760266
corrected_fpr_single,full_seed11_drift_0p3_noise0p25_s5_a0p3_b0p8,161,True,True,True,0.06866281495380111
corrected_fpr_single,full_seed11_drift_0p4_noise0p25_s5_a0p2_b0p7,161,True,True,True,0.13732562990760266
corrected_fpr_single,full_seed11_drift_0p4_noise0p25_s5_a0p3_b0p8,161,True,True,True,0.06866281495380111
corrected_fpr_single,full_seed11_mixed_0p3_noise0p1_s5_a0p2_b0p7,156,True,True,True,0.16322093701258567
corrected_fpr_single,full_seed11_mixed_0p3_noise0p1_s5_a0p3_b0p8,156,True,True,True,0.08161046850629283
corrected_fpr_single,full_seed11_mixed_0p3_noise0p25_s5_a0p2_b0p7,150,True,True,True,0.04276238892585926
corrected_fpr_single,full_seed11_mixed_0p3_noise0p25_s5_a0p3_b0p8,150,True,True,True,0.02138119446292963
corrected_fpr_single,full_seed11_mixed_0p4_noise0p1_s5_a0p2_b0p7,156,True,True,True,0.16322093701258567
corrected_fpr_single,full_seed11_mixed_0p4_noise0p1_s5_a0p3_b0p8,156,True,True,True,0.08161046850629283
corrected_fpr_single,full_seed11_mixed_0p4_noise0p25_s5_a0p2_b0p7,150,True,True,True,0.04276238892585926
corrected_fpr_single,full_seed11_mixed_0p4_noise0p25_s5_a0p3_b0p8,150,True,True,True,0.02138119446292963
corrected_fpr_single,full_seed11_spike_0p3_noise0p1_s5_a0p2_b0p7,94,True,True,True,0.22783418286224322
corrected_fpr_single,full_seed11_spike_0p3_noise0p1_s5_a0p2_b0p7,104,True,True,True,6.5858981787056425
corrected_fpr_single,full_seed11_spike_0p3_noise0p1_s5_a0p2_b0p7,156,True,True,True,0.16322093701258567
corrected_fpr_single,full_seed11_spike_0p3_noise0p1_s5_a0p2_b0p7,161,True,True,True,0.06481679838719057
corrected_fpr_single,full_seed11_spike_0p3_noise0p1_s5_a0p2_b0p7,164,True,True,True,6.440647604222498
corrected_fpr_single,full_seed11_spike_0p3_noise0p1_s5_a0p2_b0p7,166,True,True,True,-6.450911585726171
corrected_fpr_single,full_seed11_spike_0p3_noise0p1_s5_a0p3_b0p8,94,True,True,True,0.11391709143112161
corrected_fpr_single,full_seed11_spike_0p3_noise0p1_s5_a0p3_b0p8,104,True,True,True,3.292949089352822
corrected_fpr_single,full_seed11_spike_0p3_noise0p1_s5_a0p3_b0p8,156,True,True,True,0.08161046850629283
corrected_fpr_single,full_seed11_spike_0p3_noise0p1_s5_a0p3_b0p8,161,True,True,True,0.03240839919359573
corrected_fpr_single,full_seed11_spike_0p3_noise0p1_s5_a0p3_b0p8,164,True,True,True,3.2203238021112495
corrected_fpr_single,full_seed11_spike_0p3_noise0p1_s5_a0p3_b0p8,166,True,True,True,-3.2254557928630856
corrected_fpr_single,full_seed11_spike_0p3_noise0p1_s9_a0p2_b0p7,104,True,True,True,-0.020611351285574564
corrected_fpr_single,full_seed11_spike_0p3_noise0p1_s9_a0p2_b0p7,105,True,True,True,0.01980963528396651
corrected_fpr_single,full_seed11_spike_0p3_noise0p1_s9_a0p2_b0p7,169,True,True,True,0.01112946742761245
corrected_fpr_single,full_seed11_spike_0p3_noise0p1_s9_a0p3_b0p8,104,True,True,True,0.0
corrected_fpr_single,full_seed11_spike_0p3_noise0p1_s9_a0p3_b0p8,105,True,True,True,0.0
corrected_fpr_single,full_seed11_spike_0p3_noise0p1_s9_a0p3_b0p8,169,True,True,True,0.0
corrected_fpr_single,full_seed11_spike_0p3_noise0p25_s5_a0p2_b0p7,150,True,True,True,6.4427623889258605
corrected_fpr_single,full_seed11_spike_0p3_noise0p25_s5_a0p2_b0p7,161,True,True,True,0.13732562990760222
corrected_fpr_single,full_seed11_spike_0p3_noise0p25_s5_a0p3_b0p8,150,True,True,True,3.2213811944629307
corrected_fpr_single,full_seed11_spike_0p3_noise0p25_s5_a0p3_b0p8,161,True,True,True,0.06866281495380111
corrected_fpr_single,full_seed11_spike_0p3_noise0p25_s9_a0p2_b0p7,169,True,True,True,0.015524249378423394
corrected_fpr_single,full_seed11_spike_0p3_noise0p25_s9_a0p3_b0p8,169,True,True,True,0.0
corrected_fpr_single,full_seed11_spike_0p3_noise0p5_s5_a0p2_b0p7,161,True,True,True,0.2581736824416243
corrected_fpr_single,full_seed11_spike_0p3_noise0p5_s5_a0p3_b0p8,161,True,True,True,0.12908684122081215
corrected_fpr_single,full_seed11_spike_0p4_noise0p1_s5_a0p2_b0p7,94,True,True,True,0.22783418286224322
corrected_fpr_single,full_seed11_spike_0p4_noise0p1_s5_a0p2_b0p7,104,True,True,True,6.5858981787056425
corrected_fpr_single,full_seed11_spike_0p4_noise0p1_s5_a0p2_b0p7,156,True,True,True,0.16322093701258567
corrected_fpr_single,full_seed11_spike_0p4_noise0p1_s5_a0p2_b0p7,161,True,True,True,0.06481679838719057
corrected_fpr_single,full_seed11_spike_0p4_noise0p1_s5_a0p2_b0p7,164,True,True,True,6.440647604222498
corrected_fpr_single,full_seed11_spike_0p4_noise0p1_s5_a0p2_b0p7,166,True,True,True,-6.450911585726171
corrected_fpr_single,full_seed11_spike_0p4_noise0p1_s5_a0p3_b0p8,94,True,True,True,0.11391709143112161
corrected_fpr_single,full_seed11_spike_0p4_noise0p1_s5_a0p3_b0p8,104,True,True,True,3.292949089352822
corrected_fpr_single,full_seed11_spike_0p4_noise0p1_s5_a0p3_b0p8,156,True,True,True,0.08161046850629283
corrected_fpr_single,full_seed11_spike_0p4_noise0p1_s5_a0p3_b0p8,161,True,True,True,0.03240839919359573
corrected_fpr_single,full_seed11_spike_0p4_noise0p1_s5_a0p3_b0p8,164,True,True,True,3.2203238021112495
corrected_fpr_single,full_seed11_spike_0p4_noise0p1_s5_a0p3_b0p8,166,True,True,True,-3.2254557928630856
corrected_fpr_single,full_seed11_spike_0p4_noise0p25_s5_a0p2_b0p7,150,True,True,True,6.4427623889258605
corrected_fpr_single,full_seed11_spike_0p4_noise0p25_s5_a0p2_b0p7,161,True,True,True,0.13732562990760222
corrected_fpr_single,full_seed11_spike_0p4_noise0p25_s5_a0p3_b0p8,150,True,True,True,3.2213811944629307
corrected_fpr_single,full_seed11_spike_0p4_noise0p25_s5_a0p3_b0p8,161,True,True,True,0.06866281495380111
corrected_fpr_single,full_seed11_spike_0p4_noise0p5_s5_a0p2_b0p7,161,True,True,True,0.2581736824416243
corrected_fpr_single,full_seed11_spike_0p4_noise0p5_s5_a0p3_b0p8,161,True,True,True,0.12908684122081215
corrected_fpr_single,full_seed42_bias_0p3_noise0p1_s5_a0p2_b0p7,166,True,True,True,0.04206148018778588
corrected_fpr_single,full_seed42_bias_0p3_noise0p1_s5_a0p3_b0p8,166,True,True,True,0.021030740093893385
corrected_fpr_single,full_seed42_bias_0p4_noise0p1_s5_a0p2_b0p7,166,True,True,True,0.04206148018778588
corrected_fpr_single,full_seed42_bias_0p4_noise0p1_s5_a0p3_b0p8,166,True,True,True,0.021030740093893385
corrected_fpr_single,full_seed42_mixed_0p3_noise0p1_s5_a0p2_b0p7,149,True,True,True,6.0040820578972625
corrected_fpr_single,full_seed42_mixed_0p3_noise0p1_s5_a0p2_b0p7,155,True,True,True,6.055637267211695
corrected_fpr_single,full_seed42_mixed_0p3_noise0p1_s5_a0p3_b0p8,149,True,True,True,3.0020410289486312
corrected_fpr_single,full_seed42_mixed_0p3_noise0p1_s5_a0p3_b0p8,155,True,True,True,3.0278186336058477
corrected_fpr_single,full_seed42_mixed_0p4_noise0p1_s5_a0p2_b0p7,149,True,True,True,6.0040820578972625
corrected_fpr_single,full_seed42_mixed_0p4_noise0p1_s5_a0p2_b0p7,155,True,True,True,6.055637267211695
corrected_fpr_single,full_seed42_mixed_0p4_noise0p1_s5_a0p3_b0p8,149,True,True,True,3.0020410289486312
corrected_fpr_single,full_seed42_mixed_0p4_noise0p1_s5_a0p3_b0p8,155,True,True,True,3.0278186336058477
corrected_fpr_single,full_seed42_spike_0p3_noise0p1_s5_a0p2_b0p7,93,True,True,True,-6.698453819722604
corrected_fpr_single,full_seed42_spike_0p3_noise0p1_s5_a0p2_b0p7,102,True,True,True,-0.017035028792069085
corrected_fpr_single,full_seed42_spike_0p3_noise0p1_s5_a0p2_b0p7,104,True,True,True,6.47013291076858
corrected_fpr_single,full_seed42_spike_0p3_noise0p1_s5_a0p2_b0p7,149,True,True,True,-6.79591794210274
corrected_fpr_single,full_seed42_spike_0p3_noise0p1_s5_a0p2_b0p7,156,True,True,True,0.12234311883855264
corrected_fpr_single,full_seed42_spike_0p3_noise0p1_s5_a0p2_b0p7,163,True,True,True,6.415760233598375
corrected_fpr_single,full_seed42_spike_0p3_noise0p1_s5_a0p2_b0p7,164,True,True,True,0.012789750899859342
corrected_fpr_single,full_seed42_spike_0p3_noise0p1_s5_a0p2_b0p7,165,True,True,True,-0.02538666246717458
corrected_fpr_single,full_seed42_spike_0p3_noise0p1_s5_a0p2_b0p7,166,True,True,True,-6.3579385198122145
corrected_fpr_single,full_seed42_spike_0p3_noise0p1_s5_a0p2_b0p7,173,True,True,True,6.468543646965771
corrected_fpr_single,full_seed42_spike_0p3_noise0p1_s5_a0p2_b0p7,179,True,True,True,-6.442613517018984
corrected_fpr_single,full_seed42_spike_0p3_noise0p1_s5_a0p3_b0p8,93,True,True,True,-3.3492269098613026
corrected_fpr_single,full_seed42_spike_0p3_noise0p1_s5_a0p3_b0p8,102,True,True,True,-0.008517514396034542
corrected_fpr_single,full_seed42_spike_0p3_noise0p1_s5_a0p3_b0p8,104,True,True,True,3.235066455384291
corrected_fpr_single,full_seed42_spike_0p3_noise0p1_s5_a0p3_b0p8,149,True,True,True,-3.397958971051371
corrected_fpr_single,full_seed42_spike_0p3_noise0p1_s5_a0p3_b0p8,156,True,True,True,0.06117155941927632
corrected_fpr_single,full_seed42_spike_0p3_noise0p1_s5_a0p3_b0p8,163,True,True,True,3.2078801167991884
corrected_fpr_single,full_seed42_spike_0p3_noise0p1_s5_a0p3_b0p8,164,True,True,True,0.006394875449929671
corrected_fpr_single,full_seed42_spike_0p3_noise0p1_s5_a0p3_b0p8,165,True,True,True,-0.012693331233587513
corrected_fpr_single,full_seed42_spike_0p3_noise0p1_s5_a0p3_b0p8,166,True,True,True,-3.1789692599061077
corrected_fpr_single,full_seed42_spike_0p3_noise0p1_s5_a0p3_b0p8,173,True,True,True,3.234271823482886
corrected_fpr_single,full_seed42_spike_0p3_noise0p1_s5_a0p3_b0p8,179,True,True,True,-3.2213067585094928
corrected_fpr_single,full_seed42_spike_0p4_noise0p1_s5_a0p2_b0p7,93,True,True,True,-6.698453819722604
corrected_fpr_single,full_seed42_spike_0p4_noise0p1_s5_a0p2_b0p7,102,True,True,True,-0.017035028792069085
corrected_fpr_single,full_seed42_spike_0p4_noise0p1_s5_a0p2_b0p7,104,True,True,True,6.47013291076858
corrected_fpr_single,full_seed42_spike_0p4_noise0p1_s5_a0p2_b0p7,149,True,True,True,-6.79591794210274
corrected_fpr_single,full_seed42_spike_0p4_noise0p1_s5_a0p2_b0p7,156,True,True,True,0.12234311883855264
corrected_fpr_single,full_seed42_spike_0p4_noise0p1_s5_a0p2_b0p7,163,True,True,True,6.415760233598375
corrected_fpr_single,full_seed42_spike_0p4_noise0p1_s5_a0p2_b0p7,164,True,True,True,0.012789750899859342
corrected_fpr_single,full_seed42_spike_0p4_noise0p1_s5_a0p2_b0p7,165,True,True,True,-0.02538666246717458
corrected_fpr_single,full_seed42_spike_0p4_noise0p1_s5_a0p2_b0p7,166,True,True,True,-6.3579385198122145
corrected_fpr_single,full_seed42_spike_0p4_noise0p1_s5_a0p2_b0p7,173,True,True,True,6.468543646965771
corrected_fpr_single,full_seed42_spike_0p4_noise0p1_s5_a0p2_b0p7,179,True,True,True,-6.442613517018984
corrected_fpr_single,full_seed42_spike_0p4_noise0p1_s5_a0p3_b0p8,93,True,True,True,-3.3492269098613026
corrected_fpr_single,full_seed42_spike_0p4_noise0p1_s5_a0p3_b0p8,102,True,True,True,-0.008517514396034542
corrected_fpr_single,full_seed42_spike_0p4_noise0p1_s5_a0p3_b0p8,104,True,True,True,3.235066455384291
corrected_fpr_single,full_seed42_spike_0p4_noise0p1_s5_a0p3_b0p8,149,True,True,True,-3.397958971051371
corrected_fpr_single,full_seed42_spike_0p4_noise0p1_s5_a0p3_b0p8,156,True,True,True,0.06117155941927632
corrected_fpr_single,full_seed42_spike_0p4_noise0p1_s5_a0p3_b0p8,163,True,True,True,3.2078801167991884
corrected_fpr_single,full_seed42_spike_0p4_noise0p1_s5_a0p3_b0p8,164,True,True,True,0.006394875449929671
corrected_fpr_single,full_seed42_spike_0p4_noise0p1_s5_a0p3_b0p8,165,True,True,True,-0.012693331233587513
corrected_fpr_single,full_seed42_spike_0p4_noise0p1_s5_a0p3_b0p8,166,True,True,True,-3.1789692599061077
corrected_fpr_single,full_seed42_spike_0p4_noise0p1_s5_a0p3_b0p8,173,True,True,True,3.234271823482886
corrected_fpr_single,full_seed42_spike_0p4_noise0p1_s5_a0p3_b0p8,179,True,True,True,-3.2213067585094928
corrected_crp,full_seed101_bias_0p0_noise0p5_s13_a0p2_b0p7,7,True,True,True,0.0
corrected_crp,full_seed101_bias_0p0_noise0p5_s13_a0p2_b0p7,28,True,True,True,0.0
corrected_crp,full_seed101_bias_0p0_noise0p5_s13_a0p2_b0p7,72,True,True,True,0.0
corrected_crp,full_seed101_bias_0p0_noise0p5_s13_a0p2_b0p7,77,True,True,True,0.0
corrected_crp,full_seed101_bias_0p0_noise0p5_s13_a0p2_b0p7,174,True,True,True,0.0
corrected_crp,full_seed101_bias_0p0_noise0p5_s13_a0p2_b0p7,223,True,True,True,0.0
corrected_crp,full_seed101_bias_0p0_noise0p5_s13_a0p3_b0p8,7,True,True,True,0.0
corrected_crp,full_seed101_bias_0p0_noise0p5_s13_a0p3_b0p8,28,True,True,True,0.0
corrected_crp,full_seed101_bias_0p0_noise0p5_s13_a0p3_b0p8,72,True,True,True,0.0
corrected_crp,full_seed101_bias_0p0_noise0p5_s13_a0p3_b0p8,77,True,True,True,0.0
corrected_crp,full_seed101_bias_0p0_noise0p5_s13_a0p3_b0p8,174,True,True,True,0.0
corrected_crp,full_seed101_bias_0p0_noise0p5_s13_a0p3_b0p8,223,True,True,True,0.0
corrected_crp,full_seed101_bias_0p0_noise0p5_s9_a0p2_b0p7,94,True,True,True,0.0
corrected_crp,full_seed101_bias_0p0_noise0p5_s9_a0p3_b0p8,94,True,True,True,0.04730741274207917
corrected_crp,full_seed101_bias_0p1_noise0p1_s13_a0p2_b0p7,93,True,True,True,0.0
corrected_crp,full_seed101_bias_0p1_noise0p1_s13_a0p2_b0p7,97,True,True,True,0.0
corrected_crp,full_seed101_bias_0p1_noise0p1_s13_a0p2_b0p7,101,True,True,True,0.0
corrected_crp,full_seed101_bias_0p1_noise0p1_s13_a0p2_b0p7,102,True,True,True,0.0
corrected_crp,full_seed101_bias_0p1_noise0p1_s13_a0p2_b0p7,122,True,True,True,0.0
corrected_crp,full_seed101_bias_0p1_noise0p1_s13_a0p2_b0p7,135,True,True,True,0.0
corrected_crp,full_seed101_bias_0p1_noise0p1_s13_a0p2_b0p7,153,True,True,True,0.0
corrected_crp,full_seed101_bias_0p1_noise0p1_s13_a0p2_b0p7,155,True,True,True,0.0
corrected_crp,full_seed101_bias_0p1_noise0p1_s13_a0p2_b0p7,161,True,True,True,0.0
corrected_crp,full_seed101_bias_0p1_noise0p1_s13_a0p2_b0p7,167,True,True,True,0.0
corrected_crp,full_seed101_bias_0p1_noise0p1_s13_a0p2_b0p7,171,True,True,True,0.0
corrected_crp,full_seed101_bias_0p1_noise0p1_s13_a0p2_b0p7,176,True,True,True,0.0
corrected_crp,full_seed101_bias_0p1_noise0p1_s13_a0p2_b0p7,179,True,True,True,0.0
corrected_crp,full_seed101_bias_0p1_noise0p1_s13_a0p3_b0p8,93,True,True,True,0.0
corrected_crp,full_seed101_bias_0p1_noise0p1_s13_a0p3_b0p8,97,True,True,True,0.0
corrected_crp,full_seed101_bias_0p1_noise0p1_s13_a0p3_b0p8,101,True,True,True,0.0
corrected_crp,full_seed101_bias_0p1_noise0p1_s13_a0p3_b0p8,102,True,True,True,0.0
corrected_crp,full_seed101_bias_0p1_noise0p1_s13_a0p3_b0p8,122,True,True,True,0.0
corrected_crp,full_seed101_bias_0p1_noise0p1_s13_a0p3_b0p8,135,True,True,True,0.0
corrected_crp,full_seed101_bias_0p1_noise0p1_s13_a0p3_b0p8,153,True,True,True,0.0
corrected_crp,full_seed101_bias_0p1_noise0p1_s13_a0p3_b0p8,155,True,True,True,0.0
corrected_crp,full_seed101_bias_0p1_noise0p1_s13_a0p3_b0p8,161,True,True,True,0.0
corrected_crp,full_seed101_bias_0p1_noise0p1_s13_a0p3_b0p8,167,True,True,True,0.0
corrected_crp,full_seed101_bias_0p1_noise0p1_s13_a0p3_b0p8,171,True,True,True,0.0
corrected_crp,full_seed101_bias_0p1_noise0p1_s13_a0p3_b0p8,176,True,True,True,0.0
corrected_crp,full_seed101_bias_0p1_noise0p1_s13_a0p3_b0p8,179,True,True,True,0.0
corrected_crp,full_seed101_bias_0p1_noise0p1_s9_a0p2_b0p7,110,True,True,True,0.0
corrected_crp,full_seed101_bias_0p1_noise0p1_s9_a0p2_b0p7,117,True,True,True,0.0
corrected_crp,full_seed101_bias_0p1_noise0p1_s9_a0p2_b0p7,119,True,True,True,0.0
corrected_crp,full_seed101_bias_0p1_noise0p1_s9_a0p2_b0p7,135,True,True,True,0.0
corrected_crp,full_seed101_bias_0p1_noise0p1_s9_a0p3_b0p8,110,True,True,True,-0.000961495892336961
corrected_crp,full_seed101_bias_0p1_noise0p1_s9_a0p3_b0p8,117,True,True,True,0.018074739224892777
corrected_crp,full_seed101_bias_0p1_noise0p1_s9_a0p3_b0p8,119,True,True,True,0.040072401089553455
corrected_crp,full_seed101_bias_0p1_noise0p1_s9_a0p3_b0p8,135,True,True,True,-0.019807278958964503
corrected_crp,full_seed101_bias_0p1_noise0p25_s13_a0p2_b0p7,93,True,True,True,0.0
corrected_crp,full_seed101_bias_0p1_noise0p25_s13_a0p2_b0p7,100,True,True,True,0.0
corrected_crp,full_seed101_bias_0p1_noise0p25_s13_a0p2_b0p7,122,True,True,True,0.0
corrected_crp,full_seed101_bias_0p1_noise0p25_s13_a0p2_b0p7,153,True,True,True,0.0
corrected_crp,full_seed101_bias_0p1_noise0p25_s13_a0p2_b0p7,155,True,True,True,0.0
corrected_crp,full_seed101_bias_0p1_noise0p25_s13_a0p2_b0p7,159,True,True,True,0.0
corrected_crp,full_seed101_bias_0p1_noise0p25_s13_a0p2_b0p7,161,True,True,True,0.0
corrected_crp,full_seed101_bias_0p1_noise0p25_s13_a0p2_b0p7,162,True,True,True,0.0
corrected_crp,full_seed101_bias_0p1_noise0p25_s13_a0p2_b0p7,180,True,True,True,0.0
corrected_crp,full_seed101_bias_0p1_noise0p25_s13_a0p3_b0p8,93,True,True,True,0.0
corrected_crp,full_seed101_bias_0p1_noise0p25_s13_a0p3_b0p8,100,True,True,True,0.0
corrected_crp,full_seed101_bias_0p1_noise0p25_s13_a0p3_b0p8,122,True,True,True,0.0
corrected_crp,full_seed101_bias_0p1_noise0p25_s13_a0p3_b0p8,153,True,True,True,0.0
corrected_crp,full_seed101_bias_0p1_noise0p25_s13_a0p3_b0p8,155,True,True,True,0.0
corrected_crp,full_seed101_bias_0p1_noise0p25_s13_a0p3_b0p8,159,True,True,True,0.0
corrected_crp,full_seed101_bias_0p1_noise0p25_s13_a0p3_b0p8,161,True,True,True,0.0
corrected_crp,full_seed101_bias_0p1_noise0p25_s13_a0p3_b0p8,162,True,True,True,0.0
corrected_crp,full_seed101_bias_0p1_noise0p25_s13_a0p3_b0p8,180,True,True,True,0.0
corrected_crp,full_seed101_bias_0p1_noise0p25_s9_a0p2_b0p7,88,True,True,True,0.0
corrected_crp,full_seed101_bias_0p1_noise0p25_s9_a0p2_b0p7,91,True,True,True,0.0
corrected_crp,full_seed101_bias_0p1_noise0p25_s9_a0p2_b0p7,106,True,True,True,0.0
corrected_crp,full_seed101_bias_0p1_noise0p25_s9_a0p2_b0p7,110,True,True,True,0.0
corrected_crp,full_seed101_bias_0p1_noise0p25_s9_a0p2_b0p7,117,True,True,True,0.0
corrected_crp,full_seed101_bias_0p1_noise0p25_s9_a0p2_b0p7,175,True,True,True,0.0
corrected_crp,full_seed101_bias_0p1_noise0p25_s9_a0p3_b0p8,88,True,True,True,0.0022177252753798893
corrected_crp,full_seed101_bias_0p1_noise0p25_s9_a0p3_b0p8,91,True,True,True,-0.05484843084162416
corrected_crp,full_seed101_bias_0p1_noise0p25_s9_a0p3_b0p8,106,True,True,True,-0.025802657681081254
corrected_crp,full_seed101_bias_0p1_noise0p25_s9_a0p3_b0p8,110,True,True,True,0.006838824064008264
corrected_crp,full_seed101_bias_0p1_noise0p25_s9_a0p3_b0p8,117,True,True,True,-0.02485116785437791
corrected_crp,full_seed101_bias_0p1_noise0p25_s9_a0p3_b0p8,175,True,True,True,0.004006998295994713
corrected_crp,full_seed101_bias_0p1_noise0p5_s13_a0p2_b0p7,7,True,True,True,0.0
corrected_crp,full_seed101_bias_0p1_noise0p5_s13_a0p2_b0p7,28,True,True,True,0.0
corrected_crp,full_seed101_bias_0p1_noise0p5_s13_a0p2_b0p7,72,True,True,True,0.0
corrected_crp,full_seed101_bias_0p1_noise0p5_s13_a0p2_b0p7,77,True,True,True,0.0
corrected_crp,full_seed101_bias_0p1_noise0p5_s13_a0p2_b0p7,94,True,True,True,0.0
corrected_crp,full_seed101_bias_0p1_noise0p5_s13_a0p2_b0p7,97,True,True,True,0.0
corrected_crp,full_seed101_bias_0p1_noise0p5_s13_a0p2_b0p7,100,True,True,True,0.0
corrected_crp,full_seed101_bias_0p1_noise0p5_s13_a0p2_b0p7,127,True,True,True,0.0
corrected_crp,full_seed101_bias_0p1_noise0p5_s13_a0p2_b0p7,133,True,True,True,0.0
corrected_crp,full_seed101_bias_0p1_noise0p5_s13_a0p2_b0p7,135,True,True,True,0.0
corrected_crp,full_seed101_bias_0p1_noise0p5_s13_a0p2_b0p7,153,True,True,True,0.0
corrected_crp,full_seed101_bias_0p1_noise0p5_s13_a0p2_b0p7,154,True,True,True,0.0
corrected_crp,full_seed101_bias_0p1_noise0p5_s13_a0p2_b0p7,155,True,True,True,0.0
corrected_crp,full_seed101_bias_0p1_noise0p5_s13_a0p2_b0p7,159,True,True,True,0.0
corrected_crp,full_seed101_bias_0p1_noise0p5_s13_a0p2_b0p7,162,True,True,True,0.0
corrected_crp,full_seed101_bias_0p1_noise0p5_s13_a0p2_b0p7,165,True,True,True,0.0
corrected_crp,full_seed101_bias_0p1_noise0p5_s13_a0p2_b0p7,179,True,True,True,0.0
corrected_crp,full_seed101_bias_0p1_noise0p5_s13_a0p2_b0p7,223,True,True,True,0.0
corrected_crp,full_seed101_bias_0p1_noise0p5_s13_a0p3_b0p8,7,True,True,True,0.0
corrected_crp,full_seed101_bias_0p1_noise0p5_s13_a0p3_b0p8,28,True,True,True,0.0
corrected_crp,full_seed101_bias_0p1_noise0p5_s13_a0p3_b0p8,72,True,True,True,0.0
corrected_crp,full_seed101_bias_0p1_noise0p5_s13_a0p3_b0p8,77,True,True,True,0.0
corrected_crp,full_seed101_bias_0p1_noise0p5_s13_a0p3_b0p8,94,True,True,True,0.0
corrected_crp,full_seed101_bias_0p1_noise0p5_s13_a0p3_b0p8,97,True,True,True,0.0
corrected_crp,full_seed101_bias_0p1_noise0p5_s13_a0p3_b0p8,100,True,True,True,0.0
corrected_crp,full_seed101_bias_0p1_noise0p5_s13_a0p3_b0p8,127,True,True,True,0.0
corrected_crp,full_seed101_bias_0p1_noise0p5_s13_a0p3_b0p8,133,True,True,True,0.0
corrected_crp,full_seed101_bias_0p1_noise0p5_s13_a0p3_b0p8,135,True,True,True,0.0
corrected_crp,full_seed101_bias_0p1_noise0p5_s13_a0p3_b0p8,153,True,True,True,0.0
corrected_crp,full_seed101_bias_0p1_noise0p5_s13_a0p3_b0p8,154,True,True,True,0.0
corrected_crp,full_seed101_bias_0p1_noise0p5_s13_a0p3_b0p8,155,True,True,True,0.0
corrected_crp,full_seed101_bias_0p1_noise0p5_s13_a0p3_b0p8,159,True,True,True,0.0
corrected_crp,full_seed101_bias_0p1_noise0p5_s13_a0p3_b0p8,162,True,True,True,0.0
corrected_crp,full_seed101_bias_0p1_noise0p5_s13_a0p3_b0p8,165,True,True,True,0.0
corrected_crp,full_seed101_bias_0p1_noise0p5_s13_a0p3_b0p8,179,True,True,True,0.0
corrected_crp,full_seed101_bias_0p1_noise0p5_s13_a0p3_b0p8,223,True,True,True,0.0
corrected_crp,full_seed101_bias_0p1_noise0p5_s9_a0p2_b0p7,96,True,True,True,0.0
corrected_crp,full_seed101_bias_0p1_noise0p5_s9_a0p2_b0p7,102,True,True,True,0.0
corrected_crp,full_seed101_bias_0p1_noise0p5_s9_a0p2_b0p7,103,True,True,True,0.0
corrected_crp,full_seed101_bias_0p1_noise0p5_s9_a0p2_b0p7,107,True,True,True,0.0
corrected_crp,full_seed101_bias_0p1_noise0p5_s9_a0p2_b0p7,109,True,True,True,0.0
corrected_crp,full_seed101_bias_0p1_noise0p5_s9_a0p2_b0p7,112,True,True,True,0.0
corrected_crp,full_seed101_bias_0p1_noise0p5_s9_a0p3_b0p8,96,True,True,True,0.008743404665790155
corrected_crp,full_seed101_bias_0p1_noise0p5_s9_a0p3_b0p8,102,True,True,True,-0.05110523514100551
corrected_crp,full_seed101_bias_0p1_noise0p5_s9_a0p3_b0p8,103,True,True,True,0.008648951773192692
corrected_crp,full_seed101_bias_0p1_noise0p5_s9_a0p3_b0p8,107,True,True,True,0.023185907340046885
corrected_crp,full_seed101_bias_0p1_noise0p5_s9_a0p3_b0p8,109,True,True,True,-0.02698907420088048
corrected_crp,full_seed101_bias_0p1_noise0p5_s9_a0p3_b0p8,112,True,True,True,0.008670367895036168
corrected_crp,full_seed101_bias_0p2_noise0p1_s13_a0p2_b0p7,87,True,True,True,0.0
corrected_crp,full_seed101_bias_0p2_noise0p1_s13_a0p2_b0p7,116,True,True,True,0.0
corrected_crp,full_seed101_bias_0p2_noise0p1_s13_a0p2_b0p7,122,True,True,True,0.0
corrected_crp,full_seed101_bias_0p2_noise0p1_s13_a0p2_b0p7,132,True,True,True,0.0
corrected_crp,full_seed101_bias_0p2_noise0p1_s13_a0p2_b0p7,180,True,True,True,0.0
corrected_crp,full_seed101_bias_0p2_noise0p1_s13_a0p3_b0p8,87,True,True,True,0.0
corrected_crp,full_seed101_bias_0p2_noise0p1_s13_a0p3_b0p8,116,True,True,True,0.0
corrected_crp,full_seed101_bias_0p2_noise0p1_s13_a0p3_b0p8,122,True,True,True,0.0
corrected_crp,full_seed101_bias_0p2_noise0p1_s13_a0p3_b0p8,132,True,True,True,0.0
corrected_crp,full_seed101_bias_0p2_noise0p1_s13_a0p3_b0p8,180,True,True,True,0.0
corrected_crp,full_seed101_bias_0p2_noise0p1_s5_a0p2_b0p7,118,True,True,True,0.03867317525593039
corrected_crp,full_seed101_bias_0p2_noise0p1_s5_a0p2_b0p7,128,True,True,True,0.10597233097715186
corrected_crp,full_seed101_bias_0p2_noise0p1_s5_a0p3_b0p8,118,True,True,True,0.03867317525593017
corrected_crp,full_seed101_bias_0p2_noise0p1_s5_a0p3_b0p8,128,True,True,True,0.10597233097715142
corrected_crp,full_seed101_bias_0p2_noise0p25_s13_a0p2_b0p7,87,True,True,True,0.0
corrected_crp,full_seed101_bias_0p2_noise0p25_s13_a0p2_b0p7,96,True,True,True,0.0
corrected_crp,full_seed101_bias_0p2_noise0p25_s13_a0p2_b0p7,113,True,True,True,0.0
corrected_crp,full_seed101_bias_0p2_noise0p25_s13_a0p2_b0p7,122,True,True,True,0.0
corrected_crp,full_seed101_bias_0p2_noise0p25_s13_a0p2_b0p7,159,True,True,True,0.0
corrected_crp,full_seed101_bias_0p2_noise0p25_s13_a0p2_b0p7,176,True,True,True,0.0
corrected_crp,full_seed101_bias_0p2_noise0p25_s13_a0p2_b0p7,180,True,True,True,0.0
corrected_crp,full_seed101_bias_0p2_noise0p25_s13_a0p2_b0p7,181,True,True,True,0.0
corrected_crp,full_seed101_bias_0p2_noise0p25_s13_a0p3_b0p8,87,True,True,True,0.0
corrected_crp,full_seed101_bias_0p2_noise0p25_s13_a0p3_b0p8,96,True,True,True,0.0
corrected_crp,full_seed101_bias_0p2_noise0p25_s13_a0p3_b0p8,113,True,True,True,0.0
corrected_crp,full_seed101_bias_0p2_noise0p25_s13_a0p3_b0p8,122,True,True,True,0.0
corrected_crp,full_seed101_bias_0p2_noise0p25_s13_a0p3_b0p8,159,True,True,True,0.0
corrected_crp,full_seed101_bias_0p2_noise0p25_s13_a0p3_b0p8,176,True,True,True,0.0
corrected_crp,full_seed101_bias_0p2_noise0p25_s13_a0p3_b0p8,180,True,True,True,0.0
corrected_crp,full_seed101_bias_0p2_noise0p25_s13_a0p3_b0p8,181,True,True,True,0.0
corrected_crp,full_seed101_bias_0p2_noise0p25_s5_a0p2_b0p7,118,True,True,True,0.02307610864106313
corrected_crp,full_seed101_bias_0p2_noise0p25_s5_a0p3_b0p8,118,True,True,True,0.02307610864106313
corrected_crp,full_seed101_bias_0p2_noise0p25_s9_a0p2_b0p7,94,True,True,True,0.0
corrected_crp,full_seed101_bias_0p2_noise0p25_s9_a0p2_b0p7,120,True,True,True,0.0
corrected_crp,full_seed101_bias_0p2_noise0p25_s9_a0p2_b0p7,169,True,True,True,0.0
corrected_crp,full_seed101_bias_0p2_noise0p25_s9_a0p3_b0p8,94,True,True,True,0.003003692976720096
corrected_crp,full_seed101_bias_0p2_noise0p25_s9_a0p3_b0p8,120,True,True,True,0.03781593251484683
corrected_crp,full_seed101_bias_0p2_noise0p25_s9_a0p3_b0p8,169,True,True,True,-0.015404304271183111
corrected_crp,full_seed101_bias_0p2_noise0p5_s13_a0p2_b0p7,7,True,True,True,0.0
corrected_crp,full_seed101_bias_0p2_noise0p5_s13_a0p2_b0p7,28,True,True,True,0.0
corrected_crp,full_seed101_bias_0p2_noise0p5_s13_a0p2_b0p7,72,True,True,True,0.0
corrected_crp,full_seed101_bias_0p2_noise0p5_s13_a0p2_b0p7,77,True,True,True,0.0
corrected_crp,full_seed101_bias_0p2_noise0p5_s13_a0p2_b0p7,133,True,True,True,0.0
corrected_crp,full_seed101_bias_0p2_noise0p5_s13_a0p2_b0p7,147,True,True,True,0.0
corrected_crp,full_seed101_bias_0p2_noise0p5_s13_a0p2_b0p7,153,True,True,True,0.0
corrected_crp,full_seed101_bias_0p2_noise0p5_s13_a0p2_b0p7,163,True,True,True,0.0
corrected_crp,full_seed101_bias_0p2_noise0p5_s13_a0p2_b0p7,168,True,True,True,0.0
corrected_crp,full_seed101_bias_0p2_noise0p5_s13_a0p2_b0p7,171,True,True,True,0.0
corrected_crp,full_seed101_bias_0p2_noise0p5_s13_a0p2_b0p7,174,True,True,True,0.0
corrected_crp,full_seed101_bias_0p2_noise0p5_s13_a0p2_b0p7,181,True,True,True,0.0
corrected_crp,full_seed101_bias_0p2_noise0p5_s13_a0p2_b0p7,223,True,True,True,0.0
corrected_crp,full_seed101_bias_0p2_noise0p5_s13_a0p3_b0p8,7,True,True,True,0.0
corrected_crp,full_seed101_bias_0p2_noise0p5_s13_a0p3_b0p8,28,True,True,True,0.0
corrected_crp,full_seed101_bias_0p2_noise0p5_s13_a0p3_b0p8,72,True,True,True,0.0
corrected_crp,full_seed101_bias_0p2_noise0p5_s13_a0p3_b0p8,77,True,True,True,0.0
corrected_crp,full_seed101_bias_0p2_noise0p5_s13_a0p3_b0p8,133,True,True,True,0.0
corrected_crp,full_seed101_bias_0p2_noise0p5_s13_a0p3_b0p8,147,True,True,True,0.0
corrected_crp,full_seed101_bias_0p2_noise0p5_s13_a0p3_b0p8,153,True,True,True,0.0
corrected_crp,full_seed101_bias_0p2_noise0p5_s13_a0p3_b0p8,163,True,True,True,0.0
corrected_crp,full_seed101_bias_0p2_noise0p5_s13_a0p3_b0p8,168,True,True,True,0.0
corrected_crp,full_seed101_bias_0p2_noise0p5_s13_a0p3_b0p8,171,True,True,True,0.0
corrected_crp,full_seed101_bias_0p2_noise0p5_s13_a0p3_b0p8,174,True,True,True,0.0
corrected_crp,full_seed101_bias_0p2_noise0p5_s13_a0p3_b0p8,181,True,True,True,0.0
corrected_crp,full_seed101_bias_0p2_noise0p5_s13_a0p3_b0p8,223,True,True,True,0.0
corrected_crp,full_seed101_bias_0p2_noise0p5_s5_a0p2_b0p7,89,True,True,True,-0.3388667805646066
corrected_crp,full_seed101_bias_0p2_noise0p5_s5_a0p2_b0p7,125,True,True,True,-0.1672534446314189
corrected_crp,full_seed101_bias_0p2_noise0p5_s5_a0p2_b0p7,144,True,True,True,-0.04622199841868735
corrected_crp,full_seed101_bias_0p2_noise0p5_s5_a0p2_b0p7,149,True,True,True,-0.09206677294524757
corrected_crp,full_seed101_bias_0p2_noise0p5_s5_a0p2_b0p7,156,True,True,True,-0.10438852606642834
corrected_crp,full_seed101_bias_0p2_noise0p5_s5_a0p2_b0p7,162,True,True,True,0.146977881832981
corrected_crp,full_seed101_bias_0p2_noise0p5_s5_a0p3_b0p8,89,True,True,True,-0.33886678056460684
corrected_crp,full_seed101_bias_0p2_noise0p5_s5_a0p3_b0p8,125,True,True,True,-0.16725344463141933
corrected_crp,full_seed101_bias_0p2_noise0p5_s5_a0p3_b0p8,144,True,True,True,-0.04622199841868735
corrected_crp,full_seed101_bias_0p2_noise0p5_s5_a0p3_b0p8,149,True,True,True,-0.09206677294524779
corrected_crp,full_seed101_bias_0p2_noise0p5_s5_a0p3_b0p8,156,True,True,True,-0.10438852606642879
corrected_crp,full_seed101_bias_0p2_noise0p5_s5_a0p3_b0p8,162,True,True,True,0.14697788183298077
corrected_crp,full_seed101_bias_0p2_noise0p5_s9_a0p2_b0p7,157,True,True,True,0.0
corrected_crp,full_seed101_bias_0p2_noise0p5_s9_a0p2_b0p7,159,True,True,True,0.0
corrected_crp,full_seed101_bias_0p2_noise0p5_s9_a0p2_b0p7,169,True,True,True,0.0
corrected_crp,full_seed101_bias_0p2_noise0p5_s9_a0p2_b0p7,172,True,True,True,0.0
corrected_crp,full_seed101_bias_0p2_noise0p5_s9_a0p3_b0p8,157,True,True,True,-0.01937466618115824
corrected_crp,full_seed101_bias_0p2_noise0p5_s9_a0p3_b0p8,159,True,True,True,0.05113882257072211
corrected_crp,full_seed101_bias_0p2_noise0p5_s9_a0p3_b0p8,169,True,True,True,-0.022594995019959097
corrected_crp,full_seed101_bias_0p2_noise0p5_s9_a0p3_b0p8,172,True,True,True,-0.006693583285630744
corrected_crp,full_seed101_bias_0p3_noise0p1_s13_a0p2_b0p7,134,True,True,True,0.0
corrected_crp,full_seed101_bias_0p3_noise0p1_s13_a0p2_b0p7,155,True,True,True,0.0
corrected_crp,full_seed101_bias_0p3_noise0p1_s13_a0p3_b0p8,134,True,True,True,0.0
corrected_crp,full_seed101_bias_0p3_noise0p1_s13_a0p3_b0p8,155,True,True,True,0.0
corrected_crp,full_seed101_bias_0p3_noise0p1_s5_a0p2_b0p7,100,True,True,True,-0.08197809991755234
corrected_crp,full_seed101_bias_0p3_noise0p1_s5_a0p3_b0p8,100,True,True,True,-0.04098904995877639
corrected_crp,full_seed101_bias_0p3_noise0p1_s9_a0p2_b0p7,104,True,True,True,-0.00013744933363923906
corrected_crp,full_seed101_bias_0p3_noise0p1_s9_a0p3_b0p8,104,True,True,True,0.0
corrected_crp,full_seed101_bias_0p3_noise0p25_s13_a0p2_b0p7,152,True,True,True,0.0
corrected_crp,full_seed101_bias_0p3_noise0p25_s13_a0p2_b0p7,181,True,True,True,0.0
corrected_crp,full_seed101_bias_0p3_noise0p25_s13_a0p3_b0p8,152,True,True,True,0.0
corrected_crp,full_seed101_bias_0p3_noise0p25_s13_a0p3_b0p8,181,True,True,True,0.0
corrected_crp,full_seed101_bias_0p3_noise0p25_s5_a0p2_b0p7,178,True,True,True,-0.1834257940889774
corrected_crp,full_seed101_bias_0p3_noise0p25_s5_a0p3_b0p8,178,True,True,True,-0.0917128970444887
corrected_crp,full_seed101_bias_0p3_noise0p25_s9_a0p2_b0p7,116,True,True,True,0.0
corrected_crp,full_seed101_bias_0p3_noise0p25_s9_a0p3_b0p8,116,True,True,True,0.05005747228091728
corrected_crp,full_seed101_bias_0p3_noise0p5_s13_a0p2_b0p7,7,True,True,True,0.0
corrected_crp,full_seed101_bias_0p3_noise0p5_s13_a0p2_b0p7,28,True,True,True,0.0
corrected_crp,full_seed101_bias_0p3_noise0p5_s13_a0p2_b0p7,72,True,True,True,0.0
corrected_crp,full_seed101_bias_0p3_noise0p5_s13_a0p2_b0p7,77,True,True,True,0.0
corrected_crp,full_seed101_bias_0p3_noise0p5_s13_a0p2_b0p7,86,True,True,True,0.0
corrected_crp,full_seed101_bias_0p3_noise0p5_s13_a0p2_b0p7,90,True,True,True,0.0
corrected_crp,full_seed101_bias_0p3_noise0p5_s13_a0p2_b0p7,103,True,True,True,0.0
corrected_crp,full_seed101_bias_0p3_noise0p5_s13_a0p2_b0p7,113,True,True,True,0.0
corrected_crp,full_seed101_bias_0p3_noise0p5_s13_a0p2_b0p7,133,True,True,True,0.0
corrected_crp,full_seed101_bias_0p3_noise0p5_s13_a0p2_b0p7,150,True,True,True,0.0
corrected_crp,full_seed101_bias_0p3_noise0p5_s13_a0p2_b0p7,158,True,True,True,0.0
corrected_crp,full_seed101_bias_0p3_noise0p5_s13_a0p2_b0p7,164,True,True,True,0.0
corrected_crp,full_seed101_bias_0p3_noise0p5_s13_a0p2_b0p7,165,True,True,True,0.0
corrected_crp,full_seed101_bias_0p3_noise0p5_s13_a0p2_b0p7,168,True,True,True,0.0
corrected_crp,full_seed101_bias_0p3_noise0p5_s13_a0p2_b0p7,173,True,True,True,0.0
corrected_crp,full_seed101_bias_0p3_noise0p5_s13_a0p2_b0p7,181,True,True,True,0.0
corrected_crp,full_seed101_bias_0p3_noise0p5_s13_a0p2_b0p7,223,True,True,True,0.0
corrected_crp,full_seed101_bias_0p3_noise0p5_s13_a0p3_b0p8,7,True,True,True,0.0
corrected_crp,full_seed101_bias_0p3_noise0p5_s13_a0p3_b0p8,28,True,True,True,0.0
corrected_crp,full_seed101_bias_0p3_noise0p5_s13_a0p3_b0p8,72,True,True,True,0.0
corrected_crp,full_seed101_bias_0p3_noise0p5_s13_a0p3_b0p8,77,True,True,True,0.0
corrected_crp,full_seed101_bias_0p3_noise0p5_s13_a0p3_b0p8,86,True,True,True,-0.06731466158885346
corrected_crp,full_seed101_bias_0p3_noise0p5_s13_a0p3_b0p8,90,True,True,True,0.0
corrected_crp,full_seed101_bias_0p3_noise0p5_s13_a0p3_b0p8,103,True,True,True,0.0
corrected_crp,full_seed101_bias_0p3_noise0p5_s13_a0p3_b0p8,113,True,True,True,0.0
corrected_crp,full_seed101_bias_0p3_noise0p5_s13_a0p3_b0p8,133,True,True,True,0.0
corrected_crp,full_seed101_bias_0p3_noise0p5_s13_a0p3_b0p8,150,True,True,True,0.0
corrected_crp,full_seed101_bias_0p3_noise0p5_s13_a0p3_b0p8,158,True,True,True,0.0
corrected_crp,full_seed101_bias_0p3_noise0p5_s13_a0p3_b0p8,164,True,True,True,0.0
corrected_crp,full_seed101_bias_0p3_noise0p5_s13_a0p3_b0p8,165,True,True,True,0.0
corrected_crp,full_seed101_bias_0p3_noise0p5_s13_a0p3_b0p8,168,True,True,True,0.0
corrected_crp,full_seed101_bias_0p3_noise0p5_s13_a0p3_b0p8,173,True,True,True,0.011192166659861336
corrected_crp,full_seed101_bias_0p3_noise0p5_s13_a0p3_b0p8,181,True,True,True,0.0
corrected_crp,full_seed101_bias_0p3_noise0p5_s13_a0p3_b0p8,223,True,True,True,0.0
corrected_crp,full_seed101_bias_0p3_noise0p5_s5_a0p2_b0p7,169,True,True,True,0.10993909255407086
corrected_crp,full_seed101_bias_0p3_noise0p5_s5_a0p3_b0p8,169,True,True,True,0.10993909255407042
corrected_crp,full_seed101_bias_0p3_noise0p5_s9_a0p2_b0p7,91,True,True,True,0.0
corrected_crp,full_seed101_bias_0p3_noise0p5_s9_a0p2_b0p7,96,True,True,True,0.0
corrected_crp,full_seed101_bias_0p3_noise0p5_s9_a0p2_b0p7,97,True,True,True,0.0
corrected_crp,full_seed101_bias_0p3_noise0p5_s9_a0p2_b0p7,170,True,True,True,0.0
corrected_crp,full_seed101_bias_0p3_noise0p5_s9_a0p2_b0p7,176,True,True,True,0.0
corrected_crp,full_seed101_bias_0p3_noise0p5_s9_a0p3_b0p8,91,True,True,True,-0.031872729889367735
corrected_crp,full_seed101_bias_0p3_noise0p5_s9_a0p3_b0p8,96,True,True,True,0.008743404665790377
corrected_crp,full_seed101_bias_0p3_noise0p5_s9_a0p3_b0p8,97,True,True,True,-0.04098308615815105
corrected_crp,full_seed101_bias_0p3_noise0p5_s9_a0p3_b0p8,170,True,True,True,-0.013970223357611555
corrected_crp,full_seed101_bias_0p3_noise0p5_s9_a0p3_b0p8,176,True,True,True,-0.004581642764127425
corrected_crp,full_seed101_bias_0p4_noise0p1_s13_a0p2_b0p7,84,True,True,True,0.0
corrected_crp,full_seed101_bias_0p4_noise0p1_s13_a0p2_b0p7,85,True,True,True,0.0
corrected_crp,full_seed101_bias_0p4_noise0p1_s13_a0p2_b0p7,88,True,True,True,0.0
corrected_crp,full_seed101_bias_0p4_noise0p1_s13_a0p2_b0p7,180,True,True,True,0.0
corrected_crp,full_seed101_bias_0p4_noise0p1_s13_a0p3_b0p8,84,True,True,True,0.017374105741423562
corrected_crp,full_seed101_bias_0p4_noise0p1_s13_a0p3_b0p8,85,True,True,True,-0.006209457669768215
corrected_crp,full_seed101_bias_0p4_noise0p1_s13_a0p3_b0p8,88,True,True,True,0.0
corrected_crp,full_seed101_bias_0p4_noise0p1_s13_a0p3_b0p8,180,True,True,True,-0.021869489806533138
corrected_crp,full_seed101_bias_0p4_noise0p1_s5_a0p2_b0p7,100,True,True,True,-0.08197809991755234
corrected_crp,full_seed101_bias_0p4_noise0p1_s5_a0p3_b0p8,100,True,True,True,-0.04098904995877639
corrected_crp,full_seed101_bias_0p4_noise0p25_s13_a0p2_b0p7,84,True,True,True,0.0
corrected_crp,full_seed101_bias_0p4_noise0p25_s13_a0p2_b0p7,85,True,True,True,0.0
corrected_crp,full_seed101_bias_0p4_noise0p25_s13_a0p2_b0p7,86,True,True,True,0.0
corrected_crp,full_seed101_bias_0p4_noise0p25_s13_a0p2_b0p7,93,True,True,True,0.0
corrected_crp,full_seed101_bias_0p4_noise0p25_s13_a0p2_b0p7,155,True,True,True,0.0
corrected_crp,full_seed101_bias_0p4_noise0p25_s13_a0p2_b0p7,180,True,True,True,0.0
corrected_crp,full_seed101_bias_0p4_noise0p25_s13_a0p2_b0p7,181,True,True,True,0.0
corrected_crp,full_seed101_bias_0p4_noise0p25_s13_a0p3_b0p8,84,True,True,True,0.04343526435355882
corrected_crp,full_seed101_bias_0p4_noise0p25_s13_a0p3_b0p8,85,True,True,True,-0.01552364417442037
corrected_crp,full_seed101_bias_0p4_noise0p25_s13_a0p3_b0p8,86,True,True,True,-0.03365733079442679
corrected_crp,full_seed101_bias_0p4_noise0p25_s13_a0p3_b0p8,93,True,True,True,0.0
corrected_crp,full_seed101_bias_0p4_noise0p25_s13_a0p3_b0p8,155,True,True,True,0.0
corrected_crp,full_seed101_bias_0p4_noise0p25_s13_a0p3_b0p8,180,True,True,True,-0.05467372451633268
corrected_crp,full_seed101_bias_0p4_noise0p25_s13_a0p3_b0p8,181,True,True,True,0.0
corrected_crp,full_seed101_bias_0p4_noise0p25_s5_a0p2_b0p7,178,True,True,True,-0.1834257940889774
corrected_crp,full_seed101_bias_0p4_noise0p25_s5_a0p3_b0p8,178,True,True,True,-0.0917128970444887
corrected_crp,full_seed101_bias_0p4_noise0p5_s13_a0p2_b0p7,7,True,True,True,0.0
corrected_crp,full_seed101_bias_0p4_noise0p5_s13_a0p2_b0p7,28,True,True,True,0.0
corrected_crp,full_seed101_bias_0p4_noise0p5_s13_a0p2_b0p7,72,True,True,True,0.0
corrected_crp,full_seed101_bias_0p4_noise0p5_s13_a0p2_b0p7,77,True,True,True,0.0
corrected_crp,full_seed101_bias_0p4_noise0p5_s13_a0p2_b0p7,89,True,True,True,0.0
corrected_crp,full_seed101_bias_0p4_noise0p5_s13_a0p2_b0p7,90,True,True,True,0.0
corrected_crp,full_seed101_bias_0p4_noise0p5_s13_a0p2_b0p7,91,True,True,True,0.0
corrected_crp,full_seed101_bias_0p4_noise0p5_s13_a0p2_b0p7,100,True,True,True,0.0
corrected_crp,full_seed101_bias_0p4_noise0p5_s13_a0p2_b0p7,104,True,True,True,0.0
corrected_crp,full_seed101_bias_0p4_noise0p5_s13_a0p2_b0p7,110,True,True,True,0.0
corrected_crp,full_seed101_bias_0p4_noise0p5_s13_a0p2_b0p7,111,True,True,True,0.0
corrected_crp,full_seed101_bias_0p4_noise0p5_s13_a0p2_b0p7,113,True,True,True,0.0
corrected_crp,full_seed101_bias_0p4_noise0p5_s13_a0p2_b0p7,114,True,True,True,0.0
corrected_crp,full_seed101_bias_0p4_noise0p5_s13_a0p2_b0p7,115,True,True,True,0.0
corrected_crp,full_seed101_bias_0p4_noise0p5_s13_a0p2_b0p7,122,True,True,True,0.0
corrected_crp,full_seed101_bias_0p4_noise0p5_s13_a0p2_b0p7,147,True,True,True,0.0
corrected_crp,full_seed101_bias_0p4_noise0p5_s13_a0p2_b0p7,152,True,True,True,0.0
corrected_crp,full_seed101_bias_0p4_noise0p5_s13_a0p2_b0p7,156,True,True,True,0.0
corrected_crp,full_seed101_bias_0p4_noise0p5_s13_a0p2_b0p7,160,True,True,True,0.0
corrected_crp,full_seed101_bias_0p4_noise0p5_s13_a0p2_b0p7,163,True,True,True,0.0
corrected_crp,full_seed101_bias_0p4_noise0p5_s13_a0p2_b0p7,164,True,True,True,0.0
corrected_crp,full_seed101_bias_0p4_noise0p5_s13_a0p2_b0p7,166,True,True,True,0.0
corrected_crp,full_seed101_bias_0p4_noise0p5_s13_a0p2_b0p7,174,True,True,True,0.0
corrected_crp,full_seed101_bias_0p4_noise0p5_s13_a0p2_b0p7,177,True,True,True,0.0
corrected_crp,full_seed101_bias_0p4_noise0p5_s13_a0p2_b0p7,180,True,True,True,0.0
corrected_crp,full_seed101_bias_0p4_noise0p5_s13_a0p2_b0p7,223,True,True,True,0.0
corrected_crp,full_seed101_bias_0p4_noise0p5_s13_a0p3_b0p8,7,True,True,True,0.0
corrected_crp,full_seed101_bias_0p4_noise0p5_s13_a0p3_b0p8,28,True,True,True,0.0
corrected_crp,full_seed101_bias_0p4_noise0p5_s13_a0p3_b0p8,72,True,True,True,0.0
corrected_crp,full_seed101_bias_0p4_noise0p5_s13_a0p3_b0p8,77,True,True,True,0.0
corrected_crp,full_seed101_bias_0p4_noise0p5_s13_a0p3_b0p8,89,True,True,True,0.0
corrected_crp,full_seed101_bias_0p4_noise0p5_s13_a0p3_b0p8,90,True,True,True,0.0
corrected_crp,full_seed101_bias_0p4_noise0p5_s13_a0p3_b0p8,91,True,True,True,0.0
corrected_crp,full_seed101_bias_0p4_noise0p5_s13_a0p3_b0p8,100,True,True,True,0.0
corrected_crp,full_seed101_bias_0p4_noise0p5_s13_a0p3_b0p8,104,True,True,True,0.0
corrected_crp,full_seed101_bias_0p4_noise0p5_s13_a0p3_b0p8,110,True,True,True,0.0
corrected_crp,full_seed101_bias_0p4_noise0p5_s13_a0p3_b0p8,111,True,True,True,0.0
corrected_crp,full_seed101_bias_0p4_noise0p5_s13_a0p3_b0p8,113,True,True,True,0.0
corrected_crp,full_seed101_bias_0p4_noise0p5_s13_a0p3_b0p8,114,True,True,True,0.0
corrected_crp,full_seed101_bias_0p4_noise0p5_s13_a0p3_b0p8,115,True,True,True,0.0
corrected_crp,full_seed101_bias_0p4_noise0p5_s13_a0p3_b0p8,122,True,True,True,0.0
corrected_crp,full_seed101_bias_0p4_noise0p5_s13_a0p3_b0p8,147,True,True,True,0.0
corrected_crp,full_seed101_bias_0p4_noise0p5_s13_a0p3_b0p8,152,True,True,True,0.0
corrected_crp,full_seed101_bias_0p4_noise0p5_s13_a0p3_b0p8,156,True,True,True,0.0
corrected_crp,full_seed101_bias_0p4_noise0p5_s13_a0p3_b0p8,160,True,True,True,0.0
corrected_crp,full_seed101_bias_0p4_noise0p5_s13_a0p3_b0p8,163,True,True,True,0.0
corrected_crp,full_seed101_bias_0p4_noise0p5_s13_a0p3_b0p8,164,True,True,True,0.0
corrected_crp,full_seed101_bias_0p4_noise0p5_s13_a0p3_b0p8,166,True,True,True,0.0
corrected_crp,full_seed101_bias_0p4_noise0p5_s13_a0p3_b0p8,174,True,True,True,0.0
corrected_crp,full_seed101_bias_0p4_noise0p5_s13_a0p3_b0p8,177,True,True,True,0.0
corrected_crp,full_seed101_bias_0p4_noise0p5_s13_a0p3_b0p8,180,True,True,True,-0.10934744903266558
corrected_crp,full_seed101_bias_0p4_noise0p5_s13_a0p3_b0p8,223,True,True,True,0.0
corrected_crp,full_seed101_bias_0p4_noise0p5_s5_a0p2_b0p7,169,True,True,True,0.10993909255407086
corrected_crp,full_seed101_bias_0p4_noise0p5_s5_a0p3_b0p8,169,True,True,True,0.10993909255407042
corrected_crp,full_seed101_drift_0p0_noise0p5_s13_a0p2_b0p7,7,True,True,True,0.0
corrected_crp,full_seed101_drift_0p0_noise0p5_s13_a0p2_b0p7,28,True,True,True,0.0
corrected_crp,full_seed101_drift_0p0_noise0p5_s13_a0p2_b0p7,72,True,True,True,0.0
corrected_crp,full_seed101_drift_0p0_noise0p5_s13_a0p2_b0p7,77,True,True,True,0.0
corrected_crp,full_seed101_drift_0p0_noise0p5_s13_a0p2_b0p7,174,True,True,True,0.0
corrected_crp,full_seed101_drift_0p0_noise0p5_s13_a0p2_b0p7,223,True,True,True,0.0
corrected_crp,full_seed101_drift_0p0_noise0p5_s13_a0p3_b0p8,7,True,True,True,0.0
corrected_crp,full_seed101_drift_0p0_noise0p5_s13_a0p3_b0p8,28,True,True,True,0.0
corrected_crp,full_seed101_drift_0p0_noise0p5_s13_a0p3_b0p8,72,True,True,True,0.0
corrected_crp,full_seed101_drift_0p0_noise0p5_s13_a0p3_b0p8,77,True,True,True,0.0
corrected_crp,full_seed101_drift_0p0_noise0p5_s13_a0p3_b0p8,174,True,True,True,0.0
corrected_crp,full_seed101_drift_0p0_noise0p5_s13_a0p3_b0p8,223,True,True,True,0.0
corrected_crp,full_seed101_drift_0p0_noise0p5_s9_a0p2_b0p7,94,True,True,True,0.0
corrected_crp,full_seed101_drift_0p0_noise0p5_s9_a0p3_b0p8,94,True,True,True,0.04730741274207917
corrected_crp,full_seed101_drift_0p1_noise0p1_s13_a0p2_b0p7,176,True,True,True,0.0
corrected_crp,full_seed101_drift_0p1_noise0p1_s13_a0p3_b0p8,176,True,True,True,0.0
corrected_crp,full_seed101_drift_0p1_noise0p25_s13_a0p2_b0p7,180,True,True,True,0.0
corrected_crp,full_seed101_drift_0p1_noise0p25_s13_a0p3_b0p8,180,True,True,True,0.0
corrected_crp,full_seed101_drift_0p1_noise0p5_s13_a0p2_b0p7,7,True,True,True,0.0
corrected_crp,full_seed101_drift_0p1_noise0p5_s13_a0p2_b0p7,28,True,True,True,0.0
corrected_crp,full_seed101_drift_0p1_noise0p5_s13_a0p2_b0p7,72,True,True,True,0.0
corrected_crp,full_seed101_drift_0p1_noise0p5_s13_a0p2_b0p7,77,True,True,True,0.0
corrected_crp,full_seed101_drift_0p1_noise0p5_s13_a0p2_b0p7,85,True,True,True,0.0
corrected_crp,full_seed101_drift_0p1_noise0p5_s13_a0p2_b0p7,154,True,True,True,0.0
corrected_crp,full_seed101_drift_0p1_noise0p5_s13_a0p2_b0p7,174,True,True,True,0.0
corrected_crp,full_seed101_drift_0p1_noise0p5_s13_a0p2_b0p7,223,True,True,True,0.0
corrected_crp,full_seed101_drift_0p1_noise0p5_s13_a0p3_b0p8,7,True,True,True,0.0
corrected_crp,full_seed101_drift_0p1_noise0p5_s13_a0p3_b0p8,28,True,True,True,0.0
corrected_crp,full_seed101_drift_0p1_noise0p5_s13_a0p3_b0p8,72,True,True,True,0.0
corrected_crp,full_seed101_drift_0p1_noise0p5_s13_a0p3_b0p8,77,True,True,True,0.0
corrected_crp,full_seed101_drift_0p1_noise0p5_s13_a0p3_b0p8,85,True,True,True,0.0
corrected_crp,full_seed101_drift_0p1_noise0p5_s13_a0p3_b0p8,154,True,True,True,0.0
corrected_crp,full_seed101_drift_0p1_noise0p5_s13_a0p3_b0p8,174,True,True,True,0.0
corrected_crp,full_seed101_drift_0p1_noise0p5_s13_a0p3_b0p8,223,True,True,True,0.0
corrected_crp,full_seed101_drift_0p1_noise0p5_s9_a0p2_b0p7,94,True,True,True,0.0
corrected_crp,full_seed101_drift_0p1_noise0p5_s9_a0p2_b0p7,159,True,True,True,0.0
corrected_crp,full_seed101_drift_0p1_noise0p5_s9_a0p2_b0p7,178,True,True,True,0.0
corrected_crp,full_seed101_drift_0p1_noise0p5_s9_a0p3_b0p8,94,True,True,True,0.04730741274207939
corrected_crp,full_seed101_drift_0p1_noise0p5_s9_a0p3_b0p8,159,True,True,True,-0.009492388676565433
corrected_crp,full_seed101_drift_0p1_noise0p5_s9_a0p3_b0p8,178,True,True,True,-0.004370347460934676
corrected_crp,full_seed101_drift_0p2_noise0p25_s13_a0p2_b0p7,155,True,True,True,0.0
corrected_crp,full_seed101_drift_0p2_noise0p25_s13_a0p2_b0p7,176,True,True,True,0.0
corrected_crp,full_seed101_drift_0p2_noise0p25_s13_a0p2_b0p7,180,True,True,True,0.0
corrected_crp,full_seed101_drift_0p2_noise0p25_s13_a0p3_b0p8,155,True,True,True,0.0
corrected_crp,full_seed101_drift_0p2_noise0p25_s13_a0p3_b0p8,176,True,True,True,0.0
corrected_crp,full_seed101_drift_0p2_noise0p25_s13_a0p3_b0p8,180,True,True,True,0.0
corrected_crp,full_seed101_drift_0p2_noise0p5_s13_a0p2_b0p7,7,True,True,True,0.0
corrected_crp,full_seed101_drift_0p2_noise0p5_s13_a0p2_b0p7,28,True,True,True,0.0
corrected_crp,full_seed101_drift_0p2_noise0p5_s13_a0p2_b0p7,72,True,True,True,0.0
corrected_crp,full_seed101_drift_0p2_noise0p5_s13_a0p2_b0p7,77,True,True,True,0.0
corrected_crp,full_seed101_drift_0p2_noise0p5_s13_a0p2_b0p7,139,True,True,True,0.0
corrected_crp,full_seed101_drift_0p2_noise0p5_s13_a0p2_b0p7,155,True,True,True,0.0
corrected_crp,full_seed101_drift_0p2_noise0p5_s13_a0p2_b0p7,156,True,True,True,0.0
corrected_crp,full_seed101_drift_0p2_noise0p5_s13_a0p2_b0p7,164,True,True,True,0.0
corrected_crp,full_seed101_drift_0p2_noise0p5_s13_a0p2_b0p7,168,True,True,True,0.0
corrected_crp,full_seed101_drift_0p2_noise0p5_s13_a0p2_b0p7,176,True,True,True,0.0
corrected_crp,full_seed101_drift_0p2_noise0p5_s13_a0p2_b0p7,223,True,True,True,0.0
corrected_crp,full_seed101_drift_0p2_noise0p5_s13_a0p3_b0p8,7,True,True,True,0.0
corrected_crp,full_seed101_drift_0p2_noise0p5_s13_a0p3_b0p8,28,True,True,True,0.0
corrected_crp,full_seed101_drift_0p2_noise0p5_s13_a0p3_b0p8,72,True,True,True,0.0
corrected_crp,full_seed101_drift_0p2_noise0p5_s13_a0p3_b0p8,77,True,True,True,0.0
corrected_crp,full_seed101_drift_0p2_noise0p5_s13_a0p3_b0p8,139,True,True,True,0.0
corrected_crp,full_seed101_drift_0p2_noise0p5_s13_a0p3_b0p8,155,True,True,True,0.0
corrected_crp,full_seed101_drift_0p2_noise0p5_s13_a0p3_b0p8,156,True,True,True,0.0
corrected_crp,full_seed101_drift_0p2_noise0p5_s13_a0p3_b0p8,164,True,True,True,0.0
corrected_crp,full_seed101_drift_0p2_noise0p5_s13_a0p3_b0p8,168,True,True,True,0.0
corrected_crp,full_seed101_drift_0p2_noise0p5_s13_a0p3_b0p8,176,True,True,True,0.0
corrected_crp,full_seed101_drift_0p2_noise0p5_s13_a0p3_b0p8,223,True,True,True,0.0
corrected_crp,full_seed101_drift_0p2_noise0p5_s9_a0p2_b0p7,94,True,True,True,0.0
corrected_crp,full_seed101_drift_0p2_noise0p5_s9_a0p2_b0p7,120,True,True,True,0.0
corrected_crp,full_seed101_drift_0p2_noise0p5_s9_a0p2_b0p7,152,True,True,True,0.0
corrected_crp,full_seed101_drift_0p2_noise0p5_s9_a0p2_b0p7,159,True,True,True,0.0
corrected_crp,full_seed101_drift_0p2_noise0p5_s9_a0p2_b0p7,172,True,True,True,0.0
corrected_crp,full_seed101_drift_0p2_noise0p5_s9_a0p3_b0p8,94,True,True,True,0.04730741274207939
corrected_crp,full_seed101_drift_0p2_noise0p5_s9_a0p3_b0p8,120,True,True,True,-0.006256560880058881
corrected_crp,full_seed101_drift_0p2_noise0p5_s9_a0p3_b0p8,152,True,True,True,0.055797280821447304
corrected_crp,full_seed101_drift_0p2_noise0p5_s9_a0p3_b0p8,159,True,True,True,0.05113882257072211
corrected_crp,full_seed101_drift_0p2_noise0p5_s9_a0p3_b0p8,172,True,True,True,-0.006693583285630744
corrected_crp,full_seed101_drift_0p3_noise0p25_s13_a0p2_b0p7,180,True,True,True,0.0
corrected_crp,full_seed101_drift_0p3_noise0p25_s13_a0p3_b0p8,180,True,True,True,0.0
corrected_crp,full_seed101_drift_0p3_noise0p5_s13_a0p2_b0p7,7,True,True,True,0.0
corrected_crp,full_seed101_drift_0p3_noise0p5_s13_a0p2_b0p7,28,True,True,True,0.0
corrected_crp,full_seed101_drift_0p3_noise0p5_s13_a0p2_b0p7,72,True,True,True,0.0
corrected_crp,full_seed101_drift_0p3_noise0p5_s13_a0p2_b0p7,77,True,True,True,0.0
corrected_crp,full_seed101_drift_0p3_noise0p5_s13_a0p2_b0p7,85,True,True,True,0.0
corrected_crp,full_seed101_drift_0p3_noise0p5_s13_a0p2_b0p7,147,True,True,True,0.0
corrected_crp,full_seed101_drift_0p3_noise0p5_s13_a0p2_b0p7,152,True,True,True,0.0
corrected_crp,full_seed101_drift_0p3_noise0p5_s13_a0p2_b0p7,155,True,True,True,0.0
corrected_crp,full_seed101_drift_0p3_noise0p5_s13_a0p2_b0p7,165,True,True,True,0.0
corrected_crp,full_seed101_drift_0p3_noise0p5_s13_a0p2_b0p7,168,True,True,True,0.0
corrected_crp,full_seed101_drift_0p3_noise0p5_s13_a0p2_b0p7,169,True,True,True,0.0
corrected_crp,full_seed101_drift_0p3_noise0p5_s13_a0p2_b0p7,174,True,True,True,0.0
corrected_crp,full_seed101_drift_0p3_noise0p5_s13_a0p2_b0p7,223,True,True,True,0.0
corrected_crp,full_seed101_drift_0p3_noise0p5_s13_a0p3_b0p8,7,True,True,True,0.0
corrected_crp,full_seed101_drift_0p3_noise0p5_s13_a0p3_b0p8,28,True,True,True,0.0
corrected_crp,full_seed101_drift_0p3_noise0p5_s13_a0p3_b0p8,72,True,True,True,0.0
corrected_crp,full_seed101_drift_0p3_noise0p5_s13_a0p3_b0p8,77,True,True,True,0.0
corrected_crp,full_seed101_drift_0p3_noise0p5_s13_a0p3_b0p8,85,True,True,True,0.0
corrected_crp,full_seed101_drift_0p3_noise0p5_s13_a0p3_b0p8,147,True,True,True,0.0
corrected_crp,full_seed101_drift_0p3_noise0p5_s13_a0p3_b0p8,152,True,True,True,0.0
corrected_crp,full_seed101_drift_0p3_noise0p5_s13_a0p3_b0p8,155,True,True,True,0.0
corrected_crp,full_seed101_drift_0p3_noise0p5_s13_a0p3_b0p8,165,True,True,True,0.0
corrected_crp,full_seed101_drift_0p3_noise0p5_s13_a0p3_b0p8,168,True,True,True,0.0
corrected_crp,full_seed101_drift_0p3_noise0p5_s13_a0p3_b0p8,169,True,True,True,0.0
corrected_crp,full_seed101_drift_0p3_noise0p5_s13_a0p3_b0p8,174,True,True,True,0.0
corrected_crp,full_seed101_drift_0p3_noise0p5_s13_a0p3_b0p8,223,True,True,True,0.0
corrected_crp,full_seed101_drift_0p3_noise0p5_s5_a0p2_b0p7,152,True,True,True,0.4072372679496886
corrected_crp,full_seed101_drift_0p3_noise0p5_s5_a0p3_b0p8,152,True,True,True,0.40723726794968895
corrected_crp,full_seed101_drift_0p3_noise0p5_s9_a0p2_b0p7,94,True,True,True,0.0
corrected_crp,full_seed101_drift_0p3_noise0p5_s9_a0p2_b0p7,120,True,True,True,0.0
corrected_crp,full_seed101_drift_0p3_noise0p5_s9_a0p2_b0p7,159,True,True,True,0.0
corrected_crp,full_seed101_drift_0p3_noise0p5_s9_a0p2_b0p7,170,True,True,True,0.0
corrected_crp,full_seed101_drift_0p3_noise0p5_s9_a0p2_b0p7,171,True,True,True,0.0
corrected_crp,full_seed101_drift_0p3_noise0p5_s9_a0p2_b0p7,176,True,True,True,0.0
corrected_crp,full_seed101_drift_0p3_noise0p5_s9_a0p3_b0p8,94,True,True,True,0.04730741274207939
corrected_crp,full_seed101_drift_0p3_noise0p5_s9_a0p3_b0p8,120,True,True,True,-0.006256560880058881
corrected_crp,full_seed101_drift_0p3_noise0p5_s9_a0p3_b0p8,159,True,True,True,0.05113882257072255
corrected_crp,full_seed101_drift_0p3_noise0p5_s9_a0p3_b0p8,170,True,True,True,-0.013970223357611555
corrected_crp,full_seed101_drift_0p3_noise0p5_s9_a0p3_b0p8,171,True,True,True,-0.08440051711775087
corrected_crp,full_seed101_drift_0p3_noise0p5_s9_a0p3_b0p8,176,True,True,True,-0.004581642764127425
corrected_crp,full_seed101_drift_0p4_noise0p25_s13_a0p2_b0p7,180,True,True,True,0.0
corrected_crp,full_seed101_drift_0p4_noise0p25_s13_a0p3_b0p8,180,True,True,True,0.0
corrected_crp,full_seed101_drift_0p4_noise0p5_s13_a0p2_b0p7,7,True,True,True,0.0
corrected_crp,full_seed101_drift_0p4_noise0p5_s13_a0p2_b0p7,28,True,True,True,0.0
corrected_crp,full_seed101_drift_0p4_noise0p5_s13_a0p2_b0p7,72,True,True,True,0.0
corrected_crp,full_seed101_drift_0p4_noise0p5_s13_a0p2_b0p7,77,True,True,True,0.0
corrected_crp,full_seed101_drift_0p4_noise0p5_s13_a0p2_b0p7,147,True,True,True,0.0
corrected_crp,full_seed101_drift_0p4_noise0p5_s13_a0p2_b0p7,152,True,True,True,0.0
corrected_crp,full_seed101_drift_0p4_noise0p5_s13_a0p2_b0p7,155,True,True,True,0.0
corrected_crp,full_seed101_drift_0p4_noise0p5_s13_a0p2_b0p7,159,True,True,True,0.0
corrected_crp,full_seed101_drift_0p4_noise0p5_s13_a0p2_b0p7,166,True,True,True,0.0
corrected_crp,full_seed101_drift_0p4_noise0p5_s13_a0p2_b0p7,171,True,True,True,0.0
corrected_crp,full_seed101_drift_0p4_noise0p5_s13_a0p2_b0p7,174,True,True,True,0.0
corrected_crp,full_seed101_drift_0p4_noise0p5_s13_a0p2_b0p7,223,True,True,True,0.0
corrected_crp,full_seed101_drift_0p4_noise0p5_s13_a0p3_b0p8,7,True,True,True,0.0
corrected_crp,full_seed101_drift_0p4_noise0p5_s13_a0p3_b0p8,28,True,True,True,0.0
corrected_crp,full_seed101_drift_0p4_noise0p5_s13_a0p3_b0p8,72,True,True,True,0.0
corrected_crp,full_seed101_drift_0p4_noise0p5_s13_a0p3_b0p8,77,True,True,True,0.0
corrected_crp,full_seed101_drift_0p4_noise0p5_s13_a0p3_b0p8,147,True,True,True,0.0
corrected_crp,full_seed101_drift_0p4_noise0p5_s13_a0p3_b0p8,152,True,True,True,0.0
corrected_crp,full_seed101_drift_0p4_noise0p5_s13_a0p3_b0p8,155,True,True,True,0.0
corrected_crp,full_seed101_drift_0p4_noise0p5_s13_a0p3_b0p8,159,True,True,True,0.0
corrected_crp,full_seed101_drift_0p4_noise0p5_s13_a0p3_b0p8,166,True,True,True,0.0
corrected_crp,full_seed101_drift_0p4_noise0p5_s13_a0p3_b0p8,171,True,True,True,0.0
corrected_crp,full_seed101_drift_0p4_noise0p5_s13_a0p3_b0p8,174,True,True,True,0.0
corrected_crp,full_seed101_drift_0p4_noise0p5_s13_a0p3_b0p8,223,True,True,True,0.0
corrected_crp,full_seed101_drift_0p4_noise0p5_s5_a0p2_b0p7,152,True,True,True,0.4072372679496886
corrected_crp,full_seed101_drift_0p4_noise0p5_s5_a0p3_b0p8,152,True,True,True,0.40723726794968895
corrected_crp,full_seed101_drift_0p4_noise0p5_s9_a0p2_b0p7,94,True,True,True,0.0
corrected_crp,full_seed101_drift_0p4_noise0p5_s9_a0p3_b0p8,94,True,True,True,0.04730741274207961
corrected_crp,full_seed101_freeze_0p0_noise0p5_s13_a0p2_b0p7,7,True,True,True,0.0
corrected_crp,full_seed101_freeze_0p0_noise0p5_s13_a0p2_b0p7,28,True,True,True,0.0
corrected_crp,full_seed101_freeze_0p0_noise0p5_s13_a0p2_b0p7,72,True,True,True,0.0
corrected_crp,full_seed101_freeze_0p0_noise0p5_s13_a0p2_b0p7,77,True,True,True,0.0
corrected_crp,full_seed101_freeze_0p0_noise0p5_s13_a0p2_b0p7,174,True,True,True,0.0
corrected_crp,full_seed101_freeze_0p0_noise0p5_s13_a0p2_b0p7,223,True,True,True,0.0
corrected_crp,full_seed101_freeze_0p0_noise0p5_s13_a0p3_b0p8,7,True,True,True,0.0
corrected_crp,full_seed101_freeze_0p0_noise0p5_s13_a0p3_b0p8,28,True,True,True,0.0
corrected_crp,full_seed101_freeze_0p0_noise0p5_s13_a0p3_b0p8,72,True,True,True,0.0
corrected_crp,full_seed101_freeze_0p0_noise0p5_s13_a0p3_b0p8,77,True,True,True,0.0
corrected_crp,full_seed101_freeze_0p0_noise0p5_s13_a0p3_b0p8,174,True,True,True,0.0
corrected_crp,full_seed101_freeze_0p0_noise0p5_s13_a0p3_b0p8,223,True,True,True,0.0
corrected_crp,full_seed101_freeze_0p0_noise0p5_s9_a0p2_b0p7,94,True,True,True,0.0
corrected_crp,full_seed101_freeze_0p0_noise0p5_s9_a0p3_b0p8,94,True,True,True,0.04730741274207917
corrected_crp,full_seed101_freeze_0p1_noise0p5_s13_a0p2_b0p7,7,True,True,True,0.0
corrected_crp,full_seed101_freeze_0p1_noise0p5_s13_a0p2_b0p7,28,True,True,True,0.0
corrected_crp,full_seed101_freeze_0p1_noise0p5_s13_a0p2_b0p7,72,True,True,True,0.0
corrected_crp,full_seed101_freeze_0p1_noise0p5_s13_a0p2_b0p7,77,True,True,True,0.0
corrected_crp,full_seed101_freeze_0p1_noise0p5_s13_a0p2_b0p7,101,True,True,True,0.0
corrected_crp,full_seed101_freeze_0p1_noise0p5_s13_a0p2_b0p7,223,True,True,True,0.0
corrected_crp,full_seed101_freeze_0p1_noise0p5_s13_a0p3_b0p8,7,True,True,True,0.0
corrected_crp,full_seed101_freeze_0p1_noise0p5_s13_a0p3_b0p8,28,True,True,True,0.0
corrected_crp,full_seed101_freeze_0p1_noise0p5_s13_a0p3_b0p8,72,True,True,True,0.0
corrected_crp,full_seed101_freeze_0p1_noise0p5_s13_a0p3_b0p8,77,True,True,True,0.0
corrected_crp,full_seed101_freeze_0p1_noise0p5_s13_a0p3_b0p8,101,True,True,True,0.0
corrected_crp,full_seed101_freeze_0p1_noise0p5_s13_a0p3_b0p8,223,True,True,True,0.0
corrected_crp,full_seed101_freeze_0p1_noise0p5_s9_a0p2_b0p7,94,True,True,True,0.0
corrected_crp,full_seed101_freeze_0p1_noise0p5_s9_a0p3_b0p8,94,True,True,True,0.04730741274207917
corrected_crp,full_seed101_freeze_0p2_noise0p5_s13_a0p2_b0p7,7,True,True,True,0.0
corrected_crp,full_seed101_freeze_0p2_noise0p5_s13_a0p2_b0p7,28,True,True,True,0.0
corrected_crp,full_seed101_freeze_0p2_noise0p5_s13_a0p2_b0p7,72,True,True,True,0.0
corrected_crp,full_seed101_freeze_0p2_noise0p5_s13_a0p2_b0p7,77,True,True,True,0.0
corrected_crp,full_seed101_freeze_0p2_noise0p5_s13_a0p2_b0p7,94,True,True,True,0.0
corrected_crp,full_seed101_freeze_0p2_noise0p5_s13_a0p2_b0p7,101,True,True,True,0.0
corrected_crp,full_seed101_freeze_0p2_noise0p5_s13_a0p2_b0p7,123,True,True,True,0.0
corrected_crp,full_seed101_freeze_0p2_noise0p5_s13_a0p2_b0p7,168,True,True,True,0.0
corrected_crp,full_seed101_freeze_0p2_noise0p5_s13_a0p2_b0p7,223,True,True,True,0.0
corrected_crp,full_seed101_freeze_0p2_noise0p5_s13_a0p3_b0p8,7,True,True,True,0.0
corrected_crp,full_seed101_freeze_0p2_noise0p5_s13_a0p3_b0p8,28,True,True,True,0.0
corrected_crp,full_seed101_freeze_0p2_noise0p5_s13_a0p3_b0p8,72,True,True,True,0.0
corrected_crp,full_seed101_freeze_0p2_noise0p5_s13_a0p3_b0p8,77,True,True,True,0.0
corrected_crp,full_seed101_freeze_0p2_noise0p5_s13_a0p3_b0p8,94,True,True,True,0.0
corrected_crp,full_seed101_freeze_0p2_noise0p5_s13_a0p3_b0p8,101,True,True,True,0.0
corrected_crp,full_seed101_freeze_0p2_noise0p5_s13_a0p3_b0p8,123,True,True,True,0.0
corrected_crp,full_seed101_freeze_0p2_noise0p5_s13_a0p3_b0p8,168,True,True,True,0.0
corrected_crp,full_seed101_freeze_0p2_noise0p5_s13_a0p3_b0p8,223,True,True,True,0.0
corrected_crp,full_seed101_freeze_0p3_noise0p5_s13_a0p2_b0p7,7,True,True,True,0.0
corrected_crp,full_seed101_freeze_0p3_noise0p5_s13_a0p2_b0p7,28,True,True,True,0.0
corrected_crp,full_seed101_freeze_0p3_noise0p5_s13_a0p2_b0p7,72,True,True,True,0.0
corrected_crp,full_seed101_freeze_0p3_noise0p5_s13_a0p2_b0p7,77,True,True,True,0.0
corrected_crp,full_seed101_freeze_0p3_noise0p5_s13_a0p2_b0p7,94,True,True,True,0.0
corrected_crp,full_seed101_freeze_0p3_noise0p5_s13_a0p2_b0p7,223,True,True,True,0.0
corrected_crp,full_seed101_freeze_0p3_noise0p5_s13_a0p3_b0p8,7,True,True,True,0.0
corrected_crp,full_seed101_freeze_0p3_noise0p5_s13_a0p3_b0p8,28,True,True,True,0.0
corrected_crp,full_seed101_freeze_0p3_noise0p5_s13_a0p3_b0p8,72,True,True,True,0.0
corrected_crp,full_seed101_freeze_0p3_noise0p5_s13_a0p3_b0p8,77,True,True,True,0.0
corrected_crp,full_seed101_freeze_0p3_noise0p5_s13_a0p3_b0p8,94,True,True,True,0.0
corrected_crp,full_seed101_freeze_0p3_noise0p5_s13_a0p3_b0p8,223,True,True,True,0.0
corrected_crp,full_seed101_freeze_0p3_noise0p5_s9_a0p2_b0p7,174,True,True,True,0.0
corrected_crp,full_seed101_freeze_0p3_noise0p5_s9_a0p3_b0p8,174,True,True,True,-0.11929246097419788
corrected_crp,full_seed101_freeze_0p4_noise0p5_s13_a0p2_b0p7,7,True,True,True,0.0
corrected_crp,full_seed101_freeze_0p4_noise0p5_s13_a0p2_b0p7,28,True,True,True,0.0
corrected_crp,full_seed101_freeze_0p4_noise0p5_s13_a0p2_b0p7,72,True,True,True,0.0
corrected_crp,full_seed101_freeze_0p4_noise0p5_s13_a0p2_b0p7,77,True,True,True,0.0
corrected_crp,full_seed101_freeze_0p4_noise0p5_s13_a0p2_b0p7,94,True,True,True,0.0
corrected_crp,full_seed101_freeze_0p4_noise0p5_s13_a0p2_b0p7,123,True,True,True,0.0
corrected_crp,full_seed101_freeze_0p4_noise0p5_s13_a0p2_b0p7,223,True,True,True,0.0
corrected_crp,full_seed101_freeze_0p4_noise0p5_s13_a0p3_b0p8,7,True,True,True,0.0
corrected_crp,full_seed101_freeze_0p4_noise0p5_s13_a0p3_b0p8,28,True,True,True,0.0
corrected_crp,full_seed101_freeze_0p4_noise0p5_s13_a0p3_b0p8,72,True,True,True,0.0
corrected_crp,full_seed101_freeze_0p4_noise0p5_s13_a0p3_b0p8,77,True,True,True,0.0
corrected_crp,full_seed101_freeze_0p4_noise0p5_s13_a0p3_b0p8,94,True,True,True,0.0
corrected_crp,full_seed101_freeze_0p4_noise0p5_s13_a0p3_b0p8,123,True,True,True,0.0
corrected_crp,full_seed101_freeze_0p4_noise0p5_s13_a0p3_b0p8,223,True,True,True,0.0
corrected_crp,full_seed101_freeze_0p4_noise0p5_s9_a0p2_b0p7,164,True,True,True,0.0
corrected_crp,full_seed101_freeze_0p4_noise0p5_s9_a0p3_b0p8,164,True,True,True,0.023042744963143846
corrected_crp,full_seed101_mixed_0p0_noise0p5_s13_a0p2_b0p7,7,True,True,True,0.0
corrected_crp,full_seed101_mixed_0p0_noise0p5_s13_a0p2_b0p7,28,True,True,True,0.0
corrected_crp,full_seed101_mixed_0p0_noise0p5_s13_a0p2_b0p7,72,True,True,True,0.0
corrected_crp,full_seed101_mixed_0p0_noise0p5_s13_a0p2_b0p7,77,True,True,True,0.0
corrected_crp,full_seed101_mixed_0p0_noise0p5_s13_a0p2_b0p7,174,True,True,True,0.0
corrected_crp,full_seed101_mixed_0p0_noise0p5_s13_a0p2_b0p7,223,True,True,True,0.0
corrected_crp,full_seed101_mixed_0p0_noise0p5_s13_a0p3_b0p8,7,True,True,True,0.0
corrected_crp,full_seed101_mixed_0p0_noise0p5_s13_a0p3_b0p8,28,True,True,True,0.0
corrected_crp,full_seed101_mixed_0p0_noise0p5_s13_a0p3_b0p8,72,True,True,True,0.0
corrected_crp,full_seed101_mixed_0p0_noise0p5_s13_a0p3_b0p8,77,True,True,True,0.0
corrected_crp,full_seed101_mixed_0p0_noise0p5_s13_a0p3_b0p8,174,True,True,True,0.0
corrected_crp,full_seed101_mixed_0p0_noise0p5_s13_a0p3_b0p8,223,True,True,True,0.0
corrected_crp,full_seed101_mixed_0p0_noise0p5_s9_a0p2_b0p7,94,True,True,True,0.0
corrected_crp,full_seed101_mixed_0p0_noise0p5_s9_a0p3_b0p8,94,True,True,True,0.04730741274207917
corrected_crp,full_seed101_mixed_0p1_noise0p1_s13_a0p2_b0p7,93,True,True,True,0.0
corrected_crp,full_seed101_mixed_0p1_noise0p1_s13_a0p2_b0p7,97,True,True,True,0.0
corrected_crp,full_seed101_mixed_0p1_noise0p1_s13_a0p2_b0p7,101,True,True,True,0.0
corrected_crp,full_seed101_mixed_0p1_noise0p1_s13_a0p2_b0p7,102,True,True,True,0.0
corrected_crp,full_seed101_mixed_0p1_noise0p1_s13_a0p2_b0p7,153,True,True,True,0.0
corrected_crp,full_seed101_mixed_0p1_noise0p1_s13_a0p2_b0p7,155,True,True,True,0.0
corrected_crp,full_seed101_mixed_0p1_noise0p1_s13_a0p2_b0p7,159,True,True,True,0.0
corrected_crp,full_seed101_mixed_0p1_noise0p1_s13_a0p3_b0p8,93,True,True,True,0.0
corrected_crp,full_seed101_mixed_0p1_noise0p1_s13_a0p3_b0p8,97,True,True,True,0.0
corrected_crp,full_seed101_mixed_0p1_noise0p1_s13_a0p3_b0p8,101,True,True,True,0.0
corrected_crp,full_seed101_mixed_0p1_noise0p1_s13_a0p3_b0p8,102,True,True,True,0.0
corrected_crp,full_seed101_mixed_0p1_noise0p1_s13_a0p3_b0p8,153,True,True,True,0.0
corrected_crp,full_seed101_mixed_0p1_noise0p1_s13_a0p3_b0p8,155,True,True,True,0.0
corrected_crp,full_seed101_mixed_0p1_noise0p1_s13_a0p3_b0p8,159,True,True,True,0.0
corrected_crp,full_seed101_mixed_0p1_noise0p25_s13_a0p2_b0p7,93,True,True,True,0.0
corrected_crp,full_seed101_mixed_0p1_noise0p25_s13_a0p2_b0p7,100,True,True,True,0.0
corrected_crp,full_seed101_mixed_0p1_noise0p25_s13_a0p2_b0p7,153,True,True,True,0.0
corrected_crp,full_seed101_mixed_0p1_noise0p25_s13_a0p2_b0p7,155,True,True,True,0.0
corrected_crp,full_seed101_mixed_0p1_noise0p25_s13_a0p2_b0p7,159,True,True,True,0.0
corrected_crp,full_seed101_mixed_0p1_noise0p25_s13_a0p3_b0p8,93,True,True,True,0.0
corrected_crp,full_seed101_mixed_0p1_noise0p25_s13_a0p3_b0p8,100,True,True,True,0.0
corrected_crp,full_seed101_mixed_0p1_noise0p25_s13_a0p3_b0p8,153,True,True,True,0.0
corrected_crp,full_seed101_mixed_0p1_noise0p25_s13_a0p3_b0p8,155,True,True,True,0.0
corrected_crp,full_seed101_mixed_0p1_noise0p25_s13_a0p3_b0p8,159,True,True,True,0.0
corrected_crp,full_seed101_mixed_0p1_noise0p25_s9_a0p2_b0p7,88,True,True,True,0.0
corrected_crp,full_seed101_mixed_0p1_noise0p25_s9_a0p2_b0p7,91,True,True,True,0.0
corrected_crp,full_seed101_mixed_0p1_noise0p25_s9_a0p2_b0p7,145,True,True,True,0.0
corrected_crp,full_seed101_mixed_0p1_noise0p25_s9_a0p3_b0p8,88,True,True,True,0.0022177252753798893
corrected_crp,full_seed101_mixed_0p1_noise0p25_s9_a0p3_b0p8,91,True,True,True,-0.05484843084162416
corrected_crp,full_seed101_mixed_0p1_noise0p25_s9_a0p3_b0p8,145,True,True,True,-0.034130403660009634
corrected_crp,full_seed101_mixed_0p1_noise0p5_s13_a0p2_b0p7,7,True,True,True,0.0
corrected_crp,full_seed101_mixed_0p1_noise0p5_s13_a0p2_b0p7,28,True,True,True,0.0
corrected_crp,full_seed101_mixed_0p1_noise0p5_s13_a0p2_b0p7,72,True,True,True,0.0
corrected_crp,full_seed101_mixed_0p1_noise0p5_s13_a0p2_b0p7,77,True,True,True,0.0
corrected_crp,full_seed101_mixed_0p1_noise0p5_s13_a0p2_b0p7,94,True,True,True,0.0
corrected_crp,full_seed101_mixed_0p1_noise0p5_s13_a0p2_b0p7,97,True,True,True,0.0
corrected_crp,full_seed101_mixed_0p1_noise0p5_s13_a0p2_b0p7,100,True,True,True,0.0
corrected_crp,full_seed101_mixed_0p1_noise0p5_s13_a0p2_b0p7,153,True,True,True,0.0
corrected_crp,full_seed101_mixed_0p1_noise0p5_s13_a0p2_b0p7,155,True,True,True,0.0
corrected_crp,full_seed101_mixed_0p1_noise0p5_s13_a0p2_b0p7,159,True,True,True,0.0
corrected_crp,full_seed101_mixed_0p1_noise0p5_s13_a0p2_b0p7,174,True,True,True,0.0
corrected_crp,full_seed101_mixed_0p1_noise0p5_s13_a0p2_b0p7,223,True,True,True,0.0
corrected_crp,full_seed101_mixed_0p1_noise0p5_s13_a0p3_b0p8,7,True,True,True,0.0
corrected_crp,full_seed101_mixed_0p1_noise0p5_s13_a0p3_b0p8,28,True,True,True,0.0
corrected_crp,full_seed101_mixed_0p1_noise0p5_s13_a0p3_b0p8,72,True,True,True,0.0
corrected_crp,full_seed101_mixed_0p1_noise0p5_s13_a0p3_b0p8,77,True,True,True,0.0
corrected_crp,full_seed101_mixed_0p1_noise0p5_s13_a0p3_b0p8,94,True,True,True,0.0
corrected_crp,full_seed101_mixed_0p1_noise0p5_s13_a0p3_b0p8,97,True,True,True,0.0
corrected_crp,full_seed101_mixed_0p1_noise0p5_s13_a0p3_b0p8,100,True,True,True,0.0
corrected_crp,full_seed101_mixed_0p1_noise0p5_s13_a0p3_b0p8,153,True,True,True,0.0
corrected_crp,full_seed101_mixed_0p1_noise0p5_s13_a0p3_b0p8,155,True,True,True,0.0
corrected_crp,full_seed101_mixed_0p1_noise0p5_s13_a0p3_b0p8,159,True,True,True,0.0
corrected_crp,full_seed101_mixed_0p1_noise0p5_s13_a0p3_b0p8,174,True,True,True,0.0
corrected_crp,full_seed101_mixed_0p1_noise0p5_s13_a0p3_b0p8,223,True,True,True,0.0
corrected_crp,full_seed101_mixed_0p1_noise0p5_s9_a0p2_b0p7,96,True,True,True,0.0
corrected_crp,full_seed101_mixed_0p1_noise0p5_s9_a0p2_b0p7,102,True,True,True,0.0
corrected_crp,full_seed101_mixed_0p1_noise0p5_s9_a0p2_b0p7,103,True,True,True,0.0
corrected_crp,full_seed101_mixed_0p1_noise0p5_s9_a0p2_b0p7,150,True,True,True,0.0
corrected_crp,full_seed101_mixed_0p1_noise0p5_s9_a0p2_b0p7,152,True,True,True,0.0
corrected_crp,full_seed101_mixed_0p1_noise0p5_s9_a0p3_b0p8,96,True,True,True,0.008743404665790155
corrected_crp,full_seed101_mixed_0p1_noise0p5_s9_a0p3_b0p8,102,True,True,True,-0.05110523514100551
corrected_crp,full_seed101_mixed_0p1_noise0p5_s9_a0p3_b0p8,103,True,True,True,0.008648951773192692
corrected_crp,full_seed101_mixed_0p1_noise0p5_s9_a0p3_b0p8,150,True,True,True,-0.022579516456853632
corrected_crp,full_seed101_mixed_0p1_noise0p5_s9_a0p3_b0p8,152,True,True,True,0.055797280821447304
corrected_crp,full_seed101_mixed_0p2_noise0p1_s13_a0p2_b0p7,87,True,True,True,0.0
corrected_crp,full_seed101_mixed_0p2_noise0p1_s13_a0p2_b0p7,105,True,True,True,0.0
corrected_crp,full_seed101_mixed_0p2_noise0p1_s13_a0p2_b0p7,149,True,True,True,0.0
corrected_crp,full_seed101_mixed_0p2_noise0p1_s13_a0p2_b0p7,157,True,True,True,0.0
corrected_crp,full_seed101_mixed_0p2_noise0p1_s13_a0p3_b0p8,87,True,True,True,0.0
corrected_crp,full_seed101_mixed_0p2_noise0p1_s13_a0p3_b0p8,105,True,True,True,0.0
corrected_crp,full_seed101_mixed_0p2_noise0p1_s13_a0p3_b0p8,149,True,True,True,0.0
corrected_crp,full_seed101_mixed_0p2_noise0p1_s13_a0p3_b0p8,157,True,True,True,0.0
corrected_crp,full_seed101_mixed_0p2_noise0p1_s5_a0p2_b0p7,150,True,True,True,-0.1062436999206069
corrected_crp,full_seed101_mixed_0p2_noise0p1_s5_a0p2_b0p7,156,True,True,True,-0.02096052985952568
corrected_crp,full_seed101_mixed_0p2_noise0p1_s5_a0p3_b0p8,150,True,True,True,-0.1062436999206069
corrected_crp,full_seed101_mixed_0p2_noise0p1_s5_a0p3_b0p8,156,True,True,True,-0.02096052985952568
corrected_crp,full_seed101_mixed_0p2_noise0p25_s13_a0p2_b0p7,87,True,True,True,0.0
corrected_crp,full_seed101_mixed_0p2_noise0p25_s13_a0p2_b0p7,96,True,True,True,0.0
corrected_crp,full_seed101_mixed_0p2_noise0p25_s13_a0p2_b0p7,157,True,True,True,0.0
corrected_crp,full_seed101_mixed_0p2_noise0p25_s13_a0p3_b0p8,87,True,True,True,0.0
corrected_crp,full_seed101_mixed_0p2_noise0p25_s13_a0p3_b0p8,96,True,True,True,0.0
corrected_crp,full_seed101_mixed_0p2_noise0p25_s13_a0p3_b0p8,157,True,True,True,0.0
corrected_crp,full_seed101_mixed_0p2_noise0p25_s5_a0p2_b0p7,152,True,True,True,0.4329263729980075
corrected_crp,full_seed101_mixed_0p2_noise0p25_s5_a0p2_b0p7,156,True,True,True,-0.052246028437114234
corrected_crp,full_seed101_mixed_0p2_noise0p25_s5_a0p3_b0p8,152,True,True,True,0.43292637299800774
corrected_crp,full_seed101_mixed_0p2_noise0p25_s5_a0p3_b0p8,156,True,True,True,-0.052246028437114234
corrected_crp,full_seed101_mixed_0p2_noise0p25_s9_a0p2_b0p7,94,True,True,True,0.0
corrected_crp,full_seed101_mixed_0p2_noise0p25_s9_a0p3_b0p8,94,True,True,True,0.003003692976720096
corrected_crp,full_seed101_mixed_0p2_noise0p5_s13_a0p2_b0p7,7,True,True,True,0.0
corrected_crp,full_seed101_mixed_0p2_noise0p5_s13_a0p2_b0p7,28,True,True,True,0.0
corrected_crp,full_seed101_mixed_0p2_noise0p5_s13_a0p2_b0p7,72,True,True,True,0.0
corrected_crp,full_seed101_mixed_0p2_noise0p5_s13_a0p2_b0p7,77,True,True,True,0.0
corrected_crp,full_seed101_mixed_0p2_noise0p5_s13_a0p2_b0p7,145,True,True,True,0.0
corrected_crp,full_seed101_mixed_0p2_noise0p5_s13_a0p2_b0p7,147,True,True,True,0.0
corrected_crp,full_seed101_mixed_0p2_noise0p5_s13_a0p2_b0p7,174,True,True,True,0.0
corrected_crp,full_seed101_mixed_0p2_noise0p5_s13_a0p2_b0p7,223,True,True,True,0.0
corrected_crp,full_seed101_mixed_0p2_noise0p5_s13_a0p3_b0p8,7,True,True,True,0.0
corrected_crp,full_seed101_mixed_0p2_noise0p5_s13_a0p3_b0p8,28,True,True,True,0.0
corrected_crp,full_seed101_mixed_0p2_noise0p5_s13_a0p3_b0p8,72,True,True,True,0.0
corrected_crp,full_seed101_mixed_0p2_noise0p5_s13_a0p3_b0p8,77,True,True,True,0.0
corrected_crp,full_seed101_mixed_0p2_noise0p5_s13_a0p3_b0p8,145,True,True,True,-0.11339490548159237
corrected_crp,full_seed101_mixed_0p2_noise0p5_s13_a0p3_b0p8,147,True,True,True,0.0
corrected_crp,full_seed101_mixed_0p2_noise0p5_s13_a0p3_b0p8,174,True,True,True,0.0
corrected_crp,full_seed101_mixed_0p2_noise0p5_s13_a0p3_b0p8,223,True,True,True,0.0
corrected_crp,full_seed101_mixed_0p2_noise0p5_s5_a0p2_b0p7,89,True,True,True,-0.3388667805646066
corrected_crp,full_seed101_mixed_0p2_noise0p5_s5_a0p2_b0p7,144,True,True,True,-0.04622199841868735
corrected_crp,full_seed101_mixed_0p2_noise0p5_s5_a0p2_b0p7,149,True,True,True,-0.09206677294524757
corrected_crp,full_seed101_mixed_0p2_noise0p5_s5_a0p2_b0p7,152,True,True,True,0.40723726794968873
corrected_crp,full_seed101_mixed_0p2_noise0p5_s5_a0p2_b0p7,156,True,True,True,-0.10438852606642834
corrected_crp,full_seed101_mixed_0p2_noise0p5_s5_a0p3_b0p8,89,True,True,True,-0.33886678056460684
corrected_crp,full_seed101_mixed_0p2_noise0p5_s5_a0p3_b0p8,144,True,True,True,-0.04622199841868735
corrected_crp,full_seed101_mixed_0p2_noise0p5_s5_a0p3_b0p8,149,True,True,True,-0.09206677294524779
corrected_crp,full_seed101_mixed_0p2_noise0p5_s5_a0p3_b0p8,152,True,True,True,0.40723726794968895
corrected_crp,full_seed101_mixed_0p2_noise0p5_s5_a0p3_b0p8,156,True,True,True,-0.10438852606642879
corrected_crp,full_seed101_mixed_0p2_noise0p5_s9_a0p2_b0p7,178,True,True,True,0.0
corrected_crp,full_seed101_mixed_0p2_noise0p5_s9_a0p3_b0p8,178,True,True,True,-0.004370347460934676
corrected_crp,full_seed101_mixed_0p3_noise0p1_s5_a0p2_b0p7,100,True,True,True,-0.08197809991755234
corrected_crp,full_seed101_mixed_0p3_noise0p1_s5_a0p3_b0p8,100,True,True,True,-0.04098904995877639
corrected_crp,full_seed101_mixed_0p3_noise0p5_s13_a0p2_b0p7,7,True,True,True,0.0
corrected_crp,full_seed101_mixed_0p3_noise0p5_s13_a0p2_b0p7,28,True,True,True,0.0
corrected_crp,full_seed101_mixed_0p3_noise0p5_s13_a0p2_b0p7,72,True,True,True,0.0
corrected_crp,full_seed101_mixed_0p3_noise0p5_s13_a0p2_b0p7,77,True,True,True,0.0
corrected_crp,full_seed101_mixed_0p3_noise0p5_s13_a0p2_b0p7,86,True,True,True,0.0
corrected_crp,full_seed101_mixed_0p3_noise0p5_s13_a0p2_b0p7,90,True,True,True,0.0
corrected_crp,full_seed101_mixed_0p3_noise0p5_s13_a0p2_b0p7,103,True,True,True,0.0
corrected_crp,full_seed101_mixed_0p3_noise0p5_s13_a0p2_b0p7,146,True,True,True,0.0
corrected_crp,full_seed101_mixed_0p3_noise0p5_s13_a0p2_b0p7,147,True,True,True,0.0
corrected_crp,full_seed101_mixed_0p3_noise0p5_s13_a0p2_b0p7,174,True,True,True,0.0
corrected_crp,full_seed101_mixed_0p3_noise0p5_s13_a0p2_b0p7,223,True,True,True,0.0
corrected_crp,full_seed101_mixed_0p3_noise0p5_s13_a0p3_b0p8,7,True,True,True,0.0
corrected_crp,full_seed101_mixed_0p3_noise0p5_s13_a0p3_b0p8,28,True,True,True,0.0
corrected_crp,full_seed101_mixed_0p3_noise0p5_s13_a0p3_b0p8,72,True,True,True,0.0
corrected_crp,full_seed101_mixed_0p3_noise0p5_s13_a0p3_b0p8,77,True,True,True,0.0
corrected_crp,full_seed101_mixed_0p3_noise0p5_s13_a0p3_b0p8,86,True,True,True,-0.06731466158885346
corrected_crp,full_seed101_mixed_0p3_noise0p5_s13_a0p3_b0p8,90,True,True,True,0.0
corrected_crp,full_seed101_mixed_0p3_noise0p5_s13_a0p3_b0p8,103,True,True,True,0.0
corrected_crp,full_seed101_mixed_0p3_noise0p5_s13_a0p3_b0p8,146,True,True,True,0.0469822236648727
corrected_crp,full_seed101_mixed_0p3_noise0p5_s13_a0p3_b0p8,147,True,True,True,0.020134362169451858
corrected_crp,full_seed101_mixed_0p3_noise0p5_s13_a0p3_b0p8,174,True,True,True,0.0
corrected_crp,full_seed101_mixed_0p3_noise0p5_s13_a0p3_b0p8,223,True,True,True,0.0
corrected_crp,full_seed101_mixed_0p3_noise0p5_s9_a0p2_b0p7,91,True,True,True,0.0
corrected_crp,full_seed101_mixed_0p3_noise0p5_s9_a0p2_b0p7,96,True,True,True,0.0
corrected_crp,full_seed101_mixed_0p3_noise0p5_s9_a0p2_b0p7,97,True,True,True,0.0
corrected_crp,full_seed101_mixed_0p3_noise0p5_s9_a0p3_b0p8,91,True,True,True,-0.031872729889367735
corrected_crp,full_seed101_mixed_0p3_noise0p5_s9_a0p3_b0p8,96,True,True,True,0.008743404665790377
corrected_crp,full_seed101_mixed_0p3_noise0p5_s9_a0p3_b0p8,97,True,True,True,-0.04098308615815105
corrected_crp,full_seed101_mixed_0p4_noise0p1_s13_a0p2_b0p7,84,True,True,True,0.0
corrected_crp,full_seed101_mixed_0p4_noise0p1_s13_a0p2_b0p7,85,True,True,True,0.0
corrected_crp,full_seed101_mixed_0p4_noise0p1_s13_a0p2_b0p7,88,True,True,True,0.0
corrected_crp,full_seed101_mixed_0p4_noise0p1_s13_a0p2_b0p7,143,True,True,True,0.0
corrected_crp,full_seed101_mixed_0p4_noise0p1_s13_a0p2_b0p7,144,True,True,True,0.0
corrected_crp,full_seed101_mixed_0p4_noise0p1_s13_a0p2_b0p7,151,True,True,True,0.0
corrected_crp,full_seed101_mixed_0p4_noise0p1_s13_a0p2_b0p7,153,True,True,True,0.0
corrected_crp,full_seed101_mixed_0p4_noise0p1_s13_a0p2_b0p7,154,True,True,True,0.0
corrected_crp,full_seed101_mixed_0p4_noise0p1_s13_a0p2_b0p7,155,True,True,True,0.0
corrected_crp,full_seed101_mixed_0p4_noise0p1_s13_a0p2_b0p7,156,True,True,True,0.0
corrected_crp,full_seed101_mixed_0p4_noise0p1_s13_a0p3_b0p8,84,True,True,True,0.017374105741423562
corrected_crp,full_seed101_mixed_0p4_noise0p1_s13_a0p3_b0p8,85,True,True,True,-0.006209457669768215
corrected_crp,full_seed101_mixed_0p4_noise0p1_s13_a0p3_b0p8,88,True,True,True,0.0
corrected_crp,full_seed101_mixed_0p4_noise0p1_s13_a0p3_b0p8,143,True,True,True,0.011990536795187356
corrected_crp,full_seed101_mixed_0p4_noise0p1_s13_a0p3_b0p8,144,True,True,True,-3.821187851971164e-05
corrected_crp,full_seed101_mixed_0p4_noise0p1_s13_a0p3_b0p8,151,True,True,True,0.025645422758875547
corrected_crp,full_seed101_mixed_0p4_noise0p1_s13_a0p3_b0p8,153,True,True,True,0.002297408968688408
corrected_crp,full_seed101_mixed_0p4_noise0p1_s13_a0p3_b0p8,154,True,True,True,-0.030988954373537936
corrected_crp,full_seed101_mixed_0p4_noise0p1_s13_a0p3_b0p8,155,True,True,True,-0.0011494667774930578
corrected_crp,full_seed101_mixed_0p4_noise0p1_s13_a0p3_b0p8,156,True,True,True,0.002119617919600636
corrected_crp,full_seed101_mixed_0p4_noise0p1_s5_a0p2_b0p7,100,True,True,True,-0.08197809991755234
corrected_crp,full_seed101_mixed_0p4_noise0p1_s5_a0p3_b0p8,100,True,True,True,-0.04098904995877639
corrected_crp,full_seed101_mixed_0p4_noise0p25_s13_a0p2_b0p7,84,True,True,True,0.0
corrected_crp,full_seed101_mixed_0p4_noise0p25_s13_a0p2_b0p7,85,True,True,True,0.0
corrected_crp,full_seed101_mixed_0p4_noise0p25_s13_a0p2_b0p7,86,True,True,True,0.0
corrected_crp,full_seed101_mixed_0p4_noise0p25_s13_a0p2_b0p7,93,True,True,True,0.0
corrected_crp,full_seed101_mixed_0p4_noise0p25_s13_a0p2_b0p7,143,True,True,True,0.0
corrected_crp,full_seed101_mixed_0p4_noise0p25_s13_a0p2_b0p7,146,True,True,True,0.0
corrected_crp,full_seed101_mixed_0p4_noise0p25_s13_a0p2_b0p7,151,True,True,True,0.0
corrected_crp,full_seed101_mixed_0p4_noise0p25_s13_a0p2_b0p7,153,True,True,True,0.0
corrected_crp,full_seed101_mixed_0p4_noise0p25_s13_a0p2_b0p7,154,True,True,True,0.0
corrected_crp,full_seed101_mixed_0p4_noise0p25_s13_a0p2_b0p7,155,True,True,True,0.0
corrected_crp,full_seed101_mixed_0p4_noise0p25_s13_a0p2_b0p7,156,True,True,True,0.0
corrected_crp,full_seed101_mixed_0p4_noise0p25_s13_a0p2_b0p7,159,True,True,True,0.0
corrected_crp,full_seed101_mixed_0p4_noise0p25_s13_a0p3_b0p8,84,True,True,True,0.04343526435355882
corrected_crp,full_seed101_mixed_0p4_noise0p25_s13_a0p3_b0p8,85,True,True,True,-0.01552364417442037
corrected_crp,full_seed101_mixed_0p4_noise0p25_s13_a0p3_b0p8,86,True,True,True,-0.03365733079442679
corrected_crp,full_seed101_mixed_0p4_noise0p25_s13_a0p3_b0p8,93,True,True,True,0.0
corrected_crp,full_seed101_mixed_0p4_noise0p25_s13_a0p3_b0p8,143,True,True,True,0.029976341987968447
corrected_crp,full_seed101_mixed_0p4_noise0p25_s13_a0p3_b0p8,146,True,True,True,0.02349111183243624
corrected_crp,full_seed101_mixed_0p4_noise0p25_s13_a0p3_b0p8,151,True,True,True,0.0641135568971889
corrected_crp,full_seed101_mixed_0p4_noise0p25_s13_a0p3_b0p8,153,True,True,True,0.005743522421721103
corrected_crp,full_seed101_mixed_0p4_noise0p25_s13_a0p3_b0p8,154,True,True,True,-0.07747238593384484
corrected_crp,full_seed101_mixed_0p4_noise0p25_s13_a0p3_b0p8,155,True,True,True,-0.0028736669437325613
corrected_crp,full_seed101_mixed_0p4_noise0p25_s13_a0p3_b0p8,156,True,True,True,0.005299044799001673
corrected_crp,full_seed101_mixed_0p4_noise0p25_s13_a0p3_b0p8,159,True,True,True,-0.10053029985515494
corrected_crp,full_seed101_mixed_0p4_noise0p5_s13_a0p2_b0p7,7,True,True,True,0.0
corrected_crp,full_seed101_mixed_0p4_noise0p5_s13_a0p2_b0p7,28,True,True,True,0.0
corrected_crp,full_seed101_mixed_0p4_noise0p5_s13_a0p2_b0p7,72,True,True,True,0.0
corrected_crp,full_seed101_mixed_0p4_noise0p5_s13_a0p2_b0p7,77,True,True,True,0.0
corrected_crp,full_seed101_mixed_0p4_noise0p5_s13_a0p2_b0p7,89,True,True,True,0.0
corrected_crp,full_seed101_mixed_0p4_noise0p5_s13_a0p2_b0p7,90,True,True,True,0.0
corrected_crp,full_seed101_mixed_0p4_noise0p5_s13_a0p2_b0p7,91,True,True,True,0.0
corrected_crp,full_seed101_mixed_0p4_noise0p5_s13_a0p2_b0p7,100,True,True,True,0.0
corrected_crp,full_seed101_mixed_0p4_noise0p5_s13_a0p2_b0p7,155,True,True,True,0.0
corrected_crp,full_seed101_mixed_0p4_noise0p5_s13_a0p2_b0p7,166,True,True,True,0.0
corrected_crp,full_seed101_mixed_0p4_noise0p5_s13_a0p2_b0p7,174,True,True,True,0.0
corrected_crp,full_seed101_mixed_0p4_noise0p5_s13_a0p2_b0p7,223,True,True,True,0.0
corrected_crp,full_seed101_mixed_0p4_noise0p5_s13_a0p3_b0p8,7,True,True,True,0.0
corrected_crp,full_seed101_mixed_0p4_noise0p5_s13_a0p3_b0p8,28,True,True,True,0.0
corrected_crp,full_seed101_mixed_0p4_noise0p5_s13_a0p3_b0p8,72,True,True,True,0.0
corrected_crp,full_seed101_mixed_0p4_noise0p5_s13_a0p3_b0p8,77,True,True,True,0.0
corrected_crp,full_seed101_mixed_0p4_noise0p5_s13_a0p3_b0p8,89,True,True,True,0.0
corrected_crp,full_seed101_mixed_0p4_noise0p5_s13_a0p3_b0p8,90,True,True,True,0.0
corrected_crp,full_seed101_mixed_0p4_noise0p5_s13_a0p3_b0p8,91,True,True,True,0.0
corrected_crp,full_seed101_mixed_0p4_noise0p5_s13_a0p3_b0p8,100,True,True,True,0.0
corrected_crp,full_seed101_mixed_0p4_noise0p5_s13_a0p3_b0p8,155,True,True,True,-0.005747333887465178
corrected_crp,full_seed101_mixed_0p4_noise0p5_s13_a0p3_b0p8,166,True,True,True,0.0
corrected_crp,full_seed101_mixed_0p4_noise0p5_s13_a0p3_b0p8,174,True,True,True,0.0
corrected_crp,full_seed101_mixed_0p4_noise0p5_s13_a0p3_b0p8,223,True,True,True,0.0
corrected_crp,full_seed101_mixed_0p4_noise0p5_s9_a0p2_b0p7,178,True,True,True,0.0
corrected_crp,full_seed101_mixed_0p4_noise0p5_s9_a0p3_b0p8,178,True,True,True,0.006577364218434134
corrected_crp,full_seed101_replay_0p0_noise0p5_s13_a0p2_b0p7,7,True,True,True,0.0
corrected_crp,full_seed101_replay_0p0_noise0p5_s13_a0p2_b0p7,28,True,True,True,0.0
corrected_crp,full_seed101_replay_0p0_noise0p5_s13_a0p2_b0p7,72,True,True,True,0.0
corrected_crp,full_seed101_replay_0p0_noise0p5_s13_a0p2_b0p7,77,True,True,True,0.0
corrected_crp,full_seed101_replay_0p0_noise0p5_s13_a0p2_b0p7,174,True,True,True,0.0
corrected_crp,full_seed101_replay_0p0_noise0p5_s13_a0p2_b0p7,223,True,True,True,0.0
corrected_crp,full_seed101_replay_0p0_noise0p5_s13_a0p3_b0p8,7,True,True,True,0.0
corrected_crp,full_seed101_replay_0p0_noise0p5_s13_a0p3_b0p8,28,True,True,True,0.0
corrected_crp,full_seed101_replay_0p0_noise0p5_s13_a0p3_b0p8,72,True,True,True,0.0
corrected_crp,full_seed101_replay_0p0_noise0p5_s13_a0p3_b0p8,77,True,True,True,0.0
corrected_crp,full_seed101_replay_0p0_noise0p5_s13_a0p3_b0p8,174,True,True,True,0.0
corrected_crp,full_seed101_replay_0p0_noise0p5_s13_a0p3_b0p8,223,True,True,True,0.0
corrected_crp,full_seed101_replay_0p0_noise0p5_s9_a0p2_b0p7,94,True,True,True,0.0
corrected_crp,full_seed101_replay_0p0_noise0p5_s9_a0p3_b0p8,94,True,True,True,0.04730741274207917
corrected_crp,full_seed101_replay_0p1_noise0p5_s13_a0p2_b0p7,7,True,True,True,0.0
corrected_crp,full_seed101_replay_0p1_noise0p5_s13_a0p2_b0p7,28,True,True,True,0.0
corrected_crp,full_seed101_replay_0p1_noise0p5_s13_a0p2_b0p7,72,True,True,True,0.0
corrected_crp,full_seed101_replay_0p1_noise0p5_s13_a0p2_b0p7,77,True,True,True,0.0
corrected_crp,full_seed101_replay_0p1_noise0p5_s13_a0p2_b0p7,101,True,True,True,0.0
corrected_crp,full_seed101_replay_0p1_noise0p5_s13_a0p2_b0p7,174,True,True,True,0.0
corrected_crp,full_seed101_replay_0p1_noise0p5_s13_a0p2_b0p7,223,True,True,True,0.0
corrected_crp,full_seed101_replay_0p1_noise0p5_s13_a0p3_b0p8,7,True,True,True,0.0
corrected_crp,full_seed101_replay_0p1_noise0p5_s13_a0p3_b0p8,28,True,True,True,0.0
corrected_crp,full_seed101_replay_0p1_noise0p5_s13_a0p3_b0p8,72,True,True,True,0.0
corrected_crp,full_seed101_replay_0p1_noise0p5_s13_a0p3_b0p8,77,True,True,True,0.0
corrected_crp,full_seed101_replay_0p1_noise0p5_s13_a0p3_b0p8,101,True,True,True,0.0
corrected_crp,full_seed101_replay_0p1_noise0p5_s13_a0p3_b0p8,174,True,True,True,0.0
corrected_crp,full_seed101_replay_0p1_noise0p5_s13_a0p3_b0p8,223,True,True,True,0.0
corrected_crp,full_seed101_replay_0p1_noise0p5_s9_a0p2_b0p7,94,True,True,True,0.0
corrected_crp,full_seed101_replay_0p1_noise0p5_s9_a0p3_b0p8,94,True,True,True,0.04730741274207917
corrected_crp,full_seed101_replay_0p2_noise0p5_s13_a0p2_b0p7,7,True,True,True,0.0
corrected_crp,full_seed101_replay_0p2_noise0p5_s13_a0p2_b0p7,28,True,True,True,0.0
corrected_crp,full_seed101_replay_0p2_noise0p5_s13_a0p2_b0p7,72,True,True,True,0.0
corrected_crp,full_seed101_replay_0p2_noise0p5_s13_a0p2_b0p7,77,True,True,True,0.0
corrected_crp,full_seed101_replay_0p2_noise0p5_s13_a0p2_b0p7,168,True,True,True,0.0
corrected_crp,full_seed101_replay_0p2_noise0p5_s13_a0p2_b0p7,174,True,True,True,0.0
corrected_crp,full_seed101_replay_0p2_noise0p5_s13_a0p2_b0p7,223,True,True,True,0.0
corrected_crp,full_seed101_replay_0p2_noise0p5_s13_a0p3_b0p8,7,True,True,True,0.0
corrected_crp,full_seed101_replay_0p2_noise0p5_s13_a0p3_b0p8,28,True,True,True,0.0
corrected_crp,full_seed101_replay_0p2_noise0p5_s13_a0p3_b0p8,72,True,True,True,0.0
corrected_crp,full_seed101_replay_0p2_noise0p5_s13_a0p3_b0p8,77,True,True,True,0.0
corrected_crp,full_seed101_replay_0p2_noise0p5_s13_a0p3_b0p8,168,True,True,True,0.0
corrected_crp,full_seed101_replay_0p2_noise0p5_s13_a0p3_b0p8,174,True,True,True,0.0
corrected_crp,full_seed101_replay_0p2_noise0p5_s13_a0p3_b0p8,223,True,True,True,0.0
corrected_crp,full_seed101_replay_0p2_noise0p5_s9_a0p2_b0p7,94,True,True,True,0.0
corrected_crp,full_seed101_replay_0p2_noise0p5_s9_a0p2_b0p7,101,True,True,True,0.0
corrected_crp,full_seed101_replay_0p2_noise0p5_s9_a0p3_b0p8,94,True,True,True,0.04730741274207939
corrected_crp,full_seed101_replay_0p2_noise0p5_s9_a0p3_b0p8,101,True,True,True,-0.010632395417137008
corrected_crp,full_seed101_replay_0p3_noise0p5_s13_a0p2_b0p7,7,True,True,True,0.0
corrected_crp,full_seed101_replay_0p3_noise0p5_s13_a0p2_b0p7,28,True,True,True,0.0
corrected_crp,full_seed101_replay_0p3_noise0p5_s13_a0p2_b0p7,72,True,True,True,0.0
corrected_crp,full_seed101_replay_0p3_noise0p5_s13_a0p2_b0p7,77,True,True,True,0.0
corrected_crp,full_seed101_replay_0p3_noise0p5_s13_a0p2_b0p7,223,True,True,True,0.0
corrected_crp,full_seed101_replay_0p3_noise0p5_s13_a0p3_b0p8,7,True,True,True,0.0
corrected_crp,full_seed101_replay_0p3_noise0p5_s13_a0p3_b0p8,28,True,True,True,0.0
corrected_crp,full_seed101_replay_0p3_noise0p5_s13_a0p3_b0p8,72,True,True,True,0.0
corrected_crp,full_seed101_replay_0p3_noise0p5_s13_a0p3_b0p8,77,True,True,True,0.0
corrected_crp,full_seed101_replay_0p3_noise0p5_s13_a0p3_b0p8,223,True,True,True,0.0
corrected_crp,full_seed101_replay_0p3_noise0p5_s9_a0p2_b0p7,94,True,True,True,0.0
corrected_crp,full_seed101_replay_0p3_noise0p5_s9_a0p2_b0p7,101,True,True,True,0.0
corrected_crp,full_seed101_replay_0p3_noise0p5_s9_a0p3_b0p8,94,True,True,True,0.04730741274207961
corrected_crp,full_seed101_replay_0p3_noise0p5_s9_a0p3_b0p8,101,True,True,True,-0.010632395417137008
corrected_crp,full_seed101_replay_0p4_noise0p5_s13_a0p2_b0p7,7,True,True,True,0.0
corrected_crp,full_seed101_replay_0p4_noise0p5_s13_a0p2_b0p7,28,True,True,True,0.0
corrected_crp,full_seed101_replay_0p4_noise0p5_s13_a0p2_b0p7,72,True,True,True,0.0
corrected_crp,full_seed101_replay_0p4_noise0p5_s13_a0p2_b0p7,77,True,True,True,0.0
corrected_crp,full_seed101_replay_0p4_noise0p5_s13_a0p2_b0p7,128,True,True,True,0.0
corrected_crp,full_seed101_replay_0p4_noise0p5_s13_a0p2_b0p7,223,True,True,True,0.0
corrected_crp,full_seed101_replay_0p4_noise0p5_s13_a0p3_b0p8,7,True,True,True,0.0
corrected_crp,full_seed101_replay_0p4_noise0p5_s13_a0p3_b0p8,28,True,True,True,0.0
corrected_crp,full_seed101_replay_0p4_noise0p5_s13_a0p3_b0p8,72,True,True,True,0.0
corrected_crp,full_seed101_replay_0p4_noise0p5_s13_a0p3_b0p8,77,True,True,True,0.0
corrected_crp,full_seed101_replay_0p4_noise0p5_s13_a0p3_b0p8,128,True,True,True,0.0
corrected_crp,full_seed101_replay_0p4_noise0p5_s13_a0p3_b0p8,223,True,True,True,0.0
corrected_crp,full_seed101_replay_0p4_noise0p5_s9_a0p2_b0p7,94,True,True,True,0.0
corrected_crp,full_seed101_replay_0p4_noise0p5_s9_a0p2_b0p7,101,True,True,True,0.0
corrected_crp,full_seed101_replay_0p4_noise0p5_s9_a0p3_b0p8,94,True,True,True,0.04730741274207961
corrected_crp,full_seed101_replay_0p4_noise0p5_s9_a0p3_b0p8,101,True,True,True,-0.010632395417137008
corrected_crp,full_seed101_scaling_0p0_noise0p5_s13_a0p2_b0p7,7,True,True,True,0.0
corrected_crp,full_seed101_scaling_0p0_noise0p5_s13_a0p2_b0p7,28,True,True,True,0.0
corrected_crp,full_seed101_scaling_0p0_noise0p5_s13_a0p2_b0p7,72,True,True,True,0.0
corrected_crp,full_seed101_scaling_0p0_noise0p5_s13_a0p2_b0p7,77,True,True,True,0.0
corrected_crp,full_seed101_scaling_0p0_noise0p5_s13_a0p2_b0p7,174,True,True,True,0.0
corrected_crp,full_seed101_scaling_0p0_noise0p5_s13_a0p2_b0p7,223,True,True,True,0.0
corrected_crp,full_seed101_scaling_0p0_noise0p5_s13_a0p3_b0p8,7,True,True,True,0.0
corrected_crp,full_seed101_scaling_0p0_noise0p5_s13_a0p3_b0p8,28,True,True,True,0.0
corrected_crp,full_seed101_scaling_0p0_noise0p5_s13_a0p3_b0p8,72,True,True,True,0.0
corrected_crp,full_seed101_scaling_0p0_noise0p5_s13_a0p3_b0p8,77,True,True,True,0.0
corrected_crp,full_seed101_scaling_0p0_noise0p5_s13_a0p3_b0p8,174,True,True,True,0.0
corrected_crp,full_seed101_scaling_0p0_noise0p5_s13_a0p3_b0p8,223,True,True,True,0.0
corrected_crp,full_seed101_scaling_0p0_noise0p5_s9_a0p2_b0p7,94,True,True,True,0.0
corrected_crp,full_seed101_scaling_0p0_noise0p5_s9_a0p3_b0p8,94,True,True,True,0.04730741274207917
corrected_crp,full_seed101_scaling_0p1_noise0p5_s13_a0p2_b0p7,7,True,True,True,0.0
corrected_crp,full_seed101_scaling_0p1_noise0p5_s13_a0p2_b0p7,28,True,True,True,0.0
corrected_crp,full_seed101_scaling_0p1_noise0p5_s13_a0p2_b0p7,72,True,True,True,0.0
corrected_crp,full_seed101_scaling_0p1_noise0p5_s13_a0p2_b0p7,77,True,True,True,0.0
corrected_crp,full_seed101_scaling_0p1_noise0p5_s13_a0p2_b0p7,174,True,True,True,0.0
corrected_crp,full_seed101_scaling_0p1_noise0p5_s13_a0p2_b0p7,223,True,True,True,0.0
corrected_crp,full_seed101_scaling_0p1_noise0p5_s13_a0p3_b0p8,7,True,True,True,0.0
corrected_crp,full_seed101_scaling_0p1_noise0p5_s13_a0p3_b0p8,28,True,True,True,0.0
corrected_crp,full_seed101_scaling_0p1_noise0p5_s13_a0p3_b0p8,72,True,True,True,0.0
corrected_crp,full_seed101_scaling_0p1_noise0p5_s13_a0p3_b0p8,77,True,True,True,0.0
corrected_crp,full_seed101_scaling_0p1_noise0p5_s13_a0p3_b0p8,174,True,True,True,0.0
corrected_crp,full_seed101_scaling_0p1_noise0p5_s13_a0p3_b0p8,223,True,True,True,0.0
corrected_crp,full_seed101_scaling_0p1_noise0p5_s9_a0p2_b0p7,94,True,True,True,0.0
corrected_crp,full_seed101_scaling_0p1_noise0p5_s9_a0p3_b0p8,94,True,True,True,0.04730741274207939
corrected_crp,full_seed101_scaling_0p2_noise0p5_s13_a0p2_b0p7,7,True,True,True,0.0
corrected_crp,full_seed101_scaling_0p2_noise0p5_s13_a0p2_b0p7,28,True,True,True,0.0
corrected_crp,full_seed101_scaling_0p2_noise0p5_s13_a0p2_b0p7,72,True,True,True,0.0
corrected_crp,full_seed101_scaling_0p2_noise0p5_s13_a0p2_b0p7,77,True,True,True,0.0
corrected_crp,full_seed101_scaling_0p2_noise0p5_s13_a0p2_b0p7,85,True,True,True,0.0
corrected_crp,full_seed101_scaling_0p2_noise0p5_s13_a0p2_b0p7,174,True,True,True,0.0
corrected_crp,full_seed101_scaling_0p2_noise0p5_s13_a0p2_b0p7,223,True,True,True,0.0
corrected_crp,full_seed101_scaling_0p2_noise0p5_s13_a0p3_b0p8,7,True,True,True,0.0
corrected_crp,full_seed101_scaling_0p2_noise0p5_s13_a0p3_b0p8,28,True,True,True,0.0
corrected_crp,full_seed101_scaling_0p2_noise0p5_s13_a0p3_b0p8,72,True,True,True,0.0
corrected_crp,full_seed101_scaling_0p2_noise0p5_s13_a0p3_b0p8,77,True,True,True,0.0
corrected_crp,full_seed101_scaling_0p2_noise0p5_s13_a0p3_b0p8,85,True,True,True,0.0
corrected_crp,full_seed101_scaling_0p2_noise0p5_s13_a0p3_b0p8,174,True,True,True,0.0
corrected_crp,full_seed101_scaling_0p2_noise0p5_s13_a0p3_b0p8,223,True,True,True,0.0
corrected_crp,full_seed101_scaling_0p2_noise0p5_s9_a0p2_b0p7,94,True,True,True,0.0
corrected_crp,full_seed101_scaling_0p2_noise0p5_s9_a0p2_b0p7,178,True,True,True,0.0
corrected_crp,full_seed101_scaling_0p2_noise0p5_s9_a0p3_b0p8,94,True,True,True,0.04730741274207939
corrected_crp,full_seed101_scaling_0p2_noise0p5_s9_a0p3_b0p8,178,True,True,True,-0.004370347460934676
corrected_crp,full_seed101_scaling_0p3_noise0p5_s13_a0p2_b0p7,7,True,True,True,0.0
corrected_crp,full_seed101_scaling_0p3_noise0p5_s13_a0p2_b0p7,28,True,True,True,0.0
corrected_crp,full_seed101_scaling_0p3_noise0p5_s13_a0p2_b0p7,72,True,True,True,0.0
corrected_crp,full_seed101_scaling_0p3_noise0p5_s13_a0p2_b0p7,77,True,True,True,0.0
corrected_crp,full_seed101_scaling_0p3_noise0p5_s13_a0p2_b0p7,85,True,True,True,0.0
corrected_crp,full_seed101_scaling_0p3_noise0p5_s13_a0p2_b0p7,174,True,True,True,0.0
corrected_crp,full_seed101_scaling_0p3_noise0p5_s13_a0p2_b0p7,223,True,True,True,0.0
corrected_crp,full_seed101_scaling_0p3_noise0p5_s13_a0p3_b0p8,7,True,True,True,0.0
corrected_crp,full_seed101_scaling_0p3_noise0p5_s13_a0p3_b0p8,28,True,True,True,0.0
corrected_crp,full_seed101_scaling_0p3_noise0p5_s13_a0p3_b0p8,72,True,True,True,0.0
corrected_crp,full_seed101_scaling_0p3_noise0p5_s13_a0p3_b0p8,77,True,True,True,0.0
corrected_crp,full_seed101_scaling_0p3_noise0p5_s13_a0p3_b0p8,85,True,True,True,0.0
corrected_crp,full_seed101_scaling_0p3_noise0p5_s13_a0p3_b0p8,174,True,True,True,0.0
corrected_crp,full_seed101_scaling_0p3_noise0p5_s13_a0p3_b0p8,223,True,True,True,0.0
corrected_crp,full_seed101_scaling_0p3_noise0p5_s9_a0p2_b0p7,94,True,True,True,0.0
corrected_crp,full_seed101_scaling_0p3_noise0p5_s9_a0p3_b0p8,94,True,True,True,0.04730741274207961
corrected_crp,full_seed101_scaling_0p4_noise0p25_s9_a0p2_b0p7,94,True,True,True,0.0
corrected_crp,full_seed101_scaling_0p4_noise0p25_s9_a0p3_b0p8,94,True,True,True,-0.0009213143506783261
corrected_crp,full_seed101_scaling_0p4_noise0p5_s13_a0p2_b0p7,7,True,True,True,0.0
corrected_crp,full_seed101_scaling_0p4_noise0p5_s13_a0p2_b0p7,28,True,True,True,0.0
corrected_crp,full_seed101_scaling_0p4_noise0p5_s13_a0p2_b0p7,72,True,True,True,0.0
corrected_crp,full_seed101_scaling_0p4_noise0p5_s13_a0p2_b0p7,77,True,True,True,0.0
corrected_crp,full_seed101_scaling_0p4_noise0p5_s13_a0p2_b0p7,85,True,True,True,0.0
corrected_crp,full_seed101_scaling_0p4_noise0p5_s13_a0p2_b0p7,166,True,True,True,0.0
corrected_crp,full_seed101_scaling_0p4_noise0p5_s13_a0p2_b0p7,174,True,True,True,0.0
corrected_crp,full_seed101_scaling_0p4_noise0p5_s13_a0p2_b0p7,223,True,True,True,0.0
corrected_crp,full_seed101_scaling_0p4_noise0p5_s13_a0p3_b0p8,7,True,True,True,0.0
corrected_crp,full_seed101_scaling_0p4_noise0p5_s13_a0p3_b0p8,28,True,True,True,0.0
corrected_crp,full_seed101_scaling_0p4_noise0p5_s13_a0p3_b0p8,72,True,True,True,0.0
corrected_crp,full_seed101_scaling_0p4_noise0p5_s13_a0p3_b0p8,77,True,True,True,0.0
corrected_crp,full_seed101_scaling_0p4_noise0p5_s13_a0p3_b0p8,85,True,True,True,0.0
corrected_crp,full_seed101_scaling_0p4_noise0p5_s13_a0p3_b0p8,166,True,True,True,0.0
corrected_crp,full_seed101_scaling_0p4_noise0p5_s13_a0p3_b0p8,174,True,True,True,0.0
corrected_crp,full_seed101_scaling_0p4_noise0p5_s13_a0p3_b0p8,223,True,True,True,0.0
corrected_crp,full_seed101_scaling_0p4_noise0p5_s9_a0p2_b0p7,94,True,True,True,0.0
corrected_crp,full_seed101_scaling_0p4_noise0p5_s9_a0p2_b0p7,178,True,True,True,0.0
corrected_crp,full_seed101_scaling_0p4_noise0p5_s9_a0p3_b0p8,94,True,True,True,0.04730741274207917
corrected_crp,full_seed101_scaling_0p4_noise0p5_s9_a0p3_b0p8,178,True,True,True,0.006577364218434134
corrected_crp,full_seed101_spike_0p0_noise0p5_s13_a0p2_b0p7,7,True,True,True,0.0
corrected_crp,full_seed101_spike_0p0_noise0p5_s13_a0p2_b0p7,28,True,True,True,0.0
corrected_crp,full_seed101_spike_0p0_noise0p5_s13_a0p2_b0p7,72,True,True,True,0.0
corrected_crp,full_seed101_spike_0p0_noise0p5_s13_a0p2_b0p7,77,True,True,True,0.0
corrected_crp,full_seed101_spike_0p0_noise0p5_s13_a0p2_b0p7,174,True,True,True,0.0
corrected_crp,full_seed101_spike_0p0_noise0p5_s13_a0p2_b0p7,223,True,True,True,0.0
corrected_crp,full_seed101_spike_0p0_noise0p5_s13_a0p3_b0p8,7,True,True,True,0.0
corrected_crp,full_seed101_spike_0p0_noise0p5_s13_a0p3_b0p8,28,True,True,True,0.0
corrected_crp,full_seed101_spike_0p0_noise0p5_s13_a0p3_b0p8,72,True,True,True,0.0
corrected_crp,full_seed101_spike_0p0_noise0p5_s13_a0p3_b0p8,77,True,True,True,0.0
corrected_crp,full_seed101_spike_0p0_noise0p5_s13_a0p3_b0p8,174,True,True,True,0.0
corrected_crp,full_seed101_spike_0p0_noise0p5_s13_a0p3_b0p8,223,True,True,True,0.0
corrected_crp,full_seed101_spike_0p0_noise0p5_s9_a0p2_b0p7,94,True,True,True,0.0
corrected_crp,full_seed101_spike_0p0_noise0p5_s9_a0p3_b0p8,94,True,True,True,0.04730741274207917
corrected_crp,full_seed101_spike_0p1_noise0p1_s13_a0p2_b0p7,93,True,True,True,0.0
corrected_crp,full_seed101_spike_0p1_noise0p1_s13_a0p2_b0p7,97,True,True,True,0.0
corrected_crp,full_seed101_spike_0p1_noise0p1_s13_a0p2_b0p7,99,True,True,True,0.0
corrected_crp,full_seed101_spike_0p1_noise0p1_s13_a0p2_b0p7,100,True,True,True,0.0
corrected_crp,full_seed101_spike_0p1_noise0p1_s13_a0p2_b0p7,101,True,True,True,0.0
corrected_crp,full_seed101_spike_0p1_noise0p1_s13_a0p2_b0p7,102,True,True,True,0.0
corrected_crp,full_seed101_spike_0p1_noise0p1_s13_a0p2_b0p7,111,True,True,True,0.0
corrected_crp,full_seed101_spike_0p1_noise0p1_s13_a0p2_b0p7,122,True,True,True,0.0
corrected_crp,full_seed101_spike_0p1_noise0p1_s13_a0p2_b0p7,135,True,True,True,0.0
corrected_crp,full_seed101_spike_0p1_noise0p1_s13_a0p2_b0p7,153,True,True,True,0.0
corrected_crp,full_seed101_spike_0p1_noise0p1_s13_a0p2_b0p7,155,True,True,True,0.0
corrected_crp,full_seed101_spike_0p1_noise0p1_s13_a0p2_b0p7,159,True,True,True,0.0
corrected_crp,full_seed101_spike_0p1_noise0p1_s13_a0p2_b0p7,161,True,True,True,0.0
corrected_crp,full_seed101_spike_0p1_noise0p1_s13_a0p2_b0p7,167,True,True,True,0.0
corrected_crp,full_seed101_spike_0p1_noise0p1_s13_a0p2_b0p7,171,True,True,True,0.0
corrected_crp,full_seed101_spike_0p1_noise0p1_s13_a0p2_b0p7,176,True,True,True,0.0
corrected_crp,full_seed101_spike_0p1_noise0p1_s13_a0p2_b0p7,179,True,True,True,0.0
corrected_crp,full_seed101_spike_0p1_noise0p1_s13_a0p3_b0p8,93,True,True,True,0.0
corrected_crp,full_seed101_spike_0p1_noise0p1_s13_a0p3_b0p8,97,True,True,True,0.0
corrected_crp,full_seed101_spike_0p1_noise0p1_s13_a0p3_b0p8,99,True,True,True,0.0
corrected_crp,full_seed101_spike_0p1_noise0p1_s13_a0p3_b0p8,100,True,True,True,0.0
corrected_crp,full_seed101_spike_0p1_noise0p1_s13_a0p3_b0p8,101,True,True,True,0.0
corrected_crp,full_seed101_spike_0p1_noise0p1_s13_a0p3_b0p8,102,True,True,True,0.0
corrected_crp,full_seed101_spike_0p1_noise0p1_s13_a0p3_b0p8,111,True,True,True,0.0
corrected_crp,full_seed101_spike_0p1_noise0p1_s13_a0p3_b0p8,122,True,True,True,0.0
corrected_crp,full_seed101_spike_0p1_noise0p1_s13_a0p3_b0p8,135,True,True,True,0.0
corrected_crp,full_seed101_spike_0p1_noise0p1_s13_a0p3_b0p8,153,True,True,True,0.0
corrected_crp,full_seed101_spike_0p1_noise0p1_s13_a0p3_b0p8,155,True,True,True,0.0
corrected_crp,full_seed101_spike_0p1_noise0p1_s13_a0p3_b0p8,159,True,True,True,0.0
corrected_crp,full_seed101_spike_0p1_noise0p1_s13_a0p3_b0p8,161,True,True,True,0.0
corrected_crp,full_seed101_spike_0p1_noise0p1_s13_a0p3_b0p8,167,True,True,True,0.0
corrected_crp,full_seed101_spike_0p1_noise0p1_s13_a0p3_b0p8,171,True,True,True,0.0
corrected_crp,full_seed101_spike_0p1_noise0p1_s13_a0p3_b0p8,176,True,True,True,0.0
corrected_crp,full_seed101_spike_0p1_noise0p1_s13_a0p3_b0p8,179,True,True,True,0.0
corrected_crp,full_seed101_spike_0p1_noise0p1_s9_a0p2_b0p7,94,True,True,True,0.0
corrected_crp,full_seed101_spike_0p1_noise0p1_s9_a0p2_b0p7,105,True,True,True,0.0
corrected_crp,full_seed101_spike_0p1_noise0p1_s9_a0p2_b0p7,110,True,True,True,0.0
corrected_crp,full_seed101_spike_0p1_noise0p1_s9_a0p2_b0p7,117,True,True,True,0.0
corrected_crp,full_seed101_spike_0p1_noise0p1_s9_a0p2_b0p7,119,True,True,True,0.0
corrected_crp,full_seed101_spike_0p1_noise0p1_s9_a0p2_b0p7,129,True,True,True,0.0
corrected_crp,full_seed101_spike_0p1_noise0p1_s9_a0p2_b0p7,135,True,True,True,0.0
corrected_crp,full_seed101_spike_0p1_noise0p1_s9_a0p2_b0p7,178,True,True,True,0.0
corrected_crp,full_seed101_spike_0p1_noise0p1_s9_a0p3_b0p8,94,True,True,True,-0.029858550606332912
corrected_crp,full_seed101_spike_0p1_noise0p1_s9_a0p3_b0p8,105,True,True,True,-0.003277986273229505
corrected_crp,full_seed101_spike_0p1_noise0p1_s9_a0p3_b0p8,110,True,True,True,-0.000961495892336961
corrected_crp,full_seed101_spike_0p1_noise0p1_s9_a0p3_b0p8,117,True,True,True,0.018074739224892777
corrected_crp,full_seed101_spike_0p1_noise0p1_s9_a0p3_b0p8,119,True,True,True,0.040072401089553455
corrected_crp,full_seed101_spike_0p1_noise0p1_s9_a0p3_b0p8,129,True,True,True,0.04999227718956156
corrected_crp,full_seed101_spike_0p1_noise0p1_s9_a0p3_b0p8,135,True,True,True,-0.019807278958964503
corrected_crp,full_seed101_spike_0p1_noise0p1_s9_a0p3_b0p8,178,True,True,True,0.002630286611500221
corrected_crp,full_seed101_spike_0p1_noise0p25_s13_a0p2_b0p7,93,True,True,True,0.0
corrected_crp,full_seed101_spike_0p1_noise0p25_s13_a0p2_b0p7,100,True,True,True,0.0
corrected_crp,full_seed101_spike_0p1_noise0p25_s13_a0p2_b0p7,122,True,True,True,0.0
corrected_crp,full_seed101_spike_0p1_noise0p25_s13_a0p2_b0p7,153,True,True,True,0.0
corrected_crp,full_seed101_spike_0p1_noise0p25_s13_a0p2_b0p7,155,True,True,True,0.0
corrected_crp,full_seed101_spike_0p1_noise0p25_s13_a0p2_b0p7,159,True,True,True,0.0
corrected_crp,full_seed101_spike_0p1_noise0p25_s13_a0p2_b0p7,161,True,True,True,0.0
corrected_crp,full_seed101_spike_0p1_noise0p25_s13_a0p2_b0p7,162,True,True,True,0.0
corrected_crp,full_seed101_spike_0p1_noise0p25_s13_a0p3_b0p8,93,True,True,True,0.0
corrected_crp,full_seed101_spike_0p1_noise0p25_s13_a0p3_b0p8,100,True,True,True,0.0
corrected_crp,full_seed101_spike_0p1_noise0p25_s13_a0p3_b0p8,122,True,True,True,0.0
corrected_crp,full_seed101_spike_0p1_noise0p25_s13_a0p3_b0p8,153,True,True,True,0.0
corrected_crp,full_seed101_spike_0p1_noise0p25_s13_a0p3_b0p8,155,True,True,True,0.0
corrected_crp,full_seed101_spike_0p1_noise0p25_s13_a0p3_b0p8,159,True,True,True,0.0
corrected_crp,full_seed101_spike_0p1_noise0p25_s13_a0p3_b0p8,161,True,True,True,0.0
corrected_crp,full_seed101_spike_0p1_noise0p25_s13_a0p3_b0p8,162,True,True,True,0.0
corrected_crp,full_seed101_spike_0p1_noise0p25_s9_a0p2_b0p7,88,True,True,True,0.0
corrected_crp,full_seed101_spike_0p1_noise0p25_s9_a0p2_b0p7,91,True,True,True,0.0
corrected_crp,full_seed101_spike_0p1_noise0p25_s9_a0p2_b0p7,106,True,True,True,0.0
corrected_crp,full_seed101_spike_0p1_noise0p25_s9_a0p2_b0p7,110,True,True,True,0.0
corrected_crp,full_seed101_spike_0p1_noise0p25_s9_a0p2_b0p7,117,True,True,True,0.0
corrected_crp,full_seed101_spike_0p1_noise0p25_s9_a0p2_b0p7,120,True,True,True,0.0
corrected_crp,full_seed101_spike_0p1_noise0p25_s9_a0p2_b0p7,145,True,True,True,0.0
corrected_crp,full_seed101_spike_0p1_noise0p25_s9_a0p2_b0p7,175,True,True,True,0.0
corrected_crp,full_seed101_spike_0p1_noise0p25_s9_a0p3_b0p8,88,True,True,True,0.0022177252753798893
corrected_crp,full_seed101_spike_0p1_noise0p25_s9_a0p3_b0p8,91,True,True,True,-0.05484843084162416
corrected_crp,full_seed101_spike_0p1_noise0p25_s9_a0p3_b0p8,106,True,True,True,-0.025802657681081254
corrected_crp,full_seed101_spike_0p1_noise0p25_s9_a0p3_b0p8,110,True,True,True,0.006838824064008264
corrected_crp,full_seed101_spike_0p1_noise0p25_s9_a0p3_b0p8,117,True,True,True,-0.02485116785437791
corrected_crp,full_seed101_spike_0p1_noise0p25_s9_a0p3_b0p8,120,True,True,True,0.03781593251484683
corrected_crp,full_seed101_spike_0p1_noise0p25_s9_a0p3_b0p8,145,True,True,True,-0.034130403660009634
corrected_crp,full_seed101_spike_0p1_noise0p25_s9_a0p3_b0p8,175,True,True,True,0.004006998295994713
corrected_crp,full_seed101_spike_0p1_noise0p5_s13_a0p2_b0p7,7,True,True,True,0.0
corrected_crp,full_seed101_spike_0p1_noise0p5_s13_a0p2_b0p7,28,True,True,True,0.0
corrected_crp,full_seed101_spike_0p1_noise0p5_s13_a0p2_b0p7,72,True,True,True,0.0
corrected_crp,full_seed101_spike_0p1_noise0p5_s13_a0p2_b0p7,77,True,True,True,0.0
corrected_crp,full_seed101_spike_0p1_noise0p5_s13_a0p2_b0p7,97,True,True,True,0.0
corrected_crp,full_seed101_spike_0p1_noise0p5_s13_a0p2_b0p7,100,True,True,True,0.0
corrected_crp,full_seed101_spike_0p1_noise0p5_s13_a0p2_b0p7,127,True,True,True,0.0
corrected_crp,full_seed101_spike_0p1_noise0p5_s13_a0p2_b0p7,133,True,True,True,0.0
corrected_crp,full_seed101_spike_0p1_noise0p5_s13_a0p2_b0p7,135,True,True,True,0.0
corrected_crp,full_seed101_spike_0p1_noise0p5_s13_a0p2_b0p7,153,True,True,True,0.0
corrected_crp,full_seed101_spike_0p1_noise0p5_s13_a0p2_b0p7,155,True,True,True,0.0
corrected_crp,full_seed101_spike_0p1_noise0p5_s13_a0p2_b0p7,159,True,True,True,0.0
corrected_crp,full_seed101_spike_0p1_noise0p5_s13_a0p2_b0p7,162,True,True,True,0.0
corrected_crp,full_seed101_spike_0p1_noise0p5_s13_a0p2_b0p7,165,True,True,True,0.0
corrected_crp,full_seed101_spike_0p1_noise0p5_s13_a0p2_b0p7,179,True,True,True,0.0
corrected_crp,full_seed101_spike_0p1_noise0p5_s13_a0p2_b0p7,223,True,True,True,0.0
corrected_crp,full_seed101_spike_0p1_noise0p5_s13_a0p3_b0p8,7,True,True,True,0.0
corrected_crp,full_seed101_spike_0p1_noise0p5_s13_a0p3_b0p8,28,True,True,True,0.0
corrected_crp,full_seed101_spike_0p1_noise0p5_s13_a0p3_b0p8,72,True,True,True,0.0
corrected_crp,full_seed101_spike_0p1_noise0p5_s13_a0p3_b0p8,77,True,True,True,0.0
corrected_crp,full_seed101_spike_0p1_noise0p5_s13_a0p3_b0p8,97,True,True,True,0.0
corrected_crp,full_seed101_spike_0p1_noise0p5_s13_a0p3_b0p8,100,True,True,True,0.0
corrected_crp,full_seed101_spike_0p1_noise0p5_s13_a0p3_b0p8,127,True,True,True,0.0
corrected_crp,full_seed101_spike_0p1_noise0p5_s13_a0p3_b0p8,133,True,True,True,0.0
corrected_crp,full_seed101_spike_0p1_noise0p5_s13_a0p3_b0p8,135,True,True,True,0.0
corrected_crp,full_seed101_spike_0p1_noise0p5_s13_a0p3_b0p8,153,True,True,True,0.0
corrected_crp,full_seed101_spike_0p1_noise0p5_s13_a0p3_b0p8,155,True,True,True,0.0
corrected_crp,full_seed101_spike_0p1_noise0p5_s13_a0p3_b0p8,159,True,True,True,0.0
corrected_crp,full_seed101_spike_0p1_noise0p5_s13_a0p3_b0p8,162,True,True,True,0.0
corrected_crp,full_seed101_spike_0p1_noise0p5_s13_a0p3_b0p8,165,True,True,True,0.0
corrected_crp,full_seed101_spike_0p1_noise0p5_s13_a0p3_b0p8,179,True,True,True,0.0
corrected_crp,full_seed101_spike_0p1_noise0p5_s13_a0p3_b0p8,223,True,True,True,0.0
corrected_crp,full_seed101_spike_0p1_noise0p5_s9_a0p2_b0p7,91,True,True,True,0.0
corrected_crp,full_seed101_spike_0p1_noise0p5_s9_a0p2_b0p7,96,True,True,True,0.0
corrected_crp,full_seed101_spike_0p1_noise0p5_s9_a0p2_b0p7,102,True,True,True,0.0
corrected_crp,full_seed101_spike_0p1_noise0p5_s9_a0p2_b0p7,103,True,True,True,0.0
corrected_crp,full_seed101_spike_0p1_noise0p5_s9_a0p2_b0p7,107,True,True,True,0.0
corrected_crp,full_seed101_spike_0p1_noise0p5_s9_a0p2_b0p7,109,True,True,True,0.0
corrected_crp,full_seed101_spike_0p1_noise0p5_s9_a0p2_b0p7,112,True,True,True,0.0
corrected_crp,full_seed101_spike_0p1_noise0p5_s9_a0p2_b0p7,120,True,True,True,0.0
corrected_crp,full_seed101_spike_0p1_noise0p5_s9_a0p2_b0p7,123,True,True,True,0.0
corrected_crp,full_seed101_spike_0p1_noise0p5_s9_a0p2_b0p7,132,True,True,True,0.0
corrected_crp,full_seed101_spike_0p1_noise0p5_s9_a0p2_b0p7,150,True,True,True,0.0
corrected_crp,full_seed101_spike_0p1_noise0p5_s9_a0p2_b0p7,152,True,True,True,0.0
corrected_crp,full_seed101_spike_0p1_noise0p5_s9_a0p2_b0p7,172,True,True,True,0.0
corrected_crp,full_seed101_spike_0p1_noise0p5_s9_a0p3_b0p8,91,True,True,True,-0.031872729889367735
corrected_crp,full_seed101_spike_0p1_noise0p5_s9_a0p3_b0p8,96,True,True,True,0.008743404665790155
corrected_crp,full_seed101_spike_0p1_noise0p5_s9_a0p3_b0p8,102,True,True,True,-0.05110523514100551
corrected_crp,full_seed101_spike_0p1_noise0p5_s9_a0p3_b0p8,103,True,True,True,0.008648951773192692
corrected_crp,full_seed101_spike_0p1_noise0p5_s9_a0p3_b0p8,107,True,True,True,0.023185907340046885
corrected_crp,full_seed101_spike_0p1_noise0p5_s9_a0p3_b0p8,109,True,True,True,-0.02698907420088048
corrected_crp,full_seed101_spike_0p1_noise0p5_s9_a0p3_b0p8,112,True,True,True,0.008670367895036168
corrected_crp,full_seed101_spike_0p1_noise0p5_s9_a0p3_b0p8,120,True,True,True,-0.006256560880058881
corrected_crp,full_seed101_spike_0p1_noise0p5_s9_a0p3_b0p8,123,True,True,True,-0.022799304389309327
corrected_crp,full_seed101_spike_0p1_noise0p5_s9_a0p3_b0p8,132,True,True,True,-0.04391878503216584
corrected_crp,full_seed101_spike_0p1_noise0p5_s9_a0p3_b0p8,150,True,True,True,-0.022579516456853632
corrected_crp,full_seed101_spike_0p1_noise0p5_s9_a0p3_b0p8,152,True,True,True,0.055797280821447304
corrected_crp,full_seed101_spike_0p1_noise0p5_s9_a0p3_b0p8,172,True,True,True,-0.006693583285630744
corrected_crp,full_seed101_spike_0p2_noise0p1_s13_a0p2_b0p7,87,True,True,True,0.0
corrected_crp,full_seed101_spike_0p2_noise0p1_s13_a0p2_b0p7,95,True,True,True,0.0
corrected_crp,full_seed101_spike_0p2_noise0p1_s13_a0p2_b0p7,102,True,True,True,0.0
corrected_crp,full_seed101_spike_0p2_noise0p1_s13_a0p2_b0p7,105,True,True,True,0.0
corrected_crp,full_seed101_spike_0p2_noise0p1_s13_a0p2_b0p7,115,True,True,True,0.0
corrected_crp,full_seed101_spike_0p2_noise0p1_s13_a0p2_b0p7,149,True,True,True,0.0
corrected_crp,full_seed101_spike_0p2_noise0p1_s13_a0p2_b0p7,157,True,True,True,0.0
corrected_crp,full_seed101_spike_0p2_noise0p1_s13_a0p2_b0p7,163,True,True,True,0.0
corrected_crp,full_seed101_spike_0p2_noise0p1_s13_a0p2_b0p7,164,True,True,True,0.0
corrected_crp,full_seed101_spike_0p2_noise0p1_s13_a0p2_b0p7,165,True,True,True,0.0
corrected_crp,full_seed101_spike_0p2_noise0p1_s13_a0p2_b0p7,174,True,True,True,0.0
corrected_crp,full_seed101_spike_0p2_noise0p1_s13_a0p3_b0p8,87,True,True,True,0.0
corrected_crp,full_seed101_spike_0p2_noise0p1_s13_a0p3_b0p8,95,True,True,True,0.0
corrected_crp,full_seed101_spike_0p2_noise0p1_s13_a0p3_b0p8,102,True,True,True,0.0
corrected_crp,full_seed101_spike_0p2_noise0p1_s13_a0p3_b0p8,105,True,True,True,0.0
corrected_crp,full_seed101_spike_0p2_noise0p1_s13_a0p3_b0p8,115,True,True,True,0.0
corrected_crp,full_seed101_spike_0p2_noise0p1_s13_a0p3_b0p8,149,True,True,True,0.0
corrected_crp,full_seed101_spike_0p2_noise0p1_s13_a0p3_b0p8,157,True,True,True,0.0
corrected_crp,full_seed101_spike_0p2_noise0p1_s13_a0p3_b0p8,163,True,True,True,0.0
corrected_crp,full_seed101_spike_0p2_noise0p1_s13_a0p3_b0p8,164,True,True,True,0.0
corrected_crp,full_seed101_spike_0p2_noise0p1_s13_a0p3_b0p8,165,True,True,True,0.0
corrected_crp,full_seed101_spike_0p2_noise0p1_s13_a0p3_b0p8,174,True,True,True,0.0
corrected_crp,full_seed101_spike_0p2_noise0p1_s5_a0p2_b0p7,118,True,True,True,0.03867317525593039
corrected_crp,full_seed101_spike_0p2_noise0p1_s5_a0p2_b0p7,128,True,True,True,0.10597233097715186
corrected_crp,full_seed101_spike_0p2_noise0p1_s5_a0p2_b0p7,129,True,True,True,0.1999691087582458
corrected_crp,full_seed101_spike_0p2_noise0p1_s5_a0p2_b0p7,136,True,True,True,-0.3150846499053146
corrected_crp,full_seed101_spike_0p2_noise0p1_s5_a0p2_b0p7,150,True,True,True,-0.1062436999206069
corrected_crp,full_seed101_spike_0p2_noise0p1_s5_a0p2_b0p7,156,True,True,True,-0.02096052985952568
corrected_crp,full_seed101_spike_0p2_noise0p1_s5_a0p3_b0p8,118,True,True,True,0.03867317525593017
corrected_crp,full_seed101_spike_0p2_noise0p1_s5_a0p3_b0p8,128,True,True,True,0.10597233097715142
corrected_crp,full_seed101_spike_0p2_noise0p1_s5_a0p3_b0p8,129,True,True,True,0.1999691087582458
corrected_crp,full_seed101_spike_0p2_noise0p1_s5_a0p3_b0p8,136,True,True,True,-0.3150846499053146
corrected_crp,full_seed101_spike_0p2_noise0p1_s5_a0p3_b0p8,150,True,True,True,-0.1062436999206069
corrected_crp,full_seed101_spike_0p2_noise0p1_s5_a0p3_b0p8,156,True,True,True,-0.02096052985952568
corrected_crp,full_seed101_spike_0p2_noise0p25_s13_a0p2_b0p7,87,True,True,True,0.0
corrected_crp,full_seed101_spike_0p2_noise0p25_s13_a0p2_b0p7,113,True,True,True,0.0
corrected_crp,full_seed101_spike_0p2_noise0p25_s13_a0p2_b0p7,139,True,True,True,0.0
corrected_crp,full_seed101_spike_0p2_noise0p25_s13_a0p2_b0p7,157,True,True,True,0.0
corrected_crp,full_seed101_spike_0p2_noise0p25_s13_a0p2_b0p7,163,True,True,True,0.0
corrected_crp,full_seed101_spike_0p2_noise0p25_s13_a0p2_b0p7,164,True,True,True,0.0
corrected_crp,full_seed101_spike_0p2_noise0p25_s13_a0p2_b0p7,174,True,True,True,0.0
corrected_crp,full_seed101_spike_0p2_noise0p25_s13_a0p2_b0p7,180,True,True,True,0.0
corrected_crp,full_seed101_spike_0p2_noise0p25_s13_a0p2_b0p7,181,True,True,True,0.0
corrected_crp,full_seed101_spike_0p2_noise0p25_s13_a0p3_b0p8,87,True,True,True,0.0
corrected_crp,full_seed101_spike_0p2_noise0p25_s13_a0p3_b0p8,113,True,True,True,0.0
corrected_crp,full_seed101_spike_0p2_noise0p25_s13_a0p3_b0p8,139,True,True,True,0.0
corrected_crp,full_seed101_spike_0p2_noise0p25_s13_a0p3_b0p8,157,True,True,True,0.0
corrected_crp,full_seed101_spike_0p2_noise0p25_s13_a0p3_b0p8,163,True,True,True,0.0
corrected_crp,full_seed101_spike_0p2_noise0p25_s13_a0p3_b0p8,164,True,True,True,0.0
corrected_crp,full_seed101_spike_0p2_noise0p25_s13_a0p3_b0p8,174,True,True,True,0.0
corrected_crp,full_seed101_spike_0p2_noise0p25_s13_a0p3_b0p8,180,True,True,True,0.0
corrected_crp,full_seed101_spike_0p2_noise0p25_s13_a0p3_b0p8,181,True,True,True,0.0
corrected_crp,full_seed101_spike_0p2_noise0p25_s5_a0p2_b0p7,118,True,True,True,0.02307610864106313
corrected_crp,full_seed101_spike_0p2_noise0p25_s5_a0p2_b0p7,132,True,True,True,-0.13702001069275305
corrected_crp,full_seed101_spike_0p2_noise0p25_s5_a0p2_b0p7,152,True,True,True,0.4329263729980075
corrected_crp,full_seed101_spike_0p2_noise0p25_s5_a0p2_b0p7,156,True,True,True,-0.052246028437114234
corrected_crp,full_seed101_spike_0p2_noise0p25_s5_a0p3_b0p8,118,True,True,True,0.02307610864106313
corrected_crp,full_seed101_spike_0p2_noise0p25_s5_a0p3_b0p8,132,True,True,True,-0.13702001069275305
corrected_crp,full_seed101_spike_0p2_noise0p25_s5_a0p3_b0p8,152,True,True,True,0.43292637299800774
corrected_crp,full_seed101_spike_0p2_noise0p25_s5_a0p3_b0p8,156,True,True,True,-0.052246028437114234
corrected_crp,full_seed101_spike_0p2_noise0p5_s13_a0p2_b0p7,7,True,True,True,0.0
corrected_crp,full_seed101_spike_0p2_noise0p5_s13_a0p2_b0p7,28,True,True,True,0.0
corrected_crp,full_seed101_spike_0p2_noise0p5_s13_a0p2_b0p7,72,True,True,True,0.0
corrected_crp,full_seed101_spike_0p2_noise0p5_s13_a0p2_b0p7,77,True,True,True,0.0
corrected_crp,full_seed101_spike_0p2_noise0p5_s13_a0p2_b0p7,105,True,True,True,0.0
corrected_crp,full_seed101_spike_0p2_noise0p5_s13_a0p2_b0p7,145,True,True,True,0.0
corrected_crp,full_seed101_spike_0p2_noise0p5_s13_a0p2_b0p7,147,True,True,True,0.0
corrected_crp,full_seed101_spike_0p2_noise0p5_s13_a0p2_b0p7,163,True,True,True,0.0
corrected_crp,full_seed101_spike_0p2_noise0p5_s13_a0p2_b0p7,181,True,True,True,0.0
corrected_crp,full_seed101_spike_0p2_noise0p5_s13_a0p2_b0p7,223,True,True,True,0.0
corrected_crp,full_seed101_spike_0p2_noise0p5_s13_a0p3_b0p8,7,True,True,True,0.0
corrected_crp,full_seed101_spike_0p2_noise0p5_s13_a0p3_b0p8,28,True,True,True,0.0
corrected_crp,full_seed101_spike_0p2_noise0p5_s13_a0p3_b0p8,72,True,True,True,0.0
corrected_crp,full_seed101_spike_0p2_noise0p5_s13_a0p3_b0p8,77,True,True,True,0.0
corrected_crp,full_seed101_spike_0p2_noise0p5_s13_a0p3_b0p8,105,True,True,True,0.0
corrected_crp,full_seed101_spike_0p2_noise0p5_s13_a0p3_b0p8,145,True,True,True,-0.11339490548159237
corrected_crp,full_seed101_spike_0p2_noise0p5_s13_a0p3_b0p8,147,True,True,True,0.0
corrected_crp,full_seed101_spike_0p2_noise0p5_s13_a0p3_b0p8,163,True,True,True,0.0
corrected_crp,full_seed101_spike_0p2_noise0p5_s13_a0p3_b0p8,181,True,True,True,0.0
corrected_crp,full_seed101_spike_0p2_noise0p5_s13_a0p3_b0p8,223,True,True,True,0.0
corrected_crp,full_seed101_spike_0p2_noise0p5_s5_a0p2_b0p7,89,True,True,True,-0.3388667805646066
corrected_crp,full_seed101_spike_0p2_noise0p5_s5_a0p2_b0p7,100,True,True,True,0.31120037158082825
corrected_crp,full_seed101_spike_0p2_noise0p5_s5_a0p2_b0p7,125,True,True,True,-0.1672534446314189
corrected_crp,full_seed101_spike_0p2_noise0p5_s5_a0p2_b0p7,132,True,True,True,-0.17567514012866337
corrected_crp,full_seed101_spike_0p2_noise0p5_s5_a0p2_b0p7,144,True,True,True,-0.04622199841868735
corrected_crp,full_seed101_spike_0p2_noise0p5_s5_a0p2_b0p7,149,True,True,True,-0.09206677294524757
corrected_crp,full_seed101_spike_0p2_noise0p5_s5_a0p2_b0p7,152,True,True,True,0.40723726794968873
corrected_crp,full_seed101_spike_0p2_noise0p5_s5_a0p2_b0p7,156,True,True,True,-0.10438852606642834
corrected_crp,full_seed101_spike_0p2_noise0p5_s5_a0p2_b0p7,162,True,True,True,0.146977881832981
corrected_crp,full_seed101_spike_0p2_noise0p5_s5_a0p3_b0p8,89,True,True,True,-0.33886678056460684
corrected_crp,full_seed101_spike_0p2_noise0p5_s5_a0p3_b0p8,100,True,True,True,0.31120037158082825
corrected_crp,full_seed101_spike_0p2_noise0p5_s5_a0p3_b0p8,125,True,True,True,-0.16725344463141933
corrected_crp,full_seed101_spike_0p2_noise0p5_s5_a0p3_b0p8,132,True,True,True,-0.1756751401286638
corrected_crp,full_seed101_spike_0p2_noise0p5_s5_a0p3_b0p8,144,True,True,True,-0.04622199841868735
corrected_crp,full_seed101_spike_0p2_noise0p5_s5_a0p3_b0p8,149,True,True,True,-0.09206677294524779
corrected_crp,full_seed101_spike_0p2_noise0p5_s5_a0p3_b0p8,152,True,True,True,0.40723726794968895
corrected_crp,full_seed101_spike_0p2_noise0p5_s5_a0p3_b0p8,156,True,True,True,-0.10438852606642879
corrected_crp,full_seed101_spike_0p2_noise0p5_s5_a0p3_b0p8,162,True,True,True,0.14697788183298077
corrected_crp,full_seed101_spike_0p2_noise0p5_s9_a0p2_b0p7,97,True,True,True,-0.009800391479175996
corrected_crp,full_seed101_spike_0p2_noise0p5_s9_a0p2_b0p7,171,True,True,True,0.009982357285418963
corrected_crp,full_seed101_spike_0p2_noise0p5_s9_a0p3_b0p8,97,True,True,True,-0.039201565916703096
corrected_crp,full_seed101_spike_0p2_noise0p5_s9_a0p3_b0p8,171,True,True,True,0.03992942914167674
corrected_crp,full_seed101_spike_0p3_noise0p1_s9_a0p2_b0p7,94,True,True,True,-0.019905700404222237
corrected_crp,full_seed101_spike_0p3_noise0p1_s9_a0p2_b0p7,101,True,True,True,0.00387652835924035
corrected_crp,full_seed101_spike_0p3_noise0p1_s9_a0p2_b0p7,105,True,True,True,-0.0019857022935449997
corrected_crp,full_seed101_spike_0p3_noise0p1_s9_a0p2_b0p7,109,True,True,True,-0.026535769348161153
corrected_crp,full_seed101_spike_0p3_noise0p1_s9_a0p2_b0p7,126,True,True,True,-0.00806258991430564
corrected_crp,full_seed101_spike_0p3_noise0p1_s9_a0p2_b0p7,162,True,True,True,-0.021121472773515837
corrected_crp,full_seed101_spike_0p3_noise0p1_s9_a0p2_b0p7,169,True,True,True,-0.0041565794741318385
corrected_crp,full_seed101_spike_0p3_noise0p1_s9_a0p3_b0p8,94,True,True,True,-0.07962280161688828
corrected_crp,full_seed101_spike_0p3_noise0p1_s9_a0p3_b0p8,101,True,True,True,0.015506113436962066
corrected_crp,full_seed101_spike_0p3_noise0p1_s9_a0p3_b0p8,105,True,True,True,-0.00794280917417911
corrected_crp,full_seed101_spike_0p3_noise0p1_s9_a0p3_b0p8,109,True,True,True,-0.10614307739264506
corrected_crp,full_seed101_spike_0p3_noise0p1_s9_a0p3_b0p8,126,True,True,True,-0.032250359657223004
corrected_crp,full_seed101_spike_0p3_noise0p1_s9_a0p3_b0p8,162,True,True,True,-0.08448589109406379
corrected_crp,full_seed101_spike_0p3_noise0p1_s9_a0p3_b0p8,169,True,True,True,-0.016626317896527798
corrected_crp,full_seed101_spike_0p3_noise0p25_s13_a0p2_b0p7,180,True,True,True,0.0
corrected_crp,full_seed101_spike_0p3_noise0p25_s13_a0p2_b0p7,181,True,True,True,0.0
corrected_crp,full_seed101_spike_0p3_noise0p25_s13_a0p3_b0p8,180,True,True,True,0.0
corrected_crp,full_seed101_spike_0p3_noise0p25_s13_a0p3_b0p8,181,True,True,True,0.0
corrected_crp,full_seed101_spike_0p3_noise0p25_s9_a0p2_b0p7,101,True,True,True,0.009702825002447124
corrected_crp,full_seed101_spike_0p3_noise0p25_s9_a0p2_b0p7,105,True,True,True,-0.004952184564892548
corrected_crp,full_seed101_spike_0p3_noise0p25_s9_a0p2_b0p7,112,True,True,True,0.02882122480108462
corrected_crp,full_seed101_spike_0p3_noise0p25_s9_a0p2_b0p7,117,True,True,True,-0.016567445236252087
corrected_crp,full_seed101_spike_0p3_noise0p25_s9_a0p2_b0p7,162,True,True,True,-0.015938700123593996
corrected_crp,full_seed101_spike_0p3_noise0p25_s9_a0p3_b0p8,101,True,True,True,0.03881130000978894
corrected_crp,full_seed101_spike_0p3_noise0p25_s9_a0p3_b0p8,105,True,True,True,-0.01980873825957019
corrected_crp,full_seed101_spike_0p3_noise0p25_s9_a0p3_b0p8,112,True,True,True,0.11528489920433937
corrected_crp,full_seed101_spike_0p3_noise0p25_s9_a0p3_b0p8,117,True,True,True,-0.0662697809450079
corrected_crp,full_seed101_spike_0p3_noise0p25_s9_a0p3_b0p8,162,True,True,True,-0.0637548004943751
corrected_crp,full_seed101_spike_0p3_noise0p5_s13_a0p2_b0p7,7,True,True,True,0.0
corrected_crp,full_seed101_spike_0p3_noise0p5_s13_a0p2_b0p7,28,True,True,True,0.0
corrected_crp,full_seed101_spike_0p3_noise0p5_s13_a0p2_b0p7,72,True,True,True,0.0
corrected_crp,full_seed101_spike_0p3_noise0p5_s13_a0p2_b0p7,77,True,True,True,0.0
corrected_crp,full_seed101_spike_0p3_noise0p5_s13_a0p2_b0p7,86,True,True,True,0.0
corrected_crp,full_seed101_spike_0p3_noise0p5_s13_a0p2_b0p7,122,True,True,True,0.0
corrected_crp,full_seed101_spike_0p3_noise0p5_s13_a0p2_b0p7,146,True,True,True,0.0
corrected_crp,full_seed101_spike_0p3_noise0p5_s13_a0p2_b0p7,147,True,True,True,0.0
corrected_crp,full_seed101_spike_0p3_noise0p5_s13_a0p2_b0p7,174,True,True,True,0.0
corrected_crp,full_seed101_spike_0p3_noise0p5_s13_a0p2_b0p7,177,True,True,True,0.0
corrected_crp,full_seed101_spike_0p3_noise0p5_s13_a0p2_b0p7,181,True,True,True,0.0
corrected_crp,full_seed101_spike_0p3_noise0p5_s13_a0p2_b0p7,223,True,True,True,0.0
corrected_crp,full_seed101_spike_0p3_noise0p5_s13_a0p3_b0p8,7,True,True,True,0.0
corrected_crp,full_seed101_spike_0p3_noise0p5_s13_a0p3_b0p8,28,True,True,True,0.0
corrected_crp,full_seed101_spike_0p3_noise0p5_s13_a0p3_b0p8,72,True,True,True,0.0
corrected_crp,full_seed101_spike_0p3_noise0p5_s13_a0p3_b0p8,77,True,True,True,0.0
corrected_crp,full_seed101_spike_0p3_noise0p5_s13_a0p3_b0p8,86,True,True,True,-0.06731466158885346
corrected_crp,full_seed101_spike_0p3_noise0p5_s13_a0p3_b0p8,122,True,True,True,0.002028804491532199
corrected_crp,full_seed101_spike_0p3_noise0p5_s13_a0p3_b0p8,146,True,True,True,0.0469822236648727
corrected_crp,full_seed101_spike_0p3_noise0p5_s13_a0p3_b0p8,147,True,True,True,0.020134362169451858
corrected_crp,full_seed101_spike_0p3_noise0p5_s13_a0p3_b0p8,174,True,True,True,-0.004809455105780347
corrected_crp,full_seed101_spike_0p3_noise0p5_s13_a0p3_b0p8,177,True,True,True,-0.03349794810976425
corrected_crp,full_seed101_spike_0p3_noise0p5_s13_a0p3_b0p8,181,True,True,True,0.0
corrected_crp,full_seed101_spike_0p3_noise0p5_s13_a0p3_b0p8,223,True,True,True,0.0
corrected_crp,full_seed101_spike_0p3_noise0p5_s9_a0p2_b0p7,112,True,True,True,0.005780245263357298
corrected_crp,full_seed101_spike_0p3_noise0p5_s9_a0p2_b0p7,138,True,True,True,-0.04011317820483096
corrected_crp,full_seed101_spike_0p3_noise0p5_s9_a0p2_b0p7,171,True,True,True,0.05989414371251556
corrected_crp,full_seed101_spike_0p3_noise0p5_s9_a0p3_b0p8,112,True,True,True,0.023120981053429634
corrected_crp,full_seed101_spike_0p3_noise0p5_s9_a0p3_b0p8,138,True,True,True,-0.16045271281932427
corrected_crp,full_seed101_spike_0p3_noise0p5_s9_a0p3_b0p8,171,True,True,True,0.05989414371251467
corrected_crp,full_seed101_spike_0p4_noise0p1_s13_a0p2_b0p7,84,True,True,True,0.0
corrected_crp,full_seed101_spike_0p4_noise0p1_s13_a0p2_b0p7,85,True,True,True,0.0
corrected_crp,full_seed101_spike_0p4_noise0p1_s13_a0p2_b0p7,89,True,True,True,0.0
corrected_crp,full_seed101_spike_0p4_noise0p1_s13_a0p2_b0p7,90,True,True,True,0.0
corrected_crp,full_seed101_spike_0p4_noise0p1_s13_a0p2_b0p7,91,True,True,True,0.0
corrected_crp,full_seed101_spike_0p4_noise0p1_s13_a0p2_b0p7,92,True,True,True,0.0
corrected_crp,full_seed101_spike_0p4_noise0p1_s13_a0p2_b0p7,93,True,True,True,0.0
corrected_crp,full_seed101_spike_0p4_noise0p1_s13_a0p2_b0p7,97,True,True,True,0.0
corrected_crp,full_seed101_spike_0p4_noise0p1_s13_a0p2_b0p7,98,True,True,True,0.0
corrected_crp,full_seed101_spike_0p4_noise0p1_s13_a0p2_b0p7,99,True,True,True,0.0
corrected_crp,full_seed101_spike_0p4_noise0p1_s13_a0p2_b0p7,100,True,True,True,0.0
corrected_crp,full_seed101_spike_0p4_noise0p1_s13_a0p2_b0p7,108,True,True,True,0.0
corrected_crp,full_seed101_spike_0p4_noise0p1_s13_a0p2_b0p7,110,True,True,True,0.0
corrected_crp,full_seed101_spike_0p4_noise0p1_s13_a0p2_b0p7,114,True,True,True,0.0
corrected_crp,full_seed101_spike_0p4_noise0p1_s13_a0p2_b0p7,117,True,True,True,0.0
corrected_crp,full_seed101_spike_0p4_noise0p1_s13_a0p2_b0p7,118,True,True,True,0.0
corrected_crp,full_seed101_spike_0p4_noise0p1_s13_a0p2_b0p7,120,True,True,True,0.0
corrected_crp,full_seed101_spike_0p4_noise0p1_s13_a0p2_b0p7,121,True,True,True,0.0
corrected_crp,full_seed101_spike_0p4_noise0p1_s13_a0p2_b0p7,122,True,True,True,0.0
corrected_crp,full_seed101_spike_0p4_noise0p1_s13_a0p2_b0p7,123,True,True,True,0.0
corrected_crp,full_seed101_spike_0p4_noise0p1_s13_a0p2_b0p7,126,True,True,True,0.0
corrected_crp,full_seed101_spike_0p4_noise0p1_s13_a0p2_b0p7,130,True,True,True,0.0
corrected_crp,full_seed101_spike_0p4_noise0p1_s13_a0p2_b0p7,131,True,True,True,0.0
corrected_crp,full_seed101_spike_0p4_noise0p1_s13_a0p2_b0p7,136,True,True,True,0.0
corrected_crp,full_seed101_spike_0p4_noise0p1_s13_a0p2_b0p7,143,True,True,True,0.0
corrected_crp,full_seed101_spike_0p4_noise0p1_s13_a0p2_b0p7,144,True,True,True,0.0
corrected_crp,full_seed101_spike_0p4_noise0p1_s13_a0p2_b0p7,151,True,True,True,0.0
corrected_crp,full_seed101_spike_0p4_noise0p1_s13_a0p2_b0p7,153,True,True,True,0.0
corrected_crp,full_seed101_spike_0p4_noise0p1_s13_a0p2_b0p7,154,True,True,True,0.0
corrected_crp,full_seed101_spike_0p4_noise0p1_s13_a0p2_b0p7,155,True,True,True,0.0
corrected_crp,full_seed101_spike_0p4_noise0p1_s13_a0p2_b0p7,156,True,True,True,0.0
corrected_crp,full_seed101_spike_0p4_noise0p1_s13_a0p2_b0p7,164,True,True,True,0.0
corrected_crp,full_seed101_spike_0p4_noise0p1_s13_a0p2_b0p7,165,True,True,True,0.0
corrected_crp,full_seed101_spike_0p4_noise0p1_s13_a0p2_b0p7,167,True,True,True,0.0
corrected_crp,full_seed101_spike_0p4_noise0p1_s13_a0p2_b0p7,168,True,True,True,0.0
corrected_crp,full_seed101_spike_0p4_noise0p1_s13_a0p2_b0p7,171,True,True,True,0.0
corrected_crp,full_seed101_spike_0p4_noise0p1_s13_a0p2_b0p7,174,True,True,True,0.0
corrected_crp,full_seed101_spike_0p4_noise0p1_s13_a0p2_b0p7,175,True,True,True,0.0
corrected_crp,full_seed101_spike_0p4_noise0p1_s13_a0p2_b0p7,177,True,True,True,0.0
corrected_crp,full_seed101_spike_0p4_noise0p1_s13_a0p2_b0p7,178,True,True,True,0.0
corrected_crp,full_seed101_spike_0p4_noise0p1_s13_a0p3_b0p8,84,True,True,True,0.017374105741423562
corrected_crp,full_seed101_spike_0p4_noise0p1_s13_a0p3_b0p8,85,True,True,True,-0.006209457669768215
corrected_crp,full_seed101_spike_0p4_noise0p1_s13_a0p3_b0p8,89,True,True,True,0.002278751754349051
corrected_crp,full_seed101_spike_0p4_noise0p1_s13_a0p3_b0p8,90,True,True,True,0.005142626919243831
corrected_crp,full_seed101_spike_0p4_noise0p1_s13_a0p3_b0p8,91,True,True,True,-0.022270505740381308
corrected_crp,full_seed101_spike_0p4_noise0p1_s13_a0p3_b0p8,92,True,True,True,-0.011110081808678007
corrected_crp,full_seed101_spike_0p4_noise0p1_s13_a0p3_b0p8,93,True,True,True,-0.007128183889283657
corrected_crp,full_seed101_spike_0p4_noise0p1_s13_a0p3_b0p8,97,True,True,True,0.010458792901847258
corrected_crp,full_seed101_spike_0p4_noise0p1_s13_a0p3_b0p8,98,True,True,True,-0.0025280478832043762
corrected_crp,full_seed101_spike_0p4_noise0p1_s13_a0p3_b0p8,99,True,True,True,0.038981358266651556
corrected_crp,full_seed101_spike_0p4_noise0p1_s13_a0p3_b0p8,100,True,True,True,0.003530725418828262
corrected_crp,full_seed101_spike_0p4_noise0p1_s13_a0p3_b0p8,108,True,True,True,0.008852435941566483
corrected_crp,full_seed101_spike_0p4_noise0p1_s13_a0p3_b0p8,110,True,True,True,-0.0025227696116961185
corrected_crp,full_seed101_spike_0p4_noise0p1_s13_a0p3_b0p8,114,True,True,True,-0.008937574631043943
corrected_crp,full_seed101_spike_0p4_noise0p1_s13_a0p3_b0p8,117,True,True,True,-0.012220801346270072
corrected_crp,full_seed101_spike_0p4_noise0p1_s13_a0p3_b0p8,118,True,True,True,0.001048243651959102
corrected_crp,full_seed101_spike_0p4_noise0p1_s13_a0p3_b0p8,120,True,True,True,0.01295410938302094
corrected_crp,full_seed101_spike_0p4_noise0p1_s13_a0p3_b0p8,121,True,True,True,0.002758516593752758
corrected_crp,full_seed101_spike_0p4_noise0p1_s13_a0p3_b0p8,122,True,True,True,0.000405760898306462
corrected_crp,full_seed101_spike_0p4_noise0p1_s13_a0p3_b0p8,123,True,True,True,0.034025852192476586
corrected_crp,full_seed101_spike_0p4_noise0p1_s13_a0p3_b0p8,126,True,True,True,-0.011535313801772279
corrected_crp,full_seed101_spike_0p4_noise0p1_s13_a0p3_b0p8,130,True,True,True,0.0005369307931704093
corrected_crp,full_seed101_spike_0p4_noise0p1_s13_a0p3_b0p8,131,True,True,True,0.022282184313475062
corrected_crp,full_seed101_spike_0p4_noise0p1_s13_a0p3_b0p8,136,True,True,True,0.0007034283479713244
corrected_crp,full_seed101_spike_0p4_noise0p1_s13_a0p3_b0p8,143,True,True,True,0.011990536795187356
corrected_crp,full_seed101_spike_0p4_noise0p1_s13_a0p3_b0p8,144,True,True,True,-3.821187851971164e-05
corrected_crp,full_seed101_spike_0p4_noise0p1_s13_a0p3_b0p8,151,True,True,True,0.025645422758875547
corrected_crp,full_seed101_spike_0p4_noise0p1_s13_a0p3_b0p8,153,True,True,True,0.002297408968688408
corrected_crp,full_seed101_spike_0p4_noise0p1_s13_a0p3_b0p8,154,True,True,True,-0.030988954373537936
corrected_crp,full_seed101_spike_0p4_noise0p1_s13_a0p3_b0p8,155,True,True,True,-0.0011494667774930578
corrected_crp,full_seed101_spike_0p4_noise0p1_s13_a0p3_b0p8,156,True,True,True,0.002119617919600636
corrected_crp,full_seed101_spike_0p4_noise0p1_s13_a0p3_b0p8,164,True,True,True,-0.005630526458004714
corrected_crp,full_seed101_spike_0p4_noise0p1_s13_a0p3_b0p8,165,True,True,True,-0.035450413360716415
corrected_crp,full_seed101_spike_0p4_noise0p1_s13_a0p3_b0p8,167,True,True,True,0.007639914300682837
corrected_crp,full_seed101_spike_0p4_noise0p1_s13_a0p3_b0p8,168,True,True,True,0.008370057737629333
corrected_crp,full_seed101_spike_0p4_noise0p1_s13_a0p3_b0p8,171,True,True,True,0.008426470089229143
corrected_crp,full_seed101_spike_0p4_noise0p1_s13_a0p3_b0p8,174,True,True,True,-0.0009618910211561249
corrected_crp,full_seed101_spike_0p4_noise0p1_s13_a0p3_b0p8,175,True,True,True,-0.005121360786346452
corrected_crp,full_seed101_spike_0p4_noise0p1_s13_a0p3_b0p8,177,True,True,True,-0.006699589621952884
corrected_crp,full_seed101_spike_0p4_noise0p1_s13_a0p3_b0p8,178,True,True,True,-0.019278325795710538
corrected_crp,full_seed101_spike_0p4_noise0p25_s13_a0p2_b0p7,84,True,True,True,0.0
corrected_crp,full_seed101_spike_0p4_noise0p25_s13_a0p2_b0p7,85,True,True,True,0.0
corrected_crp,full_seed101_spike_0p4_noise0p25_s13_a0p2_b0p7,89,True,True,True,0.0
corrected_crp,full_seed101_spike_0p4_noise0p25_s13_a0p2_b0p7,90,True,True,True,0.0
corrected_crp,full_seed101_spike_0p4_noise0p25_s13_a0p2_b0p7,91,True,True,True,0.0
corrected_crp,full_seed101_spike_0p4_noise0p25_s13_a0p2_b0p7,92,True,True,True,0.0
corrected_crp,full_seed101_spike_0p4_noise0p25_s13_a0p2_b0p7,93,True,True,True,0.0
corrected_crp,full_seed101_spike_0p4_noise0p25_s13_a0p2_b0p7,97,True,True,True,0.0
corrected_crp,full_seed101_spike_0p4_noise0p25_s13_a0p2_b0p7,98,True,True,True,0.0
corrected_crp,full_seed101_spike_0p4_noise0p25_s13_a0p2_b0p7,99,True,True,True,0.0
corrected_crp,full_seed101_spike_0p4_noise0p25_s13_a0p2_b0p7,100,True,True,True,0.0
corrected_crp,full_seed101_spike_0p4_noise0p25_s13_a0p2_b0p7,103,True,True,True,0.0
corrected_crp,full_seed101_spike_0p4_noise0p25_s13_a0p2_b0p7,105,True,True,True,0.0
corrected_crp,full_seed101_spike_0p4_noise0p25_s13_a0p2_b0p7,108,True,True,True,0.0
corrected_crp,full_seed101_spike_0p4_noise0p25_s13_a0p2_b0p7,110,True,True,True,0.0
corrected_crp,full_seed101_spike_0p4_noise0p25_s13_a0p2_b0p7,114,True,True,True,0.0
corrected_crp,full_seed101_spike_0p4_noise0p25_s13_a0p2_b0p7,115,True,True,True,0.0
corrected_crp,full_seed101_spike_0p4_noise0p25_s13_a0p2_b0p7,118,True,True,True,0.0
corrected_crp,full_seed101_spike_0p4_noise0p25_s13_a0p2_b0p7,120,True,True,True,0.0
corrected_crp,full_seed101_spike_0p4_noise0p25_s13_a0p2_b0p7,121,True,True,True,0.0
corrected_crp,full_seed101_spike_0p4_noise0p25_s13_a0p2_b0p7,122,True,True,True,0.0
corrected_crp,full_seed101_spike_0p4_noise0p25_s13_a0p2_b0p7,123,True,True,True,0.0
corrected_crp,full_seed101_spike_0p4_noise0p25_s13_a0p2_b0p7,126,True,True,True,0.0
corrected_crp,full_seed101_spike_0p4_noise0p25_s13_a0p2_b0p7,129,True,True,True,0.0
corrected_crp,full_seed101_spike_0p4_noise0p25_s13_a0p2_b0p7,130,True,True,True,0.0
corrected_crp,full_seed101_spike_0p4_noise0p25_s13_a0p2_b0p7,136,True,True,True,0.0
corrected_crp,full_seed101_spike_0p4_noise0p25_s13_a0p2_b0p7,140,True,True,True,0.0
corrected_crp,full_seed101_spike_0p4_noise0p25_s13_a0p2_b0p7,143,True,True,True,0.0
corrected_crp,full_seed101_spike_0p4_noise0p25_s13_a0p2_b0p7,146,True,True,True,0.0
corrected_crp,full_seed101_spike_0p4_noise0p25_s13_a0p2_b0p7,151,True,True,True,0.0
corrected_crp,full_seed101_spike_0p4_noise0p25_s13_a0p2_b0p7,153,True,True,True,0.0
corrected_crp,full_seed101_spike_0p4_noise0p25_s13_a0p2_b0p7,154,True,True,True,0.0
corrected_crp,full_seed101_spike_0p4_noise0p25_s13_a0p2_b0p7,155,True,True,True,0.0
corrected_crp,full_seed101_spike_0p4_noise0p25_s13_a0p2_b0p7,156,True,True,True,0.0
corrected_crp,full_seed101_spike_0p4_noise0p25_s13_a0p2_b0p7,159,True,True,True,0.0
corrected_crp,full_seed101_spike_0p4_noise0p25_s13_a0p2_b0p7,162,True,True,True,0.0
corrected_crp,full_seed101_spike_0p4_noise0p25_s13_a0p2_b0p7,164,True,True,True,0.0
corrected_crp,full_seed101_spike_0p4_noise0p25_s13_a0p2_b0p7,165,True,True,True,0.0
corrected_crp,full_seed101_spike_0p4_noise0p25_s13_a0p2_b0p7,167,True,True,True,0.0
corrected_crp,full_seed101_spike_0p4_noise0p25_s13_a0p2_b0p7,168,True,True,True,0.0
corrected_crp,full_seed101_spike_0p4_noise0p25_s13_a0p2_b0p7,169,True,True,True,0.0
corrected_crp,full_seed101_spike_0p4_noise0p25_s13_a0p2_b0p7,170,True,True,True,0.0
corrected_crp,full_seed101_spike_0p4_noise0p25_s13_a0p2_b0p7,171,True,True,True,0.0
corrected_crp,full_seed101_spike_0p4_noise0p25_s13_a0p2_b0p7,174,True,True,True,0.0
corrected_crp,full_seed101_spike_0p4_noise0p25_s13_a0p2_b0p7,175,True,True,True,0.0
corrected_crp,full_seed101_spike_0p4_noise0p25_s13_a0p2_b0p7,178,True,True,True,0.0
corrected_crp,full_seed101_spike_0p4_noise0p25_s13_a0p2_b0p7,180,True,True,True,0.0
corrected_crp,full_seed101_spike_0p4_noise0p25_s13_a0p2_b0p7,181,True,True,True,0.0
corrected_crp,full_seed101_spike_0p4_noise0p25_s13_a0p3_b0p8,84,True,True,True,0.04343526435355882
corrected_crp,full_seed101_spike_0p4_noise0p25_s13_a0p3_b0p8,85,True,True,True,-0.01552364417442037
corrected_crp,full_seed101_spike_0p4_noise0p25_s13_a0p3_b0p8,89,True,True,True,0.005696879385872711
corrected_crp,full_seed101_spike_0p4_noise0p25_s13_a0p3_b0p8,90,True,True,True,0.012856567298109578
corrected_crp,full_seed101_spike_0p4_noise0p25_s13_a0p3_b0p8,91,True,True,True,-0.055676264350953186
corrected_crp,full_seed101_spike_0p4_noise0p25_s13_a0p3_b0p8,92,True,True,True,-0.027775204521694907
corrected_crp,full_seed101_spike_0p4_noise0p25_s13_a0p3_b0p8,93,True,True,True,-0.01782045972320917
corrected_crp,full_seed101_spike_0p4_noise0p25_s13_a0p3_b0p8,97,True,True,True,0.026146982254618256
corrected_crp,full_seed101_spike_0p4_noise0p25_s13_a0p3_b0p8,98,True,True,True,-0.006320119708010885
corrected_crp,full_seed101_spike_0p4_noise0p25_s13_a0p3_b0p8,99,True,True,True,0.09745339566662892
corrected_crp,full_seed101_spike_0p4_noise0p25_s13_a0p3_b0p8,100,True,True,True,0.0088268135470706
corrected_crp,full_seed101_spike_0p4_noise0p25_s13_a0p3_b0p8,103,True,True,True,0.008040888863783291
corrected_crp,full_seed101_spike_0p4_noise0p25_s13_a0p3_b0p8,105,True,True,True,-0.010074901808258596
corrected_crp,full_seed101_spike_0p4_noise0p25_s13_a0p3_b0p8,108,True,True,True,0.022131089853916097
corrected_crp,full_seed101_spike_0p4_noise0p25_s13_a0p3_b0p8,110,True,True,True,-0.006306924029240296
corrected_crp,full_seed101_spike_0p4_noise0p25_s13_a0p3_b0p8,114,True,True,True,-0.022343936577610024
corrected_crp,full_seed101_spike_0p4_noise0p25_s13_a0p3_b0p8,115,True,True,True,-0.022571898077371227
corrected_crp,full_seed101_spike_0p4_noise0p25_s13_a0p3_b0p8,118,True,True,True,0.0026206091298976997
corrected_crp,full_seed101_spike_0p4_noise0p25_s13_a0p3_b0p8,120,True,True,True,0.03238527345755249
corrected_crp,full_seed101_spike_0p4_noise0p25_s13_a0p3_b0p8,121,True,True,True,0.006896291484381922
corrected_crp,full_seed101_spike_0p4_noise0p25_s13_a0p3_b0p8,122,True,True,True,0.0010144022457661273
corrected_crp,full_seed101_spike_0p4_noise0p25_s13_a0p3_b0p8,123,True,True,True,0.0850646304811914
corrected_crp,full_seed101_spike_0p4_noise0p25_s13_a0p3_b0p8,126,True,True,True,-0.028838284504430683
corrected_crp,full_seed101_spike_0p4_noise0p25_s13_a0p3_b0p8,129,True,True,True,-0.024773396447920454
corrected_crp,full_seed101_spike_0p4_noise0p25_s13_a0p3_b0p8,130,True,True,True,0.0013423269829260231
corrected_crp,full_seed101_spike_0p4_noise0p25_s13_a0p3_b0p8,136,True,True,True,0.0017585708699283664
corrected_crp,full_seed101_spike_0p4_noise0p25_s13_a0p3_b0p8,140,True,True,True,-0.018910629082580677
corrected_crp,full_seed101_spike_0p4_noise0p25_s13_a0p3_b0p8,143,True,True,True,0.029976341987968447
corrected_crp,full_seed101_spike_0p4_noise0p25_s13_a0p3_b0p8,146,True,True,True,0.02349111183243624
corrected_crp,full_seed101_spike_0p4_noise0p25_s13_a0p3_b0p8,151,True,True,True,0.0641135568971889
corrected_crp,full_seed101_spike_0p4_noise0p25_s13_a0p3_b0p8,153,True,True,True,0.005743522421721103
corrected_crp,full_seed101_spike_0p4_noise0p25_s13_a0p3_b0p8,154,True,True,True,-0.07747238593384484
corrected_crp,full_seed101_spike_0p4_noise0p25_s13_a0p3_b0p8,155,True,True,True,-0.0028736669437325613
corrected_crp,full_seed101_spike_0p4_noise0p25_s13_a0p3_b0p8,156,True,True,True,0.005299044799001673
corrected_crp,full_seed101_spike_0p4_noise0p25_s13_a0p3_b0p8,159,True,True,True,-0.10053029985515494
corrected_crp,full_seed101_spike_0p4_noise0p25_s13_a0p3_b0p8,162,True,True,True,0.007002257281993107
corrected_crp,full_seed101_spike_0p4_noise0p25_s13_a0p3_b0p8,164,True,True,True,-0.014076316145011813
corrected_crp,full_seed101_spike_0p4_noise0p25_s13_a0p3_b0p8,165,True,True,True,-0.0886260334017912
corrected_crp,full_seed101_spike_0p4_noise0p25_s13_a0p3_b0p8,167,True,True,True,0.019099785751707177
corrected_crp,full_seed101_spike_0p4_noise0p25_s13_a0p3_b0p8,168,True,True,True,0.020925144344073665
corrected_crp,full_seed101_spike_0p4_noise0p25_s13_a0p3_b0p8,169,True,True,True,0.027453197877893798
corrected_crp,full_seed101_spike_0p4_noise0p25_s13_a0p3_b0p8,170,True,True,True,0.03279248460144346
corrected_crp,full_seed101_spike_0p4_noise0p25_s13_a0p3_b0p8,171,True,True,True,0.021066175223072747
corrected_crp,full_seed101_spike_0p4_noise0p25_s13_a0p3_b0p8,174,True,True,True,-0.0024047275528901735
corrected_crp,full_seed101_spike_0p4_noise0p25_s13_a0p3_b0p8,175,True,True,True,-0.012803401965866101
corrected_crp,full_seed101_spike_0p4_noise0p25_s13_a0p3_b0p8,178,True,True,True,-0.0481958144892764
corrected_crp,full_seed101_spike_0p4_noise0p25_s13_a0p3_b0p8,180,True,True,True,0.0
corrected_crp,full_seed101_spike_0p4_noise0p25_s13_a0p3_b0p8,181,True,True,True,0.0
corrected_crp,full_seed101_spike_0p4_noise0p5_s13_a0p2_b0p7,7,True,True,True,0.0
corrected_crp,full_seed101_spike_0p4_noise0p5_s13_a0p2_b0p7,28,True,True,True,0.0
corrected_crp,full_seed101_spike_0p4_noise0p5_s13_a0p2_b0p7,72,True,True,True,0.0
corrected_crp,full_seed101_spike_0p4_noise0p5_s13_a0p2_b0p7,77,True,True,True,0.0
corrected_crp,full_seed101_spike_0p4_noise0p5_s13_a0p2_b0p7,91,True,True,True,0.0
corrected_crp,full_seed101_spike_0p4_noise0p5_s13_a0p2_b0p7,92,True,True,True,0.0
corrected_crp,full_seed101_spike_0p4_noise0p5_s13_a0p2_b0p7,93,True,True,True,0.0
corrected_crp,full_seed101_spike_0p4_noise0p5_s13_a0p2_b0p7,98,True,True,True,0.0
corrected_crp,full_seed101_spike_0p4_noise0p5_s13_a0p2_b0p7,105,True,True,True,0.0
corrected_crp,full_seed101_spike_0p4_noise0p5_s13_a0p2_b0p7,108,True,True,True,0.0
corrected_crp,full_seed101_spike_0p4_noise0p5_s13_a0p2_b0p7,110,True,True,True,0.0
corrected_crp,full_seed101_spike_0p4_noise0p5_s13_a0p2_b0p7,115,True,True,True,0.0
corrected_crp,full_seed101_spike_0p4_noise0p5_s13_a0p2_b0p7,118,True,True,True,0.0
corrected_crp,full_seed101_spike_0p4_noise0p5_s13_a0p2_b0p7,122,True,True,True,0.0
corrected_crp,full_seed101_spike_0p4_noise0p5_s13_a0p2_b0p7,126,True,True,True,0.0
corrected_crp,full_seed101_spike_0p4_noise0p5_s13_a0p2_b0p7,127,True,True,True,0.0
corrected_crp,full_seed101_spike_0p4_noise0p5_s13_a0p2_b0p7,130,True,True,True,0.0
corrected_crp,full_seed101_spike_0p4_noise0p5_s13_a0p2_b0p7,155,True,True,True,0.0
corrected_crp,full_seed101_spike_0p4_noise0p5_s13_a0p2_b0p7,162,True,True,True,0.0
corrected_crp,full_seed101_spike_0p4_noise0p5_s13_a0p2_b0p7,170,True,True,True,0.0
corrected_crp,full_seed101_spike_0p4_noise0p5_s13_a0p2_b0p7,171,True,True,True,0.028088233630763737
corrected_crp,full_seed101_spike_0p4_noise0p5_s13_a0p2_b0p7,175,True,True,True,0.0
corrected_crp,full_seed101_spike_0p4_noise0p5_s13_a0p2_b0p7,178,True,True,True,0.0
corrected_crp,full_seed101_spike_0p4_noise0p5_s13_a0p2_b0p7,181,True,True,True,0.0
corrected_crp,full_seed101_spike_0p4_noise0p5_s13_a0p2_b0p7,223,True,True,True,0.0
corrected_crp,full_seed101_spike_0p4_noise0p5_s13_a0p3_b0p8,7,True,True,True,0.0
corrected_crp,full_seed101_spike_0p4_noise0p5_s13_a0p3_b0p8,28,True,True,True,0.0
corrected_crp,full_seed101_spike_0p4_noise0p5_s13_a0p3_b0p8,72,True,True,True,0.0
corrected_crp,full_seed101_spike_0p4_noise0p5_s13_a0p3_b0p8,77,True,True,True,0.0
corrected_crp,full_seed101_spike_0p4_noise0p5_s13_a0p3_b0p8,91,True,True,True,-0.11135252870190646
corrected_crp,full_seed101_spike_0p4_noise0p5_s13_a0p3_b0p8,92,True,True,True,-0.0555504090433899
corrected_crp,full_seed101_spike_0p4_noise0p5_s13_a0p3_b0p8,93,True,True,True,-0.03564091944641834
corrected_crp,full_seed101_spike_0p4_noise0p5_s13_a0p3_b0p8,98,True,True,True,-0.01264023941602177
corrected_crp,full_seed101_spike_0p4_noise0p5_s13_a0p3_b0p8,105,True,True,True,-0.020149803616517165
corrected_crp,full_seed101_spike_0p4_noise0p5_s13_a0p3_b0p8,108,True,True,True,0.044262179707832194
corrected_crp,full_seed101_spike_0p4_noise0p5_s13_a0p3_b0p8,110,True,True,True,-0.012613848058480606
corrected_crp,full_seed101_spike_0p4_noise0p5_s13_a0p3_b0p8,115,True,True,True,-0.04514379615474251
corrected_crp,full_seed101_spike_0p4_noise0p5_s13_a0p3_b0p8,118,True,True,True,0.005241218259795427
corrected_crp,full_seed101_spike_0p4_noise0p5_s13_a0p3_b0p8,122,True,True,True,0.002028804491532199
corrected_crp,full_seed101_spike_0p4_noise0p5_s13_a0p3_b0p8,126,True,True,True,-0.05767656900886138
corrected_crp,full_seed101_spike_0p4_noise0p5_s13_a0p3_b0p8,127,True,True,True,0.0018720408626696772
corrected_crp,full_seed101_spike_0p4_noise0p5_s13_a0p3_b0p8,130,True,True,True,0.0026846539658520463
corrected_crp,full_seed101_spike_0p4_noise0p5_s13_a0p3_b0p8,155,True,True,True,-0.005747333887465178
corrected_crp,full_seed101_spike_0p4_noise0p5_s13_a0p3_b0p8,162,True,True,True,0.01400451456398627
corrected_crp,full_seed101_spike_0p4_noise0p5_s13_a0p3_b0p8,170,True,True,True,0.06558496920288692
corrected_crp,full_seed101_spike_0p4_noise0p5_s13_a0p3_b0p8,171,True,True,True,0.11235293452305473
corrected_crp,full_seed101_spike_0p4_noise0p5_s13_a0p3_b0p8,175,True,True,True,-0.02560680393173223
corrected_crp,full_seed101_spike_0p4_noise0p5_s13_a0p3_b0p8,178,True,True,True,-0.09639162897855275
corrected_crp,full_seed101_spike_0p4_noise0p5_s13_a0p3_b0p8,181,True,True,True,0.0
corrected_crp,full_seed101_spike_0p4_noise0p5_s13_a0p3_b0p8,223,True,True,True,0.0
corrected_crp,full_seed101_spike_0p4_noise0p5_s9_a0p2_b0p7,97,True,True,True,-0.058802348875054644
corrected_crp,full_seed101_spike_0p4_noise0p5_s9_a0p2_b0p7,171,True,True,True,0.05989414371251556
corrected_crp,full_seed101_spike_0p4_noise0p5_s9_a0p2_b0p7,176,True,True,True,-0.018326571056509255
corrected_crp,full_seed101_spike_0p4_noise0p5_s9_a0p3_b0p8,97,True,True,True,-0.0588023488750542
corrected_crp,full_seed101_spike_0p4_noise0p5_s9_a0p3_b0p8,171,True,True,True,0.05989414371251467
corrected_crp,full_seed101_spike_0p4_noise0p5_s9_a0p3_b0p8,176,True,True,True,-0.0183265710565097
corrected_crp,full_seed11_bias_0p0_noise0p5_s13_a0p2_b0p7,89,True,True,True,0.0
corrected_crp,full_seed11_bias_0p0_noise0p5_s13_a0p2_b0p7,113,True,True,True,0.0
corrected_crp,full_seed11_bias_0p0_noise0p5_s13_a0p2_b0p7,171,True,True,True,0.0
corrected_crp,full_seed11_bias_0p0_noise0p5_s13_a0p2_b0p7,176,True,True,True,0.0
corrected_crp,full_seed11_bias_0p0_noise0p5_s13_a0p3_b0p8,89,True,True,True,0.0
corrected_crp,full_seed11_bias_0p0_noise0p5_s13_a0p3_b0p8,113,True,True,True,0.0
corrected_crp,full_seed11_bias_0p0_noise0p5_s13_a0p3_b0p8,171,True,True,True,0.0
corrected_crp,full_seed11_bias_0p0_noise0p5_s13_a0p3_b0p8,176,True,True,True,0.0
corrected_crp,full_seed11_bias_0p1_noise0p1_s13_a0p2_b0p7,93,True,True,True,0.0
corrected_crp,full_seed11_bias_0p1_noise0p1_s13_a0p2_b0p7,97,True,True,True,0.0
corrected_crp,full_seed11_bias_0p1_noise0p1_s13_a0p2_b0p7,99,True,True,True,0.0
corrected_crp,full_seed11_bias_0p1_noise0p1_s13_a0p2_b0p7,101,True,True,True,0.0
corrected_crp,full_seed11_bias_0p1_noise0p1_s13_a0p2_b0p7,118,True,True,True,0.0
corrected_crp,full_seed11_bias_0p1_noise0p1_s13_a0p2_b0p7,122,True,True,True,0.0
corrected_crp,full_seed11_bias_0p1_noise0p1_s13_a0p2_b0p7,128,True,True,True,0.0
corrected_crp,full_seed11_bias_0p1_noise0p1_s13_a0p2_b0p7,153,True,True,True,0.0
corrected_crp,full_seed11_bias_0p1_noise0p1_s13_a0p2_b0p7,155,True,True,True,0.0
corrected_crp,full_seed11_bias_0p1_noise0p1_s13_a0p2_b0p7,161,True,True,True,0.0
corrected_crp,full_seed11_bias_0p1_noise0p1_s13_a0p2_b0p7,162,True,True,True,0.0
corrected_crp,full_seed11_bias_0p1_noise0p1_s13_a0p2_b0p7,167,True,True,True,0.0
corrected_crp,full_seed11_bias_0p1_noise0p1_s13_a0p2_b0p7,171,True,True,True,0.0
corrected_crp,full_seed11_bias_0p1_noise0p1_s13_a0p2_b0p7,179,True,True,True,0.0
corrected_crp,full_seed11_bias_0p1_noise0p1_s13_a0p3_b0p8,93,True,True,True,0.0
corrected_crp,full_seed11_bias_0p1_noise0p1_s13_a0p3_b0p8,97,True,True,True,0.0
corrected_crp,full_seed11_bias_0p1_noise0p1_s13_a0p3_b0p8,99,True,True,True,0.0
corrected_crp,full_seed11_bias_0p1_noise0p1_s13_a0p3_b0p8,101,True,True,True,0.0
corrected_crp,full_seed11_bias_0p1_noise0p1_s13_a0p3_b0p8,118,True,True,True,0.0
corrected_crp,full_seed11_bias_0p1_noise0p1_s13_a0p3_b0p8,122,True,True,True,0.0
corrected_crp,full_seed11_bias_0p1_noise0p1_s13_a0p3_b0p8,128,True,True,True,0.0
corrected_crp,full_seed11_bias_0p1_noise0p1_s13_a0p3_b0p8,153,True,True,True,0.0
corrected_crp,full_seed11_bias_0p1_noise0p1_s13_a0p3_b0p8,155,True,True,True,0.0
corrected_crp,full_seed11_bias_0p1_noise0p1_s13_a0p3_b0p8,161,True,True,True,0.0
corrected_crp,full_seed11_bias_0p1_noise0p1_s13_a0p3_b0p8,162,True,True,True,0.0
corrected_crp,full_seed11_bias_0p1_noise0p1_s13_a0p3_b0p8,167,True,True,True,0.0
corrected_crp,full_seed11_bias_0p1_noise0p1_s13_a0p3_b0p8,171,True,True,True,0.0
corrected_crp,full_seed11_bias_0p1_noise0p1_s13_a0p3_b0p8,179,True,True,True,0.0
corrected_crp,full_seed11_bias_0p1_noise0p1_s9_a0p2_b0p7,85,True,True,True,0.0
corrected_crp,full_seed11_bias_0p1_noise0p1_s9_a0p2_b0p7,99,True,True,True,0.0
corrected_crp,full_seed11_bias_0p1_noise0p1_s9_a0p2_b0p7,124,True,True,True,0.0
corrected_crp,full_seed11_bias_0p1_noise0p1_s9_a0p2_b0p7,125,True,True,True,0.0
corrected_crp,full_seed11_bias_0p1_noise0p1_s9_a0p2_b0p7,136,True,True,True,0.0
corrected_crp,full_seed11_bias_0p1_noise0p1_s9_a0p2_b0p7,151,True,True,True,0.0
corrected_crp,full_seed11_bias_0p1_noise0p1_s9_a0p2_b0p7,152,True,True,True,0.0
corrected_crp,full_seed11_bias_0p1_noise0p1_s9_a0p2_b0p7,154,True,True,True,0.0
corrected_crp,full_seed11_bias_0p1_noise0p1_s9_a0p2_b0p7,163,True,True,True,0.0
corrected_crp,full_seed11_bias_0p1_noise0p1_s9_a0p2_b0p7,165,True,True,True,0.0
corrected_crp,full_seed11_bias_0p1_noise0p1_s9_a0p3_b0p8,85,True,True,True,-0.005595534663599189
corrected_crp,full_seed11_bias_0p1_noise0p1_s9_a0p3_b0p8,99,True,True,True,0.027489203300087084
corrected_crp,full_seed11_bias_0p1_noise0p1_s9_a0p3_b0p8,124,True,True,True,-0.01459995622818111
corrected_crp,full_seed11_bias_0p1_noise0p1_s9_a0p3_b0p8,125,True,True,True,0.035467292589664634
corrected_crp,full_seed11_bias_0p1_noise0p1_s9_a0p3_b0p8,136,True,True,True,0.02997941181006647
corrected_crp,full_seed11_bias_0p1_noise0p1_s9_a0p3_b0p8,151,True,True,True,0.0024417964342293708
corrected_crp,full_seed11_bias_0p1_noise0p1_s9_a0p3_b0p8,152,True,True,True,-0.015026240592313167
corrected_crp,full_seed11_bias_0p1_noise0p1_s9_a0p3_b0p8,154,True,True,True,-0.017669858719153275
corrected_crp,full_seed11_bias_0p1_noise0p1_s9_a0p3_b0p8,163,True,True,True,0.0034739888886123893
corrected_crp,full_seed11_bias_0p1_noise0p1_s9_a0p3_b0p8,165,True,True,True,0.007930248955939412
corrected_crp,full_seed11_bias_0p1_noise0p25_s13_a0p2_b0p7,116,True,True,True,0.0
corrected_crp,full_seed11_bias_0p1_noise0p25_s13_a0p2_b0p7,155,True,True,True,0.0
corrected_crp,full_seed11_bias_0p1_noise0p25_s13_a0p2_b0p7,159,True,True,True,0.0
corrected_crp,full_seed11_bias_0p1_noise0p25_s13_a0p2_b0p7,161,True,True,True,0.0
corrected_crp,full_seed11_bias_0p1_noise0p25_s13_a0p2_b0p7,171,True,True,True,0.0
corrected_crp,full_seed11_bias_0p1_noise0p25_s13_a0p2_b0p7,177,True,True,True,0.0
corrected_crp,full_seed11_bias_0p1_noise0p25_s13_a0p2_b0p7,180,True,True,True,0.0
corrected_crp,full_seed11_bias_0p1_noise0p25_s13_a0p3_b0p8,116,True,True,True,0.0
corrected_crp,full_seed11_bias_0p1_noise0p25_s13_a0p3_b0p8,155,True,True,True,0.0
corrected_crp,full_seed11_bias_0p1_noise0p25_s13_a0p3_b0p8,159,True,True,True,0.0
corrected_crp,full_seed11_bias_0p1_noise0p25_s13_a0p3_b0p8,161,True,True,True,0.0
corrected_crp,full_seed11_bias_0p1_noise0p25_s13_a0p3_b0p8,171,True,True,True,0.0
corrected_crp,full_seed11_bias_0p1_noise0p25_s13_a0p3_b0p8,177,True,True,True,0.0
corrected_crp,full_seed11_bias_0p1_noise0p25_s13_a0p3_b0p8,180,True,True,True,0.0
corrected_crp,full_seed11_bias_0p1_noise0p25_s9_a0p2_b0p7,117,True,True,True,0.0
corrected_crp,full_seed11_bias_0p1_noise0p25_s9_a0p2_b0p7,136,True,True,True,0.0
corrected_crp,full_seed11_bias_0p1_noise0p25_s9_a0p2_b0p7,151,True,True,True,0.0
corrected_crp,full_seed11_bias_0p1_noise0p25_s9_a0p2_b0p7,152,True,True,True,0.0
corrected_crp,full_seed11_bias_0p1_noise0p25_s9_a0p2_b0p7,162,True,True,True,0.0
corrected_crp,full_seed11_bias_0p1_noise0p25_s9_a0p2_b0p7,171,True,True,True,0.0
corrected_crp,full_seed11_bias_0p1_noise0p25_s9_a0p3_b0p8,117,True,True,True,-0.02286337336399047
corrected_crp,full_seed11_bias_0p1_noise0p25_s9_a0p3_b0p8,136,True,True,True,0.03812148180048425
corrected_crp,full_seed11_bias_0p1_noise0p25_s9_a0p3_b0p8,151,True,True,True,0.006119195451286252
corrected_crp,full_seed11_bias_0p1_noise0p25_s9_a0p3_b0p8,152,True,True,True,-0.02500708196723278
corrected_crp,full_seed11_bias_0p1_noise0p25_s9_a0p3_b0p8,162,True,True,True,0.03815547124664742
corrected_crp,full_seed11_bias_0p1_noise0p25_s9_a0p3_b0p8,171,True,True,True,0.016747912429539547
corrected_crp,full_seed11_bias_0p1_noise0p5_s13_a0p2_b0p7,92,True,True,True,0.0
corrected_crp,full_seed11_bias_0p1_noise0p5_s13_a0p2_b0p7,100,True,True,True,0.0
corrected_crp,full_seed11_bias_0p1_noise0p5_s13_a0p2_b0p7,113,True,True,True,0.0
corrected_crp,full_seed11_bias_0p1_noise0p5_s13_a0p2_b0p7,131,True,True,True,0.0
corrected_crp,full_seed11_bias_0p1_noise0p5_s13_a0p2_b0p7,134,True,True,True,0.0
corrected_crp,full_seed11_bias_0p1_noise0p5_s13_a0p2_b0p7,150,True,True,True,0.0
corrected_crp,full_seed11_bias_0p1_noise0p5_s13_a0p2_b0p7,155,True,True,True,0.0
corrected_crp,full_seed11_bias_0p1_noise0p5_s13_a0p2_b0p7,161,True,True,True,0.0
corrected_crp,full_seed11_bias_0p1_noise0p5_s13_a0p2_b0p7,162,True,True,True,0.0
corrected_crp,full_seed11_bias_0p1_noise0p5_s13_a0p3_b0p8,92,True,True,True,0.0
corrected_crp,full_seed11_bias_0p1_noise0p5_s13_a0p3_b0p8,100,True,True,True,0.0
corrected_crp,full_seed11_bias_0p1_noise0p5_s13_a0p3_b0p8,113,True,True,True,0.0
corrected_crp,full_seed11_bias_0p1_noise0p5_s13_a0p3_b0p8,131,True,True,True,0.0
corrected_crp,full_seed11_bias_0p1_noise0p5_s13_a0p3_b0p8,134,True,True,True,0.0
corrected_crp,full_seed11_bias_0p1_noise0p5_s13_a0p3_b0p8,150,True,True,True,0.0
corrected_crp,full_seed11_bias_0p1_noise0p5_s13_a0p3_b0p8,155,True,True,True,0.0
corrected_crp,full_seed11_bias_0p1_noise0p5_s13_a0p3_b0p8,161,True,True,True,0.0
corrected_crp,full_seed11_bias_0p1_noise0p5_s13_a0p3_b0p8,162,True,True,True,0.0
corrected_crp,full_seed11_bias_0p1_noise0p5_s9_a0p2_b0p7,86,True,True,True,0.0
corrected_crp,full_seed11_bias_0p1_noise0p5_s9_a0p2_b0p7,105,True,True,True,0.0
corrected_crp,full_seed11_bias_0p1_noise0p5_s9_a0p2_b0p7,110,True,True,True,0.0
corrected_crp,full_seed11_bias_0p1_noise0p5_s9_a0p2_b0p7,128,True,True,True,0.0
corrected_crp,full_seed11_bias_0p1_noise0p5_s9_a0p2_b0p7,162,True,True,True,0.0
corrected_crp,full_seed11_bias_0p1_noise0p5_s9_a0p2_b0p7,167,True,True,True,0.0
corrected_crp,full_seed11_bias_0p1_noise0p5_s9_a0p3_b0p8,86,True,True,True,-0.01693036378834667
corrected_crp,full_seed11_bias_0p1_noise0p5_s9_a0p3_b0p8,105,True,True,True,0.008021235888075573
corrected_crp,full_seed11_bias_0p1_noise0p5_s9_a0p3_b0p8,110,True,True,True,-0.006637056292186694
corrected_crp,full_seed11_bias_0p1_noise0p5_s9_a0p3_b0p8,128,True,True,True,0.03758478458529435
corrected_crp,full_seed11_bias_0p1_noise0p5_s9_a0p3_b0p8,162,True,True,True,0.07633542598098719
corrected_crp,full_seed11_bias_0p1_noise0p5_s9_a0p3_b0p8,167,True,True,True,8.053013526199138e-05
corrected_crp,full_seed11_bias_0p2_noise0p1_s13_a0p2_b0p7,116,True,True,True,0.0
corrected_crp,full_seed11_bias_0p2_noise0p1_s13_a0p2_b0p7,117,True,True,True,0.0
corrected_crp,full_seed11_bias_0p2_noise0p1_s13_a0p2_b0p7,120,True,True,True,0.0
corrected_crp,full_seed11_bias_0p2_noise0p1_s13_a0p2_b0p7,122,True,True,True,0.0
corrected_crp,full_seed11_bias_0p2_noise0p1_s13_a0p2_b0p7,180,True,True,True,0.0
corrected_crp,full_seed11_bias_0p2_noise0p1_s13_a0p3_b0p8,116,True,True,True,0.0
corrected_crp,full_seed11_bias_0p2_noise0p1_s13_a0p3_b0p8,117,True,True,True,0.0
corrected_crp,full_seed11_bias_0p2_noise0p1_s13_a0p3_b0p8,120,True,True,True,0.0
corrected_crp,full_seed11_bias_0p2_noise0p1_s13_a0p3_b0p8,122,True,True,True,0.0
corrected_crp,full_seed11_bias_0p2_noise0p1_s13_a0p3_b0p8,180,True,True,True,0.0
corrected_crp,full_seed11_bias_0p2_noise0p1_s5_a0p2_b0p7,85,True,True,True,-0.022382138654395867
corrected_crp,full_seed11_bias_0p2_noise0p1_s5_a0p2_b0p7,94,True,True,True,0.02709787031064881
corrected_crp,full_seed11_bias_0p2_noise0p1_s5_a0p2_b0p7,124,True,True,True,-0.05839982491272444
corrected_crp,full_seed11_bias_0p2_noise0p1_s5_a0p2_b0p7,128,True,True,True,0.09181872510438205
corrected_crp,full_seed11_bias_0p2_noise0p1_s5_a0p2_b0p7,136,True,True,True,-0.3317355262427717
corrected_crp,full_seed11_bias_0p2_noise0p1_s5_a0p3_b0p8,85,True,True,True,-0.022382138654395867
corrected_crp,full_seed11_bias_0p2_noise0p1_s5_a0p3_b0p8,94,True,True,True,0.027097870310648364
corrected_crp,full_seed11_bias_0p2_noise0p1_s5_a0p3_b0p8,124,True,True,True,-0.05839982491272422
corrected_crp,full_seed11_bias_0p2_noise0p1_s5_a0p3_b0p8,128,True,True,True,0.09181872510438227
corrected_crp,full_seed11_bias_0p2_noise0p1_s5_a0p3_b0p8,136,True,True,True,-0.3317355262427719
corrected_crp,full_seed11_bias_0p2_noise0p25_s13_a0p2_b0p7,94,True,True,True,0.0
corrected_crp,full_seed11_bias_0p2_noise0p25_s13_a0p2_b0p7,95,True,True,True,0.0
corrected_crp,full_seed11_bias_0p2_noise0p25_s13_a0p2_b0p7,116,True,True,True,0.0
corrected_crp,full_seed11_bias_0p2_noise0p25_s13_a0p2_b0p7,117,True,True,True,0.0
corrected_crp,full_seed11_bias_0p2_noise0p25_s13_a0p2_b0p7,120,True,True,True,0.0
corrected_crp,full_seed11_bias_0p2_noise0p25_s13_a0p2_b0p7,122,True,True,True,0.0
corrected_crp,full_seed11_bias_0p2_noise0p25_s13_a0p2_b0p7,157,True,True,True,0.0
corrected_crp,full_seed11_bias_0p2_noise0p25_s13_a0p2_b0p7,174,True,True,True,0.0
corrected_crp,full_seed11_bias_0p2_noise0p25_s13_a0p3_b0p8,94,True,True,True,0.0
corrected_crp,full_seed11_bias_0p2_noise0p25_s13_a0p3_b0p8,95,True,True,True,0.0
corrected_crp,full_seed11_bias_0p2_noise0p25_s13_a0p3_b0p8,116,True,True,True,0.0
corrected_crp,full_seed11_bias_0p2_noise0p25_s13_a0p3_b0p8,117,True,True,True,0.0
corrected_crp,full_seed11_bias_0p2_noise0p25_s13_a0p3_b0p8,120,True,True,True,0.0
corrected_crp,full_seed11_bias_0p2_noise0p25_s13_a0p3_b0p8,122,True,True,True,0.0
corrected_crp,full_seed11_bias_0p2_noise0p25_s13_a0p3_b0p8,157,True,True,True,0.0
corrected_crp,full_seed11_bias_0p2_noise0p25_s13_a0p3_b0p8,174,True,True,True,0.0
corrected_crp,full_seed11_bias_0p2_noise0p25_s9_a0p2_b0p7,88,True,True,True,0.0
corrected_crp,full_seed11_bias_0p2_noise0p25_s9_a0p2_b0p7,110,True,True,True,0.0
corrected_crp,full_seed11_bias_0p2_noise0p25_s9_a0p3_b0p8,88,True,True,True,-0.021583565026908502
corrected_crp,full_seed11_bias_0p2_noise0p25_s9_a0p3_b0p8,110,True,True,True,0.0038797761019291332
corrected_crp,full_seed11_bias_0p2_noise0p5_s13_a0p2_b0p7,89,True,True,True,0.0
corrected_crp,full_seed11_bias_0p2_noise0p5_s13_a0p2_b0p7,95,True,True,True,0.0
corrected_crp,full_seed11_bias_0p2_noise0p5_s13_a0p2_b0p7,109,True,True,True,0.0
corrected_crp,full_seed11_bias_0p2_noise0p5_s13_a0p2_b0p7,131,True,True,True,0.0
corrected_crp,full_seed11_bias_0p2_noise0p5_s13_a0p2_b0p7,162,True,True,True,0.0
corrected_crp,full_seed11_bias_0p2_noise0p5_s13_a0p2_b0p7,170,True,True,True,0.0
corrected_crp,full_seed11_bias_0p2_noise0p5_s13_a0p2_b0p7,174,True,True,True,0.0
corrected_crp,full_seed11_bias_0p2_noise0p5_s13_a0p2_b0p7,179,True,True,True,0.0
corrected_crp,full_seed11_bias_0p2_noise0p5_s13_a0p3_b0p8,89,True,True,True,0.0
corrected_crp,full_seed11_bias_0p2_noise0p5_s13_a0p3_b0p8,95,True,True,True,0.0
corrected_crp,full_seed11_bias_0p2_noise0p5_s13_a0p3_b0p8,109,True,True,True,0.0
corrected_crp,full_seed11_bias_0p2_noise0p5_s13_a0p3_b0p8,131,True,True,True,0.0
corrected_crp,full_seed11_bias_0p2_noise0p5_s13_a0p3_b0p8,162,True,True,True,0.0
corrected_crp,full_seed11_bias_0p2_noise0p5_s13_a0p3_b0p8,170,True,True,True,0.0
corrected_crp,full_seed11_bias_0p2_noise0p5_s13_a0p3_b0p8,174,True,True,True,0.0
corrected_crp,full_seed11_bias_0p2_noise0p5_s13_a0p3_b0p8,179,True,True,True,0.0
corrected_crp,full_seed11_bias_0p2_noise0p5_s5_a0p2_b0p7,89,True,True,True,-0.06283480224127125
corrected_crp,full_seed11_bias_0p2_noise0p5_s5_a0p2_b0p7,117,True,True,True,0.020490484078290017
corrected_crp,full_seed11_bias_0p2_noise0p5_s5_a0p2_b0p7,139,True,True,True,-0.2999655646210666
corrected_crp,full_seed11_bias_0p2_noise0p5_s5_a0p2_b0p7,159,True,True,True,-0.06121413987541513
corrected_crp,full_seed11_bias_0p2_noise0p5_s5_a0p3_b0p8,89,True,True,True,-0.0628348022412708
corrected_crp,full_seed11_bias_0p2_noise0p5_s5_a0p3_b0p8,117,True,True,True,0.02049048407829046
corrected_crp,full_seed11_bias_0p2_noise0p5_s5_a0p3_b0p8,139,True,True,True,-0.2999655646210666
corrected_crp,full_seed11_bias_0p2_noise0p5_s5_a0p3_b0p8,159,True,True,True,-0.06121413987541513
corrected_crp,full_seed11_bias_0p2_noise0p5_s9_a0p2_b0p7,93,True,True,True,0.0
corrected_crp,full_seed11_bias_0p2_noise0p5_s9_a0p2_b0p7,177,True,True,True,0.0
corrected_crp,full_seed11_bias_0p2_noise0p5_s9_a0p3_b0p8,93,True,True,True,-0.005360330073302055
corrected_crp,full_seed11_bias_0p2_noise0p5_s9_a0p3_b0p8,177,True,True,True,0.02406349448653855
corrected_crp,full_seed11_bias_0p3_noise0p1_s13_a0p2_b0p7,123,True,True,True,0.0
corrected_crp,full_seed11_bias_0p3_noise0p1_s13_a0p3_b0p8,123,True,True,True,0.0
corrected_crp,full_seed11_bias_0p3_noise0p25_s13_a0p2_b0p7,110,True,True,True,0.0
corrected_crp,full_seed11_bias_0p3_noise0p25_s13_a0p2_b0p7,116,True,True,True,0.0
corrected_crp,full_seed11_bias_0p3_noise0p25_s13_a0p2_b0p7,117,True,True,True,0.0
corrected_crp,full_seed11_bias_0p3_noise0p25_s13_a0p2_b0p7,120,True,True,True,0.0
corrected_crp,full_seed11_bias_0p3_noise0p25_s13_a0p2_b0p7,126,True,True,True,0.0
corrected_crp,full_seed11_bias_0p3_noise0p25_s13_a0p2_b0p7,151,True,True,True,0.0
corrected_crp,full_seed11_bias_0p3_noise0p25_s13_a0p3_b0p8,110,True,True,True,0.0
corrected_crp,full_seed11_bias_0p3_noise0p25_s13_a0p3_b0p8,116,True,True,True,0.0
corrected_crp,full_seed11_bias_0p3_noise0p25_s13_a0p3_b0p8,117,True,True,True,0.0
corrected_crp,full_seed11_bias_0p3_noise0p25_s13_a0p3_b0p8,120,True,True,True,0.0
corrected_crp,full_seed11_bias_0p3_noise0p25_s13_a0p3_b0p8,126,True,True,True,0.0
corrected_crp,full_seed11_bias_0p3_noise0p25_s13_a0p3_b0p8,151,True,True,True,0.0
corrected_crp,full_seed11_bias_0p3_noise0p25_s5_a0p2_b0p7,117,True,True,True,0.13306668857062043
corrected_crp,full_seed11_bias_0p3_noise0p25_s5_a0p2_b0p7,123,True,True,True,0.1948822707600768
corrected_crp,full_seed11_bias_0p3_noise0p25_s5_a0p2_b0p7,161,True,True,True,0.13732562990760222
corrected_crp,full_seed11_bias_0p3_noise0p25_s5_a0p3_b0p8,117,True,True,True,0.13306668857062087
corrected_crp,full_seed11_bias_0p3_noise0p25_s5_a0p3_b0p8,123,True,True,True,0.1948822707600768
corrected_crp,full_seed11_bias_0p3_noise0p25_s5_a0p3_b0p8,161,True,True,True,0.06866281495380111
corrected_crp,full_seed11_bias_0p3_noise0p25_s9_a0p2_b0p7,90,True,True,True,-0.02078458734718769
corrected_crp,full_seed11_bias_0p3_noise0p25_s9_a0p2_b0p7,107,True,True,True,0.0
corrected_crp,full_seed11_bias_0p3_noise0p25_s9_a0p2_b0p7,110,True,True,True,0.0
corrected_crp,full_seed11_bias_0p3_noise0p25_s9_a0p2_b0p7,126,True,True,True,0.0
corrected_crp,full_seed11_bias_0p3_noise0p25_s9_a0p2_b0p7,138,True,True,True,0.0
corrected_crp,full_seed11_bias_0p3_noise0p25_s9_a0p2_b0p7,171,True,True,True,0.0
corrected_crp,full_seed11_bias_0p3_noise0p25_s9_a0p3_b0p8,90,True,True,True,-0.08313834938875164
corrected_crp,full_seed11_bias_0p3_noise0p25_s9_a0p3_b0p8,107,True,True,True,-0.018762126482916752
corrected_crp,full_seed11_bias_0p3_noise0p25_s9_a0p3_b0p8,110,True,True,True,-0.011223745798898399
corrected_crp,full_seed11_bias_0p3_noise0p25_s9_a0p3_b0p8,126,True,True,True,0.06222625509450719
corrected_crp,full_seed11_bias_0p3_noise0p25_s9_a0p3_b0p8,138,True,True,True,-0.040718534163050935
corrected_crp,full_seed11_bias_0p3_noise0p25_s9_a0p3_b0p8,171,True,True,True,0.016747912429539547
corrected_crp,full_seed11_bias_0p3_noise0p5_s13_a0p2_b0p7,94,True,True,True,0.0
corrected_crp,full_seed11_bias_0p3_noise0p5_s13_a0p2_b0p7,102,True,True,True,0.0
corrected_crp,full_seed11_bias_0p3_noise0p5_s13_a0p2_b0p7,105,True,True,True,0.0
corrected_crp,full_seed11_bias_0p3_noise0p5_s13_a0p2_b0p7,106,True,True,True,0.0
corrected_crp,full_seed11_bias_0p3_noise0p5_s13_a0p2_b0p7,109,True,True,True,0.0
corrected_crp,full_seed11_bias_0p3_noise0p5_s13_a0p2_b0p7,116,True,True,True,0.0
corrected_crp,full_seed11_bias_0p3_noise0p5_s13_a0p2_b0p7,146,True,True,True,0.0
corrected_crp,full_seed11_bias_0p3_noise0p5_s13_a0p2_b0p7,147,True,True,True,0.0
corrected_crp,full_seed11_bias_0p3_noise0p5_s13_a0p2_b0p7,159,True,True,True,0.0
corrected_crp,full_seed11_bias_0p3_noise0p5_s13_a0p2_b0p7,162,True,True,True,0.0
corrected_crp,full_seed11_bias_0p3_noise0p5_s13_a0p2_b0p7,178,True,True,True,0.0
corrected_crp,full_seed11_bias_0p3_noise0p5_s13_a0p2_b0p7,179,True,True,True,0.0
corrected_crp,full_seed11_bias_0p3_noise0p5_s13_a0p3_b0p8,94,True,True,True,0.0
corrected_crp,full_seed11_bias_0p3_noise0p5_s13_a0p3_b0p8,102,True,True,True,0.0
corrected_crp,full_seed11_bias_0p3_noise0p5_s13_a0p3_b0p8,105,True,True,True,0.0
corrected_crp,full_seed11_bias_0p3_noise0p5_s13_a0p3_b0p8,106,True,True,True,0.0
corrected_crp,full_seed11_bias_0p3_noise0p5_s13_a0p3_b0p8,109,True,True,True,0.0
corrected_crp,full_seed11_bias_0p3_noise0p5_s13_a0p3_b0p8,116,True,True,True,0.0
corrected_crp,full_seed11_bias_0p3_noise0p5_s13_a0p3_b0p8,146,True,True,True,0.0
corrected_crp,full_seed11_bias_0p3_noise0p5_s13_a0p3_b0p8,147,True,True,True,0.0
corrected_crp,full_seed11_bias_0p3_noise0p5_s13_a0p3_b0p8,159,True,True,True,0.0
corrected_crp,full_seed11_bias_0p3_noise0p5_s13_a0p3_b0p8,162,True,True,True,0.0
corrected_crp,full_seed11_bias_0p3_noise0p5_s13_a0p3_b0p8,178,True,True,True,0.0
corrected_crp,full_seed11_bias_0p3_noise0p5_s13_a0p3_b0p8,179,True,True,True,0.0
corrected_crp,full_seed11_bias_0p3_noise0p5_s5_a0p2_b0p7,123,True,True,True,0.19326561621717264
corrected_crp,full_seed11_bias_0p3_noise0p5_s5_a0p3_b0p8,123,True,True,True,0.19326561621717286
corrected_crp,full_seed11_bias_0p3_noise0p5_s9_a0p2_b0p7,93,True,True,True,0.0
corrected_crp,full_seed11_bias_0p3_noise0p5_s9_a0p2_b0p7,110,True,True,True,0.0
corrected_crp,full_seed11_bias_0p3_noise0p5_s9_a0p2_b0p7,113,True,True,True,0.0
corrected_crp,full_seed11_bias_0p3_noise0p5_s9_a0p2_b0p7,123,True,True,True,0.0
corrected_crp,full_seed11_bias_0p3_noise0p5_s9_a0p2_b0p7,126,True,True,True,0.0
corrected_crp,full_seed11_bias_0p3_noise0p5_s9_a0p2_b0p7,134,True,True,True,0.016707737986886295
corrected_crp,full_seed11_bias_0p3_noise0p5_s9_a0p2_b0p7,138,True,True,True,0.0
corrected_crp,full_seed11_bias_0p3_noise0p5_s9_a0p2_b0p7,139,True,True,True,0.0
corrected_crp,full_seed11_bias_0p3_noise0p5_s9_a0p2_b0p7,167,True,True,True,5.3686756841475614e-05
corrected_crp,full_seed11_bias_0p3_noise0p5_s9_a0p2_b0p7,170,True,True,True,0.0
corrected_crp,full_seed11_bias_0p3_noise0p5_s9_a0p2_b0p7,171,True,True,True,0.022338597352032252
corrected_crp,full_seed11_bias_0p3_noise0p5_s9_a0p3_b0p8,93,True,True,True,-0.005360330073301611
corrected_crp,full_seed11_bias_0p3_noise0p5_s9_a0p3_b0p8,110,True,True,True,0.0139212614004256
corrected_crp,full_seed11_bias_0p3_noise0p5_s9_a0p3_b0p8,113,True,True,True,0.06732291254496126
corrected_crp,full_seed11_bias_0p3_noise0p5_s9_a0p3_b0p8,123,True,True,True,0.04831640405429316
corrected_crp,full_seed11_bias_0p3_noise0p5_s9_a0p3_b0p8,126,True,True,True,0.0753250502667766
corrected_crp,full_seed11_bias_0p3_noise0p5_s9_a0p3_b0p8,134,True,True,True,0.06683095194754474
corrected_crp,full_seed11_bias_0p3_noise0p5_s9_a0p3_b0p8,138,True,True,True,0.004566876121652186
corrected_crp,full_seed11_bias_0p3_noise0p5_s9_a0p3_b0p8,139,True,True,True,0.019337399654483445
corrected_crp,full_seed11_bias_0p3_noise0p5_s9_a0p3_b0p8,167,True,True,True,0.00021474702736501428
corrected_crp,full_seed11_bias_0p3_noise0p5_s9_a0p3_b0p8,170,True,True,True,0.030760948942835764
corrected_crp,full_seed11_bias_0p3_noise0p5_s9_a0p3_b0p8,171,True,True,True,0.08935438940812945
corrected_crp,full_seed11_bias_0p4_noise0p1_s13_a0p2_b0p7,180,True,True,True,0.0
corrected_crp,full_seed11_bias_0p4_noise0p1_s13_a0p3_b0p8,180,True,True,True,-0.0350897740856268
corrected_crp,full_seed11_bias_0p4_noise0p25_s13_a0p2_b0p7,88,True,True,True,0.0
corrected_crp,full_seed11_bias_0p4_noise0p25_s13_a0p2_b0p7,180,True,True,True,0.0
corrected_crp,full_seed11_bias_0p4_noise0p25_s13_a0p3_b0p8,88,True,True,True,0.0
corrected_crp,full_seed11_bias_0p4_noise0p25_s13_a0p3_b0p8,180,True,True,True,-0.08772443521406698
corrected_crp,full_seed11_bias_0p4_noise0p25_s5_a0p2_b0p7,117,True,True,True,0.13306668857062043
corrected_crp,full_seed11_bias_0p4_noise0p25_s5_a0p2_b0p7,123,True,True,True,0.1948822707600768
corrected_crp,full_seed11_bias_0p4_noise0p25_s5_a0p2_b0p7,161,True,True,True,0.13732562990760222
corrected_crp,full_seed11_bias_0p4_noise0p25_s5_a0p3_b0p8,117,True,True,True,0.13306668857062087
corrected_crp,full_seed11_bias_0p4_noise0p25_s5_a0p3_b0p8,123,True,True,True,0.1948822707600768
corrected_crp,full_seed11_bias_0p4_noise0p25_s5_a0p3_b0p8,161,True,True,True,0.06866281495380111
corrected_crp,full_seed11_bias_0p4_noise0p25_s9_a0p2_b0p7,88,True,True,True,0.0
corrected_crp,full_seed11_bias_0p4_noise0p25_s9_a0p3_b0p8,88,True,True,True,0.010331800088946741
corrected_crp,full_seed11_bias_0p4_noise0p5_s13_a0p2_b0p7,94,True,True,True,0.0
corrected_crp,full_seed11_bias_0p4_noise0p5_s13_a0p2_b0p7,95,True,True,True,0.0
corrected_crp,full_seed11_bias_0p4_noise0p5_s13_a0p2_b0p7,96,True,True,True,0.0
corrected_crp,full_seed11_bias_0p4_noise0p5_s13_a0p2_b0p7,101,True,True,True,0.0
corrected_crp,full_seed11_bias_0p4_noise0p5_s13_a0p2_b0p7,102,True,True,True,0.0
corrected_crp,full_seed11_bias_0p4_noise0p5_s13_a0p2_b0p7,106,True,True,True,0.0
corrected_crp,full_seed11_bias_0p4_noise0p5_s13_a0p2_b0p7,109,True,True,True,0.0
corrected_crp,full_seed11_bias_0p4_noise0p5_s13_a0p2_b0p7,110,True,True,True,0.0
corrected_crp,full_seed11_bias_0p4_noise0p5_s13_a0p2_b0p7,115,True,True,True,0.0
corrected_crp,full_seed11_bias_0p4_noise0p5_s13_a0p2_b0p7,116,True,True,True,0.0
corrected_crp,full_seed11_bias_0p4_noise0p5_s13_a0p2_b0p7,121,True,True,True,0.0
corrected_crp,full_seed11_bias_0p4_noise0p5_s13_a0p2_b0p7,130,True,True,True,0.0
corrected_crp,full_seed11_bias_0p4_noise0p5_s13_a0p2_b0p7,134,True,True,True,0.0
corrected_crp,full_seed11_bias_0p4_noise0p5_s13_a0p2_b0p7,139,True,True,True,0.0
corrected_crp,full_seed11_bias_0p4_noise0p5_s13_a0p2_b0p7,144,True,True,True,0.0
corrected_crp,full_seed11_bias_0p4_noise0p5_s13_a0p2_b0p7,147,True,True,True,0.0
corrected_crp,full_seed11_bias_0p4_noise0p5_s13_a0p2_b0p7,160,True,True,True,0.0
corrected_crp,full_seed11_bias_0p4_noise0p5_s13_a0p2_b0p7,162,True,True,True,0.0
corrected_crp,full_seed11_bias_0p4_noise0p5_s13_a0p2_b0p7,163,True,True,True,0.0
corrected_crp,full_seed11_bias_0p4_noise0p5_s13_a0p2_b0p7,164,True,True,True,0.0
corrected_crp,full_seed11_bias_0p4_noise0p5_s13_a0p2_b0p7,170,True,True,True,0.0
corrected_crp,full_seed11_bias_0p4_noise0p5_s13_a0p2_b0p7,175,True,True,True,0.0
corrected_crp,full_seed11_bias_0p4_noise0p5_s13_a0p2_b0p7,178,True,True,True,0.0
corrected_crp,full_seed11_bias_0p4_noise0p5_s13_a0p2_b0p7,179,True,True,True,0.0
corrected_crp,full_seed11_bias_0p4_noise0p5_s13_a0p3_b0p8,94,True,True,True,0.0
corrected_crp,full_seed11_bias_0p4_noise0p5_s13_a0p3_b0p8,95,True,True,True,0.0
corrected_crp,full_seed11_bias_0p4_noise0p5_s13_a0p3_b0p8,96,True,True,True,0.0
corrected_crp,full_seed11_bias_0p4_noise0p5_s13_a0p3_b0p8,101,True,True,True,0.0
corrected_crp,full_seed11_bias_0p4_noise0p5_s13_a0p3_b0p8,102,True,True,True,0.0
corrected_crp,full_seed11_bias_0p4_noise0p5_s13_a0p3_b0p8,106,True,True,True,0.0
corrected_crp,full_seed11_bias_0p4_noise0p5_s13_a0p3_b0p8,109,True,True,True,0.0
corrected_crp,full_seed11_bias_0p4_noise0p5_s13_a0p3_b0p8,110,True,True,True,0.0
corrected_crp,full_seed11_bias_0p4_noise0p5_s13_a0p3_b0p8,115,True,True,True,0.0
corrected_crp,full_seed11_bias_0p4_noise0p5_s13_a0p3_b0p8,116,True,True,True,0.0
corrected_crp,full_seed11_bias_0p4_noise0p5_s13_a0p3_b0p8,121,True,True,True,0.0
corrected_crp,full_seed11_bias_0p4_noise0p5_s13_a0p3_b0p8,130,True,True,True,0.0
corrected_crp,full_seed11_bias_0p4_noise0p5_s13_a0p3_b0p8,134,True,True,True,0.0
corrected_crp,full_seed11_bias_0p4_noise0p5_s13_a0p3_b0p8,139,True,True,True,0.0
corrected_crp,full_seed11_bias_0p4_noise0p5_s13_a0p3_b0p8,144,True,True,True,0.0
corrected_crp,full_seed11_bias_0p4_noise0p5_s13_a0p3_b0p8,147,True,True,True,0.0
corrected_crp,full_seed11_bias_0p4_noise0p5_s13_a0p3_b0p8,160,True,True,True,0.0
corrected_crp,full_seed11_bias_0p4_noise0p5_s13_a0p3_b0p8,162,True,True,True,0.0
corrected_crp,full_seed11_bias_0p4_noise0p5_s13_a0p3_b0p8,163,True,True,True,0.0
corrected_crp,full_seed11_bias_0p4_noise0p5_s13_a0p3_b0p8,164,True,True,True,0.0
corrected_crp,full_seed11_bias_0p4_noise0p5_s13_a0p3_b0p8,170,True,True,True,0.0
corrected_crp,full_seed11_bias_0p4_noise0p5_s13_a0p3_b0p8,175,True,True,True,0.0
corrected_crp,full_seed11_bias_0p4_noise0p5_s13_a0p3_b0p8,178,True,True,True,0.0
corrected_crp,full_seed11_bias_0p4_noise0p5_s13_a0p3_b0p8,179,True,True,True,0.0
corrected_crp,full_seed11_bias_0p4_noise0p5_s5_a0p2_b0p7,123,True,True,True,0.19326561621717264
corrected_crp,full_seed11_bias_0p4_noise0p5_s5_a0p3_b0p8,123,True,True,True,0.19326561621717286
corrected_crp,full_seed11_bias_0p4_noise0p5_s9_a0p2_b0p7,139,True,True,True,0.0
corrected_crp,full_seed11_bias_0p4_noise0p5_s9_a0p2_b0p7,163,True,True,True,0.0
corrected_crp,full_seed11_bias_0p4_noise0p5_s9_a0p3_b0p8,139,True,True,True,-0.0029219870022725303
corrected_crp,full_seed11_bias_0p4_noise0p5_s9_a0p3_b0p8,163,True,True,True,0.0665544981995363
corrected_crp,full_seed11_drift_0p0_noise0p5_s13_a0p2_b0p7,89,True,True,True,0.0
corrected_crp,full_seed11_drift_0p0_noise0p5_s13_a0p2_b0p7,113,True,True,True,0.0
corrected_crp,full_seed11_drift_0p0_noise0p5_s13_a0p2_b0p7,171,True,True,True,0.0
corrected_crp,full_seed11_drift_0p0_noise0p5_s13_a0p2_b0p7,176,True,True,True,0.0
corrected_crp,full_seed11_drift_0p0_noise0p5_s13_a0p3_b0p8,89,True,True,True,0.0
corrected_crp,full_seed11_drift_0p0_noise0p5_s13_a0p3_b0p8,113,True,True,True,0.0
corrected_crp,full_seed11_drift_0p0_noise0p5_s13_a0p3_b0p8,171,True,True,True,0.0
corrected_crp,full_seed11_drift_0p0_noise0p5_s13_a0p3_b0p8,176,True,True,True,0.0
corrected_crp,full_seed11_drift_0p1_noise0p5_s13_a0p2_b0p7,89,True,True,True,0.0
corrected_crp,full_seed11_drift_0p1_noise0p5_s13_a0p2_b0p7,92,True,True,True,0.0
corrected_crp,full_seed11_drift_0p1_noise0p5_s13_a0p2_b0p7,113,True,True,True,0.0
corrected_crp,full_seed11_drift_0p1_noise0p5_s13_a0p2_b0p7,144,True,True,True,0.0
corrected_crp,full_seed11_drift_0p1_noise0p5_s13_a0p2_b0p7,176,True,True,True,0.0
corrected_crp,full_seed11_drift_0p1_noise0p5_s13_a0p3_b0p8,89,True,True,True,0.0
corrected_crp,full_seed11_drift_0p1_noise0p5_s13_a0p3_b0p8,92,True,True,True,0.0
corrected_crp,full_seed11_drift_0p1_noise0p5_s13_a0p3_b0p8,113,True,True,True,0.0
corrected_crp,full_seed11_drift_0p1_noise0p5_s13_a0p3_b0p8,144,True,True,True,0.0
corrected_crp,full_seed11_drift_0p1_noise0p5_s13_a0p3_b0p8,176,True,True,True,0.0
corrected_crp,full_seed11_drift_0p2_noise0p25_s13_a0p2_b0p7,171,True,True,True,0.0
corrected_crp,full_seed11_drift_0p2_noise0p25_s13_a0p3_b0p8,171,True,True,True,0.0
corrected_crp,full_seed11_drift_0p2_noise0p5_s13_a0p2_b0p7,89,True,True,True,0.0
corrected_crp,full_seed11_drift_0p2_noise0p5_s13_a0p2_b0p7,92,True,True,True,0.0
corrected_crp,full_seed11_drift_0p2_noise0p5_s13_a0p2_b0p7,139,True,True,True,0.0
corrected_crp,full_seed11_drift_0p2_noise0p5_s13_a0p2_b0p7,147,True,True,True,0.0
corrected_crp,full_seed11_drift_0p2_noise0p5_s13_a0p2_b0p7,157,True,True,True,0.0
corrected_crp,full_seed11_drift_0p2_noise0p5_s13_a0p2_b0p7,170,True,True,True,0.0
corrected_crp,full_seed11_drift_0p2_noise0p5_s13_a0p2_b0p7,179,True,True,True,0.0
corrected_crp,full_seed11_drift_0p2_noise0p5_s13_a0p3_b0p8,89,True,True,True,0.0
corrected_crp,full_seed11_drift_0p2_noise0p5_s13_a0p3_b0p8,92,True,True,True,0.0
corrected_crp,full_seed11_drift_0p2_noise0p5_s13_a0p3_b0p8,139,True,True,True,0.0
corrected_crp,full_seed11_drift_0p2_noise0p5_s13_a0p3_b0p8,147,True,True,True,0.0
corrected_crp,full_seed11_drift_0p2_noise0p5_s13_a0p3_b0p8,157,True,True,True,0.0
corrected_crp,full_seed11_drift_0p2_noise0p5_s13_a0p3_b0p8,170,True,True,True,0.0
corrected_crp,full_seed11_drift_0p2_noise0p5_s13_a0p3_b0p8,179,True,True,True,0.0
corrected_crp,full_seed11_drift_0p3_noise0p25_s5_a0p2_b0p7,161,True,True,True,0.13732562990760266
corrected_crp,full_seed11_drift_0p3_noise0p25_s5_a0p3_b0p8,161,True,True,True,0.06866281495380111
corrected_crp,full_seed11_drift_0p3_noise0p5_s13_a0p2_b0p7,89,True,True,True,0.0
corrected_crp,full_seed11_drift_0p3_noise0p5_s13_a0p2_b0p7,92,True,True,True,0.0
corrected_crp,full_seed11_drift_0p3_noise0p5_s13_a0p2_b0p7,109,True,True,True,0.0
corrected_crp,full_seed11_drift_0p3_noise0p5_s13_a0p2_b0p7,147,True,True,True,0.0
corrected_crp,full_seed11_drift_0p3_noise0p5_s13_a0p2_b0p7,164,True,True,True,0.0
corrected_crp,full_seed11_drift_0p3_noise0p5_s13_a0p2_b0p7,167,True,True,True,0.0
corrected_crp,full_seed11_drift_0p3_noise0p5_s13_a0p2_b0p7,170,True,True,True,0.0
corrected_crp,full_seed11_drift_0p3_noise0p5_s13_a0p2_b0p7,177,True,True,True,0.0
corrected_crp,full_seed11_drift_0p3_noise0p5_s13_a0p2_b0p7,178,True,True,True,0.0
corrected_crp,full_seed11_drift_0p3_noise0p5_s13_a0p2_b0p7,179,True,True,True,0.0
corrected_crp,full_seed11_drift_0p3_noise0p5_s13_a0p3_b0p8,89,True,True,True,0.0
corrected_crp,full_seed11_drift_0p3_noise0p5_s13_a0p3_b0p8,92,True,True,True,0.0
corrected_crp,full_seed11_drift_0p3_noise0p5_s13_a0p3_b0p8,109,True,True,True,0.0
corrected_crp,full_seed11_drift_0p3_noise0p5_s13_a0p3_b0p8,147,True,True,True,0.0
corrected_crp,full_seed11_drift_0p3_noise0p5_s13_a0p3_b0p8,164,True,True,True,0.0
corrected_crp,full_seed11_drift_0p3_noise0p5_s13_a0p3_b0p8,167,True,True,True,0.0
corrected_crp,full_seed11_drift_0p3_noise0p5_s13_a0p3_b0p8,170,True,True,True,0.0
corrected_crp,full_seed11_drift_0p3_noise0p5_s13_a0p3_b0p8,177,True,True,True,0.0
corrected_crp,full_seed11_drift_0p3_noise0p5_s13_a0p3_b0p8,178,True,True,True,0.0
corrected_crp,full_seed11_drift_0p3_noise0p5_s13_a0p3_b0p8,179,True,True,True,0.0
corrected_crp,full_seed11_drift_0p3_noise0p5_s5_a0p2_b0p7,151,True,True,True,-0.0749292444237577
corrected_crp,full_seed11_drift_0p3_noise0p5_s5_a0p3_b0p8,151,True,True,True,-0.0749292444237577
corrected_crp,full_seed11_drift_0p3_noise0p5_s9_a0p2_b0p7,115,True,True,True,0.0
corrected_crp,full_seed11_drift_0p3_noise0p5_s9_a0p2_b0p7,138,True,True,True,0.0
corrected_crp,full_seed11_drift_0p3_noise0p5_s9_a0p2_b0p7,140,True,True,True,0.0
corrected_crp,full_seed11_drift_0p3_noise0p5_s9_a0p3_b0p8,115,True,True,True,0.004150829715636295
corrected_crp,full_seed11_drift_0p3_noise0p5_s9_a0p3_b0p8,138,True,True,True,0.004566876121652186
corrected_crp,full_seed11_drift_0p3_noise0p5_s9_a0p3_b0p8,140,True,True,True,0.008931669403549947
corrected_crp,full_seed11_drift_0p4_noise0p25_s5_a0p2_b0p7,161,True,True,True,0.13732562990760266
corrected_crp,full_seed11_drift_0p4_noise0p25_s5_a0p3_b0p8,161,True,True,True,0.06866281495380111
corrected_crp,full_seed11_drift_0p4_noise0p5_s13_a0p2_b0p7,92,True,True,True,0.0
corrected_crp,full_seed11_drift_0p4_noise0p5_s13_a0p2_b0p7,101,True,True,True,0.0
corrected_crp,full_seed11_drift_0p4_noise0p5_s13_a0p2_b0p7,109,True,True,True,0.0
corrected_crp,full_seed11_drift_0p4_noise0p5_s13_a0p2_b0p7,147,True,True,True,0.0
corrected_crp,full_seed11_drift_0p4_noise0p5_s13_a0p2_b0p7,163,True,True,True,0.0
corrected_crp,full_seed11_drift_0p4_noise0p5_s13_a0p2_b0p7,164,True,True,True,0.0
corrected_crp,full_seed11_drift_0p4_noise0p5_s13_a0p2_b0p7,167,True,True,True,0.0
corrected_crp,full_seed11_drift_0p4_noise0p5_s13_a0p2_b0p7,168,True,True,True,0.0
corrected_crp,full_seed11_drift_0p4_noise0p5_s13_a0p2_b0p7,178,True,True,True,0.0
corrected_crp,full_seed11_drift_0p4_noise0p5_s13_a0p2_b0p7,179,True,True,True,0.0
corrected_crp,full_seed11_drift_0p4_noise0p5_s13_a0p3_b0p8,92,True,True,True,0.0
corrected_crp,full_seed11_drift_0p4_noise0p5_s13_a0p3_b0p8,101,True,True,True,0.0
corrected_crp,full_seed11_drift_0p4_noise0p5_s13_a0p3_b0p8,109,True,True,True,0.0
corrected_crp,full_seed11_drift_0p4_noise0p5_s13_a0p3_b0p8,147,True,True,True,0.0
corrected_crp,full_seed11_drift_0p4_noise0p5_s13_a0p3_b0p8,163,True,True,True,0.0
corrected_crp,full_seed11_drift_0p4_noise0p5_s13_a0p3_b0p8,164,True,True,True,0.0
corrected_crp,full_seed11_drift_0p4_noise0p5_s13_a0p3_b0p8,167,True,True,True,0.0
corrected_crp,full_seed11_drift_0p4_noise0p5_s13_a0p3_b0p8,168,True,True,True,0.0
corrected_crp,full_seed11_drift_0p4_noise0p5_s13_a0p3_b0p8,178,True,True,True,0.0
corrected_crp,full_seed11_drift_0p4_noise0p5_s13_a0p3_b0p8,179,True,True,True,0.0
corrected_crp,full_seed11_drift_0p4_noise0p5_s5_a0p2_b0p7,151,True,True,True,-0.0749292444237577
corrected_crp,full_seed11_drift_0p4_noise0p5_s5_a0p3_b0p8,151,True,True,True,-0.0749292444237577
corrected_crp,full_seed11_drift_0p4_noise0p5_s9_a0p2_b0p7,115,True,True,True,0.0
corrected_crp,full_seed11_drift_0p4_noise0p5_s9_a0p2_b0p7,163,True,True,True,0.0
corrected_crp,full_seed11_drift_0p4_noise0p5_s9_a0p3_b0p8,115,True,True,True,0.004150829715636295
corrected_crp,full_seed11_drift_0p4_noise0p5_s9_a0p3_b0p8,163,True,True,True,0.0665544981995363
corrected_crp,full_seed11_freeze_0p0_noise0p5_s13_a0p2_b0p7,89,True,True,True,0.0
corrected_crp,full_seed11_freeze_0p0_noise0p5_s13_a0p2_b0p7,113,True,True,True,0.0
corrected_crp,full_seed11_freeze_0p0_noise0p5_s13_a0p2_b0p7,171,True,True,True,0.0
corrected_crp,full_seed11_freeze_0p0_noise0p5_s13_a0p2_b0p7,176,True,True,True,0.0
corrected_crp,full_seed11_freeze_0p0_noise0p5_s13_a0p3_b0p8,89,True,True,True,0.0
corrected_crp,full_seed11_freeze_0p0_noise0p5_s13_a0p3_b0p8,113,True,True,True,0.0
corrected_crp,full_seed11_freeze_0p0_noise0p5_s13_a0p3_b0p8,171,True,True,True,0.0
corrected_crp,full_seed11_freeze_0p0_noise0p5_s13_a0p3_b0p8,176,True,True,True,0.0
corrected_crp,full_seed11_freeze_0p1_noise0p5_s13_a0p2_b0p7,89,True,True,True,0.0
corrected_crp,full_seed11_freeze_0p1_noise0p5_s13_a0p2_b0p7,91,True,True,True,0.0
corrected_crp,full_seed11_freeze_0p1_noise0p5_s13_a0p3_b0p8,89,True,True,True,0.0
corrected_crp,full_seed11_freeze_0p1_noise0p5_s13_a0p3_b0p8,91,True,True,True,0.0
corrected_crp,full_seed11_freeze_0p2_noise0p5_s13_a0p2_b0p7,91,True,True,True,0.0
corrected_crp,full_seed11_freeze_0p2_noise0p5_s13_a0p3_b0p8,91,True,True,True,0.0
corrected_crp,full_seed11_freeze_0p3_noise0p5_s13_a0p2_b0p7,89,True,True,True,0.0
corrected_crp,full_seed11_freeze_0p3_noise0p5_s13_a0p2_b0p7,91,True,True,True,0.0
corrected_crp,full_seed11_freeze_0p3_noise0p5_s13_a0p3_b0p8,89,True,True,True,0.0
corrected_crp,full_seed11_freeze_0p3_noise0p5_s13_a0p3_b0p8,91,True,True,True,0.0
corrected_crp,full_seed11_freeze_0p3_noise0p5_s9_a0p2_b0p7,140,True,True,True,0.0
corrected_crp,full_seed11_freeze_0p3_noise0p5_s9_a0p3_b0p8,140,True,True,True,0.05351687235679092
corrected_crp,full_seed11_freeze_0p4_noise0p5_s13_a0p2_b0p7,91,True,True,True,0.0
corrected_crp,full_seed11_freeze_0p4_noise0p5_s13_a0p3_b0p8,91,True,True,True,0.0
corrected_crp,full_seed11_mixed_0p0_noise0p5_s13_a0p2_b0p7,89,True,True,True,0.0
corrected_crp,full_seed11_mixed_0p0_noise0p5_s13_a0p2_b0p7,113,True,True,True,0.0
corrected_crp,full_seed11_mixed_0p0_noise0p5_s13_a0p2_b0p7,171,True,True,True,0.0
corrected_crp,full_seed11_mixed_0p0_noise0p5_s13_a0p2_b0p7,176,True,True,True,0.0
corrected_crp,full_seed11_mixed_0p0_noise0p5_s13_a0p3_b0p8,89,True,True,True,0.0
corrected_crp,full_seed11_mixed_0p0_noise0p5_s13_a0p3_b0p8,113,True,True,True,0.0
corrected_crp,full_seed11_mixed_0p0_noise0p5_s13_a0p3_b0p8,171,True,True,True,0.0
corrected_crp,full_seed11_mixed_0p0_noise0p5_s13_a0p3_b0p8,176,True,True,True,0.0
corrected_crp,full_seed11_mixed_0p1_noise0p1_s13_a0p2_b0p7,93,True,True,True,0.0
corrected_crp,full_seed11_mixed_0p1_noise0p1_s13_a0p2_b0p7,97,True,True,True,0.0
corrected_crp,full_seed11_mixed_0p1_noise0p1_s13_a0p2_b0p7,99,True,True,True,0.0
corrected_crp,full_seed11_mixed_0p1_noise0p1_s13_a0p2_b0p7,101,True,True,True,0.0
corrected_crp,full_seed11_mixed_0p1_noise0p1_s13_a0p2_b0p7,153,True,True,True,0.0
corrected_crp,full_seed11_mixed_0p1_noise0p1_s13_a0p2_b0p7,155,True,True,True,0.0
corrected_crp,full_seed11_mixed_0p1_noise0p1_s13_a0p2_b0p7,159,True,True,True,0.0
corrected_crp,full_seed11_mixed_0p1_noise0p1_s13_a0p2_b0p7,161,True,True,True,0.0
corrected_crp,full_seed11_mixed_0p1_noise0p1_s13_a0p2_b0p7,162,True,True,True,0.0
corrected_crp,full_seed11_mixed_0p1_noise0p1_s13_a0p3_b0p8,93,True,True,True,0.0
corrected_crp,full_seed11_mixed_0p1_noise0p1_s13_a0p3_b0p8,97,True,True,True,0.0
corrected_crp,full_seed11_mixed_0p1_noise0p1_s13_a0p3_b0p8,99,True,True,True,0.0
corrected_crp,full_seed11_mixed_0p1_noise0p1_s13_a0p3_b0p8,101,True,True,True,0.0
corrected_crp,full_seed11_mixed_0p1_noise0p1_s13_a0p3_b0p8,153,True,True,True,0.0
corrected_crp,full_seed11_mixed_0p1_noise0p1_s13_a0p3_b0p8,155,True,True,True,0.0
corrected_crp,full_seed11_mixed_0p1_noise0p1_s13_a0p3_b0p8,159,True,True,True,0.0
corrected_crp,full_seed11_mixed_0p1_noise0p1_s13_a0p3_b0p8,161,True,True,True,0.0
corrected_crp,full_seed11_mixed_0p1_noise0p1_s13_a0p3_b0p8,162,True,True,True,0.0
corrected_crp,full_seed11_mixed_0p1_noise0p1_s9_a0p2_b0p7,85,True,True,True,0.0
corrected_crp,full_seed11_mixed_0p1_noise0p1_s9_a0p2_b0p7,99,True,True,True,0.0
corrected_crp,full_seed11_mixed_0p1_noise0p1_s9_a0p2_b0p7,151,True,True,True,0.0
corrected_crp,full_seed11_mixed_0p1_noise0p1_s9_a0p2_b0p7,152,True,True,True,0.0
corrected_crp,full_seed11_mixed_0p1_noise0p1_s9_a0p2_b0p7,154,True,True,True,0.0
corrected_crp,full_seed11_mixed_0p1_noise0p1_s9_a0p3_b0p8,85,True,True,True,-0.005595534663599189
corrected_crp,full_seed11_mixed_0p1_noise0p1_s9_a0p3_b0p8,99,True,True,True,0.027489203300087084
corrected_crp,full_seed11_mixed_0p1_noise0p1_s9_a0p3_b0p8,151,True,True,True,0.0024417964342293708
corrected_crp,full_seed11_mixed_0p1_noise0p1_s9_a0p3_b0p8,152,True,True,True,-0.015026240592313167
corrected_crp,full_seed11_mixed_0p1_noise0p1_s9_a0p3_b0p8,154,True,True,True,-0.017669858719153275
corrected_crp,full_seed11_mixed_0p1_noise0p25_s13_a0p2_b0p7,155,True,True,True,0.0
corrected_crp,full_seed11_mixed_0p1_noise0p25_s13_a0p2_b0p7,156,True,True,True,0.0
corrected_crp,full_seed11_mixed_0p1_noise0p25_s13_a0p2_b0p7,159,True,True,True,0.0
corrected_crp,full_seed11_mixed_0p1_noise0p25_s13_a0p2_b0p7,161,True,True,True,0.0
corrected_crp,full_seed11_mixed_0p1_noise0p25_s13_a0p3_b0p8,155,True,True,True,0.0
corrected_crp,full_seed11_mixed_0p1_noise0p25_s13_a0p3_b0p8,156,True,True,True,0.0
corrected_crp,full_seed11_mixed_0p1_noise0p25_s13_a0p3_b0p8,159,True,True,True,0.0
corrected_crp,full_seed11_mixed_0p1_noise0p25_s13_a0p3_b0p8,161,True,True,True,0.0
corrected_crp,full_seed11_mixed_0p1_noise0p25_s9_a0p2_b0p7,151,True,True,True,0.0
corrected_crp,full_seed11_mixed_0p1_noise0p25_s9_a0p2_b0p7,152,True,True,True,0.0
corrected_crp,full_seed11_mixed_0p1_noise0p25_s9_a0p2_b0p7,154,True,True,True,0.0
corrected_crp,full_seed11_mixed_0p1_noise0p25_s9_a0p3_b0p8,151,True,True,True,0.006119195451286252
corrected_crp,full_seed11_mixed_0p1_noise0p25_s9_a0p3_b0p8,152,True,True,True,-0.02500708196723278
corrected_crp,full_seed11_mixed_0p1_noise0p25_s9_a0p3_b0p8,154,True,True,True,0.004979868824422473
corrected_crp,full_seed11_mixed_0p1_noise0p5_s13_a0p2_b0p7,92,True,True,True,0.0
corrected_crp,full_seed11_mixed_0p1_noise0p5_s13_a0p2_b0p7,100,True,True,True,0.0
corrected_crp,full_seed11_mixed_0p1_noise0p5_s13_a0p2_b0p7,113,True,True,True,0.0
corrected_crp,full_seed11_mixed_0p1_noise0p5_s13_a0p2_b0p7,150,True,True,True,0.0
corrected_crp,full_seed11_mixed_0p1_noise0p5_s13_a0p2_b0p7,155,True,True,True,0.0
corrected_crp,full_seed11_mixed_0p1_noise0p5_s13_a0p2_b0p7,156,True,True,True,0.0
corrected_crp,full_seed11_mixed_0p1_noise0p5_s13_a0p2_b0p7,161,True,True,True,0.0
corrected_crp,full_seed11_mixed_0p1_noise0p5_s13_a0p2_b0p7,162,True,True,True,0.0
corrected_crp,full_seed11_mixed_0p1_noise0p5_s13_a0p2_b0p7,171,True,True,True,0.0
corrected_crp,full_seed11_mixed_0p1_noise0p5_s13_a0p3_b0p8,92,True,True,True,0.0
corrected_crp,full_seed11_mixed_0p1_noise0p5_s13_a0p3_b0p8,100,True,True,True,0.0
corrected_crp,full_seed11_mixed_0p1_noise0p5_s13_a0p3_b0p8,113,True,True,True,0.0
corrected_crp,full_seed11_mixed_0p1_noise0p5_s13_a0p3_b0p8,150,True,True,True,0.0
corrected_crp,full_seed11_mixed_0p1_noise0p5_s13_a0p3_b0p8,155,True,True,True,0.0
corrected_crp,full_seed11_mixed_0p1_noise0p5_s13_a0p3_b0p8,156,True,True,True,0.0
corrected_crp,full_seed11_mixed_0p1_noise0p5_s13_a0p3_b0p8,161,True,True,True,0.0
corrected_crp,full_seed11_mixed_0p1_noise0p5_s13_a0p3_b0p8,162,True,True,True,0.0
corrected_crp,full_seed11_mixed_0p1_noise0p5_s13_a0p3_b0p8,171,True,True,True,0.0
corrected_crp,full_seed11_mixed_0p1_noise0p5_s9_a0p2_b0p7,86,True,True,True,0.0
corrected_crp,full_seed11_mixed_0p1_noise0p5_s9_a0p2_b0p7,146,True,True,True,0.0
corrected_crp,full_seed11_mixed_0p1_noise0p5_s9_a0p3_b0p8,86,True,True,True,-0.01693036378834667
corrected_crp,full_seed11_mixed_0p1_noise0p5_s9_a0p3_b0p8,146,True,True,True,0.02424645368309264
corrected_crp,full_seed11_mixed_0p2_noise0p1_s13_a0p2_b0p7,150,True,True,True,0.0
corrected_crp,full_seed11_mixed_0p2_noise0p1_s13_a0p2_b0p7,156,True,True,True,0.0
corrected_crp,full_seed11_mixed_0p2_noise0p1_s13_a0p2_b0p7,157,True,True,True,0.0
corrected_crp,full_seed11_mixed_0p2_noise0p1_s13_a0p3_b0p8,150,True,True,True,0.0
corrected_crp,full_seed11_mixed_0p2_noise0p1_s13_a0p3_b0p8,156,True,True,True,0.0
corrected_crp,full_seed11_mixed_0p2_noise0p1_s13_a0p3_b0p8,157,True,True,True,0.0
corrected_crp,full_seed11_mixed_0p2_noise0p1_s5_a0p2_b0p7,85,True,True,True,-0.022382138654395867
corrected_crp,full_seed11_mixed_0p2_noise0p1_s5_a0p2_b0p7,94,True,True,True,0.02709787031064881
corrected_crp,full_seed11_mixed_0p2_noise0p1_s5_a0p2_b0p7,143,True,True,True,-0.26806897009437747
corrected_crp,full_seed11_mixed_0p2_noise0p1_s5_a0p2_b0p7,150,True,True,True,-0.08068774558646097
corrected_crp,full_seed11_mixed_0p2_noise0p1_s5_a0p3_b0p8,85,True,True,True,-0.022382138654395867
corrected_crp,full_seed11_mixed_0p2_noise0p1_s5_a0p3_b0p8,94,True,True,True,0.027097870310648364
corrected_crp,full_seed11_mixed_0p2_noise0p1_s5_a0p3_b0p8,143,True,True,True,-0.26806897009437813
corrected_crp,full_seed11_mixed_0p2_noise0p1_s5_a0p3_b0p8,150,True,True,True,-0.08068774558646097
corrected_crp,full_seed11_mixed_0p2_noise0p25_s13_a0p2_b0p7,94,True,True,True,0.0
corrected_crp,full_seed11_mixed_0p2_noise0p25_s13_a0p2_b0p7,95,True,True,True,0.0
corrected_crp,full_seed11_mixed_0p2_noise0p25_s13_a0p2_b0p7,142,True,True,True,0.0
corrected_crp,full_seed11_mixed_0p2_noise0p25_s13_a0p2_b0p7,150,True,True,True,0.0
corrected_crp,full_seed11_mixed_0p2_noise0p25_s13_a0p2_b0p7,157,True,True,True,0.0
corrected_crp,full_seed11_mixed_0p2_noise0p25_s13_a0p3_b0p8,94,True,True,True,0.0
corrected_crp,full_seed11_mixed_0p2_noise0p25_s13_a0p3_b0p8,95,True,True,True,0.0
corrected_crp,full_seed11_mixed_0p2_noise0p25_s13_a0p3_b0p8,142,True,True,True,0.0
corrected_crp,full_seed11_mixed_0p2_noise0p25_s13_a0p3_b0p8,150,True,True,True,0.0
corrected_crp,full_seed11_mixed_0p2_noise0p25_s13_a0p3_b0p8,157,True,True,True,0.0
corrected_crp,full_seed11_mixed_0p2_noise0p25_s9_a0p2_b0p7,88,True,True,True,0.0
corrected_crp,full_seed11_mixed_0p2_noise0p25_s9_a0p3_b0p8,88,True,True,True,-0.021583565026908502
corrected_crp,full_seed11_mixed_0p2_noise0p5_s13_a0p2_b0p7,89,True,True,True,0.0
corrected_crp,full_seed11_mixed_0p2_noise0p5_s13_a0p2_b0p7,95,True,True,True,0.0
corrected_crp,full_seed11_mixed_0p2_noise0p5_s13_a0p2_b0p7,113,True,True,True,0.0
corrected_crp,full_seed11_mixed_0p2_noise0p5_s13_a0p2_b0p7,171,True,True,True,0.0
corrected_crp,full_seed11_mixed_0p2_noise0p5_s13_a0p2_b0p7,176,True,True,True,0.0
corrected_crp,full_seed11_mixed_0p2_noise0p5_s13_a0p3_b0p8,89,True,True,True,0.0
corrected_crp,full_seed11_mixed_0p2_noise0p5_s13_a0p3_b0p8,95,True,True,True,0.0
corrected_crp,full_seed11_mixed_0p2_noise0p5_s13_a0p3_b0p8,113,True,True,True,0.0
corrected_crp,full_seed11_mixed_0p2_noise0p5_s13_a0p3_b0p8,171,True,True,True,0.0
corrected_crp,full_seed11_mixed_0p2_noise0p5_s13_a0p3_b0p8,176,True,True,True,0.0
corrected_crp,full_seed11_mixed_0p2_noise0p5_s5_a0p2_b0p7,89,True,True,True,-0.06283480224127125
corrected_crp,full_seed11_mixed_0p2_noise0p5_s5_a0p2_b0p7,143,True,True,True,-0.2587858239494587
corrected_crp,full_seed11_mixed_0p2_noise0p5_s5_a0p2_b0p7,159,True,True,True,-0.06121413987541513
corrected_crp,full_seed11_mixed_0p2_noise0p5_s5_a0p3_b0p8,89,True,True,True,-0.0628348022412708
corrected_crp,full_seed11_mixed_0p2_noise0p5_s5_a0p3_b0p8,143,True,True,True,-0.2587858239494589
corrected_crp,full_seed11_mixed_0p2_noise0p5_s5_a0p3_b0p8,159,True,True,True,-0.06121413987541513
corrected_crp,full_seed11_mixed_0p2_noise0p5_s9_a0p2_b0p7,93,True,True,True,0.0
corrected_crp,full_seed11_mixed_0p2_noise0p5_s9_a0p3_b0p8,93,True,True,True,-0.005360330073302055
corrected_crp,full_seed11_mixed_0p3_noise0p25_s9_a0p2_b0p7,90,True,True,True,-0.02078458734718769
corrected_crp,full_seed11_mixed_0p3_noise0p25_s9_a0p3_b0p8,90,True,True,True,-0.08313834938875164
corrected_crp,full_seed11_mixed_0p3_noise0p5_s13_a0p2_b0p7,94,True,True,True,0.0
corrected_crp,full_seed11_mixed_0p3_noise0p5_s13_a0p2_b0p7,102,True,True,True,0.0
corrected_crp,full_seed11_mixed_0p3_noise0p5_s13_a0p2_b0p7,113,True,True,True,0.0
corrected_crp,full_seed11_mixed_0p3_noise0p5_s13_a0p2_b0p7,126,True,True,True,0.0
corrected_crp,full_seed11_mixed_0p3_noise0p5_s13_a0p2_b0p7,147,True,True,True,0.0
corrected_crp,full_seed11_mixed_0p3_noise0p5_s13_a0p2_b0p7,159,True,True,True,0.0
corrected_crp,full_seed11_mixed_0p3_noise0p5_s13_a0p2_b0p7,160,True,True,True,0.0
corrected_crp,full_seed11_mixed_0p3_noise0p5_s13_a0p2_b0p7,171,True,True,True,0.0
corrected_crp,full_seed11_mixed_0p3_noise0p5_s13_a0p3_b0p8,94,True,True,True,0.0
corrected_crp,full_seed11_mixed_0p3_noise0p5_s13_a0p3_b0p8,102,True,True,True,0.0
corrected_crp,full_seed11_mixed_0p3_noise0p5_s13_a0p3_b0p8,113,True,True,True,0.0
corrected_crp,full_seed11_mixed_0p3_noise0p5_s13_a0p3_b0p8,126,True,True,True,0.0
corrected_crp,full_seed11_mixed_0p3_noise0p5_s13_a0p3_b0p8,147,True,True,True,0.02966990577212547
corrected_crp,full_seed11_mixed_0p3_noise0p5_s13_a0p3_b0p8,159,True,True,True,0.024632041498153512
corrected_crp,full_seed11_mixed_0p3_noise0p5_s13_a0p3_b0p8,160,True,True,True,0.004404523248279835
corrected_crp,full_seed11_mixed_0p3_noise0p5_s13_a0p3_b0p8,171,True,True,True,0.0
corrected_crp,full_seed11_mixed_0p3_noise0p5_s9_a0p2_b0p7,93,True,True,True,0.0
corrected_crp,full_seed11_mixed_0p3_noise0p5_s9_a0p2_b0p7,115,True,True,True,0.0
corrected_crp,full_seed11_mixed_0p3_noise0p5_s9_a0p2_b0p7,162,True,True,True,0.0
corrected_crp,full_seed11_mixed_0p3_noise0p5_s9_a0p3_b0p8,93,True,True,True,-0.005360330073301611
corrected_crp,full_seed11_mixed_0p3_noise0p5_s9_a0p3_b0p8,115,True,True,True,0.004150829715636739
corrected_crp,full_seed11_mixed_0p3_noise0p5_s9_a0p3_b0p8,162,True,True,True,0.07633542598098741
corrected_crp,full_seed11_mixed_0p4_noise0p1_s13_a0p2_b0p7,142,True,True,True,0.0
corrected_crp,full_seed11_mixed_0p4_noise0p1_s13_a0p2_b0p7,145,True,True,True,0.0
corrected_crp,full_seed11_mixed_0p4_noise0p1_s13_a0p2_b0p7,149,True,True,True,0.0
corrected_crp,full_seed11_mixed_0p4_noise0p1_s13_a0p2_b0p7,152,True,True,True,0.0
corrected_crp,full_seed11_mixed_0p4_noise0p1_s13_a0p2_b0p7,159,True,True,True,0.0
corrected_crp,full_seed11_mixed_0p4_noise0p1_s13_a0p2_b0p7,162,True,True,True,0.0
corrected_crp,full_seed11_mixed_0p4_noise0p1_s13_a0p3_b0p8,142,True,True,True,-0.011308656946218049
corrected_crp,full_seed11_mixed_0p4_noise0p1_s13_a0p3_b0p8,145,True,True,True,0.0073671439302308295
corrected_crp,full_seed11_mixed_0p4_noise0p1_s13_a0p3_b0p8,149,True,True,True,0.012825894974744845
corrected_crp,full_seed11_mixed_0p4_noise0p1_s13_a0p3_b0p8,152,True,True,True,0.000527691260971852
corrected_crp,full_seed11_mixed_0p4_noise0p1_s13_a0p3_b0p8,159,True,True,True,0.004926408299630702
corrected_crp,full_seed11_mixed_0p4_noise0p1_s13_a0p3_b0p8,162,True,True,True,0.0
corrected_crp,full_seed11_mixed_0p4_noise0p25_s13_a0p2_b0p7,88,True,True,True,0.0
corrected_crp,full_seed11_mixed_0p4_noise0p25_s13_a0p2_b0p7,104,True,True,True,0.0
corrected_crp,full_seed11_mixed_0p4_noise0p25_s13_a0p2_b0p7,105,True,True,True,0.0
corrected_crp,full_seed11_mixed_0p4_noise0p25_s13_a0p2_b0p7,142,True,True,True,0.0
corrected_crp,full_seed11_mixed_0p4_noise0p25_s13_a0p2_b0p7,144,True,True,True,0.0
corrected_crp,full_seed11_mixed_0p4_noise0p25_s13_a0p2_b0p7,145,True,True,True,0.0
corrected_crp,full_seed11_mixed_0p4_noise0p25_s13_a0p2_b0p7,148,True,True,True,0.0
corrected_crp,full_seed11_mixed_0p4_noise0p25_s13_a0p2_b0p7,149,True,True,True,0.0
corrected_crp,full_seed11_mixed_0p4_noise0p25_s13_a0p2_b0p7,152,True,True,True,0.0
corrected_crp,full_seed11_mixed_0p4_noise0p25_s13_a0p2_b0p7,154,True,True,True,0.0
corrected_crp,full_seed11_mixed_0p4_noise0p25_s13_a0p2_b0p7,159,True,True,True,0.0
corrected_crp,full_seed11_mixed_0p4_noise0p25_s13_a0p2_b0p7,160,True,True,True,0.0
corrected_crp,full_seed11_mixed_0p4_noise0p25_s13_a0p2_b0p7,162,True,True,True,0.0
corrected_crp,full_seed11_mixed_0p4_noise0p25_s13_a0p2_b0p7,163,True,True,True,0.0
corrected_crp,full_seed11_mixed_0p4_noise0p25_s13_a0p3_b0p8,88,True,True,True,0.0
corrected_crp,full_seed11_mixed_0p4_noise0p25_s13_a0p3_b0p8,104,True,True,True,0.024308656479926805
corrected_crp,full_seed11_mixed_0p4_noise0p25_s13_a0p3_b0p8,105,True,True,True,0.014761708994835754
corrected_crp,full_seed11_mixed_0p4_noise0p25_s13_a0p3_b0p8,142,True,True,True,-0.028271642365545135
corrected_crp,full_seed11_mixed_0p4_noise0p25_s13_a0p3_b0p8,144,True,True,True,0.023152405358382255
corrected_crp,full_seed11_mixed_0p4_noise0p25_s13_a0p3_b0p8,145,True,True,True,0.0184178598255772
corrected_crp,full_seed11_mixed_0p4_noise0p25_s13_a0p3_b0p8,148,True,True,True,0.012686913679711198
corrected_crp,full_seed11_mixed_0p4_noise0p25_s13_a0p3_b0p8,149,True,True,True,0.03206473743686211
corrected_crp,full_seed11_mixed_0p4_noise0p25_s13_a0p3_b0p8,152,True,True,True,0.00131922815242963
corrected_crp,full_seed11_mixed_0p4_noise0p25_s13_a0p3_b0p8,154,True,True,True,0.030088963737980645
corrected_crp,full_seed11_mixed_0p4_noise0p25_s13_a0p3_b0p8,159,True,True,True,0.012316020749076784
corrected_crp,full_seed11_mixed_0p4_noise0p25_s13_a0p3_b0p8,160,True,True,True,0.002202261624139945
corrected_crp,full_seed11_mixed_0p4_noise0p25_s13_a0p3_b0p8,162,True,True,True,0.0
corrected_crp,full_seed11_mixed_0p4_noise0p25_s13_a0p3_b0p8,163,True,True,True,0.0
corrected_crp,full_seed11_mixed_0p4_noise0p25_s9_a0p2_b0p7,88,True,True,True,0.0
corrected_crp,full_seed11_mixed_0p4_noise0p25_s9_a0p3_b0p8,88,True,True,True,0.010331800088946741
corrected_crp,full_seed11_mixed_0p4_noise0p5_s13_a0p2_b0p7,94,True,True,True,0.0
corrected_crp,full_seed11_mixed_0p4_noise0p5_s13_a0p2_b0p7,95,True,True,True,0.0
corrected_crp,full_seed11_mixed_0p4_noise0p5_s13_a0p2_b0p7,96,True,True,True,0.0
corrected_crp,full_seed11_mixed_0p4_noise0p5_s13_a0p2_b0p7,101,True,True,True,0.0
corrected_crp,full_seed11_mixed_0p4_noise0p5_s13_a0p2_b0p7,102,True,True,True,0.0
corrected_crp,full_seed11_mixed_0p4_noise0p5_s13_a0p2_b0p7,104,True,True,True,0.0
corrected_crp,full_seed11_mixed_0p4_noise0p5_s13_a0p2_b0p7,113,True,True,True,0.0
corrected_crp,full_seed11_mixed_0p4_noise0p5_s13_a0p2_b0p7,152,True,True,True,0.0
corrected_crp,full_seed11_mixed_0p4_noise0p5_s13_a0p2_b0p7,159,True,True,True,0.01583714456989549
corrected_crp,full_seed11_mixed_0p4_noise0p5_s13_a0p2_b0p7,171,True,True,True,0.0
corrected_crp,full_seed11_mixed_0p4_noise0p5_s13_a0p3_b0p8,94,True,True,True,0.0
corrected_crp,full_seed11_mixed_0p4_noise0p5_s13_a0p3_b0p8,95,True,True,True,0.0
corrected_crp,full_seed11_mixed_0p4_noise0p5_s13_a0p3_b0p8,96,True,True,True,0.0
corrected_crp,full_seed11_mixed_0p4_noise0p5_s13_a0p3_b0p8,101,True,True,True,0.0
corrected_crp,full_seed11_mixed_0p4_noise0p5_s13_a0p3_b0p8,102,True,True,True,0.0
corrected_crp,full_seed11_mixed_0p4_noise0p5_s13_a0p3_b0p8,104,True,True,True,0.048617312959853554
corrected_crp,full_seed11_mixed_0p4_noise0p5_s13_a0p3_b0p8,113,True,True,True,0.0
corrected_crp,full_seed11_mixed_0p4_noise0p5_s13_a0p3_b0p8,152,True,True,True,0.00263845630485926
corrected_crp,full_seed11_mixed_0p4_noise0p5_s13_a0p3_b0p8,159,True,True,True,0.06334857827958212
corrected_crp,full_seed11_mixed_0p4_noise0p5_s13_a0p3_b0p8,171,True,True,True,0.0
corrected_crp,full_seed11_mixed_0p4_noise0p5_s9_a0p2_b0p7,115,True,True,True,0.0
corrected_crp,full_seed11_mixed_0p4_noise0p5_s9_a0p2_b0p7,162,True,True,True,0.0
corrected_crp,full_seed11_mixed_0p4_noise0p5_s9_a0p3_b0p8,115,True,True,True,0.004150829715636739
corrected_crp,full_seed11_mixed_0p4_noise0p5_s9_a0p3_b0p8,162,True,True,True,0.046515602490837527
corrected_crp,full_seed11_replay_0p0_noise0p5_s13_a0p2_b0p7,89,True,True,True,0.0
corrected_crp,full_seed11_replay_0p0_noise0p5_s13_a0p2_b0p7,113,True,True,True,0.0
corrected_crp,full_seed11_replay_0p0_noise0p5_s13_a0p2_b0p7,171,True,True,True,0.0
corrected_crp,full_seed11_replay_0p0_noise0p5_s13_a0p2_b0p7,176,True,True,True,0.0
corrected_crp,full_seed11_replay_0p0_noise0p5_s13_a0p3_b0p8,89,True,True,True,0.0
corrected_crp,full_seed11_replay_0p0_noise0p5_s13_a0p3_b0p8,113,True,True,True,0.0
corrected_crp,full_seed11_replay_0p0_noise0p5_s13_a0p3_b0p8,171,True,True,True,0.0
corrected_crp,full_seed11_replay_0p0_noise0p5_s13_a0p3_b0p8,176,True,True,True,0.0
corrected_crp,full_seed11_replay_0p1_noise0p5_s13_a0p2_b0p7,89,True,True,True,0.0
corrected_crp,full_seed11_replay_0p1_noise0p5_s13_a0p2_b0p7,113,True,True,True,0.0
corrected_crp,full_seed11_replay_0p1_noise0p5_s13_a0p2_b0p7,176,True,True,True,0.0
corrected_crp,full_seed11_replay_0p1_noise0p5_s13_a0p3_b0p8,89,True,True,True,0.0
corrected_crp,full_seed11_replay_0p1_noise0p5_s13_a0p3_b0p8,113,True,True,True,0.0
corrected_crp,full_seed11_replay_0p1_noise0p5_s13_a0p3_b0p8,176,True,True,True,0.0
corrected_crp,full_seed11_replay_0p2_noise0p5_s13_a0p2_b0p7,113,True,True,True,0.0
corrected_crp,full_seed11_replay_0p2_noise0p5_s13_a0p2_b0p7,176,True,True,True,0.0
corrected_crp,full_seed11_replay_0p2_noise0p5_s13_a0p3_b0p8,113,True,True,True,0.0
corrected_crp,full_seed11_replay_0p2_noise0p5_s13_a0p3_b0p8,176,True,True,True,0.0
corrected_crp,full_seed11_replay_0p3_noise0p5_s13_a0p2_b0p7,113,True,True,True,0.0
corrected_crp,full_seed11_replay_0p3_noise0p5_s13_a0p2_b0p7,176,True,True,True,0.0
corrected_crp,full_seed11_replay_0p3_noise0p5_s13_a0p3_b0p8,113,True,True,True,0.0
corrected_crp,full_seed11_replay_0p3_noise0p5_s13_a0p3_b0p8,176,True,True,True,0.0
corrected_crp,full_seed11_replay_0p4_noise0p5_s13_a0p2_b0p7,91,True,True,True,0.0
corrected_crp,full_seed11_replay_0p4_noise0p5_s13_a0p2_b0p7,113,True,True,True,0.0
corrected_crp,full_seed11_replay_0p4_noise0p5_s13_a0p3_b0p8,91,True,True,True,0.0
corrected_crp,full_seed11_replay_0p4_noise0p5_s13_a0p3_b0p8,113,True,True,True,0.0
corrected_crp,full_seed11_replay_0p4_noise0p5_s9_a0p2_b0p7,87,True,True,True,0.0
corrected_crp,full_seed11_replay_0p4_noise0p5_s9_a0p3_b0p8,87,True,True,True,-0.02091400340301819
corrected_crp,full_seed11_scaling_0p0_noise0p5_s13_a0p2_b0p7,89,True,True,True,0.0
corrected_crp,full_seed11_scaling_0p0_noise0p5_s13_a0p2_b0p7,113,True,True,True,0.0
corrected_crp,full_seed11_scaling_0p0_noise0p5_s13_a0p2_b0p7,171,True,True,True,0.0
corrected_crp,full_seed11_scaling_0p0_noise0p5_s13_a0p2_b0p7,176,True,True,True,0.0
corrected_crp,full_seed11_scaling_0p0_noise0p5_s13_a0p3_b0p8,89,True,True,True,0.0
corrected_crp,full_seed11_scaling_0p0_noise0p5_s13_a0p3_b0p8,113,True,True,True,0.0
corrected_crp,full_seed11_scaling_0p0_noise0p5_s13_a0p3_b0p8,171,True,True,True,0.0
corrected_crp,full_seed11_scaling_0p0_noise0p5_s13_a0p3_b0p8,176,True,True,True,0.0
corrected_crp,full_seed11_scaling_0p1_noise0p5_s13_a0p2_b0p7,89,True,True,True,0.0
corrected_crp,full_seed11_scaling_0p1_noise0p5_s13_a0p2_b0p7,92,True,True,True,0.0
corrected_crp,full_seed11_scaling_0p1_noise0p5_s13_a0p2_b0p7,113,True,True,True,0.0
corrected_crp,full_seed11_scaling_0p1_noise0p5_s13_a0p2_b0p7,144,True,True,True,0.0
corrected_crp,full_seed11_scaling_0p1_noise0p5_s13_a0p2_b0p7,171,True,True,True,0.0
corrected_crp,full_seed11_scaling_0p1_noise0p5_s13_a0p3_b0p8,89,True,True,True,0.0
corrected_crp,full_seed11_scaling_0p1_noise0p5_s13_a0p3_b0p8,92,True,True,True,0.0
corrected_crp,full_seed11_scaling_0p1_noise0p5_s13_a0p3_b0p8,113,True,True,True,0.0
corrected_crp,full_seed11_scaling_0p1_noise0p5_s13_a0p3_b0p8,144,True,True,True,0.0
corrected_crp,full_seed11_scaling_0p1_noise0p5_s13_a0p3_b0p8,171,True,True,True,0.0
corrected_crp,full_seed11_scaling_0p2_noise0p5_s13_a0p2_b0p7,89,True,True,True,0.0
corrected_crp,full_seed11_scaling_0p2_noise0p5_s13_a0p2_b0p7,92,True,True,True,0.0
corrected_crp,full_seed11_scaling_0p2_noise0p5_s13_a0p2_b0p7,113,True,True,True,0.0
corrected_crp,full_seed11_scaling_0p2_noise0p5_s13_a0p2_b0p7,144,True,True,True,0.0
corrected_crp,full_seed11_scaling_0p2_noise0p5_s13_a0p2_b0p7,176,True,True,True,0.0
corrected_crp,full_seed11_scaling_0p2_noise0p5_s13_a0p3_b0p8,89,True,True,True,0.0
corrected_crp,full_seed11_scaling_0p2_noise0p5_s13_a0p3_b0p8,92,True,True,True,0.0
corrected_crp,full_seed11_scaling_0p2_noise0p5_s13_a0p3_b0p8,113,True,True,True,0.0
corrected_crp,full_seed11_scaling_0p2_noise0p5_s13_a0p3_b0p8,144,True,True,True,0.0
corrected_crp,full_seed11_scaling_0p2_noise0p5_s13_a0p3_b0p8,176,True,True,True,0.0
corrected_crp,full_seed11_scaling_0p3_noise0p5_s13_a0p2_b0p7,89,True,True,True,0.0
corrected_crp,full_seed11_scaling_0p3_noise0p5_s13_a0p2_b0p7,92,True,True,True,0.0
corrected_crp,full_seed11_scaling_0p3_noise0p5_s13_a0p2_b0p7,113,True,True,True,0.0
corrected_crp,full_seed11_scaling_0p3_noise0p5_s13_a0p2_b0p7,144,True,True,True,0.0
corrected_crp,full_seed11_scaling_0p3_noise0p5_s13_a0p3_b0p8,89,True,True,True,0.0
corrected_crp,full_seed11_scaling_0p3_noise0p5_s13_a0p3_b0p8,92,True,True,True,0.0
corrected_crp,full_seed11_scaling_0p3_noise0p5_s13_a0p3_b0p8,113,True,True,True,0.0
corrected_crp,full_seed11_scaling_0p3_noise0p5_s13_a0p3_b0p8,144,True,True,True,0.0
corrected_crp,full_seed11_scaling_0p4_noise0p5_s13_a0p2_b0p7,92,True,True,True,0.0
corrected_crp,full_seed11_scaling_0p4_noise0p5_s13_a0p2_b0p7,113,True,True,True,0.0
corrected_crp,full_seed11_scaling_0p4_noise0p5_s13_a0p2_b0p7,171,True,True,True,0.0
corrected_crp,full_seed11_scaling_0p4_noise0p5_s13_a0p3_b0p8,92,True,True,True,0.0
corrected_crp,full_seed11_scaling_0p4_noise0p5_s13_a0p3_b0p8,113,True,True,True,0.0
corrected_crp,full_seed11_scaling_0p4_noise0p5_s13_a0p3_b0p8,171,True,True,True,0.0
corrected_crp,full_seed11_spike_0p0_noise0p5_s13_a0p2_b0p7,89,True,True,True,0.0
corrected_crp,full_seed11_spike_0p0_noise0p5_s13_a0p2_b0p7,113,True,True,True,0.0
corrected_crp,full_seed11_spike_0p0_noise0p5_s13_a0p2_b0p7,171,True,True,True,0.0
corrected_crp,full_seed11_spike_0p0_noise0p5_s13_a0p2_b0p7,176,True,True,True,0.0
corrected_crp,full_seed11_spike_0p0_noise0p5_s13_a0p3_b0p8,89,True,True,True,0.0
corrected_crp,full_seed11_spike_0p0_noise0p5_s13_a0p3_b0p8,113,True,True,True,0.0
corrected_crp,full_seed11_spike_0p0_noise0p5_s13_a0p3_b0p8,171,True,True,True,0.0
corrected_crp,full_seed11_spike_0p0_noise0p5_s13_a0p3_b0p8,176,True,True,True,0.0
corrected_crp,full_seed11_spike_0p1_noise0p1_s13_a0p2_b0p7,93,True,True,True,0.0
corrected_crp,full_seed11_spike_0p1_noise0p1_s13_a0p2_b0p7,97,True,True,True,0.0
corrected_crp,full_seed11_spike_0p1_noise0p1_s13_a0p2_b0p7,99,True,True,True,0.0
corrected_crp,full_seed11_spike_0p1_noise0p1_s13_a0p2_b0p7,100,True,True,True,0.0
corrected_crp,full_seed11_spike_0p1_noise0p1_s13_a0p2_b0p7,101,True,True,True,0.0
corrected_crp,full_seed11_spike_0p1_noise0p1_s13_a0p2_b0p7,118,True,True,True,0.0
corrected_crp,full_seed11_spike_0p1_noise0p1_s13_a0p2_b0p7,122,True,True,True,0.0
corrected_crp,full_seed11_spike_0p1_noise0p1_s13_a0p2_b0p7,128,True,True,True,0.0
corrected_crp,full_seed11_spike_0p1_noise0p1_s13_a0p2_b0p7,153,True,True,True,0.0
corrected_crp,full_seed11_spike_0p1_noise0p1_s13_a0p2_b0p7,155,True,True,True,0.0
corrected_crp,full_seed11_spike_0p1_noise0p1_s13_a0p2_b0p7,159,True,True,True,0.0
corrected_crp,full_seed11_spike_0p1_noise0p1_s13_a0p2_b0p7,161,True,True,True,0.0
corrected_crp,full_seed11_spike_0p1_noise0p1_s13_a0p2_b0p7,162,True,True,True,0.0
corrected_crp,full_seed11_spike_0p1_noise0p1_s13_a0p2_b0p7,167,True,True,True,0.0
corrected_crp,full_seed11_spike_0p1_noise0p1_s13_a0p2_b0p7,171,True,True,True,0.0
corrected_crp,full_seed11_spike_0p1_noise0p1_s13_a0p2_b0p7,179,True,True,True,0.0
corrected_crp,full_seed11_spike_0p1_noise0p1_s13_a0p3_b0p8,93,True,True,True,0.0
corrected_crp,full_seed11_spike_0p1_noise0p1_s13_a0p3_b0p8,97,True,True,True,0.0
corrected_crp,full_seed11_spike_0p1_noise0p1_s13_a0p3_b0p8,99,True,True,True,0.0
corrected_crp,full_seed11_spike_0p1_noise0p1_s13_a0p3_b0p8,100,True,True,True,0.0
corrected_crp,full_seed11_spike_0p1_noise0p1_s13_a0p3_b0p8,101,True,True,True,0.0
corrected_crp,full_seed11_spike_0p1_noise0p1_s13_a0p3_b0p8,118,True,True,True,0.0
corrected_crp,full_seed11_spike_0p1_noise0p1_s13_a0p3_b0p8,122,True,True,True,0.0
corrected_crp,full_seed11_spike_0p1_noise0p1_s13_a0p3_b0p8,128,True,True,True,0.0
corrected_crp,full_seed11_spike_0p1_noise0p1_s13_a0p3_b0p8,153,True,True,True,0.0
corrected_crp,full_seed11_spike_0p1_noise0p1_s13_a0p3_b0p8,155,True,True,True,0.0
corrected_crp,full_seed11_spike_0p1_noise0p1_s13_a0p3_b0p8,159,True,True,True,0.0
corrected_crp,full_seed11_spike_0p1_noise0p1_s13_a0p3_b0p8,161,True,True,True,0.0
corrected_crp,full_seed11_spike_0p1_noise0p1_s13_a0p3_b0p8,162,True,True,True,0.0
corrected_crp,full_seed11_spike_0p1_noise0p1_s13_a0p3_b0p8,167,True,True,True,0.0
corrected_crp,full_seed11_spike_0p1_noise0p1_s13_a0p3_b0p8,171,True,True,True,0.0
corrected_crp,full_seed11_spike_0p1_noise0p1_s13_a0p3_b0p8,179,True,True,True,0.0
corrected_crp,full_seed11_spike_0p1_noise0p1_s9_a0p2_b0p7,85,True,True,True,0.0
corrected_crp,full_seed11_spike_0p1_noise0p1_s9_a0p2_b0p7,99,True,True,True,0.0
corrected_crp,full_seed11_spike_0p1_noise0p1_s9_a0p2_b0p7,124,True,True,True,0.0
corrected_crp,full_seed11_spike_0p1_noise0p1_s9_a0p2_b0p7,125,True,True,True,0.0
corrected_crp,full_seed11_spike_0p1_noise0p1_s9_a0p2_b0p7,129,True,True,True,0.0
corrected_crp,full_seed11_spike_0p1_noise0p1_s9_a0p2_b0p7,136,True,True,True,0.0
corrected_crp,full_seed11_spike_0p1_noise0p1_s9_a0p2_b0p7,151,True,True,True,0.0
corrected_crp,full_seed11_spike_0p1_noise0p1_s9_a0p2_b0p7,152,True,True,True,0.0
corrected_crp,full_seed11_spike_0p1_noise0p1_s9_a0p2_b0p7,154,True,True,True,0.0
corrected_crp,full_seed11_spike_0p1_noise0p1_s9_a0p2_b0p7,163,True,True,True,0.0
corrected_crp,full_seed11_spike_0p1_noise0p1_s9_a0p2_b0p7,165,True,True,True,0.0
corrected_crp,full_seed11_spike_0p1_noise0p1_s9_a0p3_b0p8,85,True,True,True,-0.005595534663599189
corrected_crp,full_seed11_spike_0p1_noise0p1_s9_a0p3_b0p8,99,True,True,True,0.027489203300087084
corrected_crp,full_seed11_spike_0p1_noise0p1_s9_a0p3_b0p8,124,True,True,True,-0.01459995622818111
corrected_crp,full_seed11_spike_0p1_noise0p1_s9_a0p3_b0p8,125,True,True,True,0.035467292589664634
corrected_crp,full_seed11_spike_0p1_noise0p1_s9_a0p3_b0p8,129,True,True,True,0.025744408391488616
corrected_crp,full_seed11_spike_0p1_noise0p1_s9_a0p3_b0p8,136,True,True,True,0.02997941181006647
corrected_crp,full_seed11_spike_0p1_noise0p1_s9_a0p3_b0p8,151,True,True,True,0.0024417964342293708
corrected_crp,full_seed11_spike_0p1_noise0p1_s9_a0p3_b0p8,152,True,True,True,-0.015026240592313167
corrected_crp,full_seed11_spike_0p1_noise0p1_s9_a0p3_b0p8,154,True,True,True,-0.017669858719153275
corrected_crp,full_seed11_spike_0p1_noise0p1_s9_a0p3_b0p8,163,True,True,True,0.0034739888886123893
corrected_crp,full_seed11_spike_0p1_noise0p1_s9_a0p3_b0p8,165,True,True,True,0.007930248955939412
corrected_crp,full_seed11_spike_0p1_noise0p25_s13_a0p2_b0p7,93,True,True,True,0.0
corrected_crp,full_seed11_spike_0p1_noise0p25_s13_a0p2_b0p7,116,True,True,True,0.0
corrected_crp,full_seed11_spike_0p1_noise0p25_s13_a0p2_b0p7,155,True,True,True,0.0
corrected_crp,full_seed11_spike_0p1_noise0p25_s13_a0p2_b0p7,156,True,True,True,0.0
corrected_crp,full_seed11_spike_0p1_noise0p25_s13_a0p2_b0p7,159,True,True,True,0.0
corrected_crp,full_seed11_spike_0p1_noise0p25_s13_a0p2_b0p7,161,True,True,True,0.0
corrected_crp,full_seed11_spike_0p1_noise0p25_s13_a0p2_b0p7,171,True,True,True,0.0
corrected_crp,full_seed11_spike_0p1_noise0p25_s13_a0p2_b0p7,177,True,True,True,0.0
corrected_crp,full_seed11_spike_0p1_noise0p25_s13_a0p2_b0p7,178,True,True,True,0.0
corrected_crp,full_seed11_spike_0p1_noise0p25_s13_a0p3_b0p8,93,True,True,True,0.0
corrected_crp,full_seed11_spike_0p1_noise0p25_s13_a0p3_b0p8,116,True,True,True,0.0
corrected_crp,full_seed11_spike_0p1_noise0p25_s13_a0p3_b0p8,155,True,True,True,0.0
corrected_crp,full_seed11_spike_0p1_noise0p25_s13_a0p3_b0p8,156,True,True,True,0.0
corrected_crp,full_seed11_spike_0p1_noise0p25_s13_a0p3_b0p8,159,True,True,True,0.0
corrected_crp,full_seed11_spike_0p1_noise0p25_s13_a0p3_b0p8,161,True,True,True,0.0
corrected_crp,full_seed11_spike_0p1_noise0p25_s13_a0p3_b0p8,171,True,True,True,0.0
corrected_crp,full_seed11_spike_0p1_noise0p25_s13_a0p3_b0p8,177,True,True,True,0.0
corrected_crp,full_seed11_spike_0p1_noise0p25_s13_a0p3_b0p8,178,True,True,True,0.0
corrected_crp,full_seed11_spike_0p1_noise0p25_s9_a0p2_b0p7,93,True,True,True,0.0
corrected_crp,full_seed11_spike_0p1_noise0p25_s9_a0p2_b0p7,110,True,True,True,0.0
corrected_crp,full_seed11_spike_0p1_noise0p25_s9_a0p2_b0p7,117,True,True,True,0.0
corrected_crp,full_seed11_spike_0p1_noise0p25_s9_a0p2_b0p7,129,True,True,True,0.0
corrected_crp,full_seed11_spike_0p1_noise0p25_s9_a0p2_b0p7,136,True,True,True,0.0
corrected_crp,full_seed11_spike_0p1_noise0p25_s9_a0p2_b0p7,151,True,True,True,0.0
corrected_crp,full_seed11_spike_0p1_noise0p25_s9_a0p2_b0p7,152,True,True,True,0.0
corrected_crp,full_seed11_spike_0p1_noise0p25_s9_a0p2_b0p7,154,True,True,True,0.0
corrected_crp,full_seed11_spike_0p1_noise0p25_s9_a0p2_b0p7,162,True,True,True,0.0
corrected_crp,full_seed11_spike_0p1_noise0p25_s9_a0p2_b0p7,171,True,True,True,0.0
corrected_crp,full_seed11_spike_0p1_noise0p25_s9_a0p3_b0p8,93,True,True,True,-0.01088376768095456
corrected_crp,full_seed11_spike_0p1_noise0p25_s9_a0p3_b0p8,110,True,True,True,0.0038797761019291332
corrected_crp,full_seed11_spike_0p1_noise0p25_s9_a0p3_b0p8,117,True,True,True,-0.02286337336399047
corrected_crp,full_seed11_spike_0p1_noise0p25_s9_a0p3_b0p8,129,True,True,True,0.009102911900091826
corrected_crp,full_seed11_spike_0p1_noise0p25_s9_a0p3_b0p8,136,True,True,True,0.03812148180048425
corrected_crp,full_seed11_spike_0p1_noise0p25_s9_a0p3_b0p8,151,True,True,True,0.006119195451286252
corrected_crp,full_seed11_spike_0p1_noise0p25_s9_a0p3_b0p8,152,True,True,True,-0.02500708196723278
corrected_crp,full_seed11_spike_0p1_noise0p25_s9_a0p3_b0p8,154,True,True,True,0.004979868824422473
corrected_crp,full_seed11_spike_0p1_noise0p25_s9_a0p3_b0p8,162,True,True,True,0.03815547124664742
corrected_crp,full_seed11_spike_0p1_noise0p25_s9_a0p3_b0p8,171,True,True,True,0.016747912429539547
corrected_crp,full_seed11_spike_0p1_noise0p5_s13_a0p2_b0p7,100,True,True,True,0.0
corrected_crp,full_seed11_spike_0p1_noise0p5_s13_a0p2_b0p7,131,True,True,True,0.0
corrected_crp,full_seed11_spike_0p1_noise0p5_s13_a0p2_b0p7,134,True,True,True,0.0
corrected_crp,full_seed11_spike_0p1_noise0p5_s13_a0p2_b0p7,150,True,True,True,0.0
corrected_crp,full_seed11_spike_0p1_noise0p5_s13_a0p2_b0p7,155,True,True,True,0.0
corrected_crp,full_seed11_spike_0p1_noise0p5_s13_a0p2_b0p7,156,True,True,True,0.0
corrected_crp,full_seed11_spike_0p1_noise0p5_s13_a0p2_b0p7,161,True,True,True,0.0
corrected_crp,full_seed11_spike_0p1_noise0p5_s13_a0p2_b0p7,162,True,True,True,0.0
corrected_crp,full_seed11_spike_0p1_noise0p5_s13_a0p3_b0p8,100,True,True,True,0.0
corrected_crp,full_seed11_spike_0p1_noise0p5_s13_a0p3_b0p8,131,True,True,True,0.0
corrected_crp,full_seed11_spike_0p1_noise0p5_s13_a0p3_b0p8,134,True,True,True,0.0
corrected_crp,full_seed11_spike_0p1_noise0p5_s13_a0p3_b0p8,150,True,True,True,0.0
corrected_crp,full_seed11_spike_0p1_noise0p5_s13_a0p3_b0p8,155,True,True,True,0.0
corrected_crp,full_seed11_spike_0p1_noise0p5_s13_a0p3_b0p8,156,True,True,True,0.0
corrected_crp,full_seed11_spike_0p1_noise0p5_s13_a0p3_b0p8,161,True,True,True,0.0
corrected_crp,full_seed11_spike_0p1_noise0p5_s13_a0p3_b0p8,162,True,True,True,0.0
corrected_crp,full_seed11_spike_0p1_noise0p5_s9_a0p2_b0p7,86,True,True,True,0.0
corrected_crp,full_seed11_spike_0p1_noise0p5_s9_a0p2_b0p7,93,True,True,True,0.0
corrected_crp,full_seed11_spike_0p1_noise0p5_s9_a0p2_b0p7,105,True,True,True,0.0
corrected_crp,full_seed11_spike_0p1_noise0p5_s9_a0p2_b0p7,109,True,True,True,0.0
corrected_crp,full_seed11_spike_0p1_noise0p5_s9_a0p2_b0p7,110,True,True,True,0.0
corrected_crp,full_seed11_spike_0p1_noise0p5_s9_a0p2_b0p7,128,True,True,True,0.0
corrected_crp,full_seed11_spike_0p1_noise0p5_s9_a0p2_b0p7,146,True,True,True,0.0
corrected_crp,full_seed11_spike_0p1_noise0p5_s9_a0p2_b0p7,162,True,True,True,0.0
corrected_crp,full_seed11_spike_0p1_noise0p5_s9_a0p2_b0p7,167,True,True,True,0.0
corrected_crp,full_seed11_spike_0p1_noise0p5_s9_a0p2_b0p7,177,True,True,True,0.0
corrected_crp,full_seed11_spike_0p1_noise0p5_s9_a0p3_b0p8,86,True,True,True,-0.01693036378834667
corrected_crp,full_seed11_spike_0p1_noise0p5_s9_a0p3_b0p8,93,True,True,True,-0.005360330073301611
corrected_crp,full_seed11_spike_0p1_noise0p5_s9_a0p3_b0p8,105,True,True,True,0.008021235888075573
corrected_crp,full_seed11_spike_0p1_noise0p5_s9_a0p3_b0p8,109,True,True,True,-0.011521137669639803
corrected_crp,full_seed11_spike_0p1_noise0p5_s9_a0p3_b0p8,110,True,True,True,-0.006637056292186694
corrected_crp,full_seed11_spike_0p1_noise0p5_s9_a0p3_b0p8,128,True,True,True,0.03758478458529435
corrected_crp,full_seed11_spike_0p1_noise0p5_s9_a0p3_b0p8,146,True,True,True,0.02424645368309264
corrected_crp,full_seed11_spike_0p1_noise0p5_s9_a0p3_b0p8,162,True,True,True,0.07633542598098719
corrected_crp,full_seed11_spike_0p1_noise0p5_s9_a0p3_b0p8,167,True,True,True,8.053013526199138e-05
corrected_crp,full_seed11_spike_0p1_noise0p5_s9_a0p3_b0p8,177,True,True,True,0.024063494486538328
corrected_crp,full_seed11_spike_0p2_noise0p1_s13_a0p2_b0p7,94,True,True,True,0.0
corrected_crp,full_seed11_spike_0p2_noise0p1_s13_a0p2_b0p7,100,True,True,True,0.0
corrected_crp,full_seed11_spike_0p2_noise0p1_s13_a0p2_b0p7,103,True,True,True,0.0
corrected_crp,full_seed11_spike_0p2_noise0p1_s13_a0p2_b0p7,115,True,True,True,0.0
corrected_crp,full_seed11_spike_0p2_noise0p1_s13_a0p2_b0p7,150,True,True,True,0.0
corrected_crp,full_seed11_spike_0p2_noise0p1_s13_a0p2_b0p7,156,True,True,True,0.0
corrected_crp,full_seed11_spike_0p2_noise0p1_s13_a0p2_b0p7,157,True,True,True,0.0
corrected_crp,full_seed11_spike_0p2_noise0p1_s13_a0p2_b0p7,162,True,True,True,0.0
corrected_crp,full_seed11_spike_0p2_noise0p1_s13_a0p2_b0p7,163,True,True,True,0.0
corrected_crp,full_seed11_spike_0p2_noise0p1_s13_a0p3_b0p8,94,True,True,True,0.0
corrected_crp,full_seed11_spike_0p2_noise0p1_s13_a0p3_b0p8,100,True,True,True,0.0
corrected_crp,full_seed11_spike_0p2_noise0p1_s13_a0p3_b0p8,103,True,True,True,0.0
corrected_crp,full_seed11_spike_0p2_noise0p1_s13_a0p3_b0p8,115,True,True,True,0.0
corrected_crp,full_seed11_spike_0p2_noise0p1_s13_a0p3_b0p8,150,True,True,True,0.0
corrected_crp,full_seed11_spike_0p2_noise0p1_s13_a0p3_b0p8,156,True,True,True,0.0
corrected_crp,full_seed11_spike_0p2_noise0p1_s13_a0p3_b0p8,157,True,True,True,0.0
corrected_crp,full_seed11_spike_0p2_noise0p1_s13_a0p3_b0p8,162,True,True,True,0.0
corrected_crp,full_seed11_spike_0p2_noise0p1_s13_a0p3_b0p8,163,True,True,True,0.0
corrected_crp,full_seed11_spike_0p2_noise0p1_s5_a0p2_b0p7,85,True,True,True,-0.022382138654395867
corrected_crp,full_seed11_spike_0p2_noise0p1_s5_a0p2_b0p7,94,True,True,True,0.02709787031064881
corrected_crp,full_seed11_spike_0p2_noise0p1_s5_a0p2_b0p7,104,True,True,True,-0.04910986054210209
corrected_crp,full_seed11_spike_0p2_noise0p1_s5_a0p2_b0p7,110,True,True,True,0.34876598882711307
corrected_crp,full_seed11_spike_0p2_noise0p1_s5_a0p2_b0p7,117,True,True,True,0.20061241126601903
corrected_crp,full_seed11_spike_0p2_noise0p1_s5_a0p2_b0p7,124,True,True,True,-0.05839982491272444
corrected_crp,full_seed11_spike_0p2_noise0p1_s5_a0p2_b0p7,128,True,True,True,0.09181872510438205
corrected_crp,full_seed11_spike_0p2_noise0p1_s5_a0p2_b0p7,129,True,True,True,0.1029776335659538
corrected_crp,full_seed11_spike_0p2_noise0p1_s5_a0p2_b0p7,136,True,True,True,-0.3317355262427717
corrected_crp,full_seed11_spike_0p2_noise0p1_s5_a0p2_b0p7,143,True,True,True,-0.26806897009437747
corrected_crp,full_seed11_spike_0p2_noise0p1_s5_a0p2_b0p7,150,True,True,True,-0.08068774558646097
corrected_crp,full_seed11_spike_0p2_noise0p1_s5_a0p2_b0p7,166,True,True,True,0.010368797788147255
corrected_crp,full_seed11_spike_0p2_noise0p1_s5_a0p2_b0p7,173,True,True,True,0.05040754690335003
corrected_crp,full_seed11_spike_0p2_noise0p1_s5_a0p3_b0p8,85,True,True,True,-0.022382138654395867
corrected_crp,full_seed11_spike_0p2_noise0p1_s5_a0p3_b0p8,94,True,True,True,0.027097870310648364
corrected_crp,full_seed11_spike_0p2_noise0p1_s5_a0p3_b0p8,104,True,True,True,-0.049109860542101647
corrected_crp,full_seed11_spike_0p2_noise0p1_s5_a0p3_b0p8,110,True,True,True,0.3487659888271133
corrected_crp,full_seed11_spike_0p2_noise0p1_s5_a0p3_b0p8,117,True,True,True,0.20061241126601925
corrected_crp,full_seed11_spike_0p2_noise0p1_s5_a0p3_b0p8,124,True,True,True,-0.05839982491272422
corrected_crp,full_seed11_spike_0p2_noise0p1_s5_a0p3_b0p8,128,True,True,True,0.09181872510438227
corrected_crp,full_seed11_spike_0p2_noise0p1_s5_a0p3_b0p8,129,True,True,True,0.10297763356595402
corrected_crp,full_seed11_spike_0p2_noise0p1_s5_a0p3_b0p8,136,True,True,True,-0.3317355262427719
corrected_crp,full_seed11_spike_0p2_noise0p1_s5_a0p3_b0p8,143,True,True,True,-0.26806897009437813
corrected_crp,full_seed11_spike_0p2_noise0p1_s5_a0p3_b0p8,150,True,True,True,-0.08068774558646097
corrected_crp,full_seed11_spike_0p2_noise0p1_s5_a0p3_b0p8,166,True,True,True,0.010368797788147255
corrected_crp,full_seed11_spike_0p2_noise0p1_s5_a0p3_b0p8,173,True,True,True,0.05040754690335003
corrected_crp,full_seed11_spike_0p2_noise0p25_s13_a0p2_b0p7,94,True,True,True,0.0
corrected_crp,full_seed11_spike_0p2_noise0p25_s13_a0p2_b0p7,95,True,True,True,0.0
corrected_crp,full_seed11_spike_0p2_noise0p25_s13_a0p2_b0p7,130,True,True,True,0.0
corrected_crp,full_seed11_spike_0p2_noise0p25_s13_a0p2_b0p7,142,True,True,True,0.0
corrected_crp,full_seed11_spike_0p2_noise0p25_s13_a0p2_b0p7,150,True,True,True,0.0
corrected_crp,full_seed11_spike_0p2_noise0p25_s13_a0p2_b0p7,157,True,True,True,0.0
corrected_crp,full_seed11_spike_0p2_noise0p25_s13_a0p2_b0p7,162,True,True,True,0.0
corrected_crp,full_seed11_spike_0p2_noise0p25_s13_a0p2_b0p7,180,True,True,True,0.0
corrected_crp,full_seed11_spike_0p2_noise0p25_s13_a0p3_b0p8,94,True,True,True,0.0
corrected_crp,full_seed11_spike_0p2_noise0p25_s13_a0p3_b0p8,95,True,True,True,0.0
corrected_crp,full_seed11_spike_0p2_noise0p25_s13_a0p3_b0p8,130,True,True,True,0.0
corrected_crp,full_seed11_spike_0p2_noise0p25_s13_a0p3_b0p8,142,True,True,True,0.0
corrected_crp,full_seed11_spike_0p2_noise0p25_s13_a0p3_b0p8,150,True,True,True,0.0
corrected_crp,full_seed11_spike_0p2_noise0p25_s13_a0p3_b0p8,157,True,True,True,0.0
corrected_crp,full_seed11_spike_0p2_noise0p25_s13_a0p3_b0p8,162,True,True,True,0.0
corrected_crp,full_seed11_spike_0p2_noise0p25_s13_a0p3_b0p8,180,True,True,True,0.0
corrected_crp,full_seed11_spike_0p2_noise0p25_s5_a0p2_b0p7,104,True,True,True,-0.12261935514355571
corrected_crp,full_seed11_spike_0p2_noise0p25_s5_a0p2_b0p7,117,True,True,True,0.13306668857062087
corrected_crp,full_seed11_spike_0p2_noise0p25_s5_a0p2_b0p7,123,True,True,True,0.19488227076007703
corrected_crp,full_seed11_spike_0p2_noise0p25_s5_a0p2_b0p7,129,True,True,True,0.03641164760036819
corrected_crp,full_seed11_spike_0p2_noise0p25_s5_a0p2_b0p7,166,True,True,True,0.07522125844203931
corrected_crp,full_seed11_spike_0p2_noise0p25_s5_a0p3_b0p8,104,True,True,True,-0.12261935514355571
corrected_crp,full_seed11_spike_0p2_noise0p25_s5_a0p3_b0p8,117,True,True,True,0.13306668857062043
corrected_crp,full_seed11_spike_0p2_noise0p25_s5_a0p3_b0p8,123,True,True,True,0.1948822707600768
corrected_crp,full_seed11_spike_0p2_noise0p25_s5_a0p3_b0p8,129,True,True,True,0.03641164760036819
corrected_crp,full_seed11_spike_0p2_noise0p25_s5_a0p3_b0p8,166,True,True,True,0.07522125844203975
corrected_crp,full_seed11_spike_0p2_noise0p5_s13_a0p2_b0p7,95,True,True,True,0.0
corrected_crp,full_seed11_spike_0p2_noise0p5_s13_a0p2_b0p7,131,True,True,True,0.0
corrected_crp,full_seed11_spike_0p2_noise0p5_s13_a0p3_b0p8,95,True,True,True,0.0
corrected_crp,full_seed11_spike_0p2_noise0p5_s13_a0p3_b0p8,131,True,True,True,0.0
corrected_crp,full_seed11_spike_0p2_noise0p5_s5_a0p2_b0p7,89,True,True,True,-0.06283480224127125
corrected_crp,full_seed11_spike_0p2_noise0p5_s5_a0p2_b0p7,104,True,True,True,-0.2451351794793113
corrected_crp,full_seed11_spike_0p2_noise0p5_s5_a0p2_b0p7,117,True,True,True,0.020490484078290017
corrected_crp,full_seed11_spike_0p2_noise0p5_s5_a0p2_b0p7,123,True,True,True,0.19326561621717353
corrected_crp,full_seed11_spike_0p2_noise0p5_s5_a0p2_b0p7,126,True,True,True,0.4126761557534526
corrected_crp,full_seed11_spike_0p2_noise0p5_s5_a0p2_b0p7,139,True,True,True,-0.2999655646210666
corrected_crp,full_seed11_spike_0p2_noise0p5_s5_a0p2_b0p7,143,True,True,True,-0.2587858239494587
corrected_crp,full_seed11_spike_0p2_noise0p5_s5_a0p2_b0p7,159,True,True,True,-0.06121413987541513
corrected_crp,full_seed11_spike_0p2_noise0p5_s5_a0p2_b0p7,166,True,True,True,0.1833086928651939
corrected_crp,full_seed11_spike_0p2_noise0p5_s5_a0p2_b0p7,170,True,True,True,0.12304379577134217
corrected_crp,full_seed11_spike_0p2_noise0p5_s5_a0p3_b0p8,89,True,True,True,-0.0628348022412708
corrected_crp,full_seed11_spike_0p2_noise0p5_s5_a0p3_b0p8,104,True,True,True,-0.24513517947931174
corrected_crp,full_seed11_spike_0p2_noise0p5_s5_a0p3_b0p8,117,True,True,True,0.02049048407829046
corrected_crp,full_seed11_spike_0p2_noise0p5_s5_a0p3_b0p8,123,True,True,True,0.19326561621717264
corrected_crp,full_seed11_spike_0p2_noise0p5_s5_a0p3_b0p8,126,True,True,True,0.4126761557534526
corrected_crp,full_seed11_spike_0p2_noise0p5_s5_a0p3_b0p8,139,True,True,True,-0.2999655646210666
corrected_crp,full_seed11_spike_0p2_noise0p5_s5_a0p3_b0p8,143,True,True,True,-0.2587858239494589
corrected_crp,full_seed11_spike_0p2_noise0p5_s5_a0p3_b0p8,159,True,True,True,-0.06121413987541513
corrected_crp,full_seed11_spike_0p2_noise0p5_s5_a0p3_b0p8,166,True,True,True,0.1833086928651939
corrected_crp,full_seed11_spike_0p2_noise0p5_s5_a0p3_b0p8,170,True,True,True,0.12304379577134261
corrected_crp,full_seed11_spike_0p2_noise0p5_s9_a0p2_b0p7,171,True,True,True,0.022338597352032252
corrected_crp,full_seed11_spike_0p2_noise0p5_s9_a0p3_b0p8,171,True,True,True,0.08935438940812945
corrected_crp,full_seed11_spike_0p3_noise0p1_s9_a0p2_b0p7,95,True,True,True,-0.011977203662069336
corrected_crp,full_seed11_spike_0p3_noise0p1_s9_a0p2_b0p7,125,True,True,True,0.02364486172644309
corrected_crp,full_seed11_spike_0p3_noise0p1_s9_a0p2_b0p7,126,True,True,True,0.006940439674335774
corrected_crp,full_seed11_spike_0p3_noise0p1_s9_a0p3_b0p8,95,True,True,True,-0.04790881464827779
corrected_crp,full_seed11_spike_0p3_noise0p1_s9_a0p3_b0p8,125,True,True,True,0.0945794469057728
corrected_crp,full_seed11_spike_0p3_noise0p1_s9_a0p3_b0p8,126,True,True,True,0.02776175869734354
corrected_crp,full_seed11_spike_0p3_noise0p25_s9_a0p2_b0p7,90,True,True,True,-0.02078458734718769
corrected_crp,full_seed11_spike_0p3_noise0p25_s9_a0p2_b0p7,117,True,True,True,-0.015242248909327127
corrected_crp,full_seed11_spike_0p3_noise0p25_s9_a0p3_b0p8,90,True,True,True,-0.08313834938875164
corrected_crp,full_seed11_spike_0p3_noise0p25_s9_a0p3_b0p8,117,True,True,True,-0.060968995637308065
corrected_crp,full_seed11_spike_0p3_noise0p5_s13_a0p2_b0p7,147,True,True,True,0.0
corrected_crp,full_seed11_spike_0p3_noise0p5_s13_a0p2_b0p7,159,True,True,True,0.0
corrected_crp,full_seed11_spike_0p3_noise0p5_s13_a0p2_b0p7,160,True,True,True,0.0
corrected_crp,full_seed11_spike_0p3_noise0p5_s13_a0p2_b0p7,162,True,True,True,0.0
corrected_crp,full_seed11_spike_0p3_noise0p5_s13_a0p3_b0p8,147,True,True,True,0.02966990577212547
corrected_crp,full_seed11_spike_0p3_noise0p5_s13_a0p3_b0p8,159,True,True,True,0.024632041498153512
corrected_crp,full_seed11_spike_0p3_noise0p5_s13_a0p3_b0p8,160,True,True,True,0.004404523248279835
corrected_crp,full_seed11_spike_0p3_noise0p5_s13_a0p3_b0p8,162,True,True,True,-0.04908807040466723
corrected_crp,full_seed11_spike_0p3_noise0p5_s9_a0p2_b0p7,92,True,True,True,0.04794362029911525
corrected_crp,full_seed11_spike_0p3_noise0p5_s9_a0p2_b0p7,110,True,True,True,-0.004424704194791129
corrected_crp,full_seed11_spike_0p3_noise0p5_s9_a0p2_b0p7,125,True,True,True,-0.012786783973337323
corrected_crp,full_seed11_spike_0p3_noise0p5_s9_a0p2_b0p7,134,True,True,True,0.016707737986886295
corrected_crp,full_seed11_spike_0p3_noise0p5_s9_a0p2_b0p7,167,True,True,True,5.3686756841475614e-05
corrected_crp,full_seed11_spike_0p3_noise0p5_s9_a0p2_b0p7,171,True,True,True,0.022338597352032252
corrected_crp,full_seed11_spike_0p3_noise0p5_s9_a0p2_b0p7,174,True,True,True,-0.004587567239873636
corrected_crp,full_seed11_spike_0p3_noise0p5_s9_a0p3_b0p8,92,True,True,True,0.19177448119646057
corrected_crp,full_seed11_spike_0p3_noise0p5_s9_a0p3_b0p8,110,True,True,True,-0.017698816779164517
corrected_crp,full_seed11_spike_0p3_noise0p5_s9_a0p3_b0p8,125,True,True,True,-0.05114713589334974
corrected_crp,full_seed11_spike_0p3_noise0p5_s9_a0p3_b0p8,134,True,True,True,0.06683095194754474
corrected_crp,full_seed11_spike_0p3_noise0p5_s9_a0p3_b0p8,167,True,True,True,0.00021474702736501428
corrected_crp,full_seed11_spike_0p3_noise0p5_s9_a0p3_b0p8,171,True,True,True,0.08935438940812945
corrected_crp,full_seed11_spike_0p3_noise0p5_s9_a0p3_b0p8,174,True,True,True,-0.018350268959494542
corrected_crp,full_seed11_spike_0p4_noise0p1_s13_a0p2_b0p7,91,True,True,True,0.0
corrected_crp,full_seed11_spike_0p4_noise0p1_s13_a0p2_b0p7,93,True,True,True,0.0
corrected_crp,full_seed11_spike_0p4_noise0p1_s13_a0p2_b0p7,97,True,True,True,0.0
corrected_crp,full_seed11_spike_0p4_noise0p1_s13_a0p2_b0p7,100,True,True,True,0.0
corrected_crp,full_seed11_spike_0p4_noise0p1_s13_a0p2_b0p7,101,True,True,True,0.0
corrected_crp,full_seed11_spike_0p4_noise0p1_s13_a0p2_b0p7,106,True,True,True,0.0
corrected_crp,full_seed11_spike_0p4_noise0p1_s13_a0p2_b0p7,107,True,True,True,0.0
corrected_crp,full_seed11_spike_0p4_noise0p1_s13_a0p2_b0p7,113,True,True,True,0.0
corrected_crp,full_seed11_spike_0p4_noise0p1_s13_a0p2_b0p7,114,True,True,True,0.0
corrected_crp,full_seed11_spike_0p4_noise0p1_s13_a0p2_b0p7,118,True,True,True,0.0
corrected_crp,full_seed11_spike_0p4_noise0p1_s13_a0p2_b0p7,122,True,True,True,0.0
corrected_crp,full_seed11_spike_0p4_noise0p1_s13_a0p2_b0p7,123,True,True,True,0.0
corrected_crp,full_seed11_spike_0p4_noise0p1_s13_a0p2_b0p7,124,True,True,True,0.0
corrected_crp,full_seed11_spike_0p4_noise0p1_s13_a0p2_b0p7,126,True,True,True,0.0
corrected_crp,full_seed11_spike_0p4_noise0p1_s13_a0p2_b0p7,130,True,True,True,0.0
corrected_crp,full_seed11_spike_0p4_noise0p1_s13_a0p2_b0p7,131,True,True,True,0.0
corrected_crp,full_seed11_spike_0p4_noise0p1_s13_a0p2_b0p7,132,True,True,True,0.0
corrected_crp,full_seed11_spike_0p4_noise0p1_s13_a0p2_b0p7,140,True,True,True,0.0
corrected_crp,full_seed11_spike_0p4_noise0p1_s13_a0p2_b0p7,141,True,True,True,0.0
corrected_crp,full_seed11_spike_0p4_noise0p1_s13_a0p2_b0p7,142,True,True,True,0.0
corrected_crp,full_seed11_spike_0p4_noise0p1_s13_a0p2_b0p7,145,True,True,True,0.0
corrected_crp,full_seed11_spike_0p4_noise0p1_s13_a0p2_b0p7,149,True,True,True,0.0
corrected_crp,full_seed11_spike_0p4_noise0p1_s13_a0p2_b0p7,152,True,True,True,0.0
corrected_crp,full_seed11_spike_0p4_noise0p1_s13_a0p2_b0p7,159,True,True,True,0.0
corrected_crp,full_seed11_spike_0p4_noise0p1_s13_a0p2_b0p7,162,True,True,True,0.0
corrected_crp,full_seed11_spike_0p4_noise0p1_s13_a0p2_b0p7,164,True,True,True,0.0
corrected_crp,full_seed11_spike_0p4_noise0p1_s13_a0p2_b0p7,166,True,True,True,0.0
corrected_crp,full_seed11_spike_0p4_noise0p1_s13_a0p2_b0p7,171,True,True,True,0.0
corrected_crp,full_seed11_spike_0p4_noise0p1_s13_a0p2_b0p7,175,True,True,True,0.0
corrected_crp,full_seed11_spike_0p4_noise0p1_s13_a0p2_b0p7,176,True,True,True,0.0
corrected_crp,full_seed11_spike_0p4_noise0p1_s13_a0p3_b0p8,91,True,True,True,-0.002795268637626469
corrected_crp,full_seed11_spike_0p4_noise0p1_s13_a0p3_b0p8,93,True,True,True,-0.005057681272789855
corrected_crp,full_seed11_spike_0p4_noise0p1_s13_a0p3_b0p8,97,True,True,True,0.0029589800949936795
corrected_crp,full_seed11_spike_0p4_noise0p1_s13_a0p3_b0p8,100,True,True,True,-0.001133535915064876
corrected_crp,full_seed11_spike_0p4_noise0p1_s13_a0p3_b0p8,101,True,True,True,0.016266339149445974
corrected_crp,full_seed11_spike_0p4_noise0p1_s13_a0p3_b0p8,106,True,True,True,-0.0016989161784603524
corrected_crp,full_seed11_spike_0p4_noise0p1_s13_a0p3_b0p8,107,True,True,True,-0.0065009060618819725
corrected_crp,full_seed11_spike_0p4_noise0p1_s13_a0p3_b0p8,113,True,True,True,0.005075997026804946
corrected_crp,full_seed11_spike_0p4_noise0p1_s13_a0p3_b0p8,114,True,True,True,-0.0030678014612093296
corrected_crp,full_seed11_spike_0p4_noise0p1_s13_a0p3_b0p8,118,True,True,True,3.7437598356282464e-05
corrected_crp,full_seed11_spike_0p4_noise0p1_s13_a0p3_b0p8,122,True,True,True,-0.006766108818675509
corrected_crp,full_seed11_spike_0p4_noise0p1_s13_a0p3_b0p8,123,True,True,True,-0.010517979074486095
corrected_crp,full_seed11_spike_0p4_noise0p1_s13_a0p3_b0p8,124,True,True,True,0.032943678273936405
corrected_crp,full_seed11_spike_0p4_noise0p1_s13_a0p3_b0p8,126,True,True,True,-7.655434554657004e-05
corrected_crp,full_seed11_spike_0p4_noise0p1_s13_a0p3_b0p8,130,True,True,True,0.005177449714233617
corrected_crp,full_seed11_spike_0p4_noise0p1_s13_a0p3_b0p8,131,True,True,True,0.005956995861516878
corrected_crp,full_seed11_spike_0p4_noise0p1_s13_a0p3_b0p8,132,True,True,True,-0.003295904237862385
corrected_crp,full_seed11_spike_0p4_noise0p1_s13_a0p3_b0p8,140,True,True,True,-0.002716604307457904
corrected_crp,full_seed11_spike_0p4_noise0p1_s13_a0p3_b0p8,141,True,True,True,-0.008473438882123152
corrected_crp,full_seed11_spike_0p4_noise0p1_s13_a0p3_b0p8,142,True,True,True,-0.011308656946218049
corrected_crp,full_seed11_spike_0p4_noise0p1_s13_a0p3_b0p8,145,True,True,True,0.0073671439302308295
corrected_crp,full_seed11_spike_0p4_noise0p1_s13_a0p3_b0p8,149,True,True,True,0.012825894974744845
corrected_crp,full_seed11_spike_0p4_noise0p1_s13_a0p3_b0p8,152,True,True,True,0.000527691260971852
corrected_crp,full_seed11_spike_0p4_noise0p1_s13_a0p3_b0p8,159,True,True,True,0.004926408299630702
corrected_crp,full_seed11_spike_0p4_noise0p1_s13_a0p3_b0p8,162,True,True,True,-0.009817614080933457
corrected_crp,full_seed11_spike_0p4_noise0p1_s13_a0p3_b0p8,164,True,True,True,0.00133006263184976
corrected_crp,full_seed11_spike_0p4_noise0p1_s13_a0p3_b0p8,166,True,True,True,0.008031203269701859
corrected_crp,full_seed11_spike_0p4_noise0p1_s13_a0p3_b0p8,171,True,True,True,-0.0032126861108180416
corrected_crp,full_seed11_spike_0p4_noise0p1_s13_a0p3_b0p8,175,True,True,True,0.0008518273294962908
corrected_crp,full_seed11_spike_0p4_noise0p1_s13_a0p3_b0p8,176,True,True,True,0.002236242811204159
corrected_crp,full_seed11_spike_0p4_noise0p25_s13_a0p2_b0p7,91,True,True,True,0.0
corrected_crp,full_seed11_spike_0p4_noise0p25_s13_a0p2_b0p7,93,True,True,True,0.0
corrected_crp,full_seed11_spike_0p4_noise0p25_s13_a0p2_b0p7,94,True,True,True,0.0
corrected_crp,full_seed11_spike_0p4_noise0p25_s13_a0p2_b0p7,97,True,True,True,0.0
corrected_crp,full_seed11_spike_0p4_noise0p25_s13_a0p2_b0p7,99,True,True,True,0.0
corrected_crp,full_seed11_spike_0p4_noise0p25_s13_a0p2_b0p7,100,True,True,True,0.0
corrected_crp,full_seed11_spike_0p4_noise0p25_s13_a0p2_b0p7,101,True,True,True,0.0
corrected_crp,full_seed11_spike_0p4_noise0p25_s13_a0p2_b0p7,104,True,True,True,0.0
corrected_crp,full_seed11_spike_0p4_noise0p25_s13_a0p2_b0p7,105,True,True,True,0.0
corrected_crp,full_seed11_spike_0p4_noise0p25_s13_a0p2_b0p7,106,True,True,True,0.0
corrected_crp,full_seed11_spike_0p4_noise0p25_s13_a0p2_b0p7,107,True,True,True,0.0
corrected_crp,full_seed11_spike_0p4_noise0p25_s13_a0p2_b0p7,111,True,True,True,0.0
corrected_crp,full_seed11_spike_0p4_noise0p25_s13_a0p2_b0p7,113,True,True,True,0.0
corrected_crp,full_seed11_spike_0p4_noise0p25_s13_a0p2_b0p7,120,True,True,True,0.0
corrected_crp,full_seed11_spike_0p4_noise0p25_s13_a0p2_b0p7,122,True,True,True,0.0
corrected_crp,full_seed11_spike_0p4_noise0p25_s13_a0p2_b0p7,124,True,True,True,0.0
corrected_crp,full_seed11_spike_0p4_noise0p25_s13_a0p2_b0p7,127,True,True,True,0.0
corrected_crp,full_seed11_spike_0p4_noise0p25_s13_a0p2_b0p7,132,True,True,True,0.0
corrected_crp,full_seed11_spike_0p4_noise0p25_s13_a0p2_b0p7,133,True,True,True,0.0
corrected_crp,full_seed11_spike_0p4_noise0p25_s13_a0p2_b0p7,134,True,True,True,0.0
corrected_crp,full_seed11_spike_0p4_noise0p25_s13_a0p2_b0p7,140,True,True,True,0.0
corrected_crp,full_seed11_spike_0p4_noise0p25_s13_a0p2_b0p7,142,True,True,True,0.0
corrected_crp,full_seed11_spike_0p4_noise0p25_s13_a0p2_b0p7,144,True,True,True,0.0
corrected_crp,full_seed11_spike_0p4_noise0p25_s13_a0p2_b0p7,145,True,True,True,0.0
corrected_crp,full_seed11_spike_0p4_noise0p25_s13_a0p2_b0p7,148,True,True,True,0.0
corrected_crp,full_seed11_spike_0p4_noise0p25_s13_a0p2_b0p7,149,True,True,True,0.0
corrected_crp,full_seed11_spike_0p4_noise0p25_s13_a0p2_b0p7,152,True,True,True,0.0
corrected_crp,full_seed11_spike_0p4_noise0p25_s13_a0p2_b0p7,154,True,True,True,0.0
corrected_crp,full_seed11_spike_0p4_noise0p25_s13_a0p2_b0p7,159,True,True,True,0.0
corrected_crp,full_seed11_spike_0p4_noise0p25_s13_a0p2_b0p7,160,True,True,True,0.0
corrected_crp,full_seed11_spike_0p4_noise0p25_s13_a0p2_b0p7,162,True,True,True,0.0
corrected_crp,full_seed11_spike_0p4_noise0p25_s13_a0p2_b0p7,164,True,True,True,0.0
corrected_crp,full_seed11_spike_0p4_noise0p25_s13_a0p2_b0p7,165,True,True,True,0.0
corrected_crp,full_seed11_spike_0p4_noise0p25_s13_a0p2_b0p7,166,True,True,True,0.0
corrected_crp,full_seed11_spike_0p4_noise0p25_s13_a0p2_b0p7,168,True,True,True,0.0
corrected_crp,full_seed11_spike_0p4_noise0p25_s13_a0p2_b0p7,171,True,True,True,0.0
corrected_crp,full_seed11_spike_0p4_noise0p25_s13_a0p2_b0p7,172,True,True,True,0.0
corrected_crp,full_seed11_spike_0p4_noise0p25_s13_a0p2_b0p7,173,True,True,True,0.0
corrected_crp,full_seed11_spike_0p4_noise0p25_s13_a0p2_b0p7,174,True,True,True,0.0
corrected_crp,full_seed11_spike_0p4_noise0p25_s13_a0p2_b0p7,175,True,True,True,0.0
corrected_crp,full_seed11_spike_0p4_noise0p25_s13_a0p2_b0p7,176,True,True,True,0.0
corrected_crp,full_seed11_spike_0p4_noise0p25_s13_a0p3_b0p8,91,True,True,True,-0.006988171594066228
corrected_crp,full_seed11_spike_0p4_noise0p25_s13_a0p3_b0p8,93,True,True,True,-0.012644203181974595
corrected_crp,full_seed11_spike_0p4_noise0p25_s13_a0p3_b0p8,94,True,True,True,-0.010931938549548492
corrected_crp,full_seed11_spike_0p4_noise0p25_s13_a0p3_b0p8,97,True,True,True,0.007397450237484199
corrected_crp,full_seed11_spike_0p4_noise0p25_s13_a0p3_b0p8,99,True,True,True,-0.0064818347461711445
corrected_crp,full_seed11_spike_0p4_noise0p25_s13_a0p3_b0p8,100,True,True,True,-0.0028338397876622734
corrected_crp,full_seed11_spike_0p4_noise0p25_s13_a0p3_b0p8,101,True,True,True,0.040665847873614935
corrected_crp,full_seed11_spike_0p4_noise0p25_s13_a0p3_b0p8,104,True,True,True,0.024308656479926805
corrected_crp,full_seed11_spike_0p4_noise0p25_s13_a0p3_b0p8,105,True,True,True,0.014761708994835754
corrected_crp,full_seed11_spike_0p4_noise0p25_s13_a0p3_b0p8,106,True,True,True,-0.004247290446150853
corrected_crp,full_seed11_spike_0p4_noise0p25_s13_a0p3_b0p8,107,True,True,True,-0.01625226515470496
corrected_crp,full_seed11_spike_0p4_noise0p25_s13_a0p3_b0p8,111,True,True,True,0.007801710569710352
corrected_crp,full_seed11_spike_0p4_noise0p25_s13_a0p3_b0p8,113,True,True,True,0.012689992567012531
corrected_crp,full_seed11_spike_0p4_noise0p25_s13_a0p3_b0p8,120,True,True,True,0.023366956594154997
corrected_crp,full_seed11_spike_0p4_noise0p25_s13_a0p3_b0p8,122,True,True,True,-0.016915272046688856
corrected_crp,full_seed11_spike_0p4_noise0p25_s13_a0p3_b0p8,124,True,True,True,0.08235919568484107
corrected_crp,full_seed11_spike_0p4_noise0p25_s13_a0p3_b0p8,127,True,True,True,0.017704395877068735
corrected_crp,full_seed11_spike_0p4_noise0p25_s13_a0p3_b0p8,132,True,True,True,-0.008239760594655948
corrected_crp,full_seed11_spike_0p4_noise0p25_s13_a0p3_b0p8,133,True,True,True,0.05076509046945332
corrected_crp,full_seed11_spike_0p4_noise0p25_s13_a0p3_b0p8,134,True,True,True,0.043361374652456375
corrected_crp,full_seed11_spike_0p4_noise0p25_s13_a0p3_b0p8,140,True,True,True,-0.0067915107686447596
corrected_crp,full_seed11_spike_0p4_noise0p25_s13_a0p3_b0p8,142,True,True,True,-0.028271642365545135
corrected_crp,full_seed11_spike_0p4_noise0p25_s13_a0p3_b0p8,144,True,True,True,0.023152405358382255
corrected_crp,full_seed11_spike_0p4_noise0p25_s13_a0p3_b0p8,145,True,True,True,0.0184178598255772
corrected_crp,full_seed11_spike_0p4_noise0p25_s13_a0p3_b0p8,148,True,True,True,0.012686913679711198
corrected_crp,full_seed11_spike_0p4_noise0p25_s13_a0p3_b0p8,149,True,True,True,0.03206473743686211
corrected_crp,full_seed11_spike_0p4_noise0p25_s13_a0p3_b0p8,152,True,True,True,0.00131922815242963
corrected_crp,full_seed11_spike_0p4_noise0p25_s13_a0p3_b0p8,154,True,True,True,0.030088963737980645
corrected_crp,full_seed11_spike_0p4_noise0p25_s13_a0p3_b0p8,159,True,True,True,0.012316020749076784
corrected_crp,full_seed11_spike_0p4_noise0p25_s13_a0p3_b0p8,160,True,True,True,0.002202261624139945
corrected_crp,full_seed11_spike_0p4_noise0p25_s13_a0p3_b0p8,162,True,True,True,-0.024544035202333614
corrected_crp,full_seed11_spike_0p4_noise0p25_s13_a0p3_b0p8,164,True,True,True,0.003325156579624289
corrected_crp,full_seed11_spike_0p4_noise0p25_s13_a0p3_b0p8,165,True,True,True,-0.006600625472526378
corrected_crp,full_seed11_spike_0p4_noise0p25_s13_a0p3_b0p8,166,True,True,True,0.020078008174254647
corrected_crp,full_seed11_spike_0p4_noise0p25_s13_a0p3_b0p8,168,True,True,True,0.0013318026579951514
corrected_crp,full_seed11_spike_0p4_noise0p25_s13_a0p3_b0p8,171,True,True,True,-0.008031715277044993
corrected_crp,full_seed11_spike_0p4_noise0p25_s13_a0p3_b0p8,172,True,True,True,0.004878502248475414
corrected_crp,full_seed11_spike_0p4_noise0p25_s13_a0p3_b0p8,173,True,True,True,0.03387742860526871
corrected_crp,full_seed11_spike_0p4_noise0p25_s13_a0p3_b0p8,174,True,True,True,0.05042989767239281
corrected_crp,full_seed11_spike_0p4_noise0p25_s13_a0p3_b0p8,175,True,True,True,0.002129568323740727
corrected_crp,full_seed11_spike_0p4_noise0p25_s13_a0p3_b0p8,176,True,True,True,0.005590607028010508
corrected_crp,full_seed11_spike_0p4_noise0p5_s13_a0p2_b0p7,89,True,True,True,-0.024784565668360292
corrected_crp,full_seed11_spike_0p4_noise0p5_s13_a0p2_b0p7,101,True,True,True,0.0
corrected_crp,full_seed11_spike_0p4_noise0p5_s13_a0p2_b0p7,102,True,True,True,0.05627181902903952
corrected_crp,full_seed11_spike_0p4_noise0p5_s13_a0p2_b0p7,104,True,True,True,0.0
corrected_crp,full_seed11_spike_0p4_noise0p5_s13_a0p2_b0p7,106,True,True,True,0.0
corrected_crp,full_seed11_spike_0p4_noise0p5_s13_a0p2_b0p7,107,True,True,True,0.0
corrected_crp,full_seed11_spike_0p4_noise0p5_s13_a0p2_b0p7,108,True,True,True,0.0
corrected_crp,full_seed11_spike_0p4_noise0p5_s13_a0p2_b0p7,120,True,True,True,0.0
corrected_crp,full_seed11_spike_0p4_noise0p5_s13_a0p2_b0p7,132,True,True,True,0.0
corrected_crp,full_seed11_spike_0p4_noise0p5_s13_a0p2_b0p7,152,True,True,True,0.0
corrected_crp,full_seed11_spike_0p4_noise0p5_s13_a0p2_b0p7,159,True,True,True,0.01583714456989549
corrected_crp,full_seed11_spike_0p4_noise0p5_s13_a0p2_b0p7,166,True,True,True,0.0
corrected_crp,full_seed11_spike_0p4_noise0p5_s13_a0p2_b0p7,170,True,True,True,0.004789393293128996
corrected_crp,full_seed11_spike_0p4_noise0p5_s13_a0p2_b0p7,172,True,True,True,0.0
corrected_crp,full_seed11_spike_0p4_noise0p5_s13_a0p2_b0p7,174,True,True,True,0.0
corrected_crp,full_seed11_spike_0p4_noise0p5_s13_a0p2_b0p7,175,True,True,True,0.0
corrected_crp,full_seed11_spike_0p4_noise0p5_s13_a0p3_b0p8,89,True,True,True,-0.09913826267344128
corrected_crp,full_seed11_spike_0p4_noise0p5_s13_a0p3_b0p8,101,True,True,True,0.08133169574722987
corrected_crp,full_seed11_spike_0p4_noise0p5_s13_a0p3_b0p8,102,True,True,True,0.22508727611615825
corrected_crp,full_seed11_spike_0p4_noise0p5_s13_a0p3_b0p8,104,True,True,True,0.048617312959853554
corrected_crp,full_seed11_spike_0p4_noise0p5_s13_a0p3_b0p8,106,True,True,True,-0.008494580892301623
corrected_crp,full_seed11_spike_0p4_noise0p5_s13_a0p3_b0p8,107,True,True,True,-0.03250453030941003
corrected_crp,full_seed11_spike_0p4_noise0p5_s13_a0p3_b0p8,108,True,True,True,-0.01231047454094747
corrected_crp,full_seed11_spike_0p4_noise0p5_s13_a0p3_b0p8,120,True,True,True,0.046733913188309995
corrected_crp,full_seed11_spike_0p4_noise0p5_s13_a0p3_b0p8,132,True,True,True,-0.016479521189311924
corrected_crp,full_seed11_spike_0p4_noise0p5_s13_a0p3_b0p8,152,True,True,True,0.00263845630485926
corrected_crp,full_seed11_spike_0p4_noise0p5_s13_a0p3_b0p8,159,True,True,True,0.06334857827958212
corrected_crp,full_seed11_spike_0p4_noise0p5_s13_a0p3_b0p8,166,True,True,True,0.040156016348509294
corrected_crp,full_seed11_spike_0p4_noise0p5_s13_a0p3_b0p8,170,True,True,True,0.019157573172515985
corrected_crp,full_seed11_spike_0p4_noise0p5_s13_a0p3_b0p8,172,True,True,True,0.009757004496950827
corrected_crp,full_seed11_spike_0p4_noise0p5_s13_a0p3_b0p8,174,True,True,True,0.10085979534478579
corrected_crp,full_seed11_spike_0p4_noise0p5_s13_a0p3_b0p8,175,True,True,True,0.004259136647481343
corrected_crp,full_seed42_bias_0p0_noise0p5_s13_a0p2_b0p7,26,True,True,True,0.0
corrected_crp,full_seed42_bias_0p0_noise0p5_s13_a0p2_b0p7,84,True,True,True,0.0
corrected_crp,full_seed42_bias_0p0_noise0p5_s13_a0p3_b0p8,26,True,True,True,0.0
corrected_crp,full_seed42_bias_0p0_noise0p5_s13_a0p3_b0p8,84,True,True,True,0.0
corrected_crp,full_seed42_bias_0p0_noise0p5_s9_a0p2_b0p7,84,True,True,True,0.0
corrected_crp,full_seed42_bias_0p0_noise0p5_s9_a0p3_b0p8,84,True,True,True,-0.040638141510296766
corrected_crp,full_seed42_bias_0p1_noise0p1_s13_a0p2_b0p7,99,True,True,True,0.0
corrected_crp,full_seed42_bias_0p1_noise0p1_s13_a0p2_b0p7,102,True,True,True,0.0
corrected_crp,full_seed42_bias_0p1_noise0p1_s13_a0p2_b0p7,111,True,True,True,0.0
corrected_crp,full_seed42_bias_0p1_noise0p1_s13_a0p2_b0p7,114,True,True,True,0.0
corrected_crp,full_seed42_bias_0p1_noise0p1_s13_a0p2_b0p7,122,True,True,True,0.0
corrected_crp,full_seed42_bias_0p1_noise0p1_s13_a0p2_b0p7,126,True,True,True,0.0
corrected_crp,full_seed42_bias_0p1_noise0p1_s13_a0p2_b0p7,145,True,True,True,0.0
corrected_crp,full_seed42_bias_0p1_noise0p1_s13_a0p2_b0p7,149,True,True,True,0.0
corrected_crp,full_seed42_bias_0p1_noise0p1_s13_a0p2_b0p7,153,True,True,True,0.0
corrected_crp,full_seed42_bias_0p1_noise0p1_s13_a0p2_b0p7,161,True,True,True,0.0
corrected_crp,full_seed42_bias_0p1_noise0p1_s13_a0p2_b0p7,162,True,True,True,0.0
corrected_crp,full_seed42_bias_0p1_noise0p1_s13_a0p2_b0p7,166,True,True,True,0.0
corrected_crp,full_seed42_bias_0p1_noise0p1_s13_a0p2_b0p7,171,True,True,True,0.0
corrected_crp,full_seed42_bias_0p1_noise0p1_s13_a0p2_b0p7,173,True,True,True,0.0
corrected_crp,full_seed42_bias_0p1_noise0p1_s13_a0p2_b0p7,174,True,True,True,0.0
corrected_crp,full_seed42_bias_0p1_noise0p1_s13_a0p2_b0p7,178,True,True,True,0.0
corrected_crp,full_seed42_bias_0p1_noise0p1_s13_a0p3_b0p8,99,True,True,True,0.0
corrected_crp,full_seed42_bias_0p1_noise0p1_s13_a0p3_b0p8,102,True,True,True,0.0
corrected_crp,full_seed42_bias_0p1_noise0p1_s13_a0p3_b0p8,111,True,True,True,0.0
corrected_crp,full_seed42_bias_0p1_noise0p1_s13_a0p3_b0p8,114,True,True,True,0.0
corrected_crp,full_seed42_bias_0p1_noise0p1_s13_a0p3_b0p8,122,True,True,True,0.0
corrected_crp,full_seed42_bias_0p1_noise0p1_s13_a0p3_b0p8,126,True,True,True,0.0
corrected_crp,full_seed42_bias_0p1_noise0p1_s13_a0p3_b0p8,145,True,True,True,0.0
corrected_crp,full_seed42_bias_0p1_noise0p1_s13_a0p3_b0p8,149,True,True,True,0.0
corrected_crp,full_seed42_bias_0p1_noise0p1_s13_a0p3_b0p8,153,True,True,True,0.0
corrected_crp,full_seed42_bias_0p1_noise0p1_s13_a0p3_b0p8,161,True,True,True,0.0
corrected_crp,full_seed42_bias_0p1_noise0p1_s13_a0p3_b0p8,162,True,True,True,0.0
corrected_crp,full_seed42_bias_0p1_noise0p1_s13_a0p3_b0p8,166,True,True,True,0.0
corrected_crp,full_seed42_bias_0p1_noise0p1_s13_a0p3_b0p8,171,True,True,True,0.0
corrected_crp,full_seed42_bias_0p1_noise0p1_s13_a0p3_b0p8,173,True,True,True,0.0
corrected_crp,full_seed42_bias_0p1_noise0p1_s13_a0p3_b0p8,174,True,True,True,0.0
corrected_crp,full_seed42_bias_0p1_noise0p1_s13_a0p3_b0p8,178,True,True,True,0.0
corrected_crp,full_seed42_bias_0p1_noise0p1_s9_a0p2_b0p7,90,True,True,True,0.0
corrected_crp,full_seed42_bias_0p1_noise0p1_s9_a0p2_b0p7,119,True,True,True,0.0
corrected_crp,full_seed42_bias_0p1_noise0p1_s9_a0p2_b0p7,152,True,True,True,0.0
corrected_crp,full_seed42_bias_0p1_noise0p1_s9_a0p2_b0p7,155,True,True,True,0.0
corrected_crp,full_seed42_bias_0p1_noise0p1_s9_a0p2_b0p7,179,True,True,True,0.0
corrected_crp,full_seed42_bias_0p1_noise0p1_s9_a0p3_b0p8,90,True,True,True,-0.05757813894455133
corrected_crp,full_seed42_bias_0p1_noise0p1_s9_a0p3_b0p8,119,True,True,True,0.02049961603814765
corrected_crp,full_seed42_bias_0p1_noise0p1_s9_a0p3_b0p8,152,True,True,True,-0.00944470075229309
corrected_crp,full_seed42_bias_0p1_noise0p1_s9_a0p3_b0p8,155,True,True,True,0.003968596278763226
corrected_crp,full_seed42_bias_0p1_noise0p1_s9_a0p3_b0p8,179,True,True,True,-0.0010128220731311366
corrected_crp,full_seed42_bias_0p1_noise0p25_s13_a0p2_b0p7,91,True,True,True,0.0
corrected_crp,full_seed42_bias_0p1_noise0p25_s13_a0p2_b0p7,109,True,True,True,0.0
corrected_crp,full_seed42_bias_0p1_noise0p25_s13_a0p2_b0p7,114,True,True,True,0.0
corrected_crp,full_seed42_bias_0p1_noise0p25_s13_a0p2_b0p7,122,True,True,True,0.0
corrected_crp,full_seed42_bias_0p1_noise0p25_s13_a0p2_b0p7,126,True,True,True,0.0
corrected_crp,full_seed42_bias_0p1_noise0p25_s13_a0p2_b0p7,135,True,True,True,0.0
corrected_crp,full_seed42_bias_0p1_noise0p25_s13_a0p2_b0p7,145,True,True,True,0.0
corrected_crp,full_seed42_bias_0p1_noise0p25_s13_a0p2_b0p7,153,True,True,True,0.0
corrected_crp,full_seed42_bias_0p1_noise0p25_s13_a0p2_b0p7,155,True,True,True,0.0
corrected_crp,full_seed42_bias_0p1_noise0p25_s13_a0p2_b0p7,159,True,True,True,0.0
corrected_crp,full_seed42_bias_0p1_noise0p25_s13_a0p2_b0p7,162,True,True,True,0.0
corrected_crp,full_seed42_bias_0p1_noise0p25_s13_a0p2_b0p7,171,True,True,True,0.0
corrected_crp,full_seed42_bias_0p1_noise0p25_s13_a0p2_b0p7,176,True,True,True,0.0
corrected_crp,full_seed42_bias_0p1_noise0p25_s13_a0p2_b0p7,177,True,True,True,0.0
corrected_crp,full_seed42_bias_0p1_noise0p25_s13_a0p2_b0p7,179,True,True,True,0.0
corrected_crp,full_seed42_bias_0p1_noise0p25_s13_a0p3_b0p8,91,True,True,True,0.0
corrected_crp,full_seed42_bias_0p1_noise0p25_s13_a0p3_b0p8,109,True,True,True,0.0
corrected_crp,full_seed42_bias_0p1_noise0p25_s13_a0p3_b0p8,114,True,True,True,0.0
corrected_crp,full_seed42_bias_0p1_noise0p25_s13_a0p3_b0p8,122,True,True,True,0.0
corrected_crp,full_seed42_bias_0p1_noise0p25_s13_a0p3_b0p8,126,True,True,True,0.0
corrected_crp,full_seed42_bias_0p1_noise0p25_s13_a0p3_b0p8,135,True,True,True,0.0
corrected_crp,full_seed42_bias_0p1_noise0p25_s13_a0p3_b0p8,145,True,True,True,0.0
corrected_crp,full_seed42_bias_0p1_noise0p25_s13_a0p3_b0p8,153,True,True,True,0.0
corrected_crp,full_seed42_bias_0p1_noise0p25_s13_a0p3_b0p8,155,True,True,True,0.0
corrected_crp,full_seed42_bias_0p1_noise0p25_s13_a0p3_b0p8,159,True,True,True,0.0
corrected_crp,full_seed42_bias_0p1_noise0p25_s13_a0p3_b0p8,162,True,True,True,0.0
corrected_crp,full_seed42_bias_0p1_noise0p25_s13_a0p3_b0p8,171,True,True,True,0.0
corrected_crp,full_seed42_bias_0p1_noise0p25_s13_a0p3_b0p8,176,True,True,True,0.0
corrected_crp,full_seed42_bias_0p1_noise0p25_s13_a0p3_b0p8,177,True,True,True,0.0
corrected_crp,full_seed42_bias_0p1_noise0p25_s13_a0p3_b0p8,179,True,True,True,0.0
corrected_crp,full_seed42_bias_0p1_noise0p25_s9_a0p2_b0p7,88,True,True,True,0.0
corrected_crp,full_seed42_bias_0p1_noise0p25_s9_a0p2_b0p7,98,True,True,True,0.0
corrected_crp,full_seed42_bias_0p1_noise0p25_s9_a0p2_b0p7,118,True,True,True,0.0
corrected_crp,full_seed42_bias_0p1_noise0p25_s9_a0p2_b0p7,124,True,True,True,0.0
corrected_crp,full_seed42_bias_0p1_noise0p25_s9_a0p2_b0p7,135,True,True,True,0.0
corrected_crp,full_seed42_bias_0p1_noise0p25_s9_a0p2_b0p7,137,True,True,True,0.0
corrected_crp,full_seed42_bias_0p1_noise0p25_s9_a0p2_b0p7,139,True,True,True,0.0
corrected_crp,full_seed42_bias_0p1_noise0p25_s9_a0p2_b0p7,155,True,True,True,0.0
corrected_crp,full_seed42_bias_0p1_noise0p25_s9_a0p2_b0p7,158,True,True,True,0.0
corrected_crp,full_seed42_bias_0p1_noise0p25_s9_a0p2_b0p7,162,True,True,True,0.0
corrected_crp,full_seed42_bias_0p1_noise0p25_s9_a0p3_b0p8,88,True,True,True,0.0058435823931284325
corrected_crp,full_seed42_bias_0p1_noise0p25_s9_a0p3_b0p8,98,True,True,True,-0.004791228584296814
corrected_crp,full_seed42_bias_0p1_noise0p25_s9_a0p3_b0p8,118,True,True,True,-0.03840445094033429
corrected_crp,full_seed42_bias_0p1_noise0p25_s9_a0p3_b0p8,124,True,True,True,-0.0005357889450736675
corrected_crp,full_seed42_bias_0p1_noise0p25_s9_a0p3_b0p8,135,True,True,True,0.030290555731752766
corrected_crp,full_seed42_bias_0p1_noise0p25_s9_a0p3_b0p8,137,True,True,True,0.009263795717735501
corrected_crp,full_seed42_bias_0p1_noise0p25_s9_a0p3_b0p8,139,True,True,True,-0.0593536531011547
corrected_crp,full_seed42_bias_0p1_noise0p25_s9_a0p3_b0p8,155,True,True,True,0.0345322986298191
corrected_crp,full_seed42_bias_0p1_noise0p25_s9_a0p3_b0p8,158,True,True,True,-0.0190827370805966
corrected_crp,full_seed42_bias_0p1_noise0p25_s9_a0p3_b0p8,162,True,True,True,0.009007805578133965
corrected_crp,full_seed42_bias_0p1_noise0p5_s13_a0p2_b0p7,26,True,True,True,0.0
corrected_crp,full_seed42_bias_0p1_noise0p5_s13_a0p2_b0p7,91,True,True,True,0.0
corrected_crp,full_seed42_bias_0p1_noise0p5_s13_a0p2_b0p7,92,True,True,True,0.0
corrected_crp,full_seed42_bias_0p1_noise0p5_s13_a0p2_b0p7,163,True,True,True,0.0
corrected_crp,full_seed42_bias_0p1_noise0p5_s13_a0p2_b0p7,173,True,True,True,0.0
corrected_crp,full_seed42_bias_0p1_noise0p5_s13_a0p2_b0p7,177,True,True,True,0.0
corrected_crp,full_seed42_bias_0p1_noise0p5_s13_a0p3_b0p8,26,True,True,True,0.0
corrected_crp,full_seed42_bias_0p1_noise0p5_s13_a0p3_b0p8,91,True,True,True,0.0
corrected_crp,full_seed42_bias_0p1_noise0p5_s13_a0p3_b0p8,92,True,True,True,0.0
corrected_crp,full_seed42_bias_0p1_noise0p5_s13_a0p3_b0p8,163,True,True,True,0.0
corrected_crp,full_seed42_bias_0p1_noise0p5_s13_a0p3_b0p8,173,True,True,True,0.0
corrected_crp,full_seed42_bias_0p1_noise0p5_s13_a0p3_b0p8,177,True,True,True,0.0
corrected_crp,full_seed42_bias_0p1_noise0p5_s9_a0p2_b0p7,100,True,True,True,0.0
corrected_crp,full_seed42_bias_0p1_noise0p5_s9_a0p2_b0p7,127,True,True,True,0.0
corrected_crp,full_seed42_bias_0p1_noise0p5_s9_a0p2_b0p7,137,True,True,True,0.0
corrected_crp,full_seed42_bias_0p1_noise0p5_s9_a0p2_b0p7,139,True,True,True,0.0
corrected_crp,full_seed42_bias_0p1_noise0p5_s9_a0p3_b0p8,100,True,True,True,0.010499343680333784
corrected_crp,full_seed42_bias_0p1_noise0p5_s9_a0p3_b0p8,127,True,True,True,-0.006597448196585365
corrected_crp,full_seed42_bias_0p1_noise0p5_s9_a0p3_b0p8,137,True,True,True,0.018536118450543926
corrected_crp,full_seed42_bias_0p1_noise0p5_s9_a0p3_b0p8,139,True,True,True,-0.04496896989604782
corrected_crp,full_seed42_bias_0p2_noise0p1_s13_a0p2_b0p7,110,True,True,True,0.0
corrected_crp,full_seed42_bias_0p2_noise0p1_s13_a0p2_b0p7,111,True,True,True,0.0
corrected_crp,full_seed42_bias_0p2_noise0p1_s13_a0p2_b0p7,116,True,True,True,0.0
corrected_crp,full_seed42_bias_0p2_noise0p1_s13_a0p2_b0p7,122,True,True,True,0.0
corrected_crp,full_seed42_bias_0p2_noise0p1_s13_a0p2_b0p7,133,True,True,True,0.0
corrected_crp,full_seed42_bias_0p2_noise0p1_s13_a0p2_b0p7,149,True,True,True,0.0
corrected_crp,full_seed42_bias_0p2_noise0p1_s13_a0p3_b0p8,110,True,True,True,0.0
corrected_crp,full_seed42_bias_0p2_noise0p1_s13_a0p3_b0p8,111,True,True,True,0.0
corrected_crp,full_seed42_bias_0p2_noise0p1_s13_a0p3_b0p8,116,True,True,True,0.0
corrected_crp,full_seed42_bias_0p2_noise0p1_s13_a0p3_b0p8,122,True,True,True,0.0
corrected_crp,full_seed42_bias_0p2_noise0p1_s13_a0p3_b0p8,133,True,True,True,0.0
corrected_crp,full_seed42_bias_0p2_noise0p1_s13_a0p3_b0p8,149,True,True,True,0.0
corrected_crp,full_seed42_bias_0p2_noise0p1_s5_a0p2_b0p7,85,True,True,True,-0.17675329622741565
corrected_crp,full_seed42_bias_0p2_noise0p1_s5_a0p2_b0p7,88,True,True,True,-0.2712785155662423
corrected_crp,full_seed42_bias_0p2_noise0p1_s5_a0p2_b0p7,128,True,True,True,0.1526187733840254
corrected_crp,full_seed42_bias_0p2_noise0p1_s5_a0p2_b0p7,167,True,True,True,0.013212206629465317
corrected_crp,full_seed42_bias_0p2_noise0p1_s5_a0p3_b0p8,85,True,True,True,-0.17675329622741565
corrected_crp,full_seed42_bias_0p2_noise0p1_s5_a0p3_b0p8,88,True,True,True,-0.2712785155662423
corrected_crp,full_seed42_bias_0p2_noise0p1_s5_a0p3_b0p8,128,True,True,True,0.15261877338402563
corrected_crp,full_seed42_bias_0p2_noise0p1_s5_a0p3_b0p8,167,True,True,True,0.013212206629465761
corrected_crp,full_seed42_bias_0p2_noise0p1_s9_a0p2_b0p7,125,True,True,True,0.0
corrected_crp,full_seed42_bias_0p2_noise0p1_s9_a0p3_b0p8,125,True,True,True,0.03310636535811762
corrected_crp,full_seed42_bias_0p2_noise0p25_s13_a0p2_b0p7,100,True,True,True,0.0
corrected_crp,full_seed42_bias_0p2_noise0p25_s13_a0p2_b0p7,110,True,True,True,0.0
corrected_crp,full_seed42_bias_0p2_noise0p25_s13_a0p2_b0p7,116,True,True,True,0.0
corrected_crp,full_seed42_bias_0p2_noise0p25_s13_a0p2_b0p7,122,True,True,True,0.0
corrected_crp,full_seed42_bias_0p2_noise0p25_s13_a0p2_b0p7,126,True,True,True,0.0
corrected_crp,full_seed42_bias_0p2_noise0p25_s13_a0p2_b0p7,133,True,True,True,0.0
corrected_crp,full_seed42_bias_0p2_noise0p25_s13_a0p2_b0p7,137,True,True,True,0.0
corrected_crp,full_seed42_bias_0p2_noise0p25_s13_a0p2_b0p7,139,True,True,True,0.0
corrected_crp,full_seed42_bias_0p2_noise0p25_s13_a0p2_b0p7,149,True,True,True,0.0
corrected_crp,full_seed42_bias_0p2_noise0p25_s13_a0p2_b0p7,157,True,True,True,0.0
corrected_crp,full_seed42_bias_0p2_noise0p25_s13_a0p2_b0p7,162,True,True,True,0.0
corrected_crp,full_seed42_bias_0p2_noise0p25_s13_a0p3_b0p8,100,True,True,True,0.0
corrected_crp,full_seed42_bias_0p2_noise0p25_s13_a0p3_b0p8,110,True,True,True,0.0
corrected_crp,full_seed42_bias_0p2_noise0p25_s13_a0p3_b0p8,116,True,True,True,0.0
corrected_crp,full_seed42_bias_0p2_noise0p25_s13_a0p3_b0p8,122,True,True,True,0.0
corrected_crp,full_seed42_bias_0p2_noise0p25_s13_a0p3_b0p8,126,True,True,True,0.0
corrected_crp,full_seed42_bias_0p2_noise0p25_s13_a0p3_b0p8,133,True,True,True,0.0
corrected_crp,full_seed42_bias_0p2_noise0p25_s13_a0p3_b0p8,137,True,True,True,0.0
corrected_crp,full_seed42_bias_0p2_noise0p25_s13_a0p3_b0p8,139,True,True,True,0.0
corrected_crp,full_seed42_bias_0p2_noise0p25_s13_a0p3_b0p8,149,True,True,True,0.0
corrected_crp,full_seed42_bias_0p2_noise0p25_s13_a0p3_b0p8,157,True,True,True,0.0
corrected_crp,full_seed42_bias_0p2_noise0p25_s13_a0p3_b0p8,162,True,True,True,0.0
corrected_crp,full_seed42_bias_0p2_noise0p25_s5_a0p2_b0p7,88,True,True,True,-0.3094696297896724
corrected_crp,full_seed42_bias_0p2_noise0p25_s5_a0p2_b0p7,90,True,True,True,0.25634912046342473
corrected_crp,full_seed42_bias_0p2_noise0p25_s5_a0p2_b0p7,118,True,True,True,-0.19332595639000028
corrected_crp,full_seed42_bias_0p2_noise0p25_s5_a0p2_b0p7,124,True,True,True,-0.002143155780294448
corrected_crp,full_seed42_bias_0p2_noise0p25_s5_a0p2_b0p7,128,True,True,True,0.23424933817798732
corrected_crp,full_seed42_bias_0p2_noise0p25_s5_a0p2_b0p7,134,True,True,True,0.2832387839264756
corrected_crp,full_seed42_bias_0p2_noise0p25_s5_a0p2_b0p7,136,True,True,True,-0.21984547063294313
corrected_crp,full_seed42_bias_0p2_noise0p25_s5_a0p2_b0p7,139,True,True,True,-0.23741461240461925
corrected_crp,full_seed42_bias_0p2_noise0p25_s5_a0p2_b0p7,168,True,True,True,0.22567684259043164
corrected_crp,full_seed42_bias_0p2_noise0p25_s5_a0p3_b0p8,88,True,True,True,-0.3094696297896724
corrected_crp,full_seed42_bias_0p2_noise0p25_s5_a0p3_b0p8,90,True,True,True,0.25634912046342495
corrected_crp,full_seed42_bias_0p2_noise0p25_s5_a0p3_b0p8,118,True,True,True,-0.19332595639000028
corrected_crp,full_seed42_bias_0p2_noise0p25_s5_a0p3_b0p8,124,True,True,True,-0.002143155780294448
corrected_crp,full_seed42_bias_0p2_noise0p25_s5_a0p3_b0p8,128,True,True,True,0.23424933817798754
corrected_crp,full_seed42_bias_0p2_noise0p25_s5_a0p3_b0p8,134,True,True,True,0.28323878392647583
corrected_crp,full_seed42_bias_0p2_noise0p25_s5_a0p3_b0p8,136,True,True,True,-0.21984547063294313
corrected_crp,full_seed42_bias_0p2_noise0p25_s5_a0p3_b0p8,139,True,True,True,-0.23741461240461925
corrected_crp,full_seed42_bias_0p2_noise0p25_s5_a0p3_b0p8,168,True,True,True,0.22567684259043164
corrected_crp,full_seed42_bias_0p2_noise0p25_s9_a0p2_b0p7,119,True,True,True,0.0
corrected_crp,full_seed42_bias_0p2_noise0p25_s9_a0p2_b0p7,142,True,True,True,0.0
corrected_crp,full_seed42_bias_0p2_noise0p25_s9_a0p2_b0p7,158,True,True,True,0.0
corrected_crp,full_seed42_bias_0p2_noise0p25_s9_a0p3_b0p8,119,True,True,True,-0.004001769709880865
corrected_crp,full_seed42_bias_0p2_noise0p25_s9_a0p3_b0p8,142,True,True,True,-0.0569277525744154
corrected_crp,full_seed42_bias_0p2_noise0p25_s9_a0p3_b0p8,158,True,True,True,0.011729649385705088
corrected_crp,full_seed42_bias_0p2_noise0p5_s13_a0p2_b0p7,26,True,True,True,0.0
corrected_crp,full_seed42_bias_0p2_noise0p5_s13_a0p2_b0p7,92,True,True,True,0.0
corrected_crp,full_seed42_bias_0p2_noise0p5_s13_a0p2_b0p7,116,True,True,True,0.0
corrected_crp,full_seed42_bias_0p2_noise0p5_s13_a0p2_b0p7,140,True,True,True,0.0
corrected_crp,full_seed42_bias_0p2_noise0p5_s13_a0p2_b0p7,157,True,True,True,0.0
corrected_crp,full_seed42_bias_0p2_noise0p5_s13_a0p2_b0p7,158,True,True,True,0.0
corrected_crp,full_seed42_bias_0p2_noise0p5_s13_a0p2_b0p7,178,True,True,True,0.0
corrected_crp,full_seed42_bias_0p2_noise0p5_s13_a0p3_b0p8,26,True,True,True,0.0
corrected_crp,full_seed42_bias_0p2_noise0p5_s13_a0p3_b0p8,92,True,True,True,0.0
corrected_crp,full_seed42_bias_0p2_noise0p5_s13_a0p3_b0p8,116,True,True,True,0.0
corrected_crp,full_seed42_bias_0p2_noise0p5_s13_a0p3_b0p8,140,True,True,True,0.0
corrected_crp,full_seed42_bias_0p2_noise0p5_s13_a0p3_b0p8,157,True,True,True,0.0
corrected_crp,full_seed42_bias_0p2_noise0p5_s13_a0p3_b0p8,158,True,True,True,0.0
corrected_crp,full_seed42_bias_0p2_noise0p5_s13_a0p3_b0p8,178,True,True,True,0.0
corrected_crp,full_seed42_bias_0p2_noise0p5_s5_a0p2_b0p7,118,True,True,True,-0.4357231324458426
corrected_crp,full_seed42_bias_0p2_noise0p5_s5_a0p2_b0p7,136,True,True,True,-0.09558523299532329
corrected_crp,full_seed42_bias_0p2_noise0p5_s5_a0p2_b0p7,139,True,True,True,-0.1798758795841915
corrected_crp,full_seed42_bias_0p2_noise0p5_s5_a0p2_b0p7,152,True,True,True,0.08330917429972762
corrected_crp,full_seed42_bias_0p2_noise0p5_s5_a0p2_b0p7,168,True,True,True,0.4514572159886632
corrected_crp,full_seed42_bias_0p2_noise0p5_s5_a0p2_b0p7,171,True,True,True,-0.014866002411859203
corrected_crp,full_seed42_bias_0p2_noise0p5_s5_a0p3_b0p8,118,True,True,True,-0.4357231324458426
corrected_crp,full_seed42_bias_0p2_noise0p5_s5_a0p3_b0p8,136,True,True,True,-0.09558523299532329
corrected_crp,full_seed42_bias_0p2_noise0p5_s5_a0p3_b0p8,139,True,True,True,-0.1798758795841915
corrected_crp,full_seed42_bias_0p2_noise0p5_s5_a0p3_b0p8,152,True,True,True,0.08330917429972762
corrected_crp,full_seed42_bias_0p2_noise0p5_s5_a0p3_b0p8,168,True,True,True,0.4514572159886634
corrected_crp,full_seed42_bias_0p2_noise0p5_s5_a0p3_b0p8,171,True,True,True,-0.014866002411859203
corrected_crp,full_seed42_bias_0p2_noise0p5_s9_a0p2_b0p7,89,True,True,True,0.0
corrected_crp,full_seed42_bias_0p2_noise0p5_s9_a0p2_b0p7,114,True,True,True,0.0
corrected_crp,full_seed42_bias_0p2_noise0p5_s9_a0p2_b0p7,142,True,True,True,-0.026759732213091025
corrected_crp,full_seed42_bias_0p2_noise0p5_s9_a0p2_b0p7,158,True,True,True,0.0
corrected_crp,full_seed42_bias_0p2_noise0p5_s9_a0p3_b0p8,89,True,True,True,-0.005393152598139661
corrected_crp,full_seed42_bias_0p2_noise0p5_s9_a0p3_b0p8,114,True,True,True,-0.008018539908735689
corrected_crp,full_seed42_bias_0p2_noise0p5_s9_a0p3_b0p8,142,True,True,True,-0.10703892885236388
corrected_crp,full_seed42_bias_0p2_noise0p5_s9_a0p3_b0p8,158,True,True,True,0.03988576098353347
corrected_crp,full_seed42_bias_0p3_noise0p1_s13_a0p2_b0p7,135,True,True,True,0.0
corrected_crp,full_seed42_bias_0p3_noise0p1_s13_a0p3_b0p8,135,True,True,True,0.0
corrected_crp,full_seed42_bias_0p3_noise0p1_s5_a0p2_b0p7,166,True,True,True,0.04206148018778588
corrected_crp,full_seed42_bias_0p3_noise0p1_s5_a0p3_b0p8,166,True,True,True,0.021030740093893385
corrected_crp,full_seed42_bias_0p3_noise0p25_s13_a0p2_b0p7,100,True,True,True,0.0
corrected_crp,full_seed42_bias_0p3_noise0p25_s13_a0p2_b0p7,131,True,True,True,0.0
corrected_crp,full_seed42_bias_0p3_noise0p25_s13_a0p2_b0p7,135,True,True,True,0.0
corrected_crp,full_seed42_bias_0p3_noise0p25_s13_a0p2_b0p7,139,True,True,True,0.0
corrected_crp,full_seed42_bias_0p3_noise0p25_s13_a0p2_b0p7,168,True,True,True,0.0
corrected_crp,full_seed42_bias_0p3_noise0p25_s13_a0p3_b0p8,100,True,True,True,0.0
corrected_crp,full_seed42_bias_0p3_noise0p25_s13_a0p3_b0p8,131,True,True,True,0.0
corrected_crp,full_seed42_bias_0p3_noise0p25_s13_a0p3_b0p8,135,True,True,True,0.0
corrected_crp,full_seed42_bias_0p3_noise0p25_s13_a0p3_b0p8,139,True,True,True,0.0
corrected_crp,full_seed42_bias_0p3_noise0p25_s13_a0p3_b0p8,168,True,True,True,0.0
corrected_crp,full_seed42_bias_0p3_noise0p25_s9_a0p2_b0p7,135,True,True,True,0.0
corrected_crp,full_seed42_bias_0p3_noise0p25_s9_a0p2_b0p7,142,True,True,True,0.0
corrected_crp,full_seed42_bias_0p3_noise0p25_s9_a0p2_b0p7,152,True,True,True,0.0
corrected_crp,full_seed42_bias_0p3_noise0p25_s9_a0p3_b0p8,135,True,True,True,0.030290555731752766
corrected_crp,full_seed42_bias_0p3_noise0p25_s9_a0p3_b0p8,142,True,True,True,-0.056927752574415624
corrected_crp,full_seed42_bias_0p3_noise0p25_s9_a0p3_b0p8,152,True,True,True,-0.0329025570834367
corrected_crp,full_seed42_bias_0p3_noise0p5_s13_a0p2_b0p7,26,True,True,True,0.0
corrected_crp,full_seed42_bias_0p3_noise0p5_s13_a0p2_b0p7,95,True,True,True,0.0
corrected_crp,full_seed42_bias_0p3_noise0p5_s13_a0p2_b0p7,96,True,True,True,0.0
corrected_crp,full_seed42_bias_0p3_noise0p5_s13_a0p2_b0p7,100,True,True,True,0.0
corrected_crp,full_seed42_bias_0p3_noise0p5_s13_a0p2_b0p7,103,True,True,True,0.0
corrected_crp,full_seed42_bias_0p3_noise0p5_s13_a0p2_b0p7,115,True,True,True,0.0
corrected_crp,full_seed42_bias_0p3_noise0p5_s13_a0p2_b0p7,116,True,True,True,0.0
corrected_crp,full_seed42_bias_0p3_noise0p5_s13_a0p2_b0p7,117,True,True,True,0.0
corrected_crp,full_seed42_bias_0p3_noise0p5_s13_a0p2_b0p7,126,True,True,True,0.0
corrected_crp,full_seed42_bias_0p3_noise0p5_s13_a0p2_b0p7,147,True,True,True,0.0
corrected_crp,full_seed42_bias_0p3_noise0p5_s13_a0p2_b0p7,158,True,True,True,0.0
corrected_crp,full_seed42_bias_0p3_noise0p5_s13_a0p2_b0p7,170,True,True,True,0.0
corrected_crp,full_seed42_bias_0p3_noise0p5_s13_a0p2_b0p7,177,True,True,True,0.0
corrected_crp,full_seed42_bias_0p3_noise0p5_s13_a0p2_b0p7,178,True,True,True,0.0
corrected_crp,full_seed42_bias_0p3_noise0p5_s13_a0p3_b0p8,26,True,True,True,0.0
corrected_crp,full_seed42_bias_0p3_noise0p5_s13_a0p3_b0p8,95,True,True,True,0.0
corrected_crp,full_seed42_bias_0p3_noise0p5_s13_a0p3_b0p8,96,True,True,True,0.0
corrected_crp,full_seed42_bias_0p3_noise0p5_s13_a0p3_b0p8,100,True,True,True,0.0
corrected_crp,full_seed42_bias_0p3_noise0p5_s13_a0p3_b0p8,103,True,True,True,0.0
corrected_crp,full_seed42_bias_0p3_noise0p5_s13_a0p3_b0p8,115,True,True,True,0.0
corrected_crp,full_seed42_bias_0p3_noise0p5_s13_a0p3_b0p8,116,True,True,True,0.0
corrected_crp,full_seed42_bias_0p3_noise0p5_s13_a0p3_b0p8,117,True,True,True,0.0
corrected_crp,full_seed42_bias_0p3_noise0p5_s13_a0p3_b0p8,126,True,True,True,0.0
corrected_crp,full_seed42_bias_0p3_noise0p5_s13_a0p3_b0p8,147,True,True,True,0.0
corrected_crp,full_seed42_bias_0p3_noise0p5_s13_a0p3_b0p8,158,True,True,True,0.0
corrected_crp,full_seed42_bias_0p3_noise0p5_s13_a0p3_b0p8,170,True,True,True,0.0
corrected_crp,full_seed42_bias_0p3_noise0p5_s13_a0p3_b0p8,177,True,True,True,0.0
corrected_crp,full_seed42_bias_0p3_noise0p5_s13_a0p3_b0p8,178,True,True,True,0.0
corrected_crp,full_seed42_bias_0p3_noise0p5_s5_a0p2_b0p7,89,True,True,True,-0.021572610392559977
corrected_crp,full_seed42_bias_0p3_noise0p5_s5_a0p2_b0p7,137,True,True,True,-0.08447611317891646
corrected_crp,full_seed42_bias_0p3_noise0p5_s5_a0p3_b0p8,89,True,True,True,-0.021572610392559532
corrected_crp,full_seed42_bias_0p3_noise0p5_s5_a0p3_b0p8,137,True,True,True,-0.08447611317891646
corrected_crp,full_seed42_bias_0p3_noise0p5_s9_a0p2_b0p7,95,True,True,True,0.0
corrected_crp,full_seed42_bias_0p3_noise0p5_s9_a0p2_b0p7,114,True,True,True,0.0
corrected_crp,full_seed42_bias_0p3_noise0p5_s9_a0p2_b0p7,125,True,True,True,0.0
corrected_crp,full_seed42_bias_0p3_noise0p5_s9_a0p2_b0p7,137,True,True,True,0.0
corrected_crp,full_seed42_bias_0p3_noise0p5_s9_a0p2_b0p7,151,True,True,True,0.0
corrected_crp,full_seed42_bias_0p3_noise0p5_s9_a0p2_b0p7,152,True,True,True,0.0
corrected_crp,full_seed42_bias_0p3_noise0p5_s9_a0p2_b0p7,159,True,True,True,0.0
corrected_crp,full_seed42_bias_0p3_noise0p5_s9_a0p3_b0p8,95,True,True,True,-0.031349948852309684
corrected_crp,full_seed42_bias_0p3_noise0p5_s9_a0p3_b0p8,114,True,True,True,-0.008018539908735689
corrected_crp,full_seed42_bias_0p3_noise0p5_s9_a0p3_b0p8,125,True,True,True,-0.030984812117740956
corrected_crp,full_seed42_bias_0p3_noise0p5_s9_a0p3_b0p8,137,True,True,True,-0.021119028294728892
corrected_crp,full_seed42_bias_0p3_noise0p5_s9_a0p3_b0p8,151,True,True,True,0.03206356449772407
corrected_crp,full_seed42_bias_0p3_noise0p5_s9_a0p3_b0p8,152,True,True,True,-0.00844227855388291
corrected_crp,full_seed42_bias_0p3_noise0p5_s9_a0p3_b0p8,159,True,True,True,-0.032360616067830694
corrected_crp,full_seed42_bias_0p4_noise0p1_s13_a0p2_b0p7,84,True,True,True,0.0
corrected_crp,full_seed42_bias_0p4_noise0p1_s13_a0p2_b0p7,86,True,True,True,0.0
corrected_crp,full_seed42_bias_0p4_noise0p1_s13_a0p2_b0p7,87,True,True,True,0.0
corrected_crp,full_seed42_bias_0p4_noise0p1_s13_a0p2_b0p7,180,True,True,True,0.0
corrected_crp,full_seed42_bias_0p4_noise0p1_s13_a0p3_b0p8,84,True,True,True,-0.01513056173008287
corrected_crp,full_seed42_bias_0p4_noise0p1_s13_a0p3_b0p8,86,True,True,True,0.00924786917784548
corrected_crp,full_seed42_bias_0p4_noise0p1_s13_a0p3_b0p8,87,True,True,True,-0.0033406268803746197
corrected_crp,full_seed42_bias_0p4_noise0p1_s13_a0p3_b0p8,180,True,True,True,0.013256570510818855
corrected_crp,full_seed42_bias_0p4_noise0p1_s5_a0p2_b0p7,166,True,True,True,0.04206148018778588
corrected_crp,full_seed42_bias_0p4_noise0p1_s5_a0p3_b0p8,166,True,True,True,0.021030740093893385
corrected_crp,full_seed42_bias_0p4_noise0p25_s13_a0p2_b0p7,84,True,True,True,0.0
corrected_crp,full_seed42_bias_0p4_noise0p25_s13_a0p2_b0p7,86,True,True,True,0.0
corrected_crp,full_seed42_bias_0p4_noise0p25_s13_a0p2_b0p7,87,True,True,True,0.0
corrected_crp,full_seed42_bias_0p4_noise0p25_s13_a0p2_b0p7,93,True,True,True,0.0
corrected_crp,full_seed42_bias_0p4_noise0p25_s13_a0p2_b0p7,100,True,True,True,0.0
corrected_crp,full_seed42_bias_0p4_noise0p25_s13_a0p2_b0p7,135,True,True,True,0.0
corrected_crp,full_seed42_bias_0p4_noise0p25_s13_a0p2_b0p7,168,True,True,True,0.0
corrected_crp,full_seed42_bias_0p4_noise0p25_s13_a0p2_b0p7,180,True,True,True,0.0
corrected_crp,full_seed42_bias_0p4_noise0p25_s13_a0p2_b0p7,181,True,True,True,0.0
corrected_crp,full_seed42_bias_0p4_noise0p25_s13_a0p3_b0p8,84,True,True,True,-0.037826404325207064
corrected_crp,full_seed42_bias_0p4_noise0p25_s13_a0p3_b0p8,86,True,True,True,0.0231196729446137
corrected_crp,full_seed42_bias_0p4_noise0p25_s13_a0p3_b0p8,87,True,True,True,-0.00835156720093655
corrected_crp,full_seed42_bias_0p4_noise0p25_s13_a0p3_b0p8,93,True,True,True,0.0
corrected_crp,full_seed42_bias_0p4_noise0p25_s13_a0p3_b0p8,100,True,True,True,0.0
corrected_crp,full_seed42_bias_0p4_noise0p25_s13_a0p3_b0p8,135,True,True,True,0.0
corrected_crp,full_seed42_bias_0p4_noise0p25_s13_a0p3_b0p8,168,True,True,True,0.0
corrected_crp,full_seed42_bias_0p4_noise0p25_s13_a0p3_b0p8,180,True,True,True,0.03314142627704719
corrected_crp,full_seed42_bias_0p4_noise0p25_s13_a0p3_b0p8,181,True,True,True,-0.013724116044150025
corrected_crp,full_seed42_bias_0p4_noise0p5_s13_a0p2_b0p7,26,True,True,True,0.0
corrected_crp,full_seed42_bias_0p4_noise0p5_s13_a0p2_b0p7,95,True,True,True,0.0
corrected_crp,full_seed42_bias_0p4_noise0p5_s13_a0p2_b0p7,100,True,True,True,0.0
corrected_crp,full_seed42_bias_0p4_noise0p5_s13_a0p2_b0p7,102,True,True,True,0.0
corrected_crp,full_seed42_bias_0p4_noise0p5_s13_a0p2_b0p7,103,True,True,True,0.0
corrected_crp,full_seed42_bias_0p4_noise0p5_s13_a0p2_b0p7,110,True,True,True,0.0
corrected_crp,full_seed42_bias_0p4_noise0p5_s13_a0p2_b0p7,115,True,True,True,0.0
corrected_crp,full_seed42_bias_0p4_noise0p5_s13_a0p2_b0p7,121,True,True,True,0.0
corrected_crp,full_seed42_bias_0p4_noise0p5_s13_a0p2_b0p7,126,True,True,True,0.0
corrected_crp,full_seed42_bias_0p4_noise0p5_s13_a0p2_b0p7,128,True,True,True,0.0
corrected_crp,full_seed42_bias_0p4_noise0p5_s13_a0p2_b0p7,135,True,True,True,0.0
corrected_crp,full_seed42_bias_0p4_noise0p5_s13_a0p2_b0p7,140,True,True,True,0.0
corrected_crp,full_seed42_bias_0p4_noise0p5_s13_a0p2_b0p7,143,True,True,True,0.0
corrected_crp,full_seed42_bias_0p4_noise0p5_s13_a0p2_b0p7,148,True,True,True,0.0
corrected_crp,full_seed42_bias_0p4_noise0p5_s13_a0p2_b0p7,151,True,True,True,0.0
corrected_crp,full_seed42_bias_0p4_noise0p5_s13_a0p2_b0p7,156,True,True,True,0.0
corrected_crp,full_seed42_bias_0p4_noise0p5_s13_a0p2_b0p7,157,True,True,True,0.0
corrected_crp,full_seed42_bias_0p4_noise0p5_s13_a0p2_b0p7,159,True,True,True,0.0
corrected_crp,full_seed42_bias_0p4_noise0p5_s13_a0p2_b0p7,164,True,True,True,0.0
corrected_crp,full_seed42_bias_0p4_noise0p5_s13_a0p2_b0p7,167,True,True,True,0.0
corrected_crp,full_seed42_bias_0p4_noise0p5_s13_a0p2_b0p7,168,True,True,True,0.0
corrected_crp,full_seed42_bias_0p4_noise0p5_s13_a0p2_b0p7,169,True,True,True,0.0
corrected_crp,full_seed42_bias_0p4_noise0p5_s13_a0p2_b0p7,172,True,True,True,0.0
corrected_crp,full_seed42_bias_0p4_noise0p5_s13_a0p2_b0p7,181,True,True,True,0.0
corrected_crp,full_seed42_bias_0p4_noise0p5_s13_a0p3_b0p8,26,True,True,True,0.0
corrected_crp,full_seed42_bias_0p4_noise0p5_s13_a0p3_b0p8,95,True,True,True,0.0
corrected_crp,full_seed42_bias_0p4_noise0p5_s13_a0p3_b0p8,100,True,True,True,0.0
corrected_crp,full_seed42_bias_0p4_noise0p5_s13_a0p3_b0p8,102,True,True,True,0.0
corrected_crp,full_seed42_bias_0p4_noise0p5_s13_a0p3_b0p8,103,True,True,True,0.0
corrected_crp,full_seed42_bias_0p4_noise0p5_s13_a0p3_b0p8,110,True,True,True,0.0
corrected_crp,full_seed42_bias_0p4_noise0p5_s13_a0p3_b0p8,115,True,True,True,0.0
corrected_crp,full_seed42_bias_0p4_noise0p5_s13_a0p3_b0p8,121,True,True,True,0.0
corrected_crp,full_seed42_bias_0p4_noise0p5_s13_a0p3_b0p8,126,True,True,True,0.0
corrected_crp,full_seed42_bias_0p4_noise0p5_s13_a0p3_b0p8,128,True,True,True,-0.03952321001562564
corrected_crp,full_seed42_bias_0p4_noise0p5_s13_a0p3_b0p8,135,True,True,True,0.0
corrected_crp,full_seed42_bias_0p4_noise0p5_s13_a0p3_b0p8,140,True,True,True,0.0
corrected_crp,full_seed42_bias_0p4_noise0p5_s13_a0p3_b0p8,143,True,True,True,0.0
corrected_crp,full_seed42_bias_0p4_noise0p5_s13_a0p3_b0p8,148,True,True,True,0.0
corrected_crp,full_seed42_bias_0p4_noise0p5_s13_a0p3_b0p8,151,True,True,True,0.0
corrected_crp,full_seed42_bias_0p4_noise0p5_s13_a0p3_b0p8,156,True,True,True,0.0
corrected_crp,full_seed42_bias_0p4_noise0p5_s13_a0p3_b0p8,157,True,True,True,0.0
corrected_crp,full_seed42_bias_0p4_noise0p5_s13_a0p3_b0p8,159,True,True,True,0.0
corrected_crp,full_seed42_bias_0p4_noise0p5_s13_a0p3_b0p8,164,True,True,True,0.0
corrected_crp,full_seed42_bias_0p4_noise0p5_s13_a0p3_b0p8,167,True,True,True,0.0
corrected_crp,full_seed42_bias_0p4_noise0p5_s13_a0p3_b0p8,168,True,True,True,0.0
corrected_crp,full_seed42_bias_0p4_noise0p5_s13_a0p3_b0p8,169,True,True,True,0.0
corrected_crp,full_seed42_bias_0p4_noise0p5_s13_a0p3_b0p8,172,True,True,True,0.0
corrected_crp,full_seed42_bias_0p4_noise0p5_s13_a0p3_b0p8,181,True,True,True,-0.027448232088300023
corrected_crp,full_seed42_bias_0p4_noise0p5_s5_a0p2_b0p7,89,True,True,True,-0.021572610392559977
corrected_crp,full_seed42_bias_0p4_noise0p5_s5_a0p2_b0p7,137,True,True,True,-0.08447611317891646
corrected_crp,full_seed42_bias_0p4_noise0p5_s5_a0p3_b0p8,89,True,True,True,-0.021572610392559532
corrected_crp,full_seed42_bias_0p4_noise0p5_s5_a0p3_b0p8,137,True,True,True,-0.08447611317891646
corrected_crp,full_seed42_bias_0p4_noise0p5_s9_a0p2_b0p7,118,True,True,True,0.0
corrected_crp,full_seed42_bias_0p4_noise0p5_s9_a0p2_b0p7,172,True,True,True,0.0
corrected_crp,full_seed42_bias_0p4_noise0p5_s9_a0p2_b0p7,176,True,True,True,0.0
corrected_crp,full_seed42_bias_0p4_noise0p5_s9_a0p3_b0p8,118,True,True,True,0.09012806673199325
corrected_crp,full_seed42_bias_0p4_noise0p5_s9_a0p3_b0p8,172,True,True,True,-0.0128500339509805
corrected_crp,full_seed42_bias_0p4_noise0p5_s9_a0p3_b0p8,176,True,True,True,0.11789639756064396
corrected_crp,full_seed42_drift_0p0_noise0p5_s13_a0p2_b0p7,26,True,True,True,0.0
corrected_crp,full_seed42_drift_0p0_noise0p5_s13_a0p2_b0p7,84,True,True,True,0.0
corrected_crp,full_seed42_drift_0p0_noise0p5_s13_a0p3_b0p8,26,True,True,True,0.0
corrected_crp,full_seed42_drift_0p0_noise0p5_s13_a0p3_b0p8,84,True,True,True,0.0
corrected_crp,full_seed42_drift_0p0_noise0p5_s9_a0p2_b0p7,84,True,True,True,0.0
corrected_crp,full_seed42_drift_0p0_noise0p5_s9_a0p3_b0p8,84,True,True,True,-0.040638141510296766
corrected_crp,full_seed42_drift_0p1_noise0p25_s13_a0p2_b0p7,162,True,True,True,0.0
corrected_crp,full_seed42_drift_0p1_noise0p25_s13_a0p2_b0p7,176,True,True,True,0.0
corrected_crp,full_seed42_drift_0p1_noise0p25_s13_a0p3_b0p8,162,True,True,True,0.0
corrected_crp,full_seed42_drift_0p1_noise0p25_s13_a0p3_b0p8,176,True,True,True,0.0
corrected_crp,full_seed42_drift_0p1_noise0p25_s9_a0p2_b0p7,158,True,True,True,0.0
corrected_crp,full_seed42_drift_0p1_noise0p25_s9_a0p2_b0p7,162,True,True,True,0.0
corrected_crp,full_seed42_drift_0p1_noise0p25_s9_a0p3_b0p8,158,True,True,True,-0.0190827370805966
corrected_crp,full_seed42_drift_0p1_noise0p25_s9_a0p3_b0p8,162,True,True,True,0.009007805578133965
corrected_crp,full_seed42_drift_0p1_noise0p5_s13_a0p2_b0p7,26,True,True,True,0.0
corrected_crp,full_seed42_drift_0p1_noise0p5_s13_a0p2_b0p7,84,True,True,True,0.0
corrected_crp,full_seed42_drift_0p1_noise0p5_s13_a0p3_b0p8,26,True,True,True,0.0
corrected_crp,full_seed42_drift_0p1_noise0p5_s13_a0p3_b0p8,84,True,True,True,0.0
corrected_crp,full_seed42_drift_0p1_noise0p5_s9_a0p2_b0p7,84,True,True,True,0.0
corrected_crp,full_seed42_drift_0p1_noise0p5_s9_a0p3_b0p8,84,True,True,True,-0.040638141510296766
corrected_crp,full_seed42_drift_0p2_noise0p25_s13_a0p2_b0p7,135,True,True,True,0.0
corrected_crp,full_seed42_drift_0p2_noise0p25_s13_a0p2_b0p7,150,True,True,True,0.0
corrected_crp,full_seed42_drift_0p2_noise0p25_s13_a0p3_b0p8,135,True,True,True,0.0
corrected_crp,full_seed42_drift_0p2_noise0p25_s13_a0p3_b0p8,150,True,True,True,0.0
corrected_crp,full_seed42_drift_0p2_noise0p25_s9_a0p2_b0p7,135,True,True,True,0.0
corrected_crp,full_seed42_drift_0p2_noise0p25_s9_a0p2_b0p7,158,True,True,True,0.0
corrected_crp,full_seed42_drift_0p2_noise0p25_s9_a0p3_b0p8,135,True,True,True,0.030290555731752766
corrected_crp,full_seed42_drift_0p2_noise0p25_s9_a0p3_b0p8,158,True,True,True,0.011729649385705088
corrected_crp,full_seed42_drift_0p2_noise0p5_s13_a0p2_b0p7,26,True,True,True,0.0
corrected_crp,full_seed42_drift_0p2_noise0p5_s13_a0p2_b0p7,84,True,True,True,0.0
corrected_crp,full_seed42_drift_0p2_noise0p5_s13_a0p2_b0p7,142,True,True,True,0.0
corrected_crp,full_seed42_drift_0p2_noise0p5_s13_a0p2_b0p7,150,True,True,True,0.0
corrected_crp,full_seed42_drift_0p2_noise0p5_s13_a0p2_b0p7,158,True,True,True,0.0
corrected_crp,full_seed42_drift_0p2_noise0p5_s13_a0p2_b0p7,177,True,True,True,0.0
corrected_crp,full_seed42_drift_0p2_noise0p5_s13_a0p2_b0p7,178,True,True,True,0.0
corrected_crp,full_seed42_drift_0p2_noise0p5_s13_a0p3_b0p8,26,True,True,True,0.0
corrected_crp,full_seed42_drift_0p2_noise0p5_s13_a0p3_b0p8,84,True,True,True,0.0
corrected_crp,full_seed42_drift_0p2_noise0p5_s13_a0p3_b0p8,142,True,True,True,0.0
corrected_crp,full_seed42_drift_0p2_noise0p5_s13_a0p3_b0p8,150,True,True,True,0.0
corrected_crp,full_seed42_drift_0p2_noise0p5_s13_a0p3_b0p8,158,True,True,True,0.0
corrected_crp,full_seed42_drift_0p2_noise0p5_s13_a0p3_b0p8,177,True,True,True,0.0
corrected_crp,full_seed42_drift_0p2_noise0p5_s13_a0p3_b0p8,178,True,True,True,0.0
corrected_crp,full_seed42_drift_0p2_noise0p5_s5_a0p2_b0p7,171,True,True,True,-0.014866002411859203
corrected_crp,full_seed42_drift_0p2_noise0p5_s5_a0p3_b0p8,171,True,True,True,-0.014866002411859203
corrected_crp,full_seed42_drift_0p2_noise0p5_s9_a0p2_b0p7,84,True,True,True,0.0
corrected_crp,full_seed42_drift_0p2_noise0p5_s9_a0p2_b0p7,104,True,True,True,0.0
corrected_crp,full_seed42_drift_0p2_noise0p5_s9_a0p2_b0p7,158,True,True,True,0.0
corrected_crp,full_seed42_drift_0p2_noise0p5_s9_a0p3_b0p8,84,True,True,True,-0.040638141510296766
corrected_crp,full_seed42_drift_0p2_noise0p5_s9_a0p3_b0p8,104,True,True,True,0.046919045197252984
corrected_crp,full_seed42_drift_0p2_noise0p5_s9_a0p3_b0p8,158,True,True,True,0.03988576098353347
corrected_crp,full_seed42_drift_0p3_noise0p25_s13_a0p2_b0p7,135,True,True,True,0.0
corrected_crp,full_seed42_drift_0p3_noise0p25_s13_a0p2_b0p7,150,True,True,True,0.0
corrected_crp,full_seed42_drift_0p3_noise0p25_s13_a0p3_b0p8,135,True,True,True,0.0
corrected_crp,full_seed42_drift_0p3_noise0p25_s13_a0p3_b0p8,150,True,True,True,0.0
corrected_crp,full_seed42_drift_0p3_noise0p25_s9_a0p2_b0p7,152,True,True,True,0.0
corrected_crp,full_seed42_drift_0p3_noise0p25_s9_a0p3_b0p8,152,True,True,True,-0.0329025570834367
corrected_crp,full_seed42_drift_0p3_noise0p5_s13_a0p2_b0p7,26,True,True,True,0.0
corrected_crp,full_seed42_drift_0p3_noise0p5_s13_a0p2_b0p7,84,True,True,True,0.0
corrected_crp,full_seed42_drift_0p3_noise0p5_s13_a0p2_b0p7,115,True,True,True,0.0
corrected_crp,full_seed42_drift_0p3_noise0p5_s13_a0p2_b0p7,150,True,True,True,0.0
corrected_crp,full_seed42_drift_0p3_noise0p5_s13_a0p2_b0p7,158,True,True,True,0.0
corrected_crp,full_seed42_drift_0p3_noise0p5_s13_a0p3_b0p8,26,True,True,True,0.0
corrected_crp,full_seed42_drift_0p3_noise0p5_s13_a0p3_b0p8,84,True,True,True,0.0
corrected_crp,full_seed42_drift_0p3_noise0p5_s13_a0p3_b0p8,115,True,True,True,0.0
corrected_crp,full_seed42_drift_0p3_noise0p5_s13_a0p3_b0p8,150,True,True,True,0.0
corrected_crp,full_seed42_drift_0p3_noise0p5_s13_a0p3_b0p8,158,True,True,True,0.0
corrected_crp,full_seed42_drift_0p3_noise0p5_s9_a0p2_b0p7,84,True,True,True,0.0
corrected_crp,full_seed42_drift_0p3_noise0p5_s9_a0p2_b0p7,104,True,True,True,0.0
corrected_crp,full_seed42_drift_0p3_noise0p5_s9_a0p2_b0p7,107,True,True,True,0.0
corrected_crp,full_seed42_drift_0p3_noise0p5_s9_a0p2_b0p7,152,True,True,True,0.0
corrected_crp,full_seed42_drift_0p3_noise0p5_s9_a0p2_b0p7,159,True,True,True,0.0
corrected_crp,full_seed42_drift_0p3_noise0p5_s9_a0p3_b0p8,84,True,True,True,-0.040638141510296766
corrected_crp,full_seed42_drift_0p3_noise0p5_s9_a0p3_b0p8,104,True,True,True,0.046919045197252984
corrected_crp,full_seed42_drift_0p3_noise0p5_s9_a0p3_b0p8,107,True,True,True,0.003842510698615964
corrected_crp,full_seed42_drift_0p3_noise0p5_s9_a0p3_b0p8,152,True,True,True,-0.008442278553883131
corrected_crp,full_seed42_drift_0p3_noise0p5_s9_a0p3_b0p8,159,True,True,True,-0.032360616067830916
corrected_crp,full_seed42_drift_0p4_noise0p25_s13_a0p2_b0p7,100,True,True,True,0.0
corrected_crp,full_seed42_drift_0p4_noise0p25_s13_a0p3_b0p8,100,True,True,True,0.0
corrected_crp,full_seed42_drift_0p4_noise0p5_s13_a0p2_b0p7,26,True,True,True,0.0
corrected_crp,full_seed42_drift_0p4_noise0p5_s13_a0p2_b0p7,84,True,True,True,0.0
corrected_crp,full_seed42_drift_0p4_noise0p5_s13_a0p2_b0p7,123,True,True,True,0.0
corrected_crp,full_seed42_drift_0p4_noise0p5_s13_a0p2_b0p7,126,True,True,True,0.0
corrected_crp,full_seed42_drift_0p4_noise0p5_s13_a0p2_b0p7,135,True,True,True,0.0
corrected_crp,full_seed42_drift_0p4_noise0p5_s13_a0p2_b0p7,150,True,True,True,0.0
corrected_crp,full_seed42_drift_0p4_noise0p5_s13_a0p2_b0p7,151,True,True,True,0.0
corrected_crp,full_seed42_drift_0p4_noise0p5_s13_a0p2_b0p7,153,True,True,True,0.0
corrected_crp,full_seed42_drift_0p4_noise0p5_s13_a0p2_b0p7,156,True,True,True,0.0
corrected_crp,full_seed42_drift_0p4_noise0p5_s13_a0p2_b0p7,164,True,True,True,0.0
corrected_crp,full_seed42_drift_0p4_noise0p5_s13_a0p2_b0p7,167,True,True,True,0.0
corrected_crp,full_seed42_drift_0p4_noise0p5_s13_a0p2_b0p7,169,True,True,True,0.0
corrected_crp,full_seed42_drift_0p4_noise0p5_s13_a0p2_b0p7,173,True,True,True,0.0
corrected_crp,full_seed42_drift_0p4_noise0p5_s13_a0p2_b0p7,181,True,True,True,0.0
corrected_crp,full_seed42_drift_0p4_noise0p5_s13_a0p3_b0p8,26,True,True,True,0.0
corrected_crp,full_seed42_drift_0p4_noise0p5_s13_a0p3_b0p8,84,True,True,True,0.0
corrected_crp,full_seed42_drift_0p4_noise0p5_s13_a0p3_b0p8,123,True,True,True,0.0
corrected_crp,full_seed42_drift_0p4_noise0p5_s13_a0p3_b0p8,126,True,True,True,0.0
corrected_crp,full_seed42_drift_0p4_noise0p5_s13_a0p3_b0p8,135,True,True,True,0.0
corrected_crp,full_seed42_drift_0p4_noise0p5_s13_a0p3_b0p8,150,True,True,True,0.0
corrected_crp,full_seed42_drift_0p4_noise0p5_s13_a0p3_b0p8,151,True,True,True,0.0
corrected_crp,full_seed42_drift_0p4_noise0p5_s13_a0p3_b0p8,153,True,True,True,0.0
corrected_crp,full_seed42_drift_0p4_noise0p5_s13_a0p3_b0p8,156,True,True,True,0.0
corrected_crp,full_seed42_drift_0p4_noise0p5_s13_a0p3_b0p8,164,True,True,True,0.0
corrected_crp,full_seed42_drift_0p4_noise0p5_s13_a0p3_b0p8,167,True,True,True,0.0
corrected_crp,full_seed42_drift_0p4_noise0p5_s13_a0p3_b0p8,169,True,True,True,0.0
corrected_crp,full_seed42_drift_0p4_noise0p5_s13_a0p3_b0p8,173,True,True,True,0.0
corrected_crp,full_seed42_drift_0p4_noise0p5_s13_a0p3_b0p8,181,True,True,True,0.0
corrected_crp,full_seed42_drift_0p4_noise0p5_s9_a0p2_b0p7,84,True,True,True,0.0
corrected_crp,full_seed42_drift_0p4_noise0p5_s9_a0p2_b0p7,104,True,True,True,0.0
corrected_crp,full_seed42_drift_0p4_noise0p5_s9_a0p2_b0p7,172,True,True,True,0.0
corrected_crp,full_seed42_drift_0p4_noise0p5_s9_a0p3_b0p8,84,True,True,True,-0.040638141510296766
corrected_crp,full_seed42_drift_0p4_noise0p5_s9_a0p3_b0p8,104,True,True,True,0.046919045197252984
corrected_crp,full_seed42_drift_0p4_noise0p5_s9_a0p3_b0p8,172,True,True,True,-0.012850033950980944
corrected_crp,full_seed42_freeze_0p0_noise0p5_s13_a0p2_b0p7,26,True,True,True,0.0
corrected_crp,full_seed42_freeze_0p0_noise0p5_s13_a0p2_b0p7,84,True,True,True,0.0
corrected_crp,full_seed42_freeze_0p0_noise0p5_s13_a0p3_b0p8,26,True,True,True,0.0
corrected_crp,full_seed42_freeze_0p0_noise0p5_s13_a0p3_b0p8,84,True,True,True,0.0
corrected_crp,full_seed42_freeze_0p0_noise0p5_s9_a0p2_b0p7,84,True,True,True,0.0
corrected_crp,full_seed42_freeze_0p0_noise0p5_s9_a0p3_b0p8,84,True,True,True,-0.040638141510296766
corrected_crp,full_seed42_freeze_0p1_noise0p5_s13_a0p2_b0p7,26,True,True,True,0.0
corrected_crp,full_seed42_freeze_0p1_noise0p5_s13_a0p2_b0p7,84,True,True,True,0.0
corrected_crp,full_seed42_freeze_0p1_noise0p5_s13_a0p3_b0p8,26,True,True,True,0.0
corrected_crp,full_seed42_freeze_0p1_noise0p5_s13_a0p3_b0p8,84,True,True,True,0.0
corrected_crp,full_seed42_freeze_0p1_noise0p5_s9_a0p2_b0p7,84,True,True,True,0.0
corrected_crp,full_seed42_freeze_0p1_noise0p5_s9_a0p3_b0p8,84,True,True,True,-0.040638141510296766
corrected_crp,full_seed42_freeze_0p2_noise0p5_s13_a0p2_b0p7,26,True,True,True,0.0
corrected_crp,full_seed42_freeze_0p2_noise0p5_s13_a0p2_b0p7,84,True,True,True,0.0
corrected_crp,full_seed42_freeze_0p2_noise0p5_s13_a0p2_b0p7,126,True,True,True,0.0
corrected_crp,full_seed42_freeze_0p2_noise0p5_s13_a0p2_b0p7,137,True,True,True,0.0
corrected_crp,full_seed42_freeze_0p2_noise0p5_s13_a0p3_b0p8,26,True,True,True,0.0
corrected_crp,full_seed42_freeze_0p2_noise0p5_s13_a0p3_b0p8,84,True,True,True,0.0
corrected_crp,full_seed42_freeze_0p2_noise0p5_s13_a0p3_b0p8,126,True,True,True,0.0
corrected_crp,full_seed42_freeze_0p2_noise0p5_s13_a0p3_b0p8,137,True,True,True,0.0
corrected_crp,full_seed42_freeze_0p2_noise0p5_s9_a0p2_b0p7,84,True,True,True,0.0
corrected_crp,full_seed42_freeze_0p2_noise0p5_s9_a0p2_b0p7,104,True,True,True,0.0
corrected_crp,full_seed42_freeze_0p2_noise0p5_s9_a0p3_b0p8,84,True,True,True,-0.040638141510296766
corrected_crp,full_seed42_freeze_0p2_noise0p5_s9_a0p3_b0p8,104,True,True,True,0.046919045197252984
corrected_crp,full_seed42_freeze_0p3_noise0p5_s13_a0p2_b0p7,26,True,True,True,0.0
corrected_crp,full_seed42_freeze_0p3_noise0p5_s13_a0p2_b0p7,84,True,True,True,0.0
corrected_crp,full_seed42_freeze_0p3_noise0p5_s13_a0p2_b0p7,137,True,True,True,0.0
corrected_crp,full_seed42_freeze_0p3_noise0p5_s13_a0p3_b0p8,26,True,True,True,0.0
corrected_crp,full_seed42_freeze_0p3_noise0p5_s13_a0p3_b0p8,84,True,True,True,0.0
corrected_crp,full_seed42_freeze_0p3_noise0p5_s13_a0p3_b0p8,137,True,True,True,0.0
corrected_crp,full_seed42_freeze_0p3_noise0p5_s9_a0p2_b0p7,84,True,True,True,0.0
corrected_crp,full_seed42_freeze_0p3_noise0p5_s9_a0p3_b0p8,84,True,True,True,-0.040638141510296766
corrected_crp,full_seed42_freeze_0p4_noise0p5_s13_a0p2_b0p7,26,True,True,True,0.0
corrected_crp,full_seed42_freeze_0p4_noise0p5_s13_a0p2_b0p7,84,True,True,True,0.0
corrected_crp,full_seed42_freeze_0p4_noise0p5_s13_a0p2_b0p7,167,True,True,True,0.0
corrected_crp,full_seed42_freeze_0p4_noise0p5_s13_a0p2_b0p7,176,True,True,True,0.0
corrected_crp,full_seed42_freeze_0p4_noise0p5_s13_a0p3_b0p8,26,True,True,True,0.0
corrected_crp,full_seed42_freeze_0p4_noise0p5_s13_a0p3_b0p8,84,True,True,True,0.0
corrected_crp,full_seed42_freeze_0p4_noise0p5_s13_a0p3_b0p8,167,True,True,True,0.0
corrected_crp,full_seed42_freeze_0p4_noise0p5_s13_a0p3_b0p8,176,True,True,True,0.0
corrected_crp,full_seed42_freeze_0p4_noise0p5_s9_a0p2_b0p7,84,True,True,True,0.0
corrected_crp,full_seed42_freeze_0p4_noise0p5_s9_a0p2_b0p7,152,True,True,True,0.0
corrected_crp,full_seed42_freeze_0p4_noise0p5_s9_a0p3_b0p8,84,True,True,True,-0.040638141510296766
corrected_crp,full_seed42_freeze_0p4_noise0p5_s9_a0p3_b0p8,152,True,True,True,-0.008442278553883131
corrected_crp,full_seed42_mixed_0p0_noise0p5_s13_a0p2_b0p7,26,True,True,True,0.0
corrected_crp,full_seed42_mixed_0p0_noise0p5_s13_a0p2_b0p7,84,True,True,True,0.0
corrected_crp,full_seed42_mixed_0p0_noise0p5_s13_a0p3_b0p8,26,True,True,True,0.0
corrected_crp,full_seed42_mixed_0p0_noise0p5_s13_a0p3_b0p8,84,True,True,True,0.0
corrected_crp,full_seed42_mixed_0p0_noise0p5_s9_a0p2_b0p7,84,True,True,True,0.0
corrected_crp,full_seed42_mixed_0p0_noise0p5_s9_a0p3_b0p8,84,True,True,True,-0.040638141510296766
corrected_crp,full_seed42_mixed_0p1_noise0p1_s13_a0p2_b0p7,99,True,True,True,0.0
corrected_crp,full_seed42_mixed_0p1_noise0p1_s13_a0p2_b0p7,102,True,True,True,0.0
corrected_crp,full_seed42_mixed_0p1_noise0p1_s13_a0p2_b0p7,145,True,True,True,0.0
corrected_crp,full_seed42_mixed_0p1_noise0p1_s13_a0p2_b0p7,149,True,True,True,0.0
corrected_crp,full_seed42_mixed_0p1_noise0p1_s13_a0p2_b0p7,153,True,True,True,0.0
corrected_crp,full_seed42_mixed_0p1_noise0p1_s13_a0p2_b0p7,161,True,True,True,0.0
corrected_crp,full_seed42_mixed_0p1_noise0p1_s13_a0p2_b0p7,162,True,True,True,0.0
corrected_crp,full_seed42_mixed_0p1_noise0p1_s13_a0p3_b0p8,99,True,True,True,0.0
corrected_crp,full_seed42_mixed_0p1_noise0p1_s13_a0p3_b0p8,102,True,True,True,0.0
corrected_crp,full_seed42_mixed_0p1_noise0p1_s13_a0p3_b0p8,145,True,True,True,0.0
corrected_crp,full_seed42_mixed_0p1_noise0p1_s13_a0p3_b0p8,149,True,True,True,0.0
corrected_crp,full_seed42_mixed_0p1_noise0p1_s13_a0p3_b0p8,153,True,True,True,0.0
corrected_crp,full_seed42_mixed_0p1_noise0p1_s13_a0p3_b0p8,161,True,True,True,0.0
corrected_crp,full_seed42_mixed_0p1_noise0p1_s13_a0p3_b0p8,162,True,True,True,0.0
corrected_crp,full_seed42_mixed_0p1_noise0p1_s9_a0p2_b0p7,90,True,True,True,0.0
corrected_crp,full_seed42_mixed_0p1_noise0p1_s9_a0p2_b0p7,152,True,True,True,0.0
corrected_crp,full_seed42_mixed_0p1_noise0p1_s9_a0p2_b0p7,155,True,True,True,0.0
corrected_crp,full_seed42_mixed_0p1_noise0p1_s9_a0p2_b0p7,156,True,True,True,0.0
corrected_crp,full_seed42_mixed_0p1_noise0p1_s9_a0p3_b0p8,90,True,True,True,-0.05757813894455133
corrected_crp,full_seed42_mixed_0p1_noise0p1_s9_a0p3_b0p8,152,True,True,True,-0.00944470075229309
corrected_crp,full_seed42_mixed_0p1_noise0p1_s9_a0p3_b0p8,155,True,True,True,0.003968596278763226
corrected_crp,full_seed42_mixed_0p1_noise0p1_s9_a0p3_b0p8,156,True,True,True,-0.0544640582771283
corrected_crp,full_seed42_mixed_0p1_noise0p25_s13_a0p2_b0p7,91,True,True,True,0.0
corrected_crp,full_seed42_mixed_0p1_noise0p25_s13_a0p2_b0p7,145,True,True,True,0.0
corrected_crp,full_seed42_mixed_0p1_noise0p25_s13_a0p2_b0p7,153,True,True,True,0.0
corrected_crp,full_seed42_mixed_0p1_noise0p25_s13_a0p2_b0p7,155,True,True,True,0.0
corrected_crp,full_seed42_mixed_0p1_noise0p25_s13_a0p2_b0p7,159,True,True,True,0.0
corrected_crp,full_seed42_mixed_0p1_noise0p25_s13_a0p2_b0p7,162,True,True,True,0.0
corrected_crp,full_seed42_mixed_0p1_noise0p25_s13_a0p3_b0p8,91,True,True,True,0.0
corrected_crp,full_seed42_mixed_0p1_noise0p25_s13_a0p3_b0p8,145,True,True,True,0.0
corrected_crp,full_seed42_mixed_0p1_noise0p25_s13_a0p3_b0p8,153,True,True,True,0.0
corrected_crp,full_seed42_mixed_0p1_noise0p25_s13_a0p3_b0p8,155,True,True,True,0.0
corrected_crp,full_seed42_mixed_0p1_noise0p25_s13_a0p3_b0p8,159,True,True,True,0.0
corrected_crp,full_seed42_mixed_0p1_noise0p25_s13_a0p3_b0p8,162,True,True,True,0.0
corrected_crp,full_seed42_mixed_0p1_noise0p25_s9_a0p2_b0p7,88,True,True,True,0.0
corrected_crp,full_seed42_mixed_0p1_noise0p25_s9_a0p2_b0p7,98,True,True,True,0.0
corrected_crp,full_seed42_mixed_0p1_noise0p25_s9_a0p2_b0p7,155,True,True,True,0.0
corrected_crp,full_seed42_mixed_0p1_noise0p25_s9_a0p3_b0p8,88,True,True,True,0.0058435823931284325
corrected_crp,full_seed42_mixed_0p1_noise0p25_s9_a0p3_b0p8,98,True,True,True,-0.004791228584296814
corrected_crp,full_seed42_mixed_0p1_noise0p25_s9_a0p3_b0p8,155,True,True,True,0.0345322986298191
corrected_crp,full_seed42_mixed_0p1_noise0p5_s13_a0p2_b0p7,26,True,True,True,0.0
corrected_crp,full_seed42_mixed_0p1_noise0p5_s13_a0p2_b0p7,91,True,True,True,0.0
corrected_crp,full_seed42_mixed_0p1_noise0p5_s13_a0p2_b0p7,92,True,True,True,0.0
corrected_crp,full_seed42_mixed_0p1_noise0p5_s13_a0p3_b0p8,26,True,True,True,0.0
corrected_crp,full_seed42_mixed_0p1_noise0p5_s13_a0p3_b0p8,91,True,True,True,0.0
corrected_crp,full_seed42_mixed_0p1_noise0p5_s13_a0p3_b0p8,92,True,True,True,0.0
corrected_crp,full_seed42_mixed_0p1_noise0p5_s9_a0p2_b0p7,100,True,True,True,0.0
corrected_crp,full_seed42_mixed_0p1_noise0p5_s9_a0p3_b0p8,100,True,True,True,0.010499343680333784
corrected_crp,full_seed42_mixed_0p2_noise0p1_s13_a0p2_b0p7,157,True,True,True,0.0
corrected_crp,full_seed42_mixed_0p2_noise0p1_s13_a0p2_b0p7,162,True,True,True,0.0
corrected_crp,full_seed42_mixed_0p2_noise0p1_s13_a0p3_b0p8,157,True,True,True,0.0
corrected_crp,full_seed42_mixed_0p2_noise0p1_s13_a0p3_b0p8,162,True,True,True,0.0
corrected_crp,full_seed42_mixed_0p2_noise0p1_s5_a0p2_b0p7,85,True,True,True,-0.17675329622741565
corrected_crp,full_seed42_mixed_0p2_noise0p1_s5_a0p2_b0p7,88,True,True,True,-0.2712785155662423
corrected_crp,full_seed42_mixed_0p2_noise0p1_s5_a0p2_b0p7,150,True,True,True,-0.050036113983618735
corrected_crp,full_seed42_mixed_0p2_noise0p1_s5_a0p3_b0p8,85,True,True,True,-0.17675329622741565
corrected_crp,full_seed42_mixed_0p2_noise0p1_s5_a0p3_b0p8,88,True,True,True,-0.2712785155662423
corrected_crp,full_seed42_mixed_0p2_noise0p1_s5_a0p3_b0p8,150,True,True,True,-0.050036113983618735
corrected_crp,full_seed42_mixed_0p2_noise0p25_s13_a0p2_b0p7,100,True,True,True,0.0
corrected_crp,full_seed42_mixed_0p2_noise0p25_s13_a0p2_b0p7,148,True,True,True,0.0
corrected_crp,full_seed42_mixed_0p2_noise0p25_s13_a0p2_b0p7,157,True,True,True,0.0
corrected_crp,full_seed42_mixed_0p2_noise0p25_s13_a0p2_b0p7,162,True,True,True,0.0
corrected_crp,full_seed42_mixed_0p2_noise0p25_s13_a0p3_b0p8,100,True,True,True,0.0
corrected_crp,full_seed42_mixed_0p2_noise0p25_s13_a0p3_b0p8,148,True,True,True,0.0
corrected_crp,full_seed42_mixed_0p2_noise0p25_s13_a0p3_b0p8,157,True,True,True,0.0
corrected_crp,full_seed42_mixed_0p2_noise0p25_s13_a0p3_b0p8,162,True,True,True,0.0
corrected_crp,full_seed42_mixed_0p2_noise0p25_s5_a0p2_b0p7,88,True,True,True,-0.3094696297896724
corrected_crp,full_seed42_mixed_0p2_noise0p25_s5_a0p2_b0p7,90,True,True,True,0.25634912046342473
corrected_crp,full_seed42_mixed_0p2_noise0p25_s5_a0p2_b0p7,143,True,True,True,-0.22682179962740268
corrected_crp,full_seed42_mixed_0p2_noise0p25_s5_a0p2_b0p7,150,True,True,True,0.022475926318698436
corrected_crp,full_seed42_mixed_0p2_noise0p25_s5_a0p3_b0p8,88,True,True,True,-0.3094696297896724
corrected_crp,full_seed42_mixed_0p2_noise0p25_s5_a0p3_b0p8,90,True,True,True,0.25634912046342495
corrected_crp,full_seed42_mixed_0p2_noise0p25_s5_a0p3_b0p8,143,True,True,True,-0.22682179962740268
corrected_crp,full_seed42_mixed_0p2_noise0p25_s5_a0p3_b0p8,150,True,True,True,0.022475926318698658
corrected_crp,full_seed42_mixed_0p2_noise0p25_s9_a0p2_b0p7,158,True,True,True,-0.012721824720397734
corrected_crp,full_seed42_mixed_0p2_noise0p25_s9_a0p3_b0p8,158,True,True,True,-0.05088729888159094
corrected_crp,full_seed42_mixed_0p2_noise0p5_s13_a0p2_b0p7,26,True,True,True,0.0
corrected_crp,full_seed42_mixed_0p2_noise0p5_s13_a0p2_b0p7,92,True,True,True,0.0
corrected_crp,full_seed42_mixed_0p2_noise0p5_s13_a0p2_b0p7,157,True,True,True,0.0
corrected_crp,full_seed42_mixed_0p2_noise0p5_s13_a0p3_b0p8,26,True,True,True,0.0
corrected_crp,full_seed42_mixed_0p2_noise0p5_s13_a0p3_b0p8,92,True,True,True,0.0
corrected_crp,full_seed42_mixed_0p2_noise0p5_s13_a0p3_b0p8,157,True,True,True,0.0
corrected_crp,full_seed42_mixed_0p2_noise0p5_s5_a0p2_b0p7,152,True,True,True,0.08330917429972762
corrected_crp,full_seed42_mixed_0p2_noise0p5_s5_a0p3_b0p8,152,True,True,True,0.08330917429972762
corrected_crp,full_seed42_mixed_0p2_noise0p5_s9_a0p2_b0p7,89,True,True,True,0.0
corrected_crp,full_seed42_mixed_0p2_noise0p5_s9_a0p2_b0p7,142,True,True,True,-0.026759732213091025
corrected_crp,full_seed42_mixed_0p2_noise0p5_s9_a0p3_b0p8,89,True,True,True,-0.005393152598139661
corrected_crp,full_seed42_mixed_0p2_noise0p5_s9_a0p3_b0p8,142,True,True,True,-0.10703892885236388
corrected_crp,full_seed42_mixed_0p3_noise0p1_s13_a0p2_b0p7,162,True,True,True,0.0
corrected_crp,full_seed42_mixed_0p3_noise0p1_s13_a0p3_b0p8,162,True,True,True,0.0
corrected_crp,full_seed42_mixed_0p3_noise0p1_s9_a0p2_b0p7,156,True,True,True,-0.03630937218475205
corrected_crp,full_seed42_mixed_0p3_noise0p1_s9_a0p2_b0p7,157,True,True,True,-0.005956348601177552
corrected_crp,full_seed42_mixed_0p3_noise0p1_s9_a0p3_b0p8,156,True,True,True,-0.1452374887390082
corrected_crp,full_seed42_mixed_0p3_noise0p1_s9_a0p3_b0p8,157,True,True,True,-0.02382539440471021
corrected_crp,full_seed42_mixed_0p3_noise0p25_s13_a0p2_b0p7,100,True,True,True,0.0
corrected_crp,full_seed42_mixed_0p3_noise0p25_s13_a0p2_b0p7,162,True,True,True,0.0
corrected_crp,full_seed42_mixed_0p3_noise0p25_s13_a0p3_b0p8,100,True,True,True,0.0
corrected_crp,full_seed42_mixed_0p3_noise0p25_s13_a0p3_b0p8,162,True,True,True,0.0
corrected_crp,full_seed42_mixed_0p3_noise0p5_s13_a0p2_b0p7,26,True,True,True,0.0
corrected_crp,full_seed42_mixed_0p3_noise0p5_s13_a0p2_b0p7,95,True,True,True,0.0
corrected_crp,full_seed42_mixed_0p3_noise0p5_s13_a0p2_b0p7,96,True,True,True,0.0
corrected_crp,full_seed42_mixed_0p3_noise0p5_s13_a0p2_b0p7,100,True,True,True,0.0
corrected_crp,full_seed42_mixed_0p3_noise0p5_s13_a0p2_b0p7,103,True,True,True,0.0
corrected_crp,full_seed42_mixed_0p3_noise0p5_s13_a0p3_b0p8,26,True,True,True,0.0
corrected_crp,full_seed42_mixed_0p3_noise0p5_s13_a0p3_b0p8,95,True,True,True,0.0
corrected_crp,full_seed42_mixed_0p3_noise0p5_s13_a0p3_b0p8,96,True,True,True,0.0
corrected_crp,full_seed42_mixed_0p3_noise0p5_s13_a0p3_b0p8,100,True,True,True,0.0
corrected_crp,full_seed42_mixed_0p3_noise0p5_s13_a0p3_b0p8,103,True,True,True,0.0
corrected_crp,full_seed42_mixed_0p3_noise0p5_s5_a0p2_b0p7,89,True,True,True,-0.021572610392559977
corrected_crp,full_seed42_mixed_0p3_noise0p5_s5_a0p3_b0p8,89,True,True,True,-0.021572610392559532
corrected_crp,full_seed42_mixed_0p3_noise0p5_s9_a0p2_b0p7,95,True,True,True,0.0
corrected_crp,full_seed42_mixed_0p3_noise0p5_s9_a0p2_b0p7,148,True,True,True,-0.02620810643462579
corrected_crp,full_seed42_mixed_0p3_noise0p5_s9_a0p3_b0p8,95,True,True,True,-0.031349948852309684
corrected_crp,full_seed42_mixed_0p3_noise0p5_s9_a0p3_b0p8,148,True,True,True,-0.10483242573850404
corrected_crp,full_seed42_mixed_0p4_noise0p1_s13_a0p2_b0p7,84,True,True,True,0.0
corrected_crp,full_seed42_mixed_0p4_noise0p1_s13_a0p2_b0p7,86,True,True,True,0.0
corrected_crp,full_seed42_mixed_0p4_noise0p1_s13_a0p2_b0p7,87,True,True,True,0.0
corrected_crp,full_seed42_mixed_0p4_noise0p1_s13_a0p2_b0p7,104,True,True,True,0.0
corrected_crp,full_seed42_mixed_0p4_noise0p1_s13_a0p2_b0p7,105,True,True,True,0.0
corrected_crp,full_seed42_mixed_0p4_noise0p1_s13_a0p2_b0p7,151,True,True,True,0.0
corrected_crp,full_seed42_mixed_0p4_noise0p1_s13_a0p2_b0p7,152,True,True,True,0.0
corrected_crp,full_seed42_mixed_0p4_noise0p1_s13_a0p2_b0p7,153,True,True,True,0.0
corrected_crp,full_seed42_mixed_0p4_noise0p1_s13_a0p2_b0p7,155,True,True,True,0.0
corrected_crp,full_seed42_mixed_0p4_noise0p1_s13_a0p2_b0p7,158,True,True,True,0.0
corrected_crp,full_seed42_mixed_0p4_noise0p1_s13_a0p2_b0p7,160,True,True,True,0.0
corrected_crp,full_seed42_mixed_0p4_noise0p1_s13_a0p2_b0p7,162,True,True,True,0.0
corrected_crp,full_seed42_mixed_0p4_noise0p1_s13_a0p3_b0p8,84,True,True,True,-0.01513056173008287
corrected_crp,full_seed42_mixed_0p4_noise0p1_s13_a0p3_b0p8,86,True,True,True,0.00924786917784548
corrected_crp,full_seed42_mixed_0p4_noise0p1_s13_a0p3_b0p8,87,True,True,True,-0.0033406268803746197
corrected_crp,full_seed42_mixed_0p4_noise0p1_s13_a0p3_b0p8,104,True,True,True,-0.0016169874132617723
corrected_crp,full_seed42_mixed_0p4_noise0p1_s13_a0p3_b0p8,105,True,True,True,-0.017275174141747618
corrected_crp,full_seed42_mixed_0p4_noise0p1_s13_a0p3_b0p8,151,True,True,True,0.02107499474960081
corrected_crp,full_seed42_mixed_0p4_noise0p1_s13_a0p3_b0p8,152,True,True,True,-0.00958522190191774
corrected_crp,full_seed42_mixed_0p4_noise0p1_s13_a0p3_b0p8,153,True,True,True,-0.00398633642648033
corrected_crp,full_seed42_mixed_0p4_noise0p1_s13_a0p3_b0p8,155,True,True,True,0.0006123289778056651
corrected_crp,full_seed42_mixed_0p4_noise0p1_s13_a0p3_b0p8,158,True,True,True,-0.007498836313337365
corrected_crp,full_seed42_mixed_0p4_noise0p1_s13_a0p3_b0p8,160,True,True,True,0.01470169651902431
corrected_crp,full_seed42_mixed_0p4_noise0p1_s13_a0p3_b0p8,162,True,True,True,0.0
corrected_crp,full_seed42_mixed_0p4_noise0p25_s13_a0p2_b0p7,84,True,True,True,0.0
corrected_crp,full_seed42_mixed_0p4_noise0p25_s13_a0p2_b0p7,86,True,True,True,0.0
corrected_crp,full_seed42_mixed_0p4_noise0p25_s13_a0p2_b0p7,87,True,True,True,0.0
corrected_crp,full_seed42_mixed_0p4_noise0p25_s13_a0p2_b0p7,93,True,True,True,0.0
corrected_crp,full_seed42_mixed_0p4_noise0p25_s13_a0p2_b0p7,100,True,True,True,0.0
corrected_crp,full_seed42_mixed_0p4_noise0p25_s13_a0p2_b0p7,104,True,True,True,0.0
corrected_crp,full_seed42_mixed_0p4_noise0p25_s13_a0p2_b0p7,105,True,True,True,0.0
corrected_crp,full_seed42_mixed_0p4_noise0p25_s13_a0p2_b0p7,144,True,True,True,0.0
corrected_crp,full_seed42_mixed_0p4_noise0p25_s13_a0p2_b0p7,152,True,True,True,0.0
corrected_crp,full_seed42_mixed_0p4_noise0p25_s13_a0p2_b0p7,153,True,True,True,0.0
corrected_crp,full_seed42_mixed_0p4_noise0p25_s13_a0p2_b0p7,154,True,True,True,0.0
corrected_crp,full_seed42_mixed_0p4_noise0p25_s13_a0p2_b0p7,155,True,True,True,0.0
corrected_crp,full_seed42_mixed_0p4_noise0p25_s13_a0p2_b0p7,158,True,True,True,0.0
corrected_crp,full_seed42_mixed_0p4_noise0p25_s13_a0p2_b0p7,159,True,True,True,0.0
corrected_crp,full_seed42_mixed_0p4_noise0p25_s13_a0p2_b0p7,160,True,True,True,0.0
corrected_crp,full_seed42_mixed_0p4_noise0p25_s13_a0p2_b0p7,162,True,True,True,0.0
corrected_crp,full_seed42_mixed_0p4_noise0p25_s13_a0p3_b0p8,84,True,True,True,-0.037826404325207064
corrected_crp,full_seed42_mixed_0p4_noise0p25_s13_a0p3_b0p8,86,True,True,True,0.0231196729446137
corrected_crp,full_seed42_mixed_0p4_noise0p25_s13_a0p3_b0p8,87,True,True,True,-0.00835156720093655
corrected_crp,full_seed42_mixed_0p4_noise0p25_s13_a0p3_b0p8,93,True,True,True,0.0
corrected_crp,full_seed42_mixed_0p4_noise0p25_s13_a0p3_b0p8,100,True,True,True,0.0
corrected_crp,full_seed42_mixed_0p4_noise0p25_s13_a0p3_b0p8,104,True,True,True,-0.004042468533154597
corrected_crp,full_seed42_mixed_0p4_noise0p25_s13_a0p3_b0p8,105,True,True,True,-0.04318793535436899
corrected_crp,full_seed42_mixed_0p4_noise0p25_s13_a0p3_b0p8,144,True,True,True,-0.0183578946753169
corrected_crp,full_seed42_mixed_0p4_noise0p25_s13_a0p3_b0p8,152,True,True,True,-0.02396305475479421
corrected_crp,full_seed42_mixed_0p4_noise0p25_s13_a0p3_b0p8,153,True,True,True,-0.009965841066200853
corrected_crp,full_seed42_mixed_0p4_noise0p25_s13_a0p3_b0p8,154,True,True,True,-0.00011148544230024648
corrected_crp,full_seed42_mixed_0p4_noise0p25_s13_a0p3_b0p8,155,True,True,True,0.0015308224445141905
corrected_crp,full_seed42_mixed_0p4_noise0p25_s13_a0p3_b0p8,158,True,True,True,-0.018747090783343412
corrected_crp,full_seed42_mixed_0p4_noise0p25_s13_a0p3_b0p8,159,True,True,True,-0.06715438247658811
corrected_crp,full_seed42_mixed_0p4_noise0p25_s13_a0p3_b0p8,160,True,True,True,0.03675424129756072
corrected_crp,full_seed42_mixed_0p4_noise0p25_s13_a0p3_b0p8,162,True,True,True,0.0
corrected_crp,full_seed42_mixed_0p4_noise0p5_s13_a0p2_b0p7,26,True,True,True,0.0
corrected_crp,full_seed42_mixed_0p4_noise0p5_s13_a0p2_b0p7,95,True,True,True,0.0
corrected_crp,full_seed42_mixed_0p4_noise0p5_s13_a0p2_b0p7,100,True,True,True,0.0
corrected_crp,full_seed42_mixed_0p4_noise0p5_s13_a0p2_b0p7,102,True,True,True,0.0
corrected_crp,full_seed42_mixed_0p4_noise0p5_s13_a0p2_b0p7,103,True,True,True,0.0
corrected_crp,full_seed42_mixed_0p4_noise0p5_s13_a0p2_b0p7,144,True,True,True,0.0
corrected_crp,full_seed42_mixed_0p4_noise0p5_s13_a0p2_b0p7,152,True,True,True,-0.04396347961397651
corrected_crp,full_seed42_mixed_0p4_noise0p5_s13_a0p2_b0p7,155,True,True,True,0.0
corrected_crp,full_seed42_mixed_0p4_noise0p5_s13_a0p2_b0p7,159,True,True,True,0.0
corrected_crp,full_seed42_mixed_0p4_noise0p5_s13_a0p2_b0p7,160,True,True,True,0.0
corrected_crp,full_seed42_mixed_0p4_noise0p5_s13_a0p3_b0p8,26,True,True,True,0.0
corrected_crp,full_seed42_mixed_0p4_noise0p5_s13_a0p3_b0p8,95,True,True,True,0.0
corrected_crp,full_seed42_mixed_0p4_noise0p5_s13_a0p3_b0p8,100,True,True,True,0.0
corrected_crp,full_seed42_mixed_0p4_noise0p5_s13_a0p3_b0p8,102,True,True,True,0.0
corrected_crp,full_seed42_mixed_0p4_noise0p5_s13_a0p3_b0p8,103,True,True,True,0.0
corrected_crp,full_seed42_mixed_0p4_noise0p5_s13_a0p3_b0p8,144,True,True,True,-0.036715789350633826
corrected_crp,full_seed42_mixed_0p4_noise0p5_s13_a0p3_b0p8,152,True,True,True,-0.1758539184559057
corrected_crp,full_seed42_mixed_0p4_noise0p5_s13_a0p3_b0p8,155,True,True,True,0.003061644889028381
corrected_crp,full_seed42_mixed_0p4_noise0p5_s13_a0p3_b0p8,159,True,True,True,-0.13430876495317617
corrected_crp,full_seed42_mixed_0p4_noise0p5_s13_a0p3_b0p8,160,True,True,True,0.07350848259512144
corrected_crp,full_seed42_mixed_0p4_noise0p5_s5_a0p2_b0p7,89,True,True,True,-0.021572610392559977
corrected_crp,full_seed42_mixed_0p4_noise0p5_s5_a0p3_b0p8,89,True,True,True,-0.021572610392559532
corrected_crp,full_seed42_mixed_0p4_noise0p5_s9_a0p2_b0p7,142,True,True,True,-0.16055839327854615
corrected_crp,full_seed42_mixed_0p4_noise0p5_s9_a0p3_b0p8,142,True,True,True,-0.16055839327854615
corrected_crp,full_seed42_replay_0p0_noise0p5_s13_a0p2_b0p7,26,True,True,True,0.0
corrected_crp,full_seed42_replay_0p0_noise0p5_s13_a0p2_b0p7,84,True,True,True,0.0
corrected_crp,full_seed42_replay_0p0_noise0p5_s13_a0p3_b0p8,26,True,True,True,0.0
corrected_crp,full_seed42_replay_0p0_noise0p5_s13_a0p3_b0p8,84,True,True,True,0.0
corrected_crp,full_seed42_replay_0p0_noise0p5_s9_a0p2_b0p7,84,True,True,True,0.0
corrected_crp,full_seed42_replay_0p0_noise0p5_s9_a0p3_b0p8,84,True,True,True,-0.040638141510296766
corrected_crp,full_seed42_replay_0p1_noise0p5_s13_a0p2_b0p7,26,True,True,True,0.0
corrected_crp,full_seed42_replay_0p1_noise0p5_s13_a0p2_b0p7,158,True,True,True,0.0
corrected_crp,full_seed42_replay_0p1_noise0p5_s13_a0p3_b0p8,26,True,True,True,0.0
corrected_crp,full_seed42_replay_0p1_noise0p5_s13_a0p3_b0p8,158,True,True,True,0.0
corrected_crp,full_seed42_replay_0p1_noise0p5_s9_a0p2_b0p7,84,True,True,True,0.0
corrected_crp,full_seed42_replay_0p1_noise0p5_s9_a0p3_b0p8,84,True,True,True,-0.040638141510296544
corrected_crp,full_seed42_replay_0p2_noise0p5_s13_a0p2_b0p7,26,True,True,True,0.0
corrected_crp,full_seed42_replay_0p2_noise0p5_s13_a0p2_b0p7,85,True,True,True,0.0
corrected_crp,full_seed42_replay_0p2_noise0p5_s13_a0p3_b0p8,26,True,True,True,0.0
corrected_crp,full_seed42_replay_0p2_noise0p5_s13_a0p3_b0p8,85,True,True,True,0.0
corrected_crp,full_seed42_replay_0p2_noise0p5_s9_a0p2_b0p7,84,True,True,True,0.0
corrected_crp,full_seed42_replay_0p2_noise0p5_s9_a0p2_b0p7,104,True,True,True,0.0
corrected_crp,full_seed42_replay_0p2_noise0p5_s9_a0p3_b0p8,84,True,True,True,-0.04063814151029632
corrected_crp,full_seed42_replay_0p2_noise0p5_s9_a0p3_b0p8,104,True,True,True,0.046919045197252984
corrected_crp,full_seed42_replay_0p3_noise0p5_s13_a0p2_b0p7,26,True,True,True,0.0
corrected_crp,full_seed42_replay_0p3_noise0p5_s13_a0p2_b0p7,85,True,True,True,0.0
corrected_crp,full_seed42_replay_0p3_noise0p5_s13_a0p3_b0p8,26,True,True,True,0.0
corrected_crp,full_seed42_replay_0p3_noise0p5_s13_a0p3_b0p8,85,True,True,True,0.0
corrected_crp,full_seed42_replay_0p3_noise0p5_s9_a0p2_b0p7,84,True,True,True,0.0
corrected_crp,full_seed42_replay_0p3_noise0p5_s9_a0p3_b0p8,84,True,True,True,-0.04063814151029632
corrected_crp,full_seed42_replay_0p4_noise0p5_s13_a0p2_b0p7,26,True,True,True,0.0
corrected_crp,full_seed42_replay_0p4_noise0p5_s13_a0p3_b0p8,26,True,True,True,0.0
corrected_crp,full_seed42_scaling_0p0_noise0p5_s13_a0p2_b0p7,26,True,True,True,0.0
corrected_crp,full_seed42_scaling_0p0_noise0p5_s13_a0p2_b0p7,84,True,True,True,0.0
corrected_crp,full_seed42_scaling_0p0_noise0p5_s13_a0p3_b0p8,26,True,True,True,0.0
corrected_crp,full_seed42_scaling_0p0_noise0p5_s13_a0p3_b0p8,84,True,True,True,0.0
corrected_crp,full_seed42_scaling_0p0_noise0p5_s9_a0p2_b0p7,84,True,True,True,0.0
corrected_crp,full_seed42_scaling_0p0_noise0p5_s9_a0p3_b0p8,84,True,True,True,-0.040638141510296766
corrected_crp,full_seed42_scaling_0p1_noise0p5_s13_a0p2_b0p7,26,True,True,True,0.0
corrected_crp,full_seed42_scaling_0p1_noise0p5_s13_a0p3_b0p8,26,True,True,True,0.0
corrected_crp,full_seed42_scaling_0p1_noise0p5_s9_a0p2_b0p7,84,True,True,True,0.0
corrected_crp,full_seed42_scaling_0p1_noise0p5_s9_a0p3_b0p8,84,True,True,True,-0.040638141510296544
corrected_crp,full_seed42_scaling_0p2_noise0p5_s13_a0p2_b0p7,26,True,True,True,0.0
corrected_crp,full_seed42_scaling_0p2_noise0p5_s13_a0p2_b0p7,126,True,True,True,0.0
corrected_crp,full_seed42_scaling_0p2_noise0p5_s13_a0p3_b0p8,26,True,True,True,0.0
corrected_crp,full_seed42_scaling_0p2_noise0p5_s13_a0p3_b0p8,126,True,True,True,0.0
corrected_crp,full_seed42_scaling_0p2_noise0p5_s9_a0p2_b0p7,84,True,True,True,0.0
corrected_crp,full_seed42_scaling_0p2_noise0p5_s9_a0p3_b0p8,84,True,True,True,-0.040638141510296544
corrected_crp,full_seed42_scaling_0p3_noise0p5_s13_a0p2_b0p7,26,True,True,True,0.0
corrected_crp,full_seed42_scaling_0p3_noise0p5_s13_a0p2_b0p7,85,True,True,True,0.0
corrected_crp,full_seed42_scaling_0p3_noise0p5_s13_a0p3_b0p8,26,True,True,True,0.0
corrected_crp,full_seed42_scaling_0p3_noise0p5_s13_a0p3_b0p8,85,True,True,True,0.0
corrected_crp,full_seed42_scaling_0p3_noise0p5_s9_a0p2_b0p7,84,True,True,True,0.0
corrected_crp,full_seed42_scaling_0p3_noise0p5_s9_a0p3_b0p8,84,True,True,True,-0.040638141510296544
corrected_crp,full_seed42_scaling_0p4_noise0p5_s13_a0p2_b0p7,26,True,True,True,0.0
corrected_crp,full_seed42_scaling_0p4_noise0p5_s13_a0p2_b0p7,85,True,True,True,0.0
corrected_crp,full_seed42_scaling_0p4_noise0p5_s13_a0p3_b0p8,26,True,True,True,0.0
corrected_crp,full_seed42_scaling_0p4_noise0p5_s13_a0p3_b0p8,85,True,True,True,0.0
corrected_crp,full_seed42_scaling_0p4_noise0p5_s9_a0p2_b0p7,84,True,True,True,0.0
corrected_crp,full_seed42_scaling_0p4_noise0p5_s9_a0p3_b0p8,84,True,True,True,-0.040638141510296544
corrected_crp,full_seed42_spike_0p0_noise0p5_s13_a0p2_b0p7,26,True,True,True,0.0
corrected_crp,full_seed42_spike_0p0_noise0p5_s13_a0p2_b0p7,84,True,True,True,0.0
corrected_crp,full_seed42_spike_0p0_noise0p5_s13_a0p3_b0p8,26,True,True,True,0.0
corrected_crp,full_seed42_spike_0p0_noise0p5_s13_a0p3_b0p8,84,True,True,True,0.0
corrected_crp,full_seed42_spike_0p0_noise0p5_s9_a0p2_b0p7,84,True,True,True,0.0
corrected_crp,full_seed42_spike_0p0_noise0p5_s9_a0p3_b0p8,84,True,True,True,-0.040638141510296766
corrected_crp,full_seed42_spike_0p1_noise0p1_s13_a0p2_b0p7,99,True,True,True,0.0
corrected_crp,full_seed42_spike_0p1_noise0p1_s13_a0p2_b0p7,102,True,True,True,0.0
corrected_crp,full_seed42_spike_0p1_noise0p1_s13_a0p2_b0p7,111,True,True,True,0.0
corrected_crp,full_seed42_spike_0p1_noise0p1_s13_a0p2_b0p7,114,True,True,True,0.0
corrected_crp,full_seed42_spike_0p1_noise0p1_s13_a0p2_b0p7,122,True,True,True,0.0
corrected_crp,full_seed42_spike_0p1_noise0p1_s13_a0p2_b0p7,126,True,True,True,0.0
corrected_crp,full_seed42_spike_0p1_noise0p1_s13_a0p2_b0p7,145,True,True,True,0.0
corrected_crp,full_seed42_spike_0p1_noise0p1_s13_a0p2_b0p7,149,True,True,True,0.0
corrected_crp,full_seed42_spike_0p1_noise0p1_s13_a0p2_b0p7,153,True,True,True,0.0
corrected_crp,full_seed42_spike_0p1_noise0p1_s13_a0p2_b0p7,161,True,True,True,0.0
corrected_crp,full_seed42_spike_0p1_noise0p1_s13_a0p2_b0p7,162,True,True,True,0.0
corrected_crp,full_seed42_spike_0p1_noise0p1_s13_a0p2_b0p7,166,True,True,True,0.0
corrected_crp,full_seed42_spike_0p1_noise0p1_s13_a0p2_b0p7,171,True,True,True,0.0
corrected_crp,full_seed42_spike_0p1_noise0p1_s13_a0p2_b0p7,173,True,True,True,0.0
corrected_crp,full_seed42_spike_0p1_noise0p1_s13_a0p2_b0p7,174,True,True,True,0.0
corrected_crp,full_seed42_spike_0p1_noise0p1_s13_a0p2_b0p7,178,True,True,True,0.0
corrected_crp,full_seed42_spike_0p1_noise0p1_s13_a0p3_b0p8,99,True,True,True,0.0
corrected_crp,full_seed42_spike_0p1_noise0p1_s13_a0p3_b0p8,102,True,True,True,0.0
corrected_crp,full_seed42_spike_0p1_noise0p1_s13_a0p3_b0p8,111,True,True,True,0.0
corrected_crp,full_seed42_spike_0p1_noise0p1_s13_a0p3_b0p8,114,True,True,True,0.0
corrected_crp,full_seed42_spike_0p1_noise0p1_s13_a0p3_b0p8,122,True,True,True,0.0
corrected_crp,full_seed42_spike_0p1_noise0p1_s13_a0p3_b0p8,126,True,True,True,0.0
corrected_crp,full_seed42_spike_0p1_noise0p1_s13_a0p3_b0p8,145,True,True,True,0.0
corrected_crp,full_seed42_spike_0p1_noise0p1_s13_a0p3_b0p8,149,True,True,True,0.0
corrected_crp,full_seed42_spike_0p1_noise0p1_s13_a0p3_b0p8,153,True,True,True,0.0
corrected_crp,full_seed42_spike_0p1_noise0p1_s13_a0p3_b0p8,161,True,True,True,0.0
corrected_crp,full_seed42_spike_0p1_noise0p1_s13_a0p3_b0p8,162,True,True,True,0.0
corrected_crp,full_seed42_spike_0p1_noise0p1_s13_a0p3_b0p8,166,True,True,True,0.0
corrected_crp,full_seed42_spike_0p1_noise0p1_s13_a0p3_b0p8,171,True,True,True,0.0
corrected_crp,full_seed42_spike_0p1_noise0p1_s13_a0p3_b0p8,173,True,True,True,0.0
corrected_crp,full_seed42_spike_0p1_noise0p1_s13_a0p3_b0p8,174,True,True,True,0.0
corrected_crp,full_seed42_spike_0p1_noise0p1_s13_a0p3_b0p8,178,True,True,True,0.0
corrected_crp,full_seed42_spike_0p1_noise0p1_s9_a0p2_b0p7,90,True,True,True,0.0
corrected_crp,full_seed42_spike_0p1_noise0p1_s9_a0p2_b0p7,94,True,True,True,0.0
corrected_crp,full_seed42_spike_0p1_noise0p1_s9_a0p2_b0p7,108,True,True,True,0.0
corrected_crp,full_seed42_spike_0p1_noise0p1_s9_a0p2_b0p7,119,True,True,True,0.0
corrected_crp,full_seed42_spike_0p1_noise0p1_s9_a0p2_b0p7,125,True,True,True,0.0
corrected_crp,full_seed42_spike_0p1_noise0p1_s9_a0p2_b0p7,129,True,True,True,0.0
corrected_crp,full_seed42_spike_0p1_noise0p1_s9_a0p2_b0p7,152,True,True,True,0.0
corrected_crp,full_seed42_spike_0p1_noise0p1_s9_a0p2_b0p7,155,True,True,True,0.0
corrected_crp,full_seed42_spike_0p1_noise0p1_s9_a0p2_b0p7,156,True,True,True,0.0
corrected_crp,full_seed42_spike_0p1_noise0p1_s9_a0p2_b0p7,168,True,True,True,0.0
corrected_crp,full_seed42_spike_0p1_noise0p1_s9_a0p2_b0p7,179,True,True,True,0.0
corrected_crp,full_seed42_spike_0p1_noise0p1_s9_a0p3_b0p8,90,True,True,True,-0.05757813894455133
corrected_crp,full_seed42_spike_0p1_noise0p1_s9_a0p3_b0p8,94,True,True,True,-0.031638891790796375
corrected_crp,full_seed42_spike_0p1_noise0p1_s9_a0p3_b0p8,108,True,True,True,0.039147051255039145
corrected_crp,full_seed42_spike_0p1_noise0p1_s9_a0p3_b0p8,119,True,True,True,0.02049961603814765
corrected_crp,full_seed42_spike_0p1_noise0p1_s9_a0p3_b0p8,125,True,True,True,0.03310636535811762
corrected_crp,full_seed42_spike_0p1_noise0p1_s9_a0p3_b0p8,129,True,True,True,0.02438175978213697
corrected_crp,full_seed42_spike_0p1_noise0p1_s9_a0p3_b0p8,152,True,True,True,-0.00944470075229309
corrected_crp,full_seed42_spike_0p1_noise0p1_s9_a0p3_b0p8,155,True,True,True,0.003968596278763226
corrected_crp,full_seed42_spike_0p1_noise0p1_s9_a0p3_b0p8,156,True,True,True,-0.0544640582771283
corrected_crp,full_seed42_spike_0p1_noise0p1_s9_a0p3_b0p8,168,True,True,True,-0.005775176664998494
corrected_crp,full_seed42_spike_0p1_noise0p1_s9_a0p3_b0p8,179,True,True,True,-0.0010128220731311366
corrected_crp,full_seed42_spike_0p1_noise0p25_s13_a0p2_b0p7,91,True,True,True,0.0
corrected_crp,full_seed42_spike_0p1_noise0p25_s13_a0p2_b0p7,109,True,True,True,0.0
corrected_crp,full_seed42_spike_0p1_noise0p25_s13_a0p2_b0p7,114,True,True,True,0.0
corrected_crp,full_seed42_spike_0p1_noise0p25_s13_a0p2_b0p7,122,True,True,True,0.0
corrected_crp,full_seed42_spike_0p1_noise0p25_s13_a0p2_b0p7,126,True,True,True,0.0
corrected_crp,full_seed42_spike_0p1_noise0p25_s13_a0p2_b0p7,135,True,True,True,0.0
corrected_crp,full_seed42_spike_0p1_noise0p25_s13_a0p2_b0p7,145,True,True,True,0.0
corrected_crp,full_seed42_spike_0p1_noise0p25_s13_a0p2_b0p7,153,True,True,True,0.0
corrected_crp,full_seed42_spike_0p1_noise0p25_s13_a0p2_b0p7,155,True,True,True,0.0
corrected_crp,full_seed42_spike_0p1_noise0p25_s13_a0p2_b0p7,159,True,True,True,0.0
corrected_crp,full_seed42_spike_0p1_noise0p25_s13_a0p2_b0p7,162,True,True,True,0.0
corrected_crp,full_seed42_spike_0p1_noise0p25_s13_a0p2_b0p7,171,True,True,True,0.0
corrected_crp,full_seed42_spike_0p1_noise0p25_s13_a0p2_b0p7,176,True,True,True,0.0
corrected_crp,full_seed42_spike_0p1_noise0p25_s13_a0p2_b0p7,177,True,True,True,0.0
corrected_crp,full_seed42_spike_0p1_noise0p25_s13_a0p2_b0p7,179,True,True,True,0.0
corrected_crp,full_seed42_spike_0p1_noise0p25_s13_a0p3_b0p8,91,True,True,True,0.0
corrected_crp,full_seed42_spike_0p1_noise0p25_s13_a0p3_b0p8,109,True,True,True,0.0
corrected_crp,full_seed42_spike_0p1_noise0p25_s13_a0p3_b0p8,114,True,True,True,0.0
corrected_crp,full_seed42_spike_0p1_noise0p25_s13_a0p3_b0p8,122,True,True,True,0.0
corrected_crp,full_seed42_spike_0p1_noise0p25_s13_a0p3_b0p8,126,True,True,True,0.0
corrected_crp,full_seed42_spike_0p1_noise0p25_s13_a0p3_b0p8,135,True,True,True,0.0
corrected_crp,full_seed42_spike_0p1_noise0p25_s13_a0p3_b0p8,145,True,True,True,0.0
corrected_crp,full_seed42_spike_0p1_noise0p25_s13_a0p3_b0p8,153,True,True,True,0.0
corrected_crp,full_seed42_spike_0p1_noise0p25_s13_a0p3_b0p8,155,True,True,True,0.0
corrected_crp,full_seed42_spike_0p1_noise0p25_s13_a0p3_b0p8,159,True,True,True,0.0
corrected_crp,full_seed42_spike_0p1_noise0p25_s13_a0p3_b0p8,162,True,True,True,0.0
corrected_crp,full_seed42_spike_0p1_noise0p25_s13_a0p3_b0p8,171,True,True,True,0.0
corrected_crp,full_seed42_spike_0p1_noise0p25_s13_a0p3_b0p8,176,True,True,True,0.0
corrected_crp,full_seed42_spike_0p1_noise0p25_s13_a0p3_b0p8,177,True,True,True,0.0
corrected_crp,full_seed42_spike_0p1_noise0p25_s13_a0p3_b0p8,179,True,True,True,0.0
corrected_crp,full_seed42_spike_0p1_noise0p25_s9_a0p2_b0p7,88,True,True,True,0.0
corrected_crp,full_seed42_spike_0p1_noise0p25_s9_a0p2_b0p7,95,True,True,True,0.0
corrected_crp,full_seed42_spike_0p1_noise0p25_s9_a0p2_b0p7,98,True,True,True,0.0
corrected_crp,full_seed42_spike_0p1_noise0p25_s9_a0p2_b0p7,99,True,True,True,0.0
corrected_crp,full_seed42_spike_0p1_noise0p25_s9_a0p2_b0p7,113,True,True,True,0.0
corrected_crp,full_seed42_spike_0p1_noise0p25_s9_a0p2_b0p7,114,True,True,True,0.0
corrected_crp,full_seed42_spike_0p1_noise0p25_s9_a0p2_b0p7,118,True,True,True,0.0
corrected_crp,full_seed42_spike_0p1_noise0p25_s9_a0p2_b0p7,119,True,True,True,0.0
corrected_crp,full_seed42_spike_0p1_noise0p25_s9_a0p2_b0p7,124,True,True,True,0.0
corrected_crp,full_seed42_spike_0p1_noise0p25_s9_a0p2_b0p7,127,True,True,True,0.0
corrected_crp,full_seed42_spike_0p1_noise0p25_s9_a0p2_b0p7,129,True,True,True,0.0
corrected_crp,full_seed42_spike_0p1_noise0p25_s9_a0p2_b0p7,135,True,True,True,0.0
corrected_crp,full_seed42_spike_0p1_noise0p25_s9_a0p2_b0p7,137,True,True,True,0.0
corrected_crp,full_seed42_spike_0p1_noise0p25_s9_a0p2_b0p7,139,True,True,True,0.0
corrected_crp,full_seed42_spike_0p1_noise0p25_s9_a0p2_b0p7,155,True,True,True,0.0
corrected_crp,full_seed42_spike_0p1_noise0p25_s9_a0p2_b0p7,162,True,True,True,0.0
corrected_crp,full_seed42_spike_0p1_noise0p25_s9_a0p2_b0p7,178,True,True,True,0.0
corrected_crp,full_seed42_spike_0p1_noise0p25_s9_a0p3_b0p8,88,True,True,True,0.0058435823931284325
corrected_crp,full_seed42_spike_0p1_noise0p25_s9_a0p3_b0p8,95,True,True,True,-0.017739748474867145
corrected_crp,full_seed42_spike_0p1_noise0p25_s9_a0p3_b0p8,98,True,True,True,-0.004791228584296814
corrected_crp,full_seed42_spike_0p1_noise0p25_s9_a0p3_b0p8,99,True,True,True,0.0395794119944779
corrected_crp,full_seed42_spike_0p1_noise0p25_s9_a0p3_b0p8,113,True,True,True,-0.006959908350014032
corrected_crp,full_seed42_spike_0p1_noise0p25_s9_a0p3_b0p8,114,True,True,True,-0.004018888171480439
corrected_crp,full_seed42_spike_0p1_noise0p25_s9_a0p3_b0p8,118,True,True,True,-0.03840445094033429
corrected_crp,full_seed42_spike_0p1_noise0p25_s9_a0p3_b0p8,119,True,True,True,-0.004001769709880865
corrected_crp,full_seed42_spike_0p1_noise0p25_s9_a0p3_b0p8,124,True,True,True,-0.0005357889450736675
corrected_crp,full_seed42_spike_0p1_noise0p25_s9_a0p3_b0p8,127,True,True,True,-0.0040749429093303036
corrected_crp,full_seed42_spike_0p1_noise0p25_s9_a0p3_b0p8,129,True,True,True,0.0056962903767137085
corrected_crp,full_seed42_spike_0p1_noise0p25_s9_a0p3_b0p8,135,True,True,True,0.030290555731752766
corrected_crp,full_seed42_spike_0p1_noise0p25_s9_a0p3_b0p8,137,True,True,True,0.009263795717735501
corrected_crp,full_seed42_spike_0p1_noise0p25_s9_a0p3_b0p8,139,True,True,True,-0.0593536531011547
corrected_crp,full_seed42_spike_0p1_noise0p25_s9_a0p3_b0p8,155,True,True,True,0.0345322986298191
corrected_crp,full_seed42_spike_0p1_noise0p25_s9_a0p3_b0p8,162,True,True,True,0.009007805578133965
corrected_crp,full_seed42_spike_0p1_noise0p25_s9_a0p3_b0p8,178,True,True,True,-0.014216283143516417
corrected_crp,full_seed42_spike_0p1_noise0p5_s13_a0p2_b0p7,26,True,True,True,0.0
corrected_crp,full_seed42_spike_0p1_noise0p5_s13_a0p2_b0p7,91,True,True,True,0.0
corrected_crp,full_seed42_spike_0p1_noise0p5_s13_a0p2_b0p7,92,True,True,True,0.0
corrected_crp,full_seed42_spike_0p1_noise0p5_s13_a0p2_b0p7,163,True,True,True,0.0
corrected_crp,full_seed42_spike_0p1_noise0p5_s13_a0p2_b0p7,173,True,True,True,0.0
corrected_crp,full_seed42_spike_0p1_noise0p5_s13_a0p2_b0p7,174,True,True,True,0.0
corrected_crp,full_seed42_spike_0p1_noise0p5_s13_a0p2_b0p7,177,True,True,True,0.0
corrected_crp,full_seed42_spike_0p1_noise0p5_s13_a0p2_b0p7,178,True,True,True,0.0
corrected_crp,full_seed42_spike_0p1_noise0p5_s13_a0p3_b0p8,26,True,True,True,0.0
corrected_crp,full_seed42_spike_0p1_noise0p5_s13_a0p3_b0p8,91,True,True,True,0.0
corrected_crp,full_seed42_spike_0p1_noise0p5_s13_a0p3_b0p8,92,True,True,True,0.0
corrected_crp,full_seed42_spike_0p1_noise0p5_s13_a0p3_b0p8,163,True,True,True,0.0
corrected_crp,full_seed42_spike_0p1_noise0p5_s13_a0p3_b0p8,173,True,True,True,0.0
corrected_crp,full_seed42_spike_0p1_noise0p5_s13_a0p3_b0p8,174,True,True,True,0.0
corrected_crp,full_seed42_spike_0p1_noise0p5_s13_a0p3_b0p8,177,True,True,True,0.0
corrected_crp,full_seed42_spike_0p1_noise0p5_s13_a0p3_b0p8,178,True,True,True,0.0
corrected_crp,full_seed42_spike_0p1_noise0p5_s9_a0p2_b0p7,100,True,True,True,0.0
corrected_crp,full_seed42_spike_0p1_noise0p5_s9_a0p2_b0p7,112,True,True,True,0.0
corrected_crp,full_seed42_spike_0p1_noise0p5_s9_a0p2_b0p7,114,True,True,True,0.0
corrected_crp,full_seed42_spike_0p1_noise0p5_s9_a0p2_b0p7,127,True,True,True,0.0
corrected_crp,full_seed42_spike_0p1_noise0p5_s9_a0p2_b0p7,137,True,True,True,0.0
corrected_crp,full_seed42_spike_0p1_noise0p5_s9_a0p2_b0p7,139,True,True,True,0.0
corrected_crp,full_seed42_spike_0p1_noise0p5_s9_a0p3_b0p8,100,True,True,True,0.010499343680333784
corrected_crp,full_seed42_spike_0p1_noise0p5_s9_a0p3_b0p8,112,True,True,True,-0.045198751361593015
corrected_crp,full_seed42_spike_0p1_noise0p5_s9_a0p3_b0p8,114,True,True,True,-0.008018539908735689
corrected_crp,full_seed42_spike_0p1_noise0p5_s9_a0p3_b0p8,127,True,True,True,-0.006597448196585365
corrected_crp,full_seed42_spike_0p1_noise0p5_s9_a0p3_b0p8,137,True,True,True,0.018536118450543926
corrected_crp,full_seed42_spike_0p1_noise0p5_s9_a0p3_b0p8,139,True,True,True,-0.04496896989604782
corrected_crp,full_seed42_spike_0p2_noise0p1_s13_a0p2_b0p7,94,True,True,True,0.0
corrected_crp,full_seed42_spike_0p2_noise0p1_s13_a0p2_b0p7,110,True,True,True,0.0
corrected_crp,full_seed42_spike_0p2_noise0p1_s13_a0p2_b0p7,115,True,True,True,0.0
corrected_crp,full_seed42_spike_0p2_noise0p1_s13_a0p2_b0p7,139,True,True,True,0.0
corrected_crp,full_seed42_spike_0p2_noise0p1_s13_a0p2_b0p7,157,True,True,True,0.0
corrected_crp,full_seed42_spike_0p2_noise0p1_s13_a0p2_b0p7,162,True,True,True,0.0
corrected_crp,full_seed42_spike_0p2_noise0p1_s13_a0p2_b0p7,163,True,True,True,0.0
corrected_crp,full_seed42_spike_0p2_noise0p1_s13_a0p2_b0p7,164,True,True,True,0.0
corrected_crp,full_seed42_spike_0p2_noise0p1_s13_a0p2_b0p7,167,True,True,True,0.0
corrected_crp,full_seed42_spike_0p2_noise0p1_s13_a0p2_b0p7,174,True,True,True,0.0
corrected_crp,full_seed42_spike_0p2_noise0p1_s13_a0p2_b0p7,175,True,True,True,0.0
corrected_crp,full_seed42_spike_0p2_noise0p1_s13_a0p2_b0p7,179,True,True,True,0.0
corrected_crp,full_seed42_spike_0p2_noise0p1_s13_a0p3_b0p8,94,True,True,True,0.0
corrected_crp,full_seed42_spike_0p2_noise0p1_s13_a0p3_b0p8,110,True,True,True,0.0
corrected_crp,full_seed42_spike_0p2_noise0p1_s13_a0p3_b0p8,115,True,True,True,0.0
corrected_crp,full_seed42_spike_0p2_noise0p1_s13_a0p3_b0p8,139,True,True,True,0.0
corrected_crp,full_seed42_spike_0p2_noise0p1_s13_a0p3_b0p8,157,True,True,True,0.0
corrected_crp,full_seed42_spike_0p2_noise0p1_s13_a0p3_b0p8,162,True,True,True,0.0
corrected_crp,full_seed42_spike_0p2_noise0p1_s13_a0p3_b0p8,163,True,True,True,0.0
corrected_crp,full_seed42_spike_0p2_noise0p1_s13_a0p3_b0p8,164,True,True,True,0.0
corrected_crp,full_seed42_spike_0p2_noise0p1_s13_a0p3_b0p8,167,True,True,True,0.0
corrected_crp,full_seed42_spike_0p2_noise0p1_s13_a0p3_b0p8,174,True,True,True,0.0
corrected_crp,full_seed42_spike_0p2_noise0p1_s13_a0p3_b0p8,175,True,True,True,0.0
corrected_crp,full_seed42_spike_0p2_noise0p1_s13_a0p3_b0p8,179,True,True,True,0.0
corrected_crp,full_seed42_spike_0p2_noise0p1_s5_a0p2_b0p7,85,True,True,True,-0.17675329622741565
corrected_crp,full_seed42_spike_0p2_noise0p1_s5_a0p2_b0p7,88,True,True,True,-0.2712785155662423
corrected_crp,full_seed42_spike_0p2_noise0p1_s5_a0p2_b0p7,108,True,True,True,0.1565882050201577
corrected_crp,full_seed42_spike_0p2_noise0p1_s5_a0p2_b0p7,119,True,True,True,-0.2568776088449989
corrected_crp,full_seed42_spike_0p2_noise0p1_s5_a0p2_b0p7,128,True,True,True,0.1526187733840254
corrected_crp,full_seed42_spike_0p2_noise0p1_s5_a0p2_b0p7,129,True,True,True,0.09752703912854788
corrected_crp,full_seed42_spike_0p2_noise0p1_s5_a0p2_b0p7,150,True,True,True,-0.050036113983618735
corrected_crp,full_seed42_spike_0p2_noise0p1_s5_a0p2_b0p7,167,True,True,True,0.013212206629465317
corrected_crp,full_seed42_spike_0p2_noise0p1_s5_a0p3_b0p8,85,True,True,True,-0.17675329622741565
corrected_crp,full_seed42_spike_0p2_noise0p1_s5_a0p3_b0p8,88,True,True,True,-0.2712785155662423
corrected_crp,full_seed42_spike_0p2_noise0p1_s5_a0p3_b0p8,108,True,True,True,0.1565882050201579
corrected_crp,full_seed42_spike_0p2_noise0p1_s5_a0p3_b0p8,119,True,True,True,-0.25687760884499866
corrected_crp,full_seed42_spike_0p2_noise0p1_s5_a0p3_b0p8,128,True,True,True,0.15261877338402563
corrected_crp,full_seed42_spike_0p2_noise0p1_s5_a0p3_b0p8,129,True,True,True,0.09752703912854832
corrected_crp,full_seed42_spike_0p2_noise0p1_s5_a0p3_b0p8,150,True,True,True,-0.050036113983618735
corrected_crp,full_seed42_spike_0p2_noise0p1_s5_a0p3_b0p8,167,True,True,True,0.013212206629465761
corrected_crp,full_seed42_spike_0p2_noise0p25_s13_a0p2_b0p7,94,True,True,True,0.0
corrected_crp,full_seed42_spike_0p2_noise0p25_s13_a0p2_b0p7,102,True,True,True,0.0
corrected_crp,full_seed42_spike_0p2_noise0p25_s13_a0p2_b0p7,110,True,True,True,0.0
corrected_crp,full_seed42_spike_0p2_noise0p25_s13_a0p2_b0p7,139,True,True,True,0.0
corrected_crp,full_seed42_spike_0p2_noise0p25_s13_a0p2_b0p7,148,True,True,True,0.0
corrected_crp,full_seed42_spike_0p2_noise0p25_s13_a0p2_b0p7,157,True,True,True,0.0
corrected_crp,full_seed42_spike_0p2_noise0p25_s13_a0p2_b0p7,162,True,True,True,0.0
corrected_crp,full_seed42_spike_0p2_noise0p25_s13_a0p2_b0p7,163,True,True,True,0.0
corrected_crp,full_seed42_spike_0p2_noise0p25_s13_a0p2_b0p7,164,True,True,True,0.0
corrected_crp,full_seed42_spike_0p2_noise0p25_s13_a0p2_b0p7,167,True,True,True,0.0
corrected_crp,full_seed42_spike_0p2_noise0p25_s13_a0p3_b0p8,94,True,True,True,0.0
corrected_crp,full_seed42_spike_0p2_noise0p25_s13_a0p3_b0p8,102,True,True,True,0.0
corrected_crp,full_seed42_spike_0p2_noise0p25_s13_a0p3_b0p8,110,True,True,True,0.0
corrected_crp,full_seed42_spike_0p2_noise0p25_s13_a0p3_b0p8,139,True,True,True,0.0
corrected_crp,full_seed42_spike_0p2_noise0p25_s13_a0p3_b0p8,148,True,True,True,0.0
corrected_crp,full_seed42_spike_0p2_noise0p25_s13_a0p3_b0p8,157,True,True,True,0.0
corrected_crp,full_seed42_spike_0p2_noise0p25_s13_a0p3_b0p8,162,True,True,True,0.0
corrected_crp,full_seed42_spike_0p2_noise0p25_s13_a0p3_b0p8,163,True,True,True,0.0
corrected_crp,full_seed42_spike_0p2_noise0p25_s13_a0p3_b0p8,164,True,True,True,0.0
corrected_crp,full_seed42_spike_0p2_noise0p25_s13_a0p3_b0p8,167,True,True,True,0.0
corrected_crp,full_seed42_spike_0p2_noise0p25_s5_a0p2_b0p7,88,True,True,True,-0.3094696297896724
corrected_crp,full_seed42_spike_0p2_noise0p25_s5_a0p2_b0p7,90,True,True,True,0.25634912046342473
corrected_crp,full_seed42_spike_0p2_noise0p25_s5_a0p2_b0p7,110,True,True,True,0.251886226096107
corrected_crp,full_seed42_spike_0p2_noise0p25_s5_a0p2_b0p7,118,True,True,True,-0.19332595639000028
corrected_crp,full_seed42_spike_0p2_noise0p25_s5_a0p2_b0p7,119,True,True,True,-0.15060324594386354
corrected_crp,full_seed42_spike_0p2_noise0p25_s5_a0p2_b0p7,124,True,True,True,-0.002143155780294448
corrected_crp,full_seed42_spike_0p2_noise0p25_s5_a0p2_b0p7,125,True,True,True,-0.4214948671030614
corrected_crp,full_seed42_spike_0p2_noise0p25_s5_a0p2_b0p7,128,True,True,True,0.23424933817798732
corrected_crp,full_seed42_spike_0p2_noise0p25_s5_a0p2_b0p7,129,True,True,True,0.022785161506854168
corrected_crp,full_seed42_spike_0p2_noise0p25_s5_a0p2_b0p7,134,True,True,True,0.2832387839264756
corrected_crp,full_seed42_spike_0p2_noise0p25_s5_a0p2_b0p7,136,True,True,True,-0.21984547063294313
corrected_crp,full_seed42_spike_0p2_noise0p25_s5_a0p2_b0p7,139,True,True,True,-0.23741461240461925
corrected_crp,full_seed42_spike_0p2_noise0p25_s5_a0p2_b0p7,143,True,True,True,-0.22682179962740268
corrected_crp,full_seed42_spike_0p2_noise0p25_s5_a0p2_b0p7,150,True,True,True,0.022475926318698436
corrected_crp,full_seed42_spike_0p2_noise0p25_s5_a0p2_b0p7,168,True,True,True,0.22567684259043164
corrected_crp,full_seed42_spike_0p2_noise0p25_s5_a0p3_b0p8,88,True,True,True,-0.3094696297896724
corrected_crp,full_seed42_spike_0p2_noise0p25_s5_a0p3_b0p8,90,True,True,True,0.25634912046342495
corrected_crp,full_seed42_spike_0p2_noise0p25_s5_a0p3_b0p8,110,True,True,True,0.251886226096107
corrected_crp,full_seed42_spike_0p2_noise0p25_s5_a0p3_b0p8,118,True,True,True,-0.19332595639000028
corrected_crp,full_seed42_spike_0p2_noise0p25_s5_a0p3_b0p8,119,True,True,True,-0.15060324594386354
corrected_crp,full_seed42_spike_0p2_noise0p25_s5_a0p3_b0p8,124,True,True,True,-0.002143155780294448
corrected_crp,full_seed42_spike_0p2_noise0p25_s5_a0p3_b0p8,125,True,True,True,-0.4214948671030614
corrected_crp,full_seed42_spike_0p2_noise0p25_s5_a0p3_b0p8,128,True,True,True,0.23424933817798754
corrected_crp,full_seed42_spike_0p2_noise0p25_s5_a0p3_b0p8,129,True,True,True,0.022785161506854168
corrected_crp,full_seed42_spike_0p2_noise0p25_s5_a0p3_b0p8,134,True,True,True,0.28323878392647583
corrected_crp,full_seed42_spike_0p2_noise0p25_s5_a0p3_b0p8,136,True,True,True,-0.21984547063294313
corrected_crp,full_seed42_spike_0p2_noise0p25_s5_a0p3_b0p8,139,True,True,True,-0.23741461240461925
corrected_crp,full_seed42_spike_0p2_noise0p25_s5_a0p3_b0p8,143,True,True,True,-0.22682179962740268
corrected_crp,full_seed42_spike_0p2_noise0p25_s5_a0p3_b0p8,150,True,True,True,0.022475926318698658
corrected_crp,full_seed42_spike_0p2_noise0p25_s5_a0p3_b0p8,168,True,True,True,0.22567684259043164
corrected_crp,full_seed42_spike_0p2_noise0p25_s9_a0p2_b0p7,158,True,True,True,-0.012721824720397734
corrected_crp,full_seed42_spike_0p2_noise0p25_s9_a0p3_b0p8,158,True,True,True,-0.05088729888159094
corrected_crp,full_seed42_spike_0p2_noise0p5_s13_a0p2_b0p7,26,True,True,True,0.0
corrected_crp,full_seed42_spike_0p2_noise0p5_s13_a0p2_b0p7,102,True,True,True,0.0
corrected_crp,full_seed42_spike_0p2_noise0p5_s13_a0p2_b0p7,127,True,True,True,0.0
corrected_crp,full_seed42_spike_0p2_noise0p5_s13_a0p2_b0p7,129,True,True,True,0.0
corrected_crp,full_seed42_spike_0p2_noise0p5_s13_a0p2_b0p7,157,True,True,True,0.0
corrected_crp,full_seed42_spike_0p2_noise0p5_s13_a0p2_b0p7,163,True,True,True,0.0
corrected_crp,full_seed42_spike_0p2_noise0p5_s13_a0p2_b0p7,164,True,True,True,0.0
corrected_crp,full_seed42_spike_0p2_noise0p5_s13_a0p2_b0p7,179,True,True,True,0.0
corrected_crp,full_seed42_spike_0p2_noise0p5_s13_a0p3_b0p8,26,True,True,True,0.0
corrected_crp,full_seed42_spike_0p2_noise0p5_s13_a0p3_b0p8,102,True,True,True,0.0
corrected_crp,full_seed42_spike_0p2_noise0p5_s13_a0p3_b0p8,127,True,True,True,0.0
corrected_crp,full_seed42_spike_0p2_noise0p5_s13_a0p3_b0p8,129,True,True,True,0.0
corrected_crp,full_seed42_spike_0p2_noise0p5_s13_a0p3_b0p8,157,True,True,True,0.0
corrected_crp,full_seed42_spike_0p2_noise0p5_s13_a0p3_b0p8,163,True,True,True,0.0
corrected_crp,full_seed42_spike_0p2_noise0p5_s13_a0p3_b0p8,164,True,True,True,0.0
corrected_crp,full_seed42_spike_0p2_noise0p5_s13_a0p3_b0p8,179,True,True,True,0.0
corrected_crp,full_seed42_spike_0p2_noise0p5_s5_a0p2_b0p7,94,True,True,True,-0.14995344516679854
corrected_crp,full_seed42_spike_0p2_noise0p5_s5_a0p2_b0p7,105,True,True,True,-0.017975889403391676
corrected_crp,full_seed42_spike_0p2_noise0p5_s5_a0p2_b0p7,107,True,True,True,-0.05757070831336453
corrected_crp,full_seed42_spike_0p2_noise0p5_s5_a0p2_b0p7,110,True,True,True,0.1926042687826337
corrected_crp,full_seed42_spike_0p2_noise0p5_s5_a0p2_b0p7,112,True,True,True,-0.1807950054463714
corrected_crp,full_seed42_spike_0p2_noise0p5_s5_a0p2_b0p7,118,True,True,True,-0.4357231324458426
corrected_crp,full_seed42_spike_0p2_noise0p5_s5_a0p2_b0p7,119,True,True,True,0.026520692224694997
corrected_crp,full_seed42_spike_0p2_noise0p5_s5_a0p2_b0p7,120,True,True,True,-0.0047078430935552085
corrected_crp,full_seed42_spike_0p2_noise0p5_s5_a0p2_b0p7,134,True,True,True,0.18977569881119827
corrected_crp,full_seed42_spike_0p2_noise0p5_s5_a0p2_b0p7,136,True,True,True,-0.09558523299532329
corrected_crp,full_seed42_spike_0p2_noise0p5_s5_a0p2_b0p7,139,True,True,True,-0.1798758795841915
corrected_crp,full_seed42_spike_0p2_noise0p5_s5_a0p2_b0p7,152,True,True,True,0.08330917429972762
corrected_crp,full_seed42_spike_0p2_noise0p5_s5_a0p2_b0p7,168,True,True,True,0.4514572159886632
corrected_crp,full_seed42_spike_0p2_noise0p5_s5_a0p2_b0p7,171,True,True,True,-0.014866002411859203
corrected_crp,full_seed42_spike_0p2_noise0p5_s5_a0p3_b0p8,94,True,True,True,-0.14995344516679854
corrected_crp,full_seed42_spike_0p2_noise0p5_s5_a0p3_b0p8,105,True,True,True,-0.017975889403391232
corrected_crp,full_seed42_spike_0p2_noise0p5_s5_a0p3_b0p8,107,True,True,True,-0.05757070831336453
corrected_crp,full_seed42_spike_0p2_noise0p5_s5_a0p3_b0p8,110,True,True,True,0.1926042687826337
corrected_crp,full_seed42_spike_0p2_noise0p5_s5_a0p3_b0p8,112,True,True,True,-0.18079500544637117
corrected_crp,full_seed42_spike_0p2_noise0p5_s5_a0p3_b0p8,118,True,True,True,-0.4357231324458426
corrected_crp,full_seed42_spike_0p2_noise0p5_s5_a0p3_b0p8,119,True,True,True,0.026520692224694997
corrected_crp,full_seed42_spike_0p2_noise0p5_s5_a0p3_b0p8,120,True,True,True,-0.004707843093554764
corrected_crp,full_seed42_spike_0p2_noise0p5_s5_a0p3_b0p8,134,True,True,True,0.1897756988111985
corrected_crp,full_seed42_spike_0p2_noise0p5_s5_a0p3_b0p8,136,True,True,True,-0.09558523299532329
corrected_crp,full_seed42_spike_0p2_noise0p5_s5_a0p3_b0p8,139,True,True,True,-0.1798758795841915
corrected_crp,full_seed42_spike_0p2_noise0p5_s5_a0p3_b0p8,152,True,True,True,0.08330917429972762
corrected_crp,full_seed42_spike_0p2_noise0p5_s5_a0p3_b0p8,168,True,True,True,0.4514572159886634
corrected_crp,full_seed42_spike_0p2_noise0p5_s5_a0p3_b0p8,171,True,True,True,-0.014866002411859203
corrected_crp,full_seed42_spike_0p2_noise0p5_s9_a0p2_b0p7,89,True,True,True,-0.028075374989084523
corrected_crp,full_seed42_spike_0p2_noise0p5_s9_a0p2_b0p7,142,True,True,True,-0.026759732213091025
corrected_crp,full_seed42_spike_0p2_noise0p5_s9_a0p3_b0p8,89,True,True,True,-0.11230149995633898
corrected_crp,full_seed42_spike_0p2_noise0p5_s9_a0p3_b0p8,142,True,True,True,-0.10703892885236388
corrected_crp,full_seed42_spike_0p3_noise0p1_s13_a0p2_b0p7,181,True,True,True,0.0
corrected_crp,full_seed42_spike_0p3_noise0p1_s13_a0p3_b0p8,181,True,True,True,0.0
corrected_crp,full_seed42_spike_0p3_noise0p1_s9_a0p2_b0p7,90,True,True,True,-0.03838542596303407
corrected_crp,full_seed42_spike_0p3_noise0p1_s9_a0p2_b0p7,94,True,True,True,-0.02109259452719714
corrected_crp,full_seed42_spike_0p3_noise0p1_s9_a0p2_b0p7,101,True,True,True,0.019487828997911016
corrected_crp,full_seed42_spike_0p3_noise0p1_s9_a0p2_b0p7,125,True,True,True,0.02207091023874508
corrected_crp,full_seed42_spike_0p3_noise0p1_s9_a0p2_b0p7,131,True,True,True,0.03026188505188232
corrected_crp,full_seed42_spike_0p3_noise0p1_s9_a0p2_b0p7,141,True,True,True,-0.05301778817371994
corrected_crp,full_seed42_spike_0p3_noise0p1_s9_a0p2_b0p7,156,True,True,True,-0.03630937218475205
corrected_crp,full_seed42_spike_0p3_noise0p1_s9_a0p2_b0p7,157,True,True,True,-0.005956348601177552
corrected_crp,full_seed42_spike_0p3_noise0p1_s9_a0p2_b0p7,162,True,True,True,-0.004591661789817181
corrected_crp,full_seed42_spike_0p3_noise0p1_s9_a0p3_b0p8,90,True,True,True,-0.15354170385213672
corrected_crp,full_seed42_spike_0p3_noise0p1_s9_a0p3_b0p8,94,True,True,True,-0.08437037810879033
corrected_crp,full_seed42_spike_0p3_noise0p1_s9_a0p3_b0p8,101,True,True,True,0.07795131599164473
corrected_crp,full_seed42_spike_0p3_noise0p1_s9_a0p3_b0p8,125,True,True,True,0.08828364095498076
corrected_crp,full_seed42_spike_0p3_noise0p1_s9_a0p3_b0p8,131,True,True,True,0.12104754020753017
corrected_crp,full_seed42_spike_0p3_noise0p1_s9_a0p3_b0p8,141,True,True,True,-0.2120711526948793
corrected_crp,full_seed42_spike_0p3_noise0p1_s9_a0p3_b0p8,156,True,True,True,-0.1452374887390082
corrected_crp,full_seed42_spike_0p3_noise0p1_s9_a0p3_b0p8,157,True,True,True,-0.02382539440471021
corrected_crp,full_seed42_spike_0p3_noise0p1_s9_a0p3_b0p8,162,True,True,True,-0.018366647159268723
corrected_crp,full_seed42_spike_0p3_noise0p25_s9_a0p2_b0p7,113,True,True,True,-0.004639938900009355
corrected_crp,full_seed42_spike_0p3_noise0p25_s9_a0p2_b0p7,122,True,True,True,0.041353618068745046
corrected_crp,full_seed42_spike_0p3_noise0p25_s9_a0p3_b0p8,113,True,True,True,-0.018559755600036754
corrected_crp,full_seed42_spike_0p3_noise0p25_s9_a0p3_b0p8,122,True,True,True,0.1654144722749804
corrected_crp,full_seed42_spike_0p3_noise0p5_s13_a0p2_b0p7,26,True,True,True,0.0
corrected_crp,full_seed42_spike_0p3_noise0p5_s13_a0p2_b0p7,140,True,True,True,0.0
corrected_crp,full_seed42_spike_0p3_noise0p5_s13_a0p2_b0p7,173,True,True,True,0.0
corrected_crp,full_seed42_spike_0p3_noise0p5_s13_a0p3_b0p8,26,True,True,True,0.0
corrected_crp,full_seed42_spike_0p3_noise0p5_s13_a0p3_b0p8,140,True,True,True,0.024144928390845033
corrected_crp,full_seed42_spike_0p3_noise0p5_s13_a0p3_b0p8,173,True,True,True,0.029505282857318682
corrected_crp,full_seed42_spike_0p3_noise0p5_s9_a0p2_b0p7,148,True,True,True,-0.02620810643462579
corrected_crp,full_seed42_spike_0p3_noise0p5_s9_a0p3_b0p8,148,True,True,True,-0.10483242573850404
corrected_crp,full_seed42_spike_0p4_noise0p1_s13_a0p2_b0p7,84,True,True,True,0.0
corrected_crp,full_seed42_spike_0p4_noise0p1_s13_a0p2_b0p7,86,True,True,True,0.0
corrected_crp,full_seed42_spike_0p4_noise0p1_s13_a0p2_b0p7,87,True,True,True,0.0
corrected_crp,full_seed42_spike_0p4_noise0p1_s13_a0p2_b0p7,90,True,True,True,0.0
corrected_crp,full_seed42_spike_0p4_noise0p1_s13_a0p2_b0p7,92,True,True,True,0.0
corrected_crp,full_seed42_spike_0p4_noise0p1_s13_a0p2_b0p7,94,True,True,True,0.0
corrected_crp,full_seed42_spike_0p4_noise0p1_s13_a0p2_b0p7,95,True,True,True,0.0
corrected_crp,full_seed42_spike_0p4_noise0p1_s13_a0p2_b0p7,97,True,True,True,0.0
corrected_crp,full_seed42_spike_0p4_noise0p1_s13_a0p2_b0p7,98,True,True,True,0.0
corrected_crp,full_seed42_spike_0p4_noise0p1_s13_a0p2_b0p7,99,True,True,True,0.0
corrected_crp,full_seed42_spike_0p4_noise0p1_s13_a0p2_b0p7,102,True,True,True,0.0
corrected_crp,full_seed42_spike_0p4_noise0p1_s13_a0p2_b0p7,104,True,True,True,0.0
corrected_crp,full_seed42_spike_0p4_noise0p1_s13_a0p2_b0p7,105,True,True,True,0.0
corrected_crp,full_seed42_spike_0p4_noise0p1_s13_a0p2_b0p7,106,True,True,True,0.0
corrected_crp,full_seed42_spike_0p4_noise0p1_s13_a0p2_b0p7,107,True,True,True,0.0
corrected_crp,full_seed42_spike_0p4_noise0p1_s13_a0p2_b0p7,111,True,True,True,0.0
corrected_crp,full_seed42_spike_0p4_noise0p1_s13_a0p2_b0p7,113,True,True,True,0.0
corrected_crp,full_seed42_spike_0p4_noise0p1_s13_a0p2_b0p7,117,True,True,True,0.0
corrected_crp,full_seed42_spike_0p4_noise0p1_s13_a0p2_b0p7,124,True,True,True,0.0
corrected_crp,full_seed42_spike_0p4_noise0p1_s13_a0p2_b0p7,125,True,True,True,0.0
corrected_crp,full_seed42_spike_0p4_noise0p1_s13_a0p2_b0p7,128,True,True,True,0.0
corrected_crp,full_seed42_spike_0p4_noise0p1_s13_a0p2_b0p7,134,True,True,True,0.0
corrected_crp,full_seed42_spike_0p4_noise0p1_s13_a0p2_b0p7,135,True,True,True,0.0
corrected_crp,full_seed42_spike_0p4_noise0p1_s13_a0p2_b0p7,151,True,True,True,0.0
corrected_crp,full_seed42_spike_0p4_noise0p1_s13_a0p2_b0p7,152,True,True,True,0.0
corrected_crp,full_seed42_spike_0p4_noise0p1_s13_a0p2_b0p7,153,True,True,True,0.0
corrected_crp,full_seed42_spike_0p4_noise0p1_s13_a0p2_b0p7,155,True,True,True,0.0
corrected_crp,full_seed42_spike_0p4_noise0p1_s13_a0p2_b0p7,158,True,True,True,0.0
corrected_crp,full_seed42_spike_0p4_noise0p1_s13_a0p2_b0p7,160,True,True,True,0.0
corrected_crp,full_seed42_spike_0p4_noise0p1_s13_a0p2_b0p7,161,True,True,True,0.0
corrected_crp,full_seed42_spike_0p4_noise0p1_s13_a0p2_b0p7,162,True,True,True,0.0
corrected_crp,full_seed42_spike_0p4_noise0p1_s13_a0p2_b0p7,163,True,True,True,0.0
corrected_crp,full_seed42_spike_0p4_noise0p1_s13_a0p2_b0p7,165,True,True,True,0.0
corrected_crp,full_seed42_spike_0p4_noise0p1_s13_a0p2_b0p7,170,True,True,True,0.0
corrected_crp,full_seed42_spike_0p4_noise0p1_s13_a0p2_b0p7,173,True,True,True,0.0
corrected_crp,full_seed42_spike_0p4_noise0p1_s13_a0p2_b0p7,174,True,True,True,0.0
corrected_crp,full_seed42_spike_0p4_noise0p1_s13_a0p2_b0p7,177,True,True,True,0.0
corrected_crp,full_seed42_spike_0p4_noise0p1_s13_a0p2_b0p7,178,True,True,True,0.0
corrected_crp,full_seed42_spike_0p4_noise0p1_s13_a0p2_b0p7,181,True,True,True,0.0
corrected_crp,full_seed42_spike_0p4_noise0p1_s13_a0p3_b0p8,84,True,True,True,-0.01513056173008287
corrected_crp,full_seed42_spike_0p4_noise0p1_s13_a0p3_b0p8,86,True,True,True,0.00924786917784548
corrected_crp,full_seed42_spike_0p4_noise0p1_s13_a0p3_b0p8,87,True,True,True,-0.0033406268803746197
corrected_crp,full_seed42_spike_0p4_noise0p1_s13_a0p3_b0p8,90,True,True,True,-0.006883484218862729
corrected_crp,full_seed42_spike_0p4_noise0p1_s13_a0p3_b0p8,92,True,True,True,0.009523118367973843
corrected_crp,full_seed42_spike_0p4_noise0p1_s13_a0p3_b0p8,94,True,True,True,0.0021393506811041574
corrected_crp,full_seed42_spike_0p4_noise0p1_s13_a0p3_b0p8,95,True,True,True,0.010341948687687341
corrected_crp,full_seed42_spike_0p4_noise0p1_s13_a0p3_b0p8,97,True,True,True,-0.002725651190059075
corrected_crp,full_seed42_spike_0p4_noise0p1_s13_a0p3_b0p8,98,True,True,True,0.004915492010181377
corrected_crp,full_seed42_spike_0p4_noise0p1_s13_a0p3_b0p8,99,True,True,True,0.011490614156816958
corrected_crp,full_seed42_spike_0p4_noise0p1_s13_a0p3_b0p8,102,True,True,True,0.005046507332168493
corrected_crp,full_seed42_spike_0p4_noise0p1_s13_a0p3_b0p8,104,True,True,True,-0.0016169874132617723
corrected_crp,full_seed42_spike_0p4_noise0p1_s13_a0p3_b0p8,105,True,True,True,-0.017275174141747618
corrected_crp,full_seed42_spike_0p4_noise0p1_s13_a0p3_b0p8,106,True,True,True,0.007318837957729418
corrected_crp,full_seed42_spike_0p4_noise0p1_s13_a0p3_b0p8,107,True,True,True,0.01664396171068494
corrected_crp,full_seed42_spike_0p4_noise0p1_s13_a0p3_b0p8,111,True,True,True,-0.007880030322193865
corrected_crp,full_seed42_spike_0p4_noise0p1_s13_a0p3_b0p8,113,True,True,True,-0.009247285363032376
corrected_crp,full_seed42_spike_0p4_noise0p1_s13_a0p3_b0p8,117,True,True,True,0.028916402272662234
corrected_crp,full_seed42_spike_0p4_noise0p1_s13_a0p3_b0p8,124,True,True,True,0.009228834964277122
corrected_crp,full_seed42_spike_0p4_noise0p1_s13_a0p3_b0p8,125,True,True,True,-0.006209406747561652
corrected_crp,full_seed42_spike_0p4_noise0p1_s13_a0p3_b0p8,128,True,True,True,-0.007904642003125129
corrected_crp,full_seed42_spike_0p4_noise0p1_s13_a0p3_b0p8,134,True,True,True,-0.01387868530169778
corrected_crp,full_seed42_spike_0p4_noise0p1_s13_a0p3_b0p8,135,True,True,True,-0.006066695236169928
corrected_crp,full_seed42_spike_0p4_noise0p1_s13_a0p3_b0p8,151,True,True,True,0.02107499474960081
corrected_crp,full_seed42_spike_0p4_noise0p1_s13_a0p3_b0p8,152,True,True,True,-0.00958522190191774
corrected_crp,full_seed42_spike_0p4_noise0p1_s13_a0p3_b0p8,153,True,True,True,-0.00398633642648033
corrected_crp,full_seed42_spike_0p4_noise0p1_s13_a0p3_b0p8,155,True,True,True,0.0006123289778056651
corrected_crp,full_seed42_spike_0p4_noise0p1_s13_a0p3_b0p8,158,True,True,True,-0.007498836313337365
corrected_crp,full_seed42_spike_0p4_noise0p1_s13_a0p3_b0p8,160,True,True,True,0.01470169651902431
corrected_crp,full_seed42_spike_0p4_noise0p1_s13_a0p3_b0p8,161,True,True,True,0.004628990497136443
corrected_crp,full_seed42_spike_0p4_noise0p1_s13_a0p3_b0p8,162,True,True,True,0.01420059846479993
corrected_crp,full_seed42_spike_0p4_noise0p1_s13_a0p3_b0p8,163,True,True,True,0.022363686722823684
corrected_crp,full_seed42_spike_0p4_noise0p1_s13_a0p3_b0p8,165,True,True,True,0.0014675479324903207
corrected_crp,full_seed42_spike_0p4_noise0p1_s13_a0p3_b0p8,170,True,True,True,-0.040191654665425514
corrected_crp,full_seed42_spike_0p4_noise0p1_s13_a0p3_b0p8,173,True,True,True,0.005901056571463781
corrected_crp,full_seed42_spike_0p4_noise0p1_s13_a0p3_b0p8,174,True,True,True,-0.00818580113265055
corrected_crp,full_seed42_spike_0p4_noise0p1_s13_a0p3_b0p8,177,True,True,True,-0.022446600265895178
corrected_crp,full_seed42_spike_0p4_noise0p1_s13_a0p3_b0p8,178,True,True,True,-0.012470756883316225
corrected_crp,full_seed42_spike_0p4_noise0p1_s13_a0p3_b0p8,181,True,True,True,0.0
corrected_crp,full_seed42_spike_0p4_noise0p25_s13_a0p2_b0p7,84,True,True,True,0.0
corrected_crp,full_seed42_spike_0p4_noise0p25_s13_a0p2_b0p7,86,True,True,True,0.0
corrected_crp,full_seed42_spike_0p4_noise0p25_s13_a0p2_b0p7,87,True,True,True,0.0
corrected_crp,full_seed42_spike_0p4_noise0p25_s13_a0p2_b0p7,90,True,True,True,0.0
corrected_crp,full_seed42_spike_0p4_noise0p25_s13_a0p2_b0p7,92,True,True,True,0.0
corrected_crp,full_seed42_spike_0p4_noise0p25_s13_a0p2_b0p7,94,True,True,True,0.0
corrected_crp,full_seed42_spike_0p4_noise0p25_s13_a0p2_b0p7,95,True,True,True,0.0
corrected_crp,full_seed42_spike_0p4_noise0p25_s13_a0p2_b0p7,96,True,True,True,0.0
corrected_crp,full_seed42_spike_0p4_noise0p25_s13_a0p2_b0p7,97,True,True,True,0.0
corrected_crp,full_seed42_spike_0p4_noise0p25_s13_a0p2_b0p7,99,True,True,True,0.0
corrected_crp,full_seed42_spike_0p4_noise0p25_s13_a0p2_b0p7,102,True,True,True,0.0
corrected_crp,full_seed42_spike_0p4_noise0p25_s13_a0p2_b0p7,104,True,True,True,0.0
corrected_crp,full_seed42_spike_0p4_noise0p25_s13_a0p2_b0p7,105,True,True,True,0.0
corrected_crp,full_seed42_spike_0p4_noise0p25_s13_a0p2_b0p7,106,True,True,True,0.0
corrected_crp,full_seed42_spike_0p4_noise0p25_s13_a0p2_b0p7,107,True,True,True,0.0
corrected_crp,full_seed42_spike_0p4_noise0p25_s13_a0p2_b0p7,108,True,True,True,0.0
corrected_crp,full_seed42_spike_0p4_noise0p25_s13_a0p2_b0p7,109,True,True,True,0.0
corrected_crp,full_seed42_spike_0p4_noise0p25_s13_a0p2_b0p7,113,True,True,True,0.0
corrected_crp,full_seed42_spike_0p4_noise0p25_s13_a0p2_b0p7,114,True,True,True,0.0
corrected_crp,full_seed42_spike_0p4_noise0p25_s13_a0p2_b0p7,118,True,True,True,0.0
corrected_crp,full_seed42_spike_0p4_noise0p25_s13_a0p2_b0p7,125,True,True,True,0.0
corrected_crp,full_seed42_spike_0p4_noise0p25_s13_a0p2_b0p7,128,True,True,True,0.0
corrected_crp,full_seed42_spike_0p4_noise0p25_s13_a0p2_b0p7,131,True,True,True,0.0
corrected_crp,full_seed42_spike_0p4_noise0p25_s13_a0p2_b0p7,144,True,True,True,0.0
corrected_crp,full_seed42_spike_0p4_noise0p25_s13_a0p2_b0p7,152,True,True,True,0.0
corrected_crp,full_seed42_spike_0p4_noise0p25_s13_a0p2_b0p7,153,True,True,True,0.0
corrected_crp,full_seed42_spike_0p4_noise0p25_s13_a0p2_b0p7,154,True,True,True,0.0
corrected_crp,full_seed42_spike_0p4_noise0p25_s13_a0p2_b0p7,155,True,True,True,0.0
corrected_crp,full_seed42_spike_0p4_noise0p25_s13_a0p2_b0p7,158,True,True,True,0.0
corrected_crp,full_seed42_spike_0p4_noise0p25_s13_a0p2_b0p7,159,True,True,True,0.0
corrected_crp,full_seed42_spike_0p4_noise0p25_s13_a0p2_b0p7,160,True,True,True,0.0
corrected_crp,full_seed42_spike_0p4_noise0p25_s13_a0p2_b0p7,161,True,True,True,0.0
corrected_crp,full_seed42_spike_0p4_noise0p25_s13_a0p2_b0p7,162,True,True,True,0.0
corrected_crp,full_seed42_spike_0p4_noise0p25_s13_a0p2_b0p7,163,True,True,True,0.0
corrected_crp,full_seed42_spike_0p4_noise0p25_s13_a0p2_b0p7,165,True,True,True,0.0
corrected_crp,full_seed42_spike_0p4_noise0p25_s13_a0p2_b0p7,167,True,True,True,0.0
corrected_crp,full_seed42_spike_0p4_noise0p25_s13_a0p2_b0p7,170,True,True,True,0.0
corrected_crp,full_seed42_spike_0p4_noise0p25_s13_a0p2_b0p7,173,True,True,True,0.0
corrected_crp,full_seed42_spike_0p4_noise0p25_s13_a0p2_b0p7,174,True,True,True,0.0
corrected_crp,full_seed42_spike_0p4_noise0p25_s13_a0p2_b0p7,177,True,True,True,0.0
corrected_crp,full_seed42_spike_0p4_noise0p25_s13_a0p2_b0p7,178,True,True,True,0.0
corrected_crp,full_seed42_spike_0p4_noise0p25_s13_a0p3_b0p8,84,True,True,True,-0.037826404325207064
corrected_crp,full_seed42_spike_0p4_noise0p25_s13_a0p3_b0p8,86,True,True,True,0.0231196729446137
corrected_crp,full_seed42_spike_0p4_noise0p25_s13_a0p3_b0p8,87,True,True,True,-0.00835156720093655
corrected_crp,full_seed42_spike_0p4_noise0p25_s13_a0p3_b0p8,90,True,True,True,-0.017208710547156836
corrected_crp,full_seed42_spike_0p4_noise0p25_s13_a0p3_b0p8,92,True,True,True,0.023807795919934635
corrected_crp,full_seed42_spike_0p4_noise0p25_s13_a0p3_b0p8,94,True,True,True,0.005348376702760338
corrected_crp,full_seed42_spike_0p4_noise0p25_s13_a0p3_b0p8,95,True,True,True,0.025854871719218186
corrected_crp,full_seed42_spike_0p4_noise0p25_s13_a0p3_b0p8,96,True,True,True,0.038831174899510656
corrected_crp,full_seed42_spike_0p4_noise0p25_s13_a0p3_b0p8,97,True,True,True,-0.006814127975147688
corrected_crp,full_seed42_spike_0p4_noise0p25_s13_a0p3_b0p8,99,True,True,True,0.028726535392042396
corrected_crp,full_seed42_spike_0p4_noise0p25_s13_a0p3_b0p8,102,True,True,True,0.012616268330421287
corrected_crp,full_seed42_spike_0p4_noise0p25_s13_a0p3_b0p8,104,True,True,True,-0.004042468533154597
corrected_crp,full_seed42_spike_0p4_noise0p25_s13_a0p3_b0p8,105,True,True,True,-0.04318793535436899
corrected_crp,full_seed42_spike_0p4_noise0p25_s13_a0p3_b0p8,106,True,True,True,0.018297094894323518
corrected_crp,full_seed42_spike_0p4_noise0p25_s13_a0p3_b0p8,107,True,True,True,0.041609904276712434
corrected_crp,full_seed42_spike_0p4_noise0p25_s13_a0p3_b0p8,108,True,True,True,0.013160024119973024
corrected_crp,full_seed42_spike_0p4_noise0p25_s13_a0p3_b0p8,109,True,True,True,5.9377648957748e-05
corrected_crp,full_seed42_spike_0p4_noise0p25_s13_a0p3_b0p8,113,True,True,True,-0.023118213407580912
corrected_crp,full_seed42_spike_0p4_noise0p25_s13_a0p3_b0p8,114,True,True,True,-0.02173052025693467
corrected_crp,full_seed42_spike_0p4_noise0p25_s13_a0p3_b0p8,118,True,True,True,0.04476587861548986
corrected_crp,full_seed42_spike_0p4_noise0p25_s13_a0p3_b0p8,125,True,True,True,-0.01552351686890413
corrected_crp,full_seed42_spike_0p4_noise0p25_s13_a0p3_b0p8,128,True,True,True,-0.01976160500781282
corrected_crp,full_seed42_spike_0p4_noise0p25_s13_a0p3_b0p8,131,True,True,True,-0.042324249030692096
corrected_crp,full_seed42_spike_0p4_noise0p25_s13_a0p3_b0p8,144,True,True,True,-0.0183578946753169
corrected_crp,full_seed42_spike_0p4_noise0p25_s13_a0p3_b0p8,152,True,True,True,-0.02396305475479421
corrected_crp,full_seed42_spike_0p4_noise0p25_s13_a0p3_b0p8,153,True,True,True,-0.009965841066200853
corrected_crp,full_seed42_spike_0p4_noise0p25_s13_a0p3_b0p8,154,True,True,True,-0.00011148544230024648
corrected_crp,full_seed42_spike_0p4_noise0p25_s13_a0p3_b0p8,155,True,True,True,0.0015308224445141905
corrected_crp,full_seed42_spike_0p4_noise0p25_s13_a0p3_b0p8,158,True,True,True,-0.018747090783343412
corrected_crp,full_seed42_spike_0p4_noise0p25_s13_a0p3_b0p8,159,True,True,True,-0.06715438247658811
corrected_crp,full_seed42_spike_0p4_noise0p25_s13_a0p3_b0p8,160,True,True,True,0.03675424129756072
corrected_crp,full_seed42_spike_0p4_noise0p25_s13_a0p3_b0p8,161,True,True,True,0.011572476242841134
corrected_crp,full_seed42_spike_0p4_noise0p25_s13_a0p3_b0p8,162,True,True,True,0.03550149616199974
corrected_crp,full_seed42_spike_0p4_noise0p25_s13_a0p3_b0p8,163,True,True,True,0.05590921680705907
corrected_crp,full_seed42_spike_0p4_noise0p25_s13_a0p3_b0p8,165,True,True,True,0.0036688698312257184
corrected_crp,full_seed42_spike_0p4_noise0p25_s13_a0p3_b0p8,167,True,True,True,-0.046876462863103874
corrected_crp,full_seed42_spike_0p4_noise0p25_s13_a0p3_b0p8,170,True,True,True,-0.10047913666356367
corrected_crp,full_seed42_spike_0p4_noise0p25_s13_a0p3_b0p8,173,True,True,True,0.014752641428659286
corrected_crp,full_seed42_spike_0p4_noise0p25_s13_a0p3_b0p8,174,True,True,True,-0.020464502831626208
corrected_crp,full_seed42_spike_0p4_noise0p25_s13_a0p3_b0p8,177,True,True,True,-0.056116500664737945
corrected_crp,full_seed42_spike_0p4_noise0p25_s13_a0p3_b0p8,178,True,True,True,-0.031176892208290563
corrected_crp,full_seed42_spike_0p4_noise0p5_s13_a0p2_b0p7,26,True,True,True,0.0
corrected_crp,full_seed42_spike_0p4_noise0p5_s13_a0p2_b0p7,87,True,True,True,0.0
corrected_crp,full_seed42_spike_0p4_noise0p5_s13_a0p2_b0p7,90,True,True,True,0.0
corrected_crp,full_seed42_spike_0p4_noise0p5_s13_a0p2_b0p7,92,True,True,True,0.0
corrected_crp,full_seed42_spike_0p4_noise0p5_s13_a0p2_b0p7,94,True,True,True,0.0
corrected_crp,full_seed42_spike_0p4_noise0p5_s13_a0p2_b0p7,96,True,True,True,0.0
corrected_crp,full_seed42_spike_0p4_noise0p5_s13_a0p2_b0p7,97,True,True,True,0.0
corrected_crp,full_seed42_spike_0p4_noise0p5_s13_a0p2_b0p7,106,True,True,True,0.0
corrected_crp,full_seed42_spike_0p4_noise0p5_s13_a0p2_b0p7,124,True,True,True,0.0
corrected_crp,full_seed42_spike_0p4_noise0p5_s13_a0p2_b0p7,136,True,True,True,0.0
corrected_crp,full_seed42_spike_0p4_noise0p5_s13_a0p2_b0p7,139,True,True,True,0.0
corrected_crp,full_seed42_spike_0p4_noise0p5_s13_a0p2_b0p7,144,True,True,True,0.0
corrected_crp,full_seed42_spike_0p4_noise0p5_s13_a0p2_b0p7,152,True,True,True,-0.04396347961397651
corrected_crp,full_seed42_spike_0p4_noise0p5_s13_a0p2_b0p7,155,True,True,True,0.0
corrected_crp,full_seed42_spike_0p4_noise0p5_s13_a0p2_b0p7,159,True,True,True,0.0
corrected_crp,full_seed42_spike_0p4_noise0p5_s13_a0p2_b0p7,160,True,True,True,0.0
corrected_crp,full_seed42_spike_0p4_noise0p5_s13_a0p2_b0p7,161,True,True,True,0.0
corrected_crp,full_seed42_spike_0p4_noise0p5_s13_a0p2_b0p7,173,True,True,True,0.0
corrected_crp,full_seed42_spike_0p4_noise0p5_s13_a0p3_b0p8,26,True,True,True,0.0
corrected_crp,full_seed42_spike_0p4_noise0p5_s13_a0p3_b0p8,87,True,True,True,-0.016703134401872988
corrected_crp,full_seed42_spike_0p4_noise0p5_s13_a0p3_b0p8,90,True,True,True,-0.03441742109431367
corrected_crp,full_seed42_spike_0p4_noise0p5_s13_a0p3_b0p8,92,True,True,True,0.04761559183986924
corrected_crp,full_seed42_spike_0p4_noise0p5_s13_a0p3_b0p8,94,True,True,True,0.010696753405520787
corrected_crp,full_seed42_spike_0p4_noise0p5_s13_a0p3_b0p8,96,True,True,True,0.0776623497990212
corrected_crp,full_seed42_spike_0p4_noise0p5_s13_a0p3_b0p8,97,True,True,True,-0.013628255950295376
corrected_crp,full_seed42_spike_0p4_noise0p5_s13_a0p3_b0p8,106,True,True,True,0.03659418978864709
corrected_crp,full_seed42_spike_0p4_noise0p5_s13_a0p3_b0p8,124,True,True,True,0.04614417482138583
corrected_crp,full_seed42_spike_0p4_noise0p5_s13_a0p3_b0p8,136,True,True,True,-0.07095659211270922
corrected_crp,full_seed42_spike_0p4_noise0p5_s13_a0p3_b0p8,139,True,True,True,-0.0029502297823462698
corrected_crp,full_seed42_spike_0p4_noise0p5_s13_a0p3_b0p8,144,True,True,True,-0.036715789350633826
corrected_crp,full_seed42_spike_0p4_noise0p5_s13_a0p3_b0p8,152,True,True,True,-0.1758539184559057
corrected_crp,full_seed42_spike_0p4_noise0p5_s13_a0p3_b0p8,155,True,True,True,0.003061644889028381
corrected_crp,full_seed42_spike_0p4_noise0p5_s13_a0p3_b0p8,159,True,True,True,-0.13430876495317617
corrected_crp,full_seed42_spike_0p4_noise0p5_s13_a0p3_b0p8,160,True,True,True,0.07350848259512144
corrected_crp,full_seed42_spike_0p4_noise0p5_s13_a0p3_b0p8,161,True,True,True,0.02314495248568224
corrected_crp,full_seed42_spike_0p4_noise0p5_s13_a0p3_b0p8,173,True,True,True,0.029505282857318682
corrected_crp,full_seed42_spike_0p4_noise0p5_s9_a0p2_b0p7,142,True,True,True,-0.16055839327854615
corrected_crp,full_seed42_spike_0p4_noise0p5_s9_a0p3_b0p8,142,True,True,True,-0.16055839327854615
historical_fpr_ablation,full_seed101_bias_0p3_noise0p1_s5_a0p2_b0p7,100,True,True,True,-0.08197809991755234
historical_fpr_ablation,full_seed101_bias_0p3_noise0p1_s5_a0p3_b0p8,100,True,True,True,-0.04098904995877639
historical_fpr_ablation,full_seed101_bias_0p3_noise0p1_s9_a0p2_b0p7,104,True,True,True,-0.00013744933363923906
historical_fpr_ablation,full_seed101_bias_0p3_noise0p1_s9_a0p3_b0p8,104,True,True,True,0.0
historical_fpr_ablation,full_seed101_bias_0p3_noise0p25_s5_a0p2_b0p7,178,True,True,True,-0.1834257940889774
historical_fpr_ablation,full_seed101_bias_0p3_noise0p25_s5_a0p3_b0p8,178,True,True,True,-0.0917128970444887
historical_fpr_ablation,full_seed101_bias_0p4_noise0p1_s5_a0p2_b0p7,100,True,True,True,-0.08197809991755234
historical_fpr_ablation,full_seed101_bias_0p4_noise0p1_s5_a0p3_b0p8,100,True,True,True,-0.04098904995877639
historical_fpr_ablation,full_seed101_bias_0p4_noise0p25_s5_a0p2_b0p7,178,True,True,True,-0.1834257940889774
historical_fpr_ablation,full_seed101_bias_0p4_noise0p25_s5_a0p3_b0p8,178,True,True,True,-0.0917128970444887
historical_fpr_ablation,full_seed101_mixed_0p3_noise0p1_s5_a0p2_b0p7,100,True,True,True,-0.08197809991755234
historical_fpr_ablation,full_seed101_mixed_0p3_noise0p1_s5_a0p2_b0p7,149,True,True,True,-0.48863591673064466
historical_fpr_ablation,full_seed101_mixed_0p3_noise0p1_s5_a0p2_b0p7,156,True,True,True,0.20704154218014414
historical_fpr_ablation,full_seed101_mixed_0p3_noise0p1_s5_a0p3_b0p8,100,True,True,True,-0.04098904995877639
historical_fpr_ablation,full_seed101_mixed_0p3_noise0p1_s5_a0p3_b0p8,149,True,True,True,-0.24431795836532189
historical_fpr_ablation,full_seed101_mixed_0p3_noise0p1_s5_a0p3_b0p8,156,True,True,True,0.1035207710900723
historical_fpr_ablation,full_seed101_mixed_0p3_noise0p25_s5_a0p2_b0p7,147,True,True,True,6.495502734738709
historical_fpr_ablation,full_seed101_mixed_0p3_noise0p25_s5_a0p3_b0p8,147,True,True,True,3.2477513673693554
historical_fpr_ablation,full_seed101_mixed_0p3_noise0p5_s5_a0p2_b0p7,142,True,True,True,-0.07059069817674457
historical_fpr_ablation,full_seed101_mixed_0p3_noise0p5_s5_a0p3_b0p8,142,True,True,True,-0.035295349088372285
historical_fpr_ablation,full_seed101_mixed_0p4_noise0p1_s5_a0p2_b0p7,100,True,True,True,-0.08197809991755234
historical_fpr_ablation,full_seed101_mixed_0p4_noise0p1_s5_a0p2_b0p7,149,True,True,True,-0.48863591673064466
historical_fpr_ablation,full_seed101_mixed_0p4_noise0p1_s5_a0p2_b0p7,156,True,True,True,0.20704154218014414
historical_fpr_ablation,full_seed101_mixed_0p4_noise0p1_s5_a0p3_b0p8,100,True,True,True,-0.04098904995877639
historical_fpr_ablation,full_seed101_mixed_0p4_noise0p1_s5_a0p3_b0p8,149,True,True,True,-0.24431795836532189
historical_fpr_ablation,full_seed101_mixed_0p4_noise0p1_s5_a0p3_b0p8,156,True,True,True,0.1035207710900723
historical_fpr_ablation,full_seed101_mixed_0p4_noise0p25_s5_a0p2_b0p7,147,True,True,True,6.495502734738709
historical_fpr_ablation,full_seed101_mixed_0p4_noise0p25_s5_a0p3_b0p8,147,True,True,True,3.2477513673693554
historical_fpr_ablation,full_seed101_mixed_0p4_noise0p5_s5_a0p2_b0p7,142,True,True,True,-0.07059069817674457
historical_fpr_ablation,full_seed101_mixed_0p4_noise0p5_s5_a0p3_b0p8,142,True,True,True,-0.035295349088372285
historical_fpr_ablation,full_seed101_spike_0p3_noise0p1_s5_a0p2_b0p7,94,True,True,True,0.15199673119849688
historical_fpr_ablation,full_seed101_spike_0p3_noise0p1_s5_a0p2_b0p7,99,True,True,True,-6.428795883148748
historical_fpr_ablation,full_seed101_spike_0p3_noise0p1_s5_a0p2_b0p7,100,True,True,True,-0.08197809991755234
historical_fpr_ablation,full_seed101_spike_0p3_noise0p1_s5_a0p2_b0p7,104,True,True,True,0.1951244827037133
historical_fpr_ablation,full_seed101_spike_0p3_noise0p1_s5_a0p2_b0p7,149,True,True,True,5.911364083269357
historical_fpr_ablation,full_seed101_spike_0p3_noise0p1_s5_a0p2_b0p7,156,True,True,True,-6.1929584578198575
historical_fpr_ablation,full_seed101_spike_0p3_noise0p1_s5_a0p2_b0p7,161,True,True,True,6.404291596820788
historical_fpr_ablation,full_seed101_spike_0p3_noise0p1_s5_a0p2_b0p7,162,True,True,True,6.431672890010667
historical_fpr_ablation,full_seed101_spike_0p3_noise0p1_s5_a0p2_b0p7,164,True,True,True,-0.03494096341275643
historical_fpr_ablation,full_seed101_spike_0p3_noise0p1_s5_a0p2_b0p7,178,True,True,True,-0.0733121938477761
historical_fpr_ablation,full_seed101_spike_0p3_noise0p1_s5_a0p3_b0p8,94,True,True,True,0.07599836559924844
historical_fpr_ablation,full_seed101_spike_0p3_noise0p1_s5_a0p3_b0p8,99,True,True,True,-3.214397941574375
historical_fpr_ablation,full_seed101_spike_0p3_noise0p1_s5_a0p3_b0p8,100,True,True,True,-0.04098904995877617
historical_fpr_ablation,full_seed101_spike_0p3_noise0p1_s5_a0p3_b0p8,104,True,True,True,0.09756224135185665
historical_fpr_ablation,full_seed101_spike_0p3_noise0p1_s5_a0p3_b0p8,149,True,True,True,2.9556820416346783
historical_fpr_ablation,full_seed101_spike_0p3_noise0p1_s5_a0p3_b0p8,156,True,True,True,-3.096479228909929
historical_fpr_ablation,full_seed101_spike_0p3_noise0p1_s5_a0p3_b0p8,161,True,True,True,3.2021457984103945
historical_fpr_ablation,full_seed101_spike_0p3_noise0p1_s5_a0p3_b0p8,162,True,True,True,3.215836445005334
historical_fpr_ablation,full_seed101_spike_0p3_noise0p1_s5_a0p3_b0p8,164,True,True,True,-0.017470481706378216
historical_fpr_ablation,full_seed101_spike_0p3_noise0p1_s5_a0p3_b0p8,178,True,True,True,-0.03665609692388805
historical_fpr_ablation,full_seed101_spike_0p3_noise0p1_s9_a0p2_b0p7,103,True,True,True,-0.005543208076143447
historical_fpr_ablation,full_seed101_spike_0p3_noise0p1_s9_a0p2_b0p7,104,True,True,True,-0.021817947411829408
historical_fpr_ablation,full_seed101_spike_0p3_noise0p1_s9_a0p2_b0p7,166,True,True,True,-0.00965203318342267
historical_fpr_ablation,full_seed101_spike_0p3_noise0p1_s9_a0p3_b0p8,103,True,True,True,0.0
historical_fpr_ablation,full_seed101_spike_0p3_noise0p1_s9_a0p3_b0p8,104,True,True,True,0.0
historical_fpr_ablation,full_seed101_spike_0p3_noise0p1_s9_a0p3_b0p8,166,True,True,True,0.0
historical_fpr_ablation,full_seed101_spike_0p3_noise0p25_s5_a0p2_b0p7,149,True,True,True,5.86647598840776
historical_fpr_ablation,full_seed101_spike_0p3_noise0p25_s5_a0p2_b0p7,161,True,True,True,6.386012625991597
historical_fpr_ablation,full_seed101_spike_0p3_noise0p25_s5_a0p2_b0p7,178,True,True,True,-0.1834257940889774
historical_fpr_ablation,full_seed101_spike_0p3_noise0p25_s5_a0p3_b0p8,149,True,True,True,2.93323799420388
historical_fpr_ablation,full_seed101_spike_0p3_noise0p25_s5_a0p3_b0p8,161,True,True,True,3.193006312995799
historical_fpr_ablation,full_seed101_spike_0p3_noise0p25_s5_a0p3_b0p8,178,True,True,True,-0.0917128970444887
historical_fpr_ablation,full_seed101_spike_0p3_noise0p5_s5_a0p2_b0p7,142,True,True,True,-6.470590698176745
historical_fpr_ablation,full_seed101_spike_0p3_noise0p5_s5_a0p3_b0p8,142,True,True,True,-3.235295349088373
historical_fpr_ablation,full_seed101_spike_0p4_noise0p1_s5_a0p2_b0p7,94,True,True,True,0.15199673119849688
historical_fpr_ablation,full_seed101_spike_0p4_noise0p1_s5_a0p2_b0p7,99,True,True,True,-6.428795883148748
historical_fpr_ablation,full_seed101_spike_0p4_noise0p1_s5_a0p2_b0p7,100,True,True,True,-0.08197809991755234
historical_fpr_ablation,full_seed101_spike_0p4_noise0p1_s5_a0p2_b0p7,104,True,True,True,0.1951244827037133
historical_fpr_ablation,full_seed101_spike_0p4_noise0p1_s5_a0p2_b0p7,149,True,True,True,5.911364083269357
historical_fpr_ablation,full_seed101_spike_0p4_noise0p1_s5_a0p2_b0p7,156,True,True,True,-6.1929584578198575
historical_fpr_ablation,full_seed101_spike_0p4_noise0p1_s5_a0p2_b0p7,161,True,True,True,6.404291596820788
historical_fpr_ablation,full_seed101_spike_0p4_noise0p1_s5_a0p2_b0p7,162,True,True,True,6.431672890010667
historical_fpr_ablation,full_seed101_spike_0p4_noise0p1_s5_a0p2_b0p7,164,True,True,True,-0.03494096341275643
historical_fpr_ablation,full_seed101_spike_0p4_noise0p1_s5_a0p2_b0p7,178,True,True,True,-0.0733121938477761
historical_fpr_ablation,full_seed101_spike_0p4_noise0p1_s5_a0p3_b0p8,94,True,True,True,0.07599836559924844
historical_fpr_ablation,full_seed101_spike_0p4_noise0p1_s5_a0p3_b0p8,99,True,True,True,-3.214397941574375
historical_fpr_ablation,full_seed101_spike_0p4_noise0p1_s5_a0p3_b0p8,100,True,True,True,-0.04098904995877617
historical_fpr_ablation,full_seed101_spike_0p4_noise0p1_s5_a0p3_b0p8,104,True,True,True,0.09756224135185665
historical_fpr_ablation,full_seed101_spike_0p4_noise0p1_s5_a0p3_b0p8,149,True,True,True,2.9556820416346783
historical_fpr_ablation,full_seed101_spike_0p4_noise0p1_s5_a0p3_b0p8,156,True,True,True,-3.096479228909929
historical_fpr_ablation,full_seed101_spike_0p4_noise0p1_s5_a0p3_b0p8,161,True,True,True,3.2021457984103945
historical_fpr_ablation,full_seed101_spike_0p4_noise0p1_s5_a0p3_b0p8,162,True,True,True,3.215836445005334
historical_fpr_ablation,full_seed101_spike_0p4_noise0p1_s5_a0p3_b0p8,164,True,True,True,-0.017470481706378216
historical_fpr_ablation,full_seed101_spike_0p4_noise0p1_s5_a0p3_b0p8,178,True,True,True,-0.03665609692388805
historical_fpr_ablation,full_seed101_spike_0p4_noise0p25_s5_a0p2_b0p7,149,True,True,True,5.86647598840776
historical_fpr_ablation,full_seed101_spike_0p4_noise0p25_s5_a0p2_b0p7,161,True,True,True,6.386012625991597
historical_fpr_ablation,full_seed101_spike_0p4_noise0p25_s5_a0p2_b0p7,178,True,True,True,-0.1834257940889774
historical_fpr_ablation,full_seed101_spike_0p4_noise0p25_s5_a0p3_b0p8,149,True,True,True,2.93323799420388
historical_fpr_ablation,full_seed101_spike_0p4_noise0p25_s5_a0p3_b0p8,161,True,True,True,3.193006312995799
historical_fpr_ablation,full_seed101_spike_0p4_noise0p25_s5_a0p3_b0p8,178,True,True,True,-0.0917128970444887
historical_fpr_ablation,full_seed101_spike_0p4_noise0p5_s5_a0p2_b0p7,142,True,True,True,-6.470590698176745
historical_fpr_ablation,full_seed101_spike_0p4_noise0p5_s5_a0p3_b0p8,142,True,True,True,-3.235295349088373
historical_fpr_ablation,full_seed11_bias_0p3_noise0p25_s5_a0p2_b0p7,161,True,True,True,0.13732562990760222
historical_fpr_ablation,full_seed11_bias_0p3_noise0p25_s5_a0p3_b0p8,161,True,True,True,0.06866281495380111
historical_fpr_ablation,full_seed11_bias_0p4_noise0p25_s5_a0p2_b0p7,161,True,True,True,0.13732562990760222
historical_fpr_ablation,full_seed11_bias_0p4_noise0p25_s5_a0p3_b0p8,161,True,True,True,0.06866281495380111
historical_fpr_ablation,full_seed11_drift_0p3_noise0p25_s5_a0p2_b0p7,161,True,True,True,0.13732562990760266
historical_fpr_ablation,full_seed11_drift_0p3_noise0p25_s5_a0p3_b0p8,161,True,True,True,0.06866281495380111
historical_fpr_ablation,full_seed11_drift_0p4_noise0p25_s5_a0p2_b0p7,161,True,True,True,0.13732562990760266
historical_fpr_ablation,full_seed11_drift_0p4_noise0p25_s5_a0p3_b0p8,161,True,True,True,0.06866281495380111
historical_fpr_ablation,full_seed11_mixed_0p3_noise0p1_s5_a0p2_b0p7,156,True,True,True,0.16322093701258567
historical_fpr_ablation,full_seed11_mixed_0p3_noise0p1_s5_a0p3_b0p8,156,True,True,True,0.08161046850629283
historical_fpr_ablation,full_seed11_mixed_0p3_noise0p25_s5_a0p2_b0p7,150,True,True,True,0.04276238892585926
historical_fpr_ablation,full_seed11_mixed_0p3_noise0p25_s5_a0p3_b0p8,150,True,True,True,0.02138119446292963
historical_fpr_ablation,full_seed11_mixed_0p4_noise0p1_s5_a0p2_b0p7,156,True,True,True,0.16322093701258567
historical_fpr_ablation,full_seed11_mixed_0p4_noise0p1_s5_a0p3_b0p8,156,True,True,True,0.08161046850629283
historical_fpr_ablation,full_seed11_mixed_0p4_noise0p25_s5_a0p2_b0p7,150,True,True,True,0.04276238892585926
historical_fpr_ablation,full_seed11_mixed_0p4_noise0p25_s5_a0p3_b0p8,150,True,True,True,0.02138119446292963
historical_fpr_ablation,full_seed11_spike_0p3_noise0p1_s5_a0p2_b0p7,94,True,True,True,0.22783418286224322
historical_fpr_ablation,full_seed11_spike_0p3_noise0p1_s5_a0p2_b0p7,104,True,True,True,6.5858981787056425
historical_fpr_ablation,full_seed11_spike_0p3_noise0p1_s5_a0p2_b0p7,156,True,True,True,0.16322093701258567
historical_fpr_ablation,full_seed11_spike_0p3_noise0p1_s5_a0p2_b0p7,161,True,True,True,0.06481679838719057
historical_fpr_ablation,full_seed11_spike_0p3_noise0p1_s5_a0p2_b0p7,164,True,True,True,6.440647604222498
historical_fpr_ablation,full_seed11_spike_0p3_noise0p1_s5_a0p2_b0p7,166,True,True,True,-6.450911585726171
historical_fpr_ablation,full_seed11_spike_0p3_noise0p1_s5_a0p3_b0p8,94,True,True,True,0.11391709143112161
historical_fpr_ablation,full_seed11_spike_0p3_noise0p1_s5_a0p3_b0p8,104,True,True,True,3.292949089352822
historical_fpr_ablation,full_seed11_spike_0p3_noise0p1_s5_a0p3_b0p8,156,True,True,True,0.08161046850629283
historical_fpr_ablation,full_seed11_spike_0p3_noise0p1_s5_a0p3_b0p8,161,True,True,True,0.03240839919359573
historical_fpr_ablation,full_seed11_spike_0p3_noise0p1_s5_a0p3_b0p8,164,True,True,True,3.2203238021112495
historical_fpr_ablation,full_seed11_spike_0p3_noise0p1_s5_a0p3_b0p8,166,True,True,True,-3.2254557928630856
historical_fpr_ablation,full_seed11_spike_0p3_noise0p1_s9_a0p2_b0p7,104,True,True,True,-0.020611351285574564
historical_fpr_ablation,full_seed11_spike_0p3_noise0p1_s9_a0p2_b0p7,105,True,True,True,0.01980963528396651
historical_fpr_ablation,full_seed11_spike_0p3_noise0p1_s9_a0p2_b0p7,169,True,True,True,0.01112946742761245
historical_fpr_ablation,full_seed11_spike_0p3_noise0p1_s9_a0p3_b0p8,104,True,True,True,0.0
historical_fpr_ablation,full_seed11_spike_0p3_noise0p1_s9_a0p3_b0p8,105,True,True,True,0.0
historical_fpr_ablation,full_seed11_spike_0p3_noise0p1_s9_a0p3_b0p8,169,True,True,True,0.0
historical_fpr_ablation,full_seed11_spike_0p3_noise0p25_s5_a0p2_b0p7,150,True,True,True,6.4427623889258605
historical_fpr_ablation,full_seed11_spike_0p3_noise0p25_s5_a0p2_b0p7,161,True,True,True,0.13732562990760222
historical_fpr_ablation,full_seed11_spike_0p3_noise0p25_s5_a0p3_b0p8,150,True,True,True,3.2213811944629307
historical_fpr_ablation,full_seed11_spike_0p3_noise0p25_s5_a0p3_b0p8,161,True,True,True,0.06866281495380111
historical_fpr_ablation,full_seed11_spike_0p3_noise0p25_s9_a0p2_b0p7,169,True,True,True,0.015524249378423394
historical_fpr_ablation,full_seed11_spike_0p3_noise0p25_s9_a0p3_b0p8,169,True,True,True,0.0
historical_fpr_ablation,full_seed11_spike_0p3_noise0p5_s5_a0p2_b0p7,161,True,True,True,0.2581736824416243
historical_fpr_ablation,full_seed11_spike_0p3_noise0p5_s5_a0p3_b0p8,161,True,True,True,0.12908684122081215
historical_fpr_ablation,full_seed11_spike_0p4_noise0p1_s5_a0p2_b0p7,94,True,True,True,0.22783418286224322
historical_fpr_ablation,full_seed11_spike_0p4_noise0p1_s5_a0p2_b0p7,104,True,True,True,6.5858981787056425
historical_fpr_ablation,full_seed11_spike_0p4_noise0p1_s5_a0p2_b0p7,156,True,True,True,0.16322093701258567
historical_fpr_ablation,full_seed11_spike_0p4_noise0p1_s5_a0p2_b0p7,161,True,True,True,0.06481679838719057
historical_fpr_ablation,full_seed11_spike_0p4_noise0p1_s5_a0p2_b0p7,164,True,True,True,6.440647604222498
historical_fpr_ablation,full_seed11_spike_0p4_noise0p1_s5_a0p2_b0p7,166,True,True,True,-6.450911585726171
historical_fpr_ablation,full_seed11_spike_0p4_noise0p1_s5_a0p3_b0p8,94,True,True,True,0.11391709143112161
historical_fpr_ablation,full_seed11_spike_0p4_noise0p1_s5_a0p3_b0p8,104,True,True,True,3.292949089352822
historical_fpr_ablation,full_seed11_spike_0p4_noise0p1_s5_a0p3_b0p8,156,True,True,True,0.08161046850629283
historical_fpr_ablation,full_seed11_spike_0p4_noise0p1_s5_a0p3_b0p8,161,True,True,True,0.03240839919359573
historical_fpr_ablation,full_seed11_spike_0p4_noise0p1_s5_a0p3_b0p8,164,True,True,True,3.2203238021112495
historical_fpr_ablation,full_seed11_spike_0p4_noise0p1_s5_a0p3_b0p8,166,True,True,True,-3.2254557928630856
historical_fpr_ablation,full_seed11_spike_0p4_noise0p25_s5_a0p2_b0p7,150,True,True,True,6.4427623889258605
historical_fpr_ablation,full_seed11_spike_0p4_noise0p25_s5_a0p2_b0p7,161,True,True,True,0.13732562990760222
historical_fpr_ablation,full_seed11_spike_0p4_noise0p25_s5_a0p3_b0p8,150,True,True,True,3.2213811944629307
historical_fpr_ablation,full_seed11_spike_0p4_noise0p25_s5_a0p3_b0p8,161,True,True,True,0.06866281495380111
historical_fpr_ablation,full_seed11_spike_0p4_noise0p5_s5_a0p2_b0p7,161,True,True,True,0.2581736824416243
historical_fpr_ablation,full_seed11_spike_0p4_noise0p5_s5_a0p3_b0p8,161,True,True,True,0.12908684122081215
historical_fpr_ablation,full_seed42_bias_0p3_noise0p1_s5_a0p2_b0p7,166,True,True,True,0.04206148018778588
historical_fpr_ablation,full_seed42_bias_0p3_noise0p1_s5_a0p3_b0p8,166,True,True,True,0.021030740093893385
historical_fpr_ablation,full_seed42_bias_0p4_noise0p1_s5_a0p2_b0p7,166,True,True,True,0.04206148018778588
historical_fpr_ablation,full_seed42_bias_0p4_noise0p1_s5_a0p3_b0p8,166,True,True,True,0.021030740093893385
historical_fpr_ablation,full_seed42_mixed_0p3_noise0p1_s5_a0p2_b0p7,149,True,True,True,6.0040820578972625
historical_fpr_ablation,full_seed42_mixed_0p3_noise0p1_s5_a0p2_b0p7,155,True,True,True,6.055637267211695
historical_fpr_ablation,full_seed42_mixed_0p3_noise0p1_s5_a0p3_b0p8,149,True,True,True,3.0020410289486312
historical_fpr_ablation,full_seed42_mixed_0p3_noise0p1_s5_a0p3_b0p8,155,True,True,True,3.0278186336058477
historical_fpr_ablation,full_seed42_mixed_0p4_noise0p1_s5_a0p2_b0p7,149,True,True,True,6.0040820578972625
historical_fpr_ablation,full_seed42_mixed_0p4_noise0p1_s5_a0p2_b0p7,155,True,True,True,6.055637267211695
historical_fpr_ablation,full_seed42_mixed_0p4_noise0p1_s5_a0p3_b0p8,149,True,True,True,3.0020410289486312
historical_fpr_ablation,full_seed42_mixed_0p4_noise0p1_s5_a0p3_b0p8,155,True,True,True,3.0278186336058477
historical_fpr_ablation,full_seed42_spike_0p3_noise0p1_s5_a0p2_b0p7,93,True,True,True,-6.698453819722604
historical_fpr_ablation,full_seed42_spike_0p3_noise0p1_s5_a0p2_b0p7,102,True,True,True,-0.017035028792069085
historical_fpr_ablation,full_seed42_spike_0p3_noise0p1_s5_a0p2_b0p7,104,True,True,True,6.47013291076858
historical_fpr_ablation,full_seed42_spike_0p3_noise0p1_s5_a0p2_b0p7,149,True,True,True,-6.79591794210274
historical_fpr_ablation,full_seed42_spike_0p3_noise0p1_s5_a0p2_b0p7,156,True,True,True,0.12234311883855264
historical_fpr_ablation,full_seed42_spike_0p3_noise0p1_s5_a0p2_b0p7,163,True,True,True,6.415760233598375
historical_fpr_ablation,full_seed42_spike_0p3_noise0p1_s5_a0p2_b0p7,164,True,True,True,0.012789750899859342
historical_fpr_ablation,full_seed42_spike_0p3_noise0p1_s5_a0p2_b0p7,165,True,True,True,-0.02538666246717458
historical_fpr_ablation,full_seed42_spike_0p3_noise0p1_s5_a0p2_b0p7,166,True,True,True,-6.3579385198122145
historical_fpr_ablation,full_seed42_spike_0p3_noise0p1_s5_a0p2_b0p7,173,True,True,True,6.468543646965771
historical_fpr_ablation,full_seed42_spike_0p3_noise0p1_s5_a0p2_b0p7,179,True,True,True,-6.442613517018984
historical_fpr_ablation,full_seed42_spike_0p3_noise0p1_s5_a0p3_b0p8,93,True,True,True,-3.3492269098613026
historical_fpr_ablation,full_seed42_spike_0p3_noise0p1_s5_a0p3_b0p8,102,True,True,True,-0.008517514396034542
historical_fpr_ablation,full_seed42_spike_0p3_noise0p1_s5_a0p3_b0p8,104,True,True,True,3.235066455384291
historical_fpr_ablation,full_seed42_spike_0p3_noise0p1_s5_a0p3_b0p8,149,True,True,True,-3.397958971051371
historical_fpr_ablation,full_seed42_spike_0p3_noise0p1_s5_a0p3_b0p8,156,True,True,True,0.06117155941927632
historical_fpr_ablation,full_seed42_spike_0p3_noise0p1_s5_a0p3_b0p8,163,True,True,True,3.2078801167991884
historical_fpr_ablation,full_seed42_spike_0p3_noise0p1_s5_a0p3_b0p8,164,True,True,True,0.006394875449929671
historical_fpr_ablation,full_seed42_spike_0p3_noise0p1_s5_a0p3_b0p8,165,True,True,True,-0.012693331233587513
historical_fpr_ablation,full_seed42_spike_0p3_noise0p1_s5_a0p3_b0p8,166,True,True,True,-3.1789692599061077
historical_fpr_ablation,full_seed42_spike_0p3_noise0p1_s5_a0p3_b0p8,173,True,True,True,3.234271823482886
historical_fpr_ablation,full_seed42_spike_0p3_noise0p1_s5_a0p3_b0p8,179,True,True,True,-3.2213067585094928
historical_fpr_ablation,full_seed42_spike_0p4_noise0p1_s5_a0p2_b0p7,93,True,True,True,-6.698453819722604
historical_fpr_ablation,full_seed42_spike_0p4_noise0p1_s5_a0p2_b0p7,102,True,True,True,-0.017035028792069085
historical_fpr_ablation,full_seed42_spike_0p4_noise0p1_s5_a0p2_b0p7,104,True,True,True,6.47013291076858
historical_fpr_ablation,full_seed42_spike_0p4_noise0p1_s5_a0p2_b0p7,149,True,True,True,-6.79591794210274
historical_fpr_ablation,full_seed42_spike_0p4_noise0p1_s5_a0p2_b0p7,156,True,True,True,0.12234311883855264
historical_fpr_ablation,full_seed42_spike_0p4_noise0p1_s5_a0p2_b0p7,163,True,True,True,6.415760233598375
historical_fpr_ablation,full_seed42_spike_0p4_noise0p1_s5_a0p2_b0p7,164,True,True,True,0.012789750899859342
historical_fpr_ablation,full_seed42_spike_0p4_noise0p1_s5_a0p2_b0p7,165,True,True,True,-0.02538666246717458
historical_fpr_ablation,full_seed42_spike_0p4_noise0p1_s5_a0p2_b0p7,166,True,True,True,-6.3579385198122145
historical_fpr_ablation,full_seed42_spike_0p4_noise0p1_s5_a0p2_b0p7,173,True,True,True,6.468543646965771
historical_fpr_ablation,full_seed42_spike_0p4_noise0p1_s5_a0p2_b0p7,179,True,True,True,-6.442613517018984
historical_fpr_ablation,full_seed42_spike_0p4_noise0p1_s5_a0p3_b0p8,93,True,True,True,-3.3492269098613026
historical_fpr_ablation,full_seed42_spike_0p4_noise0p1_s5_a0p3_b0p8,102,True,True,True,-0.008517514396034542
historical_fpr_ablation,full_seed42_spike_0p4_noise0p1_s5_a0p3_b0p8,104,True,True,True,3.235066455384291
historical_fpr_ablation,full_seed42_spike_0p4_noise0p1_s5_a0p3_b0p8,149,True,True,True,-3.397958971051371
historical_fpr_ablation,full_seed42_spike_0p4_noise0p1_s5_a0p3_b0p8,156,True,True,True,0.06117155941927632
historical_fpr_ablation,full_seed42_spike_0p4_noise0p1_s5_a0p3_b0p8,163,True,True,True,3.2078801167991884
historical_fpr_ablation,full_seed42_spike_0p4_noise0p1_s5_a0p3_b0p8,164,True,True,True,0.006394875449929671
historical_fpr_ablation,full_seed42_spike_0p4_noise0p1_s5_a0p3_b0p8,165,True,True,True,-0.012693331233587513
historical_fpr_ablation,full_seed42_spike_0p4_noise0p1_s5_a0p3_b0p8,166,True,True,True,-3.1789692599061077
historical_fpr_ablation,full_seed42_spike_0p4_noise0p1_s5_a0p3_b0p8,173,True,True,True,3.234271823482886
historical_fpr_ablation,full_seed42_spike_0p4_noise0p1_s5_a0p3_b0p8,179,True,True,True,-3.2213067585094928
thermal_pilot,seed101_02_bias_high_fpr_crp.ticks,141,True,True,True,0.0
thermal_pilot,seed101_09_spike_low_fpr_crp.ticks,85,True,True,True,-0.00254319502220568
thermal_pilot,seed101_09_spike_low_fpr_crp.ticks,91,True,True,True,0.01446310511878579
thermal_pilot,seed101_09_spike_low_fpr_crp.ticks,129,True,True,True,-0.007411585170551405
thermal_pilot,seed101_09_spike_low_fpr_crp.ticks,131,True,True,True,-0.03963101620770004
thermal_pilot,seed101_10_spike_high_fpr_crp.ticks,89,True,True,True,0.0096116391567449
thermal_pilot,seed101_10_spike_high_fpr_crp.ticks,90,True,True,True,-0.0264895887140284
thermal_pilot,seed101_10_spike_high_fpr_crp.ticks,96,True,True,True,0.009386640780981281
thermal_pilot,seed101_10_spike_high_fpr_crp.ticks,108,True,True,True,-0.023355216842254833
thermal_pilot,seed101_10_spike_high_fpr_crp.ticks,142,True,True,True,0.002945848789320138
thermal_pilot,seed101_14_stuck_high_fpr_crp.ticks,88,True,False,True,0.0
thermal_pilot,seed101_14_stuck_high_fpr_crp.ticks,89,True,False,True,0.0
thermal_pilot,seed101_14_stuck_high_fpr_crp.ticks,90,True,False,True,0.0
thermal_pilot,seed101_14_stuck_high_fpr_crp.ticks,91,True,False,True,0.0
thermal_pilot,seed101_14_stuck_high_fpr_crp.ticks,92,True,False,True,0.0
thermal_pilot,seed101_14_stuck_high_fpr_crp.ticks,93,True,False,True,0.0
thermal_pilot,seed101_14_stuck_high_fpr_crp.ticks,94,True,False,True,0.0
thermal_pilot,seed101_14_stuck_high_fpr_crp.ticks,95,True,False,True,0.0
thermal_pilot,seed101_14_stuck_high_fpr_crp.ticks,96,True,False,True,0.0
thermal_pilot,seed101_14_stuck_high_fpr_crp.ticks,97,True,False,True,0.0
thermal_pilot,seed101_14_stuck_high_fpr_crp.ticks,98,True,False,True,0.0
thermal_pilot,seed101_14_stuck_high_fpr_crp.ticks,99,True,False,True,0.0
thermal_pilot,seed101_14_stuck_high_fpr_crp.ticks,100,True,False,True,0.0
thermal_pilot,seed101_14_stuck_high_fpr_crp.ticks,101,True,False,True,0.0
thermal_pilot,seed101_14_stuck_high_fpr_crp.ticks,102,True,False,True,0.0
thermal_pilot,seed101_14_stuck_high_fpr_crp.ticks,103,True,False,True,0.0
thermal_pilot,seed101_14_stuck_high_fpr_crp.ticks,104,True,False,True,0.0
thermal_pilot,seed101_14_stuck_high_fpr_crp.ticks,105,True,False,True,0.0
thermal_pilot,seed101_14_stuck_high_fpr_crp.ticks,106,True,False,True,0.0
thermal_pilot,seed101_14_stuck_high_fpr_crp.ticks,107,True,False,True,0.0
thermal_pilot,seed101_14_stuck_high_fpr_crp.ticks,108,True,False,True,0.0
thermal_pilot,seed101_14_stuck_high_fpr_crp.ticks,109,True,False,True,0.0
thermal_pilot,seed101_14_stuck_high_fpr_crp.ticks,110,True,False,True,0.0
thermal_pilot,seed101_14_stuck_high_fpr_crp.ticks,111,True,False,True,0.0
thermal_pilot,seed101_14_stuck_high_fpr_crp.ticks,112,True,False,True,0.0
thermal_pilot,seed101_14_stuck_high_fpr_crp.ticks,113,True,False,True,0.0
thermal_pilot,seed101_14_stuck_high_fpr_crp.ticks,114,True,False,True,0.0
thermal_pilot,seed101_14_stuck_high_fpr_crp.ticks,115,True,False,True,0.0
thermal_pilot,seed101_14_stuck_high_fpr_crp.ticks,116,True,False,True,0.0
thermal_pilot,seed101_14_stuck_high_fpr_crp.ticks,117,True,False,True,0.0
thermal_pilot,seed101_14_stuck_high_fpr_crp.ticks,118,True,False,True,0.0
thermal_pilot,seed101_14_stuck_high_fpr_crp.ticks,119,True,False,True,0.0
thermal_pilot,seed101_14_stuck_high_fpr_crp.ticks,120,True,False,True,0.0
thermal_pilot,seed101_14_stuck_high_fpr_crp.ticks,121,True,False,True,0.0
thermal_pilot,seed101_14_stuck_high_fpr_crp.ticks,122,True,False,True,0.0
thermal_pilot,seed101_14_stuck_high_fpr_crp.ticks,123,True,False,True,0.0
thermal_pilot,seed101_14_stuck_high_fpr_crp.ticks,124,True,False,True,0.0
thermal_pilot,seed101_14_stuck_high_fpr_crp.ticks,125,True,False,True,0.0
thermal_pilot,seed101_14_stuck_high_fpr_crp.ticks,126,True,False,True,0.0
thermal_pilot,seed101_14_stuck_high_fpr_crp.ticks,127,True,False,True,0.0
thermal_pilot,seed101_14_stuck_high_fpr_crp.ticks,128,True,False,True,0.0
thermal_pilot,seed101_14_stuck_high_fpr_crp.ticks,129,True,False,True,0.0
thermal_pilot,seed101_14_stuck_high_fpr_crp.ticks,130,True,False,True,0.0
thermal_pilot,seed101_14_stuck_high_fpr_crp.ticks,131,True,False,True,0.0
thermal_pilot,seed101_14_stuck_high_fpr_crp.ticks,132,True,False,True,0.0
thermal_pilot,seed101_14_stuck_high_fpr_crp.ticks,133,True,False,True,0.0
thermal_pilot,seed101_14_stuck_high_fpr_crp.ticks,134,True,False,True,0.0
thermal_pilot,seed101_14_stuck_high_fpr_crp.ticks,135,True,False,True,0.0
thermal_pilot,seed101_14_stuck_high_fpr_crp.ticks,136,True,False,True,0.0
thermal_pilot,seed101_14_stuck_high_fpr_crp.ticks,137,True,False,True,0.0
thermal_pilot,seed101_14_stuck_high_fpr_crp.ticks,138,True,False,True,0.0
thermal_pilot,seed101_14_stuck_high_fpr_crp.ticks,139,True,False,True,0.0
thermal_pilot,seed101_14_stuck_high_fpr_crp.ticks,140,True,False,True,0.0
thermal_pilot,seed101_14_stuck_high_fpr_crp.ticks,141,True,False,True,0.0
thermal_pilot,seed101_14_stuck_high_fpr_crp.ticks,142,True,False,True,0.0
thermal_pilot,seed101_14_stuck_high_fpr_crp.ticks,143,True,False,True,0.0
thermal_pilot,seed11_09_spike_low_fpr_crp.ticks,85,True,True,True,-0.003939605374995381
thermal_pilot,seed11_09_spike_low_fpr_crp.ticks,93,True,True,True,-0.02538123013377458
thermal_pilot,seed11_09_spike_low_fpr_crp.ticks,95,True,True,True,0.024490236166414547
thermal_pilot,seed11_09_spike_low_fpr_crp.ticks,103,True,True,True,-0.010652598054146978
thermal_pilot,seed11_09_spike_low_fpr_crp.ticks,109,True,True,True,-0.04069710112533187
thermal_pilot,seed11_09_spike_low_fpr_crp.ticks,113,True,True,True,-0.06677688875895171
thermal_pilot,seed11_10_spike_high_fpr_crp.ticks,108,True,True,True,-0.008592606568100791
thermal_pilot,seed11_10_spike_high_fpr_crp.ticks,135,True,True,True,-0.015510647891332496
thermal_pilot,seed11_10_spike_high_fpr_crp.ticks,138,True,True,True,0.03675395979200857
thermal_pilot,seed11_12_scaling_high_fpr_crp.ticks,131,True,True,True,0.012266479809614594
thermal_pilot,seed11_14_stuck_high_fpr_crp.ticks,88,True,False,True,0.0
thermal_pilot,seed11_14_stuck_high_fpr_crp.ticks,89,True,False,True,0.0
thermal_pilot,seed11_14_stuck_high_fpr_crp.ticks,90,True,False,True,0.0
thermal_pilot,seed11_14_stuck_high_fpr_crp.ticks,91,True,False,True,0.0
thermal_pilot,seed11_14_stuck_high_fpr_crp.ticks,92,True,False,True,0.0
thermal_pilot,seed11_14_stuck_high_fpr_crp.ticks,93,True,False,True,0.0
thermal_pilot,seed11_14_stuck_high_fpr_crp.ticks,94,True,False,True,0.0
thermal_pilot,seed11_14_stuck_high_fpr_crp.ticks,95,True,False,True,0.0
thermal_pilot,seed11_14_stuck_high_fpr_crp.ticks,96,True,False,True,0.0
thermal_pilot,seed11_14_stuck_high_fpr_crp.ticks,97,True,False,True,0.0
thermal_pilot,seed11_14_stuck_high_fpr_crp.ticks,98,True,False,True,0.0
thermal_pilot,seed11_14_stuck_high_fpr_crp.ticks,99,True,False,True,0.0
thermal_pilot,seed11_14_stuck_high_fpr_crp.ticks,100,True,False,True,0.0
thermal_pilot,seed11_14_stuck_high_fpr_crp.ticks,101,True,False,True,0.0
thermal_pilot,seed11_14_stuck_high_fpr_crp.ticks,102,True,False,True,0.0
thermal_pilot,seed11_14_stuck_high_fpr_crp.ticks,103,True,False,True,0.0
thermal_pilot,seed11_14_stuck_high_fpr_crp.ticks,104,True,False,True,0.0
thermal_pilot,seed11_14_stuck_high_fpr_crp.ticks,105,True,False,True,0.0
thermal_pilot,seed11_14_stuck_high_fpr_crp.ticks,106,True,False,True,0.0
thermal_pilot,seed11_14_stuck_high_fpr_crp.ticks,107,True,False,True,0.0
thermal_pilot,seed11_14_stuck_high_fpr_crp.ticks,108,True,False,True,0.0
thermal_pilot,seed11_14_stuck_high_fpr_crp.ticks,109,True,False,True,0.0
thermal_pilot,seed11_14_stuck_high_fpr_crp.ticks,110,True,False,True,0.0
thermal_pilot,seed11_14_stuck_high_fpr_crp.ticks,111,True,False,True,0.0
thermal_pilot,seed11_14_stuck_high_fpr_crp.ticks,112,True,False,True,0.0
thermal_pilot,seed11_14_stuck_high_fpr_crp.ticks,113,True,False,True,0.0
thermal_pilot,seed11_14_stuck_high_fpr_crp.ticks,114,True,False,True,0.0
thermal_pilot,seed11_14_stuck_high_fpr_crp.ticks,115,True,False,True,0.0
thermal_pilot,seed11_14_stuck_high_fpr_crp.ticks,116,True,False,True,0.0
thermal_pilot,seed11_14_stuck_high_fpr_crp.ticks,117,True,False,True,0.0
thermal_pilot,seed11_14_stuck_high_fpr_crp.ticks,118,True,False,True,0.0
thermal_pilot,seed11_14_stuck_high_fpr_crp.ticks,119,True,False,True,0.0
thermal_pilot,seed11_14_stuck_high_fpr_crp.ticks,120,True,False,True,0.0
thermal_pilot,seed11_14_stuck_high_fpr_crp.ticks,121,True,False,True,0.0
thermal_pilot,seed11_14_stuck_high_fpr_crp.ticks,122,True,False,True,0.0
thermal_pilot,seed11_14_stuck_high_fpr_crp.ticks,123,True,False,True,0.0
thermal_pilot,seed11_14_stuck_high_fpr_crp.ticks,124,True,False,True,0.0
thermal_pilot,seed11_14_stuck_high_fpr_crp.ticks,125,True,False,True,0.0
thermal_pilot,seed11_14_stuck_high_fpr_crp.ticks,126,True,False,True,0.0
thermal_pilot,seed11_14_stuck_high_fpr_crp.ticks,127,True,False,True,0.0
thermal_pilot,seed11_14_stuck_high_fpr_crp.ticks,128,True,False,True,0.0
thermal_pilot,seed11_14_stuck_high_fpr_crp.ticks,129,True,False,True,0.0
thermal_pilot,seed11_14_stuck_high_fpr_crp.ticks,130,True,False,True,0.0
thermal_pilot,seed11_14_stuck_high_fpr_crp.ticks,131,True,False,True,0.0
thermal_pilot,seed11_14_stuck_high_fpr_crp.ticks,132,True,False,True,0.0
thermal_pilot,seed11_14_stuck_high_fpr_crp.ticks,133,True,False,True,0.0
thermal_pilot,seed11_14_stuck_high_fpr_crp.ticks,134,True,False,True,0.0
thermal_pilot,seed11_14_stuck_high_fpr_crp.ticks,135,True,False,True,0.0
thermal_pilot,seed11_14_stuck_high_fpr_crp.ticks,136,True,False,True,0.0
thermal_pilot,seed11_14_stuck_high_fpr_crp.ticks,137,True,False,True,0.0
thermal_pilot,seed11_14_stuck_high_fpr_crp.ticks,138,True,False,True,0.0
thermal_pilot,seed11_14_stuck_high_fpr_crp.ticks,139,True,False,True,0.0
thermal_pilot,seed11_14_stuck_high_fpr_crp.ticks,140,True,False,True,0.0
thermal_pilot,seed11_14_stuck_high_fpr_crp.ticks,141,True,False,True,0.0
thermal_pilot,seed11_14_stuck_high_fpr_crp.ticks,142,True,False,True,0.0
thermal_pilot,seed11_14_stuck_high_fpr_crp.ticks,143,True,False,True,0.0
thermal_pilot,seed42_09_spike_low_fpr_crp.ticks,88,True,True,True,-0.027831410859754158
thermal_pilot,seed42_09_spike_low_fpr_crp.ticks,89,True,True,True,-0.013674697499624244
thermal_pilot,seed42_09_spike_low_fpr_crp.ticks,92,True,True,True,-0.03380238586697004
thermal_pilot,seed42_09_spike_low_fpr_crp.ticks,98,True,True,True,-0.012409540303771394
thermal_pilot,seed42_09_spike_low_fpr_crp.ticks,104,True,True,True,0.006047674328613084
thermal_pilot,seed42_09_spike_low_fpr_crp.ticks,105,True,True,True,-0.009510622878899255
thermal_pilot,seed42_09_spike_low_fpr_crp.ticks,111,True,True,True,-0.00334167123166651
thermal_pilot,seed42_09_spike_low_fpr_crp.ticks,119,True,True,True,-0.0009536171284594275
thermal_pilot,seed42_09_spike_low_fpr_crp.ticks,138,True,True,True,-0.014175695017719647
thermal_pilot,seed42_10_spike_high_fpr_crp.ticks,86,True,True,True,0.013992488916613866
thermal_pilot,seed42_13_stuck_low_fpr_crp.ticks,84,True,False,True,0.0
thermal_pilot,seed42_13_stuck_low_fpr_crp.ticks,85,True,False,True,0.0
thermal_pilot,seed42_13_stuck_low_fpr_crp.ticks,86,True,False,True,0.0
thermal_pilot,seed42_13_stuck_low_fpr_crp.ticks,87,True,False,True,0.0
thermal_pilot,seed42_13_stuck_low_fpr_crp.ticks,88,True,False,True,0.0
thermal_pilot,seed42_13_stuck_low_fpr_crp.ticks,89,True,False,True,0.0
thermal_pilot,seed42_13_stuck_low_fpr_crp.ticks,90,True,False,True,0.0
thermal_pilot,seed42_13_stuck_low_fpr_crp.ticks,91,True,False,True,0.0
thermal_pilot,seed42_13_stuck_low_fpr_crp.ticks,92,True,False,True,0.0
thermal_pilot,seed42_13_stuck_low_fpr_crp.ticks,93,True,False,True,0.0
thermal_pilot,seed42_13_stuck_low_fpr_crp.ticks,94,True,False,True,0.0
thermal_pilot,seed42_13_stuck_low_fpr_crp.ticks,95,True,False,True,0.0
thermal_pilot,seed42_13_stuck_low_fpr_crp.ticks,96,True,False,True,0.0
thermal_pilot,seed42_13_stuck_low_fpr_crp.ticks,97,True,False,True,0.0
thermal_pilot,seed42_13_stuck_low_fpr_crp.ticks,98,True,False,True,0.0
thermal_pilot,seed42_13_stuck_low_fpr_crp.ticks,99,True,False,True,0.0
thermal_pilot,seed42_13_stuck_low_fpr_crp.ticks,100,True,False,True,0.0
thermal_pilot,seed42_13_stuck_low_fpr_crp.ticks,101,True,False,True,0.0
thermal_pilot,seed42_13_stuck_low_fpr_crp.ticks,102,True,False,True,0.0
thermal_pilot,seed42_13_stuck_low_fpr_crp.ticks,103,True,False,True,0.0
thermal_pilot,seed42_13_stuck_low_fpr_crp.ticks,104,True,False,True,0.0
thermal_pilot,seed42_13_stuck_low_fpr_crp.ticks,105,True,False,True,0.0
thermal_pilot,seed42_13_stuck_low_fpr_crp.ticks,106,True,False,True,0.0
thermal_pilot,seed42_13_stuck_low_fpr_crp.ticks,107,True,False,True,0.0
thermal_pilot,seed42_13_stuck_low_fpr_crp.ticks,108,True,False,True,0.0
thermal_pilot,seed42_13_stuck_low_fpr_crp.ticks,109,True,False,True,0.0
thermal_pilot,seed42_13_stuck_low_fpr_crp.ticks,110,True,False,True,0.0
thermal_pilot,seed42_13_stuck_low_fpr_crp.ticks,111,True,False,True,0.0
thermal_pilot,seed42_13_stuck_low_fpr_crp.ticks,112,True,False,True,0.0
thermal_pilot,seed42_13_stuck_low_fpr_crp.ticks,113,True,False,True,0.0
thermal_pilot,seed42_13_stuck_low_fpr_crp.ticks,114,True,False,True,0.0
thermal_pilot,seed42_13_stuck_low_fpr_crp.ticks,115,True,False,True,0.0
thermal_pilot,seed42_13_stuck_low_fpr_crp.ticks,116,True,False,True,0.0
thermal_pilot,seed42_13_stuck_low_fpr_crp.ticks,117,True,False,True,0.0
thermal_pilot,seed42_13_stuck_low_fpr_crp.ticks,118,True,False,True,0.0
thermal_pilot,seed42_13_stuck_low_fpr_crp.ticks,119,True,False,True,0.0
thermal_pilot,seed42_13_stuck_low_fpr_crp.ticks,120,True,False,True,0.0
thermal_pilot,seed42_13_stuck_low_fpr_crp.ticks,121,True,False,True,0.0
thermal_pilot,seed42_13_stuck_low_fpr_crp.ticks,122,True,False,True,0.0
thermal_pilot,seed42_13_stuck_low_fpr_crp.ticks,123,True,False,True,0.0
thermal_pilot,seed42_13_stuck_low_fpr_crp.ticks,124,True,False,True,0.0
thermal_pilot,seed42_13_stuck_low_fpr_crp.ticks,125,True,False,True,0.0
thermal_pilot,seed42_13_stuck_low_fpr_crp.ticks,126,True,False,True,0.0
thermal_pilot,seed42_13_stuck_low_fpr_crp.ticks,127,True,False,True,0.0
thermal_pilot,seed42_13_stuck_low_fpr_crp.ticks,128,True,False,True,0.0
thermal_pilot,seed42_13_stuck_low_fpr_crp.ticks,129,True,False,True,0.0
thermal_pilot,seed42_13_stuck_low_fpr_crp.ticks,130,True,False,True,0.0
thermal_pilot,seed42_13_stuck_low_fpr_crp.ticks,131,True,False,True,0.0
thermal_pilot,seed42_13_stuck_low_fpr_crp.ticks,132,True,False,True,0.0
thermal_pilot,seed42_13_stuck_low_fpr_crp.ticks,133,True,False,True,0.0
thermal_pilot,seed42_13_stuck_low_fpr_crp.ticks,134,True,False,True,0.0
thermal_pilot,seed42_13_stuck_low_fpr_crp.ticks,135,True,False,True,0.0
thermal_pilot,seed42_13_stuck_low_fpr_crp.ticks,136,True,False,True,0.0
thermal_pilot,seed42_13_stuck_low_fpr_crp.ticks,137,True,False,True,0.0
thermal_pilot,seed42_13_stuck_low_fpr_crp.ticks,138,True,False,True,0.0
thermal_pilot,seed42_13_stuck_low_fpr_crp.ticks,139,True,False,True,0.0
thermal_pilot,seed42_13_stuck_low_fpr_crp.ticks,140,True,False,True,0.0
thermal_pilot,seed42_13_stuck_low_fpr_crp.ticks,141,True,False,True,0.0
thermal_pilot,seed42_13_stuck_low_fpr_crp.ticks,142,True,False,True,0.0
thermal_pilot,seed42_13_stuck_low_fpr_crp.ticks,143,True,False,True,0.0
